state,year,obesity_pct,obesity_ci_low,obesity_ci_high,sample_size,diabetes_pct,diabetes_ci_low,diabetes_ci_high,glp1_prescriptions,n_cells,n_suppressed_cells,pct_cells_suppressed,medicaid_enrollment,population,pct_65plus,income_pc_nominal,income_pc_real,unemployment_rate,glp1_per_1000_enrollees,glp1_per_1000_pop,log_income_pc,log_population
AL,2011,32.0,30.5,33.5,7304.0,11.8,10.9,12.7,2496.0,20.0,0.0,0.0,,4799642,14.047379765525845,34884.0,48647.46955436099,9.558333333333334,,0.5200387862261394,10.792355072990315,15.384051889763311
AL,2012,33.0,31.5,34.4,8651.0,12.2,11.4,13.1,2858.0,24.0,5.0,20.833333333333332,,4816632,14.5404779068927,35559.0,48583.43542566277,8.174999999999999,,0.5933606719384001,10.791037916928277,15.38758548659687
AL,2013,32.4,30.8,34.1,6244.0,13.8,12.8,14.9,3200.0,20.0,0.0,0.0,,4831586,14.943518438158057,35706.0,48079.98676294096,7.358333333333333,,0.6623084014234664,10.780621293895843,15.390685336118203
AL,2014,33.5,32.1,35.0,8190.0,12.9,12.1,13.8,2784.0,24.0,4.0,16.666666666666668,,4843737,15.36588492401985,36722.0,48658.73051786905,6.766666666666667,,0.5747628329118613,10.792586527174118,15.393197088209225
AL,2015,35.6,34.1,37.2,7383.0,13.5,12.6,14.4,3602.0,52.0,15.0,28.846153846153847,,4854803,15.746250019881602,38189.0,50542.631356259946,6.083333333333333,,0.741945656703269,10.830572444411947,15.395479082159278
AL,2016,35.7,34.2,37.3,6526.0,14.6,13.6,15.7,4813.0,46.0,6.0,13.043478260869565,981967.0,4866824,16.152911883749223,38704.0,50586.04196680238,5.8,4.901386706477917,0.9889406315083512,10.83143096676337,15.397952126255015
AL,2017,36.3,34.7,38.0,6245.0,14.1,13.2,15.2,5747.0,44.0,4.0,9.090909090909092,977980.0,4877989,16.552345895120336,39968.0,51148.56642693107,4.508333333333334,5.876398290353586,1.1781494382213653,10.842489744143046,15.40024360273291
AL,2018,36.2,34.6,37.9,6144.0,14.5,13.5,15.5,7616.0,56.0,12.0,21.428571428571427,971919.0,4891628,16.954875772290716,41324.0,51622.957354804494,3.925,7.836043950164571,1.5569458675107755,10.851721762503388,15.403035730379424
AL,2019,36.1,34.6,37.7,6521.0,14.0,13.0,14.9,10738.0,48.0,10.0,20.833333333333332,987125.0,4907965,17.39971948592035,42998.0,52758.07223403454,3.1916666666666664,10.878054957578827,2.187872162902547,10.873472067764059,15.406369953573169
AL,2020,39.0,37.3,40.8,4973.0,14.8,13.7,16.1,16342.0,62.0,19.0,30.64516129032258,1027886.0,5033094,17.249807894624674,45873.0,55599.79515888997,6.408333333333334,15.898650239423437,3.2469093563521763,10.925934796039261,15.431545462317647
AL,2021,39.9,37.9,41.8,4247.0,15.1,13.8,16.4,30632.0,84.0,28.0,33.333333333333336,1114950.0,5049196,17.484311395031984,50630.0,58611.95071282556,3.391666666666667,27.473877752365578,6.066708442294575,10.9786938918517,15.434739580655824
AL,2022,38.3,36.3,40.3,4208.0,15.5,14.3,16.9,47882.0,107.0,42.0,39.25233644859813,1193936.0,5076181,17.83136630947048,51690.0,55405.10297822321,2.5416666666666665,40.10432720011793,9.432681773955657,10.922426980013643,15.440069765179109
AL,2023,39.2,37.3,41.3,4077.0,15.7,14.4,17.1,64692.0,124.0,42.0,33.87096774193548,,5117673,18.21013427292788,54610.0,56220.73571436972,2.475,,12.640901440947868,10.937040930720855,15.448210401515311
AL,2024,38.9,37.1,40.7,4803.0,15.1,13.9,16.3,66302.0,121.0,44.0,36.36363636363637,,5157699,18.57553993183081,57251.0,57251.0,2.983333333333333,,12.854957220264307,10.955200388512845,15.456001107768733
AK,2011,27.4,25.3,29.7,3336.0,7.9,6.6,9.4,436.0,20.0,7.0,35.0,,722349,8.278247862579464,52415.0,73095.3192492785,7.608333333333333,,0.6035863550721328,11.19951961153011,13.490263680586112
AK,2012,25.7,23.9,27.5,4093.0,7.0,6.0,8.1,411.0,22.0,7.0,31.818181818181817,,730810,8.79703591000662,53340.0,72877.20255363909,7.133333333333333,,0.5623896772074821,11.196531146916671,13.501908787026743
AK,2013,28.4,26.5,30.4,4396.0,7.1,6.1,8.2,390.0,21.0,4.0,19.047619047619047,,737626,9.274947446259336,52252.0,70360.03664194226,6.925000000000001,,0.52872322830269,11.16138071962939,13.511192200060973
AK,2014,29.7,27.8,31.7,4142.0,7.4,6.5,8.5,388.0,21.0,4.0,19.047619047619047,,737075,9.791289607000092,55098.0,73007.97162664204,6.741666666666667,,0.5264050469762236,11.198323914533562,13.510444929901613
AK,2015,29.8,27.5,32.3,3434.0,7.6,6.4,9.2,559.0,37.0,24.0,64.86486486486487,,738430,10.336943458433776,56714.0,75060.22139199577,6.283333333333334,,0.7570114973660333,11.226046022218313,13.512281589731169
AK,2016,31.4,28.5,34.4,2739.0,7.5,6.1,9.0,1404.0,40.0,15.0,37.5,164487.0,742575,10.85922081668486,55536.0,72585.4285517863,6.625,8.535628955479764,1.8907181092818908,11.192519472015128,13.517879154658825
AK,2017,34.2,31.4,37.1,3031.0,7.4,6.2,8.9,2607.0,36.0,6.0,16.666666666666668,190562.0,740983,11.49577156004218,56500.0,72305.19423342688,6.608333333333333,13.68058689560353,3.5182993402007874,11.188651248352274,13.515732962044742
AK,2018,29.5,27.0,32.2,2600.0,8.8,7.4,10.3,3434.0,43.0,8.0,18.6046511627907,204129.0,736624,12.142249613073243,58997.0,73700.50370393478,6.091666666666666,16.822695452385503,4.661808466734725,11.207764912671506,13.509832864596445
AK,2019,30.5,27.8,33.4,2729.0,7.3,6.2,8.5,4229.0,41.0,3.0,7.317073170731708,212001.0,733603,12.819496758474871,60504.0,74237.74134722605,5.6000000000000005,19.94801911311739,5.764698345017673,11.215027943333832,13.505723289338059
AK,2020,31.9,29.4,34.4,3335.0,7.6,6.5,9.0,5765.0,52.0,10.0,19.23076923076923,223872.0,733017,13.187639284279038,61912.0,75039.6642442656,8.283333333333333,25.751322184105202,7.864756206199856,11.225772109313295,13.504924172960013
AK,2021,33.5,31.5,35.5,5012.0,8.3,7.3,9.5,9399.0,65.0,13.0,20.0,242095.0,734420,13.77863967511276,65788.0,76159.64869633355,6.408333333333334,38.82360230488032,12.797854088940934,11.240587056748904,13.506836351033071
AK,2022,32.1,30.4,33.9,5273.0,8.7,7.8,9.7,16245.0,82.0,27.0,32.926829268292686,253706.0,734442,14.279677376331104,69233.0,74208.96681159464,4.366666666666666,64.03080731240097,22.118833073271954,11.214640268371568,13.506866306195642
AK,2023,35.2,33.3,37.0,5075.0,8.7,7.8,9.7,23065.0,97.0,19.0,19.587628865979383,,736510,14.764355128000648,72581.0,74721.79488893368,4.25,,31.316614845691166,11.221527094147051,13.509678092525164
AK,2024,34.0,32.0,36.0,5074.0,9.4,8.4,10.5,24909.0,82.0,6.0,7.317073170731708,,740133,15.198255358412789,76606.0,76606.0,4.541666666666667,,33.654762049523534,11.24643068164285,13.51458517876063
AZ,2011,25.1,23.0,27.3,6150.0,9.4,8.3,10.7,2632.0,37.0,5.0,13.513513513513514,,6473416,14.255174877578334,35263.0,49176.00386697144,9.5,,0.4065859509106166,10.803161057222182,15.683214502417659
AZ,2012,26.0,24.3,27.8,6951.0,10.7,9.6,11.9,1667.0,25.0,5.0,20.0,,6556344,14.839295582181364,36364.0,49683.28822010745,8.391666666666667,,0.25425755573533054,10.813423902422414,15.695943688488216
AZ,2013,26.8,24.3,29.4,4029.0,10.7,9.2,12.3,2132.0,20.0,0.0,0.0,,6634690,15.329372641898107,36918.0,49712.00782261396,7.841666666666666,,0.32134131361073387,10.814001788991481,15.707822502727778
AZ,2014,28.9,27.7,30.2,13849.0,10.0,9.4,10.7,3194.0,29.0,9.0,31.03448275862069,,6732873,15.79696870255172,38268.0,50707.26810788663,6.816666666666666,,0.4743888678726006,10.833824534490043,15.722512505029606
AZ,2015,28.4,26.9,30.0,7152.0,10.1,9.3,10.9,5532.0,60.0,22.0,36.666666666666664,,6832810,16.26889211457269,39888.0,52791.23516034714,6.108333333333333,,0.8096229808819505,10.874100455163703,15.737246567141865
AZ,2016,29.0,27.5,30.6,10033.0,10.8,10.0,11.7,10536.0,58.0,16.0,27.586206896551722,2050688.0,6944767,16.712341227957452,41173.0,53813.01947858501,5.5,5.137787903376818,1.517113533110614,10.89327071461636,15.753498984291735
AZ,2017,29.5,28.5,30.5,14164.0,10.4,9.9,11.0,14807.0,60.0,17.0,28.333333333333332,1905543.0,7048088,17.173352610998425,43255.0,55355.06507198017,4.958333333333333,7.770488516921423,2.100853451318996,10.921523443832216,15.768266932331784
AZ,2018,29.5,27.8,31.3,7449.0,10.8,9.8,11.9,19690.0,75.0,23.0,30.666666666666668,1844931.0,7164228,17.622439657582,45297.0,56586.1266891051,4.808333333333334,10.672485854484531,2.748377075659792,10.94351912264663,15.784610867451955
AZ,2019,31.4,29.7,33.2,8183.0,10.9,10.0,12.0,24479.0,76.0,15.0,19.736842105263158,1848938.0,7291843,18.0933569629945,47718.0,58549.460227537566,4.816666666666666,13.239492075991732,3.3570388172098604,10.977627149983157,15.802266884104585
AZ,2020,30.9,29.5,32.3,9167.0,11.0,10.2,11.8,32330.0,92.0,28.0,30.434782608695652,1940634.0,7187135,18.30269205744473,52080.0,63122.91177544503,7.825,16.659504058982787,4.498315392712117,11.05283908524545,15.787803180189567
AZ,2021,31.3,30.0,32.6,9679.0,11.0,10.3,11.9,41072.0,127.0,40.0,31.496062992125985,2144328.0,7274078,18.65440179093285,57175.0,66188.78692486275,5.033333333333333,19.153786174503153,5.646351331398976,11.100266345778726,15.799827627595032
AZ,2022,33.2,31.6,34.9,9180.0,12.7,11.7,13.8,66083.0,151.0,45.0,29.801324503311257,2307443.0,7377566,18.940667205026724,59120.0,63369.11758701018,3.725,28.639060639851124,8.957290249927958,11.056731917445642,15.813954331879174
AZ,2023,31.9,30.5,33.3,10990.0,11.4,10.6,12.2,82326.0,168.0,41.0,24.404761904761905,,7473027,19.31519285994315,63209.0,65073.36538673495,3.691666666666667,,11.016419450913265,11.083270610634257,15.826810695912725
AZ,2024,33.3,31.4,35.3,7755.0,11.5,10.5,12.7,86443.0,170.0,42.0,24.705882352941178,,7582384,19.67525853938384,66024.0,66024.0,3.7,,11.40050411585591,11.09777359127252,15.841338220043413
AR,2011,30.9,28.8,33.1,4527.0,11.2,10.1,12.4,75.0,13.0,12.0,92.3076923076923,,2941038,14.571291091859427,34181.0,47667.1011592023,7.883333333333333,,0.025501200596524085,10.771996735760412,14.894273138227906
AR,2012,34.5,32.7,36.4,4943.0,11.2,10.3,12.3,77.0,14.0,13.0,92.85714285714286,,2952876,15.014458714599908,36289.0,49580.81746286105,7.258333333333333,,0.02607627275916767,10.811359293207618,14.89829016864901
AR,2013,34.6,32.7,36.6,5023.0,11.5,10.4,12.7,164.0,16.0,11.0,68.75,,2960459,15.35711940002397,36286.0,48860.9869400122,7.041666666666667,,0.05539681515602817,10.796734543953045,14.900854881846078
AR,2014,35.9,33.8,38.0,4886.0,12.7,11.6,14.0,322.0,16.0,6.0,37.5,,2968759,15.722356554014771,38220.0,50643.66538840355,5.875,,0.10846282908110763,10.83256943548625,14.90365457833944
AR,2015,34.5,32.2,36.9,4813.0,12.6,11.4,14.0,483.0,23.0,14.0,60.869565217391305,,2979732,16.022085887095283,39267.0,51969.34995591032,4.95,,0.1620951145941984,10.858409399860191,14.907343921551476
AR,2016,35.7,33.3,38.1,4859.0,13.5,12.1,14.9,602.0,32.0,24.0,75.0,929373.0,2991815,16.32463098852619,40181.0,52516.477683652505,3.975,0.6477485358408304,0.20121565003183686,10.868882259976768,14.911390784614053
AR,2017,35.0,32.6,37.5,4884.0,12.2,11.0,13.6,869.0,31.0,13.0,41.935483870967744,935172.0,3003855,16.634107667169086,41403.0,52984.99038666501,3.7416666666666663,0.9292408241478572,0.2892949226910087,10.877763952173892,14.915407021726477
AR,2018,37.1,35.1,39.1,4963.0,13.9,12.7,15.1,1787.0,30.0,16.0,53.333333333333336,899004.0,3012161,16.98093253454885,43031.0,53755.38374636028,3.65,1.9877553381297526,0.593261781159772,10.89219910369694,14.918168319328615
AR,2019,37.4,35.5,39.4,4922.0,13.6,12.5,14.8,3480.0,57.0,35.0,61.40350877192982,864307.0,3020985,17.37491490443266,43737.0,53664.8170914919,3.4916666666666667,4.026347119715564,1.1519421645589105,10.890512890570896,14.921093495113185
AR,2020,36.4,34.5,38.4,4696.0,13.2,12.1,14.3,5045.0,73.0,40.0,54.794520547945204,890967.0,3014546,17.181905720736236,47131.0,57124.53830431066,6.158333333333334,5.662387046882769,1.6735521700448426,10.952989045963594,14.918959796373874
AR,2021,38.7,36.6,40.8,4782.0,12.5,11.4,13.6,6331.0,89.0,50.0,56.17977528089887,978673.0,3026870,17.355137339636453,53349.0,61759.60810939227,4.041666666666667,6.468963586407309,2.091599573156429,11.031004839299515,14.92303964026959
AR,2022,37.4,35.6,39.2,4652.0,15.7,14.6,16.9,10125.0,106.0,48.0,45.283018867924525,1049090.0,3047704,17.616612652331103,53714.0,57574.57344500448,3.1750000000000003,9.651221534854017,3.3221730194270833,10.960836315977195,14.929899078212022
AR,2023,40.0,38.2,41.9,4901.0,14.5,13.4,15.8,17586.0,152.0,65.0,42.76315789473684,,3069463,17.93278150793423,56540.0,58207.661550823366,3.158333333333333,,5.729340930319082,10.971772266822237,14.937013185696568
AR,2024,38.9,37.2,40.7,4870.0,15.3,14.2,16.5,18750.0,170.0,56.0,32.94117647058823,,3088354,18.246632097476688,59172.0,59172.0,3.4916666666666667,,6.071195206249024,10.988203736012126,14.943148820862149
CA,2011,23.8,22.9,24.7,17088.0,8.9,8.4,9.5,10755.0,40.0,3.0,7.5,,37636311,11.715410032454727,45508.0,63463.16490310343,11.733333333333334,,0.2857612692168475,11.058214936303045,17.443479860439517
CA,2012,25.0,23.9,26.0,13646.0,9.8,9.1,10.5,10268.0,45.0,7.0,15.555555555555555,,37944551,12.144628457708484,47793.0,65298.4653476954,10.391666666666667,,0.27060538942732515,11.08672381342167,17.451636467834078
CA,2013,24.1,23.0,25.3,10669.0,10.2,9.4,11.0,10897.0,43.0,3.0,6.976744186046512,,38253768,12.512265838759737,48074.0,64734.14226297046,9.025,,0.2848608273046462,11.078044042431543,17.45975262318897
CA,2014,24.7,23.5,25.9,8025.0,10.3,9.5,11.1,15617.0,49.0,6.0,12.244897959183673,,38586706,12.87618821527119,50617.0,67070.39275156522,7.566666666666666,,0.40472488115466504,11.11349798492225,17.468418370969253
CA,2015,24.2,23.2,25.2,11459.0,10.0,9.3,10.8,29702.0,120.0,25.0,20.833333333333332,,38904296,13.254083525369008,53816.0,71224.75710462399,6.216666666666666,,0.7634632432366852,11.173595749105806,17.476615239508952
CA,2016,25.0,23.9,26.1,10352.0,10.2,9.4,10.9,51980.0,115.0,27.0,23.47826086956522,13544968.0,39149186,13.615171080278891,55862.0,73011.50982713711,5.516666666666667,3.8375875085123865,1.3277415269885815,11.198372376566992,17.482890188358624
CA,2017,25.1,23.8,26.4,8475.0,10.5,9.6,11.4,73702.0,108.0,19.0,17.59259259259259,13245182.0,39337785,13.978759316479977,58214.0,74498.66508149933,4.833333333333333,5.564438450147382,1.8735676144449922,11.218536485837978,17.48769606532379
CA,2018,25.8,24.8,26.9,10856.0,10.4,9.7,11.2,100168.0,139.0,26.0,18.705035971223023,12867576.0,39437463,14.372857731503997,60984.0,76182.71298338489,4.258333333333334,7.784527559813908,2.539919974061212,11.24088985220216,17.490226760071923
CA,2019,26.2,25.1,27.2,10546.0,10.1,9.4,10.8,149578.0,145.0,33.0,22.75862068965517,12435320.0,39437610,14.814593431005513,64219.0,78796.00541414633,4.091666666666667,12.028480167780161,3.792775474984412,11.274617581847172,17.49023048748527
CA,2020,30.3,28.3,32.2,4354.0,9.8,8.8,11.0,221312.0,167.0,27.0,16.167664670658684,12419017.0,39521958,14.843298030519696,70090.0,84951.70672697661,10.166666666666666,17.820412034221388,5.5997225643527075,11.34983821785737,17.492366974151064
CA,2021,27.6,26.1,29.1,6148.0,11.6,10.6,12.7,323983.0,226.0,34.0,15.044247787610619,13355690.0,39142565,15.321791006869448,77113.0,89270.06429622984,7.35,24.258050314135772,8.276999731622084,11.399421484417685,17.48272105176553
CA,2022,28.1,26.8,29.4,9466.0,11.5,10.6,12.5,529728.0,236.0,36.0,15.254237288135593,14305237.0,39142414,15.728988491890233,77230.0,82780.73327545324,4.283333333333333,37.03035468758749,13.533350293622668,11.32395062338687,17.482717194065064
CA,2023,27.7,26.4,29.0,10538.0,11.5,10.7,12.4,1139126.0,248.0,40.0,16.129032258064516,,39198693,16.176567645697308,81231.0,83626.92881915339,4.716666666666667,,29.06030565866061,11.334120862266518,17.484153962368104
CA,2024,29.1,27.6,30.5,7451.0,12.6,11.6,13.6,1910342.0,263.0,35.0,13.307984790874524,,39431263,16.59607809886773,86378.0,86378.0,5.291666666666667,,48.44739566166065,11.36648829273889,17.49006953678895
CO,2011,20.7,19.7,21.8,12976.0,6.7,6.1,7.3,1508.0,18.0,2.0,11.11111111111111,,5121900,11.306621999928062,43735.0,60990.62839582554,8.691666666666666,,0.294421991838966,11.018475498497393,15.449036021927435
CO,2012,20.5,19.5,21.5,11643.0,7.4,6.9,8.0,1746.0,22.0,3.0,13.636363636363637,,5193660,11.849838658435246,45495.0,62158.76134566573,7.991666666666667,,0.3361791106849505,11.037447057971457,15.4629492089159
CO,2013,21.3,20.4,22.2,12920.0,6.5,6.0,7.0,1739.0,20.0,0.0,0.0,,5270774,12.300069730344164,47088.0,63406.44196194936,6.7250000000000005,,0.32993256777847046,11.05732074349619,15.477687778803547
CO,2014,21.3,20.4,22.2,12567.0,7.3,6.8,7.8,2939.0,25.0,4.0,16.0,,5352637,12.714069108910854,50251.0,66585.42201550672,4.95,,0.549075156787206,11.106240943912807,15.493099894634529
CO,2015,20.2,19.1,21.3,12183.0,6.8,6.2,7.3,4726.0,50.0,18.0,36.0,,5454328,13.062838069107022,51401.0,68028.5368651475,3.7,,0.8664678765193439,11.127682555907286,15.51191997992664
CO,2016,22.3,21.4,23.2,13637.0,6.6,6.2,7.1,6822.0,84.0,17.0,20.238095238095237,1182489.0,5543844,13.425274615190292,51312.0,67064.66994110592,3.1166666666666667,5.7691868592435105,1.2305541065008323,11.113412655846497,15.528198680927842
CO,2017,22.6,21.6,23.7,9063.0,7.4,6.8,8.0,8926.0,77.0,13.0,16.883116883116884,1290910.0,5617421,13.84961018721728,54176.0,69331.08323522362,2.6166666666666667,6.914502172885793,1.5889854080724946,11.146648616150603,15.541383219747361
CO,2018,23.0,21.9,24.0,8234.0,7.0,6.5,7.6,10593.0,89.0,27.0,30.337078651685392,1230513.0,5697155,14.277591353526033,57798.0,72202.68340898727,3.025,8.60860470389179,1.8593490961716856,11.18723249051973,15.55547748539451
CO,2019,23.8,22.7,24.9,8644.0,7.0,6.5,7.6,12983.0,85.0,21.0,24.705882352941178,1178765.0,5758486,14.740361513471347,61278.0,75187.43081904201,2.6666666666666665,11.01406981035236,2.2545856671354243,11.22773935260412,15.566185150899466
CO,2020,24.2,23.1,25.2,9211.0,7.6,7.0,8.1,17716.0,102.0,26.0,25.49019607843137,1265247.0,5787129,14.82485128883014,64707.0,78427.30899104687,6.791666666666667,14.002009093876532,3.061276152648403,11.269927474653484,15.571146871650193
CO,2021,25.1,24.1,26.2,9304.0,7.0,6.5,7.6,27339.0,131.0,41.0,31.297709923664122,1456124.0,5814036,15.29174935332554,71924.0,83263.0049984054,5.508333333333333,18.775186728602783,4.7022412657919554,11.329759611839272,15.575785552032253
CO,2022,25.0,23.9,26.2,8388.0,8.1,7.4,8.9,42094.0,162.0,65.0,40.123456790123456,1578355.0,5850935,15.68527226469056,76653.0,82162.26269277894,3.0666666666666664,26.669538855327225,7.194405680459619,11.316451384300859,15.582112035496564
CO,2023,24.9,23.7,26.1,7958.0,8.6,7.9,9.4,65189.0,198.0,56.0,28.282828282828284,,5901339,16.09375306328937,80021.0,82381.23956417468,3.283333333333333,,11.046476062466501,11.319113014783577,15.590689832279427
CO,2024,25.0,24.0,26.0,9866.0,8.4,7.8,9.0,76693.0,194.0,34.0,17.52577319587629,,5957493,16.47655086494628,82625.0,82625.0,4.125,,12.873368042564213,11.322067577153987,15.600160312964835
CT,2011,24.5,23.0,26.0,6457.0,9.3,8.5,10.2,2898.0,20.0,2.0,10.0,,3588632,14.44233562089651,62964.0,87806.42337520885,9.008333333333333,,0.8075500636454226,11.38288993611815,15.093281629347402
CT,2012,25.6,24.3,26.9,8312.0,9.1,8.3,10.0,3266.0,21.0,2.0,9.523809523809524,,3595211,14.937052442686324,63556.0,86835.08596736193,8.383333333333335,,0.9084306873782929,11.371766035188923,15.09511324004359
CT,2013,25.0,23.5,26.4,7309.0,8.3,7.6,9.1,4222.0,21.0,1.0,4.761904761904762,,3595792,15.335961636401596,62000.0,83486.22582485687,7.95,,1.1741502289342653,11.332436937050165,15.095274830854013
CT,2014,26.3,24.9,27.7,7237.0,9.2,8.5,10.1,7092.0,24.0,2.0,8.333333333333334,,3595697,15.693161112098943,64484.0,85444.95339889625,6.616666666666667,,1.9723575151076411,11.355627627687873,15.09524841073434
CT,2015,25.3,24.1,26.4,10901.0,9.3,8.6,10.0,10345.0,50.0,9.0,18.0,,3588561,16.054702595960748,66222.0,87643.93238037777,5.608333333333333,,2.88277111633326,11.381037662401303,15.093261844453782
CT,2016,26.0,24.8,27.2,9960.0,9.8,9.1,10.5,14306.0,43.0,3.0,6.976744186046512,893737.0,3579830,16.434307475552668,67551.0,88289.00684424007,4.875,16.006946115020416,3.9962791529206694,11.38837088104133,15.090825871215866
CT,2017,26.9,25.6,28.1,9505.0,9.8,9.1,10.5,18504.0,43.0,3.0,6.976744186046512,912175.0,3575324,16.816120183890185,69147.0,88490.0401001552,4.408333333333333,20.2855811658947,5.175475005901563,11.390645283421597,15.089566359374281
CT,2018,27.4,26.2,28.7,9722.0,9.7,9.0,10.4,22729.0,52.0,4.0,7.6923076923076925,946851.0,3574561,17.238495154652266,72159.0,90142.79788416748,3.9,24.004832861770225,6.358543049062528,11.409150335081407,15.089352929367253
CT,2019,29.1,27.8,30.5,8259.0,9.6,8.9,10.3,29041.0,45.0,4.0,8.88888888888889,966346.0,3566022,17.720852841944843,74176.0,91013.13470467804,3.583333333333333,30.052382893911705,8.143808422942987,11.418759112497389,15.086961246763646
CT,2020,29.2,27.7,30.8,7930.0,9.5,8.6,10.4,39306.0,56.0,5.0,8.928571428571429,1005881.0,3579918,17.625466528413234,76832.0,93123.26339345225,8.008333333333333,39.076192909499234,10.979581096550255,11.44167930738398,15.090850453086626
CT,2021,30.4,28.9,31.9,7074.0,10.8,9.9,11.8,53383.0,73.0,10.0,13.698630136986301,1113172.0,3606607,18.012016526681194,82126.0,95073.3767379323,6.441666666666666,47.95575167179915,14.801446345554146,11.462404259160644,15.098277999139578
CT,2022,30.6,29.1,32.1,8212.0,10.7,9.8,11.8,87027.0,90.0,15.0,16.666666666666668,1198418.0,3617925,18.49904049729725,85393.0,91530.43061751623,4.0,72.61823503986088,24.05439582080889,11.42442677102761,15.101411215037606
CT,2023,29.4,27.9,30.9,8340.0,9.9,8.9,10.9,154863.0,102.0,21.0,20.58823529411765,,3643023,18.995371065116764,90276.0,92938.71337393226,3.2,,42.50947633325401,11.439695558922876,15.108324389448674
CT,2024,32.0,30.4,33.6,6311.0,11.7,10.7,12.7,213721.0,97.0,19.0,19.587628865979383,,3675069,19.460047263030237,95083.0,95083.0,3.3083333333333336,,58.15428227333963,11.46250547335331,15.117082465963021
DE,2011,28.8,26.9,30.7,4530.0,9.7,8.7,10.8,712.0,20.0,4.0,20.0,,907590,14.800963096070603,43779.0,61051.988579875295,7.433333333333334,,0.784495201577805,11.019481051979293,13.71854801375749
DE,2012,26.9,25.2,28.6,4944.0,9.7,8.7,10.7,833.0,20.0,4.0,20.0,,915518,15.444481739622615,43771.0,59803.30020576184,6.958333333333333,,0.9098674193188993,10.998816125803277,13.72724530429064
DE,2013,31.1,29.3,32.8,4893.0,11.1,10.1,12.2,820.0,20.0,3.0,15.0,,924062,16.035803736042023,43943.0,59171.53582938202,6.533333333333334,,0.8873863442063411,10.988195891551257,13.736534447939846
DE,2014,30.7,28.6,32.8,3983.0,11.1,10.0,12.3,867.0,22.0,6.0,27.272727272727273,,933131,16.573975627709167,45359.0,60103.244854856006,5.616666666666667,,0.9291299935378848,11.003819109995225,13.746300877261618
DE,2015,29.7,27.6,31.8,3688.0,11.5,10.3,12.7,1200.0,56.0,33.0,58.92857142857143,,942065,17.0882933336743,47238.0,62518.86197614516,4.808333333333334,,1.2737974555895824,11.043223581812885,13.755829553301105
DE,2016,30.7,28.7,32.8,3702.0,10.6,9.5,11.9,2489.0,64.0,26.0,40.625,228149.0,949989,17.654603369130566,48186.0,62978.99488973593,4.533333333333333,10.909537188416342,2.620030337193378,11.05055653533008,13.764205684562318
DE,2017,31.8,29.7,34.0,3648.0,11.3,10.1,12.5,2950.0,56.0,21.0,37.5,233015.0,957942,18.24951182105413,49997.0,63983.0583378521,4.4,12.660129176233289,3.0795183842028013,11.066373613827952,13.772542512322714
DE,2018,33.5,31.7,35.4,4629.0,11.9,10.9,13.0,4079.0,67.0,25.0,37.3134328358209,236303.0,966985,18.85147820239132,52670.0,65796.65966212256,3.6916666666666655,17.261735991502434,4.218266053765054,11.094324351011487,13.78193826242267
DE,2019,34.4,32.1,36.6,3401.0,12.8,11.5,14.2,6368.0,64.0,29.0,45.3125,236263.0,976668,19.466221423067044,53778.0,65985.01345648424,3.5500000000000003,26.953014225672238,6.520127617573218,11.097182926383383,13.791902057511923
DE,2020,36.5,34.3,38.8,3520.0,12.4,11.1,13.9,8777.0,70.0,34.0,48.57142857142857,246913.0,991928,19.45540411588929,55520.0,67292.32069456045,7.524999999999999,35.54693353529381,8.84842448242211,11.116801403543686,13.807405802987747
DE,2021,33.9,31.8,36.1,3215.0,12.0,10.7,13.4,13098.0,93.0,35.0,37.634408602150536,274917.0,1005062,20.006790527214537,59869.0,69307.50300663941,5.483333333333333,47.64347057475529,13.03203185475125,11.14630844781146,13.820559789114757
DE,2022,37.9,35.6,40.2,3550.0,13.9,12.5,15.3,19390.0,120.0,49.0,40.833333333333336,300711.0,1020625,20.61527873365451,64087.0,68693.10958725847,4.208333333333333,64.4805145139353,18.998162890385792,11.13740417605165,13.835925742706866
DE,2023,35.7,33.5,38.0,3899.0,13.3,11.9,14.8,32763.0,151.0,49.0,32.450331125827816,,1036423,21.225817818531024,64658.0,66565.10400695326,3.891666666666666,,31.61161031740901,11.105935755351888,13.851285919627632
DE,2024,36.6,34.5,38.9,3921.0,13.2,12.0,14.6,40427.0,178.0,59.0,33.146067415730336,,1051917,21.84268702779309,68177.0,68177.0,3.9166666666666665,,38.43173938628238,11.12986254355045,13.866124771828831
DC,2011,23.7,21.9,25.7,4368.0,9.1,8.0,10.3,101.0,16.0,13.0,81.25,,620290,11.367590597612145,66985.0,93413.90746757457,10.083333333333334,,0.1628270647600316,11.444795515354524,13.337942389599599
DC,2012,21.9,19.9,24.1,3644.0,8.3,7.2,9.5,335.0,34.0,21.0,61.76470588235294,,635737,11.48858285824473,67522.0,92253.73961055152,8.958333333333334,,0.5269474641243156,11.432298098864896,13.362540234785875
DC,2013,22.9,21.0,24.8,4705.0,7.8,6.9,8.8,300.0,35.0,22.0,62.857142857142854,,651559,11.567658623950438,67081.0,90328.05668640682,8.416666666666666,,0.4604341279914789,11.411203396422012,13.387123231692293
DC,2014,21.7,19.5,24.0,3787.0,8.4,7.3,9.7,456.0,34.0,21.0,61.76470588235294,,663603,11.721985729651118,70527.0,93452.270770485,7.716666666666666,,0.6871578338253443,11.445206111898116,13.405439358083868
DC,2015,22.1,19.7,24.8,3654.0,8.5,7.3,10.0,874.0,40.0,24.0,60.0,,677014,11.887082519476854,74784.0,98975.62500580124,6.883333333333333,,1.2909629638382663,11.502628886738947,13.425447231148837
DC,2016,22.6,20.9,24.3,3479.0,7.7,6.9,8.6,1471.0,68.0,42.0,61.76470588235294,234757.0,687576,12.01381204147711,77500.0,101292.32772910252,6.233333333333333,6.266053834390455,2.139399862706086,11.525765949255,13.44092764786771
DC,2017,23.0,21.4,24.7,4091.0,7.5,6.6,8.4,3388.0,81.0,36.0,44.44444444444444,252211.0,697079,12.09031686252546,79567.0,101824.90954993055,6.108333333333333,13.433196807435044,4.860281259369454,11.531010044226806,13.454654026217975
DC,2018,24.7,22.9,26.5,4081.0,8.4,7.5,9.4,4973.0,83.0,31.0,37.34939759036145,250673.0,704147,12.273821387067024,82272.0,102776.20626015088,5.716666666666666,19.83859450359632,7.062445767716116,11.540309148599668,13.464742420161253
DC,2019,23.8,21.7,25.9,2367.0,8.7,7.6,9.9,8707.0,90.0,37.0,41.111111111111114,248257.0,708253,12.509012870663176,83675.0,102668.30304160288,5.516666666666667,35.0725256488236,12.293629536338004,11.539258711877492,13.470556653476239
DC,2020,24.3,22.3,26.4,3126.0,7.5,6.5,8.7,11102.0,108.0,51.0,47.22222222222222,247449.0,670917,12.567341895383231,90736.0,109975.43246652804,7.966666666666666,44.86581073271664,16.54750140479374,11.608012278616808,13.416400712326686
DC,2021,24.7,22.6,26.9,2822.0,7.7,6.7,8.9,13602.0,135.0,59.0,43.7037037037037,266603.0,669256,12.837516199125735,98087.0,113550.66975249696,6.8500000000000005,51.01968094882653,20.324061345733174,11.640004445820994,13.41392192660203
DC,2022,24.3,22.2,26.5,2882.0,8.0,6.9,9.3,18810.0,173.0,69.0,39.884393063583815,282571.0,676725,12.92656598697232,101182.0,108454.22962937862,4.7,66.56734059758432,27.79563338135875,11.59408351622645,13.425020265530812
DC,2023,23.5,21.4,25.8,2888.0,7.4,6.4,8.6,22393.0,210.0,90.0,42.857142857142854,,687324,13.001197128645286,107384.0,110551.31814597837,4.858333333333333,,32.579976837706816,11.613235109742128,13.44056107574927
DC,2024,25.5,23.5,27.5,2901.0,8.4,7.4,9.6,30629.0,234.0,113.0,48.29059829059829,,702250,13.010573352633898,112944.0,112944.0,5.308333333333334,,43.61552153791385,11.634647399635254,13.46204474496649
FL,2011,26.6,25.4,27.9,11770.0,10.4,9.7,11.2,5646.0,40.0,7.0,17.5,,19055607,17.692930143588242,40437.0,56391.4036913684,10.183333333333334,,0.29629074529087424,10.940072009049818,16.76287194693886
FL,2012,25.2,23.7,26.8,7282.0,11.4,10.4,12.5,6163.0,38.0,8.0,21.05263157894737,,19302016,18.23525500241262,41211.0,56305.63169175141,8.674999999999999,,0.31929307280648817,10.93854983917398,16.775720104378518
FL,2013,26.4,25.3,27.4,32552.0,11.2,10.5,11.9,6279.0,37.0,2.0,5.405405405405405,,19551678,18.66680068065829,40743.0,54862.569335195854,7.516666666666667,,0.3211489059915983,10.912586597795114,16.788571671914408
FL,2014,26.2,25.0,27.5,9156.0,11.2,10.4,12.0,8542.0,46.0,6.0,13.043478260869565,,19853880,19.062576133908745,42877.0,56814.45423491834,6.441666666666666,,0.43024335797335334,10.947546048302598,16.803910011991448
FL,2015,26.8,25.5,28.1,8985.0,11.3,10.5,12.1,13036.0,90.0,29.0,32.22222222222222,,20219111,19.422324868765124,44957.0,59499.98894664376,5.5,,0.6447365564193203,10.993731405763011,16.82213880422012
FL,2016,27.4,26.4,28.5,33186.0,11.8,11.1,12.4,17033.0,87.0,27.0,31.03448275862069,4523065.0,20627237,19.776295599469584,45730.0,59769.00834905625,4.908333333333334,3.765809246606007,0.8257528625864918,10.998242550565662,16.842122944909654
FL,2017,28.4,27.0,29.9,19913.0,10.5,9.7,11.4,15358.0,74.0,23.0,31.08108108108108,4637561.0,20977089,20.12905312307152,48447.0,61999.46451374924,4.283333333333333,3.3116545528996815,0.7321320894429155,11.034881027114919,16.858941400113977
FL,2018,30.7,29.1,32.3,13804.0,12.6,11.6,13.6,17370.0,83.0,28.0,33.734939759036145,4549658.0,21254926,20.506159146686805,51015.0,63729.19294974715,3.641666666666667,3.8178693871055804,0.8172223229570407,11.062398024643457,16.87209923823521
FL,2019,27.0,25.6,28.5,15091.0,11.7,10.8,12.6,21725.0,97.0,23.0,23.711340206185568,4389799.0,21492056,20.97581475810744,53666.0,65847.59069053672,3.2416666666666667,4.948973745722754,1.0108386093913024,11.095098118659049,16.88319393644815
FL,2020,28.4,26.7,30.2,10591.0,11.8,10.7,13.0,30941.0,117.0,37.0,31.623931623931625,4500149.0,21592035,20.85985787076288,56599.0,68600.10913168995,8.066666666666666,6.875550120673783,1.4329821158589267,11.136049404553672,16.887835054649393
FL,2021,,,,,,,,53037.0,152.0,48.0,31.57894736842105,5033868.0,21831949,21.239471600978177,62604.0,72473.68284467176,4.7250000000000005,10.536033126017607,2.4293296031426235,11.190978779698137,16.89888500534706
FL,2022,31.6,29.9,33.4,11805.0,12.2,11.1,13.4,92689.0,190.0,81.0,42.63157894736842,5445631.0,22379312,21.40468600593081,65328.0,70023.30368275035,3.0083333333333333,17.02080071161634,4.141726966405401,11.156583375382915,16.923647518641825
FL,2023,30.1,28.4,31.8,11943.0,12.5,11.4,13.7,124992.0,240.0,97.0,40.416666666666664,,22904868,21.60554773708144,69983.0,72047.16622411163,2.9250000000000003,,5.457005908089058,11.185076269968723,16.946860022352517
FL,2024,29.6,28.1,31.3,11860.0,11.9,10.9,13.0,131710.0,230.0,95.0,41.30434782608695,,23372215,21.84074314591585,73340.0,73340.0,3.358333333333333,,5.635323823608503,11.202861441625316,16.96705848165574
GA,2011,28.0,26.6,29.4,9353.0,10.1,9.4,10.9,563.0,22.0,6.0,27.272727272727273,,9803630,11.050215665473228,36760.0,51263.64467430083,10.033333333333331,,0.057427707900032945,10.844737099113061,16.098263283219897
GA,2012,29.1,27.5,30.8,5737.0,9.9,9.0,10.8,1034.0,36.0,5.0,13.88888888888889,,9903580,11.575824775164806,37250.0,50893.80943237825,9.041666666666666,,0.10440668929821337,10.837496572988371,16.10840686589907
GA,2013,30.3,28.9,31.8,7606.0,10.8,10.0,11.7,1114.0,41.0,13.0,31.70731707317073,,9975592,12.0475694592272,37484.0,50474.15627127314,8.133333333333333,,0.11167257040985638,10.829216727266651,16.115651867350085
GA,2014,30.5,28.9,32.1,5844.0,11.6,10.7,12.5,1326.0,46.0,12.0,26.08695652173913,,10071204,12.477458771652348,39550.0,52405.990740747264,7.15,,0.13166251026193096,10.866776190887785,16.125190820606242
GA,2015,30.7,28.8,32.6,4269.0,11.3,10.3,12.4,1894.0,83.0,45.0,54.21686746987952,,10183353,12.863386277111143,41527.0,54960.42976593802,6.05,,0.1859898208379892,10.914368746478795,16.136264886172132
GA,2016,31.4,29.7,33.2,4884.0,12.1,11.1,13.1,3366.0,84.0,32.0,38.095238095238095,1861209.0,10308442,13.216252483867304,42742.0,55863.698990932906,5.45,1.808501893124308,0.3265284899502757,10.930670056263699,16.148473729152137
GA,2017,31.6,30.0,33.3,5369.0,11.4,10.4,12.3,4498.0,79.0,18.0,22.78481012658228,1891562.0,10417031,13.582206813120088,44836.0,57378.33077256509,4.758333333333334,2.377928928578603,0.43179289761161316,10.957421998358727,16.15895262086693
GA,2018,32.5,31.2,33.8,8231.0,12.6,11.8,13.4,7479.0,92.0,31.0,33.69565217391305,1954646.0,10519389,13.97299525827583,46624.0,58243.84773280429,4.016666666666667,3.826268285919803,0.7109728521304802,10.972393747528983,16.16873068373923
GA,2019,33.1,31.3,35.0,6470.0,12.0,11.0,13.0,11142.0,88.0,25.0,28.40909090909091,1965128.0,10628020,14.37928323883252,48529.0,59544.54829167548,3.6,5.669859673263014,1.0483608423770372,10.994480022174086,16.179004467681676
GA,2020,34.3,32.5,36.0,8072.0,11.6,10.7,12.5,16428.0,105.0,35.0,33.333333333333336,2070773.0,10732888,14.370848521236953,51497.0,62416.29392665308,6.55,7.933269363662748,1.5306225127850026,11.041581640890904,16.188823230302535
GA,2021,33.9,32.2,35.6,7076.0,12.3,11.3,13.3,24217.0,137.0,32.0,23.357664233576642,2291333.0,10792060,14.72896393529894,56257.0,65126.06184577182,3.9166666666666665,10.568957021960578,2.243964544303868,11.084080083656287,16.194321236528108
GA,2022,37.0,35.4,38.7,8018.0,12.1,11.2,13.0,37744.0,185.0,69.0,37.2972972972973,2460257.0,10931805,15.04440077573769,57405.0,61530.85580315154,3.1166666666666667,15.341486682082401,3.4526777599856566,11.027294048351472,16.20718698832984
GA,2023,35.0,33.4,36.7,7373.0,12.7,11.8,13.7,58532.0,237.0,80.0,33.755274261603375,,11064432,15.422067436125372,60010.0,61780.01007543173,3.225,,5.290104363242506,11.031335129558213,16.21924619711762
GA,2024,35.4,33.7,37.1,6551.0,12.8,11.8,14.0,53483.0,225.0,60.0,26.666666666666668,,11180878,15.822456453080314,62875.0,62875.0,3.4,,4.783434717738625,11.04890390740204,16.229715555702477
HI,2011,21.8,20.4,23.4,7407.0,8.4,7.6,9.3,1063.0,20.0,4.0,20.0,,1379562,15.15937496501252,42758.0,59628.15339999333,6.708333333333333,,0.7705344159958015,10.99588311400379,14.137276615449759
HI,2012,23.6,22.0,25.2,7371.0,7.7,6.8,8.8,1192.0,22.0,4.0,18.181818181818183,,1395199,15.691183300841052,43523.0,59464.46356846707,5.808333333333334,,0.8543584105206498,10.993134162158192,14.148547615393475
HI,2013,21.8,20.4,23.2,7609.0,8.4,7.5,9.3,1404.0,21.0,1.0,4.761904761904762,,1408822,16.225758230661807,43548.0,58639.64777775591,4.716666666666667,,0.996577282296841,10.979166330024007,14.158264452169403
HI,2014,22.1,20.7,23.5,6905.0,9.8,8.8,10.8,1481.0,22.0,2.0,9.090909090909092,,1415335,16.794566025379112,45445.0,60217.19972726319,4.2250000000000005,,1.0463953763596605,11.005713300244855,14.162876810155433
HI,2015,22.7,21.3,24.1,6822.0,8.5,7.7,9.4,2582.0,46.0,17.0,36.95652173913044,,1422999,17.33625448337614,47150.0,62402.3951516839,3.4166666666666665,,1.814477733294261,11.041358937461967,14.168277174331054
HI,2016,23.8,22.5,25.2,7659.0,10.5,9.6,11.4,4100.0,42.0,15.0,35.714285714285715,360181.0,1428885,17.840830690308977,48561.0,63469.119056167074,2.908333333333333,11.383165686141135,2.8693701732469723,11.058308752515632,14.172404977816406
HI,2017,23.8,22.4,25.2,7319.0,10.9,10.0,11.8,5403.0,45.0,16.0,35.55555555555556,337524.0,1425763,18.43176325481128,50506.0,64634.44495492846,2.2333333333333334,16.00775055996018,3.789549876101428,11.076502751304808,14.170217666985282
HI,2018,24.9,23.6,26.3,7474.0,11.5,10.6,12.5,8072.0,54.0,22.0,40.74074074074074,330707.0,1423102,19.025997590396425,51554.0,64402.52500894373,2.4,24.408313098906284,5.672116264329612,11.072908119537235,14.168349554053378
HI,2019,25.0,23.7,26.3,7341.0,10.5,9.7,11.4,10568.0,43.0,11.0,25.58139534883721,318653.0,1415615,19.631329679712184,53940.0,66183.78567151549,2.5083333333333333,33.16460224758593,7.4653065981923055,11.100190782491687,14.163074623610926
HI,2020,24.5,23.2,25.9,7383.0,10.9,10.0,11.9,13313.0,45.0,12.0,26.666666666666668,343291.0,1451252,19.840524063336147,57030.0,69122.49728405588,11.741666666666667,38.780509829852804,9.173458503416361,11.143635532513585,14.187937190115598
HI,2021,25.0,23.6,26.4,7314.0,9.5,8.6,10.4,15779.0,61.0,9.0,14.754098360655737,403610.0,1447029,20.55328537224913,61269.0,70928.21663488266,5.966666666666666,39.09467059785437,10.904411729136044,11.169423611273011,14.185023046877893
HI,2022,25.9,24.4,27.4,7280.0,11.7,10.8,12.8,21147.0,101.0,38.0,37.62376237623762,434024.0,1440359,21.134982918078247,63296.0,67845.25823388694,3.2416666666666667,48.7231120859676,14.681756423225043,11.124984776805944,14.180402946036272
HI,2023,26.1,24.6,27.7,7388.0,11.3,10.3,12.4,36251.0,135.0,37.0,27.40740740740741,,1441387,21.64098091429526,67571.0,69564.0236761706,2.8666666666666667,,25.150081137126946,11.150002811478585,14.181116402422509
HI,2024,27.0,25.4,28.6,6251.0,11.5,10.5,12.7,46528.0,144.0,50.0,34.72222222222222,,1446146,22.068473112039865,71573.0,71573.0,2.766666666666666,,32.17379158120964,11.178473186858481,14.184412644792008
ID,2011,27.0,25.3,28.9,5739.0,9.4,8.4,10.4,759.0,20.0,5.0,25.0,,1584272,12.77627414450162,33447.0,46643.50172528128,8.441666666666666,,0.4790843996485452,10.75028889807912,14.27563555378652
ID,2012,26.8,24.8,28.8,5578.0,8.3,7.4,9.4,863.0,19.0,3.0,15.789473684210526,,1595910,13.315646468719498,34812.0,47562.82668348863,7.524999999999999,,0.5407573108759266,10.76980678309007,14.282954664424416
ID,2013,29.6,27.8,31.4,5315.0,8.4,7.5,9.3,1069.0,20.0,1.0,5.0,,1612053,13.787266959085782,35699.0,48070.56089873492,6.9,,0.6631295621173745,10.780425229193863,14.293019079920137
ID,2014,28.9,27.1,30.8,5125.0,7.6,6.8,8.5,1369.0,21.0,1.0,4.761904761904762,,1632248,14.222061154039876,37107.0,49168.8773303896,4.408333333333333,,0.8387205865775299,10.803016127735104,14.305468763745633
ID,2015,28.6,26.9,30.4,5358.0,8.1,7.3,9.0,1642.0,42.0,12.0,28.571428571428573,,1652495,14.635449711700716,38813.0,51368.48702062158,3.908333333333333,,0.9936489974251057,10.846780170440885,14.317796824984793
ID,2016,27.4,25.6,29.3,4880.0,8.9,8.0,9.9,2289.0,40.0,0.0,0.0,287937.0,1684036,15.023224705421717,39653.0,51826.382857317454,3.7083333333333335,7.949655653840944,1.359234600685496,10.855654620157203,14.336703851228119
ID,2017,29.3,27.5,31.2,4623.0,8.7,7.8,9.7,2695.0,40.0,0.0,0.0,292581.0,1719745,15.405003999960378,41197.0,52721.36436875199,3.1833333333333336,9.211124440753158,1.5670927957342513,10.872776048370199,14.357686581984703
ID,2018,28.4,26.3,30.5,3434.0,10.2,9.1,11.4,3595.0,49.0,6.0,12.244897959183673,275069.0,1752074,15.846857027822132,43254.0,54033.96083207612,2.875,13.069448029403532,2.051853974204286,10.897368032166685,14.376310787029421
ID,2019,29.5,27.6,31.4,4925.0,10.3,9.2,11.4,4708.0,42.0,4.0,9.523809523809524,265829.0,1789060,16.29601875529957,45880.0,56294.25447922007,2.8833333333333333,17.710633527568476,2.631549528802835,10.938347757041273,14.397200900218008
ID,2020,31.1,29.4,32.9,5378.0,8.8,7.9,9.8,11865.0,59.0,15.0,25.423728813559322,341917.0,1849415,16.361412061480383,49726.0,60269.775555794535,5.55,34.70140414194088,6.415542211996766,11.006586022491303,14.430379930831402
ID,2021,31.6,30.2,33.0,6177.0,9.8,9.0,10.6,20849.0,70.0,18.0,25.714285714285715,392949.0,1904848,16.628612094253313,55603.0,64368.95705086391,3.5500000000000003,53.05777594547893,10.945230275591543,11.072386762505333,14.459912773333299
ID,2022,33.2,31.7,34.7,5697.0,9.9,9.1,10.8,36212.0,83.0,27.0,32.53012048192771,423216.0,1944299,16.943229731031792,57074.0,61176.065919503024,2.858333333333333,85.56387282144343,18.62470741382884,11.021511312262108,14.480412058759864
ID,2023,31.0,29.4,32.5,6296.0,9.8,8.9,10.7,53460.0,100.0,26.0,26.0,,1971122,17.353732967340697,59220.0,60966.7088263134,3.1833333333333336,,27.121608911066893,11.018083237230238,14.494113481733237
ID,2024,32.7,30.8,34.7,3932.0,9.3,8.3,10.5,47206.0,105.0,22.0,20.952380952380953,,2001619,17.73634818606383,62346.0,62346.0,3.5666666666666664,,23.583908825805512,11.040454795080702,14.509466911055807
IL,2011,27.1,25.4,28.9,5355.0,9.7,8.7,10.9,4844.0,20.0,1.0,5.0,,12867783,12.78838598561723,44075.0,61464.775272573694,9.766666666666667,,0.37644402303022984,11.02621952990951,16.370237303661405
IL,2012,28.1,26.4,29.9,5452.0,9.4,8.4,10.5,7473.0,30.0,7.0,23.333333333333332,,12883029,13.24216564732322,45934.0,62758.55684474799,9.033333333333331,,0.580065448894045,11.047050211757027,16.371421421799614
IL,2013,29.4,27.7,31.2,5490.0,9.9,8.9,10.9,3920.0,42.0,16.0,38.095238095238095,,12895778,13.612857770701837,46735.0,62931.10909555944,9.075,,0.3039754561531689,11.04979590063962,16.372410528940176
IL,2014,29.3,27.6,31.1,4835.0,10.1,9.2,11.2,4414.0,44.0,7.0,15.909090909090908,,12885092,13.991925796782963,48536.0,64312.94985064246,7.158333333333334,,0.3425664325873653,11.071516287314118,16.37158154212848
IL,2015,30.8,29.2,32.4,5081.0,9.9,9.0,10.9,6128.0,91.0,25.0,27.47252747252747,,12859585,14.370925903713944,50688.0,67084.89088968301,5.991666666666667,,0.47653170767174835,11.11371412457446,16.369600005646507
IL,2016,31.6,29.9,33.3,4518.0,10.4,9.4,11.4,11655.0,91.0,28.0,30.76923076923077,2961926.0,12821709,14.794178648561688,51347.0,67110.41486330617,5.883333333333333,3.9349396304971833,0.9090051879979494,11.114094524973531,16.366650307904457
IL,2017,31.1,29.5,32.7,5247.0,11.0,10.0,12.0,20129.0,84.0,17.0,20.238095238095237,2912525.0,12779893,15.213326631384724,53056.0,67897.77673006542,4.958333333333333,6.911185311714062,1.5750523106883603,11.125758569712708,16.36338363442165
IL,2018,31.8,30.2,33.4,4973.0,10.0,9.2,11.0,26079.0,106.0,33.0,31.132075471698112,2867637.0,12724685,15.667321877461667,56077.0,70052.76787303678,4.391666666666667,9.094247284436628,2.049480989116823,11.157004063804482,16.359054365674034
IL,2019,31.6,30.1,33.1,5188.0,11.3,10.4,12.2,32263.0,98.0,17.0,17.346938775510203,2693982.0,12667017,16.157749661379547,57738.0,70843.88982391475,3.975,11.975952326333287,2.5470085024753657,11.168234000382421,16.354512086534815
IL,2020,32.4,30.2,34.6,3271.0,10.6,9.4,12.0,54356.0,99.0,26.0,26.262626262626263,2803129.0,12799088,16.083289775554853,61597.0,74657.87243917218,9.333333333333334,19.391187490836135,4.246865089137601,11.220671255399962,16.364884476351445
IL,2021,34.2,31.8,36.6,2814.0,10.8,9.6,12.2,91529.0,142.0,47.0,33.098591549295776,3128892.0,12700641,16.561892864373654,66852.0,77391.39105379842,6.1000000000000005,29.25284733381657,7.206644137095128,11.25663082669656,16.357163022596072
IL,2022,33.4,31.5,35.3,3730.0,12.0,10.8,13.3,174543.0,181.0,52.0,28.7292817679558,3358376.0,12621821,17.04475847403834,68110.0,73005.25370181433,4.566666666666666,51.97244144193503,13.828670205353095,11.198286686058923,16.35093769943806
IL,2023,36.0,34.1,37.9,4903.0,12.2,11.0,13.5,267901.0,219.0,52.0,23.744292237442924,,12642259,17.49687932563332,71812.0,73930.11304010838,4.4750000000000005,,21.190912162138112,11.210875507565374,16.352555649069192
IL,2024,34.2,33.1,35.3,11116.0,12.8,12.1,13.5,262695.0,219.0,59.0,26.940639269406393,,12710158,17.892793766089387,74564.0,74564.0,4.983333333333333,,20.668114432566455,11.219413095989136,16.35791207424494
IN,2011,30.8,29.5,32.3,8048.0,10.2,9.4,11.0,4707.0,20.0,4.0,20.0,,6517250,13.157814735418564,37681.0,52548.024890433335,8.908333333333333,,0.7222371398979631,10.869482790259708,15.689963065787891
IN,2012,31.4,30.1,32.7,8225.0,10.9,10.2,11.7,7099.0,25.0,5.0,20.0,,6538989,13.60117037486332,39148.0,53487.00272909379,8.216666666666667,,1.0856418323994734,10.887193963726375,15.693293124327592
IN,2013,31.8,30.6,33.1,9770.0,11.0,10.3,11.7,7768.0,21.0,1.0,4.761904761904762,,6570575,13.929173780393098,39435.0,53101.27928069727,7.508333333333333,,1.182240519284842,10.879956298855028,15.698111905657102
IN,2014,32.7,31.6,34.0,10773.0,10.7,10.0,11.3,9375.0,28.0,3.0,10.714285714285714,,6596019,14.287679589670535,40719.0,53954.98197149147,5.95,,1.4213118549234016,10.89590531065806,15.701976843191135
IN,2015,31.3,29.5,33.1,5647.0,11.4,10.4,12.5,14039.0,94.0,25.0,26.595744680851062,,6611442,14.629419384789468,42146.0,55779.667997091616,4.8,,2.123439939426225,10.92916470915752,15.704312342347327
IN,2016,32.5,31.2,33.8,10319.0,11.5,10.8,12.3,23756.0,96.0,33.0,34.375,1355354.0,6637898,14.989729933960817,43143.0,56387.805099569945,4.391666666666667,17.527524174496108,3.5788437845836136,10.940008192468051,15.70830590506988
IN,2017,33.6,32.5,34.7,12973.0,11.8,11.2,12.5,29249.0,84.0,23.0,27.38095238095238,1388042.0,6662068,15.354562754914411,44568.0,57035.36100168795,3.525,21.072128941343273,4.390378483077627,10.951426722918393,15.711940504828672
IN,2018,34.1,32.6,35.6,6885.0,12.5,11.7,13.3,38393.0,107.0,32.0,29.906542056074766,1362774.0,6698481,15.707577511996238,46555.0,58157.651235430334,3.4333333333333336,28.172683071441046,5.7315979548199065,10.970912726856682,15.717391342239232
IN,2019,35.3,34.0,36.7,8017.0,12.4,11.7,13.2,50302.0,103.0,39.0,37.86407766990291,1362756.0,6731010,16.110071535053365,48270.0,59226.758145421816,3.3166666666666664,36.911963697096176,7.473172673937492,10.989128714452503,15.722235764655096
IN,2020,36.8,35.4,38.1,7482.0,11.8,11.1,12.5,68769.0,126.0,45.0,35.714285714285715,1538939.0,6790497,16.05241847705215,51776.0,62754.452382592965,7.383333333333333,44.685981705577674,10.127241054668016,11.046984808781163,15.73103469273248
IN,2021,36.3,35.1,37.5,8664.0,12.1,11.4,12.9,100958.0,146.0,46.0,31.506849315068493,1804821.0,6815907,16.37542035392711,57389.0,66436.52457946565,3.9166666666666665,55.93795728219031,14.812115247464497,11.104002253199903,15.734769703032006
IN,2022,37.7,36.4,38.9,8834.0,12.7,12.0,13.4,143521.0,190.0,69.0,36.31578947368421,2003293.0,6844545,16.738489612474645,58697.0,62915.715409417055,3.0666666666666664,71.64254055697295,20.968669210298128,11.04955125900834,15.73896254261805
IN,2023,37.8,36.6,39.1,9807.0,13.2,12.5,13.9,201718.0,213.0,56.0,26.291079812206572,,6880131,17.14752055579509,61375.0,63185.27109447796,3.4166666666666665,,29.318918491522908,11.053826500671477,15.74414825042593
IN,2024,38.4,37.3,39.5,11576.0,14.3,13.6,15.0,198089.0,228.0,56.0,24.56140350877193,,6924275,17.533814677526497,63980.0,63980.0,4.025,,28.607904798697337,11.066325813503509,15.750543911416173
IA,2011,29.0,27.6,30.3,6898.0,8.2,7.5,8.9,727.0,20.0,2.0,10.0,,3066772,14.912001170183313,40879.0,57007.79463114101,5.583333333333333,,0.2370570749961197,10.950943285382298,14.936136100587373
IA,2012,30.4,29.1,31.8,6769.0,9.7,8.9,10.4,810.0,24.0,7.0,29.166666666666668,,3076844,15.2667002244993,42539.0,58120.04723339432,5.008333333333334,,0.26325676569887846,10.970265930371335,14.939414954286423
IA,2013,31.3,29.9,32.7,7672.0,9.3,8.6,10.1,843.0,26.0,5.0,19.23076923076923,,3093935,15.491298449518396,43009.0,57913.85623389144,4.7250000000000005,,0.27246855541567616,10.96671194812354,14.944954301491107
IA,2014,30.9,29.6,32.3,7572.0,9.5,8.8,10.2,1393.0,23.0,3.0,13.043478260869565,,3110643,15.751994472984396,44120.0,58461.49965819897,4.258333333333334,,0.44781738052229075,10.976123691059424,14.950340015196659
IA,2015,32.1,30.5,33.8,5614.0,8.8,8.0,9.6,2752.0,45.0,12.0,26.666666666666668,,3122541,16.033585348396567,45442.0,60141.87996782227,3.716666666666667,,0.8813335037073973,11.004461715911312,14.954157651400068
IA,2016,32.0,30.5,33.4,6645.0,9.3,8.6,10.1,5074.0,73.0,31.0,42.465753424657535,616899.0,3133210,16.366598889856725,45669.0,59689.28148465011,3.6,8.225009280287372,1.6194254454696622,10.996907743640925,14.957568596095303
IA,2017,36.4,35.1,37.7,7113.0,9.6,8.9,10.3,4387.0,67.0,35.0,52.23880597014925,613797.0,3143734,16.7075098273386,46767.0,59849.50475601194,3.091666666666667,7.147314177162808,1.3954742990342057,10.999588436198533,14.960921823354015
IA,2018,35.3,34.2,36.5,8428.0,10.0,9.3,10.7,4796.0,81.0,35.0,43.20987654320987,616440.0,3149900,17.088985158657703,48773.0,60928.43139739327,2.583333333333333,7.780157030692362,1.5225880186672593,11.017455198571632,14.962881264266153
IA,2019,33.9,32.8,35.1,8938.0,10.3,9.6,10.9,12017.0,73.0,26.0,35.61643835616438,625703.0,3159596,17.487271177283887,49674.0,60949.45067569264,2.6583333333333337,19.20559754388264,3.803334350340993,11.017800122164827,14.965954729288564
IA,2020,36.5,35.3,37.7,8692.0,10.2,9.5,10.9,24032.0,79.0,28.0,35.44303797468354,654517.0,3191141,17.44651111772725,52677.0,63846.49814890778,5.216666666666667,36.71715173173501,7.5308486839033435,11.06423701499044,14.975889091059479
IA,2021,36.4,35.1,37.7,8637.0,9.7,9.0,10.5,33910.0,117.0,38.0,32.47863247863248,730946.0,3198613,17.769328897671276,58242.0,67424.00224010243,3.883333333333333,46.391935929603555,10.601470074685496,11.118756349828026,14.97822783630877
IA,2022,37.4,36.0,38.8,8114.0,11.6,10.8,12.4,46693.0,136.0,54.0,39.705882352941174,785601.0,3202820,18.15394530631592,61226.0,65626.48162013337,2.85,59.43602413948047,14.57871500739973,11.091734576707765,14.97954222969715
IA,2023,37.8,36.4,39.2,8171.0,11.3,10.6,12.1,66935.0,159.0,54.0,33.9622641509434,,3218414,18.54194827430837,62760.0,64611.12201856516,2.958333333333333,,20.797510823654136,11.076141842421624,14.984399249595826
IA,2024,36.6,35.3,38.0,8067.0,11.4,10.7,12.2,69885.0,158.0,61.0,38.607594936708864,,3241488,18.89325653596737,65448.0,65448.0,3.141666666666667,,21.55954302468496,11.089011213193535,14.991543041600515
KS,2011,29.6,28.7,30.4,19619.0,9.5,9.1,10.0,1021.0,37.0,15.0,40.54054054054054,,2869677,13.382991359629786,42889.0,59810.83940250512,6.3500000000000005,,0.3557891706976081,10.998942184424406,14.869710037848296
KS,2012,29.8,28.7,31.0,11238.0,9.5,8.9,10.1,1247.0,35.0,5.0,14.285714285714286,,2886024,13.762158778771004,44913.0,61363.58826943367,5.683333333333334,,0.4320823388856087,11.024571913298612,14.875390334289692
KS,2013,30.0,29.2,30.7,21991.0,9.6,9.1,10.0,334.0,20.0,12.0,60.0,,2894306,14.085932221638776,45669.0,61495.68463218368,5.316666666666666,,0.11539899374841499,11.026722282750299,14.878255916589438
KS,2014,31.3,30.3,32.2,12825.0,10.3,9.8,10.9,2634.0,22.0,2.0,9.090909090909092,,2901861,14.403355215171407,46289.0,61335.54754484071,4.525,,0.907693373321465,11.024114848545954,14.880862813277746
KS,2015,34.2,33.4,35.0,20930.0,9.7,9.3,10.1,1996.0,42.0,19.0,45.23809523809524,,2910717,14.720805852685253,46597.0,61670.50703887624,4.175,,0.6857416918236984,11.029561089759365,14.88391000055079
KS,2016,31.2,30.1,32.3,10947.0,9.4,8.9,10.0,3040.0,48.0,20.0,41.666666666666664,397807.0,2912977,15.09092757397612,46717.0,61059.01515510301,4.05,7.641896698650351,1.0436059055735765,11.019596137025204,14.884686140270167
KS,2017,32.4,31.5,33.2,19783.0,10.5,10.0,11.0,5846.0,42.0,5.0,11.904761904761905,379868.0,2910892,15.51186954148377,48271.0,61774.23063436724,3.641666666666667,15.389556372213505,2.0083190994375606,11.031241576459017,14.883970121386817
KS,2018,34.4,33.2,35.6,9901.0,11.6,10.9,12.3,6162.0,55.0,17.0,30.90909090909091,376392.0,2912748,15.935850785394663,50282.0,62813.51131822378,3.3083333333333336,16.371229994261302,2.115528016841828,11.047925477694555,14.884607523445611
KS,2019,35.2,34.1,36.4,10294.0,10.8,10.2,11.5,7341.0,52.0,15.0,28.846153846153847,359058.0,2912635,16.43365390970411,52156.0,63994.83732820842,3.15,20.445164848018983,2.520398196135115,11.066557692341329,14.884568727713207
KS,2020,35.3,34.0,36.5,9592.0,11.1,10.4,11.8,8963.0,61.0,22.0,36.0655737704918,373765.0,2938172,16.311545359696826,55229.0,66939.61778890272,5.825,23.980308482602705,3.050536183722396,11.111546264992558,14.893298177229056
KS,2021,36.0,35.1,37.0,15933.0,11.1,10.5,11.6,12777.0,78.0,30.0,38.46153846153846,418248.0,2938338,16.695524627440868,59197.0,68529.56046508266,3.4333333333333336,30.5488609628737,4.348376531222752,11.13502047080011,14.893354673346666
KS,2022,35.7,34.4,37.0,10179.0,11.4,10.7,12.2,17380.0,96.0,25.0,26.041666666666668,455392.0,2937324,17.125410363005187,61860.0,66306.04895014293,2.783333333333333,38.164921649919194,5.9169502581261035,11.10203640806262,14.893009520745965
KS,2023,35.9,34.6,37.3,9085.0,11.4,10.6,12.3,28174.0,116.0,19.0,16.379310344827587,,2951500,17.525247717802827,63550.0,65424.42326768349,2.891666666666666,,9.545654751821107,11.088650912192255,14.897824073662882
KS,2024,37.6,36.3,38.8,10027.0,12.5,11.8,13.3,31681.0,141.0,21.0,14.893617021276595,,2970606,17.9026422630576,65975.0,65975.0,3.516666666666667,,10.664827311329741,11.097031161371525,14.904276530369511
KY,2011,30.4,28.9,31.9,10114.0,10.8,10.0,11.6,4159.0,36.0,9.0,25.0,,4370817,13.575441914546015,34607.0,48261.179304775,9.375,,0.9515383508392138,10.784382775365641,15.29046050611932
KY,2012,31.3,29.9,32.7,10570.0,10.7,9.9,11.5,3200.0,45.0,17.0,37.77777777777778,,4387865,14.083252417227808,35630.0,48680.441075856026,8.191666666666666,,0.7292840595597175,10.793032607780548,15.294353334179279
KY,2013,33.2,31.8,34.6,10325.0,10.6,9.9,11.4,2038.0,40.0,16.0,40.0,,4406906,14.453615387122976,35758.0,48150.00746847148,7.916666666666667,,0.4624559725122342,10.782076572334702,15.298683413893897
KY,2014,31.6,30.2,33.1,10442.0,12.5,11.6,13.4,5973.0,47.0,16.0,34.04255319148936,,4416992,14.8875822584786,37225.0,49325.23401578551,6.441666666666666,,1.3522777492012663,10.806191075244195,15.300969479392961
KY,2015,34.6,32.9,36.3,8130.0,13.4,12.4,14.6,9275.0,85.0,31.0,36.470588235294116,,4429126,15.251751847522383,38766.0,51306.28314846614,5.25,,2.0940926042745227,10.845568502186584,15.303712831360462
KY,2016,34.2,32.7,35.6,9583.0,13.1,12.2,14.0,18032.0,82.0,30.0,36.58536585365854,1404915.0,4440306,15.633316492665267,39319.0,51389.84559974945,5.075,12.834940192111267,4.0609813828146075,10.847195875501308,15.306233850952527
KY,2017,34.3,32.6,36.0,8018.0,12.9,11.8,14.0,25703.0,87.0,22.0,25.28735632183908,1476865.0,4455590,16.001266991689985,40403.0,51705.25243563091,4.75,17.403757283163998,5.768708521205946,10.853314649835779,15.309670045584014
KY,2018,36.6,34.9,38.4,8013.0,13.7,12.7,14.8,38194.0,107.0,22.0,20.560747663551403,1481700.0,4464273,16.40017988644668,41658.0,52040.19837107844,4.2,25.777147870689074,8.555480366008082,10.85977174451538,15.311616937087315
KY,2019,36.5,34.7,38.2,7468.0,13.3,12.3,14.5,29783.0,108.0,24.0,22.22222222222222,1460176.0,4472345,16.841461443846907,43466.0,53332.30307745815,4.083333333333333,20.396856269381225,6.659369972575909,10.884297488063613,15.313423437531938
KY,2020,36.6,34.6,38.6,3660.0,13.0,11.8,14.3,46345.0,129.0,45.0,34.883720930232556,1533237.0,4508318,16.767383268497646,47086.0,57069.99661786875,6.449999999999999,30.226899037787373,10.279887088710247,10.952033804267895,15.321434692913869
KY,2021,40.3,38.5,42.2,4986.0,13.8,12.6,15.1,75708.0,163.0,57.0,34.969325153374236,1205972.0,4507583,17.105557076168296,51929.0,60115.74142931698,4.458333333333333,62.77757692550076,16.795697383719833,11.004027006848997,15.32127164764493
KY,2022,37.7,35.6,39.9,3680.0,14.8,13.3,16.3,90890.0,215.0,88.0,40.93023255813954,1174378.0,4519233,17.43443776924707,52606.0,56386.93842662817,4.041666666666667,77.39416099416032,20.11181985969743,10.939992822485115,15.323852847143906
KY,2023,,,,,,,,171223.0,221.0,72.0,32.57918552036199,,4550595,17.767137685905723,55675.0,57317.14815780139,4.25,,37.626508181897094,10.956355127700224,15.330768551608353
KY,2024,37.2,35.5,38.9,6709.0,16.2,15.1,17.4,244281.0,220.0,47.0,21.363636363636363,,4588372,18.08077147424464,58310.0,58310.0,4.816666666666667,,53.23914451574545,10.973528884216202,15.339035835025586
LA,2011,33.4,32.0,34.9,10404.0,11.8,11.0,12.7,4080.0,20.0,0.0,0.0,,4576244,12.543556223475536,38966.0,54340.021174613874,7.341666666666666,,0.8915608520874324,10.903016272649271,15.336389132298542
LA,2012,34.7,33.1,36.4,8656.0,12.2,11.3,13.2,4511.0,28.0,2.0,7.142857142857143,,4602067,13.009592718629444,40662.0,55555.545748707766,6.716666666666666,,0.9802117179084964,10.925138623544834,15.342016108358909
LA,2013,33.1,31.1,35.2,5014.0,11.6,10.6,12.8,3525.0,40.0,4.0,10.0,,4626040,13.35117774878977,40996.0,55203.24699864245,6.375,,0.7619908172000243,10.91877705297439,15.347211768515214
LA,2014,34.9,33.4,36.4,6366.0,11.3,10.5,12.1,3660.0,43.0,9.0,20.930232558139537,,4645938,13.713390853013602,42533.0,56358.63474528959,6.241666666666667,,0.7877849424594129,10.939490741895396,15.351503847410706
LA,2015,36.2,34.3,38.1,4324.0,12.7,11.6,13.9,5718.0,85.0,36.0,42.35294117647059,,4666998,14.092951008028178,42484.0,56227.006481954166,6.266666666666667,,1.2251987251762269,10.937152462841793,15.356026596391043
LA,2016,35.5,33.4,37.7,4868.0,12.1,11.0,13.3,7888.0,79.0,23.0,29.11392405063291,1366269.0,4681346,14.526015653175511,42132.0,55066.43034687159,6.041666666666667,5.773387231943343,1.6849854721270336,10.916295559869994,15.359096233380518
LA,2017,36.2,34.4,38.1,4439.0,13.6,12.4,14.8,19014.0,84.0,25.0,29.761904761904763,1508829.0,4673673,14.987002850717383,43486.0,55650.68453866905,5.125,12.601825654199382,4.068320569282447,10.926849657412745,15.357455830144433
LA,2018,36.8,34.9,38.7,4720.0,14.1,12.9,15.4,36100.0,109.0,41.0,37.61467889908257,1526933.0,4664450,15.46390932009215,45465.0,56795.99642184169,4.825,23.642163736064386,7.739390496199981,10.947221116694065,15.355480486063186
LA,2019,35.9,34.1,37.7,4298.0,12.6,11.5,13.7,47106.0,98.0,36.0,36.734693877551024,1528437.0,4658285,15.985407418943687,47015.0,57686.886973420485,4.633333333333334,30.819719752924065,10.112305279732777,10.962785164509143,15.354157912612658
LA,2020,38.1,36.2,40.1,4320.0,14.1,12.9,15.4,56921.0,108.0,39.0,36.111111111111114,1593721.0,4652301,15.908109093222706,50181.0,60821.252607596136,8.683333333333334,35.715787142166036,12.235020906858779,11.015694556343117,15.352872493880916
LA,2021,38.6,36.7,40.6,4590.0,13.6,12.5,14.9,83088.0,142.0,50.0,35.2112676056338,1744348.0,4627971,16.358181215426967,55112.0,63800.54962838717,5.608333333333333,47.6326971452944,17.953440071253688,11.063517084160775,15.347629101070368
LA,2022,40.1,38.3,41.9,5117.0,14.7,13.6,15.8,154097.0,194.0,65.0,33.50515463917526,1815137.0,4593687,16.854114429990478,55297.0,59271.34802450781,3.633333333333333,84.89552028304199,33.545385221065345,10.989881298314504,15.340193527563528
LA,2023,39.9,38.1,41.7,4912.0,16.1,14.8,17.4,301647.0,249.0,99.0,39.75903614457831,,4588071,17.343650442758452,58859.0,60595.06104032388,3.716666666666667,,65.74593113314943,11.011968667751265,15.33897023226423
LA,2024,39.2,37.4,41.1,4196.0,15.4,14.2,16.7,270169.0,187.0,49.0,26.203208556149733,,4597740,17.772228458842125,61667.0,61667.0,4.275,,58.761260967344825,11.02950422078315,15.34107543638197
ME,2011,27.8,26.8,28.9,12643.0,9.6,9.0,10.2,672.0,20.0,5.0,25.0,,1328473,16.277024633957033,39502.0,55087.49978031097,7.774999999999999,,0.505843927577,10.91667810516224,14.09954072030216
ME,2012,28.3,27.2,29.5,9512.0,9.7,9.0,10.3,776.0,21.0,4.0,19.047619047619047,,1328094,17.037413889265743,39992.0,54640.1403173066,7.208333333333333,,0.5842959910970157,10.908524062274072,14.09925538964604
ME,2013,28.9,27.5,30.2,7791.0,9.6,8.9,10.5,962.0,23.0,3.0,13.043478260869565,,1328543,17.69048304381046,39950.0,53794.75357585535,6.683333333333334,,0.7241015157206052,10.892931224217357,14.09959341098977
ME,2014,28.2,26.9,29.5,8705.0,9.5,8.8,10.2,982.0,23.0,2.0,8.695652173913043,,1331217,18.294225401256107,41137.0,54508.85565365664,5.575,,0.7376708680853685,10.906118456509338,14.101604119400232
ME,2015,30.0,28.6,31.4,8579.0,9.9,9.1,10.7,1368.0,46.0,16.0,34.78260869565217,,1329098,18.842416465605787,42939.0,56829.19290388452,4.391666666666667,,1.0292694744857038,10.94780543225269,14.100011074630622
ME,2016,29.9,28.5,31.3,9554.0,10.6,9.8,11.4,2091.0,46.0,8.0,17.391304347826086,271996.0,1332348,19.41792656344041,44234.0,57813.73967444028,3.7916666666666665,7.687613053133134,1.5694097938376461,10.964981737042228,14.102453357220952
ME,2017,29.1,27.7,30.6,9295.0,10.7,9.8,11.6,2803.0,40.0,0.0,0.0,265584.0,1335743,19.99443970262151,45905.0,58746.37064222054,3.375,10.554099644556901,2.0984575625700455,10.980984653795542,14.104998249304696
ME,2018,30.4,28.9,31.9,10224.0,10.6,9.8,11.4,3629.0,48.0,7.0,14.583333333333334,263143.0,1340123,20.643598450499493,47729.0,59624.24091538727,3.1750000000000003,13.790980569500233,2.7079603887105885,10.995817497130773,14.10827195875933
ME,2019,31.7,30.3,33.1,10455.0,10.6,9.8,11.4,5329.0,43.0,7.0,16.27906976744186,283397.0,1345770,21.213983030360733,49983.0,61328.590271030014,2.9,18.804009922476244,3.9598148271992986,11.024001412395144,14.112476897914108
ME,2020,31.0,29.6,32.5,9682.0,10.3,9.5,11.1,0.0,,,,327310.0,1364571,21.31511060204529,54331.0,65851.20813501735,5.116666666666667,0.0,0.0,11.09515305377636,14.126350651488806
ME,2021,31.9,30.6,33.2,10794.0,10.4,9.7,11.2,15080.0,69.0,16.0,23.18840579710145,390602.0,1378931,21.817359907819387,59381.0,68742.56854193748,4.616666666666666,38.6070731844691,10.936007675510957,11.138123915750793,14.136819119265425
ME,2022,33.1,31.8,34.5,9780.0,11.1,10.3,12.0,21281.0,87.0,31.0,35.632183908045974,426352.0,1390922,22.36993076162216,61587.0,66013.42768658992,2.833333333333333,49.91415543963673,15.299923360188421,11.097613450112275,14.145477394566976
ME,2023,32.6,31.4,33.9,11304.0,11.4,10.7,12.1,30637.0,98.0,20.0,20.408163265306122,,1399646,22.953114065780262,65337.0,67264.1312830942,2.6333333333333333,,21.889106245436345,11.116382405993374,14.151729905468873
ME,2024,33.2,32.1,34.4,11275.0,11.5,10.8,12.2,34062.0,105.0,21.0,20.0,,1405012,23.520266747948256,68764.0,68764.0,2.9916666666666667,,24.243209310667808,11.138435631161384,14.155556401638776
MD,2011,28.3,26.9,29.7,9450.0,9.4,8.6,10.2,1481.0,37.0,15.0,40.54054054054054,,5840241,12.556672895781066,51797.0,72233.48757330686,7.283333333333334,,0.2535854256699338,11.187659034155956,15.580282621076233
MD,2012,27.6,26.3,28.9,11947.0,10.2,9.4,11.0,1684.0,43.0,21.0,48.83720930232558,,5888375,13.045413826347357,52481.0,71703.57081397698,6.866666666666667,,0.28598722058292825,11.180295827495144,15.588490626221496
MD,2013,28.3,27.0,29.5,12169.0,9.8,9.1,10.6,2317.0,38.0,12.0,31.57894736842105,,5925197,13.451735154659772,51871.0,69847.00031872823,6.566666666666666,,0.3910418505916343,11.154062419149193,15.594724493377882
MD,2014,29.6,28.1,31.1,11713.0,10.1,9.3,10.9,4087.0,45.0,18.0,40.0,,5960064,13.85863791711436,53075.0,70327.38201176134,5.733333333333333,,0.6857308914803599,11.160916504263442,15.600591777238911
MD,2015,28.9,27.2,30.7,11357.0,10.3,9.4,11.3,6843.0,88.0,43.0,48.86363636363637,,5988528,14.24023923325326,55032.0,72834.11686081588,5.033333333333333,,1.1426848133631504,11.195939762606214,15.605356196987055
MD,2016,29.9,28.9,31.0,16701.0,10.8,10.1,11.4,10820.0,83.0,33.0,39.75903614457831,1180576.0,6007014,14.673958827928274,56606.0,73983.91617333649,4.25,9.165017754045483,1.801227698154191,11.211602999553621,15.608438344443867
MD,2017,31.3,30.0,32.6,12386.0,10.4,9.7,11.1,17264.0,90.0,45.0,50.0,1252769.0,6028186,15.066757255129522,58245.0,74538.33695798139,4.066666666666666,13.780673053052878,2.8638797807499636,11.21906886205162,15.611956694257795
MD,2018,30.9,29.8,32.1,16029.0,12.0,11.3,12.7,23534.0,115.0,54.0,46.95652173913044,1258857.0,6042153,15.508098845319571,59915.0,74847.29188638832,3.8083333333333336,18.69473657452753,3.894969227028842,11.223205208650668,15.614270963348954
MD,2019,32.3,31.1,33.4,15864.0,11.0,10.4,11.7,34270.0,120.0,58.0,48.333333333333336,1263754.0,6054954,15.952608549891536,61723.0,75733.44091588711,3.3833333333333333,27.117619410106713,5.659828299273619,11.234975097704298,15.616387337913222
MD,2020,31.0,29.8,32.2,12562.0,10.2,9.5,10.8,47753.0,120.0,47.0,39.166666666666664,1335952.0,6177935,15.83069624500203,64863.0,78616.38683737886,6.516666666666667,35.7445477083009,7.729605442595301,11.27233544062366,15.636494631201042
MD,2021,34.3,33.2,35.5,13530.0,11.1,10.4,11.8,66725.0,162.0,62.0,38.27160493827161,1471823.0,6179403,16.274798815108987,69268.0,80188.27971510963,5.2,45.33493497519743,10.797968671083598,11.292132644959786,15.636732222825858
MD,2022,33.2,31.9,34.4,14263.0,11.9,11.2,12.7,94550.0,198.0,66.0,33.333333333333336,1567635.0,6192440,16.741260700020334,70886.0,75980.7724843167,3.0,60.313784777706545,15.268617863071746,11.23823559363277,15.638839751158622
MD,2023,34.1,32.8,35.3,15316.0,12.2,11.5,13.0,122197.0,239.0,83.0,34.72803347280335,,6217062,17.233933780216365,75624.0,77854.54894091733,2.216666666666667,,19.655103970331968,11.262597607679876,15.64280800585737
MD,2024,32.7,31.5,33.8,12984.0,12.4,11.7,13.2,134176.0,236.0,87.0,36.86440677966102,,6263220,17.67836823848536,79486.0,79486.0,3.1666666666666665,,21.422846395304653,11.283336184505956,15.650204987826587
MA,2011,22.7,21.8,23.7,20532.0,8.0,7.5,8.5,2885.0,20.0,3.0,15.0,,6614218,13.955388829967498,54757.0,76361.35450029082,7.233333333333333,,0.4361815712756973,11.243232016030852,15.70473213236775
MA,2012,22.9,22.0,23.8,19904.0,8.4,7.9,8.9,3687.0,39.0,6.0,15.384615384615385,,6664269,14.410055949994195,56259.0,76865.36442566893,6.7,,0.5532489759942163,11.249810656448698,15.712270828160584
MA,2013,23.6,22.5,24.8,13883.0,8.5,7.9,9.2,4442.0,41.0,1.0,2.4390243902439024,,6715158,14.759206199309864,56119.0,75567.15333976036,6.658333333333334,,0.6614885308729891,11.2327769881212,15.719877917074427
MA,2014,23.3,22.3,24.4,14394.0,9.7,9.0,10.4,6056.0,45.0,3.0,6.666666666666667,,6764864,15.100705744293704,58129.0,77024.21835066745,5.758333333333333,,0.8952138579578244,11.251875175418148,15.727252715911186
MA,2015,24.3,23.0,25.6,8206.0,8.9,8.2,9.7,9655.0,100.0,33.0,33.0,,6797484,15.434598070285103,61536.0,81442.07397781592,4.8,,1.42037848121452,11.307647297788868,15.732063101679445
MA,2016,23.6,22.3,24.9,7480.0,9.3,8.5,10.1,16443.0,91.0,10.0,10.989010989010989,1754529.0,6827280,15.787025799241771,63476.0,82962.990902355,4.016666666666667,9.371745921555016,2.4084261960839455,11.326149894596295,15.736436909181764
MA,2017,25.9,24.1,27.7,6272.0,9.5,8.5,10.6,22798.0,91.0,11.0,12.087912087912088,1739529.0,6863560,16.121037951391774,66069.0,84551.00668687222,3.8333333333333335,13.10584646763578,3.3215998694555013,11.345110260664743,15.741736815531176
MA,2018,25.7,24.3,27.2,6092.0,8.6,7.8,9.5,31886.0,103.0,22.0,21.359223300970875,1712795.0,6885720,16.515807051225224,69191.0,86435.0992724876,3.458333333333333,18.6163551388228,4.630743045026518,11.367149113878094,15.74496025984069
MA,2019,25.2,23.9,26.5,6787.0,8.4,7.7,9.2,45719.0,107.0,30.0,28.037383177570092,1653642.0,6894883,16.948802240945145,72381.0,88810.68948257255,3.0500000000000003,27.647459365449112,6.6308594359034085,11.394262298791523,15.746290100247583
MA,2020,24.4,23.0,25.9,6124.0,8.8,7.9,9.7,63697.0,123.0,41.0,33.333333333333336,1712078.0,6994598,16.975707362862103,77596.0,94049.26002548831,9.341666666666669,37.204496524106965,9.106599121207537,11.451573966813996,15.760648694809118
MA,2021,27.4,25.9,28.8,6686.0,8.9,8.1,9.9,85847.0,168.0,52.0,30.952380952380953,1881538.0,7000474,17.386744507820918,84132.0,97395.62783668654,5.316666666666666,45.6259719442286,12.263026760759344,11.486536599882712,15.761488419012792
MA,2022,27.2,26.0,28.5,9701.0,10.5,9.6,11.4,121224.0,208.0,86.0,41.34615384615385,2072783.0,7022468,17.881665544974354,85405.0,91543.29309063945,3.641666666666667,58.483690767436826,17.262307211652654,11.42456728789572,15.764625281168382
MA,2023,27.4,26.0,28.8,8436.0,9.8,8.9,10.8,187225.0,234.0,69.0,29.487179487179485,,7066568,18.349917940597827,89860.0,92510.44334908007,3.466666666666667,,26.494473696425196,11.435076818198807,15.770885488612507
MA,2024,27.0,25.8,28.2,8302.0,9.6,8.9,10.3,255295.0,295.0,66.0,22.372881355932204,,7136171,18.74360607491055,93575.0,93575.0,3.983333333333333,,35.77478734744445,11.446518532772629,15.78068691595936
MI,2011,31.3,30.0,32.6,10579.0,10.0,9.3,10.7,2174.0,40.0,8.0,20.0,,9883053,14.059083183737348,37689.0,52559.1812875333,10.141666666666667,,0.21997251254242994,10.869695076315965,16.106332030088048
MI,2012,31.1,29.8,32.3,10052.0,10.4,9.7,11.2,2994.0,41.0,6.0,14.634146341463415,,9898289,14.588149002807045,39042.0,53342.17739218554,9.066666666666666,,0.30247651892160354,10.884482617903705,16.10787247188546
MI,2013,31.5,30.4,32.6,12177.0,10.4,9.7,11.0,3706.0,40.0,2.0,5.0,,9914802,15.01137436310882,39292.0,52908.72234048832,8.733333333333333,,0.3737845697775911,10.876323487817697,16.10953934999382
MI,2014,30.7,29.4,32.0,8024.0,10.4,9.7,11.1,5803.0,43.0,2.0,4.651162790697675,,9932033,15.42519983730577,40829.0,54100.7382036402,7.225,,0.5842711154906554,10.898603109910429,16.11127574819831
MI,2015,31.2,29.9,32.4,8329.0,10.7,10.0,11.5,10082.0,98.0,32.0,32.6530612244898,,9934483,15.829597040249652,42982.0,56886.10282947354,5.416666666666667,,1.014848986102246,10.948806351785514,16.1115223943654
MI,2016,32.5,31.4,33.6,11130.0,11.2,10.5,11.8,17460.0,97.0,24.0,24.742268041237114,2367567.0,9954117,16.257892989707567,44080.0,57612.46201675922,4.991666666666666,7.374659302144353,1.7540480988921467,10.961494177740358,16.113496792400273
MI,2017,32.3,31.1,33.4,10129.0,11.0,10.4,11.8,22152.0,96.0,17.0,17.708333333333332,2430634.0,9976752,16.691572282521232,45264.0,57926.05861560768,4.583333333333333,9.11367157704533,2.2203618973389334,10.96692262475909,16.115768144415206
MI,2018,33.0,31.8,34.2,9589.0,11.7,10.9,12.5,27043.0,106.0,31.0,29.245283018867923,2438632.0,9987286,17.152549632261064,47089.0,58824.7371716288,4.166666666666667,11.089414064934767,2.707742623972118,10.98231774561497,16.116823442043632
MI,2019,36.0,34.7,37.3,9857.0,11.1,10.4,11.8,31932.0,97.0,24.0,24.742268041237114,2404605.0,9984795,17.665322190390906,48577.0,59603.44376279585,4.075,13.27951992115129,3.198062654265811,10.995468632639133,16.1165739938251
MI,2020,35.2,33.7,36.7,6757.0,12.3,11.4,13.3,45193.0,106.0,37.0,34.905660377358494,2545009.0,10072703,17.64773873278793,52820.0,64019.81950804543,10.075,17.757501054023777,4.486680486856408,11.066947994214123,16.12533964972889
MI,2021,34.4,33.1,35.7,8320.0,10.8,10.1,11.6,97743.0,162.0,48.0,29.62962962962963,2809304.0,10041351,18.14912000484501,57084.0,66083.44053902694,5.691666666666666,34.79260343487213,9.73404873507559,11.098673473108025,16.122222224928226
MI,2022,34.5,33.2,35.8,8750.0,11.6,10.9,12.4,196390.0,248.0,90.0,36.29032258064516,2958233.0,10050877,18.61800154226772,58052.0,62224.35747904456,4.15,66.38760368098119,19.5395884359146,11.038501801413812,16.123170452343697
MI,2023,35.4,34.0,36.8,9087.0,12.4,11.6,13.3,354520.0,268.0,51.0,19.029850746268657,,10083356,19.1253487342803,61335.0,63144.091284396025,3.9,,35.158929229514456,11.053174557041508,16.126396701704373
MI,2024,36.1,34.8,37.5,10330.0,13.6,12.8,14.5,397570.0,314.0,67.0,21.337579617834393,,10140459,19.58779023799792,63945.0,63945.0,4.683333333333334,,39.20631206141655,11.065778617867421,16.132043821375014
MN,2011,25.7,24.6,26.8,14387.0,7.3,6.8,7.9,3395.0,40.0,8.0,20.0,,5346620,13.08803145702927,45134.0,62941.603338680456,6.575,,0.6349806045688678,11.049962644375293,15.49197514351689
MN,2012,25.7,24.7,26.8,11429.0,7.3,6.8,8.0,5416.0,43.0,7.0,16.27906976744186,,5377500,13.546951823740836,47399.0,64760.15230296098,5.658333333333334,,1.007159460715946,11.078445759594874,15.497734140124022
MN,2013,25.5,24.1,26.8,13450.0,7.4,6.7,8.3,6354.0,41.0,1.0,2.4390243902439024,,5414722,13.910187110033457,47413.0,63844.071371515136,5.041666666666667,,1.1734674467128692,11.06419900470664,15.504632098225843
MN,2014,27.6,26.8,28.5,15309.0,8.1,7.7,8.6,8834.0,46.0,5.0,10.869565217391305,,5452665,14.269417599095163,49357.0,65400.821365134325,4.241666666666666,,1.6201252048310322,11.088290096466338,15.511615037948062
MN,2015,26.1,25.3,27.0,15340.0,7.6,7.1,8.0,10792.0,93.0,35.0,37.634408602150536,,5484002,14.63356081294317,51353.0,67965.00950635044,3.758333333333333,,1.9679059198009046,11.126748285640602,15.517345684361576
MN,2016,27.8,26.9,28.6,15420.0,8.4,8.0,8.9,15589.0,85.0,24.0,28.235294117647058,1106955.0,5525360,15.02612044137055,51982.0,67940.35845179623,3.8666666666666663,14.082776625969439,2.8213546266668597,11.1263855177059,15.524858961616417
MN,2017,28.4,27.5,29.4,15445.0,7.8,7.3,8.2,20647.0,78.0,9.0,11.538461538461538,1120265.0,5569283,15.423233911880784,53826.0,68883.17495236169,3.4416666666666664,18.430460649935505,3.7072994854095223,11.14016723200508,15.53277687830347
MN,2018,30.1,29.2,30.9,15631.0,8.9,8.5,9.4,25775.0,96.0,24.0,25.0,1104202.0,5608762,15.85160130174547,56201.0,70207.67172338997,3.025,23.342649261638723,4.595488273526315,11.159212867851837,15.539840575784194
MN,2019,30.1,29.2,31.1,14139.0,8.8,8.3,9.3,31109.0,95.0,22.0,23.157894736842106,1053304.0,5640053,16.305880345524773,57903.0,71046.34300589102,3.275,29.534683244343512,5.515728309645318,11.171087661488283,15.545404020593208
MN,2020,30.7,29.8,31.7,14247.0,8.8,8.3,9.3,39338.0,108.0,21.0,19.444444444444443,1116893.0,5710735,16.310271031376313,61372.0,74385.1640069626,6.291666666666667,35.22092089394418,6.888430298376654,11.217011792428096,15.557858294889442
MN,2021,32.4,31.5,33.3,14380.0,9.0,8.5,9.5,47475.0,151.0,45.0,29.801324503311257,1257114.0,5718660,16.78430756671166,67730.0,78407.81002922526,3.6833333333333336,37.76507142550317,8.301769995068774,11.269678819096693,15.559245070177212
MN,2022,33.6,32.6,34.7,15208.0,10.2,9.6,10.8,57793.0,208.0,76.0,36.53846153846154,1355649.0,5721621,17.311022490008277,69467.0,74459.78503749722,2.4166666666666665,42.63124156769193,10.100808844206913,11.218014460469776,15.559762714816555
MN,2023,33.3,32.1,34.4,14412.0,10.5,9.7,11.3,86424.0,241.0,50.0,20.74688796680498,,5753048,17.79527528941212,72674.0,74817.53794737419,2.7916666666666665,,15.022297745473356,11.222807601017143,15.565240359283594
MN,2024,32.3,31.4,33.3,13528.0,10.1,9.5,10.7,116869.0,266.0,54.0,20.30075187969925,,5793151,18.250126973527703,75548.0,75548.0,3.1333333333333333,,20.17364988414768,11.232523494815737,15.572186915680705
MS,2011,34.9,33.5,36.3,8504.0,12.3,11.5,13.2,1061.0,25.0,5.0,20.0,,2979147,13.11756076451594,32454.0,45258.71393524916,9.8,,0.3561422111765549,10.72015050374292,14.9071475758959
MS,2012,34.6,33.1,36.2,7429.0,12.5,11.7,13.5,1032.0,42.0,20.0,47.61904761904762,,2984599,13.589149008373331,33441.0,45689.661241024456,8.825000000000001,,0.3457750940746144,10.729627320238398,14.908975957426176
MS,2013,35.1,33.5,36.8,7032.0,12.9,11.9,13.9,699.0,34.0,11.0,32.35294117647059,,2989839,13.94118032797911,33976.0,45750.45175202156,8.491666666666665,,0.23379185300613176,10.730956945016043,14.910730097763267
MS,2014,35.5,33.4,37.6,3975.0,13.0,11.8,14.3,822.0,38.0,15.0,39.473684210526315,,2991892,14.321160683811218,34623.0,45877.436597140135,7.6,,0.2747425374980113,10.7337286977805,14.911416521168334
MS,2015,35.6,33.8,37.5,5664.0,14.7,13.6,15.9,2064.0,73.0,43.0,58.9041095890411,,2990231,14.712060431213652,35100.0,46454.38112034157,6.45,,0.6902476765172991,10.74622605885432,14.910861199907744
MS,2016,37.3,35.4,39.1,4821.0,13.6,12.5,14.7,4482.0,70.0,23.0,32.857142857142854,722413.0,2990595,15.095046305471673,35638.0,46578.78678206137,5.991666666666667,6.204207288628527,1.4986984195452744,10.748900497200921,14.910982922225179
MS,2017,37.3,35.3,39.3,4750.0,14.2,13.0,15.4,6193.0,69.0,25.0,36.231884057971016,708834.0,2990674,15.494493534135252,36579.0,46811.53451087649,5.208333333333333,8.736883388776498,2.070770669086634,10.753884915446116,14.911009338024236
MS,2018,39.5,37.8,41.2,5477.0,14.3,13.3,15.4,7763.0,72.0,24.0,33.333333333333336,680431.0,2982879,15.93016447148988,37624.0,47000.82633620086,4.941666666666667,11.408945212666678,2.6025192439921296,10.757920462158935,14.908399499482758
MS,2019,40.8,39.0,42.7,4737.0,14.8,13.7,16.0,9614.0,75.0,28.0,37.333333333333336,664477.0,2978227,16.416199092701795,39142.0,48026.80272069817,5.491666666666667,14.468521860049332,3.2280951049063753,10.77951452406288,14.906838714975866
MS,2020,39.7,38.1,41.3,6075.0,14.6,13.6,15.7,12298.0,94.0,46.0,48.93617021276596,684228.0,2958536,16.49315457035442,42464.0,51467.95940154565,8.0,17.973540983414885,4.156785653444812,10.848714745494934,14.900205109353397
MS,2021,39.1,37.1,41.1,4110.0,15.2,14.0,16.6,13579.0,118.0,43.0,36.440677966101696,785626.0,2947209,16.82154532159062,47035.0,54450.18964601521,5.408333333333334,17.28430576381128,4.607409925797594,10.905041611293797,14.89636917878439
MS,2022,39.5,37.5,41.4,3935.0,15.3,14.0,16.8,18003.0,164.0,71.0,43.292682926829265,828964.0,2941939,17.209797228376157,46995.0,50372.66036876765,3.733333333333333,21.717469033637165,6.119433475677096,10.827203853877961,14.894579445734138
MS,2023,40.1,37.9,42.2,3837.0,17.0,15.4,18.7,30181.0,234.0,88.0,37.60683760683761,,2943172,17.64016484726804,49673.0,51138.11765500617,3.1166666666666667,,10.254582470885154,10.842285440483092,14.894998469272705
MS,2024,40.4,38.1,42.7,2824.0,15.2,13.6,16.9,41467.0,233.0,84.0,36.05150214592275,,2943045,18.032745515489,51948.0,51948.0,3.1750000000000003,,14.089828731806683,10.85799849722998,14.894955317618589
MO,2011,30.3,28.6,32.0,6095.0,10.2,9.3,11.2,6081.0,20.0,2.0,10.0,,6011182,14.233913789296436,38402.0,53553.49517906693,8.575000000000001,,1.011614687427531,10.8884363431963,15.609131959386925
MO,2012,29.6,28.0,31.2,6446.0,10.7,9.7,11.7,7715.0,21.0,2.0,9.523809523809524,,6026027,14.70495214315439,39983.0,54627.84382643704,7.141666666666667,,1.2802796934032987,10.908298991938642,15.611598479246481
MO,2013,30.4,28.8,32.1,6783.0,9.6,8.8,10.5,8491.0,21.0,1.0,4.761904761904762,,6042989,15.07818929767852,40121.0,54025.01397288842,6.758333333333333,,1.4050993639074967,10.897202440012506,15.614409315054102
MO,2014,30.2,28.6,31.9,6695.0,11.1,10.2,12.1,8404.0,29.0,7.0,24.137931034482758,,6059130,15.440357233719634,41380.0,54830.84442103974,6.166666666666667,,1.3869978033149974,10.912008168991518,15.617076783382712
MO,2015,32.4,30.8,34.0,6764.0,11.5,10.6,12.4,9954.0,55.0,12.0,21.818181818181817,,6075411,15.770911559605656,42677.0,56482.43940378397,5.1000000000000005,,1.63840767315989,10.941685061811349,15.619760199223423
MO,2016,31.7,30.0,33.4,6578.0,11.5,10.6,12.6,12063.0,50.0,10.0,20.0,1048975.0,6091384,16.14796021659459,43826.0,57280.4845813632,4.575,11.499797421292214,1.9803381300538596,10.95571526146891,15.622385871666609
MO,2017,32.5,30.9,34.0,7010.0,10.4,9.6,11.3,14045.0,40.0,3.0,7.5,1059143.0,6111382,16.513296317487207,44781.0,57307.94518525821,3.7916666666666665,13.260721167963155,2.298170855626436,10.956194552519092,15.625663492150828
MO,2018,35.0,33.3,36.8,5802.0,11.5,10.5,12.5,17509.0,51.0,11.0,21.568627450980394,1020048.0,6125986,16.90332403209329,46680.0,58313.80431038316,3.233333333333333,17.164878515520837,2.858152140732937,10.973594124934545,15.628050281031078
MO,2019,34.8,33.2,36.4,6726.0,10.3,9.5,11.2,20997.0,43.0,2.0,4.651162790697675,938063.0,6140475,17.343354088932546,48425.0,59416.94143758134,3.233333333333333,22.383358047380614,3.4194423069876514,10.992334674073161,15.630412658694592
MO,2020,34.0,32.7,35.4,8439.0,10.8,10.0,11.6,25211.0,49.0,9.0,18.367346938775512,980169.0,6154744,17.186908096012335,52204.0,63273.204422529416,6.216666666666666,25.72107463100751,4.096189865898565,11.055217207650418,15.63273372453425
MO,2021,37.3,35.9,38.7,11225.0,11.3,10.5,12.1,31614.0,68.0,19.0,27.941176470588236,1154898.0,6171374,17.508280929413505,56896.0,65865.8018518057,4.116666666666666,27.373846001984592,5.122684186698132,11.095374645761321,15.635432061527338
MO,2022,36.4,34.9,38.0,6846.0,11.7,10.8,12.7,59759.0,88.0,32.0,36.36363636363637,1384665.0,6179414,17.92857673464449,58527.0,62733.49704017159,2.6333333333333333,43.15773129240647,9.670658091527773,11.04665082702893,15.63673400293151
MO,2023,35.3,33.7,36.9,6585.0,12.3,11.4,13.4,116884.0,105.0,23.0,21.904761904761905,,6208038,18.35705545366557,62456.0,64298.15546194241,3.1166666666666667,,18.827848669740746,11.071286223374782,15.641355461960478
MO,2024,34.6,33.1,36.2,6739.0,11.2,10.4,12.2,128660.0,102.0,21.0,20.58823529411765,,6245466,18.773092515484898,64940.0,64940.0,3.7,,20.600544458972315,11.081219045656837,15.647366318453662
MT,2011,24.6,23.3,26.0,9882.0,7.9,7.2,8.7,415.0,16.0,3.0,18.75,,997518,15.154575339431435,38150.0,53202.068670418295,6.625,,0.4160325928955668,10.881852559356041,13.813025472696127
MT,2012,24.3,23.1,25.5,8357.0,7.2,6.6,7.9,586.0,20.0,4.0,20.0,,1004168,15.7394010960608,40217.0,54947.5525890458,5.783333333333334,,0.5835676898686276,10.914134419969015,13.819669895912886
MT,2013,24.6,23.4,25.8,9323.0,7.7,7.0,8.4,719.0,24.0,5.0,20.833333333333332,,1014158,16.172349589061707,40142.0,54053.29156550652,5.3,,0.7089625088004039,10.897725719742375,13.829569269535252
MT,2014,26.4,24.9,27.9,7064.0,8.8,8.0,9.6,729.0,24.0,5.0,20.833333333333332,,1022657,16.65099506491773,41850.0,55453.62104931158,4.641666666666667,,0.7128489806455146,10.923302293609606,13.837914700344506
MT,2015,23.6,22.1,25.2,5563.0,7.9,7.0,8.8,1116.0,44.0,19.0,43.18181818181818,,1031495,17.135151228567924,43095.0,57035.65681997493,4.241666666666666,,1.0819247790827875,10.951431909481862,13.846519764171953
MT,2016,25.5,23.9,27.2,5483.0,8.1,7.3,9.0,2670.0,47.0,15.0,31.914893617021278,199937.0,1042137,17.64520651893395,43301.0,56594.3107483596,4.266666666666667,13.354206575071148,2.5620431862605395,10.943663742325686,13.856783970580047
MT,2017,25.3,23.8,26.9,5512.0,7.9,7.0,8.8,4724.0,43.0,3.0,6.976744186046512,259235.0,1053862,18.14014868755808,45369.0,58060.43110046627,4.1,18.222847995062395,4.482560335224156,10.969239662636593,13.86797206972012
MT,2018,26.9,25.2,28.5,4804.0,9.3,8.4,10.4,6920.0,49.0,10.0,20.408163265306122,256512.0,1061818,18.72703769220302,47208.0,58973.3948989839,3.725,26.977295409181636,6.517124403617192,10.984841687271057,13.875493091333093
MT,2019,28.3,27.0,29.7,6043.0,7.6,6.9,8.3,9009.0,43.0,2.0,4.651162790697675,248851.0,1070123,19.301268937014445,49654.0,60924.91089605915,3.5,36.20238616682272,8.418658415901723,11.017397415973818,13.883284153102496
MT,2020,28.5,27.1,30.0,5852.0,9.1,8.3,9.9,10558.0,51.0,11.0,21.568627450980394,242910.0,1087230,19.387524417914744,53572.0,64931.27169036369,5.825,43.46465769214936,9.710916733349888,11.081084630870013,13.899143735257352
MT,2021,31.8,30.3,33.3,5787.0,8.9,8.1,9.7,12560.0,63.0,9.0,14.285714285714286,271840.0,1106522,19.71890225938768,59236.0,68574.70891615514,3.3833333333333333,46.20364920541495,11.35088141040124,11.135679071045137,13.916732320788013
MT,2022,30.5,29.1,32.0,6532.0,8.4,7.7,9.2,16913.0,77.0,22.0,28.571428571428573,292173.0,1122095,20.07454482074384,62117.0,66581.52024953165,2.6583333333333337,57.88693684905861,15.072698835660082,11.106182344294766,13.930708031712186
MT,2023,30.5,29.0,31.9,6705.0,9.4,8.7,10.3,21859.0,93.0,20.0,21.50537634408602,,1131302,20.580436337910545,66221.0,68174.2050859051,2.733333333333333,,19.32198475738574,11.129821547739763,13.938879739790659
MT,2024,31.0,29.5,32.4,6402.0,8.7,8.0,9.5,22247.0,103.0,30.0,29.12621359223301,,1137233,21.10874463684909,69220.0,69220.0,3.0,,19.56239398610487,11.145045117189335,13.944108676980228
NE,2011,28.4,27.6,29.2,24366.0,8.4,7.9,8.8,328.0,19.0,6.0,31.57894736842105,,1840914,13.59941529239471,45607.0,63601.225317215394,4.366666666666666,,0.17817236437986783,11.06038801513658,14.425772745381563
NE,2012,28.6,27.7,29.6,18385.0,8.1,7.6,8.6,295.0,18.0,6.0,33.333333333333336,,1853691,13.934151553096314,46385.0,63374.74766498966,3.9166666666666665,,0.15914194976401136,11.056820759268037,14.43268934455084
NE,2013,29.6,28.4,30.7,16250.0,9.2,8.5,9.9,496.0,20.0,1.0,5.0,,1865813,14.167732066721925,45911.0,61821.550223306505,3.716666666666667,,0.2658358581486998,11.032007291775882,14.43920744100536
NE,2014,30.2,29.2,31.3,21130.0,9.2,8.6,9.7,649.0,22.0,2.0,9.090909090909092,,1879955,14.459516450195652,48187.0,63850.50507773422,3.233333333333333,,0.3452210292267634,11.064299771808948,14.446758398349445
NE,2015,31.4,30.3,32.5,16265.0,8.8,8.2,9.4,1107.0,45.0,13.0,28.88888888888889,,1892059,14.751505688628471,49708.0,65787.87398090994,2.975,,0.5850768924224878,11.094190814326248,14.453176212040098
NE,2016,32.0,30.8,33.2,14173.0,8.8,8.2,9.5,1388.0,42.0,7.0,16.666666666666668,217417.0,1906483,15.071486246490432,48688.0,63635.107773865086,3.108333333333334,6.384045405833031,0.7280421593059052,11.060920606050313,14.460770741376638
NE,2017,32.8,31.6,34.0,14330.0,10.1,9.5,10.8,2210.0,56.0,21.0,37.5,219489.0,1916998,15.39814105221721,49533.0,63389.25992857228,2.958333333333333,10.068841718719389,1.1528441865875707,11.057049724317684,14.46627097873042
NE,2018,34.1,32.9,35.3,13669.0,9.7,9.1,10.4,3442.0,55.0,25.0,45.45454545454545,220068.0,1925512,15.73861954532379,51436.0,64255.11650618826,2.908333333333333,15.640620171946853,1.7875764991337368,11.07061663392438,14.470702464365175
NE,2019,34.1,33.0,35.2,14710.0,10.2,9.6,10.8,4109.0,57.0,27.0,47.36842105263158,218633.0,1932571,16.16098942607991,53513.0,65659.86137634053,3.1166666666666667,18.79405213302658,2.126183203618392,11.092243079818822,14.474361798742944
NE,2020,34.0,32.8,35.2,13601.0,9.9,9.3,10.5,5387.0,58.0,25.0,43.10344827586207,236524.0,1963387,16.065780504779124,56911.0,68978.26482435392,4.266666666666667,22.775701408736534,2.7437280576880667,11.141546731410077,14.490181601051276
NE,2021,35.9,34.8,37.1,13699.0,9.6,9.0,10.3,11144.0,73.0,17.0,23.28767123287671,302552.0,1964537,16.42326428662258,63652.0,73686.902760671,2.658333333333333,36.833337740289274,5.6725834127837755,11.20758035221782,14.490767152112273
NE,2022,35.3,33.7,36.9,6853.0,10.8,10.0,11.7,20712.0,90.0,35.0,38.888888888888886,339677.0,1972246,16.810270277969384,66354.0,71123.04513478473,2.158333333333333,60.97557385398481,10.501732542492164,11.172166686126975,14.49468355281483
NE,2023,36.6,35.4,37.8,11839.0,10.6,9.9,11.3,32410.0,99.0,21.0,21.21212121212121,,1987864,17.1599950540147,71506.0,73615.08749298153,2.3000000000000003,,16.303932260959503,11.206605276819912,14.502571253395777
NE,2024,37.6,36.4,38.9,11750.0,10.5,9.9,11.2,34591.0,99.0,23.0,23.232323232323232,,2005465,17.479669103339678,72696.0,72696.0,2.716666666666667,,17.248368832166108,11.194041641375183,14.511386512032976
NV,2011,24.5,22.5,26.6,5205.0,10.4,8.9,12.0,330.0,35.0,21.0,60.0,,2713114,12.566667444075607,38595.0,53822.64325910339,12.983333333333334,,0.12163145374650679,10.893449536027392,14.813607610662423
NV,2012,26.2,24.3,28.2,4592.0,8.9,7.8,10.2,673.0,37.0,15.0,40.54054054054054,,2744670,13.211280294467104,39680.0,54213.86196716158,11.533333333333331,,0.24520251979290772,10.900691910579475,14.8251714071197
NV,2013,26.2,24.0,28.6,4871.0,9.6,8.2,11.2,870.0,37.0,15.0,40.54054054054054,,2776956,13.761454949471275,39331.0,52961.23786963621,9.966666666666669,,0.3132926845077848,10.877315564009109,14.83686592172697
NV,2014,27.7,25.4,30.1,3555.0,9.6,8.4,10.9,1603.0,41.0,16.0,39.02439024390244,,2818935,14.256827525275916,41126.0,54494.28003044177,8.200000000000001,,0.5686544741187718,10.905851021573449,14.851869712008492
NV,2015,26.7,24.1,29.5,2701.0,9.7,8.2,11.3,3726.0,89.0,40.0,44.943820224719104,,2868531,14.699017975035895,43799.0,57967.39141566497,6.866666666666667,,1.2989226890000491,10.96763591445404,14.869310610007675
NV,2016,25.8,23.9,27.8,3981.0,11.1,9.9,12.4,6743.0,81.0,21.0,25.925925925925927,623508.0,2919555,15.08089519917174,44715.0,58442.40560524929,5.833333333333333,10.81461665287374,2.309598551834098,10.975797028693844,14.886941765370548
NV,2017,26.7,24.5,29.0,3496.0,10.4,9.1,11.9,8032.0,94.0,38.0,40.42553191489362,641777.0,2972097,15.435539446040874,46991.0,60136.16605704359,5.008333333333334,12.515250624438083,2.7024689974788845,11.004366704211806,14.90477832224142
NV,2018,29.5,27.1,32.0,3005.0,10.7,9.4,12.3,10254.0,124.0,57.0,45.96774193548387,651360.0,3030725,15.786796702006724,49289.0,61573.031290798535,4.408333333333333,15.742446573323507,3.3833488686700375,11.027979249936779,14.924312422791504
NV,2019,30.6,28.2,33.1,2580.0,10.9,9.4,12.7,12561.0,110.0,39.0,35.45454545454545,640079.0,3090771,16.158805536336224,51942.0,63732.2616861301,4.108333333333333,19.624140145200826,4.0640345078946325,11.062446176241794,14.943931132313454
NV,2020,28.7,26.2,31.3,2280.0,11.1,9.5,12.8,16897.0,119.0,40.0,33.61344537815126,698906.0,3116967,16.32172084621412,54686.0,66281.48143917025,13.675,24.176355618638272,5.420974941345224,11.101665822515372,14.952370971590447
NV,2021,31.3,28.7,34.1,2469.0,11.5,10.0,13.3,27815.0,154.0,55.0,35.714285714285715,810449.0,3148141,16.716775835347693,61024.0,70644.5917499401,6.841666666666666,34.320481609576916,8.835373002670465,11.16541683528789,14.962322677859449
NV,2022,33.5,31.0,36.2,2906.0,10.1,8.8,11.5,39574.0,193.0,77.0,39.89637305699482,869353.0,3176116,17.048418035685895,62696.0,67202.1345777265,5.2250000000000005,45.521209451166555,12.459872372419648,11.11546029055626,14.971169624611653
NV,2023,30.8,27.9,33.8,2447.0,11.9,10.0,14.2,40375.0,205.0,72.0,35.1219512195122,,3214363,17.392644426047823,66767.0,68736.30949352359,5.116666666666666,,12.560809093434687,11.138032861059227,14.983139762274718
NV,2024,34.2,31.3,37.3,2472.0,13.6,11.5,15.9,54480.0,205.0,50.0,24.390243902439025,,3267467,17.690612241889173,70104.0,70104.0,5.391666666666667,,16.67346602123296,11.157735132735686,14.999525624965091
NH,2011,26.2,24.7,27.7,6049.0,8.7,7.9,9.5,467.0,17.0,1.0,5.882352941176471,,1320444,13.986468085300068,49086.0,68452.86350605905,5.491666666666667,,0.353668917424745,11.133900663385191,14.093478601641351
NH,2012,27.3,25.8,28.8,7182.0,9.1,8.4,9.9,549.0,17.0,2.0,11.764705882352942,,1324677,14.705071050326591,50715.0,69290.72605001512,5.4750000000000005,,0.41444065232505733,11.146066352990761,14.096679214099943
NH,2013,26.7,25.3,28.3,6141.0,9.2,8.3,10.1,659.0,25.0,9.0,36.0,,1327272,15.352628240279444,50423.0,67897.19298010899,5.25,,0.4965071213737651,11.125749972193114,14.09863626593484
NH,2014,27.4,25.8,29.1,5730.0,9.1,8.3,10.1,837.0,36.0,16.0,44.44444444444444,,1334257,15.934361092021115,51988.0,68887.04542680073,4.316666666666666,,0.627315427237781,11.140223419393463,14.103885140575533
NH,2015,26.3,24.8,27.9,6366.0,8.1,7.4,8.9,1064.0,54.0,31.0,57.407407407407405,,1337480,16.423515849281177,54161.0,71681.35999597776,3.391666666666667,,0.7955259144061967,11.179986020626997,14.10629780436947
NH,2016,26.6,25.0,28.2,5888.0,9.0,8.2,9.8,912.0,60.0,41.0,68.33333333333333,197277.0,1343694,16.934053915520828,55677.0,72769.71523836441,2.891666666666666,4.622941346431667,0.6787259599283766,11.195055148159975,14.110933095571102
NH,2017,28.1,26.3,29.9,5191.0,8.4,7.6,9.3,1002.0,58.0,34.0,58.62068965517241,195471.0,1350395,17.477297037255024,57878.0,74068.67312995187,2.808333333333333,5.1260800834906455,0.742005117021316,11.212747957115978,14.11590770021034
NH,2018,29.6,27.9,31.4,5235.0,10.3,9.5,11.3,1662.0,77.0,53.0,68.83116883116882,191281.0,1355064,18.05496563262924,60335.0,75371.96621822982,2.6333333333333333,8.68878769977154,1.2265103345672235,11.230190684041753,14.119359243652845
NH,2019,31.8,30.0,33.6,5220.0,9.2,8.3,10.2,3855.0,58.0,27.0,46.55172413793103,184806.0,1360783,18.647933945089097,63946.0,78461.03742214924,2.5500000000000003,20.85971234700172,2.8329278070052317,11.27035744198239,14.123570827334374
NH,2020,29.9,28.2,31.6,5596.0,8.8,8.1,9.7,5545.0,62.0,26.0,41.935483870967744,200943.0,1378756,18.79382838319747,67564.0,81890.10006137035,6.75,27.594890093210513,4.02174133784368,11.313133384163235,14.136692201308286
NH,2021,30.6,29.0,32.3,5657.0,8.7,7.9,9.6,7967.0,89.0,41.0,46.06741573033708,231610.0,1387677,19.41696897691292,73970.0,85631.56220082376,3.458333333333333,34.39834204049912,5.741249584737659,11.357809211469657,14.143141684034244
NH,2022,30.2,28.6,32.0,5928.0,9.7,8.9,10.6,12032.0,109.0,45.0,41.28440366972477,245508.0,1396678,20.09420265460674,75331.0,80745.24690370541,2.425,49.00858627824755,8.614727231330342,11.299054377478857,14.14960711775576
NH,2023,32.8,31.0,34.6,6290.0,9.8,8.9,10.7,16846.0,141.0,45.0,31.914893617021278,,1402199,20.8219598330539,79305.0,81644.12096370794,2.2666666666666666,,12.01398660247226,11.310125092912315,14.153552276589723
NH,2024,31.1,29.3,32.9,6331.0,10.1,9.2,11.0,22095.0,154.0,39.0,25.324675324675326,,1409032,21.53651731262114,83222.0,83222.0,2.583333333333333,,15.680978146699294,11.329267014932602,14.158413501765578
NJ,2011,23.7,22.7,24.8,14130.0,8.8,8.2,9.4,4357.0,40.0,3.0,7.5,,8828552,13.722134106434096,52854.0,73707.52654013863,9.4,,0.4935124129075753,11.207860196981288,15.993501572722936
NJ,2012,24.6,23.6,25.6,14477.0,9.3,8.7,10.0,6967.0,47.0,7.0,14.893617021276595,,8845671,14.194020861187749,54235.0,74100.02025677945,9.45,,0.7876169032287093,11.213171084654984,15.995438744767608
NJ,2013,26.3,25.1,27.5,12256.0,9.2,8.5,9.9,8547.0,42.0,5.0,11.904761904761905,,8857821,14.539331188685845,54365.0,73205.30108013457,8.416666666666666,,0.9649099931010121,11.201023116454786,15.996811355539268
NJ,2014,26.9,25.7,28.1,11955.0,9.7,9.0,10.4,12050.0,49.0,16.0,32.6530612244898,,8867277,14.874497342454724,56367.0,74689.468522976,6.683333333333334,,1.358929015074188,11.221094377553618,15.997878317301293
NJ,2015,25.6,24.3,26.9,10184.0,9.0,8.3,9.8,19836.0,90.0,45.0,50.0,,8870312,15.20607579920404,58408.0,77302.20776287494,5.691666666666666,,2.236223483458079,11.255477795136285,15.998220528413482
NJ,2016,27.4,25.7,29.1,6810.0,9.2,8.3,10.2,32339.0,91.0,43.0,47.252747252747255,1586765.0,8873584,15.557931102324895,59776.0,78127.09912690107,4.933333333333334,20.38045961437264,3.6444124493553,11.266092255502075,15.998589331300636
NJ,2017,27.3,25.8,28.7,10394.0,11.0,10.2,12.0,33793.0,89.0,42.0,47.19101123595506,1590484.0,8888147,15.871443718389328,61704.0,78964.95053060836,4.516666666666667,21.246991481838233,3.802029826914429,11.276759368831577,16.00022914931875
NJ,2018,25.7,23.3,28.2,2767.0,10.8,9.2,12.5,38119.0,99.0,39.0,39.39393939393939,1572657.0,8891730,16.236377846272735,64198.0,80197.72084657195,4.016666666666667,24.23859748184124,4.287017262107599,11.292250375078876,16.000632189232746
NJ,2019,,,,,,,,47565.0,104.0,44.0,42.30769230769231,1514599.0,8891258,16.620062702560052,67518.0,82843.84206469008,3.458333333333333,31.404351910967854,5.349636688081709,11.324712693776018,16.000579104790457
NJ,2020,27.7,26.5,28.9,9392.0,10.0,9.2,10.8,56565.0,116.0,49.0,42.241379310344826,1592115.0,9272794,16.368895775888948,70462.0,85402.58466822979,9.483333333333333,35.52821247208902,6.100103162002736,11.355131644754618,16.042595294502714
NJ,2021,28.2,26.8,29.6,6665.0,10.3,9.4,11.1,72587.0,143.0,56.0,39.16083916083916,1793718.0,9270541,16.808011953369768,76340.0,88375.19884292125,6.7,40.46734213516283,7.829855884354537,11.389346653186966,16.042352296141193
NJ,2022,29.1,27.6,30.7,6760.0,10.8,9.8,12.0,98431.0,181.0,83.0,45.85635359116022,1924358.0,9295227,17.225068673546744,77416.0,82980.10160886298,3.8666666666666663,51.15004588543296,10.58941325478119,11.326356118384338,16.04501160057159
NJ,2023,28.9,27.5,30.3,8296.0,10.5,9.7,11.4,123040.0,211.0,106.0,50.23696682464455,,9379642,17.608898936597008,81448.0,83850.32928884792,4.3,,13.117771445861154,11.336788694361687,16.054052153942756
NJ,2024,27.7,26.3,29.0,7616.0,10.8,9.9,11.7,126457.0,212.0,100.0,47.16981132075472,,9500851,17.971544718872742,84844.0,84844.0,4.641666666666667,,13.31007085575808,11.348569555139107,16.066891931506184
NM,2011,26.3,25.1,27.6,8981.0,10.0,9.3,10.7,1359.0,30.0,15.0,50.0,,2080707,13.62159004467863,35069.0,48905.46123729749,7.216666666666666,,0.6531433786688852,10.797644350971346,14.548218297769429
NM,2012,27.1,25.9,28.3,8385.0,10.3,9.5,11.0,1830.0,32.0,14.0,43.75,,2087715,14.192840578187203,35694.0,48767.88278870629,6.95,,0.8765564265237353,10.794827235596626,14.551580724415604
NM,2013,26.4,25.1,27.7,8914.0,10.7,9.9,11.7,1668.0,39.0,20.0,51.282051282051285,,2092833,14.710183011180892,34857.0,46936.76408995219,6.9,,0.7970057811588407,10.756556529873908,14.554029208469322
NM,2014,28.4,27.0,30.0,8284.0,11.5,10.7,12.5,2222.0,32.0,12.0,37.5,,2090236,15.2711633526351,36880.0,48868.08946950086,6.558333333333334,,1.0630378579260906,10.796879895362515,14.552787536226448
NM,2015,28.8,27.1,30.6,6206.0,11.5,10.5,12.6,3441.0,48.0,29.0,60.416666666666664,,2090071,15.819795322987869,37752.0,49964.267693878486,6.608333333333333,,1.6463555544285338,10.819063382806586,14.552708594655849
NM,2016,28.3,26.6,30.1,5531.0,11.6,10.6,12.7,4861.0,49.0,20.0,40.816326530612244,835425.0,2092555,16.357076706957976,38474.0,50285.43247805795,6.783333333333334,5.818595325732412,2.322997483937101,10.825470701379688,14.553896365349205
NM,2017,28.4,26.8,30.0,6046.0,10.7,9.7,11.7,6608.0,79.0,32.0,40.50632911392405,849346.0,2092844,16.945266225987815,39196.0,50160.60872873274,6.116666666666667,7.780103750415025,3.157425971548763,10.82298531097345,14.554034464488838
NM,2018,32.3,30.7,34.0,6269.0,12.5,11.5,13.6,9483.0,91.0,40.0,43.956043956043956,809982.0,2093754,17.541207135285813,40976.0,51188.22719413583,4.933333333333334,11.707667577798025,4.529185377078683,10.843264846973359,14.55446918500145
NM,2019,31.7,30.0,33.5,5558.0,12.3,11.2,13.4,14478.0,76.0,31.0,40.78947368421053,795889.0,2099634,18.093620673388,43223.0,53034.14475491128,4.966666666666667,18.1909788927853,6.895487499249869,10.878691225759036,14.557273601789845
NM,2020,30.9,29.0,32.8,6485.0,12.4,11.3,13.7,19953.0,89.0,40.0,44.943820224719104,835349.0,2118606,18.42751259330108,46560.0,56432.46490523656,7.925,23.88582496657086,9.417985222358475,10.940799890768318,14.56626888319943
NM,2021,34.6,32.9,36.3,5907.0,13.2,12.1,14.3,24332.0,122.0,54.0,44.26229508196721,892255.0,2117333,18.936041303836475,50855.0,58872.42254593608,7.083333333333333,27.27023104381595,11.491815411180008,10.98312805194744,14.565667835810256
NM,2022,32.4,30.5,34.4,4445.0,12.6,11.4,13.9,34310.0,152.0,71.0,46.71052631578947,935057.0,2113868,19.452176351266758,53141.0,56960.39035337125,4.066666666666666,36.69295026934187,16.23090940399306,10.950111399176336,14.56403000259242
NM,2023,35.3,32.7,38.0,3029.0,12.5,10.9,14.4,47854.0,196.0,69.0,35.204081632653065,,2121164,19.91177543631924,55505.0,57142.13396495314,3.658333333333333,,22.56025465263412,10.953297021341402,14.567475552575543
NM,2024,34.5,32.1,37.1,3144.0,12.3,10.9,13.8,57560.0,221.0,75.0,33.93665158371041,,2130256,20.292794133346938,58345.0,58345.0,4.091666666666667,,27.020226676981547,10.974128944240208,14.571752718257061
NY,2011,24.5,23.2,25.9,7222.0,10.4,9.6,11.3,38062.0,25.0,0.0,0.0,,19499921,13.71876874250268,50772.0,70804.0741948749,8.358333333333333,,1.9519053436165203,11.167671823151506,16.785920972243716
NY,2012,23.6,22.1,25.1,5700.0,9.7,8.7,10.9,37079.0,47.0,3.0,6.382978723404255,,19574362,14.160976803080978,52625.0,71900.31466789008,8.65,,1.8942635269542885,11.183035920165349,16.7897312067174
NY,2013,25.4,24.2,26.6,8465.0,10.6,9.8,11.5,40784.0,43.0,3.0,6.976744186046512,,19626488,14.513256024802615,52874.0,71197.5920042497,7.816666666666666,,2.0780080470841242,11.17321427666312,16.79239064041448
NY,2014,27.0,25.6,28.5,6325.0,10.0,9.2,10.9,48125.0,58.0,14.0,24.137931034482758,,19653431,14.895559930983833,54496.0,72210.28751979173,6.291666666666667,,2.4486818611976706,11.1873378011544,16.793762486635725
NY,2015,25.0,24.0,26.1,11281.0,9.8,9.2,10.5,59320.0,110.0,19.0,17.272727272727273,,19657321,15.271981286325223,56608.0,74919.93180798563,5.216666666666667,,3.0177052101860675,11.224175246359875,16.79396039686714
NY,2016,25.5,24.6,26.5,31269.0,10.5,9.8,11.1,92400.0,121.0,34.0,28.09917355371901,5839153.0,19636391,15.669422215799672,58400.0,76328.67018554307,4.875,15.824212861009123,4.705548998285886,11.24280390272988,16.792895086367615
NY,2017,25.7,24.6,26.9,11180.0,10.5,9.8,11.2,107744.0,120.0,23.0,19.166666666666668,5877351.0,19593849,16.088506021267804,62206.0,79607.37898202747,4.641666666666667,18.33206830764404,5.498868547981563,11.284862068315261,16.790726248416284
NY,2018,27.6,26.7,28.6,32076.0,11.0,10.4,11.6,139611.0,139.0,32.0,23.02158273381295,5928470.0,19544098,16.520830457953156,64229.0,80236.44680916025,4.1000000000000005,23.549246264213195,7.143384156178505,11.29273313961596,16.78818390623379
NY,2019,27.1,26.0,28.2,12631.0,10.5,9.8,11.3,185326.0,134.0,36.0,26.865671641791046,5908228.0,19463131,16.98262456624693,66460.0,81545.6877220786,3.891666666666667,31.36744215016753,9.521900664389506,11.308918727706551,16.78403251592189
NY,2020,26.3,25.3,27.4,12583.0,10.3,9.6,11.0,245876.0,153.0,39.0,25.49019607843137,6193961.0,20105171,16.81084281796444,70352.0,85269.26054581621,9.908333333333331,39.69608462177918,12.229490612141523,11.35356929978359,16.81648760362427
NY,2021,29.1,28.3,30.0,33121.0,11.4,10.9,12.0,356710.0,188.0,37.0,19.680851063829788,6880598.0,19848276,17.44570504883406,76410.0,88456.23452433341,7.05,51.84287761034724,17.97183795711023,11.390263183529356,16.803627709940283
NY,2022,30.1,29.1,31.2,15006.0,11.3,10.6,12.0,487981.0,251.0,75.0,29.8804780876494,7316492.0,19703747,17.99021285844095,77425.0,82989.7484637054,4.275,66.69603411033594,24.76589858771532,11.326472366664962,16.796319378667597
NY,2023,28.0,27.0,29.1,15370.0,10.6,10.0,11.4,649794.0,229.0,48.0,20.96069868995633,,19737367,18.482821409265345,81729.0,84139.61745467356,4.025,,32.92202044984014,11.340232810600703,16.79802419908128
NY,2024,29.5,28.8,30.2,39198.0,12.3,11.8,12.8,703169.0,197.0,40.0,20.304568527918782,,19867248,18.91658087271718,84978.0,84978.0,4.15,,35.393377079704244,11.350147678442452,16.80458310468432
NC,2011,29.1,27.7,30.6,10790.0,10.8,10.0,11.6,7372.0,20.0,0.0,0.0,,9658913,13.372726833402336,36822.0,51350.10675182549,10.35,,0.7632328813811657,10.84642229426059,16.08339167397727
NC,2012,29.6,28.5,30.7,11113.0,10.4,9.8,11.1,7296.0,24.0,3.0,12.5,,9751810,13.94435063142651,38876.0,53115.37544948018,9.6,,0.7481688014840322,10.880221721804027,16.09296346677051
NC,2013,29.4,28.1,30.7,8292.0,11.4,10.6,12.2,8082.0,22.0,2.0,9.090909090909092,,9846717,14.402536871551114,38074.0,51268.62196863871,7.774999999999999,,0.8207811801639064,10.84483418648867,16.102648658099266
NC,2014,29.7,28.4,31.0,6621.0,10.8,10.1,11.6,9765.0,25.0,4.0,16.0,,9937295,14.843825892080172,39880.0,52843.25943719345,6.116666666666667,,0.9826617806958533,10.875085441767759,16.11180540880113
NC,2015,30.1,28.7,31.5,6019.0,10.7,9.9,11.5,11702.0,52.0,8.0,15.384615384615385,,10037218,15.233991035471137,41632.0,55099.39586330656,5.658333333333334,,1.16586089890645,10.916894030712594,16.121810542197412
NC,2016,31.8,30.4,33.3,5984.0,11.3,10.4,12.2,16954.0,49.0,8.0,16.3265306122449,1927274.0,10161802,15.61427539398217,42596.0,55672.87731546905,5.1,8.796880983191803,1.668404875434495,10.927248365048836,16.13414634659252
NC,2017,32.1,30.4,34.0,4483.0,11.4,10.3,12.5,22350.0,42.0,2.0,4.761904761904762,1977054.0,10275758,16.0013628443312,44219.0,56588.73245677705,4.55,11.304698809440714,2.1750220275720777,10.943565171171755,16.145298086915144
NC,2018,33.0,31.2,34.8,4294.0,12.5,11.4,13.7,26787.0,59.0,11.0,18.64406779661017,2019601.0,10391358,16.412565872871465,46048.0,57524.29436342167,4.008333333333334,13.263510960828402,2.577815142159475,10.959962648221145,16.15648505713322
NC,2019,34.0,32.2,35.8,3871.0,11.8,10.8,12.9,34914.0,61.0,17.0,27.868852459016395,2009420.0,10501384,16.842374797684062,48374.0,59354.36499951595,3.875,17.375162982353118,3.3247046294088474,10.991280944081758,16.16701761596545
NC,2020,33.6,32.0,35.2,5160.0,12.4,11.3,13.4,42283.0,69.0,21.0,30.434782608695652,2084773.0,10449652,16.719748640275906,51814.0,62800.50980669947,7.325,20.28182444803343,4.046354845118287,11.047718470364414,16.162079234385182
NC,2021,36.0,34.2,37.9,4478.0,12.7,11.6,13.9,57145.0,131.0,31.0,23.66412213740458,2338487.0,10564320,17.012041732792603,57227.0,66248.98485962607,4.841666666666667,24.436740507858286,5.409245460190528,11.101175420857503,16.17299284349661
NC,2022,34.1,32.1,36.1,4035.0,12.1,10.9,13.5,80720.0,215.0,75.0,34.883720930232556,2554120.0,10710793,17.362685468905624,59120.0,63369.11758701018,3.675,31.60384007016115,7.536323407613237,11.056731917445642,16.1867624826334
NC,2023,34.0,31.9,36.2,3722.0,12.4,11.0,13.8,126704.0,272.0,107.0,39.338235294117645,,10881189,17.701453043098798,62287.0,64124.17076434621,3.475,,11.644315708513105,11.0685766508393,16.202546076509343
NC,2024,34.5,32.7,36.3,3902.0,13.2,12.0,14.5,215064.0,271.0,86.0,31.73431734317343,,11046024,18.028122888687445,65598.0,65598.0,3.641666666666667,,19.469811037890196,11.09130048666254,16.21758110217312
ND,2011,27.8,26.3,29.4,4982.0,8.3,7.5,9.1,225.0,18.0,7.0,38.888888888888886,,685526,14.513359636491726,48873.0,68155.8244332727,3.341666666666667,,0.32821512240235967,11.129551898377716,13.437941705784567
ND,2012,29.7,27.9,31.4,4625.0,8.6,7.8,9.6,224.0,21.0,9.0,42.857142857142854,,702227,14.510130830464623,56056.0,76588.01024272201,2.9416666666666664,,0.31898517146164984,11.246195819231035,13.462011992561143
ND,2013,31.0,29.5,32.5,7413.0,8.9,8.1,9.7,261.0,20.0,8.0,40.0,,723149,14.34300259005436,54337.0,73167.59762331044,2.891666666666666,,0.36092146984922885,11.200507946529315,13.491370565661953
ND,2014,32.2,30.5,34.0,7269.0,8.6,7.8,9.5,654.0,39.0,18.0,46.15384615384615,,738736,14.306800585496257,56647.0,75060.48438662731,2.6666666666666665,,0.8852959649996751,11.226049525993893,13.512695896592248
ND,2015,31.0,29.3,32.8,4612.0,8.7,7.9,9.7,1098.0,63.0,47.0,74.60317460317461,,755537,14.30854781610455,52972.0,70107.73437910921,2.775,,1.4532709847433019,11.157788400447219,13.535184033685013
ND,2016,31.9,30.3,33.6,5348.0,8.6,7.9,9.5,1487.0,58.0,37.0,63.793103448275865,85687.0,756114,14.660889072869791,51298.0,67046.37197222582,3.016666666666667,17.353857644683558,1.9666346609109209,11.11313977795766,13.535947437444245
ND,2017,33.2,31.6,34.7,6532.0,9.0,8.2,9.7,1913.0,64.0,40.0,62.5,92592.0,756755,15.10705175413318,51830.0,66328.81800209761,2.6,20.660532227406254,2.5278987254791843,11.102379742401494,13.536794834063988
ND,2018,35.1,33.3,37.0,5224.0,9.4,8.5,10.3,2120.0,59.0,35.0,59.32203389830509,92024.0,760062,15.492456391313992,55173.0,68923.46883497793,2.3916666666666666,23.03746848648179,2.7892461404464375,11.140752020701143,13.541155287882502
ND,2019,34.8,33.0,36.7,5174.0,8.9,8.1,9.8,2644.0,65.0,40.0,61.53846153846154,89065.0,763724,15.865156479867188,56657.0,69517.51473472475,2.15,29.68618424745972,3.461983648543191,11.149334010375133,13.54596174633529
ND,2020,33.1,31.1,35.1,4076.0,9.9,8.9,11.0,3355.0,38.0,19.0,50.0,95836.0,779563,15.934228219218545,60444.0,73260.39322878262,5.008333333333334,35.00772152427063,4.303693222998013,11.20177540389665,13.566488785253252
ND,2021,35.2,33.6,36.9,5386.0,9.5,8.7,10.4,4274.0,38.0,14.0,36.8421052631579,112520.0,777966,16.292862631885022,66157.0,76586.82250263481,3.1,37.98435833629577,5.493813354311114,11.246180310938113,13.564438100406091
ND,2022,35.4,33.6,37.3,3796.0,9.6,8.6,10.6,5453.0,47.0,17.0,36.170212765957444,123319.0,781057,16.753375304966298,71089.0,76198.36265465099,2.125,44.21865243798604,6.981564725749849,11.241095253972107,13.56840340951334
ND,2023,35.6,33.9,37.3,5077.0,9.5,8.7,10.4,6563.0,53.0,18.0,33.9622641509434,,789047,17.116974240062007,71725.0,73840.54695318015,2.066666666666667,,8.317628734409992,11.209663276424221,13.578581167128622
ND,2024,36.8,35.2,38.5,5234.0,10.6,9.8,11.5,5709.0,68.0,37.0,54.411764705882355,,796568,17.45034282797294,72037.0,72037.0,2.4,,7.166996414618715,11.184935154891406,13.588067778197232
OH,2011,29.6,28.3,31.0,9339.0,10.0,9.3,10.8,15220.0,25.0,0.0,0.0,,11545735,14.256920829252042,38927.0,54285.63373875159,8.758333333333333,,1.3182356948258382,10.902014898886316,16.26182666266805
OH,2012,30.1,29.0,31.2,12319.0,11.6,10.9,12.3,18343.0,44.0,4.0,9.090909090909092,,11550971,14.766156938996035,40279.0,55032.26174836949,7.391666666666667,,1.5880050257246772,10.915674869488504,16.262280060662523
OH,2013,30.4,29.2,31.6,11260.0,10.4,9.7,11.1,19060.0,41.0,1.0,2.4390243902439024,,11579692,15.13965312341145,40752.0,54874.68830346075,7.383333333333333,,1.6459850572882249,10.912807470242175,16.264763432173364
OH,2014,32.6,31.2,34.1,10313.0,11.7,10.9,12.6,23686.0,53.0,11.0,20.754716981132077,,11606573,15.524041739977449,42277.0,56019.42024137982,5.816666666666666,,2.0407401909245735,10.933453699624163,16.267082133528973
OH,2015,29.8,28.4,31.2,10924.0,11.0,10.3,11.8,41987.0,102.0,27.0,26.470588235294116,,11622315,15.87391617517201,43799.0,57967.39141566497,4.958333333333333,,3.612619344769093,10.96763591445404,16.2684375150186
OH,2016,31.5,30.2,32.8,11455.0,11.1,10.4,11.9,59575.0,106.0,33.0,31.132075471698112,2779410.0,11640060,16.260848878445188,44574.0,58258.11891867118,5.058333333333334,21.434405143537656,5.118100765803613,10.972638742293423,16.269963154893457
OH,2017,33.8,32.5,35.1,11398.0,11.3,10.6,12.1,82707.0,97.0,26.0,26.804123711340207,2851700.0,11665706,16.646732848487282,46114.0,59013.835873986674,4.933333333333334,29.00270014377389,7.089755219272627,10.9855272017343,16.272163984538075
OH,2018,34.0,32.7,35.3,11907.0,12.2,11.5,13.0,101072.0,113.0,30.0,26.548672566371682,2718183.0,11680892,17.044581058541834,47821.0,59739.16957855255,4.4750000000000005,37.18366276295599,8.65276384714455,10.997743191080124,16.27346490231134
OH,2019,34.8,33.5,36.1,12385.0,12.0,11.2,12.8,126939.0,112.0,30.0,26.785714285714285,2621078.0,11696507,17.48841757098267,49395.0,60607.12074980549,4.125,48.43007342780337,10.852727228735896,11.01216766927654,16.274800808185407
OH,2020,35.5,34.3,36.7,13190.0,12.4,11.7,13.1,155534.0,135.0,41.0,30.37037037037037,2740832.0,11798905,17.448287465669004,52852.0,64058.604707293016,8.258333333333333,56.747002370083244,13.182070709103938,11.067553641897106,16.283517288519853
OH,2021,37.8,36.6,39.0,12922.0,12.6,11.9,13.3,203469.0,164.0,50.0,30.48780487804878,2994381.0,11767344,17.858413466771154,57537.0,66607.8571630228,5.258333333333334,67.95027085731576,17.29098766892512,11.10657782499069,16.280838795318065
OH,2022,38.1,37.0,39.3,14868.0,13.1,12.3,13.8,290909.0,221.0,76.0,34.38914027149321,3172035.0,11777874,18.254322295102103,58300.0,62490.18192359088,3.966666666666667,91.7105265231941,24.699618963490355,11.042764734162143,16.28173324451807
OH,2023,36.4,35.2,37.7,12121.0,13.2,12.5,13.9,369045.0,247.0,82.0,33.19838056680162,,11824034,18.69165948662125,61822.0,63645.45547214365,3.6666666666666665,,31.211429195822678,11.061083202727096,16.285644797673427
OH,2024,36.9,35.5,38.4,9214.0,13.1,12.2,14.0,369761.0,264.0,80.0,30.303030303030305,,11883304,19.108888566319965,64587.0,64587.0,4.3500000000000005,,31.11600948692384,11.075768431129438,16.290644947710224
OK,2011,31.1,29.7,32.5,8159.0,11.1,10.3,11.9,1305.0,19.0,3.0,15.789473684210526,,3788824,13.700880771855465,39694.0,55355.25331070993,5.566666666666666,,0.34443405130457366,10.921526844395641,15.147566238671166
OK,2012,32.2,30.8,33.6,7719.0,11.5,10.7,12.3,1531.0,20.0,3.0,15.0,,3819320,14.058730475997107,41905.0,57253.82776547143,5.075,,0.4008566970036551,10.955249779713672,15.155582954265808
OK,2013,32.5,31.2,33.9,7875.0,11.0,10.3,11.8,2122.0,20.0,5.0,25.0,,3853891,14.289765944928371,43607.0,58719.09434749247,5.116666666666666,,0.5506123551496397,10.980520239931932,15.164593845252398
OK,2014,33.0,31.7,34.3,8009.0,12.0,11.2,12.8,2507.0,21.0,2.0,9.523809523809524,,3879187,14.541957011854093,45884.0,60798.89959920221,4.341666666666667,,0.6462694373846891,11.015326969093143,15.17113615356123
OK,2015,33.9,32.2,35.6,6521.0,11.7,10.8,12.7,2956.0,44.0,22.0,50.0,,3910518,14.768456266331118,44279.0,58602.665003635455,4.283333333333333,,0.7559100865921088,10.978535452408755,15.179180404005153
OK,2016,32.8,31.2,34.3,6449.0,12.0,11.1,12.9,3599.0,43.0,8.0,18.6046511627907,685898.0,3928143,15.070683872056756,42053.0,54963.17752247676,4.65,5.247135871514423,0.9162090076659632,10.914418740408346,15.183677353089152
OK,2017,36.5,34.9,38.1,6113.0,12.7,11.8,13.7,4287.0,41.0,7.0,17.073170731707318,713214.0,3933602,15.417003423940198,43873.0,56145.94312571925,4.033333333333333,6.010818632275867,1.0898408125682262,10.93570970690134,15.185066103519842
OK,2018,34.8,33.1,36.6,4855.0,12.5,11.5,13.6,5134.0,48.0,24.0,50.0,692084.0,3943488,15.771543709273592,46030.0,57501.80832062847,3.2916666666666665,7.418174672438606,1.3018931463719428,10.95957167534534,15.18757616883343
OK,2019,36.8,35.2,38.4,5748.0,12.2,11.3,13.1,6221.0,42.0,15.0,35.714285714285715,683334.0,3960676,16.143359960699662,48177.0,59112.6481701261,3.1166666666666667,9.103893557177017,1.5706914678201398,10.987200193527567,15.191925275732576
OK,2020,36.4,34.7,38.2,4530.0,13.0,11.9,14.1,8168.0,50.0,18.0,36.0,761549.0,3965415,15.947311079487124,49993.0,60593.38956201657,6.3,10.725508141958036,2.0598096290047825,11.011941082972369,15.193121073399977
OK,2021,39.4,37.7,41.2,4952.0,12.8,11.8,13.9,13096.0,66.0,18.0,27.272727272727273,939619.0,3992238,16.137331599335777,54574.0,63177.73253410512,4.016666666666667,13.937564055218125,3.280365549348511,11.05370718472986,15.199862533874812
OK,2022,40.0,38.4,41.6,5278.0,13.3,12.4,14.3,30404.0,79.0,27.0,34.177215189873415,1151118.0,4026229,16.371078920231238,57929.0,62092.51712953168,3.0083333333333333,26.412583245158185,7.5514830378500575,11.03638076355222,15.208340763842443
OK,2023,38.7,37.2,40.2,6197.0,12.4,11.6,13.3,58635.0,90.0,15.0,16.666666666666668,,4063882,16.663794755156154,60871.0,62666.40548744551,3.1333333333333333,,14.42832247589866,11.045580785381762,15.217649232385847
OK,2024,36.8,35.4,38.2,6511.0,13.2,12.4,14.1,68168.0,157.0,23.0,14.64968152866242,,4095393,16.972526351114,63671.0,63671.0,3.2,,16.645044810107358,11.061484478871714,15.225373241360385
OR,2011,26.7,25.2,28.3,5959.0,9.3,8.4,10.3,944.0,36.0,15.0,41.666666666666664,,3872672,14.237323616064506,37531.0,52338.842444809154,9.458333333333334,,0.24375934755125145,10.86549405976791,15.16945526603891
OR,2012,27.3,25.7,29.0,5056.0,10.0,9.0,11.0,1079.0,40.0,17.0,42.5,,3900102,14.845323740084254,39128.0,53459.67719382808,8.708333333333334,,0.27665943095847234,10.886682951399859,15.176513264604022
OR,2013,26.5,24.9,28.1,5668.0,9.2,8.3,10.1,1457.0,38.0,14.0,36.8421052631579,,3924110,15.366118295651154,39462.0,53137.63618549196,7.75,,0.3712943826753073,10.880640735552342,15.18265013189426
OR,2014,27.9,26.3,29.6,4919.0,9.0,8.1,9.9,2404.0,44.0,15.0,34.09090909090909,,3965447,15.851749524490415,41654.0,55193.90994475567,6.641666666666667,,0.6062368252557656,10.918607899090945,15.193129143140695
OR,2015,30.1,28.4,31.8,4905.0,10.7,9.7,11.7,4715.0,80.0,42.0,52.5,,4018542,16.293324362194618,44166.0,58453.11101313407,5.458333333333333,,1.1733111163202972,10.975980190687125,15.206429708241359
OR,2016,28.7,27.3,30.3,5000.0,9.5,8.7,10.4,6532.0,79.0,33.0,41.77215189873418,1092428.0,4093271,16.665684798952196,45467.0,59425.26793366587,4.75,5.979341430281904,1.5957897730201591,10.992474800988376,15.224854963886184
OR,2017,29.4,27.9,30.9,4909.0,9.6,8.7,10.5,10556.0,82.0,29.0,35.36585365853659,997582.0,4147294,17.103041620524845,47566.0,60872.015378888194,4.066666666666666,10.581586275614436,2.5452740992078207,11.016528830499384,15.237966631338232
OR,2018,29.9,28.4,31.4,5471.0,11.0,10.0,12.0,13643.0,95.0,34.0,35.78947368421053,966682.0,4183538,17.615432248917056,50209.0,62722.31792245133,4.033333333333333,14.113224410923138,3.261115352603466,11.046472611013145,15.246667857979991
OR,2019,29.0,27.5,30.4,5548.0,8.6,7.8,9.4,18829.0,100.0,38.0,38.0,976847.0,4216116,18.14138572890187,52190.0,64036.55495358535,3.725,19.275280571061792,4.465958716505902,11.067209370435425,15.254424883056325
OR,2020,28.1,26.6,29.6,4830.0,9.5,8.6,10.5,25768.0,116.0,41.0,35.3448275862069,1052443.0,4243779,18.1661404541818,56663.0,68677.67953018512,7.574999999999999,24.483986306146747,6.071946724841232,11.13717952775142,15.260964703844587
OR,2021,30.4,28.9,31.9,4839.0,9.6,8.6,10.6,32872.0,148.0,56.0,37.83783783783784,1177936.0,4254280,18.66004912599836,62647.0,72523.46190611066,5.15,27.906439738661522,7.72680688624162,11.191665400989613,15.263436092980577
OR,2022,30.9,29.4,32.4,5274.0,10.3,9.4,11.4,38535.0,150.0,59.0,39.333333333333336,1262437.0,4247372,19.102318946190056,63691.0,68268.64797419257,3.9416666666666655,30.52429546979374,9.07266893504972,11.13120590611768,15.261810996700396
OR,2023,33.6,32.0,35.3,5721.0,10.9,9.9,11.9,48920.0,195.0,81.0,41.53846153846154,,4253653,19.56097559828428,67518.0,69509.46042781202,3.7916666666666665,,11.500703042772882,11.149218143552707,15.263288701128493
OR,2024,33.5,32.1,35.0,5653.0,12.0,11.1,13.0,56296.0,205.0,82.0,40.0,,4272371,19.92085081394603,70940.0,70940.0,4.291666666666667,,13.176758291824376,11.169589728327614,15.267679500420686
PA,2011,28.6,27.3,29.8,10850.0,9.5,8.8,10.2,3902.0,37.0,6.0,16.216216216216218,,12747052,15.529724486418056,44119.0,61526.13545662346,7.7,,0.30610999311840886,11.02721733029617,16.360810587147967
PA,2012,29.1,28.1,30.1,18893.0,10.2,9.6,10.8,4530.0,43.0,7.0,16.27906976744186,,12769123,15.995067171703282,45637.0,62352.772646052246,7.583333333333333,,0.3547620302506288,11.04056341918205,16.36254054906463
PA,2013,30.0,28.9,31.2,10857.0,10.1,9.4,10.8,6124.0,43.0,13.0,30.232558139534884,,12779538,16.344933708154265,45902.0,61809.43125504161,7.05,,0.4792035518028899,11.031811241107047,16.363355856025485
PA,2014,30.2,28.9,31.4,10374.0,11.2,10.5,12.0,9148.0,43.0,12.0,27.906976744186046,,12792392,16.697730200731698,47467.0,62896.464285488,5.966666666666666,,0.7151125450189456,11.04924522943114,16.364361177179
PA,2015,30.0,28.4,31.6,5335.0,10.4,9.5,11.4,16536.0,95.0,41.0,43.1578947368421,,12789838,17.030154126025344,49291.0,65235.98005136058,5.416666666666667,,1.2929014425358631,11.085766436984876,16.36416150732938
PA,2016,30.3,28.8,31.8,6367.0,11.3,10.3,12.3,29348.0,101.0,47.0,46.53465346534654,2533449.0,12788468,17.420819541701903,50572.0,66097.49158601514,5.333333333333333,11.584207931558915,2.294880043489181,11.09888607634535,16.36405438530173
PA,2017,31.6,30.0,33.2,6135.0,10.6,9.7,11.6,58178.0,95.0,36.0,37.89473684210526,2757011.0,12794679,17.81996576689429,51886.0,66400.48332735553,4.9750000000000005,21.101838186354716,4.547046471427692,11.103459614464471,16.36453993933635
PA,2018,30.9,29.4,32.5,5754.0,11.3,10.3,12.3,79757.0,115.0,42.0,36.52173913043478,2700122.0,12809107,18.237892874245794,54468.0,68042.765492244,4.408333333333333,29.53829493630288,6.22658550670238,11.127891690778517,16.365666960279828
PA,2019,33.2,31.7,34.7,6138.0,10.8,9.9,11.8,114379.0,99.0,22.0,22.22222222222222,2619351.0,12798883,18.71541969301556,56139.0,68881.93444221743,4.266666666666667,43.66692360054074,8.936639236408364,11.140149222943863,16.36486845945698
PA,2020,31.5,29.8,33.2,5025.0,11.4,10.4,12.6,147771.0,115.0,30.0,26.08695652173913,2875535.0,12996143,18.6222252562816,60281.0,73062.83112011524,8.833333333333334,51.38904586450869,11.370373502353736,11.199075050215997,16.380163179096247
PA,2021,33.3,31.7,34.9,5752.0,11.1,10.1,12.1,195774.0,158.0,53.0,33.54430379746835,3160301.0,13015571,18.98986599941749,64003.0,74093.23882032341,5.95,61.94789673515276,15.041522189076453,11.213079563130956,16.381656967903293
PA,2022,33.4,31.2,35.5,4190.0,11.5,10.1,13.0,247015.0,196.0,63.0,32.142857142857146,3401358.0,12984990,19.47082043676333,65080.0,69757.47923820403,4.141666666666667,72.62246432160332,19.023118231126862,11.152779923156533,16.37930463295932
PA,2023,,,,,,,,417375.0,266.0,64.0,24.06015037593985,,13017721,19.951836729864247,68101.0,70109.65615975631,3.658333333333333,,32.062063705313705,11.157815811892258,16.38182214102123
PA,2024,34.2,32.0,36.5,3251.0,13.3,11.9,14.9,573731.0,317.0,84.0,26.498422712933753,,13078751,20.38806684917485,70856.0,70856.0,3.8083333333333336,,43.867415168313855,11.16840492748942,16.386499410137297
RI,2011,25.4,23.9,27.0,6182.0,8.4,7.6,9.3,290.0,27.0,22.0,81.48148148148148,,1053829,14.656666777847134,44095.0,61492.66626532358,11.1,,0.27518696107243207,11.02667319896572,13.867940755832075
RI,2012,25.7,24.2,27.4,5188.0,9.7,8.8,10.7,406.0,34.0,21.0,61.76470588235294,,1054893,15.138822414450969,45298.0,61889.60482329852,10.3,,0.38487315775154446,11.03310750956677,13.868949897947818
RI,2013,27.3,25.8,28.8,6191.0,9.3,8.4,10.2,415.0,31.0,19.0,61.29032258064516,,1055560,15.498604222049964,45104.0,60734.88273555393,9.483333333333333,,0.39315623934215016,11.01427348637683,13.869581989752001
RI,2014,27.0,25.4,28.6,5969.0,9.4,8.6,10.3,744.0,31.0,18.0,58.064516129032256,,1056511,15.829499523980548,46630.0,61787.39186450176,7.766666666666667,,0.7042046888295531,11.031454607494352,13.870482527720913
RI,2015,26.0,24.3,27.7,5668.0,9.0,8.2,10.0,972.0,40.0,27.0,67.5,,1056886,16.119299478931644,48049.0,63592.20964248695,6.016666666666667,,0.9196829175521296,11.06024625192771,13.870837406623396
RI,2016,26.6,24.9,28.4,4936.0,9.8,8.9,10.8,1194.0,57.0,37.0,64.91228070175438,290323.0,1057816,16.47151159921495,48515.0,63408.99715841818,5.241666666666666,4.1126607261567285,1.1287407261754407,11.05736104137296,13.871716963232277
RI,2017,30.0,28.1,31.9,5141.0,8.9,8.0,9.8,1665.0,66.0,40.0,60.60606060606061,315917.0,1056554,16.870318338719084,50414.0,64516.70906343332,4.4750000000000005,5.270371648249382,1.575877806529529,11.074679524481876,13.870523226894868
RI,2018,27.7,26.0,29.5,5141.0,10.9,9.9,11.9,2957.0,75.0,53.0,70.66666666666667,210934.0,1059338,17.273387391862403,52132.0,65124.5768275256,4.05,14.018602975338258,2.7913659285327252,11.084057281184663,13.87315474268733
RI,2019,30.0,28.2,31.9,5464.0,10.4,9.5,11.5,5301.0,74.0,50.0,67.56756756756756,206565.0,1058158,17.761431566240592,55123.0,67635.31363683628,3.525,25.662624355529736,5.009648842611406,11.121885516709796,13.872040218624807
RI,2020,30.1,28.2,32.1,4671.0,10.3,9.3,11.4,9024.0,87.0,47.0,54.02298850574713,307027.0,1096530,17.748112895231163,59277.0,71845.94549372225,9.258333333333333,29.391551883059144,8.22959700145003,11.182279459764926,13.90766120624693
RI,2021,30.1,28.4,31.8,4941.0,10.4,9.5,11.5,13654.0,108.0,48.0,44.44444444444444,334895.0,1097246,18.248546870400403,63101.0,73049.03618269811,5.55,40.77098792158736,12.443882228780055,11.198886223152012,13.908313962066506
RI,2022,30.8,29.1,32.7,5120.0,11.5,10.5,12.6,22261.0,142.0,61.0,42.95774647887324,348017.0,1099498,18.752383332998832,64538.0,69176.52420213909,3.225,63.965266064588796,20.246512499340607,11.144416838415115,13.910364269966658
RI,2023,31.6,29.7,33.5,5171.0,11.8,10.7,13.0,32465.0,163.0,52.0,31.901840490797547,,1103429,19.26269182838137,67907.0,69909.9340808589,2.975,,29.42192021416874,11.154963036591253,13.913933161874946
RI,2024,31.1,29.3,32.9,4836.0,11.6,10.5,12.7,36879.0,203.0,60.0,29.55665024630542,,1112308,19.7241137868216,70743.0,70743.0,4.25,,33.15538501925725,11.166808870681278,13.92194769385849
SC,2011,30.8,29.6,32.1,12352.0,12.0,11.3,12.9,1584.0,37.0,7.0,18.91891891891892,,4672655,14.22895363935092,34406.0,47980.87482763858,10.358333333333333,,0.338993570036735,10.778557769400422,15.35723799058134
SC,2012,31.6,30.4,32.8,12210.0,11.6,10.9,12.3,1541.0,42.0,10.0,23.80952380952381,,4719027,14.883633585461276,35807.0,48922.27206295753,9.033333333333331,,0.32655036726850684,10.797988033182074,15.367113192243332
SC,2013,31.7,30.5,33.1,10227.0,12.5,11.7,13.3,1603.0,40.0,7.0,17.5,,4766469,15.39913687552665,35923.0,48372.18855332795,7.425,,0.3363076524781762,10.786680310882518,15.377116337170714
SC,2014,32.1,30.9,33.3,10393.0,12.0,11.3,12.7,2173.0,43.0,13.0,30.232558139534884,,4826858,15.91005377152026,37755.0,50027.5140434112,6.3,,0.450189336417189,10.820328413929511,15.389706296352033
SC,2015,31.7,30.5,33.0,10865.0,11.8,11.1,12.6,3340.0,82.0,46.0,56.09756097560975,,4896006,16.374337782752168,39598.0,52407.42403428164,5.9,,0.6821887064680885,10.866803540317006,15.403930328663744
SC,2016,32.3,31.0,33.6,10503.0,13.0,12.3,13.8,4222.0,81.0,33.0,40.74074074074074,1188155.0,4963031,16.864466626600944,40752.0,53262.77341440498,4.9,3.5534084357680604,0.8506898304685181,10.882992931132799,15.417527200772113
SC,2017,34.1,32.8,35.4,10475.0,13.4,12.7,14.2,5957.0,81.0,31.0,38.27160493827161,1196616.0,5027102,17.34409743182505,42385.0,54241.6930545805,4.191666666666666,4.978205205345741,1.184976950935151,10.901205136260248,15.430354232900534
SC,2018,34.3,33.0,35.6,10082.0,13.3,12.5,14.1,9428.0,98.0,38.0,38.775510204081634,1186008.0,5091702,17.837451108678536,43817.0,54737.274281663646,3.3666666666666667,7.9493561594862765,1.8516401784707746,10.91030018745034,15.443122713773281
SC,2019,35.4,33.8,36.9,6627.0,13.4,12.4,14.4,13830.0,88.0,21.0,23.863636363636363,1197553.0,5157702,18.34202929372044,46150.0,56625.54150427215,2.766666666666667,11.548549417019538,2.6814267284150963,10.944215425728963,15.45600168942329
SC,2020,36.2,34.2,38.3,3704.0,13.6,12.4,14.9,19997.0,105.0,32.0,30.476190476190474,1219001.0,5132249,18.262061898573656,48763.0,59102.58346593751,6.0,16.404416403267923,3.8963425196244375,10.987029915906424,15.45105452263652
SC,2021,36.1,34.6,37.5,8806.0,13.7,12.9,14.6,26031.0,132.0,43.0,32.57575757575758,1332408.0,5194274,18.62118630786967,53389.0,61805.91421305636,3.933333333333333,19.53680854513032,5.011479948882173,11.031754338107296,15.463067422990173
SC,2022,35.0,33.6,36.4,8809.0,12.9,12.1,13.7,38025.0,166.0,71.0,42.7710843373494,1427735.0,5287935,18.99397436529746,54550.0,58470.659072588045,3.2,26.633093676347503,7.19089777011253,10.976280353084777,15.480938368456266
SC,2023,36.0,34.5,37.4,8943.0,14.9,14.0,15.8,56003.0,207.0,90.0,43.47826086956522,,5387830,19.384311624451662,57735.0,59437.90837702135,2.966666666666667,,10.394351714883358,10.99268748996061,15.49965326441849
SC,2024,34.6,32.9,36.4,8446.0,13.9,12.9,15.0,58697.0,206.0,72.0,34.95145631067961,,5478831,19.790460327196936,60649.0,60649.0,4.108333333333333,,10.713416785442003,11.0128584261901,15.516402315000118
SD,2011,28.1,26.3,30.1,7820.0,9.5,8.4,10.6,254.0,19.0,7.0,36.8421052631579,,823740,14.359148263445006,44532.0,62102.08445690872,4.558333333333334,,0.3083497219996601,11.036534833492036,13.621610225119706
SD,2012,28.1,26.5,29.8,7433.0,7.8,6.9,8.7,329.0,20.0,6.0,30.0,,833859,14.568349008007036,44996.0,61476.98924078635,4.016666666666667,,0.39455111715529845,11.026418225093382,13.633819602299626
SD,2013,29.9,28.0,31.8,6531.0,9.1,8.1,10.2,385.0,19.0,6.0,31.57894736842105,,842751,14.821695412914003,44988.0,60578.68270013969,3.7,,0.4568371915310691,11.011698339546848,13.64442681968712
SD,2014,29.8,27.9,31.8,6960.0,9.1,8.1,10.3,486.0,21.0,10.0,47.61904761904762,,849670,15.171367214784892,46732.0,61922.54764340331,3.341666666666667,,0.5719867713347535,11.033639651529024,13.652603317789548
SD,2015,30.4,28.5,32.3,6707.0,9.3,8.3,10.4,713.0,39.0,23.0,58.97435897435897,,854663,15.542578812577132,48308.0,63934.99268266269,3.025,,0.8342469487973623,11.06562210679563,13.658462518173778
SD,2016,29.6,27.6,31.7,5371.0,7.9,7.0,9.0,930.0,36.0,10.0,27.77777777777778,110063.0,863693,15.885359144925143,48284.0,63107.080671896605,3.0,8.449706077428383,1.0767714917221745,11.052588255734578,13.668972660569562
SD,2017,31.9,29.8,34.1,6533.0,11.1,9.8,12.5,931.0,36.0,16.0,44.44444444444444,108725.0,873732,16.210150864520696,49408.0,63229.29268469301,3.016666666666667,8.562888020234537,1.0655441256586689,11.05452296460219,13.680528971459587
SD,2018,30.1,28.1,32.1,6630.0,9.3,8.3,10.4,1011.0,38.0,18.0,47.36842105263158,106626.0,879386,16.676237523161284,51579.0,64433.755623934296,2.766666666666667,9.481739913341961,1.1496657895395197,11.073392930422008,13.686979215656706
SD,2019,33.0,30.6,35.5,6166.0,10.6,9.2,12.2,1540.0,39.0,8.0,20.512820512820515,105381.0,887127,17.17779608538992,54408.0,66758.0165149391,2.7416666666666667,14.61364002998643,1.7359408517607964,11.10882966665344,13.695743430298464
SD,2020,33.2,30.7,35.8,6231.0,7.9,6.9,9.1,2132.0,46.0,14.0,30.434782608695652,109552.0,887948,17.35171640263806,59595.0,72231.37341124512,4.141666666666667,19.461077844311376,2.4010415024303224,11.187629765279809,13.69666846170113
SD,2021,38.4,35.6,41.4,6690.0,10.8,9.3,12.5,3128.0,59.0,18.0,30.508474576271187,122137.0,896492,17.665422980278688,67188.0,77780.36232457681,2.55,25.610584835062266,3.489155508359249,11.261644266024637,13.706244648395764
SD,2022,36.8,33.5,40.1,6834.0,9.1,7.6,10.9,4419.0,76.0,23.0,30.263157894736842,132338.0,909723,18.037795219990336,69795.0,74811.35930286493,1.925,33.39176955976364,4.857522564560861,11.222725014770418,13.720895436550892
SD,2023,36.0,33.0,39.2,5449.0,11.8,10.0,13.9,6511.0,85.0,13.0,15.294117647058824,,918305,18.457279501286347,74201.0,76389.57719725229,1.8,,7.090236903860918,11.24360154172826,13.730284858430524
SD,2024,37.0,33.8,40.3,5382.0,11.8,10.0,14.0,12428.0,82.0,8.0,9.75609756097561,,924669,18.860942330878228,75499.0,75499.0,1.825,,13.440485189835497,11.231874690116287,13.737191114617488
TN,2011,29.2,26.8,31.7,5575.0,11.2,9.8,12.7,3606.0,20.0,0.0,0.0,,6400298,13.75315538211317,37696.0,52568.94313499576,9.041666666666666,,0.5634112661629193,10.869880789654697,15.6718551097459
TN,2012,31.1,29.6,32.7,6613.0,12.0,11.1,13.0,3579.0,19.0,1.0,5.2631578947368425,,6455752,14.261788691712711,39079.0,53392.7296324271,7.925,,0.5543893259840217,10.885429866473658,15.680482074315528
TN,2013,33.7,31.9,35.5,5452.0,12.2,11.1,13.4,4904.0,22.0,2.0,9.090909090909092,,6496943,14.674055541949851,39099.0,52648.83779880772,7.625,,0.7548165344839873,10.871399443221765,15.686842316544206
TN,2014,31.2,29.3,33.2,4793.0,13.0,11.9,14.2,8076.0,26.0,5.0,19.23076923076923,,6544617,15.072443994070186,40225.0,53300.40398347809,6.575,,1.2339912327948297,10.88369918955257,15.69415343766126
TN,2015,33.8,31.9,35.7,5475.0,12.7,11.6,13.8,10888.0,49.0,17.0,34.69387755102041,,6595354,15.416616971974628,41937.0,55503.05928899614,5.525,,1.6508590744333056,10.9241934205396,15.701876019721043
TN,2016,34.8,33.0,36.7,5657.0,12.7,11.7,13.8,14143.0,45.0,11.0,24.444444444444443,1655825.0,6651277,15.755597816825048,42938.0,56119.87055525425,4.741666666666666,8.541361556927816,2.1263585924928403,10.935245227643072,15.71031942427181
TN,2017,32.8,31.1,34.6,5354.0,13.1,12.0,14.2,18361.0,44.0,11.0,25.0,1598310.0,6714748,16.059459708141542,44407.0,56829.32319157146,3.733333333333333,11.487758945386064,2.7344287529479887,10.947807724869053,15.719816859312724
TN,2018,34.4,32.5,36.3,4756.0,13.8,12.6,15.1,20921.0,52.0,15.0,28.846153846153847,1535055.0,6778180,16.389023218702814,46449.0,58025.23342787034,3.5,13.628827631583233,3.086521750676435,10.968633254018998,15.72921918730286
TN,2019,36.5,34.8,38.3,5673.0,13.8,12.7,14.9,25355.0,58.0,14.0,24.137931034482758,1550497.0,6830325,16.797141956782802,48903.0,60003.44217082169,3.333333333333333,16.352821063181675,3.7121220439730176,11.002157209072365,15.73688281460229
TN,2020,35.6,33.6,37.6,4152.0,14.1,12.8,15.5,33570.0,73.0,19.0,26.027397260273972,1590217.0,6927904,16.574426215457247,51979.0,63000.49599031983,7.491666666666666,21.11032645230179,4.845621417386846,11.050897878204898,15.751067872315469
TN,2021,35.0,33.1,36.8,4349.0,14.0,12.8,15.3,48172.0,99.0,30.0,30.303030303030305,2034974.0,6965740,16.86785418303228,57707.0,66804.6581035952,4.441666666666666,23.672046915587128,6.915561017207073,11.109528089183316,15.75651440506567
TN,2022,38.9,37.1,40.8,4710.0,14.8,13.6,16.0,71163.0,133.0,52.0,39.097744360902254,1716769.0,7062217,17.098426021058156,59097.0,63344.46451352403,3.35,41.451703752805415,10.076580767767402,11.056342802508023,15.770269582837518
TN,2023,37.6,35.8,39.4,5141.0,14.5,13.4,15.8,99719.0,156.0,46.0,29.487179487179485,,7148304,17.409431693530635,63437.0,65308.090304202015,3.25,,13.950022271017014,11.086871201988439,15.782385683735955
TN,2024,,,,,,,,92587.0,161.0,43.0,26.70807453416149,,7227750,17.730928823853667,66288.0,66288.0,3.375,,12.809933935180382,11.101764164317183,15.793438342381643
TX,2011,30.4,29.1,31.8,14024.0,10.2,9.5,11.0,7859.0,16.0,0.0,0.0,,25645504,10.582229925892712,41941.0,58488.80634616026,8.033333333333333,,0.306447477109438,10.97659067040117,17.05987883156618
TX,2012,29.2,27.9,30.6,8530.0,10.7,9.9,11.5,10426.0,38.0,1.0,2.6315789473684212,,26084120,10.938455817323163,43869.0,59937.195328563794,6.708333333333333,,0.3997067947854863,11.001052548460654,17.07683725800604
TX,2013,30.9,29.5,32.3,10085.0,10.9,10.1,11.9,10815.0,40.0,0.0,0.0,,26479646,11.218844999910644,44403.0,59790.94976292128,6.316666666666666,,0.40842691023890576,10.998609586728234,17.09188692036366
TX,2014,31.9,30.6,33.3,14058.0,11.0,10.3,11.8,11872.0,41.0,1.0,2.4390243902439024,,26963092,11.472125851311567,46747.0,61942.423493241775,5.183333333333334,,0.44030558513096346,11.033960579226768,17.109979525859465
TX,2015,32.4,30.9,33.9,13230.0,11.4,10.5,12.4,15999.0,83.0,29.0,34.93975903614458,,27468531,11.706860827037977,46767.0,61895.49976794912,4.466666666666667,,0.5824483296904374,11.033202754381154,17.128551580121698
TX,2016,33.7,31.9,35.4,10789.0,11.2,10.2,12.3,23712.0,83.0,31.0,37.34939759036145,4202150.0,27914064,11.972272265981458,45868.0,59949.3740423029,4.666666666666667,5.642825696369716,0.8494642700539771,11.001255719071757,17.144641205804422
TX,2017,33.0,31.2,34.9,11238.0,11.9,10.8,13.1,27751.0,73.0,24.0,32.87671232876713,4161800.0,28291024,12.265885470653526,48524.0,62098.00433597886,4.358333333333333,6.668028257004181,0.9809118256023536,11.036469131108552,17.15805513915855
TX,2018,34.8,32.8,36.8,10187.0,12.6,11.3,14.0,36776.0,78.0,28.0,35.8974358974359,4091687.0,28624564,12.59107440970959,51346.0,64142.68629222223,3.9166666666666665,8.987979774601527,1.284770660611634,11.068865354069887,17.16977578828163
TX,2019,34.0,32.2,35.7,11082.0,12.2,11.2,13.4,43486.0,78.0,28.0,35.8974358974359,4014414.0,28986794,12.906809867508327,53271.0,65362.93004277534,3.525,10.832465211609964,1.5002004016035717,11.08771055782491,17.18235090492376
TX,2020,35.8,33.9,37.7,9642.0,12.6,11.4,13.8,51597.0,88.0,29.0,32.95454545454545,4624735.0,29239570,12.972896243455049,54825.0,66449.95464840195,7.725,11.156747359578441,1.7646292336036407,11.104204381649089,17.191033486855368
TX,2021,36.1,34.4,37.8,9527.0,11.5,10.5,12.5,65125.0,108.0,39.0,36.111111111111114,5373771.0,29570351,13.223371326820075,60396.0,69917.58592241384,5.633333333333333,12.119050104665792,2.202374939681981,11.155072483452106,17.202282761896864
TX,2022,35.5,34.0,37.1,12204.0,13.9,12.8,15.0,99493.0,135.0,53.0,39.25925925925926,5955713.0,30113488,13.472923280363757,63758.0,68340.46344913049,3.933333333333333,16.705472543757566,3.3039347683669194,11.132257307167073,17.220483735661745
TX,2023,34.4,32.7,36.2,9002.0,12.7,11.6,14.0,147778.0,181.0,82.0,45.30386740331492,,30727890,13.729841886337203,67522.0,69513.57840882022,4.025,,4.809246583478397,11.149277385258886,17.240681269204543
TX,2024,35.6,34.0,37.3,10884.0,13.5,12.5,14.7,148346.0,189.0,98.0,51.851851851851855,,31290831,13.992369213305924,69762.0,69762.0,4.116666666666666,,4.740877607245394,11.152844727896664,17.25883567329816
UT,2011,24.4,23.4,25.5,11918.0,6.7,6.2,7.2,240.0,19.0,10.0,52.63157894736842,,2814797,9.193882422806656,34015.0,47435.6059193782,7.216666666666666,,0.08526369752419091,10.767128405422598,14.85040070327888
UT,2012,24.3,23.3,25.3,11683.0,7.2,6.7,7.8,260.0,17.0,5.0,29.41176470588235,,2854146,9.50448171591212,35622.0,48669.51086174975,4.758333333333334,,0.09109555012252352,10.792808052679396,14.86428323198238
UT,2013,24.1,23.2,25.1,12027.0,7.1,6.6,7.7,541.0,37.0,13.0,35.13513513513514,,2898773,9.754013068109757,36102.0,48613.22136659649,4.191666666666666,,0.1866306882256734,10.791650817471343,14.879798101974908
UT,2014,25.7,24.9,26.6,13965.0,7.1,6.7,7.6,563.0,37.0,14.0,37.83783783783784,,2938327,10.03189838339702,37621.0,49849.95645152093,3.625,,0.19160563136778175,10.81677290179925,14.893350929726772
UT,2015,24.5,23.5,25.5,10455.0,7.0,6.5,7.6,898.0,52.0,24.0,46.15384615384615,,2983626,10.286997328305524,39881.0,52781.9707538559,3.5,,0.3009760606724837,10.873924948387437,14.908649897330042
UT,2016,25.4,24.2,26.5,10043.0,7.2,6.7,7.8,935.0,53.0,30.0,56.60377358490566,314979.0,3044241,10.52350515233255,41295.0,53972.47320739728,3.333333333333333,2.968451865044971,0.30713731271604316,10.896229440158379,14.928762166971683
UT,2017,25.3,24.2,26.4,9325.0,7.1,6.5,7.7,1677.0,63.0,28.0,44.44444444444444,289546.0,3103540,10.774227692387129,43030.0,55067.1240329975,3.158333333333333,5.791825823875999,0.5403506963016427,10.916308157050388,14.948053953426864
UT,2018,27.8,26.7,28.9,9727.0,8.4,7.8,9.0,2929.0,80.0,39.0,48.75,282955.0,3155153,11.071072825029091,45463.0,56793.49797264245,2.9166666666666665,10.351469314908732,0.9283226518650601,10.947177125844155,14.964547547234881
UT,2019,29.2,28.2,30.3,10846.0,8.0,7.5,8.6,4734.0,63.0,23.0,36.507936507936506,282493.0,3203383,11.410180935280923,48163.0,59095.47032438266,2.5416666666666665,16.75793736481966,1.4778126749127407,10.986909556199384,14.979717996840792
UT,2020,28.6,27.4,29.7,9881.0,8.2,7.6,8.9,7681.0,71.0,13.0,18.309859154929576,329592.0,3284077,11.35522210739549,51764.0,62739.90793287512,4.833333333333333,23.30457049928396,2.3388611168373945,11.04675301430456,15.004596196295413
UT,2021,30.9,29.8,32.1,9495.0,8.0,7.4,8.6,11188.0,108.0,32.0,29.62962962962963,421857.0,3339738,11.615489838496591,58325.0,67520.08740520543,2.7583333333333333,26.520835259341435,3.3499633803609745,11.120180423777375,15.02140291876229
UT,2022,31.1,29.9,32.4,8719.0,8.7,8.1,9.4,15354.0,129.0,45.0,34.883720930232556,480692.0,3391011,11.875389235154582,60713.0,65076.61089411619,2.3833333333333333,31.94145107470064,4.527853197763145,11.083320483979987,15.036638664983375
UT,2023,30.2,29.0,31.4,10000.0,7.8,7.2,8.4,18982.0,157.0,40.0,25.477707006369428,,3443222,12.145259571557604,64431.0,66331.40858473824,2.725,,5.5128597575178135,11.10241879830706,15.05191821889434
UT,2024,31.0,29.9,32.1,11656.0,8.7,8.1,9.3,22231.0,171.0,29.0,16.95906432748538,,3503613,12.37638207024542,67345.0,67345.0,3.266666666666667,,6.345164263290495,11.117583940032915,15.069305279733419
VT,2011,25.4,24.1,26.8,6771.0,7.7,7.0,8.4,394.0,20.0,8.0,40.0,,627197,14.980191982940523,43754.0,61017.12483893793,5.4,,0.628191780254051,11.01890983882129,13.34901596484363
VT,2012,23.7,22.3,25.2,5791.0,7.2,6.5,8.0,479.0,16.0,0.0,0.0,,626361,15.682370237790847,44858.0,61288.44304745298,4.783333333333333,,0.7647347136874741,11.023346573113436,13.347682161184064
VT,2013,24.7,23.4,26.1,6106.0,7.8,7.1,8.6,520.0,16.0,2.0,12.5,,626603,16.294476332273128,45296.0,60993.42072520511,4.416666666666667,,0.8298715454602037,11.018521280374618,13.348068445232144
VT,2014,24.8,23.5,26.1,6068.0,7.9,7.2,8.6,778.0,17.0,2.0,11.764705882352942,,625693,16.904296859378274,46894.0,62137.20682165872,3.908333333333333,,1.243421294468693,11.037100232172666,13.346615114453842
VT,2015,25.1,23.8,26.6,6008.0,8.2,7.5,9.1,1461.0,38.0,20.0,52.63157894736842,,625810,17.46703239581917,48117.0,63682.20673411611,3.475,,2.334574391588501,11.061660473405851,13.346802089635428
VT,2016,27.1,25.5,28.7,6071.0,8.4,7.6,9.3,2155.0,43.0,22.0,51.16279069767442,192088.0,624366,18.107053940578314,48827.0,63816.78046488889,3.125,11.218816375827746,3.4515012028201406,11.063771451441104,13.344492013866653
VT,2017,27.6,26.0,29.2,5980.0,8.2,7.4,9.1,2572.0,40.0,9.0,22.5,178133.0,625132,18.71977736929413,50009.0,63998.41519326451,2.95,14.43864977292248,4.114331053281547,11.066613599429969,13.345718106418959
VT,2018,27.5,25.9,29.2,6021.0,9.2,8.3,10.1,3380.0,49.0,17.0,34.69387755102041,172720.0,624802,19.375519639364278,51691.0,64573.66877909203,2.5,19.56924502084298,5.409713797330994,11.075562002638764,13.345190078526818
VT,2019,26.6,25.0,28.3,5864.0,8.7,7.8,9.6,4081.0,39.0,7.0,17.94871794871795,164204.0,624046,19.98880466547121,54278.0,66598.50794732143,2.1,24.853231346374024,6.539582017992263,11.106437453084153,13.343979362583248
VT,2020,26.3,24.6,27.9,5856.0,7.9,7.1,8.8,4812.0,51.0,20.0,39.21568627450981,170335.0,642977,20.18646778429103,58157.0,70488.46352005676,5.65,28.250212815921568,7.48393799467166,11.16320433739682,13.373864232751075
VT,2021,29.0,27.4,30.7,5912.0,8.5,7.6,9.5,7970.0,66.0,25.0,37.878787878787875,187825.0,647210,20.78657502785793,61110.0,70744.1498728179,3.483333333333333,42.43311593238387,12.3143956366558,11.166825124776706,13.38042609578134
VT,2022,26.8,25.4,28.3,7768.0,8.4,7.6,9.3,11403.0,72.0,26.0,36.111111111111114,196589.0,648142,21.448545343432286,63829.0,68416.56641510948,2.3166666666666664,58.004262700354545,17.5933668856516,11.133370273336494,13.381865087130137
VT,2023,28.8,27.2,30.4,6998.0,9.3,8.3,10.4,14373.0,84.0,28.0,33.333333333333336,,648708,22.123286615168755,68021.0,70027.29653959243,1.9333333333333331,,22.156347694185982,11.15664039558614,13.382737971482126
VT,2024,29.0,27.5,30.5,5959.0,8.9,8.2,9.8,14214.0,90.0,25.0,27.77777777777778,,648493,22.768439658336906,71505.0,71505.0,2.283333333333333,,21.918509529015733,11.177522656307035,13.382406488540054
VA,2011,29.2,27.5,30.9,6151.0,10.4,9.4,11.5,2546.0,39.0,6.0,15.384615384615385,,8102437,12.649358061342753,47563.0,66328.96440815479,6.283333333333334,,0.31422644816615053,11.102381949675799,15.907675438589642
VA,2012,27.4,26.0,28.8,6948.0,10.6,9.7,11.4,3022.0,44.0,9.0,20.454545454545453,,8187456,13.150853244349095,49049.0,67014.50896238176,5.816666666666666,,0.36910122020808417,11.112664426606512,15.918113784865403
VA,2013,27.2,25.9,28.5,7941.0,9.8,9.1,10.7,3272.0,41.0,10.0,24.390243902439025,,8255861,13.579465657237373,48195.0,64897.07505853188,5.525,,0.396324502071922,11.080557833241004,15.92643393032144
VA,2014,28.5,27.2,29.7,8879.0,9.7,9.0,10.4,3163.0,45.0,13.0,28.88888888888889,,8315430,13.99930622320226,49760.0,65934.81919746102,5.066666666666666,,0.3803772023815966,11.096421945105046,15.933623383042349
VA,2015,29.2,27.9,30.6,8030.0,10.3,9.6,11.2,3952.0,80.0,34.0,42.5,,8367303,14.403859732841765,51617.0,68314.4099797342,4.375,,0.47231467534999033,11.131876003975197,15.939842168318702
VA,2016,29.0,27.7,30.3,8293.0,10.4,9.7,11.2,6383.0,92.0,27.0,29.347826086956523,1074235.0,8417651,14.831591203840476,52656.0,68821.27495359513,4.0,5.94190284248791,0.7582875555187546,11.139268205096682,15.945841368674406
VA,2017,30.1,28.7,31.4,8809.0,10.5,9.8,11.3,8444.0,92.0,21.0,22.82608695652174,1094623.0,8471011,15.22596653498038,54377.0,69588.31056338147,3.625,7.714071420023149,0.9968113605329989,11.150351880541495,15.952160421960832
VA,2018,30.4,29.1,31.6,9517.0,10.5,9.8,11.3,12717.0,111.0,36.0,32.432432432432435,1126358.0,8510920,15.67243386289391,56130.0,70118.97677681677,3.0,11.290371267394558,1.4941980420448082,11.157948746470296,15.956860602814405
VA,2019,31.9,30.6,33.2,9034.0,10.9,10.2,11.7,29815.0,97.0,40.0,41.23711340206186,1326644.0,8556642,16.10727847707636,58362.0,71609.53094847956,2.725,22.474002068377047,3.4844276528105302,11.17898345789546,15.962218381432557
VA,2020,32.2,30.8,33.6,8568.0,11.1,10.3,11.9,47959.0,104.0,41.0,39.42307692307692,1510315.0,8637615,16.056038825742487,61451.0,74480.91496760507,6.516666666666667,31.754302910320032,5.552342863163037,11.218298196617773,15.971637061007058
VA,2021,34.2,32.9,35.6,8823.0,11.5,10.7,12.3,66223.0,145.0,56.0,38.62068965517241,1716174.0,8658910,16.478778980546746,67214.0,77810.46129195846,3.841666666666667,38.58757911493823,7.647960309092022,11.262031165033942,15.974099406566014
VA,2022,35.2,33.8,36.6,9378.0,12.8,11.9,13.6,127293.0,189.0,75.0,39.682539682539684,1890073.0,8683414,16.917523417653157,69581.0,74581.9785321677,2.7,67.34819237140576,14.65932638936713,11.219654182372178,15.976925327279645
VA,2023,34.3,32.6,36.0,6412.0,11.8,10.8,12.9,199432.0,237.0,89.0,37.552742616033754,,8734685,17.361210126611017,73912.0,76092.05306941026,2.7,,22.832191429914186,11.239699110925237,15.982812439079787
VA,2024,32.3,30.7,34.0,6288.0,12.9,11.8,14.0,220808.0,280.0,94.0,33.57142857142857,,8811195,17.760904938686302,77277.0,77277.0,2.9250000000000003,,25.05993795393247,11.255151648257112,15.991533630030597
WA,2011,26.5,25.3,27.7,13896.0,8.9,8.3,9.6,1272.0,33.0,7.0,21.21212121212121,,6827479,12.673618388155427,44279.0,61749.26339862259,9.433333333333334,,0.1863059556829102,11.030837325651829,15.736466056528855
WA,2012,26.8,25.8,27.8,14540.0,8.8,8.2,9.3,947.0,32.0,9.0,28.125,,6898599,13.200445353364602,47053.0,64287.42054286426,8.441666666666666,,0.13727424945267871,11.071119254116851,15.746828905473109
WA,2013,27.2,26.0,28.3,10554.0,8.6,7.9,9.2,1038.0,40.0,10.0,25.0,,6966252,13.65446338342475,47448.0,63891.200692545295,6.625,,0.1490040842622403,11.064936926541499,15.756587904964352
WA,2014,27.3,26.0,28.5,9444.0,8.9,8.2,9.6,2518.0,41.0,12.0,29.26829268292683,,7057531,14.07108609264905,50259.0,66596.0224687539,5.933333333333334,,0.3567819964233951,11.106400132053627,15.769605831590393
WA,2015,26.4,25.5,27.4,14694.0,8.4,7.9,8.9,4570.0,80.0,31.0,38.75,,7167287,14.458691411206036,52408.0,69361.2879132439,5.441666666666666,,0.6376192274705896,11.147084179812076,15.785037758823377
WA,2016,28.6,27.6,29.6,12990.0,9.4,8.8,10.0,7693.0,74.0,17.0,22.972972972972972,1826440.0,7299961,14.802655868442674,54296.0,70964.75130812066,5.191666666666666,4.212019009658133,1.0538412465491254,11.169938572297156,15.803379563638595
WA,2017,27.7,26.6,28.7,12062.0,9.1,8.6,9.8,11952.0,83.0,26.0,31.325301204819276,1829861.0,7427951,15.131336144983758,56800.0,72689.11561873711,4.65,6.531643660365459,1.6090574641647475,11.193946935926984,15.820760604771694
WA,2018,28.7,27.6,29.8,11864.0,9.9,9.3,10.5,18277.0,103.0,29.0,28.155339805825243,1786489.0,7526793,15.533303079860604,59824.0,74733.61244782267,4.4,10.230681521128874,2.4282586222312745,11.221685235750947,15.833979612642096
WA,2019,28.3,27.3,29.4,11676.0,9.4,8.8,10.0,30541.0,97.0,35.0,36.08247422680412,1748892.0,7614024,15.946091520160468,63431.0,77829.13809658693,4.183333333333334,17.463056609556222,4.011151002413441,11.262271165712324,15.845502368007871
WA,2020,28.0,27.0,29.1,11388.0,8.6,8.0,9.3,41559.0,102.0,30.0,29.41176470588235,1825940.0,7727209,15.889625863808009,67669.0,82017.36399640149,8.700000000000001,22.760331664786356,5.3782678843033755,11.314686259882919,15.860258294563389
WA,2021,28.8,27.7,29.9,11669.0,8.7,8.2,9.3,51777.0,133.0,44.0,33.08270676691729,2005324.0,7743760,16.4059814994772,73944.0,85601.46323344209,5.191666666666667,25.819767778174498,6.686286765085695,11.357457655832357,15.86239791572276
WA,2022,31.7,30.9,32.5,22869.0,9.7,9.2,10.1,69164.0,151.0,60.0,39.735099337748345,2139334.0,7794123,16.78670885209644,76120.0,81590.95451155641,4.041666666666667,32.3296876504557,8.873865603609284,11.309473683233644,15.868880546126553
WA,2023,30.6,29.8,31.4,23955.0,9.6,9.1,10.0,96077.0,187.0,72.0,38.50267379679144,,7857320,17.151737105964443,81280.0,83677.37408650377,4.216666666666667,,12.227706138988866,11.334723898386963,15.876956139341832
WA,2024,31.5,30.7,32.2,22905.0,10.0,9.5,10.4,84235.0,187.0,73.0,39.037433155080215,,7958180,17.44099521165264,85512.0,85512.0,4.5,,10.584706553508466,11.356411995953781,15.88971088846164
WV,2011,32.4,30.9,34.0,4958.0,12.1,11.2,13.1,2142.0,20.0,3.0,15.0,,1856606,16.23630759409932,34490.0,48098.016997188126,7.708333333333333,,1.1537181286713498,10.780996228574324,14.434260647656632
WV,2012,33.8,32.2,35.4,5125.0,13.0,12.1,14.0,2374.0,20.0,3.0,15.0,,1857446,16.80078797051792,35233.0,48138.02920083176,7.2,,1.278099067213798,10.781827771588194,14.434712983819036
WV,2013,35.1,33.6,36.6,5636.0,13.0,12.1,14.0,2564.0,35.0,7.0,20.0,,1854768,17.28042834459425,35093.0,47254.55036889842,6.708333333333333,,1.3823831336318073,10.763304232388617,14.43327017881665
WV,2014,35.7,34.2,37.2,5846.0,14.1,13.2,15.1,4461.0,42.0,10.0,23.80952380952381,,1850569,17.810932521786526,36243.0,48024.02837969414,6.491666666666667,,2.410609925920082,10.779456755879659,14.431003717332867
WV,2015,35.6,34.1,37.1,5471.0,14.5,13.5,15.5,5866.0,78.0,37.0,47.43589743589744,,1843332,18.302476389810884,37068.0,49059.00283102055,6.541666666666667,,3.1822807828432427,10.800778992106945,14.42708536150284
WV,2016,37.7,36.3,39.0,6635.0,15.0,14.1,15.9,9519.0,85.0,27.0,31.764705882352942,567120.0,1832435,18.850317894014943,37075.0,48456.9425878255,6.075,16.78480744815912,5.194727234526736,10.788430900919694,14.42115624144536
WV,2017,38.1,36.4,39.7,5116.0,15.2,14.2,16.3,9673.0,57.0,14.0,24.56140350877193,558169.0,1818683,19.415792152062387,38841.0,49706.30175611564,5.2,17.329876793587605,5.318683904781647,10.813886999944499,14.413623170735413
WV,2018,39.5,37.8,41.3,4622.0,16.2,15.0,17.3,7432.0,39.0,9.0,23.076923076923077,537270.0,1805953,19.95958962471648,41001.0,51219.45780912639,5.141666666666667,13.832895936866008,4.115278747564306,10.843874774166961,14.406598988257194
WV,2019,39.7,38.0,41.5,4988.0,15.7,14.6,16.8,9520.0,42.0,11.0,26.19047619047619,521488.0,1795263,20.48852695102024,42615.0,52288.135454053256,4.925,18.255453625011505,5.302844207227576,10.864524768754363,14.400662087277636
WV,2020,39.1,37.5,40.7,5467.0,15.7,14.7,16.8,13140.0,41.0,13.0,31.70731707317073,538949.0,1791646,20.348482818675063,44897.0,54416.84658183862,8.333333333333334,24.380785565981196,7.334038085648616,10.904429064716348,14.398645308359642
WV,2021,40.6,39.1,42.1,6261.0,15.9,14.9,16.9,29014.0,66.0,28.0,42.42424242424242,595511.0,1785618,20.70720705078731,48895.0,56603.42346639553,5.133333333333334,48.72118231233344,16.248716130773772,10.94382474763412,14.39527513176348
WV,2022,41.0,39.3,42.8,4640.0,17.4,16.2,18.6,47262.0,91.0,49.0,53.84615384615385,596395.0,1774122,21.078129342374584,50163.0,53768.35327329485,3.883333333333333,79.24613720772307,26.639656122859645,10.892440343954338,14.388816210625706
WV,2023,41.2,39.3,43.0,4095.0,18.2,16.9,19.5,80299.0,105.0,34.0,32.38095238095238,,1770495,21.50116956718953,52977.0,54539.569967774485,3.8666666666666663,,45.35398292567898,10.90668177165589,14.386769726469108
WV,2024,41.4,39.8,43.0,5473.0,18.4,17.3,19.5,92775.0,92.0,24.0,26.08695652173913,,1769979,21.8921400501188,55432.0,55432.0,4.05,,52.41587612056414,10.922912323307218,14.386478240072849
WI,2011,27.7,25.8,29.7,4941.0,8.4,7.5,9.4,926.0,23.0,9.0,39.130434782608695,,5705840,13.875657160575258,41067.0,57269.96996298999,7.55,,0.16228986441961218,10.95553168090706,15.55700076970348
WI,2012,29.7,27.8,31.6,4966.0,8.3,7.3,9.4,1226.0,27.0,12.0,44.44444444444444,,5720825,14.347010203651514,42639.0,58256.674909722846,6.916666666666667,,0.21430475499600146,10.972613955587788,15.559623583724955
WI,2013,29.8,28.0,31.6,6188.0,8.2,7.3,9.2,1092.0,28.0,12.0,42.857142857142854,,5738012,14.727474654086986,42685.0,57477.57337635508,6.666666666666667,,0.1903098146187216,10.959150122467342,15.562623366842278
WI,2014,31.2,29.6,32.8,6655.0,9.0,8.1,9.9,1319.0,32.0,16.0,50.0,,5753199,15.13941555518918,44156.0,58509.20169781128,5.366666666666667,,0.22926375395671172,10.976939314830227,15.565266605895545
WI,2015,30.7,29.0,32.4,5755.0,8.4,7.5,9.3,3533.0,63.0,31.0,49.20634920634921,,5762927,15.541762630908073,45928.0,60785.09447564239,4.416666666666667,,0.6130565249221446,11.015099881247837,15.566956063324868
WI,2016,30.7,29.0,32.5,4793.0,9.8,8.8,10.8,9023.0,73.0,35.0,47.945205479452056,1108205.0,5775170,15.9881333768526,46595.0,60899.56142629074,3.933333333333333,8.141995388939772,1.5623782503372194,11.016981252133318,15.569078251168301
WI,2017,32.0,30.3,33.8,5348.0,9.1,8.1,10.2,14313.0,64.0,20.0,31.25,994552.0,5793147,16.44995678813197,48311.0,61825.4201524086,3.283333333333333,14.39140437101328,2.4706778543682733,11.032069888200065,15.572186225209943
WI,2018,32.0,30.2,33.8,4585.0,8.7,7.7,9.7,21060.0,75.0,33.0,44.0,1080227.0,5809319,16.91343142609277,50520.0,63110.82677293396,3.0,19.495902250175195,3.6252097707149495,11.05264761499848,15.574973910254307
WI,2019,34.2,32.4,36.1,4574.0,8.7,7.8,9.6,30990.0,68.0,27.0,39.705882352941174,1073784.0,5824581,17.434915558957563,52370.0,64257.412970286736,3.208333333333333,28.86055296037192,5.320554388375747,11.0706523730715,15.577597623498384
WI,2020,32.3,30.4,34.2,4632.0,8.9,7.9,9.9,43443.0,56.0,18.0,32.142857142857146,1165982.0,5897375,17.522917169831288,55499.0,67266.86790755422,6.433333333333334,37.25872269040174,7.366497806227347,11.11642308991718,15.590017894617553
WI,2021,33.9,32.1,35.7,5588.0,9.1,8.2,10.1,64188.0,86.0,33.0,38.372093023255815,1334520.0,5881608,18.039138324232123,60693.0,70261.40874211972,3.8166666666666655,48.098192608578366,10.913342065639192,11.159977976033268,15.587340751876628
WI,2022,37.7,36.4,39.0,10080.0,10.3,9.6,11.0,92542.0,108.0,40.0,37.03703703703704,1434059.0,5903975,18.54194101224816,61837.0,66281.39587665677,2.8166666666666664,64.53151509108064,15.674524367057787,11.101664531618324,15.591136410836135
WI,2023,35.9,34.7,37.2,11403.0,11.3,10.6,11.9,155058.0,120.0,29.0,24.166666666666668,,5930405,19.076726863779665,64873.0,66786.44548614368,2.8083333333333336,,26.14627500145437,11.10925542705126,15.595603065437741
WI,2024,37.4,36.1,38.7,11738.0,11.9,11.2,12.6,201545.0,138.0,11.0,7.971014492753623,,5960975,19.61024254300767,67799.0,67799.0,3.0083333333333333,,33.81074404774387,11.124302724557179,15.600744616266075
WY,2011,25.0,23.5,26.6,6565.0,8.2,7.3,9.2,113.0,18.0,15.0,83.33333333333333,,567491,12.805217360483455,50631.0,70607.44269598817,6.066666666666666,,0.1991221006148115,11.164890838548033,13.248980169181102
WY,2012,24.6,22.9,26.5,5976.0,9.0,8.1,10.1,131.0,15.0,9.0,60.0,,576656,13.217962912914222,53597.0,73228.33568180341,5.441666666666666,,0.22717183208013098,11.201337724523919,13.265001180524951
WY,2013,27.8,26.2,29.5,6147.0,8.6,7.8,9.5,125.0,19.0,15.0,78.94736842105263,,582620,13.61637701100214,52835.0,71145.07647510181,4.716666666666667,,0.21454807593285505,11.172476401898066,13.275290451788829
WY,2014,29.5,27.5,31.5,5973.0,8.4,7.5,9.4,164.0,18.0,9.0,50.0,,583159,14.132488415710505,56251.0,74535.76195089189,4.358333333333333,,0.2812269038118249,11.219034315378407,13.276215155422035
WY,2015,29.0,27.0,31.1,5010.0,8.4,7.5,9.4,292.0,32.0,24.0,75.0,,586389,14.612444292080903,56120.0,74274.0703268823,4.25,,0.4979629563310362,11.21551718361676,13.281738670852032
WY,2016,27.7,25.7,29.8,4200.0,8.3,7.3,9.4,342.0,32.0,24.0,75.0,86451.0,585243,15.188994935856472,53419.0,69818.51425756037,5.275,3.955998195509595,0.5843726452089132,11.153654500821618,13.279782424581072
WY,2017,28.8,27.1,30.6,4158.0,9.0,8.1,10.0,358.0,28.0,20.0,71.42857142857143,62374.0,579994,15.940202572107593,56378.0,72149.06620340071,4.341666666666667,5.739570975085773,0.6172477646320479,11.186489621684455,13.270773037641508
WY,2018,29.0,27.3,30.8,4175.0,8.7,7.9,9.7,556.0,27.0,18.0,66.66666666666667,60572.0,579054,16.666869228084735,59197.0,73950.3486238593,4.066666666666666,9.179158687182197,0.960186787415336,11.211149182446418,13.269151016454998
WY,2019,29.7,27.7,31.7,4306.0,7.8,6.9,8.8,654.0,31.0,16.0,51.61290322580645,58108.0,580116,17.316097591409626,61853.0,75892.94948350478,3.733333333333333,11.25490466028774,1.1273607347496017,11.237079066888537,13.270983362525268
WY,2020,30.7,28.7,32.7,4410.0,8.5,7.6,9.6,825.0,32.0,13.0,40.625,61427.0,577681,17.518316706018172,65094.0,78896.36749444736,5.858333333333333,13.430576131017306,1.4281238261254914,11.275890466413506,13.266777092185745
WY,2021,32.0,29.9,34.1,3990.0,8.8,7.8,9.9,1098.0,49.0,27.0,55.10204081632653,72532.0,579636,18.108289337577254,71456.0,82721.22358553551,4.55,15.138145921800033,1.8942922799826099,11.323231481527628,13.270155599301049
WY,2022,34.3,32.3,36.2,3799.0,9.3,8.4,10.3,1505.0,63.0,31.0,49.20634920634921,80649.0,581978,18.66487905125245,77800.0,83391.70074880568,3.4416666666666664,18.6611117310816,2.5860084058160275,11.331304071990042,13.274187925311825
WY,2023,33.3,31.5,35.2,4124.0,10.8,9.8,11.9,2073.0,80.0,37.0,46.25,,585067,19.23418846837693,83095.0,85545.90796897183,2.9,,3.543183943035584,11.356808446136279,13.279481649570474
WY,2024,32.5,30.7,34.3,4278.0,10.1,9.2,11.1,2569.0,88.0,33.0,37.5,,587618,19.76338882965636,86609.0,86609.0,3.1166666666666667,,4.37188785911936,11.36915901524758,13.283832355896406
