utilization_type,state,ndc,product_name,year,quarter,suppression_used,units_reimbursed,number_of_prescriptions,total_amount_reimbursed
FFSU,AK,00169413212,OZEMPIC   ,2018,4,false,61.500,33,29043.53
FFSU,AK,00169413602,OZEMPIC   ,2018,4,false,33.000,11,7811.60
FFSU,AK,00169413212,OZEMPIC   ,2018,3,false,42.000,25,19610.90
FFSU,AK,00169413602,OZEMPIC   ,2018,3,false,33.000,11,7937.93
FFSU,AK,00169413212,OZEMPIC   ,2018,2,true,,,
FFSU,AK,00169413602,OZEMPIC   ,2018,2,true,,,
FFSU,AK,00169413212,OZEMPIC   ,2018,1,true,,,
FFSU,AL,00169413212,OZEMPIC 0.,2018,4,false,69.000,44,39059.31
FFSU,AL,00169413602,OZEMPIC 1M,2018,4,false,36.000,12,9593.40
FFSU,AL,00169413212,OZEMPIC 0.,2018,3,false,24.000,16,11787.08
FFSU,AL,00169413602,OZEMPIC 1M,2018,3,true,,,
FFSU,AL,00169413212,OZEMPIC 0.,2018,2,true,,,
MCOU,AZ,00169413212,OZEMPIC   ,2018,4,false,18.000,12,6618.79
MCOU,AZ,00169413212,OZEMPIC   ,2018,3,true,,,
MCOU,AZ,00169413602,OZEMPIC   ,2018,1,true,,,
FFSU,CA,00169413212,OZEMPIC 0.,2018,4,false,135.000,87,65636.75
MCOU,CA,00169413212,OZEMPIC 0.,2018,4,false,1432.500,913,702731.72
FFSU,CA,00169413602,OZEMPIC 1M,2018,4,false,126.000,40,31124.97
MCOU,CA,00169413602,OZEMPIC 1M,2018,4,false,631.500,205,152468.23
FFSU,CA,00169413212,OZEMPIC 0.,2018,3,false,60.000,39,29521.55
MCOU,CA,00169413212,OZEMPIC 0.,2018,3,false,461.000,285,222524.98
FFSU,CA,00169413602,OZEMPIC 1M,2018,3,false,37.500,11,9285.11
MCOU,CA,00169413602,OZEMPIC 1M,2018,3,false,190.500,65,46305.04
FFSU,CA,00169413212,OZEMPIC 0.,2018,2,false,16.500,11,7674.77
MCOU,CA,00169413212,OZEMPIC 0.,2018,2,false,100.500,67,45330.34
MCOU,CA,00169413602,OZEMPIC 1M,2018,2,false,54.000,18,12218.40
FFSU,CA,00169413602,OZEMPIC 1M,2018,2,true,,,
FFSU,CA,00169413212,OZEMPIC 0.,2018,1,true,,,
MCOU,CA,00169413212,OZEMPIC 0.,2018,1,true,,,
FFSU,CO,00169413212,OZEMPIC   ,2018,4,true,,,
MCOU,CO,00169413212,OZEMPIC   ,2018,4,true,,,
MCOU,CO,00169413602,OZEMPIC   ,2018,4,true,,,
FFSU,CO,00169413602,OZEMPIC   ,2018,4,true,,,
FFSU,CO,00169413212,OZEMPIC   ,2018,3,true,,,
FFSU,CO,00169413602,OZEMPIC   ,2018,3,true,,,
MCOU,CO,00169413602,OZEMPIC   ,2018,3,true,,,
FFSU,CO,00169413212,OZEMPIC   ,2018,2,true,,,
FFSU,CO,00169413212,OZEMPIC   ,2018,1,true,,,
FFSU,CT,00169413212,OZEMPIC 0.,2018,4,false,465.000,234,220287.51
FFSU,CT,00169413602,OZEMPIC 1M,2018,4,false,793.500,233,188622.30
FFSU,CT,00169413212,OZEMPIC 0.,2018,3,false,186.000,93,87259.71
FFSU,CT,00169413602,OZEMPIC 1M,2018,3,false,469.500,139,111594.72
FFSU,CT,00169413212,OZEMPIC 0.,2018,2,false,85.500,48,38567.00
FFSU,CT,00169413602,OZEMPIC 1M,2018,2,false,139.500,45,31917.75
FFSU,CT,00169413212,OZEMPIC 0.,2018,1,true,,,
MCOU,DC,00169413212,OZEMPIC 0.,2018,4,false,54.000,36,25877.17
FFSU,DC,00169413212,OZEMPIC 0.,2018,4,true,,,
MCOU,DC,00169413602,OZEMPIC 1 ,2018,4,false,55.500,20,13196.88
MCOU,DC,00169413212,OZEMPIC 0.,2018,3,false,24.000,16,11337.94
MCOU,DC,00169413602,OZEMPIC 1 ,2018,3,true,,,
MCOU,DC,00169413212,OZEMPIC 0.,2018,2,true,,,
MCOU,DC,00169413602,OZEMPIC 1 ,2018,2,true,,,
MCOU,DE,00169413212,OZEMPIC 0.,2018,4,false,24.000,16,12411.09
MCOU,DE,00169413602,OZEMPIC 1M,2018,4,true,,,
MCOU,DE,00169413212,OZEMPIC 0.,2018,3,true,,,
MCOU,DE,00169413602,OZEMPIC 1M,2018,3,true,,,
MCOU,DE,00169413212,OZEMPIC   ,2018,2,true,,,
FFSU,FL,00169413212,OZEMPIC   ,2018,4,true,,,
MCOU,FL,00169413212,OZEMPIC   ,2018,4,false,48.000,30,22684.57
MCOU,FL,00169413602,OZEMPIC   ,2018,4,false,57.000,19,13580.45
MCOU,FL,00169413212,OZEMPIC   ,2018,3,false,25.500,16,11968.76
FFSU,FL,00169413212,OZEMPIC   ,2018,3,true,,,
MCOU,FL,00169413602,OZEMPIC   ,2018,3,true,,,
MCOU,FL,00169413212,OZEMPIC   ,2018,2,true,,,
MCOU,FL,00169413212,OZEMPIC   ,2018,1,true,,,
MCOU,GA,00169413212,OZEMPIC   ,2018,4,false,66.000,44,32024.14
FFSU,GA,00169413212,OZEMPIC   ,2018,4,true,,,
FFSU,GA,00169413602,OZEMPIC   ,2018,4,true,,,
MCOU,GA,00169413602,OZEMPIC   ,2018,4,true,,,
MCOU,GA,00169413212,OZEMPIC   ,2018,3,false,24.000,16,11651.58
FFSU,GA,00169413602,OZEMPIC   ,2018,3,true,,,
MCOU,GA,00169413212,OZEMPIC   ,2018,2,true,,,
MCOU,HI,00169413212,OZEMPIC 0.,2018,4,false,145.500,97,71605.05
MCOU,HI,00169413602,OZEMPIC 1 ,2018,4,false,84.000,28,17710.05
MCOU,HI,00169413212,OZEMPIC 0.,2018,3,false,33.000,22,16811.84
MCOU,HI,00169413602,OZEMPIC 1 ,2018,3,true,,,
MCOU,HI,00169413212,OZEMPIC 0.,2018,2,true,,,
MCOU,HI,00169413602,OZEMPIC 1 ,2018,2,true,,,
FFSU,IA,00169413212,OZEMPIC 0.,2018,4,true,,,
MCOU,IA,00169413212,OZEMPIC 0.,2018,4,false,18.000,12,8179.91
MCOU,IA,00169413602,OZEMPIC 1M,2018,4,true,,,
MCOU,IA,00169413212,OZEMPIC 0.,2018,3,true,,,
MCOU,IA,00169413602,OZEMPIC 1M,2018,3,true,,,
MCOU,IA,00169413212,OZEMPIC 0.,2018,2,true,,,
MCOU,IA,00169413212,OZEMPIC 0.,2018,1,true,,,
FFSU,ID,00169413212,OZEMPIC   ,2018,4,true,,,
FFSU,ID,00169413602,OZEMPIC   ,2018,4,true,,,
FFSU,ID,00169413212,OZEMPIC   ,2018,3,true,,,
FFSU,ID,00169413602,OZEMPIC   ,2018,3,true,,,
MCOU,IL,00169413212,OZEMPIC 0.,2018,4,false,27.000,16,13190.90
FFSU,IL,00169413212,OZEMPIC 0.,2018,4,true,,,
FFSU,IL,00169413602,OZEMPIC 1M,2018,4,true,,,
MCOU,IL,00169413602,OZEMPIC 1M,2018,4,true,,,
FFSU,IL,00169413212,OZEMPIC 0.,2018,3,true,,,
MCOU,IL,00169413212,OZEMPIC 0.,2018,3,true,,,
MCOU,IL,00169413602,OZEMPIC 1M,2018,3,true,,,
FFSU,IL,00169413602,OZEMPIC 1M,2018,3,true,,,
MCOU,IL,00169413212,OZEMPIC 0.,2018,2,true,,,
MCOU,IL,00169413602,OZEMPIC 1M,2018,2,true,,,
FFSU,IL,00169413602,OZEMPIC 1M,2018,2,true,,,
FFSU,IL,00169413212,OZEMPIC 0.,2018,1,true,,,
MCOU,IL,00169413602,OZEMPIC 1M,2018,1,true,,,
FFSU,IN,00169413212,OZEMPIC 0.,2018,4,true,,,
MCOU,IN,00169413212,OZEMPIC 0.,2018,4,false,1423.500,954,684575.98
MCOU,IN,00169413602,OZEMPIC 1M,2018,4,false,1440.500,471,349046.94
FFSU,IN,00169413602,OZEMPIC 1M,2018,4,true,,,
MCOU,IN,00169413212,OZEMPIC 0.,2018,3,false,854.500,557,412674.39
FFSU,IN,00169413602,OZEMPIC 1M,2018,3,true,,,
MCOU,IN,00169413602,OZEMPIC 1M,2018,3,false,751.500,252,181781.37
MCOU,IN,00169413212,OZEMPIC 0.,2018,2,false,451.750,284,202904.84
FFSU,IN,00169413212,OZEMPIC 0.,2018,2,true,,,
FFSU,IN,00169413602,OZEMPIC 1M,2018,2,true,,,
MCOU,IN,00169413602,OZEMPIC 1M,2018,2,false,328.500,114,73629.51
MCOU,IN,00169413212,OZEMPIC 0.,2018,1,true,,,
FFSU,IN,00169413602,OZEMPIC 1M,2018,1,true,,,
MCOU,IN,00169413602,OZEMPIC 1M,2018,1,false,45.000,15,10038.71
MCOU,KS,00169413212,OZEMPIC 0.,2018,4,false,31.500,21,15037.20
MCOU,KS,00169413602,OZEMPIC 1M,2018,4,true,,,
MCOU,KS,00169413212,OZEMPIC 0.,2018,3,true,,,
MCOU,KS,00169413212,OZEMPIC 0.,2018,2,true,,,
MCOU,KS,00169413212,OZEMPIC 0.,2018,1,true,,,
MCOU,KY,00169413212,OZEMPIC   ,2018,4,false,463.500,308,226156.53
FFSU,KY,00169413212,OZEMPIC   ,2018,4,true,,,
MCOU,KY,00169413602,OZEMPIC   ,2018,4,false,492.000,171,120303.75
FFSU,KY,00169413212,OZEMPIC   ,2018,3,true,,,
MCOU,KY,00169413212,OZEMPIC   ,2018,3,false,202.500,135,98279.24
MCOU,KY,00169413602,OZEMPIC   ,2018,3,false,166.500,56,40535.65
FFSU,KY,00169413212,OZEMPIC   ,2018,2,true,,,
MCOU,KY,00169413212,OZEMPIC   ,2018,2,false,66.000,44,29640.83
MCOU,KY,00169413602,OZEMPIC   ,2018,2,false,39.000,13,8766.58
FFSU,LA,00169413212,OZEMPIC   ,2018,4,true,,,
MCOU,LA,00169413212,OZEMPIC   ,2018,4,false,267.000,176,127597.05
MCOU,LA,00169413602,OZEMPIC   ,2018,4,false,243.000,85,56395.64
FFSU,LA,00169413602,OZEMPIC   ,2018,4,true,,,
MCOU,LA,00169413212,OZEMPIC   ,2018,3,false,120.000,80,55830.44
FFSU,LA,00169413212,OZEMPIC   ,2018,3,true,,,
MCOU,LA,00169413602,OZEMPIC   ,2018,3,false,43.500,17,10622.85
FFSU,LA,00169413602,OZEMPIC   ,2018,3,true,,,
MCOU,LA,00169413212,OZEMPIC   ,2018,2,false,33.000,22,14191.42
FFSU,LA,00169413602,OZEMPIC   ,2018,2,true,,,
MCOU,LA,00169413602,OZEMPIC   ,2018,2,true,,,
FFSU,MA,00169413212,OZEMPIC 0.,2018,4,false,85.500,56,40594.80
MCOU,MA,00169413212,OZEMPIC 0.,2018,4,false,73.500,49,36715.09
FFSU,MA,00169413602,OZEMPIC 1 ,2018,4,true,,,
MCOU,MA,00169413602,OZEMPIC 1 ,2018,4,false,174.000,56,43292.50
FFSU,MA,00169413212,OZEMPIC 0.,2018,3,false,22.500,15,10433.55
MCOU,MA,00169413212,OZEMPIC 0.,2018,3,true,,,
MCOU,MA,00169413602,OZEMPIC 1 ,2018,3,false,75.000,23,18556.27
MCOU,MA,00169413212,OZEMPIC 0.,2018,2,true,,,
MCOU,MA,00169413602,OZEMPIC 1 ,2018,2,true,,,
MCOU,MD,00169413212,OZEMPIC 0.,2018,4,false,754.500,484,360385.42
FFSU,MD,00169413212,OZEMPIC 0.,2018,4,true,,,
MCOU,MD,00169413602,OZEMPIC 1 ,2018,4,false,466.500,159,112033.88
FFSU,MD,00169413602,OZEMPIC 1 ,2018,4,true,,,
MCOU,MD,00169413212,OZEMPIC 0.,2018,3,false,342.000,223,161979.67
MCOU,MD,00169413602,OZEMPIC 1 ,2018,3,false,223.500,70,55683.07
FFSU,MD,00169413602,OZEMPIC 1 ,2018,3,true,,,
MCOU,MD,00169413212,OZEMPIC 0.,2018,2,false,94.500,63,41978.94
MCOU,MD,00169413602,OZEMPIC 1 ,2018,2,false,57.000,21,13725.78
MCOU,MD,00169413212,OZEMPIC 0.,2018,1,true,,,
FFSU,ME,00169413212,OZEMPIC   ,2018,4,true,,,
FFSU,ME,00169413212,OZEMPIC   ,2018,2,true,,,
FFSU,ME,00169413602,OZEMPIC   ,2018,2,true,,,
FFSU,MI,00169413212,OZEMPIC   ,2018,4,true,,,
MCOU,MI,00169413212,OZEMPIC   ,2018,4,false,16.500,11,7326.03
MCOU,MI,00169413602,OZEMPIC   ,2018,4,true,,,
FFSU,MI,00169413602,OZEMPIC   ,2018,4,true,,,
MCOU,MI,00169413212,OZEMPIC   ,2018,3,true,,,
MCOU,MI,00169413602,OZEMPIC   ,2018,3,true,,,
MCOU,MI,00169413602,OZEMPIC   ,2018,2,true,,,
FFSU,MN,00169413212,OZEMPIC   ,2018,4,true,,,
MCOU,MN,00169413212,OZEMPIC   ,2018,4,false,405.000,269,199747.71
FFSU,MN,00169413602,OZEMPIC   ,2018,4,true,,,
MCOU,MN,00169413602,OZEMPIC   ,2018,4,false,213.000,71,52261.65
FFSU,MN,00169413212,OZEMPIC   ,2018,3,true,,,
MCOU,MN,00169413212,OZEMPIC   ,2018,3,false,123.000,81,61888.13
MCOU,MN,00169413602,OZEMPIC   ,2018,3,false,43.500,15,10795.95
FFSU,MN,00169413602,OZEMPIC   ,2018,3,true,,,
FFSU,MN,00169413212,OZEMPIC   ,2018,2,true,,,
MCOU,MN,00169413212,OZEMPIC   ,2018,2,true,,,
MCOU,MN,00169413602,OZEMPIC   ,2018,2,true,,,
MCOU,MN,00169413212,OZEMPIC   ,2018,1,true,,,
FFSU,MO,00169413212,OZEMPIC   ,2018,4,false,73.500,48,35322.47
FFSU,MO,00169413602,OZEMPIC   ,2018,4,false,48.000,16,11538.56
FFSU,MO,00169413212,OZEMPIC   ,2018,3,false,48.000,30,22686.14
FFSU,MO,00169413602,OZEMPIC   ,2018,3,true,,,
FFSU,MO,00169413212,OZEMPIC   ,2018,2,true,,,
FFSU,MO,00169413602,OZEMPIC   ,2018,2,true,,,
FFSU,MO,00169413212,OZEMPIC   ,2018,1,true,,,
FFSU,MO,00169413602,OZEMPIC   ,2018,1,true,,,
MCOU,MS,00169413212,OZEMPIC 0.,2018,4,true,,,
MCOU,MS,00169413602,OZEMPIC 1 ,2018,4,true,,,
MCOU,MS,00169413212,OZEMPIC 0.,2018,3,true,,,
FFSU,MS,00169413212,OZEMPIC 0.,2018,3,true,,,
FFSU,MS,00169413212,OZEMPIC 0.,2018,2,true,,,
FFSU,MT,00169413212,OZEMPIC 0.,2018,4,true,,,
FFSU,MT,00169413602,OZEMPIC 1 ,2018,4,true,,,
FFSU,MT,00169413212,OZEMPIC 0.,2018,3,true,,,
FFSU,MT,00169413602,OZEMPIC 1 ,2018,3,true,,,
FFSU,XX,00169413212,OZEMPIC 0.,2018,4,false,1404.000,810,676277.45
MCOU,XX,00169413212,OZEMPIC 0.,2018,4,false,10670.000,6980,5114365.38
FFSU,XX,00169413602,OZEMPIC 1M,2018,4,false,1714.500,513,409283.85
MCOU,XX,00169413602,OZEMPIC 1M,2018,4,false,7752.500,2606,1857374.89
FFSU,XX,00169413212,OZEMPIC 0.,2018,3,false,601.500,343,285147.39
MCOU,XX,00169413212,OZEMPIC 0.,2018,3,false,4646.500,3019,1995664.84
FFSU,XX,00169413602,OZEMPIC 1M,2018,3,false,805.000,245,191931.53
MCOU,XX,00169413602,OZEMPIC 1M,2018,3,false,2994.500,1019,640375.89
FFSU,XX,00169413212,OZEMPIC 0.,2018,2,false,186.000,115,84063.36
MCOU,XX,00169413212,OZEMPIC 0.,2018,2,false,1593.250,1009,627059.92
FFSU,XX,00169413602,OZEMPIC 1M,2018,2,false,229.500,73,52386.08
MCOU,XX,00169413602,OZEMPIC 1M,2018,2,false,895.500,308,175242.84
FFSU,XX,00169413212,OZEMPIC 0.,2018,1,false,39.000,22,17115.50
MCOU,XX,00169413212,OZEMPIC 0.,2018,1,false,99.250,65,42175.83
FFSU,XX,00169413602,OZEMPIC 1M,2018,1,true,,,
MCOU,XX,00169413602,OZEMPIC 1M,2018,1,false,72.000,23,16010.11
FFSU,NC,00169413212,OZEMPIC   ,2018,4,false,175.500,117,82329.64
FFSU,NC,00169413602,OZEMPIC   ,2018,4,false,226.500,77,53213.91
FFSU,NC,00169413212,OZEMPIC   ,2018,3,false,69.000,46,32065.60
FFSU,NC,00169413602,OZEMPIC   ,2018,3,false,93.000,32,21845.09
FFSU,NC,00169413212,OZEMPIC   ,2018,2,true,,,
FFSU,NC,00169413602,OZEMPIC   ,2018,2,true,,,
FFSU,NC,00169413212,OZEMPIC   ,2018,1,true,,,
FFSU,NC,00169413602,OZEMPIC   ,2018,1,true,,,
FFSU,ND,00169413212,OZEMPIC 0.,2018,4,true,,,
MCOU,ND,00169413212,OZEMPIC 0.,2018,4,true,,,
FFSU,ND,00169413602,OZEMPIC 1 ,2018,4,true,,,
MCOU,ND,00169413602,OZEMPIC 1 ,2018,4,true,,,
FFSU,ND,00169413212,OZEMPIC 0.,2018,3,true,,,
MCOU,ND,00169413212,OZEMPIC 0.,2018,3,true,,,
FFSU,ND,00169413602,OZEMPIC 1 ,2018,3,true,,,
MCOU,NE,00169413212,OZEMPIC 0.,2018,4,true,,,
MCOU,NE,00169413602,OZEMPIC 1M,2018,4,true,,,
MCOU,NE,00169413602,OZEMPIC 1M,2018,3,true,,,
MCOU,NE,00169413212,OZEMPIC 0.,2018,2,true,,,
MCOU,NH,00169413212,OZEMPIC   ,2018,4,true,,,
MCOU,NH,00169413602,OZEMPIC   ,2018,4,true,,,
MCOU,NH,00169413212,OZEMPIC   ,2018,3,true,,,
FFSU,NJ,00169413212,OZEMPIC 0.,2018,4,true,,,
MCOU,NJ,00169413212,OZEMPIC 0.,2018,4,false,198.000,132,91967.02
MCOU,NJ,00169413602,OZEMPIC 1M,2018,4,false,195.000,68,45844.75
MCOU,NJ,00169413212,OZEMPIC 0.,2018,3,false,106.500,71,50253.64
FFSU,NJ,00169413602,OZEMPIC 1M,2018,3,true,,,
MCOU,NJ,00169413602,OZEMPIC 1M,2018,3,false,123.000,42,28760.06
FFSU,NJ,00169413212,OZEMPIC 0.,2018,2,true,,,
MCOU,NJ,00169413212,OZEMPIC 0.,2018,2,false,46.500,31,20234.91
MCOU,NJ,00169413602,OZEMPIC 1M,2018,2,false,30.000,11,6499.13
FFSU,NM,00169413212,OZEMPIC 0.,2018,4,true,,,
MCOU,NM,00169413212,OZEMPIC 0.,2018,4,true,,,
FFSU,NM,00169413212,OZEMPIC 0.,2018,2,true,,,
MCOU,NV,00169413212,OZEMPIC 0.,2018,4,false,141.000,92,68221.88
FFSU,NV,00169413212,OZEMPIC 0.,2018,4,false,64.500,24,30460.06
FFSU,NV,00169413602,OZEMPIC 1M,2018,4,false,85.500,16,20220.44
MCOU,NV,00169413602,OZEMPIC 1M,2018,4,false,171.000,61,41666.58
FFSU,NV,00169413212,OZEMPIC 0.,2018,3,true,,,
MCOU,NV,00169413212,OZEMPIC 0.,2018,3,false,72.000,48,35022.14
FFSU,NV,00169413602,OZEMPIC 1M,2018,3,true,,,
MCOU,NV,00169413602,OZEMPIC 1M,2018,3,false,64.500,26,15756.41
FFSU,NV,00169413212,OZEMPIC 0.,2018,2,true,,,
MCOU,NV,00169413212,OZEMPIC 0.,2018,2,true,,,
MCOU,NV,00169413602,OZEMPIC 1M,2018,2,true,,,
FFSU,NY,00169413212,OZEMPIC   ,2018,4,false,37.500,25,16962.46
MCOU,NY,00169413212,OZEMPIC   ,2018,4,false,1644.000,1085,779239.72
FFSU,NY,00169413602,OZEMPIC   ,2018,4,false,60.000,11,13866.32
MCOU,NY,00169413602,OZEMPIC   ,2018,4,false,1317.500,446,309455.77
FFSU,NY,00169413212,OZEMPIC   ,2018,3,false,21.000,12,9705.59
MCOU,NY,00169413212,OZEMPIC   ,2018,3,false,622.500,404,65839.22
MCOU,NY,00169413602,OZEMPIC   ,2018,3,false,474.000,169,26423.65
FFSU,NY,00169413602,OZEMPIC   ,2018,3,true,,,
MCOU,NY,00169413212,OZEMPIC   ,2018,2,false,198.000,131,0.00
FFSU,NY,00169413212,OZEMPIC   ,2018,2,true,,,
FFSU,NY,00169413602,OZEMPIC   ,2018,2,true,,,
MCOU,NY,00169413602,OZEMPIC   ,2018,2,false,115.500,42,0.00
FFSU,NY,00169413212,OZEMPIC 0.,2018,1,true,,,
MCOU,NY,00169413212,OZEMPIC   ,2018,1,true,,,
MCOU,NY,00169413602,OZEMPIC 1M,2018,1,true,,,
MCOU,OH,00169413212,OZEMPIC 0.,2018,4,false,626.000,416,302436.30
FFSU,OH,00169413212,OZEMPIC 0.,2018,4,false,16.500,11,7806.84
MCOU,OH,00169413602,OZEMPIC 1M,2018,4,false,373.500,127,89503.20
FFSU,OH,00169413602,OZEMPIC 1M,2018,4,true,,,
MCOU,OH,00169413212,OZEMPIC 0.,2018,3,false,192.000,128,94556.92
FFSU,OH,00169413212,OZEMPIC 0.,2018,3,true,,,
MCOU,OH,00169413602,OZEMPIC 1M,2018,3,false,117.000,40,29152.23
MCOU,OH,00169413212,OZEMPIC 0.,2018,2,false,27.000,18,12093.86
MCOU,OH,00169413602,OZEMPIC 1M,2018,2,false,28.500,11,6358.49
FFSU,OK,00169413212,OZEMPIC 0.,2018,4,true,,,
FFSU,OK,00169413602,OZEMPIC 1M,2018,4,true,,,
FFSU,OK,00169413212,OZEMPIC 0.,2018,3,true,,,
FFSU,OK,00169413602,OZEMPIC 1M,2018,3,true,,,
MCOU,OR,00169413212,OZEMPIC 0.,2018,4,false,54.000,36,26102.64
MCOU,OR,00169413602,OZEMPIC 1M,2018,4,false,39.000,13,9302.62
MCOU,OR,00169413212,OZEMPIC 0.,2018,3,false,21.000,14,10196.04
MCOU,OR,00169413602,OZEMPIC 1M,2018,3,true,,,
MCOU,OR,00169413212,OZEMPIC 0.,2018,2,true,,,
MCOU,OR,00169413602,OZEMPIC 1M,2018,2,true,,,
FFSU,PA,00169413212,OZEMPIC 0.,2018,4,false,27.000,14,12655.58
MCOU,PA,00169413212,OZEMPIC 0.,2018,4,false,2175.000,1434,1048338.72
MCOU,PA,00169413602,OZEMPIC 1M,2018,4,false,1396.500,471,338135.91
FFSU,PA,00169413602,OZEMPIC 1M,2018,4,true,,,
FFSU,PA,00169413212,OZEMPIC 0.,2018,3,true,,,
MCOU,PA,00169413212,OZEMPIC 0.,2018,3,false,1155.000,754,557994.54
FFSU,PA,00169413602,OZEMPIC 1M,2018,3,true,,,
MCOU,PA,00169413602,OZEMPIC 1M,2018,3,false,543.000,180,133724.81
MCOU,PA,00169413212,OZEMPIC 0.,2018,2,false,450.000,269,205753.30
FFSU,PA,00169413212,OZEMPIC 0.,2018,2,true,,,
MCOU,PA,00169413602,OZEMPIC 1M,2018,2,false,160.500,49,35512.52
MCOU,PA,00169413212,OZEMPIC 0.,2018,1,false,57.000,36,25477.11
MCOU,PA,00169413602,OZEMPIC 1M,2018,1,true,,,
MCOU,RI,00169413212,OZEMPIC 0.,2018,4,true,,,
FFSU,RI,00169413602,OZEMPIC 1M,2018,4,true,,,
MCOU,RI,00169413212,OZEMPIC 0.,2018,3,true,,,
MCOU,RI,00169413212,OZEMPIC 0.,2018,2,true,,,
MCOU,SC,00169413212,OZEMPIC   ,2018,4,false,192.000,95,70310.12
FFSU,SC,00169413212,OZEMPIC   ,2018,4,true,,,
MCOU,SC,00169413602,OZEMPIC   ,2018,4,true,,,
FFSU,SC,00169413602,OZEMPIC   ,2018,4,true,,,
MCOU,SC,00169413212,OZEMPIC   ,2018,3,false,49.000,24,17505.48
MCOU,SC,00169413602,OZEMPIC   ,2018,3,true,,,
MCOU,SC,00169413602,OZEMPIC   ,2018,2,true,,,
FFSU,SD,00169413212,OZEMPIC 0.,2018,4,true,,,
FFSU,SD,00169413602,OZEMPIC 1M,2018,4,true,,,
FFSU,SD,00169413602,OZEMPIC 1M,2018,3,true,,,
FFSU,SD,00169413212,OZEMPIC 0.,2018,2,true,,,
FFSU,SD,00169413602,OZEMPIC 1M,2018,2,true,,,
FFSU,SD,00169413212,OZEMPIC 0.,2018,1,true,,,
FFSU,TN,00169413212,OZEMPIC   ,2018,4,false,28.500,17,13454.21
FFSU,TN,00169413602,OZEMPIC   ,2018,4,true,,,
FFSU,TN,00169413212,OZEMPIC   ,2018,3,true,,,
FFSU,TN,00169413602,OZEMPIC   ,2018,3,true,,,
FFSU,TN,00169413212,OZEMPIC   ,2018,2,true,,,
MCOU,TX,00169413212,OZEMPIC 0.,2018,4,false,234.000,150,113197.19
FFSU,TX,00169413212,OZEMPIC 0.,2018,4,true,,,
MCOU,TX,00169413602,OZEMPIC 1 ,2018,4,false,151.500,49,35301.16
FFSU,TX,00169413212,OZEMPIC 0.,2018,3,true,,,
MCOU,TX,00169413212,OZEMPIC 0.,2018,3,false,93.000,61,44994.96
MCOU,TX,00169413602,OZEMPIC 1 ,2018,3,true,,,
MCOU,UT,00169413212,OZEMPIC 0.,2018,4,true,,,
FFSU,VA,00169413212,OZEMPIC   ,2018,4,true,,,
MCOU,VA,00169413212,OZEMPIC   ,2018,4,false,52.500,34,23900.38
MCOU,VA,00169413602,OZEMPIC   ,2018,4,false,66.000,23,15631.76
MCOU,VA,00169413212,OZEMPIC   ,2018,3,false,34.500,23,16180.24
FFSU,VA,00169413212,OZEMPIC   ,2018,3,true,,,
MCOU,VA,00169413602,OZEMPIC   ,2018,3,false,28.500,11,7372.13
MCOU,VA,00169413212,OZEMPIC   ,2018,2,true,,,
MCOU,VA,00169413602,OZEMPIC   ,2018,2,true,,,
MCOU,VA,00169413212,OZEMPIC   ,2018,1,true,,,
FFSU,VT,00169413212,OZEMPIC 0.,2018,4,false,22.500,15,9595.17
FFSU,VT,00169413602,OZEMPIC 1M,2018,4,true,,,
FFSU,VT,00169413212,OZEMPIC 0.,2018,3,true,,,
FFSU,VT,00169413602,OZEMPIC 1M,2018,3,true,,,
MCOU,WA,00169413212,OZEMPIC 0.,2018,4,false,40.500,26,18823.46
MCOU,WA,00169413602,OZEMPIC 1M,2018,4,false,48.000,16,10628.80
MCOU,WA,00169413212,OZEMPIC 0.,2018,3,false,24.000,16,11149.61
MCOU,WA,00169413602,OZEMPIC 1M,2018,3,false,36.000,12,8511.79
MCOU,WA,00169413212,OZEMPIC 0.,2018,2,false,33.000,22,14548.84
MCOU,WA,00169413602,OZEMPIC 1M,2018,2,true,,,
MCOU,WI,00169413212,OZEMPIC 0.,2018,4,true,,,
FFSU,WI,00169413602,OZEMPIC 1M,2018,4,true,,,
FFSU,WV,00169413212,OZEMPIC 0.,2018,4,true,,,
FFSU,WV,00169413602,OZEMPIC 1 ,2018,4,true,,,
FFSU,WV,00169413212,OZEMPIC 0.,2018,3,true,,,
FFSU,AK,00002143380,TRULICITY ,2018,4,false,94.000,45,33381.26
FFSU,AK,00002143480,TRULICITY ,2018,4,false,78.000,39,27532.67
FFSU,AK,00002143380,TRULICITY ,2018,3,false,98.000,48,34440.41
FFSU,AK,00002143480,TRULICITY ,2018,3,false,124.000,62,43958.82
FFSU,AK,00002143380,TRULICITY ,2018,2,false,68.000,34,23889.94
FFSU,AK,00002143480,TRULICITY ,2018,2,false,66.000,33,23353.58
FFSU,AK,00002143380,TRULICITY ,2018,1,false,82.000,41,27293.72
FFSU,AK,00002143480,TRULICITY ,2018,1,false,90.000,44,30089.15
FFSU,AL,00002143301,TRULICITY ,2018,4,true,,,
FFSU,AL,00002143380,TRULICITY ,2018,4,false,767.000,391,277025.81
FFSU,AL,00002143480,TRULICITY ,2018,4,false,1020.000,510,374845.80
FFSU,AL,00002143301,TRULICITY ,2018,3,true,,,
FFSU,AL,00002143380,TRULICITY ,2018,3,false,669.000,342,247783.49
FFSU,AL,00002143401,TRULICITY ,2018,3,true,,,
FFSU,AL,00002143480,TRULICITY ,2018,3,false,854.000,427,316170.99
FFSU,AL,00002143380,TRULICITY ,2018,2,false,593.000,300,216686.64
FFSU,AL,00002143480,TRULICITY ,2018,2,false,810.000,405,300441.26
FFSU,AL,00002143301,TRULICITY ,2018,1,true,,,
FFSU,AL,00002143380,TRULICITY ,2018,1,false,529.000,266,182722.25
FFSU,AL,00002143401,TRULICITY ,2018,1,true,,,
FFSU,AL,00002143480,TRULICITY ,2018,1,false,692.000,347,241126.56
FFSU,AR,00002143380,TRULICITY ,2018,4,true,,,
FFSU,AR,00002143480,TRULICITY ,2018,4,true,,,
FFSU,AR,00002143380,TRULICITY ,2018,3,true,,,
FFSU,AR,00002143480,TRULICITY ,2018,3,true,,,
FFSU,AR,00002143380,TRULICITY ,2018,2,true,,,
FFSU,AR,00002143480,TRULICITY ,2018,2,true,,,
FFSU,AR,00002143380,TRULICITY ,2018,1,true,,,
FFSU,AR,00002143480,TRULICITY ,2018,1,false,22.000,11,7201.37
MCOU,AZ,00002143301,TRULICITY ,2018,4,true,,,
MCOU,AZ,00002143380,TRULICITY ,2018,4,false,166.000,83,51931.56
FFSU,AZ,00002143380,TRULICITY ,2018,4,false,22.000,11,8065.26
MCOU,AZ,00002143401,TRULICITY ,2018,4,true,,,
MCOU,AZ,00002143480,TRULICITY ,2018,4,false,353.500,180,116542.21
FFSU,AZ,00002143480,TRULICITY ,2018,4,true,,,
MCOU,AZ,00002143301,TRULICITY ,2018,3,true,,,
FFSU,AZ,00002143380,TRULICITY ,2018,3,true,,,
MCOU,AZ,00002143380,TRULICITY ,2018,3,false,198.000,93,66638.44
FFSU,AZ,00002143401,TRULICITY ,2018,3,true,,,
FFSU,AZ,00002143480,TRULICITY ,2018,3,true,,,
MCOU,AZ,00002143480,TRULICITY ,2018,3,false,351.000,182,121742.10
MCOU,AZ,00002143301,TRULICITY ,2018,2,true,,,
MCOU,AZ,00002143380,TRULICITY ,2018,2,false,220.000,106,72331.53
FFSU,AZ,00002143480,TRULICITY ,2018,2,true,,,
MCOU,AZ,00002143480,TRULICITY ,2018,2,false,358.500,178,124312.50
FFSU,AZ,00002143380,TRULICITY ,2018,1,true,,,
MCOU,AZ,00002143380,TRULICITY ,2018,1,false,216.000,106,67268.85
MCOU,AZ,00002143480,TRULICITY ,2018,1,false,373.000,187,118302.68
FFSU,CA,00002143301,TRULICITY ,2018,4,false,22.000,11,8191.22
MCOU,CA,00002143301,TRULICITY ,2018,4,true,,,
MCOU,CA,00002143380,TRULICITY ,2018,4,false,3875.500,1890,1393290.45
FFSU,CA,00002143380,TRULICITY ,2018,4,false,3018.000,1449,1106614.12
FFSU,CA,00002143401,TRULICITY ,2018,4,true,,,
MCOU,CA,00002143401,TRULICITY ,2018,4,false,34.000,16,12411.37
FFSU,CA,00002143480,TRULICITY ,2018,4,false,4212.000,2023,1551946.54
MCOU,CA,00002143480,TRULICITY ,2018,4,false,5487.500,2656,1987840.20
FFSU,CA,00002143301,TRULICITY ,2018,3,true,,,
MCOU,CA,00002143301,TRULICITY ,2018,3,true,,,
MCOU,CA,00002143380,TRULICITY ,2018,3,false,3337.000,1608,1193197.31
FFSU,CA,00002143380,TRULICITY ,2018,3,false,2255.000,1076,811384.09
FFSU,CA,00002143401,TRULICITY ,2018,3,true,,,
MCOU,CA,00002143401,TRULICITY ,2018,3,false,22.000,11,8062.11
FFSU,CA,00002143480,TRULICITY ,2018,3,false,3078.000,1487,1130300.75
MCOU,CA,00002143480,TRULICITY ,2018,3,false,4752.500,2302,1718880.20
MCOU,CA,00002143301,TRULICITY ,2018,2,true,,,
FFSU,CA,00002143301,TRULICITY ,2018,2,true,,,
MCOU,CA,00002143380,TRULICITY ,2018,2,false,2775.000,1349,1001422.06
FFSU,CA,00002143380,TRULICITY ,2018,2,false,1668.500,819,605444.04
MCOU,CA,00002143401,TRULICITY ,2018,2,true,,,
FFSU,CA,00002143401,TRULICITY ,2018,2,true,,,
MCOU,CA,00002143480,TRULICITY ,2018,2,false,3967.500,1921,1432008.37
FFSU,CA,00002143480,TRULICITY ,2018,2,false,2813.000,1376,1031429.06
MCOU,CA,00002143301,TRULICITY ,2018,1,true,,,
FFSU,CA,00002143301,TRULICITY ,2018,1,true,,,
MCOU,CA,00002143380,TRULICITY ,2018,1,false,2194.500,1072,751975.67
FFSU,CA,00002143380,TRULICITY ,2018,1,false,1392.500,688,479931.94
MCOU,CA,00002143401,TRULICITY ,2018,1,true,,,
FFSU,CA,00002143480,TRULICITY ,2018,1,false,2205.000,1078,771248.79
MCOU,CA,00002143480,TRULICITY ,2018,1,false,3256.500,1544,1107503.88
MCOU,CO,00002143380,TRULICITY ,2018,4,false,112.500,58,40293.71
FFSU,CO,00002143380,TRULICITY ,2018,4,false,120.000,48,42830.75
FFSU,CO,00002143480,TRULICITY ,2018,4,false,306.000,124,109179.83
MCOU,CO,00002143480,TRULICITY ,2018,4,false,151.000,75,54048.54
FFSU,CO,00002143380,TRULICITY ,2018,3,false,129.000,54,46210.40
MCOU,CO,00002143380,TRULICITY ,2018,3,false,74.500,38,26739.40
FFSU,CO,00002143480,TRULICITY ,2018,3,false,316.000,123,112540.10
MCOU,CO,00002143480,TRULICITY ,2018,3,false,128.000,63,45713.37
FFSU,CO,00002143380,TRULICITY ,2018,2,false,116.000,50,41485.47
MCOU,CO,00002143380,TRULICITY ,2018,2,false,46.500,24,16651.96
FFSU,CO,00002143480,TRULICITY ,2018,2,false,368.000,149,131200.96
MCOU,CO,00002143480,TRULICITY ,2018,2,false,157.000,77,54941.01
MCOU,CO,00002143380,TRULICITY ,2018,1,false,54.000,27,18228.72
FFSU,CO,00002143380,TRULICITY ,2018,1,false,108.000,44,36594.95
FFSU,CO,00002143480,TRULICITY ,2018,1,false,376.000,150,125875.59
MCOU,CO,00002143480,TRULICITY ,2018,1,false,132.000,65,43571.42
FFSU,CT,00002143380,TRULICITY ,2018,4,false,1511.500,648,537031.26
FFSU,CT,00002143480,TRULICITY ,2018,4,false,2069.000,765,732105.58
FFSU,CT,00002143380,TRULICITY ,2018,3,false,1393.000,584,494843.40
FFSU,CT,00002143480,TRULICITY ,2018,3,false,1887.000,696,668372.76
FFSU,CT,00002143380,TRULICITY ,2018,2,false,1327.500,553,471562.04
FFSU,CT,00002143480,TRULICITY ,2018,2,false,1528.000,581,541218.21
FFSU,CT,00002143380,TRULICITY ,2018,1,false,1113.500,461,370190.28
FFSU,CT,00002143480,TRULICITY ,2018,1,false,1338.000,514,444153.28
MCOU,DC,00002143301,TRULICITY ,2018,4,true,,,
MCOU,DC,00002143380,TRULICITY ,2018,4,false,662.000,330,239038.51
FFSU,DC,00002143380,TRULICITY ,2018,4,true,,,
FFSU,DC,00002143480,TRULICITY ,2018,4,false,28.000,14,9965.62
MCOU,DC,00002143480,TRULICITY ,2018,4,false,736.500,366,261067.96
MCOU,DC,00002143380,TRULICITY ,2018,3,false,452.000,224,161309.47
FFSU,DC,00002143380,TRULICITY ,2018,3,false,26.000,11,9244.62
MCOU,DC,00002143480,TRULICITY ,2018,3,false,547.500,275,194223.88
FFSU,DC,00002143480,TRULICITY ,2018,3,false,24.000,12,8541.96
MCOU,DC,00002143380,TRULICITY ,2018,2,false,477.000,239,170563.98
FFSU,DC,00002143380,TRULICITY ,2018,2,false,30.000,15,10692.60
FFSU,DC,00002143480,TRULICITY ,2018,2,true,,,
MCOU,DC,00002143480,TRULICITY ,2018,2,false,546.000,272,193791.90
MCOU,DC,00002143380,TRULICITY ,2018,1,false,385.500,193,131800.86
FFSU,DC,00002143380,TRULICITY ,2018,1,true,,,
FFSU,DC,00002143480,TRULICITY ,2018,1,true,,,
MCOU,DC,00002143480,TRULICITY ,2018,1,false,388.500,195,132334.99
MCOU,DE,00002143301,TRULICITY ,2018,4,true,,,
MCOU,DE,00002143380,TRULICITY ,2018,4,false,140.000,70,180.50
MCOU,DE,00002143480,TRULICITY ,2018,4,false,150.000,71,4705.79
MCOU,DE,00002143301,TRULICITY ,2018,3,true,,,
MCOU,DE,00002143380,TRULICITY ,2018,3,false,108.000,52,1905.47
FFSU,DE,00002143380,TRULICITY ,2018,3,true,,,
FFSU,DE,00002143480,TRULICITY ,2018,3,true,,,
MCOU,DE,00002143480,TRULICITY ,2018,3,false,144.000,72,214.50
MCOU,DE,00002143301,TRULICITY ,2018,2,true,,,
FFSU,DE,00002143380,TRULICITY ,2018,2,true,,,
MCOU,DE,00002143380,TRULICITY ,2018,2,false,88.000,41,157.50
MCOU,DE,00002143480,TRULICITY ,2018,2,false,122.000,59,36965.31
MCOU,DE,00002143301,TRULICITY ,2018,1,true,,,
MCOU,DE,00002143380,TRULICITY ,2018,1,false,66.000,33,125.00
MCOU,DE,00002143480,TRULICITY ,2018,1,false,110.000,55,22700.37
MCOU,FL,00002143380,TRULICITY ,2018,4,false,321.500,164,112583.53
FFSU,FL,00002143380,TRULICITY ,2018,4,true,,,
MCOU,FL,00002143480,TRULICITY ,2018,4,false,526.000,265,183120.48
FFSU,FL,00002143480,TRULICITY ,2018,4,false,34.000,17,12085.64
FFSU,FL,00002143380,TRULICITY ,2018,3,true,,,
MCOU,FL,00002143380,TRULICITY ,2018,3,false,230.000,113,81725.30
FFSU,FL,00002143480,TRULICITY ,2018,3,true,,,
MCOU,FL,00002143480,TRULICITY ,2018,3,false,415.000,208,145970.94
MCOU,FL,00002143380,TRULICITY ,2018,2,false,196.000,95,69572.93
FFSU,FL,00002143380,TRULICITY ,2018,2,true,,,
MCOU,FL,00002143480,TRULICITY ,2018,2,false,332.500,169,118107.07
FFSU,FL,00002143480,TRULICITY ,2018,2,true,,,
FFSU,FL,00002143380,TRULICITY ,2018,1,true,,,
MCOU,FL,00002143380,TRULICITY ,2018,1,false,176.000,87,59698.79
MCOU,FL,00002143480,TRULICITY ,2018,1,false,336.000,169,113327.88
FFSU,FL,00002143480,TRULICITY ,2018,1,true,,,
MCOU,GA,00002143380,TRULICITY ,2018,4,false,190.000,94,68563.81
FFSU,GA,00002143380,TRULICITY ,2018,4,false,94.000,47,33320.92
FFSU,GA,00002143480,TRULICITY ,2018,4,false,133.000,68,47124.11
MCOU,GA,00002143480,TRULICITY ,2018,4,false,154.000,77,56027.72
FFSU,GA,00002143380,TRULICITY ,2018,3,false,100.000,50,35475.00
MCOU,GA,00002143380,TRULICITY ,2018,3,false,134.000,67,48887.94
FFSU,GA,00002143480,TRULICITY ,2018,3,false,136.000,68,48163.45
MCOU,GA,00002143480,TRULICITY ,2018,3,false,158.000,79,56808.18
MCOU,GA,00002143380,TRULICITY ,2018,2,false,166.000,83,57863.14
FFSU,GA,00002143380,TRULICITY ,2018,2,false,78.000,39,27669.48
MCOU,GA,00002143480,TRULICITY ,2018,2,false,144.000,72,51705.65
FFSU,GA,00002143480,TRULICITY ,2018,2,false,88.000,44,31174.64
FFSU,GA,00002143380,TRULICITY ,2018,1,false,32.000,16,10825.39
MCOU,GA,00002143380,TRULICITY ,2018,1,false,122.000,62,42954.40
FFSU,GA,00002143480,TRULICITY ,2018,1,false,46.000,23,15263.55
MCOU,GA,00002143480,TRULICITY ,2018,1,false,100.000,50,34746.05
MCOU,HI,00002143380,TRULICITY ,2018,4,false,474.000,237,164890.88
MCOU,HI,00002143401,TRULICITY ,2018,4,true,,,
MCOU,HI,00002143480,TRULICITY ,2018,4,false,1140.000,555,385245.29
MCOU,HI,00002143380,TRULICITY ,2018,3,false,586.000,269,190394.02
MCOU,HI,00002143401,TRULICITY ,2018,3,true,,,
MCOU,HI,00002143480,TRULICITY ,2018,3,false,1026.000,495,351811.35
MCOU,HI,00002143380,TRULICITY ,2018,2,false,520.000,260,176801.20
FFSU,HI,00002143380,TRULICITY ,2018,2,true,,,
MCOU,HI,00002143401,TRULICITY ,2018,2,true,,,
MCOU,HI,00002143480,TRULICITY ,2018,2,false,868.000,434,305250.97
MCOU,HI,00002143380,TRULICITY ,2018,1,false,426.000,207,136011.77
MCOU,HI,00002143480,TRULICITY ,2018,1,false,714.000,338,224570.28
MCOU,IA,00002143380,TRULICITY ,2018,4,true,,,
FFSU,IA,00002143480,TRULICITY ,2018,4,true,,,
MCOU,IA,00002143480,TRULICITY ,2018,4,false,146.000,72,50094.97
FFSU,IA,00002143380,TRULICITY ,2018,3,true,,,
MCOU,IA,00002143380,TRULICITY ,2018,3,true,,,
MCOU,IA,00002143480,TRULICITY ,2018,3,false,108.000,54,36759.80
FFSU,IA,00002143480,TRULICITY ,2018,3,true,,,
MCOU,IA,00002143380,TRULICITY ,2018,2,true,,,
FFSU,IA,00002143380,TRULICITY ,2018,2,true,,,
FFSU,IA,00002143480,TRULICITY ,2018,2,true,,,
MCOU,IA,00002143480,TRULICITY ,2018,2,false,128.000,64,41670.51
MCOU,IA,00002143380,TRULICITY ,2018,1,false,26.000,13,8720.68
FFSU,IA,00002143480,TRULICITY ,2018,1,true,,,
MCOU,IA,00002143480,TRULICITY ,2018,1,false,117.500,60,39465.45
FFSU,ID,00002143380,TRULICITY ,2018,4,false,98.000,49,34679.36
FFSU,ID,00002143480,TRULICITY ,2018,4,false,294.000,147,103435.11
FFSU,ID,00002143380,TRULICITY ,2018,3,false,84.000,42,29799.73
FFSU,ID,00002143480,TRULICITY ,2018,3,false,202.000,101,71526.06
FFSU,ID,00002143380,TRULICITY ,2018,2,false,104.000,52,37053.92
FFSU,ID,00002143480,TRULICITY ,2018,2,false,176.000,88,62386.78
FFSU,ID,00002143301,TRULICITY ,2018,1,true,,,
FFSU,ID,00002143380,TRULICITY ,2018,1,false,108.000,54,36262.71
FFSU,ID,00002143480,TRULICITY ,2018,1,false,158.000,79,53091.39
MCOU,IL,00002143301,TRULICITY ,2018,4,true,,,
MCOU,IL,00002143380,TRULICITY ,2018,4,false,791.000,390,309923.91
FFSU,IL,00002143380,TRULICITY ,2018,4,false,62.000,29,22798.86
FFSU,IL,00002143480,TRULICITY ,2018,4,false,52.000,20,17891.10
MCOU,IL,00002143480,TRULICITY ,2018,4,false,849.500,411,323476.30
MCOU,IL,00002143301,TRULICITY ,2018,3,true,,,
MCOU,IL,00002143380,TRULICITY ,2018,3,false,555.000,271,213650.13
FFSU,IL,00002143380,TRULICITY ,2018,3,false,62.000,25,24568.25
MCOU,IL,00002143480,TRULICITY ,2018,3,false,644.000,313,248596.92
FFSU,IL,00002143480,TRULICITY ,2018,3,false,50.000,21,18933.62
FFSU,IL,00002143380,TRULICITY ,2018,2,false,46.000,19,17557.25
MCOU,IL,00002143380,TRULICITY ,2018,2,false,366.000,174,139823.39
FFSU,IL,00002143480,TRULICITY ,2018,2,false,60.000,28,20880.95
MCOU,IL,00002143480,TRULICITY ,2018,2,false,477.000,232,184135.86
FFSU,IL,00002143380,TRULICITY ,2018,1,false,66.000,29,26333.21
MCOU,IL,00002143380,TRULICITY ,2018,1,false,466.000,219,174557.66
MCOU,IL,00002143401,TRULICITY ,2018,1,true,,,
MCOU,IL,00002143480,TRULICITY ,2018,1,false,625.000,302,222255.08
FFSU,IL,00002143480,TRULICITY ,2018,1,false,68.000,32,29252.64
MCOU,IN,00002143301,TRULICITY ,2018,4,true,,,
FFSU,IN,00002143380,TRULICITY ,2018,4,true,,,
MCOU,IN,00002143380,TRULICITY ,2018,4,false,1925.250,922,692164.57
MCOU,IN,00002143480,TRULICITY ,2018,4,false,3289.500,1547,1188209.04
FFSU,IN,00002143480,TRULICITY ,2018,4,false,34.000,17,12089.72
MCOU,IN,00002143380,TRULICITY ,2018,3,false,1830.250,886,661385.78
FFSU,IN,00002143380,TRULICITY ,2018,3,true,,,
MCOU,IN,00002143401,TRULICITY ,2018,3,true,,,
FFSU,IN,00002143480,TRULICITY ,2018,3,false,34.000,17,12089.72
MCOU,IN,00002143480,TRULICITY ,2018,3,false,2971.500,1405,1071459.76
MCOU,IN,00002143380,TRULICITY ,2018,2,false,1719.750,825,618441.03
FFSU,IN,00002143380,TRULICITY ,2018,2,true,,,
MCOU,IN,00002143401,TRULICITY ,2018,2,true,,,
FFSU,IN,00002143480,TRULICITY ,2018,2,false,38.000,17,13491.07
MCOU,IN,00002143480,TRULICITY ,2018,2,false,2940.000,1373,1063269.69
MCOU,IN,00002143301,TRULICITY ,2018,1,true,,,
FFSU,IN,00002143380,TRULICITY ,2018,1,true,,,
MCOU,IN,00002143380,TRULICITY ,2018,1,false,1563.000,746,533899.10
MCOU,IN,00002143401,TRULICITY ,2018,1,true,,,
FFSU,IN,00002143480,TRULICITY ,2018,1,false,24.000,12,8065.83
MCOU,IN,00002143480,TRULICITY ,2018,1,false,2557.500,1210,879774.34
MCOU,KS,00002143301,TRULICITY ,2018,4,true,,,
MCOU,KS,00002143380,TRULICITY ,2018,4,false,156.000,79,55829.94
MCOU,KS,00002143480,TRULICITY ,2018,4,false,173.000,87,61760.32
MCOU,KS,00002143301,TRULICITY ,2018,3,true,,,
MCOU,KS,00002143380,TRULICITY ,2018,3,false,134.000,67,47881.73
MCOU,KS,00002143480,TRULICITY ,2018,3,false,158.000,79,56381.92
MCOU,KS,00002143301,TRULICITY ,2018,2,true,,,
MCOU,KS,00002143380,TRULICITY ,2018,2,false,124.000,62,44317.78
MCOU,KS,00002143480,TRULICITY ,2018,2,false,136.000,68,48526.29
MCOU,KS,00002143380,TRULICITY ,2018,1,false,68.000,34,23171.42
MCOU,KS,00002143480,TRULICITY ,2018,1,false,104.000,52,35028.51
MCOU,KY,00002143301,TRULICITY ,2018,4,false,26.000,13,9432.25
FFSU,KY,00002143301,TRULICITY ,2018,4,true,,,
MCOU,KY,00002143380,TRULICITY ,2018,4,false,3357.500,1697,1236387.08
FFSU,KY,00002143380,TRULICITY ,2018,4,false,38.000,19,13481.25
MCOU,KY,00002143401,TRULICITY ,2018,4,true,,,
MCOU,KY,00002143480,TRULICITY ,2018,4,false,4433.000,2219,1637060.94
FFSU,KY,00002143480,TRULICITY ,2018,4,false,34.000,24,12081.80
MCOU,KY,00002143301,TRULICITY ,2018,3,true,,,
FFSU,KY,00002143301,TRULICITY ,2018,3,true,,,
MCOU,KY,00002143380,TRULICITY ,2018,3,false,3109.000,1566,1140455.28
FFSU,KY,00002143380,TRULICITY ,2018,3,false,26.000,13,9249.65
MCOU,KY,00002143401,TRULICITY ,2018,3,true,,,
MCOU,KY,00002143480,TRULICITY ,2018,3,false,3782.000,1893,1390800.58
FFSU,KY,00002143480,TRULICITY ,2018,3,false,32.000,19,11391.75
MCOU,KY,00002143301,TRULICITY ,2018,2,true,,,
MCOU,KY,00002143380,TRULICITY ,2018,2,false,2709.000,1362,1000737.99
FFSU,KY,00002143380,TRULICITY ,2018,2,false,24.000,12,8526.68
MCOU,KY,00002143401,TRULICITY ,2018,2,true,,,
FFSU,KY,00002143480,TRULICITY ,2018,2,false,38.000,22,13472.49
MCOU,KY,00002143480,TRULICITY ,2018,2,false,3180.000,1591,1176122.71
MCOU,KY,00002143301,TRULICITY ,2018,1,true,,,
MCOU,KY,00002143380,TRULICITY ,2018,1,false,2253.000,1139,795174.32
FFSU,KY,00002143380,TRULICITY ,2018,1,true,,,
MCOU,KY,00002143401,TRULICITY ,2018,1,true,,,
MCOU,KY,00002143480,TRULICITY ,2018,1,false,2734.000,1369,965137.52
FFSU,KY,00002143480,TRULICITY ,2018,1,false,30.500,18,10246.85
MCOU,LA,00002143301,TRULICITY ,2018,4,true,,,
FFSU,LA,00002143380,TRULICITY ,2018,4,true,,,
MCOU,LA,00002143380,TRULICITY ,2018,4,false,3320.000,1607,1202333.76
MCOU,LA,00002143401,TRULICITY ,2018,4,true,,,
FFSU,LA,00002143480,TRULICITY ,2018,4,false,98.000,47,35677.91
MCOU,LA,00002143480,TRULICITY ,2018,4,false,5179.500,2472,1868683.20
MCOU,LA,00002143301,TRULICITY ,2018,3,true,,,
MCOU,LA,00002143380,TRULICITY ,2018,3,false,2814.000,1367,1017734.86
FFSU,LA,00002143380,TRULICITY ,2018,3,true,,,
MCOU,LA,00002143401,TRULICITY ,2018,3,true,,,
MCOU,LA,00002143480,TRULICITY ,2018,3,false,4353.500,2087,1570451.06
FFSU,LA,00002143480,TRULICITY ,2018,3,false,58.000,29,21147.23
MCOU,LA,00002143301,TRULICITY ,2018,2,true,,,
FFSU,LA,00002143380,TRULICITY ,2018,2,true,,,
MCOU,LA,00002143380,TRULICITY ,2018,2,false,2380.500,1169,863025.67
MCOU,LA,00002143401,TRULICITY ,2018,2,true,,,
FFSU,LA,00002143480,TRULICITY ,2018,2,false,72.000,36,26285.02
MCOU,LA,00002143480,TRULICITY ,2018,2,false,3649.000,1750,1324374.63
MCOU,LA,00002143301,TRULICITY ,2018,1,true,,,
MCOU,LA,00002143380,TRULICITY ,2018,1,false,1851.000,914,641069.41
FFSU,LA,00002143380,TRULICITY ,2018,1,true,,,
MCOU,LA,00002143480,TRULICITY ,2018,1,false,2773.000,1355,965087.24
FFSU,LA,00002143480,TRULICITY ,2018,1,false,62.500,32,21457.09
FFSU,MA,00002143301,TRULICITY ,2018,4,true,,,
MCOU,MA,00002143301,TRULICITY ,2018,4,true,,,
MCOU,MA,00002143380,TRULICITY ,2018,4,false,3432.000,1694,1268250.92
FFSU,MA,00002143380,TRULICITY ,2018,4,false,1974.000,965,697590.04
MCOU,MA,00002143480,TRULICITY ,2018,4,false,3752.000,1849,1384809.99
FFSU,MA,00002143480,TRULICITY ,2018,4,false,3044.500,1496,1079831.27
FFSU,MA,00002143301,TRULICITY ,2018,3,true,,,
FFSU,MA,00002143380,TRULICITY ,2018,3,false,1559.000,773,534615.41
MCOU,MA,00002143380,TRULICITY ,2018,3,false,3056.000,1498,1127639.22
MCOU,MA,00002143480,TRULICITY ,2018,3,false,3308.000,1642,1218514.78
FFSU,MA,00002143480,TRULICITY ,2018,3,false,2208.000,1088,753163.67
MCOU,MA,00002143301,TRULICITY ,2018,2,true,,,
FFSU,MA,00002143301,TRULICITY ,2018,2,true,,,
MCOU,MA,00002143380,TRULICITY ,2018,2,false,2664.000,1314,985649.46
FFSU,MA,00002143380,TRULICITY ,2018,2,false,1616.000,804,549552.65
MCOU,MA,00002143401,TRULICITY ,2018,2,true,,,
MCOU,MA,00002143480,TRULICITY ,2018,2,false,2858.000,1417,1055252.28
FFSU,MA,00002143480,TRULICITY ,2018,2,false,2304.000,1134,777625.61
MCOU,MA,00002143301,TRULICITY ,2018,1,true,,,
MCOU,MA,00002143380,TRULICITY ,2018,1,false,2357.000,1130,807373.23
FFSU,MA,00002143380,TRULICITY ,2018,1,false,1152.000,565,352801.51
MCOU,MA,00002143480,TRULICITY ,2018,1,false,2784.000,1311,946257.74
FFSU,MA,00002143480,TRULICITY ,2018,1,false,1364.000,676,434119.43
FFSU,MD,00002143301,TRULICITY ,2018,4,true,,,
MCOU,MD,00002143301,TRULICITY ,2018,4,false,38.000,19,13628.00
FFSU,MD,00002143380,TRULICITY ,2018,4,false,23.000,11,8136.81
MCOU,MD,00002143380,TRULICITY ,2018,4,false,2387.500,1165,876570.63
MCOU,MD,00002143401,TRULICITY ,2018,4,false,30.000,15,10626.56
FFSU,MD,00002143480,TRULICITY ,2018,4,false,40.500,26,14393.37
MCOU,MD,00002143480,TRULICITY ,2018,4,false,3055.000,1438,1104702.71
MCOU,MD,00002143301,TRULICITY ,2018,3,true,,,
MCOU,MD,00002143380,TRULICITY ,2018,3,false,1973.500,951,717335.57
FFSU,MD,00002143380,TRULICITY ,2018,3,false,32.000,14,11376.89
FFSU,MD,00002143401,TRULICITY ,2018,3,true,,,
MCOU,MD,00002143401,TRULICITY ,2018,3,false,28.000,14,9993.98
FFSU,MD,00002143480,TRULICITY ,2018,3,false,31.000,20,11000.90
MCOU,MD,00002143480,TRULICITY ,2018,3,false,2531.500,1135,903440.70
MCOU,MD,00002143301,TRULICITY ,2018,2,false,22.500,12,7983.43
FFSU,MD,00002143380,TRULICITY ,2018,2,true,,,
MCOU,MD,00002143380,TRULICITY ,2018,2,false,1791.000,849,649012.78
MCOU,MD,00002143401,TRULICITY ,2018,2,true,,,
FFSU,MD,00002143480,TRULICITY ,2018,2,false,41.000,18,14525.26
MCOU,MD,00002143480,TRULICITY ,2018,2,false,2186.500,969,780588.33
MCOU,MD,00002143301,TRULICITY ,2018,1,true,,,
FFSU,MD,00002143380,TRULICITY ,2018,1,false,26.000,13,8687.35
MCOU,MD,00002143380,TRULICITY ,2018,1,false,1545.000,708,529190.67
MCOU,MD,00002143401,TRULICITY ,2018,1,true,,,
FFSU,MD,00002143480,TRULICITY ,2018,1,false,28.000,15,9262.23
MCOU,MD,00002143480,TRULICITY ,2018,1,false,1816.000,799,615292.76
FFSU,ME,00002143380,TRULICITY ,2018,4,false,130.000,65,46199.37
FFSU,ME,00002143480,TRULICITY ,2018,4,false,234.000,116,83095.17
FFSU,ME,00002143301,TRULICITY ,2018,3,true,,,
FFSU,ME,00002143380,TRULICITY ,2018,3,false,96.000,48,34146.84
FFSU,ME,00002143480,TRULICITY ,2018,3,false,186.500,96,66339.05
FFSU,ME,00002143380,TRULICITY ,2018,2,false,86.000,41,30499.98
FFSU,ME,00002143480,TRULICITY ,2018,2,false,219.500,110,77251.26
FFSU,ME,00002143380,TRULICITY ,2018,1,false,36.000,18,11930.22
FFSU,ME,00002143480,TRULICITY ,2018,1,false,194.000,94,64097.04
MCOU,MI,00002143301,TRULICITY ,2018,4,true,,,
MCOU,MI,00002143380,TRULICITY ,2018,4,false,481.000,241,176052.69
FFSU,MI,00002143380,TRULICITY ,2018,4,false,96.000,42,26517.28
MCOU,MI,00002143480,TRULICITY ,2018,4,false,1076.000,538,393810.84
FFSU,MI,00002143480,TRULICITY ,2018,4,false,114.000,53,34461.35
MCOU,MI,00002143301,TRULICITY ,2018,3,true,,,
FFSU,MI,00002143380,TRULICITY ,2018,3,false,98.000,41,28004.60
MCOU,MI,00002143380,TRULICITY ,2018,3,false,380.000,190,138501.58
MCOU,MI,00002143480,TRULICITY ,2018,3,false,966.000,483,355543.93
FFSU,MI,00002143480,TRULICITY ,2018,3,false,156.000,64,41640.60
MCOU,MI,00002143380,TRULICITY ,2018,2,false,356.000,178,130096.77
FFSU,MI,00002143380,TRULICITY ,2018,2,false,92.000,40,32585.71
MCOU,MI,00002143480,TRULICITY ,2018,2,false,738.000,369,269457.86
FFSU,MI,00002143480,TRULICITY ,2018,2,false,138.000,59,39263.99
FFSU,MI,00002143380,TRULICITY ,2018,1,false,64.000,25,16949.88
MCOU,MI,00002143380,TRULICITY ,2018,1,false,272.000,137,95027.50
FFSU,MI,00002143480,TRULICITY ,2018,1,false,143.000,55,35610.51
MCOU,MI,00002143480,TRULICITY ,2018,1,false,630.000,313,219074.32
MCOU,MN,00002143380,TRULICITY ,2018,4,false,1342.000,672,495357.19
FFSU,MN,00002143380,TRULICITY ,2018,4,false,46.000,23,16461.56
MCOU,MN,00002143480,TRULICITY ,2018,4,false,1824.000,913,672351.83
FFSU,MN,00002143480,TRULICITY ,2018,4,false,138.000,69,49384.68
MCOU,MN,00002143380,TRULICITY ,2018,3,false,1096.000,547,405054.52
FFSU,MN,00002143380,TRULICITY ,2018,3,false,44.000,22,15745.84
MCOU,MN,00002143480,TRULICITY ,2018,3,false,1476.000,738,543159.59
FFSU,MN,00002143480,TRULICITY ,2018,3,false,136.000,68,45331.25
MCOU,MN,00002143380,TRULICITY ,2018,2,false,941.000,472,346622.97
FFSU,MN,00002143380,TRULICITY ,2018,2,false,78.000,39,27849.51
MCOU,MN,00002143480,TRULICITY ,2018,2,false,1374.000,687,504247.97
FFSU,MN,00002143480,TRULICITY ,2018,2,false,162.000,81,57926.19
FFSU,MN,00002143380,TRULICITY ,2018,1,false,70.000,35,17963.92
MCOU,MN,00002143380,TRULICITY ,2018,1,false,844.000,421,296185.92
FFSU,MN,00002143480,TRULICITY ,2018,1,false,102.000,51,28733.69
MCOU,MN,00002143480,TRULICITY ,2018,1,false,1321.000,660,462550.88
FFSU,MO,00002143380,TRULICITY ,2018,4,false,238.000,114,85028.42
FFSU,MO,00002143480,TRULICITY ,2018,4,false,462.000,234,167127.68
FFSU,MO,00002143380,TRULICITY ,2018,3,false,206.000,99,72183.05
FFSU,MO,00002143480,TRULICITY ,2018,3,false,435.000,219,156724.62
FFSU,MO,00002143380,TRULICITY ,2018,2,false,168.500,84,59891.80
FFSU,MO,00002143480,TRULICITY ,2018,2,false,391.000,190,140562.32
FFSU,MO,00002143380,TRULICITY ,2018,1,false,144.000,72,48375.89
FFSU,MO,00002143480,TRULICITY ,2018,1,false,292.000,143,98418.74
MCOU,MS,00002143380,TRULICITY ,2018,4,false,30.000,15,10694.70
MCOU,MS,00002143480,TRULICITY ,2018,4,false,68.000,34,24209.08
FFSU,MS,00002143480,TRULICITY ,2018,4,true,,,
MCOU,MS,00002143380,TRULICITY ,2018,3,false,22.000,11,7842.78
FFSU,MS,00002143480,TRULICITY ,2018,3,true,,,
MCOU,MS,00002143480,TRULICITY ,2018,3,false,52.000,26,18433.22
MCOU,MS,00002143380,TRULICITY ,2018,2,false,50.000,19,17756.74
FFSU,MS,00002143480,TRULICITY ,2018,2,true,,,
MCOU,MS,00002143480,TRULICITY ,2018,2,false,58.000,28,20635.83
MCOU,MS,00002143380,TRULICITY ,2018,1,false,54.000,18,18108.15
FFSU,MS,00002143480,TRULICITY ,2018,1,true,,,
MCOU,MS,00002143480,TRULICITY ,2018,1,false,56.000,28,18790.94
FFSU,MT,00002143380,TRULICITY ,2018,4,false,106.000,53,37371.43
FFSU,MT,00002143401,TRULICITY ,2018,4,true,,,
FFSU,MT,00002143480,TRULICITY ,2018,4,false,284.500,145,100083.56
FFSU,MT,00002143380,TRULICITY ,2018,3,false,106.000,53,37423.54
FFSU,MT,00002143480,TRULICITY ,2018,3,false,216.000,108,76009.94
FFSU,MT,00002143380,TRULICITY ,2018,2,false,104.000,52,37439.59
FFSU,MT,00002143480,TRULICITY ,2018,2,false,228.000,114,80946.36
FFSU,MT,00002143380,TRULICITY ,2018,1,false,72.000,36,24003.34
FFSU,MT,00002143480,TRULICITY ,2018,1,false,136.000,67,44907.06
FFSU,XX,00002143301,TRULICITY ,2018,4,false,60.500,29,22179.07
MCOU,XX,00002143301,TRULICITY ,2018,4,false,457.000,238,160881.40
FFSU,XX,00002143380,TRULICITY ,2018,4,false,12807.500,6115,4580232.69
MCOU,XX,00002143380,TRULICITY ,2018,4,false,65589.250,32363,23560245.89
FFSU,XX,00002143401,TRULICITY ,2018,4,false,78.000,34,28366.80
MCOU,XX,00002143401,TRULICITY ,2018,4,false,332.500,166,116790.28
FFSU,XX,00002143480,TRULICITY ,2018,4,false,18474.000,8582,6613414.25
MCOU,XX,00002143480,TRULICITY ,2018,4,false,88647.000,43412,31810660.89
FFSU,XX,00002143301,TRULICITY ,2018,3,false,57.000,27,20821.67
MCOU,XX,00002143301,TRULICITY ,2018,3,false,360.500,184,38713.02
FFSU,XX,00002143380,TRULICITY ,2018,3,false,10448.500,4953,3710660.21
MCOU,XX,00002143380,TRULICITY ,2018,3,false,57926.750,28587,16905976.75
FFSU,XX,00002143401,TRULICITY ,2018,3,false,30.500,19,11267.74
MCOU,XX,00002143401,TRULICITY ,2018,3,false,268.000,132,47610.64
FFSU,XX,00002143480,TRULICITY ,2018,3,false,14691.500,6811,5217951.35
MCOU,XX,00002143480,TRULICITY ,2018,3,false,76004.500,37302,22528943.46
FFSU,XX,00002143301,TRULICITY ,2018,2,false,34.000,14,10124.35
MCOU,XX,00002143301,TRULICITY ,2018,2,false,303.500,157,37821.55
FFSU,XX,00002143380,TRULICITY ,2018,2,false,8497.000,4049,3009507.35
MCOU,XX,00002143380,TRULICITY ,2018,2,false,50545.250,24980,15017428.77
FFSU,XX,00002143401,TRULICITY ,2018,2,true,,,
MCOU,XX,00002143401,TRULICITY ,2018,2,false,219.000,110,33049.35
FFSU,XX,00002143480,TRULICITY ,2018,2,false,13016.500,6090,4608582.95
MCOU,XX,00002143480,TRULICITY ,2018,2,false,66010.500,32385,19982813.72
FFSU,XX,00002143301,TRULICITY ,2018,1,false,34.000,14,13928.58
MCOU,XX,00002143301,TRULICITY ,2018,1,false,208.000,108,67405.79
FFSU,XX,00002143380,TRULICITY ,2018,1,false,7112.000,3352,2352260.68
MCOU,XX,00002143380,TRULICITY ,2018,1,false,40929.500,20186,14052076.71
FFSU,XX,00002143401,TRULICITY ,2018,1,true,,,
MCOU,XX,00002143401,TRULICITY ,2018,1,false,126.500,67,42474.74
FFSU,XX,00002143480,TRULICITY ,2018,1,false,10755.000,4964,3575335.00
MCOU,XX,00002143480,TRULICITY ,2018,1,false,53595.500,26280,18395167.91
FFSU,NC,00002143380,TRULICITY ,2018,4,false,652.500,327,229188.34
FFSU,NC,00002143480,TRULICITY ,2018,4,false,1219.000,613,424580.67
FFSU,NC,00002143301,TRULICITY ,2018,3,true,,,
FFSU,NC,00002143380,TRULICITY ,2018,3,false,709.000,355,248988.38
FFSU,NC,00002143401,TRULICITY ,2018,3,true,,,
FFSU,NC,00002143480,TRULICITY ,2018,3,false,1275.500,639,444495.07
FFSU,NC,00002143301,TRULICITY ,2018,2,true,,,
FFSU,NC,00002143380,TRULICITY ,2018,2,false,586.500,294,205906.95
FFSU,NC,00002143480,TRULICITY ,2018,2,false,938.000,469,327639.59
FFSU,NC,00002143380,TRULICITY ,2018,1,false,642.000,317,210704.61
FFSU,NC,00002143480,TRULICITY ,2018,1,false,966.000,482,317940.69
MCOU,ND,00002143480,TRULICITY ,2018,4,true,,,
MCOU,ND,00002143480,TRULICITY ,2018,3,true,,,
MCOU,ND,00002143480,TRULICITY ,2018,2,true,,,
MCOU,ND,00002143380,TRULICITY ,2018,1,true,,,
MCOU,ND,00002143480,TRULICITY ,2018,1,true,,,
MCOU,NE,00002143380,TRULICITY ,2018,4,false,112.000,56,40269.04
MCOU,NE,00002143480,TRULICITY ,2018,4,false,120.000,60,44030.93
MCOU,NE,00002143380,TRULICITY ,2018,3,false,80.500,41,28845.09
MCOU,NE,00002143480,TRULICITY ,2018,3,false,126.000,63,44844.20
MCOU,NE,00002143380,TRULICITY ,2018,2,false,106.000,53,37900.94
MCOU,NE,00002143480,TRULICITY ,2018,2,false,181.000,87,63742.82
MCOU,NE,00002143380,TRULICITY ,2018,1,false,104.000,49,37255.75
MCOU,NE,00002143480,TRULICITY ,2018,1,false,173.000,84,61482.22
FFSU,NH,00002143380,TRULICITY ,2018,4,true,,,
MCOU,NH,00002143380,TRULICITY ,2018,4,false,131.500,68,47762.38
MCOU,NH,00002143480,TRULICITY ,2018,4,false,140.000,70,49878.30
FFSU,NH,00002143480,TRULICITY ,2018,4,true,,,
FFSU,NH,00002143380,TRULICITY ,2018,3,true,,,
MCOU,NH,00002143380,TRULICITY ,2018,3,false,135.000,69,49713.38
MCOU,NH,00002143480,TRULICITY ,2018,3,false,116.000,58,42758.69
FFSU,NH,00002143480,TRULICITY ,2018,3,true,,,
FFSU,NH,00002143380,TRULICITY ,2018,2,true,,,
MCOU,NH,00002143380,TRULICITY ,2018,2,false,85.000,43,31124.86
MCOU,NH,00002143480,TRULICITY ,2018,2,false,80.000,40,29506.23
FFSU,NH,00002143480,TRULICITY ,2018,2,true,,,
MCOU,NH,00002143380,TRULICITY ,2018,1,false,58.000,29,20464.15
FFSU,NH,00002143380,TRULICITY ,2018,1,true,,,
MCOU,NH,00002143480,TRULICITY ,2018,1,false,78.500,40,27642.57
FFSU,NH,00002143480,TRULICITY ,2018,1,true,,,
MCOU,NJ,00002143380,TRULICITY ,2018,4,false,2117.000,977,744718.97
FFSU,NJ,00002143380,TRULICITY ,2018,4,true,,,
MCOU,NJ,00002143401,TRULICITY ,2018,4,true,,,
FFSU,NJ,00002143480,TRULICITY ,2018,4,false,48.000,38,17231.26
MCOU,NJ,00002143480,TRULICITY ,2018,4,false,3047.000,1361,1068404.02
FFSU,NJ,00002143380,TRULICITY ,2018,3,true,,,
MCOU,NJ,00002143380,TRULICITY ,2018,3,false,1673.500,759,590986.57
FFSU,NJ,00002143401,TRULICITY ,2018,3,true,,,
MCOU,NJ,00002143401,TRULICITY ,2018,3,true,,,
FFSU,NJ,00002143480,TRULICITY ,2018,3,false,29.500,21,10564.34
MCOU,NJ,00002143480,TRULICITY ,2018,3,false,2643.500,1164,929122.29
MCOU,NJ,00002143380,TRULICITY ,2018,2,false,1580.000,721,559177.79
FFSU,NJ,00002143380,TRULICITY ,2018,2,true,,,
MCOU,NJ,00002143401,TRULICITY ,2018,2,true,,,
FFSU,NJ,00002143480,TRULICITY ,2018,2,false,40.000,16,14188.30
MCOU,NJ,00002143480,TRULICITY ,2018,2,false,2404.000,1097,848662.65
MCOU,NJ,00002143301,TRULICITY ,2018,1,true,,,
MCOU,NJ,00002143380,TRULICITY ,2018,1,false,1362.500,657,458921.07
FFSU,NJ,00002143380,TRULICITY ,2018,1,false,22.500,12,7491.13
FFSU,NJ,00002143480,TRULICITY ,2018,1,false,32.000,14,10635.61
MCOU,NJ,00002143480,TRULICITY ,2018,1,false,1903.000,916,637209.93
MCOU,NM,00002143380,TRULICITY ,2018,4,false,1086.500,535,397194.03
FFSU,NM,00002143380,TRULICITY ,2018,4,false,48.000,16,18691.46
MCOU,NM,00002143480,TRULICITY ,2018,4,false,1314.000,644,477147.22
FFSU,NM,00002143480,TRULICITY ,2018,4,false,47.000,19,18384.96
MCOU,NM,00002143380,TRULICITY ,2018,3,false,938.000,470,342780.98
FFSU,NM,00002143380,TRULICITY ,2018,3,false,42.000,17,16429.33
FFSU,NM,00002143480,TRULICITY ,2018,3,false,38.000,17,14881.29
MCOU,NM,00002143480,TRULICITY ,2018,3,false,1175.000,584,427750.35
MCOU,NM,00002143301,TRULICITY ,2018,2,true,,,
FFSU,NM,00002143380,TRULICITY ,2018,2,false,26.000,13,10196.03
MCOU,NM,00002143380,TRULICITY ,2018,2,false,673.500,340,245303.91
MCOU,NM,00002143480,TRULICITY ,2018,2,false,1006.500,498,363337.89
FFSU,NM,00002143480,TRULICITY ,2018,2,false,38.000,19,14901.89
MCOU,NM,00002143301,TRULICITY ,2018,1,true,,,
MCOU,NM,00002143380,TRULICITY ,2018,1,false,620.000,305,216838.27
FFSU,NM,00002143380,TRULICITY ,2018,1,true,,,
MCOU,NM,00002143480,TRULICITY ,2018,1,false,824.000,412,293066.88
FFSU,NM,00002143480,TRULICITY ,2018,1,false,42.000,21,15666.21
FFSU,NV,00002143301,TRULICITY ,2018,4,true,,,
MCOU,NV,00002143301,TRULICITY ,2018,4,true,,,
MCOU,NV,00002143380,TRULICITY ,2018,4,false,90.000,45,32822.37
FFSU,NV,00002143380,TRULICITY ,2018,4,false,468.000,129,169717.01
FFSU,NV,00002143401,TRULICITY ,2018,4,true,,,
MCOU,NV,00002143401,TRULICITY ,2018,4,true,,,
FFSU,NV,00002143480,TRULICITY ,2018,4,false,746.000,167,263050.99
MCOU,NV,00002143480,TRULICITY ,2018,4,false,1730.500,854,642545.79
FFSU,NV,00002143301,TRULICITY ,2018,3,true,,,
FFSU,NV,00002143380,TRULICITY ,2018,3,false,378.000,105,136515.97
MCOU,NV,00002143380,TRULICITY ,2018,3,false,1076.000,532,400343.28
MCOU,NV,00002143401,TRULICITY ,2018,3,true,,,
FFSU,NV,00002143401,TRULICITY ,2018,3,true,,,
FFSU,NV,00002143480,TRULICITY ,2018,3,false,540.000,136,191290.09
MCOU,NV,00002143480,TRULICITY ,2018,3,false,1488.000,733,552703.54
FFSU,NV,00002143301,TRULICITY ,2018,2,true,,,
MCOU,NV,00002143301,TRULICITY ,2018,2,true,,,
FFSU,NV,00002143380,TRULICITY ,2018,2,false,280.000,75,98999.06
MCOU,NV,00002143380,TRULICITY ,2018,2,false,796.000,396,296169.54
FFSU,NV,00002143401,TRULICITY ,2018,2,true,,,
MCOU,NV,00002143401,TRULICITY ,2018,2,true,,,
FFSU,NV,00002143480,TRULICITY ,2018,2,false,388.000,105,136947.31
MCOU,NV,00002143480,TRULICITY ,2018,2,false,1337.500,654,495898.25
FFSU,NV,00002143301,TRULICITY ,2018,1,true,,,
MCOU,NV,00002143301,TRULICITY ,2018,1,true,,,
MCOU,NV,00002143380,TRULICITY ,2018,1,false,732.000,366,260084.17
FFSU,NV,00002143380,TRULICITY ,2018,1,false,246.000,61,82168.81
FFSU,NV,00002143401,TRULICITY ,2018,1,true,,,
FFSU,NV,00002143480,TRULICITY ,2018,1,false,438.000,112,147083.33
MCOU,NV,00002143480,TRULICITY ,2018,1,false,1097.000,547,388304.36
FFSU,NY,00002143301,TRULICITY ,2018,4,true,,,
MCOU,NY,00002143301,TRULICITY ,2018,4,false,289.000,155,100761.38
FFSU,NY,00002143380,TRULICITY ,2018,4,false,784.500,418,278945.94
MCOU,NY,00002143380,TRULICITY ,2018,4,false,14010.500,6918,4881582.16
FFSU,NY,00002143401,TRULICITY ,2018,4,false,38.000,19,13606.70
MCOU,NY,00002143401,TRULICITY ,2018,4,false,164.500,83,55970.81
MCOU,NY,00002143480,TRULICITY ,2018,4,false,17627.500,8659,6146380.86
FFSU,NY,00002143480,TRULICITY ,2018,4,false,945.500,414,334685.47
MCOU,NY,00002143301,TRULICITY ,2018,3,false,242.000,121,0.01
FFSU,NY,00002143301,TRULICITY ,2018,3,true,,,
MCOU,NY,00002143380,TRULICITY ,2018,3,false,11437.000,5716,80079.65
FFSU,NY,00002143380,TRULICITY ,2018,3,false,692.500,365,249711.24
FFSU,NY,00002143401,TRULICITY ,2018,3,true,,,
MCOU,NY,00002143401,TRULICITY ,2018,3,false,136.000,68,0.01
MCOU,NY,00002143480,TRULICITY ,2018,3,false,14000.000,6983,123179.04
FFSU,NY,00002143480,TRULICITY ,2018,3,false,692.000,322,250795.26
FFSU,NY,00002143301,TRULICITY ,2018,2,true,,,
MCOU,NY,00002143301,TRULICITY ,2018,2,false,191.500,98,25.80
FFSU,NY,00002143380,TRULICITY ,2018,2,false,515.000,272,187128.97
MCOU,NY,00002143380,TRULICITY ,2018,2,false,9256.000,4637,45704.81
MCOU,NY,00002143401,TRULICITY ,2018,2,false,126.000,63,0.01
FFSU,NY,00002143480,TRULICITY ,2018,2,false,550.000,252,194841.76
MCOU,NY,00002143480,TRULICITY ,2018,2,false,11122.000,5556,32863.35
MCOU,NY,00002143301,TRULICITY ,2018,1,false,114.000,57,37636.64
FFSU,NY,00002143301,TRULICITY ,2018,1,true,,,
FFSU,NY,00002143380,TRULICITY ,2018,1,false,377.500,190,127849.26
MCOU,NY,00002143380,TRULICITY ,2018,1,false,5812.500,2908,1945582.78
MCOU,NY,00002143401,TRULICITY ,2018,1,false,78.000,39,25782.19
FFSU,NY,00002143401,TRULICITY ,2018,1,true,,,
FFSU,NY,00002143480,TRULICITY ,2018,1,false,562.500,244,171958.78
MCOU,NY,00002143480,TRULICITY ,2018,1,false,7701.000,3849,2569302.72
MCOU,OH,00002143301,TRULICITY ,2018,4,true,,,
FFSU,OH,00002143380,TRULICITY ,2018,4,false,83.500,43,27605.23
MCOU,OH,00002143380,TRULICITY ,2018,4,false,9157.500,4580,3270709.98
MCOU,OH,00002143401,TRULICITY ,2018,4,false,22.000,11,7890.47
FFSU,OH,00002143480,TRULICITY ,2018,4,false,166.500,82,58894.88
MCOU,OH,00002143480,TRULICITY ,2018,4,false,11102.000,5571,3961166.06
MCOU,OH,00002143301,TRULICITY ,2018,3,true,,,
FFSU,OH,00002143380,TRULICITY ,2018,3,false,97.500,50,34555.62
MCOU,OH,00002143380,TRULICITY ,2018,3,false,8153.000,4080,2913752.11
MCOU,OH,00002143401,TRULICITY ,2018,3,true,,,
FFSU,OH,00002143480,TRULICITY ,2018,3,false,118.000,59,41757.39
MCOU,OH,00002143480,TRULICITY ,2018,3,false,9814.000,4920,3494736.29
MCOU,OH,00002143301,TRULICITY ,2018,2,true,,,
FFSU,OH,00002143380,TRULICITY ,2018,2,false,91.000,47,32261.40
MCOU,OH,00002143380,TRULICITY ,2018,2,false,7133.000,3581,2566450.81
MCOU,OH,00002143401,TRULICITY ,2018,2,true,,,
MCOU,OH,00002143480,TRULICITY ,2018,2,false,8745.500,4375,3147292.94
FFSU,OH,00002143480,TRULICITY ,2018,2,false,106.000,53,37494.59
MCOU,OH,00002143301,TRULICITY ,2018,1,true,,,
MCOU,OH,00002143380,TRULICITY ,2018,1,false,5899.000,2959,2023318.84
FFSU,OH,00002143380,TRULICITY ,2018,1,false,92.000,49,30187.66
MCOU,OH,00002143401,TRULICITY ,2018,1,true,,,
MCOU,OH,00002143480,TRULICITY ,2018,1,false,6691.500,3349,2295948.96
FFSU,OH,00002143480,TRULICITY ,2018,1,false,124.500,61,38986.36
FFSU,OK,00002143380,TRULICITY ,2018,4,false,162.000,81,57449.03
FFSU,OK,00002143480,TRULICITY ,2018,4,false,340.000,170,118960.98
FFSU,OK,00002143380,TRULICITY ,2018,3,false,138.000,69,48946.91
FFSU,OK,00002143480,TRULICITY ,2018,3,false,346.000,173,121718.41
FFSU,OK,00002143380,TRULICITY ,2018,2,false,104.000,52,36894.73
FFSU,OK,00002143480,TRULICITY ,2018,2,false,312.000,156,104848.02
FFSU,OK,00002143380,TRULICITY ,2018,1,false,88.000,44,29222.47
FFSU,OK,00002143480,TRULICITY ,2018,1,false,282.000,141,87693.73
MCOU,OR,00002143380,TRULICITY ,2018,4,false,619.000,317,223310.17
FFSU,OR,00002143380,TRULICITY ,2018,4,false,36.000,15,10717.21
MCOU,OR,00002143480,TRULICITY ,2018,4,false,1022.000,503,368966.30
FFSU,OR,00002143480,TRULICITY ,2018,4,false,40.000,20,14219.11
FFSU,OR,00002143380,TRULICITY ,2018,3,true,,,
MCOU,OR,00002143380,TRULICITY ,2018,3,false,440.500,223,159716.95
MCOU,OR,00002143401,TRULICITY ,2018,3,true,,,
MCOU,OR,00002143480,TRULICITY ,2018,3,false,875.000,429,315547.98
FFSU,OR,00002143480,TRULICITY ,2018,3,false,30.000,15,10678.75
FFSU,OR,00002143380,TRULICITY ,2018,2,true,,,
MCOU,OR,00002143380,TRULICITY ,2018,2,false,400.000,201,145107.80
FFSU,OR,00002143480,TRULICITY ,2018,2,false,26.000,13,9271.55
MCOU,OR,00002143480,TRULICITY ,2018,2,false,696.000,347,251447.29
FFSU,OR,00002143380,TRULICITY ,2018,1,true,,,
MCOU,OR,00002143380,TRULICITY ,2018,1,false,271.000,136,93613.80
FFSU,OR,00002143480,TRULICITY ,2018,1,false,24.000,12,8132.00
MCOU,OR,00002143480,TRULICITY ,2018,1,false,546.000,269,186870.25
MCOU,PA,00002143301,TRULICITY ,2018,4,true,,,
MCOU,PA,00002143380,TRULICITY ,2018,4,false,11317.500,5590,4180957.75
FFSU,PA,00002143380,TRULICITY ,2018,4,false,58.000,29,20363.51
MCOU,PA,00002143401,TRULICITY ,2018,4,false,38.000,19,13783.86
FFSU,PA,00002143480,TRULICITY ,2018,4,false,62.500,31,21929.23
MCOU,PA,00002143480,TRULICITY ,2018,4,false,13956.500,6860,5143587.51
MCOU,PA,00002143301,TRULICITY ,2018,3,false,20.000,11,7324.10
FFSU,PA,00002143380,TRULICITY ,2018,3,false,40.000,23,14050.79
MCOU,PA,00002143380,TRULICITY ,2018,3,false,10323.500,5099,3813525.02
MCOU,PA,00002143401,TRULICITY ,2018,3,false,31.000,17,11187.60
MCOU,PA,00002143480,TRULICITY ,2018,3,false,12365.000,6088,4576244.11
FFSU,PA,00002143480,TRULICITY ,2018,3,false,60.000,26,21039.88
MCOU,PA,00002143301,TRULICITY ,2018,2,true,,,
MCOU,PA,00002143380,TRULICITY ,2018,2,false,9511.000,4688,3521062.52
FFSU,PA,00002143380,TRULICITY ,2018,2,false,42.000,20,13812.63
MCOU,PA,00002143401,TRULICITY ,2018,2,true,,,
FFSU,PA,00002143480,TRULICITY ,2018,2,false,50.000,19,17064.88
MCOU,PA,00002143480,TRULICITY ,2018,2,false,11167.500,5492,4163416.23
MCOU,PA,00002143301,TRULICITY ,2018,1,true,,,
FFSU,PA,00002143380,TRULICITY ,2018,1,false,45.500,24,14815.90
MCOU,PA,00002143380,TRULICITY ,2018,1,false,8042.000,3975,2826464.50
MCOU,PA,00002143401,TRULICITY ,2018,1,true,,,
FFSU,PA,00002143480,TRULICITY ,2018,1,false,66.000,27,21426.08
MCOU,PA,00002143480,TRULICITY ,2018,1,false,9316.500,4595,3304560.89
FFSU,RI,00002143380,TRULICITY ,2018,4,true,,,
MCOU,RI,00002143380,TRULICITY ,2018,4,false,689.500,336,250256.84
MCOU,RI,00002143480,TRULICITY ,2018,4,false,624.500,312,227012.11
MCOU,RI,00002143380,TRULICITY ,2018,3,false,448.000,223,162790.79
FFSU,RI,00002143480,TRULICITY ,2018,3,true,,,
MCOU,RI,00002143480,TRULICITY ,2018,3,false,452.000,226,164267.71
MCOU,RI,00002143380,TRULICITY ,2018,2,false,260.000,130,94388.87
FFSU,RI,00002143380,TRULICITY ,2018,2,true,,,
MCOU,RI,00002143480,TRULICITY ,2018,2,false,217.000,109,78275.49
FFSU,RI,00002143480,TRULICITY ,2018,2,true,,,
FFSU,RI,00002143380,TRULICITY ,2018,1,true,,,
MCOU,RI,00002143380,TRULICITY ,2018,1,false,180.000,91,62607.57
FFSU,RI,00002143480,TRULICITY ,2018,1,true,,,
MCOU,RI,00002143480,TRULICITY ,2018,1,false,150.000,75,52060.40
MCOU,SC,00002143301,TRULICITY ,2018,4,true,,,
FFSU,SC,00002143380,TRULICITY ,2018,4,false,29.000,32,10714.58
MCOU,SC,00002143380,TRULICITY ,2018,4,false,563.000,277,197570.15
MCOU,SC,00002143401,TRULICITY ,2018,4,true,,,
FFSU,SC,00002143480,TRULICITY ,2018,4,false,70.000,56,25845.40
MCOU,SC,00002143480,TRULICITY ,2018,4,false,1182.000,580,408164.87
MCOU,SC,00002143301,TRULICITY ,2018,3,true,,,
FFSU,SC,00002143380,TRULICITY ,2018,3,false,36.000,26,13299.72
MCOU,SC,00002143380,TRULICITY ,2018,3,false,542.000,263,185945.12
FFSU,SC,00002143480,TRULICITY ,2018,3,false,43.500,27,16065.87
MCOU,SC,00002143480,TRULICITY ,2018,3,false,1075.000,528,375358.27
MCOU,SC,00002143301,TRULICITY ,2018,2,true,,,
FFSU,SC,00002143380,TRULICITY ,2018,2,false,32.000,23,11764.01
MCOU,SC,00002143380,TRULICITY ,2018,2,false,558.000,274,192209.82
MCOU,SC,00002143480,TRULICITY ,2018,2,false,978.000,476,342242.92
FFSU,SC,00002143480,TRULICITY ,2018,2,false,34.000,17,12554.68
MCOU,SC,00002143301,TRULICITY ,2018,1,true,,,
FFSU,SC,00002143380,TRULICITY ,2018,1,false,28.000,14,9733.63
MCOU,SC,00002143380,TRULICITY ,2018,1,false,401.000,194,129745.05
FFSU,SC,00002143480,TRULICITY ,2018,1,false,24.000,12,8258.55
MCOU,SC,00002143480,TRULICITY ,2018,1,false,770.000,374,251682.29
FFSU,SD,00002143380,TRULICITY ,2018,4,false,77.000,39,27424.56
FFSU,SD,00002143480,TRULICITY ,2018,4,false,76.000,36,27003.82
FFSU,SD,00002143380,TRULICITY ,2018,3,false,55.000,30,20174.97
FFSU,SD,00002143480,TRULICITY ,2018,3,false,102.000,47,37283.60
FFSU,SD,00002143380,TRULICITY ,2018,2,false,31.000,18,11925.79
FFSU,SD,00002143480,TRULICITY ,2018,2,false,110.000,55,42170.15
FFSU,SD,00002143380,TRULICITY ,2018,1,false,33.000,16,11999.06
FFSU,SD,00002143480,TRULICITY ,2018,1,false,84.000,42,30391.78
FFSU,TN,00002143380,TRULICITY ,2018,4,false,174.500,87,61727.60
FFSU,TN,00002143401,TRULICITY ,2018,4,true,,,
FFSU,TN,00002143480,TRULICITY ,2018,4,false,424.000,208,149732.85
FFSU,TN,00002143380,TRULICITY ,2018,3,false,174.000,82,61107.01
FFSU,TN,00002143480,TRULICITY ,2018,3,false,377.000,187,133722.12
FFSU,TN,00002143380,TRULICITY ,2018,2,false,148.000,73,50765.21
FFSU,TN,00002143480,TRULICITY ,2018,2,false,352.000,174,124863.27
FFSU,TN,00002143380,TRULICITY ,2018,1,false,177.500,86,58651.40
FFSU,TN,00002143480,TRULICITY ,2018,1,false,300.000,147,99749.61
FFSU,TX,00002143380,TRULICITY ,2018,4,true,,,
MCOU,TX,00002143380,TRULICITY ,2018,4,false,1077.000,530,389698.78
MCOU,TX,00002143480,TRULICITY ,2018,4,false,1913.000,955,690040.71
FFSU,TX,00002143480,TRULICITY ,2018,4,true,,,
MCOU,TX,00002143380,TRULICITY ,2018,3,false,1019.000,509,369200.75
FFSU,TX,00002143380,TRULICITY ,2018,3,true,,,
MCOU,TX,00002143480,TRULICITY ,2018,3,false,1755.500,876,636803.13
FFSU,TX,00002143480,TRULICITY ,2018,3,true,,,
FFSU,TX,00002143380,TRULICITY ,2018,2,true,,,
MCOU,TX,00002143380,TRULICITY ,2018,2,false,869.500,436,315485.30
MCOU,TX,00002143480,TRULICITY ,2018,2,false,1473.000,736,533510.13
FFSU,TX,00002143480,TRULICITY ,2018,2,true,,,
FFSU,TX,00002143380,TRULICITY ,2018,1,true,,,
MCOU,TX,00002143380,TRULICITY ,2018,1,false,869.000,433,299012.00
FFSU,TX,00002143480,TRULICITY ,2018,1,false,24.000,12,8143.07
MCOU,TX,00002143480,TRULICITY ,2018,1,false,1301.500,653,448688.92
FFSU,UT,00002143380,TRULICITY ,2018,4,false,104.500,48,35108.53
MCOU,UT,00002143380,TRULICITY ,2018,4,false,130.000,64,48209.82
MCOU,UT,00002143480,TRULICITY ,2018,4,false,258.000,126,95321.88
FFSU,UT,00002143480,TRULICITY ,2018,4,false,100.000,48,35335.05
FFSU,UT,00002143380,TRULICITY ,2018,3,false,62.000,28,19717.26
MCOU,UT,00002143380,TRULICITY ,2018,3,false,86.000,43,35676.11
MCOU,UT,00002143480,TRULICITY ,2018,3,false,208.000,101,75328.24
FFSU,UT,00002143480,TRULICITY ,2018,3,false,76.000,36,25846.42
FFSU,UT,00002143380,TRULICITY ,2018,2,false,54.000,27,16295.39
MCOU,UT,00002143380,TRULICITY ,2018,2,false,58.000,29,21233.48
FFSU,UT,00002143480,TRULICITY ,2018,2,false,64.000,34,21983.07
MCOU,UT,00002143480,TRULICITY ,2018,2,false,176.000,83,63471.12
FFSU,UT,00002143380,TRULICITY ,2018,1,true,,,
MCOU,UT,00002143380,TRULICITY ,2018,1,false,38.000,19,13309.58
MCOU,UT,00002143480,TRULICITY ,2018,1,false,110.000,54,38399.88
FFSU,UT,00002143480,TRULICITY ,2018,1,false,24.000,12,7381.14
MCOU,VA,00002143301,TRULICITY ,2018,4,true,,,
MCOU,VA,00002143380,TRULICITY ,2018,4,false,441.000,221,163731.47
FFSU,VA,00002143380,TRULICITY ,2018,4,false,46.000,21,16335.22
MCOU,VA,00002143401,TRULICITY ,2018,4,true,,,
MCOU,VA,00002143480,TRULICITY ,2018,4,false,796.000,401,293643.67
FFSU,VA,00002143480,TRULICITY ,2018,4,false,32.000,16,11334.33
FFSU,VA,00002143380,TRULICITY ,2018,3,true,,,
MCOU,VA,00002143380,TRULICITY ,2018,3,false,553.500,276,200226.46
MCOU,VA,00002143480,TRULICITY ,2018,3,false,831.500,415,299983.35
FFSU,VA,00002143480,TRULICITY ,2018,3,false,30.000,15,10641.30
FFSU,VA,00002143380,TRULICITY ,2018,2,false,28.000,14,9922.81
MCOU,VA,00002143380,TRULICITY ,2018,2,false,509.500,255,184872.44
MCOU,VA,00002143401,TRULICITY ,2018,2,true,,,
FFSU,VA,00002143480,TRULICITY ,2018,2,false,24.000,12,8493.66
MCOU,VA,00002143480,TRULICITY ,2018,2,false,828.500,415,299219.79
FFSU,VA,00002143380,TRULICITY ,2018,1,true,,,
MCOU,VA,00002143380,TRULICITY ,2018,1,false,663.500,330,228107.90
MCOU,VA,00002143401,TRULICITY ,2018,1,true,,,
FFSU,VA,00002143480,TRULICITY ,2018,1,false,28.000,14,9202.24
MCOU,VA,00002143480,TRULICITY ,2018,1,false,904.000,451,310562.22
FFSU,VT,00002143380,TRULICITY ,2018,4,false,96.000,46,34055.09
FFSU,VT,00002143480,TRULICITY ,2018,4,false,158.000,74,55955.31
FFSU,VT,00002143380,TRULICITY ,2018,3,false,94.000,45,33345.27
FFSU,VT,00002143480,TRULICITY ,2018,3,false,106.000,47,37518.11
FFSU,VT,00002143380,TRULICITY ,2018,2,false,84.000,43,29292.41
FFSU,VT,00002143401,TRULICITY ,2018,2,true,,,
FFSU,VT,00002143480,TRULICITY ,2018,2,false,102.000,46,36004.61
FFSU,VT,00002143380,TRULICITY ,2018,1,false,64.000,32,20224.15
FFSU,VT,00002143480,TRULICITY ,2018,1,false,72.000,32,23820.29
MCOU,WA,00002143301,TRULICITY ,2018,4,true,,,
FFSU,WA,00002143380,TRULICITY ,2018,4,true,,,
MCOU,WA,00002143380,TRULICITY ,2018,4,false,837.500,418,292685.26
FFSU,WA,00002143480,TRULICITY ,2018,4,false,28.000,12,9860.39
MCOU,WA,00002143480,TRULICITY ,2018,4,false,1250.000,621,434369.03
MCOU,WA,00002143301,TRULICITY ,2018,3,true,,,
FFSU,WA,00002143380,TRULICITY ,2018,3,true,,,
MCOU,WA,00002143380,TRULICITY ,2018,3,false,906.000,453,319093.38
MCOU,WA,00002143401,TRULICITY ,2018,3,true,,,
MCOU,WA,00002143480,TRULICITY ,2018,3,false,1195.500,597,419175.27
FFSU,WA,00002143480,TRULICITY ,2018,3,false,38.000,19,13393.48
MCOU,WA,00002143301,TRULICITY ,2018,2,true,,,
FFSU,WA,00002143380,TRULICITY ,2018,2,false,24.000,12,8307.98
MCOU,WA,00002143380,TRULICITY ,2018,2,false,1116.000,556,393274.30
MCOU,WA,00002143401,TRULICITY ,2018,2,true,,,
FFSU,WA,00002143480,TRULICITY ,2018,2,false,44.000,21,15399.97
MCOU,WA,00002143480,TRULICITY ,2018,2,false,1372.000,687,482336.66
MCOU,WA,00002143301,TRULICITY ,2018,1,true,,,
MCOU,WA,00002143380,TRULICITY ,2018,1,false,926.000,463,304882.44
FFSU,WA,00002143380,TRULICITY ,2018,1,true,,,
FFSU,WA,00002143480,TRULICITY ,2018,1,false,22.000,11,7182.01
MCOU,WA,00002143480,TRULICITY ,2018,1,false,1087.500,543,358779.97
FFSU,WI,00002143301,TRULICITY ,2018,4,true,,,
MCOU,WI,00002143380,TRULICITY ,2018,4,false,30.000,15,0.00
FFSU,WI,00002143380,TRULICITY ,2018,4,false,1365.500,688,491020.41
FFSU,WI,00002143480,TRULICITY ,2018,4,false,1104.000,553,397232.80
MCOU,WI,00002143480,TRULICITY ,2018,4,true,,,
FFSU,WI,00002143301,TRULICITY ,2018,3,true,,,
FFSU,WI,00002143380,TRULICITY ,2018,3,false,747.500,372,267710.54
MCOU,WI,00002143380,TRULICITY ,2018,3,true,,,
MCOU,WI,00002143480,TRULICITY ,2018,3,true,,,
FFSU,WI,00002143480,TRULICITY ,2018,3,false,438.500,218,158939.86
MCOU,WI,00002143380,TRULICITY ,2018,2,true,,,
FFSU,WI,00002143380,TRULICITY ,2018,2,false,54.000,27,19239.76
FFSU,WI,00002143480,TRULICITY ,2018,2,false,52.000,25,20603.73
MCOU,WI,00002143380,TRULICITY ,2018,1,true,,,
FFSU,WI,00002143380,TRULICITY ,2018,1,false,38.000,19,12394.64
FFSU,WI,00002143480,TRULICITY ,2018,1,false,42.000,21,16015.66
FFSU,WV,00002143380,TRULICITY ,2018,4,false,63.000,26,21781.55
FFSU,WV,00002143480,TRULICITY ,2018,4,false,98.000,41,33998.63
FFSU,WV,00002143380,TRULICITY ,2018,3,false,74.000,28,25550.66
FFSU,WV,00002143480,TRULICITY ,2018,3,false,114.000,45,39494.74
FFSU,WV,00002143380,TRULICITY ,2018,2,false,70.000,27,24168.57
FFSU,WV,00002143480,TRULICITY ,2018,2,false,154.000,73,53681.52
FFSU,WV,00002143380,TRULICITY ,2018,1,false,70.000,31,22806.40
FFSU,WV,00002143480,TRULICITY ,2018,1,false,168.000,76,54657.31
FFSU,WY,00002143380,TRULICITY ,2018,4,true,,,
FFSU,WY,00002143480,TRULICITY ,2018,4,true,,,
FFSU,WY,00002143380,TRULICITY ,2018,3,true,,,
FFSU,WY,00002143480,TRULICITY ,2018,3,true,,,
FFSU,WY,00002143380,TRULICITY ,2018,2,true,,,
FFSU,WY,00002143480,TRULICITY ,2018,2,true,,,
FFSU,WY,00002143380,TRULICITY ,2018,1,true,,,
FFSU,WY,00002143480,TRULICITY ,2018,1,true,,,
FFSU,AK,00169406012,VICTOZA 2-,2018,4,false,1653.000,255,147850.98
FFSU,AK,00169406013,VICTOZA 3-,2018,4,false,3714.000,410,331850.75
FFSU,AK,00169406012,VICTOZA 2-,2018,3,false,1950.000,302,171567.63
FFSU,AK,00169406013,VICTOZA 3-,2018,3,false,4419.000,487,387192.08
FFSU,AK,00169406012,VICTOZA 2-,2018,2,false,1254.000,201,102796.43
FFSU,AK,00169406013,VICTOZA 3-,2018,2,false,3033.000,332,251083.44
FFSU,AK,00169406012,VICTOZA 2-,2018,1,false,1402.000,225,116004.68
FFSU,AK,00169406013,VICTOZA 3-,2018,1,false,3720.000,404,307497.37
FFSU,AL,00169406012,Victoza 6M,2018,4,false,2040.000,335,198688.93
FFSU,AL,00169406013,Victoza 6M,2018,4,false,5322.000,615,515081.62
FFSU,AL,00169406012,VICTOZA 6M,2018,3,false,1989.000,328,190727.27
FFSU,AL,00169406013,VICTOZA 6M,2018,3,false,4728.000,541,446329.80
FFSU,AL,00169406012,Victoza 6M,2018,2,false,1644.000,274,149521.91
FFSU,AL,00169406013,Victoza 6M,2018,2,false,5442.000,620,490209.20
FFSU,AL,00169406012,Victoza 6M,2018,1,false,1653.000,278,147685.10
FFSU,AL,00169406013,Victoza 6M,2018,1,false,4740.000,532,425141.08
FFSU,AR,00169406012,VICTOZA 2-,2018,4,false,1419.000,241,133546.06
FFSU,AR,00169406013,VICTOZA 3-,2018,4,false,2193.000,247,205421.45
FFSU,AR,00169406012,VICTOZA 2-,2018,3,false,1182.000,200,109429.07
FFSU,AR,00169406013,VICTOZA 3-,2018,3,false,1692.000,190,156495.23
FFSU,AR,00169406012,VICTOZA 2-,2018,2,false,897.000,153,78341.31
FFSU,AR,00169406013,VICTOZA 3-,2018,2,false,1443.000,164,125413.57
FFSU,AR,00169406012,VICTOZA 2-,2018,1,false,645.000,110,56389.00
FFSU,AR,00169406013,VICTOZA 3-,2018,1,false,1149.000,129,98040.07
MCOU,AZ,00169406012,VICTOZA 2-,2018,4,false,9939.000,1643,932823.43
FFSU,AZ,00169406012,VICTOZA 2-,2018,4,false,144.000,24,14070.44
FFSU,AZ,00169406013,VICTOZA 3-,2018,4,false,642.000,79,62488.70
MCOU,AZ,00169406013,VICTOZA 3-,2018,4,false,14226.000,1605,1334607.44
MCOU,AZ,00169406012,VICTOZA 2-,2018,3,false,10434.000,1735,979549.19
FFSU,AZ,00169406012,VICTOZA 2-,2018,3,false,126.000,21,12195.66
FFSU,AZ,00169406013,VICTOZA 3-,2018,3,false,627.000,77,60885.68
MCOU,AZ,00169406013,VICTOZA 3-,2018,3,false,13872.000,1567,1304536.47
MCOU,AZ,00169406012,VICTOZA 2-,2018,2,false,9921.000,1650,868229.45
FFSU,AZ,00169406012,VICTOZA 2-,2018,2,false,132.000,23,12011.48
FFSU,AZ,00169406013,VICTOZA 3-,2018,2,false,444.000,54,40372.34
MCOU,AZ,00169406013,VICTOZA 3-,2018,2,false,13485.000,1515,1182677.58
FFSU,AZ,00169406012,VICTOZA 2-,2018,1,true,,,
MCOU,AZ,00169406012,VICTOZA 2-,2018,1,false,9939.000,1651,863242.42
MCOU,AZ,00169406013,VICTOZA 3-,2018,1,false,12345.000,1395,1084857.62
FFSU,AZ,00169406013,VICTOZA 3-,2018,1,true,,,
FFSU,CA,00169406012,VICTOZA 6M,2018,4,false,4863.000,802,466712.62
MCOU,CA,00169406012,VICTOZA 6M,2018,4,false,20743.000,3338,1986305.25
FFSU,CA,00169406013,VICTOZA 6M,2018,4,false,13725.000,1497,1317110.03
MCOU,CA,00169406013,VICTOZA 6M,2018,4,false,51295.000,5623,4904036.08
FFSU,CA,00169406012,VICTOZA 6M,2018,3,false,3981.000,659,385064.41
MCOU,CA,00169406012,VICTOZA 6M,2018,3,false,20974.000,3361,2003292.74
MCOU,CA,00169406013,VICTOZA 6M,2018,3,false,48390.000,5325,4598710.27
FFSU,CA,00169406013,VICTOZA 6M,2018,3,false,12840.000,1404,1234411.68
FFSU,CA,00169406012,VICTOZA 6M,2018,2,false,4521.000,741,405329.06
MCOU,CA,00169406012,VICTOZA 6M,2018,2,false,19228.000,3107,1701892.82
FFSU,CA,00169406013,VICTOZA 6M,2018,2,false,13485.000,1485,1202785.60
MCOU,CA,00169406013,VICTOZA 6M,2018,2,false,45546.000,5009,4016512.20
FFSU,CA,00169406012,VICTOZA 6M,2018,1,false,4186.000,691,378623.93
MCOU,CA,00169406012,VICTOZA 6M,2018,1,false,16878.000,2743,1487820.02
MCOU,CA,00169406013,VICTOZA 6M,2018,1,false,41163.000,4506,3622481.82
FFSU,CA,00169406013,VICTOZA 6M,2018,1,false,12495.000,1375,1127828.32
FFSU,CO,00169406012,VICTOZA 2-,2018,4,false,1446.000,182,137084.79
MCOU,CO,00169406012,VICTOZA 2-,2018,4,false,390.000,61,37109.99
FFSU,CO,00169406013,VICTOZA 3-,2018,4,false,5454.000,420,514550.76
MCOU,CO,00169406013,VICTOZA 3-,2018,4,false,822.000,92,77862.24
MCOU,CO,00169406012,VICTOZA 2-,2018,3,false,324.000,54,30469.29
FFSU,CO,00169406012,VICTOZA 2-,2018,3,false,1545.000,199,143448.10
MCOU,CO,00169406013,VICTOZA 3-,2018,3,false,837.000,94,78392.18
FFSU,CO,00169406013,VICTOZA 3-,2018,3,false,4947.000,382,456742.47
FFSU,CO,00169406012,VICTOZA 2-,2018,2,false,1530.000,189,134525.82
MCOU,CO,00169406012,VICTOZA 2-,2018,2,false,408.000,68,33901.01
FFSU,CO,00169406013,VICTOZA 3-,2018,2,false,5304.000,427,460890.12
MCOU,CO,00169406013,VICTOZA 3-,2018,2,false,819.000,84,64756.25
FFSU,CO,00169406012,VICTOZA 2-,2018,1,false,1326.000,179,117022.39
MCOU,CO,00169406012,VICTOZA 2-,2018,1,false,342.000,56,29840.61
MCOU,CO,00169406013,VICTOZA 3-,2018,1,false,633.000,71,53828.23
FFSU,CO,00169406013,VICTOZA 3-,2018,1,false,5244.000,443,455244.20
FFSU,CT,00169406012,VICTOZA 6M,2018,4,false,8271.000,1174,780344.54
FFSU,CT,00169406013,VICTOZA 6M,2018,4,false,28062.000,2300,2626370.02
FFSU,CT,00169406012,VICTOZA 6M,2018,3,false,8436.000,1218,784384.55
FFSU,CT,00169406013,VICTOZA 6M,2018,3,false,28896.000,2362,2659348.12
FFSU,CT,00169406012,VICTOZA 6M,2018,2,false,7920.000,1187,694132.17
FFSU,CT,00169406013,VICTOZA 6M,2018,2,false,29034.000,2389,2523187.31
FFSU,CT,00169406012,VICTOZA 6M,2018,1,false,7389.000,1109,648357.13
FFSU,CT,00169406013,VICTOZA 6M,2018,1,false,28800.000,2409,2504696.45
FFSU,DC,00169406012,VICTOZA 2-,2018,4,false,300.000,49,28395.82
MCOU,DC,00169406012,VICTOZA 2-,2018,4,false,684.000,114,63895.39
MCOU,DC,00169406013,VICTOZA 3-,2018,4,false,1890.000,220,177048.64
FFSU,DC,00169406013,VICTOZA 3-,2018,4,false,726.000,84,68321.50
FFSU,DC,00169406012,VICTOZA 2-,2018,3,false,246.000,38,22807.51
MCOU,DC,00169406012,VICTOZA 2-,2018,3,false,534.000,89,50492.39
MCOU,DC,00169406013,VICTOZA 3-,2018,3,false,1734.000,200,163584.41
FFSU,DC,00169406013,VICTOZA 3-,2018,3,false,609.000,71,56664.73
FFSU,DC,00169406012,VICTOZA 2-,2018,2,false,93.000,15,8171.67
MCOU,DC,00169406012,VICTOZA 2-,2018,2,false,471.000,77,41481.60
FFSU,DC,00169406013,VICTOZA 3-,2018,2,false,468.000,54,40871.93
MCOU,DC,00169406013,VICTOZA 3-,2018,2,false,1944.000,220,169776.76
FFSU,DC,00169406012,VICTOZA 2-,2018,1,true,,,
MCOU,DC,00169406012,VICTOZA 2-,2018,1,false,438.000,72,38783.54
FFSU,DC,00169406013,VICTOZA 3-,2018,1,false,306.000,34,26728.42
MCOU,DC,00169406013,VICTOZA 3-,2018,1,false,1509.000,177,131908.69
MCOU,DE,00169406012,Victoza 6M,2018,4,false,255.000,44,116.50
MCOU,DE,00169406013,Victoza 6M,2018,4,false,669.000,81,63113.17
MCOU,DE,00169406012,Victoza 6M,2018,3,false,324.000,55,656.66
FFSU,DE,00169406012,Victoza 6M,2018,3,true,,,
MCOU,DE,00169406013,Victoza 6M,2018,3,false,861.000,94,54050.22
MCOU,DE,00169406012,Victoza 6M,2018,2,false,257.000,42,12152.71
MCOU,DE,00169406013,Victoza 6M,2018,2,false,1017.000,105,59169.38
MCOU,DE,00169406012,Victoza 6M,2018,1,false,189.000,32,130.50
MCOU,DE,00169406013,Victoza 6M,2018,1,false,969.000,104,39416.54
FFSU,FL,00169406012,VICTOZA 2-,2018,4,true,,,
MCOU,FL,00169406012,VICTOZA 2-,2018,4,false,1134.000,189,103139.43
MCOU,FL,00169406013,VICTOZA 3-,2018,4,false,2283.000,255,211770.57
FFSU,FL,00169406013,VICTOZA 3-,2018,4,false,111.000,13,10435.77
MCOU,FL,00169406012,VICTOZA 2-,2018,3,false,987.000,162,92093.62
FFSU,FL,00169406012,VICTOZA 2-,2018,3,true,,,
MCOU,FL,00169406013,VICTOZA 3-,2018,3,false,2553.000,290,237404.88
FFSU,FL,00169406013,VICTOZA 3-,2018,3,false,93.000,11,8561.14
MCOU,FL,00169406012,VICTOZA 2-,2018,2,false,942.000,156,82081.76
FFSU,FL,00169406013,VICTOZA 3-,2018,2,true,,,
MCOU,FL,00169406013,VICTOZA 3-,2018,2,false,2277.000,259,197917.06
MCOU,FL,00169406012,VICTOZA 2-,2018,1,false,846.000,140,73722.10
MCOU,FL,00169406013,VICTOZA 3-,2018,1,false,1959.000,230,170501.66
FFSU,FL,00169406013,VICTOZA 3-,2018,1,true,,,
MCOU,GA,00169406012,VICTOZA 2-,2018,4,false,1311.000,217,127070.81
FFSU,GA,00169406012,VICTOZA 2-,2018,4,false,1629.000,269,153939.57
FFSU,GA,00169406013,VICTOZA 3-,2018,4,false,3018.000,349,283605.29
MCOU,GA,00169406013,VICTOZA 3-,2018,4,false,2328.000,260,218506.88
FFSU,GA,00169406012,VICTOZA 2-,2018,3,false,1527.000,253,143036.75
MCOU,GA,00169406012,VICTOZA 2-,2018,3,false,1209.000,200,116906.63
FFSU,GA,00169406013,VICTOZA 3-,2018,3,false,2478.000,279,230095.21
MCOU,GA,00169406013,VICTOZA 3-,2018,3,false,2253.000,251,211880.19
MCOU,GA,00169406012,VICTOZA 2-,2018,2,false,1287.000,216,115094.67
FFSU,GA,00169406012,VICTOZA 2-,2018,2,false,999.000,168,87673.56
FFSU,GA,00169406013,VICTOZA 3-,2018,2,false,1929.000,216,167649.72
MCOU,GA,00169406013,VICTOZA 3-,2018,2,false,2085.000,235,186015.03
FFSU,GA,00169406012,Victoza 6M,2018,1,false,642.000,107,56395.78
MCOU,GA,00169406012,VICTOZA 2-,2018,1,false,1107.000,186,99215.29
MCOU,GA,00169406013,VICTOZA 3-,2018,1,false,1755.000,198,157141.16
FFSU,GA,00169406013,VICTOZA 3-,2018,1,false,1257.000,143,109715.96
MCOU,HI,00169406012,VICTOZA 2-,2018,4,false,1620.000,266,155948.21
MCOU,HI,00169406013,VICTOZA 3-,2018,4,false,7401.000,824,693241.87
MCOU,HI,00169406012,VICTOZA 2-,2018,3,false,1887.000,305,179862.66
MCOU,HI,00169406013,VICTOZA 3-,2018,3,false,8136.000,902,764911.57
MCOU,HI,00169406012,VICTOZA 2-,2018,2,false,1944.000,323,172695.03
MCOU,HI,00169406013,VICTOZA 3-,2018,2,false,7929.000,878,688993.58
MCOU,HI,00169406012,VICTOZA 2-,2018,1,false,1608.000,264,145000.52
MCOU,HI,00169406013,VICTOZA 3-,2018,1,false,7134.000,778,627762.15
FFSU,IA,00169406012,Victoza 6M,2018,4,true,,,
MCOU,IA,00169406012,Victoza 6M,2018,4,false,1098.000,181,102254.24
MCOU,IA,00169406013,Victoza 6M,2018,4,false,1947.000,222,178583.28
FFSU,IA,00169406013,Victoza 6M,2018,4,false,99.000,11,8630.35
FFSU,IA,00169406012,Victoza 6M,2018,3,false,72.000,12,5090.96
MCOU,IA,00169406012,Victoza 6M,2018,3,false,918.000,146,82259.42
MCOU,IA,00169406013,Victoza 6M,2018,3,false,1590.000,178,147079.20
FFSU,IA,00169406013,Victoza 6M,2018,3,true,,,
MCOU,IA,00169406012,Victoza 6M,2018,2,false,408.000,69,29943.47
FFSU,IA,00169406012,Victoza 6M,2018,2,true,,,
MCOU,IA,00169406013,Victoza 6M,2018,2,false,1032.000,115,79260.03
FFSU,IA,00169406013,Victoza 6M,2018,2,false,117.000,12,6414.36
MCOU,IA,00169406012,Victoza 6M,2018,1,false,288.000,48,24260.43
FFSU,IA,00169406012,Victoza 6M,2018,1,true,,,
MCOU,IA,00169406013,Victoza 6M,2018,1,false,747.000,83,62823.12
FFSU,IA,00169406013,Victoza 6M,2018,1,true,,,
FFSU,ID,00169406012,VICTOZA 2-,2018,4,false,1212.000,213,114396.94
FFSU,ID,00169406013,VICTOZA 3-,2018,4,false,1899.000,221,178099.95
FFSU,ID,00169406012,VICTOZA 2-,2018,3,false,993.000,172,92552.64
FFSU,ID,00169406013,VICTOZA 3-,2018,3,false,1809.000,205,167603.26
FFSU,ID,00169406012,VICTOZA 2-,2018,2,false,897.000,154,78749.95
FFSU,ID,00169406013,VICTOZA 3-,2018,2,false,1689.000,197,147124.28
FFSU,ID,00169406012,VICTOZA 2-,2018,1,false,660.000,113,57961.42
FFSU,ID,00169406013,VICTOZA 3-,2018,1,false,1383.000,159,120496.47
FFSU,IL,00169406012,Victoza 6M,2018,4,false,657.000,104,63198.85
MCOU,IL,00169406012,Victoza 6M,2018,4,false,8733.000,1434,906084.08
MCOU,IL,00169406013,Victoza 6M,2018,4,false,17544.000,1979,1833270.94
FFSU,IL,00169406013,Victoza 6M,2018,4,false,1125.000,117,109389.65
MCOU,IL,00169406012,Victoza 6M,2018,3,false,8589.000,1421,909287.89
FFSU,IL,00169406012,Victoza 6M,2018,3,false,801.000,122,78773.26
MCOU,IL,00169406013,Victoza 6M,2018,3,false,17844.000,2002,1853713.67
FFSU,IL,00169406013,Victoza 6M,2018,3,false,1338.000,133,131814.55
FFSU,IL,00169406012,Victoza 6M,2018,2,false,1122.000,176,101044.60
MCOU,IL,00169406012,Victoza 6M,2018,2,false,8361.000,1371,800926.83
FFSU,IL,00169406013,Victoza 6M,2018,2,false,2253.000,234,201977.71
MCOU,IL,00169406013,Victoza 6M,2018,2,false,17472.000,1960,1723138.28
FFSU,IL,00169406012,Victoza 6M,2018,1,false,3900.000,618,351266.71
MCOU,IL,00169406012,Victoza 6M,2018,1,false,4761.000,783,463087.74
MCOU,IL,00169406013,Victoza 6M,2018,1,false,10965.000,1213,1064241.87
FFSU,IL,00169406013,Victoza 6M,2018,1,false,7695.000,834,695720.24
MCOU,IN,00169406012,Victoza 6M,2018,4,false,9042.000,1452,876103.38
FFSU,IN,00169406012,Victoza 6M,2018,4,false,564.000,91,53268.71
FFSU,IN,00169406013,Victoza 6M,2018,4,false,1713.000,162,160661.48
MCOU,IN,00169406013,Victoza 6M,2018,4,false,36246.000,3827,3495831.84
FFSU,IN,00169406012,Victoza 6M,2018,3,false,501.000,76,46550.58
MCOU,IN,00169406012,Victoza 6M,2018,3,false,9852.600,1601,948780.70
FFSU,IN,00169406013,Victoza 6M,2018,3,false,1710.000,173,158273.63
MCOU,IN,00169406013,Victoza 6M,2018,3,false,35811.000,3830,3452089.79
MCOU,IN,00169406012,Victoza 6M,2018,2,false,9409.000,1534,844892.26
FFSU,IN,00169406012,Victoza 6M,2018,2,false,744.000,118,65164.30
FFSU,IN,00169406013,Victoza 6M,2018,2,false,1674.000,170,144094.57
MCOU,IN,00169406013,Victoza 6M,2018,2,false,33684.000,3570,3009174.82
FFSU,IN,00169406012,Victoza 6M,2018,1,false,567.000,91,49768.26
MCOU,IN,00169406012,Victoza 6M,2018,1,false,8270.000,1337,745889.56
FFSU,IN,00169406013,Victoza 6M,2018,1,false,1668.000,175,145327.28
MCOU,IN,00169406013,Victoza 6M,2018,1,false,30294.000,3201,2700353.99
MCOU,KS,00169406012,Victoza 6M,2018,4,false,2055.000,353,195294.36
MCOU,KS,00169406013,Victoza 6M,2018,4,false,4866.000,550,458553.95
MCOU,KS,00169406012,Victoza 6M,2018,3,false,2205.000,373,206867.31
MCOU,KS,00169406013,Victoza 6M,2018,3,false,4491.000,504,419274.59
MCOU,KS,00169406012,Victoza 6M,2018,2,false,2322.000,395,204925.29
MCOU,KS,00169406013,Victoza 6M,2018,2,false,4383.000,491,383553.05
MCOU,KS,00169406012,Victoza 6M,2018,1,false,2043.000,345,180503.99
MCOU,KS,00169406013,Victoza 6M,2018,1,false,4362.000,488,381889.59
MCOU,KY,00169406012,VICTOZA 2-,2018,4,false,9032.000,1487,883821.63
FFSU,KY,00169406012,VICTOZA 2-,2018,4,false,64.000,11,6133.31
MCOU,KY,00169406013,VICTOZA 3-,2018,4,false,21288.000,2407,2089819.91
FFSU,KY,00169406013,VICTOZA 3-,2018,4,false,225.000,32,21159.03
MCOU,KY,00169406012,VICTOZA 2-,2018,3,false,9084.000,1509,885071.02
FFSU,KY,00169406012,VICTOZA 2-,2018,3,false,84.000,14,7854.62
MCOU,KY,00169406013,VICTOZA 3-,2018,3,false,20190.000,2287,1977300.11
FFSU,KY,00169406013,VICTOZA 3-,2018,3,false,210.000,28,19453.49
MCOU,KY,00169406012,VICTOZA 2-,2018,2,false,8390.000,1394,759617.35
FFSU,KY,00169406012,VICTOZA 2-,2018,2,true,,,
FFSU,KY,00169406013,VICTOZA 3-,2018,2,false,174.000,21,15162.17
MCOU,KY,00169406013,VICTOZA 3-,2018,2,false,19866.000,2241,1803865.18
FFSU,KY,00169406012,VICTOZA 2-,2018,1,true,,,
MCOU,KY,00169406012,VICTOZA 2-,2018,1,false,7365.000,1223,669854.57
FFSU,KY,00169406013,VICTOZA 3-,2018,1,false,201.000,24,17519.31
MCOU,KY,00169406013,VICTOZA 3-,2018,1,false,17142.000,1941,1564933.65
FFSU,LA,00169406012,VICTOZA 2-,2018,4,false,414.000,66,40090.00
MCOU,LA,00169406012,VICTOZA 2-,2018,4,false,16202.000,2701,1559499.53
FFSU,LA,00169406013,VICTOZA 3-,2018,4,false,600.000,88,57988.05
MCOU,LA,00169406013,VICTOZA 3-,2018,4,false,26349.000,2903,2532579.45
MCOU,LA,00169406012,VICTOZA 2-,2018,3,false,15430.000,2574,1477046.90
FFSU,LA,00169406012,VICTOZA 2-,2018,3,false,450.000,71,42801.84
FFSU,LA,00169406013,VICTOZA 3-,2018,3,false,558.000,76,53243.22
MCOU,LA,00169406013,VICTOZA 3-,2018,3,false,24237.000,2651,2315243.58
MCOU,LA,00169406012,VICTOZA 2-,2018,2,false,13359.000,2213,1191849.71
FFSU,LA,00169406012,VICTOZA 2-,2018,2,false,516.000,81,46429.62
FFSU,LA,00169406013,VICTOZA 3-,2018,2,false,543.000,69,48634.55
MCOU,LA,00169406013,VICTOZA 3-,2018,2,false,22644.000,2487,2018825.17
MCOU,LA,00169406012,VICTOZA 2-,2018,1,false,11207.000,1852,1001762.27
FFSU,LA,00169406012,VICTOZA 2-,2018,1,false,498.000,83,44956.04
FFSU,LA,00169406013,VICTOZA 3-,2018,1,false,507.000,59,45443.62
MCOU,LA,00169406013,VICTOZA 3-,2018,1,false,18603.000,2074,1663483.97
FFSU,MA,00169406012,VICTOZA 2-,2018,4,false,1740.000,303,164324.13
MCOU,MA,00169406012,VICTOZA 2-,2018,4,false,3096.000,507,298820.39
FFSU,MA,00169406013,VICTOZA 3-,2018,4,false,7848.000,884,735981.69
MCOU,MA,00169406013,VICTOZA 3-,2018,4,false,9228.000,1057,904260.38
MCOU,MA,00169406012,VICTOZA 2-,2018,3,false,3081.000,511,299442.01
FFSU,MA,00169406012,VICTOZA 2-,2018,3,false,1482.000,253,130852.46
MCOU,MA,00169406013,VICTOZA 3-,2018,3,false,9072.000,1024,888103.54
FFSU,MA,00169406013,VICTOZA 3-,2018,3,false,6249.000,702,552345.53
FFSU,MA,00169406012,VICTOZA 2-,2018,2,false,2112.000,354,174029.30
MCOU,MA,00169406012,VICTOZA 2-,2018,2,false,3411.000,564,309230.87
MCOU,MA,00169406013,VICTOZA 3-,2018,2,false,8547.000,962,773522.41
FFSU,MA,00169406013,VICTOZA 3-,2018,2,false,7404.000,833,624051.51
FFSU,MA,00169406012,VICTOZA 2-,2018,1,false,1476.000,248,129652.47
MCOU,MA,00169406012,VICTOZA 2-,2018,1,false,3474.000,560,308121.00
MCOU,MA,00169406013,VICTOZA 3-,2018,1,false,9576.000,1005,846340.63
FFSU,MA,00169406013,VICTOZA 3-,2018,1,false,4593.000,523,377600.54
FFSU,MD,00169406012,VICTOZA 2-,2018,4,true,,,
MCOU,MD,00169406012,VICTOZA 2-,2018,4,false,5658.000,902,541713.17
MCOU,MD,00169406013,VICTOZA 3-,2018,4,false,19444.000,2114,1859073.58
FFSU,MD,00169406013,VICTOZA 3-,2018,4,false,312.000,39,29361.42
FFSU,MD,00169406012,VICTOZA 2-,2018,3,false,66.000,11,6160.72
MCOU,MD,00169406012,VICTOZA 2-,2018,3,false,5521.000,899,530638.75
MCOU,MD,00169406013,VICTOZA 3-,2018,3,false,19437.000,2124,1872179.37
FFSU,MD,00169406013,VICTOZA 3-,2018,3,false,252.000,29,23298.24
FFSU,MD,00169406012,VICTOZA 2-,2018,2,true,,,
MCOU,MD,00169406012,VICTOZA 2-,2018,2,false,5280.000,865,471755.31
MCOU,MD,00169406013,VICTOZA 3-,2018,2,false,19116.000,2078,1704401.64
FFSU,MD,00169406013,VICTOZA 3-,2018,2,true,,,
MCOU,MD,00169406012,VICTOZA 2-,2018,1,false,4596.000,756,410816.51
FFSU,MD,00169406012,VICTOZA 2-,2018,1,true,,,
MCOU,MD,00169406013,VICTOZA 3-,2018,1,false,16536.000,1822,1480518.69
FFSU,MD,00169406013,VICTOZA 3-,2018,1,true,,,
FFSU,ME,00169406012,VICTOZA   ,2018,4,false,1347.000,230,126779.14
FFSU,ME,00169406013,VICTOZA   ,2018,4,false,2592.000,283,243366.84
FFSU,ME,00169406012,VICTOZA   ,2018,3,false,1197.000,194,110326.48
FFSU,ME,00169406013,VICTOZA   ,2018,3,false,2538.000,282,232278.36
FFSU,ME,00169406012,VICTOZA   ,2018,2,false,981.000,164,86118.14
FFSU,ME,00169406013,VICTOZA   ,2018,2,false,2607.000,288,227109.29
FFSU,ME,00169406012,VICTOZA   ,2018,1,false,840.000,141,73845.49
FFSU,ME,00169406013,VICTOZA   ,2018,1,false,2148.000,240,187335.82
FFSU,MI,00169406012,VICTOZA 2-,2018,4,false,831.000,138,78475.01
MCOU,MI,00169406012,VICTOZA 2-,2018,4,false,10830.000,1800,1038824.54
FFSU,MI,00169406013,VICTOZA 3-,2018,4,false,1860.000,178,171240.17
MCOU,MI,00169406013,VICTOZA 3-,2018,4,false,28251.000,3152,2706557.24
MCOU,MI,00169406012,VICTOZA 2-,2018,3,false,9750.000,1629,934656.27
FFSU,MI,00169406012,VICTOZA 2-,2018,3,false,756.000,127,69239.77
FFSU,MI,00169406013,VICTOZA 3-,2018,3,false,1968.000,195,176626.76
MCOU,MI,00169406013,VICTOZA 3-,2018,3,false,23337.000,2616,2236286.87
MCOU,MI,00169406012,VICTOZA 2-,2018,2,false,8424.000,1409,750711.53
FFSU,MI,00169406012,VICTOZA 2-,2018,2,false,930.000,160,80640.18
MCOU,MI,00169406013,VICTOZA 3-,2018,2,false,21744.000,2437,1937101.21
FFSU,MI,00169406013,VICTOZA 3-,2018,2,false,2034.000,208,161503.14
FFSU,MI,00169406012,VICTOZA 2-,2018,1,false,978.000,164,82800.22
MCOU,MI,00169406012,VICTOZA 2-,2018,1,false,7308.000,1217,653020.76
FFSU,MI,00169406013,VICTOZA 3-,2018,1,false,2118.000,203,174183.90
MCOU,MI,00169406013,VICTOZA 3-,2018,1,false,19419.000,2177,1731850.54
FFSU,MN,00169406012,VICTOZA 2-,2018,4,false,885.000,154,81897.57
MCOU,MN,00169406012,VICTOZA 2-,2018,4,false,8121.000,1362,795591.89
FFSU,MN,00169406013,VICTOZA 3-,2018,4,false,1809.000,205,167758.19
MCOU,MN,00169406013,VICTOZA 3-,2018,4,false,20565.000,2338,2010569.76
FFSU,MN,00169406012,VICTOZA 2-,2018,3,false,398.000,71,37313.64
MCOU,MN,00169406012,VICTOZA 2-,2018,3,false,8422.000,1414,822058.14
MCOU,MN,00169406013,VICTOZA 3-,2018,3,false,20061.000,2284,1954811.70
FFSU,MN,00169406013,VICTOZA 3-,2018,3,false,1368.000,156,125642.64
FFSU,MN,00169406012,VICTOZA 2-,2018,2,false,162.000,24,14067.63
MCOU,MN,00169406012,VICTOZA 2-,2018,2,false,8396.000,1408,759884.21
FFSU,MN,00169406013,VICTOZA 3-,2018,2,false,1185.000,133,103281.29
MCOU,MN,00169406013,VICTOZA 3-,2018,2,false,20973.000,2385,1896241.09
FFSU,MN,00169406012,VICTOZA 2-,2018,1,false,216.000,33,18760.50
MCOU,MN,00169406012,VICTOZA 2-,2018,1,false,8043.000,1351,728831.20
FFSU,MN,00169406013,VICTOZA 3-,2018,1,false,816.000,91,70986.33
MCOU,MN,00169406013,VICTOZA 3-,2018,1,false,19011.000,2153,1722779.53
FFSU,MO,00169406012,VICTOZA 2-,2018,4,false,7257.000,1172,693815.31
FFSU,MO,00169406013,VICTOZA 3-,2018,4,false,15081.000,1650,1435849.68
FFSU,MO,00169406012,VICTOZA 2-,2018,3,false,7215.000,1170,676610.40
FFSU,MO,00169406013,VICTOZA 3-,2018,3,false,15921.000,1746,1481225.68
FFSU,MO,00169406012,VICTOZA 2-,2018,2,false,6909.000,1125,614622.52
FFSU,MO,00169406013,VICTOZA 3-,2018,2,false,15636.000,1709,1376706.75
FFSU,MO,00169406012,VICTOZA 2-,2018,1,false,6756.000,1094,601424.56
FFSU,MO,00169406013,VICTOZA 3-,2018,1,false,14301.000,1564,1260100.06
FFSU,MS,00169406012,VICTOZA 2-,2018,4,false,294.000,48,27834.41
MCOU,MS,00169406012,VICTOZA 2-,2018,4,false,1998.000,320,189099.98
MCOU,MS,00169406013,VICTOZA 3-,2018,4,false,6297.000,703,592421.44
FFSU,MS,00169406013,VICTOZA 3-,2018,4,false,990.000,112,98280.63
FFSU,MS,00169406012,VICTOZA 2-,2018,3,false,246.000,40,22961.92
MCOU,MS,00169406012,VICTOZA 2-,2018,3,false,2340.000,382,219083.17
FFSU,MS,00169406013,VICTOZA 3-,2018,3,false,894.000,102,82295.18
MCOU,MS,00169406013,VICTOZA 3-,2018,3,false,6015.000,666,558605.12
MCOU,MS,00169406012,VICTOZA 2-,2018,2,false,1983.000,321,174288.08
FFSU,MS,00169406012,VICTOZA 2-,2018,2,false,300.000,49,26375.57
FFSU,MS,00169406013,VICTOZA 3-,2018,2,false,960.000,108,83807.72
MCOU,MS,00169406013,VICTOZA 3-,2018,2,false,5334.000,591,465628.52
FFSU,MS,00169406012,VICTOZA 2-,2018,1,false,219.000,36,17709.91
MCOU,MS,00169406012,VICTOZA 2-,2018,1,false,1683.000,270,147805.80
MCOU,MS,00169406013,VICTOZA 3-,2018,1,false,4602.000,514,401644.14
FFSU,MS,00169406013,VICTOZA 3-,2018,1,false,909.000,103,76381.93
FFSU,MT,00169406012,VICTOZA 2-,2018,4,false,2169.000,351,203792.31
FFSU,MT,00169406013,VICTOZA 3-,2018,4,false,3912.000,441,363385.37
FFSU,MT,00169406012,VICTOZA 2-,2018,3,false,1623.000,266,149720.30
FFSU,MT,00169406013,VICTOZA 3-,2018,3,false,3030.000,341,273004.81
FFSU,MT,00169406012,VICTOZA 2-,2018,2,false,963.000,156,86686.25
FFSU,MT,00169406013,VICTOZA 3-,2018,2,false,2676.000,301,234465.51
FFSU,MT,00169406012,VICTOZA 2-,2018,1,false,664.000,111,59575.20
FFSU,MT,00169406013,VICTOZA 3-,2018,1,false,1935.000,217,168803.39
FFSU,XX,00169406012,VICTOZA 6M,2018,4,false,69762.000,11238,6598514.62
MCOU,XX,00169406012,VICTOZA 6M,2018,4,false,222689.000,36793,21266180.12
FFSU,XX,00169406013,VICTOZA 6M,2018,4,false,180153.000,18989,16938502.80
MCOU,XX,00169406013,VICTOZA 6M,2018,4,false,610292.000,67861,58334437.20
FFSU,XX,00169406012,VICTOZA 6M,2018,3,false,67812.000,10907,6312829.06
MCOU,XX,00169406012,VICTOZA 6M,2018,3,false,244145.600,40315,20202475.03
FFSU,XX,00169406013,VICTOZA 6M,2018,3,false,174919.000,18345,16134083.90
MCOU,XX,00169406013,VICTOZA 6M,2018,3,false,596283.000,66386,48431583.80
FFSU,XX,00169406012,VICTOZA 6M,2018,2,false,64013.200,10344,5629360.80
MCOU,XX,00169406012,VICTOZA 6M,2018,2,false,231045.000,38259,17478988.52
FFSU,XX,00169406013,VICTOZA 6M,2018,2,false,172995.000,18049,15066695.52
MCOU,XX,00169406013,VICTOZA 6M,2018,2,false,574806.000,63872,42857519.11
FFSU,XX,00169406012,VICTOZA 6M,2018,1,false,62332.000,10091,5497474.00
MCOU,XX,00169406012,VICTOZA 6M,2018,1,false,209152.000,34600,18531325.79
FFSU,XX,00169406013,VICTOZA 6M,2018,1,false,166680.000,17386,14520551.33
MCOU,XX,00169406013,VICTOZA 6M,2018,1,false,516998.000,57454,45830066.33
FFSU,NC,00169406012,VICTOZA 2-,2018,4,false,2547.000,414,236824.47
FFSU,NC,00169406013,VICTOZA 3-,2018,4,false,8580.000,966,796820.76
FFSU,NC,00169406012,VICTOZA 2-,2018,3,false,2556.000,414,232553.37
FFSU,NC,00169406013,VICTOZA 3-,2018,3,false,9420.000,1060,857485.95
FFSU,NC,00169406012,VICTOZA 2-,2018,2,false,2040.000,338,175519.43
FFSU,NC,00169406013,VICTOZA 3-,2018,2,false,8610.000,959,740074.27
FFSU,NC,00169406012,VICTOZA 2-,2018,1,false,2616.000,424,225683.23
FFSU,NC,00169406013,VICTOZA 3-,2018,1,false,9030.000,1015,777580.85
FFSU,ND,00169406012,VICTOZA 2-,2018,4,false,264.000,44,23150.58
MCOU,ND,00169406012,VICTOZA 2-,2018,4,false,603.000,99,59788.69
FFSU,ND,00169406013,VICTOZA 3-,2018,4,false,810.000,90,76247.18
MCOU,ND,00169406013,VICTOZA 3-,2018,4,false,1623.000,183,155927.22
MCOU,ND,00169406012,VICTOZA 2-,2018,3,false,603.000,100,57826.19
FFSU,ND,00169406012,VICTOZA 2-,2018,3,false,144.000,24,13431.68
MCOU,ND,00169406013,VICTOZA 3-,2018,3,false,1842.000,207,171618.51
FFSU,ND,00169406013,VICTOZA 3-,2018,3,false,729.000,81,67264.07
MCOU,ND,00169406012,VICTOZA 2-,2018,2,false,636.000,106,57650.51
FFSU,ND,00169406012,VICTOZA 2-,2018,2,false,192.000,32,16925.34
MCOU,ND,00169406013,VICTOZA 3-,2018,2,false,1680.000,190,150012.57
FFSU,ND,00169406013,VICTOZA 3-,2018,2,false,837.000,93,73154.28
MCOU,ND,00169406012,VICTOZA 2-,2018,1,false,462.000,76,40762.67
FFSU,ND,00169406012,VICTOZA 2-,2018,1,false,108.000,18,9530.28
MCOU,ND,00169406013,VICTOZA 3-,2018,1,false,1530.000,171,138270.91
FFSU,ND,00169406013,VICTOZA 3-,2018,1,false,747.000,83,65326.41
MCOU,NE,00169406012,Victoza 6M,2018,4,false,951.000,159,92529.38
FFSU,NE,00169406012,Victoza 6M,2018,4,true,,,
MCOU,NE,00169406013,Victoza 6M,2018,4,false,2025.000,231,197593.46
FFSU,NE,00169406012,Victoza 6M,2018,3,true,,,
MCOU,NE,00169406012,Victoza 6M,2018,3,false,885.000,146,86104.66
MCOU,NE,00169406013,Victoza 6M,2018,3,false,1887.000,217,183749.23
MCOU,NE,00169406012,Victoza 6M,2018,2,false,885.000,147,80149.50
FFSU,NE,00169406012,Victoza 6M,2018,2,true,,,
MCOU,NE,00169406013,Victoza 6M,2018,2,false,2055.000,233,186336.24
MCOU,NE,00169406012,Victoza 6M,2018,1,false,708.000,118,64063.10
MCOU,NE,00169406013,Victoza 6M,2018,1,false,1500.000,172,135951.44
MCOU,NH,00169406012,VICTOZA 2-,2018,4,false,369.000,60,35866.49
FFSU,NH,00169406013,VICTOZA 3-,2018,4,true,,,
MCOU,NH,00169406013,VICTOZA 3-,2018,4,false,1248.000,139,121711.51
MCOU,NH,00169406012,VICTOZA 2-,2018,3,false,312.000,49,30620.45
MCOU,NH,00169406013,VICTOZA 3-,2018,3,false,1284.000,143,125102.77
FFSU,NH,00169406013,VICTOZA 3-,2018,3,true,,,
MCOU,NH,00169406012,VICTOZA 2-,2018,2,false,219.000,36,20052.04
FFSU,NH,00169406013,VICTOZA 3-,2018,2,true,,,
MCOU,NH,00169406013,VICTOZA 3-,2018,2,false,1227.000,137,107495.88
FFSU,NH,00169406012,VICTOZA 2-,2018,1,true,,,
MCOU,NH,00169406012,VICTOZA 2-,2018,1,false,222.000,35,18743.02
FFSU,NH,00169406013,VICTOZA 3-,2018,1,true,,,
MCOU,NH,00169406013,VICTOZA 3-,2018,1,false,1206.000,131,108411.29
FFSU,NJ,00169406012,Victoza 6M,2018,4,false,117.000,21,11136.44
MCOU,NJ,00169406012,Victoza 6M,2018,4,false,9000.000,1535,873317.42
FFSU,NJ,00169406013,Victoza 6M,2018,4,false,405.000,63,38340.41
MCOU,NJ,00169406013,Victoza 6M,2018,4,false,32082.000,3616,3108596.74
MCOU,NJ,00169406012,Victoza 6M,2018,3,false,9552.000,1591,922435.64
FFSU,NJ,00169406012,Victoza 6M,2018,3,false,102.000,22,9462.18
MCOU,NJ,00169406013,Victoza 6M,2018,3,false,31674.000,3565,3065354.46
FFSU,NJ,00169406013,Victoza 6M,2018,3,false,408.000,65,37991.47
FFSU,NJ,00169406012,Victoza 6M,2018,2,false,108.000,21,9526.27
MCOU,NJ,00169406012,Victoza 6M,2018,2,false,9312.000,1576,837020.81
MCOU,NJ,00169406013,Victoza 6M,2018,2,false,30525.000,3417,2746527.37
FFSU,NJ,00169406013,Victoza 6M,2018,2,false,285.000,43,25008.53
FFSU,NJ,00169406012,Victoza 6M,2018,1,false,165.000,32,14566.94
MCOU,NJ,00169406012,Victoza 6M,2018,1,false,8409.000,1427,741344.81
MCOU,NJ,00169406013,Victoza 6M,2018,1,false,28635.000,3218,2553524.08
FFSU,NJ,00169406013,Victoza 6M,2018,1,false,330.000,52,28980.80
MCOU,NM,00169406012,VICTOZA 2-,2018,4,false,2463.000,357,238974.34
FFSU,NM,00169406012,VICTOZA 2-,2018,4,false,617.000,87,63621.89
FFSU,NM,00169406013,VICTOZA 3-,2018,4,false,837.000,85,86420.21
MCOU,NM,00169406013,VICTOZA 3-,2018,4,false,4533.000,475,437547.14
MCOU,NM,00169406012,VICTOZA 2-,2018,3,false,3246.000,468,314481.53
FFSU,NM,00169406012,VICTOZA 2-,2018,3,false,721.000,109,73914.37
FFSU,NM,00169406013,VICTOZA 3-,2018,3,false,909.000,101,93038.52
MCOU,NM,00169406013,VICTOZA 3-,2018,3,false,5106.000,549,492806.34
FFSU,NM,00169406012,VICTOZA 2-,2018,2,false,749.200,104,71694.43
MCOU,NM,00169406012,VICTOZA 2-,2018,2,false,3024.000,452,273108.03
FFSU,NM,00169406013,VICTOZA 3-,2018,2,false,1038.000,115,99401.74
MCOU,NM,00169406013,VICTOZA 3-,2018,2,false,4791.000,498,430154.98
FFSU,NM,00169406012,VICTOZA 2-,2018,1,false,730.000,108,69835.20
MCOU,NM,00169406012,VICTOZA 2-,2018,1,false,3084.000,468,280164.83
FFSU,NM,00169406013,VICTOZA 3-,2018,1,false,978.000,109,93822.00
MCOU,NM,00169406013,VICTOZA 3-,2018,1,false,4521.000,474,407061.07
FFSU,NV,00169406012,Victoza 6M,2018,4,false,582.000,55,54587.32
MCOU,NV,00169406012,Victoza 6M,2018,4,false,1191.000,200,115111.63
MCOU,NV,00169406013,Victoza 6M,2018,4,false,543.000,54,50144.42
FFSU,NV,00169406013,Victoza 6M,2018,4,false,2841.000,159,268114.11
MCOU,NV,00169406012,Victoza 6M,2018,3,false,1956.000,324,189007.79
FFSU,NV,00169406012,Victoza 6M,2018,3,false,675.000,65,62404.89
FFSU,NV,00169406013,Victoza 6M,2018,3,false,2883.000,153,266698.57
MCOU,NV,00169406013,Victoza 6M,2018,3,false,4194.000,461,400774.09
MCOU,NV,00169406012,Victoza 6M,2018,2,false,1989.000,333,178840.59
FFSU,NV,00169406012,Victoza 6M,2018,2,false,819.000,79,71376.47
FFSU,NV,00169406013,Victoza 6M,2018,2,false,3549.000,201,309340.61
MCOU,NV,00169406013,Victoza 6M,2018,2,false,3423.000,382,305716.11
MCOU,NV,00169406012,Victoza 6M,2018,1,false,1599.000,270,143624.72
FFSU,NV,00169406012,Victoza 6M,2018,1,false,804.000,72,69418.01
FFSU,NV,00169406013,Victoza 6M,2018,1,false,3051.000,153,265795.61
MCOU,NV,00169406013,Victoza 6M,2018,1,false,3888.000,438,347919.34
MCOU,NY,00169406012,VICTOZA 2-,2018,4,false,34635.000,5759,3205869.18
FFSU,NY,00169406012,VICTOZA 2-,2018,4,false,2352.000,379,222088.58
FFSU,NY,00169406013,VICTOZA 3-,2018,4,false,6543.000,723,613984.96
MCOU,NY,00169406013,VICTOZA 3-,2018,4,false,96381.000,10808,8896552.80
MCOU,NY,00169406012,VICTOZA 2-,2018,3,false,35342.000,5896,165999.30
FFSU,NY,00169406012,VICTOZA 2-,2018,3,false,2151.000,355,199358.29
MCOU,NY,00169406013,VICTOZA 3-,2018,3,false,96138.000,10792,447573.11
FFSU,NY,00169406013,VICTOZA 3-,2018,3,false,6012.000,674,551029.73
FFSU,NY,00169406012,VICTOZA 2-,2018,2,false,2285.000,368,200261.85
MCOU,NY,00169406012,VICTOZA 2-,2018,2,false,35715.000,5963,39702.30
MCOU,NY,00169406013,VICTOZA 3-,2018,2,false,95919.000,10781,101763.18
FFSU,NY,00169406013,VICTOZA 3-,2018,2,false,5367.000,583,467280.96
MCOU,NY,00169406012,VICTOZA 2-,2018,1,false,34763.000,5791,3016808.15
FFSU,NY,00169406012,VICTOZA 2-,2018,1,false,2157.000,367,192285.90
FFSU,NY,00169406013,VICTOZA 3-,2018,1,false,5175.000,557,429066.41
MCOU,NY,00169406013,VICTOZA 3-,2018,1,false,89396.000,10102,7737465.75
FFSU,OH,00169406012,Victoza 6M,2018,4,false,1866.000,352,175504.88
MCOU,OH,00169406012,Victoza 6M,2018,4,false,29313.000,4916,2793226.48
MCOU,OH,00169406013,Victoza 6M,2018,4,false,74589.000,8432,7114011.73
FFSU,OH,00169406013,Victoza 6M,2018,4,false,4440.000,553,412942.58
FFSU,OH,00169406012,Victoza 6M,2018,3,false,2196.000,399,200705.09
MCOU,OH,00169406012,Victoza 6M,2018,3,false,31089.000,5189,2954643.32
FFSU,OH,00169406013,Victoza 6M,2018,3,false,3984.000,481,362533.63
MCOU,OH,00169406013,Victoza 6M,2018,3,false,74877.000,8465,7113099.33
FFSU,OH,00169406012,Victoza 6M,2018,2,false,1962.000,352,171262.03
MCOU,OH,00169406012,Victoza 6M,2018,2,false,29351.000,4918,2599425.23
MCOU,OH,00169406013,Victoza 6M,2018,2,false,72069.000,8146,6364574.18
FFSU,OH,00169406013,Victoza 6M,2018,2,false,3525.000,424,306352.46
MCOU,OH,00169406012,Victoza 6M,2018,1,false,27483.000,4587,2430968.56
FFSU,OH,00169406012,Victoza 6M,2018,1,false,2001.000,347,173948.51
MCOU,OH,00169406013,Victoza 6M,2018,1,false,66717.000,7537,5890007.29
FFSU,OH,00169406013,Victoza 6M,2018,1,false,4047.000,505,351253.55
FFSU,OK,00169406012,Victoza 6M,2018,4,false,1236.000,211,116536.65
FFSU,OK,00169406013,Victoza 6M,2018,4,false,6204.000,702,579159.24
FFSU,OK,00169406012,Victoza 6M,2018,3,false,1305.000,222,121154.52
FFSU,OK,00169406013,Victoza 6M,2018,3,false,6159.000,690,561058.12
FFSU,OK,00169406012,Victoza 6M,2018,2,false,1398.000,238,122855.02
FFSU,OK,00169406013,Victoza 6M,2018,2,false,6096.000,682,523729.36
FFSU,OK,00169406012,Victoza 6M,2018,1,false,1311.000,221,114017.26
FFSU,OK,00169406013,Victoza 6M,2018,1,false,5730.000,640,491699.58
MCOU,OR,00169406012,Victoza 6M,2018,4,false,4842.000,789,459304.91
FFSU,OR,00169406012,Victoza 6M,2018,4,true,,,
MCOU,OR,00169406013,Victoza 6M,2018,4,false,9759.000,1077,925972.49
FFSU,OR,00169406013,Victoza 6M,2018,4,false,333.000,37,31342.84
MCOU,OR,00169406012,Victoza 6M,2018,3,false,4692.000,755,445541.16
FFSU,OR,00169406012,Victoza 6M,2018,3,false,111.000,19,10420.15
MCOU,OR,00169406013,Victoza 6M,2018,3,false,9030.000,1013,858458.30
FFSU,OR,00169406013,Victoza 6M,2018,3,false,288.000,32,26847.66
FFSU,OR,00169406012,Victoza 6M,2018,2,false,216.000,36,18965.94
MCOU,OR,00169406012,Victoza 6M,2018,2,false,4312.000,709,381216.00
FFSU,OR,00169406013,Victoza 6M,2018,2,false,315.000,35,27486.10
MCOU,OR,00169406013,Victoza 6M,2018,2,false,8337.000,927,737480.31
FFSU,OR,00169406012,Victoza 6M,2018,1,false,201.000,33,17695.63
MCOU,OR,00169406012,Victoza 6M,2018,1,false,4047.000,666,358343.73
FFSU,OR,00169406013,Victoza 6M,2018,1,false,333.000,37,29119.63
MCOU,OR,00169406013,Victoza 6M,2018,1,false,7329.000,821,649015.22
MCOU,PA,00169406012,Victoza 6M,2018,4,true,,,
FFSU,PA,00169406012,Victoza 6M,2018,4,false,402.000,72,37717.00
MCOU,PA,00169406013,Victoza 6M,2018,4,false,51336.000,5531,4982848.73
FFSU,PA,00169406013,Victoza 6M,2018,4,false,1137.000,125,105970.44
MCOU,PA,00169406012,Victoza 6M,2018,3,false,18452.000,3029,1789202.86
FFSU,PA,00169406012,Victoza 6M,2018,3,false,363.000,67,32041.90
MCOU,PA,00169406013,Victoza 6M,2018,3,false,51834.000,5580,5024831.03
FFSU,PA,00169406013,Victoza 6M,2018,3,false,993.000,102,87562.99
MCOU,PA,00169406012,Victoza 6M,2018,2,false,18781.000,3086,1697109.09
FFSU,PA,00169406012,Victoza 6M,2018,2,false,363.000,71,31521.07
FFSU,PA,00169406013,Victoza 6M,2018,2,false,1227.000,121,105998.50
MCOU,PA,00169406013,Victoza 6M,2018,2,false,52542.000,5631,4758572.08
FFSU,PA,00169406012,Victoza 6M,2018,1,false,333.000,66,28968.00
MCOU,PA,00169406012,Victoza 6M,2018,1,false,17644.000,2900,1584445.91
MCOU,PA,00169406013,Victoza 6M,2018,1,false,47907.000,5120,4353539.24
FFSU,PA,00169406013,Victoza 6M,2018,1,false,1026.000,99,88571.14
MCOU,RI,00169406012,Victoza 6M,2018,4,false,675.000,115,64772.28
FFSU,RI,00169406012,Victoza 6M,2018,4,true,,,
FFSU,RI,00169406013,Victoza 6M,2018,4,true,,,
MCOU,RI,00169406013,Victoza 6M,2018,4,false,870.000,96,83326.45
FFSU,RI,00169406012,Victoza 6M,2018,3,true,,,
MCOU,RI,00169406012,Victoza 6M,2018,3,false,747.000,126,70437.11
FFSU,RI,00169406013,Victoza 6M,2018,3,true,,,
MCOU,RI,00169406013,Victoza 6M,2018,3,false,1065.000,120,102092.75
FFSU,RI,00169406012,Victoza 6M,2018,2,true,,,
MCOU,RI,00169406012,Victoza 6M,2018,2,false,987.000,166,85907.17
FFSU,RI,00169406013,Victoza 6M,2018,2,true,,,
MCOU,RI,00169406013,Victoza 6M,2018,2,false,1482.000,169,132408.74
FFSU,RI,00169406012,Victoza 6M,2018,1,true,,,
MCOU,RI,00169406012,Victoza 6M,2018,1,false,963.000,161,85297.77
FFSU,RI,00169406013,Victoza 6M,2018,1,true,,,
MCOU,RI,00169406013,Victoza 6M,2018,1,false,1221.000,138,108902.86
FFSU,SC,00169406012,VICTOZA 2-,2018,4,false,213.000,36,20859.95
MCOU,SC,00169406012,VICTOZA 2-,2018,4,false,2373.000,396,224818.39
MCOU,SC,00169406013,VICTOZA 3-,2018,4,false,6516.000,733,611798.24
FFSU,SC,00169406013,VICTOZA 3-,2018,4,false,387.000,48,37006.70
MCOU,SC,00169406012,VICTOZA 2-,2018,3,false,2481.000,409,234428.95
FFSU,SC,00169406012,VICTOZA 2-,2018,3,false,192.000,35,18115.34
MCOU,SC,00169406013,VICTOZA 3-,2018,3,false,6225.000,697,580054.53
FFSU,SC,00169406013,VICTOZA 3-,2018,3,false,423.000,55,40133.73
FFSU,SC,00169406012,VICTOZA 2-,2018,2,false,96.000,17,8718.28
MCOU,SC,00169406012,VICTOZA 2-,2018,2,false,2388.000,400,210801.29
FFSU,SC,00169406013,VICTOZA 3-,2018,2,false,294.000,41,25894.80
MCOU,SC,00169406013,VICTOZA 3-,2018,2,false,6207.000,698,539526.64
FFSU,SC,00169406012,VICTOZA 2-,2018,1,true,,,
MCOU,SC,00169406012,VICTOZA 2-,2018,1,false,2100.000,349,186638.91
FFSU,SC,00169406013,VICTOZA 3-,2018,1,false,321.000,40,26789.94
MCOU,SC,00169406013,VICTOZA 3-,2018,1,false,5076.000,572,441383.44
FFSU,SD,00169406012,Victoza 6M,2018,4,false,207.000,32,19552.14
FFSU,SD,00169406013,Victoza 6M,2018,4,false,762.000,85,70908.76
FFSU,SD,00169406012,Victoza 6M,2018,3,false,279.000,45,27057.50
FFSU,SD,00169406013,Victoza 6M,2018,3,false,801.000,89,76687.25
FFSU,SD,00169406012,Victoza 6M,2018,2,false,184.000,31,18323.46
FFSU,SD,00169406013,Victoza 6M,2018,2,false,804.000,90,75628.96
FFSU,SD,00169406012,Victoza 6M,2018,1,false,222.000,37,20936.44
FFSU,SD,00169406013,Victoza 6M,2018,1,false,873.000,97,82115.86
FFSU,TN,00169406012,VICTOZA 2-,2018,4,false,7353.000,1212,690314.46
FFSU,TN,00169406013,VICTOZA 3-,2018,4,false,18714.000,2101,1747128.97
FFSU,TN,00169406012,VICTOZA 2-,2018,3,false,7326.000,1201,673107.34
FFSU,TN,00169406013,VICTOZA 3-,2018,3,false,17619.000,1982,1612649.74
FFSU,TN,00169406012,VICTOZA 2-,2018,2,false,6675.000,1125,580028.86
FFSU,TN,00169406013,Victoza 6M,2018,2,false,18663.000,2090,1613754.42
FFSU,TN,00169406012,Victoza 6M,2018,1,false,6432.000,1082,562690.13
FFSU,TN,00169406013,Victoza 6M,2018,1,false,17577.000,1963,1525754.20
MCOU,TX,00169406012,VICTOZA 2-,2018,4,false,11382.000,1857,1094173.25
FFSU,TX,00169406012,VICTOZA 2-,2018,4,true,,,
FFSU,TX,00169406013,VICTOZA 3-,2018,4,true,,,
MCOU,TX,00169406013,VICTOZA 3-,2018,4,false,28164.000,3152,2704572.98
MCOU,TX,00169406012,VICTOZA 2-,2018,3,false,11586.000,1924,1111900.89
FFSU,TX,00169406012,VICTOZA 2-,2018,3,false,108.000,15,10011.02
FFSU,TX,00169406013,VICTOZA 3-,2018,3,false,228.000,19,21008.53
MCOU,TX,00169406013,VICTOZA 3-,2018,3,false,27330.000,3097,2622745.05
FFSU,TX,00169406012,VICTOZA 2-,2018,2,false,78.000,11,6938.22
MCOU,TX,00169406012,VICTOZA 2-,2018,2,false,10644.000,1762,948969.33
FFSU,TX,00169406013,VICTOZA 3-,2018,2,false,195.000,19,17256.13
MCOU,TX,00169406013,VICTOZA 3-,2018,2,false,25944.000,2940,2311405.90
FFSU,TX,00169406012,VICTOZA 2-,2018,1,true,,,
MCOU,TX,00169406012,VICTOZA 2-,2018,1,false,9915.000,1640,883687.22
FFSU,TX,00169406013,VICTOZA 3-,2018,1,false,285.000,21,25182.55
MCOU,TX,00169406013,VICTOZA 3-,2018,1,false,23499.000,2655,2093504.17
MCOU,UT,00169406012,Victoza 6M,2018,4,false,606.000,98,59904.94
FFSU,UT,00169406012,Victoza 6M,2018,4,false,345.000,59,32427.32
MCOU,UT,00169406013,Victoza 6M,2018,4,false,1794.000,204,175573.03
FFSU,UT,00169406013,Victoza 6M,2018,4,false,1065.000,117,99660.68
FFSU,UT,00169406012,Victoza 6M,2018,3,false,330.000,55,30565.15
MCOU,UT,00169406012,Victoza 6M,2018,3,false,537.000,87,56834.86
FFSU,UT,00169406013,Victoza 6M,2018,3,false,990.000,108,91927.71
MCOU,UT,00169406013,Victoza 6M,2018,3,false,1584.000,176,153141.32
MCOU,UT,00169406012,Victoza 6M,2018,2,false,486.000,81,43335.26
FFSU,UT,00169406012,Victoza 6M,2018,2,false,309.000,53,26958.31
FFSU,UT,00169406013,Victoza 6M,2018,2,false,711.000,79,61726.16
MCOU,UT,00169406013,Victoza 6M,2018,2,false,1503.000,167,135474.66
FFSU,UT,00169406012,Victoza 6M,2018,1,false,354.000,59,30791.02
MCOU,UT,00169406012,Victoza 6M,2018,1,false,525.000,86,47577.72
MCOU,UT,00169406013,Victoza 6M,2018,1,false,1341.000,149,126910.58
FFSU,UT,00169406013,Victoza 6M,2018,1,false,612.000,68,52096.39
FFSU,VA,00169406012,VICTOZA 2-,2018,4,false,351.000,56,33121.33
MCOU,VA,00169406012,VICTOZA 2-,2018,4,false,3975.000,660,381204.24
MCOU,VA,00169406013,VICTOZA 3-,2018,4,false,9570.000,1113,913316.60
FFSU,VA,00169406013,VICTOZA 3-,2018,4,false,633.000,78,59473.10
MCOU,VA,00169406012,VICTOZA 2-,2018,3,false,3579.000,591,339464.03
FFSU,VA,00169406012,VICTOZA 2-,2018,3,false,384.000,63,35375.24
FFSU,VA,00169406013,VICTOZA 3-,2018,3,false,858.000,102,78944.58
MCOU,VA,00169406013,VICTOZA 3-,2018,3,false,8556.000,987,810498.43
FFSU,VA,00169406012,VICTOZA 2-,2018,2,false,321.000,53,28041.80
MCOU,VA,00169406012,VICTOZA 2-,2018,2,false,3432.000,562,302895.36
MCOU,VA,00169406013,VICTOZA 3-,2018,2,false,7473.000,871,659809.14
FFSU,VA,00169406013,VICTOZA 3-,2018,2,false,666.000,76,57906.62
MCOU,VA,00169406012,VICTOZA 2-,2018,1,false,2814.000,469,247854.23
FFSU,VA,00169406012,VICTOZA 2-,2018,1,false,237.000,40,20705.00
MCOU,VA,00169406013,VICTOZA 3-,2018,1,false,6240.000,714,550623.42
FFSU,VA,00169406013,VICTOZA 3-,2018,1,false,645.000,73,56090.27
FFSU,VT,00169406012,Victoza 6M,2018,4,false,1362.000,227,128282.21
FFSU,VT,00169406013,Victoza 6M,2018,4,false,3852.000,436,361076.77
FFSU,VT,00169406012,Victoza 6M,2018,3,false,1362.000,229,126261.35
FFSU,VT,00169406013,Victoza 6M,2018,3,false,3741.000,424,342832.35
FFSU,VT,00169406012,Victoza 6M,2018,2,false,1230.000,206,107559.46
FFSU,VT,00169406013,Victoza 6M,2018,2,false,3255.000,373,283141.38
FFSU,VT,00169406012,Victoza 6M,2018,1,false,1107.000,186,96815.56
FFSU,VT,00169406013,Victoza 6M,2018,1,false,3045.000,347,263148.73
FFSU,WA,00169406012,Victoza 6M,2018,4,false,147.000,26,13756.48
MCOU,WA,00169406012,Victoza 6M,2018,4,false,8286.000,1402,772711.64
FFSU,WA,00169406013,Victoza 6M,2018,4,false,498.000,67,46506.78
MCOU,WA,00169406013,Victoza 6M,2018,4,false,16278.000,1800,1513235.00
MCOU,WA,00169406012,Victoza 6M,2018,3,false,7155.000,1197,665031.53
FFSU,WA,00169406012,Victoza 6M,2018,3,false,147.000,26,13613.76
FFSU,WA,00169406013,Victoza 6M,2018,3,false,405.000,57,37552.45
MCOU,WA,00169406013,Victoza 6M,2018,3,false,12900.000,1423,1191526.82
FFSU,WA,00169406012,Victoza 6M,2018,2,false,63.000,11,5469.22
MCOU,WA,00169406012,Victoza 6M,2018,2,false,4626.000,766,397252.05
FFSU,WA,00169406013,Victoza 6M,2018,2,false,273.000,39,23657.95
MCOU,WA,00169406013,Victoza 6M,2018,2,false,9687.000,1058,829731.89
MCOU,WA,00169406012,Victoza 6M,2018,1,false,3963.000,656,329291.61
FFSU,WA,00169406012,Victoza 6M,2018,1,true,,,
MCOU,WA,00169406013,Victoza 6M,2018,1,false,8196.000,904,678818.64
FFSU,WA,00169406013,Victoza 6M,2018,1,false,237.000,31,19509.93
FFSU,WI,00169406012,VICTOZA 6M,2018,4,false,6048.000,995,576122.25
MCOU,WI,00169406012,Victoza 6M,2018,4,false,78.000,18,0.00
FFSU,WI,00169406013,VICTOZA 6M,2018,4,false,12276.000,1363,1158289.44
MCOU,WI,00169406013,Victoza 6M,2018,4,true,,,
FFSU,WI,00169406012,Victoza 6M,2018,3,false,6270.000,1035,598487.70
MCOU,WI,00169406012,Victoza 6M,2018,3,false,66.000,14,0.00
MCOU,WI,00169406013,Victoza 6M,2018,3,true,,,
FFSU,WI,00169406013,VICTOZA 6M,2018,3,false,11619.000,1296,1092932.68
FFSU,WI,00169406012,Victoza 6M,2018,2,false,6330.000,1029,565877.84
MCOU,WI,00169406012,Victoza 6M,2018,2,false,57.000,14,0.00
MCOU,WI,00169406013,Victoza 6M,2018,2,true,,,
FFSU,WI,00169406013,Victoza 6M,2018,2,false,10227.000,1133,901513.36
FFSU,WI,00169406012,Victoza 6M,2018,1,false,5148.000,844,457010.67
MCOU,WI,00169406012,Victoza 6M,2018,1,false,66.000,15,0.00
FFSU,WI,00169406013,Victoza 6M,2018,1,false,8622.000,948,762044.91
MCOU,WI,00169406013,Victoza 6M,2018,1,true,,,
FFSU,WV,00169406012,VICTOZA 2-,2018,4,false,4005.000,663,376461.27
FFSU,WV,00169406013,VICTOZA 3-,2018,4,false,5988.000,677,556141.14
FFSU,WV,00169406012,VICTOZA 2-,2018,3,false,3789.000,625,345164.68
FFSU,WV,00169406013,VICTOZA 3-,2018,3,false,6532.000,725,585925.51
FFSU,WV,00169406012,VICTOZA 2-,2018,2,false,3564.000,591,311159.69
FFSU,WV,00169406013,VICTOZA 3-,2018,2,false,6594.000,737,570773.03
FFSU,WV,00169406012,VICTOZA 2-,2018,1,false,3825.000,631,334726.48
FFSU,WV,00169406013,VICTOZA 3-,2018,1,false,7128.000,792,615211.93
FFSU,WY,00169406012,Victoza 6M,2018,4,false,312.000,46,29292.77
FFSU,WY,00169406013,Victoza 6M,2018,4,false,681.000,64,63696.39
FFSU,WY,00169406012,Victoza 6M,2018,3,false,408.000,60,37654.76
FFSU,WY,00169406013,Victoza 6M,2018,3,false,669.000,68,61893.47
FFSU,WY,00169406012,Victoza 6M,2018,2,false,273.000,44,23811.06
FFSU,WY,00169406013,Victoza 6M,2018,2,false,687.000,71,59665.09
FFSU,WY,00169406012,Victoza 6M,2018,1,false,264.000,43,23056.30
FFSU,WY,00169406013,Victoza 6M,2018,1,false,558.000,59,48487.28
MCOU,AZ,00169280015,SAXENDA   ,2018,4,false,153.000,11,12120.89
MCOU,AZ,00169280015,SAXENDA   ,2018,3,true,,,
MCOU,AZ,00169280015,SAXENDA   ,2018,2,false,165.000,11,13087.92
MCOU,AZ,00169280015,SAXENDA   ,2018,1,true,,,
MCOU,CA,00169280015,SAXENDA   ,2018,4,false,13278.000,943,1025889.55
FFSU,CA,00169280015,SAXENDA   ,2018,4,false,1692.000,116,136713.79
MCOU,CA,00169280015,SAXENDA   ,2018,3,false,11449.000,809,875445.04
FFSU,CA,00169280015,SAXENDA   ,2018,3,false,1398.000,95,112736.10
MCOU,CA,00169280015,SAXENDA   ,2018,2,false,10712.000,743,830607.39
FFSU,CA,00169280015,SAXENDA   ,2018,2,false,1689.000,118,136258.98
MCOU,CA,00169280015,SAXENDA   ,2018,1,false,8659.000,614,664638.82
FFSU,CA,00169280015,SAXENDA   ,2018,1,false,1557.000,106,123637.45
MCOU,DE,00169280015,SAXENDA   ,2018,4,false,465.000,34,1414.83
MCOU,DE,00169280015,SAXENDA   ,2018,3,false,411.000,31,491.73
MCOU,DE,00169280015,SAXENDA   ,2018,2,false,339.000,27,4269.06
MCOU,DE,00169280015,SAXENDA   ,2018,1,false,201.000,13,9.00
MCOU,FL,00169280015,SAXENDA   ,2018,4,true,,,
MCOU,FL,00169280015,SAXENDA   ,2018,3,true,,,
MCOU,HI,00169280015,SAXENDA 18,2018,3,true,,,
MCOU,HI,00169280015,SAXENDA 18,2018,2,true,,,
MCOU,HI,00169280015,SAXENDA 18,2018,1,true,,,
MCOU,IL,00169280015,SAXENDA   ,2018,4,true,,,
MCOU,IL,00169280015,SAXENDA   ,2018,3,true,,,
MCOU,IL,00169280015,SAXENDA   ,2018,2,true,,,
MCOU,IN,00169280015,SAXENDA   ,2018,4,true,,,
MCOU,KS,00169280015,SAXENDA   ,2018,4,false,4206.000,304,327589.36
MCOU,KS,00169280015,SAXENDA   ,2018,3,false,4701.000,334,366077.21
MCOU,KS,00169280015,SAXENDA   ,2018,2,false,4179.000,294,324178.58
MCOU,KS,00169280015,SAXENDA   ,2018,1,false,4140.000,286,319478.12
MCOU,KY,00169280015,SAXENDA   ,2018,4,true,,,
MCOU,KY,00169280015,SAXENDA   ,2018,3,false,180.000,12,14583.60
MCOU,KY,00169280015,SAXENDA   ,2018,2,false,195.000,13,15800.82
MCOU,KY,00169280015,SAXENDA   ,2018,1,false,885.000,60,71872.83
MCOU,LA,00169280015,SAXENDA   ,2018,4,true,,,
MCOU,LA,00169280015,SAXENDA   ,2018,3,true,,,
MCOU,LA,00169280015,SAXENDA   ,2018,2,true,,,
MCOU,LA,00169280015,SAXENDA   ,2018,1,true,,,
MCOU,MA,00169280015,SAXENDA 18,2018,1,true,,,
MCOU,MD,00169280015,SAXENDA 18,2018,4,false,120.000,12,9545.90
MCOU,MD,00169280015,SAXENDA 18,2018,3,true,,,
MCOU,MD,00169280015,SAXENDA 18,2018,2,true,,,
MCOU,MD,00169280015,SAXENDA 18,2018,1,true,,,
FFSU,MI,00169280015,SAXENDA   ,2018,4,true,,,
MCOU,MI,00169280015,SAXENDA   ,2018,4,true,,,
FFSU,MI,00169280015,SAXENDA   ,2018,3,true,,,
MCOU,MI,00169280015,SAXENDA   ,2018,3,true,,,
MCOU,MI,00169280015,SAXENDA   ,2018,2,true,,,
FFSU,MI,00169280015,SAXENDA   ,2018,2,true,,,
MCOU,MI,00169280015,SAXENDA   ,2018,1,true,,,
FFSU,MI,00169280015,SAXENDA   ,2018,1,true,,,
MCOU,MN,00169280015,SAXENDA   ,2018,1,true,,,
MCOU,MS,00169280015,SAXENDA 18,2018,1,true,,,
FFSU,XX,00169280015,SAXENDA   ,2018,4,false,5343.000,383,429945.32
MCOU,XX,00169280015,SAXENDA   ,2018,4,false,19761.000,1413,1493262.18
FFSU,XX,00169280015,SAXENDA   ,2018,3,false,4959.000,348,400226.57
MCOU,XX,00169280015,SAXENDA   ,2018,3,false,18505.000,1312,1385896.60
FFSU,XX,00169280015,SAXENDA   ,2018,2,false,5175.000,358,415951.13
MCOU,XX,00169280015,SAXENDA   ,2018,2,false,16832.000,1177,1282495.05
FFSU,XX,00169280015,SAXENDA   ,2018,1,false,5025.000,335,401311.68
MCOU,XX,00169280015,SAXENDA   ,2018,1,false,15025.000,1053,1144042.81
FFSU,NC,00169280015,SAXENDA   ,2018,4,true,,,
FFSU,NC,00169280015,SAXENDA   ,2018,3,true,,,
FFSU,NC,00169280015,SAXENDA   ,2018,2,true,,,
FFSU,NC,00169280015,SAXENDA   ,2018,1,true,,,
MCOU,NE,00169280015,SAXENDA   ,2018,4,true,,,
MCOU,NH,00169280015,SAXENDA   ,2018,3,true,,,
MCOU,NH,00169280015,SAXENDA   ,2018,2,true,,,
MCOU,NH,00169280015,SAXENDA   ,2018,1,true,,,
MCOU,NJ,00169280015,SAXENDA   ,2018,4,true,,,
FFSU,NM,00169280015,SAXENDA 18,2018,2,true,,,
FFSU,NM,00169280015,SAXENDA 18,2018,1,true,,,
FFSU,NV,00169280015,SAXENDA   ,2018,4,true,,,
FFSU,NV,00169280015,SAXENDA   ,2018,3,true,,,
FFSU,NV,00169280015,SAXENDA   ,2018,2,true,,,
FFSU,NV,00169280015,SAXENDA   ,2018,1,true,,,
MCOU,NY,00169280015,SAXENDA   ,2018,4,true,,,
MCOU,NY,00169280015,SAXENDA   ,2018,3,true,,,
MCOU,OH,00169280015,SAXENDA   ,2018,4,true,,,
MCOU,OH,00169280015,SAXENDA   ,2018,3,true,,,
MCOU,OH,00169280015,SAXENDA   ,2018,2,true,,,
MCOU,OR,00169280015,SAXENDA   ,2018,4,true,,,
MCOU,OR,00169280015,SAXENDA   ,2018,3,true,,,
MCOU,OR,00169280015,SAXENDA   ,2018,2,true,,,
MCOU,OR,00169280015,SAXENDA   ,2018,1,true,,,
MCOU,PA,00169280015,SAXENDA   ,2018,4,true,,,
MCOU,PA,00169280015,SAXENDA   ,2018,3,true,,,
MCOU,PA,00169280015,SAXENDA   ,2018,2,true,,,
MCOU,PA,00169280015,SAXENDA   ,2018,1,true,,,
MCOU,RI,00169280015,SAXENDA   ,2018,4,true,,,
MCOU,RI,00169280015,SAXENDA   ,2018,3,true,,,
MCOU,RI,00169280015,SAXENDA   ,2018,2,true,,,
MCOU,SC,00169280015,SAXENDA   ,2018,4,true,,,
MCOU,SC,00169280015,SAXENDA   ,2018,3,true,,,
MCOU,SC,00169280015,SAXENDA   ,2018,2,true,,,
MCOU,SC,00169280015,SAXENDA   ,2018,1,true,,,
FFSU,TN,00169280015,SAXENDA   ,2018,4,true,,,
FFSU,TN,00169280015,SAXENDA   ,2018,3,true,,,
FFSU,TN,00169280015,SAXENDA   ,2018,2,true,,,
FFSU,TN,00169280015,SAXENDA   ,2018,1,true,,,
FFSU,VA,00169280015,SAXENDA   ,2018,4,true,,,
MCOU,VA,00169280015,SAXENDA   ,2018,4,false,783.000,55,61903.63
MCOU,VA,00169280015,SAXENDA   ,2018,3,false,747.000,54,58693.74
FFSU,VA,00169280015,SAXENDA   ,2018,3,true,,,
MCOU,VA,00169280015,SAXENDA   ,2018,2,false,531.000,39,41967.15
FFSU,VA,00169280015,SAXENDA   ,2018,2,true,,,
FFSU,VA,00169280015,SAXENDA   ,2018,1,true,,,
MCOU,VA,00169280015,SAXENDA   ,2018,1,false,279.000,21,22161.43
MCOU,WA,00169280015,SAXENDA   ,2018,3,true,,,
MCOU,WA,00169280015,SAXENDA   ,2018,2,true,,,
MCOU,WA,00169280015,SAXENDA   ,2018,1,true,,,
FFSU,WI,00169280015,SAXENDA   ,2018,4,false,3351.000,245,269843.14
MCOU,WI,00169280015,SAXENDA   ,2018,4,true,,,
FFSU,WI,00169280015,SAXENDA   ,2018,3,false,3291.000,235,266449.36
MCOU,WI,00169280015,SAXENDA   ,2018,3,true,,,
MCOU,WI,00169280015,SAXENDA   ,2018,2,true,,,
FFSU,WI,00169280015,SAXENDA   ,2018,2,false,3168.000,218,254857.85
MCOU,WI,00169280015,SAXENDA   ,2018,1,true,,,
FFSU,WI,00169280015,SAXENDA   ,2018,1,false,3225.000,212,258689.17
FFSU,AK,00310651201,BYETTA    ,2018,4,false,24.000,20,13580.02
FFSU,AK,00310652401,BYETTA    ,2018,4,false,84.000,35,24066.05
FFSU,AK,00310651201,BYETTA    ,2018,3,false,32.400,27,18617.90
FFSU,AK,00310652401,BYETTA    ,2018,3,false,69.600,29,19880.84
FFSU,AK,00310651201,BYETTA    ,2018,2,false,20.400,17,11682.46
FFSU,AK,00310652401,BYETTA    ,2018,2,false,52.800,22,15026.56
FFSU,AK,00310651201,BYETTA    ,2018,1,false,19.200,16,10941.89
FFSU,AK,00310652401,BYETTA    ,2018,1,false,69.600,29,19537.82
FFSU,AL,00310651201,Byetta 250,2018,4,false,20.400,17,11824.69
FFSU,AL,00310652401,Byetta 250,2018,4,false,52.800,22,15327.40
FFSU,AL,00310651201,Byetta 250,2018,3,false,16.800,17,11824.69
FFSU,AL,00310652401,Byetta 250,2018,3,false,48.000,20,15334.99
FFSU,AL,00310651201,Byetta 250,2018,2,false,22.800,19,13368.40
FFSU,AL,00310652401,Byetta 250,2018,2,false,50.400,22,15325.42
FFSU,AL,00310651201,Byetta 250,2018,1,false,18.000,15,10397.12
FFSU,AL,00310652401,Byetta 250,2018,1,false,48.000,20,13738.05
FFSU,AR,00310651201,BYETTA    ,2018,4,true,,,
FFSU,AR,00310651201,BYETTA    ,2018,3,true,,,
FFSU,AR,00310652401,BYETTA    ,2018,3,true,,,
FFSU,AR,00310651201,BYETTA    ,2018,2,true,,,
FFSU,AR,00310651201,BYETTA    ,2018,1,true,,,
FFSU,AR,00310652401,BYETTA    ,2018,1,true,,,
MCOU,AZ,00310651201,BYETTA    ,2018,4,false,82.800,69,48194.04
FFSU,AZ,00310651201,BYETTA    ,2018,4,true,,,
MCOU,AZ,00310652401,BYETTA    ,2018,4,false,278.400,114,79278.44
MCOU,AZ,00310651201,BYETTA    ,2018,3,false,102.000,84,59149.96
MCOU,AZ,00310652401,BYETTA    ,2018,3,false,367.200,151,106091.92
MCOU,AZ,00310651201,BYETTA    ,2018,2,false,105.600,88,61582.68
MCOU,AZ,00310652401,BYETTA    ,2018,2,false,408.000,168,118496.45
MCOU,AZ,00310651201,BYETTA    ,2018,1,false,94.800,79,54014.39
MCOU,AZ,00310652401,BYETTA    ,2018,1,false,422.400,171,120182.42
MCOU,CA,00310651201,BYETTA 250,2018,4,false,289.000,228,159858.53
FFSU,CA,00310651201,BYETTA 250,2018,4,false,96.000,76,56530.37
FFSU,CA,00310652401,BYETTA 250,2018,4,false,264.000,108,79525.78
MCOU,CA,00310652401,BYETTA 250,2018,4,false,802.600,329,235252.73
MCOU,CA,00310651201,BYETTA 250,2018,3,false,274.400,223,158302.58
FFSU,CA,00310651201,BYETTA 250,2018,3,false,128.400,104,75637.91
MCOU,CA,00310652401,BYETTA 250,2018,3,false,818.400,332,238720.19
FFSU,CA,00310652401,BYETTA 250,2018,3,false,307.200,122,92942.50
FFSU,CA,00310651201,BYETTA 250,2018,2,false,126.000,98,74667.45
MCOU,CA,00310651201,BYETTA 250,2018,2,false,279.600,219,152477.38
MCOU,CA,00310652401,BYETTA 250,2018,2,false,871.200,356,253904.72
FFSU,CA,00310652401,BYETTA 250,2018,2,false,283.200,114,82932.33
FFSU,CA,00310651201,BYETTA 250,2018,1,false,108.000,87,63980.80
MCOU,CA,00310651201,BYETTA 250,2018,1,false,264.000,208,148427.56
FFSU,CA,00310652401,BYETTA 250,2018,1,false,314.400,127,93947.30
MCOU,CA,00310652401,BYETTA 250,2018,1,false,902.400,370,263572.93
FFSU,CO,00310651201,BYETTA    ,2018,4,false,470.400,269,269781.87
MCOU,CO,00310651201,BYETTA    ,2018,4,false,21.600,18,12445.88
FFSU,CO,00310652401,BYETTA    ,2018,4,false,1080.000,325,312739.59
MCOU,CO,00310652401,BYETTA    ,2018,4,false,28.800,12,8397.05
MCOU,CO,00310651201,BYETTA    ,2018,3,false,19.200,16,10993.37
FFSU,CO,00310651201,BYETTA    ,2018,3,false,378.000,238,216182.06
MCOU,CO,00310652401,BYETTA    ,2018,3,false,26.400,11,7592.56
FFSU,CO,00310652401,BYETTA    ,2018,3,false,1039.200,314,297491.99
FFSU,CO,00310651201,BYETTA    ,2018,2,false,536.400,344,303557.81
MCOU,CO,00310651201,BYETTA    ,2018,2,false,21.600,16,7796.91
MCOU,CO,00310652401,BYETTA    ,2018,2,false,98.400,25,11234.99
FFSU,CO,00310652401,BYETTA    ,2018,2,false,1197.600,359,336098.44
MCOU,CO,00310651201,BYETTA    ,2018,1,false,26.400,18,10490.54
FFSU,CO,00310651201,BYETTA    ,2018,1,false,514.800,356,293239.46
MCOU,CO,00310652401,BYETTA    ,2018,1,false,91.200,22,7053.07
FFSU,CO,00310652401,BYETTA    ,2018,1,false,1291.200,401,355575.89
FFSU,CT,00310651201,Byetta 250,2018,4,false,22.800,19,13077.72
FFSU,CT,00310652401,Byetta 250,2018,4,false,72.000,25,20647.55
FFSU,CT,00310651201,BYETTA 250,2018,3,false,21.600,18,12400.38
FFSU,CT,00310652401,BYETTA 250,2018,3,false,86.400,27,24770.61
FFSU,CT,00310651201,Byetta 250,2018,2,false,19.200,14,11001.06
FFSU,CT,00310652401,Byetta 250,2018,2,false,103.200,36,29627.43
FFSU,CT,00310651201,Byetta 250,2018,1,false,26.400,18,14997.83
FFSU,CT,00310652401,BYETTA 250,2018,1,false,103.200,36,29307.96
FFSU,DC,00310651201,BYETTA 5 M,2018,4,true,,,
MCOU,DC,00310652401,BYETTA 10 ,2018,4,true,,,
FFSU,DC,00310652401,BYETTA 10 ,2018,4,false,40.800,17,11749.72
FFSU,DC,00310651201,BYETTA 5 M,2018,3,false,16.800,13,9639.19
FFSU,DC,00310652401,BYETTA 10 ,2018,3,false,45.600,19,13132.04
MCOU,DC,00310652401,BYETTA 10 ,2018,3,true,,,
MCOU,DC,00310651201,BYETTA 5 M,2018,2,true,,,
FFSU,DC,00310651201,BYETTA 5 M,2018,2,false,18.000,14,10328.50
MCOU,DC,00310652401,BYETTA 10 ,2018,2,true,,,
FFSU,DC,00310652401,BYETTA 10 ,2018,2,false,57.600,24,16587.84
MCOU,DC,00310651201,BYETTA 5 M,2018,1,true,,,
FFSU,DC,00310651201,BYETTA 5 M,2018,1,false,21.600,17,12281.26
MCOU,DC,00310652401,BYETTA 10 ,2018,1,true,,,
FFSU,DC,00310652401,BYETTA 10 ,2018,1,false,78.400,32,22310.31
MCOU,DE,00310651201,Byetta 250,2018,4,true,,,
MCOU,DE,00310652401,Byetta 250,2018,4,true,,,
MCOU,DE,00310651201,Byetta 250,2018,3,true,,,
MCOU,DE,00310652401,Byetta 250,2018,3,true,,,
MCOU,DE,00310651201,Byetta 250,2018,2,false,14.400,12,42.00
MCOU,DE,00310652401,Byetta 250,2018,2,false,36.000,15,47.00
MCOU,DE,00310651201,Byetta 250,2018,1,false,14.400,12,5242.96
MCOU,DE,00310652401,Byetta 250,2018,1,false,45.600,19,61.50
FFSU,FL,00310651201,BYETTA    ,2018,4,false,93.600,78,53647.14
MCOU,FL,00310651201,BYETTA    ,2018,4,false,708.000,583,399993.85
MCOU,FL,00310652401,BYETTA    ,2018,4,false,1196.800,499,340896.49
FFSU,FL,00310652401,BYETTA    ,2018,4,false,172.800,72,48357.53
MCOU,FL,00310651201,BYETTA    ,2018,3,false,626.400,515,357681.16
FFSU,FL,00310651201,BYETTA    ,2018,3,false,93.600,78,53695.20
FFSU,FL,00310652401,BYETTA    ,2018,3,false,180.000,75,51768.75
MCOU,FL,00310652401,BYETTA    ,2018,3,false,1219.200,508,347460.92
FFSU,FL,00310651201,BYETTA    ,2018,2,false,85.200,71,49425.84
MCOU,FL,00310651201,BYETTA    ,2018,2,false,589.200,485,338287.67
MCOU,FL,00310652401,BYETTA    ,2018,2,false,1180.800,491,336566.98
FFSU,FL,00310652401,BYETTA    ,2018,2,false,228.000,95,65931.14
FFSU,FL,00310651201,BYETTA    ,2018,1,false,100.800,84,57522.87
MCOU,FL,00310651201,BYETTA    ,2018,1,false,554.400,458,316974.81
FFSU,FL,00310652401,BYETTA    ,2018,1,false,196.800,82,56814.32
MCOU,FL,00310652401,BYETTA    ,2018,1,false,1195.200,498,340265.44
FFSU,GA,00310651201,BYETTA    ,2018,4,true,,,
MCOU,GA,00310651201,BYETTA    ,2018,4,true,,,
MCOU,GA,00310652401,BYETTA    ,2018,4,true,,,
FFSU,GA,00310652401,BYETTA    ,2018,4,true,,,
FFSU,GA,00310651201,BYETTA    ,2018,3,true,,,
MCOU,GA,00310651201,BYETTA    ,2018,3,true,,,
FFSU,GA,00310652401,BYETTA    ,2018,3,true,,,
MCOU,GA,00310652401,BYETTA    ,2018,3,true,,,
FFSU,GA,00310651201,BYETTA    ,2018,2,true,,,
MCOU,GA,00310652401,BYETTA    ,2018,2,true,,,
FFSU,GA,00310652401,BYETTA    ,2018,2,false,26.400,11,7593.04
FFSU,GA,00310651201,Byetta 250,2018,1,true,,,
MCOU,GA,00310652401,BYETTA    ,2018,1,true,,,
FFSU,GA,00310652401,Byetta 250,2018,1,true,,,
MCOU,HI,00310652401,BYETTA 10 ,2018,4,true,,,
MCOU,HI,00310652401,BYETTA 10 ,2018,3,false,28.800,12,8932.90
MCOU,HI,00310652401,BYETTA 10 ,2018,2,false,36.000,15,11212.86
MCOU,HI,00310651201,BYETTA 5 M,2018,1,true,,,
MCOU,HI,00310652401,BYETTA 10 ,2018,1,false,28.800,12,8967.93
FFSU,IA,00310651201,Byetta 250,2018,4,true,,,
MCOU,IA,00310651201,Byetta 250,2018,4,false,38.400,32,21940.68
MCOU,IA,00310652401,Byetta 250,2018,4,false,108.000,45,30763.77
FFSU,IA,00310651201,Byetta 250,2018,3,true,,,
MCOU,IA,00310651201,Byetta 250,2018,3,false,43.200,36,24667.37
MCOU,IA,00310652401,Byetta 250,2018,3,false,115.200,48,32815.68
MCOU,IA,00310651201,Byetta 250,2018,2,false,52.800,44,27385.52
MCOU,IA,00310652401,Byetta 250,2018,2,false,168.000,70,45324.87
MCOU,IA,00310651201,Byetta 250,2018,1,false,218.400,182,118370.16
FFSU,IA,00310651201,Byetta 250,2018,1,true,,,
FFSU,IA,00310652401,Byetta 250,2018,1,true,,,
MCOU,IA,00310652401,Byetta 250,2018,1,false,540.000,224,150142.54
FFSU,ID,00310651201,BYETTA    ,2018,4,false,21.600,18,12314.71
FFSU,ID,00310652401,BYETTA    ,2018,4,false,127.200,53,36498.11
FFSU,ID,00310651201,BYETTA    ,2018,3,false,16.800,14,9598.91
FFSU,ID,00310652401,BYETTA    ,2018,3,false,134.400,56,38550.96
FFSU,ID,00310651201,BYETTA    ,2018,2,false,21.600,18,12339.36
FFSU,ID,00310652401,BYETTA    ,2018,2,false,122.400,51,35086.53
FFSU,ID,00310651201,BYETTA    ,2018,1,false,38.400,32,21753.00
FFSU,ID,00310652401,BYETTA    ,2018,1,false,156.000,65,44211.69
MCOU,IL,00310651201,Byetta 250,2018,4,false,495.600,410,330410.42
FFSU,IL,00310651201,Byetta 250,2018,4,false,14.400,12,9858.22
FFSU,IL,00310652401,Byetta 250,2018,4,false,67.200,26,19771.21
MCOU,IL,00310652401,Byetta 250,2018,4,false,1108.800,456,363784.48
MCOU,IL,00310651201,Byetta 250,2018,3,false,364.800,300,262912.63
FFSU,IL,00310651201,Byetta 250,2018,3,false,26.400,20,16762.69
MCOU,IL,00310652401,Byetta 250,2018,3,false,876.000,361,297414.44
FFSU,IL,00310652401,Byetta 250,2018,3,false,60.000,23,17652.56
MCOU,IL,00310651201,Byetta 250,2018,2,false,313.200,259,205271.84
FFSU,IL,00310651201,Byetta 250,2018,2,false,38.400,32,22624.06
MCOU,IL,00310652401,Byetta 250,2018,2,false,1012.800,415,305284.58
FFSU,IL,00310652401,Byetta 250,2018,2,false,105.600,39,31112.50
MCOU,IL,00310651201,Byetta 250,2018,1,false,201.600,167,120477.09
FFSU,IL,00310651201,Byetta 250,2018,1,false,200.400,155,118805.90
MCOU,IL,00310652401,Byetta 250,2018,1,false,535.200,221,159318.64
FFSU,IL,00310652401,Byetta 250,2018,1,false,684.000,254,199708.19
MCOU,IN,00310651201,Byetta 250,2018,4,false,25.200,21,14777.61
FFSU,IN,00310651201,Byetta 250,2018,4,true,,,
FFSU,IN,00310652401,Byetta 250,2018,4,true,,,
MCOU,IN,00310652401,Byetta 250,2018,4,false,60.000,21,17521.74
FFSU,IN,00310651201,Byetta 250,2018,3,true,,,
MCOU,IN,00310651201,Byetta 250,2018,3,false,28.800,22,16894.37
FFSU,IN,00310652401,Byetta 250,2018,3,true,,,
MCOU,IN,00310652401,Byetta 250,2018,3,false,60.000,21,17562.23
FFSU,IN,00310651201,Byetta 250,2018,2,true,,,
MCOU,IN,00310651201,Byetta 250,2018,2,false,28.800,21,16873.17
FFSU,IN,00310652401,Byetta 250,2018,2,true,,,
MCOU,IN,00310652401,Byetta 250,2018,2,false,55.200,19,16202.12
FFSU,IN,00310651201,Byetta 250,2018,1,true,,,
MCOU,IN,00310651201,Byetta 250,2018,1,false,21.600,18,12603.87
FFSU,IN,00310652401,Byetta 250,2018,1,true,,,
MCOU,IN,00310652401,Byetta 250,2018,1,false,57.600,19,16858.60
MCOU,KS,00310651201,Byetta 250,2018,4,false,24.000,20,13793.14
MCOU,KS,00310652401,Byetta 250,2018,4,true,,,
MCOU,KS,00310651201,Byetta 250,2018,3,false,19.200,16,11039.56
MCOU,KS,00310652401,Byetta 250,2018,3,false,33.600,13,9683.64
MCOU,KS,00310651201,Byetta 250,2018,2,false,24.000,20,13797.20
MCOU,KS,00310652401,Byetta 250,2018,2,true,,,
MCOU,KS,00310651201,Byetta 250,2018,1,false,30.000,25,17220.11
MCOU,KS,00310652401,Byetta 250,2018,1,true,,,
MCOU,KY,00310651201,BYETTA    ,2018,4,false,37.200,31,21903.03
FFSU,KY,00310651201,BYETTA    ,2018,4,false,13.000,11,7280.90
FFSU,KY,00310652401,BYETTA    ,2018,4,false,60.000,25,16587.25
MCOU,KY,00310652401,BYETTA    ,2018,4,false,100.800,42,29894.67
MCOU,KY,00310651201,BYETTA    ,2018,3,false,37.200,31,21927.70
FFSU,KY,00310651201,BYETTA    ,2018,3,false,25.200,21,14454.16
MCOU,KY,00310652401,BYETTA    ,2018,3,false,132.000,55,39073.14
FFSU,KY,00310652401,BYETTA    ,2018,3,false,72.000,30,19361.51
MCOU,KY,00310651201,BYETTA    ,2018,2,false,37.200,31,21977.51
FFSU,KY,00310651201,BYETTA    ,2018,2,false,20.400,17,11677.68
FFSU,KY,00310652401,BYETTA    ,2018,2,false,67.200,28,19316.92
MCOU,KY,00310652401,BYETTA    ,2018,2,false,148.800,62,44098.27
MCOU,KY,00310651201,BYETTA    ,2018,1,false,36.000,30,21324.66
FFSU,KY,00310651201,BYETTA    ,2018,1,false,28.800,24,16345.72
MCOU,KY,00310652401,BYETTA    ,2018,1,false,165.600,69,49181.79
FFSU,KY,00310652401,BYETTA    ,2018,1,false,86.400,36,24511.92
FFSU,LA,00310651201,BYETTA    ,2018,4,true,,,
MCOU,LA,00310651201,BYETTA    ,2018,4,true,,,
FFSU,LA,00310652401,BYETTA    ,2018,4,true,,,
MCOU,LA,00310652401,BYETTA    ,2018,4,false,48.000,20,14198.39
FFSU,LA,00310651201,BYETTA    ,2018,3,true,,,
MCOU,LA,00310651201,BYETTA    ,2018,3,false,14.400,12,8482.90
MCOU,LA,00310652401,BYETTA    ,2018,3,false,48.000,20,14130.90
FFSU,LA,00310652401,BYETTA    ,2018,3,true,,,
MCOU,LA,00310651201,BYETTA    ,2018,2,false,19.200,16,11210.73
FFSU,LA,00310651201,BYETTA    ,2018,2,true,,,
FFSU,LA,00310652401,BYETTA    ,2018,2,true,,,
MCOU,LA,00310652401,BYETTA    ,2018,2,false,60.000,25,17568.41
MCOU,LA,00310651201,BYETTA    ,2018,1,false,26.400,22,15205.80
FFSU,LA,00310651201,BYETTA    ,2018,1,true,,,
MCOU,LA,00310652401,BYETTA    ,2018,1,false,38.400,15,11189.94
FFSU,LA,00310652401,BYETTA    ,2018,1,true,,,
FFSU,MA,00310651201,BYETTA 5 M,2018,4,false,24.000,20,13755.59
MCOU,MA,00310651201,BYETTA 5 M,2018,4,true,,,
FFSU,MA,00310652401,BYETTA 10 ,2018,4,false,105.600,43,30351.30
MCOU,MA,00310652401,BYETTA 10 ,2018,4,false,91.200,38,24657.04
FFSU,MA,00310651201,BYETTA 5 M,2018,3,false,14.400,12,8258.16
MCOU,MA,00310651201,BYETTA 5 M,2018,3,false,20.400,15,10940.48
FFSU,MA,00310652401,BYETTA 10 ,2018,3,false,81.600,34,23446.71
MCOU,MA,00310652401,BYETTA 10 ,2018,3,false,96.000,36,26008.05
MCOU,MA,00310651201,BYETTA 5 M,2018,2,false,26.400,20,15183.99
FFSU,MA,00310651201,BYETTA 5 M,2018,2,false,31.200,26,13307.96
MCOU,MA,00310652401,BYETTA 10 ,2018,2,false,127.200,51,36187.00
FFSU,MA,00310652401,BYETTA 10 ,2018,2,false,117.600,49,33811.47
FFSU,MA,00310651201,BYETTA 5 M,2018,1,false,25.200,21,14135.57
MCOU,MA,00310651201,BYETTA 5 M,2018,1,false,19.200,13,10684.05
FFSU,MA,00310652401,BYETTA 10 ,2018,1,false,96.000,40,26831.33
MCOU,MA,00310652401,BYETTA 10 ,2018,1,false,141.600,53,40474.53
FFSU,MD,00310651201,BYETTA 5 M,2018,4,true,,,
MCOU,MD,00310651201,BYETTA 5 M,2018,4,true,,,
MCOU,MD,00310652401,BYETTA 10 ,2018,4,false,45.600,15,13152.70
FFSU,MD,00310652401,BYETTA 10 ,2018,4,true,,,
MCOU,MD,00310651201,BYETTA 5 M,2018,3,true,,,
MCOU,MD,00310652401,BYETTA 10 ,2018,3,false,45.600,17,13168.29
FFSU,MD,00310652401,BYETTA 10 ,2018,3,true,,,
MCOU,MD,00310651201,BYETTA 5 M,2018,2,true,,,
MCOU,MD,00310652401,BYETTA 10 ,2018,2,false,45.600,17,13206.44
FFSU,MD,00310652401,BYETTA 10 ,2018,2,true,,,
MCOU,MD,00310651201,BYETTA 5 M,2018,1,true,,,
FFSU,MD,00310651201,BYETTA 5 M,2018,1,true,,,
FFSU,MD,00310652401,BYETTA 10 ,2018,1,true,,,
MCOU,MD,00310652401,BYETTA 10 ,2018,1,false,84.000,28,24310.62
FFSU,ME,00310651201,BYETTA    ,2018,4,false,21.600,18,12386.22
FFSU,ME,00310652401,BYETTA    ,2018,4,false,48.000,20,13799.00
FFSU,ME,00310651201,BYETTA    ,2018,3,false,27.600,23,15832.15
FFSU,ME,00310652401,BYETTA    ,2018,3,false,55.200,23,15874.70
FFSU,ME,00310651201,BYETTA    ,2018,2,false,26.400,22,15136.10
FFSU,ME,00310652401,BYETTA    ,2018,2,false,64.800,27,18636.30
FFSU,ME,00310651201,BYETTA    ,2018,1,false,19.200,16,10827.85
FFSU,ME,00310652401,BYETTA    ,2018,1,false,60.000,25,17061.69
FFSU,MI,00310651201,BYETTA    ,2018,4,true,,,
MCOU,MI,00310651201,BYETTA    ,2018,4,true,,,
MCOU,MI,00310652401,BYETTA    ,2018,4,false,84.000,35,24844.30
FFSU,MI,00310652401,BYETTA    ,2018,4,true,,,
FFSU,MI,00310651201,BYETTA    ,2018,3,false,19.200,16,11008.76
MCOU,MI,00310651201,BYETTA    ,2018,3,false,13.200,11,7749.92
FFSU,MI,00310652401,BYETTA    ,2018,3,true,,,
MCOU,MI,00310652401,BYETTA    ,2018,3,false,96.000,40,28290.51
MCOU,MI,00310651201,BYETTA    ,2018,2,false,15.600,13,9209.42
FFSU,MI,00310651201,BYETTA    ,2018,2,false,14.400,12,6941.28
MCOU,MI,00310652401,BYETTA    ,2018,2,false,69.600,29,20455.34
FFSU,MI,00310652401,BYETTA    ,2018,2,true,,,
MCOU,MI,00310651201,BYETTA    ,2018,1,false,14.400,12,8478.86
FFSU,MI,00310651201,BYETTA    ,2018,1,false,16.800,14,9511.42
MCOU,MI,00310652401,BYETTA    ,2018,1,false,93.600,39,27430.44
FFSU,MI,00310652401,BYETTA    ,2018,1,false,50.400,19,14268.30
MCOU,MN,00310651201,BYETTA    ,2018,4,false,30.000,25,17865.08
FFSU,MN,00310651201,BYETTA    ,2018,4,false,69.600,58,40851.40
MCOU,MN,00310652401,BYETTA    ,2018,4,false,196.800,82,58600.40
FFSU,MN,00310652401,BYETTA    ,2018,4,false,254.400,106,74609.76
MCOU,MN,00310651201,BYETTA    ,2018,3,false,73.200,61,43539.74
FFSU,MN,00310651201,BYETTA    ,2018,3,false,88.800,74,51352.00
MCOU,MN,00310652401,BYETTA    ,2018,3,false,295.200,123,86515.80
FFSU,MN,00310652401,BYETTA    ,2018,3,false,232.800,97,68232.13
FFSU,MN,00310651201,BYETTA    ,2018,2,false,135.600,112,77973.01
MCOU,MN,00310651201,BYETTA    ,2018,2,false,136.800,114,81445.25
MCOU,MN,00310652401,BYETTA    ,2018,2,false,424.800,177,126579.32
FFSU,MN,00310652401,BYETTA    ,2018,2,false,319.200,133,94293.48
MCOU,MN,00310651201,BYETTA    ,2018,1,false,121.200,101,72460.79
FFSU,MN,00310651201,BYETTA    ,2018,1,false,115.200,95,65077.22
FFSU,MN,00310652401,BYETTA    ,2018,1,false,230.400,96,63639.81
MCOU,MN,00310652401,BYETTA    ,2018,1,false,348.000,145,103596.39
FFSU,MO,00310651201,BYETTA    ,2018,4,false,57.600,48,33637.92
FFSU,MO,00310652401,BYETTA    ,2018,4,false,249.600,104,72882.16
FFSU,MO,00310651201,BYETTA    ,2018,3,false,74.400,60,43420.24
FFSU,MO,00310652401,BYETTA    ,2018,3,false,252.000,103,73554.21
FFSU,MO,00310651201,BYETTA    ,2018,2,false,91.200,73,53216.93
FFSU,MO,00310652401,BYETTA    ,2018,2,false,324.000,131,94393.73
FFSU,MO,00310651201,BYETTA    ,2018,1,false,104.400,84,59759.83
FFSU,MO,00310652401,BYETTA    ,2018,1,false,324.000,131,93034.64
MCOU,MS,00310652401,BYETTA 10 ,2018,4,true,,,
MCOU,MS,00310652401,BYETTA 10 ,2018,3,true,,,
MCOU,MS,00310651201,BYETTA 5 M,2018,2,true,,,
MCOU,MS,00310652401,BYETTA 10 ,2018,2,false,26.400,11,7604.30
MCOU,MS,00310651201,BYETTA 5 M,2018,1,true,,,
MCOU,MS,00310652401,BYETTA 10 ,2018,1,false,26.400,11,7585.05
FFSU,MT,00310651201,BYETTA 5 M,2018,4,false,36.000,30,20629.74
FFSU,MT,00310652401,BYETTA 10 ,2018,4,false,208.800,87,59949.38
FFSU,MT,00310651201,BYETTA 5 M,2018,3,false,49.200,41,28297.55
FFSU,MT,00310652401,BYETTA 10 ,2018,3,false,208.800,87,59942.15
FFSU,MT,00310651201,BYETTA 5 M,2018,2,false,79.200,66,45567.27
FFSU,MT,00310652401,BYETTA 10 ,2018,2,false,297.600,124,85910.49
FFSU,MT,00310651201,BYETTA 5 M,2018,1,false,81.000,67,46198.89
FFSU,MT,00310652401,BYETTA 10 ,2018,1,false,252.000,105,72101.77
FFSU,XX,00310651201,Byetta 250,2018,4,false,1557.400,1160,894034.71
MCOU,XX,00310651201,Byetta 250,2018,4,false,2618.600,2136,1535990.44
FFSU,XX,00310652401,Byetta 250,2018,4,false,4507.200,1737,1298852.88
MCOU,XX,00310652401,Byetta 250,2018,4,false,6698.600,2750,1971184.84
FFSU,XX,00310651201,Byetta 250,2018,3,false,1675.200,1295,963146.82
MCOU,XX,00310651201,Byetta 250,2018,3,false,2494.800,2039,1455494.31
FFSU,XX,00310652401,Byetta 250,2018,3,false,4713.600,1805,1354952.69
MCOU,XX,00310652401,Byetta 250,2018,3,false,6969.000,2859,1969746.18
FFSU,XX,00310651201,Byetta 250,2018,2,false,1935.600,1477,1102474.46
MCOU,XX,00310651201,Byetta 250,2018,2,false,2525.600,2062,1428018.43
FFSU,XX,00310652401,Byetta 250,2018,2,false,5318.400,2019,1509273.74
MCOU,XX,00310652401,Byetta 250,2018,2,false,7720.800,3153,2116963.65
FFSU,XX,00310651201,Byetta 250,2018,1,false,2121.000,1663,1207989.11
MCOU,XX,00310651201,Byetta 250,2018,1,false,2528.000,2071,1435951.19
FFSU,XX,00310652401,Byetta 250,2018,1,false,6133.600,2356,1736273.82
MCOU,XX,00310652401,Byetta 250,2018,1,false,7846.200,3203,2226291.44
FFSU,NC,00310651201,BYETTA    ,2018,4,false,298.800,247,166983.48
FFSU,NC,00310652401,BYETTA    ,2018,4,false,633.600,264,177121.72
FFSU,NC,00310651201,BYETTA    ,2018,3,false,360.000,293,202612.44
FFSU,NC,00310652401,BYETTA    ,2018,3,false,734.400,306,204413.82
FFSU,NC,00310651201,BYETTA    ,2018,2,false,319.200,258,179997.45
FFSU,NC,00310652401,BYETTA    ,2018,2,false,696.000,266,179318.45
FFSU,NC,00310651201,BYETTA    ,2018,1,false,368.400,303,204545.77
FFSU,NC,00310652401,BYETTA    ,2018,1,false,794.400,331,218738.85
MCOU,ND,00310651201,BYETTA 5 M,2018,4,true,,,
FFSU,ND,00310652401,BYETTA 10 ,2018,4,true,,,
MCOU,ND,00310652401,BYETTA 10 ,2018,4,true,,,
MCOU,ND,00310651201,BYETTA 5 M,2018,3,true,,,
FFSU,ND,00310652401,BYETTA 10 ,2018,3,true,,,
MCOU,ND,00310652401,BYETTA 10 ,2018,3,true,,,
MCOU,ND,00310651201,BYETTA 5 M,2018,2,true,,,
FFSU,ND,00310652401,BYETTA 10 ,2018,2,true,,,
MCOU,ND,00310652401,BYETTA 10 ,2018,2,true,,,
MCOU,ND,00310651201,BYETTA 5 M,2018,1,true,,,
FFSU,ND,00310652401,BYETTA 10 ,2018,1,true,,,
MCOU,ND,00310652401,BYETTA 10 ,2018,1,true,,,
MCOU,NE,00310651201,Byetta 250,2018,4,true,,,
FFSU,NE,00310651201,Byetta 250,2018,4,true,,,
MCOU,NE,00310652401,Byetta 250,2018,4,true,,,
FFSU,NE,00310651201,Byetta 250,2018,3,true,,,
MCOU,NE,00310651201,Byetta 250,2018,3,true,,,
MCOU,NE,00310652401,Byetta 250,2018,3,false,26.400,11,7708.74
MCOU,NE,00310651201,Byetta 250,2018,2,true,,,
FFSU,NE,00310651201,Byetta 250,2018,2,true,,,
MCOU,NE,00310652401,Byetta 250,2018,2,false,28.800,12,8624.49
MCOU,NE,00310651201,Byetta 250,2018,1,true,,,
MCOU,NE,00310652401,Byetta 250,2018,1,false,31.200,13,9302.48
MCOU,NH,00310651201,BYETTA    ,2018,4,true,,,
FFSU,NH,00310652401,BYETTA    ,2018,4,true,,,
MCOU,NH,00310651201,BYETTA    ,2018,3,true,,,
FFSU,NH,00310652401,BYETTA    ,2018,3,true,,,
MCOU,NH,00310652401,BYETTA    ,2018,3,true,,,
FFSU,NH,00310651201,BYETTA    ,2018,2,true,,,
MCOU,NH,00310651201,BYETTA    ,2018,2,true,,,
MCOU,NH,00310652401,BYETTA    ,2018,2,true,,,
FFSU,NH,00310652401,BYETTA    ,2018,2,true,,,
MCOU,NH,00310651201,BYETTA    ,2018,1,true,,,
FFSU,NH,00310651201,BYETTA    ,2018,1,true,,,
FFSU,NH,00310652401,BYETTA    ,2018,1,true,,,
MCOU,NH,00310652401,BYETTA    ,2018,1,true,,,
MCOU,NJ,00310651201,Byetta 250,2018,4,true,,,
MCOU,NJ,00310652401,Byetta 250,2018,4,true,,,
MCOU,NJ,00310651201,Byetta 250,2018,3,true,,,
FFSU,NJ,00310652401,Byetta 250,2018,3,true,,,
MCOU,NJ,00310652401,Byetta 250,2018,3,true,,,
MCOU,NJ,00310652401,Byetta 250,2018,2,true,,,
MCOU,NJ,00310651201,Byetta 250,2018,1,true,,,
MCOU,NJ,00310652401,Byetta 250,2018,1,true,,,
FFSU,NM,00310651201,BYETTA 5 M,2018,4,true,,,
MCOU,NM,00310651201,BYETTA 5 M,2018,4,false,74.400,60,43412.02
FFSU,NM,00310652401,BYETTA 10 ,2018,4,true,,,
MCOU,NM,00310652401,BYETTA 10 ,2018,4,false,216.000,86,63329.87
MCOU,NM,00310651201,BYETTA 5 M,2018,3,false,84.000,68,49113.97
FFSU,NM,00310651201,BYETTA 5 M,2018,3,true,,,
MCOU,NM,00310652401,BYETTA 10 ,2018,3,false,175.200,66,51308.60
FFSU,NM,00310652401,BYETTA 10 ,2018,3,true,,,
FFSU,NM,00310651201,BYETTA 5 M,2018,2,true,,,
MCOU,NM,00310651201,BYETTA 5 M,2018,2,false,56.400,47,32822.93
FFSU,NM,00310652401,BYETTA 10 ,2018,2,true,,,
MCOU,NM,00310652401,BYETTA 10 ,2018,2,false,184.800,69,54024.29
FFSU,NM,00310651201,BYETTA 5 M,2018,1,true,,,
MCOU,NM,00310651201,BYETTA 5 M,2018,1,false,60.000,50,34877.59
MCOU,NM,00310652401,BYETTA 10 ,2018,1,false,192.000,79,55436.92
FFSU,NM,00310652401,BYETTA 10 ,2018,1,true,,,
MCOU,NV,00310651201,Byetta 250,2018,4,true,,,
FFSU,NV,00310651201,Byetta 250,2018,4,true,,,
FFSU,NV,00310652401,Byetta 250,2018,4,true,,,
MCOU,NV,00310652401,Byetta 250,2018,4,true,,,
MCOU,NV,00310651201,Byetta 250,2018,3,true,,,
FFSU,NV,00310651201,Byetta 250,2018,3,true,,,
FFSU,NV,00310652401,Byetta 250,2018,3,true,,,
MCOU,NV,00310652401,Byetta 250,2018,3,true,,,
MCOU,NV,00310651201,Byetta 250,2018,2,true,,,
FFSU,NV,00310651201,Byetta 250,2018,2,true,,,
FFSU,NV,00310652401,Byetta 250,2018,2,true,,,
MCOU,NV,00310652401,Byetta 250,2018,2,true,,,
MCOU,NV,00310651201,Byetta 250,2018,1,true,,,
FFSU,NV,00310651201,Byetta 250,2018,1,true,,,
MCOU,NV,00310652401,Byetta 250,2018,1,true,,,
FFSU,NV,00310652401,Byetta 250,2018,1,true,,,
FFSU,NY,00310651201,BYETTA    ,2018,4,true,,,
MCOU,NY,00310651201,BYETTA    ,2018,4,false,58.800,49,34130.08
MCOU,NY,00310652401,BYETTA    ,2018,4,false,254.400,102,71030.03
FFSU,NY,00310652401,BYETTA    ,2018,4,false,79.200,33,22772.02
FFSU,NY,00310651201,BYETTA    ,2018,3,false,22.800,17,13055.03
MCOU,NY,00310651201,BYETTA    ,2018,3,false,56.400,47,3493.70
FFSU,NY,00310652401,BYETTA    ,2018,3,false,74.400,31,21390.31
MCOU,NY,00310652401,BYETTA    ,2018,3,false,292.800,122,4872.66
MCOU,NY,00310651201,BYETTA    ,2018,2,false,51.600,43,685.95
FFSU,NY,00310651201,BYETTA    ,2018,2,false,14.400,12,8257.92
FFSU,NY,00310652401,BYETTA    ,2018,2,false,96.000,38,27578.40
MCOU,NY,00310652401,BYETTA    ,2018,2,false,355.200,147,2080.39
MCOU,NY,00310651201,BYETTA    ,2018,1,false,67.200,56,36780.89
FFSU,NY,00310651201,BYETTA 250,2018,1,false,24.000,20,13188.85
MCOU,NY,00310652401,BYETTA    ,2018,1,false,405.600,168,111370.76
FFSU,NY,00310652401,BYETTA 250,2018,1,false,96.000,40,27877.14
MCOU,OH,00310651201,Byetta 250,2018,4,false,162.000,128,94452.44
FFSU,OH,00310651201,Byetta 250,2018,4,true,,,
MCOU,OH,00310652401,Byetta 250,2018,4,false,441.600,184,128269.83
FFSU,OH,00310652401,Byetta 250,2018,4,true,,,
FFSU,OH,00310651201,Byetta 250,2018,3,true,,,
MCOU,OH,00310651201,Byetta 250,2018,3,false,123.600,103,71865.42
MCOU,OH,00310652401,Byetta 250,2018,3,false,480.000,200,139725.00
FFSU,OH,00310652401,Byetta 250,2018,3,true,,,
FFSU,OH,00310651201,Byetta 250,2018,2,true,,,
MCOU,OH,00310651201,Byetta 250,2018,2,false,141.600,118,82718.58
MCOU,OH,00310652401,Byetta 250,2018,2,false,552.000,230,161854.56
FFSU,OH,00310652401,Byetta 250,2018,2,true,,,
MCOU,OH,00310651201,Byetta 250,2018,1,false,136.800,114,80071.39
FFSU,OH,00310651201,Byetta 250,2018,1,true,,,
FFSU,OH,00310652401,Byetta 250,2018,1,true,,,
MCOU,OH,00310652401,Byetta 250,2018,1,false,535.200,223,154452.59
FFSU,OK,00310651201,Byetta 250,2018,4,true,,,
FFSU,OK,00310652401,Byetta 250,2018,4,true,,,
FFSU,OK,00310651201,Byetta 250,2018,3,true,,,
FFSU,OK,00310652401,Byetta 250,2018,3,true,,,
FFSU,OK,00310651201,Byetta 250,2018,2,true,,,
FFSU,OK,00310652401,Byetta 250,2018,2,true,,,
FFSU,OK,00310651201,Byetta 250,2018,1,true,,,
FFSU,OK,00310652401,Byetta 250,2018,1,true,,,
MCOU,OR,00310651201,Byetta 250,2018,4,false,46.800,39,27335.00
MCOU,OR,00310652401,Byetta 250,2018,4,false,98.400,39,28323.76
FFSU,OR,00310652401,Byetta 250,2018,4,true,,,
FFSU,OR,00310651201,Byetta 250,2018,3,true,,,
MCOU,OR,00310651201,Byetta 250,2018,3,false,56.400,45,32865.95
MCOU,OR,00310652401,Byetta 250,2018,3,false,134.400,52,38800.76
FFSU,OR,00310652401,Byetta 250,2018,3,true,,,
MCOU,OR,00310651201,Byetta 250,2018,2,false,75.600,62,44090.38
FFSU,OR,00310652401,Byetta 250,2018,2,true,,,
MCOU,OR,00310652401,Byetta 250,2018,2,false,124.800,50,36213.30
MCOU,OR,00310651201,Byetta 250,2018,1,false,81.600,66,47460.85
MCOU,OR,00310652401,Byetta 250,2018,1,false,168.000,66,48712.44
FFSU,OR,00310652401,Byetta 250,2018,1,true,,,
MCOU,PA,00310651201,Byetta 250,2018,4,false,37.200,28,20567.24
MCOU,PA,00310652401,Byetta 250,2018,4,false,105.600,44,30858.39
MCOU,PA,00310651201,Byetta 250,2018,3,false,43.200,33,24686.14
FFSU,PA,00310651201,Byetta 250,2018,3,true,,,
FFSU,PA,00310652401,Byetta 250,2018,3,true,,,
MCOU,PA,00310652401,Byetta 250,2018,3,false,127.200,53,37152.07
FFSU,PA,00310651201,Byetta 250,2018,2,true,,,
MCOU,PA,00310651201,Byetta 250,2018,2,false,36.000,28,19797.58
MCOU,PA,00310652401,Byetta 250,2018,2,false,146.400,59,42823.60
FFSU,PA,00310652401,Byetta 250,2018,2,true,,,
FFSU,PA,00310651201,Byetta 250,2018,1,true,,,
MCOU,PA,00310651201,Byetta 250,2018,1,false,37.200,31,21679.76
MCOU,PA,00310652401,Byetta 250,2018,1,false,194.400,77,56966.06
FFSU,PA,00310652401,Byetta 250,2018,1,true,,,
FFSU,RI,00310651201,Byetta 250,2018,4,true,,,
MCOU,RI,00310652401,Byetta 250,2018,4,true,,,
FFSU,RI,00310651201,Byetta 250,2018,3,true,,,
MCOU,RI,00310651201,Byetta 250,2018,3,true,,,
MCOU,RI,00310652401,Byetta 250,2018,3,true,,,
FFSU,RI,00310651201,Byetta 250,2018,2,true,,,
MCOU,RI,00310651201,Byetta 250,2018,2,true,,,
MCOU,RI,00310652401,Byetta 250,2018,2,false,36.000,15,10589.22
MCOU,RI,00310651201,Byetta 250,2018,1,true,,,
MCOU,RI,00310652401,Byetta 250,2018,1,false,31.200,13,9240.92
FFSU,SC,00310651201,BYETTA    ,2018,4,true,,,
MCOU,SC,00310651201,BYETTA    ,2018,4,false,59.200,43,30406.55
FFSU,SC,00310652401,BYETTA    ,2018,4,true,,,
MCOU,SC,00310652401,BYETTA    ,2018,4,false,151.200,57,39678.50
MCOU,SC,00310651201,BYETTA    ,2018,3,false,30.400,21,15431.30
FFSU,SC,00310651201,BYETTA    ,2018,3,true,,,
MCOU,SC,00310652401,BYETTA    ,2018,3,false,145.800,55,36830.06
FFSU,SC,00310652401,BYETTA    ,2018,3,true,,,
MCOU,SC,00310651201,BYETTA    ,2018,2,false,41.600,29,19822.74
FFSU,SC,00310651201,BYETTA    ,2018,2,true,,,
FFSU,SC,00310652401,BYETTA    ,2018,2,true,,,
MCOU,SC,00310652401,BYETTA    ,2018,2,false,160.800,60,41640.70
MCOU,SC,00310651201,BYETTA    ,2018,1,false,39.200,27,19646.58
FFSU,SC,00310651201,BYETTA    ,2018,1,true,,,
FFSU,SC,00310652401,BYETTA    ,2018,1,true,,,
MCOU,SC,00310652401,BYETTA    ,2018,1,false,166.200,63,43856.23
FFSU,SD,00310652401,Byetta 250,2018,4,true,,,
FFSU,SD,00310652401,Byetta 250,2018,3,true,,,
FFSU,SD,00310652401,Byetta 250,2018,2,true,,,
FFSU,SD,00310651201,Byetta 250,2018,1,true,,,
FFSU,SD,00310652401,Byetta 250,2018,1,true,,,
FFSU,TN,00310651201,BYETTA    ,2018,4,false,49.200,41,28047.86
FFSU,TN,00310652401,BYETTA    ,2018,4,false,211.200,88,60321.63
FFSU,TN,00310651201,BYETTA    ,2018,3,false,58.800,49,33538.59
FFSU,TN,00310652401,BYETTA    ,2018,3,false,184.800,77,52533.23
FFSU,TN,00310651201,BYETTA    ,2018,2,false,70.800,59,39761.70
FFSU,TN,00310652401,BYETTA    ,2018,2,false,206.400,86,59008.78
FFSU,TN,00310651201,BYETTA    ,2018,1,false,54.000,45,30326.57
FFSU,TN,00310652401,BYETTA    ,2018,1,false,213.600,89,60502.62
FFSU,TX,00310651201,BYETTA 5 M,2018,4,true,,,
MCOU,TX,00310651201,BYETTA 5 M,2018,4,false,116.400,97,69124.57
MCOU,TX,00310652401,BYETTA 10 ,2018,4,false,372.000,155,109533.35
MCOU,TX,00310651201,BYETTA 5 M,2018,3,false,170.400,140,100122.83
FFSU,TX,00310651201,BYETTA 5 M,2018,3,true,,,
MCOU,TX,00310652401,BYETTA 10 ,2018,3,false,487.200,203,143593.77
FFSU,TX,00310651201,BYETTA 5 M,2018,2,true,,,
MCOU,TX,00310651201,BYETTA 5 M,2018,2,false,189.600,153,111416.05
MCOU,TX,00310652401,BYETTA 10 ,2018,2,false,518.400,216,152675.31
FFSU,TX,00310652401,BYETTA 10 ,2018,2,true,,,
MCOU,TX,00310651201,BYETTA 5 M,2018,1,false,159.600,130,93833.74
MCOU,TX,00310652401,BYETTA 10 ,2018,1,false,520.800,217,152247.95
MCOU,UT,00310651201,Byetta 250,2018,4,true,,,
MCOU,UT,00310652401,Byetta 250,2018,3,true,,,
MCOU,UT,00310651201,Byetta 250,2018,2,true,,,
MCOU,UT,00310652401,Byetta 250,2018,2,true,,,
MCOU,UT,00310651201,Byetta 250,2018,1,true,,,
MCOU,UT,00310652401,Byetta 250,2018,1,false,31.200,13,9150.89
FFSU,VA,00310651201,BYETTA    ,2018,4,true,,,
MCOU,VA,00310651201,BYETTA    ,2018,4,false,111.600,92,66735.51
MCOU,VA,00310652401,BYETTA    ,2018,4,false,300.000,123,88832.71
FFSU,VA,00310652401,BYETTA    ,2018,4,false,43.200,18,12431.88
FFSU,VA,00310651201,BYETTA    ,2018,3,true,,,
MCOU,VA,00310651201,BYETTA    ,2018,3,false,120.000,96,70754.87
MCOU,VA,00310652401,BYETTA    ,2018,3,false,316.800,132,93297.33
FFSU,VA,00310652401,BYETTA    ,2018,3,false,48.000,20,13802.55
MCOU,VA,00310651201,BYETTA    ,2018,2,false,130.800,109,77142.93
FFSU,VA,00310651201,BYETTA    ,2018,2,true,,,
MCOU,VA,00310652401,BYETTA    ,2018,2,false,338.400,141,99698.86
FFSU,VA,00310652401,BYETTA    ,2018,2,false,45.600,19,13087.59
MCOU,VA,00310651201,BYETTA    ,2018,1,false,134.400,112,79343.00
FFSU,VA,00310651201,BYETTA    ,2018,1,true,,,
FFSU,VA,00310652401,BYETTA    ,2018,1,false,50.400,21,14149.49
MCOU,VA,00310652401,BYETTA    ,2018,1,false,396.000,164,115477.84
FFSU,VT,00310651201,Byetta 250,2018,4,true,,,
FFSU,VT,00310652401,Byetta 250,2018,4,false,84.000,35,24084.90
FFSU,VT,00310651201,Byetta 250,2018,3,true,,,
FFSU,VT,00310652401,Byetta 250,2018,3,false,84.000,33,24068.64
FFSU,VT,00310651201,Byetta 250,2018,2,true,,,
FFSU,VT,00310652401,Byetta 250,2018,2,false,88.800,35,25444.92
FFSU,VT,00310651201,Byetta 250,2018,1,true,,,
FFSU,VT,00310652401,Byetta 250,2018,1,false,96.000,38,27031.14
FFSU,WA,00310651201,Byetta 250,2018,4,true,,,
MCOU,WA,00310651201,Byetta 250,2018,4,false,121.200,101,68698.79
FFSU,WA,00310652401,Byetta 250,2018,4,false,40.800,17,11600.97
MCOU,WA,00310652401,Byetta 250,2018,4,false,453.600,187,128983.81
FFSU,WA,00310651201,Byetta 250,2018,3,false,13.200,11,7121.21
MCOU,WA,00310651201,Byetta 250,2018,3,false,121.200,101,68502.82
FFSU,WA,00310652401,Byetta 250,2018,3,false,81.600,31,21903.53
MCOU,WA,00310652401,Byetta 250,2018,3,false,400.800,165,113329.24
MCOU,WA,00310651201,Byetta 250,2018,2,false,92.400,77,50546.95
FFSU,WA,00310651201,Byetta 250,2018,2,false,26.400,20,14043.94
FFSU,WA,00310652401,Byetta 250,2018,2,false,84.000,35,23535.89
MCOU,WA,00310652401,Byetta 250,2018,2,false,386.400,161,108213.76
MCOU,WA,00310651201,Byetta 250,2018,1,false,90.000,74,44978.06
FFSU,WA,00310651201,Byetta 250,2018,1,false,13.200,11,5399.06
MCOU,WA,00310652401,Byetta 250,2018,1,false,372.000,155,105010.33
FFSU,WA,00310652401,Byetta 250,2018,1,false,76.800,32,21079.03
FFSU,WI,00310651201,Byetta 250,2018,4,false,80.400,64,48132.42
FFSU,WI,00310652401,Byetta 250,2018,4,false,340.800,142,100145.61
FFSU,WI,00310651201,Byetta 250,2018,3,false,98.400,78,58608.90
FFSU,WI,00310652401,Byetta 250,2018,3,false,403.200,168,119125.64
FFSU,WI,00310651201,Byetta 250,2018,2,false,116.400,94,69641.39
FFSU,WI,00310652401,Byetta 250,2018,2,false,456.000,190,133503.38
FFSU,WI,00310651201,Byetta 250,2018,1,false,121.200,100,71292.12
FFSU,WI,00310652401,Byetta 250,2018,1,false,499.200,208,144278.21
FFSU,WV,00310651201,BYETTA 5 M,2018,4,false,18.000,15,10310.30
FFSU,WV,00310652401,BYETTA 10 ,2018,4,true,,,
FFSU,WV,00310651201,BYETTA 5 M,2018,3,true,,,
FFSU,WV,00310652401,BYETTA 10 ,2018,3,false,33.600,14,9646.00
FFSU,WV,00310651201,BYETTA 5 M,2018,2,false,20.400,17,11686.05
FFSU,WV,00310652401,BYETTA 10 ,2018,2,false,40.800,17,11717.50
FFSU,WV,00310651201,BYETTA 5 M,2018,1,false,27.600,23,15383.66
FFSU,WV,00310652401,BYETTA 10 ,2018,1,false,45.600,19,12756.25
FFSU,WY,00310651201,Byetta 250,2018,4,true,,,
FFSU,WY,00310652401,Byetta 250,2018,4,true,,,
FFSU,WY,00310651201,Byetta 250,2018,3,false,13.200,11,7547.71
FFSU,WY,00310652401,Byetta 250,2018,3,true,,,
FFSU,WY,00310651201,Byetta 250,2018,2,true,,,
FFSU,WY,00310652401,Byetta 250,2018,2,true,,,
FFSU,WY,00310652401,Byetta 250,2018,1,true,,,
FFSU,AK,00310652004,BYDUREON  ,2018,4,true,,,
FFSU,AK,00310653004,BYDUREON P,2018,4,false,92.000,23,14409.86
FFSU,AK,00310654004,BYDUREON B,2018,4,false,37.400,11,6177.27
FFSU,AK,00310652004,BYDUREON  ,2018,3,true,,,
FFSU,AK,00310653004,BYDUREON P,2018,3,false,156.000,39,24296.10
FFSU,AK,00310654004,BYDUREON B,2018,3,true,,,
FFSU,AK,00310652004,BYDUREON  ,2018,2,false,44.000,11,7097.48
FFSU,AK,00310653004,BYDUREON P,2018,2,false,104.000,26,16163.66
FFSU,AK,00310654004,BYDUREON B,2018,2,true,,,
FFSU,AK,00310652004,BYDUREON  ,2018,1,false,48.000,12,7658.19
FFSU,AK,00310653004,BYDUREON P,2018,1,false,140.000,35,21295.68
FFSU,AK,00310654004,BYDUREON B,2018,1,true,,,
FFSU,AL,00310652004,Bydureon 2,2018,4,false,92.000,23,14991.93
FFSU,AL,00310653004,Bydureon P,2018,4,false,436.000,109,71510.05
FFSU,AL,00310654001,BYDUREON B,2018,4,true,,,
FFSU,AL,00310654004,BYDUREON B,2018,4,false,204.000,61,39014.73
FFSU,AL,00310652004,Bydureon 2,2018,3,false,96.000,24,15648.14
FFSU,AL,00310653004,Bydureon P,2018,3,false,564.000,141,92301.73
FFSU,AL,00310654001,BYDUREON B,2018,3,true,,,
FFSU,AL,00310654004,BYDUREON B,2018,3,false,119.000,35,22794.55
FFSU,AL,00310652004,Bydureon 2,2018,2,false,124.000,31,20275.55
FFSU,AL,00310653004,Bydureon P,2018,2,false,488.000,122,82003.46
FFSU,AL,00310654004,BYDUREON B,2018,2,false,64.600,19,13591.47
FFSU,AL,00310652004,Bydureon 2,2018,1,false,148.000,37,23835.65
FFSU,AL,00310653004,Bydureon P,2018,1,false,484.000,119,78555.11
FFSU,AL,00310654004,BYDUREON B,2018,1,true,,,
FFSU,AR,00310652004,BYDUREON  ,2018,4,false,48.000,12,7703.04
FFSU,AR,00310653004,BYDUREON P,2018,4,false,368.000,92,59020.12
FFSU,AR,00310652004,BYDUREON  ,2018,3,true,,,
FFSU,AR,00310653004,BYDUREON P,2018,3,false,300.000,75,48108.00
FFSU,AR,00310652004,BYDUREON  ,2018,2,true,,,
FFSU,AR,00310653004,BYDUREON P,2018,2,false,232.000,58,37198.88
FFSU,AR,00310652004,BYDUREON  ,2018,1,true,,,
FFSU,AR,00310653004,BYDUREON P,2018,1,false,100.000,25,15955.58
FFSU,AZ,00310652004,BYDUREON  ,2018,4,true,,,
MCOU,AZ,00310652004,BYDUREON  ,2018,4,false,329.000,83,53440.96
FFSU,AZ,00310653004,BYDUREON P,2018,4,true,,,
MCOU,AZ,00310653004,BYDUREON P,2018,4,false,3710.000,918,599745.18
MCOU,AZ,00310654004,BYDUREON B,2018,4,false,758.200,219,130106.78
FFSU,AZ,00310652004,BYDUREON  ,2018,3,true,,,
MCOU,AZ,00310652004,BYDUREON  ,2018,3,false,396.000,99,64080.16
MCOU,AZ,00310653004,BYDUREON P,2018,3,false,3616.000,903,585552.92
MCOU,AZ,00310654004,BYDUREON B,2018,3,false,673.200,198,127756.83
MCOU,AZ,00310652004,BYDUREON  ,2018,2,false,412.000,103,66957.50
FFSU,AZ,00310652004,BYDUREON  ,2018,2,true,,,
MCOU,AZ,00310653004,BYDUREON P,2018,2,false,3320.000,830,537329.20
MCOU,AZ,00310654004,BYDUREON B,2018,2,false,462.400,135,88206.01
MCOU,AZ,00310652004,BYDUREON  ,2018,1,false,364.000,91,57524.76
FFSU,AZ,00310652004,BYDUREON  ,2018,1,true,,,
MCOU,AZ,00310653004,BYDUREON P,2018,1,false,2746.000,685,440144.92
MCOU,AZ,00310654004,BYDUREON B,2018,1,false,129.200,38,22260.30
MCOU,CA,00310652004,BYDUREON 2,2018,4,false,672.000,158,111625.95
FFSU,CA,00310652004,BYDUREON 2,2018,4,false,493.000,126,82275.99
FFSU,CA,00310653004,BYDUREON P,2018,4,false,5410.000,1194,903491.97
MCOU,CA,00310653004,BYDUREON P,2018,4,false,10694.000,2551,1639373.41
MCOU,CA,00310654001,BYDUREON B,2018,4,true,,,
FFSU,CA,00310654001,BYDUREON B,2018,4,true,,,
FFSU,CA,00310654004,BYDUREON B,2018,4,false,2858.300,820,575495.01
MCOU,CA,00310654004,BYDUREON B,2018,4,false,4746.350,1365,905926.23
MCOU,CA,00310652004,BYDUREON 2,2018,3,false,810.000,196,134442.51
FFSU,CA,00310652004,BYDUREON 2,2018,3,false,538.000,139,89933.91
FFSU,CA,00310653004,BYDUREON P,2018,3,false,5774.000,1305,967706.38
MCOU,CA,00310653004,BYDUREON P,2018,3,false,11420.000,2694,1767839.37
MCOU,CA,00310654004,BYDUREON B,2018,3,false,3831.150,1102,740922.14
FFSU,CA,00310654004,BYDUREON B,2018,3,false,2847.000,805,573607.45
MCOU,CA,00310652004,BYDUREON 2,2018,2,false,1007.000,246,165918.31
FFSU,CA,00310652004,BYDUREON 2,2018,2,false,603.000,152,101190.80
MCOU,CA,00310653004,BYDUREON P,2018,2,false,12026.000,2851,1889117.35
FFSU,CA,00310653004,BYDUREON P,2018,2,false,6083.000,1409,1025162.72
FFSU,CA,00310654004,BYDUREON B,2018,2,false,1779.350,501,359828.56
MCOU,CA,00310654004,BYDUREON B,2018,2,false,1312.850,366,251960.53
MCOU,CA,00310652004,BYDUREON 2,2018,1,false,1067.000,254,176156.90
FFSU,CA,00310652004,BYDUREON 2,2018,1,false,767.000,178,127443.62
FFSU,CA,00310653004,BYDUREON P,2018,1,false,6479.000,1501,1089601.63
MCOU,CA,00310653004,BYDUREON P,2018,1,false,12794.000,3047,1997006.74
MCOU,CA,00310654004,BYDUREON B,2018,1,false,392.850,103,72743.23
FFSU,CA,00310654004,BYDUREON B,2018,1,false,484.700,138,98248.75
FFSU,CO,00310652004,BYDUREON  ,2018,4,false,260.000,54,41568.62
MCOU,CO,00310653004,BYDUREON P,2018,4,false,240.000,60,39054.10
FFSU,CO,00310653004,BYDUREON P,2018,4,false,5762.000,1135,930038.37
MCOU,CO,00310654004,BYDUREON B,2018,4,true,,,
FFSU,CO,00310654004,BYDUREON B,2018,4,false,88.400,20,16832.28
FFSU,CO,00310652004,BYDUREON  ,2018,3,false,256.000,54,40869.35
MCOU,CO,00310652004,BYDUREON  ,2018,3,true,,,
FFSU,CO,00310653004,BYDUREON P,2018,3,false,4244.000,862,683253.24
MCOU,CO,00310653004,BYDUREON P,2018,3,false,112.000,28,18091.75
MCOU,CO,00310654004,BYDUREON B,2018,3,true,,,
FFSU,CO,00310654004,BYDUREON B,2018,3,false,51.000,15,9977.66
FFSU,CO,00310652004,BYDUREON  ,2018,2,false,176.000,40,28091.67
MCOU,CO,00310652004,BYDUREON  ,2018,2,true,,,
FFSU,CO,00310653004,BYDUREON P,2018,2,false,3410.600,712,548618.79
MCOU,CO,00310653004,BYDUREON P,2018,2,false,188.000,43,28740.96
MCOU,CO,00310654004,BYDUREON B,2018,2,true,,,
FFSU,CO,00310654004,BYDUREON B,2018,2,true,,,
FFSU,CO,00310652004,BYDUREON  ,2018,1,false,120.000,28,18889.63
MCOU,CO,00310652004,BYDUREON  ,2018,1,true,,,
FFSU,CO,00310653004,BYDUREON P,2018,1,false,2095.800,458,336036.61
MCOU,CO,00310653004,BYDUREON P,2018,1,false,140.000,35,22592.62
FFSU,CO,00310654004,BYDUREON B,2018,1,true,,,
MCOU,CO,00310654004,BYDUREON B,2018,1,true,,,
FFSU,CT,00310652004,BYDUREON 2,2018,4,false,344.000,61,55215.74
FFSU,CT,00310653004,BYDUREON P,2018,4,false,2304.000,498,370446.11
FFSU,CT,00310654004,BYDUREON B,2018,4,false,487.900,119,92045.30
FFSU,CT,00310652004,BYDUREON 2,2018,3,false,370.000,69,59425.48
FFSU,CT,00310653004,BYDUREON P,2018,3,false,2244.000,491,360809.21
FFSU,CT,00310654004,BYDUREON B,2018,3,false,429.250,105,80993.35
FFSU,CT,00310652004,BYDUREON 2,2018,2,false,364.000,71,58495.37
FFSU,CT,00310653004,BYDUREON P,2018,2,false,2213.000,479,355767.78
FFSU,CT,00310654004,BYDUREON B,2018,2,false,362.950,80,69223.33
FFSU,CT,00310652004,BYDUREON 2,2018,1,false,367.000,73,58398.46
FFSU,CT,00310653004,BYDUREON P,2018,1,false,2343.000,518,372314.22
FFSU,CT,00310654004,BYDUREON B,2018,1,false,101.150,25,19908.78
MCOU,DC,00310652004,BYDUREON 2,2018,4,true,,,
FFSU,DC,00310652004,BYDUREON 2,2018,4,false,60.000,15,9683.55
MCOU,DC,00310653004,BYDUREON 2,2018,4,false,88.000,22,14417.08
FFSU,DC,00310653004,BYDUREON 2,2018,4,false,734.000,198,118424.19
FFSU,DC,00310654004,BYDUREON B,2018,4,true,,,
FFSU,DC,00310652004,BYDUREON 2,2018,3,false,56.000,14,9037.98
MCOU,DC,00310652004,BYDUREON 2,2018,3,true,,,
MCOU,DC,00310653004,BYDUREON 2,2018,3,false,116.000,29,19240.89
FFSU,DC,00310653004,BYDUREON 2,2018,3,false,668.000,185,107917.25
FFSU,DC,00310654004,BYDUREON B,2018,3,true,,,
FFSU,DC,00310652004,BYDUREON 2,2018,2,false,76.000,19,12265.83
MCOU,DC,00310652004,BYDUREON 2,2018,2,true,,,
MCOU,DC,00310653004,BYDUREON 2,2018,2,false,112.000,26,18546.97
FFSU,DC,00310653004,BYDUREON 2,2018,2,false,657.000,180,105870.38
MCOU,DC,00310652004,BYDUREON 2,2018,1,true,,,
FFSU,DC,00310652004,BYDUREON 2,2018,1,false,64.000,16,10182.59
MCOU,DC,00310653004,BYDUREON 2,2018,1,false,156.000,39,25771.64
FFSU,DC,00310653004,BYDUREON 2,2018,1,false,628.000,166,100121.73
MCOU,DE,00310652004,Bydureon 2,2018,4,false,160.000,40,111.00
MCOU,DE,00310653004,Bydureon P,2018,4,false,1710.200,426,276833.61
FFSU,DE,00310653004,Bydureon P,2018,4,true,,,
FFSU,DE,00310654004,BYDUREON B,2018,4,true,,,
MCOU,DE,00310654004,BYDUREON B,2018,4,false,1141.800,325,4808.17
MCOU,DE,00310652004,Bydureon 2,2018,3,false,180.000,43,121.50
MCOU,DE,00310653004,Bydureon P,2018,3,false,1490.000,370,201962.76
MCOU,DE,00310654004,BYDUREON B,2018,3,false,1167.300,331,164936.02
MCOU,DE,00310652004,Bydureon 2,2018,2,false,140.000,35,115.50
FFSU,DE,00310653004,Bydureon P,2018,2,true,,,
MCOU,DE,00310653004,Bydureon P,2018,2,false,1424.000,356,3727.42
MCOU,DE,00310654001,BYDUREON B,2018,2,true,,,
MCOU,DE,00310654004,BYDUREON B,2018,2,false,879.000,255,137077.81
MCOU,DE,00310652004,Bydureon 2,2018,1,false,96.000,24,84.00
FFSU,DE,00310652004,Bydureon 2,2018,1,true,,,
FFSU,DE,00310653004,Bydureon P,2018,1,true,,,
MCOU,DE,00310653004,BYDUREON P,2018,1,false,1116.000,279,108965.69
MCOU,DE,00310654004,BYDUREON B,2018,1,false,310.850,85,44269.82
MCOU,FL,00310652004,BYDUREON  ,2018,4,false,7544.990,1889,1199973.31
FFSU,FL,00310652004,BYDUREON  ,2018,4,false,1092.000,272,175981.93
MCOU,FL,00310653004,BYDUREON P,2018,4,false,749.000,188,118858.81
FFSU,FL,00310653004,BYDUREON P,2018,4,true,,,
MCOU,FL,00310654004,BYDUREON B,2018,4,false,299.200,93,55617.38
FFSU,FL,00310654004,BYDUREON B,2018,4,true,,,
FFSU,FL,00310652004,BYDUREON  ,2018,3,false,960.000,240,154099.06
MCOU,FL,00310652004,BYDUREON  ,2018,3,false,7690.980,1926,1227308.87
MCOU,FL,00310653004,BYDUREON P,2018,3,false,747.000,187,119467.08
MCOU,FL,00310654004,BYDUREON B,2018,3,false,164.900,50,30945.02
FFSU,FL,00310652004,BYDUREON  ,2018,2,false,884.000,220,141415.35
MCOU,FL,00310652004,BYDUREON  ,2018,2,false,7722.000,1926,1237162.43
FFSU,FL,00310653004,BYDUREON P,2018,2,true,,,
MCOU,FL,00310653004,BYDUREON P,2018,2,false,944.000,236,151184.10
MCOU,FL,00310654004,BYDUREON B,2018,2,false,113.050,34,20408.25
MCOU,FL,00310652004,BYDUREON  ,2018,1,false,6919.000,1732,1109087.12
FFSU,FL,00310652004,BYDUREON  ,2018,1,false,796.000,199,127635.52
MCOU,FL,00310653004,BYDUREON P,2018,1,false,1140.000,285,182181.98
MCOU,FL,00310654004,BYDUREON B,2018,1,false,42.500,11,8011.48
FFSU,GA,00310652004,BYDUREON  ,2018,4,false,204.000,51,32868.63
MCOU,GA,00310652004,BYDUREON  ,2018,4,false,55.400,14,9131.40
MCOU,GA,00310653004,BYDUREON P,2018,4,false,540.000,135,89383.82
FFSU,GA,00310653004,BYDUREON P,2018,4,false,1570.000,394,252786.77
FFSU,GA,00310654004,BYDUREON B,2018,4,false,68.000,20,12813.40
MCOU,GA,00310654004,BYDUREON B,2018,4,false,244.800,72,46509.72
MCOU,GA,00310652004,BYDUREON  ,2018,3,true,,,
FFSU,GA,00310652004,BYDUREON  ,2018,3,false,184.000,46,29642.17
MCOU,GA,00310653004,BYDUREON P,2018,3,false,580.000,145,95923.86
FFSU,GA,00310653004,BYDUREON P,2018,3,false,1724.000,431,277558.06
FFSU,GA,00310654004,BYDUREON B,2018,3,true,,,
MCOU,GA,00310654004,BYDUREON B,2018,3,false,224.400,66,43568.66
FFSU,GA,00310652004,BYDUREON  ,2018,2,false,136.000,34,21918.20
MCOU,GA,00310652004,BYDUREON  ,2018,2,true,,,
MCOU,GA,00310653004,BYDUREON P,2018,2,false,600.000,150,99186.73
FFSU,GA,00310653004,BYDUREON P,2018,2,false,1516.000,379,244082.79
FFSU,GA,00310654004,BYDUREON B,2018,2,true,,,
MCOU,GA,00310654004,BYDUREON B,2018,2,false,91.800,27,17806.61
MCOU,GA,00310652004,BYDUREON  ,2018,1,false,68.000,17,11218.45
FFSU,GA,00310652004,Bydureon 2,2018,1,false,152.000,38,24381.75
FFSU,GA,00310653004,BYDUREON P,2018,1,false,1340.000,335,214412.72
MCOU,GA,00310653004,BYDUREON P,2018,1,false,588.000,147,97144.80
MCOU,GA,00310654004,BYDUREON B,2018,1,true,,,
FFSU,GA,00310654004,BYDUREON B,2018,1,true,,,
MCOU,HI,00310652004,BYDUREON 2,2018,4,true,,,
MCOU,HI,00310653004,BYDUREON 2,2018,4,false,236.000,59,38996.79
MCOU,HI,00310654004,BYDUREON B,2018,4,true,,,
MCOU,HI,00310652004,BYDUREON 2,2018,3,false,68.000,17,7431.17
MCOU,HI,00310653004,BYDUREON 2,2018,3,false,320.000,80,52466.97
MCOU,HI,00310654004,BYDUREON B,2018,3,false,88.400,26,18073.78
MCOU,HI,00310652004,BYDUREON 2,2018,2,false,72.000,18,8795.46
MCOU,HI,00310653004,BYDUREON 2,2018,2,false,440.000,110,73100.91
MCOU,HI,00310654004,BYDUREON B,2018,2,false,81.600,24,16285.58
MCOU,HI,00310652004,BYDUREON 2,2018,1,false,56.000,14,9840.74
MCOU,HI,00310653004,BYDUREON 2,2018,1,false,324.000,81,56167.65
MCOU,HI,00310654004,BYDUREON B,2018,1,true,,,
FFSU,IA,00310652004,Bydureon 2,2018,4,true,,,
MCOU,IA,00310652004,Bydureon 2,2018,4,false,168.000,42,26133.14
MCOU,IA,00310653004,Bydureon P,2018,4,false,1324.000,323,209201.02
FFSU,IA,00310653004,Bydureon P,2018,4,true,,,
MCOU,IA,00310654004,BYDUREON B,2018,4,false,204.000,60,38100.16
FFSU,IA,00310654004,BYDUREON B,2018,4,true,,,
FFSU,IA,00310652004,Bydureon 2,2018,3,true,,,
MCOU,IA,00310652004,Bydureon 2,2018,3,false,184.000,46,29280.84
MCOU,IA,00310653004,Bydureon P,2018,3,false,1100.000,272,174746.78
FFSU,IA,00310653004,Bydureon P,2018,3,true,,,
MCOU,IA,00310654004,BYDUREON B,2018,3,false,255.000,75,47626.73
MCOU,IA,00310652004,Bydureon 2,2018,2,false,186.000,47,24592.34
FFSU,IA,00310652004,Bydureon 2,2018,2,true,,,
FFSU,IA,00310653004,Bydureon P,2018,2,false,56.000,14,9037.68
MCOU,IA,00310653004,Bydureon P,2018,2,false,868.000,217,121353.15
MCOU,IA,00310654004,BYDUREON B,2018,2,false,261.800,77,44725.23
FFSU,IA,00310652004,Bydureon 2,2018,1,false,48.000,12,7597.24
MCOU,IA,00310652004,Bydureon 2,2018,1,false,64.000,16,9636.84
FFSU,IA,00310653004,Bydureon P,2018,1,true,,,
MCOU,IA,00310653004,Bydureon P,2018,1,false,1249.000,313,197287.42
MCOU,IA,00310654004,BYDUREON B,2018,1,false,85.000,25,16504.00
FFSU,IA,00310654004,BYDUREON B,2018,1,true,,,
FFSU,ID,00310652004,BYDUREON  ,2018,4,false,112.000,28,18086.90
FFSU,ID,00310653004,BYDUREON P,2018,4,false,780.000,195,125350.99
FFSU,ID,00310654004,BYDUREON B,2018,4,false,122.400,36,23141.65
FFSU,ID,00310652004,BYDUREON  ,2018,3,false,92.000,23,14838.74
FFSU,ID,00310653004,BYDUREON P,2018,3,false,776.000,195,124774.44
FFSU,ID,00310654004,BYDUREON B,2018,3,false,102.000,30,19913.22
FFSU,ID,00310652004,BYDUREON  ,2018,2,false,64.000,16,10302.50
FFSU,ID,00310653004,BYDUREON P,2018,2,false,876.000,219,140830.66
FFSU,ID,00310654004,BYDUREON B,2018,2,false,112.200,33,22169.44
FFSU,ID,00310652004,BYDUREON  ,2018,1,false,72.000,18,11496.88
FFSU,ID,00310653004,BYDUREON P,2018,1,false,858.000,215,136792.24
FFSU,ID,00310654004,BYDUREON B,2018,1,false,37.400,11,7345.39
FFSU,IL,00310652004,Bydureon 2,2018,4,true,,,
MCOU,IL,00310652004,Bydureon 2,2018,4,false,1868.000,470,368375.55
FFSU,IL,00310653004,Bydureon P,2018,4,false,44.000,11,7200.84
MCOU,IL,00310653004,Bydureon P,2018,4,false,1556.000,376,267556.60
MCOU,IL,00310654004,BYDUREON B,2018,4,false,516.050,148,102614.02
FFSU,IL,00310654004,BYDUREON B,2018,4,true,,,
FFSU,IL,00310652004,Bydureon 2,2018,3,true,,,
MCOU,IL,00310652004,Bydureon 2,2018,3,false,1756.000,442,314702.93
FFSU,IL,00310653004,Bydureon P,2018,3,false,44.000,11,8465.55
MCOU,IL,00310653004,Bydureon P,2018,3,false,1572.000,387,270108.47
MCOU,IL,00310654004,BYDUREON B,2018,3,false,315.200,92,62108.92
FFSU,IL,00310654004,BYDUREON B,2018,3,true,,,
MCOU,IL,00310652004,Bydureon 2,2018,2,false,1543.000,388,274109.64
MCOU,IL,00310653004,Bydureon P,2018,2,false,1520.000,374,269926.94
FFSU,IL,00310653004,Bydureon P,2018,2,false,64.000,14,10950.29
FFSU,IL,00310654004,BYDUREON B,2018,2,true,,,
MCOU,IL,00310654004,BYDUREON B,2018,2,false,159.800,47,33610.89
MCOU,IL,00310652004,Bydureon 2,2018,1,false,1132.000,282,188820.59
FFSU,IL,00310653004,Bydureon P,2018,1,false,92.000,21,16433.76
MCOU,IL,00310653004,Bydureon P,2018,1,false,1264.000,310,215696.35
MCOU,IL,00310654004,BYDUREON B,2018,1,false,61.200,18,13154.38
FFSU,IL,00310654004,BYDUREON B,2018,1,true,,,
FFSU,IN,00310652004,Bydureon 2,2018,4,false,64.000,14,10297.43
MCOU,IN,00310652004,Bydureon 2,2018,4,false,136.000,34,22311.03
FFSU,IN,00310653004,Bydureon P,2018,4,false,300.000,75,48325.50
MCOU,IN,00310653004,Bydureon P,2018,4,false,2152.000,534,355287.54
MCOU,IN,00310654001,BYDUREON B,2018,4,true,,,
MCOU,IN,00310654004,BYDUREON B,2018,4,false,1170.450,333,225911.61
FFSU,IN,00310654004,BYDUREON B,2018,4,false,54.400,16,10289.12
FFSU,IN,00310652004,Bydureon 2,2018,3,false,56.000,12,9007.63
MCOU,IN,00310652004,Bydureon 2,2018,3,false,204.000,51,32878.08
MCOU,IN,00310653004,Bydureon P,2018,3,false,2220.000,551,366569.44
FFSU,IN,00310653004,Bydureon P,2018,3,false,196.000,43,31509.78
MCOU,IN,00310654004,BYDUREON B,2018,3,false,1055.450,296,204604.62
FFSU,IN,00310654004,BYDUREON B,2018,3,false,74.800,16,14084.69
FFSU,IN,00310652004,Bydureon 2,2018,2,false,76.000,15,12211.16
MCOU,IN,00310652004,Bydureon 2,2018,2,false,196.000,49,33440.80
FFSU,IN,00310653004,Bydureon P,2018,2,false,168.000,40,27040.90
MCOU,IN,00310653004,Bydureon P,2018,2,false,2206.000,548,365063.16
MCOU,IN,00310654004,BYDUREON B,2018,2,false,788.300,226,151967.46
FFSU,IN,00310654004,BYDUREON B,2018,2,false,182.750,48,34897.65
FFSU,IN,00310652004,Bydureon 2,2018,1,true,,,
MCOU,IN,00310652004,Bydureon 2,2018,1,false,264.000,64,44582.39
MCOU,IN,00310653004,Bydureon P,2018,1,false,2176.000,533,359695.52
FFSU,IN,00310653004,Bydureon P,2018,1,false,144.000,34,23020.97
MCOU,IN,00310654004,BYDUREON B,2018,1,false,181.050,48,35003.24
FFSU,IN,00310654004,BYDUREON B,2018,1,false,68.000,15,13360.40
MCOU,KS,00310652004,Bydureon 2,2018,4,false,64.000,16,10349.58
MCOU,KS,00310653004,Bydureon P,2018,4,false,528.000,132,85882.26
MCOU,KS,00310654004,BYDUREON B,2018,4,false,99.450,30,18878.26
MCOU,KS,00310652004,Bydureon 2,2018,3,false,92.000,23,14875.16
MCOU,KS,00310653004,Bydureon P,2018,3,false,588.000,147,95083.92
MCOU,KS,00310654004,BYDUREON B,2018,3,false,91.800,27,17432.43
MCOU,KS,00310652004,Bydureon 2,2018,2,false,60.000,15,9703.83
MCOU,KS,00310653004,Bydureon P,2018,2,false,536.000,134,86689.24
MCOU,KS,00310654004,BYDUREON B,2018,2,false,47.600,14,9071.09
MCOU,KS,00310652004,Bydureon 2,2018,1,false,64.000,16,10334.89
MCOU,KS,00310653004,Bydureon P,2018,1,false,604.000,149,96982.59
MCOU,KS,00310654001,BYDUREON B,2018,1,true,,,
MCOU,KS,00310654004,BYDUREON B,2018,1,false,47.600,14,9346.09
FFSU,KY,00310652004,BYDUREON  ,2018,4,true,,,
MCOU,KY,00310652004,BYDUREON  ,2018,4,false,645.000,162,107465.96
MCOU,KY,00310653004,BYDUREON P,2018,4,false,5068.000,1267,845345.91
FFSU,KY,00310653004,BYDUREON P,2018,4,false,212.000,53,34084.02
MCOU,KY,00310654001,BYDUREON B,2018,4,false,42.500,13,8342.87
MCOU,KY,00310654004,BYDUREON B,2018,4,false,2040.000,603,401836.90
FFSU,KY,00310654004,BYDUREON B,2018,4,false,47.600,14,8929.81
MCOU,KY,00310652004,BYDUREON  ,2018,3,false,717.000,182,119512.73
FFSU,KY,00310652004,BYDUREON  ,2018,3,false,56.000,14,9020.20
MCOU,KY,00310653004,BYDUREON P,2018,3,false,5372.000,1346,900168.74
FFSU,KY,00310653004,BYDUREON P,2018,3,false,252.000,63,40497.25
MCOU,KY,00310654001,BYDUREON B,2018,3,false,38.000,11,7341.73
MCOU,KY,00310654004,BYDUREON B,2018,3,false,1556.350,459,310588.63
FFSU,KY,00310654004,BYDUREON B,2018,3,true,,,
FFSU,KY,00310652004,BYDUREON  ,2018,2,false,60.000,15,9665.26
MCOU,KY,00310652004,BYDUREON  ,2018,2,false,883.000,227,147117.42
MCOU,KY,00310653004,BYDUREON P,2018,2,false,6565.000,1639,1099196.19
FFSU,KY,00310653004,BYDUREON P,2018,2,false,240.000,60,38569.97
MCOU,KY,00310654001,BYDUREON B,2018,2,true,,,
MCOU,KY,00310654004,BYDUREON B,2018,2,false,971.550,283,192778.47
FFSU,KY,00310654004,BYDUREON B,2018,2,true,,,
FFSU,KY,00310652004,BYDUREON  ,2018,1,false,68.000,17,10773.04
MCOU,KY,00310652004,BYDUREON  ,2018,1,false,1016.000,263,169219.59
MCOU,KY,00310653004,BYDUREON P,2018,1,false,6584.000,1646,1101114.31
FFSU,KY,00310653004,BYDUREON P,2018,1,false,212.000,53,33406.38
MCOU,KY,00310654001,BYDUREON B,2018,1,true,,,
FFSU,KY,00310654004,BYDUREON B,2018,1,true,,,
MCOU,KY,00310654004,BYDUREON B,2018,1,false,176.800,52,34625.86
MCOU,LA,00310652004,BYDUREON  ,2018,4,false,100.000,25,16434.54
FFSU,LA,00310652004,BYDUREON  ,2018,4,false,72.000,18,11836.02
MCOU,LA,00310653004,BYDUREON P,2018,4,false,976.000,242,160354.62
FFSU,LA,00310653004,BYDUREON P,2018,4,false,112.000,28,18521.22
MCOU,LA,00310654004,BYDUREON B,2018,4,false,346.800,104,65142.92
FFSU,LA,00310652004,BYDUREON  ,2018,3,false,80.000,20,13190.30
MCOU,LA,00310652004,BYDUREON  ,2018,3,false,160.000,40,26183.61
FFSU,LA,00310653004,BYDUREON P,2018,3,false,112.000,28,18526.00
MCOU,LA,00310653004,BYDUREON P,2018,3,false,912.000,226,149704.98
MCOU,LA,00310654004,BYDUREON B,2018,3,false,352.750,107,67355.83
FFSU,LA,00310652004,BYDUREON  ,2018,2,false,60.000,15,9947.35
MCOU,LA,00310652004,BYDUREON  ,2018,2,false,184.000,44,30244.76
FFSU,LA,00310653004,BYDUREON P,2018,2,false,144.000,35,23817.87
MCOU,LA,00310653004,BYDUREON P,2018,2,false,928.000,230,152294.01
MCOU,LA,00310654004,BYDUREON B,2018,2,false,212.500,64,40819.91
FFSU,LA,00310652004,BYDUREON  ,2018,1,false,56.000,14,9137.40
MCOU,LA,00310652004,BYDUREON  ,2018,1,false,132.000,31,21697.94
FFSU,LA,00310653004,BYDUREON P,2018,1,false,148.000,35,24145.38
MCOU,LA,00310653004,BYDUREON P,2018,1,false,996.000,249,162372.00
FFSU,LA,00310654004,BYDUREON B,2018,1,true,,,
MCOU,LA,00310654004,BYDUREON B,2018,1,false,51.000,15,9925.44
FFSU,MA,00310652004,BYDUREON 2,2018,4,false,104.000,26,16755.44
MCOU,MA,00310652004,BYDUREON 2,2018,4,false,84.000,21,14155.06
MCOU,MA,00310653004,BYDUREON 2,2018,4,false,444.000,103,73684.71
FFSU,MA,00310653004,BYDUREON 2,2018,4,false,488.000,122,77602.57
MCOU,MA,00310654004,BYDUREON B,2018,4,false,79.050,23,15703.26
FFSU,MA,00310654004,BYDUREON B,2018,4,false,129.200,38,24419.18
FFSU,MA,00310652004,BYDUREON 2,2018,3,false,72.000,18,11599.92
MCOU,MA,00310652004,BYDUREON 2,2018,3,false,84.000,21,14175.21
MCOU,MA,00310653004,BYDUREON 2,2018,3,false,476.000,111,78857.73
FFSU,MA,00310653004,BYDUREON 2,2018,3,false,456.000,114,73402.32
MCOU,MA,00310654004,BYDUREON B,2018,3,false,60.350,17,12139.06
FFSU,MA,00310654004,BYDUREON B,2018,3,false,98.600,29,18635.69
MCOU,MA,00310652004,BYDUREON 2,2018,2,false,116.000,27,19686.68
FFSU,MA,00310652004,BYDUREON 2,2018,2,false,120.000,28,19221.90
MCOU,MA,00310653004,BYDUREON 2,2018,2,false,564.000,135,93776.30
FFSU,MA,00310653004,BYDUREON 2,2018,2,false,625.000,157,100557.18
FFSU,MA,00310654004,BYDUREON B,2018,2,false,37.400,11,7107.48
MCOU,MA,00310654004,BYDUREON B,2018,2,true,,,
FFSU,MA,00310652004,BYDUREON 2,2018,1,false,59.000,16,9188.70
MCOU,MA,00310652004,BYDUREON 2,2018,1,false,140.000,33,23039.76
MCOU,MA,00310653004,BYDUREON 2,2018,1,false,680.000,154,109961.65
FFSU,MA,00310653004,BYDUREON 2,2018,1,false,472.000,116,66895.64
MCOU,MA,00310654004,BYDUREON B,2018,1,true,,,
FFSU,MD,00310652004,BYDUREON 2,2018,4,true,,,
MCOU,MD,00310652004,BYDUREON 2,2018,4,true,,,
FFSU,MD,00310653004,BYDUREON 2,2018,4,false,80.000,18,12863.53
MCOU,MD,00310653004,BYDUREON 2,2018,4,false,136.000,34,22118.70
FFSU,MD,00310654004,BYDUREON B,2018,4,true,,,
MCOU,MD,00310654004,BYDUREON B,2018,4,false,197.200,58,37764.05
FFSU,MD,00310652004,BYDUREON 2,2018,3,true,,,
MCOU,MD,00310652004,BYDUREON 2,2018,3,true,,,
FFSU,MD,00310653004,BYDUREON 2,2018,3,false,96.000,24,15453.42
MCOU,MD,00310653004,BYDUREON 2,2018,3,false,164.000,39,28353.84
MCOU,MD,00310654004,BYDUREON B,2018,3,false,187.850,56,35672.55
FFSU,MD,00310654004,BYDUREON B,2018,3,true,,,
FFSU,MD,00310652004,BYDUREON 2,2018,2,true,,,
MCOU,MD,00310652004,BYDUREON 2,2018,2,true,,,
MCOU,MD,00310653004,BYDUREON 2,2018,2,false,236.000,57,39119.20
FFSU,MD,00310653004,BYDUREON 2,2018,2,false,84.000,21,13540.35
MCOU,MD,00310654004,BYDUREON B,2018,2,false,116.800,34,22190.91
FFSU,MD,00310654004,BYDUREON B,2018,2,true,,,
MCOU,MD,00310652004,BYDUREON 2,2018,1,true,,,
FFSU,MD,00310652004,BYDUREON 2,2018,1,true,,,
MCOU,MD,00310653004,BYDUREON 2,2018,1,false,216.000,54,36496.10
FFSU,MD,00310653004,BYDUREON 2,2018,1,false,108.000,27,17175.14
FFSU,MD,00310654004,BYDUREON B,2018,1,true,,,
MCOU,MD,00310654004,BYDUREON B,2018,1,false,40.800,12,7792.32
FFSU,ME,00310652004,BYDUREON  ,2018,4,false,56.000,14,9021.34
FFSU,ME,00310653004,BYDUREON P,2018,4,false,785.000,195,126356.95
FFSU,ME,00310654004,BYDUREON B,2018,4,false,64.600,19,12204.66
FFSU,ME,00310652004,BYDUREON  ,2018,3,false,52.000,13,8372.03
FFSU,ME,00310653004,BYDUREON P,2018,3,false,724.000,179,116582.84
FFSU,ME,00310654004,BYDUREON B,2018,3,false,51.000,15,9633.51
FFSU,ME,00310652004,BYDUREON  ,2018,2,false,84.000,21,13530.24
FFSU,ME,00310653004,BYDUREON P,2018,2,false,680.000,168,109512.59
FFSU,ME,00310654004,BYDUREON B,2018,2,false,81.600,24,15802.70
FFSU,ME,00310652004,BYDUREON  ,2018,1,false,76.000,19,12060.39
FFSU,ME,00310653004,BYDUREON P,2018,1,false,632.000,156,99972.11
FFSU,ME,00310654004,BYDUREON B,2018,1,true,,,
MCOU,MI,00310652004,BYDUREON  ,2018,4,false,132.000,31,21282.89
FFSU,MI,00310652004,BYDUREON  ,2018,4,false,129.000,28,19486.47
FFSU,MI,00310653004,BYDUREON P,2018,4,false,286.000,67,45965.16
MCOU,MI,00310653004,BYDUREON P,2018,4,false,488.000,122,80762.57
FFSU,MI,00310654004,BYDUREON B,2018,4,false,71.400,19,12844.41
MCOU,MI,00310654004,BYDUREON B,2018,4,false,200.600,59,39155.23
FFSU,MI,00310652004,BYDUREON  ,2018,3,false,109.000,27,16617.55
MCOU,MI,00310652004,BYDUREON  ,2018,3,false,128.000,32,20973.70
MCOU,MI,00310653004,BYDUREON P,2018,3,false,524.000,131,86412.00
FFSU,MI,00310653004,BYDUREON P,2018,3,false,336.000,69,53931.94
MCOU,MI,00310654004,BYDUREON B,2018,3,false,78.200,23,15269.48
FFSU,MI,00310654004,BYDUREON B,2018,3,false,122.400,32,23004.53
FFSU,MI,00310652004,BYDUREON  ,2018,2,false,152.000,31,22949.92
MCOU,MI,00310652004,BYDUREON  ,2018,2,false,120.000,30,19755.91
FFSU,MI,00310653004,BYDUREON P,2018,2,false,352.000,79,56541.03
MCOU,MI,00310653004,BYDUREON P,2018,2,false,604.000,151,99726.77
MCOU,MI,00310654004,BYDUREON B,2018,2,true,,,
FFSU,MI,00310654004,BYDUREON B,2018,2,false,74.800,20,14267.28
MCOU,MI,00310652004,BYDUREON  ,2018,1,false,112.000,28,18411.61
FFSU,MI,00310652004,BYDUREON  ,2018,1,false,176.000,37,24540.66
FFSU,MI,00310653004,BYDUREON P,2018,1,false,448.000,100,69702.71
MCOU,MI,00310653004,BYDUREON P,2018,1,false,588.000,147,97439.32
MCOU,MI,00310654004,BYDUREON B,2018,1,true,,,
FFSU,MI,00310654004,BYDUREON B,2018,1,false,91.800,25,18016.48
MCOU,MN,00310652004,BYDUREON  ,2018,4,false,272.000,68,45367.64
FFSU,MN,00310652004,BYDUREON  ,2018,4,false,140.000,35,22725.15
MCOU,MN,00310653004,BYDUREON P,2018,4,false,1480.000,370,247904.15
FFSU,MN,00310653004,BYDUREON P,2018,4,false,92.000,23,14089.34
MCOU,MN,00310654001,BYDUREON B,2018,4,true,,,
MCOU,MN,00310654004,BYDUREON B,2018,4,false,550.800,162,108742.65
FFSU,MN,00310654004,BYDUREON B,2018,4,true,,,
MCOU,MN,00310652004,BYDUREON  ,2018,3,false,308.000,77,51450.35
FFSU,MN,00310652004,BYDUREON  ,2018,3,false,100.000,25,15936.33
MCOU,MN,00310653004,BYDUREON P,2018,3,false,1652.000,413,274702.98
FFSU,MN,00310653004,BYDUREON P,2018,3,false,56.000,14,8576.12
MCOU,MN,00310654001,BYDUREON B,2018,3,true,,,
MCOU,MN,00310654004,BYDUREON B,2018,3,false,258.400,76,50718.16
FFSU,MN,00310654004,BYDUREON B,2018,3,true,,,
FFSU,MN,00310652004,BYDUREON  ,2018,2,false,60.000,15,8259.75
MCOU,MN,00310652004,BYDUREON  ,2018,2,false,364.000,91,60729.97
FFSU,MN,00310653004,BYDUREON P,2018,2,true,,,
MCOU,MN,00310653004,BYDUREON P,2018,2,false,2060.000,515,341766.89
FFSU,MN,00310654004,BYDUREON B,2018,2,true,,,
MCOU,MN,00310654004,BYDUREON B,2018,2,false,108.800,32,21228.16
FFSU,MN,00310652004,BYDUREON  ,2018,1,false,52.000,13,7158.45
MCOU,MN,00310652004,BYDUREON  ,2018,1,false,388.000,97,64862.97
FFSU,MN,00310653004,BYDUREON P,2018,1,false,60.000,15,9188.70
MCOU,MN,00310653004,BYDUREON P,2018,1,false,1972.000,493,327196.35
FFSU,MN,00310654004,BYDUREON B,2018,1,true,,,
MCOU,MN,00310654004,BYDUREON B,2018,1,false,51.000,15,9938.93
FFSU,MO,00310652004,BYDUREON  ,2018,4,false,528.000,132,86337.24
FFSU,MO,00310653004,BYDUREON P,2018,4,false,3680.000,922,600962.54
FFSU,MO,00310654004,BYDUREON B,2018,4,false,379.100,113,72569.32
FFSU,MO,00310652004,BYDUREON  ,2018,3,false,536.000,134,87645.38
FFSU,MO,00310653004,BYDUREON P,2018,3,false,3420.000,855,559089.20
FFSU,MO,00310654004,BYDUREON B,2018,3,false,343.400,101,65419.68
FFSU,MO,00310652004,BYDUREON  ,2018,2,false,668.000,167,109229.69
FFSU,MO,00310653004,BYDUREON P,2018,2,false,3270.000,820,533938.11
FFSU,MO,00310654004,BYDUREON B,2018,2,false,252.800,74,47975.91
FFSU,MO,00310652004,BYDUREON  ,2018,1,false,692.000,168,111127.37
FFSU,MO,00310653004,BYDUREON P,2018,1,false,2889.000,730,464301.68
FFSU,MO,00310654004,BYDUREON B,2018,1,false,37.400,11,7211.32
FFSU,MS,00310652004,BYDUREON 2,2018,4,true,,,
MCOU,MS,00310652004,BYDUREON 2,2018,4,false,160.000,40,25821.98
MCOU,MS,00310653004,BYDUREON 2,2018,4,false,2300.000,575,370958.66
FFSU,MS,00310653004,BYDUREON 2,2018,4,false,420.000,105,67739.97
MCOU,MS,00310654004,BYDUREON B,2018,4,false,170.000,46,32151.86
MCOU,MS,00310652004,BYDUREON 2,2018,3,false,185.000,47,29734.55
FFSU,MS,00310652004,BYDUREON 2,2018,3,true,,,
MCOU,MS,00310653004,BYDUREON 2,2018,3,false,2119.400,528,341604.84
FFSU,MS,00310653004,BYDUREON 2,2018,3,false,420.000,105,66276.54
FFSU,MS,00310654004,BYDUREON B,2018,3,true,,,
MCOU,MS,00310654004,BYDUREON B,2018,3,false,136.000,40,25638.20
MCOU,MS,00310652004,BYDUREON 2,2018,2,false,225.000,57,36329.65
FFSU,MS,00310652004,BYDUREON 2,2018,2,true,,,
FFSU,MS,00310653004,BYDUREON 2,2018,2,false,368.000,92,59295.13
MCOU,MS,00310653004,BYDUREON 2,2018,2,false,2098.000,525,338386.82
MCOU,MS,00310654004,BYDUREON B,2018,2,false,96.900,30,18560.51
FFSU,MS,00310652004,BYDUREON 2,2018,1,true,,,
MCOU,MS,00310652004,BYDUREON 2,2018,1,false,276.000,69,44337.30
MCOU,MS,00310653004,BYDUREON 2,2018,1,false,2116.000,528,339561.72
FFSU,MS,00310653004,BYDUREON 2,2018,1,false,340.000,85,52597.93
MCOU,MS,00310654004,BYDUREON B,2018,1,false,44.200,13,8689.85
FFSU,MT,00310652004,BYDUREON 2,2018,4,false,272.000,68,43194.79
FFSU,MT,00310653004,BYDUREON 2,2018,4,false,3024.000,755,483043.87
FFSU,MT,00310654004,BYDUREON B,2018,4,false,273.800,78,51969.84
FFSU,MT,00310652004,BYDUREON 2,2018,3,false,360.000,90,55556.54
FFSU,MT,00310653004,BYDUREON 2,2018,3,false,2592.000,648,409774.44
FFSU,MT,00310654004,BYDUREON B,2018,3,false,180.200,53,34226.45
FFSU,MT,00310652004,BYDUREON 2,2018,2,false,408.000,102,64854.18
FFSU,MT,00310653004,BYDUREON 2,2018,2,false,3225.000,807,516455.00
FFSU,MT,00310654004,BYDUREON B,2018,2,false,111.200,32,21340.26
FFSU,MT,00310652004,BYDUREON 2,2018,1,false,356.000,89,55870.25
FFSU,MT,00310653004,BYDUREON 2,2018,1,false,2624.000,656,419072.81
FFSU,MT,00310654004,BYDUREON B,2018,1,true,,,
FFSU,MT,66780021904,BYDUREON 2,2018,1,true,,,
FFSU,XX,00310652004,Bydureon 2,2018,4,false,6359.000,1548,1029261.77
MCOU,XX,00310652004,Bydureon 2,2018,4,false,16572.390,4140,2712759.03
FFSU,XX,00310653004,Bydureon P,2018,4,false,56090.250,13416,9028801.75
MCOU,XX,00310653004,Bydureon P,2018,4,false,66133.000,16258,10725385.26
FFSU,XX,00310654001,BYDUREON B,2018,4,true,,,
MCOU,XX,00310654001,BYDUREON B,2018,4,false,127.500,38,24777.71
FFSU,XX,00310654004,BYDUREON B,2018,4,false,8284.800,2334,1592888.26
MCOU,XX,00310654004,BYDUREON B,2018,4,false,23862.800,6920,4340386.34
FFSU,XX,00310652004,Bydureon 2,2018,3,false,6615.000,1619,1066356.18
MCOU,XX,00310652004,Bydureon 2,2018,3,false,17841.980,4466,2830404.23
FFSU,XX,00310653004,Bydureon P,2018,3,false,56264.400,13566,9061692.90
MCOU,XX,00310653004,Bydureon P,2018,3,false,67414.000,16618,10363978.56
FFSU,XX,00310654001,BYDUREON B,2018,3,true,,,
MCOU,XX,00310654001,BYDUREON B,2018,3,false,44.800,13,8671.82
FFSU,XX,00310654004,BYDUREON B,2018,3,false,7367.050,2059,1426562.93
MCOU,XX,00310654004,BYDUREON B,2018,3,false,18546.600,5359,3123898.09
FFSU,XX,00310652004,Bydureon 2,2018,2,false,6878.000,1677,1111082.52
MCOU,XX,00310652004,Bydureon 2,2018,2,false,19085.000,4769,3000781.86
FFSU,XX,00310653004,Bydureon P,2018,2,false,54794.600,13300,8854317.70
MCOU,XX,00310653004,Bydureon P,2018,2,false,70182.400,17307,10430208.06
MCOU,XX,00310654001,BYDUREON B,2018,2,true,,,
FFSU,XX,00310654004,BYDUREON B,2018,2,false,4741.800,1295,929460.10
MCOU,XX,00310654004,BYDUREON B,2018,2,false,10033.400,2875,1569240.96
FFSU,XX,00310652004,Bydureon 2,2018,1,false,6948.000,1675,1110826.44
MCOU,XX,00310652004,Bydureon 2,2018,1,false,18910.000,4723,3045161.47
FFSU,XX,00310653004,Bydureon P,2018,1,false,52172.800,12706,8327861.13
MCOU,XX,00310653004,Bydureon P,2018,1,false,69557.000,17154,11097584.80
MCOU,XX,00310654001,BYDUREON B,2018,1,true,,,
FFSU,XX,00310654004,BYDUREON B,2018,1,false,1541.850,422,304740.70
MCOU,XX,00310654004,BYDUREON B,2018,1,false,3396.350,960,604749.83
FFSU,XX,66780021904,BYDUREON  ,2018,1,true,,,
MCOU,XX,66780021904,BYDUREON  ,2018,1,true,,,
FFSU,NC,00310652004,BYDUREON  ,2018,4,false,716.000,179,113787.72
FFSU,NC,00310653004,BYDUREON P,2018,4,false,10552.000,2638,1669515.05
FFSU,NC,00310654004,BYDUREON B,2018,4,false,1858.100,549,344408.46
FFSU,NC,00310652004,BYDUREON  ,2018,3,false,847.000,213,134573.43
FFSU,NC,00310653004,BYDUREON P,2018,3,false,12103.400,3025,1912532.11
FFSU,NC,00310654004,BYDUREON B,2018,3,false,1616.700,475,300914.64
FFSU,NC,00310652004,BYDUREON  ,2018,2,false,766.000,193,121685.89
FFSU,NC,00310653004,BYDUREON P,2018,2,false,9909.000,2477,1568260.70
FFSU,NC,00310654004,BYDUREON B,2018,2,false,912.050,267,173560.50
FFSU,NC,00310652004,BYDUREON  ,2018,1,false,870.000,219,136367.08
FFSU,NC,00310653004,BYDUREON P,2018,1,false,10847.000,2711,1692993.26
FFSU,NC,00310654004,BYDUREON B,2018,1,false,311.100,90,61347.80
MCOU,ND,00310652004,BYDUREON 2,2018,4,true,,,
FFSU,ND,00310652004,BYDUREON 2,2018,4,true,,,
MCOU,ND,00310653004,BYDUREON 2,2018,4,false,264.000,66,44073.66
FFSU,ND,00310653004,BYDUREON 2,2018,4,false,120.000,30,18835.69
MCOU,ND,00310654004,BYDUREON B,2018,4,true,,,
FFSU,ND,00310654004,BYDUREON B,2018,4,true,,,
MCOU,ND,00310652004,BYDUREON 2,2018,3,true,,,
FFSU,ND,00310652004,BYDUREON 2,2018,3,true,,,
MCOU,ND,00310653004,BYDUREON 2,2018,3,false,264.000,66,40642.10
FFSU,ND,00310653004,BYDUREON 2,2018,3,false,96.000,24,15511.38
FFSU,ND,00310654004,BYDUREON B,2018,3,true,,,
FFSU,ND,00310652004,BYDUREON 2,2018,2,true,,,
MCOU,ND,00310652004,BYDUREON 2,2018,2,true,,,
FFSU,ND,00310653004,BYDUREON 2,2018,2,false,100.000,25,16158.00
MCOU,ND,00310653004,BYDUREON 2,2018,2,false,276.000,69,45231.15
FFSU,ND,00310652004,BYDUREON 2,2018,1,true,,,
MCOU,ND,00310652004,BYDUREON 2,2018,1,true,,,
MCOU,ND,00310653004,BYDUREON 2,2018,1,false,164.000,41,27852.00
FFSU,ND,00310653004,BYDUREON 2,2018,1,false,108.000,27,17190.87
MCOU,NE,00310652004,Bydureon 2,2018,4,false,104.000,26,17289.50
MCOU,NE,00310653004,Bydureon P,2018,4,false,1260.000,315,209251.47
FFSU,NE,00310653004,Bydureon P,2018,4,true,,,
MCOU,NE,00310654004,BYDUREON B,2018,4,false,74.800,22,14780.30
MCOU,NE,00310652004,Bydureon 2,2018,3,false,128.000,32,21314.23
MCOU,NE,00310653004,Bydureon P,2018,3,false,1200.000,300,199140.27
MCOU,NE,00310654004,BYDUREON B,2018,3,false,98.600,27,19717.93
FFSU,NE,00310652004,Bydureon 2,2018,2,true,,,
MCOU,NE,00310652004,Bydureon 2,2018,2,false,104.000,24,17274.79
MCOU,NE,00310653004,Bydureon P,2018,2,false,1248.000,308,207799.48
FFSU,NE,00310653004,Bydureon P,2018,2,true,,,
MCOU,NE,00310654004,BYDUREON B,2018,2,false,74.800,22,12849.63
MCOU,NE,00310652004,Bydureon 2,2018,1,false,64.000,16,10601.95
FFSU,NE,00310653004,Bydureon P,2018,1,true,,,
MCOU,NE,00310653004,Bydureon P,2018,1,false,1090.000,273,181435.35
MCOU,NE,00310654004,BYDUREON B,2018,1,true,,,
MCOU,NH,00310652004,BYDUREON  ,2018,4,true,,,
MCOU,NH,00310653004,BYDUREON P,2018,4,false,184.000,46,30392.80
FFSU,NH,00310653004,BYDUREON P,2018,4,true,,,
FFSU,NH,00310654004,BYDUREON B,2018,4,true,,,
MCOU,NH,00310654004,BYDUREON B,2018,4,false,108.800,31,19408.54
MCOU,NH,00310652004,BYDUREON  ,2018,3,true,,,
FFSU,NH,00310652004,BYDUREON  ,2018,3,true,,,
FFSU,NH,00310653004,BYDUREON P,2018,3,true,,,
MCOU,NH,00310653004,BYDUREON P,2018,3,false,184.000,46,29072.14
MCOU,NH,00310654004,BYDUREON B,2018,3,false,85.000,25,15398.33
FFSU,NH,00310654004,BYDUREON B,2018,3,true,,,
MCOU,NH,00310652004,BYDUREON  ,2018,2,true,,,
FFSU,NH,00310653004,BYDUREON P,2018,2,false,48.000,12,7724.96
MCOU,NH,00310653004,BYDUREON P,2018,2,false,192.000,48,32414.04
FFSU,NH,00310654004,BYDUREON B,2018,2,true,,,
MCOU,NH,00310654004,BYDUREON B,2018,2,true,,,
MCOU,NH,00310652004,BYDUREON  ,2018,1,true,,,
FFSU,NH,00310653004,BYDUREON P,2018,1,true,,,
MCOU,NH,00310653004,BYDUREON P,2018,1,false,124.000,31,21000.17
MCOU,NH,00310654004,BYDUREON B,2018,1,false,37.400,11,7372.87
FFSU,NH,00310654004,BYDUREON B,2018,1,true,,,
MCOU,NJ,00310652004,Bydureon 2,2018,4,false,708.000,177,117992.09
FFSU,NJ,00310652004,Bydureon 2,2018,4,true,,,
MCOU,NJ,00310653004,Bydureon P,2018,4,false,6406.200,1605,1067813.03
FFSU,NJ,00310653004,Bydureon P,2018,4,true,,,
MCOU,NJ,00310654001,BYDUREON B,2018,4,true,,,
FFSU,NJ,00310654004,BYDUREON B,2018,4,true,,,
MCOU,NJ,00310654004,BYDUREON B,2018,4,false,1450.100,427,278991.68
MCOU,NJ,00310652004,Bydureon 2,2018,3,false,787.000,203,130498.88
FFSU,NJ,00310652004,Bydureon 2,2018,3,true,,,
MCOU,NJ,00310653004,Bydureon P,2018,3,false,6711.800,1680,1116560.87
FFSU,NJ,00310653004,Bydureon P,2018,3,true,,,
MCOU,NJ,00310654004,BYDUREON B,2018,3,false,385.900,116,69976.03
FFSU,NJ,00310654004,BYDUREON B,2018,3,true,,,
MCOU,NJ,00310652004,Bydureon 2,2018,2,false,734.000,184,122397.14
FFSU,NJ,00310653004,Bydureon P,2018,2,true,,,
MCOU,NJ,00310653004,Bydureon P,2018,2,false,6184.000,1553,1024858.27
MCOU,NJ,00310654004,BYDUREON B,2018,2,false,669.800,197,129523.13
MCOU,NJ,00310652004,Bydureon 2,2018,1,false,719.000,183,118428.37
FFSU,NJ,00310653004,Bydureon P,2018,1,false,64.000,14,10073.66
MCOU,NJ,00310653004,Bydureon P,2018,1,false,6228.000,1562,1025864.36
MCOU,NJ,00310654004,BYDUREON B,2018,1,false,495.550,144,95223.88
MCOU,NM,00310652004,BYDUREON 2,2018,4,true,,,
FFSU,NM,00310653004,BYDUREON 2,2018,4,true,,,
MCOU,NM,00310653004,BYDUREON 2,2018,4,false,84.000,19,13813.85
MCOU,NM,00310654004,BYDUREON B,2018,4,false,61.200,18,11865.12
FFSU,NM,00310654004,BYDUREON B,2018,4,true,,,
FFSU,NM,00310652004,BYDUREON 2,2018,3,true,,,
MCOU,NM,00310652004,BYDUREON 2,2018,3,true,,,
MCOU,NM,00310653004,BYDUREON 2,2018,3,false,92.000,23,15218.04
FFSU,NM,00310653004,BYDUREON 2,2018,3,true,,,
FFSU,NM,00310654004,BYDUREON B,2018,3,true,,,
MCOU,NM,00310654004,BYDUREON B,2018,3,false,78.200,17,15347.42
MCOU,NM,00310652004,BYDUREON 2,2018,2,true,,,
FFSU,NM,00310652004,BYDUREON 2,2018,2,true,,,
FFSU,NM,00310653004,BYDUREON 2,2018,2,true,,,
MCOU,NM,00310653004,BYDUREON 2,2018,2,false,112.000,26,18445.57
MCOU,NM,00310654004,BYDUREON B,2018,2,true,,,
FFSU,NM,00310654004,BYDUREON B,2018,2,true,,,
MCOU,NM,00310652004,BYDUREON 2,2018,1,true,,,
FFSU,NM,00310652004,BYDUREON 2,2018,1,true,,,
FFSU,NM,00310653004,BYDUREON 2,2018,1,true,,,
MCOU,NM,00310653004,BYDUREON 2,2018,1,false,88.000,22,14387.73
FFSU,NM,00310654004,BYDUREON B,2018,1,true,,,
MCOU,NM,00310654004,BYDUREON B,2018,1,true,,,
MCOU,NV,00310652004,Bydureon 2,2018,4,true,,,
FFSU,NV,00310652004,Bydureon 2,2018,4,true,,,
MCOU,NV,00310653004,Bydureon P,2018,4,false,224.000,53,36562.95
FFSU,NV,00310653004,Bydureon P,2018,4,false,252.000,26,40197.60
FFSU,NV,00310654004,BYDUREON B,2018,4,false,293.250,46,55028.92
MCOU,NV,00310654004,BYDUREON B,2018,4,true,,,
MCOU,NV,00310652004,Bydureon 2,2018,3,true,,,
FFSU,NV,00310652004,Bydureon 2,2018,3,true,,,
FFSU,NV,00310653004,Bydureon P,2018,3,false,292.000,29,46566.71
MCOU,NV,00310653004,Bydureon P,2018,3,false,224.000,48,36765.31
FFSU,NV,00310654004,BYDUREON B,2018,3,false,227.800,42,43465.15
MCOU,NV,00310654004,BYDUREON B,2018,3,false,174.250,52,34046.59
FFSU,NV,00310652004,Bydureon 2,2018,2,false,60.000,11,9670.67
MCOU,NV,00310652004,Bydureon 2,2018,2,true,,,
MCOU,NV,00310653004,Bydureon P,2018,2,false,48.000,12,7896.60
FFSU,NV,00310653004,Bydureon P,2018,2,false,376.000,36,59962.46
FFSU,NV,00310654004,BYDUREON B,2018,2,false,180.200,27,35631.86
MCOU,NV,00310654004,BYDUREON B,2018,2,false,112.200,33,21767.42
MCOU,NV,00310652004,Bydureon 2,2018,1,true,,,
FFSU,NV,00310652004,Bydureon 2,2018,1,false,132.000,17,21015.55
FFSU,NV,00310653004,Bydureon P,2018,1,false,368.000,38,58197.39
MCOU,NV,00310653004,Bydureon P,2018,1,false,160.000,40,26583.05
MCOU,NV,00310654004,BYDUREON B,2018,1,false,38.250,12,7588.94
FFSU,NV,00310654004,BYDUREON B,2018,1,false,82.450,16,16125.67
FFSU,NY,00310652004,BYDUREON  ,2018,4,false,188.000,45,30267.97
MCOU,NY,00310652004,BYDUREON  ,2018,4,false,368.000,92,56736.01
MCOU,NY,00310653004,BYDUREON P,2018,4,false,3775.000,901,605540.51
FFSU,NY,00310653004,BYDUREON P,2018,4,false,1179.250,279,189320.04
MCOU,NY,00310654001,BYDUREON B,2018,4,true,,,
FFSU,NY,00310654004,BYDUREON B,2018,4,false,275.400,79,52044.57
MCOU,NY,00310654004,BYDUREON B,2018,4,false,3309.900,933,623814.05
MCOU,NY,00310652004,BYDUREON  ,2018,3,false,432.000,106,14340.49
FFSU,NY,00310652004,BYDUREON  ,2018,3,false,214.000,53,34467.43
FFSU,NY,00310653004,BYDUREON P,2018,3,false,1128.000,269,181253.35
MCOU,NY,00310653004,BYDUREON P,2018,3,false,4075.000,978,111486.69
FFSU,NY,00310654004,BYDUREON B,2018,3,false,200.600,55,37428.30
MCOU,NY,00310654004,BYDUREON B,2018,3,false,2591.650,724,110865.11
FFSU,NY,00310652004,BYDUREON  ,2018,2,false,181.000,49,29197.21
MCOU,NY,00310652004,BYDUREON  ,2018,2,false,596.000,148,4670.50
MCOU,NY,00310653004,BYDUREON P,2018,2,false,4814.400,1157,14903.32
FFSU,NY,00310653004,BYDUREON P,2018,2,false,1191.000,289,190927.39
MCOU,NY,00310654001,BYDUREON B,2018,2,true,,,
MCOU,NY,00310654004,BYDUREON B,2018,2,false,1683.000,452,0.01
FFSU,NY,00310654004,BYDUREON B,2018,2,false,100.300,24,18954.95
FFSU,NY,00310652004,BYDUREON 2,2018,1,false,165.000,42,25663.86
MCOU,NY,00310652004,BYDUREON  ,2018,1,false,1080.000,270,158608.67
FFSU,NY,00310653004,BYDUREON P,2018,1,false,1040.000,246,163153.23
MCOU,NY,00310653004,BYDUREON P,2018,1,false,7502.000,1837,1099162.33
FFSU,NY,00310654004,BYDUREON B,2018,1,true,,,
MCOU,NY,00310654004,BYDUREON B,2018,1,false,616.850,166,90658.05
MCOU,NY,66780021904,BYDUREON  ,2018,1,true,,,
MCOU,OH,00310652004,Bydureon 2,2018,4,false,488.000,122,78544.69
FFSU,OH,00310652004,Bydureon 2,2018,4,false,109.000,26,17519.84
FFSU,OH,00310653004,Bydureon P,2018,4,false,780.000,181,124968.83
MCOU,OH,00310653004,Bydureon P,2018,4,false,4255.000,1066,693558.86
MCOU,OH,00310654001,BYDUREON B,2018,4,true,,,
FFSU,OH,00310654004,BYDUREON B,2018,4,false,226.950,58,42654.35
MCOU,OH,00310654004,BYDUREON B,2018,4,false,1694.750,500,324394.01
MCOU,OH,00310652004,Bydureon 2,2018,3,false,536.000,134,86903.01
FFSU,OH,00310652004,Bydureon 2,2018,3,false,145.000,40,22732.28
MCOU,OH,00310653004,Bydureon P,2018,3,false,4718.000,1181,768665.92
FFSU,OH,00310653004,Bydureon P,2018,3,false,851.000,199,136258.86
MCOU,OH,00310654004,BYDUREON B,2018,3,false,1597.800,468,305195.42
FFSU,OH,00310654004,BYDUREON B,2018,3,false,221.850,55,41671.14
FFSU,OH,00310652004,Bydureon 2,2018,2,false,100.000,25,16068.12
MCOU,OH,00310652004,Bydureon 2,2018,2,false,840.000,210,136625.35
FFSU,OH,00310653004,Bydureon P,2018,2,false,720.000,174,115308.50
MCOU,OH,00310653004,Bydureon P,2018,2,false,5977.000,1495,976255.29
FFSU,OH,00310654004,BYDUREON B,2018,2,false,122.400,33,23251.98
MCOU,OH,00310654004,BYDUREON B,2018,2,false,966.300,285,183160.66
MCOU,OH,00310652004,Bydureon 2,2018,1,false,831.000,208,135334.67
FFSU,OH,00310652004,Bydureon 2,2018,1,false,113.000,29,17594.81
MCOU,OH,00310653004,Bydureon P,2018,1,false,5612.000,1403,915097.52
FFSU,OH,00310653004,Bydureon P,2018,1,false,727.000,180,114327.68
MCOU,OH,00310654004,BYDUREON B,2018,1,false,240.300,72,44652.48
FFSU,OH,00310654004,BYDUREON B,2018,1,true,,,
FFSU,OK,00310652004,Bydureon 2,2018,4,false,56.000,14,9033.74
FFSU,OK,00310653004,Bydureon P,2018,4,false,505.000,127,81401.79
FFSU,OK,00310654004,BYDUREON B,2018,4,true,,,
FFSU,OK,00310652004,Bydureon 2,2018,3,false,68.000,17,10894.99
FFSU,OK,00310653004,Bydureon P,2018,3,false,504.000,127,81206.21
FFSU,OK,00310654004,BYDUREON B,2018,3,true,,,
FFSU,OK,00310652004,Bydureon 2,2018,2,false,72.000,18,11543.96
FFSU,OK,00310653004,Bydureon P,2018,2,false,456.000,114,73462.74
FFSU,OK,00310654004,BYDUREON B,2018,2,true,,,
FFSU,OK,00310652004,Bydureon 2,2018,1,false,52.000,13,8296.10
FFSU,OK,00310653004,Bydureon P,2018,1,false,368.000,92,57093.20
FFSU,OK,00310654004,BYDUREON B,2018,1,true,,,
FFSU,OR,00310652004,Bydureon 2,2018,4,true,,,
MCOU,OR,00310652004,Bydureon 2,2018,4,false,218.000,56,35242.52
MCOU,OR,00310653004,Bydureon P,2018,4,false,1992.000,498,322349.00
FFSU,OR,00310653004,Bydureon P,2018,4,false,76.000,19,12216.05
MCOU,OR,00310654001,BYDUREON B,2018,4,true,,,
MCOU,OR,00310654004,BYDUREON B,2018,4,false,608.600,177,115747.47
FFSU,OR,00310654004,BYDUREON B,2018,4,true,,,
FFSU,OR,00310652004,Bydureon 2,2018,3,true,,,
MCOU,OR,00310652004,Bydureon 2,2018,3,false,241.000,61,38929.97
FFSU,OR,00310653004,Bydureon P,2018,3,false,64.000,16,10298.01
MCOU,OR,00310653004,Bydureon P,2018,3,false,2312.000,578,374325.47
FFSU,OR,00310654004,BYDUREON B,2018,3,false,38.000,11,7187.36
MCOU,OR,00310654004,BYDUREON B,2018,3,false,486.200,137,92653.93
MCOU,OR,00310652004,Bydureon 2,2018,2,false,262.000,66,42564.92
FFSU,OR,00310652004,Bydureon 2,2018,2,true,,,
MCOU,OR,00310653004,Bydureon P,2018,2,false,2596.000,645,421147.98
FFSU,OR,00310653004,Bydureon P,2018,2,false,68.000,17,10944.94
MCOU,OR,00310654004,BYDUREON B,2018,2,false,200.600,59,38539.93
FFSU,OR,00310652004,Bydureon 2,2018,1,true,,,
MCOU,OR,00310652004,Bydureon 2,2018,1,false,308.000,75,50062.87
MCOU,OR,00310653004,Bydureon P,2018,1,false,2349.000,578,380295.19
FFSU,OR,00310653004,Bydureon P,2018,1,false,68.000,17,10938.42
MCOU,OR,00310654004,BYDUREON B,2018,1,true,,,
MCOU,PA,00310652004,Bydureon 2,2018,4,true,,,
FFSU,PA,00310652004,Bydureon 2,2018,4,true,,,
MCOU,PA,00310653004,Bydureon P,2018,4,false,380.000,95,62410.47
FFSU,PA,00310653004,Bydureon P,2018,4,false,152.000,38,24456.68
FFSU,PA,00310654004,BYDUREON B,2018,4,true,,,
MCOU,PA,00310654004,BYDUREON B,2018,4,false,156.400,44,29368.04
MCOU,PA,00310652004,Bydureon 2,2018,3,false,52.000,13,8467.82
FFSU,PA,00310652004,Bydureon 2,2018,3,true,,,
MCOU,PA,00310653004,Bydureon P,2018,3,false,424.000,106,67427.30
FFSU,PA,00310653004,Bydureon P,2018,3,false,144.000,36,23062.46
MCOU,PA,00310654004,BYDUREON B,2018,3,false,159.800,45,30641.48
FFSU,PA,00310654004,BYDUREON B,2018,3,true,,,
MCOU,PA,00310652004,Bydureon 2,2018,2,false,104.000,26,17012.86
FFSU,PA,00310652004,Bydureon 2,2018,2,true,,,
MCOU,PA,00310653004,Bydureon P,2018,2,false,568.000,142,92203.52
FFSU,PA,00310653004,Bydureon P,2018,2,false,125.000,32,19983.94
MCOU,PA,00310654004,BYDUREON B,2018,2,false,126.400,35,24121.71
FFSU,PA,00310652004,Bydureon 2,2018,1,false,48.000,12,7320.22
MCOU,PA,00310652004,Bydureon 2,2018,1,false,132.000,33,21744.50
MCOU,PA,00310653004,Bydureon P,2018,1,false,580.000,143,93347.18
FFSU,PA,00310653004,Bydureon P,2018,1,false,108.000,27,16618.16
MCOU,PA,00310654004,BYDUREON B,2018,1,false,48.800,14,9405.63
MCOU,RI,00310652004,Bydureon 2,2018,4,true,,,
MCOU,RI,00310653004,Bydureon P,2018,4,true,,,
MCOU,RI,00310654004,BYDUREON B,2018,4,true,,,
MCOU,RI,00310652004,Bydureon 2,2018,3,true,,,
MCOU,RI,00310653004,Bydureon P,2018,3,true,,,
MCOU,RI,00310654004,BYDUREON B,2018,3,true,,,
MCOU,RI,00310652004,Bydureon 2,2018,2,true,,,
FFSU,RI,00310653004,Bydureon P,2018,2,true,,,
MCOU,RI,00310653004,Bydureon P,2018,2,false,108.000,27,17801.38
MCOU,RI,00310654004,BYDUREON B,2018,2,true,,,
MCOU,RI,00310652004,Bydureon 2,2018,1,true,,,
MCOU,RI,00310653004,Bydureon P,2018,1,false,80.000,20,13270.94
MCOU,RI,00310654004,BYDUREON B,2018,1,true,,,
MCOU,SC,00310652004,BYDUREON  ,2018,4,false,64.000,16,10332.20
FFSU,SC,00310653004,BYDUREON P,2018,4,false,64.000,16,10695.04
MCOU,SC,00310653004,BYDUREON P,2018,4,false,520.000,130,85792.12
MCOU,SC,00310654004,BYDUREON B,2018,4,false,377.400,111,71352.89
FFSU,SC,00310654004,BYDUREON B,2018,4,false,105.400,31,20706.64
MCOU,SC,00310652004,BYDUREON  ,2018,3,false,88.000,22,14264.29
FFSU,SC,00310652004,BYDUREON  ,2018,3,true,,,
MCOU,SC,00310653004,BYDUREON P,2018,3,false,584.000,146,95758.81
FFSU,SC,00310653004,BYDUREON P,2018,3,false,100.000,25,16650.91
MCOU,SC,00310654004,BYDUREON B,2018,3,false,234.600,69,42856.66
FFSU,SC,00310654004,BYDUREON B,2018,3,false,61.200,18,12260.78
MCOU,SC,00310652004,BYDUREON  ,2018,2,false,92.000,23,15110.52
FFSU,SC,00310652004,BYDUREON  ,2018,2,true,,,
MCOU,SC,00310653004,BYDUREON P,2018,2,false,688.000,172,109884.96
FFSU,SC,00310653004,BYDUREON P,2018,2,false,124.000,31,20706.64
MCOU,SC,00310654001,BYDUREON B,2018,2,true,,,
MCOU,SC,00310654004,BYDUREON B,2018,2,false,88.400,26,13840.95
FFSU,SC,00310654004,BYDUREON B,2018,2,true,,,
MCOU,SC,00310652004,BYDUREON  ,2018,1,false,104.000,26,17081.39
FFSU,SC,00310652004,BYDUREON  ,2018,1,false,35.000,11,5811.93
MCOU,SC,00310653004,BYDUREON P,2018,1,false,584.000,146,94129.66
FFSU,SC,00310653004,BYDUREON P,2018,1,false,132.000,33,21852.17
FFSU,SC,00310654004,BYDUREON B,2018,1,true,,,
MCOU,SC,00310654004,BYDUREON B,2018,1,true,,,
FFSU,SD,00310652004,Bydureon 2,2018,4,true,,,
FFSU,SD,00310653004,Bydureon P,2018,4,false,144.000,36,23196.83
FFSU,SD,00310654004,BYDUREON B,2018,4,true,,,
FFSU,SD,00310652004,Bydureon 2,2018,3,true,,,
FFSU,SD,00310653004,Bydureon P,2018,3,false,132.000,33,21953.38
FFSU,SD,00310654004,BYDUREON B,2018,3,true,,,
FFSU,SD,00310652004,Bydureon 2,2018,2,true,,,
FFSU,SD,00310653004,Bydureon P,2018,2,false,116.000,29,20114.69
FFSU,SD,00310654004,BYDUREON B,2018,2,true,,,
FFSU,SD,00310652004,Bydureon 2,2018,1,true,,,
FFSU,SD,00310653004,Bydureon P,2018,1,false,136.000,34,23426.66
FFSU,TN,00310652004,BYDUREON  ,2018,4,false,487.000,124,78004.86
FFSU,TN,00310653004,BYDUREON P,2018,4,false,5988.000,1497,950673.32
FFSU,TN,00310654004,BYDUREON B,2018,4,false,190.400,56,35735.84
FFSU,TN,00310652004,BYDUREON  ,2018,3,false,520.000,130,82885.24
FFSU,TN,00310653004,BYDUREON P,2018,3,false,5865.000,1467,930826.14
FFSU,TN,00310654004,BYDUREON B,2018,3,false,129.200,38,24261.56
FFSU,TN,00310652004,BYDUREON  ,2018,2,false,652.000,163,103963.73
FFSU,TN,00310653004,BYDUREON P,2018,2,false,5789.000,1448,921559.86
FFSU,TN,00310654004,BYDUREON B,2018,2,false,81.600,24,15345.71
FFSU,TN,00310652004,BYDUREON  ,2018,1,false,636.000,159,100445.83
FFSU,TN,00310653004,BYDUREON P,2018,1,false,5444.000,1361,854289.38
FFSU,TN,00310654004,BYDUREON B,2018,1,false,95.200,28,18091.64
MCOU,TX,00310652004,BYDUREON 2,2018,4,false,1545.000,392,254128.17
MCOU,TX,00310653004,BYDUREON 2,2018,4,false,8569.600,2088,1407016.77
FFSU,TX,00310653004,BYDUREON 2,2018,4,true,,,
MCOU,TX,00310654004,BYDUREON B,2018,4,false,1882.500,556,363496.53
FFSU,TX,00310654004,BYDUREON B,2018,4,true,,,
MCOU,TX,00310652004,BYDUREON 2,2018,3,false,2045.000,513,336314.48
FFSU,TX,00310652004,BYDUREON 2,2018,3,true,,,
FFSU,TX,00310653004,BYDUREON 2,2018,3,false,64.000,16,10447.52
MCOU,TX,00310653004,BYDUREON 2,2018,3,false,8295.400,2074,1361954.59
FFSU,TX,00310654004,BYDUREON B,2018,3,true,,,
MCOU,TX,00310654004,BYDUREON B,2018,3,false,1134.500,335,218983.48
MCOU,TX,00310652004,BYDUREON 2,2018,2,false,2623.000,659,431195.72
FFSU,TX,00310652004,BYDUREON 2,2018,2,true,,,
MCOU,TX,00310653004,BYDUREON 2,2018,2,false,7704.000,1925,1264895.12
FFSU,TX,00310653004,BYDUREON 2,2018,2,false,96.000,18,15662.16
MCOU,TX,00310652004,BYDUREON 2,2018,1,false,2999.000,752,492198.05
FFSU,TX,00310652004,BYDUREON 2,2018,1,true,,,
MCOU,TX,00310653004,BYDUREON 2,2018,1,false,5533.000,1384,908205.29
FFSU,TX,00310653004,BYDUREON 2,2018,1,true,,,
MCOU,TX,66780021904,BYDUREON 2,2018,1,true,,,
MCOU,UT,00310652004,Bydureon 2,2018,4,true,,,
FFSU,UT,00310652004,Bydureon 2,2018,4,true,,,
FFSU,UT,00310653004,Bydureon P,2018,4,false,84.000,21,11744.56
MCOU,UT,00310653004,Bydureon P,2018,4,false,160.000,40,26779.78
MCOU,UT,00310654004,BYDUREON B,2018,4,false,79.900,25,15515.05
FFSU,UT,00310654004,BYDUREON B,2018,4,true,,,
MCOU,UT,00310652004,Bydureon 2,2018,3,true,,,
FFSU,UT,00310652004,Bydureon 2,2018,3,true,,,
FFSU,UT,00310653004,Bydureon P,2018,3,false,107.000,26,15389.67
MCOU,UT,00310653004,Bydureon P,2018,3,false,244.000,61,40662.23
FFSU,UT,00310654004,BYDUREON B,2018,3,true,,,
MCOU,UT,00310654004,BYDUREON B,2018,3,false,37.400,11,7341.62
MCOU,UT,00310652004,Bydureon 2,2018,2,true,,,
FFSU,UT,00310652004,Bydureon 2,2018,2,true,,,
FFSU,UT,00310653004,Bydureon P,2018,2,true,,,
MCOU,UT,00310653004,Bydureon P,2018,2,false,236.000,59,39647.05
FFSU,UT,00310654004,BYDUREON B,2018,2,true,,,
MCOU,UT,00310654004,BYDUREON B,2018,2,true,,,
FFSU,UT,00310652004,Bydureon 2,2018,1,true,,,
MCOU,UT,00310652004,Bydureon 2,2018,1,true,,,
MCOU,UT,00310653004,Bydureon P,2018,1,false,216.000,54,36373.32
FFSU,UT,00310653004,Bydureon P,2018,1,true,,,
MCOU,UT,00310654004,BYDUREON B,2018,1,true,,,
FFSU,VA,00310652004,BYDUREON  ,2018,4,true,,,
MCOU,VA,00310652004,BYDUREON  ,2018,4,false,241.000,57,39902.21
MCOU,VA,00310653004,BYDUREON P,2018,4,false,1428.000,346,234985.02
FFSU,VA,00310653004,BYDUREON P,2018,4,false,144.000,36,23164.41
MCOU,VA,00310654004,BYDUREON B,2018,4,false,181.050,51,35013.75
FFSU,VA,00310654004,BYDUREON B,2018,4,false,54.400,16,10288.84
FFSU,VA,00310652004,BYDUREON  ,2018,3,true,,,
MCOU,VA,00310652004,BYDUREON  ,2018,3,false,200.000,46,32489.76
MCOU,VA,00310653004,BYDUREON P,2018,3,false,1238.000,307,202104.37
FFSU,VA,00310653004,BYDUREON P,2018,3,false,96.000,24,15434.94
MCOU,VA,00310654004,BYDUREON B,2018,3,false,132.600,41,25404.62
FFSU,VA,00310654004,BYDUREON B,2018,3,false,57.800,17,10920.08
FFSU,VA,00310652004,BYDUREON  ,2018,2,true,,,
MCOU,VA,00310652004,BYDUREON  ,2018,2,false,137.000,33,22220.05
FFSU,VA,00310653004,BYDUREON P,2018,2,false,80.000,20,12832.60
MCOU,VA,00310653004,BYDUREON P,2018,2,false,1036.000,255,169138.08
MCOU,VA,00310654001,BYDUREON B,2018,2,true,,,
FFSU,VA,00310654004,BYDUREON B,2018,2,false,40.800,12,7696.23
MCOU,VA,00310654004,BYDUREON B,2018,2,false,148.750,42,28765.77
MCOU,VA,00310652004,BYDUREON  ,2018,1,false,120.000,28,19508.73
FFSU,VA,00310652004,BYDUREON  ,2018,1,true,,,
FFSU,VA,00310653004,BYDUREON P,2018,1,false,48.000,12,7529.79
MCOU,VA,00310653004,BYDUREON P,2018,1,false,708.000,175,116172.41
MCOU,VA,00310654001,BYDUREON B,2018,1,true,,,
FFSU,VA,00310654004,BYDUREON B,2018,1,true,,,
MCOU,VA,00310654004,BYDUREON B,2018,1,false,85.850,26,16518.12
FFSU,VT,00310652004,Bydureon 2,2018,4,false,44.000,11,7068.05
FFSU,VT,00310653004,Bydureon P,2018,4,false,280.000,70,44939.30
FFSU,VT,00310654004,BYDUREON B,2018,4,true,,,
FFSU,VT,00310652004,Bydureon 2,2018,3,false,52.000,13,8353.15
FFSU,VT,00310653004,Bydureon P,2018,3,false,196.000,49,31457.51
FFSU,VT,00310654004,BYDUREON B,2018,3,true,,,
FFSU,VT,00310652004,Bydureon 2,2018,2,false,68.000,17,10923.35
FFSU,VT,00310653004,Bydureon P,2018,2,false,258.000,65,39571.49
FFSU,VT,00310654004,BYDUREON B,2018,2,true,,,
FFSU,VT,00310652004,Bydureon 2,2018,1,false,64.000,16,10133.46
FFSU,VT,00310653004,Bydureon P,2018,1,false,170.000,45,26932.95
FFSU,VT,00310654004,BYDUREON B,2018,1,true,,,
FFSU,WA,00310652004,Bydureon 2,2018,4,true,,,
MCOU,WA,00310652004,Bydureon 2,2018,4,false,226.000,58,36160.25
FFSU,WA,00310653004,Bydureon P,2018,4,false,204.000,51,28507.10
MCOU,WA,00310653004,Bydureon P,2018,4,false,2180.000,545,346063.81
MCOU,WA,00310654001,BYDUREON B,2018,4,true,,,
FFSU,WA,00310654004,BYDUREON B,2018,4,false,85.000,25,15920.75
MCOU,WA,00310654004,BYDUREON B,2018,4,false,1031.050,302,192222.98
MCOU,WA,00310652004,Bydureon 2,2018,3,false,170.000,44,27166.79
FFSU,WA,00310652004,Bydureon 2,2018,3,true,,,
FFSU,WA,00310653004,Bydureon P,2018,3,false,128.000,32,19658.85
MCOU,WA,00310653004,Bydureon P,2018,3,false,1703.400,426,271430.71
MCOU,WA,00310654001,BYDUREON B,2018,3,true,,,
FFSU,WA,00310654004,BYDUREON B,2018,3,false,54.400,15,10185.05
MCOU,WA,00310654004,BYDUREON B,2018,3,false,819.400,241,153479.23
FFSU,WA,00310652004,Bydureon 2,2018,2,true,,,
MCOU,WA,00310652004,Bydureon 2,2018,2,false,135.000,36,20964.62
FFSU,WA,00310653004,Bydureon P,2018,2,false,112.000,28,17357.58
MCOU,WA,00310653004,Bydureon P,2018,2,false,1144.000,284,179453.94
FFSU,WA,00310654004,BYDUREON B,2018,2,true,,,
MCOU,WA,00310654004,BYDUREON B,2018,2,false,102.000,30,19138.96
MCOU,WA,00310652004,Bydureon 2,2018,1,false,203.000,53,32300.68
FFSU,WA,00310653004,Bydureon P,2018,1,false,164.000,41,23711.46
MCOU,WA,00310653004,Bydureon P,2018,1,false,1082.000,269,170628.93
MCOU,WA,00310654004,BYDUREON B,2018,1,true,,,
FFSU,WA,00310654004,BYDUREON B,2018,1,true,,,
FFSU,WI,00310652004,Bydureon 2,2018,4,false,288.000,72,49690.85
FFSU,WI,00310653004,Bydureon P,2018,4,false,7029.000,1750,1142391.46
MCOU,WI,00310653004,Bydureon P,2018,4,true,,,
FFSU,WI,00310652004,Bydureon 2,2018,3,false,348.000,87,59383.72
MCOU,WI,00310653004,Bydureon P,2018,3,true,,,
FFSU,WI,00310653004,Bydureon P,2018,3,false,7772.000,1925,1268038.15
FFSU,WI,00310652004,Bydureon 2,2018,2,false,400.000,99,68780.46
MCOU,WI,00310653004,Bydureon P,2018,2,true,,,
FFSU,WI,00310653004,Bydureon P,2018,2,false,8728.000,2182,1424099.25
FFSU,WI,00310652004,Bydureon 2,2018,1,false,416.000,104,72582.18
MCOU,WI,00310653004,Bydureon P,2018,1,true,,,
FFSU,WI,00310653004,Bydureon P,2018,1,false,8313.000,2069,1343616.64
FFSU,WV,00310652004,BYDUREON 2,2018,4,false,128.000,32,20586.12
FFSU,WV,00310653004,BYDUREON 2,2018,4,false,1361.000,341,218700.19
FFSU,WV,00310652004,BYDUREON 2,2018,3,false,132.000,33,21213.03
FFSU,WV,00310653004,BYDUREON 2,2018,3,false,1360.000,340,218596.00
FFSU,WV,00310652004,BYDUREON 2,2018,2,false,124.000,31,19941.21
FFSU,WV,00310653004,BYDUREON 2,2018,2,false,1468.000,367,235447.28
FFSU,WV,00310652004,BYDUREON 2,2018,1,false,100.000,25,15721.10
FFSU,WV,00310653004,BYDUREON 2,2018,1,false,1298.000,325,203124.22
FFSU,WY,00310653004,Bydureon P,2018,4,true,,,
FFSU,WY,00310653004,Bydureon P,2018,3,true,,,
FFSU,WY,00310653004,Bydureon P,2018,2,true,,,
FFSU,WY,00310653004,Bydureon P,2018,1,true,,,
MCOU,CA,00024574502,ADLYXIN 10,2018,4,false,87.000,11,8548.63
MCOU,CA,00024574702,ADLYXIN 20,2018,4,false,150.000,30,14720.87
MCOU,CA,00024574502,ADLYXIN 10,2018,3,true,,,
MCOU,CA,00024574702,ADLYXIN 20,2018,3,false,69.000,15,6803.78
MCOU,CA,00024574502,ADLYXIN 10,2018,2,true,,,
MCOU,CA,00024574702,ADLYXIN 20,2018,2,true,,,
FFSU,CO,00024574502,ADLYXIN   ,2018,4,true,,,
FFSU,CO,00024574702,ADLYXIN   ,2018,4,true,,,
FFSU,CT,00024574502,ADLYXIN 10,2018,4,true,,,
MCOU,IN,00024574702,ADLYXIN 20,2018,1,true,,,
MCOU,LA,00024574502,ADLYXIN   ,2018,3,true,,,
MCOU,LA,00024574702,ADLYXIN   ,2018,2,true,,,
MCOU,LA,00024574502,ADLYXIN   ,2018,1,true,,,
MCOU,LA,00024574702,ADLYXIN   ,2018,1,true,,,
MCOU,MA,00024574702,ADLYXIN 20,2018,3,true,,,
MCOU,MA,00024574702,ADLYXIN 20,2018,2,true,,,
MCOU,MD,00024574702,ADLYXIN 20,2018,4,true,,,
MCOU,MD,00024574502,ADLYXIN 10,2018,3,true,,,
MCOU,MD,00024574702,ADLYXIN 20,2018,3,true,,,
MCOU,MD,00024574502,ADLYXIN 10,2018,2,true,,,
MCOU,MD,00024574702,ADLYXIN 20,2018,2,true,,,
MCOU,MD,00024574702,ADLYXIN 20,2018,1,true,,,
FFSU,XX,00024574502,ADLYXIN 10,2018,4,true,,,
MCOU,XX,00024574502,ADLYXIN 10,2018,4,false,216.000,37,20990.71
FFSU,XX,00024574702,ADLYXIN 20,2018,4,true,,,
MCOU,XX,00024574702,ADLYXIN 20,2018,4,false,1116.000,192,107108.55
MCOU,XX,00024574502,ADLYXIN 10,2018,3,false,198.000,37,15862.50
FFSU,XX,00024574702,ADLYXIN 20,2018,3,true,,,
MCOU,XX,00024574702,ADLYXIN 20,2018,3,false,930.000,162,79975.49
MCOU,XX,00024574502,ADLYXIN 10,2018,2,false,216.000,39,18182.41
FFSU,XX,00024574702,ADLYXIN 20,2018,2,true,,,
MCOU,XX,00024574702,ADLYXIN 20,2018,2,false,861.000,144,76488.90
MCOU,XX,00024574502,ADLYXIN 10,2018,1,false,165.000,30,16215.03
FFSU,XX,00024574702,ADLYXIN 20,2018,1,true,,,
MCOU,XX,00024574702,ADLYXIN 20,2018,1,false,648.000,111,62784.36
MCOU,NH,00024574702,ADLYXIN   ,2018,2,true,,,
MCOU,NH,00024574502,ADLYXIN   ,2018,1,true,,,
MCOU,NH,00024574702,ADLYXIN   ,2018,1,true,,,
MCOU,NJ,00024574502,ADLYXIN 10,2018,4,true,,,
MCOU,NJ,00024574702,ADLYXIN 20,2018,4,false,396.000,66,37732.93
MCOU,NJ,00024574502,ADLYXIN 10,2018,3,true,,,
MCOU,NJ,00024574702,ADLYXIN 20,2018,3,false,375.000,63,35722.31
MCOU,NJ,00024574502,ADLYXIN 10,2018,2,true,,,
MCOU,NJ,00024574702,ADLYXIN 20,2018,2,false,288.000,48,27458.08
MCOU,NJ,00024574502,ADLYXIN 10,2018,1,true,,,
MCOU,NJ,00024574702,ADLYXIN 20,2018,1,false,240.000,40,22718.56
MCOU,NM,00024574502,ADLYXIN 10,2018,3,true,,,
MCOU,NM,00024574702,ADLYXIN 20,2018,3,true,,,
MCOU,NM,00024574502,ADLYXIN 10,2018,2,true,,,
MCOU,NM,00024574702,ADLYXIN 20,2018,2,true,,,
MCOU,NM,00024574502,ADLYXIN 10,2018,1,true,,,
MCOU,NM,00024574702,ADLYXIN 20,2018,1,true,,,
MCOU,NV,00024574702,ADLYXIN 20,2018,4,false,114.000,19,11444.71
MCOU,NV,00024574702,ADLYXIN 20,2018,3,false,108.000,18,10883.84
MCOU,NV,00024574502,ADLYXIN 10,2018,2,true,,,
MCOU,NV,00024574702,ADLYXIN 20,2018,2,false,150.000,25,15159.40
MCOU,NV,00024574502,ADLYXIN 10,2018,1,true,,,
MCOU,NV,00024574702,ADLYXIN 20,2018,1,false,78.000,13,7843.87
MCOU,NY,00024574502,ADLYXIN   ,2018,4,true,,,
MCOU,NY,00024574702,ADLYXIN   ,2018,4,false,141.000,24,12851.75
MCOU,NY,00024574502,ADLYXIN   ,2018,3,true,,,
MCOU,NY,00024574702,ADLYXIN   ,2018,3,false,105.000,18,0.01
MCOU,NY,00024574502,ADLYXIN   ,2018,2,true,,,
MCOU,NY,00024574702,ADLYXIN   ,2018,2,false,78.000,13,0.00
MCOU,NY,00024574502,ADLYXIN 10,2018,1,true,,,
MCOU,NY,00024574702,ADLYXIN 20,2018,1,true,,,
MCOU,OH,00024574502,ADLYXIN 10,2018,4,true,,,
MCOU,OH,00024574702,ADLYXIN 20,2018,4,false,141.000,25,13324.55
MCOU,OH,00024574502,ADLYXIN 10,2018,3,false,57.000,11,5359.68
MCOU,OH,00024574702,ADLYXIN 20,2018,3,false,93.000,16,8871.39
MCOU,OH,00024574502,ADLYXIN 10,2018,2,true,,,
MCOU,OH,00024574702,ADLYXIN 20,2018,2,false,78.000,13,7629.05
MCOU,OH,00024574502,ADLYXIN 10,2018,1,true,,,
MCOU,OH,00024574702,ADLYXIN 20,2018,1,true,,,
MCOU,OR,00024574502,ADLYXIN 10,2018,4,true,,,
MCOU,OR,00024574702,ADLYXIN 20,2018,4,true,,,
MCOU,OR,00024574502,ADLYXIN 10,2018,3,true,,,
MCOU,OR,00024574702,ADLYXIN 20,2018,3,true,,,
MCOU,OR,00024574502,ADLYXIN 10,2018,2,true,,,
MCOU,OR,00024574702,ADLYXIN 20,2018,2,true,,,
MCOU,PA,00024574502,ADLYXIN 10,2018,4,true,,,
MCOU,PA,00024574702,ADLYXIN 20,2018,4,true,,,
MCOU,PA,00024574502,ADLYXIN 10,2018,3,true,,,
MCOU,PA,00024574702,ADLYXIN 20,2018,3,true,,,
MCOU,PA,00024574502,ADLYXIN 10,2018,2,true,,,
MCOU,PA,00024574702,ADLYXIN 20,2018,2,true,,,
MCOU,PA,00024574502,ADLYXIN 10,2018,1,true,,,
MCOU,PA,00024574702,ADLYXIN 20,2018,1,true,,,
MCOU,RI,00024574502,ADLYXIN 10,2018,4,true,,,
MCOU,RI,00024574702,ADLYXIN 20,2018,4,true,,,
MCOU,RI,00024574502,ADLYXIN 10,2018,3,true,,,
MCOU,RI,00024574702,ADLYXIN 20,2018,3,true,,,
MCOU,RI,00024574502,ADLYXIN 10,2018,1,true,,,
MCOU,RI,00024574702,ADLYXIN 20,2018,1,true,,,
MCOU,UT,00024574702,ADLYXIN 20,2018,4,true,,,
MCOU,UT,00024574702,ADLYXIN 20,2018,3,true,,,
MCOU,UT,00024574702,ADLYXIN 20,2018,2,true,,,
MCOU,VA,00024574502,ADLYXIN   ,2018,3,true,,,
MCOU,VA,00024574502,ADLYXIN   ,2018,2,true,,,
MCOU,VA,00024574502,ADLYXIN   ,2018,1,true,,,
MCOU,WA,00024574702,ADLYXIN 20,2018,4,true,,,
MCOU,WA,00024574702,ADLYXIN 20,2018,3,true,,,
MCOU,WA,00024574502,ADLYXIN 10,2018,2,true,,,
MCOU,WA,00024574702,ADLYXIN 20,2018,2,false,141.000,24,13858.35
MCOU,WA,00024574502,ADLYXIN 10,2018,1,true,,,
MCOU,WA,00024574702,ADLYXIN 20,2018,1,false,132.000,27,12933.05
FFSU,WI,00024574702,ADLYXIN 20,2018,4,true,,,
FFSU,WI,00024574702,ADLYXIN 20,2018,3,true,,,
FFSU,WI,00024574702,ADLYXIN 20,2018,2,true,,,
FFSU,WI,00024574702,ADLYXIN 20,2018,1,true,,,
FFSU,AL,00173086635,TANZEUM (A,2018,4,true,,,
FFSU,AL,00173086735,TANZEUM (A,2018,4,true,,,
FFSU,AL,00173086635,TANZEUM (A,2018,3,false,48.000,12,6194.54
FFSU,AL,00173086735,TANZEUM (A,2018,3,false,56.000,14,7773.00
FFSU,AL,00173086635,TANZEUM (A,2018,2,false,72.000,18,9313.56
FFSU,AL,00173086735,TANZEUM (A,2018,2,false,60.000,15,7762.65
FFSU,AL,00173086635,TANZEUM (A,2018,1,false,88.000,22,11383.24
FFSU,AL,00173086735,TANZEUM (A,2018,1,false,76.000,19,9832.69
MCOU,AZ,00173086735,TANZEUM   ,2018,4,true,,,
MCOU,AZ,00173086635,TANZEUM   ,2018,3,false,44.000,11,5556.92
MCOU,AZ,00173086735,TANZEUM   ,2018,3,false,92.000,23,11631.57
MCOU,AZ,00173086635,TANZEUM   ,2018,2,false,100.000,25,12637.06
MCOU,AZ,00173086735,TANZEUM   ,2018,2,false,86.000,22,11086.19
MCOU,AZ,00173086635,TANZEUM   ,2018,1,false,132.000,33,16648.07
MCOU,AZ,00173086735,TANZEUM   ,2018,1,false,144.000,36,18403.67
FFSU,CA,00173086635,TANZEUM  A,2018,4,false,64.000,14,8483.61
MCOU,CA,00173086635,TANZEUM  A,2018,4,false,52.000,14,6827.68
FFSU,CA,00173086735,TANZEUM  A,2018,4,false,92.000,23,12310.72
MCOU,CA,00173086735,TANZEUM  A,2018,4,false,252.000,63,32879.54
FFSU,CA,00173086601,TANZEUM  A,2018,3,true,,,
MCOU,CA,00173086601,TANZEUM  A,2018,3,true,,,
MCOU,CA,00173086635,TANZEUM  A,2018,3,false,498.000,123,64943.47
FFSU,CA,00173086635,TANZEUM  A,2018,3,false,168.000,42,22373.02
MCOU,CA,00173086735,TANZEUM  A,2018,3,false,874.000,208,113350.91
FFSU,CA,00173086735,TANZEUM  A,2018,3,false,232.000,56,30851.01
FFSU,CA,00173086601,TANZEUM  A,2018,2,true,,,
MCOU,CA,00173086601,TANZEUM  A,2018,2,true,,,
MCOU,CA,00173086635,TANZEUM  A,2018,2,false,1082.000,271,141685.50
FFSU,CA,00173086635,TANZEUM  A,2018,2,false,420.000,106,55570.43
FFSU,CA,00173086735,TANZEUM  A,2018,2,false,449.000,111,59442.31
MCOU,CA,00173086735,TANZEUM  A,2018,2,false,1110.000,267,144879.18
FFSU,CA,00173086601,TANZEUM  A,2018,1,true,,,
MCOU,CA,00173086601,TANZEUM  A,2018,1,true,,,
MCOU,CA,00173086635,TANZEUM  A,2018,1,false,1738.000,437,227120.12
FFSU,CA,00173086635,TANZEUM  A,2018,1,false,441.000,111,57798.29
MCOU,CA,00173086735,TANZEUM  A,2018,1,false,1603.000,388,209075.87
FFSU,CA,00173086735,TANZEUM  A,2018,1,false,488.000,119,64242.84
FFSU,CO,00173086635,TANZEUM   ,2018,3,true,,,
FFSU,CO,00173086635,TANZEUM   ,2018,2,true,,,
MCOU,CO,00173086635,TANZEUM   ,2018,2,true,,,
FFSU,CO,00173086735,TANZEUM   ,2018,2,true,,,
FFSU,CO,00173086635,TANZEUM   ,2018,1,true,,,
MCOU,CO,00173086635,TANZEUM   ,2018,1,true,,,
FFSU,CO,00173086735,TANZEUM   ,2018,1,true,,,
FFSU,CT,00173086635,TANZEUM (A,2018,4,true,,,
FFSU,CT,00173086735,TANZEUM (A,2018,4,true,,,
FFSU,CT,00173086635,TANZEUM (A,2018,3,false,72.000,14,9172.84
FFSU,CT,00173086735,TANZEUM (A,2018,3,false,150.000,31,19136.46
FFSU,CT,00173086635,TANZEUM (A,2018,2,false,88.000,18,11237.39
FFSU,CT,00173086735,TANZEUM (A,2018,2,false,192.000,42,24528.66
FFSU,CT,00173086635,TANZEUM (A,2018,1,false,152.000,33,19464.95
FFSU,CT,00173086735,TANZEUM (A,2018,1,false,204.000,47,26016.11
MCOU,DC,00173086635,TANZEUM 30,2018,4,true,,,
FFSU,DC,00173086735,TANZEUM 50,2018,4,true,,,
MCOU,DC,00173086635,TANZEUM 30,2018,3,true,,,
MCOU,DC,00173086735,TANZEUM 50,2018,3,true,,,
FFSU,DC,00173086735,TANZEUM 50,2018,3,true,,,
MCOU,DC,00173086635,TANZEUM 30,2018,2,false,48.000,12,6075.16
FFSU,DC,00173086735,TANZEUM 50,2018,2,true,,,
MCOU,DC,00173086735,TANZEUM 50,2018,2,true,,,
MCOU,DC,00173086635,TANZEUM 30,2018,1,false,56.000,16,7099.95
MCOU,DC,00173086735,TANZEUM 50,2018,1,false,52.000,13,6572.78
FFSU,DC,00173086735,TANZEUM 50,2018,1,true,,,
MCOU,DE,00173086735,TANZEUM (A,2018,4,true,,,
MCOU,DE,00173086635,TANZEUM (A,2018,3,true,,,
MCOU,DE,00173086735,TANZEUM (A,2018,3,false,88.000,20,57.50
MCOU,DE,00173086635,TANZEUM (A,2018,2,false,76.000,19,72.00
MCOU,DE,00173086735,TANZEUM (A,2018,2,false,180.000,43,114.50
MCOU,DE,00173086635,TANZEUM (A,2018,1,false,180.000,45,10475.40
FFSU,DE,00173086635,TANZEUM (A,2018,1,true,,,
MCOU,DE,00173086735,TANZEUM (A,2018,1,false,284.000,69,1235.44
MCOU,FL,00173086635,TANZEUM   ,2018,4,true,,,
MCOU,FL,00173086735,TANZEUM   ,2018,4,true,,,
MCOU,FL,00173086635,TANZEUM   ,2018,3,true,,,
MCOU,FL,00173086735,TANZEUM   ,2018,3,true,,,
MCOU,FL,00173086635,TANZEUM   ,2018,2,true,,,
MCOU,FL,00173086735,TANZEUM   ,2018,2,true,,,
MCOU,FL,00173086635,TANZEUM   ,2018,1,true,,,
MCOU,FL,00173086735,TANZEUM   ,2018,1,false,49.000,13,6260.85
FFSU,GA,00173086635,TANZEUM   ,2018,4,true,,,
MCOU,GA,00173086735,TANZEUM   ,2018,4,true,,,
FFSU,GA,00173086735,TANZEUM   ,2018,4,false,44.000,11,5609.01
FFSU,GA,00173086635,TANZEUM   ,2018,3,false,96.000,24,12212.88
MCOU,GA,00173086635,TANZEUM   ,2018,3,true,,,
MCOU,GA,00173086735,TANZEUM   ,2018,3,true,,,
FFSU,GA,00173086735,TANZEUM   ,2018,3,false,152.000,38,19344.36
MCOU,GA,00173086635,TANZEUM   ,2018,2,true,,,
FFSU,GA,00173086635,TANZEUM   ,2018,2,false,136.000,34,17319.84
FFSU,GA,00173086735,TANZEUM   ,2018,2,false,180.000,45,22933.11
MCOU,GA,00173086735,TANZEUM   ,2018,2,true,,,
FFSU,GA,00173086635,TANZEUM   ,2018,1,false,183.000,46,23358.65
MCOU,GA,00173086635,TANZEUM   ,2018,1,false,64.000,17,8308.57
FFSU,GA,00173086735,TANZEUM   ,2018,1,false,204.000,51,25924.04
MCOU,GA,00173086735,TANZEUM   ,2018,1,true,,,
MCOU,HI,00173086635,TANZEUM 30,2018,4,true,,,
MCOU,HI,00173086735,TANZEUM 50,2018,4,true,,,
MCOU,HI,00173086635,TANZEUM 30,2018,3,true,,,
MCOU,HI,00173086735,TANZEUM 50,2018,3,true,,,
MCOU,HI,00173086635,TANZEUM 30,2018,2,false,48.000,12,6348.60
MCOU,HI,00173086735,TANZEUM 50,2018,2,true,,,
MCOU,HI,00173086635,TANZEUM 30,2018,1,true,,,
MCOU,HI,00173086735,TANZEUM 50,2018,1,true,,,
MCOU,IA,00173086635,TANZEUM (A,2018,4,true,,,
MCOU,IA,00173086735,TANZEUM (A,2018,4,false,48.000,12,6043.92
MCOU,IA,00173086635,TANZEUM (A,2018,3,false,193.000,49,24258.65
MCOU,IA,00173086735,TANZEUM (A,2018,3,false,300.000,75,37774.50
FFSU,IA,00173086635,TANZEUM (A,2018,2,true,,,
MCOU,IA,00173086635,TANZEUM (A,2018,2,false,385.000,97,46437.95
MCOU,IA,00173086735,TANZEUM (A,2018,2,false,412.000,103,50009.33
FFSU,IA,00173086635,TANZEUM (A,2018,1,true,,,
MCOU,IA,00173086635,TANZEUM (A,2018,1,false,1639.000,413,207595.53
MCOU,IA,00173086735,TANZEUM (A,2018,1,false,1188.000,300,149759.23
FFSU,ID,00173086635,TANZEUM   ,2018,4,true,,,
FFSU,ID,00173086735,TANZEUM   ,2018,4,false,48.000,12,6108.73
FFSU,ID,00173086635,TANZEUM   ,2018,3,false,80.000,20,10228.77
FFSU,ID,00173086735,TANZEUM   ,2018,3,false,56.000,14,7131.57
FFSU,ID,00173086635,TANZEUM   ,2018,2,false,156.000,39,19950.71
FFSU,ID,00173086735,TANZEUM   ,2018,2,false,96.000,24,12241.45
FFSU,ID,00173086635,TANZEUM   ,2018,1,false,200.000,50,25595.75
FFSU,ID,00173086735,TANZEUM   ,2018,1,false,136.000,34,17319.27
MCOU,IL,00173086635,TANZEUM (A,2018,4,false,230.000,58,47272.67
FFSU,IL,00173086735,TANZEUM (A,2018,4,true,,,
MCOU,IL,00173086735,TANZEUM (A,2018,4,false,403.000,101,80832.97
FFSU,IL,00173086635,TANZEUM (A,2018,3,true,,,
MCOU,IL,00173086635,TANZEUM (A,2018,3,false,1093.000,275,180856.46
MCOU,IL,00173086701,TANZEUM (A,2018,3,true,,,
FFSU,IL,00173086735,TANZEUM (A,2018,3,true,,,
MCOU,IL,00173086735,TANZEUM (A,2018,3,false,1563.000,397,252158.87
MCOU,IL,00173086635,TANZEUM (A,2018,2,false,1581.000,399,207759.67
FFSU,IL,00173086635,TANZEUM (A,2018,2,true,,,
MCOU,IL,00173086701,TANZEUM (A,2018,2,true,,,
FFSU,IL,00173086735,TANZEUM (A,2018,2,true,,,
MCOU,IL,00173086735,TANZEUM (A,2018,2,false,1592.000,400,209971.64
MCOU,IL,00173086635,TANZEUM (A,2018,1,false,1268.000,315,168701.34
FFSU,IL,00173086635,TANZEUM (A,2018,1,true,,,
FFSU,IL,00173086735,TANZEUM (A,2018,1,true,,,
MCOU,IL,00173086735,TANZEUM (A,2018,1,false,1566.000,396,208410.43
MCOU,IN,00173086635,TANZEUM (A,2018,4,true,,,
FFSU,IN,00173086735,TANZEUM (A,2018,4,true,,,
MCOU,IN,00173086735,TANZEUM (A,2018,4,false,104.000,23,13480.55
MCOU,IN,00173086635,TANZEUM (A,2018,3,false,190.000,48,24723.81
MCOU,IN,00173086735,TANZEUM (A,2018,3,false,404.000,95,52322.87
FFSU,IN,00173086735,TANZEUM (A,2018,3,true,,,
MCOU,IN,00173086635,TANZEUM (A,2018,2,false,534.000,132,69442.72
FFSU,IN,00173086735,TANZEUM (A,2018,2,false,60.000,11,7649.46
MCOU,IN,00173086735,TANZEUM (A,2018,2,false,724.000,166,93734.76
FFSU,IN,00173086635,TANZEUM (A,2018,1,true,,,
MCOU,IN,00173086635,TANZEUM (A,2018,1,false,1862.000,458,243141.03
FFSU,IN,00173086735,TANZEUM (A,2018,1,false,78.000,15,9918.18
MCOU,IN,00173086735,TANZEUM (A,2018,1,false,2108.000,496,273422.56
MCOU,KS,00173086635,TANZEUM (A,2018,3,true,,,
MCOU,KS,00173086735,TANZEUM (A,2018,3,true,,,
MCOU,KS,00173086635,TANZEUM (A,2018,2,true,,,
MCOU,KS,00173086735,TANZEUM (A,2018,2,true,,,
MCOU,KS,00173086635,TANZEUM (A,2018,1,true,,,
MCOU,KS,00173086735,TANZEUM (A,2018,1,true,,,
MCOU,KY,00173086635,TANZEUM   ,2018,4,false,56.000,14,7349.04
MCOU,KY,00173086735,TANZEUM   ,2018,4,false,44.000,11,5752.70
MCOU,KY,00173086635,TANZEUM   ,2018,3,false,263.000,68,34337.23
MCOU,KY,00173086735,TANZEUM   ,2018,3,false,240.000,60,31287.53
MCOU,KY,00173086635,TANZEUM   ,2018,2,false,478.000,121,62377.77
MCOU,KY,00173086735,TANZEUM   ,2018,2,false,332.000,83,43312.87
MCOU,KY,00173086635,TANZEUM   ,2018,1,false,756.000,189,98539.68
MCOU,KY,00173086735,TANZEUM   ,2018,1,false,584.000,146,76083.05
MCOU,LA,00173086635,TANZEUM   ,2018,4,false,72.000,18,9430.53
FFSU,LA,00173086635,TANZEUM   ,2018,4,true,,,
MCOU,LA,00173086735,TANZEUM   ,2018,4,false,121.000,32,15901.58
MCOU,LA,00173086601,TANZEUM   ,2018,3,true,,,
FFSU,LA,00173086635,TANZEUM   ,2018,3,true,,,
MCOU,LA,00173086635,TANZEUM   ,2018,3,false,370.000,89,48261.64
MCOU,LA,00173086735,TANZEUM   ,2018,3,false,355.000,91,46550.80
MCOU,LA,00173086601,TANZEUM   ,2018,2,true,,,
FFSU,LA,00173086635,TANZEUM   ,2018,2,true,,,
MCOU,LA,00173086635,TANZEUM   ,2018,2,false,612.000,150,80076.61
FFSU,LA,00173086735,TANZEUM   ,2018,2,true,,,
MCOU,LA,00173086735,TANZEUM   ,2018,2,false,483.000,124,63283.80
MCOU,LA,00173086635,TANZEUM   ,2018,1,false,860.000,215,111619.76
MCOU,LA,00173086735,TANZEUM   ,2018,1,false,722.000,183,94323.88
MCOU,MA,00173086735,TANZEUM 50,2018,4,false,52.000,12,6767.06
FFSU,MA,00173086635,TANZEUM 30,2018,3,true,,,
MCOU,MA,00173086635,TANZEUM 30,2018,3,true,,,
MCOU,MA,00173086735,TANZEUM 50,2018,3,false,100.000,23,13062.72
FFSU,MA,00173086735,TANZEUM 50,2018,3,true,,,
MCOU,MA,00173086635,TANZEUM 30,2018,2,false,46.000,13,6052.14
FFSU,MA,00173086635,TANZEUM 30,2018,2,true,,,
FFSU,MA,00173086735,TANZEUM 50,2018,2,false,56.000,14,7172.20
MCOU,MA,00173086735,TANZEUM 50,2018,2,false,80.000,18,10520.54
MCOU,MA,00173086635,TANZEUM 30,2018,1,false,66.000,13,8773.76
FFSU,MA,00173086635,TANZEUM 30,2018,1,true,,,
MCOU,MA,00173086735,TANZEUM 50,2018,1,false,96.000,24,12777.51
FFSU,MA,00173086735,TANZEUM 50,2018,1,false,92.000,23,11734.83
MCOU,MD,00173086601,TANZEUM 30,2018,4,true,,,
MCOU,MD,00173086635,TANZEUM 30,2018,4,false,54.000,14,7012.79
MCOU,MD,00173086735,TANZEUM 50,2018,4,false,130.000,31,16752.60
MCOU,MD,00173086601,TANZEUM 30,2018,3,true,,,
MCOU,MD,00173086635,TANZEUM 30,2018,3,false,458.000,118,60074.91
MCOU,MD,00173086701,TANZEUM 50,2018,3,true,,,
FFSU,MD,00173086735,TANZEUM 50,2018,3,true,,,
MCOU,MD,00173086735,TANZEUM 50,2018,3,false,794.000,203,103566.35
MCOU,MD,00173086601,TANZEUM 30,2018,2,true,,,
MCOU,MD,00173086635,TANZEUM 30,2018,2,false,1054.000,274,139275.63
MCOU,MD,00173086701,TANZEUM 50,2018,2,true,,,
MCOU,MD,00173086735,TANZEUM 50,2018,2,false,1417.000,359,184652.07
MCOU,MD,00173086601,TANZEUM 30,2018,1,true,,,
MCOU,MD,00173086635,TANZEUM 30,2018,1,false,1631.000,420,213162.09
MCOU,MD,00173086735,TANZEUM 50,2018,1,false,1847.000,472,240439.95
FFSU,ME,00173086635,TANZEUM   ,2018,4,true,,,
FFSU,ME,00173086735,TANZEUM   ,2018,4,true,,,
FFSU,ME,00173086635,TANZEUM   ,2018,3,false,48.000,12,6133.56
FFSU,ME,00173086735,TANZEUM   ,2018,3,false,112.000,28,14354.76
FFSU,ME,00173086635,TANZEUM   ,2018,2,false,92.000,23,11780.93
FFSU,ME,00173086735,TANZEUM   ,2018,2,false,216.000,54,27689.00
FFSU,ME,00173086635,TANZEUM   ,2018,1,false,80.000,20,10253.80
FFSU,ME,00173086735,TANZEUM   ,2018,1,false,200.000,50,25549.90
MCOU,MI,00173086635,TANZEUM   ,2018,4,false,131.000,34,17074.61
MCOU,MI,00173086735,TANZEUM   ,2018,4,false,416.000,104,54340.52
MCOU,MI,00173086602,TANZEUM   ,2018,3,true,,,
MCOU,MI,00173086635,TANZEUM   ,2018,3,false,1440.000,366,188750.55
MCOU,MI,00173086701,TANZEUM   ,2018,3,true,,,
MCOU,MI,00173086735,TANZEUM   ,2018,3,false,3029.000,761,396753.17
MCOU,MI,00173086601,TANZEUM   ,2018,2,true,,,
FFSU,MI,00173086635,TANZEUM   ,2018,2,true,,,
MCOU,MI,00173086635,TANZEUM   ,2018,2,false,2797.000,715,365823.72
MCOU,MI,00173086701,TANZEUM   ,2018,2,true,,,
MCOU,MI,00173086735,TANZEUM   ,2018,2,false,3852.000,968,505148.36
MCOU,MI,00173086601,TANZEUM   ,2018,1,true,,,
MCOU,MI,00173086635,TANZEUM   ,2018,1,false,3126.000,794,409406.61
FFSU,MI,00173086635,TANZEUM   ,2018,1,false,52.000,13,6633.20
MCOU,MI,00173086701,TANZEUM   ,2018,1,true,,,
FFSU,MI,00173086735,TANZEUM   ,2018,1,true,,,
MCOU,MI,00173086735,TANZEUM   ,2018,1,false,3804.000,956,498843.05
MCOU,MN,00173086635,TANZEUM   ,2018,4,true,,,
MCOU,MN,00173086735,TANZEUM   ,2018,4,true,,,
MCOU,MN,00173086635,TANZEUM   ,2018,3,true,,,
MCOU,MN,00173086735,TANZEUM   ,2018,3,true,,,
MCOU,MN,00173086635,TANZEUM   ,2018,2,true,,,
MCOU,MN,00173086735,TANZEUM   ,2018,2,true,,,
MCOU,MN,00173086635,TANZEUM   ,2018,1,true,,,
FFSU,MN,00173086735,TANZEUM   ,2018,1,true,,,
MCOU,MN,00173086735,TANZEUM   ,2018,1,false,44.000,11,5808.19
FFSU,MO,00173086735,TANZEUM   ,2018,4,true,,,
FFSU,MO,00173086635,TANZEUM   ,2018,3,true,,,
FFSU,MO,00173086735,TANZEUM   ,2018,3,true,,,
FFSU,MO,00173086635,TANZEUM   ,2018,2,true,,,
FFSU,MO,00173086735,TANZEUM   ,2018,2,true,,,
FFSU,MO,00173086635,TANZEUM   ,2018,1,true,,,
FFSU,MO,00173086735,TANZEUM   ,2018,1,false,56.000,14,7282.80
MCOU,MS,00173086635,TANZEUM 30,2018,4,true,,,
MCOU,MS,00173086735,TANZEUM 50,2018,4,true,,,
MCOU,MS,00173086635,TANZEUM 30,2018,3,false,64.000,16,8200.48
MCOU,MS,00173086735,TANZEUM 50,2018,3,false,96.000,24,12253.68
FFSU,MS,00173086735,TANZEUM 50,2018,3,true,,,
MCOU,MS,00173086635,TANZEUM 30,2018,2,false,116.000,29,14873.33
FFSU,MS,00173086735,TANZEUM 50,2018,2,true,,,
MCOU,MS,00173086735,TANZEUM 50,2018,2,false,136.000,34,17461.38
MCOU,MS,00173086635,TANZEUM 30,2018,1,false,164.000,41,20958.79
FFSU,MS,00173086735,TANZEUM 50,2018,1,true,,,
MCOU,MS,00173086735,TANZEUM 50,2018,1,false,188.000,48,23931.92
FFSU,MT,00173086735,TANZEUM 50,2018,4,true,,,
FFSU,MT,00173086635,TANZEUM 30,2018,3,true,,,
FFSU,MT,00173086735,TANZEUM 50,2018,3,true,,,
FFSU,MT,00173086635,TANZEUM 30,2018,2,false,64.000,16,8300.54
FFSU,MT,00173086735,TANZEUM 50,2018,2,false,68.000,17,8710.54
FFSU,MT,00173086635,TANZEUM 30,2018,1,false,80.000,20,10357.84
FFSU,MT,00173086735,TANZEUM 50,2018,1,false,80.000,20,10232.58
MCOU,XX,00173086601,TANZEUM (A,2018,4,true,,,
FFSU,XX,00173086635,TANZEUM (A,2018,4,false,483.000,115,61401.59
MCOU,XX,00173086635,TANZEUM (A,2018,4,false,1371.000,345,192009.68
MCOU,XX,00173086701,TANZEUM (A,2018,4,true,,,
FFSU,XX,00173086735,TANZEUM (A,2018,4,false,744.000,184,94784.39
MCOU,XX,00173086735,TANZEUM (A,2018,4,false,2738.000,682,374053.97
FFSU,XX,00173086601,TANZEUM (A,2018,3,true,,,
MCOU,XX,00173086601,TANZEUM (A,2018,3,false,68.000,17,2068.74
MCOU,XX,00173086602,TANZEUM (A,2018,3,true,,,
FFSU,XX,00173086635,TANZEUM (A,2018,3,false,1684.000,409,213402.80
MCOU,XX,00173086635,TANZEUM (A,2018,3,false,9596.000,2417,912537.22
MCOU,XX,00173086701,TANZEUM (A,2018,3,false,68.000,17,4670.94
FFSU,XX,00173086735,TANZEUM (A,2018,3,false,2156.000,524,274290.42
MCOU,XX,00173086735,TANZEUM (A,2018,3,false,14709.000,3669,1434493.54
FFSU,XX,00173086601,TANZEUM (A,2018,2,true,,,
MCOU,XX,00173086601,TANZEUM (A,2018,2,false,74.000,19,5391.99
FFSU,XX,00173086635,TANZEUM (A,2018,2,false,2384.000,590,304028.48
MCOU,XX,00173086635,TANZEUM (A,2018,2,false,18849.000,4739,1666652.79
MCOU,XX,00173086701,TANZEUM (A,2018,2,false,104.000,26,8826.98
FFSU,XX,00173086735,TANZEUM (A,2018,2,false,2989.000,732,380970.19
MCOU,XX,00173086735,TANZEUM (A,2018,2,false,19640.000,4897,1854862.01
FFSU,XX,00173086601,TANZEUM (A,2018,1,true,,,
MCOU,XX,00173086601,TANZEUM (A,2018,1,false,110.000,30,13642.32
FFSU,XX,00173086635,TANZEUM (A,2018,1,false,3624.000,890,459750.84
MCOU,XX,00173086635,TANZEUM (A,2018,1,false,26247.000,6588,3347843.85
MCOU,XX,00173086701,TANZEUM (A,2018,1,false,96.000,24,12276.65
FFSU,XX,00173086735,TANZEUM (A,2018,1,false,3967.000,971,503594.58
MCOU,XX,00173086735,TANZEUM (A,2018,1,false,26576.000,6627,3383913.70
FFSU,NC,00173086635,TANZEUM   ,2018,4,false,280.000,71,35148.48
FFSU,NC,00173086735,TANZEUM   ,2018,4,false,416.000,104,52327.10
FFSU,NC,00173086635,TANZEUM   ,2018,3,false,856.000,215,107460.02
FFSU,NC,00173086735,TANZEUM   ,2018,3,false,1069.000,266,133621.93
FFSU,NC,00173086635,TANZEUM   ,2018,2,false,984.000,247,123266.58
FFSU,NC,00173086735,TANZEUM   ,2018,2,false,1196.000,299,149612.42
FFSU,NC,00173086635,TANZEUM   ,2018,1,false,1720.000,426,215686.98
FFSU,NC,00173086735,TANZEUM   ,2018,1,false,1768.000,442,220787.05
MCOU,NE,00173086635,TANZEUM (A,2018,4,true,,,
MCOU,NE,00173086635,TANZEUM (A,2018,3,true,,,
MCOU,NE,00173086635,TANZEUM (A,2018,2,true,,,
MCOU,NE,00173086635,TANZEUM (A,2018,1,true,,,
MCOU,NH,00173086635,TANZEUM   ,2018,3,true,,,
MCOU,NH,00173086735,TANZEUM   ,2018,3,true,,,
MCOU,NH,00173086735,TANZEUM   ,2018,2,true,,,
MCOU,NH,00173086635,TANZEUM   ,2018,1,true,,,
MCOU,NH,00173086735,TANZEUM   ,2018,1,true,,,
MCOU,NJ,00173086635,TANZEUM (A,2018,4,false,80.000,18,10079.15
MCOU,NJ,00173086735,TANZEUM (A,2018,4,false,128.000,32,16175.21
MCOU,NJ,00173086635,TANZEUM (A,2018,3,false,396.000,98,50152.82
FFSU,NJ,00173086635,TANZEUM (A,2018,3,true,,,
FFSU,NJ,00173086735,TANZEUM (A,2018,3,true,,,
MCOU,NJ,00173086735,TANZEUM (A,2018,3,false,652.000,157,82396.76
MCOU,NJ,00173086601,TANZEUM (A,2018,2,true,,,
MCOU,NJ,00173086635,TANZEUM (A,2018,2,false,814.000,195,102819.12
MCOU,NJ,00173086735,TANZEUM (A,2018,2,false,868.000,212,110008.70
FFSU,NJ,00173086735,TANZEUM (A,2018,2,true,,,
MCOU,NJ,00173086601,TANZEUM (A,2018,1,true,,,
FFSU,NJ,00173086635,TANZEUM (A,2018,1,true,,,
MCOU,NJ,00173086635,TANZEUM (A,2018,1,false,1180.000,296,146183.57
MCOU,NJ,00173086735,TANZEUM (A,2018,1,false,1123.000,282,140039.12
FFSU,NJ,00173086735,TANZEUM (A,2018,1,true,,,
MCOU,NM,00173086635,TANZEUM 30,2018,3,false,52.000,13,6781.12
MCOU,NM,00173086735,TANZEUM 50,2018,3,false,96.000,24,12316.37
MCOU,NM,00173086635,TANZEUM 30,2018,2,false,132.000,33,17085.32
MCOU,NM,00173086735,TANZEUM 50,2018,2,false,120.000,30,15397.45
FFSU,NM,00173086635,TANZEUM 30,2018,1,true,,,
MCOU,NM,00173086635,TANZEUM 30,2018,1,false,128.000,32,17204.70
MCOU,NM,00173086735,TANZEUM 50,2018,1,false,128.000,32,17366.84
FFSU,NV,00173086635,TANZEUM (A,2018,4,true,,,
MCOU,NV,00173086635,TANZEUM (A,2018,4,true,,,
FFSU,NV,00173086735,TANZEUM (A,2018,4,true,,,
MCOU,NV,00173086735,TANZEUM (A,2018,4,false,48.000,12,6305.55
MCOU,NV,00173086635,TANZEUM (A,2018,3,false,258.000,64,34244.01
FFSU,NV,00173086635,TANZEUM (A,2018,3,true,,,
FFSU,NV,00173086735,TANZEUM (A,2018,3,true,,,
MCOU,NV,00173086735,TANZEUM (A,2018,3,false,216.000,54,28586.15
MCOU,NV,00173086601,TANZEUM (A,2018,2,true,,,
FFSU,NV,00173086635,TANZEUM (A,2018,2,true,,,
MCOU,NV,00173086635,TANZEUM (A,2018,2,false,475.000,120,63097.87
MCOU,NV,00173086735,TANZEUM (A,2018,2,false,400.000,100,53198.04
FFSU,NV,00173086735,TANZEUM (A,2018,2,true,,,
FFSU,NV,00173086635,TANZEUM (A,2018,1,true,,,
MCOU,NV,00173086635,TANZEUM (A,2018,1,false,475.000,121,63588.14
FFSU,NV,00173086735,TANZEUM (A,2018,1,false,69.000,12,8773.80
MCOU,NV,00173086735,TANZEUM (A,2018,1,false,758.000,190,100111.27
MCOU,NY,00173086601,TANZEUM   ,2018,4,true,,,
MCOU,NY,00173086635,TANZEUM   ,2018,4,false,338.000,84,41088.29
FFSU,NY,00173086635,TANZEUM   ,2018,4,true,,,
MCOU,NY,00173086701,TANZEUM   ,2018,4,true,,,
MCOU,NY,00173086735,TANZEUM   ,2018,4,false,531.000,133,65314.73
FFSU,NY,00173086735,TANZEUM   ,2018,4,true,,,
MCOU,NY,00173086601,TANZEUM   ,2018,3,false,52.000,13,0.00
MCOU,NY,00173086635,TANZEUM   ,2018,3,false,2849.000,718,0.01
FFSU,NY,00173086635,TANZEUM   ,2018,3,false,68.000,15,8671.09
MCOU,NY,00173086701,TANZEUM   ,2018,3,true,,,
MCOU,NY,00173086735,TANZEUM   ,2018,3,false,4002.000,996,10630.48
FFSU,NY,00173086735,TANZEUM   ,2018,3,true,,,
MCOU,NY,00173086601,TANZEUM   ,2018,2,true,,,
FFSU,NY,00173086635,TANZEUM   ,2018,2,false,108.000,27,13826.72
MCOU,NY,00173086635,TANZEUM   ,2018,2,false,5992.000,1498,3059.06
MCOU,NY,00173086701,TANZEUM   ,2018,2,true,,,
FFSU,NY,00173086735,TANZEUM   ,2018,2,false,104.000,26,13316.28
MCOU,NY,00173086735,TANZEUM   ,2018,2,false,5283.000,1320,12270.67
MCOU,NY,00173086601,TANZEUM   ,2018,1,false,48.000,12,5621.58
MCOU,NY,00173086635,TANZEUM   ,2018,1,false,7823.000,1958,967783.01
FFSU,NY,00173086635,TANZEUM (A,2018,1,false,164.000,41,21309.94
MCOU,NY,00173086701,TANZEUM (A,2018,1,false,60.000,15,7633.04
FFSU,NY,00173086735,TANZEUM (A,2018,1,false,200.000,50,25997.63
MCOU,NY,00173086735,TANZEUM   ,2018,1,false,6988.000,1742,875445.15
MCOU,OH,00173086635,TANZEUM (A,2018,4,false,92.000,23,11580.77
MCOU,OH,00173086735,TANZEUM (A,2018,4,false,116.000,29,14488.63
FFSU,OH,00173086635,TANZEUM (A,2018,3,true,,,
MCOU,OH,00173086635,TANZEUM (A,2018,3,false,464.000,116,58196.80
MCOU,OH,00173086701,TANZEUM (A,2018,3,true,,,
MCOU,OH,00173086735,TANZEUM (A,2018,3,false,612.000,154,77125.05
MCOU,OH,00173086635,TANZEUM (A,2018,2,false,856.000,214,110843.85
MCOU,OH,00173086701,TANZEUM (A,2018,2,true,,,
MCOU,OH,00173086735,TANZEUM (A,2018,2,false,814.000,204,105275.02
MCOU,OH,00173086635,TANZEUM (A,2018,1,false,856.000,215,111908.16
MCOU,OH,00173086701,TANZEUM (A,2018,1,true,,,
MCOU,OH,00173086735,TANZEUM (A,2018,1,false,924.000,234,120732.56
FFSU,OK,00173086635,TANZEUM (A,2018,4,true,,,
FFSU,OK,00173086735,TANZEUM (A,2018,4,true,,,
FFSU,OK,00173086635,TANZEUM (A,2018,3,true,,,
FFSU,OK,00173086735,TANZEUM (A,2018,3,true,,,
FFSU,OK,00173086635,TANZEUM (A,2018,2,true,,,
FFSU,OK,00173086735,TANZEUM (A,2018,2,true,,,
FFSU,OK,00173086635,TANZEUM (A,2018,1,true,,,
FFSU,OK,00173086735,TANZEUM (A,2018,1,true,,,
MCOU,OR,00173086635,TANZEUM (A,2018,4,true,,,
MCOU,OR,00173086735,TANZEUM (A,2018,4,true,,,
MCOU,OR,00173086635,TANZEUM (A,2018,3,false,156.000,39,20101.16
MCOU,OR,00173086735,TANZEUM (A,2018,3,false,272.000,68,35074.74
MCOU,OR,00173086635,TANZEUM (A,2018,2,false,332.000,83,42905.07
MCOU,OR,00173086735,TANZEUM (A,2018,2,false,320.000,83,41323.48
MCOU,OR,00173086635,TANZEUM (A,2018,1,false,444.000,111,57759.80
FFSU,OR,00173086635,TANZEUM (A,2018,1,true,,,
MCOU,OR,00173086701,TANZEUM (A,2018,1,true,,,
MCOU,OR,00173086735,TANZEUM (A,2018,1,false,441.000,111,57149.28
MCOU,PA,00173086635,TANZEUM (A,2018,4,true,,,
MCOU,PA,00173086735,TANZEUM (A,2018,4,false,77.000,20,10005.60
MCOU,PA,00173086635,TANZEUM (A,2018,3,false,367.000,95,47886.91
FFSU,PA,00173086735,TANZEUM (A,2018,3,true,,,
MCOU,PA,00173086735,TANZEUM (A,2018,3,false,444.000,115,57734.93
FFSU,PA,00173086635,TANZEUM (A,2018,2,true,,,
MCOU,PA,00173086635,TANZEUM (A,2018,2,false,569.000,146,75345.58
FFSU,PA,00173086735,TANZEUM (A,2018,2,true,,,
MCOU,PA,00173086735,TANZEUM (A,2018,2,false,615.000,156,80050.71
MCOU,PA,00173086601,TANZEUM (A,2018,1,true,,,
MCOU,PA,00173086635,TANZEUM (A,2018,1,false,747.000,188,97205.09
FFSU,PA,00173086635,TANZEUM (A,2018,1,true,,,
FFSU,PA,00173086735,TANZEUM (A,2018,1,true,,,
MCOU,PA,00173086735,TANZEUM (A,2018,1,false,772.000,193,100783.40
MCOU,RI,00173086635,TANZEUM (A,2018,4,true,,,
MCOU,RI,00173086735,TANZEUM (A,2018,4,true,,,
MCOU,RI,00173086635,TANZEUM (A,2018,3,true,,,
MCOU,RI,00173086735,TANZEUM (A,2018,3,true,,,
MCOU,RI,00173086635,TANZEUM (A,2018,2,true,,,
MCOU,RI,00173086735,TANZEUM (A,2018,2,false,48.000,12,6269.69
MCOU,RI,00173086635,TANZEUM (A,2018,1,true,,,
MCOU,RI,00173086735,TANZEUM (A,2018,1,false,45.000,12,5905.83
FFSU,RI,00173086735,TANZEUM (A,2018,1,true,,,
FFSU,SC,00173086635,TANZEUM   ,2018,4,true,,,
MCOU,SC,00173086735,TANZEUM   ,2018,4,true,,,
FFSU,SC,00173086635,TANZEUM   ,2018,3,true,,,
MCOU,SC,00173086635,TANZEUM   ,2018,3,true,,,
MCOU,SC,00173086735,TANZEUM   ,2018,3,true,,,
MCOU,SC,00173086635,TANZEUM   ,2018,2,true,,,
MCOU,SC,00173086735,TANZEUM   ,2018,2,true,,,
MCOU,SC,00173086635,TANZEUM   ,2018,1,true,,,
FFSU,SC,00173086635,TANZEUM   ,2018,1,true,,,
MCOU,SC,00173086735,TANZEUM   ,2018,1,false,52.000,13,6736.69
FFSU,TN,00173086635,TANZEUM (A,2018,4,true,,,
FFSU,TN,00173086635,TANZEUM (A,2018,3,true,,,
FFSU,TN,00173086635,TANZEUM (A,2018,2,true,,,
FFSU,TN,00173086735,TANZEUM (A,2018,2,true,,,
FFSU,TN,00173086635,TANZEUM (A,2018,1,true,,,
FFSU,TN,00173086735,TANZEUM (A,2018,1,true,,,
MCOU,TX,00173086635,TANZEUM 30,2018,4,true,,,
MCOU,TX,00173086735,TANZEUM 50,2018,4,true,,,
MCOU,TX,00173086635,TANZEUM 30,2018,3,false,48.000,12,6197.91
MCOU,TX,00173086735,TANZEUM 50,2018,3,false,72.000,18,9317.48
MCOU,TX,00173086635,TANZEUM 30,2018,2,false,48.000,12,6178.44
MCOU,TX,00173086735,TANZEUM 50,2018,2,false,100.000,25,12958.45
MCOU,TX,00173086635,TANZEUM 30,2018,1,true,,,
MCOU,TX,00173086735,TANZEUM 50,2018,1,false,136.000,34,17606.35
MCOU,UT,00173086635,TANZEUM (A,2018,4,true,,,
FFSU,UT,00173086735,TANZEUM (A,2018,4,true,,,
MCOU,UT,00173086735,TANZEUM (A,2018,4,true,,,
FFSU,UT,00173086635,TANZEUM (A,2018,3,true,,,
MCOU,UT,00173086635,TANZEUM (A,2018,3,true,,,
MCOU,UT,00173086735,TANZEUM (A,2018,3,true,,,
FFSU,UT,00173086735,TANZEUM (A,2018,3,true,,,
FFSU,UT,00173086635,TANZEUM (A,2018,2,true,,,
MCOU,UT,00173086635,TANZEUM (A,2018,2,true,,,
MCOU,UT,00173086735,TANZEUM (A,2018,2,true,,,
FFSU,UT,00173086735,TANZEUM (A,2018,2,true,,,
MCOU,UT,00173086635,TANZEUM (A,2018,1,true,,,
FFSU,UT,00173086635,TANZEUM (A,2018,1,false,104.000,26,11906.52
MCOU,UT,00173086735,TANZEUM (A,2018,1,true,,,
FFSU,UT,00173086735,TANZEUM (A,2018,1,true,,,
MCOU,VA,00173086635,TANZEUM   ,2018,4,true,,,
MCOU,VA,00173086735,TANZEUM   ,2018,4,true,,,
MCOU,VA,00173086635,TANZEUM   ,2018,3,false,80.000,20,10245.11
FFSU,VA,00173086635,TANZEUM   ,2018,3,true,,,
MCOU,VA,00173086735,TANZEUM   ,2018,3,false,80.000,20,10231.67
FFSU,VA,00173086635,TANZEUM   ,2018,2,true,,,
MCOU,VA,00173086635,TANZEUM   ,2018,2,false,196.000,49,25260.85
MCOU,VA,00173086701,TANZEUM   ,2018,2,true,,,
MCOU,VA,00173086735,TANZEUM   ,2018,2,false,152.000,38,19377.60
MCOU,VA,00173086635,TANZEUM   ,2018,1,false,408.000,102,52550.14
FFSU,VA,00173086635,TANZEUM   ,2018,1,true,,,
FFSU,VA,00173086735,TANZEUM   ,2018,1,true,,,
MCOU,VA,00173086735,TANZEUM   ,2018,1,false,370.000,93,47166.29
FFSU,VT,00173086635,TANZEUM (A,2018,4,true,,,
FFSU,VT,00173086735,TANZEUM (A,2018,4,true,,,
FFSU,VT,00173086635,TANZEUM (A,2018,3,true,,,
FFSU,VT,00173086735,TANZEUM (A,2018,3,false,64.000,16,8166.56
FFSU,VT,00173086635,TANZEUM (A,2018,2,true,,,
FFSU,VT,00173086735,TANZEUM (A,2018,2,false,80.000,20,10208.20
FFSU,VT,00173086635,TANZEUM (A,2018,1,true,,,
FFSU,VT,00173086735,TANZEUM (A,2018,1,false,96.000,24,12210.13
MCOU,WA,00173086635,TANZEUM (A,2018,4,true,,,
MCOU,WA,00173086735,TANZEUM (A,2018,4,false,80.000,20,10130.40
MCOU,WA,00173086635,TANZEUM (A,2018,3,false,108.000,27,13650.57
MCOU,WA,00173086735,TANZEUM (A,2018,3,false,152.000,38,19247.76
MCOU,WA,00173086635,TANZEUM (A,2018,2,false,324.000,81,40972.70
MCOU,WA,00173086735,TANZEUM (A,2018,2,false,288.000,72,36471.36
MCOU,WA,00173086601,TANZEUM (A,2018,1,true,,,
MCOU,WA,00173086635,TANZEUM (A,2018,1,false,412.000,103,52242.29
MCOU,WA,00173086735,TANZEUM (A,2018,1,false,456.000,114,57544.56
FFSU,WI,00173086635,TANZEUM (A,2018,3,true,,,
FFSU,WI,00173086735,TANZEUM (A,2018,3,true,,,
MCOU,WI,00173086735,TANZEUM (A,2018,3,true,,,
FFSU,WI,00173086635,TANZEUM (A,2018,2,true,,,
MCOU,WI,00173086735,TANZEUM (A,2018,2,true,,,
FFSU,WI,00173086735,TANZEUM (A,2018,2,true,,,
FFSU,WI,00173086635,TANZEUM (A,2018,1,true,,,
MCOU,WI,00173086735,TANZEUM (A,2018,1,true,,,
FFSU,WI,00173086735,TANZEUM (A,2018,1,false,44.000,11,5465.61
FFSU,WV,00173086635,TANZEUM 30,2018,3,true,,,
FFSU,WV,00173086635,TANZEUM 30,2018,2,true,,,
FFSU,WV,00173086635,TANZEUM 30,2018,1,true,,,
FFSU,WV,00173086735,TANZEUM 50,2018,1,true,,,
