utilization_type,state,ndc,product_name,year,quarter,suppression_used,units_reimbursed,number_of_prescriptions,total_amount_reimbursed
FFSU,AK,00169413013,OZEMPIC   ,2023,4,false,5301.000,1757,1545662.45
FFSU,AK,00169413212,OZEMPIC   ,2023,4,true,,,
FFSU,AK,00169418113,OZEMPIC   ,2023,4,false,4293.000,1431,1259630.12
FFSU,AK,00169477211,OZEMPIC   ,2023,4,true,,,
FFSU,AK,00169477212,OZEMPIC   ,2023,4,false,2745.000,915,810763.25
FFSU,AK,00169413013,OZEMPIC   ,2023,3,false,5537.000,1830,1612413.17
FFSU,AK,00169413211,OZEMPIC   ,2023,3,true,,,
FFSU,AK,00169413212,OZEMPIC   ,2023,3,false,21.000,13,13546.92
FFSU,AK,00169418113,OZEMPIC   ,2023,3,false,5011.500,1671,1462629.20
FFSU,AK,00169477212,OZEMPIC   ,2023,3,false,2757.000,919,814976.73
FFSU,AK,00169413013,OZEMPIC   ,2023,2,false,5769.000,1862,1675097.26
FFSU,AK,00169413212,OZEMPIC   ,2023,2,false,592.500,381,334125.21
FFSU,AK,00169418113,OZEMPIC   ,2023,2,false,4761.000,1585,1410613.49
FFSU,AK,00169477212,OZEMPIC   ,2023,2,false,2841.000,930,833735.25
FFSU,AK,00169413013,OZEMPIC   ,2023,1,false,5672.000,1768,1634616.36
FFSU,AK,00169413212,OZEMPIC   ,2023,1,false,2167.500,1370,1247554.32
FFSU,AK,00169418113,OZEMPIC   ,2023,1,false,135.000,45,42877.83
FFSU,AK,00169477212,OZEMPIC   ,2023,1,false,1920.000,613,559252.48
FFSU,AL,00169413013,OZEMPIC 1M,2023,4,false,4031.000,1338,1240903.07
FFSU,AL,00169413212,OZEMPIC 0.,2023,4,true,,,
FFSU,AL,00169418113,OZEMPIC 0.,2023,4,false,4632.000,1535,1422565.24
FFSU,AL,00169477211,OZEMPIC 2M,2023,4,true,,,
FFSU,AL,00169477212,OZEMPIC 2M,2023,4,false,1578.000,524,495936.78
FFSU,AL,00169413013,OZEMPIC 1M,2023,3,false,4070.000,1351,1260204.88
FFSU,AL,00169413212,OZEMPIC 0.,2023,3,false,46.500,31,28432.58
FFSU,AL,00169418113,OZEMPIC 0.,2023,3,false,4425.000,1474,1355175.96
FFSU,AL,00169477211,OZEMPIC 2M,2023,3,true,,,
FFSU,AL,00169477212,OZEMPIC 2M,2023,3,false,1857.000,619,579758.58
FFSU,AL,00169413013,OZEMPIC 1M,2023,2,false,4167.000,1384,1270174.07
FFSU,AL,00169413212,OZEMPIC 0.,2023,2,false,546.000,361,330536.62
FFSU,AL,00169418113,OZEMPIC 0.,2023,2,false,3075.000,1026,942142.58
FFSU,AL,00169477211,OZEMPIC 2M,2023,2,true,,,
FFSU,AL,00169477212,OZEMPIC 2M,2023,2,false,1875.000,623,574200.00
FFSU,AL,00169413001,OZEMPIC 1M,2023,1,true,,,
FFSU,AL,00169413013,OZEMPIC 1M,2023,1,false,3632.000,1198,1097722.79
FFSU,AL,00169413211,OZEMPIC 0.,2023,1,true,,,
FFSU,AL,00169413212,OZEMPIC 0.,2023,1,false,2076.000,1378,1258408.11
FFSU,AL,00169413602,OZEMPIC 1M,2023,1,true,,,
FFSU,AL,00169418113,OZEMPIC 0.,2023,1,false,58.500,20,19548.17
FFSU,AL,00169477212,OZEMPIC 2M,2023,1,false,1323.000,442,404001.44
FFSU,AR,00169413013,OZEMPIC   ,2023,4,false,297.000,98,90140.20
MCOU,AR,00169413013,OZEMPIC   ,2023,4,false,72.000,24,22199.93
MCOU,AR,00169418113,OZEMPIC   ,2023,4,false,153.000,51,47336.95
FFSU,AR,00169418113,OZEMPIC   ,2023,4,false,201.000,67,60934.94
FFSU,AR,00169477212,OZEMPIC   ,2023,4,false,192.000,64,58246.34
MCOU,AR,00169477212,OZEMPIC   ,2023,4,false,63.000,21,19478.41
FFSU,AR,00169413013,OZEMPIC   ,2023,3,false,297.000,98,90209.32
MCOU,AR,00169413013,OZEMPIC   ,2023,3,false,84.000,28,25942.36
FFSU,AR,00169418113,OZEMPIC   ,2023,3,false,141.000,47,42710.21
MCOU,AR,00169418113,OZEMPIC   ,2023,3,false,177.000,59,54719.86
MCOU,AR,00169477212,OZEMPIC   ,2023,3,false,69.000,23,21374.13
FFSU,AR,00169477212,OZEMPIC   ,2023,3,false,150.000,51,45494.31
MCOU,AR,00169413013,OZEMPIC   ,2023,2,false,99.000,33,30624.66
FFSU,AR,00169413013,OZEMPIC   ,2023,2,false,186.000,62,56543.54
FFSU,AR,00169413212,OZEMPIC   ,2023,2,true,,,
MCOU,AR,00169413212,OZEMPIC   ,2023,2,true,,,
MCOU,AR,00169418113,OZEMPIC   ,2023,2,false,139.500,47,43287.33
FFSU,AR,00169418113,OZEMPIC   ,2023,2,false,93.000,31,28823.97
MCOU,AR,00169477212,OZEMPIC   ,2023,2,false,57.000,19,17565.75
FFSU,AR,00169477212,OZEMPIC   ,2023,2,false,114.000,38,34451.67
MCOU,AR,00169413013,OZEMPIC   ,2023,1,false,72.000,24,22090.57
FFSU,AR,00169413013,OZEMPIC   ,2023,1,false,87.000,29,26196.54
FFSU,AR,00169413212,OZEMPIC   ,2023,1,false,40.500,27,24356.33
MCOU,AR,00169413212,OZEMPIC   ,2023,1,false,39.000,26,23918.86
MCOU,AR,00169418113,OZEMPIC   ,2023,1,true,,,
FFSU,AR,00169477212,OZEMPIC   ,2023,1,false,66.000,22,19831.60
MCOU,AR,00169477212,OZEMPIC   ,2023,1,false,45.000,15,13823.28
FFSU,AZ,00169413013,OZEMPIC   ,2023,4,true,,,
MCOU,AZ,00169413013,OZEMPIC   ,2023,4,false,1254.000,343,377395.05
MCOU,AZ,00169418113,OZEMPIC   ,2023,4,false,1395.000,419,420912.72
FFSU,AZ,00169418113,OZEMPIC   ,2023,4,true,,,
MCOU,AZ,00169477211,OZEMPIC   ,2023,4,true,,,
FFSU,AZ,00169477212,OZEMPIC   ,2023,4,true,,,
MCOU,AZ,00169477212,OZEMPIC   ,2023,4,false,714.000,212,213935.26
FFSU,AZ,00169413013,OZEMPIC   ,2023,3,true,,,
MCOU,AZ,00169413013,OZEMPIC   ,2023,3,false,1278.000,355,383493.75
MCOU,AZ,00169413212,OZEMPIC   ,2023,3,true,,,
MCOU,AZ,00169418113,OZEMPIC   ,2023,3,false,1503.000,437,453541.81
FFSU,AZ,00169418113,OZEMPIC   ,2023,3,true,,,
MCOU,AZ,00169477212,OZEMPIC   ,2023,3,false,816.000,221,245239.02
FFSU,AZ,00169477212,OZEMPIC   ,2023,3,true,,,
MCOU,AZ,00169413013,OZEMPIC   ,2023,2,false,1245.000,337,373560.78
FFSU,AZ,00169413013,OZEMPIC   ,2023,2,false,57.000,19,15720.30
FFSU,AZ,00169413212,OZEMPIC   ,2023,2,true,,,
MCOU,AZ,00169413212,OZEMPIC   ,2023,2,false,49.500,30,28862.23
MCOU,AZ,00169418113,OZEMPIC   ,2023,2,false,1511.000,452,456474.57
FFSU,AZ,00169418113,OZEMPIC   ,2023,2,true,,,
FFSU,AZ,00169477212,OZEMPIC   ,2023,2,true,,,
MCOU,AZ,00169477212,OZEMPIC   ,2023,2,false,882.000,243,264107.90
MCOU,AZ,00169413013,OZEMPIC   ,2023,1,false,1098.000,294,328083.98
FFSU,AZ,00169413013,OZEMPIC   ,2023,1,true,,,
MCOU,AZ,00169413212,OZEMPIC   ,2023,1,false,690.000,415,411862.37
FFSU,AZ,00169413212,OZEMPIC   ,2023,1,true,,,
MCOU,AZ,00169418113,OZEMPIC   ,2023,1,false,117.000,31,35332.45
MCOU,AZ,00169477212,OZEMPIC   ,2023,1,false,612.000,184,182022.23
FFSU,CA,00169413001,OZEMPIC 1M,2023,4,false,795.000,247,242044.20
FFSU,CA,00169413013,OZEMPIC 1M,2023,4,false,180851.000,51423,54831661.51
MCOU,CA,00169413013,OZEMPIC 1M,2023,4,false,680.000,205,220132.67
FFSU,CA,00169413211,OZEMPIC 0.,2023,4,false,19.500,11,11826.78
FFSU,CA,00169413212,OZEMPIC 0.,2023,4,false,381.000,188,229902.52
FFSU,CA,00169413602,OZEMPIC 1M,2023,4,true,,,
FFSU,CA,00169418103,OZEMPIC 0.,2023,4,false,141.000,39,41988.92
FFSU,CA,00169418113,OZEMPIC 0.,2023,4,false,241707.800,73187,73218184.59
MCOU,CA,00169418113,OZEMPIC 0.,2023,4,false,861.000,287,277499.96
FFSU,CA,00169477211,OZEMPIC 2M,2023,4,false,114.000,37,34671.71
FFSU,CA,00169477212,OZEMPIC 2M,2023,4,false,64663.000,18392,19578605.81
MCOU,CA,00169477212,OZEMPIC 2M,2023,4,false,169.000,57,54812.32
FFSU,CA,00169413001,OZEMPIC 1M,2023,3,false,699.000,210,212936.92
FFSU,CA,00169413013,OZEMPIC 1M,2023,3,false,184905.500,51386,56111235.48
MCOU,CA,00169413013,OZEMPIC 1M,2023,3,false,546.000,168,176638.37
FFSU,CA,00169413211,OZEMPIC 0.,2023,3,false,41.500,24,25194.55
FFSU,CA,00169413212,OZEMPIC 0.,2023,3,false,1454.500,783,879210.21
FFSU,CA,00169413602,OZEMPIC 1M,2023,3,false,204.000,68,61519.88
FFSU,CA,00169418103,OZEMPIC 0.,2023,3,false,93.000,27,28272.86
MCOU,CA,00169418113,OZEMPIC 0.,2023,3,false,906.000,294,291325.12
FFSU,CA,00169418113,OZEMPIC 0.,2023,3,false,290655.000,87449,87992904.42
FFSU,CA,00169477211,OZEMPIC 2M,2023,3,false,172.000,53,52279.97
FFSU,CA,00169477212,OZEMPIC 2M,2023,3,false,78477.000,21902,23791057.41
MCOU,CA,00169477212,OZEMPIC 2M,2023,3,false,165.000,55,52610.89
FFSU,CA,00169413001,OZEMPIC 1M,2023,2,false,289.500,89,88270.52
MCOU,CA,00169413013,OZEMPIC 1M,2023,2,false,432.000,138,139799.35
FFSU,CA,00169413013,OZEMPIC 1M,2023,2,false,104605.000,28449,31776220.63
FFSU,CA,00169413211,OZEMPIC 0.,2023,2,false,94.000,58,55224.01
MCOU,CA,00169413212,OZEMPIC 0.,2023,2,true,,,
FFSU,CA,00169413212,OZEMPIC 0.,2023,2,false,20121.500,11672,12165954.44
FFSU,CA,00169413602,OZEMPIC 1M,2023,2,false,119.500,41,35807.08
FFSU,CA,00169418103,OZEMPIC 0.,2023,2,true,,,
MCOU,CA,00169418113,OZEMPIC 0.,2023,2,false,557.000,186,179696.80
FFSU,CA,00169418113,OZEMPIC 0.,2023,2,false,120786.500,36073,37674045.50
FFSU,CA,00169477211,OZEMPIC 2M,2023,2,false,120.000,39,36451.17
MCOU,CA,00169477212,OZEMPIC 2M,2023,2,false,153.000,51,48736.81
FFSU,CA,00169477212,OZEMPIC 2M,2023,2,false,45351.000,12506,13732563.81
FFSU,CA,00169413001,OZEMPIC 1M,2023,1,false,208.500,66,62540.23
FFSU,CA,00169413013,OZEMPIC 1M,2023,1,false,96033.000,26292,28781122.79
MCOU,CA,00169413013,OZEMPIC 1M,2023,1,false,330.000,102,107171.24
FFSU,CA,00169413211,OZEMPIC 0.,2023,1,false,182.500,108,109496.59
FFSU,CA,00169413212,OZEMPIC 0.,2023,1,false,72174.500,41773,43181968.43
MCOU,CA,00169413212,OZEMPIC 0.,2023,1,false,193.000,123,125022.46
FFSU,CA,00169413602,OZEMPIC 1M,2023,1,false,223.500,70,64610.68
FFSU,CA,00169418113,OZEMPIC 0.,2023,1,false,649.500,184,204676.22
MCOU,CA,00169418113,OZEMPIC 0.,2023,1,true,,,
FFSU,CA,00169477211,OZEMPIC 2M,2023,1,false,141.000,44,42261.79
FFSU,CA,00169477212,OZEMPIC 2M,2023,1,false,32899.000,9109,9861009.47
MCOU,CA,00169477212,OZEMPIC 2M,2023,1,false,94.500,31,29977.86
MCOU,CO,00169413001,OZEMPIC   ,2023,4,true,,,
FFSU,CO,00169413013,OZEMPIC   ,2023,4,false,2677.000,626,807108.23
MCOU,CO,00169413013,OZEMPIC   ,2023,4,false,129.000,37,39136.63
FFSU,CO,00169413212,OZEMPIC   ,2023,4,true,,,
MCOU,CO,00169418113,OZEMPIC   ,2023,4,false,81.000,25,24590.37
FFSU,CO,00169418113,OZEMPIC   ,2023,4,false,1918.000,563,577835.63
MCOU,CO,00169477212,OZEMPIC   ,2023,4,false,39.000,13,11859.31
FFSU,CO,00169477212,OZEMPIC   ,2023,4,false,987.000,262,298953.54
FFSU,CO,00169413013,OZEMPIC   ,2023,3,false,2343.000,563,707033.93
MCOU,CO,00169413013,OZEMPIC   ,2023,3,false,210.000,68,63984.53
FFSU,CO,00169413212,OZEMPIC   ,2023,3,true,,,
FFSU,CO,00169418113,OZEMPIC   ,2023,3,false,1983.000,588,597263.96
MCOU,CO,00169418113,OZEMPIC   ,2023,3,false,306.000,102,93036.66
MCOU,CO,00169477212,OZEMPIC   ,2023,3,false,57.000,19,17346.45
FFSU,CO,00169477212,OZEMPIC   ,2023,3,false,1377.000,348,416121.65
MCOU,CO,00169413013,OZEMPIC   ,2023,2,false,372.000,122,112881.01
FFSU,CO,00169413013,OZEMPIC   ,2023,2,false,1899.000,458,572024.49
FFSU,CO,00169413212,OZEMPIC   ,2023,2,false,132.000,75,75035.58
MCOU,CO,00169413212,OZEMPIC   ,2023,2,true,,,
MCOU,CO,00169418113,OZEMPIC   ,2023,2,false,693.000,229,210312.02
FFSU,CO,00169418113,OZEMPIC   ,2023,2,false,1631.000,464,489640.68
FFSU,CO,00169477212,OZEMPIC   ,2023,2,false,1197.000,297,360015.26
MCOU,CO,00169477212,OZEMPIC   ,2023,2,false,156.000,52,47256.06
MCOU,CO,00169413013,OZEMPIC   ,2023,1,false,141.000,47,42372.25
FFSU,CO,00169413013,OZEMPIC   ,2023,1,false,1286.000,304,384282.59
MCOU,CO,00169413212,OZEMPIC   ,2023,1,false,156.000,103,93586.79
FFSU,CO,00169413212,OZEMPIC   ,2023,1,false,696.000,371,415115.44
FFSU,CO,00169413602,OZEMPIC   ,2023,1,true,,,
FFSU,CO,00169418113,OZEMPIC   ,2023,1,false,45.000,13,13709.17
MCOU,CO,00169418113,OZEMPIC   ,2023,1,false,57.000,19,17427.72
MCOU,CO,00169477212,OZEMPIC   ,2023,1,false,51.000,17,15311.05
FFSU,CO,00169477212,OZEMPIC   ,2023,1,false,744.000,186,221827.23
FFSU,CT,00169413013,OZEMPIC 1M,2023,4,false,41240.000,10332,12512985.78
FFSU,CT,00169413212,OZEMPIC 0.,2023,4,true,,,
FFSU,CT,00169413602,OZEMPIC 1M,2023,4,true,,,
FFSU,CT,00169418113,OZEMPIC 0.,2023,4,false,42828.000,12127,12991661.08
FFSU,CT,00169477212,OZEMPIC 2M,2023,4,false,14798.000,3694,4487187.79
FFSU,CT,00169413013,OZEMPIC 1M,2023,3,false,35697.000,8794,10840037.59
FFSU,CT,00169413212,OZEMPIC 0.,2023,3,false,22.500,12,13576.64
FFSU,CT,00169413602,OZEMPIC 1M,2023,3,true,,,
FFSU,CT,00169418113,OZEMPIC 0.,2023,3,false,45238.500,12899,13723368.43
FFSU,CT,00169477212,OZEMPIC 2M,2023,3,false,18681.000,4583,5661382.54
FFSU,CT,00169413013,OZEMPIC 1M,2023,2,false,30181.000,7399,9163709.70
FFSU,CT,00169413212,OZEMPIC 0.,2023,2,false,924.500,530,559071.14
FFSU,CT,00169413602,OZEMPIC 1M,2023,2,true,,,
FFSU,CT,00169418113,OZEMPIC 0.,2023,2,false,38261.500,10898,11876515.92
FFSU,CT,00169477212,OZEMPIC 2M,2023,2,false,16311.000,4002,4932938.03
FFSU,CT,00169413013,OZEMPIC 1M,2023,1,false,23857.500,5630,7164779.49
FFSU,CT,00169413212,OZEMPIC 0.,2023,1,false,14665.500,7917,8799679.61
FFSU,CT,00169413602,OZEMPIC 1M,2023,1,false,60.000,11,17232.28
FFSU,CT,00169418113,OZEMPIC 0.,2023,1,false,1233.000,358,388299.13
FFSU,CT,00169477212,OZEMPIC 2M,2023,1,false,9160.500,2298,2749694.36
FFSU,DC,00169413001,OZEMPIC 1 ,2023,4,true,,,
MCOU,DC,00169413001,OZEMPIC 1 ,2023,4,false,81.000,27,24812.59
FFSU,DC,00169413013,OZEMPIC 1 ,2023,4,false,176.000,58,53581.47
MCOU,DC,00169413013,OZEMPIC 1 ,2023,4,false,2494.000,767,721856.84
FFSU,DC,00169413212,OZEMPIC 0.,2023,4,true,,,
MCOU,DC,00169413212,OZEMPIC 0.,2023,4,false,16.500,11,10635.34
MCOU,DC,00169413602,OZEMPIC 1 ,2023,4,true,,,
MCOU,DC,00169418113,OZEMPIC 0.,2023,4,false,2849.500,852,802289.67
FFSU,DC,00169418113,OZEMPIC 0.,2023,4,false,216.000,71,65665.09
MCOU,DC,00169477211,OZEMPIC 2 ,2023,4,false,39.000,13,12205.10
FFSU,DC,00169477212,OZEMPIC 2 ,2023,4,false,90.000,29,27376.15
MCOU,DC,00169477212,OZEMPIC 2 ,2023,4,false,1090.000,313,283055.94
MCOU,DC,00169413001,OZEMPIC 1 ,2023,3,false,51.000,17,15573.48
FFSU,DC,00169413001,OZEMPIC 1 ,2023,3,true,,,
FFSU,DC,00169413013,OZEMPIC 1 ,2023,3,false,165.000,55,50290.35
MCOU,DC,00169413013,OZEMPIC 1 ,2023,3,false,2785.000,839,814967.15
FFSU,DC,00169413212,OZEMPIC 0.,2023,3,true,,,
MCOU,DC,00169413212,OZEMPIC 0.,2023,3,false,44.000,25,24761.90
MCOU,DC,00169418113,OZEMPIC 0.,2023,3,false,3075.000,919,886576.96
FFSU,DC,00169418113,OZEMPIC 0.,2023,3,false,204.000,68,62023.31
MCOU,DC,00169477211,OZEMPIC 2 ,2023,3,true,,,
MCOU,DC,00169477212,OZEMPIC 2 ,2023,3,false,1479.000,422,409731.03
FFSU,DC,00169477212,OZEMPIC 2 ,2023,3,false,87.000,29,26474.39
FFSU,DC,00169413001,OZEMPIC 1 ,2023,2,true,,,
MCOU,DC,00169413001,OZEMPIC 1 ,2023,2,false,48.000,16,14692.21
MCOU,DC,00169413013,OZEMPIC 1 ,2023,2,false,2908.000,862,858779.00
FFSU,DC,00169413013,OZEMPIC 1 ,2023,2,false,174.000,57,53022.31
MCOU,DC,00169413211,OZEMPIC 0.,2023,2,true,,,
MCOU,DC,00169413212,OZEMPIC 0.,2023,2,false,245.000,139,130693.81
FFSU,DC,00169413212,OZEMPIC 0.,2023,2,false,21.000,14,12746.44
MCOU,DC,00169413602,OZEMPIC 1 ,2023,2,true,,,
MCOU,DC,00169418113,OZEMPIC 0.,2023,2,false,2527.500,745,743916.61
FFSU,DC,00169418113,OZEMPIC 0.,2023,2,false,138.000,46,42810.72
MCOU,DC,00169477211,OZEMPIC 2 ,2023,2,true,,,
MCOU,DC,00169477212,OZEMPIC 2 ,2023,2,false,1695.000,457,453802.39
FFSU,DC,00169477212,OZEMPIC 2 ,2023,2,false,87.000,29,26410.59
MCOU,DC,00169413001,OZEMPIC 1 ,2023,1,false,48.000,16,14742.80
FFSU,DC,00169413001,OZEMPIC 1 ,2023,1,true,,,
MCOU,DC,00169413013,OZEMPIC 1 ,2023,1,false,2299.000,687,686021.99
FFSU,DC,00169413013,OZEMPIC 1 ,2023,1,false,144.000,47,43625.47
FFSU,DC,00169413211,OZEMPIC 0.,2023,1,true,,,
MCOU,DC,00169413211,OZEMPIC 0.,2023,1,false,45.000,26,24247.78
FFSU,DC,00169413212,OZEMPIC 0.,2023,1,false,108.000,72,65133.02
MCOU,DC,00169413212,OZEMPIC 0.,2023,1,false,1330.000,764,758081.94
MCOU,DC,00169413602,OZEMPIC 1 ,2023,1,true,,,
MCOU,DC,00169418113,OZEMPIC 0.,2023,1,false,167.500,49,46109.98
FFSU,DC,00169418113,OZEMPIC 0.,2023,1,true,,,
MCOU,DC,00169477211,OZEMPIC 2 ,2023,1,true,,,
FFSU,DC,00169477212,OZEMPIC 2 ,2023,1,false,57.000,19,17219.45
MCOU,DC,00169477212,OZEMPIC 2 ,2023,1,false,861.000,231,232515.17
MCOU,DE,00169413001,OZEMPIC   ,2023,4,true,,,
FFSU,DE,00169413013,OZEMPIC 1M,2023,4,true,,,
MCOU,DE,00169413013,OZEMPIC 1M,2023,4,false,4878.000,1593,1477836.01
MCOU,DE,00169418113,OZEMPIC 0.,2023,4,false,6246.000,2075,1891200.97
FFSU,DE,00169418113,OZEMPIC 0.,2023,4,true,,,
MCOU,DE,00169477212,OZEMPIC 2M,2023,4,false,1782.000,590,539111.14
MCOU,DE,00169413001,OZEMPIC 1M,2023,3,true,,,
MCOU,DE,00169413013,OZEMPIC 1M,2023,3,false,4754.000,1561,1436404.23
FFSU,DE,00169413013,OZEMPIC 1M,2023,3,true,,,
MCOU,DE,00169413211,OZEMPIC 0.,2023,3,true,,,
MCOU,DE,00169413212,OZEMPIC 0.,2023,3,true,,,
FFSU,DE,00169418113,OZEMPIC 0.,2023,3,true,,,
MCOU,DE,00169418113,OZEMPIC 0.,2023,3,false,7432.500,2471,2242291.99
MCOU,DE,00169477211,OZEMPIC 2M,2023,3,true,,,
MCOU,DE,00169477212,OZEMPIC 2M,2023,3,false,2297.000,762,693094.85
MCOU,DE,00169413001,OZEMPIC 1M,2023,2,true,,,
MCOU,DE,00169413013,OZEMPIC 1M,2023,2,false,4622.000,1519,1398957.02
MCOU,DE,00169413211,OZEMPIC 0.,2023,2,true,,,
MCOU,DE,00169413212,OZEMPIC 0.,2023,2,false,181.500,116,109189.58
FFSU,DE,00169413212,OZEMPIC 0.,2023,2,true,,,
FFSU,DE,00169418113,OZEMPIC 0.,2023,2,true,,,
MCOU,DE,00169418113,OZEMPIC 0.,2023,2,false,6105.000,2016,1868165.50
MCOU,DE,00169477211,OZEMPIC   ,2023,2,true,,,
MCOU,DE,00169477212,OZEMPIC 2M,2023,2,false,2273.000,738,684358.50
MCOU,DE,00169413001,OZEMPIC 1M,2023,1,true,,,
MCOU,DE,00169413013,OZEMPIC 1M,2023,1,false,3825.000,1235,1148378.90
FFSU,DE,00169413013,OZEMPIC 1M,2023,1,true,,,
MCOU,DE,00169413212,OZEMPIC 0.,2023,1,false,2250.500,1468,1346522.96
MCOU,DE,00169413602,OZEMPIC 1M,2023,1,true,,,
MCOU,DE,00169418113,OZEMPIC 0.,2023,1,false,367.500,123,114155.21
MCOU,DE,00169477212,OZEMPIC 2M,2023,1,false,1410.000,461,422831.36
MCOU,FL,00169413001,OZEMPIC   ,2023,4,true,,,
MCOU,FL,00169413013,OZEMPIC   ,2023,4,false,10731.000,3559,3170511.35
FFSU,FL,00169413013,OZEMPIC   ,2023,4,false,549.000,182,159393.36
FFSU,FL,00169413211,OZEMPIC   ,2023,4,true,,,
MCOU,FL,00169413211,OZEMPIC   ,2023,4,true,,,
MCOU,FL,00169413212,OZEMPIC   ,2023,4,true,,,
FFSU,FL,00169413212,OZEMPIC   ,2023,4,true,,,
FFSU,FL,00169418113,OZEMPIC   ,2023,4,false,861.000,287,252223.62
MCOU,FL,00169418113,OZEMPIC   ,2023,4,false,18524.000,6165,5472770.94
MCOU,FL,00169477211,OZEMPIC   ,2023,4,true,,,
MCOU,FL,00169477212,OZEMPIC   ,2023,4,false,3210.000,1068,953657.00
FFSU,FL,00169477212,OZEMPIC   ,2023,4,false,216.000,72,62311.00
FFSU,FL,00169413001,OZEMPIC   ,2023,3,true,,,
MCOU,FL,00169413001,OZEMPIC   ,2023,3,true,,,
FFSU,FL,00169413013,OZEMPIC   ,2023,3,false,435.000,145,118826.68
MCOU,FL,00169413013,OZEMPIC   ,2023,3,false,8721.000,2900,2572739.11
MCOU,FL,00169413211,OZEMPIC   ,2023,3,true,,,
FFSU,FL,00169413212,OZEMPIC   ,2023,3,true,,,
MCOU,FL,00169413212,OZEMPIC   ,2023,3,false,33.000,22,19383.77
FFSU,FL,00169418113,OZEMPIC   ,2023,3,false,786.000,260,232374.48
MCOU,FL,00169418113,OZEMPIC   ,2023,3,false,18370.500,6115,5417277.64
MCOU,FL,00169477211,OZEMPIC   ,2023,3,true,,,
FFSU,FL,00169477212,OZEMPIC   ,2023,3,false,192.000,64,55837.60
MCOU,FL,00169477212,OZEMPIC   ,2023,3,false,3459.000,1151,1015834.30
MCOU,FL,00169413001,OZEMPIC   ,2023,2,true,,,
MCOU,FL,00169413013,OZEMPIC   ,2023,2,false,6432.000,2128,1894728.98
FFSU,FL,00169413013,OZEMPIC   ,2023,2,false,327.000,109,87324.34
MCOU,FL,00169413211,OZEMPIC   ,2023,2,true,,,
MCOU,FL,00169413212,OZEMPIC   ,2023,2,false,472.500,313,277990.62
FFSU,FL,00169413212,OZEMPIC   ,2023,2,false,49.500,33,28236.31
MCOU,FL,00169413611,OZEMPIC   ,2023,2,true,,,
MCOU,FL,00169418113,OZEMPIC   ,2023,2,false,12326.000,4090,3632398.77
FFSU,FL,00169418113,OZEMPIC   ,2023,2,false,315.000,105,79936.12
MCOU,FL,00169477211,OZEMPIC   ,2023,2,true,,,
MCOU,FL,00169477212,OZEMPIC   ,2023,2,false,2733.000,907,801927.75
FFSU,FL,00169477212,OZEMPIC   ,2023,2,false,78.000,26,21180.40
MCOU,FL,00169413013,OZEMPIC   ,2023,1,false,3336.000,1099,963386.30
FFSU,FL,00169413013,OZEMPIC   ,2023,1,false,210.000,68,49093.39
MCOU,FL,00169413211,OZEMPIC   ,2023,1,true,,,
FFSU,FL,00169413212,OZEMPIC   ,2023,1,false,130.500,87,71238.89
MCOU,FL,00169413212,OZEMPIC   ,2023,1,false,3153.000,2045,1846844.33
MCOU,FL,00169418113,OZEMPIC   ,2023,1,false,420.000,139,124372.48
MCOU,FL,00169477212,OZEMPIC   ,2023,1,false,1311.000,435,385397.14
FFSU,FL,00169477212,OZEMPIC   ,2023,1,false,51.000,17,12346.62
MCOU,GA,00169413001,OZEMPIC   ,2023,4,true,,,
FFSU,GA,00169413001,OZEMPIC   ,2023,4,true,,,
FFSU,GA,00169413013,OZEMPIC   ,2023,4,false,1452.000,484,440393.95
MCOU,GA,00169413013,OZEMPIC   ,2023,4,false,3375.000,1128,1049681.25
FFSU,GA,00169413211,OZEMPIC   ,2023,4,true,,,
FFSU,GA,00169413212,OZEMPIC   ,2023,4,false,36.000,21,21743.67
MCOU,GA,00169418113,OZEMPIC   ,2023,4,false,3147.000,1049,970178.24
FFSU,GA,00169418113,OZEMPIC   ,2023,4,false,1107.000,369,335320.22
MCOU,GA,00169477211,OZEMPIC   ,2023,4,true,,,
FFSU,GA,00169477211,OZEMPIC   ,2023,4,true,,,
FFSU,GA,00169477212,OZEMPIC   ,2023,4,false,717.000,239,217365.21
MCOU,GA,00169477212,OZEMPIC   ,2023,4,false,1311.000,433,403520.71
MCOU,GA,00169413001,OZEMPIC   ,2023,3,true,,,
FFSU,GA,00169413001,OZEMPIC   ,2023,3,true,,,
MCOU,GA,00169413013,OZEMPIC   ,2023,3,false,3861.000,1286,1217665.78
FFSU,GA,00169413013,OZEMPIC   ,2023,3,false,1461.000,487,444125.56
FFSU,GA,00169413211,OZEMPIC   ,2023,3,true,,,
MCOU,GA,00169413212,OZEMPIC   ,2023,3,true,,,
FFSU,GA,00169413212,OZEMPIC   ,2023,3,false,73.500,46,44486.17
MCOU,GA,00169418113,OZEMPIC   ,2023,3,false,4230.000,1409,1296731.22
FFSU,GA,00169418113,OZEMPIC   ,2023,3,false,624.000,206,189190.93
FFSU,GA,00169477211,OZEMPIC   ,2023,3,true,,,
MCOU,GA,00169477212,OZEMPIC   ,2023,3,false,1926.000,637,599360.58
FFSU,GA,00169477212,OZEMPIC   ,2023,3,false,834.000,278,253460.99
FFSU,GA,00169413013,OZEMPIC   ,2023,2,false,1575.000,525,478897.40
MCOU,GA,00169413013,OZEMPIC   ,2023,2,false,3906.000,1297,1211645.76
MCOU,GA,00169413211,OZEMPIC   ,2023,2,true,,,
MCOU,GA,00169413212,OZEMPIC   ,2023,2,false,147.000,97,90729.50
FFSU,GA,00169413212,OZEMPIC   ,2023,2,false,196.500,128,119135.12
MCOU,GA,00169418113,OZEMPIC   ,2023,2,false,4146.000,1383,1294979.27
FFSU,GA,00169418113,OZEMPIC   ,2023,2,false,276.000,92,84567.11
FFSU,GA,00169477211,OZEMPIC   ,2023,2,true,,,
FFSU,GA,00169477212,OZEMPIC   ,2023,2,false,798.000,266,241892.15
MCOU,GA,00169477212,OZEMPIC   ,2023,2,false,2199.000,724,683883.35
FFSU,GA,00169413001,OZEMPIC   ,2023,1,true,,,
MCOU,GA,00169413013,OZEMPIC   ,2023,1,false,3504.000,1161,1097755.62
FFSU,GA,00169413013,OZEMPIC   ,2023,1,false,1410.000,470,425521.31
MCOU,GA,00169413211,OZEMPIC   ,2023,1,true,,,
MCOU,GA,00169413212,OZEMPIC   ,2023,1,false,1642.500,1092,1043275.54
FFSU,GA,00169413212,OZEMPIC   ,2023,1,false,595.500,395,358906.94
MCOU,GA,00169413602,OZEMPIC   ,2023,1,true,,,
MCOU,GA,00169418113,OZEMPIC   ,2023,1,false,298.500,100,91894.13
FFSU,GA,00169418113,OZEMPIC   ,2023,1,true,,,
FFSU,GA,00169477211,OZEMPIC   ,2023,1,true,,,
FFSU,GA,00169477212,OZEMPIC   ,2023,1,false,363.000,121,109544.71
MCOU,GA,00169477212,OZEMPIC   ,2023,1,false,1386.000,461,427733.90
MCOU,HI,00169413013,OZEMPIC 1 ,2023,4,false,7836.000,1957,1581292.17
MCOU,HI,00169413212,OZEMPIC 0.,2023,4,true,,,
MCOU,HI,00169418113,OZEMPIC 0.,2023,4,false,8636.500,2451,1527647.86
FFSU,HI,00169418113,OZEMPIC 0.,2023,4,true,,,
MCOU,HI,00169477212,OZEMPIC 2 ,2023,4,false,3979.250,963,795754.27
MCOU,HI,00169413013,OZEMPIC 1 ,2023,3,false,6119.000,1474,1306057.46
MCOU,HI,00169413212,OZEMPIC 0.,2023,3,false,48.000,26,912.31
MCOU,HI,00169413602,OZEMPIC 1 ,2023,3,true,,,
FFSU,HI,00169418113,OZEMPIC 0.,2023,3,true,,,
MCOU,HI,00169418113,OZEMPIC 0.,2023,3,false,7259.000,1988,1218328.70
MCOU,HI,00169477211,OZEMPIC 2 ,2023,3,true,,,
MCOU,HI,00169477212,OZEMPIC 2 ,2023,3,false,3242.000,781,687078.38
MCOU,HI,00169413013,OZEMPIC 1 ,2023,2,false,6766.500,1632,1407783.13
MCOU,HI,00169413212,OZEMPIC 0.,2023,2,false,645.000,332,139268.55
FFSU,HI,00169418113,OZEMPIC 0.,2023,2,true,,,
MCOU,HI,00169418113,OZEMPIC 0.,2023,2,false,6259.000,1692,1132755.13
FFSU,HI,00169477212,OZEMPIC 2 ,2023,2,true,,,
MCOU,HI,00169477212,OZEMPIC 2 ,2023,2,false,3717.000,898,783387.23
MCOU,HI,00169413013,OZEMPIC 1 ,2023,1,false,6102.000,1505,1247884.65
FFSU,HI,00169413212,OZEMPIC 0.,2023,1,true,,,
MCOU,HI,00169413212,OZEMPIC 0.,2023,1,false,3446.500,1809,1196331.53
MCOU,HI,00169413602,OZEMPIC 1 ,2023,1,true,,,
MCOU,HI,00169418113,OZEMPIC 0.,2023,1,false,409.500,122,36442.47
FFSU,HI,00169477212,OZEMPIC 2 ,2023,1,true,,,
MCOU,HI,00169477212,OZEMPIC 2 ,2023,1,false,3074.000,753,609169.02
MCOU,IA,00169413001,OZEMPIC 1M,2023,4,true,,,
FFSU,IA,00169413013,OZEMPIC 1M,2023,4,false,111.000,35,23150.61
MCOU,IA,00169413013,OZEMPIC 1M,2023,4,false,9432.000,3098,2832901.17
MCOU,IA,00169413212,OZEMPIC 0.,2023,4,true,,,
FFSU,IA,00169413602,OZEMPIC 1M,2023,4,true,,,
FFSU,IA,00169418113,OZEMPIC 0.,2023,4,false,111.000,37,27574.75
MCOU,IA,00169418113,OZEMPIC 0.,2023,4,false,10257.000,3403,3078633.16
FFSU,IA,00169477212,OZEMPIC 2M,2023,4,false,33.000,11,7359.96
MCOU,IA,00169477212,OZEMPIC 2M,2023,4,false,3489.000,1160,1047833.25
FFSU,IA,00169413013,OZEMPIC 1M,2023,3,false,111.000,37,22643.78
MCOU,IA,00169413013,OZEMPIC 1M,2023,3,false,8300.000,2720,2493689.51
MCOU,IA,00169413212,OZEMPIC 0.,2023,3,true,,,
FFSU,IA,00169418113,OZEMPIC 0.,2023,3,false,102.000,34,24315.94
MCOU,IA,00169418113,OZEMPIC 0.,2023,3,false,11015.000,3660,3308377.20
FFSU,IA,00169477212,OZEMPIC 2M,2023,3,false,54.000,18,10483.40
MCOU,IA,00169477212,OZEMPIC 2M,2023,3,false,4469.000,1483,1343511.82
MCOU,IA,00169413013,OZEMPIC 1M,2023,2,false,7374.000,2269,2214112.75
FFSU,IA,00169413013,OZEMPIC 1M,2023,2,false,69.000,23,11585.88
MCOU,IA,00169413211,OZEMPIC 0.,2023,2,true,,,
MCOU,IA,00169413212,OZEMPIC 0.,2023,2,false,186.500,119,110815.43
MCOU,IA,00169418113,OZEMPIC 0.,2023,2,false,9898.500,3239,3062756.23
FFSU,IA,00169418113,OZEMPIC 0.,2023,2,false,51.000,17,8534.24
MCOU,IA,00169477212,OZEMPIC 2M,2023,2,false,4482.000,1382,1346984.21
FFSU,IA,00169477212,OZEMPIC 2M,2023,2,true,,,
MCOU,IA,00169413001,OZEMPIC 1M,2023,1,true,,,
MCOU,IA,00169413013,OZEMPIC 1M,2023,1,false,6456.000,1812,1928209.51
FFSU,IA,00169413013,OZEMPIC 1M,2023,1,false,72.000,24,13897.26
FFSU,IA,00169413212,OZEMPIC 0.,2023,1,false,42.000,28,10589.76
MCOU,IA,00169413212,OZEMPIC 0.,2023,1,false,3285.500,1999,1964920.91
FFSU,IA,00169418113,OZEMPIC 0.,2023,1,true,,,
MCOU,IA,00169418113,OZEMPIC 0.,2023,1,false,783.500,257,244510.12
MCOU,IA,00169477211,OZEMPIC 2M,2023,1,true,,,
FFSU,IA,00169477212,OZEMPIC 2M,2023,1,false,33.000,11,5685.25
MCOU,IA,00169477212,OZEMPIC 2M,2023,1,false,3069.000,910,918913.70
FFSU,ID,00169413001,OZEMPIC   ,2023,4,true,,,
FFSU,ID,00169413013,OZEMPIC   ,2023,4,false,10719.000,3471,3225807.50
FFSU,ID,00169413212,OZEMPIC   ,2023,4,true,,,
FFSU,ID,00169418113,OZEMPIC   ,2023,4,false,11468.500,3759,3577866.41
FFSU,ID,00169477212,OZEMPIC   ,2023,4,false,5486.000,1798,1650878.21
FFSU,ID,00169413013,OZEMPIC   ,2023,3,false,10569.000,3429,3182569.23
FFSU,ID,00169413211,OZEMPIC   ,2023,3,true,,,
FFSU,ID,00169413212,OZEMPIC   ,2023,3,false,61.500,38,34667.36
FFSU,ID,00169418113,OZEMPIC   ,2023,3,false,12101.000,3988,3773727.94
FFSU,ID,00169477212,OZEMPIC   ,2023,3,false,6123.000,2017,1850161.98
FFSU,ID,00169413013,OZEMPIC   ,2023,2,false,11255.000,3674,3379819.24
FFSU,ID,00169413211,OZEMPIC   ,2023,2,true,,,
FFSU,ID,00169413212,OZEMPIC   ,2023,2,false,1001.500,651,543643.58
FFSU,ID,00169418113,OZEMPIC   ,2023,2,false,12581.000,4183,3909377.63
FFSU,ID,00169477212,OZEMPIC   ,2023,2,false,6275.000,2063,1890679.29
FFSU,ID,00169413013,OZEMPIC   ,2023,1,false,10169.000,3334,3051703.85
FFSU,ID,00169413212,OZEMPIC   ,2023,1,false,5906.500,3865,3548507.16
FFSU,ID,00169418113,OZEMPIC   ,2023,1,false,632.500,213,198423.01
FFSU,ID,00169477212,OZEMPIC   ,2023,1,false,4341.000,1432,1347396.14
MCOU,IL,00169413001,OZEMPIC 1M,2023,4,true,,,
MCOU,IL,00169413013,OZEMPIC 1M,2023,4,false,2934.000,824,920966.20
FFSU,IL,00169413013,OZEMPIC 1M,2023,4,false,522.000,141,193172.64
MCOU,IL,00169413212,OZEMPIC 0.,2023,4,true,,,
MCOU,IL,00169413602,OZEMPIC 1M,2023,4,true,,,
FFSU,IL,00169418113,OZEMPIC 0.,2023,4,false,543.000,161,181546.45
MCOU,IL,00169418113,OZEMPIC 0.,2023,4,false,2823.000,900,896108.93
MCOU,IL,00169477212,OZEMPIC 2M,2023,4,false,1575.000,509,584047.63
FFSU,IL,00169477212,OZEMPIC 2M,2023,4,false,309.000,83,166515.22
MCOU,IL,00169413001,OZEMPIC 1M,2023,3,true,,,
FFSU,IL,00169413013,OZEMPIC 1M,2023,3,false,729.000,182,237271.47
MCOU,IL,00169413013,OZEMPIC 1M,2023,3,false,2403.000,672,741521.27
MCOU,IL,00169413212,OZEMPIC 0.,2023,3,true,,,
MCOU,IL,00169418113,OZEMPIC 0.,2023,3,false,3362.000,1056,1031956.46
FFSU,IL,00169418113,OZEMPIC 0.,2023,3,false,852.000,246,261993.71
MCOU,IL,00169477212,OZEMPIC 2M,2023,3,false,1560.000,499,551063.42
FFSU,IL,00169477212,OZEMPIC 2M,2023,3,false,468.000,116,196809.74
MCOU,IL,00169413001,OZEMPIC 1M,2023,2,true,,,
MCOU,IL,00169413013,OZEMPIC 1M,2023,2,false,1920.000,556,610037.10
FFSU,IL,00169413013,OZEMPIC 1M,2023,2,false,804.000,193,273955.08
FFSU,IL,00169413212,OZEMPIC 0.,2023,2,false,34.500,19,45055.24
MCOU,IL,00169413212,OZEMPIC 0.,2023,2,false,54.000,34,39586.19
FFSU,IL,00169418113,OZEMPIC 0.,2023,2,false,996.000,283,324878.35
MCOU,IL,00169418113,OZEMPIC 0.,2023,2,false,1557.000,501,510045.08
MCOU,IL,00169477212,OZEMPIC 2M,2023,2,false,1428.000,451,449244.25
FFSU,IL,00169477212,OZEMPIC 2M,2023,2,false,564.000,144,183452.47
MCOU,IL,00169413001,OZEMPIC 1M,2023,1,true,,,
FFSU,IL,00169413013,OZEMPIC 1M,2023,1,false,846.000,214,298728.12
MCOU,IL,00169413013,OZEMPIC 1M,2023,1,false,4371.000,1090,1604843.36
MCOU,IL,00169413211,OZEMPIC 0.,2023,1,true,,,
FFSU,IL,00169413212,OZEMPIC 0.,2023,1,false,433.500,234,292842.75
MCOU,IL,00169413212,OZEMPIC 0.,2023,1,false,2092.500,1167,1572856.83
MCOU,IL,00169418113,OZEMPIC 0.,2023,1,false,108.000,30,39692.94
FFSU,IL,00169418113,OZEMPIC 0.,2023,1,true,,,
MCOU,IL,00169477212,OZEMPIC 2M,2023,1,false,1989.000,538,690942.23
FFSU,IL,00169477212,OZEMPIC 2M,2023,1,false,384.000,102,125733.85
MCOU,IN,00169413001,OZEMPIC 1M,2023,4,true,,,
MCOU,IN,00169413013,OZEMPIC 1M,2023,4,false,30744.000,8447,8902474.38
FFSU,IN,00169413013,OZEMPIC 1M,2023,4,false,1446.000,406,437398.72
FFSU,IN,00169413212,OZEMPIC 0.,2023,4,true,,,
MCOU,IN,00169413212,OZEMPIC 0.,2023,4,false,12.000,12,275.81
FFSU,IN,00169418113,OZEMPIC 0.,2023,4,false,1848.000,561,557078.61
MCOU,IN,00169418113,OZEMPIC 0.,2023,4,false,33994.500,11084,9839288.43
MCOU,IN,00169418197,OZEMPIC   ,2023,4,true,,,
MCOU,IN,00169477212,OZEMPIC 2M,2023,4,false,12651.000,3327,3653466.02
FFSU,IN,00169477212,OZEMPIC 2M,2023,4,false,576.000,155,171223.49
FFSU,IN,00169413001,OZEMPIC 1M,2023,3,true,,,
FFSU,IN,00169413013,OZEMPIC 1M,2023,3,false,1182.000,333,353297.58
MCOU,IN,00169413013,OZEMPIC 1M,2023,3,false,31878.000,8897,9214875.06
FFSU,IN,00169413212,OZEMPIC 0.,2023,3,true,,,
MCOU,IN,00169413212,OZEMPIC 0.,2023,3,false,20.500,19,2942.51
FFSU,IN,00169418113,OZEMPIC 0.,2023,3,false,1872.000,554,558407.31
MCOU,IN,00169418113,OZEMPIC 0.,2023,3,false,37419.500,12217,10903492.97
MCOU,IN,00169477212,OZEMPIC 2M,2023,3,false,19544.000,5360,5644462.71
FFSU,IN,00169477212,OZEMPIC 2M,2023,3,false,795.000,213,238485.82
MCOU,IN,00169413001,OZEMPIC 1M,2023,2,true,,,
FFSU,IN,00169413013,OZEMPIC 1M,2023,2,false,867.000,235,259965.36
MCOU,IN,00169413013,OZEMPIC 1M,2023,2,false,31768.500,9154,9010423.34
MCOU,IN,00169413212,OZEMPIC 0.,2023,2,false,907.000,581,506776.49
FFSU,IN,00169413212,OZEMPIC 0.,2023,2,false,60.000,37,36360.15
MCOU,IN,00169413602,OZEMPIC 1M,2023,2,true,,,
MCOU,IN,00169418113,OZEMPIC 0.,2023,2,false,36712.500,11213,10516137.02
FFSU,IN,00169418113,OZEMPIC 0.,2023,2,false,1266.000,387,384165.96
MCOU,IN,00169477211,OZEMPIC 2M,2023,2,true,,,
FFSU,IN,00169477212,OZEMPIC 2M,2023,2,false,600.000,164,176346.44
MCOU,IN,00169477212,OZEMPIC 2M,2023,2,false,19818.000,5653,5626378.37
MCOU,IN,00169413013,OZEMPIC 1M,2023,1,false,28322.000,8161,8093548.50
FFSU,IN,00169413013,OZEMPIC 1M,2023,1,false,501.000,138,149340.72
FFSU,IN,00169413212,OZEMPIC 0.,2023,1,false,436.500,242,259655.24
MCOU,IN,00169413212,OZEMPIC 0.,2023,1,false,14838.500,9132,8483786.69
FFSU,IN,00169418113,OZEMPIC 0.,2023,1,true,,,
MCOU,IN,00169418113,OZEMPIC 0.,2023,1,false,2646.500,802,770816.16
MCOU,IN,00169477211,OZEMPIC 2M,2023,1,true,,,
FFSU,IN,00169477212,OZEMPIC 2M,2023,1,false,279.000,86,79688.90
MCOU,IN,00169477212,OZEMPIC 2M,2023,1,false,13623.000,3927,3874966.44
MCOU,KS,00169413013,OZEMPIC 1M,2023,4,false,996.000,326,325407.34
MCOU,KS,00169418113,OZEMPIC 0.,2023,4,false,1376.000,478,452904.05
MCOU,KS,00169477212,OZEMPIC 2M,2023,4,false,339.000,111,116422.66
MCOU,KS,00169413013,OZEMPIC 1M,2023,3,false,612.000,196,186434.15
MCOU,KS,00169413212,OZEMPIC 0.,2023,3,true,,,
MCOU,KS,00169418113,OZEMPIC 0.,2023,3,false,1118.000,386,339707.42
MCOU,KS,00169477212,OZEMPIC 2M,2023,3,false,270.000,92,81862.35
MCOU,KS,00169413013,OZEMPIC 1M,2023,2,false,591.000,193,179737.54
MCOU,KS,00169413212,OZEMPIC 0.,2023,2,false,30.000,22,16609.78
MCOU,KS,00169418113,OZEMPIC 0.,2023,2,false,447.000,154,138460.76
MCOU,KS,00169477212,OZEMPIC 2M,2023,2,false,261.000,92,78964.94
MCOU,KS,00169413013,OZEMPIC 1M,2023,1,false,558.000,191,168778.10
MCOU,KS,00169413212,OZEMPIC 0.,2023,1,false,262.500,206,147940.99
MCOU,KS,00169418113,OZEMPIC 0.,2023,1,false,42.000,16,13244.03
MCOU,KS,00169477212,OZEMPIC 2M,2023,1,false,213.000,72,64283.83
MCOU,KY,00169413001,OZEMPIC   ,2023,4,true,,,
FFSU,KY,00169413013,OZEMPIC   ,2023,4,false,813.000,252,247013.18
MCOU,KY,00169413013,OZEMPIC   ,2023,4,false,33582.000,9802,10098559.80
FFSU,KY,00169413212,OZEMPIC   ,2023,4,true,,,
MCOU,KY,00169413212,OZEMPIC   ,2023,4,false,55.500,37,34614.53
MCOU,KY,00169418113,OZEMPIC   ,2023,4,false,35808.000,11127,10662526.97
FFSU,KY,00169418113,OZEMPIC   ,2023,4,false,1230.000,378,373291.00
MCOU,KY,00169477211,OZEMPIC   ,2023,4,true,,,
FFSU,KY,00169477212,OZEMPIC   ,2023,4,false,388.000,114,117812.91
MCOU,KY,00169477212,OZEMPIC   ,2023,4,false,10608.000,3097,3102908.50
MCOU,KY,00169413001,OZEMPIC   ,2023,3,false,39.000,11,11741.86
FFSU,KY,00169413013,OZEMPIC   ,2023,3,false,786.000,235,238977.05
MCOU,KY,00169413013,OZEMPIC   ,2023,3,false,41565.000,11830,12969896.28
MCOU,KY,00169413211,OZEMPIC   ,2023,3,true,,,
FFSU,KY,00169413212,OZEMPIC   ,2023,3,true,,,
MCOU,KY,00169413212,OZEMPIC   ,2023,3,false,191.500,130,117103.92
MCOU,KY,00169418113,OZEMPIC   ,2023,3,false,54708.000,16790,16854064.40
FFSU,KY,00169418113,OZEMPIC   ,2023,3,false,1008.000,309,305911.89
MCOU,KY,00169477211,OZEMPIC   ,2023,3,false,45.000,13,13526.40
MCOU,KY,00169477212,OZEMPIC   ,2023,3,false,21873.000,6227,6824082.03
FFSU,KY,00169477212,OZEMPIC   ,2023,3,false,324.000,100,98415.76
MCOU,KY,00169413001,OZEMPIC   ,2023,2,true,,,
MCOU,KY,00169413013,OZEMPIC   ,2023,2,false,2466.000,689,764082.65
FFSU,KY,00169413013,OZEMPIC   ,2023,2,false,702.000,215,212517.32
MCOU,KY,00169413211,OZEMPIC   ,2023,2,false,22.500,15,13489.65
FFSU,KY,00169413212,OZEMPIC   ,2023,2,false,118.500,75,71811.56
MCOU,KY,00169413212,OZEMPIC   ,2023,2,false,16.500,11,9892.41
MCOU,KY,00169418113,OZEMPIC   ,2023,2,false,3108.000,946,977554.75
FFSU,KY,00169418113,OZEMPIC   ,2023,2,false,960.000,305,297547.98
MCOU,KY,00169477211,OZEMPIC   ,2023,2,true,,,
MCOU,KY,00169477212,OZEMPIC   ,2023,2,false,15795.000,4327,4974102.87
FFSU,KY,00169477212,OZEMPIC   ,2023,2,false,372.000,112,112705.20
MCOU,KY,00169413001,OZEMPIC   ,2023,1,true,,,
FFSU,KY,00169413013,OZEMPIC   ,2023,1,false,504.000,150,150583.80
MCOU,KY,00169413013,OZEMPIC   ,2023,1,false,33921.000,9713,10556264.15
MCOU,KY,00169413211,OZEMPIC   ,2023,1,false,21.000,14,12590.34
FFSU,KY,00169413212,OZEMPIC   ,2023,1,false,331.500,217,198965.41
MCOU,KY,00169413212,OZEMPIC   ,2023,1,false,19794.500,12280,11861340.00
FFSU,KY,00169418113,OZEMPIC   ,2023,1,true,,,
MCOU,KY,00169418113,OZEMPIC   ,2023,1,false,228.000,76,72548.37
MCOU,KY,00169477211,OZEMPIC   ,2023,1,true,,,
MCOU,KY,00169477212,OZEMPIC   ,2023,1,false,633.000,190,195834.24
FFSU,KY,00169477212,OZEMPIC   ,2023,1,false,171.000,51,51228.74
MCOU,LA,00169413001,OZEMPIC   ,2023,4,true,,,
FFSU,LA,00169413013,OZEMPIC   ,2023,4,false,150.000,50,45600.92
MCOU,LA,00169413013,OZEMPIC   ,2023,4,false,39938.000,12861,12119935.28
FFSU,LA,00169413212,OZEMPIC   ,2023,4,false,24.000,15,14471.29
MCOU,LA,00169413212,OZEMPIC   ,2023,4,false,42.000,22,25442.03
MCOU,LA,00169413602,OZEMPIC   ,2023,4,true,,,
FFSU,LA,00169418113,OZEMPIC   ,2023,4,false,132.000,42,40219.67
MCOU,LA,00169418113,OZEMPIC   ,2023,4,false,48413.500,15688,14703401.50
MCOU,LA,00169477211,OZEMPIC   ,2023,4,true,,,
FFSU,LA,00169477212,OZEMPIC   ,2023,4,false,66.000,20,19556.33
MCOU,LA,00169477212,OZEMPIC   ,2023,4,false,22045.000,7104,6688830.15
MCOU,LA,00169413001,OZEMPIC   ,2023,3,false,51.000,17,15490.89
FFSU,LA,00169413013,OZEMPIC   ,2023,3,false,894.000,290,272083.86
MCOU,LA,00169413013,OZEMPIC   ,2023,3,false,38700.000,12838,11853062.50
MCOU,LA,00169413212,OZEMPIC   ,2023,3,false,57.500,37,34546.85
FFSU,LA,00169413212,OZEMPIC   ,2023,3,true,,,
MCOU,LA,00169413602,OZEMPIC   ,2023,3,true,,,
FFSU,LA,00169418113,OZEMPIC   ,2023,3,false,1612.500,516,489479.15
MCOU,LA,00169418113,OZEMPIC   ,2023,3,false,52495.500,17461,16053234.44
MCOU,LA,00169477211,OZEMPIC   ,2023,3,true,,,
FFSU,LA,00169477212,OZEMPIC   ,2023,3,false,357.000,116,108438.17
MCOU,LA,00169477212,OZEMPIC   ,2023,3,false,17293.000,5730,5264986.28
MCOU,LA,00169413001,OZEMPIC   ,2023,2,false,51.000,17,15540.66
FFSU,LA,00169413013,OZEMPIC   ,2023,2,false,819.000,257,249095.12
MCOU,LA,00169413013,OZEMPIC   ,2023,2,false,43842.000,14552,13411220.09
MCOU,LA,00169413211,OZEMPIC   ,2023,2,false,33.000,17,19957.88
FFSU,LA,00169413212,OZEMPIC   ,2023,2,false,84.000,56,50855.77
MCOU,LA,00169413212,OZEMPIC   ,2023,2,false,2152.000,1411,1307121.38
MCOU,LA,00169413602,OZEMPIC   ,2023,2,true,,,
FFSU,LA,00169418113,OZEMPIC   ,2023,2,false,1473.000,471,457016.50
MCOU,LA,00169418113,OZEMPIC   ,2023,2,false,68438.500,22790,21023417.56
MCOU,LA,00169477211,OZEMPIC   ,2023,2,false,54.000,18,16384.10
MCOU,LA,00169477212,OZEMPIC   ,2023,2,false,22523.000,7453,6855832.10
FFSU,LA,00169477212,OZEMPIC   ,2023,2,false,356.000,113,107809.26
MCOU,LA,00169413001,OZEMPIC   ,2023,1,false,63.000,21,19151.67
MCOU,LA,00169413013,OZEMPIC   ,2023,1,false,27609.000,9097,8404582.52
FFSU,LA,00169413013,OZEMPIC   ,2023,1,false,366.000,118,110557.63
FFSU,LA,00169413211,OZEMPIC   ,2023,1,true,,,
MCOU,LA,00169413211,OZEMPIC   ,2023,1,false,63.000,39,38161.51
MCOU,LA,00169413212,OZEMPIC   ,2023,1,false,20854.000,13432,12691905.39
FFSU,LA,00169413212,OZEMPIC   ,2023,1,false,327.000,209,197442.37
MCOU,LA,00169413602,OZEMPIC   ,2023,1,false,83.500,27,23885.72
MCOU,LA,00169413611,OZEMPIC   ,2023,1,true,,,
FFSU,LA,00169418113,OZEMPIC   ,2023,1,true,,,
MCOU,LA,00169418113,OZEMPIC   ,2023,1,false,3935.000,1308,1218109.76
MCOU,LA,00169477211,OZEMPIC   ,2023,1,false,36.000,12,10927.80
FFSU,LA,00169477212,OZEMPIC   ,2023,1,false,161.000,48,48682.15
MCOU,LA,00169477212,OZEMPIC   ,2023,1,false,11413.500,3772,3465845.96
MCOU,MA,00169413013,OZEMPIC 1 ,2023,4,false,5979.000,1797,1779625.48
FFSU,MA,00169413013,OZEMPIC 1 ,2023,4,false,1173.000,371,354763.68
MCOU,MA,00169413212,OZEMPIC 0.,2023,4,true,,,
FFSU,MA,00169418113,OZEMPIC 0.,2023,4,false,1014.000,326,306437.65
MCOU,MA,00169418113,OZEMPIC 0.,2023,4,false,4847.000,1616,1460376.89
MCOU,MA,00169477212,OZEMPIC 2 ,2023,4,false,2751.000,784,814005.66
FFSU,MA,00169477212,OZEMPIC 2 ,2023,4,false,555.000,177,167284.69
MCOU,MA,00169413013,OZEMPIC 1 ,2023,3,false,5817.000,1759,1744152.64
FFSU,MA,00169413013,OZEMPIC 1 ,2023,3,false,1050.000,337,318290.69
FFSU,MA,00169413212,OZEMPIC 0.,2023,3,true,,,
MCOU,MA,00169413212,OZEMPIC 0.,2023,3,true,,,
FFSU,MA,00169418113,OZEMPIC 0.,2023,3,false,1014.000,329,306053.50
MCOU,MA,00169418113,OZEMPIC 0.,2023,3,false,6244.500,2073,1884401.51
FFSU,MA,00169477211,OZEMPIC 2 ,2023,3,true,,,
MCOU,MA,00169477211,OZEMPIC 2 ,2023,3,true,,,
FFSU,MA,00169477212,OZEMPIC 2 ,2023,3,false,723.000,233,218665.00
MCOU,MA,00169477212,OZEMPIC 2 ,2023,3,false,3769.000,1089,1134653.85
MCOU,MA,00169413013,OZEMPIC 1 ,2023,2,false,5391.000,1632,1614957.36
FFSU,MA,00169413013,OZEMPIC 1 ,2023,2,false,1365.000,431,409905.80
MCOU,MA,00169413212,OZEMPIC 0.,2023,2,false,130.500,85,78857.29
FFSU,MA,00169413212,OZEMPIC 0.,2023,2,false,96.000,60,58052.53
MCOU,MA,00169418113,OZEMPIC 0.,2023,2,false,8415.000,2794,2550406.99
FFSU,MA,00169418113,OZEMPIC 0.,2023,2,false,1104.000,341,333271.40
MCOU,MA,00169477211,OZEMPIC 2 ,2023,2,true,,,
FFSU,MA,00169477212,OZEMPIC 2 ,2023,2,false,885.000,273,264106.13
MCOU,MA,00169477212,OZEMPIC 2 ,2023,2,false,3546.000,1024,1063661.85
MCOU,MA,00169413013,OZEMPIC 1 ,2023,1,false,2616.000,755,789896.53
FFSU,MA,00169413013,OZEMPIC 1 ,2023,1,false,1686.000,521,502335.99
MCOU,MA,00169413211,OZEMPIC 0.,2023,1,true,,,
FFSU,MA,00169413212,OZEMPIC 0.,2023,1,false,669.000,419,397238.66
MCOU,MA,00169413212,OZEMPIC 0.,2023,1,false,1323.000,854,802551.21
FFSU,MA,00169418113,OZEMPIC 0.,2023,1,true,,,
MCOU,MA,00169418113,OZEMPIC 0.,2023,1,false,207.000,67,60538.55
FFSU,MA,00169477211,OZEMPIC 2 ,2023,1,true,,,
FFSU,MA,00169477212,OZEMPIC 2 ,2023,1,false,858.000,270,255284.34
MCOU,MA,00169477212,OZEMPIC 2 ,2023,1,false,1335.000,387,402004.67
FFSU,MD,00169413001,OZEMPIC 1 ,2023,4,true,,,
MCOU,MD,00169413001,OZEMPIC 1 ,2023,4,false,177.000,56,53355.57
MCOU,MD,00169413013,OZEMPIC 1 ,2023,4,false,15279.000,4883,4671728.32
FFSU,MD,00169413013,OZEMPIC 1 ,2023,4,false,453.000,144,137589.53
MCOU,MD,00169413211,OZEMPIC 0.,2023,4,true,,,
MCOU,MD,00169413212,OZEMPIC 0.,2023,4,false,25.500,14,15170.50
MCOU,MD,00169413602,OZEMPIC 1 ,2023,4,true,,,
FFSU,MD,00169418113,OZEMPIC 0.,2023,4,false,819.000,271,248844.35
MCOU,MD,00169418113,OZEMPIC 0.,2023,4,false,16902.000,5536,5167549.89
FFSU,MD,00169477211,OZEMPIC 2 ,2023,4,true,,,
MCOU,MD,00169477211,OZEMPIC 2 ,2023,4,false,48.000,14,14423.62
FFSU,MD,00169477212,OZEMPIC 2 ,2023,4,false,201.000,65,61119.47
MCOU,MD,00169477212,OZEMPIC 2 ,2023,4,false,6426.500,2098,1982649.96
MCOU,MD,00169413001,OZEMPIC 1 ,2023,3,false,177.000,55,53108.87
FFSU,MD,00169413001,OZEMPIC 1 ,2023,3,true,,,
FFSU,MD,00169413013,OZEMPIC 1 ,2023,3,false,402.000,120,114186.90
MCOU,MD,00169413013,OZEMPIC 1 ,2023,3,false,17699.000,5590,5303742.70
MCOU,MD,00169413211,OZEMPIC 0.,2023,3,true,,,
FFSU,MD,00169413212,OZEMPIC 0.,2023,3,true,,,
MCOU,MD,00169413212,OZEMPIC 0.,2023,3,false,84.000,54,51118.85
MCOU,MD,00169413602,OZEMPIC 1 ,2023,3,false,28.500,11,8410.01
MCOU,MD,00169418113,OZEMPIC 0.,2023,3,false,20529.500,6709,6176705.35
FFSU,MD,00169418113,OZEMPIC 0.,2023,3,false,874.000,290,266499.81
FFSU,MD,00169477211,OZEMPIC 2 ,2023,3,true,,,
MCOU,MD,00169477211,OZEMPIC 2 ,2023,3,false,57.000,19,17098.60
MCOU,MD,00169477212,OZEMPIC 2 ,2023,3,false,9845.000,3141,2948246.45
FFSU,MD,00169477212,OZEMPIC 2 ,2023,3,false,162.000,58,52922.94
FFSU,MD,00169413001,OZEMPIC 1 ,2023,2,true,,,
MCOU,MD,00169413001,OZEMPIC 1 ,2023,2,false,189.000,57,56580.39
MCOU,MD,00169413013,OZEMPIC 1 ,2023,2,false,18325.000,5784,5496224.73
FFSU,MD,00169413013,OZEMPIC 1 ,2023,2,false,396.000,125,120554.12
MCOU,MD,00169413211,OZEMPIC 0.,2023,2,false,25.500,17,16306.70
FFSU,MD,00169413212,OZEMPIC 0.,2023,2,false,45.000,28,27281.06
MCOU,MD,00169413212,OZEMPIC 0.,2023,2,false,918.500,602,551738.52
MCOU,MD,00169413602,OZEMPIC 1 ,2023,2,true,,,
MCOU,MD,00169418113,OZEMPIC 0.,2023,2,false,19588.000,6473,5940309.15
FFSU,MD,00169418113,OZEMPIC 0.,2023,2,false,522.000,172,160516.13
MCOU,MD,00169477211,OZEMPIC 2 ,2023,2,false,51.000,17,15234.39
FFSU,MD,00169477211,OZEMPIC 2 ,2023,2,true,,,
MCOU,MD,00169477212,OZEMPIC 2 ,2023,2,false,10118.000,3234,3038799.42
FFSU,MD,00169477212,OZEMPIC 2 ,2023,2,false,114.000,41,37322.63
MCOU,MD,00169413001,OZEMPIC 1 ,2023,1,false,75.000,25,22557.36
MCOU,MD,00169413013,OZEMPIC 1 ,2023,1,false,16426.000,5114,4937968.63
FFSU,MD,00169413013,OZEMPIC 1 ,2023,1,false,267.000,87,83372.84
MCOU,MD,00169413211,OZEMPIC 0.,2023,1,false,43.500,29,26153.63
MCOU,MD,00169413212,OZEMPIC 0.,2023,1,false,8839.500,5718,5335989.38
FFSU,MD,00169413212,OZEMPIC 0.,2023,1,false,222.000,145,130845.53
MCOU,MD,00169413602,OZEMPIC 1 ,2023,1,false,36.000,11,10339.86
MCOU,MD,00169418113,OZEMPIC 0.,2023,1,false,1380.000,447,418605.94
FFSU,MD,00169418113,OZEMPIC 0.,2023,1,true,,,
FFSU,MD,00169477211,OZEMPIC 2 ,2023,1,true,,,
MCOU,MD,00169477211,OZEMPIC 2 ,2023,1,false,42.000,14,12541.21
MCOU,MD,00169477212,OZEMPIC 2 ,2023,1,false,6468.500,2049,1947161.91
FFSU,MD,00169477212,OZEMPIC 2 ,2023,1,false,84.000,25,22631.52
FFSU,ME,00169413013,OZEMPIC   ,2023,4,false,699.000,216,209978.43
FFSU,ME,00169418113,OZEMPIC   ,2023,4,false,612.000,196,181676.36
FFSU,ME,00169477212,OZEMPIC   ,2023,4,false,393.000,125,118890.97
FFSU,ME,00169413001,OZEMPIC   ,2023,3,true,,,
FFSU,ME,00169413013,OZEMPIC   ,2023,3,false,603.000,190,180905.38
FFSU,ME,00169413212,OZEMPIC   ,2023,3,true,,,
FFSU,ME,00169418113,OZEMPIC   ,2023,3,false,696.000,225,205815.09
FFSU,ME,00169477212,OZEMPIC   ,2023,3,false,534.000,172,161250.71
FFSU,ME,00169413013,OZEMPIC   ,2023,2,false,696.000,223,209347.75
FFSU,ME,00169413212,OZEMPIC   ,2023,2,false,28.500,17,16430.45
FFSU,ME,00169418113,OZEMPIC   ,2023,2,false,604.500,184,179029.86
FFSU,ME,00169477212,OZEMPIC   ,2023,2,false,471.000,149,141036.76
FFSU,ME,00169413013,OZEMPIC   ,2023,1,false,558.000,172,165690.89
FFSU,ME,00169413212,OZEMPIC   ,2023,1,false,249.000,154,144874.13
FFSU,ME,00169418113,OZEMPIC   ,2023,1,true,,,
FFSU,ME,00169477212,OZEMPIC   ,2023,1,false,306.000,98,90816.21
MCOU,MI,00169413001,OZEMPIC   ,2023,4,true,,,
FFSU,MI,00169413013,OZEMPIC   ,2023,4,false,1257.000,333,359174.70
MCOU,MI,00169413013,OZEMPIC   ,2023,4,false,8904.000,2597,2663936.52
MCOU,MI,00169413212,OZEMPIC   ,2023,4,true,,,
FFSU,MI,00169413212,OZEMPIC   ,2023,4,true,,,
MCOU,MI,00169413602,OZEMPIC   ,2023,4,true,,,
MCOU,MI,00169418113,OZEMPIC   ,2023,4,false,7463.000,2289,2236411.35
FFSU,MI,00169418113,OZEMPIC   ,2023,4,false,1359.000,406,391228.18
MCOU,MI,00169477211,OZEMPIC   ,2023,4,true,,,
FFSU,MI,00169477212,OZEMPIC   ,2023,4,false,834.000,223,241276.42
MCOU,MI,00169477212,OZEMPIC   ,2023,4,false,5792.000,1692,1732701.67
MCOU,MI,00169413001,OZEMPIC   ,2023,3,true,,,
FFSU,MI,00169413013,OZEMPIC   ,2023,3,false,1671.000,440,475347.09
MCOU,MI,00169413013,OZEMPIC   ,2023,3,false,8514.000,2373,2549205.37
MCOU,MI,00169413212,OZEMPIC   ,2023,3,true,,,
FFSU,MI,00169413212,OZEMPIC   ,2023,3,true,,,
FFSU,MI,00169418113,OZEMPIC   ,2023,3,false,1713.000,508,489477.56
MCOU,MI,00169418113,OZEMPIC   ,2023,3,false,7728.000,2387,2313756.30
MCOU,MI,00169477211,OZEMPIC   ,2023,3,true,,,
FFSU,MI,00169477212,OZEMPIC   ,2023,3,false,1179.000,315,333620.66
MCOU,MI,00169477212,OZEMPIC   ,2023,3,false,6593.000,1929,1970975.94
MCOU,MI,00169413001,OZEMPIC   ,2023,2,true,,,
MCOU,MI,00169413013,OZEMPIC   ,2023,2,false,8397.000,2299,2513060.26
FFSU,MI,00169413013,OZEMPIC   ,2023,2,false,1887.000,484,523611.95
FFSU,MI,00169413212,OZEMPIC   ,2023,2,false,153.000,91,85355.21
MCOU,MI,00169413212,OZEMPIC   ,2023,2,false,303.000,193,181087.87
MCOU,MI,00169418113,OZEMPIC   ,2023,2,false,5766.000,1770,1732779.57
FFSU,MI,00169418113,OZEMPIC   ,2023,2,false,1461.000,434,414694.70
MCOU,MI,00169477211,OZEMPIC   ,2023,2,true,,,
MCOU,MI,00169477212,OZEMPIC   ,2023,2,false,6525.000,1832,1948966.15
FFSU,MI,00169477212,OZEMPIC   ,2023,2,false,1221.000,312,340586.89
MCOU,MI,00169413001,OZEMPIC   ,2023,1,true,,,
MCOU,MI,00169413013,OZEMPIC   ,2023,1,false,7368.000,2022,2198841.47
FFSU,MI,00169413013,OZEMPIC   ,2023,1,false,1657.500,439,458117.66
MCOU,MI,00169413211,OZEMPIC   ,2023,1,true,,,
MCOU,MI,00169413212,OZEMPIC   ,2023,1,false,3091.500,1794,1843653.46
FFSU,MI,00169413212,OZEMPIC   ,2023,1,false,859.500,490,469704.87
MCOU,MI,00169418113,OZEMPIC   ,2023,1,false,282.000,88,85291.86
FFSU,MI,00169418113,OZEMPIC   ,2023,1,true,,,
FFSU,MI,00169477212,OZEMPIC   ,2023,1,false,912.000,246,257728.68
MCOU,MI,00169477212,OZEMPIC   ,2023,1,false,4293.000,1247,1281872.42
MCOU,MN,00169413013,OZEMPIC   ,2023,4,false,2502.000,804,761466.55
FFSU,MN,00169413013,OZEMPIC   ,2023,4,false,336.000,112,103008.60
MCOU,MN,00169413212,OZEMPIC   ,2023,4,true,,,
MCOU,MN,00169418113,OZEMPIC   ,2023,4,false,1893.000,627,575671.58
FFSU,MN,00169418113,OZEMPIC   ,2023,4,false,249.000,83,77024.83
MCOU,MN,00169477212,OZEMPIC   ,2023,4,false,1584.000,521,483735.80
FFSU,MN,00169477212,OZEMPIC   ,2023,4,false,165.000,55,51081.80
MCOU,MN,00169413013,OZEMPIC   ,2023,3,false,2253.000,730,687974.88
FFSU,MN,00169413013,OZEMPIC   ,2023,3,false,357.000,119,109609.77
FFSU,MN,00169413212,OZEMPIC   ,2023,3,true,,,
MCOU,MN,00169413212,OZEMPIC   ,2023,3,true,,,
FFSU,MN,00169418113,OZEMPIC   ,2023,3,false,423.000,141,130296.69
MCOU,MN,00169418113,OZEMPIC   ,2023,3,false,2028.000,663,617680.48
FFSU,MN,00169477212,OZEMPIC   ,2023,3,false,234.000,77,71821.92
MCOU,MN,00169477212,OZEMPIC   ,2023,3,false,1680.000,545,516889.01
MCOU,MN,00169413013,OZEMPIC   ,2023,2,false,2085.000,668,639382.12
FFSU,MN,00169413013,OZEMPIC   ,2023,2,false,363.000,121,112560.25
FFSU,MN,00169413212,OZEMPIC   ,2023,2,false,39.000,26,24083.02
MCOU,MN,00169413212,OZEMPIC   ,2023,2,false,126.000,84,77882.91
MCOU,MN,00169418113,OZEMPIC   ,2023,2,false,1752.000,575,536950.69
FFSU,MN,00169418113,OZEMPIC   ,2023,2,false,306.000,102,95651.25
FFSU,MN,00169477212,OZEMPIC   ,2023,2,false,186.000,62,57017.62
MCOU,MN,00169477212,OZEMPIC   ,2023,2,false,1416.000,463,435601.42
MCOU,MN,00169413013,OZEMPIC   ,2023,1,false,1788.000,573,548261.33
FFSU,MN,00169413013,OZEMPIC   ,2023,1,false,351.000,117,107636.65
FFSU,MN,00169413212,OZEMPIC   ,2023,1,false,147.000,98,89491.36
MCOU,MN,00169413212,OZEMPIC   ,2023,1,false,750.000,493,468982.13
MCOU,MN,00169418113,OZEMPIC   ,2023,1,false,78.000,26,23968.93
FFSU,MN,00169418113,OZEMPIC   ,2023,1,true,,,
FFSU,MN,00169477212,OZEMPIC   ,2023,1,false,138.000,46,42021.14
MCOU,MN,00169477212,OZEMPIC   ,2023,1,false,972.000,313,300151.85
FFSU,MO,00169413013,OZEMPIC   ,2023,4,false,2346.000,780,604309.30
FFSU,MO,00169413212,OZEMPIC   ,2023,4,true,,,
FFSU,MO,00169418113,OZEMPIC   ,2023,4,false,1566.000,506,355172.03
FFSU,MO,00169477212,OZEMPIC   ,2023,4,false,1644.000,548,441184.89
FFSU,MO,00169413013,OZEMPIC   ,2023,3,false,2040.000,677,506839.35
FFSU,MO,00169413212,OZEMPIC   ,2023,3,true,,,
FFSU,MO,00169418113,OZEMPIC   ,2023,3,false,1431.000,466,305869.48
FFSU,MO,00169477212,OZEMPIC   ,2023,3,false,1467.000,489,376044.51
FFSU,MO,00169413013,OZEMPIC   ,2023,2,false,1632.000,543,382953.96
FFSU,MO,00169413212,OZEMPIC   ,2023,2,false,193.500,127,85265.23
FFSU,MO,00169418113,OZEMPIC   ,2023,2,false,969.000,313,178248.87
FFSU,MO,00169477212,OZEMPIC   ,2023,2,false,1332.000,444,347508.58
FFSU,MO,00169413013,OZEMPIC   ,2023,1,false,1473.000,485,372817.06
FFSU,MO,00169413212,OZEMPIC   ,2023,1,false,556.500,356,247760.49
FFSU,MO,00169418113,OZEMPIC   ,2023,1,true,,,
FFSU,MO,00169477212,OZEMPIC   ,2023,1,false,786.000,262,199882.51
MCOU,MS,00169413001,OZEMPIC 1M,2023,4,true,,,
MCOU,MS,00169413013,OZEMPIC 1M,2023,4,false,720.000,238,217434.42
FFSU,MS,00169413013,OZEMPIC 1M,2023,4,false,84.000,28,25582.48
MCOU,MS,00169413211,OZEMPIC 0.,2023,4,true,,,
MCOU,MS,00169413212,OZEMPIC 0.,2023,4,true,,,
FFSU,MS,00169418113,OZEMPIC 0.,2023,4,false,42.000,14,12866.98
MCOU,MS,00169418113,OZEMPIC 0.,2023,4,false,432.000,144,130510.33
MCOU,MS,00169477212,OZEMPIC 2M,2023,4,false,426.000,140,131942.75
FFSU,MS,00169477212,OZEMPIC 2M,2023,4,false,78.000,26,23739.30
MCOU,MS,00169413013,OZEMPIC 1M,2023,3,false,708.000,234,215541.46
FFSU,MS,00169413013,OZEMPIC 1M,2023,3,false,126.000,42,38474.80
MCOU,MS,00169413211,OZEMPIC 0.,2023,3,true,,,
MCOU,MS,00169413212,OZEMPIC 0.,2023,3,true,,,
MCOU,MS,00169418113,OZEMPIC 0.,2023,3,false,457.500,151,136400.47
FFSU,MS,00169418113,OZEMPIC 0.,2023,3,false,138.000,46,42215.54
FFSU,MS,00169477212,OZEMPIC 2M,2023,3,false,135.000,45,41087.25
MCOU,MS,00169477212,OZEMPIC 2M,2023,3,false,435.000,141,130547.58
FFSU,MS,00169413013,OZEMPIC 1M,2023,2,false,228.000,67,69666.51
MCOU,MS,00169413013,OZEMPIC 1M,2023,2,false,687.000,227,206890.26
MCOU,MS,00169413211,OZEMPIC 0.,2023,2,true,,,
MCOU,MS,00169413212,OZEMPIC 0.,2023,2,false,43.500,27,23908.89
FFSU,MS,00169413212,OZEMPIC 0.,2023,2,true,,,
FFSU,MS,00169418113,OZEMPIC 0.,2023,2,false,93.000,31,28938.98
MCOU,MS,00169418113,OZEMPIC 0.,2023,2,false,334.500,112,101865.94
MCOU,MS,00169477212,OZEMPIC 2M,2023,2,false,438.000,146,133051.70
FFSU,MS,00169477212,OZEMPIC 2M,2023,2,false,174.000,58,61367.58
MCOU,MS,00169413001,OZEMPIC   ,2023,1,true,,,
FFSU,MS,00169413013,OZEMPIC 1M,2023,1,false,258.000,81,77705.42
MCOU,MS,00169413013,OZEMPIC   ,2023,1,false,576.000,188,169900.73
MCOU,MS,00169413211,OZEMPIC   ,2023,1,true,,,
FFSU,MS,00169413212,OZEMPIC 0.,2023,1,false,48.000,32,29097.52
MCOU,MS,00169413212,OZEMPIC   ,2023,1,false,135.000,90,83306.93
MCOU,MS,00169413602,OZEMPIC   ,2023,1,true,,,
FFSU,MS,00169418113,OZEMPIC 0.,2023,1,true,,,
MCOU,MS,00169418113,OZEMPIC   ,2023,1,true,,,
MCOU,MS,00169477211,OZEMPIC   ,2023,1,true,,,
FFSU,MS,00169477212,OZEMPIC 2M,2023,1,false,124.000,42,50841.50
MCOU,MS,00169477212,OZEMPIC   ,2023,1,false,348.000,116,105310.38
FFSU,MT,00169413001,OZEMPIC 1 ,2023,4,true,,,
FFSU,MT,00169413013,OZEMPIC 1 ,2023,4,false,3102.000,989,946273.53
FFSU,MT,00169413212,OZEMPIC 0.,2023,4,true,,,
FFSU,MT,00169418113,OZEMPIC 0.,2023,4,false,3321.500,1097,1013801.54
FFSU,MT,00169477212,OZEMPIC 2 ,2023,4,false,1518.000,504,463296.45
FFSU,MT,00169413013,OZEMPIC 1 ,2023,3,false,2799.000,901,853273.93
FFSU,MT,00169413211,OZEMPIC 0.,2023,3,true,,,
FFSU,MT,00169413212,OZEMPIC 0.,2023,3,false,24.000,15,14388.11
FFSU,MT,00169418113,OZEMPIC 0.,2023,3,false,3444.500,1143,1051268.03
FFSU,MT,00169477212,OZEMPIC 2 ,2023,3,false,1632.000,538,497735.15
FFSU,MT,00169413013,OZEMPIC 1 ,2023,2,false,2859.000,868,870563.98
FFSU,MT,00169413212,OZEMPIC 0.,2023,2,false,429.500,262,261625.42
FFSU,MT,00169413602,OZEMPIC 1 ,2023,2,true,,,
FFSU,MT,00169418113,OZEMPIC 0.,2023,2,false,2409.000,783,741462.07
FFSU,MT,00169477212,OZEMPIC 2 ,2023,2,false,1332.000,397,404783.71
FFSU,MT,00169413013,OZEMPIC 1 ,2023,1,false,2322.000,678,697153.87
FFSU,MT,00169413212,OZEMPIC 0.,2023,1,false,1443.000,900,873562.30
FFSU,MT,00169413602,OZEMPIC 1 ,2023,1,false,36.000,11,10471.25
FFSU,MT,00169418113,OZEMPIC 0.,2023,1,false,42.000,14,13252.86
FFSU,MT,00169477212,OZEMPIC 2 ,2023,1,false,858.000,238,258343.51
FFSU,XX,00169413001,OZEMPIC 1M,2023,4,false,2385.000,706,723980.40
MCOU,XX,00169413001,OZEMPIC 1M,2023,4,false,480.000,160,146133.91
FFSU,XX,00169413013,OZEMPIC 1M,2023,4,false,413694.875,116442,124939792.86
MCOU,XX,00169413013,OZEMPIC 1M,2023,4,false,295244.000,89484,88185635.39
FFSU,XX,00169413211,OZEMPIC 0.,2023,4,false,67.000,36,39763.01
MCOU,XX,00169413211,OZEMPIC 0.,2023,4,false,19.500,11,11956.99
FFSU,XX,00169413212,OZEMPIC 0.,2023,4,false,966.500,490,579777.24
MCOU,XX,00169413212,OZEMPIC 0.,2023,4,false,321.000,202,167342.48
FFSU,XX,00169413602,OZEMPIC 1M,2023,4,false,88.500,25,25864.32
MCOU,XX,00169413602,OZEMPIC 1M,2023,4,false,41.500,16,12505.61
FFSU,XX,00169418103,OZEMPIC 0.,2023,4,false,141.000,39,41988.92
FFSU,XX,00169418113,OZEMPIC 0.,2023,4,false,514515.800,153851,155593505.20
MCOU,XX,00169418113,OZEMPIC 0.,2023,4,false,322190.500,103647,95772821.34
FFSU,XX,00169477211,OZEMPIC 2M,2023,4,false,159.000,52,48358.79
MCOU,XX,00169477211,OZEMPIC 2M,2023,4,false,180.000,58,55575.45
FFSU,XX,00169477212,OZEMPIC 2M,2023,4,false,166851.000,46814,50469548.80
MCOU,XX,00169477212,OZEMPIC 2M,2023,4,false,131378.750,39818,39192399.12
FFSU,XX,00169413001,OZEMPIC 1M,2023,3,false,2026.000,605,616380.58
MCOU,XX,00169413001,OZEMPIC 1M,2023,3,false,475.000,154,141304.77
FFSU,XX,00169413013,OZEMPIC 1M,2023,3,false,428071.500,118972,129347313.48
MCOU,XX,00169413013,OZEMPIC 1M,2023,3,false,296901.500,89770,89251837.78
FFSU,XX,00169413211,OZEMPIC 0.,2023,3,false,154.500,89,93153.21
MCOU,XX,00169413211,OZEMPIC 0.,2023,3,false,28.500,13,15830.85
FFSU,XX,00169413212,OZEMPIC 0.,2023,3,false,3299.000,1805,1975828.75
MCOU,XX,00169413212,OZEMPIC 0.,2023,3,false,861.500,545,497738.49
FFSU,XX,00169413602,OZEMPIC 1M,2023,3,false,478.500,139,141708.12
MCOU,XX,00169413602,OZEMPIC 1M,2023,3,false,80.500,26,20084.04
FFSU,XX,00169418103,OZEMPIC 0.,2023,3,false,93.000,27,28272.86
FFSU,XX,00169418113,OZEMPIC 0.,2023,3,false,620089.050,185467,187439163.97
MCOU,XX,00169418113,OZEMPIC 0.,2023,3,false,366486.500,118072,109644011.21
FFSU,XX,00169477211,OZEMPIC 2M,2023,3,false,220.000,69,66883.63
MCOU,XX,00169477211,OZEMPIC 2M,2023,3,false,210.000,66,60727.14
FFSU,XX,00169477212,OZEMPIC 2M,2023,3,false,203742.500,56439,61628581.31
MCOU,XX,00169477212,OZEMPIC 2M,2023,3,false,160269.000,48305,48179380.79
FFSU,XX,00169413001,OZEMPIC 1M,2023,2,false,1059.500,313,322309.21
MCOU,XX,00169413001,OZEMPIC 1M,2023,2,false,413.000,135,122241.72
FFSU,XX,00169413013,OZEMPIC 1M,2023,2,false,312290.000,87308,94217731.30
MCOU,XX,00169413013,OZEMPIC 1M,2023,2,false,255741.500,77803,75744581.58
FFSU,XX,00169413211,OZEMPIC 0.,2023,2,false,268.500,165,160871.46
MCOU,XX,00169413211,OZEMPIC 0.,2023,2,false,135.000,82,80854.40
FFSU,XX,00169413212,OZEMPIC 0.,2023,2,false,35556.250,21238,21308192.33
MCOU,XX,00169413212,OZEMPIC 0.,2023,2,false,12255.000,7698,7077814.78
FFSU,XX,00169413602,OZEMPIC 1M,2023,2,false,415.000,122,122006.07
MCOU,XX,00169413602,OZEMPIC 1M,2023,2,false,76.500,27,21892.36
MCOU,XX,00169413611,OZEMPIC 1M,2023,2,true,,,
FFSU,XX,00169418103,OZEMPIC 0.,2023,2,true,,,
FFSU,XX,00169418113,OZEMPIC 0.,2023,2,false,383482.500,114977,117625844.46
MCOU,XX,00169418113,OZEMPIC 0.,2023,2,false,298672.500,96071,89224049.79
FFSU,XX,00169477211,OZEMPIC 2M,2023,2,false,150.000,49,45555.55
MCOU,XX,00169477211,OZEMPIC 2M,2023,2,false,192.000,63,57771.21
FFSU,XX,00169477212,OZEMPIC 2M,2023,2,false,153384.000,42908,46215883.21
MCOU,XX,00169477212,OZEMPIC 2M,2023,2,false,159416.500,47377,47043834.10
FFSU,XX,00169413001,OZEMPIC 1M,2023,1,false,306.500,95,92128.91
MCOU,XX,00169413001,OZEMPIC 1M,2023,1,false,858.000,288,260287.84
FFSU,XX,00169413013,OZEMPIC 1M,2023,1,false,201275.500,56623,59862410.10
MCOU,XX,00169413013,OZEMPIC 1M,2023,1,false,309224.500,93812,91988231.02
FFSU,XX,00169413211,OZEMPIC 0.,2023,1,false,223.000,133,133932.24
MCOU,XX,00169413211,OZEMPIC 0.,2023,1,false,495.000,315,289681.79
FFSU,XX,00169413212,OZEMPIC 0.,2023,1,false,132767.250,78780,78960006.63
MCOU,XX,00169413212,OZEMPIC 0.,2023,1,false,183664.000,115752,108840409.93
FFSU,XX,00169413602,OZEMPIC 1M,2023,1,false,411.000,113,118611.91
MCOU,XX,00169413602,OZEMPIC 1M,2023,1,false,503.500,168,143170.06
MCOU,XX,00169413611,OZEMPIC 1M,2023,1,true,,,
FFSU,XX,00169418113,OZEMPIC 0.,2023,1,false,4089.500,1279,1304722.15
MCOU,XX,00169418113,OZEMPIC 0.,2023,1,false,21045.000,6731,6269440.06
FFSU,XX,00169477211,OZEMPIC 2M,2023,1,false,159.000,50,47593.90
MCOU,XX,00169477211,OZEMPIC 2M,2023,1,false,203.000,68,61009.84
FFSU,XX,00169477212,OZEMPIC 2M,2023,1,false,73946.500,21073,22104686.18
MCOU,XX,00169477212,OZEMPIC 2M,2023,1,false,118290.000,36190,34770597.04
FFSU,NC,00169413013,OZEMPIC   ,2023,4,false,3389.000,952,1026184.97
MCOU,NC,00169413013,OZEMPIC   ,2023,4,false,19332.000,5420,5851879.01
MCOU,NC,00169413212,OZEMPIC   ,2023,4,true,,,
FFSU,NC,00169413212,OZEMPIC   ,2023,4,true,,,
MCOU,NC,00169418113,OZEMPIC   ,2023,4,false,19001.500,5628,5747709.14
FFSU,NC,00169418113,OZEMPIC   ,2023,4,false,4143.000,1243,1253548.35
MCOU,NC,00169477211,OZEMPIC   ,2023,4,true,,,
FFSU,NC,00169477212,OZEMPIC   ,2023,4,false,1443.000,406,436522.50
MCOU,NC,00169477212,OZEMPIC   ,2023,4,false,8532.000,2351,2581644.65
MCOU,NC,00169413001,OZEMPIC   ,2023,3,true,,,
MCOU,NC,00169413013,OZEMPIC   ,2023,3,false,16722.000,4666,5068472.96
FFSU,NC,00169413013,OZEMPIC   ,2023,3,false,3636.000,1035,1101394.22
MCOU,NC,00169413212,OZEMPIC   ,2023,3,false,22.500,15,13615.25
FFSU,NC,00169413212,OZEMPIC   ,2023,3,false,25.500,13,13905.17
FFSU,NC,00169418113,OZEMPIC   ,2023,3,false,5104.500,1540,1544422.39
MCOU,NC,00169418113,OZEMPIC   ,2023,3,false,20391.500,6084,6167545.21
MCOU,NC,00169477211,OZEMPIC   ,2023,3,true,,,
MCOU,NC,00169477212,OZEMPIC   ,2023,3,false,8998.000,2451,2722500.28
FFSU,NC,00169477212,OZEMPIC   ,2023,3,false,2105.000,573,636515.59
MCOU,NC,00169413001,OZEMPIC   ,2023,2,true,,,
FFSU,NC,00169413013,OZEMPIC   ,2023,2,false,3081.000,855,927633.87
MCOU,NC,00169413013,OZEMPIC   ,2023,2,false,15054.000,4090,4522965.44
FFSU,NC,00169413211,OZEMPIC   ,2023,2,true,,,
FFSU,NC,00169413212,OZEMPIC   ,2023,2,false,463.500,264,271589.28
MCOU,NC,00169413212,OZEMPIC   ,2023,2,false,453.000,266,273622.76
MCOU,NC,00169413602,OZEMPIC   ,2023,2,true,,,
FFSU,NC,00169413602,OZEMPIC   ,2023,2,true,,,
FFSU,NC,00169418113,OZEMPIC   ,2023,2,false,3480.500,1063,1076672.47
MCOU,NC,00169418113,OZEMPIC   ,2023,2,false,20418.000,6175,6244352.28
MCOU,NC,00169477211,OZEMPIC   ,2023,2,true,,,
MCOU,NC,00169477212,OZEMPIC   ,2023,2,false,8185.500,2166,2435213.11
FFSU,NC,00169477212,OZEMPIC   ,2023,2,false,1712.000,464,515086.33
MCOU,NC,00169413001,OZEMPIC   ,2023,1,true,,,
FFSU,NC,00169413013,OZEMPIC   ,2023,1,false,2364.000,637,708910.30
MCOU,NC,00169413013,OZEMPIC   ,2023,1,false,11204.500,3024,3342132.85
MCOU,NC,00169413211,OZEMPIC   ,2023,1,true,,,
FFSU,NC,00169413211,OZEMPIC   ,2023,1,true,,,
MCOU,NC,00169413212,OZEMPIC   ,2023,1,false,6403.000,3771,3805053.78
FFSU,NC,00169413212,OZEMPIC   ,2023,1,false,1504.500,890,899092.58
MCOU,NC,00169413602,OZEMPIC   ,2023,1,true,,,
FFSU,NC,00169413602,OZEMPIC   ,2023,1,true,,,
FFSU,NC,00169418113,OZEMPIC   ,2023,1,false,136.500,44,42879.09
MCOU,NC,00169418113,OZEMPIC   ,2023,1,false,2337.000,709,731234.44
MCOU,NC,00169477211,OZEMPIC   ,2023,1,true,,,
FFSU,NC,00169477212,OZEMPIC   ,2023,1,false,915.000,256,274409.16
MCOU,NC,00169477212,OZEMPIC   ,2023,1,false,4397.500,1154,1293657.43
FFSU,ND,00169413013,OZEMPIC 1 ,2023,4,false,60.000,20,18121.01
FFSU,ND,00169418113,OZEMPIC 0.,2023,4,false,36.000,12,10961.76
FFSU,ND,00169477212,OZEMPIC 2 ,2023,4,true,,,
FFSU,ND,00169413013,OZEMPIC 1 ,2023,3,false,72.000,24,21860.06
FFSU,ND,00169418113,OZEMPIC 0.,2023,3,false,39.000,13,11875.24
FFSU,ND,00169477212,OZEMPIC 2 ,2023,3,false,36.000,12,10923.00
FFSU,ND,00169413013,OZEMPIC 1 ,2023,2,false,93.000,31,28386.08
FFSU,ND,00169413212,OZEMPIC 0.,2023,2,true,,,
FFSU,ND,00169418113,OZEMPIC 0.,2023,2,false,36.000,12,11093.96
FFSU,ND,00169477212,OZEMPIC 2 ,2023,2,false,42.000,14,12754.60
FFSU,ND,00169413013,OZEMPIC 1 ,2023,1,false,87.000,29,26175.01
FFSU,ND,00169413212,OZEMPIC 0.,2023,1,false,25.500,17,15374.06
FFSU,ND,00169477212,OZEMPIC 2 ,2023,1,false,45.000,15,13502.27
MCOU,NE,00169413013,OZEMPIC 1M,2023,4,false,4439.000,1466,1299731.27
MCOU,NE,00169413212,OZEMPIC 0.,2023,4,true,,,
MCOU,NE,00169418113,OZEMPIC 0.,2023,4,false,5059.000,1687,1483952.41
MCOU,NE,00169477212,OZEMPIC 2M,2023,4,false,2057.000,679,586018.38
MCOU,NE,00169413013,OZEMPIC 1M,2023,3,false,3535.500,1169,1028720.67
MCOU,NE,00169413212,OZEMPIC 0.,2023,3,true,,,
MCOU,NE,00169418113,OZEMPIC 0.,2023,3,false,5714.500,1904,1675588.11
MCOU,NE,00169477212,OZEMPIC 2M,2023,3,false,2046.000,679,588932.92
MCOU,NE,00169413013,OZEMPIC 1M,2023,2,false,2937.000,977,849475.64
MCOU,NE,00169413212,OZEMPIC 0.,2023,2,false,163.500,110,91829.54
MCOU,NE,00169418113,OZEMPIC 0.,2023,2,false,4920.500,1641,1424652.71
MCOU,NE,00169477212,OZEMPIC 2M,2023,2,false,2010.000,673,573649.45
MCOU,NE,00169413013,OZEMPIC 1M,2023,1,false,2052.000,680,593972.40
MCOU,NE,00169413212,OZEMPIC 0.,2023,1,false,1144.000,982,866784.03
MCOU,NE,00169413602,OZEMPIC 1M,2023,1,true,,,
MCOU,NE,00169418113,OZEMPIC 0.,2023,1,false,211.500,71,61797.30
MCOU,NE,00169477212,OZEMPIC 2M,2023,1,false,1076.000,358,297658.53
MCOU,NH,00169413013,OZEMPIC   ,2023,4,false,1254.000,373,352214.67
MCOU,NH,00169413212,OZEMPIC   ,2023,4,true,,,
MCOU,NH,00169418113,OZEMPIC   ,2023,4,false,1674.000,554,467339.44
FFSU,NH,00169477212,OZEMPIC   ,2023,4,true,,,
MCOU,NH,00169477212,OZEMPIC   ,2023,4,false,531.000,161,147209.65
MCOU,NH,00169413013,OZEMPIC   ,2023,3,false,762.000,227,213640.55
MCOU,NH,00169413212,OZEMPIC   ,2023,3,true,,,
MCOU,NH,00169418113,OZEMPIC   ,2023,3,false,1398.000,459,390750.65
FFSU,NH,00169477212,OZEMPIC   ,2023,3,true,,,
MCOU,NH,00169477212,OZEMPIC   ,2023,3,false,402.000,128,107341.28
MCOU,NH,00169413013,OZEMPIC   ,2023,2,false,783.000,233,194135.67
MCOU,NH,00169413212,OZEMPIC   ,2023,2,true,,,
MCOU,NH,00169418113,OZEMPIC   ,2023,2,false,450.000,142,92608.80
MCOU,NH,00169477211,OZEMPIC   ,2023,2,true,,,
FFSU,NH,00169477212,OZEMPIC   ,2023,2,true,,,
MCOU,NH,00169477212,OZEMPIC   ,2023,2,false,426.000,130,112659.50
FFSU,NH,00169413013,OZEMPIC   ,2023,1,true,,,
MCOU,NH,00169413013,OZEMPIC   ,2023,1,false,882.000,264,210636.79
MCOU,NH,00169413211,OZEMPIC   ,2023,1,true,,,
FFSU,NH,00169413212,OZEMPIC   ,2023,1,true,,,
MCOU,NH,00169413212,OZEMPIC   ,2023,1,false,313.500,184,135490.57
MCOU,NH,00169418113,OZEMPIC   ,2023,1,false,39.000,13,8086.77
MCOU,NH,00169477212,OZEMPIC   ,2023,1,false,414.000,124,92658.80
FFSU,NH,00169477212,OZEMPIC   ,2023,1,true,,,
MCOU,NJ,00169413001,OZEMPIC 1M,2023,4,false,81.000,27,25413.23
FFSU,NJ,00169413013,OZEMPIC 1M,2023,4,false,39.000,13,12006.52
MCOU,NJ,00169413013,OZEMPIC 1M,2023,4,false,10451.000,3212,3230833.41
MCOU,NJ,00169413211,OZEMPIC 0.,2023,4,true,,,
MCOU,NJ,00169413212,OZEMPIC 0.,2023,4,false,19.500,12,11892.66
MCOU,NJ,00169413602,OZEMPIC 1M,2023,4,true,,,
FFSU,NJ,00169418113,OZEMPIC 0.,2023,4,true,,,
MCOU,NJ,00169418113,OZEMPIC 0.,2023,4,false,10512.000,3421,3227333.63
MCOU,NJ,00169477211,OZEMPIC 2M,2023,4,true,,,
MCOU,NJ,00169477212,OZEMPIC 2M,2023,4,false,5978.000,1933,1863986.94
FFSU,NJ,00169477212,OZEMPIC 2M,2023,4,true,,,
MCOU,NJ,00169413001,OZEMPIC 1M,2023,3,false,72.000,21,22956.76
FFSU,NJ,00169413013,OZEMPIC 1M,2023,3,false,33.000,11,10141.43
MCOU,NJ,00169413013,OZEMPIC 1M,2023,3,false,10658.000,3297,3288048.99
MCOU,NJ,00169413211,OZEMPIC 0.,2023,3,true,,,
MCOU,NJ,00169413212,OZEMPIC 0.,2023,3,false,64.500,34,43769.89
MCOU,NJ,00169413602,OZEMPIC 1M,2023,3,true,,,
MCOU,NJ,00169418113,OZEMPIC 0.,2023,3,false,11388.500,3711,3486853.07
FFSU,NJ,00169418113,OZEMPIC 0.,2023,3,false,36.000,12,11017.86
MCOU,NJ,00169477211,OZEMPIC 2M,2023,3,true,,,
MCOU,NJ,00169477212,OZEMPIC 2M,2023,3,false,6729.000,2173,2098171.69
MCOU,NJ,00169413001,OZEMPIC 1M,2023,2,false,57.000,19,17435.36
MCOU,NJ,00169413013,OZEMPIC 1M,2023,2,false,9903.000,3015,3051591.91
FFSU,NJ,00169413013,OZEMPIC 1M,2023,2,true,,,
MCOU,NJ,00169413211,OZEMPIC 0.,2023,2,true,,,
MCOU,NJ,00169413212,OZEMPIC 0.,2023,2,false,529.000,347,355539.33
MCOU,NJ,00169413602,OZEMPIC 1M,2023,2,true,,,
MCOU,NJ,00169418113,OZEMPIC 0.,2023,2,false,10302.000,3296,3151764.17
FFSU,NJ,00169418113,OZEMPIC 0.,2023,2,true,,,
MCOU,NJ,00169477211,OZEMPIC 2M,2023,2,true,,,
FFSU,NJ,00169477212,OZEMPIC 2M,2023,2,true,,,
MCOU,NJ,00169477212,OZEMPIC 2M,2023,2,false,5841.000,1799,1807335.94
MCOU,NJ,00169413001,OZEMPIC 1M,2023,1,false,84.000,29,26967.34
MCOU,NJ,00169413013,OZEMPIC 1M,2023,1,false,8908.500,2634,2737818.02
FFSU,NJ,00169413013,OZEMPIC 1M,2023,1,true,,,
MCOU,NJ,00169413211,OZEMPIC 0.,2023,1,false,30.000,18,17064.27
FFSU,NJ,00169413212,OZEMPIC 0.,2023,1,true,,,
MCOU,NJ,00169413212,OZEMPIC 0.,2023,1,false,5189.000,3149,3192284.72
MCOU,NJ,00169413602,OZEMPIC 1M,2023,1,true,,,
MCOU,NJ,00169413611,OZEMPIC 1M,2023,1,true,,,
MCOU,NJ,00169418113,OZEMPIC 0.,2023,1,false,525.000,161,159052.96
MCOU,NJ,00169477211,OZEMPIC 2M,2023,1,true,,,
FFSU,NJ,00169477212,OZEMPIC 2M,2023,1,true,,,
MCOU,NJ,00169477212,OZEMPIC 2M,2023,1,false,4140.000,1212,1265026.78
MCOU,NM,00169413013,OZEMPIC 1 ,2023,4,false,5073.000,1364,1282236.05
FFSU,NM,00169413013,OZEMPIC 1 ,2023,4,false,2379.000,663,442767.46
FFSU,NM,00169413212,OZEMPIC 0.,2023,4,true,,,
FFSU,NM,00169418113,OZEMPIC 0.,2023,4,false,2643.000,851,573795.23
MCOU,NM,00169418113,OZEMPIC 0.,2023,4,false,5814.000,1809,1559473.69
FFSU,NM,00169477212,OZEMPIC 2 ,2023,4,false,333.000,110,76196.54
MCOU,NM,00169477212,OZEMPIC 2 ,2023,4,false,1284.000,348,340928.88
MCOU,NM,00169413013,OZEMPIC 1 ,2023,3,false,4314.000,1196,1078424.33
FFSU,NM,00169413013,OZEMPIC 1 ,2023,3,false,2458.500,716,475765.88
FFSU,NM,00169413212,OZEMPIC 0.,2023,3,true,,,
MCOU,NM,00169413212,OZEMPIC 0.,2023,3,true,,,
FFSU,NM,00169418113,OZEMPIC 0.,2023,3,false,2820.000,911,613549.81
MCOU,NM,00169418113,OZEMPIC 0.,2023,3,false,5628.000,1764,1515968.77
FFSU,NM,00169477212,OZEMPIC 2 ,2023,3,false,267.000,83,61396.38
MCOU,NM,00169477212,OZEMPIC 2 ,2023,3,false,1173.000,327,332611.51
MCOU,NM,00169413013,OZEMPIC 1 ,2023,2,false,3597.000,1032,880162.78
FFSU,NM,00169413013,OZEMPIC 1 ,2023,2,false,2327.500,677,450652.92
FFSU,NM,00169413212,OZEMPIC 0.,2023,2,false,254.500,157,102608.00
MCOU,NM,00169413212,OZEMPIC 0.,2023,2,false,285.000,178,144669.96
FFSU,NM,00169418113,OZEMPIC 0.,2023,2,false,2243.000,745,498808.47
MCOU,NM,00169418113,OZEMPIC 0.,2023,2,false,4419.000,1397,1185719.95
MCOU,NM,00169477212,OZEMPIC 2 ,2023,2,false,993.000,273,281561.55
FFSU,NM,00169477212,OZEMPIC 2 ,2023,2,false,183.000,57,42909.12
MCOU,NM,00169413013,OZEMPIC 1 ,2023,1,false,2760.000,806,661582.64
FFSU,NM,00169413013,OZEMPIC 1 ,2023,1,false,2058.000,616,415468.16
MCOU,NM,00169413211,OZEMPIC 0.,2023,1,true,,,
MCOU,NM,00169413212,OZEMPIC 0.,2023,1,false,1549.500,988,797669.35
FFSU,NM,00169413212,OZEMPIC 0.,2023,1,false,1246.000,801,535818.86
MCOU,NM,00169418113,OZEMPIC 0.,2023,1,false,132.000,39,39235.79
FFSU,NM,00169418113,OZEMPIC 0.,2023,1,true,,,
MCOU,NM,00169477212,OZEMPIC 2 ,2023,1,false,540.000,152,154611.04
FFSU,NM,00169477212,OZEMPIC 2 ,2023,1,false,72.000,24,17742.88
MCOU,NV,00169413001,OZEMPIC   ,2023,4,true,,,
FFSU,NV,00169413013,OZEMPIC   ,2023,4,false,2358.000,327,693666.49
MCOU,NV,00169413013,OZEMPIC   ,2023,4,false,4734.000,1520,1342793.99
MCOU,NV,00169413212,OZEMPIC   ,2023,4,true,,,
FFSU,NV,00169413212,OZEMPIC   ,2023,4,true,,,
FFSU,NV,00169418113,OZEMPIC   ,2023,4,false,2934.000,470,868940.30
MCOU,NV,00169418113,OZEMPIC   ,2023,4,false,5358.000,1754,1523497.74
FFSU,NV,00169477212,OZEMPIC   ,2023,4,false,1398.000,192,406689.70
MCOU,NV,00169477212,OZEMPIC   ,2023,4,false,1710.000,521,485853.46
FFSU,NV,00169413001,OZEMPIC   ,2023,3,true,,,
FFSU,NV,00169413013,OZEMPIC   ,2023,3,false,2466.000,347,721743.44
MCOU,NV,00169413013,OZEMPIC   ,2023,3,false,4236.000,1386,1205583.87
FFSU,NV,00169413212,OZEMPIC   ,2023,3,false,45.000,11,27091.08
MCOU,NV,00169413212,OZEMPIC   ,2023,3,true,,,
MCOU,NV,00169418113,OZEMPIC   ,2023,3,false,3694.000,1209,1029934.33
FFSU,NV,00169418113,OZEMPIC   ,2023,3,false,2932.500,491,867147.33
FFSU,NV,00169477212,OZEMPIC   ,2023,3,false,1458.000,208,425911.08
MCOU,NV,00169477212,OZEMPIC   ,2023,3,false,1665.000,546,491397.08
FFSU,NV,00169413001,OZEMPIC   ,2023,2,true,,,
MCOU,NV,00169413001,OZEMPIC   ,2023,2,true,,,
MCOU,NV,00169413013,OZEMPIC   ,2023,2,false,3891.000,1279,1103480.17
FFSU,NV,00169413013,OZEMPIC   ,2023,2,false,2160.000,318,626865.70
FFSU,NV,00169413212,OZEMPIC   ,2023,2,false,172.500,61,92964.66
MCOU,NV,00169413212,OZEMPIC   ,2023,2,false,55.500,33,32793.67
MCOU,NV,00169418113,OZEMPIC   ,2023,2,false,2723.000,905,802866.49
FFSU,NV,00169418113,OZEMPIC   ,2023,2,false,2661.000,502,799866.95
MCOU,NV,00169477212,OZEMPIC   ,2023,2,false,1671.000,54,48015.85
FFSU,NV,00169477212,OZEMPIC   ,2023,2,false,1140.000,160,337686.34
FFSU,NV,00169413013,OZEMPIC   ,2023,1,false,1759.500,239,504582.89
MCOU,NV,00169413013,OZEMPIC   ,2023,1,false,2178.000,715,650809.15
FFSU,NV,00169413212,OZEMPIC   ,2023,1,false,1123.500,371,609207.81
MCOU,NV,00169413212,OZEMPIC   ,2023,1,false,2233.500,1467,1259657.05
MCOU,NV,00169418113,OZEMPIC   ,2023,1,true,,,
FFSU,NV,00169418113,OZEMPIC   ,2023,1,false,96.000,40,60292.50
MCOU,NV,00169477212,OZEMPIC   ,2023,1,false,135.000,14,4339.67
FFSU,NV,00169477212,OZEMPIC   ,2023,1,false,801.000,118,234004.34
FFSU,NY,00169413001,OZEMPIC   ,2023,4,false,1530.000,441,463701.51
MCOU,NY,00169413001,OZEMPIC   ,2023,4,true,,,
MCOU,NY,00169413013,OZEMPIC   ,2023,4,false,555.000,145,824931.27
FFSU,NY,00169413013,OZEMPIC   ,2023,4,false,103871.875,27391,31495874.95
FFSU,NY,00169413211,OZEMPIC   ,2023,4,false,43.000,22,25210.57
FFSU,NY,00169413212,OZEMPIC   ,2023,4,false,351.000,165,211471.04
FFSU,NY,00169413602,OZEMPIC   ,2023,4,false,48.000,14,13939.45
FFSU,NY,00169418113,OZEMPIC   ,2023,4,false,137990.500,39247,41819664.41
MCOU,NY,00169418113,OZEMPIC   ,2023,4,false,819.000,250,821844.50
FFSU,NY,00169477212,OZEMPIC   ,2023,4,false,45118.000,11610,13668050.30
MCOU,NY,00169477212,OZEMPIC   ,2023,4,false,177.000,47,255830.28
MCOU,NY,00169413001,OZEMPIC   ,2023,3,true,,,
FFSU,NY,00169413001,OZEMPIC   ,2023,3,false,1237.000,370,376080.31
FFSU,NY,00169413013,OZEMPIC   ,2023,3,false,116161.500,30973,35260678.56
MCOU,NY,00169413013,OZEMPIC   ,2023,3,false,459.000,118,678370.67
FFSU,NY,00169413211,OZEMPIC   ,2023,3,false,105.500,60,63390.96
FFSU,NY,00169413212,OZEMPIC   ,2023,3,false,1217.500,647,726720.77
MCOU,NY,00169413212,OZEMPIC   ,2023,3,true,,,
FFSU,NY,00169413602,OZEMPIC   ,2023,3,false,219.000,61,63578.30
FFSU,NY,00169418113,OZEMPIC   ,2023,3,false,182569.050,53132,55336050.77
MCOU,NY,00169418113,OZEMPIC   ,2023,3,false,714.000,209,717830.12
MCOU,NY,00169477212,OZEMPIC   ,2023,3,false,159.000,43,235759.90
FFSU,NY,00169477212,OZEMPIC   ,2023,3,false,56144.500,14562,17008779.60
FFSU,NY,00169413001,OZEMPIC   ,2023,2,false,695.000,202,211236.33
FFSU,NY,00169413013,OZEMPIC   ,2023,2,false,92033.500,25337,27939087.34
MCOU,NY,00169413013,OZEMPIC   ,2023,2,false,294.000,81,312702.01
FFSU,NY,00169413211,OZEMPIC   ,2023,2,false,162.500,99,98405.06
FFSU,NY,00169413212,OZEMPIC   ,2023,2,false,5964.000,3581,3601948.45
MCOU,NY,00169413212,OZEMPIC   ,2023,2,false,25.500,13,22924.13
FFSU,NY,00169413602,OZEMPIC   ,2023,2,false,244.500,69,70991.01
FFSU,NY,00169418113,OZEMPIC   ,2023,2,false,141356.500,41722,42935503.80
MCOU,NY,00169418113,OZEMPIC   ,2023,2,false,525.000,159,417558.17
MCOU,NY,00169477212,OZEMPIC   ,2023,2,false,114.000,31,174145.08
FFSU,NY,00169477212,OZEMPIC   ,2023,2,false,45860.000,12447,13862980.38
FFSU,NY,00169413001,OZEMPIC   ,2023,1,false,41.000,12,12339.60
MCOU,NY,00169413001,OZEMPIC   ,2023,1,false,504.000,168,148050.17
FFSU,NY,00169413013,OZEMPIC   ,2023,1,false,3398.000,927,1010075.55
MCOU,NY,00169413013,OZEMPIC   ,2023,1,false,68575.500,22094,20302409.63
MCOU,NY,00169413211,OZEMPIC   ,2023,1,false,253.500,163,148163.35
FFSU,NY,00169413211,OZEMPIC   ,2023,1,false,22.500,13,13578.98
MCOU,NY,00169413212,OZEMPIC   ,2023,1,false,43863.500,28483,25906472.23
FFSU,NY,00169413212,OZEMPIC   ,2023,1,false,2527.000,1421,1505720.12
MCOU,NY,00169413602,OZEMPIC   ,2023,1,false,303.000,102,84792.56
FFSU,NY,00169413602,OZEMPIC   ,2023,1,true,,,
MCOU,NY,00169418113,OZEMPIC   ,2023,1,false,3606.500,1187,1075432.36
MCOU,NY,00169477211,OZEMPIC   ,2023,1,false,45.000,15,13257.93
MCOU,NY,00169477212,OZEMPIC   ,2023,1,false,27459.000,8913,8111186.92
FFSU,NY,00169477212,OZEMPIC   ,2023,1,false,1270.000,328,378525.84
MCOU,OH,00169413001,OZEMPIC 1M,2023,4,true,,,
MCOU,OH,00169413013,OZEMPIC 1M,2023,4,false,12300.000,3362,3710670.83
FFSU,OH,00169413013,OZEMPIC 1M,2023,4,false,375.000,107,111342.02
MCOU,OH,00169413212,OZEMPIC 0.,2023,4,false,18.000,14,7381.61
FFSU,OH,00169418113,OZEMPIC 0.,2023,4,false,318.000,101,94843.15
MCOU,OH,00169418113,OZEMPIC 0.,2023,4,false,6384.000,2099,1924784.83
FFSU,OH,00169477212,OZEMPIC 2M,2023,4,false,207.000,66,61630.87
MCOU,OH,00169477212,OZEMPIC 2M,2023,4,false,5187.000,1417,1565738.34
MCOU,OH,00169413013,OZEMPIC 1M,2023,3,false,13128.000,3589,3966191.38
FFSU,OH,00169413013,OZEMPIC 1M,2023,3,false,282.000,80,85010.09
FFSU,OH,00169413212,OZEMPIC 0.,2023,3,true,,,
MCOU,OH,00169413212,OZEMPIC 0.,2023,3,false,78.500,45,44444.41
MCOU,OH,00169418113,OZEMPIC 0.,2023,3,false,7344.000,2399,2209734.79
FFSU,OH,00169418113,OZEMPIC 0.,2023,3,false,207.000,68,60627.97
MCOU,OH,00169477212,OZEMPIC 2M,2023,3,false,7944.000,2133,2394680.63
FFSU,OH,00169477212,OZEMPIC 2M,2023,3,false,219.000,69,66278.99
MCOU,OH,00169413013,OZEMPIC 1M,2023,2,false,16416.000,4545,4958043.02
FFSU,OH,00169413013,OZEMPIC 1M,2023,2,false,195.000,61,55598.31
MCOU,OH,00169413211,OZEMPIC 0.,2023,2,true,,,
MCOU,OH,00169413212,OZEMPIC 0.,2023,2,false,1070.500,637,643878.56
FFSU,OH,00169413212,OZEMPIC 0.,2023,2,false,22.500,15,11837.93
MCOU,OH,00169418113,OZEMPIC 0.,2023,2,false,6273.000,2045,1906192.81
FFSU,OH,00169418113,OZEMPIC 0.,2023,2,false,90.000,28,24381.94
MCOU,OH,00169477212,OZEMPIC 2M,2023,2,false,9465.000,2619,2844707.20
FFSU,OH,00169477212,OZEMPIC 2M,2023,2,false,156.000,50,44462.18
MCOU,OH,00169413001,OZEMPIC 1M,2023,1,true,,,
MCOU,OH,00169413013,OZEMPIC 1M,2023,1,false,17088.000,4903,5127928.72
FFSU,OH,00169413013,OZEMPIC 1M,2023,1,false,300.000,92,76781.53
MCOU,OH,00169413211,OZEMPIC 0.,2023,1,true,,,
FFSU,OH,00169413212,OZEMPIC 0.,2023,1,false,123.000,72,62148.42
MCOU,OH,00169413212,OZEMPIC 0.,2023,1,false,12360.500,7477,7393007.12
MCOU,OH,00169413602,OZEMPIC 1M,2023,1,true,,,
MCOU,OH,00169418113,OZEMPIC 0.,2023,1,false,396.000,123,119377.60
MCOU,OH,00169477212,OZEMPIC 2M,2023,1,false,7233.000,2071,2164199.73
FFSU,OH,00169477212,OZEMPIC 2M,2023,1,false,174.000,51,47361.62
FFSU,OK,00169413013,OZEMPIC 1M,2023,4,false,2505.000,834,752750.04
FFSU,OK,00169418113,OZEMPIC 0.,2023,4,false,1929.000,643,576831.09
FFSU,OK,00169477212,OZEMPIC 2M,2023,4,false,2052.000,684,614637.48
FFSU,OK,00169413013,OZEMPIC 1M,2023,3,false,2391.000,795,709952.09
FFSU,OK,00169413212,OZEMPIC 0.,2023,3,true,,,
FFSU,OK,00169418113,OZEMPIC 0.,2023,3,false,1890.000,630,562944.72
FFSU,OK,00169477212,OZEMPIC 2M,2023,3,false,1962.000,654,582937.04
FFSU,OK,00169413013,OZEMPIC 1M,2023,2,false,2094.000,698,624661.62
FFSU,OK,00169413212,OZEMPIC 0.,2023,2,false,126.000,84,76500.48
FFSU,OK,00169418113,OZEMPIC 0.,2023,2,false,1424.000,475,431541.55
FFSU,OK,00169477212,OZEMPIC 2M,2023,2,false,1892.000,631,552644.44
FFSU,OK,00169413013,OZEMPIC 1M,2023,1,false,2031.000,677,597649.97
FFSU,OK,00169413212,OZEMPIC 0.,2023,1,false,967.500,646,570359.99
FFSU,OK,00169418113,OZEMPIC 0.,2023,1,true,,,
FFSU,OK,00169477212,OZEMPIC 2M,2023,1,false,1467.000,489,430033.02
FFSU,OR,00169413013,OZEMPIC 1M,2023,4,false,189.000,60,41737.55
MCOU,OR,00169413013,OZEMPIC 1M,2023,4,false,4701.000,1452,1393259.82
MCOU,OR,00169418113,OZEMPIC 0.,2023,4,false,5056.000,1618,1512317.10
FFSU,OR,00169418113,OZEMPIC 0.,2023,4,false,135.000,43,40462.35
MCOU,OR,00169477212,OZEMPIC 2M,2023,4,false,2502.000,766,743481.04
FFSU,OR,00169477212,OZEMPIC 2M,2023,4,false,93.000,31,28277.98
MCOU,OR,00169413013,OZEMPIC 1M,2023,3,false,3723.000,1166,1110958.72
FFSU,OR,00169413013,OZEMPIC 1M,2023,3,false,165.000,55,50062.65
FFSU,OR,00169413212,OZEMPIC 0.,2023,3,true,,,
MCOU,OR,00169413212,OZEMPIC 0.,2023,3,true,,,
FFSU,OR,00169418113,OZEMPIC 0.,2023,3,false,213.000,65,64593.86
MCOU,OR,00169418113,OZEMPIC 0.,2023,3,false,4974.000,1611,1490286.21
MCOU,OR,00169477212,OZEMPIC 2M,2023,3,false,2457.000,789,755810.61
FFSU,OR,00169477212,OZEMPIC 2M,2023,3,false,96.000,33,30007.17
FFSU,OR,00169413013,OZEMPIC 1M,2023,2,false,156.000,52,45880.76
MCOU,OR,00169413013,OZEMPIC 1M,2023,2,false,3501.000,1093,1056338.64
MCOU,OR,00169413212,OZEMPIC 0.,2023,2,false,304.500,196,183348.59
FFSU,OR,00169413212,OZEMPIC 0.,2023,2,true,,,
FFSU,OR,00169418113,OZEMPIC 0.,2023,2,false,177.000,59,54436.74
MCOU,OR,00169418113,OZEMPIC 0.,2023,2,false,3714.000,1201,1129724.78
FFSU,OR,00169477212,OZEMPIC 2M,2023,2,false,162.000,54,28240.92
MCOU,OR,00169477212,OZEMPIC 2M,2023,2,false,2619.000,837,788984.94
FFSU,OR,00169413013,OZEMPIC 1M,2023,1,false,195.000,64,26819.56
MCOU,OR,00169413013,OZEMPIC 1M,2023,1,false,2982.000,934,891614.42
FFSU,OR,00169413212,OZEMPIC 0.,2023,1,false,79.500,53,45840.32
MCOU,OR,00169413212,OZEMPIC 0.,2023,1,false,1461.000,938,873547.24
MCOU,OR,00169413602,OZEMPIC 1M,2023,1,true,,,
MCOU,OR,00169418113,OZEMPIC 0.,2023,1,false,195.000,59,57526.12
FFSU,OR,00169418113,OZEMPIC 0.,2023,1,true,,,
MCOU,OR,00169477212,OZEMPIC 2M,2023,1,false,1488.000,479,442899.81
FFSU,OR,00169477212,OZEMPIC 2M,2023,1,false,72.000,24,10156.27
FFSU,PA,00169413013,OZEMPIC 1M,2023,4,false,495.000,140,148988.87
MCOU,PA,00169413013,OZEMPIC 1M,2023,4,false,7737.000,2287,2321826.44
MCOU,PA,00169413212,OZEMPIC 0.,2023,4,true,,,
FFSU,PA,00169418113,OZEMPIC 0.,2023,4,false,363.000,112,109117.38
MCOU,PA,00169418113,OZEMPIC 0.,2023,4,false,7910.000,2487,2367959.82
MCOU,PA,00169477211,OZEMPIC 2M,2023,4,true,,,
MCOU,PA,00169477212,OZEMPIC 2M,2023,4,false,3636.000,1058,1086230.88
FFSU,PA,00169477212,OZEMPIC 2M,2023,4,false,210.000,56,63089.46
MCOU,PA,00169413013,OZEMPIC 1M,2023,3,false,7689.000,2246,2299606.97
FFSU,PA,00169413013,OZEMPIC 1M,2023,3,false,711.000,202,213981.13
FFSU,PA,00169413212,OZEMPIC 0.,2023,3,true,,,
MCOU,PA,00169413212,OZEMPIC 0.,2023,3,false,25.500,17,15606.23
FFSU,PA,00169418113,OZEMPIC 0.,2023,3,false,441.000,138,132493.40
MCOU,PA,00169418113,OZEMPIC 0.,2023,3,false,7455.000,2344,2233828.80
MCOU,PA,00169477211,OZEMPIC 2M,2023,3,true,,,
MCOU,PA,00169477212,OZEMPIC 2M,2023,3,false,4546.000,1318,1359388.14
FFSU,PA,00169477212,OZEMPIC 2M,2023,3,false,318.000,93,95544.99
MCOU,PA,00169413001,OZEMPIC 1M,2023,2,true,,,
FFSU,PA,00169413013,OZEMPIC 1M,2023,2,false,723.000,202,217584.51
MCOU,PA,00169413013,OZEMPIC 1M,2023,2,false,7755.000,2228,2312137.39
MCOU,PA,00169413211,OZEMPIC 0.,2023,2,true,,,
FFSU,PA,00169413212,OZEMPIC 0.,2023,2,false,42.750,25,25642.81
MCOU,PA,00169413212,OZEMPIC 0.,2023,2,false,243.500,153,147416.53
MCOU,PA,00169413602,OZEMPIC 1M,2023,2,true,,,
MCOU,PA,00169418113,OZEMPIC 0.,2023,2,false,6695.500,2088,1998938.55
FFSU,PA,00169418113,OZEMPIC 0.,2023,2,false,372.000,114,112216.21
MCOU,PA,00169477211,OZEMPIC 2M,2023,2,true,,,
MCOU,PA,00169477212,OZEMPIC 2M,2023,2,false,4465.000,1291,1335162.10
FFSU,PA,00169477212,OZEMPIC 2M,2023,2,false,345.000,95,103468.23
MCOU,PA,00169413001,OZEMPIC 1M,2023,1,true,,,
MCOU,PA,00169413013,OZEMPIC 1M,2023,1,false,6993.000,1982,2080354.20
FFSU,PA,00169413013,OZEMPIC 1M,2023,1,false,648.000,181,190100.03
MCOU,PA,00169413212,OZEMPIC 0.,2023,1,false,3211.500,1959,1903346.78
FFSU,PA,00169413212,OZEMPIC 0.,2023,1,false,236.250,139,137715.86
MCOU,PA,00169413602,OZEMPIC 1M,2023,1,true,,,
MCOU,PA,00169418113,OZEMPIC 0.,2023,1,false,316.500,101,94693.30
FFSU,PA,00169418113,OZEMPIC 0.,2023,1,true,,,
MCOU,PA,00169477211,OZEMPIC 2M,2023,1,true,,,
FFSU,PA,00169477212,OZEMPIC 2M,2023,1,false,237.000,63,69519.19
MCOU,PA,00169477212,OZEMPIC 2M,2023,1,false,2993.000,858,889050.95
MCOU,PR,00169413001,OZEMPIC 1M,2023,4,true,,,
MCOU,PR,00169413013,OZEMPIC 1M,2023,4,false,45.000,15,14514.15
MCOU,PR,00169418113,OZEMPIC 0.,2023,4,true,,,
MCOU,PR,00169477212,OZEMPIC 2M,2023,4,true,,,
MCOU,PR,00169413001,OZEMPIC 1M,2023,3,true,,,
MCOU,PR,00169413013,OZEMPIC 1M,2023,3,false,63.000,21,20314.41
MCOU,PR,00169418113,OZEMPIC 0.,2023,3,false,36.000,12,11392.36
MCOU,PR,00169413013,OZEMPIC 1M,2023,2,false,36.000,12,11597.52
MCOU,PR,00169413212,OZEMPIC 0.,2023,2,true,,,
MCOU,PR,00169418113,OZEMPIC 0.,2023,2,false,36.000,12,11512.16
MCOU,PR,00169413013,OZEMPIC 1M,2023,1,true,,,
MCOU,PR,00169413212,OZEMPIC 0.,2023,1,false,19.500,13,12520.06
MCOU,PR,00169418113,OZEMPIC 0.,2023,1,true,,,
MCOU,RI,00169413013,OZEMPIC 1M,2023,4,false,2493.000,820,746943.29
FFSU,RI,00169413013,OZEMPIC 1M,2023,4,true,,,
FFSU,RI,00169418113,OZEMPIC 0.,2023,4,false,70.000,24,21112.46
MCOU,RI,00169418113,OZEMPIC 0.,2023,4,false,2838.000,940,855838.08
MCOU,RI,00169477212,OZEMPIC 2M,2023,4,false,1047.000,347,315622.60
FFSU,RI,00169477212,OZEMPIC 2M,2023,4,true,,,
MCOU,RI,00169413013,OZEMPIC 1M,2023,3,false,2505.000,828,755100.15
FFSU,RI,00169413013,OZEMPIC 1M,2023,3,true,,,
FFSU,RI,00169418113,OZEMPIC 0.,2023,3,false,90.000,30,27258.58
MCOU,RI,00169418113,OZEMPIC 0.,2023,3,false,3302.000,1094,991461.24
MCOU,RI,00169477212,OZEMPIC 2M,2023,3,false,1349.000,448,398309.27
FFSU,RI,00169477212,OZEMPIC 2M,2023,3,true,,,
FFSU,RI,00169413013,OZEMPIC 1M,2023,2,true,,,
MCOU,RI,00169413013,OZEMPIC 1M,2023,2,false,2181.000,713,646548.53
MCOU,RI,00169413212,OZEMPIC 0.,2023,2,false,70.500,47,42578.42
FFSU,RI,00169413212,OZEMPIC 0.,2023,2,true,,,
FFSU,RI,00169418113,OZEMPIC 0.,2023,2,false,59.000,20,18152.21
MCOU,RI,00169418113,OZEMPIC 0.,2023,2,false,2914.500,966,848925.45
MCOU,RI,00169477212,OZEMPIC 2M,2023,2,false,1271.000,418,368166.34
FFSU,RI,00169477212,OZEMPIC 2M,2023,2,true,,,
MCOU,RI,00169413013,OZEMPIC 1M,2023,1,false,1872.000,613,542836.86
MCOU,RI,00169413211,OZEMPIC 0.,2023,1,true,,,
MCOU,RI,00169413212,OZEMPIC 0.,2023,1,false,1267.500,837,737606.48
FFSU,RI,00169413212,OZEMPIC 0.,2023,1,false,25.500,17,14668.40
MCOU,RI,00169418113,OZEMPIC 0.,2023,1,false,183.000,61,54408.68
MCOU,RI,00169477212,OZEMPIC 2M,2023,1,false,636.000,210,182229.17
MCOU,SC,00169413001,OZEMPIC   ,2023,4,true,,,
MCOU,SC,00169413013,OZEMPIC   ,2023,4,false,8442.000,2891,2567778.78
FFSU,SC,00169413013,OZEMPIC   ,2023,4,false,399.000,142,128850.55
MCOU,SC,00169413212,OZEMPIC   ,2023,4,true,,,
FFSU,SC,00169413212,OZEMPIC   ,2023,4,true,,,
MCOU,SC,00169418113,OZEMPIC   ,2023,4,false,8022.000,2753,2434340.05
FFSU,SC,00169418113,OZEMPIC   ,2023,4,false,216.000,90,79685.99
FFSU,SC,00169477212,OZEMPIC   ,2023,4,false,150.000,54,49261.97
MCOU,SC,00169477212,OZEMPIC   ,2023,4,false,3068.000,1041,921936.83
MCOU,SC,00169413001,OZEMPIC   ,2023,3,true,,,
MCOU,SC,00169413013,OZEMPIC   ,2023,3,false,8448.000,2844,2532673.67
FFSU,SC,00169413013,OZEMPIC   ,2023,3,false,369.000,123,109891.52
FFSU,SC,00169413212,OZEMPIC   ,2023,3,true,,,
MCOU,SC,00169413212,OZEMPIC   ,2023,3,true,,,
MCOU,SC,00169413602,OZEMPIC   ,2023,3,true,,,
MCOU,SC,00169418113,OZEMPIC   ,2023,3,false,9180.500,3138,2789577.60
FFSU,SC,00169418113,OZEMPIC   ,2023,3,false,237.000,79,69602.83
MCOU,SC,00169477212,OZEMPIC   ,2023,3,false,4395.000,1477,1312546.76
FFSU,SC,00169477212,OZEMPIC   ,2023,3,false,216.000,72,65213.83
MCOU,SC,00169413013,OZEMPIC   ,2023,2,false,8231.000,2767,2457300.00
FFSU,SC,00169413013,OZEMPIC   ,2023,2,false,396.000,132,120221.20
MCOU,SC,00169413211,OZEMPIC   ,2023,2,true,,,
FFSU,SC,00169413212,OZEMPIC   ,2023,2,false,41.000,26,24886.68
MCOU,SC,00169413212,OZEMPIC   ,2023,2,false,255.000,188,164589.14
MCOU,SC,00169413611,OZEMPIC   ,2023,2,true,,,
FFSU,SC,00169418113,OZEMPIC   ,2023,2,false,132.000,44,40300.95
MCOU,SC,00169418113,OZEMPIC   ,2023,2,false,7650.000,2616,2324994.75
MCOU,SC,00169477211,OZEMPIC   ,2023,2,true,,,
MCOU,SC,00169477212,OZEMPIC   ,2023,2,false,4794.000,1607,1424627.69
FFSU,SC,00169477212,OZEMPIC   ,2023,2,false,177.000,59,53793.08
MCOU,SC,00169413001,OZEMPIC   ,2023,1,true,,,
FFSU,SC,00169413013,OZEMPIC   ,2023,1,false,312.000,104,92138.56
MCOU,SC,00169413013,OZEMPIC   ,2023,1,false,7790.000,2611,2339141.64
MCOU,SC,00169413211,OZEMPIC   ,2023,1,true,,,
FFSU,SC,00169413212,OZEMPIC   ,2023,1,false,148.500,99,89859.85
MCOU,SC,00169413212,OZEMPIC   ,2023,1,false,3111.000,2169,1919836.91
MCOU,SC,00169413602,OZEMPIC   ,2023,1,true,,,
MCOU,SC,00169413611,OZEMPIC   ,2023,1,true,,,
MCOU,SC,00169418113,OZEMPIC   ,2023,1,false,555.000,186,165040.56
MCOU,SC,00169477211,OZEMPIC   ,2023,1,true,,,
MCOU,SC,00169477212,OZEMPIC   ,2023,1,false,3123.000,1046,927542.51
FFSU,SC,00169477212,OZEMPIC   ,2023,1,false,60.000,20,18046.49
FFSU,SD,00169413013,OZEMPIC 1M,2023,4,false,1266.000,415,384584.95
FFSU,SD,00169413212,OZEMPIC 0.,2023,4,true,,,
FFSU,SD,00169418113,OZEMPIC 0.,2023,4,false,1341.000,444,407251.22
FFSU,SD,00169477212,OZEMPIC 2M,2023,4,false,558.000,186,168914.73
FFSU,SD,00169413013,OZEMPIC 1M,2023,3,false,960.000,312,290639.47
FFSU,SD,00169413212,OZEMPIC 0.,2023,3,true,,,
FFSU,SD,00169418113,OZEMPIC 0.,2023,3,false,1218.000,404,368852.02
FFSU,SD,00169477212,OZEMPIC 2M,2023,3,false,669.000,222,203434.58
FFSU,SD,00169413013,OZEMPIC 1M,2023,2,false,1032.000,336,309189.72
FFSU,SD,00169413212,OZEMPIC 0.,2023,2,false,108.000,72,64700.33
FFSU,SD,00169418113,OZEMPIC 0.,2023,2,false,792.000,264,245234.38
FFSU,SD,00169477212,OZEMPIC 2M,2023,2,false,714.000,237,216626.43
FFSU,SD,00169413013,OZEMPIC 1M,2023,1,false,1170.000,379,344999.08
FFSU,SD,00169413212,OZEMPIC 0.,2023,1,false,505.000,335,303856.04
FFSU,SD,00169418113,OZEMPIC 0.,2023,1,true,,,
FFSU,SD,00169477212,OZEMPIC 2M,2023,1,false,567.000,188,171159.84
FFSU,TN,00169413001,OZEMPIC 1M,2023,4,true,,,
MCOU,TN,00169413001,OZEMPIC 1M,2023,4,true,,,
FFSU,TN,00169413013,OZEMPIC 1M,2023,4,false,17053.000,5685,5183363.14
FFSU,TN,00169413211,OZEMPIC 0.,2023,4,true,,,
MCOU,TN,00169413212,OZEMPIC 0.,2023,4,true,,,
FFSU,TN,00169413212,OZEMPIC 0.,2023,4,false,23.000,16,12751.68
FFSU,TN,00169418113,OZEMPIC 0.,2023,4,false,16341.000,5447,4959810.46
FFSU,TN,00169477211,OZEMPIC 2M,2023,4,true,,,
FFSU,TN,00169477212,OZEMPIC 2M,2023,4,false,7788.000,2596,2366527.11
MCOU,TN,00169477212,OZEMPIC 2M,2023,4,true,,,
MCOU,TN,00169413001,OZEMPIC 1M,2023,3,true,,,
FFSU,TN,00169413001,OZEMPIC 1M,2023,3,true,,,
FFSU,TN,00169413013,OZEMPIC 1M,2023,3,false,18477.000,6156,5619922.51
FFSU,TN,00169413212,OZEMPIC 0.,2023,3,false,64.500,43,39063.08
MCOU,TN,00169413602,OZEMPIC 1M,2023,3,true,,,
MCOU,TN,00169418113,OZEMPIC 0.,2023,3,true,,,
FFSU,TN,00169418113,OZEMPIC 0.,2023,3,false,18318.000,6104,5557499.10
FFSU,TN,00169477211,OZEMPIC 2M,2023,3,true,,,
FFSU,TN,00169477212,OZEMPIC 2M,2023,3,false,10839.000,3613,3291508.57
FFSU,TN,00169413001,OZEMPIC 1M,2023,2,true,,,
MCOU,TN,00169413001,OZEMPIC 1M,2023,2,true,,,
MCOU,TN,00169413013,OZEMPIC 1M,2023,2,true,,,
FFSU,TN,00169413013,OZEMPIC 1M,2023,2,false,18216.000,6072,5540506.84
FFSU,TN,00169413211,OZEMPIC 0.,2023,2,true,,,
FFSU,TN,00169413212,OZEMPIC 0.,2023,2,false,1054.500,703,638865.67
MCOU,TN,00169418113,OZEMPIC 0.,2023,2,true,,,
FFSU,TN,00169418113,OZEMPIC 0.,2023,2,false,17622.000,5874,5368912.78
FFSU,TN,00169477211,OZEMPIC 2M,2023,2,true,,,
FFSU,TN,00169477212,OZEMPIC 2M,2023,2,false,10026.000,3342,3037469.60
FFSU,TN,00169413001,OZEMPIC 1M,2023,1,true,,,
FFSU,TN,00169413013,OZEMPIC 1M,2023,1,false,15954.000,5312,4798480.93
FFSU,TN,00169413211,OZEMPIC 0.,2023,1,true,,,
FFSU,TN,00169413212,OZEMPIC 0.,2023,1,false,7899.000,5265,4740374.06
FFSU,TN,00169413602,OZEMPIC 1M,2023,1,true,,,
FFSU,TN,00169418113,OZEMPIC 0.,2023,1,false,699.000,233,213642.86
FFSU,TN,00169477211,OZEMPIC 2M,2023,1,true,,,
FFSU,TN,00169477212,OZEMPIC 2M,2023,1,false,6327.000,2109,1902673.38
FFSU,TX,00169413013,OZEMPIC 1 ,2023,4,true,,,
MCOU,TX,00169413013,OZEMPIC 1 ,2023,4,false,16071.000,5008,4804397.57
MCOU,TX,00169413212,OZEMPIC 0.,2023,4,false,34.500,21,20543.50
FFSU,TX,00169418113,OZEMPIC 0.,2023,4,false,78.000,25,24097.23
MCOU,TX,00169418113,OZEMPIC 0.,2023,4,false,24001.000,7926,7183729.66
MCOU,TX,00169477212,OZEMPIC 2 ,2023,4,false,8933.000,2766,2668752.99
FFSU,TX,00169477212,OZEMPIC 2 ,2023,4,true,,,
MCOU,TX,00169413013,OZEMPIC 1 ,2023,3,false,19422.000,5924,5799923.27
FFSU,TX,00169413013,OZEMPIC 1 ,2023,3,true,,,
MCOU,TX,00169413212,OZEMPIC 0.,2023,3,false,73.500,46,43977.64
FFSU,TX,00169413212,OZEMPIC 0.,2023,3,true,,,
FFSU,TX,00169418113,OZEMPIC 0.,2023,3,false,102.000,29,31453.65
MCOU,TX,00169418113,OZEMPIC 0.,2023,3,false,29022.000,9574,8681713.22
MCOU,TX,00169477212,OZEMPIC 2 ,2023,3,false,8527.000,2552,2539965.04
FFSU,TX,00169477212,OZEMPIC 2 ,2023,3,true,,,
MCOU,TX,00169413013,OZEMPIC 1 ,2023,2,false,16589.500,4916,4945786.91
FFSU,TX,00169413013,OZEMPIC 1 ,2023,2,true,,,
FFSU,TX,00169413212,OZEMPIC 0.,2023,2,true,,,
MCOU,TX,00169413212,OZEMPIC 0.,2023,2,false,1576.500,938,934232.31
MCOU,TX,00169418113,OZEMPIC 0.,2023,2,false,23927.500,7633,7145285.83
FFSU,TX,00169418113,OZEMPIC 0.,2023,2,false,90.000,26,27440.63
FFSU,TX,00169477212,OZEMPIC 2 ,2023,2,true,,,
MCOU,TX,00169477212,OZEMPIC 2 ,2023,2,false,8288.000,2399,2462984.66
MCOU,TX,00169413013,OZEMPIC 1 ,2023,1,false,12177.000,3503,3622725.13
FFSU,TX,00169413013,OZEMPIC 1 ,2023,1,true,,,
FFSU,TX,00169413212,OZEMPIC 0.,2023,1,false,24.000,14,14533.87
MCOU,TX,00169413212,OZEMPIC 0.,2023,1,false,7861.000,4776,4683694.73
MCOU,TX,00169477212,OZEMPIC 2 ,2023,1,false,5081.000,1440,1508317.68
FFSU,TX,00169477212,OZEMPIC 2 ,2023,1,true,,,
FFSU,UT,00169413013,OZEMPIC 1M,2023,4,false,114.000,38,33542.65
MCOU,UT,00169413013,OZEMPIC 1M,2023,4,false,1365.000,437,443246.16
FFSU,UT,00169418113,OZEMPIC 0.,2023,4,false,104.000,35,31527.34
MCOU,UT,00169418113,OZEMPIC 0.,2023,4,false,1673.000,547,539955.65
MCOU,UT,00169477212,OZEMPIC 2M,2023,4,false,756.000,242,274234.61
FFSU,UT,00169477212,OZEMPIC 2M,2023,4,false,39.000,13,11850.51
FFSU,UT,00169413013,OZEMPIC 1M,2023,3,false,90.000,30,26574.19
MCOU,UT,00169413013,OZEMPIC 1M,2023,3,false,1143.000,371,366565.42
FFSU,UT,00169418113,OZEMPIC 0.,2023,3,false,81.000,27,24595.17
MCOU,UT,00169418113,OZEMPIC 0.,2023,3,false,1777.000,585,572384.66
FFSU,UT,00169477212,OZEMPIC 2M,2023,3,false,54.000,18,16338.46
MCOU,UT,00169477212,OZEMPIC 2M,2023,3,false,864.000,284,295552.59
MCOU,UT,00169413013,OZEMPIC 1M,2023,2,false,1308.000,434,416753.67
FFSU,UT,00169413013,OZEMPIC 1M,2023,2,false,99.000,32,30027.21
FFSU,UT,00169413212,OZEMPIC 0.,2023,2,true,,,
MCOU,UT,00169413212,OZEMPIC 0.,2023,2,false,69.000,45,48653.41
MCOU,UT,00169418113,OZEMPIC 0.,2023,2,false,1257.000,415,408629.79
FFSU,UT,00169418113,OZEMPIC 0.,2023,2,false,63.000,21,19526.72
FFSU,UT,00169477212,OZEMPIC 2M,2023,2,false,66.000,22,19928.38
MCOU,UT,00169477212,OZEMPIC 2M,2023,2,false,909.000,301,281366.98
MCOU,UT,00169413013,OZEMPIC 1M,2023,1,false,1311.000,433,408796.19
FFSU,UT,00169413013,OZEMPIC 1M,2023,1,false,78.000,26,23303.32
MCOU,UT,00169413212,OZEMPIC 0.,2023,1,false,534.000,352,363239.02
FFSU,UT,00169413212,OZEMPIC 0.,2023,1,false,25.500,17,15216.30
MCOU,UT,00169418113,OZEMPIC 0.,2023,1,false,45.000,15,14935.64
FFSU,UT,00169477212,OZEMPIC 2M,2023,1,true,,,
MCOU,UT,00169477212,OZEMPIC 2M,2023,1,false,624.000,206,193596.35
FFSU,VA,00169413013,OZEMPIC   ,2023,4,false,72.000,24,21899.83
MCOU,VA,00169413013,OZEMPIC   ,2023,4,false,8138.000,2658,2423749.85
MCOU,VA,00169418113,OZEMPIC   ,2023,4,false,7326.000,2425,2165491.90
FFSU,VA,00169418113,OZEMPIC   ,2023,4,false,75.000,25,22791.75
FFSU,VA,00169477212,OZEMPIC   ,2023,4,true,,,
MCOU,VA,00169477212,OZEMPIC   ,2023,4,false,3393.000,1098,1012540.86
MCOU,VA,00169413001,OZEMPIC   ,2023,3,true,,,
MCOU,VA,00169413013,OZEMPIC   ,2023,3,false,8220.000,2663,2440847.33
FFSU,VA,00169413013,OZEMPIC   ,2023,3,false,90.000,30,27384.15
MCOU,VA,00169413212,OZEMPIC   ,2023,3,true,,,
FFSU,VA,00169418113,OZEMPIC   ,2023,3,false,78.000,26,23679.57
MCOU,VA,00169418113,OZEMPIC   ,2023,3,false,9282.000,3067,2746714.26
MCOU,VA,00169477212,OZEMPIC   ,2023,3,false,5153.000,1670,1532008.80
FFSU,VA,00169477212,OZEMPIC   ,2023,3,true,,,
MCOU,VA,00169413013,OZEMPIC   ,2023,2,false,8079.000,2625,2394886.49
FFSU,VA,00169413013,OZEMPIC   ,2023,2,true,,,
MCOU,VA,00169413212,OZEMPIC   ,2023,2,false,236.000,154,137971.56
FFSU,VA,00169418113,OZEMPIC   ,2023,2,false,33.000,11,10232.62
MCOU,VA,00169418113,OZEMPIC   ,2023,2,false,8119.500,2681,2394953.86
MCOU,VA,00169477212,OZEMPIC   ,2023,2,false,5054.000,1643,1499800.79
FFSU,VA,00169477212,OZEMPIC   ,2023,2,true,,,
FFSU,VA,00169413013,OZEMPIC   ,2023,1,true,,,
MCOU,VA,00169413013,OZEMPIC   ,2023,1,false,7497.000,2421,2237832.41
MCOU,VA,00169413211,OZEMPIC   ,2023,1,true,,,
FFSU,VA,00169413212,OZEMPIC   ,2023,1,true,,,
MCOU,VA,00169413212,OZEMPIC   ,2023,1,false,3191.500,2091,1898231.57
MCOU,VA,00169418113,OZEMPIC   ,2023,1,false,697.500,228,208252.55
FFSU,VA,00169418113,OZEMPIC   ,2023,1,true,,,
MCOU,VA,00169477211,OZEMPIC   ,2023,1,true,,,
MCOU,VA,00169477212,OZEMPIC   ,2023,1,false,3727.000,1213,1112888.20
FFSU,VA,00169477212,OZEMPIC   ,2023,1,true,,,
FFSU,VT,00169413013,OZEMPIC 1M,2023,4,false,2280.000,572,678092.18
FFSU,VT,00169418113,OZEMPIC 0.,2023,4,false,2351.000,693,701251.09
FFSU,VT,00169477212,OZEMPIC 2M,2023,4,false,1455.000,336,427586.98
FFSU,VT,00169413013,OZEMPIC 1M,2023,3,false,1962.000,479,576384.57
FFSU,VT,00169418113,OZEMPIC 0.,2023,3,false,2446.000,722,725780.88
FFSU,VT,00169477212,OZEMPIC 2M,2023,3,false,1353.000,315,391648.36
FFSU,VT,00169413013,OZEMPIC 1M,2023,2,false,1557.000,367,458865.63
FFSU,VT,00169413212,OZEMPIC 0.,2023,2,false,159.000,87,88172.98
FFSU,VT,00169418113,OZEMPIC 0.,2023,2,false,1887.000,561,553920.85
FFSU,VT,00169477212,OZEMPIC 2M,2023,2,false,1206.000,275,348709.55
FFSU,VT,00169413013,OZEMPIC 1M,2023,1,false,1071.000,253,309941.48
FFSU,VT,00169413211,OZEMPIC 0.,2023,1,true,,,
FFSU,VT,00169413212,OZEMPIC 0.,2023,1,false,637.500,349,367922.37
FFSU,VT,00169418113,OZEMPIC 0.,2023,1,false,42.000,14,11987.10
FFSU,VT,00169477212,OZEMPIC 2M,2023,1,false,654.000,161,185803.87
MCOU,WA,00169413013,OZEMPIC 1M,2023,4,false,5655.000,1764,1620151.47
FFSU,WA,00169413013,OZEMPIC 1M,2023,4,false,279.000,69,84443.58
FFSU,WA,00169418113,OZEMPIC 0.,2023,4,false,141.000,45,42936.20
MCOU,WA,00169418113,OZEMPIC 0.,2023,4,false,4626.000,1478,1314644.35
MCOU,WA,00169477212,OZEMPIC 2M,2023,4,false,2532.000,824,725755.69
FFSU,WA,00169477212,OZEMPIC 2M,2023,4,false,78.000,26,23693.95
MCOU,WA,00169413013,OZEMPIC 1M,2023,3,false,5067.000,1541,1440405.86
FFSU,WA,00169413013,OZEMPIC 1M,2023,3,false,291.000,71,88317.48
FFSU,WA,00169418113,OZEMPIC 0.,2023,3,false,75.000,25,21943.49
MCOU,WA,00169418113,OZEMPIC 0.,2023,3,false,4815.000,1555,1358840.85
MCOU,WA,00169477212,OZEMPIC 2M,2023,3,false,3021.000,980,861453.22
FFSU,WA,00169477212,OZEMPIC 2M,2023,3,false,51.000,17,15493.77
MCOU,WA,00169413013,OZEMPIC 1M,2023,2,false,5556.000,1671,1541787.90
FFSU,WA,00169413013,OZEMPIC 1M,2023,2,false,246.000,69,71704.99
MCOU,WA,00169413212,OZEMPIC 0.,2023,2,false,273.000,172,152309.41
FFSU,WA,00169413212,OZEMPIC 0.,2023,2,false,16.500,11,9065.50
FFSU,WA,00169418113,OZEMPIC 0.,2023,2,false,120.000,38,31964.66
MCOU,WA,00169418113,OZEMPIC 0.,2023,2,false,4038.000,1283,1082699.50
MCOU,WA,00169477212,OZEMPIC 2M,2023,2,false,3096.000,990,868839.90
FFSU,WA,00169477212,OZEMPIC 2M,2023,2,false,72.000,24,21726.18
MCOU,WA,00169413013,OZEMPIC 1M,2023,1,false,4206.000,1315,1183729.54
FFSU,WA,00169413013,OZEMPIC 1M,2023,1,false,174.000,46,48672.89
FFSU,WA,00169413212,OZEMPIC 0.,2023,1,false,79.500,50,44852.67
MCOU,WA,00169413212,OZEMPIC 0.,2023,1,false,1783.500,1106,989287.59
MCOU,WA,00169418113,OZEMPIC 0.,2023,1,false,180.000,58,48127.83
MCOU,WA,00169477212,OZEMPIC 2M,2023,1,false,2022.000,631,564664.83
FFSU,WA,00169477212,OZEMPIC 2M,2023,1,false,57.000,19,16358.32
FFSU,WI,00169413013,OZEMPIC 1M,2023,4,false,354.000,116,110047.33
FFSU,WI,00169418113,OZEMPIC 0.,2023,4,false,543.000,181,165497.98
FFSU,WI,00169477212,OZEMPIC 2M,2023,4,false,237.000,79,72258.83
FFSU,WI,00169413013,OZEMPIC 1M,2023,3,false,261.000,85,77312.53
FFSU,WI,00169413212,OZEMPIC 0.,2023,3,true,,,
FFSU,WI,00169418113,OZEMPIC 0.,2023,3,false,421.500,141,128292.13
FFSU,WI,00169477212,OZEMPIC 2M,2023,3,false,273.000,91,83260.89
FFSU,WI,00169413013,OZEMPIC 1M,2023,2,false,213.000,71,61598.72
FFSU,WI,00169413212,OZEMPIC 0.,2023,2,true,,,
FFSU,WI,00169418113,OZEMPIC 0.,2023,2,false,195.000,65,62149.41
FFSU,WI,00169477212,OZEMPIC 2M,2023,2,false,273.000,91,83215.75
FFSU,WI,00169413013,OZEMPIC 1M,2023,1,false,255.000,85,77618.89
FFSU,WI,00169413212,OZEMPIC 0.,2023,1,false,84.000,56,50401.83
FFSU,WI,00169413602,OZEMPIC 1M,2023,1,true,,,
FFSU,WI,00169477212,OZEMPIC 2M,2023,1,false,165.000,53,49568.02
FFSU,WV,00169413001,OZEMPIC 1 ,2023,4,true,,,
FFSU,WV,00169413013,OZEMPIC 1 ,2023,4,false,16207.000,5177,4908539.53
FFSU,WV,00169413212,OZEMPIC 0.,2023,4,false,48.000,32,29080.60
FFSU,WV,00169418113,OZEMPIC 0.,2023,4,false,20466.500,6581,6196653.77
FFSU,WV,00169477211,OZEMPIC 2 ,2023,4,true,,,
FFSU,WV,00169477212,OZEMPIC 2 ,2023,4,false,7259.000,2213,2196602.67
FFSU,WV,00169413001,OZEMPIC 1 ,2023,3,true,,,
FFSU,WV,00169413013,OZEMPIC 1 ,2023,3,false,18741.000,5335,5674969.72
FFSU,WV,00169413212,OZEMPIC 0.,2023,3,false,136.500,91,82611.78
FFSU,WV,00169413602,OZEMPIC 1 ,2023,3,true,,,
FFSU,WV,00169418113,OZEMPIC 0.,2023,3,false,24274.500,7383,7346430.87
FFSU,WV,00169477212,OZEMPIC 2 ,2023,3,false,8897.000,2446,2687704.70
FFSU,WV,00169413001,OZEMPIC 1 ,2023,2,true,,,
FFSU,WV,00169413013,OZEMPIC 1 ,2023,2,false,14501.000,4126,4391378.00
FFSU,WV,00169413211,OZEMPIC 0.,2023,2,true,,,
FFSU,WV,00169413212,OZEMPIC 0.,2023,2,false,2176.500,1451,1315073.47
FFSU,WV,00169413602,OZEMPIC 1 ,2023,2,true,,,
FFSU,WV,00169418113,OZEMPIC 0.,2023,2,false,16355.000,4955,5113810.82
FFSU,WV,00169477211,OZEMPIC 2 ,2023,2,true,,,
FFSU,WV,00169477212,OZEMPIC 2 ,2023,2,false,6623.000,1782,1997040.75
FFSU,WV,00169413001,OZEMPIC 1 ,2023,1,true,,,
FFSU,WV,00169413013,OZEMPIC 1 ,2023,1,false,15780.000,4509,4687015.72
FFSU,WV,00169413212,OZEMPIC 0.,2023,1,false,11100.000,7339,6580663.15
FFSU,WV,00169413602,OZEMPIC 1 ,2023,1,true,,,
FFSU,WV,00169418113,OZEMPIC 0.,2023,1,false,52.000,16,16273.06
FFSU,WV,00169477211,OZEMPIC 2 ,2023,1,true,,,
FFSU,WV,00169477212,OZEMPIC 2 ,2023,1,false,4910.000,1332,1455333.90
FFSU,WY,00169413013,OZEMPIC 1M,2023,4,false,144.000,46,43628.96
FFSU,WY,00169418113,OZEMPIC 0.,2023,4,false,126.000,42,36383.46
FFSU,WY,00169477212,OZEMPIC 2M,2023,4,false,99.000,29,28664.21
FFSU,WY,00169413013,OZEMPIC 1M,2023,3,false,147.000,49,44600.78
FFSU,WY,00169418113,OZEMPIC 0.,2023,3,false,99.000,32,25560.47
FFSU,WY,00169477212,OZEMPIC 2M,2023,3,false,114.000,34,33208.01
FFSU,WY,00169413013,OZEMPIC 1M,2023,2,false,201.000,63,57414.42
FFSU,WY,00169413212,OZEMPIC 0.,2023,2,true,,,
FFSU,WY,00169418113,OZEMPIC 0.,2023,2,false,108.000,36,30385.10
FFSU,WY,00169477212,OZEMPIC 2M,2023,2,false,105.000,27,30202.35
FFSU,WY,00169413013,OZEMPIC 1M,2023,1,false,189.000,57,50146.90
FFSU,WY,00169413212,OZEMPIC 0.,2023,1,false,49.500,33,24669.59
FFSU,WY,00169418113,OZEMPIC 0.,2023,1,true,,,
FFSU,WY,00169477212,OZEMPIC 2M,2023,1,false,66.000,18,19713.52
MCOU,AZ,00169450114,WEGOVY    ,2023,4,false,34.000,17,22017.77
MCOU,AZ,00169450514,WEGOVY    ,2023,4,true,,,
MCOU,AZ,00169451714,WEGOVY    ,2023,4,false,138.000,46,59944.16
MCOU,AZ,00169452414,WEGOVY    ,2023,4,false,309.000,100,134012.41
MCOU,AZ,00169452514,WEGOVY    ,2023,4,true,,,
MCOU,AZ,00169450114,WEGOVY    ,2023,3,false,50.000,25,32474.17
MCOU,AZ,00169450514,WEGOVY    ,2023,3,false,50.000,25,32441.28
MCOU,AZ,00169451714,WEGOVY    ,2023,3,false,160.500,54,69568.56
MCOU,AZ,00169452414,WEGOVY    ,2023,3,false,330.000,105,142766.34
MCOU,AZ,00169452514,WEGOVY    ,2023,3,false,62.000,31,40432.60
MCOU,AZ,00169450114,WEGOVY    ,2023,2,false,112.000,56,72975.70
MCOU,AZ,00169450514,WEGOVY    ,2023,2,false,122.000,61,79506.55
MCOU,AZ,00169451714,WEGOVY    ,2023,2,false,108.750,36,47224.20
MCOU,AZ,00169452414,WEGOVY    ,2023,2,false,216.750,69,93724.37
MCOU,AZ,00169452514,WEGOVY    ,2023,2,false,211.000,105,137208.52
MCOU,AZ,00169450114,WEGOVY    ,2023,1,false,49.000,25,31841.71
MCOU,AZ,00169450514,WEGOVY    ,2023,1,false,96.000,47,62643.29
MCOU,AZ,00169451714,WEGOVY    ,2023,1,true,,,
MCOU,AZ,00169452414,WEGOVY    ,2023,1,false,177.000,56,76354.65
MCOU,AZ,00169452514,WEGOVY    ,2023,1,false,188.000,90,123054.41
FFSU,CA,00169450114,WEGOVY 1MG,2023,4,false,12459.500,6167,8146907.02
FFSU,CA,00169450514,WEGOVY 0.5,2023,4,false,3628.500,1803,2380441.33
FFSU,CA,00169451714,WEGOVY 1.7,2023,4,false,37817.750,12458,16480175.05
MCOU,CA,00169452414,WEGOVY 2.4,2023,4,true,,,
FFSU,CA,00169452414,WEGOVY 2.4,2023,4,false,69526.750,22528,30266548.34
FFSU,CA,00169452514,WEGOVY 0.2,2023,4,false,4439.000,2222,2902277.76
MCOU,CA,00169452514,WEGOVY 0.2,2023,4,true,,,
FFSU,CA,00169450114,WEGOVY 1MG,2023,3,false,15255.500,7479,9954348.48
FFSU,CA,00169450514,WEGOVY 0.5,2023,3,false,14472.500,7164,9427117.43
FFSU,CA,00169451714,WEGOVY 1.7,2023,3,false,46678.250,15086,20314890.66
FFSU,CA,00169452414,WEGOVY 2.4,2023,3,false,66492.400,20270,28931691.95
MCOU,CA,00169452414,WEGOVY 2.4,2023,3,true,,,
MCOU,CA,00169452514,WEGOVY 0.2,2023,3,true,,,
FFSU,CA,00169452514,WEGOVY 0.2,2023,3,false,19259.500,9564,12577014.84
FFSU,CA,00169450114,WEGOVY 1MG,2023,2,false,18843.000,8954,12209859.19
FFSU,CA,00169450514,WEGOVY 0.5,2023,2,false,25019.000,12117,16263115.25
MCOU,CA,00169450514,WEGOVY 0.5,2023,2,true,,,
MCOU,CA,00169451714,WEGOVY 1.7,2023,2,true,,,
FFSU,CA,00169451714,WEGOVY 1.7,2023,2,false,17322.750,5612,7534957.67
MCOU,CA,00169452414,WEGOVY 2.4,2023,2,true,,,
FFSU,CA,00169452414,WEGOVY 2.4,2023,2,false,20432.250,6030,8889751.91
MCOU,CA,00169452514,WEGOVY 0.2,2023,2,true,,,
FFSU,CA,00169452514,WEGOVY 0.2,2023,2,false,38978.000,19339,25418501.18
MCOU,CA,00169450114,WEGOVY 1MG,2023,1,true,,,
FFSU,CA,00169450114,WEGOVY 1MG,2023,1,false,5142.000,2396,3425617.09
MCOU,CA,00169450514,WEGOVY 0.5,2023,1,true,,,
FFSU,CA,00169450514,WEGOVY 0.5,2023,1,false,10114.000,4886,6743381.67
FFSU,CA,00169451714,WEGOVY 1.7,2023,1,false,6986.500,2189,3040642.96
MCOU,CA,00169451714,WEGOVY 1.7,2023,1,true,,,
FFSU,CA,00169452414,WEGOVY 2.4,2023,1,false,13382.500,3865,5823275.48
MCOU,CA,00169452414,WEGOVY 2.4,2023,1,true,,,
MCOU,CA,00169452514,WEGOVY 0.2,2023,1,true,,,
FFSU,CA,00169452514,WEGOVY 0.2,2023,1,false,20193.000,9961,13304668.90
FFSU,CO,00169450114,WEGOVY    ,2023,4,true,,,
FFSU,CO,00169451714,WEGOVY    ,2023,4,true,,,
FFSU,CO,00169452414,WEGOVY    ,2023,4,true,,,
FFSU,CO,00169452514,WEGOVY    ,2023,4,true,,,
FFSU,CO,00169450514,WEGOVY    ,2023,3,true,,,
FFSU,CO,00169451714,WEGOVY    ,2023,3,true,,,
FFSU,CO,00169452414,WEGOVY    ,2023,3,true,,,
FFSU,CO,00169452514,WEGOVY    ,2023,3,true,,,
FFSU,CO,00169450114,WEGOVY    ,2023,2,true,,,
FFSU,CO,00169450514,WEGOVY    ,2023,2,true,,,
FFSU,CO,00169451714,WEGOVY    ,2023,2,true,,,
FFSU,CO,00169452514,WEGOVY    ,2023,2,true,,,
MCOU,DC,00169451714,WEGOVY 1.7,2023,4,true,,,
MCOU,DC,00169451714,WEGOVY 1.7,2023,3,true,,,
MCOU,DC,00169452414,WEGOVY 2.4,2023,3,true,,,
MCOU,DC,00169450514,WEGOVY 0.5,2023,2,true,,,
MCOU,DC,00169451714,WEGOVY 1.7,2023,2,true,,,
MCOU,DC,00169452514,WEGOVY 0.2,2023,2,true,,,
MCOU,DC,00169450514,WEGOVY 0.5,2023,1,true,,,
MCOU,DC,00169452414,WEGOVY 2.4,2023,1,true,,,
MCOU,DC,00169452514,WEGOVY 0.2,2023,1,true,,,
MCOU,DE,00169450114,WEGOVY 1MG,2023,4,false,94.000,47,8725.24
MCOU,DE,00169450514,WEGOVY 0.5,2023,4,false,38.000,19,0.00
MCOU,DE,00169451714,WEGOVY 1.7,2023,4,false,670.250,225,2471.27
MCOU,DE,00169452414,WEGOVY 2.4,2023,4,false,1356.000,451,34621.47
MCOU,DE,00169452514,WEGOVY 0.2,2023,4,false,44.000,22,1276.43
MCOU,DE,00169450114,WEGOVY 1MG,2023,3,false,128.000,64,5948.68
MCOU,DE,00169450514,WEGOVY 0.5,2023,3,false,166.000,83,14456.19
MCOU,DE,00169451714,WEGOVY 1.7,2023,3,false,727.000,242,10279.05
MCOU,DE,00169452414,WEGOVY 2.4,2023,3,false,1356.000,453,11733.88
FFSU,DE,00169452414,WEGOVY 2.4,2023,3,true,,,
MCOU,DE,00169452514,WEGOVY 0.2,2023,3,false,140.500,71,7536.45
MCOU,DE,00169450114,WEGOVY 1MG,2023,2,false,463.000,232,7830.52
MCOU,DE,00169450514,WEGOVY 0.5,2023,2,false,619.000,309,14182.33
MCOU,DE,00169451714,WEGOVY 1.7,2023,2,false,767.000,257,15900.56
MCOU,DE,00169452414,WEGOVY 2.4,2023,2,false,681.750,229,5189.48
MCOU,DE,00169452514,WEGOVY 0.2,2023,2,false,870.000,435,18985.26
FFSU,DE,00169452514,WEGOVY 0.2,2023,2,true,,,
MCOU,DE,00169450114,WEGOVY 1MG,2023,1,false,184.000,92,2588.32
MCOU,DE,00169450514,WEGOVY 0.5,2023,1,false,452.500,227,7572.98
MCOU,DE,00169451714,WEGOVY 1.7,2023,1,false,114.000,38,2370.31
MCOU,DE,00169452414,WEGOVY 2.4,2023,1,false,367.000,122,0.00
MCOU,DE,00169452514,WEGOVY 0.2,2023,1,false,682.500,341,16021.54
FFSU,DE,00169452514,WEGOVY 0.2,2023,1,true,,,
MCOU,FL,00169450114,WEGOVY    ,2023,4,true,,,
MCOU,FL,00169450514,WEGOVY    ,2023,4,true,,,
MCOU,FL,00169451714,WEGOVY    ,2023,4,false,33.000,11,13949.48
MCOU,FL,00169452414,WEGOVY    ,2023,4,true,,,
MCOU,FL,00169452514,WEGOVY    ,2023,4,true,,,
MCOU,FL,00169450114,WEGOVY    ,2023,3,true,,,
MCOU,FL,00169450514,WEGOVY    ,2023,3,true,,,
MCOU,FL,00169451714,WEGOVY    ,2023,3,false,51.000,17,21596.51
MCOU,FL,00169452414,WEGOVY    ,2023,3,false,42.000,14,17901.25
MCOU,FL,00169452514,WEGOVY    ,2023,3,false,30.000,15,19158.03
MCOU,FL,00169450114,WEGOVY    ,2023,2,false,30.000,15,19153.75
MCOU,FL,00169450514,WEGOVY    ,2023,2,false,52.000,26,33129.95
MCOU,FL,00169451714,WEGOVY    ,2023,2,true,,,
MCOU,FL,00169452414,WEGOVY    ,2023,2,true,,,
MCOU,FL,00169452514,WEGOVY    ,2023,2,false,124.000,62,78849.16
MCOU,FL,00169450114,WEGOVY    ,2023,1,true,,,
MCOU,FL,00169450514,WEGOVY    ,2023,1,true,,,
MCOU,FL,00169451714,WEGOVY    ,2023,1,true,,,
MCOU,FL,00169452514,WEGOVY    ,2023,1,false,72.000,36,46311.00
MCOU,GA,00169450114,WEGOVY    ,2023,4,true,,,
MCOU,GA,00169450514,WEGOVY    ,2023,4,true,,,
MCOU,GA,00169451714,WEGOVY    ,2023,4,true,,,
MCOU,GA,00169452414,WEGOVY    ,2023,4,true,,,
MCOU,GA,00169452514,WEGOVY    ,2023,4,true,,,
MCOU,GA,00169450114,WEGOVY    ,2023,3,true,,,
MCOU,GA,00169450514,WEGOVY    ,2023,3,true,,,
MCOU,GA,00169451714,WEGOVY    ,2023,3,true,,,
MCOU,GA,00169452414,WEGOVY    ,2023,3,true,,,
MCOU,GA,00169452514,WEGOVY    ,2023,3,false,29.000,15,18649.31
MCOU,GA,00169450114,WEGOVY    ,2023,2,true,,,
MCOU,GA,00169450514,WEGOVY    ,2023,2,false,26.000,13,16732.08
MCOU,GA,00169451714,WEGOVY    ,2023,2,true,,,
MCOU,GA,00169452514,WEGOVY    ,2023,2,false,50.500,26,32332.22
MCOU,GA,00169450514,WEGOVY    ,2023,1,true,,,
MCOU,GA,00169452514,WEGOVY    ,2023,1,true,,,
MCOU,HI,00169450114,WEGOVY 1 M,2023,4,false,64.000,31,1376.00
MCOU,HI,00169450514,WEGOVY 0.5,2023,4,false,66.000,33,0.00
MCOU,HI,00169451714,WEGOVY 1.7,2023,4,false,42.000,14,2690.98
MCOU,HI,00169452414,WEGOVY 2.4,2023,4,false,77.250,22,5504.00
MCOU,HI,00169452514,WEGOVY 0.2,2023,4,false,187.000,89,1376.00
MCOU,HI,00169450114,WEGOVY 1 M,2023,3,false,164.000,74,17472.81
MCOU,HI,00169450514,WEGOVY 0.5,2023,3,false,184.000,88,10741.12
MCOU,HI,00169451714,WEGOVY 1.7,2023,3,false,84.000,25,11929.22
MCOU,HI,00169452414,WEGOVY 2.4,2023,3,false,281.000,64,22385.19
MCOU,HI,00169452514,WEGOVY 0.2,2023,3,false,291.000,141,18085.50
MCOU,HI,00169450114,WEGOVY 1 M,2023,2,false,200.000,55,33565.99
MCOU,HI,00169450514,WEGOVY 0.5,2023,2,false,128.000,61,24071.03
MCOU,HI,00169451714,WEGOVY 1.7,2023,2,false,146.000,47,30634.62
MCOU,HI,00169452414,WEGOVY 2.4,2023,2,false,282.750,77,25162.22
MCOU,HI,00169452514,WEGOVY 0.2,2023,2,false,452.000,177,56274.25
MCOU,HI,00169450114,WEGOVY 1 M,2023,1,false,68.000,34,6651.59
MCOU,HI,00169450514,WEGOVY 0.5,2023,1,false,139.000,43,19082.05
MCOU,HI,00169451714,WEGOVY 1.7,2023,1,true,,,
MCOU,HI,00169452414,WEGOVY 2.4,2023,1,false,126.000,40,9445.80
MCOU,HI,00169452514,WEGOVY 0.2,2023,1,false,399.000,185,32223.30
MCOU,IA,00169450114,WEGOVY 1MG,2023,4,true,,,
MCOU,IA,00169450114,WEGOVY 1MG,2023,3,true,,,
MCOU,IA,00169450514,WEGOVY 0.5,2023,3,true,,,
MCOU,IA,00169452514,WEGOVY 0.2,2023,3,true,,,
MCOU,IL,00169451714,WEGOVY 1.7,2023,4,true,,,
MCOU,IL,00169452414,WEGOVY 2.4,2023,4,true,,,
MCOU,IL,00169452514,WEGOVY 0.2,2023,4,true,,,
MCOU,IL,00169450514,WEGOVY 0.5,2023,3,true,,,
MCOU,IL,00169452414,WEGOVY 2.4,2023,3,true,,,
MCOU,IL,00169452514,WEGOVY 0.2,2023,3,true,,,
MCOU,IL,00169452514,WEGOVY 0.2,2023,2,true,,,
MCOU,IL,00169452414,WEGOVY 2.4,2023,1,true,,,
MCOU,IL,00169452514,WEGOVY 0.2,2023,1,true,,,
MCOU,IN,00169451714,WEGOVY 1.7,2023,4,true,,,
MCOU,IN,00169452414,WEGOVY 2.4,2023,4,true,,,
MCOU,IN,00169451714,WEGOVY 1.7,2023,3,true,,,
MCOU,IN,00169452414,WEGOVY 2.4,2023,3,true,,,
MCOU,IN,00169450114,WEGOVY 1MG,2023,2,true,,,
MCOU,IN,00169450514,WEGOVY 0.5,2023,2,true,,,
MCOU,IN,00169451714,WEGOVY 1.7,2023,2,true,,,
MCOU,IN,00169452514,WEGOVY 0.2,2023,2,true,,,
MCOU,IN,00169452514,WEGOVY 0.2,2023,1,true,,,
MCOU,KS,00169450114,WEGOVY 1MG,2023,4,false,325.000,175,228333.37
MCOU,KS,00169450514,WEGOVY 0.5,2023,4,false,136.000,75,93116.50
MCOU,KS,00169451714,WEGOVY 1.7,2023,4,false,1138.500,387,543219.67
MCOU,KS,00169452414,WEGOVY 2.4,2023,4,false,2722.500,923,1320700.85
MCOU,KS,00169452514,WEGOVY 0.2,2023,4,false,102.000,61,71990.60
MCOU,KS,00169450114,WEGOVY 1MG,2023,3,false,520.000,266,340118.79
MCOU,KS,00169450514,WEGOVY 0.5,2023,3,false,428.000,242,279116.00
MCOU,KS,00169451714,WEGOVY 1.7,2023,3,false,1657.500,563,722206.79
MCOU,KS,00169452414,WEGOVY 2.4,2023,3,false,2847.750,973,1240206.52
MCOU,KS,00169452514,WEGOVY 0.2,2023,3,false,538.500,310,352434.59
MCOU,KS,00169450114,WEGOVY 1MG,2023,2,false,772.000,414,501297.12
MCOU,KS,00169450514,WEGOVY 0.5,2023,2,false,1132.500,602,736538.98
MCOU,KS,00169451714,WEGOVY 1.7,2023,2,false,1422.000,489,618090.50
MCOU,KS,00169452414,WEGOVY 2.4,2023,2,false,1573.500,529,684894.81
MCOU,KS,00169452514,WEGOVY 0.2,2023,2,false,1611.000,857,1050380.13
MCOU,KS,00169450114,WEGOVY 1MG,2023,1,false,426.000,217,280739.66
MCOU,KS,00169450514,WEGOVY 0.5,2023,1,false,711.000,366,470096.43
MCOU,KS,00169451714,WEGOVY 1.7,2023,1,false,393.750,135,171342.95
MCOU,KS,00169452414,WEGOVY 2.4,2023,1,false,797.250,271,347042.89
MCOU,KS,00169452514,WEGOVY 0.2,2023,1,false,1253.000,656,820584.53
MCOU,LA,00169450114,WEGOVY    ,2023,4,true,,,
MCOU,LA,00169450514,WEGOVY    ,2023,4,true,,,
MCOU,LA,00169451714,WEGOVY    ,2023,4,true,,,
MCOU,LA,00169452414,WEGOVY    ,2023,4,true,,,
MCOU,LA,00169452514,WEGOVY    ,2023,4,true,,,
MCOU,LA,00169450114,WEGOVY    ,2023,3,true,,,
MCOU,LA,00169450514,WEGOVY    ,2023,3,true,,,
MCOU,LA,00169451714,WEGOVY    ,2023,3,true,,,
MCOU,LA,00169452414,WEGOVY    ,2023,3,true,,,
MCOU,LA,00169452514,WEGOVY    ,2023,3,true,,,
MCOU,LA,00169450114,WEGOVY    ,2023,2,true,,,
MCOU,LA,00169450514,WEGOVY    ,2023,2,true,,,
MCOU,LA,00169451714,WEGOVY    ,2023,2,true,,,
MCOU,LA,00169452414,WEGOVY    ,2023,2,true,,,
MCOU,LA,00169452514,WEGOVY    ,2023,2,true,,,
MCOU,LA,00169450514,WEGOVY    ,2023,1,true,,,
MCOU,LA,00169452514,WEGOVY    ,2023,1,true,,,
MCOU,MA,00169451714,WEGOVY 1.7,2023,4,true,,,
MCOU,MA,00169452414,WEGOVY 2.4,2023,4,true,,,
MCOU,MA,00169450114,WEGOVY 1 M,2023,3,true,,,
MCOU,MA,00169451714,WEGOVY 1.7,2023,3,true,,,
MCOU,MA,00169452414,WEGOVY 2.4,2023,3,true,,,
MCOU,MA,00169450114,WEGOVY 1 M,2023,2,true,,,
MCOU,MA,00169450514,WEGOVY 0.5,2023,2,true,,,
MCOU,MA,00169452514,WEGOVY 0.2,2023,2,true,,,
MCOU,MA,00169452514,WEGOVY 0.2,2023,1,true,,,
MCOU,MD,00169450514,WEGOVY 0.5,2023,4,true,,,
MCOU,MD,00169452514,WEGOVY 0.2,2023,4,true,,,
MCOU,MD,00169451714,WEGOVY 1.7,2023,3,true,,,
MCOU,MD,00169450514,WEGOVY 0.5,2023,2,true,,,
MCOU,MD,00169450514,WEGOVY 0.5,2023,1,true,,,
MCOU,MD,00169452514,WEGOVY 0.2,2023,1,true,,,
FFSU,MI,00169450114,WEGOVY    ,2023,4,false,438.000,215,280238.68
MCOU,MI,00169450114,WEGOVY    ,2023,4,false,3586.500,1794,2325999.62
MCOU,MI,00169450514,WEGOVY    ,2023,4,false,1284.000,640,832511.18
FFSU,MI,00169450514,WEGOVY    ,2023,4,false,132.000,66,86976.13
FFSU,MI,00169451714,WEGOVY    ,2023,4,false,1330.500,440,569810.35
MCOU,MI,00169451714,WEGOVY    ,2023,4,false,10252.000,3416,4431397.84
FFSU,MI,00169452414,WEGOVY    ,2023,4,false,3396.750,1104,1442810.85
MCOU,MI,00169452414,WEGOVY    ,2023,4,false,24651.250,8197,10655588.82
FFSU,MI,00169452514,WEGOVY    ,2023,4,false,140.500,71,90424.04
MCOU,MI,00169452514,WEGOVY    ,2023,4,false,1432.000,716,926501.59
FFSU,MI,00169450114,WEGOVY    ,2023,3,false,503.000,252,323074.44
MCOU,MI,00169450114,WEGOVY    ,2023,3,false,3886.500,1941,2518891.34
FFSU,MI,00169450514,WEGOVY    ,2023,3,false,523.000,262,333401.80
MCOU,MI,00169450514,WEGOVY    ,2023,3,false,3400.000,1700,2199357.15
MCOU,MI,00169451714,WEGOVY    ,2023,3,false,12414.500,4140,5368413.98
FFSU,MI,00169451714,WEGOVY    ,2023,3,false,1727.250,572,732169.65
FFSU,MI,00169452414,WEGOVY    ,2023,3,false,3215.250,1022,1350845.14
MCOU,MI,00169452414,WEGOVY    ,2023,3,false,22210.750,7396,9607468.29
MCOU,MI,00169452514,WEGOVY    ,2023,3,false,3314.000,1657,2148525.58
FFSU,MI,00169452514,WEGOVY    ,2023,3,false,514.500,256,330475.99
FFSU,MI,00169450114,WEGOVY    ,2023,2,false,975.500,480,611657.84
MCOU,MI,00169450114,WEGOVY    ,2023,2,false,6434.000,3220,4165943.37
MCOU,MI,00169450514,WEGOVY    ,2023,2,false,7549.000,3778,4893996.25
FFSU,MI,00169450514,WEGOVY    ,2023,2,false,1081.000,542,678987.43
MCOU,MI,00169451714,WEGOVY    ,2023,2,false,10819.500,3611,4677292.05
FFSU,MI,00169451714,WEGOVY    ,2023,2,false,1311.500,437,547630.49
FFSU,MI,00169452414,WEGOVY    ,2023,2,false,1541.250,492,636454.77
MCOU,MI,00169452414,WEGOVY    ,2023,2,false,10190.500,3401,4410953.85
FFSU,MI,00169452514,WEGOVY    ,2023,2,false,1611.500,809,1023463.60
MCOU,MI,00169452514,WEGOVY    ,2023,2,false,10547.500,5263,6842014.77
MCOU,MI,00169450114,WEGOVY    ,2023,1,false,2336.500,1166,1518814.50
FFSU,MI,00169450114,WEGOVY    ,2023,1,false,272.000,135,170246.87
FFSU,MI,00169450514,WEGOVY    ,2023,1,false,612.000,305,388070.83
MCOU,MI,00169450514,WEGOVY    ,2023,1,false,5252.000,2628,3416843.00
MCOU,MI,00169451714,WEGOVY    ,2023,1,false,1939.950,648,842112.78
FFSU,MI,00169451714,WEGOVY    ,2023,1,false,234.000,78,97107.14
FFSU,MI,00169452414,WEGOVY    ,2023,1,false,675.500,219,281671.72
MCOU,MI,00169452414,WEGOVY    ,2023,1,false,3115.500,1039,1351757.05
MCOU,MI,00169452514,WEGOVY    ,2023,1,false,7642.000,3819,4970066.07
FFSU,MI,00169452514,WEGOVY    ,2023,1,false,1043.500,523,666604.24
FFSU,MN,00169450114,WEGOVY    ,2023,4,false,48.000,24,30608.92
MCOU,MN,00169450114,WEGOVY    ,2023,4,false,981.000,488,645240.52
MCOU,MN,00169450514,WEGOVY    ,2023,4,false,432.000,216,283171.61
FFSU,MN,00169450514,WEGOVY    ,2023,4,false,43.000,22,27436.41
FFSU,MN,00169451714,WEGOVY    ,2023,4,false,168.000,56,72502.88
MCOU,MN,00169451714,WEGOVY    ,2023,4,false,3282.000,1086,1429704.44
MCOU,MN,00169452414,WEGOVY    ,2023,4,false,7668.000,2523,3339990.83
FFSU,MN,00169452414,WEGOVY    ,2023,4,false,294.000,98,126981.39
FFSU,MN,00169452514,WEGOVY    ,2023,4,false,36.000,18,23307.52
MCOU,MN,00169452514,WEGOVY    ,2023,4,false,592.000,295,390486.60
FFSU,MN,00169450114,WEGOVY    ,2023,3,false,49.000,25,30592.61
MCOU,MN,00169450114,WEGOVY    ,2023,3,false,1694.000,844,1111816.68
MCOU,MN,00169450514,WEGOVY    ,2023,3,false,1726.000,863,1130631.54
FFSU,MN,00169450514,WEGOVY    ,2023,3,false,56.000,28,34592.24
MCOU,MN,00169451714,WEGOVY    ,2023,3,false,4686.000,1563,2048640.31
FFSU,MN,00169451714,WEGOVY    ,2023,3,false,195.000,65,85772.19
FFSU,MN,00169452414,WEGOVY    ,2023,3,false,195.000,65,85899.15
MCOU,MN,00169452414,WEGOVY    ,2023,3,false,8664.750,2871,3792180.33
MCOU,MN,00169452514,WEGOVY    ,2023,3,false,1766.000,883,1158298.85
FFSU,MN,00169452514,WEGOVY    ,2023,3,false,74.000,37,45361.58
MCOU,MN,00169450114,WEGOVY    ,2023,2,false,2131.500,1064,1402905.81
FFSU,MN,00169450114,WEGOVY    ,2023,2,false,48.000,24,31724.35
MCOU,MN,00169450514,WEGOVY    ,2023,2,false,1690.500,847,1113864.82
FFSU,MN,00169450514,WEGOVY    ,2023,2,false,76.000,38,50305.30
FFSU,MN,00169451714,WEGOVY    ,2023,2,false,51.000,17,22567.97
MCOU,MN,00169451714,WEGOVY    ,2023,2,false,3477.000,1160,1521822.11
FFSU,MN,00169452414,WEGOVY    ,2023,2,false,51.000,17,22599.63
MCOU,MN,00169452414,WEGOVY    ,2023,2,false,3639.750,1196,1598931.81
FFSU,MN,00169452514,WEGOVY    ,2023,2,false,132.000,66,87043.54
MCOU,MN,00169452514,WEGOVY    ,2023,2,false,2294.000,1146,1508783.64
MCOU,MN,00169450114,WEGOVY    ,2023,1,false,783.000,392,520231.45
FFSU,MN,00169450114,WEGOVY    ,2023,1,true,,,
FFSU,MN,00169450514,WEGOVY    ,2023,1,false,34.000,17,22792.13
MCOU,MN,00169450514,WEGOVY    ,2023,1,false,1429.000,708,950632.07
MCOU,MN,00169451714,WEGOVY    ,2023,1,false,678.750,227,301721.19
FFSU,MN,00169451714,WEGOVY    ,2023,1,true,,,
FFSU,MN,00169452414,WEGOVY    ,2023,1,false,42.000,14,18612.72
MCOU,MN,00169452414,WEGOVY    ,2023,1,false,1296.000,430,575452.23
MCOU,MN,00169452514,WEGOVY    ,2023,1,false,2326.000,1158,1547675.22
FFSU,MN,00169452514,WEGOVY    ,2023,1,false,55.000,28,36823.68
FFSU,MS,00169450114,WEGOVY 1MG,2023,4,false,46.000,23,33183.22
MCOU,MS,00169450114,WEGOVY 1MG,2023,4,false,199.000,100,129745.11
MCOU,MS,00169450514,WEGOVY 0.5,2023,4,false,216.500,109,140246.45
FFSU,MS,00169450514,WEGOVY 0.5,2023,4,false,66.000,33,42694.77
FFSU,MS,00169451714,WEGOVY 1.7,2023,4,false,111.750,38,48131.88
MCOU,MS,00169451714,WEGOVY 1.7,2023,4,false,467.250,156,203131.59
FFSU,MS,00169452414,WEGOVY 2.4,2023,4,false,90.000,30,39222.60
MCOU,MS,00169452414,WEGOVY 2.4,2023,4,false,323.000,108,140553.29
MCOU,MS,00169452514,WEGOVY 0.2,2023,4,false,336.000,168,218842.58
FFSU,MS,00169452514,WEGOVY 0.2,2023,4,false,90.000,45,57802.81
MCOU,MS,00169450114,WEGOVY 1MG,2023,3,false,38.000,19,24871.38
FFSU,MS,00169450114,WEGOVY 1MG,2023,3,false,28.000,14,18326.28
FFSU,MS,00169450514,WEGOVY 0.5,2023,3,false,38.000,19,26494.58
MCOU,MS,00169450514,WEGOVY 0.5,2023,3,false,98.000,49,62796.98
MCOU,MS,00169451714,WEGOVY 1.7,2023,3,false,134.000,45,58434.02
FFSU,MS,00169451714,WEGOVY 1.7,2023,3,true,,,
FFSU,MS,00169452414,WEGOVY 2.4,2023,3,false,36.000,12,15689.04
MCOU,MS,00169452414,WEGOVY 2.4,2023,3,false,60.000,20,26148.40
MCOU,MS,00169452514,WEGOVY 0.2,2023,3,false,236.000,118,154539.59
FFSU,MS,00169452514,WEGOVY 0.2,2023,3,false,86.000,43,58006.10
MCOU,MS,00169450114,WEGOVY 1MG,2023,2,true,,,
MCOU,MS,00169450514,WEGOVY 0.5,2023,2,true,,,
MCOU,MS,00169451714,WEGOVY 1.7,2023,2,true,,,
MCOU,MS,00169452414,WEGOVY 2.4,2023,2,true,,,
MCOU,MS,00169452514,WEGOVY 0.2,2023,2,true,,,
MCOU,MS,00169450114,WEGOVY    ,2023,1,true,,,
MCOU,MS,00169450514,WEGOVY    ,2023,1,false,21.000,11,13927.94
MCOU,MS,00169451714,WEGOVY    ,2023,1,true,,,
MCOU,MS,00169452414,WEGOVY    ,2023,1,true,,,
MCOU,MS,00169452514,WEGOVY    ,2023,1,false,275.500,125,180836.37
FFSU,XX,00169450114,WEGOVY 1MG,2023,4,false,14211.500,7036,9306109.20
MCOU,XX,00169450114,WEGOVY 1MG,2023,4,false,10790.500,5345,6936220.13
FFSU,XX,00169450514,WEGOVY 0.5,2023,4,false,4419.500,2199,2907304.95
MCOU,XX,00169450514,WEGOVY 0.5,2023,4,false,4375.000,2160,2777642.21
FFSU,XX,00169451714,WEGOVY 1.7,2023,4,false,43187.000,14240,18826544.01
MCOU,XX,00169451714,WEGOVY 1.7,2023,4,false,32902.500,10847,13979693.99
FFSU,XX,00169452414,WEGOVY 2.4,2023,4,false,81721.750,26540,35608642.11
MCOU,XX,00169452414,WEGOVY 2.4,2023,4,false,77207.500,25107,32989928.91
FFSU,XX,00169452514,WEGOVY 0.2,2023,4,false,5398.500,2701,3541919.62
MCOU,XX,00169452514,WEGOVY 0.2,2023,4,false,5420.000,2695,3381542.27
FFSU,XX,00169450114,WEGOVY 1MG,2023,3,false,17212.000,8457,11248796.47
MCOU,XX,00169450114,WEGOVY 1MG,2023,3,false,11897.000,5912,7571239.13
FFSU,XX,00169450514,WEGOVY 0.5,2023,3,false,16277.000,8069,10606215.12
MCOU,XX,00169450514,WEGOVY 0.5,2023,3,false,11069.500,5529,6995965.54
FFSU,XX,00169451714,WEGOVY 1.7,2023,3,false,52914.500,17157,23035377.39
MCOU,XX,00169451714,WEGOVY 1.7,2023,3,false,40791.000,13506,17334677.21
FFSU,XX,00169452414,WEGOVY 2.4,2023,3,false,77029.150,23706,33522966.44
MCOU,XX,00169452414,WEGOVY 2.4,2023,3,false,70382.250,22908,29803277.75
FFSU,XX,00169452514,WEGOVY 0.2,2023,3,false,21529.500,10692,14077514.51
MCOU,XX,00169452514,WEGOVY 0.2,2023,3,false,12663.500,6331,7986775.01
FFSU,XX,00169450114,WEGOVY 1MG,2023,2,false,22130.500,10586,14340009.77
MCOU,XX,00169450114,WEGOVY 1MG,2023,2,false,22358.000,11123,14151779.12
FFSU,XX,00169450514,WEGOVY 0.5,2023,2,false,29182.500,14200,18966332.15
MCOU,XX,00169450514,WEGOVY 0.5,2023,2,false,25133.500,12538,15904398.07
FFSU,XX,00169451714,WEGOVY 1.7,2023,2,false,22208.750,7239,9657050.50
MCOU,XX,00169451714,WEGOVY 1.7,2023,2,false,34434.250,11465,14579447.68
FFSU,XX,00169452414,WEGOVY 2.4,2023,2,false,24671.250,7412,10719658.69
MCOU,XX,00169452414,WEGOVY 2.4,2023,2,false,29972.750,9717,12590155.73
FFSU,XX,00169452514,WEGOVY 0.2,2023,2,false,45198.500,22441,29490764.98
MCOU,XX,00169452514,WEGOVY 0.2,2023,2,false,36680.500,18252,23076354.39
FFSU,XX,00169450114,WEGOVY 1MG,2023,1,false,5988.000,2818,3975435.16
MCOU,XX,00169450114,WEGOVY 1MG,2023,1,false,7434.500,3712,4692452.43
FFSU,XX,00169450514,WEGOVY 0.5,2023,1,false,12157.000,5905,8085698.50
MCOU,XX,00169450514,WEGOVY 0.5,2023,1,false,17269.000,8578,10902866.17
FFSU,XX,00169451714,WEGOVY 1.7,2023,1,false,7562.500,2381,3280273.78
MCOU,XX,00169451714,WEGOVY 1.7,2023,1,false,5037.950,1680,2139464.13
FFSU,XX,00169452414,WEGOVY 2.4,2023,1,false,15039.750,4406,6534674.96
MCOU,XX,00169452414,WEGOVY 2.4,2023,1,false,8430.250,2771,3439347.86
FFSU,XX,00169452514,WEGOVY 0.2,2023,1,false,23788.500,11756,15670472.63
MCOU,XX,00169452514,WEGOVY 0.2,2023,1,false,29589.500,14741,18653996.83
FFSU,NC,00169450114,WEGOVY    ,2023,4,true,,,
FFSU,NC,00169450514,WEGOVY    ,2023,4,true,,,
FFSU,NC,00169451714,WEGOVY    ,2023,4,true,,,
MCOU,NC,00169451714,WEGOVY    ,2023,4,true,,,
MCOU,NC,00169452414,WEGOVY    ,2023,4,true,,,
FFSU,NC,00169452514,WEGOVY    ,2023,4,true,,,
MCOU,NC,00169450114,WEGOVY    ,2023,3,true,,,
MCOU,NC,00169450514,WEGOVY    ,2023,3,true,,,
FFSU,NC,00169450514,WEGOVY    ,2023,3,true,,,
MCOU,NC,00169451714,WEGOVY    ,2023,3,true,,,
FFSU,NC,00169451714,WEGOVY    ,2023,3,true,,,
MCOU,NC,00169452414,WEGOVY    ,2023,3,true,,,
FFSU,NC,00169452514,WEGOVY    ,2023,3,true,,,
MCOU,NC,00169452514,WEGOVY    ,2023,3,true,,,
MCOU,NC,00169450114,WEGOVY    ,2023,2,true,,,
FFSU,NC,00169450514,WEGOVY    ,2023,2,true,,,
MCOU,NC,00169450514,WEGOVY    ,2023,2,true,,,
MCOU,NC,00169451714,WEGOVY    ,2023,2,true,,,
MCOU,NC,00169452414,WEGOVY    ,2023,2,true,,,
FFSU,NC,00169452514,WEGOVY    ,2023,2,true,,,
MCOU,NC,00169452514,WEGOVY    ,2023,2,true,,,
MCOU,NC,00169450114,WEGOVY    ,2023,1,true,,,
MCOU,NC,00169450514,WEGOVY    ,2023,1,true,,,
FFSU,NC,00169450514,WEGOVY    ,2023,1,true,,,
MCOU,NC,00169452414,WEGOVY    ,2023,1,true,,,
MCOU,NC,00169452514,WEGOVY    ,2023,1,true,,,
FFSU,NC,00169452514,WEGOVY    ,2023,1,true,,,
MCOU,NE,00169450114,WEGOVY 1MG,2023,4,true,,,
MCOU,NE,00169450514,WEGOVY 0.5,2023,3,true,,,
MCOU,NE,00169452514,WEGOVY 0.2,2023,3,true,,,
MCOU,NE,00169450114,WEGOVY 1MG,2023,2,true,,,
MCOU,NE,00169450514,WEGOVY 0.5,2023,2,true,,,
MCOU,NE,00169452514,WEGOVY 0.2,2023,2,true,,,
MCOU,NE,00169450514,WEGOVY 0.5,2023,1,true,,,
MCOU,NE,00169452514,WEGOVY 0.2,2023,1,true,,,
MCOU,NH,00169450114,WEGOVY    ,2023,4,false,74.000,37,45642.38
MCOU,NH,00169450514,WEGOVY    ,2023,4,true,,,
FFSU,NH,00169451714,WEGOVY    ,2023,4,true,,,
MCOU,NH,00169451714,WEGOVY    ,2023,4,false,407.250,136,155185.93
MCOU,NH,00169452414,WEGOVY    ,2023,4,false,821.250,265,333775.67
MCOU,NH,00169452514,WEGOVY    ,2023,4,false,22.000,11,14086.44
MCOU,NH,00169450114,WEGOVY    ,2023,3,false,59.000,30,34635.16
MCOU,NH,00169450514,WEGOVY    ,2023,3,false,50.000,25,30190.20
MCOU,NH,00169451714,WEGOVY    ,2023,3,false,467.250,156,188278.56
MCOU,NH,00169452414,WEGOVY    ,2023,3,false,752.250,243,307218.89
MCOU,NH,00169452514,WEGOVY    ,2023,3,false,115.000,56,70195.93
MCOU,NH,00169450114,WEGOVY    ,2023,2,false,232.000,116,141835.63
MCOU,NH,00169450514,WEGOVY    ,2023,2,false,300.000,148,184170.73
FFSU,NH,00169450514,WEGOVY    ,2023,2,true,,,
MCOU,NH,00169451714,WEGOVY    ,2023,2,false,357.000,119,141475.27
MCOU,NH,00169452414,WEGOVY    ,2023,2,false,376.500,124,147830.65
MCOU,NH,00169452514,WEGOVY    ,2023,2,false,459.000,229,278255.01
FFSU,NH,00169452514,WEGOVY    ,2023,2,true,,,
MCOU,NH,00169450114,WEGOVY    ,2023,1,false,116.000,58,69000.86
MCOU,NH,00169450514,WEGOVY    ,2023,1,false,243.000,120,145221.64
MCOU,NH,00169451714,WEGOVY    ,2023,1,false,105.000,35,42694.39
MCOU,NH,00169452414,WEGOVY    ,2023,1,false,201.000,62,76483.47
MCOU,NH,00169452514,WEGOVY    ,2023,1,false,482.000,241,294625.46
MCOU,NJ,00169452514,WEGOVY 0.2,2023,3,true,,,
MCOU,NJ,00169452514,WEGOVY 0.2,2023,2,true,,,
MCOU,NJ,00169450114,WEGOVY 1MG,2023,1,true,,,
MCOU,NJ,00169450514,WEGOVY 0.5,2023,1,true,,,
MCOU,NJ,00169452414,WEGOVY 2.4,2023,1,true,,,
MCOU,NJ,00169452514,WEGOVY 0.2,2023,1,true,,,
FFSU,NM,00169450114,WEGOVY 1 M,2023,4,true,,,
FFSU,NM,00169451714,WEGOVY 1.7,2023,4,true,,,
FFSU,NM,00169452414,WEGOVY 2.4,2023,4,true,,,
MCOU,NM,00169452414,WEGOVY 2.4,2023,4,true,,,
FFSU,NM,00169452514,WEGOVY 0.2,2023,4,true,,,
FFSU,NM,00169450114,WEGOVY 1 M,2023,3,true,,,
FFSU,NM,00169450514,WEGOVY 0.5,2023,3,true,,,
FFSU,NM,00169451714,WEGOVY 1.7,2023,3,true,,,
MCOU,NM,00169451714,WEGOVY 1.7,2023,3,true,,,
MCOU,NM,00169452414,WEGOVY 2.4,2023,3,true,,,
FFSU,NM,00169452414,WEGOVY 2.4,2023,3,true,,,
FFSU,NM,00169452514,WEGOVY 0.2,2023,3,true,,,
FFSU,NM,00169450114,WEGOVY 1 M,2023,2,true,,,
FFSU,NM,00169450514,WEGOVY 0.5,2023,2,false,26.000,13,12382.24
FFSU,NM,00169451714,WEGOVY 1.7,2023,2,true,,,
FFSU,NM,00169452414,WEGOVY 2.4,2023,2,false,51.000,17,15028.56
FFSU,NM,00169452514,WEGOVY 0.2,2023,2,true,,,
FFSU,NM,00169450114,WEGOVY 1 M,2023,1,false,36.000,18,13988.96
FFSU,NM,00169450514,WEGOVY 0.5,2023,1,false,30.000,15,13600.20
FFSU,NM,00169451714,WEGOVY 1.7,2023,1,false,33.000,11,7845.37
FFSU,NM,00169452414,WEGOVY 2.4,2023,1,false,61.500,21,17644.14
FFSU,NM,00169452514,WEGOVY 0.2,2023,1,true,,,
MCOU,NV,00169450514,WEGOVY    ,2023,4,true,,,
MCOU,NV,00169450514,WEGOVY    ,2023,3,true,,,
MCOU,NY,00169450114,WEGOVY    ,2023,3,true,,,
MCOU,NY,00169451714,WEGOVY    ,2023,3,true,,,
MCOU,NY,00169450514,WEGOVY    ,2023,1,true,,,
MCOU,NY,00169451714,WEGOVY    ,2023,1,true,,,
MCOU,NY,00169452414,WEGOVY    ,2023,1,true,,,
MCOU,NY,00169452514,WEGOVY    ,2023,1,true,,,
MCOU,OH,00169450114,WEGOVY 1MG,2023,4,true,,,
MCOU,OH,00169451714,WEGOVY 1.7,2023,4,false,36.000,12,15676.23
MCOU,OH,00169452414,WEGOVY 2.4,2023,4,true,,,
MCOU,OH,00169452514,WEGOVY 0.2,2023,4,true,,,
MCOU,OH,00169450114,WEGOVY 1MG,2023,3,true,,,
MCOU,OH,00169450514,WEGOVY 0.5,2023,3,true,,,
MCOU,OH,00169451714,WEGOVY 1.7,2023,3,true,,,
MCOU,OH,00169452414,WEGOVY 2.4,2023,3,true,,,
MCOU,OH,00169452514,WEGOVY 0.2,2023,3,false,26.000,13,16955.32
MCOU,OH,00169450114,WEGOVY 1MG,2023,2,true,,,
MCOU,OH,00169450514,WEGOVY 0.5,2023,2,true,,,
MCOU,OH,00169451714,WEGOVY 1.7,2023,2,true,,,
MCOU,OH,00169452414,WEGOVY 2.4,2023,2,true,,,
MCOU,OH,00169452514,WEGOVY 0.2,2023,2,false,28.000,14,18131.81
MCOU,OH,00169452514,WEGOVY 0.2,2023,1,true,,,
MCOU,OR,00169450114,WEGOVY 1MG,2023,4,true,,,
MCOU,OR,00169450514,WEGOVY 0.5,2023,4,true,,,
MCOU,OR,00169451714,WEGOVY 1.7,2023,4,true,,,
MCOU,OR,00169452414,WEGOVY 2.4,2023,4,true,,,
MCOU,OR,00169452514,WEGOVY 0.2,2023,4,true,,,
MCOU,OR,00169450114,WEGOVY 1MG,2023,3,true,,,
MCOU,OR,00169450514,WEGOVY 0.5,2023,3,true,,,
MCOU,OR,00169451714,WEGOVY 1.7,2023,3,true,,,
MCOU,OR,00169452414,WEGOVY 2.4,2023,3,true,,,
MCOU,OR,00169452514,WEGOVY 0.2,2023,3,true,,,
MCOU,OR,00169450114,WEGOVY 1MG,2023,2,true,,,
MCOU,OR,00169450514,WEGOVY 0.5,2023,2,true,,,
MCOU,OR,00169452514,WEGOVY 0.2,2023,2,true,,,
MCOU,OR,00169450514,WEGOVY 0.5,2023,1,true,,,
MCOU,OR,00169452514,WEGOVY 0.2,2023,1,true,,,
FFSU,PA,00169450114,WEGOVY 1MG,2023,4,false,32.000,14,20757.17
MCOU,PA,00169450114,WEGOVY 1MG,2023,4,false,4294.500,2089,2795611.05
FFSU,PA,00169450514,WEGOVY 0.5,2023,4,true,,,
MCOU,PA,00169450514,WEGOVY 0.5,2023,4,false,1722.500,830,1121640.86
MCOU,PA,00169451714,WEGOVY 1.7,2023,4,false,12322.250,3981,5346513.66
FFSU,PA,00169451714,WEGOVY 1.7,2023,4,false,120.000,38,51858.00
FFSU,PA,00169452414,WEGOVY 2.4,2023,4,false,288.000,78,124491.98
MCOU,PA,00169452414,WEGOVY 2.4,2023,4,false,29590.000,9314,12840298.00
FFSU,PA,00169452514,WEGOVY 0.2,2023,4,true,,,
MCOU,PA,00169452514,WEGOVY 0.2,2023,4,false,2115.000,1040,1379053.94
FFSU,PA,00169450114,WEGOVY 1MG,2023,3,false,26.000,13,16872.22
MCOU,PA,00169450114,WEGOVY 1MG,2023,3,false,4203.500,2073,2747545.58
MCOU,PA,00169450514,WEGOVY 0.5,2023,3,false,4016.500,1979,2626179.58
FFSU,PA,00169450514,WEGOVY 0.5,2023,3,false,34.000,17,21995.86
FFSU,PA,00169451714,WEGOVY 1.7,2023,3,false,176.250,55,76163.69
MCOU,PA,00169451714,WEGOVY 1.7,2023,3,false,15097.750,4933,6569126.82
MCOU,PA,00169452414,WEGOVY 2.4,2023,3,false,24633.250,7721,10701884.64
FFSU,PA,00169452414,WEGOVY 2.4,2023,3,false,288.000,82,124411.18
FFSU,PA,00169452514,WEGOVY 0.2,2023,3,false,46.000,23,29859.79
MCOU,PA,00169452514,WEGOVY 0.2,2023,3,false,4862.000,2396,3181778.58
MCOU,PA,00169450114,WEGOVY 1MG,2023,2,false,9062.000,4485,5925639.91
FFSU,PA,00169450114,WEGOVY 1MG,2023,2,false,74.000,37,47679.18
MCOU,PA,00169450514,WEGOVY 0.5,2023,2,false,10341.000,5098,6767185.22
FFSU,PA,00169450514,WEGOVY 0.5,2023,2,false,90.000,45,58109.98
FFSU,PA,00169451714,WEGOVY 1.7,2023,2,false,90.000,30,38837.99
MCOU,PA,00169451714,WEGOVY 1.7,2023,2,false,12941.000,4274,5636413.40
MCOU,PA,00169452414,WEGOVY 2.4,2023,2,false,8612.250,2630,3727215.97
FFSU,PA,00169452414,WEGOVY 2.4,2023,2,false,105.000,27,45289.83
FFSU,PA,00169452514,WEGOVY 0.2,2023,2,false,118.000,59,76398.74
MCOU,PA,00169452514,WEGOVY 0.2,2023,2,false,15166.500,7512,9926279.57
FFSU,PA,00169450114,WEGOVY 1MG,2023,1,true,,,
MCOU,PA,00169450114,WEGOVY 1MG,2023,1,false,2446.000,1213,1598463.70
FFSU,PA,00169450514,WEGOVY 0.5,2023,1,false,22.000,11,14272.30
MCOU,PA,00169450514,WEGOVY 0.5,2023,1,false,6598.000,3260,4312973.20
MCOU,PA,00169451714,WEGOVY 1.7,2023,1,false,948.500,313,413515.11
FFSU,PA,00169451714,WEGOVY 1.7,2023,1,true,,,
FFSU,PA,00169452414,WEGOVY 2.4,2023,1,false,53.250,14,22798.62
MCOU,PA,00169452414,WEGOVY 2.4,2023,1,false,664.500,189,284989.15
FFSU,PA,00169452514,WEGOVY 0.2,2023,1,false,72.000,36,47229.79
MCOU,PA,00169452514,WEGOVY 0.2,2023,1,false,12089.000,6002,7916529.75
MCOU,RI,00169450114,WEGOVY 1MG,2023,4,false,76.000,38,48830.61
MCOU,RI,00169450514,WEGOVY 0.5,2023,4,false,22.000,11,13490.68
MCOU,RI,00169451714,WEGOVY 1.7,2023,4,false,447.000,149,188087.77
MCOU,RI,00169452414,WEGOVY 2.4,2023,4,false,1461.000,481,608908.97
FFSU,RI,00169452414,WEGOVY 2.4,2023,4,true,,,
MCOU,RI,00169452514,WEGOVY 0.2,2023,4,false,42.000,21,26558.72
MCOU,RI,00169450114,WEGOVY 1MG,2023,3,false,106.000,53,64515.78
FFSU,RI,00169450114,WEGOVY 1MG,2023,3,true,,,
MCOU,RI,00169450514,WEGOVY 0.5,2023,3,false,66.000,33,41375.26
MCOU,RI,00169451714,WEGOVY 1.7,2023,3,false,570.000,188,229292.36
MCOU,RI,00169452414,WEGOVY 2.4,2023,3,false,1344.750,448,539410.96
FFSU,RI,00169452414,WEGOVY 2.4,2023,3,true,,,
FFSU,RI,00169452514,WEGOVY 0.2,2023,3,true,,,
MCOU,RI,00169452514,WEGOVY 0.2,2023,3,false,100.000,48,60767.55
MCOU,RI,00169450114,WEGOVY 1MG,2023,2,false,324.000,162,210336.60
MCOU,RI,00169450514,WEGOVY 0.5,2023,2,false,295.000,148,192498.01
MCOU,RI,00169451714,WEGOVY 1.7,2023,2,false,632.750,209,273090.21
MCOU,RI,00169452414,WEGOVY 2.4,2023,2,false,612.750,206,267048.50
FFSU,RI,00169452414,WEGOVY 2.4,2023,2,true,,,
FFSU,RI,00169452514,WEGOVY 0.2,2023,2,true,,,
MCOU,RI,00169452514,WEGOVY 0.2,2023,2,false,346.500,174,225568.41
MCOU,RI,00169450114,WEGOVY 1MG,2023,1,false,154.500,76,100733.11
MCOU,RI,00169450514,WEGOVY 0.5,2023,1,false,359.000,179,234433.94
MCOU,RI,00169451714,WEGOVY 1.7,2023,1,false,138.000,44,59870.46
MCOU,RI,00169452414,WEGOVY 2.4,2023,1,false,282.000,94,122935.12
FFSU,RI,00169452414,WEGOVY 2.4,2023,1,true,,,
FFSU,RI,00169452514,WEGOVY 0.2,2023,1,true,,,
MCOU,RI,00169452514,WEGOVY 0.2,2023,1,false,664.500,333,434092.70
MCOU,SC,00169451714,WEGOVY    ,2023,4,true,,,
MCOU,SC,00169450114,WEGOVY    ,2023,3,true,,,
MCOU,SC,00169450514,WEGOVY    ,2023,3,true,,,
MCOU,SC,00169451714,WEGOVY    ,2023,3,true,,,
MCOU,SC,00169452514,WEGOVY    ,2023,3,true,,,
MCOU,SC,00169450514,WEGOVY    ,2023,2,true,,,
MCOU,SC,00169452514,WEGOVY    ,2023,2,true,,,
MCOU,SC,00169452514,WEGOVY    ,2023,1,true,,,
FFSU,TN,00169450114,WEGOVY 1MG,2023,4,false,120.000,60,77931.83
FFSU,TN,00169450514,WEGOVY 0.5,2023,4,false,86.000,43,56410.76
FFSU,TN,00169451714,WEGOVY 1.7,2023,4,false,372.000,124,162040.68
FFSU,TN,00169452414,WEGOVY 2.4,2023,4,false,450.000,150,195971.92
FFSU,TN,00169452514,WEGOVY 0.2,2023,4,false,132.000,66,86289.17
FFSU,TN,00169450114,WEGOVY 1MG,2023,3,false,78.000,39,51008.97
FFSU,TN,00169450514,WEGOVY 0.5,2023,3,false,152.500,78,99437.47
FFSU,TN,00169451714,WEGOVY 1.7,2023,3,false,468.000,156,203779.44
FFSU,TN,00169452414,WEGOVY 2.4,2023,3,false,450.000,146,195843.69
MCOU,TN,00169452514,WEGOVY 0.2,2023,3,true,,,
FFSU,TN,00169452514,WEGOVY 0.2,2023,3,false,266.500,133,174329.62
FFSU,TN,00169450114,WEGOVY 1MG,2023,2,false,258.000,129,167426.68
FFSU,TN,00169450514,WEGOVY 0.5,2023,2,false,428.500,215,278316.29
FFSU,TN,00169451714,WEGOVY 1.7,2023,2,false,276.000,92,119772.97
FFSU,TN,00169452414,WEGOVY 2.4,2023,2,false,90.000,30,39138.80
FFSU,TN,00169452514,WEGOVY 0.2,2023,2,false,670.000,334,436315.92
FFSU,TN,00169450114,WEGOVY 1MG,2023,1,false,44.000,22,28588.02
FFSU,TN,00169450514,WEGOVY 0.5,2023,1,false,114.000,57,74252.27
FFSU,TN,00169451714,WEGOVY 1.7,2023,1,true,,,
FFSU,TN,00169452414,WEGOVY 2.4,2023,1,true,,,
FFSU,TN,00169452514,WEGOVY 0.2,2023,1,false,297.000,149,193680.94
MCOU,TX,00169450114,WEGOVY 1 M,2023,4,true,,,
MCOU,TX,00169450514,WEGOVY 0.5,2023,4,true,,,
MCOU,TX,00169451714,WEGOVY 1.7,2023,4,true,,,
MCOU,TX,00169452414,WEGOVY 2.4,2023,4,true,,,
MCOU,TX,00169452514,WEGOVY 0.2,2023,4,true,,,
MCOU,TX,00169450514,WEGOVY 0.5,2023,3,true,,,
MCOU,TX,00169452514,WEGOVY 0.2,2023,3,true,,,
MCOU,TX,00169450514,WEGOVY 0.5,2023,2,true,,,
MCOU,TX,00169452514,WEGOVY 0.2,2023,2,true,,,
MCOU,TX,00169452514,WEGOVY 0.2,2023,1,true,,,
MCOU,VA,00169450114,WEGOVY    ,2023,4,false,1024.500,510,659835.17
FFSU,VA,00169450114,WEGOVY    ,2023,4,true,,,
MCOU,VA,00169450514,WEGOVY    ,2023,4,false,394.000,197,252317.62
FFSU,VA,00169450514,WEGOVY    ,2023,4,true,,,
MCOU,VA,00169451714,WEGOVY    ,2023,4,false,3562.000,1193,1545066.06
FFSU,VA,00169451714,WEGOVY    ,2023,4,true,,,
FFSU,VA,00169452414,WEGOVY    ,2023,4,true,,,
MCOU,VA,00169452414,WEGOVY    ,2023,4,false,8018.250,2657,3488139.50
MCOU,VA,00169452514,WEGOVY    ,2023,4,false,477.000,236,305788.39
MCOU,VA,00169450114,WEGOVY    ,2023,3,false,1000.000,499,641953.29
FFSU,VA,00169450114,WEGOVY    ,2023,3,true,,,
MCOU,VA,00169450514,WEGOVY    ,2023,3,false,813.000,406,521843.32
FFSU,VA,00169451714,WEGOVY    ,2023,3,false,36.000,12,15673.70
MCOU,VA,00169451714,WEGOVY    ,2023,3,false,4603.500,1534,1983588.32
FFSU,VA,00169452414,WEGOVY    ,2023,3,true,,,
MCOU,VA,00169452414,WEGOVY    ,2023,3,false,7727.750,2560,3338233.72
FFSU,VA,00169452514,WEGOVY    ,2023,3,true,,,
MCOU,VA,00169452514,WEGOVY    ,2023,3,false,1084.000,540,696039.21
MCOU,VA,00169450114,WEGOVY    ,2023,2,false,2563.500,1287,1648361.86
FFSU,VA,00169450114,WEGOVY    ,2023,2,true,,,
FFSU,VA,00169450514,WEGOVY    ,2023,2,true,,,
MCOU,VA,00169450514,WEGOVY    ,2023,2,false,2806.500,1411,1805066.35
FFSU,VA,00169451714,WEGOVY    ,2023,2,true,,,
MCOU,VA,00169451714,WEGOVY    ,2023,2,false,3694.250,1240,1590177.29
FFSU,VA,00169452414,WEGOVY    ,2023,2,true,,,
MCOU,VA,00169452414,WEGOVY    ,2023,2,false,3747.250,1243,1612155.64
MCOU,VA,00169452514,WEGOVY    ,2023,2,false,4406.500,2195,2834710.12
FFSU,VA,00169452514,WEGOVY    ,2023,2,false,40.000,20,26067.35
MCOU,VA,00169450114,WEGOVY    ,2023,1,false,845.500,426,546099.27
FFSU,VA,00169450114,WEGOVY    ,2023,1,true,,,
FFSU,VA,00169450514,WEGOVY    ,2023,1,true,,,
MCOU,VA,00169450514,WEGOVY    ,2023,1,false,1924.500,967,1243986.74
MCOU,VA,00169451714,WEGOVY    ,2023,1,false,645.000,215,276913.15
MCOU,VA,00169452414,WEGOVY    ,2023,1,false,1323.000,441,566731.24
MCOU,VA,00169452514,WEGOVY    ,2023,1,false,3383.000,1688,2187526.28
FFSU,VA,00169452514,WEGOVY    ,2023,1,false,34.000,16,21739.42
MCOU,WA,00169450114,WEGOVY 1MG,2023,4,true,,,
MCOU,WA,00169450514,WEGOVY 0.5,2023,4,true,,,
MCOU,WA,00169451714,WEGOVY 1.7,2023,4,true,,,
MCOU,WA,00169452414,WEGOVY 2.4,2023,4,false,33.000,11,14105.66
MCOU,WA,00169452514,WEGOVY 0.2,2023,4,true,,,
MCOU,WA,00169450114,WEGOVY 1MG,2023,3,true,,,
MCOU,WA,00169450514,WEGOVY 0.5,2023,3,true,,,
MCOU,WA,00169451714,WEGOVY 1.7,2023,3,true,,,
MCOU,WA,00169452414,WEGOVY 2.4,2023,3,true,,,
MCOU,WA,00169452514,WEGOVY 0.2,2023,3,true,,,
MCOU,WA,00169450114,WEGOVY 1MG,2023,2,true,,,
MCOU,WA,00169450514,WEGOVY 0.5,2023,2,true,,,
MCOU,WA,00169452414,WEGOVY 2.4,2023,2,true,,,
MCOU,WA,00169452514,WEGOVY 0.2,2023,2,true,,,
MCOU,WA,00169452414,WEGOVY 2.4,2023,1,true,,,
MCOU,WA,00169452514,WEGOVY 0.2,2023,1,true,,,
FFSU,WI,00169450114,WEGOVY 1MG,2023,4,false,1052.000,525,706019.27
FFSU,WI,00169450514,WEGOVY 0.5,2023,4,false,452.000,226,305517.57
FFSU,WI,00169451714,WEGOVY 1.7,2023,4,false,3195.000,1064,1413366.25
FFSU,WI,00169452414,WEGOVY 2.4,2023,4,false,7598.250,2526,3379308.37
FFSU,WI,00169452514,WEGOVY 0.2,2023,4,false,521.000,259,357038.73
FFSU,WI,00169450114,WEGOVY 1MG,2023,3,false,1260.500,629,848470.46
FFSU,WI,00169450514,WEGOVY 0.5,2023,3,false,987.000,494,655557.74
FFSU,WI,00169451714,WEGOVY 1.7,2023,3,false,3579.750,1193,1585350.95
FFSU,WI,00169452414,WEGOVY 2.4,2023,3,false,6274.500,2083,2785923.34
FFSU,WI,00169452514,WEGOVY 0.2,2023,3,false,1227.000,608,827819.53
FFSU,WI,00169450114,WEGOVY 1MG,2023,2,false,1900.000,946,1254096.59
FFSU,WI,00169450514,WEGOVY 0.5,2023,2,false,2432.000,1215,1605711.06
FFSU,WI,00169451714,WEGOVY 1.7,2023,2,false,3127.500,1041,1385444.96
FFSU,WI,00169452414,WEGOVY 2.4,2023,2,false,2382.750,793,1063587.21
FFSU,WI,00169452514,WEGOVY 0.2,2023,2,false,3607.000,1793,2396901.71
FFSU,WI,00169450114,WEGOVY 1MG,2023,1,false,470.000,235,321091.63
FFSU,WI,00169450514,WEGOVY 0.5,2023,1,false,1223.000,610,824071.31
FFSU,WI,00169451714,WEGOVY 1.7,2023,1,false,249.000,83,108686.90
FFSU,WI,00169452414,WEGOVY 2.4,2023,1,false,795.000,263,357616.98
FFSU,WI,00169452514,WEGOVY 0.2,2023,1,false,2064.000,1028,1381989.48
FFSU,AK,00169430330,RYBELSUS  ,2023,4,false,2660.000,89,79538.69
FFSU,AK,00169430730,RYBELSUS  ,2023,4,false,3384.000,112,101849.88
FFSU,AK,00169431430,RYBELSUS  ,2023,4,false,3828.000,135,116122.00
FFSU,AK,00169430330,RYBELSUS  ,2023,3,false,2345.000,77,70507.77
FFSU,AK,00169430713,RYBELSUS  ,2023,3,true,,,
FFSU,AK,00169430730,RYBELSUS  ,2023,3,false,3524.000,117,106122.21
FFSU,AK,00169431430,RYBELSUS  ,2023,3,false,3798.000,133,115417.58
FFSU,AK,00169430330,RYBELSUS  ,2023,2,false,2952.000,93,88816.23
FFSU,AK,00169430730,RYBELSUS  ,2023,2,false,4486.000,141,135631.60
FFSU,AK,00169431413,RYBELSUS  ,2023,2,true,,,
FFSU,AK,00169431430,RYBELSUS  ,2023,2,false,3974.000,116,119647.14
FFSU,AK,00169430313,RYBELSUS  ,2023,1,true,,,
FFSU,AK,00169430330,RYBELSUS  ,2023,1,false,3470.000,110,103085.60
FFSU,AK,00169430713,RYBELSUS  ,2023,1,true,,,
FFSU,AK,00169430730,RYBELSUS  ,2023,1,false,5650.000,150,167909.01
FFSU,AK,00169431413,RYBELSUS  ,2023,1,true,,,
FFSU,AK,00169431430,RYBELSUS  ,2023,1,false,4290.000,109,127977.53
FFSU,AL,00169430330,RYBELSUS 3,2023,4,false,1950.000,65,60674.82
FFSU,AL,00169430730,RYBELSUS 7,2023,4,false,6810.000,227,215025.98
FFSU,AL,00169431430,RYBELSUS 1,2023,4,false,5310.000,177,163327.62
FFSU,AL,00169430330,RYBELSUS 3,2023,3,false,2310.000,77,71679.66
FFSU,AL,00169430730,RYBELSUS 7,2023,3,false,6480.000,216,202968.61
FFSU,AL,00169431430,RYBELSUS 1,2023,3,false,4770.000,159,146636.80
FFSU,AL,00169430330,RYBELSUS 3,2023,2,false,2580.000,86,78423.53
FFSU,AL,00169430730,RYBELSUS 7,2023,2,false,6660.000,221,205049.41
FFSU,AL,00169431430,RYBELSUS 1,2023,2,false,4950.000,165,151198.64
FFSU,AL,00169430313,RYBELSUS 3,2023,1,true,,,
FFSU,AL,00169430330,RYBELSUS 3,2023,1,false,1919.000,64,57714.61
FFSU,AL,00169430713,RYBELSUS 7,2023,1,true,,,
FFSU,AL,00169430730,RYBELSUS 7,2023,1,false,6669.000,221,202990.15
FFSU,AL,00169431413,RYBELSUS 1,2023,1,true,,,
FFSU,AL,00169431430,RYBELSUS 1,2023,1,false,4080.000,136,124221.73
FFSU,AR,00169430330,RYBELSUS  ,2023,4,true,,,
FFSU,AR,00169430730,RYBELSUS  ,2023,4,true,,,
MCOU,AR,00169431430,RYBELSUS  ,2023,4,true,,,
FFSU,AR,00169431430,RYBELSUS  ,2023,4,true,,,
MCOU,AR,00169430330,RYBELSUS  ,2023,3,true,,,
MCOU,AR,00169430730,RYBELSUS  ,2023,3,true,,,
FFSU,AR,00169430730,RYBELSUS  ,2023,3,true,,,
MCOU,AR,00169431430,RYBELSUS  ,2023,3,true,,,
FFSU,AR,00169430730,RYBELSUS  ,2023,2,true,,,
FFSU,AR,00169431430,RYBELSUS  ,2023,2,true,,,
MCOU,AR,00169430730,RYBELSUS  ,2023,1,true,,,
FFSU,AR,00169430730,RYBELSUS  ,2023,1,true,,,
MCOU,AZ,00169430330,RYBELSUS  ,2023,4,false,510.000,17,15494.68
MCOU,AZ,00169430730,RYBELSUS  ,2023,4,false,1560.000,44,46891.78
MCOU,AZ,00169431430,RYBELSUS  ,2023,4,false,1410.000,41,42217.32
MCOU,AZ,00169430330,RYBELSUS  ,2023,3,false,570.000,16,17229.71
MCOU,AZ,00169430730,RYBELSUS  ,2023,3,false,2370.000,67,71492.00
MCOU,AZ,00169431430,RYBELSUS  ,2023,3,false,1920.000,52,57250.34
MCOU,AZ,00169430330,RYBELSUS  ,2023,2,false,750.000,21,22461.81
MCOU,AZ,00169430730,RYBELSUS  ,2023,2,false,2368.000,72,71461.61
MCOU,AZ,00169431430,RYBELSUS  ,2023,2,false,1740.000,52,52045.51
MCOU,AZ,00169430313,RYBELSUS  ,2023,1,true,,,
MCOU,AZ,00169430330,RYBELSUS  ,2023,1,false,660.000,22,18911.85
MCOU,AZ,00169430730,RYBELSUS  ,2023,1,false,1950.000,61,59021.69
MCOU,AZ,00169431430,RYBELSUS  ,2023,1,false,1980.000,58,57710.43
FFSU,CA,00169430313,RYBELSUS 3,2023,4,false,2019.000,69,61444.54
FFSU,CA,00169430330,RYBELSUS 3,2023,4,false,255924.000,6902,7757740.77
MCOU,CA,00169430330,RYBELSUS 3,2023,4,false,1446.000,49,47086.36
FFSU,CA,00169430713,RYBELSUS 7,2023,4,false,4522.000,137,137486.98
MCOU,CA,00169430730,RYBELSUS 7,2023,4,false,2464.000,82,78616.76
FFSU,CA,00169430730,RYBELSUS 7,2023,4,false,484346.000,10980,14667145.63
FFSU,CA,00169431413,RYBELSUS 1,2023,4,false,2850.000,65,86414.58
MCOU,CA,00169431430,RYBELSUS 1,2023,4,false,1730.000,58,55983.00
FFSU,CA,00169431430,RYBELSUS 1,2023,4,false,335218.000,6899,10149288.09
FFSU,CA,00169430313,RYBELSUS 3,2023,3,false,3480.000,105,105745.28
FFSU,CA,00169430330,RYBELSUS 3,2023,3,false,302829.000,8638,9182841.50
MCOU,CA,00169430330,RYBELSUS 3,2023,3,false,1156.000,39,37701.32
FFSU,CA,00169430713,RYBELSUS 7,2023,3,false,7522.000,225,228590.80
MCOU,CA,00169430730,RYBELSUS 7,2023,3,false,2790.000,90,89705.27
FFSU,CA,00169430730,RYBELSUS 7,2023,3,false,588898.000,13769,17832076.88
FFSU,CA,00169431413,RYBELSUS 1,2023,3,false,3870.000,88,117297.42
MCOU,CA,00169431430,RYBELSUS 1,2023,3,false,1750.000,58,56588.59
FFSU,CA,00169431430,RYBELSUS 1,2023,3,false,362631.000,7473,10976429.60
FFSU,CA,00169430313,RYBELSUS 3,2023,2,false,3585.000,114,108922.99
FFSU,CA,00169430330,RYBELSUS 3,2023,2,false,216765.000,6280,6569324.75
MCOU,CA,00169430330,RYBELSUS 3,2023,2,false,954.000,33,31111.36
FFSU,CA,00169430713,RYBELSUS 7,2023,2,false,6637.000,196,201391.16
MCOU,CA,00169430730,RYBELSUS 7,2023,2,false,2280.000,73,72984.21
FFSU,CA,00169430730,RYBELSUS 7,2023,2,false,401878.000,9520,12153462.33
FFSU,CA,00169431413,RYBELSUS 1,2023,2,false,2500.000,65,75779.74
MCOU,CA,00169431430,RYBELSUS 1,2023,2,false,1367.000,46,44147.37
FFSU,CA,00169431430,RYBELSUS 1,2023,2,false,234061.000,4887,7074903.25
FFSU,CA,00169430313,RYBELSUS 3,2023,1,false,5814.000,179,173509.99
MCOU,CA,00169430330,RYBELSUS 3,2023,1,false,1152.000,39,37007.42
FFSU,CA,00169430330,RYBELSUS 3,2023,1,false,246500.000,7194,7376284.90
FFSU,CA,00169430713,RYBELSUS 7,2023,1,false,7854.000,229,234654.41
MCOU,CA,00169430730,RYBELSUS 7,2023,1,false,2515.000,81,80576.63
FFSU,CA,00169430730,RYBELSUS 7,2023,1,false,437345.000,10581,13053315.32
FFSU,CA,00169431413,RYBELSUS 1,2023,1,false,3960.000,102,118159.27
MCOU,CA,00169431430,RYBELSUS 1,2023,1,false,1288.000,43,41425.84
FFSU,CA,00169431430,RYBELSUS 1,2023,1,false,232128.000,4933,6932816.96
MCOU,CO,00169430330,RYBELSUS  ,2023,4,true,,,
FFSU,CO,00169430330,RYBELSUS  ,2023,4,false,1080.000,36,32748.34
FFSU,CO,00169430730,RYBELSUS  ,2023,4,false,2280.000,42,68741.50
MCOU,CO,00169430730,RYBELSUS  ,2023,4,true,,,
MCOU,CO,00169431430,RYBELSUS  ,2023,4,true,,,
FFSU,CO,00169431430,RYBELSUS  ,2023,4,false,2280.000,40,68531.92
FFSU,CO,00169430313,RYBELSUS  ,2023,3,true,,,
MCOU,CO,00169430330,RYBELSUS  ,2023,3,true,,,
FFSU,CO,00169430330,RYBELSUS  ,2023,3,false,1320.000,44,40035.42
MCOU,CO,00169430713,RYBELSUS  ,2023,3,true,,,
MCOU,CO,00169430730,RYBELSUS  ,2023,3,true,,,
FFSU,CO,00169430730,RYBELSUS  ,2023,3,false,2820.000,62,85207.41
MCOU,CO,00169431430,RYBELSUS  ,2023,3,false,480.000,16,14551.83
FFSU,CO,00169431430,RYBELSUS  ,2023,3,false,1530.000,25,45904.61
FFSU,CO,00169430313,RYBELSUS  ,2023,2,true,,,
MCOU,CO,00169430330,RYBELSUS  ,2023,2,false,720.000,24,21813.62
FFSU,CO,00169430330,RYBELSUS  ,2023,2,false,1410.000,47,42724.05
MCOU,CO,00169430713,RYBELSUS  ,2023,2,true,,,
FFSU,CO,00169430713,RYBELSUS  ,2023,2,true,,,
MCOU,CO,00169430730,RYBELSUS  ,2023,2,false,870.000,29,26320.24
FFSU,CO,00169430730,RYBELSUS  ,2023,2,false,3780.000,71,113987.11
FFSU,CO,00169431430,RYBELSUS  ,2023,2,false,1740.000,34,52474.29
MCOU,CO,00169431430,RYBELSUS  ,2023,2,false,630.000,21,19145.21
FFSU,CO,00169430313,RYBELSUS  ,2023,1,true,,,
MCOU,CO,00169430330,RYBELSUS  ,2023,1,false,540.000,18,16303.03
FFSU,CO,00169430330,RYBELSUS  ,2023,1,false,1350.000,45,40650.47
FFSU,CO,00169430730,RYBELSUS  ,2023,1,false,3390.000,71,101546.88
MCOU,CO,00169430730,RYBELSUS  ,2023,1,true,,,
MCOU,CO,00169431430,RYBELSUS  ,2023,1,false,570.000,19,17288.64
FFSU,CO,00169431430,RYBELSUS  ,2023,1,false,1050.000,27,31257.88
FFSU,CT,00169430313,RYBELSUS 3,2023,4,true,,,
FFSU,CT,00169430330,RYBELSUS 3,2023,4,false,9630.000,320,292364.44
FFSU,CT,00169430713,RYBELSUS 7,2023,4,true,,,
FFSU,CT,00169430730,RYBELSUS 7,2023,4,false,18995.000,352,573998.00
FFSU,CT,00169431430,RYBELSUS 1,2023,4,false,18106.000,343,547410.99
FFSU,CT,00169430313,RYBELSUS 3,2023,3,true,,,
FFSU,CT,00169430330,RYBELSUS 3,2023,3,false,9564.000,324,290384.94
FFSU,CT,00169430713,RYBELSUS 7,2023,3,true,,,
FFSU,CT,00169430730,RYBELSUS 7,2023,3,false,19301.000,386,583488.30
FFSU,CT,00169431430,RYBELSUS 1,2023,3,false,18542.000,337,560412.61
FFSU,CT,00169430313,RYBELSUS 3,2023,2,true,,,
FFSU,CT,00169430330,RYBELSUS 3,2023,2,false,10444.000,358,316855.50
FFSU,CT,00169430713,RYBELSUS 7,2023,2,true,,,
FFSU,CT,00169430730,RYBELSUS 7,2023,2,false,22435.000,455,676879.02
FFSU,CT,00169431430,RYBELSUS 1,2023,2,false,17892.000,327,539843.53
FFSU,CT,00169430313,RYBELSUS 3,2023,1,false,268.000,11,8122.61
FFSU,CT,00169430330,RYBELSUS 3,2023,1,false,10745.000,375,323616.79
FFSU,CT,00169430713,RYBELSUS 7,2023,1,true,,,
FFSU,CT,00169430730,RYBELSUS 7,2023,1,false,21115.000,425,630853.56
FFSU,CT,00169431413,RYBELSUS 1,2023,1,true,,,
FFSU,CT,00169431430,RYBELSUS 1,2023,1,false,14758.000,283,442115.46
FFSU,DC,00169430330,RYBELSUS 3,2023,4,true,,,
MCOU,DC,00169430330,RYBELSUS 3,2023,4,false,930.000,23,29099.56
MCOU,DC,00169430730,RYBELSUS 7,2023,4,false,1590.000,34,45514.47
FFSU,DC,00169430730,RYBELSUS 7,2023,4,true,,,
FFSU,DC,00169431430,RYBELSUS 1,2023,4,true,,,
MCOU,DC,00169431430,RYBELSUS 1,2023,4,false,945.000,30,28351.86
FFSU,DC,00169430330,RYBELSUS 3,2023,3,true,,,
MCOU,DC,00169430330,RYBELSUS 3,2023,3,false,1050.000,24,28520.95
MCOU,DC,00169430713,RYBELSUS 7,2023,3,true,,,
MCOU,DC,00169430730,RYBELSUS 7,2023,3,false,1634.000,31,49723.61
MCOU,DC,00169431430,RYBELSUS 1,2023,3,false,665.000,16,20008.86
FFSU,DC,00169431430,RYBELSUS 1,2023,3,true,,,
MCOU,DC,00169430330,RYBELSUS 3,2023,2,false,1650.000,38,39843.11
MCOU,DC,00169430730,RYBELSUS 7,2023,2,false,1710.000,37,51155.12
FFSU,DC,00169430730,RYBELSUS 7,2023,2,true,,,
FFSU,DC,00169431430,RYBELSUS 1,2023,2,true,,,
MCOU,DC,00169431430,RYBELSUS 1,2023,2,false,1710.000,30,50106.28
MCOU,DC,00169430313,RYBELSUS 3,2023,1,true,,,
MCOU,DC,00169430330,RYBELSUS 3,2023,1,false,780.000,22,20079.77
MCOU,DC,00169430713,RYBELSUS 7,2023,1,true,,,
FFSU,DC,00169430730,RYBELSUS 7,2023,1,true,,,
MCOU,DC,00169430730,RYBELSUS 7,2023,1,false,1620.000,32,47102.88
MCOU,DC,00169431430,RYBELSUS 1,2023,1,false,1230.000,19,32782.76
FFSU,DC,00169431430,RYBELSUS 1,2023,1,true,,,
MCOU,DE,00169430313,RYBELSUS  ,2023,4,true,,,
MCOU,DE,00169430330,RYBELSUS 3,2023,4,false,840.000,28,25366.38
MCOU,DE,00169430730,RYBELSUS 7,2023,4,false,2430.000,79,73625.62
MCOU,DE,00169431430,RYBELSUS 1,2023,4,false,1620.000,50,48959.21
MCOU,DE,00169430313,RYBELSUS 3,2023,3,true,,,
MCOU,DE,00169430330,RYBELSUS 3,2023,3,false,905.000,31,27261.59
MCOU,DE,00169430730,RYBELSUS 7,2023,3,false,2400.000,78,72614.14
MCOU,DE,00169431430,RYBELSUS 1,2023,3,false,1320.000,38,39902.31
MCOU,DE,00169430313,RYBELSUS 3,2023,2,true,,,
MCOU,DE,00169430330,RYBELSUS 3,2023,2,false,665.000,23,20032.82
MCOU,DE,00169430713,RYBELSUS 7,2023,2,true,,,
MCOU,DE,00169430730,RYBELSUS 7,2023,2,false,2310.000,75,69624.88
MCOU,DE,00169431413,RYBELSUS 1,2023,2,true,,,
MCOU,DE,00169431430,RYBELSUS 1,2023,2,false,1230.000,37,37124.12
MCOU,DE,00169430330,RYBELSUS 3,2023,1,false,540.000,18,16206.09
MCOU,DE,00169430713,RYBELSUS 7,2023,1,true,,,
MCOU,DE,00169430730,RYBELSUS 7,2023,1,false,2370.000,69,71201.26
MCOU,DE,00169431430,RYBELSUS 1,2023,1,false,720.000,24,21602.07
MCOU,FL,00169430330,RYBELSUS  ,2023,4,false,1620.000,54,47712.59
FFSU,FL,00169430330,RYBELSUS  ,2023,4,true,,,
MCOU,FL,00169430713,RYBELSUS  ,2023,4,true,,,
MCOU,FL,00169430730,RYBELSUS  ,2023,4,false,7245.000,242,214183.97
FFSU,FL,00169430730,RYBELSUS  ,2023,4,false,630.000,21,19130.37
FFSU,FL,00169431430,RYBELSUS  ,2023,4,true,,,
MCOU,FL,00169431430,RYBELSUS  ,2023,4,false,4530.000,151,133986.83
MCOU,FL,00169430313,RYBELSUS  ,2023,3,true,,,
MCOU,FL,00169430330,RYBELSUS  ,2023,3,false,1590.000,53,46041.20
FFSU,FL,00169430330,RYBELSUS  ,2023,3,true,,,
FFSU,FL,00169430730,RYBELSUS  ,2023,3,false,810.000,27,23704.52
MCOU,FL,00169430730,RYBELSUS  ,2023,3,false,8400.000,277,248192.39
MCOU,FL,00169431430,RYBELSUS  ,2023,3,false,4260.000,142,126022.84
FFSU,FL,00169431430,RYBELSUS  ,2023,3,true,,,
MCOU,FL,00169430313,RYBELSUS  ,2023,2,true,,,
FFSU,FL,00169430330,RYBELSUS  ,2023,2,true,,,
MCOU,FL,00169430330,RYBELSUS  ,2023,2,false,2463.000,83,72837.13
MCOU,FL,00169430730,RYBELSUS  ,2023,2,false,9330.000,313,275038.39
FFSU,FL,00169430730,RYBELSUS  ,2023,2,false,690.000,23,20822.81
FFSU,FL,00169431430,RYBELSUS  ,2023,2,true,,,
MCOU,FL,00169431430,RYBELSUS  ,2023,2,false,4122.000,136,119139.09
MCOU,FL,00169430313,RYBELSUS  ,2023,1,true,,,
FFSU,FL,00169430330,RYBELSUS  ,2023,1,true,,,
MCOU,FL,00169430330,RYBELSUS  ,2023,1,false,2880.000,92,82691.93
MCOU,FL,00169430713,RYBELSUS  ,2023,1,true,,,
FFSU,FL,00169430730,RYBELSUS  ,2023,1,false,480.000,16,13466.54
MCOU,FL,00169430730,RYBELSUS  ,2023,1,false,6623.000,219,192601.69
MCOU,FL,00169431413,RYBELSUS  ,2023,1,true,,,
MCOU,FL,00169431430,RYBELSUS  ,2023,1,false,3660.000,122,108130.61
FFSU,FL,00169431430,RYBELSUS  ,2023,1,true,,,
MCOU,GA,00169430313,RYBELSUS  ,2023,4,true,,,
FFSU,GA,00169430330,RYBELSUS  ,2023,4,false,1590.000,53,48118.52
MCOU,GA,00169430330,RYBELSUS  ,2023,4,false,1800.000,63,56819.73
MCOU,GA,00169430713,RYBELSUS  ,2023,4,true,,,
FFSU,GA,00169430730,RYBELSUS  ,2023,4,false,3060.000,102,92670.72
MCOU,GA,00169430730,RYBELSUS  ,2023,4,false,4410.000,150,135005.28
MCOU,GA,00169431413,RYBELSUS  ,2023,4,true,,,
FFSU,GA,00169431430,RYBELSUS  ,2023,4,false,3270.000,109,98974.84
MCOU,GA,00169431430,RYBELSUS  ,2023,4,false,3120.000,107,97755.30
MCOU,GA,00169430313,RYBELSUS  ,2023,3,true,,,
FFSU,GA,00169430330,RYBELSUS  ,2023,3,false,1890.000,63,57256.92
MCOU,GA,00169430330,RYBELSUS  ,2023,3,false,2610.000,87,78507.16
MCOU,GA,00169430713,RYBELSUS  ,2023,3,true,,,
FFSU,GA,00169430730,RYBELSUS  ,2023,3,false,2940.000,98,89133.28
MCOU,GA,00169430730,RYBELSUS  ,2023,3,false,5525.000,185,165276.34
MCOU,GA,00169431413,RYBELSUS  ,2023,3,true,,,
MCOU,GA,00169431430,RYBELSUS  ,2023,3,false,2970.000,99,91025.31
FFSU,GA,00169431430,RYBELSUS  ,2023,3,false,2670.000,89,81009.38
MCOU,GA,00169430313,RYBELSUS  ,2023,2,false,390.000,13,10868.52
MCOU,GA,00169430330,RYBELSUS  ,2023,2,false,2700.000,90,80131.28
FFSU,GA,00169430330,RYBELSUS  ,2023,2,false,1320.000,44,40044.16
MCOU,GA,00169430713,RYBELSUS  ,2023,2,true,,,
FFSU,GA,00169430730,RYBELSUS  ,2023,2,false,2640.000,88,80075.80
MCOU,GA,00169430730,RYBELSUS  ,2023,2,false,6256.000,209,185593.19
MCOU,GA,00169431413,RYBELSUS  ,2023,2,true,,,
MCOU,GA,00169431430,RYBELSUS  ,2023,2,false,2760.000,92,84629.39
FFSU,GA,00169431430,RYBELSUS  ,2023,2,false,2340.000,78,70300.35
MCOU,GA,00169430313,RYBELSUS  ,2023,1,true,,,
MCOU,GA,00169430330,RYBELSUS  ,2023,1,false,1980.000,66,58389.68
FFSU,GA,00169430330,RYBELSUS  ,2023,1,false,1050.000,35,31767.36
MCOU,GA,00169430713,RYBELSUS  ,2023,1,true,,,
MCOU,GA,00169430730,RYBELSUS  ,2023,1,false,5040.000,167,150733.61
FFSU,GA,00169430730,RYBELSUS  ,2023,1,false,2190.000,73,65948.40
MCOU,GA,00169431430,RYBELSUS  ,2023,1,false,2670.000,91,82332.65
FFSU,GA,00169431430,RYBELSUS  ,2023,1,false,1590.000,53,47204.35
MCOU,HI,00169430313,RYBELSUS 3,2023,4,true,,,
MCOU,HI,00169430330,RYBELSUS 3,2023,4,false,10500.000,259,138601.60
MCOU,HI,00169430713,RYBELSUS 7,2023,4,true,,,
MCOU,HI,00169430730,RYBELSUS 7,2023,4,false,16332.000,336,269854.57
MCOU,HI,00169431430,RYBELSUS 1,2023,4,false,13020.000,269,243367.37
MCOU,HI,00169430330,RYBELSUS 3,2023,3,false,7018.000,197,110210.73
MCOU,HI,00169430713,RYBELSUS 7,2023,3,true,,,
MCOU,HI,00169430730,RYBELSUS 7,2023,3,false,12312.000,241,236614.49
MCOU,HI,00169431430,RYBELSUS 1,2023,3,false,8324.000,186,201374.53
MCOU,HI,00169430313,RYBELSUS 3,2023,2,true,,,
MCOU,HI,00169430330,RYBELSUS 3,2023,2,false,11250.000,279,132348.97
MCOU,HI,00169430713,RYBELSUS 7,2023,2,true,,,
MCOU,HI,00169430730,RYBELSUS 7,2023,2,false,23693.000,386,266606.80
MCOU,HI,00169431430,RYBELSUS 1,2023,2,false,8520.000,209,164732.19
MCOU,HI,00169430330,RYBELSUS 3,2023,1,false,9060.000,224,123006.42
MCOU,HI,00169430713,RYBELSUS 7,2023,1,true,,,
MCOU,HI,00169430730,RYBELSUS 7,2023,1,false,15387.000,285,223084.22
MCOU,HI,00169431413,RYBELSUS 1,2023,1,true,,,
MCOU,HI,00169431430,RYBELSUS 1,2023,1,false,7360.000,171,156713.88
MCOU,IA,00169430330,RYBELSUS 3,2023,4,false,2246.000,75,67719.91
FFSU,IA,00169430330,RYBELSUS 3,2023,4,true,,,
MCOU,IA,00169430730,RYBELSUS 7,2023,4,false,3600.000,118,108561.64
MCOU,IA,00169431430,RYBELSUS 1,2023,4,false,4578.000,152,137713.14
MCOU,IA,00169430330,RYBELSUS 3,2023,3,false,2384.000,80,71919.87
FFSU,IA,00169430330,RYBELSUS 3,2023,3,true,,,
MCOU,IA,00169430730,RYBELSUS 7,2023,3,false,4620.000,152,139398.73
MCOU,IA,00169431430,RYBELSUS 1,2023,3,false,4230.000,141,127331.31
MCOU,IA,00169430330,RYBELSUS 3,2023,2,false,2164.000,68,64969.49
MCOU,IA,00169430713,RYBELSUS 7,2023,2,true,,,
MCOU,IA,00169430730,RYBELSUS 7,2023,2,false,4770.000,134,143395.12
MCOU,IA,00169431430,RYBELSUS 1,2023,2,false,4290.000,123,128997.49
MCOU,IA,00169430330,RYBELSUS 3,2023,1,false,2790.000,73,83558.86
MCOU,IA,00169430713,RYBELSUS 7,2023,1,true,,,
MCOU,IA,00169430730,RYBELSUS 7,2023,1,false,5310.000,126,158824.55
MCOU,IA,00169431430,RYBELSUS 1,2023,1,false,4560.000,114,136096.38
FFSU,ID,00169430330,RYBELSUS  ,2023,4,false,1471.000,49,44788.56
FFSU,ID,00169430730,RYBELSUS  ,2023,4,false,3268.000,109,99610.08
FFSU,ID,00169431430,RYBELSUS  ,2023,4,false,3480.000,116,106046.68
FFSU,ID,00169430330,RYBELSUS  ,2023,3,false,1442.000,48,43895.38
FFSU,ID,00169430730,RYBELSUS  ,2023,3,false,3315.000,111,101024.07
FFSU,ID,00169431430,RYBELSUS  ,2023,3,false,2460.000,82,74972.54
FFSU,ID,00169430330,RYBELSUS  ,2023,2,false,1619.000,54,49262.16
FFSU,ID,00169430730,RYBELSUS  ,2023,2,false,3270.000,109,99538.42
FFSU,ID,00169431430,RYBELSUS  ,2023,2,false,2310.000,77,70354.64
FFSU,ID,00169430330,RYBELSUS  ,2023,1,false,1783.000,60,52060.26
FFSU,ID,00169430713,RYBELSUS  ,2023,1,true,,,
FFSU,ID,00169430730,RYBELSUS  ,2023,1,false,4152.000,139,122171.82
FFSU,ID,00169431430,RYBELSUS  ,2023,1,false,2100.000,70,61588.57
MCOU,IL,00169430313,RYBELSUS 3,2023,4,false,330.000,11,17232.55
MCOU,IL,00169430330,RYBELSUS 3,2023,4,false,33046.000,1068,1061442.17
FFSU,IL,00169430330,RYBELSUS 3,2023,4,false,644.000,22,19217.99
MCOU,IL,00169430713,RYBELSUS 7,2023,4,false,510.000,17,27872.93
FFSU,IL,00169430730,RYBELSUS 7,2023,4,false,1380.000,38,42368.63
MCOU,IL,00169430730,RYBELSUS 7,2023,4,false,71171.000,1943,2343173.69
MCOU,IL,00169431413,RYBELSUS 1,2023,4,true,,,
MCOU,IL,00169431430,RYBELSUS 1,2023,4,false,53251.000,1329,1750403.97
FFSU,IL,00169431430,RYBELSUS 1,2023,4,false,990.000,27,31595.61
MCOU,IL,00169430313,RYBELSUS 3,2023,3,false,337.000,12,11794.68
MCOU,IL,00169430330,RYBELSUS 3,2023,3,false,31748.000,1003,976824.16
FFSU,IL,00169430330,RYBELSUS 3,2023,3,false,540.000,18,15056.01
MCOU,IL,00169430713,RYBELSUS 7,2023,3,false,870.000,27,35967.54
FFSU,IL,00169430730,RYBELSUS 7,2023,3,false,810.000,21,24745.21
MCOU,IL,00169430730,RYBELSUS 7,2023,3,false,72488.000,1987,2332428.46
MCOU,IL,00169431413,RYBELSUS 1,2023,3,true,,,
FFSU,IL,00169431430,RYBELSUS 1,2023,3,false,1170.000,31,35247.03
MCOU,IL,00169431430,RYBELSUS 1,2023,3,false,44548.000,1114,1458709.90
FFSU,IL,00169430313,RYBELSUS 3,2023,2,true,,,
MCOU,IL,00169430313,RYBELSUS 3,2023,2,false,344.000,12,13343.89
MCOU,IL,00169430330,RYBELSUS 3,2023,2,false,28135.000,935,897483.66
FFSU,IL,00169430330,RYBELSUS 3,2023,2,false,510.000,17,14799.33
MCOU,IL,00169430713,RYBELSUS 7,2023,2,false,930.000,28,26664.40
FFSU,IL,00169430730,RYBELSUS 7,2023,2,false,870.000,22,29315.13
MCOU,IL,00169430730,RYBELSUS 7,2023,2,false,60189.000,1636,1952217.30
MCOU,IL,00169431413,RYBELSUS 1,2023,2,true,,,
FFSU,IL,00169431430,RYBELSUS 1,2023,2,false,1320.000,28,38268.20
MCOU,IL,00169431430,RYBELSUS 1,2023,2,false,32139.000,807,1022563.21
MCOU,IL,00169430313,RYBELSUS 3,2023,1,false,390.000,13,16333.87
MCOU,IL,00169430330,RYBELSUS 3,2023,1,false,27474.000,866,918270.13
FFSU,IL,00169430330,RYBELSUS 3,2023,1,true,,,
FFSU,IL,00169430713,RYBELSUS 7,2023,1,true,,,
MCOU,IL,00169430713,RYBELSUS 7,2023,1,false,780.000,24,41355.82
MCOU,IL,00169430730,RYBELSUS 7,2023,1,false,53984.000,1392,1897691.93
FFSU,IL,00169430730,RYBELSUS 7,2023,1,false,870.000,17,24936.99
MCOU,IL,00169431413,RYBELSUS 1,2023,1,false,390.000,13,24936.64
MCOU,IL,00169431430,RYBELSUS 1,2023,1,false,31245.000,711,1063790.04
FFSU,IL,00169431430,RYBELSUS 1,2023,1,false,1350.000,35,51454.87
FFSU,IN,00169430330,RYBELSUS 3,2023,4,true,,,
MCOU,IN,00169430330,RYBELSUS 3,2023,4,false,7555.000,211,221897.27
FFSU,IN,00169430730,RYBELSUS 7,2023,4,false,870.000,17,26299.27
MCOU,IN,00169430730,RYBELSUS 7,2023,4,false,16531.000,400,487686.48
FFSU,IN,00169431430,RYBELSUS 1,2023,4,false,660.000,16,19989.46
MCOU,IN,00169431430,RYBELSUS 1,2023,4,false,17728.000,416,523168.55
MCOU,IN,00169430330,RYBELSUS 3,2023,3,false,9130.000,283,272223.65
FFSU,IN,00169430330,RYBELSUS 3,2023,3,true,,,
MCOU,IN,00169430713,RYBELSUS 7,2023,3,true,,,
FFSU,IN,00169430730,RYBELSUS 7,2023,3,false,690.000,15,20873.95
MCOU,IN,00169430730,RYBELSUS 7,2023,3,false,28480.000,741,839892.17
MCOU,IN,00169431413,RYBELSUS 1,2023,3,true,,,
FFSU,IN,00169431430,RYBELSUS 1,2023,3,false,450.000,11,13630.13
MCOU,IN,00169431430,RYBELSUS 1,2023,3,false,25440.000,640,753068.80
MCOU,IN,00169430330,RYBELSUS 3,2023,2,false,11430.000,381,343159.08
FFSU,IN,00169430330,RYBELSUS 3,2023,2,true,,,
MCOU,IN,00169430730,RYBELSUS 7,2023,2,false,34037.000,939,997087.52
FFSU,IN,00169430730,RYBELSUS 7,2023,2,false,810.000,19,24474.86
MCOU,IN,00169431430,RYBELSUS 1,2023,2,false,24720.000,633,733901.10
FFSU,IN,00169431430,RYBELSUS 1,2023,2,true,,,
MCOU,IN,00169430313,RYBELSUS 3,2023,1,true,,,
FFSU,IN,00169430330,RYBELSUS 3,2023,1,true,,,
MCOU,IN,00169430330,RYBELSUS 3,2023,1,false,12204.000,409,365760.63
MCOU,IN,00169430730,RYBELSUS 7,2023,1,false,32771.000,927,971792.89
FFSU,IN,00169430730,RYBELSUS 7,2023,1,false,510.000,11,15358.02
MCOU,IN,00169431413,RYBELSUS 1,2023,1,true,,,
FFSU,IN,00169431430,RYBELSUS 1,2023,1,true,,,
MCOU,IN,00169431430,RYBELSUS 1,2023,1,false,22094.000,580,656675.86
MCOU,KS,00169430330,RYBELSUS 3,2023,4,true,,,
MCOU,KS,00169430730,RYBELSUS 7,2023,4,true,,,
MCOU,KS,00169431430,RYBELSUS 1,2023,4,false,744.000,25,24430.02
MCOU,KS,00169430330,RYBELSUS 3,2023,3,false,390.000,13,11839.23
MCOU,KS,00169430730,RYBELSUS 7,2023,3,true,,,
MCOU,KS,00169431430,RYBELSUS 1,2023,3,false,564.000,20,17138.10
MCOU,KS,00169430330,RYBELSUS 3,2023,2,true,,,
MCOU,KS,00169430730,RYBELSUS 7,2023,2,false,420.000,16,12739.29
MCOU,KS,00169431430,RYBELSUS 1,2023,2,false,1016.000,32,31126.38
MCOU,KS,00169430330,RYBELSUS 3,2023,1,false,420.000,13,12602.19
MCOU,KS,00169430713,RYBELSUS 7,2023,1,true,,,
MCOU,KS,00169430730,RYBELSUS 7,2023,1,false,570.000,20,17240.41
MCOU,KS,00169431430,RYBELSUS 1,2023,1,false,1031.000,35,31163.91
FFSU,KY,00169430330,RYBELSUS  ,2023,4,false,390.000,13,11841.05
MCOU,KY,00169430330,RYBELSUS  ,2023,4,false,7380.000,238,227598.62
MCOU,KY,00169430730,RYBELSUS  ,2023,4,false,15270.000,377,473412.46
FFSU,KY,00169430730,RYBELSUS  ,2023,4,false,630.000,17,19096.19
FFSU,KY,00169431430,RYBELSUS  ,2023,4,true,,,
MCOU,KY,00169431430,RYBELSUS  ,2023,4,false,11460.000,283,348348.81
MCOU,KY,00169430330,RYBELSUS  ,2023,3,false,360.000,12,10802.52
FFSU,KY,00169430330,RYBELSUS  ,2023,3,false,420.000,14,12751.90
MCOU,KY,00169430730,RYBELSUS  ,2023,3,false,1590.000,39,48545.60
FFSU,KY,00169430730,RYBELSUS  ,2023,3,false,510.000,11,15429.42
MCOU,KY,00169431430,RYBELSUS  ,2023,3,false,17580.000,429,549305.45
FFSU,KY,00169431430,RYBELSUS  ,2023,3,true,,,
MCOU,KY,00169430330,RYBELSUS  ,2023,2,false,660.000,22,23153.61
FFSU,KY,00169430330,RYBELSUS  ,2023,2,true,,,
FFSU,KY,00169430730,RYBELSUS  ,2023,2,false,780.000,18,23568.16
MCOU,KY,00169430730,RYBELSUS  ,2023,2,false,1080.000,28,35338.65
MCOU,KY,00169431430,RYBELSUS  ,2023,2,false,690.000,19,23247.00
FFSU,KY,00169431430,RYBELSUS  ,2023,2,true,,,
MCOU,KY,00169430313,RYBELSUS  ,2023,1,true,,,
MCOU,KY,00169430330,RYBELSUS  ,2023,1,false,11816.000,394,368386.89
FFSU,KY,00169430330,RYBELSUS  ,2023,1,true,,,
MCOU,KY,00169430713,RYBELSUS  ,2023,1,true,,,
MCOU,KY,00169430730,RYBELSUS  ,2023,1,false,990.000,29,30948.00
FFSU,KY,00169430730,RYBELSUS  ,2023,1,false,720.000,18,21476.00
MCOU,KY,00169431413,RYBELSUS  ,2023,1,true,,,
MCOU,KY,00169431430,RYBELSUS  ,2023,1,false,15690.000,377,492972.39
FFSU,KY,00169431430,RYBELSUS  ,2023,1,true,,,
MCOU,LA,00169430313,RYBELSUS  ,2023,4,true,,,
MCOU,LA,00169430330,RYBELSUS  ,2023,4,false,6240.000,198,188055.72
FFSU,LA,00169430330,RYBELSUS  ,2023,4,true,,,
MCOU,LA,00169430713,RYBELSUS  ,2023,4,true,,,
MCOU,LA,00169430730,RYBELSUS  ,2023,4,false,12551.000,402,379101.27
FFSU,LA,00169430730,RYBELSUS  ,2023,4,true,,,
MCOU,LA,00169431413,RYBELSUS  ,2023,4,true,,,
MCOU,LA,00169431430,RYBELSUS  ,2023,4,false,9150.000,291,278815.78
FFSU,LA,00169431430,RYBELSUS  ,2023,4,true,,,
MCOU,LA,00169430313,RYBELSUS  ,2023,3,true,,,
MCOU,LA,00169430330,RYBELSUS  ,2023,3,false,6330.000,205,191190.84
FFSU,LA,00169430330,RYBELSUS  ,2023,3,true,,,
MCOU,LA,00169430713,RYBELSUS  ,2023,3,true,,,
FFSU,LA,00169430730,RYBELSUS  ,2023,3,false,630.000,22,19124.83
MCOU,LA,00169430730,RYBELSUS  ,2023,3,false,14526.000,468,438644.49
MCOU,LA,00169431413,RYBELSUS  ,2023,3,true,,,
FFSU,LA,00169431430,RYBELSUS  ,2023,3,true,,,
MCOU,LA,00169431430,RYBELSUS  ,2023,3,false,10050.000,323,307078.87
MCOU,LA,00169430313,RYBELSUS  ,2023,2,true,,,
FFSU,LA,00169430330,RYBELSUS  ,2023,2,true,,,
MCOU,LA,00169430330,RYBELSUS  ,2023,2,false,8880.000,283,270327.49
MCOU,LA,00169430713,RYBELSUS  ,2023,2,true,,,
MCOU,LA,00169430730,RYBELSUS  ,2023,2,false,16316.000,505,494032.00
FFSU,LA,00169430730,RYBELSUS  ,2023,2,false,604.000,22,18331.47
MCOU,LA,00169431413,RYBELSUS  ,2023,2,true,,,
MCOU,LA,00169431430,RYBELSUS  ,2023,2,false,10590.000,333,322711.77
FFSU,LA,00169431430,RYBELSUS  ,2023,2,false,390.000,13,11832.17
MCOU,LA,00169430313,RYBELSUS  ,2023,1,true,,,
MCOU,LA,00169430330,RYBELSUS  ,2023,1,false,8820.000,277,264140.09
FFSU,LA,00169430330,RYBELSUS  ,2023,1,true,,,
FFSU,LA,00169430713,RYBELSUS  ,2023,1,true,,,
MCOU,LA,00169430713,RYBELSUS  ,2023,1,true,,,
MCOU,LA,00169430730,RYBELSUS  ,2023,1,false,16950.000,519,515274.62
FFSU,LA,00169430730,RYBELSUS  ,2023,1,false,420.000,14,12658.38
MCOU,LA,00169431413,RYBELSUS  ,2023,1,true,,,
MCOU,LA,00169431430,RYBELSUS  ,2023,1,false,10408.000,303,316045.73
FFSU,LA,00169431430,RYBELSUS  ,2023,1,false,450.000,15,13572.93
MCOU,MA,00169430330,RYBELSUS 3,2023,4,false,3690.000,121,112274.87
FFSU,MA,00169430330,RYBELSUS 3,2023,4,false,1050.000,35,31853.72
FFSU,MA,00169430730,RYBELSUS 7,2023,4,false,1740.000,57,52780.67
MCOU,MA,00169430730,RYBELSUS 7,2023,4,false,5758.000,155,171522.54
MCOU,MA,00169431413,RYBELSUS 1,2023,4,true,,,
FFSU,MA,00169431430,RYBELSUS 1,2023,4,false,1260.000,40,37973.43
MCOU,MA,00169431430,RYBELSUS 1,2023,4,false,5083.000,136,152302.45
MCOU,MA,00169430313,RYBELSUS 3,2023,3,true,,,
MCOU,MA,00169430330,RYBELSUS 3,2023,3,false,3568.000,119,108438.99
FFSU,MA,00169430330,RYBELSUS 3,2023,3,false,1114.000,38,32688.20
MCOU,MA,00169430713,RYBELSUS 7,2023,3,true,,,
FFSU,MA,00169430730,RYBELSUS 7,2023,3,false,2186.000,73,66145.76
MCOU,MA,00169430730,RYBELSUS 7,2023,3,false,6003.000,158,181094.32
MCOU,MA,00169431413,RYBELSUS 1,2023,3,true,,,
MCOU,MA,00169431430,RYBELSUS 1,2023,3,false,4588.000,107,136076.84
FFSU,MA,00169431430,RYBELSUS 1,2023,3,false,1290.000,39,38564.20
MCOU,MA,00169430313,RYBELSUS 3,2023,2,true,,,
MCOU,MA,00169430330,RYBELSUS 3,2023,2,false,5441.000,182,164933.95
FFSU,MA,00169430330,RYBELSUS 3,2023,2,false,930.000,31,28192.33
MCOU,MA,00169430713,RYBELSUS 7,2023,2,true,,,
MCOU,MA,00169430730,RYBELSUS 7,2023,2,false,6960.000,188,206145.05
FFSU,MA,00169430730,RYBELSUS 7,2023,2,false,2486.000,80,74202.34
FFSU,MA,00169431413,RYBELSUS 1,2023,2,true,,,
MCOU,MA,00169431430,RYBELSUS 1,2023,2,false,3930.000,93,115292.88
FFSU,MA,00169431430,RYBELSUS 1,2023,2,false,1830.000,53,54218.29
MCOU,MA,00169430330,RYBELSUS 3,2023,1,false,2610.000,73,78310.65
FFSU,MA,00169430330,RYBELSUS 3,2023,1,false,1380.000,46,40853.83
FFSU,MA,00169430713,RYBELSUS 7,2023,1,true,,,
FFSU,MA,00169430730,RYBELSUS 7,2023,1,false,3600.000,114,105378.95
MCOU,MA,00169430730,RYBELSUS 7,2023,1,false,3510.000,102,105863.19
FFSU,MA,00169431413,RYBELSUS 1,2023,1,true,,,
MCOU,MA,00169431430,RYBELSUS 1,2023,1,false,2610.000,67,78951.26
FFSU,MA,00169431430,RYBELSUS 1,2023,1,false,2490.000,79,73836.63
MCOU,MD,00169430313,RYBELSUS 3,2023,4,true,,,
FFSU,MD,00169430330,RYBELSUS 3,2023,4,true,,,
MCOU,MD,00169430330,RYBELSUS 3,2023,4,false,11631.000,375,359890.55
FFSU,MD,00169430713,RYBELSUS 7,2023,4,true,,,
MCOU,MD,00169430713,RYBELSUS 7,2023,4,true,,,
MCOU,MD,00169430730,RYBELSUS 7,2023,4,false,25235.000,768,775578.56
FFSU,MD,00169430730,RYBELSUS 7,2023,4,true,,,
MCOU,MD,00169431413,RYBELSUS 1,2023,4,false,660.000,18,19497.31
FFSU,MD,00169431430,RYBELSUS 1,2023,4,false,390.000,13,11851.58
MCOU,MD,00169431430,RYBELSUS 1,2023,4,false,20146.000,633,622816.81
MCOU,MD,00169430313,RYBELSUS 3,2023,3,true,,,
FFSU,MD,00169430330,RYBELSUS 3,2023,3,true,,,
MCOU,MD,00169430330,RYBELSUS 3,2023,3,false,9360.000,297,283147.88
MCOU,MD,00169430713,RYBELSUS 7,2023,3,true,,,
FFSU,MD,00169430713,RYBELSUS 7,2023,3,true,,,
FFSU,MD,00169430730,RYBELSUS 7,2023,3,false,555.000,17,16846.88
MCOU,MD,00169430730,RYBELSUS 7,2023,3,false,22786.000,699,684099.82
MCOU,MD,00169431413,RYBELSUS 1,2023,3,false,390.000,13,11349.92
FFSU,MD,00169431430,RYBELSUS 1,2023,3,true,,,
MCOU,MD,00169431430,RYBELSUS 1,2023,3,false,16325.000,503,491856.30
MCOU,MD,00169430313,RYBELSUS 3,2023,2,false,504.000,16,14385.98
FFSU,MD,00169430313,RYBELSUS 3,2023,2,true,,,
MCOU,MD,00169430330,RYBELSUS 3,2023,2,false,11160.000,359,338918.73
FFSU,MD,00169430330,RYBELSUS 3,2023,2,false,330.000,11,10013.88
MCOU,MD,00169430713,RYBELSUS 7,2023,2,false,600.000,17,17161.38
FFSU,MD,00169430713,RYBELSUS 7,2023,2,true,,,
FFSU,MD,00169430730,RYBELSUS 7,2023,2,false,502.000,17,15230.59
MCOU,MD,00169430730,RYBELSUS 7,2023,2,false,24722.000,767,748335.69
MCOU,MD,00169431413,RYBELSUS 1,2023,2,false,480.000,14,13713.82
FFSU,MD,00169431430,RYBELSUS 1,2023,2,true,,,
MCOU,MD,00169431430,RYBELSUS 1,2023,2,false,14587.000,450,447543.03
MCOU,MD,00169430313,RYBELSUS 3,2023,1,false,665.000,21,19080.95
FFSU,MD,00169430330,RYBELSUS 3,2023,1,true,,,
MCOU,MD,00169430330,RYBELSUS 3,2023,1,false,10668.000,353,318004.70
MCOU,MD,00169430713,RYBELSUS 7,2023,1,false,750.000,21,21478.56
FFSU,MD,00169430713,RYBELSUS 7,2023,1,true,,,
MCOU,MD,00169430730,RYBELSUS 7,2023,1,false,22263.000,685,672690.72
FFSU,MD,00169430730,RYBELSUS 7,2023,1,true,,,
MCOU,MD,00169431413,RYBELSUS 1,2023,1,true,,,
MCOU,MD,00169431430,RYBELSUS 1,2023,1,false,12540.000,388,383276.13
FFSU,MD,00169431430,RYBELSUS 1,2023,1,true,,,
FFSU,ME,00169430330,RYBELSUS  ,2023,4,false,1440.000,48,43407.99
FFSU,ME,00169430730,RYBELSUS  ,2023,4,false,1950.000,59,58407.86
FFSU,ME,00169431430,RYBELSUS  ,2023,4,false,1050.000,35,31950.80
FFSU,ME,00169430330,RYBELSUS  ,2023,3,false,1080.000,36,32497.68
FFSU,ME,00169430730,RYBELSUS  ,2023,3,false,1770.000,57,53514.16
FFSU,ME,00169431430,RYBELSUS  ,2023,3,false,1650.000,51,49619.41
FFSU,ME,00169430330,RYBELSUS  ,2023,2,false,990.000,34,29749.28
FFSU,ME,00169430730,RYBELSUS  ,2023,2,false,1680.000,54,50713.62
FFSU,ME,00169431430,RYBELSUS  ,2023,2,false,1290.000,41,38803.94
FFSU,ME,00169430313,RYBELSUS  ,2023,1,true,,,
FFSU,ME,00169430330,RYBELSUS  ,2023,1,false,984.000,31,29158.45
FFSU,ME,00169430730,RYBELSUS  ,2023,1,false,1724.000,56,51456.90
FFSU,ME,00169431413,RYBELSUS  ,2023,1,true,,,
FFSU,ME,00169431430,RYBELSUS  ,2023,1,false,960.000,28,28214.10
MCOU,MI,00169430313,RYBELSUS  ,2023,4,true,,,
MCOU,MI,00169430330,RYBELSUS  ,2023,4,false,4560.000,136,136882.50
FFSU,MI,00169430330,RYBELSUS  ,2023,4,false,1124.000,30,34147.24
MCOU,MI,00169430730,RYBELSUS  ,2023,4,false,7920.000,209,237617.64
FFSU,MI,00169430730,RYBELSUS  ,2023,4,false,1620.000,45,46059.12
MCOU,MI,00169431413,RYBELSUS  ,2023,4,true,,,
FFSU,MI,00169431430,RYBELSUS  ,2023,4,false,1230.000,27,34342.70
MCOU,MI,00169431430,RYBELSUS  ,2023,4,false,8068.000,188,240430.48
MCOU,MI,00169430313,RYBELSUS  ,2023,3,true,,,
MCOU,MI,00169430330,RYBELSUS  ,2023,3,false,4230.000,115,126515.42
FFSU,MI,00169430330,RYBELSUS  ,2023,3,false,1110.000,30,30831.83
FFSU,MI,00169430730,RYBELSUS  ,2023,3,false,1650.000,41,46903.70
MCOU,MI,00169430730,RYBELSUS  ,2023,3,false,6882.000,188,207071.03
FFSU,MI,00169431430,RYBELSUS  ,2023,3,false,1800.000,44,50601.31
MCOU,MI,00169431430,RYBELSUS  ,2023,3,false,8632.000,212,257513.47
MCOU,MI,00169430313,RYBELSUS  ,2023,2,true,,,
FFSU,MI,00169430330,RYBELSUS  ,2023,2,false,1440.000,38,39169.80
MCOU,MI,00169430330,RYBELSUS  ,2023,2,false,4090.000,120,122846.22
MCOU,MI,00169430713,RYBELSUS  ,2023,2,true,,,
MCOU,MI,00169430730,RYBELSUS  ,2023,2,false,9042.000,227,270735.75
FFSU,MI,00169430730,RYBELSUS  ,2023,2,false,1620.000,34,46421.70
MCOU,MI,00169431430,RYBELSUS  ,2023,2,false,7413.000,178,221267.90
FFSU,MI,00169431430,RYBELSUS  ,2023,2,false,1650.000,37,44498.37
MCOU,MI,00169430313,RYBELSUS  ,2023,1,true,,,
MCOU,MI,00169430330,RYBELSUS  ,2023,1,false,5400.000,149,161299.62
FFSU,MI,00169430330,RYBELSUS  ,2023,1,false,1080.000,31,29769.39
MCOU,MI,00169430713,RYBELSUS  ,2023,1,true,,,
FFSU,MI,00169430730,RYBELSUS  ,2023,1,false,1530.000,37,43654.68
MCOU,MI,00169430730,RYBELSUS  ,2023,1,false,8550.000,214,253482.85
MCOU,MI,00169431413,RYBELSUS  ,2023,1,true,,,
FFSU,MI,00169431430,RYBELSUS  ,2023,1,false,1293.000,36,36638.83
MCOU,MI,00169431430,RYBELSUS  ,2023,1,false,6720.000,160,200108.58
FFSU,MN,00169430313,RYBELSUS  ,2023,4,true,,,
MCOU,MN,00169430313,RYBELSUS  ,2023,4,true,,,
FFSU,MN,00169430330,RYBELSUS  ,2023,4,true,,,
MCOU,MN,00169430330,RYBELSUS  ,2023,4,false,1770.000,57,54247.87
MCOU,MN,00169430713,RYBELSUS  ,2023,4,true,,,
MCOU,MN,00169430730,RYBELSUS  ,2023,4,false,3088.000,95,95062.02
FFSU,MN,00169430730,RYBELSUS  ,2023,4,false,450.000,15,13915.65
MCOU,MN,00169431413,RYBELSUS  ,2023,4,true,,,
MCOU,MN,00169431430,RYBELSUS  ,2023,4,false,3510.000,67,104104.27
FFSU,MN,00169431430,RYBELSUS  ,2023,4,true,,,
MCOU,MN,00169430313,RYBELSUS  ,2023,3,true,,,
FFSU,MN,00169430313,RYBELSUS  ,2023,3,true,,,
FFSU,MN,00169430330,RYBELSUS  ,2023,3,true,,,
MCOU,MN,00169430330,RYBELSUS  ,2023,3,false,1920.000,62,60019.26
MCOU,MN,00169430713,RYBELSUS  ,2023,3,true,,,
FFSU,MN,00169430730,RYBELSUS  ,2023,3,false,480.000,16,14838.38
MCOU,MN,00169430730,RYBELSUS  ,2023,3,false,6270.000,197,194145.65
MCOU,MN,00169431413,RYBELSUS  ,2023,3,true,,,
MCOU,MN,00169431430,RYBELSUS  ,2023,3,false,3180.000,52,94479.44
FFSU,MN,00169431430,RYBELSUS  ,2023,3,false,480.000,16,14846.06
MCOU,MN,00169430313,RYBELSUS  ,2023,2,true,,,
FFSU,MN,00169430330,RYBELSUS  ,2023,2,true,,,
MCOU,MN,00169430330,RYBELSUS  ,2023,2,false,2578.000,84,80608.53
MCOU,MN,00169430713,RYBELSUS  ,2023,2,false,510.000,17,14426.68
MCOU,MN,00169430730,RYBELSUS  ,2023,2,false,5278.000,164,161789.95
FFSU,MN,00169430730,RYBELSUS  ,2023,2,true,,,
MCOU,MN,00169431413,RYBELSUS  ,2023,2,true,,,
MCOU,MN,00169431430,RYBELSUS  ,2023,2,false,3364.000,61,101035.25
FFSU,MN,00169431430,RYBELSUS  ,2023,2,false,390.000,13,12042.68
MCOU,MN,00169430313,RYBELSUS  ,2023,1,true,,,
FFSU,MN,00169430330,RYBELSUS  ,2023,1,true,,,
MCOU,MN,00169430330,RYBELSUS  ,2023,1,false,2204.000,74,69216.22
MCOU,MN,00169430713,RYBELSUS  ,2023,1,false,480.000,16,13644.87
FFSU,MN,00169430730,RYBELSUS  ,2023,1,false,420.000,14,12879.22
MCOU,MN,00169430730,RYBELSUS  ,2023,1,false,5410.000,167,168280.24
MCOU,MN,00169431413,RYBELSUS  ,2023,1,true,,,
FFSU,MN,00169431430,RYBELSUS  ,2023,1,false,390.000,13,11914.37
MCOU,MN,00169431430,RYBELSUS  ,2023,1,false,2304.000,25,69272.18
FFSU,MO,00169430330,RYBELSUS  ,2023,4,true,,,
FFSU,MO,00169430730,RYBELSUS  ,2023,4,false,870.000,29,20508.34
FFSU,MO,00169431430,RYBELSUS  ,2023,4,false,960.000,32,23971.82
FFSU,MO,00169430330,RYBELSUS  ,2023,3,false,360.000,12,6677.15
FFSU,MO,00169430730,RYBELSUS  ,2023,3,false,1290.000,43,32449.24
FFSU,MO,00169431413,RYBELSUS  ,2023,3,true,,,
FFSU,MO,00169431430,RYBELSUS  ,2023,3,false,810.000,27,14219.52
FFSU,MO,00169430330,RYBELSUS  ,2023,2,false,330.000,11,6897.10
FFSU,MO,00169430730,RYBELSUS  ,2023,2,false,1140.000,38,25954.42
FFSU,MO,00169431430,RYBELSUS  ,2023,2,false,720.000,24,15130.24
FFSU,MO,00169430330,RYBELSUS  ,2023,1,false,510.000,17,13065.21
FFSU,MO,00169430713,RYBELSUS  ,2023,1,true,,,
FFSU,MO,00169430730,RYBELSUS  ,2023,1,false,780.000,26,16023.76
FFSU,MO,00169431413,RYBELSUS  ,2023,1,true,,,
FFSU,MO,00169431430,RYBELSUS  ,2023,1,false,810.000,27,22502.13
MCOU,MS,00169430330,RYBELSUS 3,2023,4,true,,,
MCOU,MS,00169430730,RYBELSUS 7,2023,4,false,870.000,28,29139.45
FFSU,MS,00169430730,RYBELSUS 7,2023,4,true,,,
MCOU,MS,00169431430,RYBELSUS 1,2023,4,false,570.000,15,17288.16
MCOU,MS,00169430313,RYBELSUS 3,2023,3,true,,,
MCOU,MS,00169430330,RYBELSUS 3,2023,3,true,,,
FFSU,MS,00169430330,RYBELSUS 3,2023,3,true,,,
MCOU,MS,00169430713,RYBELSUS 7,2023,3,true,,,
MCOU,MS,00169430730,RYBELSUS 7,2023,3,false,810.000,24,23751.28
FFSU,MS,00169430730,RYBELSUS 7,2023,3,true,,,
MCOU,MS,00169431430,RYBELSUS 1,2023,3,false,540.000,16,16398.46
MCOU,MS,00169430313,RYBELSUS 3,2023,2,true,,,
MCOU,MS,00169430330,RYBELSUS 3,2023,2,true,,,
MCOU,MS,00169430713,RYBELSUS 7,2023,2,true,,,
FFSU,MS,00169430713,RYBELSUS 7,2023,2,true,,,
FFSU,MS,00169430730,RYBELSUS 7,2023,2,true,,,
MCOU,MS,00169430730,RYBELSUS 7,2023,2,false,690.000,21,20976.66
MCOU,MS,00169431430,RYBELSUS 1,2023,2,false,720.000,20,21825.60
MCOU,MS,00169430313,RYBELSUS  ,2023,1,true,,,
MCOU,MS,00169430330,RYBELSUS  ,2023,1,true,,,
MCOU,MS,00169430713,RYBELSUS  ,2023,1,true,,,
FFSU,MS,00169430713,RYBELSUS 7,2023,1,true,,,
FFSU,MS,00169430730,RYBELSUS 7,2023,1,true,,,
MCOU,MS,00169430730,RYBELSUS  ,2023,1,false,480.000,16,14704.26
MCOU,MS,00169431430,RYBELSUS  ,2023,1,false,840.000,26,25437.74
FFSU,MS,00169431430,RYBELSUS 1,2023,1,true,,,
FFSU,MT,00169430330,RYBELSUS 3,2023,4,false,390.000,13,11890.80
FFSU,MT,00169430730,RYBELSUS 7,2023,4,false,600.000,20,18261.35
FFSU,MT,00169431430,RYBELSUS 1,2023,4,false,870.000,29,26407.67
FFSU,MT,00169430330,RYBELSUS 3,2023,3,true,,,
FFSU,MT,00169430730,RYBELSUS 7,2023,3,true,,,
FFSU,MT,00169431430,RYBELSUS 1,2023,3,false,960.000,32,29126.13
FFSU,MT,00169430330,RYBELSUS 3,2023,2,true,,,
FFSU,MT,00169430730,RYBELSUS 7,2023,2,false,628.000,17,19096.06
FFSU,MT,00169431430,RYBELSUS 1,2023,2,false,1320.000,34,39940.53
FFSU,MT,00169430330,RYBELSUS 3,2023,1,true,,,
FFSU,MT,00169430730,RYBELSUS 7,2023,1,false,570.000,13,17019.33
FFSU,MT,00169431430,RYBELSUS 1,2023,1,false,1350.000,33,40421.26
FFSU,XX,00169430313,RYBELSUS 3,2023,4,false,2139.000,73,65102.22
MCOU,XX,00169430313,RYBELSUS 3,2023,4,false,1170.000,37,39036.76
FFSU,XX,00169430330,RYBELSUS 3,2023,4,false,355082.000,9757,10751903.35
MCOU,XX,00169430330,RYBELSUS 3,2023,4,false,143397.000,4438,4238915.78
FFSU,XX,00169430713,RYBELSUS 7,2023,4,false,4732.000,144,143873.23
MCOU,XX,00169430713,RYBELSUS 7,2023,4,false,1565.000,49,58819.95
FFSU,XX,00169430730,RYBELSUS 7,2023,4,false,697701.000,16331,21117969.81
MCOU,XX,00169430730,RYBELSUS 7,2023,4,false,309003.000,8699,9425794.27
FFSU,XX,00169431413,RYBELSUS 1,2023,4,false,3030.000,71,91867.18
MCOU,XX,00169431413,RYBELSUS 1,2023,4,false,2341.000,67,71167.63
FFSU,XX,00169431430,RYBELSUS 1,2023,4,false,516024.000,11258,15614206.93
MCOU,XX,00169431430,RYBELSUS 1,2023,4,false,259602.000,7080,7913135.58
FFSU,XX,00169430313,RYBELSUS 3,2023,3,false,3764.000,113,114359.57
MCOU,XX,00169430313,RYBELSUS 3,2023,3,false,1766.000,59,53825.75
FFSU,XX,00169430330,RYBELSUS 3,2023,3,false,408442.000,11718,12362777.09
MCOU,XX,00169430330,RYBELSUS 3,2023,3,false,135160.000,4202,4027916.35
FFSU,XX,00169430713,RYBELSUS 7,2023,3,false,7972.000,238,242231.35
MCOU,XX,00169430713,RYBELSUS 7,2023,3,false,2290.000,75,80524.86
FFSU,XX,00169430730,RYBELSUS 7,2023,3,false,809465.000,19515,24491655.74
MCOU,XX,00169430730,RYBELSUS 7,2023,3,false,317689.000,9089,9708413.57
FFSU,XX,00169431413,RYBELSUS 1,2023,3,false,4110.000,96,123720.78
MCOU,XX,00169431413,RYBELSUS 1,2023,3,false,2190.000,63,72397.78
FFSU,XX,00169431430,RYBELSUS 1,2023,3,false,547689.000,12033,16559010.50
MCOU,XX,00169431430,RYBELSUS 1,2023,3,false,256602.000,7033,7957521.60
FFSU,XX,00169430313,RYBELSUS 3,2023,2,false,4186.000,136,127061.40
MCOU,XX,00169430313,RYBELSUS 3,2023,2,false,2468.000,80,74915.40
FFSU,XX,00169430330,RYBELSUS 3,2023,2,false,346841.000,10117,10489460.42
MCOU,XX,00169430330,RYBELSUS 3,2023,2,false,157842.000,4930,4609410.85
FFSU,XX,00169430713,RYBELSUS 7,2023,2,false,7324.000,219,222217.79
MCOU,XX,00169430713,RYBELSUS 7,2023,2,false,4107.000,128,114156.19
FFSU,XX,00169430730,RYBELSUS 7,2023,2,false,647385.000,16034,19550796.47
MCOU,XX,00169430730,RYBELSUS 7,2023,2,false,343414.000,9563,9928710.26
FFSU,XX,00169431413,RYBELSUS 1,2023,2,false,2798.000,76,84768.29
MCOU,XX,00169431413,RYBELSUS 1,2023,2,false,2100.000,60,70547.89
FFSU,XX,00169431430,RYBELSUS 1,2023,2,false,412566.000,9524,12448322.20
MCOU,XX,00169431430,RYBELSUS 1,2023,2,false,223983.000,6108,6635830.64
FFSU,XX,00169430313,RYBELSUS 3,2023,1,false,7141.000,225,218393.85
MCOU,XX,00169430313,RYBELSUS 3,2023,1,false,10068.000,323,313002.69
FFSU,XX,00169430330,RYBELSUS 3,2023,1,false,288053.000,8533,8606557.70
MCOU,XX,00169430330,RYBELSUS 3,2023,1,false,257756.000,8104,7600284.27
FFSU,XX,00169430713,RYBELSUS 7,2023,1,false,9203.000,273,279304.64
MCOU,XX,00169430713,RYBELSUS 7,2023,1,false,13901.000,427,410050.62
FFSU,XX,00169430730,RYBELSUS 7,2023,1,false,528085.000,13009,15723892.30
MCOU,XX,00169430730,RYBELSUS 7,2023,1,false,486853.000,14270,14591410.06
FFSU,XX,00169431413,RYBELSUS 1,2023,1,false,4435.000,116,131510.75
MCOU,XX,00169431413,RYBELSUS 1,2023,1,false,8014.000,249,240681.24
FFSU,XX,00169431430,RYBELSUS 1,2023,1,false,296290.000,6620,8844407.99
MCOU,XX,00169431430,RYBELSUS 1,2023,1,false,332761.000,9443,10026568.61
MCOU,NC,00169430313,RYBELSUS  ,2023,4,true,,,
FFSU,NC,00169430330,RYBELSUS  ,2023,4,false,1648.000,43,49782.86
MCOU,NC,00169430330,RYBELSUS  ,2023,4,false,4830.000,132,145904.26
MCOU,NC,00169430713,RYBELSUS  ,2023,4,true,,,
FFSU,NC,00169430730,RYBELSUS  ,2023,4,false,2878.000,82,86968.63
MCOU,NC,00169430730,RYBELSUS  ,2023,4,false,11400.000,267,344159.41
MCOU,NC,00169431413,RYBELSUS  ,2023,4,false,330.000,11,9992.53
FFSU,NC,00169431413,RYBELSUS  ,2023,4,true,,,
FFSU,NC,00169431430,RYBELSUS  ,2023,4,false,2804.000,57,84588.21
MCOU,NC,00169431430,RYBELSUS  ,2023,4,false,11880.000,247,358602.84
MCOU,NC,00169430313,RYBELSUS  ,2023,3,true,,,
MCOU,NC,00169430330,RYBELSUS  ,2023,3,false,5218.000,145,157628.11
FFSU,NC,00169430330,RYBELSUS  ,2023,3,false,1442.000,47,43627.97
MCOU,NC,00169430713,RYBELSUS  ,2023,3,true,,,
MCOU,NC,00169430730,RYBELSUS  ,2023,3,false,11424.000,263,345051.61
FFSU,NC,00169430730,RYBELSUS  ,2023,3,false,3714.000,104,112173.06
MCOU,NC,00169431413,RYBELSUS  ,2023,3,true,,,
FFSU,NC,00169431413,RYBELSUS  ,2023,3,true,,,
FFSU,NC,00169431430,RYBELSUS  ,2023,3,false,2852.000,63,86064.46
MCOU,NC,00169431430,RYBELSUS  ,2023,3,false,11520.000,236,347716.10
MCOU,NC,00169430313,RYBELSUS  ,2023,2,true,,,
FFSU,NC,00169430313,RYBELSUS  ,2023,2,true,,,
MCOU,NC,00169430330,RYBELSUS  ,2023,2,false,5700.000,160,171212.88
FFSU,NC,00169430330,RYBELSUS  ,2023,2,false,1590.000,51,47754.82
MCOU,NC,00169430713,RYBELSUS  ,2023,2,true,,,
FFSU,NC,00169430713,RYBELSUS  ,2023,2,true,,,
MCOU,NC,00169430730,RYBELSUS  ,2023,2,false,12360.000,279,367933.66
FFSU,NC,00169430730,RYBELSUS  ,2023,2,false,3212.000,80,96368.67
FFSU,NC,00169431413,RYBELSUS  ,2023,2,true,,,
MCOU,NC,00169431413,RYBELSUS  ,2023,2,true,,,
FFSU,NC,00169431430,RYBELSUS  ,2023,2,false,2995.000,83,89813.98
MCOU,NC,00169431430,RYBELSUS  ,2023,2,false,11966.000,231,356512.31
FFSU,NC,00169430313,RYBELSUS  ,2023,1,true,,,
MCOU,NC,00169430313,RYBELSUS  ,2023,1,true,,,
FFSU,NC,00169430330,RYBELSUS  ,2023,1,false,1400.000,43,41975.82
MCOU,NC,00169430330,RYBELSUS  ,2023,1,false,6000.000,172,177933.83
MCOU,NC,00169430713,RYBELSUS  ,2023,1,true,,,
MCOU,NC,00169430730,RYBELSUS  ,2023,1,false,11820.000,272,351991.47
FFSU,NC,00169430730,RYBELSUS  ,2023,1,false,2793.000,71,83093.55
MCOU,NC,00169431413,RYBELSUS  ,2023,1,false,390.000,11,11638.82
FFSU,NC,00169431413,RYBELSUS  ,2023,1,true,,,
MCOU,NC,00169431430,RYBELSUS  ,2023,1,false,11186.000,231,329235.01
FFSU,NC,00169431430,RYBELSUS  ,2023,1,false,2730.000,71,81314.26
FFSU,ND,00169430730,RYBELSUS 7,2023,4,true,,,
MCOU,NE,00169430330,RYBELSUS 3,2023,4,false,660.000,19,19293.54
MCOU,NE,00169430730,RYBELSUS 7,2023,4,false,718.000,20,19352.48
MCOU,NE,00169431430,RYBELSUS 1,2023,4,false,1890.000,55,57961.12
MCOU,NE,00169430330,RYBELSUS 3,2023,3,false,720.000,24,20372.70
MCOU,NE,00169430730,RYBELSUS 7,2023,3,false,1200.000,35,36957.70
MCOU,NE,00169431430,RYBELSUS 1,2023,3,false,2130.000,59,61367.09
MCOU,NE,00169430330,RYBELSUS 3,2023,2,false,900.000,30,25851.32
MCOU,NE,00169430730,RYBELSUS 7,2023,2,false,1590.000,45,48412.96
MCOU,NE,00169431430,RYBELSUS 1,2023,2,false,2038.000,56,56998.14
MCOU,NE,00169430330,RYBELSUS 3,2023,1,false,1080.000,36,29263.70
MCOU,NE,00169430730,RYBELSUS 7,2023,1,false,1648.000,51,47853.89
MCOU,NE,00169431430,RYBELSUS 1,2023,1,false,1944.000,57,54509.09
MCOU,NH,00169430330,RYBELSUS  ,2023,4,false,600.000,18,14025.55
MCOU,NH,00169430730,RYBELSUS  ,2023,4,false,840.000,28,23966.55
MCOU,NH,00169431430,RYBELSUS  ,2023,4,false,450.000,15,13052.13
MCOU,NH,00169430330,RYBELSUS  ,2023,3,false,1020.000,34,30119.57
MCOU,NH,00169430730,RYBELSUS  ,2023,3,false,1020.000,32,26163.34
MCOU,NH,00169431430,RYBELSUS  ,2023,3,false,630.000,19,18351.01
MCOU,NH,00169430313,RYBELSUS  ,2023,2,true,,,
MCOU,NH,00169430330,RYBELSUS  ,2023,2,false,1140.000,34,27489.72
MCOU,NH,00169430713,RYBELSUS  ,2023,2,true,,,
MCOU,NH,00169430730,RYBELSUS  ,2023,2,false,1020.000,30,23898.78
MCOU,NH,00169431430,RYBELSUS  ,2023,2,false,600.000,16,12591.47
MCOU,NH,00169430330,RYBELSUS  ,2023,1,false,1440.000,44,34428.70
MCOU,NH,00169430730,RYBELSUS  ,2023,1,false,720.000,22,13476.37
MCOU,NH,00169431430,RYBELSUS  ,2023,1,false,510.000,15,13581.73
MCOU,NJ,00169430330,RYBELSUS 3,2023,4,false,3123.000,97,97131.98
FFSU,NJ,00169430330,RYBELSUS 3,2023,4,true,,,
MCOU,NJ,00169430730,RYBELSUS 7,2023,4,false,12753.000,376,399884.82
MCOU,NJ,00169431413,RYBELSUS 1,2023,4,true,,,
FFSU,NJ,00169431430,RYBELSUS 1,2023,4,true,,,
MCOU,NJ,00169431430,RYBELSUS 1,2023,4,false,8550.000,236,274571.48
MCOU,NJ,00169430313,RYBELSUS 3,2023,3,true,,,
FFSU,NJ,00169430330,RYBELSUS 3,2023,3,true,,,
MCOU,NJ,00169430330,RYBELSUS 3,2023,3,false,3840.000,118,118645.45
MCOU,NJ,00169430713,RYBELSUS 7,2023,3,true,,,
MCOU,NJ,00169430730,RYBELSUS 7,2023,3,false,15453.000,459,489610.95
MCOU,NJ,00169431413,RYBELSUS 1,2023,3,false,450.000,11,14305.86
MCOU,NJ,00169431430,RYBELSUS 1,2023,3,false,9180.000,257,291983.02
MCOU,NJ,00169430313,RYBELSUS 3,2023,2,true,,,
MCOU,NJ,00169430330,RYBELSUS 3,2023,2,false,3600.000,114,117436.66
MCOU,NJ,00169430713,RYBELSUS 7,2023,2,true,,,
FFSU,NJ,00169430730,RYBELSUS 7,2023,2,true,,,
MCOU,NJ,00169430730,RYBELSUS 7,2023,2,false,14643.000,427,466249.27
MCOU,NJ,00169431413,RYBELSUS 1,2023,2,true,,,
MCOU,NJ,00169431430,RYBELSUS 1,2023,2,false,9420.000,258,294208.64
MCOU,NJ,00169430313,RYBELSUS 3,2023,1,true,,,
MCOU,NJ,00169430330,RYBELSUS 3,2023,1,false,3210.000,100,103456.74
MCOU,NJ,00169430713,RYBELSUS 7,2023,1,false,300.000,11,12183.89
MCOU,NJ,00169430730,RYBELSUS 7,2023,1,false,13560.000,396,433953.90
MCOU,NJ,00169431413,RYBELSUS 1,2023,1,true,,,
FFSU,NJ,00169431430,RYBELSUS 1,2023,1,true,,,
MCOU,NJ,00169431430,RYBELSUS 1,2023,1,false,8226.000,223,260830.08
MCOU,NM,00169430330,RYBELSUS 3,2023,4,true,,,
FFSU,NM,00169430330,RYBELSUS 3,2023,4,true,,,
FFSU,NM,00169430730,RYBELSUS 7,2023,4,true,,,
MCOU,NM,00169430730,RYBELSUS 7,2023,4,false,1184.000,35,26485.14
MCOU,NM,00169431430,RYBELSUS 1,2023,4,false,1020.000,22,27806.07
FFSU,NM,00169431430,RYBELSUS 1,2023,4,true,,,
FFSU,NM,00169430330,RYBELSUS 3,2023,3,true,,,
MCOU,NM,00169430330,RYBELSUS 3,2023,3,true,,,
MCOU,NM,00169430730,RYBELSUS 7,2023,3,false,1090.000,31,28969.21
FFSU,NM,00169430730,RYBELSUS 7,2023,3,false,294.000,11,7621.63
FFSU,NM,00169431430,RYBELSUS 1,2023,3,true,,,
MCOU,NM,00169431430,RYBELSUS 1,2023,3,false,1320.000,30,38734.90
FFSU,NM,00169430330,RYBELSUS 3,2023,2,true,,,
MCOU,NM,00169430330,RYBELSUS 3,2023,2,false,480.000,16,13303.16
FFSU,NM,00169430730,RYBELSUS 7,2023,2,false,870.000,27,18681.23
MCOU,NM,00169430730,RYBELSUS 7,2023,2,false,1710.000,54,48811.18
FFSU,NM,00169431430,RYBELSUS 1,2023,2,false,720.000,20,17956.12
MCOU,NM,00169431430,RYBELSUS 1,2023,2,false,1920.000,56,56270.64
MCOU,NM,00169430330,RYBELSUS 3,2023,1,false,810.000,27,23198.93
FFSU,NM,00169430330,RYBELSUS 3,2023,1,false,600.000,20,13819.13
MCOU,NM,00169430730,RYBELSUS 7,2023,1,false,3270.000,105,95169.63
FFSU,NM,00169430730,RYBELSUS 7,2023,1,false,2760.000,90,61410.41
MCOU,NM,00169431430,RYBELSUS 1,2023,1,false,3150.000,91,89290.41
FFSU,NM,00169431430,RYBELSUS 1,2023,1,false,1560.000,48,36226.11
FFSU,NV,00169430330,RYBELSUS  ,2023,4,false,1230.000,25,37152.69
MCOU,NV,00169430330,RYBELSUS  ,2023,4,true,,,
FFSU,NV,00169430730,RYBELSUS  ,2023,4,false,4030.000,59,120788.70
MCOU,NV,00169430730,RYBELSUS  ,2023,4,false,750.000,23,17745.43
MCOU,NV,00169431430,RYBELSUS  ,2023,4,false,2703.000,86,76664.20
FFSU,NV,00169431430,RYBELSUS  ,2023,4,false,3330.000,39,100016.54
FFSU,NV,00169430313,RYBELSUS  ,2023,3,true,,,
MCOU,NV,00169430330,RYBELSUS  ,2023,3,true,,,
FFSU,NV,00169430330,RYBELSUS  ,2023,3,false,1590.000,29,47723.47
MCOU,NV,00169430713,RYBELSUS  ,2023,3,true,,,
FFSU,NV,00169430730,RYBELSUS  ,2023,3,false,2800.000,37,81975.19
MCOU,NV,00169430730,RYBELSUS  ,2023,3,false,570.000,15,8945.89
FFSU,NV,00169431430,RYBELSUS  ,2023,3,false,3360.000,40,100582.73
MCOU,NV,00169431430,RYBELSUS  ,2023,3,false,540.000,16,15863.80
FFSU,NV,00169430330,RYBELSUS  ,2023,2,false,1440.000,31,43338.69
MCOU,NV,00169430330,RYBELSUS  ,2023,2,true,,,
MCOU,NV,00169430713,RYBELSUS  ,2023,2,true,,,
FFSU,NV,00169430713,RYBELSUS  ,2023,2,true,,,
MCOU,NV,00169430730,RYBELSUS  ,2023,2,false,3840.000,11,9872.63
FFSU,NV,00169430730,RYBELSUS  ,2023,2,false,4960.000,72,146369.98
FFSU,NV,00169431430,RYBELSUS  ,2023,2,false,3210.000,39,96541.66
MCOU,NV,00169431430,RYBELSUS  ,2023,2,true,,,
MCOU,NV,00169430313,RYBELSUS  ,2023,1,true,,,
FFSU,NV,00169430313,RYBELSUS  ,2023,1,true,,,
FFSU,NV,00169430330,RYBELSUS  ,2023,1,false,1650.000,34,46178.56
MCOU,NV,00169430330,RYBELSUS  ,2023,1,true,,,
FFSU,NV,00169430713,RYBELSUS  ,2023,1,true,,,
MCOU,NV,00169430713,RYBELSUS  ,2023,1,true,,,
MCOU,NV,00169430730,RYBELSUS  ,2023,1,true,,,
FFSU,NV,00169430730,RYBELSUS  ,2023,1,false,4830.000,67,141007.11
MCOU,NV,00169431413,RYBELSUS  ,2023,1,true,,,
MCOU,NV,00169431430,RYBELSUS  ,2023,1,true,,,
FFSU,NV,00169431430,RYBELSUS  ,2023,1,false,2980.000,39,87618.68
MCOU,NY,00169430313,RYBELSUS  ,2023,4,true,,,
MCOU,NY,00169430330,RYBELSUS  ,2023,4,false,1050.000,25,61656.85
FFSU,NY,00169430330,RYBELSUS  ,2023,4,false,64335.000,1737,1945793.20
FFSU,NY,00169430730,RYBELSUS  ,2023,4,false,141283.000,3416,4272388.54
MCOU,NY,00169430730,RYBELSUS  ,2023,4,false,2100.000,56,200857.78
FFSU,NY,00169431430,RYBELSUS  ,2023,4,false,115920.000,2656,3505876.20
MCOU,NY,00169431430,RYBELSUS  ,2023,4,false,930.000,21,119275.87
MCOU,NY,00169430313,RYBELSUS  ,2023,3,true,,,
MCOU,NY,00169430330,RYBELSUS  ,2023,3,false,930.000,23,65758.64
FFSU,NY,00169430330,RYBELSUS  ,2023,3,false,70640.000,1945,2134769.79
FFSU,NY,00169430730,RYBELSUS  ,2023,3,false,147234.000,3732,4453017.33
MCOU,NY,00169430730,RYBELSUS  ,2023,3,false,2010.000,52,199628.33
FFSU,NY,00169431430,RYBELSUS  ,2023,3,false,120535.000,2885,3646359.79
MCOU,NY,00169431430,RYBELSUS  ,2023,3,false,1350.000,25,199119.62
MCOU,NY,00169430313,RYBELSUS  ,2023,2,true,,,
MCOU,NY,00169430330,RYBELSUS  ,2023,2,false,780.000,18,75746.54
FFSU,NY,00169430330,RYBELSUS  ,2023,2,false,92798.000,2625,2806044.90
FFSU,NY,00169430730,RYBELSUS  ,2023,2,false,161554.000,4280,4878577.73
MCOU,NY,00169430730,RYBELSUS  ,2023,2,false,1500.000,32,82070.00
MCOU,NY,00169431430,RYBELSUS  ,2023,2,false,720.000,14,43810.75
FFSU,NY,00169431430,RYBELSUS  ,2023,2,false,113626.000,2970,3434049.02
FFSU,NY,00169430313,RYBELSUS  ,2023,1,true,,,
MCOU,NY,00169430313,RYBELSUS  ,2023,1,false,6450.000,205,201905.90
MCOU,NY,00169430330,RYBELSUS  ,2023,1,false,88079.000,2804,2614507.67
FFSU,NY,00169430330,RYBELSUS  ,2023,1,false,3180.000,88,95397.72
FFSU,NY,00169430713,RYBELSUS  ,2023,1,true,,,
MCOU,NY,00169430713,RYBELSUS  ,2023,1,false,8756.000,268,244948.38
MCOU,NY,00169430730,RYBELSUS  ,2023,1,false,168770.000,5299,5028985.90
FFSU,NY,00169430730,RYBELSUS  ,2023,1,false,4680.000,123,139439.96
FFSU,NY,00169431413,RYBELSUS  ,2023,1,true,,,
MCOU,NY,00169431413,RYBELSUS  ,2023,1,false,5700.000,176,159907.89
FFSU,NY,00169431430,RYBELSUS  ,2023,1,false,3330.000,83,98978.87
MCOU,NY,00169431430,RYBELSUS  ,2023,1,false,112476.000,3536,3362089.92
MCOU,OH,00169430330,RYBELSUS 3,2023,4,false,6854.000,225,206589.44
FFSU,OH,00169430330,RYBELSUS 3,2023,4,true,,,
FFSU,OH,00169430730,RYBELSUS 7,2023,4,false,660.000,22,20007.09
MCOU,OH,00169430730,RYBELSUS 7,2023,4,false,15390.000,498,465467.40
MCOU,OH,00169431430,RYBELSUS 1,2023,4,false,14306.000,469,433049.06
FFSU,OH,00169431430,RYBELSUS 1,2023,4,false,540.000,18,16319.22
FFSU,OH,00169430330,RYBELSUS 3,2023,3,true,,,
MCOU,OH,00169430330,RYBELSUS 3,2023,3,false,7830.000,257,236251.09
FFSU,OH,00169430730,RYBELSUS 7,2023,3,false,600.000,20,18204.41
MCOU,OH,00169430730,RYBELSUS 7,2023,3,false,18521.000,608,559884.64
MCOU,OH,00169431430,RYBELSUS 1,2023,3,false,16320.000,532,493206.38
FFSU,OH,00169431430,RYBELSUS 1,2023,3,false,510.000,17,15417.61
MCOU,OH,00169430330,RYBELSUS 3,2023,2,false,13388.000,442,404400.66
FFSU,OH,00169430330,RYBELSUS 3,2023,2,true,,,
FFSU,OH,00169430730,RYBELSUS 7,2023,2,false,390.000,11,11789.33
MCOU,OH,00169430730,RYBELSUS 7,2023,2,false,25402.000,824,765591.95
FFSU,OH,00169431413,RYBELSUS 1,2023,2,true,,,
FFSU,OH,00169431430,RYBELSUS 1,2023,2,false,508.000,12,15288.21
MCOU,OH,00169431430,RYBELSUS 1,2023,2,false,17840.000,576,536747.28
MCOU,OH,00169430313,RYBELSUS 3,2023,1,true,,,
FFSU,OH,00169430330,RYBELSUS 3,2023,1,true,,,
MCOU,OH,00169430330,RYBELSUS 3,2023,1,false,20948.000,697,628489.44
MCOU,OH,00169430713,RYBELSUS 7,2023,1,true,,,
MCOU,OH,00169430730,RYBELSUS 7,2023,1,false,30124.000,987,900669.01
FFSU,OH,00169430730,RYBELSUS 7,2023,1,false,660.000,22,19631.83
MCOU,OH,00169431413,RYBELSUS 1,2023,1,true,,,
FFSU,OH,00169431430,RYBELSUS 1,2023,1,false,810.000,21,23201.87
MCOU,OH,00169431430,RYBELSUS 1,2023,1,false,18120.000,586,543251.59
FFSU,OK,00169430330,RYBELSUS 3,2023,4,false,450.000,15,13674.30
FFSU,OK,00169430730,RYBELSUS 7,2023,4,false,1530.000,51,44984.64
FFSU,OK,00169431430,RYBELSUS 1,2023,4,false,1170.000,39,35583.60
FFSU,OK,00169430330,RYBELSUS 3,2023,3,false,510.000,17,15497.54
FFSU,OK,00169430713,RYBELSUS 7,2023,3,true,,,
FFSU,OK,00169430730,RYBELSUS 7,2023,3,false,1500.000,50,43700.54
FFSU,OK,00169431430,RYBELSUS 1,2023,3,false,1050.000,35,31932.41
FFSU,OK,00169430330,RYBELSUS 3,2023,2,true,,,
FFSU,OK,00169430730,RYBELSUS 7,2023,2,false,1320.000,44,39040.06
FFSU,OK,00169431430,RYBELSUS 1,2023,2,false,1080.000,36,32789.16
FFSU,OK,00169430330,RYBELSUS 3,2023,1,true,,,
FFSU,OK,00169430713,RYBELSUS 7,2023,1,true,,,
FFSU,OK,00169430730,RYBELSUS 7,2023,1,false,840.000,28,25242.34
FFSU,OK,00169431413,RYBELSUS 1,2023,1,true,,,
FFSU,OK,00169431430,RYBELSUS 1,2023,1,false,930.000,31,27799.03
MCOU,OR,00169430330,RYBELSUS 3,2023,4,false,2490.000,62,73702.78
FFSU,OR,00169430330,RYBELSUS 3,2023,4,true,,,
FFSU,OR,00169430730,RYBELSUS 7,2023,4,true,,,
MCOU,OR,00169430730,RYBELSUS 7,2023,4,false,5276.000,118,156732.18
MCOU,OR,00169431430,RYBELSUS 1,2023,4,false,3671.000,99,110179.05
FFSU,OR,00169431430,RYBELSUS 1,2023,4,true,,,
FFSU,OR,00169430330,RYBELSUS 3,2023,3,true,,,
MCOU,OR,00169430330,RYBELSUS 3,2023,3,false,2430.000,59,72071.77
FFSU,OR,00169430730,RYBELSUS 7,2023,3,true,,,
MCOU,OR,00169430730,RYBELSUS 7,2023,3,false,3900.000,88,114913.71
MCOU,OR,00169431430,RYBELSUS 1,2023,3,false,4080.000,104,118284.84
FFSU,OR,00169431430,RYBELSUS 1,2023,3,true,,,
MCOU,OR,00169430313,RYBELSUS 3,2023,2,true,,,
MCOU,OR,00169430330,RYBELSUS 3,2023,2,false,1740.000,48,51293.30
FFSU,OR,00169430330,RYBELSUS 3,2023,2,true,,,
MCOU,OR,00169430713,RYBELSUS 7,2023,2,true,,,
MCOU,OR,00169430730,RYBELSUS 7,2023,2,false,4290.000,96,127253.36
FFSU,OR,00169430730,RYBELSUS 7,2023,2,true,,,
MCOU,OR,00169431430,RYBELSUS 1,2023,2,false,2850.000,81,83176.87
FFSU,OR,00169431430,RYBELSUS 1,2023,2,true,,,
FFSU,OR,00169430330,RYBELSUS 3,2023,1,true,,,
MCOU,OR,00169430330,RYBELSUS 3,2023,1,false,1618.000,47,48782.78
MCOU,OR,00169430730,RYBELSUS 7,2023,1,false,3990.000,87,118208.93
FFSU,OR,00169430730,RYBELSUS 7,2023,1,true,,,
MCOU,OR,00169431413,RYBELSUS 1,2023,1,true,,,
MCOU,OR,00169431430,RYBELSUS 1,2023,1,false,2492.000,68,74515.62
MCOU,PA,00169430313,RYBELSUS 3,2023,4,true,,,
FFSU,PA,00169430330,RYBELSUS 3,2023,4,true,,,
MCOU,PA,00169430330,RYBELSUS 3,2023,4,false,6019.000,195,179398.52
MCOU,PA,00169430713,RYBELSUS 7,2023,4,true,,,
MCOU,PA,00169430730,RYBELSUS 7,2023,4,false,12672.000,383,380176.10
FFSU,PA,00169430730,RYBELSUS 7,2023,4,false,600.000,17,18032.58
MCOU,PA,00169431413,RYBELSUS 1,2023,4,true,,,
MCOU,PA,00169431430,RYBELSUS 1,2023,4,false,11093.000,308,331258.13
FFSU,PA,00169431430,RYBELSUS 1,2023,4,true,,,
MCOU,PA,00169430313,RYBELSUS 3,2023,3,true,,,
MCOU,PA,00169430330,RYBELSUS 3,2023,3,false,6069.000,191,184264.36
FFSU,PA,00169430330,RYBELSUS 3,2023,3,true,,,
MCOU,PA,00169430713,RYBELSUS 7,2023,3,true,,,
MCOU,PA,00169430730,RYBELSUS 7,2023,3,false,12591.000,370,377710.16
FFSU,PA,00169430730,RYBELSUS 7,2023,3,false,660.000,14,19818.13
MCOU,PA,00169431413,RYBELSUS 1,2023,3,true,,,
FFSU,PA,00169431430,RYBELSUS 1,2023,3,false,570.000,13,17118.96
MCOU,PA,00169431430,RYBELSUS 1,2023,3,false,9993.000,297,301841.14
MCOU,PA,00169430313,RYBELSUS 3,2023,2,true,,,
MCOU,PA,00169430330,RYBELSUS 3,2023,2,false,5820.000,185,176325.80
FFSU,PA,00169430330,RYBELSUS 3,2023,2,true,,,
MCOU,PA,00169430713,RYBELSUS 7,2023,2,true,,,
MCOU,PA,00169430730,RYBELSUS 7,2023,2,false,12860.000,379,389972.91
FFSU,PA,00169430730,RYBELSUS 7,2023,2,false,930.000,23,27883.64
MCOU,PA,00169431413,RYBELSUS 1,2023,2,true,,,
FFSU,PA,00169431430,RYBELSUS 1,2023,2,true,,,
MCOU,PA,00169431430,RYBELSUS 1,2023,2,false,7469.000,213,226050.04
MCOU,PA,00169430313,RYBELSUS 3,2023,1,false,435.000,15,12673.89
MCOU,PA,00169430330,RYBELSUS 3,2023,1,false,6530.000,200,196289.26
FFSU,PA,00169430330,RYBELSUS 3,2023,1,true,,,
MCOU,PA,00169430713,RYBELSUS 7,2023,1,true,,,
MCOU,PA,00169430730,RYBELSUS 7,2023,1,false,11400.000,330,343272.00
FFSU,PA,00169430730,RYBELSUS 7,2023,1,false,840.000,18,24469.96
MCOU,PA,00169431413,RYBELSUS 1,2023,1,true,,,
MCOU,PA,00169431430,RYBELSUS 1,2023,1,false,7593.000,197,229024.16
FFSU,PA,00169431430,RYBELSUS 1,2023,1,true,,,
MCOU,PR,00169430330,RYBELSUS 3,2023,2,true,,,
MCOU,PR,00169430730,RYBELSUS 7,2023,2,true,,,
MCOU,PR,00169431430,RYBELSUS 1,2023,2,true,,,
MCOU,PR,00169430713,RYBELSUS 7,2023,1,true,,,
MCOU,PR,00169430730,RYBELSUS 7,2023,1,true,,,
MCOU,PR,00169431430,RYBELSUS 1,2023,1,true,,,
MCOU,RI,00169430330,RYBELSUS 3,2023,4,false,1290.000,43,39047.56
FFSU,RI,00169430330,RYBELSUS 3,2023,4,true,,,
FFSU,RI,00169430730,RYBELSUS 7,2023,4,true,,,
MCOU,RI,00169430730,RYBELSUS 7,2023,4,false,5190.000,169,157159.58
MCOU,RI,00169431430,RYBELSUS 1,2023,4,false,6146.000,201,186240.44
MCOU,RI,00169430330,RYBELSUS 3,2023,3,false,1466.000,47,44505.52
MCOU,RI,00169430730,RYBELSUS 7,2023,3,false,6630.000,219,200847.32
FFSU,RI,00169430730,RYBELSUS 7,2023,3,true,,,
FFSU,RI,00169431430,RYBELSUS 1,2023,3,true,,,
MCOU,RI,00169431430,RYBELSUS 1,2023,3,false,6114.000,202,184484.13
MCOU,RI,00169430313,RYBELSUS 3,2023,2,true,,,
MCOU,RI,00169430330,RYBELSUS 3,2023,2,false,1560.000,48,43779.24
MCOU,RI,00169430713,RYBELSUS 7,2023,2,true,,,
MCOU,RI,00169430730,RYBELSUS 7,2023,2,false,7230.000,239,215473.11
FFSU,RI,00169430730,RYBELSUS 7,2023,2,true,,,
MCOU,RI,00169431413,RYBELSUS 1,2023,2,true,,,
MCOU,RI,00169431430,RYBELSUS 1,2023,2,false,5454.000,180,163656.14
MCOU,RI,00169430330,RYBELSUS 3,2023,1,false,2244.000,75,66426.57
MCOU,RI,00169430713,RYBELSUS 7,2023,1,true,,,
MCOU,RI,00169430730,RYBELSUS 7,2023,1,false,7258.000,240,214913.82
MCOU,RI,00169431413,RYBELSUS 1,2023,1,true,,,
MCOU,RI,00169431430,RYBELSUS 1,2023,1,false,4286.000,141,123358.84
MCOU,SC,00169430313,RYBELSUS  ,2023,4,true,,,
FFSU,SC,00169430330,RYBELSUS  ,2023,4,true,,,
MCOU,SC,00169430330,RYBELSUS  ,2023,4,false,2190.000,73,64010.89
FFSU,SC,00169430730,RYBELSUS  ,2023,4,true,,,
MCOU,SC,00169430730,RYBELSUS  ,2023,4,false,5010.000,169,151137.79
MCOU,SC,00169431413,RYBELSUS  ,2023,4,true,,,
FFSU,SC,00169431430,RYBELSUS  ,2023,4,true,,,
MCOU,SC,00169431430,RYBELSUS  ,2023,4,false,4890.000,159,146007.47
MCOU,SC,00169430313,RYBELSUS  ,2023,3,true,,,
FFSU,SC,00169430330,RYBELSUS  ,2023,3,true,,,
MCOU,SC,00169430330,RYBELSUS  ,2023,3,false,2070.000,69,60868.67
MCOU,SC,00169430713,RYBELSUS  ,2023,3,true,,,
MCOU,SC,00169430730,RYBELSUS  ,2023,3,false,5640.000,194,176740.66
FFSU,SC,00169430730,RYBELSUS  ,2023,3,true,,,
MCOU,SC,00169431413,RYBELSUS  ,2023,3,true,,,
MCOU,SC,00169431430,RYBELSUS  ,2023,3,false,4707.000,155,142385.36
FFSU,SC,00169431430,RYBELSUS  ,2023,3,true,,,
MCOU,SC,00169430313,RYBELSUS  ,2023,2,true,,,
MCOU,SC,00169430330,RYBELSUS  ,2023,2,false,2144.000,70,63051.56
FFSU,SC,00169430330,RYBELSUS  ,2023,2,true,,,
MCOU,SC,00169430713,RYBELSUS  ,2023,2,true,,,
MCOU,SC,00169430730,RYBELSUS  ,2023,2,false,5610.000,194,172932.91
FFSU,SC,00169430730,RYBELSUS  ,2023,2,true,,,
MCOU,SC,00169431413,RYBELSUS  ,2023,2,true,,,
FFSU,SC,00169431430,RYBELSUS  ,2023,2,true,,,
MCOU,SC,00169431430,RYBELSUS  ,2023,2,false,3599.000,122,109096.10
MCOU,SC,00169430313,RYBELSUS  ,2023,1,true,,,
FFSU,SC,00169430330,RYBELSUS  ,2023,1,true,,,
MCOU,SC,00169430330,RYBELSUS  ,2023,1,false,1650.000,54,48624.54
MCOU,SC,00169430713,RYBELSUS  ,2023,1,true,,,
MCOU,SC,00169430730,RYBELSUS  ,2023,1,false,5370.000,177,160536.43
FFSU,SC,00169430730,RYBELSUS  ,2023,1,true,,,
MCOU,SC,00169431413,RYBELSUS  ,2023,1,true,,,
MCOU,SC,00169431430,RYBELSUS  ,2023,1,false,3540.000,116,107429.64
FFSU,SC,00169431430,RYBELSUS  ,2023,1,true,,,
FFSU,SD,00169430330,RYBELSUS 3,2023,4,false,390.000,13,11839.88
FFSU,SD,00169430730,RYBELSUS 7,2023,4,false,1110.000,37,33717.36
FFSU,SD,00169431413,RYBELSUS 1,2023,4,true,,,
FFSU,SD,00169431430,RYBELSUS 1,2023,4,false,960.000,32,29169.28
FFSU,SD,00169430330,RYBELSUS 3,2023,3,false,420.000,14,12750.64
FFSU,SD,00169430730,RYBELSUS 7,2023,3,false,750.000,25,22782.00
FFSU,SD,00169431413,RYBELSUS 1,2023,3,true,,,
FFSU,SD,00169431430,RYBELSUS 1,2023,3,false,870.000,29,26434.66
FFSU,SD,00169430330,RYBELSUS 3,2023,2,false,510.000,17,15470.12
FFSU,SD,00169430713,RYBELSUS 7,2023,2,true,,,
FFSU,SD,00169430730,RYBELSUS 7,2023,2,false,750.000,25,22742.88
FFSU,SD,00169431413,RYBELSUS 1,2023,2,true,,,
FFSU,SD,00169431430,RYBELSUS 1,2023,2,false,720.000,24,21841.98
FFSU,SD,00169430330,RYBELSUS 3,2023,1,false,570.000,19,17163.18
FFSU,SD,00169430713,RYBELSUS 7,2023,1,true,,,
FFSU,SD,00169430730,RYBELSUS 7,2023,1,false,1029.000,35,30998.43
FFSU,SD,00169431430,RYBELSUS 1,2023,1,false,1110.000,37,33332.07
FFSU,TN,00169430313,RYBELSUS 3,2023,4,true,,,
FFSU,TN,00169430330,RYBELSUS 3,2023,4,false,4140.000,138,125529.11
FFSU,TN,00169430713,RYBELSUS 7,2023,4,true,,,
FFSU,TN,00169430730,RYBELSUS 7,2023,4,false,8882.000,296,269500.54
FFSU,TN,00169431413,RYBELSUS 1,2023,4,true,,,
FFSU,TN,00169431430,RYBELSUS 1,2023,4,false,7920.000,264,240415.79
FFSU,TN,00169430330,RYBELSUS 3,2023,3,false,3901.000,130,118239.68
FFSU,TN,00169430713,RYBELSUS 7,2023,3,true,,,
FFSU,TN,00169430730,RYBELSUS 7,2023,3,false,9624.000,321,291915.91
FFSU,TN,00169431413,RYBELSUS 1,2023,3,true,,,
FFSU,TN,00169431430,RYBELSUS 1,2023,3,false,9330.000,311,283124.73
FFSU,TN,00169430313,RYBELSUS 3,2023,2,true,,,
FFSU,TN,00169430330,RYBELSUS 3,2023,2,false,5520.000,184,167149.50
FFSU,TN,00169430713,RYBELSUS 7,2023,2,true,,,
FFSU,TN,00169430730,RYBELSUS 7,2023,2,false,13020.000,434,394257.13
FFSU,TN,00169431430,RYBELSUS 1,2023,2,false,9900.000,330,299879.48
FFSU,TN,00169430313,RYBELSUS 3,2023,1,true,,,
FFSU,TN,00169430330,RYBELSUS 3,2023,1,false,6317.000,211,189755.93
FFSU,TN,00169430713,RYBELSUS 7,2023,1,true,,,
FFSU,TN,00169430730,RYBELSUS 7,2023,1,false,14128.000,471,423035.12
FFSU,TN,00169431413,RYBELSUS 1,2023,1,true,,,
FFSU,TN,00169431430,RYBELSUS 1,2023,1,false,9030.000,301,270975.79
MCOU,TX,00169430330,RYBELSUS 3,2023,4,false,7830.000,230,235411.15
MCOU,TX,00169430713,RYBELSUS 7,2023,4,true,,,
MCOU,TX,00169430730,RYBELSUS 7,2023,4,false,17178.000,436,513273.47
FFSU,TX,00169430730,RYBELSUS 7,2023,4,true,,,
MCOU,TX,00169431430,RYBELSUS 1,2023,4,false,12330.000,319,366166.29
MCOU,TX,00169430330,RYBELSUS 3,2023,3,false,8662.000,256,259594.80
MCOU,TX,00169430713,RYBELSUS 7,2023,3,true,,,
MCOU,TX,00169430730,RYBELSUS 7,2023,3,false,18134.000,469,542266.95
FFSU,TX,00169430730,RYBELSUS 7,2023,3,true,,,
MCOU,TX,00169431430,RYBELSUS 1,2023,3,false,11970.000,323,356024.46
MCOU,TX,00169430330,RYBELSUS 3,2023,2,false,10571.000,301,317122.41
MCOU,TX,00169430713,RYBELSUS 7,2023,2,true,,,
MCOU,TX,00169430730,RYBELSUS 7,2023,2,false,19514.000,510,580483.66
FFSU,TX,00169430730,RYBELSUS 7,2023,2,true,,,
MCOU,TX,00169431430,RYBELSUS 1,2023,2,false,12960.000,321,385130.58
MCOU,TX,00169430313,RYBELSUS 3,2023,1,true,,,
MCOU,TX,00169430330,RYBELSUS 3,2023,1,false,8880.000,268,266459.06
MCOU,TX,00169430713,RYBELSUS 7,2023,1,true,,,
MCOU,TX,00169430730,RYBELSUS 7,2023,1,false,20670.000,528,614250.35
FFSU,TX,00169430730,RYBELSUS 7,2023,1,true,,,
MCOU,TX,00169431413,RYBELSUS 1,2023,1,true,,,
MCOU,TX,00169431430,RYBELSUS 1,2023,1,false,12318.000,317,364707.41
FFSU,TX,00169431430,RYBELSUS 1,2023,1,true,,,
MCOU,UT,00169430330,RYBELSUS 3,2023,4,false,990.000,33,31755.09
FFSU,UT,00169430330,RYBELSUS 3,2023,4,true,,,
MCOU,UT,00169430730,RYBELSUS 7,2023,4,false,2040.000,64,62919.45
FFSU,UT,00169430730,RYBELSUS 7,2023,4,true,,,
FFSU,UT,00169431430,RYBELSUS 1,2023,4,true,,,
MCOU,UT,00169431430,RYBELSUS 1,2023,4,false,1650.000,55,49605.07
MCOU,UT,00169430330,RYBELSUS 3,2023,3,false,1380.000,42,50761.05
MCOU,UT,00169430730,RYBELSUS 7,2023,3,false,1770.000,55,58726.79
FFSU,UT,00169430730,RYBELSUS 7,2023,3,true,,,
MCOU,UT,00169431430,RYBELSUS 1,2023,3,false,1710.000,55,51168.52
FFSU,UT,00169431430,RYBELSUS 1,2023,3,true,,,
FFSU,UT,00169430330,RYBELSUS 3,2023,2,true,,,
MCOU,UT,00169430330,RYBELSUS 3,2023,2,false,2040.000,69,67142.74
FFSU,UT,00169430730,RYBELSUS 7,2023,2,true,,,
MCOU,UT,00169430730,RYBELSUS 7,2023,2,false,1650.000,55,53639.11
MCOU,UT,00169431430,RYBELSUS 1,2023,2,false,2370.000,77,74108.08
FFSU,UT,00169431430,RYBELSUS 1,2023,2,true,,,
MCOU,UT,00169430330,RYBELSUS 3,2023,1,false,1530.000,51,46219.89
FFSU,UT,00169430730,RYBELSUS 7,2023,1,true,,,
MCOU,UT,00169430730,RYBELSUS 7,2023,1,false,2490.000,81,82758.98
MCOU,UT,00169431413,RYBELSUS 1,2023,1,true,,,
MCOU,UT,00169431430,RYBELSUS 1,2023,1,false,1920.000,62,58080.64
FFSU,UT,00169431430,RYBELSUS 1,2023,1,true,,,
MCOU,VA,00169430313,RYBELSUS  ,2023,4,true,,,
FFSU,VA,00169430330,RYBELSUS  ,2023,4,true,,,
MCOU,VA,00169430330,RYBELSUS  ,2023,4,false,5313.000,178,157543.60
MCOU,VA,00169430730,RYBELSUS  ,2023,4,false,12423.000,407,369928.08
FFSU,VA,00169430730,RYBELSUS  ,2023,4,true,,,
MCOU,VA,00169431413,RYBELSUS  ,2023,4,true,,,
FFSU,VA,00169431430,RYBELSUS  ,2023,4,true,,,
MCOU,VA,00169431430,RYBELSUS  ,2023,4,false,10290.000,331,306627.01
MCOU,VA,00169430313,RYBELSUS  ,2023,3,true,,,
MCOU,VA,00169430330,RYBELSUS  ,2023,3,false,5511.000,185,163638.43
FFSU,VA,00169430330,RYBELSUS  ,2023,3,true,,,
FFSU,VA,00169430730,RYBELSUS  ,2023,3,true,,,
MCOU,VA,00169430730,RYBELSUS  ,2023,3,false,11880.000,396,352881.83
MCOU,VA,00169431413,RYBELSUS  ,2023,3,true,,,
MCOU,VA,00169431430,RYBELSUS  ,2023,3,false,10022.000,328,297565.66
FFSU,VA,00169431430,RYBELSUS  ,2023,3,true,,,
MCOU,VA,00169430313,RYBELSUS  ,2023,2,true,,,
MCOU,VA,00169430330,RYBELSUS  ,2023,2,false,6808.000,222,201722.27
MCOU,VA,00169430713,RYBELSUS  ,2023,2,true,,,
MCOU,VA,00169430730,RYBELSUS  ,2023,2,false,11904.000,393,353266.74
FFSU,VA,00169430730,RYBELSUS  ,2023,2,true,,,
MCOU,VA,00169431413,RYBELSUS  ,2023,2,true,,,
MCOU,VA,00169431430,RYBELSUS  ,2023,2,false,9481.000,314,281719.68
MCOU,VA,00169430313,RYBELSUS  ,2023,1,true,,,
MCOU,VA,00169430330,RYBELSUS  ,2023,1,false,6729.000,222,200884.79
MCOU,VA,00169430713,RYBELSUS  ,2023,1,true,,,
MCOU,VA,00169430730,RYBELSUS  ,2023,1,false,12840.000,414,383668.13
MCOU,VA,00169431413,RYBELSUS  ,2023,1,true,,,
FFSU,VA,00169431430,RYBELSUS  ,2023,1,true,,,
MCOU,VA,00169431430,RYBELSUS  ,2023,1,false,8850.000,292,264713.70
FFSU,VT,00169430330,RYBELSUS 3,2023,4,true,,,
FFSU,VT,00169430713,RYBELSUS 7,2023,4,true,,,
FFSU,VT,00169430730,RYBELSUS 7,2023,4,false,660.000,14,17369.53
FFSU,VT,00169431430,RYBELSUS 1,2023,4,false,1230.000,15,34977.13
FFSU,VT,00169430330,RYBELSUS 3,2023,3,true,,,
FFSU,VT,00169430730,RYBELSUS 7,2023,3,false,600.000,13,15171.26
FFSU,VT,00169431430,RYBELSUS 1,2023,3,true,,,
FFSU,VT,00169430330,RYBELSUS 3,2023,2,false,390.000,11,8256.29
FFSU,VT,00169430730,RYBELSUS 7,2023,2,false,690.000,12,20785.93
FFSU,VT,00169431430,RYBELSUS 1,2023,2,false,1230.000,17,37025.73
FFSU,VT,00169430330,RYBELSUS 3,2023,1,true,,,
FFSU,VT,00169430730,RYBELSUS 7,2023,1,false,720.000,12,21424.05
FFSU,VT,00169431430,RYBELSUS 1,2023,1,false,1290.000,19,37775.21
MCOU,WA,00169430330,RYBELSUS 3,2023,4,false,3330.000,103,93679.70
FFSU,WA,00169430330,RYBELSUS 3,2023,4,true,,,
FFSU,WA,00169430730,RYBELSUS 7,2023,4,true,,,
MCOU,WA,00169430730,RYBELSUS 7,2023,4,false,5544.000,171,155604.02
MCOU,WA,00169431430,RYBELSUS 1,2023,4,false,6900.000,208,198296.44
FFSU,WA,00169431430,RYBELSUS 1,2023,4,true,,,
FFSU,WA,00169430330,RYBELSUS 3,2023,3,true,,,
MCOU,WA,00169430330,RYBELSUS 3,2023,3,false,2915.000,92,85191.59
MCOU,WA,00169430730,RYBELSUS 7,2023,3,false,5400.000,162,149078.21
FFSU,WA,00169430730,RYBELSUS 7,2023,3,true,,,
FFSU,WA,00169431430,RYBELSUS 1,2023,3,true,,,
MCOU,WA,00169431430,RYBELSUS 1,2023,3,false,7620.000,230,222815.50
MCOU,WA,00169430330,RYBELSUS 3,2023,2,false,3861.000,125,106822.46
FFSU,WA,00169430330,RYBELSUS 3,2023,2,true,,,
FFSU,WA,00169430730,RYBELSUS 7,2023,2,true,,,
MCOU,WA,00169430730,RYBELSUS 7,2023,2,false,5910.000,174,159334.19
FFSU,WA,00169431430,RYBELSUS 1,2023,2,true,,,
MCOU,WA,00169431430,RYBELSUS 1,2023,2,false,7260.000,213,207948.04
MCOU,WA,00169430313,RYBELSUS 3,2023,1,true,,,
FFSU,WA,00169430330,RYBELSUS 3,2023,1,true,,,
MCOU,WA,00169430330,RYBELSUS 3,2023,1,false,3510.000,113,92543.72
MCOU,WA,00169430713,RYBELSUS 7,2023,1,true,,,
MCOU,WA,00169430730,RYBELSUS 7,2023,1,false,5670.000,155,157337.15
FFSU,WA,00169430730,RYBELSUS 7,2023,1,true,,,
MCOU,WA,00169431413,RYBELSUS 1,2023,1,true,,,
FFSU,WA,00169431430,RYBELSUS 1,2023,1,true,,,
MCOU,WA,00169431430,RYBELSUS 1,2023,1,false,6150.000,171,175728.45
FFSU,WI,00169430330,RYBELSUS 3,2023,4,false,600.000,18,17635.79
FFSU,WI,00169430730,RYBELSUS 7,2023,4,false,390.000,12,11193.19
FFSU,WI,00169431430,RYBELSUS 1,2023,4,false,390.000,13,11775.80
FFSU,WI,00169430330,RYBELSUS 3,2023,3,false,420.000,13,12097.68
FFSU,WI,00169430730,RYBELSUS 7,2023,3,false,450.000,14,13104.85
FFSU,WI,00169431430,RYBELSUS 1,2023,3,false,360.000,12,10938.00
FFSU,WI,00169430330,RYBELSUS 3,2023,2,true,,,
FFSU,WI,00169430730,RYBELSUS 7,2023,2,false,540.000,16,16353.61
FFSU,WI,00169431430,RYBELSUS 1,2023,2,true,,,
FFSU,WI,00169430313,RYBELSUS 3,2023,1,true,,,
FFSU,WI,00169430330,RYBELSUS 3,2023,1,true,,,
FFSU,WI,00169430730,RYBELSUS 7,2023,1,false,690.000,22,20868.54
FFSU,WI,00169431430,RYBELSUS 1,2023,1,true,,,
FFSU,WV,00169430330,RYBELSUS 3,2023,4,true,,,
FFSU,WV,00169430730,RYBELSUS 7,2023,4,false,750.000,17,22142.54
FFSU,WV,00169431430,RYBELSUS 1,2023,4,false,510.000,15,15269.29
FFSU,WV,00169430330,RYBELSUS 3,2023,3,true,,,
FFSU,WV,00169430730,RYBELSUS 7,2023,3,false,1020.000,24,30347.57
FFSU,WV,00169431430,RYBELSUS 1,2023,3,false,570.000,11,16556.43
FFSU,WV,00169430330,RYBELSUS 3,2023,2,true,,,
FFSU,WV,00169430730,RYBELSUS 7,2023,2,false,810.000,17,23561.93
FFSU,WV,00169431430,RYBELSUS 1,2023,2,true,,,
FFSU,WV,00169430330,RYBELSUS 3,2023,1,true,,,
FFSU,WV,00169430730,RYBELSUS 7,2023,1,false,690.000,15,19724.51
FFSU,WV,00169431430,RYBELSUS 1,2023,1,false,1110.000,20,32334.07
FFSU,WY,00169430330,RYBELSUS 3,2023,4,true,,,
FFSU,WY,00169430730,RYBELSUS 7,2023,4,true,,,
FFSU,WY,00169431430,RYBELSUS 1,2023,4,true,,,
FFSU,WY,00169430330,RYBELSUS 3,2023,3,true,,,
FFSU,WY,00169430730,RYBELSUS 7,2023,3,true,,,
FFSU,WY,00169431430,RYBELSUS 1,2023,3,true,,,
FFSU,WY,00169430330,RYBELSUS 3,2023,2,true,,,
FFSU,WY,00169430730,RYBELSUS 7,2023,2,true,,,
FFSU,WY,00169431430,RYBELSUS 1,2023,2,true,,,
FFSU,WY,00169430330,RYBELSUS 3,2023,1,true,,,
FFSU,WY,00169430730,RYBELSUS 7,2023,1,true,,,
FFSU,WY,00169431430,RYBELSUS 1,2023,1,true,,,
FFSU,AK,00002145780,MOUNJARO  ,2023,4,false,84.000,42,41557.22
FFSU,AK,00002146080,MOUNJARO  ,2023,4,false,52.000,26,25614.45
FFSU,AK,00002147180,MOUNJARO  ,2023,4,false,86.000,41,42215.54
FFSU,AK,00002148480,MOUNJARO  ,2023,4,false,150.000,74,73305.86
FFSU,AK,00002149580,MOUNJARO  ,2023,4,false,110.000,54,54097.06
FFSU,AK,00002150680,MOUNJARO  ,2023,4,false,70.000,35,34247.60
FFSU,AK,00002145780,MOUNJARO  ,2023,3,false,36.000,18,17823.84
FFSU,AK,00002146080,MOUNJARO  ,2023,3,false,50.000,25,24787.61
FFSU,AK,00002147180,MOUNJARO  ,2023,3,false,74.000,37,36637.70
FFSU,AK,00002148480,MOUNJARO  ,2023,3,false,98.000,48,47551.51
FFSU,AK,00002149580,MOUNJARO  ,2023,3,false,108.000,54,53031.67
FFSU,AK,00002150680,MOUNJARO  ,2023,3,false,80.000,40,39245.83
FFSU,AK,00002145780,MOUNJARO  ,2023,2,false,30.000,14,14842.91
FFSU,AK,00002146080,MOUNJARO  ,2023,2,false,32.000,16,15847.56
FFSU,AK,00002147180,MOUNJARO  ,2023,2,false,62.000,31,30555.71
FFSU,AK,00002148480,MOUNJARO  ,2023,2,false,84.000,40,40627.55
FFSU,AK,00002149580,MOUNJARO  ,2023,2,false,116.000,58,57728.80
FFSU,AK,00002150680,MOUNJARO  ,2023,2,false,82.000,40,41400.90
FFSU,AK,00002145780,MOUNJARO  ,2023,1,true,,,
MCOU,AK,00002145780,MOUNJARO  ,2023,1,true,,,
MCOU,AK,00002146080,MOUNJARO  ,2023,1,true,,,
FFSU,AK,00002146080,MOUNJARO  ,2023,1,false,28.000,14,13799.00
MCOU,AK,00002147180,MOUNJARO  ,2023,1,true,,,
FFSU,AK,00002147180,MOUNJARO  ,2023,1,false,24.000,12,11802.48
MCOU,AK,00002148480,MOUNJARO  ,2023,1,true,,,
FFSU,AK,00002148480,MOUNJARO  ,2023,1,false,42.000,21,20281.36
MCOU,AK,00002149580,MOUNJARO  ,2023,1,true,,,
FFSU,AK,00002149580,MOUNJARO  ,2023,1,false,112.000,51,53819.42
MCOU,AK,00002150680,MOUNJARO  ,2023,1,true,,,
FFSU,AK,00002150680,MOUNJARO  ,2023,1,false,72.000,31,35187.80
FFSU,AL,00002145780,MOUNJARO 1,2023,4,false,163.000,82,81203.72
FFSU,AL,00002146080,MOUNJARO 1,2023,4,false,316.000,158,158564.17
FFSU,AL,00002147101,MOUNJARO 1,2023,4,true,,,
FFSU,AL,00002147180,MOUNJARO 1,2023,4,false,566.000,283,284594.85
FFSU,AL,00002148401,MOUNJARO 7,2023,4,true,,,
FFSU,AL,00002148480,MOUNJARO 7,2023,4,false,1298.000,649,650892.00
FFSU,AL,00002149501,MOUNJARO 5,2023,4,true,,,
FFSU,AL,00002149580,MOUNJARO 5,2023,4,false,1891.500,942,956225.61
FFSU,AL,00002150680,MOUNJARO 2,2023,4,false,1381.000,690,697166.32
FFSU,AL,00002145780,MOUNJARO 1,2023,3,false,70.000,35,34823.95
FFSU,AL,00002146080,MOUNJARO 1,2023,3,false,186.000,93,92723.79
FFSU,AL,00002147180,MOUNJARO 1,2023,3,false,416.000,208,211539.96
FFSU,AL,00002148401,MOUNJARO 7,2023,3,true,,,
FFSU,AL,00002148480,MOUNJARO 7,2023,3,false,922.000,461,463854.74
FFSU,AL,00002149580,MOUNJARO 5,2023,3,false,1562.000,780,789855.21
FFSU,AL,00002150601,MOUNJARO 2,2023,3,true,,,
FFSU,AL,00002150680,MOUNJARO 2,2023,3,false,1194.000,598,599186.23
FFSU,AL,00002145780,MOUNJARO 1,2023,2,false,76.000,38,39454.57
FFSU,AL,00002146080,MOUNJARO 1,2023,2,false,68.000,34,33575.32
FFSU,AL,00002147101,MOUNJARO 1,2023,2,true,,,
FFSU,AL,00002147180,MOUNJARO 1,2023,2,false,240.000,120,121721.34
FFSU,AL,00002148401,MOUNJARO 7,2023,2,true,,,
FFSU,AL,00002148480,MOUNJARO 7,2023,2,false,475.000,238,235881.38
FFSU,AL,00002149501,MOUNJARO 5,2023,2,true,,,
FFSU,AL,00002149580,MOUNJARO 5,2023,2,false,1355.000,678,677813.29
FFSU,AL,00002150601,MOUNJARO 2,2023,2,true,,,
FFSU,AL,00002150680,MOUNJARO 2,2023,2,false,1097.500,550,547917.80
FFSU,AL,00002145780,MOUNJARO 1,2023,1,false,28.000,14,13670.80
FFSU,AL,00002146080,MOUNJARO 1,2023,1,false,38.000,19,19585.48
FFSU,AL,00002147180,MOUNJARO 1,2023,1,false,90.000,45,47999.90
FFSU,AL,00002148480,MOUNJARO 7,2023,1,false,227.000,114,114284.66
FFSU,AL,00002149580,MOUNJARO 5,2023,1,false,854.000,426,423264.23
FFSU,AL,00002150601,MOUNJARO 2,2023,1,true,,,
FFSU,AL,00002150680,MOUNJARO 2,2023,1,false,891.000,446,443378.44
FFSU,AR,00002145780,MOUNJARO  ,2023,4,true,,,
MCOU,AR,00002145780,MOUNJARO  ,2023,4,true,,,
MCOU,AR,00002146080,MOUNJARO  ,2023,4,true,,,
FFSU,AR,00002146080,MOUNJARO  ,2023,4,true,,,
FFSU,AR,00002147180,MOUNJARO  ,2023,4,true,,,
MCOU,AR,00002147180,MOUNJARO  ,2023,4,false,28.000,14,14179.59
MCOU,AR,00002148480,MOUNJARO  ,2023,4,true,,,
FFSU,AR,00002148480,MOUNJARO  ,2023,4,true,,,
FFSU,AR,00002149580,MOUNJARO  ,2023,4,true,,,
MCOU,AR,00002149580,MOUNJARO  ,2023,4,false,62.000,31,31431.84
MCOU,AR,00002150680,MOUNJARO  ,2023,4,false,34.000,17,17121.57
FFSU,AR,00002150680,MOUNJARO  ,2023,4,true,,,
MCOU,AR,00002145780,MOUNJARO  ,2023,3,true,,,
FFSU,AR,00002145780,MOUNJARO  ,2023,3,true,,,
MCOU,AR,00002146080,MOUNJARO  ,2023,3,true,,,
MCOU,AR,00002147180,MOUNJARO  ,2023,3,true,,,
FFSU,AR,00002147180,MOUNJARO  ,2023,3,true,,,
FFSU,AR,00002148480,MOUNJARO  ,2023,3,true,,,
MCOU,AR,00002148480,MOUNJARO  ,2023,3,false,22.000,11,11114.80
FFSU,AR,00002149580,MOUNJARO  ,2023,3,true,,,
MCOU,AR,00002149580,MOUNJARO  ,2023,3,false,72.000,36,36802.96
FFSU,AR,00002150680,MOUNJARO  ,2023,3,true,,,
MCOU,AR,00002150680,MOUNJARO  ,2023,3,false,24.000,12,12139.22
FFSU,AR,00002145780,MOUNJARO  ,2023,2,true,,,
MCOU,AR,00002145780,MOUNJARO  ,2023,2,true,,,
MCOU,AR,00002146080,MOUNJARO  ,2023,2,true,,,
MCOU,AR,00002147180,MOUNJARO  ,2023,2,true,,,
FFSU,AR,00002148480,MOUNJARO  ,2023,2,true,,,
MCOU,AR,00002148480,MOUNJARO  ,2023,2,true,,,
FFSU,AR,00002149580,MOUNJARO  ,2023,2,true,,,
MCOU,AR,00002149580,MOUNJARO  ,2023,2,false,58.000,29,29326.87
FFSU,AR,00002150680,MOUNJARO  ,2023,2,true,,,
MCOU,AR,00002150680,MOUNJARO  ,2023,2,false,32.000,16,16349.04
FFSU,AR,00002145780,MOUNJARO  ,2023,1,true,,,
MCOU,AR,00002145780,MOUNJARO  ,2023,1,true,,,
MCOU,AR,00002146080,MOUNJARO  ,2023,1,true,,,
MCOU,AR,00002147180,MOUNJARO  ,2023,1,true,,,
FFSU,AR,00002147180,MOUNJARO  ,2023,1,true,,,
MCOU,AR,00002148480,MOUNJARO  ,2023,1,true,,,
MCOU,AR,00002149580,MOUNJARO  ,2023,1,true,,,
MCOU,AR,00002150680,MOUNJARO  ,2023,1,false,24.000,12,12040.54
MCOU,AZ,00002145780,MOUNJARO  ,2023,4,false,90.000,39,44338.13
MCOU,AZ,00002146080,MOUNJARO  ,2023,4,false,110.000,51,54148.23
MCOU,AZ,00002147180,MOUNJARO  ,2023,4,false,178.500,84,88119.26
MCOU,AZ,00002148480,MOUNJARO  ,2023,4,false,228.000,107,112914.98
MCOU,AZ,00002149580,MOUNJARO  ,2023,4,false,250.000,117,123521.55
MCOU,AZ,00002150680,MOUNJARO  ,2023,4,false,270.000,127,134182.33
MCOU,AZ,00002145780,MOUNJARO  ,2023,3,false,60.000,22,29581.12
MCOU,AZ,00002146001,MOUNJARO  ,2023,3,true,,,
MCOU,AZ,00002146080,MOUNJARO  ,2023,3,false,92.000,44,45495.60
MCOU,AZ,00002147180,MOUNJARO  ,2023,3,false,144.000,67,71506.51
MCOU,AZ,00002148480,MOUNJARO  ,2023,3,false,174.000,76,85813.28
MCOU,AZ,00002149580,MOUNJARO  ,2023,3,false,280.000,126,138016.89
MCOU,AZ,00002150680,MOUNJARO  ,2023,3,false,234.000,107,116010.87
MCOU,AZ,00002145780,MOUNJARO  ,2023,2,false,56.000,18,26575.64
MCOU,AZ,00002146080,MOUNJARO  ,2023,2,false,48.000,22,23513.24
MCOU,AZ,00002147101,MOUNJARO  ,2023,2,true,,,
MCOU,AZ,00002147180,MOUNJARO  ,2023,2,false,112.000,50,55124.06
MCOU,AZ,00002148480,MOUNJARO  ,2023,2,false,186.000,81,91655.93
MCOU,AZ,00002149580,MOUNJARO  ,2023,2,false,234.000,111,115574.38
MCOU,AZ,00002150680,MOUNJARO  ,2023,2,false,216.000,105,107269.81
MCOU,AZ,00002145780,MOUNJARO  ,2023,1,false,38.000,13,17761.24
MCOU,AZ,00002146080,MOUNJARO  ,2023,1,false,22.000,11,10840.66
MCOU,AZ,00002147180,MOUNJARO  ,2023,1,false,64.000,30,31521.09
MCOU,AZ,00002148480,MOUNJARO  ,2023,1,false,132.000,56,64927.75
MCOU,AZ,00002149580,MOUNJARO  ,2023,1,false,178.000,86,92304.32
MCOU,AZ,00002150680,MOUNJARO  ,2023,1,false,152.000,65,75224.71
FFSU,CA,00002145780,MOUNJARO 1,2023,4,false,3385.000,1481,1685470.94
MCOU,CA,00002145780,MOUNJARO 1,2023,4,true,,,
MCOU,CA,00002146080,MOUNJARO 1,2023,4,true,,,
FFSU,CA,00002146080,MOUNJARO 1,2023,4,false,3051.000,1362,1518066.44
FFSU,CA,00002147180,MOUNJARO 1,2023,4,false,5245.000,2316,2608410.18
MCOU,CA,00002147180,MOUNJARO 1,2023,4,false,26.000,13,13647.75
MCOU,CA,00002148480,MOUNJARO 7,2023,4,false,58.000,29,30146.98
FFSU,CA,00002148480,MOUNJARO 7,2023,4,false,8077.000,3577,4012937.43
MCOU,CA,00002149580,MOUNJARO 5,2023,4,false,133.500,69,70386.18
FFSU,CA,00002149580,MOUNJARO 5,2023,4,false,12109.000,5390,6022122.50
MCOU,CA,00002150680,MOUNJARO 2,2023,4,false,147.500,75,77600.76
FFSU,CA,00002150680,MOUNJARO 2,2023,4,false,8257.000,3875,4110999.23
FFSU,CA,00002145780,MOUNJARO 1,2023,3,false,2132.500,900,1060831.02
FFSU,CA,00002146080,MOUNJARO 1,2023,3,false,2392.000,1074,1190257.98
MCOU,CA,00002146080,MOUNJARO 1,2023,3,true,,,
MCOU,CA,00002147180,MOUNJARO 1,2023,3,true,,,
FFSU,CA,00002147180,MOUNJARO 1,2023,3,false,4924.000,2207,2447588.37
FFSU,CA,00002148480,MOUNJARO 7,2023,3,false,7184.500,3243,3570832.92
MCOU,CA,00002148480,MOUNJARO 7,2023,3,false,32.000,16,16769.75
MCOU,CA,00002149580,MOUNJARO 5,2023,3,false,128.000,64,67122.37
FFSU,CA,00002149580,MOUNJARO 5,2023,3,false,11910.500,5269,5920179.08
FFSU,CA,00002150680,MOUNJARO 2,2023,3,false,7738.000,3640,3846707.66
MCOU,CA,00002150680,MOUNJARO 2,2023,3,false,118.000,59,62024.41
FFSU,CA,00002145780,MOUNJARO 1,2023,2,false,2106.000,927,1045129.75
FFSU,CA,00002146080,MOUNJARO 1,2023,2,false,1371.000,620,681324.34
FFSU,CA,00002147180,MOUNJARO 1,2023,2,false,3080.000,1373,1527141.73
MCOU,CA,00002147180,MOUNJARO 1,2023,2,true,,,
MCOU,CA,00002148480,MOUNJARO 7,2023,2,true,,,
FFSU,CA,00002148480,MOUNJARO 7,2023,2,false,3901.500,1767,1936314.57
FFSU,CA,00002149580,MOUNJARO 5,2023,2,false,7826.000,3467,3880152.63
MCOU,CA,00002149580,MOUNJARO 5,2023,2,false,75.000,38,39074.91
MCOU,CA,00002150680,MOUNJARO 2,2023,2,false,88.000,44,46288.85
FFSU,CA,00002150680,MOUNJARO 2,2023,2,false,4680.000,2163,2322061.83
FFSU,CA,00002145780,MOUNJARO 1,2023,1,false,1406.000,601,690239.06
FFSU,CA,00002146080,MOUNJARO 1,2023,1,false,1070.000,493,525088.04
MCOU,CA,00002146080,MOUNJARO 1,2023,1,true,,,
FFSU,CA,00002147180,MOUNJARO 1,2023,1,false,1943.500,839,951556.74
FFSU,CA,00002148480,MOUNJARO 7,2023,1,false,3258.500,1447,1595918.15
FFSU,CA,00002149580,MOUNJARO 5,2023,1,false,6533.500,2930,3199562.78
MCOU,CA,00002149580,MOUNJARO 5,2023,1,false,39.000,20,20361.05
MCOU,CA,00002150680,MOUNJARO 2,2023,1,false,36.000,18,18856.12
FFSU,CA,00002150680,MOUNJARO 2,2023,1,false,5001.000,2301,2447756.01
MCOU,CO,00002145780,MOUNJARO  ,2023,4,true,,,
FFSU,CO,00002145780,MOUNJARO  ,2023,4,false,400.000,144,198291.29
FFSU,CO,00002146080,MOUNJARO  ,2023,4,false,307.500,127,152558.41
MCOU,CO,00002146080,MOUNJARO  ,2023,4,true,,,
FFSU,CO,00002147180,MOUNJARO  ,2023,4,false,616.000,264,303780.74
MCOU,CO,00002147180,MOUNJARO  ,2023,4,false,30.000,11,5114.99
MCOU,CO,00002148480,MOUNJARO  ,2023,4,true,,,
FFSU,CO,00002148480,MOUNJARO  ,2023,4,false,851.000,366,421297.96
MCOU,CO,00002149580,MOUNJARO  ,2023,4,false,52.000,21,14302.76
FFSU,CO,00002149580,MOUNJARO  ,2023,4,false,1068.000,473,532188.27
FFSU,CO,00002150680,MOUNJARO  ,2023,4,false,514.000,256,255080.02
MCOU,CO,00002150680,MOUNJARO  ,2023,4,true,,,
MCOU,CO,00002145780,MOUNJARO  ,2023,3,true,,,
FFSU,CO,00002145780,MOUNJARO  ,2023,3,false,260.000,92,128996.92
MCOU,CO,00002146080,MOUNJARO  ,2023,3,true,,,
FFSU,CO,00002146080,MOUNJARO  ,2023,3,false,286.500,118,142339.75
FFSU,CO,00002147180,MOUNJARO  ,2023,3,false,398.000,169,196727.86
MCOU,CO,00002147180,MOUNJARO  ,2023,3,false,30.000,13,14431.20
FFSU,CO,00002148480,MOUNJARO  ,2023,3,false,652.000,282,325360.23
MCOU,CO,00002148480,MOUNJARO  ,2023,3,false,26.000,13,12910.77
MCOU,CO,00002149580,MOUNJARO  ,2023,3,false,66.000,31,32818.51
FFSU,CO,00002149580,MOUNJARO  ,2023,3,false,981.000,418,493141.47
MCOU,CO,00002150680,MOUNJARO  ,2023,3,false,64.000,32,31878.22
FFSU,CO,00002150680,MOUNJARO  ,2023,3,false,458.000,231,223687.59
FFSU,CO,00002145780,MOUNJARO  ,2023,2,false,146.000,58,72234.10
MCOU,CO,00002145780,MOUNJARO  ,2023,2,true,,,
FFSU,CO,00002146080,MOUNJARO  ,2023,2,false,106.000,46,52535.70
MCOU,CO,00002146080,MOUNJARO  ,2023,2,true,,,
FFSU,CO,00002147180,MOUNJARO  ,2023,2,false,376.000,154,185942.09
MCOU,CO,00002147180,MOUNJARO  ,2023,2,false,70.000,35,33283.01
FFSU,CO,00002148480,MOUNJARO  ,2023,2,false,430.000,190,213007.44
MCOU,CO,00002148480,MOUNJARO  ,2023,2,false,56.000,28,27776.52
MCOU,CO,00002149580,MOUNJARO  ,2023,2,false,176.000,84,87153.11
FFSU,CO,00002149580,MOUNJARO  ,2023,2,false,666.000,278,331703.62
FFSU,CO,00002150680,MOUNJARO  ,2023,2,false,375.500,189,186340.56
MCOU,CO,00002150680,MOUNJARO  ,2023,2,false,138.000,69,68479.50
FFSU,CO,00002145780,MOUNJARO  ,2023,1,false,84.000,30,41378.66
MCOU,CO,00002145780,MOUNJARO  ,2023,1,true,,,
MCOU,CO,00002146080,MOUNJARO  ,2023,1,true,,,
FFSU,CO,00002146080,MOUNJARO  ,2023,1,false,46.000,19,22712.81
FFSU,CO,00002147180,MOUNJARO  ,2023,1,false,115.000,47,56641.60
MCOU,CO,00002147180,MOUNJARO  ,2023,1,true,,,
FFSU,CO,00002148480,MOUNJARO  ,2023,1,false,302.000,140,150300.64
MCOU,CO,00002148480,MOUNJARO  ,2023,1,false,24.000,12,11895.89
FFSU,CO,00002149580,MOUNJARO  ,2023,1,false,436.000,193,213281.27
MCOU,CO,00002149580,MOUNJARO  ,2023,1,false,104.000,52,51390.63
FFSU,CO,00002150680,MOUNJARO  ,2023,1,false,282.000,140,142416.53
MCOU,CO,00002150680,MOUNJARO  ,2023,1,false,100.000,50,49328.60
FFSU,CT,00002145780,MOUNJARO 1,2023,4,false,1418.000,594,704958.14
FFSU,CT,00002146080,MOUNJARO 1,2023,4,false,1424.000,609,707677.72
FFSU,CT,00002147180,MOUNJARO 1,2023,4,false,2550.000,1069,1266195.89
FFSU,CT,00002148480,MOUNJARO 7,2023,4,false,3336.000,1418,1656638.15
FFSU,CT,00002149580,MOUNJARO 5,2023,4,false,4417.500,1921,2194635.44
FFSU,CT,00002150680,MOUNJARO 2,2023,4,false,2813.500,1389,1400288.64
FFSU,CT,00002145780,MOUNJARO 1,2023,3,false,654.000,265,325012.72
FFSU,CT,00002146080,MOUNJARO 1,2023,3,false,1160.000,502,576466.95
FFSU,CT,00002147180,MOUNJARO 1,2023,3,false,1676.000,735,832518.69
FFSU,CT,00002148480,MOUNJARO 7,2023,3,false,2756.000,1194,1368602.94
FFSU,CT,00002149580,MOUNJARO 5,2023,3,false,3657.000,1573,1816453.23
FFSU,CT,00002150680,MOUNJARO 2,2023,3,false,2305.500,1135,1147503.38
FFSU,CT,00002145780,MOUNJARO 1,2023,2,false,520.000,217,257620.25
FFSU,CT,00002146080,MOUNJARO 1,2023,2,false,378.000,175,187705.34
FFSU,CT,00002147180,MOUNJARO 1,2023,2,false,1226.000,530,607075.80
FFSU,CT,00002148480,MOUNJARO 7,2023,2,false,1674.000,750,830093.57
FFSU,CT,00002149580,MOUNJARO 5,2023,2,false,2973.500,1292,1473268.68
FFSU,CT,00002150680,MOUNJARO 2,2023,2,false,2048.000,1003,1016730.15
FFSU,CT,00002145780,MOUNJARO 1,2023,1,false,218.000,86,107660.32
FFSU,CT,00002146080,MOUNJARO 1,2023,1,false,284.000,124,139785.59
FFSU,CT,00002147180,MOUNJARO 1,2023,1,false,454.000,207,223191.05
FFSU,CT,00002148480,MOUNJARO 7,2023,1,false,868.000,390,425917.52
FFSU,CT,00002149580,MOUNJARO 5,2023,1,false,2039.000,888,998928.46
FFSU,CT,00002150680,MOUNJARO 2,2023,1,false,1461.000,725,719153.87
MCOU,DC,00002145780,MOUNJARO 1,2023,4,false,22.000,11,10107.80
MCOU,DC,00002146001,MOUNJARO 1,2023,4,true,,,
MCOU,DC,00002146080,MOUNJARO 1,2023,4,true,,,
MCOU,DC,00002147101,MOUNJARO 1,2023,4,true,,,
FFSU,DC,00002147180,MOUNJARO 1,2023,4,true,,,
MCOU,DC,00002147180,MOUNJARO 1,2023,4,false,92.000,42,43936.36
MCOU,DC,00002148480,MOUNJARO 7,2023,4,false,130.000,61,62331.85
FFSU,DC,00002148480,MOUNJARO 7,2023,4,true,,,
MCOU,DC,00002149501,MOUNJARO 5,2023,4,true,,,
FFSU,DC,00002149580,MOUNJARO 5,2023,4,true,,,
MCOU,DC,00002149580,MOUNJARO 5,2023,4,false,238.000,105,103285.02
MCOU,DC,00002150601,MOUNJARO 2,2023,4,true,,,
FFSU,DC,00002150680,MOUNJARO 2,2023,4,true,,,
MCOU,DC,00002150680,MOUNJARO 2,2023,4,false,247.000,83,82107.26
MCOU,DC,00002145780,MOUNJARO 1,2023,3,true,,,
MCOU,DC,00002146080,MOUNJARO 1,2023,3,true,,,
MCOU,DC,00002147101,MOUNJARO 1,2023,3,true,,,
FFSU,DC,00002147180,MOUNJARO 1,2023,3,true,,,
MCOU,DC,00002147180,MOUNJARO 1,2023,3,false,34.000,15,17234.21
MCOU,DC,00002148480,MOUNJARO 7,2023,3,false,94.000,45,42670.60
FFSU,DC,00002148480,MOUNJARO 7,2023,3,true,,,
MCOU,DC,00002149501,MOUNJARO 5,2023,3,true,,,
MCOU,DC,00002149580,MOUNJARO 5,2023,3,false,112.000,56,49875.33
FFSU,DC,00002149580,MOUNJARO 5,2023,3,true,,,
MCOU,DC,00002150680,MOUNJARO 2,2023,3,false,112.000,56,55047.08
FFSU,DC,00002150680,MOUNJARO 2,2023,3,true,,,
MCOU,DC,00002145780,MOUNJARO 1,2023,2,true,,,
FFSU,DC,00002147180,MOUNJARO 1,2023,2,true,,,
MCOU,DC,00002147180,MOUNJARO 1,2023,2,true,,,
MCOU,DC,00002148480,MOUNJARO 7,2023,2,false,44.000,20,18405.28
FFSU,DC,00002148480,MOUNJARO 7,2023,2,true,,,
MCOU,DC,00002149580,MOUNJARO 5,2023,2,false,60.000,30,28494.67
MCOU,DC,00002150680,MOUNJARO 2,2023,2,false,80.000,38,36977.48
MCOU,DC,00002145780,MOUNJARO 1,2023,1,true,,,
MCOU,DC,00002146080,MOUNJARO 1,2023,1,true,,,
MCOU,DC,00002147180,MOUNJARO 1,2023,1,true,,,
MCOU,DC,00002148480,MOUNJARO 7,2023,1,true,,,
FFSU,DC,00002148480,MOUNJARO 7,2023,1,true,,,
FFSU,DC,00002149580,MOUNJARO 5,2023,1,true,,,
MCOU,DC,00002149580,MOUNJARO 5,2023,1,false,28.000,14,13383.52
MCOU,DC,00002150680,MOUNJARO 2,2023,1,true,,,
MCOU,DE,00002145780,MOUNJARO 1,2023,4,false,52.000,26,2257.79
FFSU,DE,00002145780,MOUNJARO 1,2023,4,true,,,
MCOU,DE,00002146080,MOUNJARO 1,2023,4,true,,,
MCOU,DE,00002147180,MOUNJARO 1,2023,4,false,46.000,23,2783.40
MCOU,DE,00002148480,MOUNJARO 7,2023,4,false,158.000,79,9881.58
MCOU,DE,00002149501,MOUNJARO 5,2023,4,true,,,
MCOU,DE,00002149580,MOUNJARO 5,2023,4,false,242.000,117,33140.98
MCOU,DE,00002150680,MOUNJARO 2,2023,4,false,122.000,61,10032.02
FFSU,DE,00002150680,MOUNJARO 2,2023,4,true,,,
MCOU,DE,00002145780,MOUNJARO 1,2023,3,false,38.000,19,3051.08
MCOU,DE,00002146080,MOUNJARO 1,2023,3,false,34.000,17,602.27
MCOU,DE,00002147180,MOUNJARO 1,2023,3,false,34.000,17,2690.14
MCOU,DE,00002148480,MOUNJARO 7,2023,3,false,115.000,58,7887.48
MCOU,DE,00002149580,MOUNJARO 5,2023,3,false,158.000,79,16059.96
MCOU,DE,00002150680,MOUNJARO 2,2023,3,false,90.000,45,15125.39
MCOU,DE,00002145780,MOUNJARO 1,2023,2,false,26.000,13,3971.02
MCOU,DE,00002146080,MOUNJARO 1,2023,2,false,28.000,14,0.00
MCOU,DE,00002147180,MOUNJARO 1,2023,2,false,36.000,18,3759.11
MCOU,DE,00002148480,MOUNJARO 7,2023,2,false,60.000,28,6712.55
MCOU,DE,00002149580,MOUNJARO 5,2023,2,false,124.000,62,9676.51
FFSU,DE,00002150680,MOUNJARO 2,2023,2,true,,,
MCOU,DE,00002150680,MOUNJARO 2,2023,2,false,60.000,29,6211.22
MCOU,DE,00002145780,MOUNJARO 1,2023,1,true,,,
MCOU,DE,00002146080,MOUNJARO 1,2023,1,true,,,
MCOU,DE,00002147180,MOUNJARO 1,2023,1,false,23.000,12,2310.06
MCOU,DE,00002148480,MOUNJARO 7,2023,1,false,34.000,17,922.36
MCOU,DE,00002149580,MOUNJARO 5,2023,1,false,102.000,49,10140.87
MCOU,DE,00002150680,MOUNJARO 2,2023,1,false,102.000,51,5048.06
MCOU,FL,00002145780,MOUNJARO  ,2023,4,false,230.000,115,111677.28
MCOU,FL,00002146080,MOUNJARO  ,2023,4,false,288.000,144,140003.90
FFSU,FL,00002146080,MOUNJARO  ,2023,4,false,22.000,11,8091.36
FFSU,FL,00002147180,MOUNJARO  ,2023,4,true,,,
MCOU,FL,00002147180,MOUNJARO  ,2023,4,false,674.000,337,324868.02
MCOU,FL,00002148480,MOUNJARO  ,2023,4,false,984.000,492,474342.03
FFSU,FL,00002148480,MOUNJARO  ,2023,4,true,,,
FFSU,FL,00002149580,MOUNJARO  ,2023,4,true,,,
MCOU,FL,00002149580,MOUNJARO  ,2023,4,false,1407.500,703,682183.22
MCOU,FL,00002150680,MOUNJARO  ,2023,4,false,972.000,486,469914.64
FFSU,FL,00002150680,MOUNJARO  ,2023,4,true,,,
MCOU,FL,00002145780,MOUNJARO  ,2023,3,false,120.000,60,58267.78
MCOU,FL,00002146001,MOUNJARO  ,2023,3,true,,,
FFSU,FL,00002146080,MOUNJARO  ,2023,3,true,,,
MCOU,FL,00002146080,MOUNJARO  ,2023,3,false,196.000,98,94387.74
MCOU,FL,00002147180,MOUNJARO  ,2023,3,false,370.000,185,179140.53
FFSU,FL,00002147180,MOUNJARO  ,2023,3,true,,,
FFSU,FL,00002148480,MOUNJARO  ,2023,3,true,,,
MCOU,FL,00002148480,MOUNJARO  ,2023,3,false,942.000,472,456807.97
MCOU,FL,00002149580,MOUNJARO  ,2023,3,false,1531.500,764,739641.31
FFSU,FL,00002149580,MOUNJARO  ,2023,3,true,,,
FFSU,FL,00002150680,MOUNJARO  ,2023,3,true,,,
MCOU,FL,00002150680,MOUNJARO  ,2023,3,false,898.000,446,434037.88
FFSU,FL,00002145780,MOUNJARO  ,2023,2,true,,,
MCOU,FL,00002145780,MOUNJARO  ,2023,2,false,64.000,32,30963.66
MCOU,FL,00002146080,MOUNJARO  ,2023,2,false,74.000,37,35885.23
FFSU,FL,00002146080,MOUNJARO  ,2023,2,true,,,
FFSU,FL,00002147180,MOUNJARO  ,2023,2,false,32.000,16,11156.61
MCOU,FL,00002147180,MOUNJARO  ,2023,2,false,285.000,143,138837.89
MCOU,FL,00002148480,MOUNJARO  ,2023,2,false,602.000,301,290305.20
FFSU,FL,00002148480,MOUNJARO  ,2023,2,true,,,
FFSU,FL,00002149580,MOUNJARO  ,2023,2,true,,,
MCOU,FL,00002149580,MOUNJARO  ,2023,2,false,1255.500,626,604643.22
MCOU,FL,00002150601,MOUNJARO  ,2023,2,true,,,
MCOU,FL,00002150680,MOUNJARO  ,2023,2,false,1045.000,518,504432.56
FFSU,FL,00002150680,MOUNJARO  ,2023,2,true,,,
MCOU,FL,00002145780,MOUNJARO  ,2023,1,false,42.000,21,20404.67
FFSU,FL,00002145780,MOUNJARO  ,2023,1,true,,,
MCOU,FL,00002146080,MOUNJARO  ,2023,1,false,44.000,22,21024.32
FFSU,FL,00002146080,MOUNJARO  ,2023,1,true,,,
FFSU,FL,00002147180,MOUNJARO  ,2023,1,true,,,
MCOU,FL,00002147180,MOUNJARO  ,2023,1,false,104.000,52,50802.94
MCOU,FL,00002148401,MOUNJARO  ,2023,1,true,,,
FFSU,FL,00002148480,MOUNJARO  ,2023,1,true,,,
MCOU,FL,00002148480,MOUNJARO  ,2023,1,false,220.000,109,106658.32
MCOU,FL,00002149580,MOUNJARO  ,2023,1,false,818.000,404,385824.89
FFSU,FL,00002149580,MOUNJARO  ,2023,1,true,,,
MCOU,FL,00002150601,MOUNJARO  ,2023,1,true,,,
MCOU,FL,00002150680,MOUNJARO  ,2023,1,false,612.000,299,290891.98
FFSU,FL,00002150680,MOUNJARO  ,2023,1,false,26.000,13,6120.01
FFSU,GA,00002145780,MOUNJARO  ,2023,4,true,,,
MCOU,GA,00002145780,MOUNJARO  ,2023,4,false,138.000,70,68471.56
MCOU,GA,00002146080,MOUNJARO  ,2023,4,false,126.000,63,65079.10
FFSU,GA,00002146080,MOUNJARO  ,2023,4,true,,,
FFSU,GA,00002147180,MOUNJARO  ,2023,4,false,49.000,27,24325.73
MCOU,GA,00002147180,MOUNJARO  ,2023,4,false,236.000,119,122936.28
MCOU,GA,00002148480,MOUNJARO  ,2023,4,false,432.000,218,237313.99
FFSU,GA,00002148480,MOUNJARO  ,2023,4,false,30.000,15,13901.04
FFSU,GA,00002149580,MOUNJARO  ,2023,4,false,102.000,51,50091.79
MCOU,GA,00002149580,MOUNJARO  ,2023,4,false,486.000,243,253084.86
MCOU,GA,00002150680,MOUNJARO  ,2023,4,false,260.000,130,130490.20
FFSU,GA,00002150680,MOUNJARO  ,2023,4,false,142.000,71,69521.30
MCOU,GA,00002145780,MOUNJARO  ,2023,3,false,90.000,45,43664.92
FFSU,GA,00002146080,MOUNJARO  ,2023,3,true,,,
MCOU,GA,00002146080,MOUNJARO  ,2023,3,false,142.000,71,69749.30
FFSU,GA,00002147101,MOUNJARO  ,2023,3,true,,,
FFSU,GA,00002147180,MOUNJARO  ,2023,3,false,22.000,13,10881.42
MCOU,GA,00002147180,MOUNJARO  ,2023,3,false,214.000,107,112674.13
FFSU,GA,00002148480,MOUNJARO  ,2023,3,false,28.000,14,13873.52
MCOU,GA,00002148480,MOUNJARO  ,2023,3,false,440.000,220,231923.03
MCOU,GA,00002149580,MOUNJARO  ,2023,3,false,514.000,257,267666.81
FFSU,GA,00002149580,MOUNJARO  ,2023,3,false,32.000,16,15882.28
MCOU,GA,00002150680,MOUNJARO  ,2023,3,false,328.000,164,164383.89
FFSU,GA,00002150680,MOUNJARO  ,2023,3,false,52.000,26,25833.94
FFSU,GA,00002145780,MOUNJARO  ,2023,2,true,,,
MCOU,GA,00002145780,MOUNJARO  ,2023,2,false,50.000,25,24312.13
MCOU,GA,00002146080,MOUNJARO  ,2023,2,false,78.000,39,39447.00
FFSU,GA,00002146080,MOUNJARO  ,2023,2,true,,,
FFSU,GA,00002147180,MOUNJARO  ,2023,2,true,,,
MCOU,GA,00002147180,MOUNJARO  ,2023,2,false,216.000,108,114279.70
MCOU,GA,00002148480,MOUNJARO  ,2023,2,false,360.000,182,191305.11
FFSU,GA,00002148480,MOUNJARO  ,2023,2,true,,,
FFSU,GA,00002149580,MOUNJARO  ,2023,2,true,,,
MCOU,GA,00002149580,MOUNJARO  ,2023,2,false,528.000,264,269206.57
FFSU,GA,00002150680,MOUNJARO  ,2023,2,true,,,
MCOU,GA,00002150680,MOUNJARO  ,2023,2,false,436.000,219,225451.06
MCOU,GA,00002145780,MOUNJARO  ,2023,1,true,,,
FFSU,GA,00002146080,MOUNJARO  ,2023,1,true,,,
MCOU,GA,00002146080,MOUNJARO  ,2023,1,false,26.000,13,12705.19
MCOU,GA,00002147180,MOUNJARO  ,2023,1,false,84.000,42,44296.94
MCOU,GA,00002148401,MOUNJARO  ,2023,1,true,,,
MCOU,GA,00002148480,MOUNJARO  ,2023,1,false,232.000,116,119543.34
FFSU,GA,00002148480,MOUNJARO  ,2023,1,true,,,
FFSU,GA,00002149580,MOUNJARO  ,2023,1,true,,,
MCOU,GA,00002149580,MOUNJARO  ,2023,1,false,444.000,223,227319.15
MCOU,GA,00002150680,MOUNJARO  ,2023,1,false,300.000,150,157872.40
FFSU,GA,00002150680,MOUNJARO  ,2023,1,true,,,
MCOU,HI,00002145780,MOUNJARO 1,2023,4,false,86.000,38,25164.87
MCOU,HI,00002146080,MOUNJARO 1,2023,4,false,124.000,41,17264.07
MCOU,HI,00002147180,MOUNJARO 1,2023,4,false,142.000,55,50441.70
MCOU,HI,00002148401,MOUNJARO 7,2023,4,true,,,
MCOU,HI,00002148480,MOUNJARO 7,2023,4,false,188.000,73,69322.34
MCOU,HI,00002149501,MOUNJARO 5,2023,4,true,,,
MCOU,HI,00002149580,MOUNJARO 5,2023,4,false,256.000,117,66968.90
MCOU,HI,00002150601,MOUNJARO 2,2023,4,true,,,
MCOU,HI,00002150680,MOUNJARO 2,2023,4,false,286.000,111,41021.21
MCOU,HI,00002145780,MOUNJARO 1,2023,3,false,32.000,14,12981.36
MCOU,HI,00002146080,MOUNJARO 1,2023,3,false,50.000,18,14805.20
MCOU,HI,00002147180,MOUNJARO 1,2023,3,false,74.000,32,30622.97
MCOU,HI,00002148480,MOUNJARO 7,2023,3,false,166.000,61,58256.65
MCOU,HI,00002149580,MOUNJARO 5,2023,3,false,272.000,125,43901.23
MCOU,HI,00002150680,MOUNJARO 2,2023,3,false,334.000,133,39507.82
MCOU,HI,00002145780,MOUNJARO 1,2023,2,false,74.000,21,11353.06
MCOU,HI,00002146080,MOUNJARO 1,2023,2,true,,,
MCOU,HI,00002147180,MOUNJARO 1,2023,2,false,140.000,55,23035.51
MCOU,HI,00002148480,MOUNJARO 7,2023,2,false,110.000,45,39713.04
MCOU,HI,00002149580,MOUNJARO 5,2023,2,false,352.000,144,62813.89
MCOU,HI,00002150680,MOUNJARO 2,2023,2,false,302.000,134,37843.64
MCOU,HI,00002145780,MOUNJARO 1,2023,1,false,38.000,15,9353.10
MCOU,HI,00002146080,MOUNJARO 1,2023,1,true,,,
MCOU,HI,00002147180,MOUNJARO 1,2023,1,true,,,
MCOU,HI,00002148480,MOUNJARO 7,2023,1,false,42.000,20,16336.43
MCOU,HI,00002149580,MOUNJARO 5,2023,1,false,260.000,94,39194.55
MCOU,HI,00002150680,MOUNJARO 2,2023,1,false,224.000,93,36277.45
MCOU,IA,00002145780,MOUNJARO 1,2023,4,false,394.500,198,194983.72
FFSU,IA,00002145780,MOUNJARO 1,2023,4,true,,,
MCOU,IA,00002146080,MOUNJARO 1,2023,4,false,374.000,187,185379.93
MCOU,IA,00002147180,MOUNJARO 1,2023,4,false,540.000,269,267495.12
FFSU,IA,00002147180,MOUNJARO 1,2023,4,true,,,
FFSU,IA,00002148480,MOUNJARO 7,2023,4,true,,,
MCOU,IA,00002148480,MOUNJARO 7,2023,4,false,818.500,407,404138.65
MCOU,IA,00002149580,MOUNJARO 5,2023,4,false,904.000,446,445773.70
FFSU,IA,00002149580,MOUNJARO 5,2023,4,true,,,
FFSU,IA,00002150680,MOUNJARO 2,2023,4,true,,,
MCOU,IA,00002150680,MOUNJARO 2,2023,4,false,542.000,269,267331.40
MCOU,IA,00002145780,MOUNJARO 1,2023,3,false,206.500,104,102161.04
FFSU,IA,00002145780,MOUNJARO 1,2023,3,true,,,
FFSU,IA,00002146080,MOUNJARO 1,2023,3,true,,,
MCOU,IA,00002146080,MOUNJARO 1,2023,3,false,302.000,151,149904.47
MCOU,IA,00002147180,MOUNJARO 1,2023,3,false,480.000,240,238212.54
FFSU,IA,00002147180,MOUNJARO 1,2023,3,true,,,
MCOU,IA,00002148480,MOUNJARO 7,2023,3,false,698.000,345,344977.26
MCOU,IA,00002149580,MOUNJARO 5,2023,3,false,951.000,474,469273.68
FFSU,IA,00002149580,MOUNJARO 5,2023,3,true,,,
FFSU,IA,00002150680,MOUNJARO 2,2023,3,true,,,
MCOU,IA,00002150680,MOUNJARO 2,2023,3,false,664.000,331,327505.24
MCOU,IA,00002145780,MOUNJARO 1,2023,2,false,154.000,75,78586.65
MCOU,IA,00002146080,MOUNJARO 1,2023,2,false,170.000,81,86132.86
FFSU,IA,00002146080,MOUNJARO 1,2023,2,true,,,
MCOU,IA,00002147180,MOUNJARO 1,2023,2,false,400.000,193,203770.20
MCOU,IA,00002148480,MOUNJARO 7,2023,2,false,605.500,296,300538.98
FFSU,IA,00002149580,MOUNJARO 5,2023,2,true,,,
MCOU,IA,00002149580,MOUNJARO 5,2023,2,false,914.000,443,450969.69
FFSU,IA,00002150680,MOUNJARO 2,2023,2,true,,,
MCOU,IA,00002150680,MOUNJARO 2,2023,2,false,619.000,304,305483.31
MCOU,IA,00002145780,MOUNJARO 1,2023,1,false,118.000,51,60432.02
MCOU,IA,00002146080,MOUNJARO 1,2023,1,false,132.000,59,67541.40
FFSU,IA,00002146080,MOUNJARO 1,2023,1,true,,,
MCOU,IA,00002147180,MOUNJARO 1,2023,1,false,171.500,86,87798.34
MCOU,IA,00002148401,MOUNJARO 7,2023,1,true,,,
MCOU,IA,00002148480,MOUNJARO 7,2023,1,false,351.000,175,173873.11
FFSU,IA,00002148480,MOUNJARO 7,2023,1,true,,,
MCOU,IA,00002149580,MOUNJARO 5,2023,1,false,846.500,402,415331.72
MCOU,IA,00002150680,MOUNJARO 2,2023,1,false,527.000,249,259021.87
FFSU,IA,00002150680,MOUNJARO 2,2023,1,true,,,
FFSU,ID,00002145780,MOUNJARO  ,2023,4,false,102.000,51,50972.83
FFSU,ID,00002146080,MOUNJARO  ,2023,4,false,86.000,43,42569.20
FFSU,ID,00002147180,MOUNJARO  ,2023,4,false,226.000,113,112132.47
FFSU,ID,00002148480,MOUNJARO  ,2023,4,false,316.000,158,156711.85
FFSU,ID,00002149580,MOUNJARO  ,2023,4,false,462.000,231,229975.82
FFSU,ID,00002150601,MOUNJARO  ,2023,4,true,,,
FFSU,ID,00002150680,MOUNJARO  ,2023,4,false,310.000,155,154114.84
FFSU,ID,00002145780,MOUNJARO  ,2023,3,false,30.000,15,14969.10
FFSU,ID,00002146080,MOUNJARO  ,2023,3,false,56.000,28,27867.15
FFSU,ID,00002147180,MOUNJARO  ,2023,3,false,116.000,58,57532.51
FFSU,ID,00002148480,MOUNJARO  ,2023,3,false,203.000,102,100962.77
FFSU,ID,00002149580,MOUNJARO  ,2023,3,false,284.000,142,140701.49
FFSU,ID,00002150680,MOUNJARO  ,2023,3,false,233.000,117,115573.76
FFSU,ID,00002145780,MOUNJARO  ,2023,2,true,,,
FFSU,ID,00002146080,MOUNJARO  ,2023,2,true,,,
FFSU,ID,00002147180,MOUNJARO  ,2023,2,false,76.000,38,37155.88
FFSU,ID,00002148480,MOUNJARO  ,2023,2,false,114.000,57,56752.64
FFSU,ID,00002149580,MOUNJARO  ,2023,2,false,124.000,62,61685.76
FFSU,ID,00002150680,MOUNJARO  ,2023,2,false,114.000,57,56677.48
FFSU,ID,00002145780,MOUNJARO  ,2023,1,true,,,
FFSU,ID,00002146080,MOUNJARO  ,2023,1,true,,,
FFSU,ID,00002147180,MOUNJARO  ,2023,1,true,,,
FFSU,ID,00002148480,MOUNJARO  ,2023,1,false,58.000,29,29441.59
FFSU,ID,00002149580,MOUNJARO  ,2023,1,false,96.000,48,48915.30
FFSU,ID,00002150680,MOUNJARO  ,2023,1,false,76.000,38,38771.89
FFSU,IL,00002145780,MOUNJARO 1,2023,4,true,,,
MCOU,IL,00002145780,MOUNJARO 1,2023,4,false,306.000,139,158527.90
FFSU,IL,00002146080,MOUNJARO 1,2023,4,false,30.000,13,16064.56
MCOU,IL,00002146080,MOUNJARO 1,2023,4,false,260.000,124,135817.45
MCOU,IL,00002147101,MOUNJARO 1,2023,4,true,,,
FFSU,IL,00002147180,MOUNJARO 1,2023,4,false,46.000,21,24122.15
MCOU,IL,00002147180,MOUNJARO 1,2023,4,false,580.000,269,297069.43
FFSU,IL,00002148480,MOUNJARO 7,2023,4,false,112.000,52,65606.42
MCOU,IL,00002148480,MOUNJARO 7,2023,4,false,738.000,354,383535.08
MCOU,IL,00002149580,MOUNJARO 5,2023,4,false,920.000,442,476306.33
FFSU,IL,00002149580,MOUNJARO 5,2023,4,false,178.000,82,104159.64
MCOU,IL,00002150601,MOUNJARO 2,2023,4,true,,,
MCOU,IL,00002150680,MOUNJARO 2,2023,4,false,657.500,326,333155.18
FFSU,IL,00002150680,MOUNJARO 2,2023,4,false,94.000,43,48982.00
MCOU,IL,00002145780,MOUNJARO 1,2023,3,false,147.000,70,78305.35
FFSU,IL,00002145780,MOUNJARO 1,2023,3,true,,,
FFSU,IL,00002146080,MOUNJARO 1,2023,3,false,24.000,12,11813.13
MCOU,IL,00002146080,MOUNJARO 1,2023,3,false,220.000,104,112331.74
MCOU,IL,00002147101,MOUNJARO 1,2023,3,true,,,
MCOU,IL,00002147180,MOUNJARO 1,2023,3,false,312.000,150,182262.85
FFSU,IL,00002147180,MOUNJARO 1,2023,3,false,40.000,19,20922.67
FFSU,IL,00002148480,MOUNJARO 7,2023,3,false,60.000,30,40707.77
MCOU,IL,00002148480,MOUNJARO 7,2023,3,false,512.000,244,264006.66
MCOU,IL,00002149580,MOUNJARO 5,2023,3,false,682.000,319,359213.24
FFSU,IL,00002149580,MOUNJARO 5,2023,3,false,148.000,74,82839.13
FFSU,IL,00002150680,MOUNJARO 2,2023,3,false,78.000,39,51039.98
MCOU,IL,00002150680,MOUNJARO 2,2023,3,false,526.000,253,268955.77
MCOU,IL,00002145780,MOUNJARO 1,2023,2,false,72.000,34,43338.86
FFSU,IL,00002145780,MOUNJARO 1,2023,2,true,,,
FFSU,IL,00002146080,MOUNJARO 1,2023,2,true,,,
MCOU,IL,00002146080,MOUNJARO 1,2023,2,false,70.000,35,42357.13
MCOU,IL,00002147101,MOUNJARO 1,2023,2,true,,,
FFSU,IL,00002147180,MOUNJARO 1,2023,2,false,38.000,19,24078.89
MCOU,IL,00002147180,MOUNJARO 1,2023,2,false,160.000,72,82769.08
MCOU,IL,00002148480,MOUNJARO 7,2023,2,false,326.000,162,176446.46
FFSU,IL,00002148480,MOUNJARO 7,2023,2,false,34.000,17,18448.76
FFSU,IL,00002149580,MOUNJARO 5,2023,2,false,88.000,44,46361.61
MCOU,IL,00002149580,MOUNJARO 5,2023,2,false,480.000,237,244388.90
MCOU,IL,00002150680,MOUNJARO 2,2023,2,false,308.000,154,163624.26
FFSU,IL,00002150680,MOUNJARO 2,2023,2,false,58.000,27,33238.68
MCOU,IL,00002145780,MOUNJARO 1,2023,1,false,50.000,21,24682.48
FFSU,IL,00002145780,MOUNJARO 1,2023,1,true,,,
FFSU,IL,00002146080,MOUNJARO 1,2023,1,true,,,
MCOU,IL,00002146080,MOUNJARO 1,2023,1,false,46.000,23,27037.62
MCOU,IL,00002147180,MOUNJARO 1,2023,1,false,99.000,42,58872.99
FFSU,IL,00002147180,MOUNJARO 1,2023,1,false,22.000,11,16504.25
FFSU,IL,00002148480,MOUNJARO 7,2023,1,false,44.000,20,22730.05
MCOU,IL,00002148480,MOUNJARO 7,2023,1,false,186.000,85,105861.78
MCOU,IL,00002149580,MOUNJARO 5,2023,1,false,378.000,185,197951.58
FFSU,IL,00002149580,MOUNJARO 5,2023,1,false,44.000,22,23329.42
MCOU,IL,00002150601,MOUNJARO 2,2023,1,true,,,
FFSU,IL,00002150680,MOUNJARO 2,2023,1,false,44.000,22,21473.64
MCOU,IL,00002150680,MOUNJARO 2,2023,1,false,286.000,140,149280.38
MCOU,IN,00002145780,MOUNJARO 1,2023,4,false,1754.000,712,842893.99
FFSU,IN,00002145780,MOUNJARO 1,2023,4,false,38.000,19,18922.29
MCOU,IN,00002146080,MOUNJARO 1,2023,4,false,1322.000,557,634698.01
FFSU,IN,00002146080,MOUNJARO 1,2023,4,false,88.000,38,43735.19
FFSU,IN,00002147180,MOUNJARO 1,2023,4,false,84.000,34,41696.96
MCOU,IN,00002147180,MOUNJARO 1,2023,4,false,2048.000,888,982840.27
FFSU,IN,00002148480,MOUNJARO 7,2023,4,false,152.000,64,75472.20
MCOU,IN,00002148480,MOUNJARO 7,2023,4,false,3078.000,1365,1478872.27
MCOU,IN,00002149501,MOUNJARO 5,2023,4,true,,,
MCOU,IN,00002149580,MOUNJARO 5,2023,4,false,3436.000,1525,1667634.08
FFSU,IN,00002149580,MOUNJARO 5,2023,4,false,170.000,78,84495.69
FFSU,IN,00002150680,MOUNJARO 2,2023,4,false,54.000,27,26879.58
MCOU,IN,00002150680,MOUNJARO 2,2023,4,false,2007.000,1010,968070.00
MCOU,IN,00002145780,MOUNJARO 1,2023,3,false,1282.000,545,611801.01
FFSU,IN,00002145780,MOUNJARO 1,2023,3,false,26.500,12,13182.70
FFSU,IN,00002146080,MOUNJARO 1,2023,3,false,62.000,29,30836.76
MCOU,IN,00002146080,MOUNJARO 1,2023,3,false,1590.000,719,764150.14
MCOU,IN,00002147180,MOUNJARO 1,2023,3,false,2182.500,972,1054119.97
FFSU,IN,00002147180,MOUNJARO 1,2023,3,false,66.000,31,32806.79
FFSU,IN,00002148480,MOUNJARO 7,2023,3,false,116.000,53,57640.78
MCOU,IN,00002148480,MOUNJARO 7,2023,3,false,3536.000,1617,1707228.86
MCOU,IN,00002149580,MOUNJARO 5,2023,3,false,3626.000,1665,1747196.33
FFSU,IN,00002149580,MOUNJARO 5,2023,3,false,164.000,71,81463.78
FFSU,IN,00002150680,MOUNJARO 2,2023,3,false,70.000,35,34843.90
MCOU,IN,00002150680,MOUNJARO 2,2023,3,false,1764.000,881,857034.40
MCOU,IN,00002145780,MOUNJARO 1,2023,2,false,1004.000,462,485317.16
FFSU,IN,00002145780,MOUNJARO 1,2023,2,false,32.000,14,15858.71
FFSU,IN,00002146080,MOUNJARO 1,2023,2,false,28.500,15,14169.37
MCOU,IN,00002146080,MOUNJARO 1,2023,2,false,758.000,347,364303.35
MCOU,IN,00002147180,MOUNJARO 1,2023,2,false,1791.000,832,865908.72
FFSU,IN,00002147180,MOUNJARO 1,2023,2,false,70.000,35,34711.25
FFSU,IN,00002148480,MOUNJARO 7,2023,2,false,76.000,38,37727.92
MCOU,IN,00002148480,MOUNJARO 7,2023,2,false,2791.000,1300,1343474.77
FFSU,IN,00002149580,MOUNJARO 5,2023,2,false,142.000,64,70382.11
MCOU,IN,00002149580,MOUNJARO 5,2023,2,false,4288.000,2014,2087676.52
MCOU,IN,00002150680,MOUNJARO 2,2023,2,false,2108.000,1053,1029811.64
FFSU,IN,00002150680,MOUNJARO 2,2023,2,false,57.000,29,28297.13
MCOU,IN,00002145780,MOUNJARO 1,2023,1,false,662.000,290,321508.42
FFSU,IN,00002145780,MOUNJARO 1,2023,1,true,,,
FFSU,IN,00002146080,MOUNJARO 1,2023,1,true,,,
MCOU,IN,00002146080,MOUNJARO 1,2023,1,false,532.000,244,252335.14
MCOU,IN,00002147180,MOUNJARO 1,2023,1,false,828.000,378,403985.61
FFSU,IN,00002147180,MOUNJARO 1,2023,1,false,47.000,22,22963.36
MCOU,IN,00002148480,MOUNJARO 7,2023,1,false,1678.000,800,823694.58
FFSU,IN,00002148480,MOUNJARO 7,2023,1,false,110.000,53,54116.98
MCOU,IN,00002149580,MOUNJARO 5,2023,1,false,3694.000,1720,1807790.37
FFSU,IN,00002149580,MOUNJARO 5,2023,1,false,173.000,81,83923.84
MCOU,IN,00002150601,MOUNJARO 2,2023,1,true,,,
MCOU,IN,00002150680,MOUNJARO 2,2023,1,false,2212.500,1108,1084911.90
FFSU,IN,00002150680,MOUNJARO 2,2023,1,false,85.500,51,41788.83
MCOU,KS,00002145780,MOUNJARO 1,2023,4,false,126.000,63,72133.30
MCOU,KS,00002146080,MOUNJARO 1,2023,4,false,108.000,54,60390.21
MCOU,KS,00002147101,MOUNJARO 1,2023,4,true,,,
MCOU,KS,00002147180,MOUNJARO 1,2023,4,false,280.000,138,149660.44
MCOU,KS,00002148480,MOUNJARO 7,2023,4,false,316.000,158,170164.90
MCOU,KS,00002149580,MOUNJARO 5,2023,4,false,468.000,235,242921.12
MCOU,KS,00002150680,MOUNJARO 2,2023,4,false,354.000,182,190272.82
MCOU,KS,00002145780,MOUNJARO 1,2023,3,false,78.000,40,39168.90
MCOU,KS,00002146080,MOUNJARO 1,2023,3,false,98.000,52,48776.07
MCOU,KS,00002147180,MOUNJARO 1,2023,3,false,174.000,88,86526.61
MCOU,KS,00002148480,MOUNJARO 7,2023,3,false,280.000,143,139262.20
MCOU,KS,00002149580,MOUNJARO 5,2023,3,false,467.000,235,232775.73
MCOU,KS,00002150680,MOUNJARO 2,2023,3,false,320.000,166,159268.60
MCOU,KS,00002145780,MOUNJARO 1,2023,2,false,44.000,22,22172.92
MCOU,KS,00002146080,MOUNJARO 1,2023,2,false,48.500,26,24119.11
MCOU,KS,00002147180,MOUNJARO 1,2023,2,false,100.000,52,49597.59
MCOU,KS,00002148480,MOUNJARO 7,2023,2,false,184.000,91,91348.30
MCOU,KS,00002149580,MOUNJARO 5,2023,2,false,352.000,183,174716.00
MCOU,KS,00002150680,MOUNJARO 2,2023,2,false,316.000,170,156978.08
MCOU,KS,00002145780,MOUNJARO 1,2023,1,false,22.000,11,11157.51
MCOU,KS,00002146080,MOUNJARO 1,2023,1,false,50.000,25,24909.76
MCOU,KS,00002147180,MOUNJARO 1,2023,1,false,34.000,21,16715.87
MCOU,KS,00002148480,MOUNJARO 7,2023,1,false,94.000,49,46877.52
MCOU,KS,00002149580,MOUNJARO 5,2023,1,false,194.000,104,95884.03
MCOU,KS,00002150680,MOUNJARO 2,2023,1,false,206.000,104,101751.31
MCOU,KY,00002145701,MOUNJARO  ,2023,4,true,,,
MCOU,KY,00002145780,MOUNJARO  ,2023,4,false,1817.500,868,908084.93
FFSU,KY,00002145780,MOUNJARO  ,2023,4,false,61.500,38,30589.28
MCOU,KY,00002146001,MOUNJARO  ,2023,4,true,,,
FFSU,KY,00002146080,MOUNJARO  ,2023,4,false,56.000,28,27854.68
MCOU,KY,00002146080,MOUNJARO  ,2023,4,false,2542.000,1210,1217260.60
MCOU,KY,00002147101,MOUNJARO  ,2023,4,true,,,
FFSU,KY,00002147180,MOUNJARO  ,2023,4,true,,,
MCOU,KY,00002147180,MOUNJARO  ,2023,4,false,16141.000,7516,7576145.89
MCOU,KY,00002148401,MOUNJARO  ,2023,4,true,,,
FFSU,KY,00002148480,MOUNJARO  ,2023,4,false,66.000,31,32798.79
MCOU,KY,00002148480,MOUNJARO  ,2023,4,false,11689.000,5414,5593371.62
MCOU,KY,00002149501,MOUNJARO  ,2023,4,true,,,
FFSU,KY,00002149580,MOUNJARO  ,2023,4,false,46.000,23,22887.07
MCOU,KY,00002149580,MOUNJARO  ,2023,4,false,20975.500,9822,9941374.08
MCOU,KY,00002150601,MOUNJARO  ,2023,4,true,,,
FFSU,KY,00002150680,MOUNJARO  ,2023,4,false,66.000,31,32836.82
MCOU,KY,00002150680,MOUNJARO  ,2023,4,false,12478.500,6045,5893036.62
MCOU,KY,00002145701,MOUNJARO  ,2023,3,true,,,
MCOU,KY,00002145780,MOUNJARO  ,2023,3,false,1636.000,758,848935.83
FFSU,KY,00002145780,MOUNJARO  ,2023,3,true,,,
MCOU,KY,00002146001,MOUNJARO  ,2023,3,true,,,
FFSU,KY,00002146080,MOUNJARO  ,2023,3,false,36.000,18,17909.62
MCOU,KY,00002146080,MOUNJARO  ,2023,3,false,84.000,36,46348.04
MCOU,KY,00002147101,MOUNJARO  ,2023,3,false,38.000,19,19437.76
FFSU,KY,00002147180,MOUNJARO  ,2023,3,false,24.000,12,11939.28
MCOU,KY,00002147180,MOUNJARO  ,2023,3,false,94.000,45,48768.39
MCOU,KY,00002148401,MOUNJARO  ,2023,3,true,,,
FFSU,KY,00002148480,MOUNJARO  ,2023,3,false,50.500,32,25085.91
MCOU,KY,00002148480,MOUNJARO  ,2023,3,false,6644.000,3144,3409020.57
MCOU,KY,00002149501,MOUNJARO  ,2023,3,false,28.000,14,14322.56
FFSU,KY,00002149580,MOUNJARO  ,2023,3,false,38.500,26,19142.16
MCOU,KY,00002149580,MOUNJARO  ,2023,3,false,422.000,201,215876.24
MCOU,KY,00002150601,MOUNJARO  ,2023,3,true,,,
FFSU,KY,00002150680,MOUNJARO  ,2023,3,true,,,
MCOU,KY,00002150680,MOUNJARO  ,2023,3,false,214.500,105,108579.87
MCOU,KY,00002145701,MOUNJARO  ,2023,2,true,,,
FFSU,KY,00002145780,MOUNJARO  ,2023,2,true,,,
MCOU,KY,00002145780,MOUNJARO  ,2023,2,false,1054.000,506,547954.26
MCOU,KY,00002146001,MOUNJARO  ,2023,2,true,,,
FFSU,KY,00002146080,MOUNJARO  ,2023,2,true,,,
MCOU,KY,00002146080,MOUNJARO  ,2023,2,false,1200.500,585,630675.32
MCOU,KY,00002147101,MOUNJARO  ,2023,2,false,32.000,16,16368.64
MCOU,KY,00002147180,MOUNJARO  ,2023,2,false,2806.000,1357,1458147.45
FFSU,KY,00002147180,MOUNJARO  ,2023,2,false,17.000,13,8447.21
MCOU,KY,00002148401,MOUNJARO  ,2023,2,true,,,
MCOU,KY,00002148480,MOUNJARO  ,2023,2,false,4331.000,2059,2202568.17
FFSU,KY,00002148480,MOUNJARO  ,2023,2,false,27.500,16,13667.05
MCOU,KY,00002149501,MOUNJARO  ,2023,2,false,24.000,12,12276.48
FFSU,KY,00002149580,MOUNJARO  ,2023,2,false,56.500,29,28024.54
MCOU,KY,00002149580,MOUNJARO  ,2023,2,false,8046.500,3853,4140585.44
MCOU,KY,00002150601,MOUNJARO  ,2023,2,true,,,
MCOU,KY,00002150680,MOUNJARO  ,2023,2,false,5389.000,2692,2748686.55
FFSU,KY,00002150680,MOUNJARO  ,2023,2,true,,,
MCOU,KY,00002145701,MOUNJARO  ,2023,1,true,,,
FFSU,KY,00002145780,MOUNJARO  ,2023,1,true,,,
MCOU,KY,00002145780,MOUNJARO  ,2023,1,false,520.500,248,268063.25
MCOU,KY,00002146001,MOUNJARO  ,2023,1,true,,,
FFSU,KY,00002146080,MOUNJARO  ,2023,1,true,,,
MCOU,KY,00002146080,MOUNJARO  ,2023,1,false,677.500,331,349356.08
MCOU,KY,00002147101,MOUNJARO  ,2023,1,true,,,
MCOU,KY,00002147180,MOUNJARO  ,2023,1,false,1121.000,539,581964.06
FFSU,KY,00002147180,MOUNJARO  ,2023,1,true,,,
MCOU,KY,00002148401,MOUNJARO  ,2023,1,true,,,
MCOU,KY,00002148480,MOUNJARO  ,2023,1,false,2166.500,1053,1124976.13
FFSU,KY,00002148480,MOUNJARO  ,2023,1,true,,,
MCOU,KY,00002149501,MOUNJARO  ,2023,1,true,,,
MCOU,KY,00002149580,MOUNJARO  ,2023,1,false,5288.000,2523,2707012.32
FFSU,KY,00002149580,MOUNJARO  ,2023,1,false,26.000,13,12844.99
MCOU,KY,00002150601,MOUNJARO  ,2023,1,true,,,
MCOU,KY,00002150680,MOUNJARO  ,2023,1,true,,,
FFSU,KY,00002150680,MOUNJARO  ,2023,1,true,,,
FFSU,LA,00002145780,MOUNJARO  ,2023,4,true,,,
MCOU,LA,00002145780,MOUNJARO  ,2023,4,false,1985.000,974,984240.69
MCOU,LA,00002146080,MOUNJARO  ,2023,4,false,2694.000,1330,1334813.05
FFSU,LA,00002146080,MOUNJARO  ,2023,4,true,,,
FFSU,LA,00002147180,MOUNJARO  ,2023,4,true,,,
MCOU,LA,00002147180,MOUNJARO  ,2023,4,false,4940.500,2426,2449012.48
MCOU,LA,00002148401,MOUNJARO  ,2023,4,true,,,
FFSU,LA,00002148480,MOUNJARO  ,2023,4,false,24.000,12,11832.56
MCOU,LA,00002148480,MOUNJARO  ,2023,4,false,7799.000,3858,3871565.79
MCOU,LA,00002149501,MOUNJARO  ,2023,4,true,,,
FFSU,LA,00002149580,MOUNJARO  ,2023,4,false,48.000,20,23832.10
MCOU,LA,00002149580,MOUNJARO  ,2023,4,false,9816.000,4824,4866631.96
MCOU,LA,00002150601,MOUNJARO  ,2023,4,true,,,
FFSU,LA,00002150680,MOUNJARO  ,2023,4,true,,,
MCOU,LA,00002150680,MOUNJARO  ,2023,4,false,4966.000,2462,2466778.87
FFSU,LA,00002145780,MOUNJARO  ,2023,3,true,,,
MCOU,LA,00002145780,MOUNJARO  ,2023,3,false,1096.000,544,541356.28
MCOU,LA,00002146001,MOUNJARO  ,2023,3,true,,,
FFSU,LA,00002146080,MOUNJARO  ,2023,3,true,,,
MCOU,LA,00002146080,MOUNJARO  ,2023,3,false,2292.000,1132,1139809.76
FFSU,LA,00002147180,MOUNJARO  ,2023,3,false,56.000,24,27805.28
MCOU,LA,00002147180,MOUNJARO  ,2023,3,false,3543.000,1756,1768036.87
MCOU,LA,00002148401,MOUNJARO  ,2023,3,true,,,
FFSU,LA,00002148480,MOUNJARO  ,2023,3,false,112.000,53,55629.51
MCOU,LA,00002148480,MOUNJARO  ,2023,3,false,6403.500,3175,3207597.18
MCOU,LA,00002149501,MOUNJARO  ,2023,3,true,,,
FFSU,LA,00002149580,MOUNJARO  ,2023,3,false,168.000,80,83481.06
MCOU,LA,00002149580,MOUNJARO  ,2023,3,false,8690.000,4327,4342688.96
MCOU,LA,00002150601,MOUNJARO  ,2023,3,true,,,
FFSU,LA,00002150680,MOUNJARO  ,2023,3,false,116.000,50,57633.28
MCOU,LA,00002150680,MOUNJARO  ,2023,3,false,4082.000,2036,2045657.06
FFSU,LA,00002145780,MOUNJARO  ,2023,2,true,,,
MCOU,LA,00002145780,MOUNJARO  ,2023,2,false,811.000,404,403099.63
MCOU,LA,00002146080,MOUNJARO  ,2023,2,false,920.000,453,453373.51
FFSU,LA,00002146080,MOUNJARO  ,2023,2,true,,,
FFSU,LA,00002147180,MOUNJARO  ,2023,2,true,,,
MCOU,LA,00002147180,MOUNJARO  ,2023,2,false,2466.500,1223,1222853.39
MCOU,LA,00002148401,MOUNJARO  ,2023,2,true,,,
MCOU,LA,00002148480,MOUNJARO  ,2023,2,false,4172.500,2081,2078750.08
FFSU,LA,00002148480,MOUNJARO  ,2023,2,false,56.000,26,27772.92
MCOU,LA,00002149501,MOUNJARO  ,2023,2,true,,,
MCOU,LA,00002149580,MOUNJARO  ,2023,2,false,7154.000,3565,3575956.67
FFSU,LA,00002149580,MOUNJARO  ,2023,2,false,106.000,45,52500.42
MCOU,LA,00002150601,MOUNJARO  ,2023,2,true,,,
MCOU,LA,00002150680,MOUNJARO  ,2023,2,false,3918.500,1957,1959082.97
FFSU,LA,00002150680,MOUNJARO  ,2023,2,false,67.000,28,33193.55
MCOU,LA,00002145780,MOUNJARO  ,2023,1,false,430.500,210,211596.17
FFSU,LA,00002145780,MOUNJARO  ,2023,1,true,,,
MCOU,LA,00002146080,MOUNJARO  ,2023,1,false,530.000,265,263075.97
FFSU,LA,00002146080,MOUNJARO  ,2023,1,true,,,
MCOU,LA,00002147180,MOUNJARO  ,2023,1,false,904.000,448,448714.83
FFSU,LA,00002147180,MOUNJARO  ,2023,1,true,,,
MCOU,LA,00002148480,MOUNJARO  ,2023,1,false,2061.000,1025,1024834.61
FFSU,LA,00002148480,MOUNJARO  ,2023,1,true,,,
MCOU,LA,00002149580,MOUNJARO  ,2023,1,false,4554.000,2256,2268575.26
FFSU,LA,00002149580,MOUNJARO  ,2023,1,false,30.000,15,14847.06
MCOU,LA,00002150601,MOUNJARO  ,2023,1,true,,,
MCOU,LA,00002150680,MOUNJARO  ,2023,1,false,2735.500,1368,1370858.20
FFSU,LA,00002150680,MOUNJARO  ,2023,1,true,,,
MCOU,MA,00002145701,MOUNJARO 1,2023,4,true,,,
FFSU,MA,00002145780,MOUNJARO 1,2023,4,false,126.000,61,62274.13
MCOU,MA,00002145780,MOUNJARO 1,2023,4,false,380.000,156,186261.29
MCOU,MA,00002146080,MOUNJARO 1,2023,4,false,452.000,201,220176.86
FFSU,MA,00002146080,MOUNJARO 1,2023,4,false,116.000,58,57233.58
MCOU,MA,00002147180,MOUNJARO 1,2023,4,false,836.000,384,408888.76
FFSU,MA,00002147180,MOUNJARO 1,2023,4,false,270.000,129,131268.86
MCOU,MA,00002148480,MOUNJARO 7,2023,4,false,1232.000,576,603260.27
FFSU,MA,00002148480,MOUNJARO 7,2023,4,false,431.500,214,213239.11
FFSU,MA,00002149580,MOUNJARO 5,2023,4,false,484.000,240,237820.90
MCOU,MA,00002149580,MOUNJARO 5,2023,4,false,1657.000,762,809783.46
MCOU,MA,00002150680,MOUNJARO 2,2023,4,false,1048.000,516,514234.87
FFSU,MA,00002150680,MOUNJARO 2,2023,4,false,276.000,134,136374.42
MCOU,MA,00002145701,MOUNJARO 1,2023,3,true,,,
FFSU,MA,00002145780,MOUNJARO 1,2023,3,false,56.000,27,27840.04
MCOU,MA,00002145780,MOUNJARO 1,2023,3,false,224.000,91,109779.15
MCOU,MA,00002146001,MOUNJARO 1,2023,3,true,,,
FFSU,MA,00002146080,MOUNJARO 1,2023,3,false,88.000,44,43621.42
MCOU,MA,00002146080,MOUNJARO 1,2023,3,false,338.000,146,163352.65
FFSU,MA,00002147180,MOUNJARO 1,2023,3,false,158.000,79,78188.26
MCOU,MA,00002147180,MOUNJARO 1,2023,3,false,524.000,238,255762.56
MCOU,MA,00002148480,MOUNJARO 7,2023,3,false,961.000,449,465433.08
FFSU,MA,00002148480,MOUNJARO 7,2023,3,false,292.500,144,144708.09
FFSU,MA,00002149580,MOUNJARO 5,2023,3,false,460.000,225,227718.77
MCOU,MA,00002149580,MOUNJARO 5,2023,3,false,1424.500,663,698572.33
FFSU,MA,00002150680,MOUNJARO 2,2023,3,false,234.000,117,116144.44
MCOU,MA,00002150680,MOUNJARO 2,2023,3,false,748.500,361,368314.31
FFSU,MA,00002145780,MOUNJARO 1,2023,2,false,80.000,38,39641.38
MCOU,MA,00002145780,MOUNJARO 1,2023,2,false,134.000,61,65589.45
MCOU,MA,00002146001,MOUNJARO 1,2023,2,true,,,
FFSU,MA,00002146080,MOUNJARO 1,2023,2,false,48.000,20,23321.17
MCOU,MA,00002146080,MOUNJARO 1,2023,2,false,158.000,67,77481.00
MCOU,MA,00002147180,MOUNJARO 1,2023,2,false,410.000,182,196294.60
FFSU,MA,00002147180,MOUNJARO 1,2023,2,false,126.000,61,61734.17
MCOU,MA,00002148480,MOUNJARO 7,2023,2,false,700.000,321,344379.88
FFSU,MA,00002148480,MOUNJARO 7,2023,2,false,214.000,99,103253.59
FFSU,MA,00002149580,MOUNJARO 5,2023,2,false,450.000,219,220665.65
MCOU,MA,00002149580,MOUNJARO 5,2023,2,false,1426.000,681,706334.86
FFSU,MA,00002150680,MOUNJARO 2,2023,2,false,200.000,100,98854.64
MCOU,MA,00002150680,MOUNJARO 2,2023,2,false,1370.000,679,680981.23
MCOU,MA,00002145780,MOUNJARO 1,2023,1,false,28.000,14,11129.91
FFSU,MA,00002145780,MOUNJARO 1,2023,1,false,70.000,31,34007.05
FFSU,MA,00002146080,MOUNJARO 1,2023,1,false,28.000,14,13811.77
MCOU,MA,00002146080,MOUNJARO 1,2023,1,false,26.000,13,11066.53
FFSU,MA,00002147180,MOUNJARO 1,2023,1,false,78.000,39,37970.54
MCOU,MA,00002147180,MOUNJARO 1,2023,1,false,50.000,25,23810.99
FFSU,MA,00002148480,MOUNJARO 7,2023,1,false,204.000,100,99850.13
MCOU,MA,00002148480,MOUNJARO 7,2023,1,false,74.000,35,33781.27
MCOU,MA,00002149580,MOUNJARO 5,2023,1,false,246.000,115,122583.02
FFSU,MA,00002149580,MOUNJARO 5,2023,1,false,446.000,202,216965.69
MCOU,MA,00002150601,MOUNJARO 2,2023,1,true,,,
MCOU,MA,00002150680,MOUNJARO 2,2023,1,false,138.000,69,68846.48
FFSU,MA,00002150680,MOUNJARO 2,2023,1,false,230.000,111,112347.97
MCOU,MD,00002145780,MOUNJARO 1,2023,4,false,168.500,83,80316.39
FFSU,MD,00002146080,MOUNJARO 1,2023,4,true,,,
MCOU,MD,00002146080,MOUNJARO 1,2023,4,false,180.000,90,84768.07
MCOU,MD,00002147101,MOUNJARO 1,2023,4,true,,,
MCOU,MD,00002147180,MOUNJARO 1,2023,4,false,356.000,175,179807.45
MCOU,MD,00002148401,MOUNJARO 7,2023,4,true,,,
FFSU,MD,00002148480,MOUNJARO 7,2023,4,true,,,
MCOU,MD,00002148480,MOUNJARO 7,2023,4,false,544.000,266,267815.94
MCOU,MD,00002149501,MOUNJARO 5,2023,4,true,,,
FFSU,MD,00002149580,MOUNJARO 5,2023,4,false,35.000,34,17425.88
MCOU,MD,00002149580,MOUNJARO 5,2023,4,false,824.500,397,404530.59
MCOU,MD,00002150680,MOUNJARO 2,2023,4,false,540.000,268,268083.14
FFSU,MD,00002150680,MOUNJARO 2,2023,4,true,,,
MCOU,MD,00002145780,MOUNJARO 1,2023,3,false,84.000,45,40518.83
FFSU,MD,00002145780,MOUNJARO 1,2023,3,true,,,
FFSU,MD,00002146080,MOUNJARO 1,2023,3,true,,,
MCOU,MD,00002146080,MOUNJARO 1,2023,3,false,158.000,79,75779.59
MCOU,MD,00002147101,MOUNJARO 1,2023,3,true,,,
MCOU,MD,00002147180,MOUNJARO 1,2023,3,false,298.000,146,144767.84
MCOU,MD,00002148480,MOUNJARO 7,2023,3,false,401.000,193,190262.38
MCOU,MD,00002149501,MOUNJARO 5,2023,3,true,,,
FFSU,MD,00002149580,MOUNJARO 5,2023,3,false,18.500,18,9206.16
MCOU,MD,00002149580,MOUNJARO 5,2023,3,false,667.000,318,320036.17
FFSU,MD,00002150680,MOUNJARO 2,2023,3,true,,,
MCOU,MD,00002150680,MOUNJARO 2,2023,3,false,422.500,212,201959.76
MCOU,MD,00002145780,MOUNJARO 1,2023,2,false,53.500,28,26277.64
FFSU,MD,00002146080,MOUNJARO 1,2023,2,true,,,
MCOU,MD,00002146080,MOUNJARO 1,2023,2,false,112.000,52,52149.58
MCOU,MD,00002147101,MOUNJARO 1,2023,2,true,,,
MCOU,MD,00002147180,MOUNJARO 1,2023,2,false,263.000,127,125744.50
MCOU,MD,00002148480,MOUNJARO 7,2023,2,false,246.000,124,119139.80
MCOU,MD,00002149501,MOUNJARO 5,2023,2,true,,,
MCOU,MD,00002149580,MOUNJARO 5,2023,2,false,564.000,276,270804.47
FFSU,MD,00002149580,MOUNJARO 5,2023,2,false,15.500,11,7676.01
MCOU,MD,00002150680,MOUNJARO 2,2023,2,false,378.000,190,183519.43
FFSU,MD,00002150680,MOUNJARO 2,2023,2,true,,,
MCOU,MD,00002145780,MOUNJARO 1,2023,1,false,30.000,15,14895.75
MCOU,MD,00002146001,MOUNJARO 1,2023,1,true,,,
MCOU,MD,00002146080,MOUNJARO 1,2023,1,false,56.000,28,27636.21
FFSU,MD,00002146080,MOUNJARO 1,2023,1,true,,,
MCOU,MD,00002147180,MOUNJARO 1,2023,1,false,108.000,52,53298.32
FFSU,MD,00002147180,MOUNJARO 1,2023,1,true,,,
MCOU,MD,00002148480,MOUNJARO 7,2023,1,false,220.000,108,106396.27
MCOU,MD,00002149501,MOUNJARO 5,2023,1,true,,,
MCOU,MD,00002149580,MOUNJARO 5,2023,1,false,464.000,226,225980.59
FFSU,MD,00002149580,MOUNJARO 5,2023,1,true,,,
MCOU,MD,00002150601,MOUNJARO 2,2023,1,true,,,
FFSU,MD,00002150680,MOUNJARO 2,2023,1,true,,,
MCOU,MD,00002150680,MOUNJARO 2,2023,1,false,315.000,159,152308.00
FFSU,ME,00002145780,MOUNJARO  ,2023,4,false,90.000,45,43774.78
FFSU,ME,00002146080,MOUNJARO  ,2023,4,false,66.000,33,32647.99
FFSU,ME,00002147180,MOUNJARO  ,2023,4,false,136.000,68,67508.48
FFSU,ME,00002148480,MOUNJARO  ,2023,4,false,150.000,75,74293.35
FFSU,ME,00002149580,MOUNJARO  ,2023,4,false,180.000,88,89106.04
FFSU,ME,00002150680,MOUNJARO  ,2023,4,false,104.000,52,51349.20
FFSU,ME,00002145780,MOUNJARO  ,2023,3,false,32.000,16,15696.39
FFSU,ME,00002146080,MOUNJARO  ,2023,3,false,46.000,23,22677.22
FFSU,ME,00002147180,MOUNJARO  ,2023,3,false,84.000,42,41580.55
FFSU,ME,00002148480,MOUNJARO  ,2023,3,false,176.000,88,87026.59
FFSU,ME,00002149580,MOUNJARO  ,2023,3,false,210.000,103,103783.60
FFSU,ME,00002150680,MOUNJARO  ,2023,3,false,82.000,41,39981.28
FFSU,ME,00002145780,MOUNJARO  ,2023,2,true,,,
FFSU,ME,00002146080,MOUNJARO  ,2023,2,false,32.000,16,15702.21
FFSU,ME,00002147180,MOUNJARO  ,2023,2,false,40.000,20,19819.74
FFSU,ME,00002148480,MOUNJARO  ,2023,2,false,88.000,44,43489.34
FFSU,ME,00002149580,MOUNJARO  ,2023,2,false,192.500,97,94787.59
FFSU,ME,00002150680,MOUNJARO  ,2023,2,false,100.000,49,48760.70
FFSU,ME,00002145780,MOUNJARO  ,2023,1,true,,,
FFSU,ME,00002146080,MOUNJARO  ,2023,1,false,24.000,12,11583.36
FFSU,ME,00002147180,MOUNJARO  ,2023,1,false,26.000,13,12634.02
FFSU,ME,00002148480,MOUNJARO  ,2023,1,false,30.000,15,14730.40
FFSU,ME,00002149580,MOUNJARO  ,2023,1,false,114.000,57,54720.51
FFSU,ME,00002150680,MOUNJARO  ,2023,1,false,54.000,27,26563.73
MCOU,MI,00002145701,MOUNJARO  ,2023,4,true,,,
MCOU,MI,00002145780,MOUNJARO  ,2023,4,false,704.000,322,345326.10
FFSU,MI,00002145780,MOUNJARO  ,2023,4,false,166.000,65,77911.13
FFSU,MI,00002146080,MOUNJARO  ,2023,4,false,136.000,62,61188.83
MCOU,MI,00002146080,MOUNJARO  ,2023,4,false,728.000,349,357587.39
FFSU,MI,00002147180,MOUNJARO  ,2023,4,false,243.500,108,112818.41
MCOU,MI,00002147180,MOUNJARO  ,2023,4,false,1626.000,776,798467.91
MCOU,MI,00002148401,MOUNJARO  ,2023,4,true,,,
FFSU,MI,00002148480,MOUNJARO  ,2023,4,false,362.000,152,168519.96
MCOU,MI,00002148480,MOUNJARO  ,2023,4,false,2232.000,1064,1095789.94
FFSU,MI,00002149580,MOUNJARO  ,2023,4,false,546.000,249,255546.72
MCOU,MI,00002149580,MOUNJARO  ,2023,4,false,3055.500,1459,1501266.57
MCOU,MI,00002150601,MOUNJARO  ,2023,4,true,,,
FFSU,MI,00002150680,MOUNJARO  ,2023,4,false,310.000,144,142438.87
MCOU,MI,00002150680,MOUNJARO  ,2023,4,false,2080.000,1037,1025602.40
FFSU,MI,00002145780,MOUNJARO  ,2023,3,false,104.000,38,49007.30
MCOU,MI,00002145780,MOUNJARO  ,2023,3,false,270.000,129,132562.60
MCOU,MI,00002146080,MOUNJARO  ,2023,3,false,452.000,217,221966.71
FFSU,MI,00002146080,MOUNJARO  ,2023,3,false,162.000,73,73343.40
MCOU,MI,00002147180,MOUNJARO  ,2023,3,false,894.500,437,439898.48
FFSU,MI,00002147180,MOUNJARO  ,2023,3,false,196.000,91,89101.12
MCOU,MI,00002148401,MOUNJARO  ,2023,3,true,,,
MCOU,MI,00002148480,MOUNJARO  ,2023,3,false,1478.000,726,726895.54
FFSU,MI,00002148480,MOUNJARO  ,2023,3,false,300.000,140,140178.06
MCOU,MI,00002149501,MOUNJARO  ,2023,3,true,,,
FFSU,MI,00002149580,MOUNJARO  ,2023,3,false,510.000,243,240346.12
MCOU,MI,00002149580,MOUNJARO  ,2023,3,false,2187.500,1079,1077343.60
MCOU,MI,00002150601,MOUNJARO  ,2023,3,true,,,
MCOU,MI,00002150680,MOUNJARO  ,2023,3,false,1459.000,730,718419.36
FFSU,MI,00002150680,MOUNJARO  ,2023,3,false,320.000,147,148582.23
MCOU,MI,00002145780,MOUNJARO  ,2023,2,false,94.000,45,46157.86
FFSU,MI,00002145780,MOUNJARO  ,2023,2,false,82.000,37,38737.78
FFSU,MI,00002146080,MOUNJARO  ,2023,2,false,62.000,31,28645.54
MCOU,MI,00002146080,MOUNJARO  ,2023,2,false,118.000,59,58112.50
MCOU,MI,00002147180,MOUNJARO  ,2023,2,false,366.000,177,179934.79
FFSU,MI,00002147180,MOUNJARO  ,2023,2,false,102.000,49,46637.63
FFSU,MI,00002148480,MOUNJARO  ,2023,2,false,168.000,74,77496.11
MCOU,MI,00002148480,MOUNJARO  ,2023,2,false,754.500,372,371096.31
FFSU,MI,00002149580,MOUNJARO  ,2023,2,false,342.000,153,160386.11
MCOU,MI,00002149580,MOUNJARO  ,2023,2,false,1370.000,675,673471.41
MCOU,MI,00002150601,MOUNJARO  ,2023,2,true,,,
FFSU,MI,00002150680,MOUNJARO  ,2023,2,false,254.000,123,115724.80
MCOU,MI,00002150680,MOUNJARO  ,2023,2,false,1166.000,587,576413.49
FFSU,MI,00002145780,MOUNJARO  ,2023,1,true,,,
MCOU,MI,00002145780,MOUNJARO  ,2023,1,true,,,
MCOU,MI,00002146080,MOUNJARO  ,2023,1,false,30.000,15,14802.80
FFSU,MI,00002146080,MOUNJARO  ,2023,1,true,,,
FFSU,MI,00002147180,MOUNJARO  ,2023,1,false,36.000,18,16523.17
MCOU,MI,00002147180,MOUNJARO  ,2023,1,false,66.000,33,32364.20
MCOU,MI,00002148480,MOUNJARO  ,2023,1,false,98.000,49,48271.69
FFSU,MI,00002148480,MOUNJARO  ,2023,1,false,44.000,22,20987.63
MCOU,MI,00002149580,MOUNJARO  ,2023,1,false,350.000,167,171935.35
FFSU,MI,00002149580,MOUNJARO  ,2023,1,false,117.000,47,53457.86
FFSU,MI,00002150680,MOUNJARO  ,2023,1,false,118.000,55,54248.90
MCOU,MI,00002150680,MOUNJARO  ,2023,1,false,394.000,197,194524.07
MCOU,MN,00002145780,MOUNJARO  ,2023,4,false,490.000,245,244014.70
FFSU,MN,00002145780,MOUNJARO  ,2023,4,true,,,
FFSU,MN,00002146080,MOUNJARO  ,2023,4,true,,,
MCOU,MN,00002146080,MOUNJARO  ,2023,4,false,322.000,161,160352.22
FFSU,MN,00002147180,MOUNJARO  ,2023,4,true,,,
MCOU,MN,00002147180,MOUNJARO  ,2023,4,false,236.000,116,117757.33
MCOU,MN,00002148480,MOUNJARO  ,2023,4,false,356.500,182,176640.89
FFSU,MN,00002148480,MOUNJARO  ,2023,4,false,32.000,16,16203.52
FFSU,MN,00002149580,MOUNJARO  ,2023,4,false,44.000,22,22284.68
MCOU,MN,00002149580,MOUNJARO  ,2023,4,false,337.000,172,164709.29
MCOU,MN,00002150680,MOUNJARO  ,2023,4,false,234.000,119,115953.48
FFSU,MN,00002150680,MOUNJARO  ,2023,4,true,,,
MCOU,MN,00002145780,MOUNJARO  ,2023,3,false,282.000,141,140899.38
MCOU,MN,00002146080,MOUNJARO  ,2023,3,false,262.000,131,131190.81
FFSU,MN,00002146080,MOUNJARO  ,2023,3,true,,,
FFSU,MN,00002147180,MOUNJARO  ,2023,3,true,,,
MCOU,MN,00002147180,MOUNJARO  ,2023,3,false,386.000,193,193580.45
MCOU,MN,00002148480,MOUNJARO  ,2023,3,false,292.000,146,145117.72
FFSU,MN,00002148480,MOUNJARO  ,2023,3,false,32.000,16,16201.61
FFSU,MN,00002149580,MOUNJARO  ,2023,3,false,28.000,14,14175.86
MCOU,MN,00002149580,MOUNJARO  ,2023,3,false,560.000,281,279362.73
MCOU,MN,00002150680,MOUNJARO  ,2023,3,false,170.000,85,84388.49
FFSU,MN,00002150680,MOUNJARO  ,2023,3,true,,,
MCOU,MN,00002145780,MOUNJARO  ,2023,2,false,182.000,91,91121.13
MCOU,MN,00002146080,MOUNJARO  ,2023,2,false,118.000,59,58764.67
MCOU,MN,00002147180,MOUNJARO  ,2023,2,false,290.000,113,113847.12
FFSU,MN,00002147180,MOUNJARO  ,2023,2,true,,,
FFSU,MN,00002148480,MOUNJARO  ,2023,2,true,,,
MCOU,MN,00002148480,MOUNJARO  ,2023,2,false,198.000,99,98748.45
MCOU,MN,00002149580,MOUNJARO  ,2023,2,false,540.000,269,271429.91
FFSU,MN,00002149580,MOUNJARO  ,2023,2,true,,,
FFSU,MN,00002150680,MOUNJARO  ,2023,2,true,,,
MCOU,MN,00002150680,MOUNJARO  ,2023,2,false,172.000,86,87853.03
MCOU,MN,00002145780,MOUNJARO  ,2023,1,false,70.000,35,35546.04
MCOU,MN,00002146080,MOUNJARO  ,2023,1,false,60.000,30,30289.00
FFSU,MN,00002147180,MOUNJARO  ,2023,1,true,,,
MCOU,MN,00002147180,MOUNJARO  ,2023,1,false,116.000,58,58714.40
FFSU,MN,00002148480,MOUNJARO  ,2023,1,true,,,
MCOU,MN,00002148480,MOUNJARO  ,2023,1,false,216.500,109,110077.63
MCOU,MN,00002149580,MOUNJARO  ,2023,1,false,440.000,219,222116.38
FFSU,MN,00002149580,MOUNJARO  ,2023,1,true,,,
FFSU,MN,00002150680,MOUNJARO  ,2023,1,false,22.000,11,11028.33
MCOU,MN,00002150680,MOUNJARO  ,2023,1,false,322.000,161,163474.52
FFSU,MO,00002145780,MOUNJARO  ,2023,4,false,120.000,60,46391.89
FFSU,MO,00002146080,MOUNJARO  ,2023,4,false,134.000,67,38097.62
FFSU,MO,00002147180,MOUNJARO  ,2023,4,false,138.000,69,45980.04
FFSU,MO,00002148480,MOUNJARO  ,2023,4,false,146.000,73,33576.48
FFSU,MO,00002149580,MOUNJARO  ,2023,4,false,218.000,109,67669.25
FFSU,MO,00002150680,MOUNJARO  ,2023,4,false,140.000,70,39924.54
FFSU,MO,00002145780,MOUNJARO  ,2023,3,false,48.000,24,14542.51
FFSU,MO,00002146080,MOUNJARO  ,2023,3,false,94.000,47,31611.40
FFSU,MO,00002147180,MOUNJARO  ,2023,3,false,130.000,65,32166.76
FFSU,MO,00002148480,MOUNJARO  ,2023,3,false,170.000,85,36019.99
FFSU,MO,00002149580,MOUNJARO  ,2023,3,false,200.000,100,55685.52
FFSU,MO,00002150680,MOUNJARO  ,2023,3,false,132.000,66,34779.69
FFSU,MO,00002145780,MOUNJARO  ,2023,2,false,50.000,25,14044.32
FFSU,MO,00002146080,MOUNJARO  ,2023,2,false,30.000,15,10459.73
FFSU,MO,00002147180,MOUNJARO  ,2023,2,false,80.000,40,23468.88
FFSU,MO,00002148480,MOUNJARO  ,2023,2,false,124.000,62,45547.73
FFSU,MO,00002149580,MOUNJARO  ,2023,2,false,186.000,93,52369.43
FFSU,MO,00002150680,MOUNJARO  ,2023,2,false,100.000,50,31360.20
FFSU,MO,00002145780,MOUNJARO  ,2023,1,true,,,
FFSU,MO,00002146080,MOUNJARO  ,2023,1,true,,,
FFSU,MO,00002147180,MOUNJARO  ,2023,1,false,26.000,13,8340.20
FFSU,MO,00002148480,MOUNJARO  ,2023,1,false,96.000,48,37101.12
FFSU,MO,00002149580,MOUNJARO  ,2023,1,false,118.000,59,45481.21
FFSU,MO,00002150680,MOUNJARO  ,2023,1,false,114.000,57,43157.49
MCOU,MS,00002145780,MOUNJARO 1,2023,4,false,42.000,21,20931.12
FFSU,MS,00002145780,MOUNJARO 1,2023,4,false,22.000,11,10963.92
MCOU,MS,00002146080,MOUNJARO 1,2023,4,false,84.000,42,41841.24
FFSU,MS,00002146080,MOUNJARO 1,2023,4,true,,,
FFSU,MS,00002147180,MOUNJARO 1,2023,4,false,24.000,12,11947.08
MCOU,MS,00002147180,MOUNJARO 1,2023,4,false,146.000,71,74366.93
MCOU,MS,00002148401,MOUNJARO  ,2023,4,true,,,
FFSU,MS,00002148480,MOUNJARO 7,2023,4,true,,,
MCOU,MS,00002148480,MOUNJARO 7,2023,4,false,128.000,60,57860.16
FFSU,MS,00002149580,MOUNJARO 5,2023,4,true,,,
MCOU,MS,00002149580,MOUNJARO 5,2023,4,false,124.000,62,61735.88
MCOU,MS,00002150680,MOUNJARO 2,2023,4,false,32.000,16,16882.65
MCOU,MS,00002145780,MOUNJARO 1,2023,3,false,46.000,23,22924.56
FFSU,MS,00002145780,MOUNJARO 1,2023,3,true,,,
FFSU,MS,00002146080,MOUNJARO 1,2023,3,true,,,
MCOU,MS,00002146080,MOUNJARO 1,2023,3,false,74.000,35,33931.48
MCOU,MS,00002147180,MOUNJARO 1,2023,3,false,98.000,47,45917.14
FFSU,MS,00002147180,MOUNJARO 1,2023,3,true,,,
MCOU,MS,00002148401,MOUNJARO  ,2023,3,true,,,
MCOU,MS,00002148480,MOUNJARO 7,2023,3,false,142.000,67,67792.78
FFSU,MS,00002148480,MOUNJARO 7,2023,3,true,,,
FFSU,MS,00002149580,MOUNJARO 5,2023,3,true,,,
MCOU,MS,00002149580,MOUNJARO 5,2023,3,false,114.000,57,56757.18
MCOU,MS,00002150680,MOUNJARO 2,2023,3,false,50.000,25,24908.75
FFSU,MS,00002150680,MOUNJARO 2,2023,3,false,26.000,13,12952.55
FFSU,MS,00002145780,MOUNJARO 1,2023,2,true,,,
MCOU,MS,00002145780,MOUNJARO 1,2023,2,false,30.000,15,14905.78
MCOU,MS,00002146080,MOUNJARO 1,2023,2,false,36.000,18,17915.52
FFSU,MS,00002146080,MOUNJARO 1,2023,2,true,,,
FFSU,MS,00002147180,MOUNJARO 1,2023,2,true,,,
MCOU,MS,00002147180,MOUNJARO 1,2023,2,false,72.000,36,35762.19
MCOU,MS,00002148480,MOUNJARO 7,2023,2,false,64.000,30,28977.07
FFSU,MS,00002148480,MOUNJARO 7,2023,2,false,22.000,11,10930.15
FFSU,MS,00002149580,MOUNJARO 5,2023,2,true,,,
MCOU,MS,00002149580,MOUNJARO 5,2023,2,false,97.000,47,45466.92
MCOU,MS,00002150680,MOUNJARO 2,2023,2,false,64.000,32,31968.40
FFSU,MS,00002150680,MOUNJARO 2,2023,2,true,,,
MCOU,MS,00002145780,MOUNJARO  ,2023,1,true,,,
MCOU,MS,00002146080,MOUNJARO  ,2023,1,true,,,
MCOU,MS,00002147180,MOUNJARO  ,2023,1,false,24.000,12,11958.72
FFSU,MS,00002147180,MOUNJARO 1,2023,1,true,,,
FFSU,MS,00002148480,MOUNJARO 7,2023,1,true,,,
MCOU,MS,00002148480,MOUNJARO  ,2023,1,false,34.000,17,16960.05
MCOU,MS,00002149580,MOUNJARO  ,2023,1,false,80.000,40,40153.07
FFSU,MS,00002149580,MOUNJARO 5,2023,1,true,,,
FFSU,MS,00002150680,MOUNJARO 2,2023,1,true,,,
MCOU,MS,00002150680,MOUNJARO  ,2023,1,false,36.000,18,18819.10
FFSU,MT,00002145780,MOUNJARO 1,2023,4,false,64.000,32,32118.23
FFSU,MT,00002146080,MOUNJARO 1,2023,4,false,28.000,14,14199.75
FFSU,MT,00002147180,MOUNJARO 1,2023,4,false,72.000,36,36004.90
FFSU,MT,00002148480,MOUNJARO 7,2023,4,false,85.000,43,42482.03
FFSU,MT,00002149580,MOUNJARO 5,2023,4,false,118.000,59,59086.75
FFSU,MT,00002150680,MOUNJARO 2,2023,4,false,80.000,40,39998.51
FFSU,MT,00002145780,MOUNJARO 1,2023,3,false,34.000,17,17095.76
FFSU,MT,00002146080,MOUNJARO 1,2023,3,false,28.000,14,14503.82
FFSU,MT,00002147180,MOUNJARO 1,2023,3,false,54.000,27,26984.05
FFSU,MT,00002148480,MOUNJARO 7,2023,3,false,78.000,37,39087.89
FFSU,MT,00002149580,MOUNJARO 5,2023,3,false,94.000,47,47090.56
FFSU,MT,00002150680,MOUNJARO 2,2023,3,false,40.000,20,19981.13
FFSU,MT,00002145780,MOUNJARO 1,2023,2,false,36.000,17,18584.12
FFSU,MT,00002146080,MOUNJARO 1,2023,2,true,,,
FFSU,MT,00002147180,MOUNJARO 1,2023,2,false,30.000,15,15380.04
FFSU,MT,00002148480,MOUNJARO 7,2023,2,false,46.000,23,23078.90
FFSU,MT,00002149580,MOUNJARO 5,2023,2,false,74.000,33,36975.22
FFSU,MT,00002150680,MOUNJARO 2,2023,2,false,40.000,18,19997.11
FFSU,MT,00002145780,MOUNJARO 1,2023,1,true,,,
FFSU,MT,00002146080,MOUNJARO 1,2023,1,true,,,
FFSU,MT,00002147180,MOUNJARO 1,2023,1,true,,,
FFSU,MT,00002148480,MOUNJARO 7,2023,1,false,22.000,11,11246.97
FFSU,MT,00002149580,MOUNJARO 5,2023,1,false,32.000,15,15929.19
FFSU,MT,00002150680,MOUNJARO 2,2023,1,false,32.000,16,15878.02
MCOU,XX,00002145701,MOUNJARO 1,2023,4,false,28.000,12,15000.79
FFSU,XX,00002145780,MOUNJARO 1,2023,4,false,9679.000,4417,4789863.65
MCOU,XX,00002145780,MOUNJARO 1,2023,4,false,13979.500,6442,6872711.12
MCOU,XX,00002146001,MOUNJARO 1,2023,4,false,22.500,12,11266.76
FFSU,XX,00002146080,MOUNJARO 1,2023,4,false,9680.500,4509,4771070.75
MCOU,XX,00002146080,MOUNJARO 1,2023,4,false,15023.500,7055,7359820.83
FFSU,XX,00002147101,MOUNJARO 1,2023,4,true,,,
MCOU,XX,00002147101,MOUNJARO 1,2023,4,false,44.000,22,22347.01
FFSU,XX,00002147180,MOUNJARO 1,2023,4,false,17417.500,8058,8607401.35
MCOU,XX,00002147180,MOUNJARO 1,2023,4,false,38625.500,18122,18683709.52
FFSU,XX,00002148401,MOUNJARO 7,2023,4,true,,,
MCOU,XX,00002148401,MOUNJARO 7,2023,4,false,54.000,27,24232.42
FFSU,XX,00002148480,MOUNJARO 7,2023,4,false,26094.500,12142,12898494.35
MCOU,XX,00002148480,MOUNJARO 7,2023,4,false,44839.000,21196,21870217.01
FFSU,XX,00002149501,MOUNJARO 5,2023,4,true,,,
MCOU,XX,00002149501,MOUNJARO 5,2023,4,false,58.500,33,23384.17
FFSU,XX,00002149580,MOUNJARO 5,2023,4,false,37621.000,17663,18638593.60
MCOU,XX,00002149580,MOUNJARO 5,2023,4,false,63477.500,30073,30846356.29
FFSU,XX,00002150601,MOUNJARO 2,2023,4,true,,,
MCOU,XX,00002150601,MOUNJARO 2,2023,4,false,40.500,21,19442.41
FFSU,XX,00002150680,MOUNJARO 2,2023,4,false,25413.500,12016,12591093.92
MCOU,XX,00002150680,MOUNJARO 2,2023,4,false,38371.000,18720,18635267.03
MCOU,XX,00002145701,MOUNJARO 1,2023,3,true,,,
FFSU,XX,00002145780,MOUNJARO 1,2023,3,false,5016.500,2212,2479178.45
MCOU,XX,00002145780,MOUNJARO 1,2023,3,false,8673.500,3999,4281149.86
MCOU,XX,00002146001,MOUNJARO 1,2023,3,false,30.000,15,15279.24
FFSU,XX,00002146080,MOUNJARO 1,2023,3,false,7491.500,3493,3694012.99
MCOU,XX,00002146080,MOUNJARO 1,2023,3,false,10952.000,5188,5359090.29
FFSU,XX,00002147101,MOUNJARO 1,2023,3,true,,,
MCOU,XX,00002147101,MOUNJARO 1,2023,3,false,68.000,32,34299.32
FFSU,XX,00002147180,MOUNJARO 1,2023,3,false,13101.000,6131,6466194.31
MCOU,XX,00002147180,MOUNJARO 1,2023,3,false,17196.500,8218,8516420.17
FFSU,XX,00002148401,MOUNJARO 7,2023,3,true,,,
MCOU,XX,00002148401,MOUNJARO 7,2023,3,false,36.000,18,18314.69
FFSU,XX,00002148480,MOUNJARO 7,2023,3,false,21759.000,10220,10755769.70
MCOU,XX,00002148480,MOUNJARO 7,2023,3,false,35558.000,16954,17667007.87
MCOU,XX,00002149501,MOUNJARO 5,2023,3,false,77.000,43,38884.58
FFSU,XX,00002149580,MOUNJARO 5,2023,3,false,34132.500,15913,16902363.83
MCOU,XX,00002149580,MOUNJARO 5,2023,3,false,39628.000,19002,19426387.43
FFSU,XX,00002150601,MOUNJARO 2,2023,3,true,,,
MCOU,XX,00002150601,MOUNJARO 2,2023,3,false,48.000,23,24244.37
FFSU,XX,00002150680,MOUNJARO 2,2023,3,false,22504.000,10676,11146955.40
MCOU,XX,00002150680,MOUNJARO 2,2023,3,false,22577.500,11058,11101345.58
MCOU,XX,00002145701,MOUNJARO 1,2023,2,true,,,
FFSU,XX,00002145780,MOUNJARO 1,2023,2,false,4449.500,2016,2188383.29
MCOU,XX,00002145780,MOUNJARO 1,2023,2,false,5852.000,2780,2878884.46
FFSU,XX,00002146001,MOUNJARO 1,2023,2,true,,,
MCOU,XX,00002146001,MOUNJARO 1,2023,2,false,24.000,12,12288.66
FFSU,XX,00002146080,MOUNJARO 1,2023,2,false,3111.500,1455,1531297.71
MCOU,XX,00002146080,MOUNJARO 1,2023,2,false,6061.000,2895,2993184.59
FFSU,XX,00002147101,MOUNJARO 1,2023,2,true,,,
MCOU,XX,00002147101,MOUNJARO 1,2023,2,false,43.000,23,30531.00
FFSU,XX,00002147180,MOUNJARO 1,2023,2,false,8437.000,3903,4153544.92
MCOU,XX,00002147180,MOUNJARO 1,2023,2,false,14865.500,7038,7246359.48
FFSU,XX,00002148401,MOUNJARO 7,2023,2,true,,,
MCOU,XX,00002148401,MOUNJARO 7,2023,2,false,30.500,16,15428.40
FFSU,XX,00002148480,MOUNJARO 7,2023,2,false,11868.000,5579,5854571.05
MCOU,XX,00002148480,MOUNJARO 7,2023,2,false,24805.000,11860,12169686.42
FFSU,XX,00002149501,MOUNJARO 5,2023,2,true,,,
MCOU,XX,00002149501,MOUNJARO 5,2023,2,false,50.000,25,25252.29
FFSU,XX,00002149580,MOUNJARO 5,2023,2,false,24483.000,11401,12079985.21
MCOU,XX,00002149580,MOUNJARO 5,2023,2,false,44320.000,21119,21702539.29
FFSU,XX,00002150601,MOUNJARO 2,2023,2,true,,,
MCOU,XX,00002150601,MOUNJARO 2,2023,2,false,47.000,25,32174.82
FFSU,XX,00002150680,MOUNJARO 2,2023,2,false,18148.500,8606,8958199.04
MCOU,XX,00002150680,MOUNJARO 2,2023,2,false,28566.500,14118,14118588.08
MCOU,XX,00002145701,MOUNJARO 1,2023,1,true,,,
FFSU,XX,00002145780,MOUNJARO 1,2023,1,false,2191.000,936,1070487.46
MCOU,XX,00002145780,MOUNJARO 1,2023,1,false,3413.000,1569,1652485.80
FFSU,XX,00002146001,MOUNJARO 1,2023,1,true,,,
MCOU,XX,00002146001,MOUNJARO 1,2023,1,false,30.000,15,15147.68
FFSU,XX,00002146080,MOUNJARO 1,2023,1,false,1956.000,907,959423.06
MCOU,XX,00002146080,MOUNJARO 1,2023,1,false,3942.000,1892,1927358.60
MCOU,XX,00002147101,MOUNJARO 1,2023,1,false,22.000,11,11199.85
FFSU,XX,00002147180,MOUNJARO 1,2023,1,false,3533.000,1587,1736373.35
MCOU,XX,00002147180,MOUNJARO 1,2023,1,false,6345.500,3047,3130264.62
MCOU,XX,00002148401,MOUNJARO 7,2023,1,false,30.500,16,15075.27
FFSU,XX,00002148480,MOUNJARO 7,2023,1,false,6750.000,3117,3305131.59
MCOU,XX,00002148480,MOUNJARO 7,2023,1,false,14499.000,7045,7166751.93
FFSU,XX,00002149501,MOUNJARO 5,2023,1,true,,,
MCOU,XX,00002149501,MOUNJARO 5,2023,1,false,56.000,28,28006.48
FFSU,XX,00002149580,MOUNJARO 5,2023,1,false,14623.500,6707,7143847.56
MCOU,XX,00002149580,MOUNJARO 5,2023,1,false,33183.500,15862,16298842.61
FFSU,XX,00002150601,MOUNJARO 2,2023,1,true,,,
MCOU,XX,00002150601,MOUNJARO 2,2023,1,false,68.000,34,33663.55
FFSU,XX,00002150680,MOUNJARO 2,2023,1,false,11010.500,5264,5381881.40
MCOU,XX,00002150680,MOUNJARO 2,2023,1,false,21495.500,10487,10463547.80
FFSU,NC,00002145780,MOUNJARO  ,2023,4,false,56.000,22,27734.79
MCOU,NC,00002145780,MOUNJARO  ,2023,4,false,554.000,242,274881.64
MCOU,NC,00002146001,MOUNJARO  ,2023,4,true,,,
FFSU,NC,00002146080,MOUNJARO  ,2023,4,false,80.000,34,39621.39
MCOU,NC,00002146080,MOUNJARO  ,2023,4,false,650.000,285,322111.46
MCOU,NC,00002147101,MOUNJARO  ,2023,4,true,,,
FFSU,NC,00002147180,MOUNJARO  ,2023,4,false,154.000,75,76302.11
MCOU,NC,00002147180,MOUNJARO  ,2023,4,false,992.000,443,491371.57
MCOU,NC,00002148401,MOUNJARO  ,2023,4,true,,,
FFSU,NC,00002148480,MOUNJARO  ,2023,4,false,188.000,81,93054.06
MCOU,NC,00002148480,MOUNJARO  ,2023,4,false,1243.000,564,615802.93
FFSU,NC,00002149580,MOUNJARO  ,2023,4,false,294.500,142,145938.84
MCOU,NC,00002149580,MOUNJARO  ,2023,4,false,1637.500,746,813253.01
MCOU,NC,00002150601,MOUNJARO  ,2023,4,true,,,
FFSU,NC,00002150680,MOUNJARO  ,2023,4,false,226.000,112,112093.64
MCOU,NC,00002150680,MOUNJARO  ,2023,4,false,1029.000,516,512433.63
MCOU,NC,00002145780,MOUNJARO  ,2023,3,false,306.000,126,151590.47
FFSU,NC,00002145780,MOUNJARO  ,2023,3,true,,,
MCOU,NC,00002146001,MOUNJARO  ,2023,3,true,,,
MCOU,NC,00002146080,MOUNJARO  ,2023,3,false,482.000,224,238886.54
FFSU,NC,00002146080,MOUNJARO  ,2023,3,false,44.000,22,21825.62
MCOU,NC,00002147101,MOUNJARO  ,2023,3,true,,,
MCOU,NC,00002147180,MOUNJARO  ,2023,3,false,604.000,269,299056.13
FFSU,NC,00002147180,MOUNJARO  ,2023,3,false,74.000,35,36652.42
MCOU,NC,00002148480,MOUNJARO  ,2023,3,false,996.000,463,496353.29
FFSU,NC,00002148480,MOUNJARO  ,2023,3,false,186.000,80,92082.98
MCOU,NC,00002149501,MOUNJARO  ,2023,3,true,,,
FFSU,NC,00002149580,MOUNJARO  ,2023,3,false,235.000,107,116365.66
MCOU,NC,00002149580,MOUNJARO  ,2023,3,false,1226.000,553,607311.77
MCOU,NC,00002150601,MOUNJARO  ,2023,3,true,,,
MCOU,NC,00002150680,MOUNJARO  ,2023,3,false,678.500,339,336602.31
FFSU,NC,00002150680,MOUNJARO  ,2023,3,false,182.500,92,90475.80
MCOU,NC,00002145780,MOUNJARO  ,2023,2,false,202.000,89,99801.35
FFSU,NC,00002145780,MOUNJARO  ,2023,2,true,,,
MCOU,NC,00002146080,MOUNJARO  ,2023,2,false,184.000,89,91096.57
FFSU,NC,00002146080,MOUNJARO  ,2023,2,true,,,
FFSU,NC,00002147180,MOUNJARO  ,2023,2,false,48.000,22,23702.75
MCOU,NC,00002147180,MOUNJARO  ,2023,2,false,474.000,219,229618.23
MCOU,NC,00002148480,MOUNJARO  ,2023,2,false,637.000,310,311543.38
FFSU,NC,00002148480,MOUNJARO  ,2023,2,false,88.000,39,43441.87
MCOU,NC,00002149501,MOUNJARO  ,2023,2,true,,,
MCOU,NC,00002149580,MOUNJARO  ,2023,2,false,991.500,461,475402.37
FFSU,NC,00002149580,MOUNJARO  ,2023,2,false,173.500,83,85394.27
FFSU,NC,00002150680,MOUNJARO  ,2023,2,false,126.000,61,61737.46
MCOU,NC,00002150680,MOUNJARO  ,2023,2,false,624.000,310,303639.24
MCOU,NC,00002145780,MOUNJARO  ,2023,1,false,52.000,22,25575.74
FFSU,NC,00002145780,MOUNJARO  ,2023,1,true,,,
MCOU,NC,00002146001,MOUNJARO  ,2023,1,true,,,
MCOU,NC,00002146080,MOUNJARO  ,2023,1,false,124.000,56,60178.11
FFSU,NC,00002146080,MOUNJARO  ,2023,1,true,,,
MCOU,NC,00002147101,MOUNJARO  ,2023,1,true,,,
MCOU,NC,00002147180,MOUNJARO  ,2023,1,false,202.000,92,93991.52
FFSU,NC,00002147180,MOUNJARO  ,2023,1,true,,,
FFSU,NC,00002148480,MOUNJARO  ,2023,1,false,70.000,33,34330.90
MCOU,NC,00002148480,MOUNJARO  ,2023,1,false,390.500,189,188794.63
MCOU,NC,00002149580,MOUNJARO  ,2023,1,false,732.000,334,348267.24
FFSU,NC,00002149580,MOUNJARO  ,2023,1,false,140.000,66,68519.06
FFSU,NC,00002150680,MOUNJARO  ,2023,1,false,92.000,46,44990.90
MCOU,NC,00002150680,MOUNJARO  ,2023,1,false,544.500,270,258340.49
FFSU,ND,00002145780,MOUNJARO 1,2023,4,true,,,
FFSU,ND,00002146080,MOUNJARO 1,2023,4,true,,,
FFSU,ND,00002148480,MOUNJARO 7,2023,4,true,,,
FFSU,ND,00002149580,MOUNJARO 5,2023,4,true,,,
FFSU,ND,00002147180,MOUNJARO 1,2023,3,true,,,
FFSU,ND,00002148480,MOUNJARO 7,2023,3,true,,,
FFSU,ND,00002149580,MOUNJARO 5,2023,3,true,,,
FFSU,ND,00002150680,MOUNJARO 2,2023,3,true,,,
FFSU,ND,00002149580,MOUNJARO 5,2023,2,true,,,
FFSU,ND,00002150680,MOUNJARO 2,2023,2,true,,,
FFSU,ND,00002150680,MOUNJARO 2,2023,1,true,,,
MCOU,NE,00002145780,MOUNJARO 1,2023,4,false,104.000,52,51898.68
MCOU,NE,00002146080,MOUNJARO 1,2023,4,false,86.000,43,37561.98
MCOU,NE,00002147180,MOUNJARO 1,2023,4,false,192.000,96,89647.94
MCOU,NE,00002148480,MOUNJARO 7,2023,4,false,280.000,139,129107.92
MCOU,NE,00002149580,MOUNJARO 5,2023,4,false,296.000,148,144840.06
MCOU,NE,00002150680,MOUNJARO 2,2023,4,false,162.000,81,74079.46
MCOU,NE,00002145780,MOUNJARO 1,2023,3,false,42.000,21,20883.28
MCOU,NE,00002146080,MOUNJARO 1,2023,3,false,82.000,39,38134.29
MCOU,NE,00002147180,MOUNJARO 1,2023,3,false,134.000,67,60178.78
MCOU,NE,00002148480,MOUNJARO 7,2023,3,false,258.000,126,118734.86
MCOU,NE,00002149580,MOUNJARO 5,2023,3,false,266.000,132,119112.20
MCOU,NE,00002150680,MOUNJARO 2,2023,3,false,102.000,50,43323.89
MCOU,NE,00002145780,MOUNJARO 1,2023,2,false,40.000,20,20049.75
MCOU,NE,00002146080,MOUNJARO 1,2023,2,false,54.000,25,21611.95
MCOU,NE,00002147180,MOUNJARO 1,2023,2,false,64.000,32,29939.03
MCOU,NE,00002148480,MOUNJARO 7,2023,2,false,174.000,85,82590.55
MCOU,NE,00002149580,MOUNJARO 5,2023,2,false,202.000,101,91186.22
MCOU,NE,00002150680,MOUNJARO 2,2023,2,false,168.000,81,74888.14
MCOU,NE,00002145780,MOUNJARO 1,2023,1,false,30.000,15,15350.44
MCOU,NE,00002146080,MOUNJARO 1,2023,1,false,30.000,15,15195.58
MCOU,NE,00002147180,MOUNJARO 1,2023,1,false,30.000,15,11343.45
MCOU,NE,00002148480,MOUNJARO 7,2023,1,false,70.000,35,33286.44
MCOU,NE,00002149580,MOUNJARO 5,2023,1,false,142.000,71,69467.31
MCOU,NE,00002150601,MOUNJARO 2,2023,1,true,,,
MCOU,NE,00002150680,MOUNJARO 2,2023,1,false,126.000,58,62630.74
MCOU,NH,00002145780,MOUNJARO  ,2023,4,false,38.000,15,14806.04
MCOU,NH,00002146080,MOUNJARO  ,2023,4,false,24.000,12,10978.45
MCOU,NH,00002147180,MOUNJARO  ,2023,4,false,92.000,44,42095.50
MCOU,NH,00002148480,MOUNJARO  ,2023,4,false,104.000,48,46294.24
MCOU,NH,00002149580,MOUNJARO  ,2023,4,false,92.000,40,35273.29
MCOU,NH,00002150680,MOUNJARO  ,2023,4,false,50.000,25,21166.14
FFSU,NH,00002150680,MOUNJARO  ,2023,4,true,,,
MCOU,NH,00002145780,MOUNJARO  ,2023,3,true,,,
MCOU,NH,00002146080,MOUNJARO  ,2023,3,false,24.000,12,10204.06
MCOU,NH,00002147180,MOUNJARO  ,2023,3,false,54.000,25,19417.28
MCOU,NH,00002148480,MOUNJARO  ,2023,3,false,80.000,36,37842.49
MCOU,NH,00002149580,MOUNJARO  ,2023,3,false,90.000,39,38346.11
MCOU,NH,00002150680,MOUNJARO  ,2023,3,false,30.000,15,13493.53
MCOU,NH,00002145780,MOUNJARO  ,2023,2,true,,,
MCOU,NH,00002146080,MOUNJARO  ,2023,2,true,,,
MCOU,NH,00002147180,MOUNJARO  ,2023,2,false,34.000,17,13093.23
MCOU,NH,00002148480,MOUNJARO  ,2023,2,false,54.000,25,19387.02
MCOU,NH,00002149580,MOUNJARO  ,2023,2,false,54.000,25,20259.12
MCOU,NH,00002150680,MOUNJARO  ,2023,2,false,50.000,25,22182.44
MCOU,NH,00002145780,MOUNJARO  ,2023,1,true,,,
MCOU,NH,00002146080,MOUNJARO  ,2023,1,true,,,
MCOU,NH,00002147180,MOUNJARO  ,2023,1,true,,,
MCOU,NH,00002148480,MOUNJARO  ,2023,1,false,22.000,11,7110.69
MCOU,NH,00002149580,MOUNJARO  ,2023,1,false,56.000,26,18957.93
MCOU,NH,00002150680,MOUNJARO  ,2023,1,false,48.000,23,17238.66
MCOU,NJ,00002145701,MOUNJARO 1,2023,4,true,,,
MCOU,NJ,00002145780,MOUNJARO 1,2023,4,false,470.000,225,234200.18
MCOU,NJ,00002146001,MOUNJARO 1,2023,4,true,,,
MCOU,NJ,00002146080,MOUNJARO 1,2023,4,false,344.000,163,173038.92
MCOU,NJ,00002147180,MOUNJARO 1,2023,4,false,646.000,307,319097.30
FFSU,NJ,00002147180,MOUNJARO 1,2023,4,true,,,
MCOU,NJ,00002148401,MOUNJARO 7,2023,4,true,,,
MCOU,NJ,00002148480,MOUNJARO 7,2023,4,false,762.000,366,369543.62
FFSU,NJ,00002148480,MOUNJARO 7,2023,4,true,,,
MCOU,NJ,00002149501,MOUNJARO 5,2023,4,true,,,
MCOU,NJ,00002149580,MOUNJARO 5,2023,4,false,1177.000,558,575127.34
FFSU,NJ,00002149580,MOUNJARO 5,2023,4,true,,,
MCOU,NJ,00002150601,MOUNJARO 2,2023,4,true,,,
MCOU,NJ,00002150680,MOUNJARO 2,2023,4,false,712.500,354,347841.60
FFSU,NJ,00002150680,MOUNJARO 2,2023,4,true,,,
MCOU,NJ,00002145701,MOUNJARO 1,2023,3,true,,,
MCOU,NJ,00002145780,MOUNJARO 1,2023,3,false,328.000,160,161687.13
MCOU,NJ,00002146001,MOUNJARO 1,2023,3,true,,,
MCOU,NJ,00002146080,MOUNJARO 1,2023,3,false,326.000,151,161960.97
MCOU,NJ,00002147101,MOUNJARO 1,2023,3,true,,,
MCOU,NJ,00002147180,MOUNJARO 1,2023,3,false,430.000,207,216548.69
FFSU,NJ,00002147180,MOUNJARO 1,2023,3,true,,,
MCOU,NJ,00002148401,MOUNJARO 7,2023,3,true,,,
MCOU,NJ,00002148480,MOUNJARO 7,2023,3,false,776.500,376,379465.96
MCOU,NJ,00002149501,MOUNJARO 5,2023,3,true,,,
MCOU,NJ,00002149580,MOUNJARO 5,2023,3,false,936.000,457,463690.42
FFSU,NJ,00002149580,MOUNJARO 5,2023,3,true,,,
MCOU,NJ,00002150601,MOUNJARO 2,2023,3,true,,,
MCOU,NJ,00002150680,MOUNJARO 2,2023,3,false,558.000,279,265976.16
MCOU,NJ,00002145780,MOUNJARO 1,2023,2,false,144.000,72,70865.04
MCOU,NJ,00002146001,MOUNJARO 1,2023,2,true,,,
MCOU,NJ,00002146080,MOUNJARO 1,2023,2,false,188.000,90,91268.07
FFSU,NJ,00002147180,MOUNJARO 1,2023,2,true,,,
MCOU,NJ,00002147180,MOUNJARO 1,2023,2,false,342.000,161,172188.52
MCOU,NJ,00002148480,MOUNJARO 7,2023,2,false,558.000,265,279425.03
FFSU,NJ,00002148480,MOUNJARO 7,2023,2,true,,,
MCOU,NJ,00002149580,MOUNJARO 5,2023,2,false,772.000,384,384755.81
MCOU,NJ,00002150601,MOUNJARO 2,2023,2,true,,,
MCOU,NJ,00002150680,MOUNJARO 2,2023,2,false,468.000,232,235143.53
MCOU,NJ,00002145780,MOUNJARO 1,2023,1,false,56.000,26,28380.36
MCOU,NJ,00002146001,MOUNJARO 1,2023,1,true,,,
MCOU,NJ,00002146080,MOUNJARO 1,2023,1,false,72.000,36,35282.29
MCOU,NJ,00002147180,MOUNJARO 1,2023,1,false,132.000,62,65199.82
MCOU,NJ,00002148480,MOUNJARO 7,2023,1,false,272.000,130,134964.32
MCOU,NJ,00002149501,MOUNJARO 5,2023,1,true,,,
MCOU,NJ,00002149580,MOUNJARO 5,2023,1,false,532.000,260,265989.22
FFSU,NJ,00002149580,MOUNJARO 5,2023,1,true,,,
MCOU,NJ,00002150601,MOUNJARO 2,2023,1,true,,,
MCOU,NJ,00002150680,MOUNJARO 2,2023,1,false,456.000,221,226761.60
MCOU,NM,00002145780,MOUNJARO 1,2023,4,true,,,
FFSU,NM,00002145780,MOUNJARO 1,2023,4,false,38.000,17,18898.26
MCOU,NM,00002146080,MOUNJARO 1,2023,4,true,,,
FFSU,NM,00002146080,MOUNJARO 1,2023,4,false,26.000,11,12917.40
MCOU,NM,00002147180,MOUNJARO 1,2023,4,false,72.000,34,26792.95
FFSU,NM,00002147180,MOUNJARO 1,2023,4,false,40.000,20,18529.60
MCOU,NM,00002148480,MOUNJARO 7,2023,4,false,86.000,40,32008.22
FFSU,NM,00002148480,MOUNJARO 7,2023,4,false,50.000,25,23501.13
MCOU,NM,00002149580,MOUNJARO 5,2023,4,false,91.000,45,34154.10
FFSU,NM,00002149580,MOUNJARO 5,2023,4,false,64.000,31,28073.45
MCOU,NM,00002150680,MOUNJARO 2,2023,4,false,92.000,46,34077.28
FFSU,NM,00002150680,MOUNJARO 2,2023,4,false,46.000,23,22893.28
MCOU,NM,00002145780,MOUNJARO 1,2023,3,true,,,
FFSU,NM,00002145780,MOUNJARO 1,2023,3,true,,,
FFSU,NM,00002146080,MOUNJARO 1,2023,3,true,,,
MCOU,NM,00002146080,MOUNJARO 1,2023,3,true,,,
MCOU,NM,00002147180,MOUNJARO 1,2023,3,false,48.000,24,19668.63
FFSU,NM,00002147180,MOUNJARO 1,2023,3,true,,,
MCOU,NM,00002148480,MOUNJARO 7,2023,3,false,86.000,40,38913.91
FFSU,NM,00002148480,MOUNJARO 7,2023,3,false,68.000,30,31729.66
FFSU,NM,00002149580,MOUNJARO 5,2023,3,false,68.000,32,28765.25
MCOU,NM,00002149580,MOUNJARO 5,2023,3,false,84.000,40,36346.09
MCOU,NM,00002150680,MOUNJARO 2,2023,3,false,72.000,36,33384.56
FFSU,NM,00002150680,MOUNJARO 2,2023,3,false,24.000,12,11944.32
FFSU,NM,00002145780,MOUNJARO 1,2023,2,true,,,
MCOU,NM,00002145780,MOUNJARO 1,2023,2,true,,,
FFSU,NM,00002146080,MOUNJARO 1,2023,2,true,,,
MCOU,NM,00002146080,MOUNJARO 1,2023,2,true,,,
FFSU,NM,00002147180,MOUNJARO 1,2023,2,false,24.000,12,11898.84
MCOU,NM,00002147180,MOUNJARO 1,2023,2,false,40.000,20,17941.63
FFSU,NM,00002148480,MOUNJARO 7,2023,2,false,28.000,12,13878.51
MCOU,NM,00002148480,MOUNJARO 7,2023,2,false,56.000,25,21815.18
MCOU,NM,00002149580,MOUNJARO 5,2023,2,false,90.000,43,38143.10
FFSU,NM,00002149580,MOUNJARO 5,2023,2,false,98.000,44,42242.01
FFSU,NM,00002150680,MOUNJARO 2,2023,2,false,38.000,19,18530.88
MCOU,NM,00002150680,MOUNJARO 2,2023,2,false,48.000,24,19821.03
MCOU,NM,00002145701,MOUNJARO 1,2023,1,true,,,
MCOU,NM,00002145780,MOUNJARO 1,2023,1,true,,,
FFSU,NM,00002145780,MOUNJARO 1,2023,1,true,,,
MCOU,NM,00002146001,MOUNJARO 1,2023,1,true,,,
FFSU,NM,00002146080,MOUNJARO 1,2023,1,true,,,
MCOU,NM,00002146080,MOUNJARO 1,2023,1,true,,,
MCOU,NM,00002147180,MOUNJARO 1,2023,1,true,,,
FFSU,NM,00002147180,MOUNJARO 1,2023,1,true,,,
MCOU,NM,00002148480,MOUNJARO 7,2023,1,false,46.000,21,19573.75
FFSU,NM,00002148480,MOUNJARO 7,2023,1,true,,,
FFSU,NM,00002149580,MOUNJARO 5,2023,1,false,50.000,22,23265.90
MCOU,NM,00002149580,MOUNJARO 5,2023,1,false,62.000,29,29559.42
FFSU,NM,00002150680,MOUNJARO 2,2023,1,false,48.000,24,23033.26
MCOU,NM,00002150680,MOUNJARO 2,2023,1,false,64.000,30,29187.86
FFSU,NV,00002145780,MOUNJARO  ,2023,4,false,60.000,12,28956.25
MCOU,NV,00002145780,MOUNJARO  ,2023,4,true,,,
FFSU,NV,00002146080,MOUNJARO  ,2023,4,true,,,
MCOU,NV,00002146080,MOUNJARO  ,2023,4,true,,,
FFSU,NV,00002147180,MOUNJARO  ,2023,4,false,148.000,35,71389.85
MCOU,NV,00002147180,MOUNJARO  ,2023,4,false,84.000,36,27414.25
MCOU,NV,00002148480,MOUNJARO  ,2023,4,false,294.000,139,127651.15
FFSU,NV,00002148480,MOUNJARO  ,2023,4,false,196.000,48,94666.81
MCOU,NV,00002149501,MOUNJARO  ,2023,4,true,,,
MCOU,NV,00002149580,MOUNJARO  ,2023,4,false,312.000,140,125821.37
FFSU,NV,00002149580,MOUNJARO  ,2023,4,false,306.000,79,148653.10
FFSU,NV,00002150680,MOUNJARO  ,2023,4,false,210.000,57,103672.51
MCOU,NV,00002150680,MOUNJARO  ,2023,4,false,322.000,150,133211.95
MCOU,NV,00002145780,MOUNJARO  ,2023,3,false,88.000,40,30925.14
FFSU,NV,00002145780,MOUNJARO  ,2023,3,true,,,
FFSU,NV,00002146080,MOUNJARO  ,2023,3,false,50.000,11,24606.09
MCOU,NV,00002146080,MOUNJARO  ,2023,3,false,110.000,55,53371.15
FFSU,NV,00002147180,MOUNJARO  ,2023,3,false,58.000,17,28374.36
MCOU,NV,00002147180,MOUNJARO  ,2023,3,false,220.000,108,102830.54
FFSU,NV,00002148480,MOUNJARO  ,2023,3,false,142.000,38,68797.17
MCOU,NV,00002148480,MOUNJARO  ,2023,3,false,276.000,138,131041.40
MCOU,NV,00002149501,MOUNJARO  ,2023,3,true,,,
FFSU,NV,00002149580,MOUNJARO  ,2023,3,false,338.000,77,164150.61
MCOU,NV,00002149580,MOUNJARO  ,2023,3,false,60.000,30,14409.32
MCOU,NV,00002150680,MOUNJARO  ,2023,3,false,72.000,30,19074.73
FFSU,NV,00002150680,MOUNJARO  ,2023,3,false,242.000,59,117988.63
MCOU,NV,00002145780,MOUNJARO  ,2023,2,false,32.000,16,11826.62
FFSU,NV,00002145780,MOUNJARO  ,2023,2,true,,,
MCOU,NV,00002146080,MOUNJARO  ,2023,2,false,44.000,22,20486.51
FFSU,NV,00002146080,MOUNJARO  ,2023,2,false,46.000,11,22594.58
FFSU,NV,00002147180,MOUNJARO  ,2023,2,false,54.000,13,26507.26
MCOU,NV,00002147180,MOUNJARO  ,2023,2,true,,,
FFSU,NV,00002148480,MOUNJARO  ,2023,2,false,90.000,25,44200.59
MCOU,NV,00002148480,MOUNJARO  ,2023,2,false,204.000,12,11716.36
MCOU,NV,00002149501,MOUNJARO  ,2023,2,true,,,
FFSU,NV,00002149580,MOUNJARO  ,2023,2,false,314.500,74,154403.03
MCOU,NV,00002149580,MOUNJARO  ,2023,2,true,,,
MCOU,NV,00002150601,MOUNJARO  ,2023,2,true,,,
FFSU,NV,00002150680,MOUNJARO  ,2023,2,false,230.000,65,111373.50
MCOU,NV,00002150680,MOUNJARO  ,2023,2,false,130.000,61,63024.08
MCOU,NV,00002145780,MOUNJARO  ,2023,1,true,,,
FFSU,NV,00002145780,MOUNJARO  ,2023,1,true,,,
FFSU,NV,00002146080,MOUNJARO  ,2023,1,true,,,
MCOU,NV,00002146080,MOUNJARO  ,2023,1,true,,,
MCOU,NV,00002147180,MOUNJARO  ,2023,1,false,80.000,40,34063.87
FFSU,NV,00002147180,MOUNJARO  ,2023,1,true,,,
FFSU,NV,00002148480,MOUNJARO  ,2023,1,true,,,
MCOU,NV,00002148480,MOUNJARO  ,2023,1,false,164.000,82,75001.58
MCOU,NV,00002149580,MOUNJARO  ,2023,1,false,372.000,184,173328.35
FFSU,NV,00002149580,MOUNJARO  ,2023,1,false,154.000,38,75382.22
MCOU,NV,00002150680,MOUNJARO  ,2023,1,false,266.000,133,125295.16
FFSU,NV,00002150680,MOUNJARO  ,2023,1,false,170.000,54,83344.98
MCOU,NY,00002145780,MOUNJARO  ,2023,4,true,,,
FFSU,NY,00002145780,MOUNJARO  ,2023,4,false,1861.000,932,924386.20
MCOU,NY,00002146080,MOUNJARO  ,2023,4,true,,,
FFSU,NY,00002146080,MOUNJARO  ,2023,4,false,2020.000,1008,1003046.23
FFSU,NY,00002147180,MOUNJARO  ,2023,4,false,4532.000,2260,2249760.46
MCOU,NY,00002147180,MOUNJARO  ,2023,4,false,52.000,24,138569.03
MCOU,NY,00002148401,MOUNJARO  ,2023,4,true,,,
MCOU,NY,00002148480,MOUNJARO  ,2023,4,false,48.000,17,110747.56
FFSU,NY,00002148480,MOUNJARO  ,2023,4,false,7029.000,3507,3489254.23
FFSU,NY,00002149580,MOUNJARO  ,2023,4,false,11644.500,5822,5784284.38
MCOU,NY,00002149580,MOUNJARO  ,2023,4,false,126.000,57,217553.98
MCOU,NY,00002150680,MOUNJARO  ,2023,4,false,118.000,52,268432.48
FFSU,NY,00002150680,MOUNJARO  ,2023,4,false,8288.000,3799,4114621.33
MCOU,NY,00002145780,MOUNJARO  ,2023,3,true,,,
FFSU,NY,00002145780,MOUNJARO  ,2023,3,false,736.000,368,365319.16
FFSU,NY,00002146080,MOUNJARO  ,2023,3,false,1293.000,647,641718.19
MCOU,NY,00002147180,MOUNJARO  ,2023,3,true,,,
FFSU,NY,00002147180,MOUNJARO  ,2023,3,false,2628.000,1314,1304495.35
MCOU,NY,00002148480,MOUNJARO  ,2023,3,false,30.000,11,118537.48
FFSU,NY,00002148480,MOUNJARO  ,2023,3,false,5117.500,2563,2540083.20
FFSU,NY,00002149580,MOUNJARO  ,2023,3,false,9713.000,4860,4822575.79
MCOU,NY,00002149580,MOUNJARO  ,2023,3,false,36.000,16,78429.79
MCOU,NY,00002150680,MOUNJARO  ,2023,3,false,68.000,30,171126.48
FFSU,NY,00002150680,MOUNJARO  ,2023,3,false,7070.000,3291,3511378.79
MCOU,NY,00002145780,MOUNJARO  ,2023,2,true,,,
FFSU,NY,00002145780,MOUNJARO  ,2023,2,false,585.000,293,289884.36
FFSU,NY,00002146080,MOUNJARO  ,2023,2,false,340.000,170,168641.09
MCOU,NY,00002147101,MOUNJARO  ,2023,2,true,,,
FFSU,NY,00002147180,MOUNJARO  ,2023,2,false,1172.000,586,577659.51
MCOU,NY,00002147180,MOUNJARO  ,2023,2,true,,,
MCOU,NY,00002148480,MOUNJARO  ,2023,2,true,,,
FFSU,NY,00002148480,MOUNJARO  ,2023,2,false,2070.000,1035,1025437.98
FFSU,NY,00002149580,MOUNJARO  ,2023,2,false,5389.000,2695,2669467.94
MCOU,NY,00002149580,MOUNJARO  ,2023,2,true,,,
MCOU,NY,00002150601,MOUNJARO  ,2023,2,true,,,
FFSU,NY,00002150680,MOUNJARO  ,2023,2,false,6516.500,3055,3228041.23
MCOU,NY,00002150680,MOUNJARO  ,2023,2,true,,,
MCOU,NY,00002145701,MOUNJARO  ,2023,1,true,,,
MCOU,NY,00002145780,MOUNJARO  ,2023,1,false,216.000,106,101293.21
MCOU,NY,00002146080,MOUNJARO  ,2023,1,false,186.000,93,90298.10
FFSU,NY,00002146080,MOUNJARO  ,2023,1,false,28.000,14,13809.22
FFSU,NY,00002147180,MOUNJARO  ,2023,1,true,,,
MCOU,NY,00002147180,MOUNJARO  ,2023,1,false,278.000,139,135400.23
MCOU,NY,00002148401,MOUNJARO  ,2023,1,true,,,
MCOU,NY,00002148480,MOUNJARO  ,2023,1,false,502.000,249,252466.86
FFSU,NY,00002148480,MOUNJARO  ,2023,1,false,84.000,42,41221.89
MCOU,NY,00002149501,MOUNJARO  ,2023,1,true,,,
MCOU,NY,00002149580,MOUNJARO  ,2023,1,false,1268.000,617,653512.84
FFSU,NY,00002149580,MOUNJARO  ,2023,1,false,152.000,76,72610.57
MCOU,NY,00002150601,MOUNJARO  ,2023,1,true,,,
MCOU,NY,00002150680,MOUNJARO  ,2023,1,false,976.000,481,480531.16
FFSU,NY,00002150680,MOUNJARO  ,2023,1,false,118.000,59,57809.06
FFSU,OH,00002145780,MOUNJARO 1,2023,4,true,,,
MCOU,OH,00002145780,MOUNJARO 1,2023,4,false,1286.000,552,637158.88
FFSU,OH,00002146080,MOUNJARO 1,2023,4,false,30.000,13,14847.86
MCOU,OH,00002146080,MOUNJARO 1,2023,4,false,1543.000,672,763223.47
MCOU,OH,00002147180,MOUNJARO 1,2023,4,false,2396.000,1058,1178138.43
FFSU,OH,00002147180,MOUNJARO 1,2023,4,false,74.000,36,36303.84
FFSU,OH,00002148480,MOUNJARO 7,2023,4,false,74.000,34,36454.64
MCOU,OH,00002148480,MOUNJARO 7,2023,4,false,3770.000,1698,1857367.40
FFSU,OH,00002149501,MOUNJARO 5,2023,4,true,,,
MCOU,OH,00002149501,MOUNJARO 5,2023,4,true,,,
FFSU,OH,00002149580,MOUNJARO 5,2023,4,false,107.000,49,52723.75
MCOU,OH,00002149580,MOUNJARO 5,2023,4,false,4904.000,2201,2426475.73
MCOU,OH,00002150601,MOUNJARO 2,2023,4,true,,,
FFSU,OH,00002150680,MOUNJARO 2,2023,4,false,71.500,38,35286.91
MCOU,OH,00002150680,MOUNJARO 2,2023,4,false,2527.000,1173,1250926.74
FFSU,OH,00002145780,MOUNJARO 1,2023,3,true,,,
MCOU,OH,00002145780,MOUNJARO 1,2023,3,false,726.000,314,359695.86
MCOU,OH,00002146080,MOUNJARO 1,2023,3,false,1412.000,644,697621.63
FFSU,OH,00002146080,MOUNJARO 1,2023,3,false,24.000,12,11889.47
FFSU,OH,00002147180,MOUNJARO 1,2023,3,true,,,
MCOU,OH,00002147180,MOUNJARO 1,2023,3,false,2118.000,991,1046647.19
MCOU,OH,00002148480,MOUNJARO 7,2023,3,false,3883.000,1782,1913794.39
FFSU,OH,00002148480,MOUNJARO 7,2023,3,false,58.000,22,28401.37
MCOU,OH,00002149501,MOUNJARO 5,2023,3,true,,,
FFSU,OH,00002149580,MOUNJARO 5,2023,3,false,66.000,30,32620.52
MCOU,OH,00002149580,MOUNJARO 5,2023,3,false,5714.500,2580,2827556.24
MCOU,OH,00002150601,MOUNJARO 2,2023,3,true,,,
MCOU,OH,00002150680,MOUNJARO 2,2023,3,false,3063.500,1437,1516596.56
FFSU,OH,00002150680,MOUNJARO 2,2023,3,false,52.000,26,25769.20
FFSU,OH,00002145780,MOUNJARO 1,2023,2,true,,,
MCOU,OH,00002145780,MOUNJARO 1,2023,2,false,516.000,251,254127.78
MCOU,OH,00002146001,MOUNJARO 1,2023,2,true,,,
MCOU,OH,00002146080,MOUNJARO 1,2023,2,false,778.000,362,382972.71
FFSU,OH,00002146080,MOUNJARO 1,2023,2,true,,,
FFSU,OH,00002147180,MOUNJARO 1,2023,2,true,,,
MCOU,OH,00002147180,MOUNJARO 1,2023,2,false,1596.000,751,787851.21
MCOU,OH,00002148401,MOUNJARO 7,2023,2,true,,,
MCOU,OH,00002148480,MOUNJARO 7,2023,2,false,3702.000,1752,1826597.55
FFSU,OH,00002148480,MOUNJARO 7,2023,2,true,,,
MCOU,OH,00002149501,MOUNJARO 5,2023,2,true,,,
MCOU,OH,00002149580,MOUNJARO 5,2023,2,false,7087.500,3249,3497128.58
FFSU,OH,00002149580,MOUNJARO 5,2023,2,false,38.000,19,18761.90
MCOU,OH,00002150601,MOUNJARO 2,2023,2,true,,,
MCOU,OH,00002150680,MOUNJARO 2,2023,2,false,3882.000,1841,1920485.18
FFSU,OH,00002150680,MOUNJARO 2,2023,2,false,36.000,18,16946.55
MCOU,OH,00002145780,MOUNJARO 1,2023,1,false,423.000,199,207976.80
FFSU,OH,00002145780,MOUNJARO 1,2023,1,true,,,
MCOU,OH,00002146001,MOUNJARO 1,2023,1,true,,,
FFSU,OH,00002146080,MOUNJARO 1,2023,1,true,,,
MCOU,OH,00002146080,MOUNJARO 1,2023,1,false,734.500,338,361158.08
MCOU,OH,00002147101,MOUNJARO 1,2023,1,true,,,
FFSU,OH,00002147180,MOUNJARO 1,2023,1,true,,,
MCOU,OH,00002147180,MOUNJARO 1,2023,1,false,996.500,478,486458.61
MCOU,OH,00002148480,MOUNJARO 7,2023,1,false,3540.500,1701,1735405.20
FFSU,OH,00002148480,MOUNJARO 7,2023,1,true,,,
MCOU,OH,00002149501,MOUNJARO 5,2023,1,true,,,
FFSU,OH,00002149580,MOUNJARO 5,2023,1,false,46.000,21,21315.81
MCOU,OH,00002149580,MOUNJARO 5,2023,1,false,8066.000,3797,3945568.06
MCOU,OH,00002150601,MOUNJARO 2,2023,1,true,,,
FFSU,OH,00002150680,MOUNJARO 2,2023,1,true,,,
MCOU,OH,00002150680,MOUNJARO 2,2023,1,false,7227.500,3444,3560451.06
FFSU,OK,00002145780,MOUNJARO 1,2023,4,false,408.000,204,198679.81
FFSU,OK,00002146080,MOUNJARO 1,2023,4,false,540.000,270,265462.94
FFSU,OK,00002147180,MOUNJARO 1,2023,4,false,466.000,233,226840.45
FFSU,OK,00002148480,MOUNJARO 7,2023,4,false,561.000,281,272276.39
FFSU,OK,00002149580,MOUNJARO 5,2023,4,false,378.000,189,179956.32
FFSU,OK,00002150680,MOUNJARO 2,2023,4,false,152.000,76,72251.62
FFSU,OK,00002145780,MOUNJARO 1,2023,3,false,216.000,108,106922.70
FFSU,OK,00002146080,MOUNJARO 1,2023,3,false,420.000,210,207759.74
FFSU,OK,00002147180,MOUNJARO 1,2023,3,false,562.000,281,276256.61
FFSU,OK,00002148480,MOUNJARO 7,2023,3,false,726.000,363,356169.36
FFSU,OK,00002149580,MOUNJARO 5,2023,3,false,604.000,302,295059.66
FFSU,OK,00002150680,MOUNJARO 2,2023,3,false,222.000,111,110326.07
FFSU,OK,00002145780,MOUNJARO 1,2023,2,false,188.500,95,87676.80
FFSU,OK,00002146080,MOUNJARO 1,2023,2,false,204.000,102,97366.12
FFSU,OK,00002147180,MOUNJARO 1,2023,2,false,522.000,261,255649.24
FFSU,OK,00002148480,MOUNJARO 7,2023,2,false,512.000,256,252072.63
FFSU,OK,00002149580,MOUNJARO 5,2023,2,false,876.000,438,435047.88
FFSU,OK,00002150680,MOUNJARO 2,2023,2,false,364.000,182,178598.04
FFSU,OK,00002145780,MOUNJARO 1,2023,1,false,66.000,33,32595.49
FFSU,OK,00002146080,MOUNJARO 1,2023,1,false,96.000,48,47567.28
FFSU,OK,00002147180,MOUNJARO 1,2023,1,false,208.000,104,101279.62
FFSU,OK,00002148480,MOUNJARO 7,2023,1,false,494.000,247,243450.16
FFSU,OK,00002149580,MOUNJARO 5,2023,1,false,914.000,457,449243.02
FFSU,OK,00002150680,MOUNJARO 2,2023,1,false,498.000,249,245032.32
FFSU,OR,00002145780,MOUNJARO 1,2023,4,true,,,
MCOU,OR,00002145780,MOUNJARO 1,2023,4,false,54.000,27,26318.65
MCOU,OR,00002146080,MOUNJARO 1,2023,4,false,74.000,37,36856.39
FFSU,OR,00002146080,MOUNJARO 1,2023,4,true,,,
FFSU,OR,00002147180,MOUNJARO 1,2023,4,true,,,
MCOU,OR,00002147180,MOUNJARO 1,2023,4,false,133.500,65,66373.63
MCOU,OR,00002148480,MOUNJARO 7,2023,4,false,148.000,72,68334.03
FFSU,OR,00002148480,MOUNJARO 7,2023,4,true,,,
MCOU,OR,00002149580,MOUNJARO 5,2023,4,false,234.500,115,116687.64
FFSU,OR,00002149580,MOUNJARO 5,2023,4,true,,,
MCOU,OR,00002150680,MOUNJARO 2,2023,4,false,174.000,87,81361.49
FFSU,OR,00002150680,MOUNJARO 2,2023,4,true,,,
MCOU,OR,00002145780,MOUNJARO 1,2023,3,true,,,
MCOU,OR,00002146080,MOUNJARO 1,2023,3,false,42.000,21,20595.12
FFSU,OR,00002146080,MOUNJARO 1,2023,3,true,,,
MCOU,OR,00002147180,MOUNJARO 1,2023,3,false,94.000,47,46256.10
FFSU,OR,00002147180,MOUNJARO 1,2023,3,true,,,
MCOU,OR,00002148480,MOUNJARO 7,2023,3,false,128.000,62,60264.11
FFSU,OR,00002148480,MOUNJARO 7,2023,3,true,,,
MCOU,OR,00002149580,MOUNJARO 5,2023,3,false,184.000,90,88995.11
FFSU,OR,00002149580,MOUNJARO 5,2023,3,true,,,
FFSU,OR,00002150680,MOUNJARO 2,2023,3,true,,,
MCOU,OR,00002150680,MOUNJARO 2,2023,3,false,114.000,57,53854.15
MCOU,OR,00002145780,MOUNJARO 1,2023,2,false,24.000,12,11204.84
FFSU,OR,00002145780,MOUNJARO 1,2023,2,true,,,
MCOU,OR,00002146080,MOUNJARO 1,2023,2,true,,,
FFSU,OR,00002146080,MOUNJARO 1,2023,2,true,,,
FFSU,OR,00002147180,MOUNJARO 1,2023,2,true,,,
MCOU,OR,00002147180,MOUNJARO 1,2023,2,false,52.000,24,25700.26
FFSU,OR,00002148480,MOUNJARO 7,2023,2,true,,,
MCOU,OR,00002148480,MOUNJARO 7,2023,2,false,92.000,46,45650.74
MCOU,OR,00002149580,MOUNJARO 5,2023,2,false,150.000,71,72388.30
FFSU,OR,00002149580,MOUNJARO 5,2023,2,true,,,
FFSU,OR,00002150680,MOUNJARO 2,2023,2,true,,,
MCOU,OR,00002150680,MOUNJARO 2,2023,2,false,99.500,50,46114.45
MCOU,OR,00002145780,MOUNJARO  ,2023,1,true,,,
MCOU,OR,00002146080,MOUNJARO 1,2023,1,true,,,
MCOU,OR,00002147180,MOUNJARO 1,2023,1,true,,,
FFSU,OR,00002148480,MOUNJARO 7,2023,1,true,,,
MCOU,OR,00002148480,MOUNJARO 7,2023,1,false,38.000,19,18930.67
MCOU,OR,00002149580,MOUNJARO 5,2023,1,false,96.000,44,46964.77
FFSU,OR,00002149580,MOUNJARO 5,2023,1,true,,,
MCOU,OR,00002150680,MOUNJARO 2,2023,1,false,52.000,26,25176.06
FFSU,OR,00002150680,MOUNJARO 2,2023,1,true,,,
FFSU,PA,00002145780,MOUNJARO 1,2023,4,false,38.000,19,18732.67
MCOU,PA,00002145780,MOUNJARO 1,2023,4,false,750.000,334,369670.02
MCOU,PA,00002146001,MOUNJARO 1,2023,4,true,,,
FFSU,PA,00002146080,MOUNJARO 1,2023,4,false,64.000,30,31532.77
MCOU,PA,00002146080,MOUNJARO 1,2023,4,false,648.000,312,318734.05
MCOU,PA,00002147180,MOUNJARO 1,2023,4,false,1314.000,626,649851.49
FFSU,PA,00002147180,MOUNJARO 1,2023,4,false,60.000,28,29543.01
MCOU,PA,00002148401,MOUNJARO 7,2023,4,true,,,
MCOU,PA,00002148480,MOUNJARO 7,2023,4,false,1690.000,795,828396.15
FFSU,PA,00002148480,MOUNJARO 7,2023,4,false,106.000,51,52189.69
FFSU,PA,00002149580,MOUNJARO 5,2023,4,false,128.000,56,63042.30
MCOU,PA,00002149580,MOUNJARO 5,2023,4,false,2175.000,1029,1064446.35
FFSU,PA,00002150680,MOUNJARO 2,2023,4,false,52.000,26,25650.69
MCOU,PA,00002150680,MOUNJARO 2,2023,4,false,1379.000,664,676555.33
MCOU,PA,00002145780,MOUNJARO 1,2023,3,false,388.000,165,191364.69
FFSU,PA,00002145780,MOUNJARO 1,2023,3,false,36.000,14,17744.72
MCOU,PA,00002146001,MOUNJARO 1,2023,3,true,,,
FFSU,PA,00002146080,MOUNJARO 1,2023,3,false,60.000,30,29553.18
MCOU,PA,00002146080,MOUNJARO 1,2023,3,false,494.000,228,244510.22
MCOU,PA,00002147101,MOUNJARO 1,2023,3,true,,,
FFSU,PA,00002147180,MOUNJARO 1,2023,3,false,58.000,27,28559.03
MCOU,PA,00002147180,MOUNJARO 1,2023,3,false,896.500,435,442213.31
MCOU,PA,00002148401,MOUNJARO 7,2023,3,true,,,
FFSU,PA,00002148480,MOUNJARO 7,2023,3,false,98.000,47,48235.81
MCOU,PA,00002148480,MOUNJARO 7,2023,3,false,1422.000,661,700487.92
MCOU,PA,00002149501,MOUNJARO 5,2023,3,true,,,
MCOU,PA,00002149580,MOUNJARO 5,2023,3,false,1812.000,859,888667.70
FFSU,PA,00002149580,MOUNJARO 5,2023,3,false,110.000,51,54156.35
MCOU,PA,00002150601,MOUNJARO 2,2023,3,true,,,
FFSU,PA,00002150680,MOUNJARO 2,2023,3,false,62.000,31,30552.36
MCOU,PA,00002150680,MOUNJARO 2,2023,3,false,1108.000,538,546133.62
FFSU,PA,00002145780,MOUNJARO 1,2023,2,true,,,
MCOU,PA,00002145780,MOUNJARO 1,2023,2,false,228.000,104,109989.26
MCOU,PA,00002146080,MOUNJARO 1,2023,2,false,228.000,100,111653.13
FFSU,PA,00002146080,MOUNJARO 1,2023,2,true,,,
FFSU,PA,00002147180,MOUNJARO 1,2023,2,false,54.000,23,26505.77
MCOU,PA,00002147180,MOUNJARO 1,2023,2,false,594.000,270,291645.32
MCOU,PA,00002148401,MOUNJARO 7,2023,2,true,,,
FFSU,PA,00002148480,MOUNJARO 7,2023,2,false,62.000,27,30466.66
MCOU,PA,00002148480,MOUNJARO 7,2023,2,false,920.500,437,453322.76
MCOU,PA,00002149501,MOUNJARO 5,2023,2,true,,,
MCOU,PA,00002149580,MOUNJARO 5,2023,2,false,1518.000,715,744591.54
FFSU,PA,00002149580,MOUNJARO 5,2023,2,false,112.000,54,55010.61
FFSU,PA,00002150680,MOUNJARO 2,2023,2,false,34.000,17,16700.52
MCOU,PA,00002150680,MOUNJARO 2,2023,2,false,850.500,421,415327.56
MCOU,PA,00002145780,MOUNJARO 1,2023,1,false,162.000,67,77603.17
FFSU,PA,00002145780,MOUNJARO 1,2023,1,true,,,
FFSU,PA,00002146080,MOUNJARO 1,2023,1,true,,,
MCOU,PA,00002146080,MOUNJARO 1,2023,1,false,126.000,61,60463.22
FFSU,PA,00002147180,MOUNJARO 1,2023,1,false,40.000,16,19446.50
MCOU,PA,00002147180,MOUNJARO 1,2023,1,false,234.000,113,114407.40
MCOU,PA,00002148480,MOUNJARO 7,2023,1,false,420.500,199,202256.44
FFSU,PA,00002148480,MOUNJARO 7,2023,1,false,34.000,17,16333.90
MCOU,PA,00002149501,MOUNJARO 5,2023,1,true,,,
FFSU,PA,00002149580,MOUNJARO 5,2023,1,false,90.000,36,43451.20
MCOU,PA,00002149580,MOUNJARO 5,2023,1,false,1142.000,536,562194.76
MCOU,PA,00002150601,MOUNJARO 2,2023,1,true,,,
FFSU,PA,00002150680,MOUNJARO 2,2023,1,false,35.000,16,16833.08
MCOU,PA,00002150680,MOUNJARO 2,2023,1,false,681.000,337,332706.73
MCOU,PR,00002148480,MOUNJARO 7,2023,4,true,,,
MCOU,PR,00002149580,MOUNJARO 5,2023,4,true,,,
MCOU,PR,00002150680,MOUNJARO 2,2023,4,true,,,
MCOU,PR,00002145780,MOUNJARO 1,2023,3,true,,,
MCOU,PR,00002148480,MOUNJARO 7,2023,3,true,,,
MCOU,PR,00002150680,MOUNJARO 2,2023,3,true,,,
MCOU,PR,00002145780,MOUNJARO 1,2023,2,true,,,
MCOU,PR,00002148480,MOUNJARO 7,2023,1,true,,,
MCOU,PR,00002150680,MOUNJARO 2,2023,1,true,,,
MCOU,RI,00002145780,MOUNJARO 1,2023,4,false,76.000,36,37910.89
FFSU,RI,00002145780,MOUNJARO 1,2023,4,true,,,
MCOU,RI,00002146080,MOUNJARO 1,2023,4,false,78.000,39,38657.37
MCOU,RI,00002147180,MOUNJARO 1,2023,4,false,140.000,66,67684.49
MCOU,RI,00002148480,MOUNJARO 7,2023,4,false,126.000,61,62903.82
MCOU,RI,00002149580,MOUNJARO 5,2023,4,false,192.000,94,95517.09
FFSU,RI,00002149580,MOUNJARO 5,2023,4,true,,,
MCOU,RI,00002150680,MOUNJARO 2,2023,4,false,118.000,59,58855.13
MCOU,RI,00002145780,MOUNJARO 1,2023,3,false,22.000,11,10992.90
MCOU,RI,00002146080,MOUNJARO 1,2023,3,false,52.000,26,26299.35
MCOU,RI,00002147180,MOUNJARO 1,2023,3,false,74.000,37,36842.95
MCOU,RI,00002148480,MOUNJARO 7,2023,3,false,114.000,53,56672.49
MCOU,RI,00002149580,MOUNJARO 5,2023,3,false,128.000,64,63620.06
MCOU,RI,00002150680,MOUNJARO 2,2023,3,false,102.000,51,50819.41
MCOU,RI,00002145780,MOUNJARO 1,2023,2,false,24.000,12,10096.31
MCOU,RI,00002146080,MOUNJARO 1,2023,2,false,26.000,12,10103.17
MCOU,RI,00002147180,MOUNJARO 1,2023,2,false,42.000,21,20958.91
MCOU,RI,00002148480,MOUNJARO 7,2023,2,false,70.000,33,26498.78
MCOU,RI,00002149580,MOUNJARO 5,2023,2,false,108.000,54,51975.97
FFSU,RI,00002149580,MOUNJARO 5,2023,2,true,,,
MCOU,RI,00002150680,MOUNJARO 2,2023,2,false,44.000,22,20044.91
MCOU,RI,00002145780,MOUNJARO 1,2023,1,true,,,
MCOU,RI,00002146080,MOUNJARO 1,2023,1,true,,,
MCOU,RI,00002147180,MOUNJARO 1,2023,1,true,,,
MCOU,RI,00002148480,MOUNJARO 7,2023,1,false,40.000,20,16177.34
MCOU,RI,00002149580,MOUNJARO 5,2023,1,false,108.000,54,52826.85
MCOU,RI,00002150680,MOUNJARO 2,2023,1,false,98.000,49,45898.98
FFSU,RI,00002150680,MOUNJARO 2,2023,1,true,,,
MCOU,SC,00002145780,MOUNJARO  ,2023,4,false,128.000,64,63379.94
MCOU,SC,00002146080,MOUNJARO  ,2023,4,false,194.000,97,95170.56
FFSU,SC,00002146080,MOUNJARO  ,2023,4,true,,,
FFSU,SC,00002147180,MOUNJARO  ,2023,4,true,,,
MCOU,SC,00002147180,MOUNJARO  ,2023,4,false,460.000,229,221462.13
FFSU,SC,00002148480,MOUNJARO  ,2023,4,true,,,
MCOU,SC,00002148480,MOUNJARO  ,2023,4,false,746.000,374,357850.65
MCOU,SC,00002149501,MOUNJARO  ,2023,4,true,,,
FFSU,SC,00002149580,MOUNJARO  ,2023,4,true,,,
MCOU,SC,00002149580,MOUNJARO  ,2023,4,false,1122.000,574,558849.05
MCOU,SC,00002150680,MOUNJARO  ,2023,4,false,710.000,360,350547.97
FFSU,SC,00002150680,MOUNJARO  ,2023,4,true,,,
MCOU,SC,00002145780,MOUNJARO  ,2023,3,false,62.000,31,30457.76
MCOU,SC,00002146080,MOUNJARO  ,2023,3,false,114.000,57,54289.30
MCOU,SC,00002147180,MOUNJARO  ,2023,3,false,270.000,133,130888.28
FFSU,SC,00002147180,MOUNJARO  ,2023,3,true,,,
FFSU,SC,00002148480,MOUNJARO  ,2023,3,true,,,
MCOU,SC,00002148480,MOUNJARO  ,2023,3,false,556.000,278,272638.10
MCOU,SC,00002149501,MOUNJARO  ,2023,3,true,,,
MCOU,SC,00002149580,MOUNJARO  ,2023,3,false,884.000,445,437608.20
FFSU,SC,00002149580,MOUNJARO  ,2023,3,true,,,
FFSU,SC,00002150680,MOUNJARO  ,2023,3,true,,,
MCOU,SC,00002150680,MOUNJARO  ,2023,3,false,532.000,272,266613.57
MCOU,SC,00002145780,MOUNJARO  ,2023,2,false,36.000,21,17651.97
MCOU,SC,00002146080,MOUNJARO  ,2023,2,false,50.000,25,24440.42
MCOU,SC,00002147180,MOUNJARO  ,2023,2,false,132.000,69,62274.05
FFSU,SC,00002147180,MOUNJARO  ,2023,2,true,,,
MCOU,SC,00002148480,MOUNJARO  ,2023,2,false,236.000,122,117851.77
MCOU,SC,00002149580,MOUNJARO  ,2023,2,false,656.000,334,325439.39
FFSU,SC,00002149580,MOUNJARO  ,2023,2,true,,,
FFSU,SC,00002150680,MOUNJARO  ,2023,2,true,,,
MCOU,SC,00002150680,MOUNJARO  ,2023,2,false,568.000,292,288487.07
MCOU,SC,00002145780,MOUNJARO  ,2023,1,true,,,
MCOU,SC,00002146080,MOUNJARO  ,2023,1,true,,,
MCOU,SC,00002147180,MOUNJARO  ,2023,1,false,34.500,18,16901.25
MCOU,SC,00002148401,MOUNJARO  ,2023,1,true,,,
MCOU,SC,00002148480,MOUNJARO  ,2023,1,false,115.500,58,53798.90
MCOU,SC,00002149580,MOUNJARO  ,2023,1,false,310.000,155,148360.82
MCOU,SC,00002150601,MOUNJARO  ,2023,1,true,,,
MCOU,SC,00002150680,MOUNJARO  ,2023,1,false,242.000,121,115185.97
FFSU,SC,00002150680,MOUNJARO  ,2023,1,true,,,
FFSU,SD,00002145780,MOUNJARO 1,2023,4,false,142.000,71,70714.58
FFSU,SD,00002146080,MOUNJARO 1,2023,4,false,66.000,33,32850.84
FFSU,SD,00002147180,MOUNJARO 1,2023,4,false,174.000,87,86551.95
FFSU,SD,00002148480,MOUNJARO 7,2023,4,false,150.000,75,74608.50
FFSU,SD,00002149580,MOUNJARO 5,2023,4,false,244.000,121,121379.45
FFSU,SD,00002150680,MOUNJARO 2,2023,4,false,222.000,111,110512.71
FFSU,SD,00002145780,MOUNJARO 1,2023,3,false,42.000,21,20915.58
FFSU,SD,00002146080,MOUNJARO 1,2023,3,false,70.000,35,34841.80
FFSU,SD,00002147180,MOUNJARO 1,2023,3,false,106.000,53,52727.05
FFSU,SD,00002148480,MOUNJARO 7,2023,3,false,132.000,66,65655.48
FFSU,SD,00002149580,MOUNJARO 5,2023,3,false,166.000,83,82585.00
FFSU,SD,00002150680,MOUNJARO 2,2023,3,false,158.000,79,78653.19
FFSU,SD,00002145780,MOUNJARO 1,2023,2,false,32.000,16,15880.80
FFSU,SD,00002146080,MOUNJARO 1,2023,2,true,,,
FFSU,SD,00002147180,MOUNJARO 1,2023,2,false,74.000,37,36700.37
FFSU,SD,00002148480,MOUNJARO 7,2023,2,false,82.000,41,40718.66
FFSU,SD,00002149580,MOUNJARO 5,2023,2,false,112.000,56,55577.00
FFSU,SD,00002150680,MOUNJARO 2,2023,2,false,112.000,55,55610.41
FFSU,SD,00002145780,MOUNJARO 1,2023,1,true,,,
FFSU,SD,00002146080,MOUNJARO 1,2023,1,true,,,
FFSU,SD,00002147180,MOUNJARO 1,2023,1,true,,,
FFSU,SD,00002148480,MOUNJARO 7,2023,1,false,48.000,24,23736.30
FFSU,SD,00002149580,MOUNJARO 5,2023,1,false,72.000,36,35492.70
FFSU,SD,00002150680,MOUNJARO 2,2023,1,false,78.000,39,38501.47
FFSU,TN,00002145780,MOUNJARO 1,2023,4,false,616.000,308,306359.36
FFSU,TN,00002146080,MOUNJARO 1,2023,4,false,728.000,364,361981.18
FFSU,TN,00002147180,MOUNJARO 1,2023,4,false,1041.000,521,517330.08
FFSU,TN,00002148480,MOUNJARO 7,2023,4,false,1558.000,779,774094.87
FFSU,TN,00002149580,MOUNJARO 5,2023,4,false,1612.000,806,801061.06
FFSU,TN,00002150680,MOUNJARO 2,2023,4,false,940.000,471,467415.66
FFSU,TN,00002145780,MOUNJARO 1,2023,3,false,280.000,140,139319.72
FFSU,TN,00002146080,MOUNJARO 1,2023,3,false,698.000,349,346988.68
FFSU,TN,00002147180,MOUNJARO 1,2023,3,false,817.000,409,405892.04
FFSU,TN,00002148480,MOUNJARO 7,2023,3,false,1579.000,790,784320.20
FFSU,TN,00002149580,MOUNJARO 5,2023,3,false,1700.000,850,844553.14
FFSU,TN,00002150680,MOUNJARO 2,2023,3,false,866.000,433,430491.47
FFSU,TN,00002145780,MOUNJARO 1,2023,2,false,248.000,124,122950.28
FFSU,TN,00002146001,MOUNJARO 1,2023,2,true,,,
FFSU,TN,00002146080,MOUNJARO 1,2023,2,false,242.000,121,120126.85
FFSU,TN,00002147180,MOUNJARO 1,2023,2,false,676.000,338,334783.51
FFSU,TN,00002148480,MOUNJARO 7,2023,2,false,1118.000,559,554337.91
FFSU,TN,00002149501,MOUNJARO 5,2023,2,true,,,
FFSU,TN,00002149580,MOUNJARO 5,2023,2,false,2246.000,1124,1112168.91
FFSU,TN,00002150680,MOUNJARO 2,2023,2,false,1070.500,536,530381.01
FFSU,TN,00002145780,MOUNJARO 1,2023,1,false,58.000,29,28713.68
FFSU,TN,00002146001,MOUNJARO 1,2023,1,true,,,
FFSU,TN,00002146080,MOUNJARO 1,2023,1,false,138.000,69,67961.55
FFSU,TN,00002147180,MOUNJARO 1,2023,1,false,204.500,103,100662.02
FFSU,TN,00002148480,MOUNJARO 7,2023,1,false,480.000,240,236109.86
FFSU,TN,00002149501,MOUNJARO 5,2023,1,true,,,
FFSU,TN,00002149580,MOUNJARO 5,2023,1,false,1564.000,783,768217.19
FFSU,TN,00002150680,MOUNJARO 2,2023,1,false,1231.000,617,604668.35
FFSU,TX,00002145780,MOUNJARO 1,2023,4,true,,,
MCOU,TX,00002145780,MOUNJARO 1,2023,4,false,556.000,257,275215.14
MCOU,TX,00002146001,MOUNJARO 1,2023,4,true,,,
FFSU,TX,00002146080,MOUNJARO 1,2023,4,true,,,
MCOU,TX,00002146080,MOUNJARO 1,2023,4,false,690.500,322,339046.33
FFSU,TX,00002147180,MOUNJARO 1,2023,4,true,,,
MCOU,TX,00002147180,MOUNJARO 1,2023,4,false,1372.000,625,674153.83
MCOU,TX,00002148401,MOUNJARO 7,2023,4,true,,,
FFSU,TX,00002148480,MOUNJARO 7,2023,4,true,,,
MCOU,TX,00002148480,MOUNJARO 7,2023,4,false,2194.000,1019,1079292.97
MCOU,TX,00002149501,MOUNJARO 5,2023,4,true,,,
MCOU,TX,00002149580,MOUNJARO 5,2023,4,false,2889.000,1393,1422106.57
FFSU,TX,00002149580,MOUNJARO 5,2023,4,true,,,
MCOU,TX,00002150601,MOUNJARO 2,2023,4,true,,,
FFSU,TX,00002150680,MOUNJARO 2,2023,4,true,,,
MCOU,TX,00002150680,MOUNJARO 2,2023,4,false,2088.000,1015,1030996.14
MCOU,TX,00002145701,MOUNJARO 1,2023,3,true,,,
MCOU,TX,00002145780,MOUNJARO 1,2023,3,false,296.000,132,145492.97
FFSU,TX,00002146080,MOUNJARO 1,2023,3,true,,,
MCOU,TX,00002146080,MOUNJARO 1,2023,3,false,588.000,266,288713.43
FFSU,TX,00002147180,MOUNJARO 1,2023,3,true,,,
MCOU,TX,00002147180,MOUNJARO 1,2023,3,false,1092.000,502,536242.80
MCOU,TX,00002148401,MOUNJARO 7,2023,3,true,,,
MCOU,TX,00002148480,MOUNJARO 7,2023,3,false,1848.000,847,907402.04
MCOU,TX,00002149501,MOUNJARO 5,2023,3,true,,,
MCOU,TX,00002149580,MOUNJARO 5,2023,3,false,2979.000,1419,1463317.17
MCOU,TX,00002150601,MOUNJARO 2,2023,3,true,,,
MCOU,TX,00002150680,MOUNJARO 2,2023,3,false,1960.000,943,965303.28
MCOU,TX,00002145780,MOUNJARO 1,2023,2,false,146.000,63,72567.70
FFSU,TX,00002145780,MOUNJARO 1,2023,2,true,,,
MCOU,TX,00002146080,MOUNJARO 1,2023,2,false,142.000,64,69394.46
MCOU,TX,00002147180,MOUNJARO 1,2023,2,false,468.000,205,229122.38
MCOU,TX,00002148401,MOUNJARO 7,2023,2,true,,,
MCOU,TX,00002148480,MOUNJARO 7,2023,2,false,947.000,455,464926.40
MCOU,TX,00002149580,MOUNJARO 5,2023,2,false,2239.000,1041,1098484.49
FFSU,TX,00002149580,MOUNJARO 5,2023,2,true,,,
MCOU,TX,00002150601,MOUNJARO 2,2023,2,true,,,
MCOU,TX,00002150680,MOUNJARO 2,2023,2,false,1986.500,966,979021.44
MCOU,TX,00002145780,MOUNJARO 1,2023,1,true,,,
MCOU,TX,00002146080,MOUNJARO 1,2023,1,false,42.000,19,20640.61
MCOU,TX,00002147180,MOUNJARO 1,2023,1,false,96.000,33,46844.28
MCOU,TX,00002148480,MOUNJARO 7,2023,1,false,198.000,89,96564.40
MCOU,TX,00002149501,MOUNJARO 5,2023,1,true,,,
MCOU,TX,00002149580,MOUNJARO 5,2023,1,false,360.000,155,176061.92
MCOU,TX,00002150601,MOUNJARO 2,2023,1,true,,,
MCOU,TX,00002150680,MOUNJARO 2,2023,1,false,793.000,385,390238.89
MCOU,UT,00002145780,MOUNJARO 1,2023,4,false,52.000,26,25774.09
FFSU,UT,00002145780,MOUNJARO 1,2023,4,true,,,
MCOU,UT,00002146080,MOUNJARO 1,2023,4,false,48.000,24,26142.74
FFSU,UT,00002146080,MOUNJARO 1,2023,4,true,,,
MCOU,UT,00002147180,MOUNJARO 1,2023,4,false,52.000,26,28117.70
FFSU,UT,00002147180,MOUNJARO 1,2023,4,true,,,
MCOU,UT,00002148480,MOUNJARO 7,2023,4,false,79.000,40,39231.83
FFSU,UT,00002148480,MOUNJARO 7,2023,4,true,,,
FFSU,UT,00002149580,MOUNJARO 5,2023,4,false,32.000,16,15875.29
MCOU,UT,00002149580,MOUNJARO 5,2023,4,false,120.000,60,66425.54
MCOU,UT,00002150680,MOUNJARO 2,2023,4,false,60.000,30,27443.05
FFSU,UT,00002150680,MOUNJARO 2,2023,4,false,26.000,13,12909.73
FFSU,UT,00002145780,MOUNJARO 1,2023,3,true,,,
MCOU,UT,00002145780,MOUNJARO 1,2023,3,false,26.000,13,15000.61
FFSU,UT,00002146080,MOUNJARO 1,2023,3,true,,,
MCOU,UT,00002146080,MOUNJARO 1,2023,3,false,48.000,24,26734.53
FFSU,UT,00002147180,MOUNJARO 1,2023,3,false,26.000,13,12892.02
MCOU,UT,00002147180,MOUNJARO 1,2023,3,false,46.000,23,28285.92
FFSU,UT,00002148401,MOUNJARO 7,2023,3,true,,,
FFSU,UT,00002148480,MOUNJARO 7,2023,3,false,30.000,15,14865.35
MCOU,UT,00002148480,MOUNJARO 7,2023,3,false,58.000,29,30271.43
MCOU,UT,00002149580,MOUNJARO 5,2023,3,false,102.000,51,50522.01
FFSU,UT,00002149580,MOUNJARO 5,2023,3,false,32.000,16,15887.89
MCOU,UT,00002150680,MOUNJARO 2,2023,3,false,52.000,24,25078.96
FFSU,UT,00002150680,MOUNJARO 2,2023,3,false,22.000,11,10923.39
MCOU,UT,00002145780,MOUNJARO 1,2023,2,false,34.000,17,20997.67
FFSU,UT,00002145780,MOUNJARO 1,2023,2,true,,,
MCOU,UT,00002146080,MOUNJARO 1,2023,2,true,,,
FFSU,UT,00002147180,MOUNJARO 1,2023,2,true,,,
MCOU,UT,00002147180,MOUNJARO 1,2023,2,false,82.000,41,42145.17
FFSU,UT,00002148401,MOUNJARO 7,2023,2,true,,,
MCOU,UT,00002148480,MOUNJARO 7,2023,2,false,80.000,40,42164.21
FFSU,UT,00002148480,MOUNJARO 7,2023,2,false,26.000,13,12877.69
FFSU,UT,00002149580,MOUNJARO 5,2023,2,false,22.000,11,10861.39
MCOU,UT,00002149580,MOUNJARO 5,2023,2,false,112.000,56,58186.23
FFSU,UT,00002150680,MOUNJARO 2,2023,2,true,,,
MCOU,UT,00002150680,MOUNJARO 2,2023,2,false,86.000,43,47980.05
MCOU,UT,00002145780,MOUNJARO 1,2023,1,true,,,
MCOU,UT,00002146080,MOUNJARO 1,2023,1,true,,,
FFSU,UT,00002147180,MOUNJARO 1,2023,1,true,,,
MCOU,UT,00002147180,MOUNJARO 1,2023,1,true,,,
MCOU,UT,00002148480,MOUNJARO 7,2023,1,false,46.000,23,22957.68
FFSU,UT,00002149580,MOUNJARO 5,2023,1,true,,,
MCOU,UT,00002149580,MOUNJARO 5,2023,1,false,70.000,35,39021.44
MCOU,UT,00002150680,MOUNJARO 2,2023,1,false,60.000,30,29753.13
FFSU,UT,00002150680,MOUNJARO 2,2023,1,true,,,
MCOU,VA,00002145780,MOUNJARO  ,2023,4,false,612.000,298,301411.84
FFSU,VA,00002145780,MOUNJARO  ,2023,4,true,,,
FFSU,VA,00002146080,MOUNJARO  ,2023,4,true,,,
MCOU,VA,00002146080,MOUNJARO  ,2023,4,false,562.000,277,276146.51
MCOU,VA,00002147101,MOUNJARO  ,2023,4,true,,,
FFSU,VA,00002147180,MOUNJARO  ,2023,4,true,,,
MCOU,VA,00002147180,MOUNJARO  ,2023,4,false,1016.000,506,498854.79
FFSU,VA,00002148480,MOUNJARO  ,2023,4,true,,,
MCOU,VA,00002148480,MOUNJARO  ,2023,4,false,1490.000,731,730913.92
MCOU,VA,00002149501,MOUNJARO  ,2023,4,true,,,
MCOU,VA,00002149580,MOUNJARO  ,2023,4,false,1749.000,868,856633.86
FFSU,VA,00002149580,MOUNJARO  ,2023,4,true,,,
MCOU,VA,00002150601,MOUNJARO  ,2023,4,true,,,
MCOU,VA,00002150680,MOUNJARO  ,2023,4,false,1028.000,511,503069.07
FFSU,VA,00002150680,MOUNJARO  ,2023,4,true,,,
FFSU,VA,00002145780,MOUNJARO  ,2023,3,true,,,
MCOU,VA,00002145780,MOUNJARO  ,2023,3,false,352.000,174,172340.72
FFSU,VA,00002146080,MOUNJARO  ,2023,3,true,,,
MCOU,VA,00002146080,MOUNJARO  ,2023,3,false,560.000,276,273858.14
FFSU,VA,00002147180,MOUNJARO  ,2023,3,true,,,
MCOU,VA,00002147180,MOUNJARO  ,2023,3,false,900.000,446,438738.68
MCOU,VA,00002148480,MOUNJARO  ,2023,3,false,1172.000,584,572591.92
FFSU,VA,00002148480,MOUNJARO  ,2023,3,true,,,
MCOU,VA,00002149501,MOUNJARO  ,2023,3,true,,,
FFSU,VA,00002149580,MOUNJARO  ,2023,3,true,,,
MCOU,VA,00002149580,MOUNJARO  ,2023,3,false,1592.000,785,779352.49
FFSU,VA,00002150680,MOUNJARO  ,2023,3,true,,,
MCOU,VA,00002150680,MOUNJARO  ,2023,3,false,1038.000,519,508210.13
MCOU,VA,00002145780,MOUNJARO  ,2023,2,false,276.000,134,134841.06
MCOU,VA,00002146080,MOUNJARO  ,2023,2,false,224.000,112,109246.58
FFSU,VA,00002147180,MOUNJARO  ,2023,2,true,,,
MCOU,VA,00002147180,MOUNJARO  ,2023,2,false,642.000,321,312592.94
MCOU,VA,00002148401,MOUNJARO  ,2023,2,true,,,
MCOU,VA,00002148480,MOUNJARO  ,2023,2,false,870.000,428,423511.20
MCOU,VA,00002149501,MOUNJARO  ,2023,2,true,,,
FFSU,VA,00002149580,MOUNJARO  ,2023,2,true,,,
MCOU,VA,00002149580,MOUNJARO  ,2023,2,false,1396.000,689,681748.57
MCOU,VA,00002150601,MOUNJARO  ,2023,2,true,,,
FFSU,VA,00002150680,MOUNJARO  ,2023,2,true,,,
MCOU,VA,00002150680,MOUNJARO  ,2023,2,false,996.500,497,486301.29
MCOU,VA,00002145780,MOUNJARO  ,2023,1,false,126.000,59,61668.39
MCOU,VA,00002146080,MOUNJARO  ,2023,1,false,160.000,80,78563.96
MCOU,VA,00002147180,MOUNJARO  ,2023,1,false,254.000,127,124527.42
MCOU,VA,00002148401,MOUNJARO  ,2023,1,true,,,
MCOU,VA,00002148480,MOUNJARO  ,2023,1,false,510.000,255,250382.18
MCOU,VA,00002149501,MOUNJARO  ,2023,1,true,,,
FFSU,VA,00002149580,MOUNJARO  ,2023,1,true,,,
MCOU,VA,00002149580,MOUNJARO  ,2023,1,false,1024.000,502,502075.46
FFSU,VA,00002150680,MOUNJARO  ,2023,1,true,,,
MCOU,VA,00002150680,MOUNJARO  ,2023,1,false,849.000,420,417368.37
FFSU,VT,00002145780,MOUNJARO 1,2023,4,true,,,
FFSU,VT,00002146080,MOUNJARO 1,2023,4,true,,,
FFSU,VT,00002147180,MOUNJARO 1,2023,4,true,,,
FFSU,VT,00002148480,MOUNJARO 7,2023,4,false,28.000,14,10042.74
FFSU,VT,00002149580,MOUNJARO 5,2023,4,false,30.000,15,13930.12
FFSU,VT,00002150680,MOUNJARO 2,2023,4,false,66.000,33,29918.70
FFSU,VT,00002146080,MOUNJARO 1,2023,3,true,,,
FFSU,VT,00002147180,MOUNJARO 1,2023,3,false,22.000,11,10934.73
FFSU,VT,00002148480,MOUNJARO 7,2023,3,true,,,
FFSU,VT,00002149580,MOUNJARO 5,2023,3,false,22.000,11,9956.80
FFSU,VT,00002150680,MOUNJARO 2,2023,3,false,36.000,18,14193.06
FFSU,VT,00002145780,MOUNJARO 1,2023,2,true,,,
FFSU,VT,00002146080,MOUNJARO 1,2023,2,true,,,
FFSU,VT,00002147180,MOUNJARO 1,2023,2,true,,,
FFSU,VT,00002148480,MOUNJARO 7,2023,2,true,,,
FFSU,VT,00002149580,MOUNJARO 5,2023,2,true,,,
FFSU,VT,00002150680,MOUNJARO 2,2023,2,false,36.000,18,14385.48
FFSU,VT,00002145780,MOUNJARO 1,2023,1,true,,,
FFSU,VT,00002146080,MOUNJARO 1,2023,1,true,,,
FFSU,VT,00002147180,MOUNJARO 1,2023,1,true,,,
FFSU,VT,00002148480,MOUNJARO 7,2023,1,true,,,
FFSU,VT,00002149580,MOUNJARO 5,2023,1,true,,,
FFSU,VT,00002150680,MOUNJARO 2,2023,1,true,,,
MCOU,WA,00002145780,MOUNJARO 1,2023,4,false,430.000,202,202964.58
FFSU,WA,00002146080,MOUNJARO 1,2023,4,true,,,
MCOU,WA,00002146080,MOUNJARO 1,2023,4,false,228.000,110,109723.95
FFSU,WA,00002147180,MOUNJARO 1,2023,4,true,,,
MCOU,WA,00002147180,MOUNJARO 1,2023,4,false,430.000,211,196545.13
MCOU,WA,00002148480,MOUNJARO 7,2023,4,false,626.000,308,297008.11
FFSU,WA,00002148480,MOUNJARO 7,2023,4,true,,,
FFSU,WA,00002149580,MOUNJARO 5,2023,4,true,,,
MCOU,WA,00002149580,MOUNJARO 5,2023,4,false,710.000,333,329044.10
MCOU,WA,00002150601,MOUNJARO 2,2023,4,true,,,
MCOU,WA,00002150680,MOUNJARO 2,2023,4,false,502.000,246,234086.93
FFSU,WA,00002150680,MOUNJARO 2,2023,4,true,,,
MCOU,WA,00002145780,MOUNJARO 1,2023,3,false,266.000,126,124232.77
MCOU,WA,00002146080,MOUNJARO 1,2023,3,false,188.000,94,89190.04
MCOU,WA,00002147180,MOUNJARO 1,2023,3,false,290.000,136,135077.93
MCOU,WA,00002148480,MOUNJARO 7,2023,3,false,514.000,246,239243.10
FFSU,WA,00002148480,MOUNJARO 7,2023,3,true,,,
FFSU,WA,00002149580,MOUNJARO 5,2023,3,true,,,
MCOU,WA,00002149580,MOUNJARO 5,2023,3,false,610.000,285,278101.19
FFSU,WA,00002150680,MOUNJARO 2,2023,3,true,,,
MCOU,WA,00002150680,MOUNJARO 2,2023,3,false,403.000,198,189549.57
FFSU,WA,00002145780,MOUNJARO 1,2023,2,true,,,
MCOU,WA,00002145780,MOUNJARO 1,2023,2,false,182.000,89,83369.56
MCOU,WA,00002146080,MOUNJARO 1,2023,2,false,128.000,63,60338.88
MCOU,WA,00002147180,MOUNJARO 1,2023,2,false,200.000,98,92596.77
MCOU,WA,00002148480,MOUNJARO 7,2023,2,false,390.000,193,182736.42
FFSU,WA,00002148480,MOUNJARO 7,2023,2,true,,,
FFSU,WA,00002149580,MOUNJARO 5,2023,2,true,,,
MCOU,WA,00002149580,MOUNJARO 5,2023,2,false,542.000,252,253251.97
MCOU,WA,00002150680,MOUNJARO 2,2023,2,false,344.000,169,161852.28
FFSU,WA,00002150680,MOUNJARO 2,2023,2,true,,,
MCOU,WA,00002145780,MOUNJARO 1,2023,1,false,114.000,55,54951.48
FFSU,WA,00002145780,MOUNJARO 1,2023,1,true,,,
MCOU,WA,00002146080,MOUNJARO 1,2023,1,false,86.000,42,37962.47
MCOU,WA,00002147180,MOUNJARO 1,2023,1,false,96.000,48,42189.02
MCOU,WA,00002148480,MOUNJARO 7,2023,1,false,243.000,120,114725.72
FFSU,WA,00002148480,MOUNJARO 7,2023,1,true,,,
FFSU,WA,00002149580,MOUNJARO 5,2023,1,true,,,
MCOU,WA,00002149580,MOUNJARO 5,2023,1,false,316.000,154,141335.45
MCOU,WA,00002150680,MOUNJARO 2,2023,1,false,256.500,129,118118.80
FFSU,WA,00002150680,MOUNJARO 2,2023,1,true,,,
FFSU,WI,00002145780,MOUNJARO 1,2023,4,false,46.000,23,22911.80
FFSU,WI,00002146080,MOUNJARO 1,2023,4,false,36.000,18,17943.82
FFSU,WI,00002147180,MOUNJARO 1,2023,4,false,70.000,35,34880.51
FFSU,WI,00002148480,MOUNJARO 7,2023,4,false,182.000,91,92921.12
FFSU,WI,00002149580,MOUNJARO 5,2023,4,false,174.000,87,85441.59
FFSU,WI,00002150680,MOUNJARO 2,2023,4,false,144.000,71,71191.91
FFSU,WI,00002145780,MOUNJARO 1,2023,3,true,,,
FFSU,WI,00002146080,MOUNJARO 1,2023,3,true,,,
FFSU,WI,00002147180,MOUNJARO 1,2023,3,false,54.000,27,26906.49
FFSU,WI,00002148480,MOUNJARO 7,2023,3,false,102.000,51,50562.29
FFSU,WI,00002149580,MOUNJARO 5,2023,3,false,154.000,77,78764.34
FFSU,WI,00002150680,MOUNJARO 2,2023,3,false,92.000,46,46556.86
FFSU,WI,00002145780,MOUNJARO 1,2023,2,true,,,
FFSU,WI,00002147180,MOUNJARO 1,2023,2,true,,,
FFSU,WI,00002148480,MOUNJARO 7,2023,2,false,52.000,25,25873.75
FFSU,WI,00002149580,MOUNJARO 5,2023,2,false,104.000,52,53400.10
FFSU,WI,00002150680,MOUNJARO 2,2023,2,false,70.000,33,34599.79
FFSU,WI,00002145780,MOUNJARO 1,2023,1,true,,,
FFSU,WI,00002148480,MOUNJARO 7,2023,1,true,,,
FFSU,WI,00002149580,MOUNJARO 5,2023,1,false,29.000,15,14213.67
FFSU,WI,00002150680,MOUNJARO 2,2023,1,false,34.000,17,16775.21
FFSU,WV,00002145780,MOUNJARO 1,2023,4,false,82.000,37,40353.92
FFSU,WV,00002146080,MOUNJARO 1,2023,4,false,38.000,19,18869.40
FFSU,WV,00002147180,MOUNJARO 1,2023,4,false,128.000,52,61968.42
FFSU,WV,00002148480,MOUNJARO 7,2023,4,false,206.000,95,101151.10
FFSU,WV,00002149580,MOUNJARO 5,2023,4,false,224.000,108,109686.26
FFSU,WV,00002150680,MOUNJARO 2,2023,4,false,190.000,91,93165.20
FFSU,WV,00002145780,MOUNJARO 1,2023,3,false,52.000,26,25737.28
FFSU,WV,00002146080,MOUNJARO 1,2023,3,false,56.000,26,27595.65
FFSU,WV,00002147180,MOUNJARO 1,2023,3,false,118.000,57,57605.74
FFSU,WV,00002148480,MOUNJARO 7,2023,3,false,178.000,77,86848.83
FFSU,WV,00002149580,MOUNJARO 5,2023,3,false,224.000,102,109067.31
FFSU,WV,00002150680,MOUNJARO 2,2023,3,false,186.000,85,91310.47
FFSU,WV,00002145780,MOUNJARO 1,2023,2,false,34.000,15,16848.34
FFSU,WV,00002146080,MOUNJARO 1,2023,2,true,,,
FFSU,WV,00002147180,MOUNJARO 1,2023,2,false,86.000,33,42309.17
FFSU,WV,00002148480,MOUNJARO 7,2023,2,false,104.000,44,50542.85
FFSU,WV,00002149580,MOUNJARO 5,2023,2,false,168.000,72,80958.71
FFSU,WV,00002150680,MOUNJARO 2,2023,2,false,98.500,48,48420.19
FFSU,WV,00002145780,MOUNJARO 1,2023,1,false,36.000,16,17610.03
FFSU,WV,00002146080,MOUNJARO 1,2023,1,true,,,
FFSU,WV,00002147180,MOUNJARO 1,2023,1,false,30.000,13,14503.10
FFSU,WV,00002148480,MOUNJARO 7,2023,1,false,68.000,27,31936.98
FFSU,WV,00002149580,MOUNJARO 5,2023,1,false,146.000,63,70292.58
FFSU,WV,00002150680,MOUNJARO 2,2023,1,false,68.000,34,32991.94
FFSU,WY,00002145780,MOUNJARO 1,2023,4,true,,,
FFSU,WY,00002146080,MOUNJARO 1,2023,4,true,,,
FFSU,WY,00002147180,MOUNJARO 1,2023,4,false,30.000,15,14873.15
FFSU,WY,00002148480,MOUNJARO 7,2023,4,false,40.000,18,16021.03
FFSU,WY,00002149580,MOUNJARO 5,2023,4,false,56.000,28,27764.25
FFSU,WY,00002150680,MOUNJARO 2,2023,4,false,42.500,22,21086.52
FFSU,WY,00002147180,MOUNJARO 1,2023,3,true,,,
FFSU,WY,00002148480,MOUNJARO 7,2023,3,false,26.000,13,12889.64
FFSU,WY,00002149580,MOUNJARO 5,2023,3,false,30.000,14,13925.60
FFSU,WY,00002150680,MOUNJARO 2,2023,3,false,40.000,20,19841.20
FFSU,WY,00002147180,MOUNJARO 1,2023,2,true,,,
FFSU,WY,00002148480,MOUNJARO 7,2023,2,true,,,
FFSU,WY,00002149580,MOUNJARO 5,2023,2,true,,,
FFSU,WY,00002150680,MOUNJARO 2,2023,2,true,,,
FFSU,WY,00002147180,MOUNJARO 1,2023,1,true,,,
FFSU,WY,00002148480,MOUNJARO 7,2023,1,true,,,
FFSU,WY,00002149580,MOUNJARO 5,2023,1,true,,,
FFSU,WY,00002150680,MOUNJARO 2,2023,1,true,,,
FFSU,CA,00002247180,ZEPBOUND  ,2023,4,true,,,
FFSU,CA,00002248480,ZEPBOUND  ,2023,4,true,,,
FFSU,CA,00002249580,ZEPBOUND  ,2023,4,true,,,
FFSU,CA,00002250680,ZEPBOUND  ,2023,4,false,52.000,26,27793.54
MCOU,DE,00002249580,ZEPBOUND  ,2023,4,true,,,
MCOU,DE,00002250680,ZEPBOUND  ,2023,4,false,44.000,22,6.00
MCOU,HI,00002250680,ZEPBOUND 2,2023,4,true,,,
MCOU,KS,00002247180,ZEPBOUND  ,2023,4,true,,,
MCOU,KS,00002250680,ZEPBOUND  ,2023,4,true,,,
MCOU,LA,00002246080,ZEPBOUND  ,2023,4,true,,,
MCOU,LA,00002249580,ZEPBOUND  ,2023,4,true,,,
MCOU,LA,00002250680,ZEPBOUND  ,2023,4,false,40.000,20,20845.20
MCOU,MI,00002249580,ZEPBOUND  ,2023,4,true,,,
MCOU,MI,00002250680,ZEPBOUND  ,2023,4,false,88.000,44,45846.05
MCOU,MN,00002247180,ZEPBOUND  ,2023,4,true,,,
MCOU,MN,00002248480,ZEPBOUND  ,2023,4,true,,,
MCOU,MN,00002249580,ZEPBOUND  ,2023,4,false,30.000,15,15597.59
MCOU,MN,00002250680,ZEPBOUND  ,2023,4,false,202.000,101,104029.13
MCOU,XX,00002246080,ZEPBOUND  ,2023,4,true,,,
FFSU,XX,00002247180,ZEPBOUND  ,2023,4,true,,,
MCOU,XX,00002247180,ZEPBOUND  ,2023,4,true,,,
FFSU,XX,00002248480,ZEPBOUND  ,2023,4,true,,,
MCOU,XX,00002248480,ZEPBOUND  ,2023,4,true,,,
FFSU,XX,00002249580,ZEPBOUND  ,2023,4,true,,,
MCOU,XX,00002249580,ZEPBOUND  ,2023,4,false,108.000,54,53422.31
MCOU,XX,00002250601,ZEPBOUND  ,2023,4,true,,,
FFSU,XX,00002250680,ZEPBOUND  ,2023,4,false,66.000,33,35224.81
MCOU,XX,00002250680,ZEPBOUND  ,2023,4,false,769.000,385,366907.39
FFSU,ND,00002249580,ZEPBOUND 5,2023,4,true,,,
FFSU,ND,00002250680,ZEPBOUND 2,2023,4,true,,,
MCOU,NH,00002248480,ZEPBOUND  ,2023,4,true,,,
MCOU,NH,00002249580,ZEPBOUND  ,2023,4,true,,,
MCOU,NH,00002250680,ZEPBOUND  ,2023,4,true,,,
MCOU,NJ,00002247180,ZEPBOUND  ,2023,4,true,,,
MCOU,NJ,00002250680,ZEPBOUND  ,2023,4,true,,,
MCOU,OR,00002250680,ZEPBOUND  ,2023,4,true,,,
MCOU,PA,00002247180,ZEPBOUND  ,2023,4,true,,,
MCOU,PA,00002248480,ZEPBOUND  ,2023,4,true,,,
MCOU,PA,00002249580,ZEPBOUND  ,2023,4,true,,,
MCOU,PA,00002250601,ZEPBOUND  ,2023,4,true,,,
MCOU,PA,00002250680,ZEPBOUND  ,2023,4,false,168.000,84,86037.49
MCOU,RI,00002250680,ZEPBOUND  ,2023,4,false,22.000,11,11305.27
FFSU,RI,00002250680,ZEPBOUND  ,2023,4,true,,,
FFSU,TN,00002250680,ZEPBOUND  ,2023,4,true,,,
MCOU,VA,00002247180,ZEPBOUND  ,2023,4,true,,,
MCOU,VA,00002248480,ZEPBOUND  ,2023,4,true,,,
MCOU,VA,00002249580,ZEPBOUND  ,2023,4,false,40.000,20,20335.08
MCOU,VA,00002250680,ZEPBOUND  ,2023,4,false,171.000,86,85622.27
MCOU,WA,00002250680,ZEPBOUND  ,2023,4,true,,,
FFSU,AK,00002143380,TRULICITY ,2023,4,false,242.000,121,108458.54
FFSU,AK,00002143480,TRULICITY ,2023,4,false,386.000,192,173430.95
FFSU,AK,00002223680,TRULICITY ,2023,4,false,298.000,148,133711.49
FFSU,AK,00002318280,TRULICITY ,2023,4,false,206.000,103,93003.91
FFSU,AK,00002143380,TRULICITY ,2023,3,false,286.000,141,128563.57
FFSU,AK,00002143480,TRULICITY ,2023,3,false,554.000,273,248172.13
FFSU,AK,00002223680,TRULICITY ,2023,3,false,360.000,179,160137.65
FFSU,AK,00002318280,TRULICITY ,2023,3,false,180.000,89,81268.50
FFSU,AK,00002143380,TRULICITY ,2023,2,false,368.000,169,164592.86
FFSU,AK,00002143480,TRULICITY ,2023,2,false,568.000,245,253859.85
FFSU,AK,00002223680,TRULICITY ,2023,2,false,312.000,136,140271.48
FFSU,AK,00002318280,TRULICITY ,2023,2,false,168.000,74,75885.66
MCOU,AK,00002143380,TRULICITY ,2023,1,true,,,
FFSU,AK,00002143380,TRULICITY ,2023,1,false,484.000,204,214189.03
MCOU,AK,00002143480,TRULICITY ,2023,1,true,,,
FFSU,AK,00002143480,TRULICITY ,2023,1,false,741.000,282,327930.33
MCOU,AK,00002223680,TRULICITY ,2023,1,true,,,
FFSU,AK,00002223680,TRULICITY ,2023,1,false,250.000,98,111535.85
MCOU,AK,00002318280,TRULICITY ,2023,1,true,,,
FFSU,AK,00002318280,TRULICITY ,2023,1,false,134.000,53,60342.69
FFSU,AL,00002143301,TRULICITY ,2023,4,true,,,
FFSU,AL,00002143380,TRULICITY ,2023,4,false,5783.500,2901,2667866.94
FFSU,AL,00002143401,TRULICITY ,2023,4,true,,,
FFSU,AL,00002143480,TRULICITY ,2023,4,false,6405.000,3211,2972743.83
FFSU,AL,00002223601,TRULICITY ,2023,4,true,,,
FFSU,AL,00002223680,TRULICITY ,2023,4,false,4055.500,2033,1878377.92
FFSU,AL,00002318201,TRULICITY ,2023,4,true,,,
FFSU,AL,00002318280,TRULICITY ,2023,4,false,2496.000,1248,1150290.98
FFSU,AL,00002143301,TRULICITY ,2023,3,true,,,
FFSU,AL,00002143380,TRULICITY ,2023,3,false,5839.000,2929,2683846.75
FFSU,AL,00002143401,TRULICITY ,2023,3,false,25.000,14,11380.85
FFSU,AL,00002143480,TRULICITY ,2023,3,false,6945.000,3484,3197840.12
FFSU,AL,00002223601,TRULICITY ,2023,3,true,,,
FFSU,AL,00002223680,TRULICITY ,2023,3,false,3774.500,1896,1738883.71
FFSU,AL,00002318201,TRULICITY ,2023,3,true,,,
FFSU,AL,00002318280,TRULICITY ,2023,3,false,2004.500,1002,930035.46
FFSU,AL,00002143301,TRULICITY ,2023,2,true,,,
FFSU,AL,00002143380,TRULICITY ,2023,2,false,5972.750,2998,2731867.30
FFSU,AL,00002143401,TRULICITY ,2023,2,true,,,
FFSU,AL,00002143480,TRULICITY ,2023,2,false,7451.000,3726,3406038.01
FFSU,AL,00002223601,TRULICITY ,2023,2,true,,,
FFSU,AL,00002223680,TRULICITY ,2023,2,false,3317.000,1660,1527995.28
FFSU,AL,00002318201,TRULICITY ,2023,2,true,,,
FFSU,AL,00002318280,TRULICITY ,2023,2,false,1644.000,821,758499.18
FFSU,AL,00002143301,TRULICITY ,2023,1,true,,,
FFSU,AL,00002143380,TRULICITY ,2023,1,false,5176.000,2595,2308730.94
FFSU,AL,00002143401,TRULICITY ,2023,1,true,,,
FFSU,AL,00002143480,TRULICITY ,2023,1,false,7443.000,3714,3337922.66
FFSU,AL,00002223601,TRULICITY ,2023,1,true,,,
FFSU,AL,00002223680,TRULICITY ,2023,1,false,1675.000,839,747042.10
FFSU,AL,00002318201,TRULICITY ,2023,1,true,,,
FFSU,AL,00002318280,TRULICITY ,2023,1,false,976.000,488,441475.12
MCOU,AR,00002143380,TRULICITY ,2023,4,false,34.000,17,15605.33
FFSU,AR,00002143380,TRULICITY ,2023,4,false,26.000,13,11769.55
FFSU,AR,00002143480,TRULICITY ,2023,4,false,76.000,38,34402.92
MCOU,AR,00002143480,TRULICITY ,2023,4,false,26.000,13,11903.94
MCOU,AR,00002223680,TRULICITY ,2023,4,false,28.000,14,12796.42
FFSU,AR,00002223680,TRULICITY ,2023,4,false,50.000,25,22606.90
FFSU,AR,00002318280,TRULICITY ,2023,4,false,60.000,30,27140.70
MCOU,AR,00002143380,TRULICITY ,2023,3,false,24.500,13,11254.72
FFSU,AR,00002143380,TRULICITY ,2023,3,true,,,
MCOU,AR,00002143480,TRULICITY ,2023,3,false,32.000,16,14706.12
FFSU,AR,00002143480,TRULICITY ,2023,3,false,108.000,54,48811.18
FFSU,AR,00002223680,TRULICITY ,2023,3,false,64.000,32,28938.38
MCOU,AR,00002223680,TRULICITY ,2023,3,false,26.000,13,11891.58
MCOU,AR,00002318280,TRULICITY ,2023,3,true,,,
FFSU,AR,00002318280,TRULICITY ,2023,3,false,42.000,21,18988.19
MCOU,AR,00002143380,TRULICITY ,2023,2,false,26.000,13,11959.94
FFSU,AR,00002143380,TRULICITY ,2023,2,true,,,
FFSU,AR,00002143480,TRULICITY ,2023,2,false,140.000,70,63135.59
MCOU,AR,00002143480,TRULICITY ,2023,2,false,30.000,15,13767.22
MCOU,AR,00002223680,TRULICITY ,2023,2,false,32.000,16,14625.74
FFSU,AR,00002223680,TRULICITY ,2023,2,false,62.000,31,28003.44
FFSU,AR,00002318280,TRULICITY ,2023,2,false,36.000,18,16254.12
MCOU,AR,00002318280,TRULICITY ,2023,2,true,,,
MCOU,AR,00002143380,TRULICITY ,2023,1,false,24.000,12,10999.56
FFSU,AR,00002143380,TRULICITY ,2023,1,false,34.000,17,15169.49
FFSU,AR,00002143480,TRULICITY ,2023,1,false,112.000,56,50104.33
MCOU,AR,00002143480,TRULICITY ,2023,1,false,24.000,12,10956.08
MCOU,AR,00002223680,TRULICITY ,2023,1,false,36.000,18,16652.42
FFSU,AR,00002223680,TRULICITY ,2023,1,false,34.000,17,15319.28
FFSU,AR,00002318280,TRULICITY ,2023,1,true,,,
MCOU,AR,00002318280,TRULICITY ,2023,1,true,,,
MCOU,AZ,00002143380,TRULICITY ,2023,4,false,12544.000,5613,5591370.83
FFSU,AZ,00002143380,TRULICITY ,2023,4,false,248.000,123,108485.35
MCOU,AZ,00002143401,TRULICITY ,2023,4,true,,,
FFSU,AZ,00002143480,TRULICITY ,2023,4,false,264.000,128,111809.32
MCOU,AZ,00002143480,TRULICITY ,2023,4,true,,,
MCOU,AZ,00002223601,TRULICITY ,2023,4,true,,,
FFSU,AZ,00002223680,TRULICITY ,2023,4,false,147.000,74,65495.49
MCOU,AZ,00002223680,TRULICITY ,2023,4,false,8295.500,3530,3700869.43
MCOU,AZ,00002318201,TRULICITY ,2023,4,true,,,
FFSU,AZ,00002318280,TRULICITY ,2023,4,false,52.000,26,23645.91
MCOU,AZ,00002318280,TRULICITY ,2023,4,true,,,
FFSU,AZ,00002143380,TRULICITY ,2023,3,false,106.000,52,45537.72
MCOU,AZ,00002143380,TRULICITY ,2023,3,false,13021.500,5831,5821204.27
MCOU,AZ,00002143401,TRULICITY ,2023,3,true,,,
MCOU,AZ,00002143480,TRULICITY ,2023,3,false,14565.500,6156,6503061.76
FFSU,AZ,00002143480,TRULICITY ,2023,3,false,164.000,82,68955.50
MCOU,AZ,00002223601,TRULICITY ,2023,3,true,,,
FFSU,AZ,00002223680,TRULICITY ,2023,3,false,75.000,39,33505.17
MCOU,AZ,00002223680,TRULICITY ,2023,3,false,8258.000,3461,3690521.52
MCOU,AZ,00002318201,TRULICITY ,2023,3,true,,,
FFSU,AZ,00002318280,TRULICITY ,2023,3,true,,,
MCOU,AZ,00002318280,TRULICITY ,2023,3,false,5036.000,2014,2245071.46
MCOU,AZ,00002143301,TRULICITY ,2023,2,true,,,
FFSU,AZ,00002143380,TRULICITY ,2023,2,false,250.000,126,105166.42
MCOU,AZ,00002143380,TRULICITY ,2023,2,false,13121.500,5929,5848779.14
MCOU,AZ,00002143401,TRULICITY ,2023,2,true,,,
FFSU,AZ,00002143480,TRULICITY ,2023,2,false,361.500,178,147886.97
MCOU,AZ,00002143480,TRULICITY ,2023,2,false,14967.000,6442,6677115.38
MCOU,AZ,00002223601,TRULICITY ,2023,2,true,,,
FFSU,AZ,00002223680,TRULICITY ,2023,2,false,82.000,41,35099.10
MCOU,AZ,00002223680,TRULICITY ,2023,2,false,7272.500,3105,3241427.53
MCOU,AZ,00002318280,TRULICITY ,2023,2,false,3922.000,1605,1749771.74
MCOU,AZ,00002143301,TRULICITY ,2023,1,true,,,
FFSU,AZ,00002143380,TRULICITY ,2023,1,false,102.000,53,43548.85
MCOU,AZ,00002143380,TRULICITY ,2023,1,false,13109.000,5983,5841756.06
MCOU,AZ,00002143401,TRULICITY ,2023,1,true,,,
MCOU,AZ,00002143480,TRULICITY ,2023,1,false,15068.500,6476,6745206.01
FFSU,AZ,00002143480,TRULICITY ,2023,1,false,146.000,73,59356.81
MCOU,AZ,00002223601,TRULICITY ,2023,1,true,,,
FFSU,AZ,00002223680,TRULICITY ,2023,1,false,36.000,18,15600.21
MCOU,AZ,00002223680,TRULICITY ,2023,1,false,4865.000,2084,2174161.18
FFSU,AZ,00002318280,TRULICITY ,2023,1,true,,,
MCOU,AZ,00002318280,TRULICITY ,2023,1,false,2154.000,915,958985.38
MCOU,CA,00002143380,TRULICITY ,2023,4,false,521.500,257,248407.42
FFSU,CA,00002143380,TRULICITY ,2023,4,false,43968.500,17724,19902503.17
FFSU,CA,00002143480,TRULICITY ,2023,4,false,48461.000,18818,21930423.90
MCOU,CA,00002143480,TRULICITY ,2023,4,false,675.000,335,323229.73
MCOU,CA,00002223680,TRULICITY ,2023,4,false,355.000,179,170556.76
FFSU,CA,00002223680,TRULICITY ,2023,4,false,26479.500,10211,11977451.80
MCOU,CA,00002318201,TRULICITY ,2023,4,false,12.000,12,10.80
FFSU,CA,00002318280,TRULICITY ,2023,4,false,17674.000,6631,7995694.17
MCOU,CA,00002318280,TRULICITY ,2023,4,false,201.500,101,96942.68
MCOU,CA,00002143301,TRULICITY ,2023,3,true,,,
MCOU,CA,00002143380,TRULICITY ,2023,3,false,585.500,303,272981.35
FFSU,CA,00002143380,TRULICITY ,2023,3,false,61421.000,24590,27786198.93
FFSU,CA,00002143480,TRULICITY ,2023,3,false,69866.000,26782,31591842.49
MCOU,CA,00002143480,TRULICITY ,2023,3,false,695.000,356,322593.94
MCOU,CA,00002223680,TRULICITY ,2023,3,false,385.500,195,185627.44
FFSU,CA,00002223680,TRULICITY ,2023,3,false,33752.000,12952,15260369.69
MCOU,CA,00002318201,TRULICITY ,2023,3,true,,,
MCOU,CA,00002318280,TRULICITY ,2023,3,false,181.500,96,87423.32
FFSU,CA,00002318280,TRULICITY ,2023,3,false,20188.500,7621,9128301.86
MCOU,CA,00002143380,TRULICITY ,2023,2,false,791.500,441,309346.91
FFSU,CA,00002143380,TRULICITY ,2023,2,false,48171.000,19292,21745479.24
MCOU,CA,00002143480,TRULICITY ,2023,2,false,784.500,389,352097.32
FFSU,CA,00002143480,TRULICITY ,2023,2,false,55624.000,21345,25099486.91
FFSU,CA,00002223680,TRULICITY ,2023,2,false,22249.500,8707,10051549.79
MCOU,CA,00002223680,TRULICITY ,2023,2,false,341.500,173,164350.93
MCOU,CA,00002318201,TRULICITY ,2023,2,true,,,
MCOU,CA,00002318280,TRULICITY ,2023,2,false,166.500,85,80342.67
FFSU,CA,00002318280,TRULICITY ,2023,2,false,12675.500,4840,5720416.55
FFSU,CA,00002143301,TRULICITY ,2023,1,false,178.000,85,79909.29
MCOU,CA,00002143380,TRULICITY ,2023,1,false,650.500,332,308549.28
FFSU,CA,00002143380,TRULICITY ,2023,1,false,59372.000,23630,26418973.02
MCOU,CA,00002143401,TRULICITY ,2023,1,true,,,
FFSU,CA,00002143401,TRULICITY ,2023,1,false,206.500,102,92704.17
FFSU,CA,00002143480,TRULICITY ,2023,1,false,68781.000,26147,30588539.97
MCOU,CA,00002143480,TRULICITY ,2023,1,false,785.500,373,375509.85
MCOU,CA,00002223601,TRULICITY ,2023,1,true,,,
FFSU,CA,00002223601,TRULICITY ,2023,1,false,65.500,36,29465.94
FFSU,CA,00002223680,TRULICITY ,2023,1,false,16370.000,6536,7313161.98
MCOU,CA,00002223680,TRULICITY ,2023,1,false,319.500,164,153266.76
MCOU,CA,00002318201,TRULICITY ,2023,1,false,12.000,12,10.80
FFSU,CA,00002318201,TRULICITY ,2023,1,false,22.000,11,9897.36
FFSU,CA,00002318280,TRULICITY ,2023,1,false,11542.000,4400,5133989.07
MCOU,CA,00002318280,TRULICITY ,2023,1,false,94.000,48,45165.25
MCOU,CO,00002143380,TRULICITY ,2023,4,false,420.000,182,135247.22
FFSU,CO,00002143380,TRULICITY ,2023,4,false,9982.000,3637,4508353.09
MCOU,CO,00002143480,TRULICITY ,2023,4,false,442.500,189,162181.19
FFSU,CO,00002143480,TRULICITY ,2023,4,false,9240.000,3043,4176521.32
FFSU,CO,00002223680,TRULICITY ,2023,4,false,7213.500,2330,3248283.68
MCOU,CO,00002223680,TRULICITY ,2023,4,false,390.000,193,133908.76
FFSU,CO,00002318280,TRULICITY ,2023,4,false,5715.500,1710,2570073.83
MCOU,CO,00002318280,TRULICITY ,2023,4,false,248.000,122,82362.22
MCOU,CO,00002143380,TRULICITY ,2023,3,false,516.000,236,233824.19
FFSU,CO,00002143380,TRULICITY ,2023,3,false,10052.500,3618,4548428.34
MCOU,CO,00002143480,TRULICITY ,2023,3,false,600.000,237,271466.09
FFSU,CO,00002143480,TRULICITY ,2023,3,false,11205.500,3591,5099408.14
FFSU,CO,00002223680,TRULICITY ,2023,3,false,7348.500,2350,3316443.94
MCOU,CO,00002223680,TRULICITY ,2023,3,false,342.000,167,155005.21
FFSU,CO,00002318280,TRULICITY ,2023,3,false,5050.000,1507,2276179.04
MCOU,CO,00002318280,TRULICITY ,2023,3,false,240.000,120,108835.63
MCOU,CO,00002143380,TRULICITY ,2023,2,false,660.000,277,297620.53
FFSU,CO,00002143380,TRULICITY ,2023,2,false,10359.500,3790,4669851.26
FFSU,CO,00002143480,TRULICITY ,2023,2,false,11639.000,3779,5267596.81
MCOU,CO,00002143480,TRULICITY ,2023,2,false,934.000,383,421050.16
FFSU,CO,00002223680,TRULICITY ,2023,2,false,6826.500,2265,3063588.48
MCOU,CO,00002223680,TRULICITY ,2023,2,false,476.000,238,214309.37
FFSU,CO,00002318280,TRULICITY ,2023,2,false,3954.000,1277,1768473.35
MCOU,CO,00002318280,TRULICITY ,2023,2,false,292.000,146,131419.57
FFSU,CO,00002143301,TRULICITY ,2023,1,true,,,
FFSU,CO,00002143380,TRULICITY ,2023,1,false,9137.500,3285,4073801.07
MCOU,CO,00002143380,TRULICITY ,2023,1,false,591.000,257,264114.82
FFSU,CO,00002143480,TRULICITY ,2023,1,false,11223.500,3762,5127327.06
MCOU,CO,00002143480,TRULICITY ,2023,1,false,914.000,387,409029.35
MCOU,CO,00002223680,TRULICITY ,2023,1,false,290.000,145,129627.46
FFSU,CO,00002223680,TRULICITY ,2023,1,false,4015.500,1363,1791276.14
FFSU,CO,00002318280,TRULICITY ,2023,1,false,2319.500,806,1035050.02
MCOU,CO,00002318280,TRULICITY ,2023,1,false,136.000,68,61137.45
FFSU,CT,00002143380,TRULICITY ,2023,4,false,4980.000,1956,2252586.91
FFSU,CT,00002143480,TRULICITY ,2023,4,false,6658.000,2398,3009226.34
FFSU,CT,00002223680,TRULICITY ,2023,4,false,5016.000,1818,2265869.45
FFSU,CT,00002318280,TRULICITY ,2023,4,false,3172.000,1075,1432616.11
FFSU,CT,00002143380,TRULICITY ,2023,3,false,5547.500,2127,2507918.24
FFSU,CT,00002143480,TRULICITY ,2023,3,false,8276.500,2894,3739286.57
FFSU,CT,00002223680,TRULICITY ,2023,3,false,5453.000,1982,2463008.22
FFSU,CT,00002318280,TRULICITY ,2023,3,false,3060.500,1063,1382535.55
FFSU,CT,00002143380,TRULICITY ,2023,2,false,7062.000,2744,3184904.70
FFSU,CT,00002143480,TRULICITY ,2023,2,false,10280.500,3627,4632416.16
FFSU,CT,00002223680,TRULICITY ,2023,2,false,5839.500,2122,2634053.75
FFSU,CT,00002318280,TRULICITY ,2023,2,false,2732.500,966,1232570.46
FFSU,CT,00002143380,TRULICITY ,2023,1,false,8408.000,3300,3757685.39
FFSU,CT,00002143480,TRULICITY ,2023,1,false,12407.000,4388,5535368.67
FFSU,CT,00002223680,TRULICITY ,2023,1,false,4056.500,1484,1816827.23
FFSU,CT,00002318280,TRULICITY ,2023,1,false,2079.000,719,932793.07
MCOU,DC,00002143301,TRULICITY ,2023,4,false,54.000,27,24530.22
MCOU,DC,00002143380,TRULICITY ,2023,4,false,1346.000,601,580019.56
FFSU,DC,00002143380,TRULICITY ,2023,4,false,78.000,38,35381.36
FFSU,DC,00002143401,TRULICITY ,2023,4,true,,,
MCOU,DC,00002143401,TRULICITY ,2023,4,false,36.000,18,16150.47
FFSU,DC,00002143480,TRULICITY ,2023,4,false,122.500,61,55580.98
MCOU,DC,00002143480,TRULICITY ,2023,4,false,1967.000,832,793063.17
FFSU,DC,00002223601,TRULICITY ,2023,4,true,,,
MCOU,DC,00002223601,TRULICITY ,2023,4,false,72.000,36,32461.06
MCOU,DC,00002223680,TRULICITY ,2023,4,false,1166.000,489,455757.26
FFSU,DC,00002223680,TRULICITY ,2023,4,false,60.000,31,27220.85
MCOU,DC,00002318201,TRULICITY ,2023,4,true,,,
FFSU,DC,00002318280,TRULICITY ,2023,4,false,50.000,24,22671.59
MCOU,DC,00002318280,TRULICITY ,2023,4,false,508.000,214,198474.43
MCOU,DC,00002143301,TRULICITY ,2023,3,false,70.000,34,31577.60
FFSU,DC,00002143380,TRULICITY ,2023,3,false,62.000,31,28132.50
MCOU,DC,00002143380,TRULICITY ,2023,3,false,1694.000,726,716682.45
MCOU,DC,00002143401,TRULICITY ,2023,3,false,44.000,22,20022.16
FFSU,DC,00002143401,TRULICITY ,2023,3,true,,,
MCOU,DC,00002143480,TRULICITY ,2023,3,false,2651.500,1103,1078566.62
FFSU,DC,00002143480,TRULICITY ,2023,3,false,138.500,72,62874.37
FFSU,DC,00002223601,TRULICITY ,2023,3,true,,,
MCOU,DC,00002223601,TRULICITY ,2023,3,false,76.000,36,32870.91
FFSU,DC,00002223680,TRULICITY ,2023,3,false,38.000,19,17232.81
MCOU,DC,00002223680,TRULICITY ,2023,3,false,1166.000,495,470815.68
MCOU,DC,00002318201,TRULICITY ,2023,3,false,24.000,12,10911.66
FFSU,DC,00002318280,TRULICITY ,2023,3,false,38.000,18,17226.36
MCOU,DC,00002318280,TRULICITY ,2023,3,false,500.000,218,203076.02
MCOU,DC,00002143301,TRULICITY ,2023,2,false,78.000,37,34733.77
MCOU,DC,00002143380,TRULICITY ,2023,2,false,2112.000,1056,1057026.06
FFSU,DC,00002143380,TRULICITY ,2023,2,false,92.000,46,41631.84
FFSU,DC,00002143401,TRULICITY ,2023,2,true,,,
MCOU,DC,00002143401,TRULICITY ,2023,2,false,52.000,26,24445.59
MCOU,DC,00002143480,TRULICITY ,2023,2,false,2578.000,1289,1253139.80
FFSU,DC,00002143480,TRULICITY ,2023,2,false,140.000,70,63347.90
MCOU,DC,00002223601,TRULICITY ,2023,2,false,98.000,45,43483.69
FFSU,DC,00002223601,TRULICITY ,2023,2,true,,,
FFSU,DC,00002223680,TRULICITY ,2023,2,false,48.000,24,21738.96
MCOU,DC,00002223680,TRULICITY ,2023,2,false,980.000,490,482750.23
MCOU,DC,00002318201,TRULICITY ,2023,2,false,36.000,16,16654.00
FFSU,DC,00002318280,TRULICITY ,2023,2,false,38.000,19,19002.44
MCOU,DC,00002318280,TRULICITY ,2023,2,false,438.000,219,219319.60
MCOU,DC,00002143301,TRULICITY ,2023,1,false,88.000,42,41306.57
FFSU,DC,00002143380,TRULICITY ,2023,1,false,85.500,47,38280.31
MCOU,DC,00002143380,TRULICITY ,2023,1,false,2565.000,1134,1121732.16
MCOU,DC,00002143401,TRULICITY ,2023,1,false,80.000,37,34624.48
FFSU,DC,00002143401,TRULICITY ,2023,1,true,,,
MCOU,DC,00002143480,TRULICITY ,2023,1,false,3149.500,1359,1344534.28
FFSU,DC,00002143480,TRULICITY ,2023,1,false,121.000,60,54404.72
MCOU,DC,00002223601,TRULICITY ,2023,1,false,74.000,34,33140.58
MCOU,DC,00002223680,TRULICITY ,2023,1,false,956.000,402,398166.33
FFSU,DC,00002223680,TRULICITY ,2023,1,false,24.000,12,10699.08
MCOU,DC,00002318201,TRULICITY ,2023,1,true,,,
FFSU,DC,00002318280,TRULICITY ,2023,1,true,,,
MCOU,DC,00002318280,TRULICITY ,2023,1,false,403.000,165,170035.58
MCOU,DE,00002143380,TRULICITY ,2023,4,false,1119.500,560,504666.86
MCOU,DE,00002143480,TRULICITY ,2023,4,false,1270.000,634,572452.81
MCOU,DE,00002223601,TRULICITY ,2023,4,false,22.000,11,9852.16
MCOU,DE,00002223680,TRULICITY ,2023,4,false,922.500,471,416274.39
MCOU,DE,00002318201,TRULICITY ,2023,4,true,,,
MCOU,DE,00002318280,TRULICITY ,2023,4,false,380.000,190,171190.40
FFSU,DE,00002143380,TRULICITY ,2023,3,true,,,
MCOU,DE,00002143380,TRULICITY ,2023,3,false,1227.000,613,552182.96
MCOU,DE,00002143480,TRULICITY ,2023,3,false,1635.000,813,735652.69
FFSU,DE,00002143480,TRULICITY ,2023,3,true,,,
MCOU,DE,00002223601,TRULICITY ,2023,3,false,28.000,14,12519.02
MCOU,DE,00002223680,TRULICITY ,2023,3,false,1024.000,515,461476.98
FFSU,DE,00002223680,TRULICITY ,2023,3,true,,,
MCOU,DE,00002318201,TRULICITY ,2023,3,true,,,
MCOU,DE,00002318280,TRULICITY ,2023,3,false,306.000,153,137515.97
MCOU,DE,00002143380,TRULICITY ,2023,2,false,1340.500,673,601684.13
FFSU,DE,00002143380,TRULICITY ,2023,2,true,,,
MCOU,DE,00002143480,TRULICITY ,2023,2,false,1813.000,897,813573.72
MCOU,DE,00002223601,TRULICITY ,2023,2,true,,,
MCOU,DE,00002223680,TRULICITY ,2023,2,false,871.000,432,395020.49
FFSU,DE,00002223680,TRULICITY ,2023,2,true,,,
MCOU,DE,00002318280,TRULICITY ,2023,2,false,236.000,118,105872.16
FFSU,DE,00002318280,TRULICITY ,2023,2,true,,,
FFSU,DE,00002143380,TRULICITY ,2023,1,true,,,
MCOU,DE,00002143380,TRULICITY ,2023,1,false,1462.500,735,651936.08
MCOU,DE,00002143480,TRULICITY ,2023,1,false,1910.000,938,851825.32
FFSU,DE,00002143480,TRULICITY ,2023,1,true,,,
MCOU,DE,00002223601,TRULICITY ,2023,1,true,,,
MCOU,DE,00002223680,TRULICITY ,2023,1,false,554.000,273,248780.76
MCOU,DE,00002318280,TRULICITY ,2023,1,false,126.000,63,56279.47
MCOU,FL,00002143301,TRULICITY ,2023,4,true,,,
MCOU,FL,00002143380,TRULICITY ,2023,4,false,8612.000,4334,3805099.42
FFSU,FL,00002143380,TRULICITY ,2023,4,false,381.500,195,170603.39
MCOU,FL,00002143401,TRULICITY ,2023,4,true,,,
MCOU,FL,00002143480,TRULICITY ,2023,4,false,10249.000,5116,4529156.72
FFSU,FL,00002143480,TRULICITY ,2023,4,false,546.000,273,240541.27
MCOU,FL,00002223601,TRULICITY ,2023,4,true,,,
MCOU,FL,00002223680,TRULICITY ,2023,4,false,6346.500,3201,2805560.24
FFSU,FL,00002223680,TRULICITY ,2023,4,false,388.000,194,174802.77
MCOU,FL,00002318280,TRULICITY ,2023,4,false,4298.500,2158,1903664.18
FFSU,FL,00002318280,TRULICITY ,2023,4,false,253.000,126,114622.26
MCOU,FL,00002143301,TRULICITY ,2023,3,false,22.000,11,9615.53
MCOU,FL,00002143380,TRULICITY ,2023,3,false,10459.500,5224,4620889.71
FFSU,FL,00002143380,TRULICITY ,2023,3,false,484.500,243,211203.22
MCOU,FL,00002143401,TRULICITY ,2023,3,true,,,
FFSU,FL,00002143480,TRULICITY ,2023,3,false,669.000,334,296983.97
MCOU,FL,00002143480,TRULICITY ,2023,3,false,12758.000,6390,5639115.84
MCOU,FL,00002223601,TRULICITY ,2023,3,true,,,
FFSU,FL,00002223680,TRULICITY ,2023,3,false,427.000,214,190779.48
MCOU,FL,00002223680,TRULICITY ,2023,3,false,7052.500,3546,3120027.56
MCOU,FL,00002318201,TRULICITY ,2023,3,true,,,
FFSU,FL,00002318280,TRULICITY ,2023,3,false,183.000,91,82926.36
MCOU,FL,00002318280,TRULICITY ,2023,3,false,4077.000,2053,1804104.14
MCOU,FL,00002143301,TRULICITY ,2023,2,false,21.000,11,9190.49
FFSU,FL,00002143380,TRULICITY ,2023,2,false,470.000,235,209877.68
MCOU,FL,00002143380,TRULICITY ,2023,2,false,14383.000,7226,6348170.22
MCOU,FL,00002143401,TRULICITY ,2023,2,true,,,
FFSU,FL,00002143480,TRULICITY ,2023,2,false,762.000,381,333532.10
MCOU,FL,00002143480,TRULICITY ,2023,2,false,16537.500,8273,7309111.84
MCOU,FL,00002223601,TRULICITY ,2023,2,true,,,
FFSU,FL,00002223680,TRULICITY ,2023,2,false,291.000,146,127030.79
MCOU,FL,00002223680,TRULICITY ,2023,2,false,7112.000,3568,3145833.59
MCOU,FL,00002318201,TRULICITY ,2023,2,true,,,
MCOU,FL,00002318280,TRULICITY ,2023,2,false,3549.000,1790,1569697.89
FFSU,FL,00002318280,TRULICITY ,2023,2,false,96.000,48,43441.44
FFSU,FL,00002143301,TRULICITY ,2023,1,true,,,
MCOU,FL,00002143301,TRULICITY ,2023,1,true,,,
FFSU,FL,00002143380,TRULICITY ,2023,1,false,539.000,270,238080.38
MCOU,FL,00002143380,TRULICITY ,2023,1,false,17572.500,8767,7756011.10
FFSU,FL,00002143401,TRULICITY ,2023,1,true,,,
MCOU,FL,00002143401,TRULICITY ,2023,1,true,,,
FFSU,FL,00002143480,TRULICITY ,2023,1,false,744.500,373,323558.83
MCOU,FL,00002143480,TRULICITY ,2023,1,false,18479.000,9232,8167128.67
MCOU,FL,00002223601,TRULICITY ,2023,1,true,,,
FFSU,FL,00002223680,TRULICITY ,2023,1,false,174.000,87,76199.31
MCOU,FL,00002223680,TRULICITY ,2023,1,false,5454.500,2739,2410384.25
MCOU,FL,00002318201,TRULICITY ,2023,1,true,,,
MCOU,FL,00002318280,TRULICITY ,2023,1,false,2278.500,1151,1007754.28
FFSU,FL,00002318280,TRULICITY ,2023,1,false,70.000,35,31420.45
MCOU,GA,00002143301,TRULICITY ,2023,4,true,,,
FFSU,GA,00002143380,TRULICITY ,2023,4,false,464.000,232,209761.03
MCOU,GA,00002143380,TRULICITY ,2023,4,false,2413.000,1215,1094129.07
MCOU,GA,00002143480,TRULICITY ,2023,4,false,2042.000,1029,939062.59
FFSU,GA,00002143480,TRULICITY ,2023,4,false,635.000,320,286777.05
FFSU,GA,00002223601,TRULICITY ,2023,4,true,,,
FFSU,GA,00002223680,TRULICITY ,2023,4,false,460.000,232,207807.10
MCOU,GA,00002223680,TRULICITY ,2023,4,false,844.000,422,384590.77
MCOU,GA,00002318280,TRULICITY ,2023,4,false,592.000,304,279940.73
FFSU,GA,00002318280,TRULICITY ,2023,4,false,327.000,165,147799.11
FFSU,GA,00002143380,TRULICITY ,2023,3,false,542.000,272,245309.96
MCOU,GA,00002143380,TRULICITY ,2023,3,false,2712.500,1359,1218750.01
MCOU,GA,00002143480,TRULICITY ,2023,3,false,2112.000,1065,973195.90
FFSU,GA,00002143480,TRULICITY ,2023,3,false,700.000,354,316821.76
MCOU,GA,00002223680,TRULICITY ,2023,3,false,891.000,444,403425.11
FFSU,GA,00002223680,TRULICITY ,2023,3,false,491.000,246,221185.23
FFSU,GA,00002318280,TRULICITY ,2023,3,false,272.000,136,123053.44
MCOU,GA,00002318280,TRULICITY ,2023,3,false,618.500,309,285705.97
MCOU,GA,00002143301,TRULICITY ,2023,2,true,,,
FFSU,GA,00002143380,TRULICITY ,2023,2,false,627.000,316,282765.13
MCOU,GA,00002143380,TRULICITY ,2023,2,false,2514.000,1265,1128849.70
MCOU,GA,00002143401,TRULICITY ,2023,2,true,,,
FFSU,GA,00002143401,TRULICITY ,2023,2,true,,,
MCOU,GA,00002143480,TRULICITY ,2023,2,false,2209.500,1108,1013228.54
FFSU,GA,00002143480,TRULICITY ,2023,2,false,634.000,319,285012.23
MCOU,GA,00002223601,TRULICITY ,2023,2,true,,,
MCOU,GA,00002223680,TRULICITY ,2023,2,false,843.000,423,382839.82
FFSU,GA,00002223680,TRULICITY ,2023,2,false,434.000,217,196420.49
FFSU,GA,00002318201,TRULICITY ,2023,2,true,,,
FFSU,GA,00002318280,TRULICITY ,2023,2,false,223.000,112,100083.67
MCOU,GA,00002318280,TRULICITY ,2023,2,false,490.000,247,226196.98
MCOU,GA,00002143380,TRULICITY ,2023,1,false,2074.000,1039,937798.19
FFSU,GA,00002143380,TRULICITY ,2023,1,false,514.500,258,230251.82
FFSU,GA,00002143401,TRULICITY ,2023,1,true,,,
FFSU,GA,00002143480,TRULICITY ,2023,1,false,614.000,307,275167.35
MCOU,GA,00002143480,TRULICITY ,2023,1,false,1908.000,958,871149.32
MCOU,GA,00002223601,TRULICITY ,2023,1,true,,,
FFSU,GA,00002223680,TRULICITY ,2023,1,false,250.000,125,112388.86
MCOU,GA,00002223680,TRULICITY ,2023,1,false,548.000,275,249156.02
FFSU,GA,00002318201,TRULICITY ,2023,1,true,,,
FFSU,GA,00002318280,TRULICITY ,2023,1,false,150.000,75,67650.90
MCOU,GA,00002318280,TRULICITY ,2023,1,false,330.000,169,152195.48
FFSU,HI,00002143380,TRULICITY ,2023,4,true,,,
MCOU,HI,00002143380,TRULICITY ,2023,4,false,1789.000,785,550890.60
MCOU,HI,00002143401,TRULICITY ,2023,4,true,,,
MCOU,HI,00002143480,TRULICITY ,2023,4,false,4018.000,960,784534.46
MCOU,HI,00002223680,TRULICITY ,2023,4,false,1285.000,471,456709.38
MCOU,HI,00002318280,TRULICITY ,2023,4,false,1004.000,385,350572.45
MCOU,HI,00002143380,TRULICITY ,2023,3,false,1384.000,598,464145.05
FFSU,HI,00002143380,TRULICITY ,2023,3,true,,,
MCOU,HI,00002143480,TRULICITY ,2023,3,false,2220.000,800,724277.26
FFSU,HI,00002143480,TRULICITY ,2023,3,true,,,
MCOU,HI,00002223680,TRULICITY ,2023,3,false,1180.000,433,443554.54
MCOU,HI,00002318201,TRULICITY ,2023,3,true,,,
MCOU,HI,00002318280,TRULICITY ,2023,3,false,796.000,319,272678.09
MCOU,HI,00002143301,TRULICITY ,2023,2,true,,,
MCOU,HI,00002143380,TRULICITY ,2023,2,false,1825.000,793,576926.94
FFSU,HI,00002143380,TRULICITY ,2023,2,true,,,
MCOU,HI,00002143480,TRULICITY ,2023,2,false,4679.000,1020,853488.99
FFSU,HI,00002143480,TRULICITY ,2023,2,true,,,
MCOU,HI,00002223680,TRULICITY ,2023,2,false,1412.500,550,481947.23
MCOU,HI,00002318280,TRULICITY ,2023,2,false,807.000,317,251550.94
MCOU,HI,00002143301,TRULICITY ,2023,1,true,,,
FFSU,HI,00002143380,TRULICITY ,2023,1,true,,,
MCOU,HI,00002143380,TRULICITY ,2023,1,false,2066.000,857,581792.26
MCOU,HI,00002143480,TRULICITY ,2023,1,false,4680.000,1167,1039795.86
MCOU,HI,00002223680,TRULICITY ,2023,1,false,1236.000,443,356994.85
MCOU,HI,00002318280,TRULICITY ,2023,1,false,692.000,288,190356.54
MCOU,IA,00002143380,TRULICITY ,2023,4,false,2569.000,1284,1151488.21
FFSU,IA,00002143380,TRULICITY ,2023,4,false,33.000,16,14005.86
MCOU,IA,00002143480,TRULICITY ,2023,4,false,3385.500,1690,1517120.14
FFSU,IA,00002143480,TRULICITY ,2023,4,false,48.000,22,19132.22
MCOU,IA,00002223680,TRULICITY ,2023,4,false,2851.500,1423,1278577.47
FFSU,IA,00002223680,TRULICITY ,2023,4,false,24.000,12,10887.12
MCOU,IA,00002318201,TRULICITY ,2023,4,true,,,
FFSU,IA,00002318280,TRULICITY ,2023,4,false,32.000,16,14524.64
MCOU,IA,00002318280,TRULICITY ,2023,4,false,2592.000,1296,1162399.74
MCOU,IA,00002143380,TRULICITY ,2023,3,false,3280.000,1639,1470990.33
FFSU,IA,00002143380,TRULICITY ,2023,3,false,46.000,21,18243.80
FFSU,IA,00002143480,TRULICITY ,2023,3,false,32.000,16,14510.88
MCOU,IA,00002143480,TRULICITY ,2023,3,false,4550.000,2253,2039373.50
MCOU,IA,00002223680,TRULICITY ,2023,3,false,3441.500,1717,1544141.30
FFSU,IA,00002223680,TRULICITY ,2023,3,false,24.000,12,10890.12
MCOU,IA,00002318201,TRULICITY ,2023,3,true,,,
FFSU,IA,00002318280,TRULICITY ,2023,3,false,24.000,12,10893.48
MCOU,IA,00002318280,TRULICITY ,2023,3,false,2658.000,1327,1192761.70
MCOU,IA,00002143301,TRULICITY ,2023,2,true,,,
MCOU,IA,00002143380,TRULICITY ,2023,2,false,4060.000,1920,1818848.82
FFSU,IA,00002143380,TRULICITY ,2023,2,false,52.000,26,23561.06
FFSU,IA,00002143480,TRULICITY ,2023,2,false,28.000,14,11796.89
MCOU,IA,00002143480,TRULICITY ,2023,2,false,5422.500,2509,2427595.34
FFSU,IA,00002223680,TRULICITY ,2023,2,true,,,
MCOU,IA,00002223680,TRULICITY ,2023,2,false,3595.500,1691,1611379.10
MCOU,IA,00002318201,TRULICITY ,2023,2,true,,,
MCOU,IA,00002318280,TRULICITY ,2023,2,false,2418.000,1131,1083663.74
FFSU,IA,00002318280,TRULICITY ,2023,2,true,,,
MCOU,IA,00002143380,TRULICITY ,2023,1,false,4999.000,2219,2228470.52
FFSU,IA,00002143380,TRULICITY ,2023,1,false,48.000,22,18989.55
MCOU,IA,00002143480,TRULICITY ,2023,1,false,6960.500,3005,3101595.66
FFSU,IA,00002143480,TRULICITY ,2023,1,false,46.000,22,19004.54
FFSU,IA,00002223680,TRULICITY ,2023,1,false,22.000,11,9839.59
MCOU,IA,00002223680,TRULICITY ,2023,1,false,2733.000,1209,1219622.66
FFSU,IA,00002318280,TRULICITY ,2023,1,true,,,
MCOU,IA,00002318280,TRULICITY ,2023,1,false,1862.500,818,831853.58
FFSU,ID,00002143301,TRULICITY ,2023,4,true,,,
FFSU,ID,00002143380,TRULICITY ,2023,4,false,1032.000,504,458275.73
FFSU,ID,00002143480,TRULICITY ,2023,4,false,1348.000,649,603128.36
FFSU,ID,00002223680,TRULICITY ,2023,4,false,1243.000,592,562202.12
FFSU,ID,00002318201,TRULICITY ,2023,4,true,,,
FFSU,ID,00002318280,TRULICITY ,2023,4,false,782.500,373,352921.14
FFSU,ID,00002143361,TRULICITY ,2023,3,true,,,
FFSU,ID,00002143380,TRULICITY ,2023,3,false,1157.000,556,515680.57
FFSU,ID,00002143401,TRULICITY ,2023,3,true,,,
FFSU,ID,00002143480,TRULICITY ,2023,3,false,1667.000,798,750607.93
FFSU,ID,00002223680,TRULICITY ,2023,3,false,1198.000,583,541206.04
FFSU,ID,00002318201,TRULICITY ,2023,3,true,,,
FFSU,ID,00002318280,TRULICITY ,2023,3,false,816.000,396,368399.91
FFSU,ID,00002143301,TRULICITY ,2023,2,true,,,
FFSU,ID,00002143361,TRULICITY ,2023,2,true,,,
FFSU,ID,00002143380,TRULICITY ,2023,2,false,1397.000,687,627062.34
FFSU,ID,00002143480,TRULICITY ,2023,2,false,2262.500,1078,1013338.06
FFSU,ID,00002223680,TRULICITY ,2023,2,false,1447.500,703,654447.70
FFSU,ID,00002318201,TRULICITY ,2023,2,true,,,
FFSU,ID,00002318280,TRULICITY ,2023,2,false,730.000,357,328229.11
FFSU,ID,00002143361,TRULICITY ,2023,1,true,,,
FFSU,ID,00002143380,TRULICITY ,2023,1,false,1909.500,940,853931.85
FFSU,ID,00002143480,TRULICITY ,2023,1,false,2774.000,1328,1241539.50
FFSU,ID,00002223680,TRULICITY ,2023,1,false,1056.500,519,475311.84
FFSU,ID,00002318280,TRULICITY ,2023,1,false,586.000,283,264217.07
MCOU,IL,00002143301,TRULICITY ,2023,4,false,42.000,21,18837.95
MCOU,IL,00002143380,TRULICITY ,2023,4,false,33721.000,15213,15846228.89
FFSU,IL,00002143380,TRULICITY ,2023,4,false,964.500,419,437044.01
MCOU,IL,00002143401,TRULICITY ,2023,4,true,,,
FFSU,IL,00002143480,TRULICITY ,2023,4,false,859.000,369,398802.45
MCOU,IL,00002143480,TRULICITY ,2023,4,false,33554.500,14359,15989053.62
MCOU,IL,00002223601,TRULICITY ,2023,4,true,,,
FFSU,IL,00002223680,TRULICITY ,2023,4,false,596.500,237,276698.35
MCOU,IL,00002223680,TRULICITY ,2023,4,false,24563.000,10422,11839695.65
MCOU,IL,00002318201,TRULICITY ,2023,4,false,30.000,15,17043.03
FFSU,IL,00002318280,TRULICITY ,2023,4,false,394.000,164,189228.25
MCOU,IL,00002318280,TRULICITY ,2023,4,false,17799.000,7377,8336420.15
MCOU,IL,00002143301,TRULICITY ,2023,3,false,74.000,37,33227.12
FFSU,IL,00002143380,TRULICITY ,2023,3,false,855.000,376,399703.98
MCOU,IL,00002143380,TRULICITY ,2023,3,false,35403.500,15866,16578183.57
MCOU,IL,00002143401,TRULICITY ,2023,3,true,,,
FFSU,IL,00002143480,TRULICITY ,2023,3,false,993.000,398,440709.10
MCOU,IL,00002143480,TRULICITY ,2023,3,false,39771.000,16961,18134003.34
MCOU,IL,00002223601,TRULICITY ,2023,3,true,,,
MCOU,IL,00002223680,TRULICITY ,2023,3,false,24287.000,10260,11342472.35
FFSU,IL,00002223680,TRULICITY ,2023,3,false,590.500,245,288423.93
MCOU,IL,00002318201,TRULICITY ,2023,3,false,24.000,12,12569.32
FFSU,IL,00002318280,TRULICITY ,2023,3,false,360.000,146,168192.09
MCOU,IL,00002318280,TRULICITY ,2023,3,false,14809.500,6125,6857744.66
MCOU,IL,00002143301,TRULICITY ,2023,2,false,74.000,37,33178.27
MCOU,IL,00002143380,TRULICITY ,2023,2,false,34926.000,15638,16585962.43
FFSU,IL,00002143380,TRULICITY ,2023,2,false,1013.000,437,454551.34
MCOU,IL,00002143401,TRULICITY ,2023,2,false,35.000,22,15239.78
MCOU,IL,00002143480,TRULICITY ,2023,2,false,37165.000,15981,17239015.27
FFSU,IL,00002143480,TRULICITY ,2023,2,false,1038.500,428,454774.43
MCOU,IL,00002223601,TRULICITY ,2023,2,true,,,
FFSU,IL,00002223680,TRULICITY ,2023,2,false,512.500,208,232606.09
MCOU,IL,00002223680,TRULICITY ,2023,2,false,20052.500,8610,9519856.68
MCOU,IL,00002318201,TRULICITY ,2023,2,true,,,
FFSU,IL,00002318280,TRULICITY ,2023,2,false,342.500,129,163563.82
MCOU,IL,00002318280,TRULICITY ,2023,2,false,10416.000,4350,4888702.62
MCOU,IL,00002143301,TRULICITY ,2023,1,false,30.000,15,12568.35
FFSU,IL,00002143380,TRULICITY ,2023,1,false,1060.500,438,451167.08
MCOU,IL,00002143380,TRULICITY ,2023,1,false,33039.000,14556,15107307.67
MCOU,IL,00002143401,TRULICITY ,2023,1,false,46.000,23,19964.63
MCOU,IL,00002143480,TRULICITY ,2023,1,false,36487.500,15226,17357783.15
FFSU,IL,00002143480,TRULICITY ,2023,1,false,1288.500,497,567215.87
MCOU,IL,00002223601,TRULICITY ,2023,1,true,,,
MCOU,IL,00002223680,TRULICITY ,2023,1,false,12761.000,5368,6969136.60
FFSU,IL,00002223680,TRULICITY ,2023,1,false,378.000,152,170157.72
MCOU,IL,00002318201,TRULICITY ,2023,1,true,,,
MCOU,IL,00002318280,TRULICITY ,2023,1,false,6028.000,2524,3507699.40
FFSU,IL,00002318280,TRULICITY ,2023,1,false,216.500,91,99308.05
MCOU,IN,00002143301,TRULICITY ,2023,4,true,,,
MCOU,IN,00002143380,TRULICITY ,2023,4,false,7292.000,3250,3189511.00
FFSU,IN,00002143380,TRULICITY ,2023,4,false,739.500,365,333208.81
MCOU,IN,00002143480,TRULICITY ,2023,4,false,8138.500,3506,3539632.69
FFSU,IN,00002143480,TRULICITY ,2023,4,false,930.500,403,416763.39
FFSU,IN,00002223680,TRULICITY ,2023,4,false,701.500,329,313785.78
MCOU,IN,00002223680,TRULICITY ,2023,4,false,5503.000,2313,2397027.06
MCOU,IN,00002318280,TRULICITY ,2023,4,false,4092.500,1707,1785487.83
FFSU,IN,00002318280,TRULICITY ,2023,4,false,538.500,217,242683.31
MCOU,IN,00002143301,TRULICITY ,2023,3,true,,,
MCOU,IN,00002143380,TRULICITY ,2023,3,false,7562.000,3346,3339042.21
FFSU,IN,00002143380,TRULICITY ,2023,3,false,791.500,391,358490.94
FFSU,IN,00002143480,TRULICITY ,2023,3,false,1060.000,466,470383.44
MCOU,IN,00002143480,TRULICITY ,2023,3,false,9120.000,3887,4017101.60
MCOU,IN,00002223680,TRULICITY ,2023,3,false,6196.000,2558,2725128.25
FFSU,IN,00002223680,TRULICITY ,2023,3,false,682.000,310,304738.79
MCOU,IN,00002318201,TRULICITY ,2023,3,true,,,
FFSU,IN,00002318280,TRULICITY ,2023,3,false,484.000,196,218051.80
MCOU,IN,00002318280,TRULICITY ,2023,3,false,3760.500,1572,1669320.34
MCOU,IN,00002143301,TRULICITY ,2023,2,true,,,
FFSU,IN,00002143380,TRULICITY ,2023,2,false,903.500,430,406533.30
MCOU,IN,00002143380,TRULICITY ,2023,2,false,9325.000,4211,4032702.74
FFSU,IN,00002143480,TRULICITY ,2023,2,false,1057.500,454,469431.45
MCOU,IN,00002143480,TRULICITY ,2023,2,false,11675.500,5050,5019059.99
MCOU,IN,00002223601,TRULICITY ,2023,2,true,,,
FFSU,IN,00002223680,TRULICITY ,2023,2,false,642.000,291,288716.72
MCOU,IN,00002223680,TRULICITY ,2023,2,false,6631.000,2874,2830098.54
MCOU,IN,00002318201,TRULICITY ,2023,2,true,,,
FFSU,IN,00002318280,TRULICITY ,2023,2,false,410.500,167,181871.58
MCOU,IN,00002318280,TRULICITY ,2023,2,false,3474.000,1488,1503857.06
MCOU,IN,00002143301,TRULICITY ,2023,1,true,,,
FFSU,IN,00002143380,TRULICITY ,2023,1,false,924.500,442,410264.11
MCOU,IN,00002143380,TRULICITY ,2023,1,false,10158.500,4622,4394163.52
MCOU,IN,00002143401,TRULICITY ,2023,1,true,,,
MCOU,IN,00002143480,TRULICITY ,2023,1,false,12908.500,5526,5583014.23
FFSU,IN,00002143480,TRULICITY ,2023,1,false,1177.000,511,520485.79
MCOU,IN,00002223601,TRULICITY ,2023,1,true,,,
FFSU,IN,00002223601,TRULICITY ,2023,1,true,,,
MCOU,IN,00002223680,TRULICITY ,2023,1,false,5131.000,2190,2201098.10
FFSU,IN,00002223680,TRULICITY ,2023,1,false,449.500,215,197629.61
MCOU,IN,00002318201,TRULICITY ,2023,1,true,,,
FFSU,IN,00002318280,TRULICITY ,2023,1,false,259.500,118,115143.72
MCOU,IN,00002318280,TRULICITY ,2023,1,false,2629.500,1096,1135650.39
MCOU,KS,00002143380,TRULICITY ,2023,4,false,943.500,487,470956.31
MCOU,KS,00002143401,TRULICITY ,2023,4,true,,,
MCOU,KS,00002143480,TRULICITY ,2023,4,false,1176.500,602,576923.64
MCOU,KS,00002223601,TRULICITY ,2023,4,true,,,
MCOU,KS,00002223680,TRULICITY ,2023,4,false,892.000,453,444142.28
MCOU,KS,00002318280,TRULICITY ,2023,4,false,836.000,427,407111.50
MCOU,KS,00002143301,TRULICITY ,2023,3,true,,,
MCOU,KS,00002143380,TRULICITY ,2023,3,false,1310.000,670,594055.76
MCOU,KS,00002143401,TRULICITY ,2023,3,true,,,
MCOU,KS,00002143480,TRULICITY ,2023,3,false,1553.500,782,704338.12
MCOU,KS,00002223601,TRULICITY ,2023,3,true,,,
MCOU,KS,00002223680,TRULICITY ,2023,3,false,1123.000,563,509315.84
MCOU,KS,00002318280,TRULICITY ,2023,3,false,826.000,421,373545.24
MCOU,KS,00002143301,TRULICITY ,2023,2,true,,,
MCOU,KS,00002143380,TRULICITY ,2023,2,false,1491.000,772,674527.29
MCOU,KS,00002143480,TRULICITY ,2023,2,false,1762.000,889,796803.90
MCOU,KS,00002223601,TRULICITY ,2023,2,true,,,
MCOU,KS,00002223680,TRULICITY ,2023,2,false,1170.000,588,530165.81
MCOU,KS,00002318201,TRULICITY ,2023,2,true,,,
MCOU,KS,00002318280,TRULICITY ,2023,2,false,714.000,364,323326.21
MCOU,KS,00002143380,TRULICITY ,2023,1,false,1437.500,744,646459.74
MCOU,KS,00002143480,TRULICITY ,2023,1,false,1966.500,985,884059.37
MCOU,KS,00002223601,TRULICITY ,2023,1,true,,,
MCOU,KS,00002223680,TRULICITY ,2023,1,false,806.500,420,362569.83
MCOU,KS,00002318280,TRULICITY ,2023,1,false,458.000,231,206508.36
MCOU,KY,00002143301,TRULICITY ,2023,4,true,,,
FFSU,KY,00002143380,TRULICITY ,2023,4,false,80.000,46,36247.70
MCOU,KY,00002143380,TRULICITY ,2023,4,false,4727.000,1976,2108148.24
MCOU,KY,00002143401,TRULICITY ,2023,4,true,,,
FFSU,KY,00002143480,TRULICITY ,2023,4,false,135.500,72,61386.78
MCOU,KY,00002143480,TRULICITY ,2023,4,false,7414.500,2979,3262699.74
FFSU,KY,00002223680,TRULICITY ,2023,4,false,74.000,35,33486.56
MCOU,KY,00002223680,TRULICITY ,2023,4,false,7522.000,3208,3318270.96
FFSU,KY,00002318280,TRULICITY ,2023,4,false,46.500,24,21069.80
MCOU,KY,00002318280,TRULICITY ,2023,4,false,1508.000,609,623543.79
MCOU,KY,00002143301,TRULICITY ,2023,3,true,,,
FFSU,KY,00002143380,TRULICITY ,2023,3,false,83.500,40,37816.32
MCOU,KY,00002143380,TRULICITY ,2023,3,false,2579.000,1103,1222563.90
FFSU,KY,00002143480,TRULICITY ,2023,3,false,106.500,52,48240.84
MCOU,KY,00002143480,TRULICITY ,2023,3,false,4108.000,1693,1933245.02
MCOU,KY,00002223601,TRULICITY ,2023,3,true,,,
FFSU,KY,00002223680,TRULICITY ,2023,3,false,56.000,25,25338.88
MCOU,KY,00002223680,TRULICITY ,2023,3,false,191.000,76,85552.72
FFSU,KY,00002318280,TRULICITY ,2023,3,false,36.000,18,16311.76
MCOU,KY,00002318280,TRULICITY ,2023,3,false,66.000,29,34687.39
MCOU,KY,00002143380,TRULICITY ,2023,2,false,3405.500,1475,1615787.63
FFSU,KY,00002143380,TRULICITY ,2023,2,false,124.500,73,56251.09
MCOU,KY,00002143401,TRULICITY ,2023,2,true,,,
FFSU,KY,00002143480,TRULICITY ,2023,2,false,147.000,79,66408.70
MCOU,KY,00002143480,TRULICITY ,2023,2,false,5354.000,2192,2531997.55
MCOU,KY,00002223680,TRULICITY ,2023,2,false,3560.500,1461,1666010.83
FFSU,KY,00002223680,TRULICITY ,2023,2,false,72.000,33,32547.50
MCOU,KY,00002318201,TRULICITY ,2023,2,true,,,
FFSU,KY,00002318280,TRULICITY ,2023,2,false,40.000,26,18097.98
MCOU,KY,00002318280,TRULICITY ,2023,2,true,,,
MCOU,KY,00002143380,TRULICITY ,2023,1,false,46.000,23,32005.28
FFSU,KY,00002143380,TRULICITY ,2023,1,false,115.000,74,51728.46
MCOU,KY,00002143401,TRULICITY ,2023,1,true,,,
FFSU,KY,00002143480,TRULICITY ,2023,1,false,136.500,77,61088.54
MCOU,KY,00002143480,TRULICITY ,2023,1,false,6650.500,2693,3139956.48
FFSU,KY,00002223680,TRULICITY ,2023,1,false,51.000,24,22940.87
MCOU,KY,00002223680,TRULICITY ,2023,1,false,2970.500,1228,1381048.02
MCOU,KY,00002318201,TRULICITY ,2023,1,true,,,
FFSU,KY,00002318280,TRULICITY ,2023,1,false,30.000,15,13528.21
MCOU,KY,00002318280,TRULICITY ,2023,1,false,1816.500,759,853956.21
MCOU,LA,00002143301,TRULICITY ,2023,4,true,,,
FFSU,LA,00002143380,TRULICITY ,2023,4,false,63.000,27,28448.27
MCOU,LA,00002143380,TRULICITY ,2023,4,false,8408.500,4135,3817202.37
MCOU,LA,00002143401,TRULICITY ,2023,4,true,,,
FFSU,LA,00002143480,TRULICITY ,2023,4,false,46.000,21,20698.30
MCOU,LA,00002143480,TRULICITY ,2023,4,false,11794.000,5806,5360392.07
MCOU,LA,00002223601,TRULICITY ,2023,4,true,,,
FFSU,LA,00002223680,TRULICITY ,2023,4,false,32.000,14,14477.90
MCOU,LA,00002223680,TRULICITY ,2023,4,false,7997.000,3945,3627929.86
MCOU,LA,00002318201,TRULICITY ,2023,4,true,,,
FFSU,LA,00002318280,TRULICITY ,2023,4,true,,,
MCOU,LA,00002318280,TRULICITY ,2023,4,false,4993.000,2428,2266849.75
MCOU,LA,00002143301,TRULICITY ,2023,3,false,38.000,19,17261.42
MCOU,LA,00002143380,TRULICITY ,2023,3,false,10986.500,5383,5026192.82
FFSU,LA,00002143380,TRULICITY ,2023,3,false,355.000,178,160860.64
MCOU,LA,00002143401,TRULICITY ,2023,3,false,32.000,16,14744.86
MCOU,LA,00002143480,TRULICITY ,2023,3,false,16538.500,8090,7554728.86
FFSU,LA,00002143480,TRULICITY ,2023,3,false,388.000,190,175857.03
MCOU,LA,00002223601,TRULICITY ,2023,3,false,24.000,12,10999.04
MCOU,LA,00002223680,TRULICITY ,2023,3,false,9606.000,4733,4387196.42
FFSU,LA,00002223680,TRULICITY ,2023,3,false,188.000,94,85202.52
MCOU,LA,00002318201,TRULICITY ,2023,3,true,,,
MCOU,LA,00002318280,TRULICITY ,2023,3,false,5340.000,2607,2439412.59
FFSU,LA,00002318280,TRULICITY ,2023,3,false,98.000,47,44411.27
MCOU,LA,00002143301,TRULICITY ,2023,2,false,22.000,11,9724.44
FFSU,LA,00002143380,TRULICITY ,2023,2,false,383.500,194,173214.33
MCOU,LA,00002143380,TRULICITY ,2023,2,false,15464.000,7521,7067899.47
MCOU,LA,00002143401,TRULICITY ,2023,2,false,60.000,30,27405.54
MCOU,LA,00002143480,TRULICITY ,2023,2,false,21761.000,10536,9947810.11
FFSU,LA,00002143480,TRULICITY ,2023,2,false,397.500,201,179741.48
MCOU,LA,00002223601,TRULICITY ,2023,2,false,34.000,17,15489.97
FFSU,LA,00002223680,TRULICITY ,2023,2,false,215.000,101,97275.04
MCOU,LA,00002223680,TRULICITY ,2023,2,false,11191.500,5479,5108236.20
MCOU,LA,00002318201,TRULICITY ,2023,2,true,,,
MCOU,LA,00002318280,TRULICITY ,2023,2,false,5930.000,2872,2703013.05
FFSU,LA,00002318280,TRULICITY ,2023,2,false,104.000,50,47068.15
MCOU,LA,00002143301,TRULICITY ,2023,1,false,52.000,21,23407.32
FFSU,LA,00002143380,TRULICITY ,2023,1,false,243.000,120,121256.92
MCOU,LA,00002143380,TRULICITY ,2023,1,false,18212.500,8586,8307817.45
MCOU,LA,00002143401,TRULICITY ,2023,1,false,64.000,31,29151.17
MCOU,LA,00002143480,TRULICITY ,2023,1,false,25151.000,11722,11479859.36
FFSU,LA,00002143480,TRULICITY ,2023,1,false,342.500,170,153522.08
MCOU,LA,00002223601,TRULICITY ,2023,1,false,30.000,15,13470.63
MCOU,LA,00002223680,TRULICITY ,2023,1,false,8300.500,3980,3775863.69
FFSU,LA,00002223680,TRULICITY ,2023,1,false,157.000,79,70673.60
MCOU,LA,00002318201,TRULICITY ,2023,1,true,,,
FFSU,LA,00002318280,TRULICITY ,2023,1,false,70.000,35,31535.40
MCOU,LA,00002318280,TRULICITY ,2023,1,false,4124.000,1966,1877256.05
MCOU,MA,00002143301,TRULICITY ,2023,4,false,18.000,15,2623.03
FFSU,MA,00002143380,TRULICITY ,2023,4,false,8008.000,3986,3595831.21
MCOU,MA,00002143380,TRULICITY ,2023,4,false,17106.500,7521,7679365.32
MCOU,MA,00002143401,TRULICITY ,2023,4,true,,,
MCOU,MA,00002143480,TRULICITY ,2023,4,false,17855.000,7595,8010927.35
FFSU,MA,00002143480,TRULICITY ,2023,4,false,7664.000,3819,3465888.57
MCOU,MA,00002223601,TRULICITY ,2023,4,false,26.000,13,11159.93
FFSU,MA,00002223601,TRULICITY ,2023,4,true,,,
MCOU,MA,00002223680,TRULICITY ,2023,4,false,12398.000,5247,5565845.38
FFSU,MA,00002223680,TRULICITY ,2023,4,false,4995.000,2486,2253551.34
MCOU,MA,00002318201,TRULICITY ,2023,4,true,,,
FFSU,MA,00002318201,TRULICITY ,2023,4,true,,,
MCOU,MA,00002318280,TRULICITY ,2023,4,false,10159.500,4131,4558047.01
FFSU,MA,00002318280,TRULICITY ,2023,4,false,2928.000,1456,1320475.48
MCOU,MA,00002143301,TRULICITY ,2023,3,true,,,
MCOU,MA,00002143380,TRULICITY ,2023,3,false,16711.000,7507,7509390.73
FFSU,MA,00002143380,TRULICITY ,2023,3,false,7910.500,3950,3576528.63
MCOU,MA,00002143401,TRULICITY ,2023,3,true,,,
FFSU,MA,00002143480,TRULICITY ,2023,3,false,8556.000,4270,3862278.07
MCOU,MA,00002143480,TRULICITY ,2023,3,false,19308.000,8360,8669541.23
FFSU,MA,00002223601,TRULICITY ,2023,3,false,30.000,15,13402.61
MCOU,MA,00002223601,TRULICITY ,2023,3,false,52.000,26,22500.62
FFSU,MA,00002223680,TRULICITY ,2023,3,false,4594.000,2287,2073268.82
MCOU,MA,00002223680,TRULICITY ,2023,3,false,12716.500,5478,5713404.66
MCOU,MA,00002318201,TRULICITY ,2023,3,true,,,
MCOU,MA,00002318280,TRULICITY ,2023,3,false,8502.500,3520,3818252.17
FFSU,MA,00002318280,TRULICITY ,2023,3,false,2406.000,1198,1087456.34
MCOU,MA,00002143301,TRULICITY ,2023,2,true,,,
MCOU,MA,00002143380,TRULICITY ,2023,2,false,17478.000,7935,7849860.42
FFSU,MA,00002143380,TRULICITY ,2023,2,false,9257.000,4614,4169801.40
MCOU,MA,00002143401,TRULICITY ,2023,2,true,,,
FFSU,MA,00002143401,TRULICITY ,2023,2,true,,,
FFSU,MA,00002143480,TRULICITY ,2023,2,false,10652.000,5206,4765474.00
MCOU,MA,00002143480,TRULICITY ,2023,2,false,21249.000,9338,9535878.31
FFSU,MA,00002223601,TRULICITY ,2023,2,true,,,
MCOU,MA,00002223601,TRULICITY ,2023,2,false,46.000,23,20000.01
FFSU,MA,00002223680,TRULICITY ,2023,2,false,4581.500,2270,2065053.94
MCOU,MA,00002223680,TRULICITY ,2023,2,false,11791.500,5129,5278883.04
FFSU,MA,00002318201,TRULICITY ,2023,2,true,,,
MCOU,MA,00002318201,TRULICITY ,2023,2,true,,,
FFSU,MA,00002318280,TRULICITY ,2023,2,false,2078.000,1033,937948.44
MCOU,MA,00002318280,TRULICITY ,2023,2,false,6252.000,2679,2798687.33
FFSU,MA,00002143301,TRULICITY ,2023,1,true,,,
MCOU,MA,00002143301,TRULICITY ,2023,1,true,,,
MCOU,MA,00002143380,TRULICITY ,2023,1,false,13948.000,6417,6323180.06
FFSU,MA,00002143380,TRULICITY ,2023,1,false,10797.000,5336,4784833.56
FFSU,MA,00002143401,TRULICITY ,2023,1,true,,,
MCOU,MA,00002143401,TRULICITY ,2023,1,true,,,
MCOU,MA,00002143480,TRULICITY ,2023,1,false,17691.000,7952,8024730.13
FFSU,MA,00002143480,TRULICITY ,2023,1,false,14968.000,7161,6642558.41
MCOU,MA,00002223601,TRULICITY ,2023,1,false,34.000,17,14832.73
FFSU,MA,00002223601,TRULICITY ,2023,1,true,,,
FFSU,MA,00002223680,TRULICITY ,2023,1,false,3808.500,1869,1697477.62
MCOU,MA,00002223680,TRULICITY ,2023,1,false,5882.000,2611,2652755.93
FFSU,MA,00002318201,TRULICITY ,2023,1,true,,,
MCOU,MA,00002318201,TRULICITY ,2023,1,true,,,
MCOU,MA,00002318280,TRULICITY ,2023,1,false,2804.000,1247,1264547.19
FFSU,MA,00002318280,TRULICITY ,2023,1,false,2014.000,997,899559.04
MCOU,MD,00002143301,TRULICITY ,2023,4,false,28.000,14,12816.79
FFSU,MD,00002143380,TRULICITY ,2023,4,false,346.000,192,157043.90
MCOU,MD,00002143380,TRULICITY ,2023,4,false,6719.000,3201,3083143.40
MCOU,MD,00002143401,TRULICITY ,2023,4,false,38.000,16,17170.86
FFSU,MD,00002143480,TRULICITY ,2023,4,false,257.000,163,117700.38
MCOU,MD,00002143480,TRULICITY ,2023,4,false,8108.500,3759,3726495.63
FFSU,MD,00002223601,TRULICITY ,2023,4,true,,,
MCOU,MD,00002223601,TRULICITY ,2023,4,false,22.000,11,9911.99
FFSU,MD,00002223680,TRULICITY ,2023,4,false,199.500,124,90557.41
MCOU,MD,00002223680,TRULICITY ,2023,4,false,5190.500,2352,2375661.01
MCOU,MD,00002318201,TRULICITY ,2023,4,false,42.000,21,18943.18
FFSU,MD,00002318280,TRULICITY ,2023,4,false,103.000,62,46737.42
MCOU,MD,00002318280,TRULICITY ,2023,4,false,3787.500,1692,1738622.36
MCOU,MD,00002143301,TRULICITY ,2023,3,false,50.000,20,21442.55
FFSU,MD,00002143380,TRULICITY ,2023,3,false,287.500,170,130624.35
MCOU,MD,00002143380,TRULICITY ,2023,3,false,6599.000,3093,2965565.70
MCOU,MD,00002143401,TRULICITY ,2023,3,false,52.000,20,23451.59
FFSU,MD,00002143480,TRULICITY ,2023,3,false,303.500,185,137799.74
MCOU,MD,00002143480,TRULICITY ,2023,3,false,9458.500,4299,4251265.50
MCOU,MD,00002223601,TRULICITY ,2023,3,true,,,
FFSU,MD,00002223601,TRULICITY ,2023,3,true,,,
MCOU,MD,00002223680,TRULICITY ,2023,3,false,5533.500,2456,2487877.79
FFSU,MD,00002223680,TRULICITY ,2023,3,false,201.500,127,91434.91
MCOU,MD,00002318201,TRULICITY ,2023,3,false,48.500,25,21989.22
FFSU,MD,00002318280,TRULICITY ,2023,3,false,90.000,48,40822.02
MCOU,MD,00002318280,TRULICITY ,2023,3,false,3386.500,1491,1526680.04
MCOU,MD,00002143301,TRULICITY ,2023,2,false,38.000,14,16008.28
MCOU,MD,00002143380,TRULICITY ,2023,2,false,7755.500,3569,3474161.12
FFSU,MD,00002143380,TRULICITY ,2023,2,false,356.000,210,162171.78
MCOU,MD,00002143401,TRULICITY ,2023,2,false,60.000,25,26799.59
FFSU,MD,00002143401,TRULICITY ,2023,2,true,,,
MCOU,MD,00002143480,TRULICITY ,2023,2,false,10736.500,4857,4817704.96
FFSU,MD,00002143480,TRULICITY ,2023,2,false,357.000,236,166088.05
FFSU,MD,00002223601,TRULICITY ,2023,2,true,,,
MCOU,MD,00002223601,TRULICITY ,2023,2,true,,,
MCOU,MD,00002223680,TRULICITY ,2023,2,false,5431.000,2417,2430207.44
FFSU,MD,00002223680,TRULICITY ,2023,2,false,168.000,108,76154.57
MCOU,MD,00002318201,TRULICITY ,2023,2,false,34.500,18,16417.78
MCOU,MD,00002318280,TRULICITY ,2023,2,false,3018.500,1344,1357052.76
FFSU,MD,00002318280,TRULICITY ,2023,2,false,62.000,31,28066.83
FFSU,MD,00002143301,TRULICITY ,2023,1,true,,,
MCOU,MD,00002143301,TRULICITY ,2023,1,false,44.000,14,19543.92
MCOU,MD,00002143380,TRULICITY ,2023,1,false,8308.500,3793,3723388.42
FFSU,MD,00002143380,TRULICITY ,2023,1,false,360.000,204,161600.23
MCOU,MD,00002143401,TRULICITY ,2023,1,false,44.000,22,21576.50
FFSU,MD,00002143401,TRULICITY ,2023,1,false,23.000,24,10372.78
FFSU,MD,00002143480,TRULICITY ,2023,1,false,365.000,214,165539.46
MCOU,MD,00002143480,TRULICITY ,2023,1,false,11591.500,5154,5198893.86
FFSU,MD,00002223601,TRULICITY ,2023,1,true,,,
MCOU,MD,00002223601,TRULICITY ,2023,1,true,,,
MCOU,MD,00002223680,TRULICITY ,2023,1,false,4501.000,2002,2018515.06
FFSU,MD,00002223680,TRULICITY ,2023,1,false,106.000,63,47560.55
MCOU,MD,00002318201,TRULICITY ,2023,1,false,36.000,18,16487.24
MCOU,MD,00002318280,TRULICITY ,2023,1,false,2262.500,993,1011876.92
FFSU,MD,00002318280,TRULICITY ,2023,1,false,41.500,23,18625.46
FFSU,ME,00002143301,TRULICITY ,2023,4,true,,,
FFSU,ME,00002143380,TRULICITY ,2023,4,false,3416.500,1720,1548180.90
FFSU,ME,00002143401,TRULICITY ,2023,4,true,,,
FFSU,ME,00002143480,TRULICITY ,2023,4,false,3771.000,1866,1706544.37
FFSU,ME,00002223680,TRULICITY ,2023,4,false,2344.500,1167,1060455.98
FFSU,ME,00002318201,TRULICITY ,2023,4,true,,,
FFSU,ME,00002318280,TRULICITY ,2023,4,false,1756.000,869,795931.59
FFSU,ME,00002143301,TRULICITY ,2023,3,true,,,
FFSU,ME,00002143380,TRULICITY ,2023,3,false,3858.500,1924,1747627.50
FFSU,ME,00002143480,TRULICITY ,2023,3,false,4128.500,2010,1865355.10
FFSU,ME,00002223680,TRULICITY ,2023,3,false,2399.000,1185,1084502.58
FFSU,ME,00002318280,TRULICITY ,2023,3,false,1467.000,724,664772.62
FFSU,ME,00002143301,TRULICITY ,2023,2,true,,,
FFSU,ME,00002143380,TRULICITY ,2023,2,false,3918.500,1937,1771436.26
FFSU,ME,00002143401,TRULICITY ,2023,2,true,,,
FFSU,ME,00002143480,TRULICITY ,2023,2,false,4356.500,2075,1964264.17
FFSU,ME,00002223680,TRULICITY ,2023,2,false,2122.500,1031,955780.26
FFSU,ME,00002318280,TRULICITY ,2023,2,false,1090.000,537,493314.43
FFSU,ME,00002143380,TRULICITY ,2023,1,false,3489.500,1739,1556498.92
FFSU,ME,00002143480,TRULICITY ,2023,1,false,4427.500,2005,1973080.16
FFSU,ME,00002223601,TRULICITY ,2023,1,true,,,
FFSU,ME,00002223680,TRULICITY ,2023,1,false,1213.500,593,540793.28
FFSU,ME,00002318280,TRULICITY ,2023,1,false,646.000,315,289428.89
MCOU,MI,00002143301,TRULICITY ,2023,4,true,,,
MCOU,MI,00002143380,TRULICITY ,2023,4,false,29488.000,13249,13158911.21
FFSU,MI,00002143380,TRULICITY ,2023,4,false,1535.500,752,676270.81
MCOU,MI,00002143401,TRULICITY ,2023,4,true,,,
FFSU,MI,00002143480,TRULICITY ,2023,4,false,1548.000,708,674309.39
MCOU,MI,00002143480,TRULICITY ,2023,4,false,29897.000,12981,13327226.33
MCOU,MI,00002223601,TRULICITY ,2023,4,false,24.000,12,11027.67
FFSU,MI,00002223680,TRULICITY ,2023,4,false,1179.000,521,515558.60
MCOU,MI,00002223680,TRULICITY ,2023,4,false,23306.000,9906,10376868.72
MCOU,MI,00002318201,TRULICITY ,2023,4,false,30.000,15,13751.37
MCOU,MI,00002318280,TRULICITY ,2023,4,false,19168.500,8010,8529230.39
FFSU,MI,00002318280,TRULICITY ,2023,4,false,960.500,400,415672.06
MCOU,MI,00002143301,TRULICITY ,2023,3,false,28.000,12,12822.42
FFSU,MI,00002143380,TRULICITY ,2023,3,false,1736.500,837,760718.01
MCOU,MI,00002143380,TRULICITY ,2023,3,false,33353.500,14826,14884744.60
MCOU,MI,00002143401,TRULICITY ,2023,3,false,44.000,17,20562.90
FFSU,MI,00002143480,TRULICITY ,2023,3,false,1999.500,908,869310.77
MCOU,MI,00002143480,TRULICITY ,2023,3,false,37273.000,15772,16604985.39
MCOU,MI,00002223601,TRULICITY ,2023,3,true,,,
MCOU,MI,00002223680,TRULICITY ,2023,3,false,25651.500,10494,11418337.81
FFSU,MI,00002223680,TRULICITY ,2023,3,false,1324.500,596,567761.82
MCOU,MI,00002318201,TRULICITY ,2023,3,false,28.000,14,12820.88
FFSU,MI,00002318280,TRULICITY ,2023,3,false,895.500,393,386884.03
MCOU,MI,00002318280,TRULICITY ,2023,3,false,17520.500,7082,7799567.70
MCOU,MI,00002143301,TRULICITY ,2023,2,false,39.000,19,17475.64
FFSU,MI,00002143380,TRULICITY ,2023,2,false,1839.000,873,799091.03
MCOU,MI,00002143380,TRULICITY ,2023,2,false,34130.000,15043,15223784.31
MCOU,MI,00002143401,TRULICITY ,2023,2,false,52.000,22,22813.78
FFSU,MI,00002143480,TRULICITY ,2023,2,false,2109.500,947,904483.48
MCOU,MI,00002143480,TRULICITY ,2023,2,false,38453.500,16115,17185483.76
MCOU,MI,00002223601,TRULICITY ,2023,2,true,,,
MCOU,MI,00002223680,TRULICITY ,2023,2,false,22980.500,9437,10234955.70
FFSU,MI,00002223680,TRULICITY ,2023,2,false,1264.000,561,542828.83
MCOU,MI,00002318201,TRULICITY ,2023,2,false,32.000,14,14566.54
FFSU,MI,00002318280,TRULICITY ,2023,2,false,616.000,277,262282.55
MCOU,MI,00002318280,TRULICITY ,2023,2,false,13166.500,5302,5866061.60
MCOU,MI,00002143301,TRULICITY ,2023,1,true,,,
MCOU,MI,00002143380,TRULICITY ,2023,1,false,33183.000,14571,14782693.96
FFSU,MI,00002143380,TRULICITY ,2023,1,false,1712.500,793,741999.84
FFSU,MI,00002143401,TRULICITY ,2023,1,true,,,
MCOU,MI,00002143401,TRULICITY ,2023,1,false,48.000,24,21415.11
MCOU,MI,00002143480,TRULICITY ,2023,1,false,39805.500,16641,17995858.64
FFSU,MI,00002143480,TRULICITY ,2023,1,false,2146.000,944,918937.92
FFSU,MI,00002223601,TRULICITY ,2023,1,true,,,
MCOU,MI,00002223601,TRULICITY ,2023,1,true,,,
FFSU,MI,00002223680,TRULICITY ,2023,1,false,774.000,374,333240.96
MCOU,MI,00002223680,TRULICITY ,2023,1,false,14628.500,6096,6508014.46
MCOU,MI,00002318201,TRULICITY ,2023,1,true,,,
MCOU,MI,00002318280,TRULICITY ,2023,1,false,7314.500,3084,3255650.41
FFSU,MI,00002318280,TRULICITY ,2023,1,false,392.500,172,165587.49
MCOU,MN,00002143380,TRULICITY ,2023,4,false,802.000,346,364244.96
FFSU,MN,00002143380,TRULICITY ,2023,4,false,28.000,14,12887.00
MCOU,MN,00002143401,TRULICITY ,2023,4,true,,,
FFSU,MN,00002143480,TRULICITY ,2023,4,false,42.000,21,19146.54
MCOU,MN,00002143480,TRULICITY ,2023,4,false,627.500,287,286343.57
MCOU,MN,00002223680,TRULICITY ,2023,4,false,1031.000,508,471094.16
FFSU,MN,00002223680,TRULICITY ,2023,4,false,48.000,24,22145.76
FFSU,MN,00002318280,TRULICITY ,2023,4,false,28.000,14,12922.84
MCOU,MN,00002318280,TRULICITY ,2023,4,false,519.000,245,233273.91
FFSU,MN,00002143380,TRULICITY ,2023,3,false,33.000,16,15182.86
MCOU,MN,00002143380,TRULICITY ,2023,3,false,418.000,201,192364.63
MCOU,MN,00002143401,TRULICITY ,2023,3,true,,,
FFSU,MN,00002143480,TRULICITY ,2023,3,false,60.000,31,27369.20
MCOU,MN,00002143480,TRULICITY ,2023,3,false,693.500,343,319679.25
MCOU,MN,00002223680,TRULICITY ,2023,3,false,511.000,249,231243.80
FFSU,MN,00002223680,TRULICITY ,2023,3,false,80.000,40,36904.68
FFSU,MN,00002318280,TRULICITY ,2023,3,false,56.000,28,25841.51
MCOU,MN,00002318280,TRULICITY ,2023,3,false,422.500,162,187446.84
FFSU,MN,00002143380,TRULICITY ,2023,2,false,50.000,25,23467.36
MCOU,MN,00002143380,TRULICITY ,2023,2,false,402.000,195,184979.57
MCOU,MN,00002143401,TRULICITY ,2023,2,true,,,
MCOU,MN,00002143480,TRULICITY ,2023,2,false,762.500,395,351452.41
FFSU,MN,00002143480,TRULICITY ,2023,2,false,66.000,33,30087.42
FFSU,MN,00002223680,TRULICITY ,2023,2,false,76.000,38,34924.38
MCOU,MN,00002223680,TRULICITY ,2023,2,false,534.500,237,242405.14
MCOU,MN,00002318280,TRULICITY ,2023,2,false,327.500,133,143186.79
FFSU,MN,00002318280,TRULICITY ,2023,2,false,40.000,20,18433.40
FFSU,MN,00002143380,TRULICITY ,2023,1,false,34.000,15,12904.19
MCOU,MN,00002143380,TRULICITY ,2023,1,false,647.000,322,303328.13
MCOU,MN,00002143401,TRULICITY ,2023,1,true,,,
FFSU,MN,00002143480,TRULICITY ,2023,1,false,86.000,43,37672.62
MCOU,MN,00002143480,TRULICITY ,2023,1,false,1498.000,749,699829.69
MCOU,MN,00002223680,TRULICITY ,2023,1,false,616.000,321,289329.37
FFSU,MN,00002223680,TRULICITY ,2023,1,false,56.000,28,25398.40
MCOU,MN,00002318280,TRULICITY ,2023,1,false,562.000,282,257742.44
FFSU,MN,00002318280,TRULICITY ,2023,1,false,48.000,24,21799.86
FFSU,MO,00002143301,TRULICITY ,2023,4,true,,,
FFSU,MO,00002143380,TRULICITY ,2023,4,false,16171.000,8107,7294474.79
FFSU,MO,00002143401,TRULICITY ,2023,4,true,,,
FFSU,MO,00002143480,TRULICITY ,2023,4,false,16095.000,8067,7256218.81
FFSU,MO,00002223601,TRULICITY ,2023,4,true,,,
FFSU,MO,00002223680,TRULICITY ,2023,4,false,11053.500,5530,4981329.51
FFSU,MO,00002318201,TRULICITY ,2023,4,true,,,
FFSU,MO,00002318280,TRULICITY ,2023,4,false,8745.500,4375,3948310.94
FFSU,MO,00002143301,TRULICITY ,2023,3,true,,,
FFSU,MO,00002143380,TRULICITY ,2023,3,false,15512.500,7770,6987755.38
FFSU,MO,00002143401,TRULICITY ,2023,3,true,,,
FFSU,MO,00002143480,TRULICITY ,2023,3,false,16172.500,8119,7281892.62
FFSU,MO,00002223601,TRULICITY ,2023,3,true,,,
FFSU,MO,00002223680,TRULICITY ,2023,3,false,9186.000,4589,4134748.47
FFSU,MO,00002318280,TRULICITY ,2023,3,false,6309.000,3156,2841127.51
FFSU,MO,00002143301,TRULICITY ,2023,2,true,,,
FFSU,MO,00002143380,TRULICITY ,2023,2,false,14381.500,7217,6459081.31
FFSU,MO,00002143401,TRULICITY ,2023,2,true,,,
FFSU,MO,00002143480,TRULICITY ,2023,2,false,14555.000,7269,6518230.94
FFSU,MO,00002223601,TRULICITY ,2023,2,true,,,
FFSU,MO,00002223680,TRULICITY ,2023,2,false,6896.500,3451,3102344.98
FFSU,MO,00002318201,TRULICITY ,2023,2,true,,,
FFSU,MO,00002318280,TRULICITY ,2023,2,false,4111.500,2059,1846163.87
FFSU,MO,00002143301,TRULICITY ,2023,1,true,,,
FFSU,MO,00002143380,TRULICITY ,2023,1,false,12018.000,6028,5312545.08
FFSU,MO,00002143401,TRULICITY ,2023,1,true,,,
FFSU,MO,00002143480,TRULICITY ,2023,1,false,13119.500,6493,5793427.91
FFSU,MO,00002223601,TRULICITY ,2023,1,true,,,
FFSU,MO,00002223680,TRULICITY ,2023,1,false,3557.000,1784,1574912.85
FFSU,MO,00002318280,TRULICITY ,2023,1,false,2475.000,1239,1097496.82
MCOU,MS,00002143301,TRULICITY ,2023,4,true,,,
MCOU,MS,00002143380,TRULICITY ,2023,4,false,2288.000,1126,1013612.08
FFSU,MS,00002143380,TRULICITY ,2023,4,false,815.500,414,376632.17
FFSU,MS,00002143401,TRULICITY ,2023,4,true,,,
MCOU,MS,00002143401,TRULICITY ,2023,4,true,,,
MCOU,MS,00002143480,TRULICITY ,2023,4,false,2164.500,1042,921474.55
FFSU,MS,00002143480,TRULICITY ,2023,4,false,640.500,323,290802.19
MCOU,MS,00002223680,TRULICITY ,2023,4,false,1308.000,654,593263.02
FFSU,MS,00002223680,TRULICITY ,2023,4,false,383.000,192,174583.97
MCOU,MS,00002318201,TRULICITY ,2023,4,true,,,
FFSU,MS,00002318280,TRULICITY ,2023,4,false,182.000,90,83692.46
MCOU,MS,00002318280,TRULICITY ,2023,4,false,694.000,347,314885.15
MCOU,MS,00002143301,TRULICITY ,2023,3,true,,,
MCOU,MS,00002143380,TRULICITY ,2023,3,false,2250.000,1101,986143.03
FFSU,MS,00002143380,TRULICITY ,2023,3,false,858.000,436,390666.50
FFSU,MS,00002143401,TRULICITY ,2023,3,true,,,
FFSU,MS,00002143480,TRULICITY ,2023,3,false,754.500,381,342560.61
MCOU,MS,00002143480,TRULICITY ,2023,3,false,2289.500,1108,996778.85
MCOU,MS,00002223601,TRULICITY ,2023,3,true,,,
FFSU,MS,00002223680,TRULICITY ,2023,3,false,357.000,177,161905.77
MCOU,MS,00002223680,TRULICITY ,2023,3,false,1012.500,507,457451.35
FFSU,MS,00002318280,TRULICITY ,2023,3,false,137.500,67,62367.42
MCOU,MS,00002318280,TRULICITY ,2023,3,false,420.000,210,190564.50
FFSU,MS,00002143301,TRULICITY ,2023,2,true,,,
MCOU,MS,00002143301,TRULICITY ,2023,2,true,,,
MCOU,MS,00002143380,TRULICITY ,2023,2,false,2020.500,982,873958.35
FFSU,MS,00002143380,TRULICITY ,2023,2,false,898.000,453,413541.96
MCOU,MS,00002143401,TRULICITY ,2023,2,true,,,
FFSU,MS,00002143480,TRULICITY ,2023,2,false,693.000,348,313888.20
MCOU,MS,00002143480,TRULICITY ,2023,2,false,1934.500,936,835168.60
MCOU,MS,00002223601,TRULICITY ,2023,2,true,,,
FFSU,MS,00002223680,TRULICITY ,2023,2,false,281.500,142,129632.62
MCOU,MS,00002223680,TRULICITY ,2023,2,false,586.000,292,263044.24
MCOU,MS,00002318280,TRULICITY ,2023,2,false,232.000,133,119299.93
FFSU,MS,00002318280,TRULICITY ,2023,2,false,75.500,36,37690.46
MCOU,MS,00002143301,TRULICITY ,2023,1,true,,,
FFSU,MS,00002143380,TRULICITY ,2023,1,false,500.000,248,228164.72
MCOU,MS,00002143380,TRULICITY ,2023,1,false,1055.500,519,459646.26
MCOU,MS,00002143401,TRULICITY ,2023,1,true,,,
FFSU,MS,00002143480,TRULICITY ,2023,1,false,302.000,149,136402.15
MCOU,MS,00002143480,TRULICITY ,2023,1,false,854.000,406,355863.23
MCOU,MS,00002223680,TRULICITY ,2023,1,false,118.000,59,53294.77
FFSU,MS,00002223680,TRULICITY ,2023,1,false,76.500,39,35784.43
FFSU,MS,00002318201,TRULICITY ,2023,1,true,,,
MCOU,MS,00002318201,TRULICITY ,2023,1,true,,,
FFSU,MS,00002318280,TRULICITY ,2023,1,false,42.000,19,18985.04
MCOU,MS,00002318280,TRULICITY ,2023,1,false,72.000,36,32678.88
FFSU,MT,00002143380,TRULICITY ,2023,4,false,827.000,413,376494.91
FFSU,MT,00002143480,TRULICITY ,2023,4,false,1154.000,577,525181.61
FFSU,MT,00002223680,TRULICITY ,2023,4,false,926.000,461,420657.92
FFSU,MT,00002318280,TRULICITY ,2023,4,false,920.000,460,418970.47
FFSU,MT,00002143301,TRULICITY ,2023,3,true,,,
FFSU,MT,00002143380,TRULICITY ,2023,3,false,997.000,499,453909.24
FFSU,MT,00002143480,TRULICITY ,2023,3,false,1474.000,729,671536.14
FFSU,MT,00002223680,TRULICITY ,2023,3,false,1120.000,551,509335.03
FFSU,MT,00002318280,TRULICITY ,2023,3,false,852.000,425,386795.63
FFSU,MT,00002143380,TRULICITY ,2023,2,false,1182.500,557,537294.74
FFSU,MT,00002143480,TRULICITY ,2023,2,false,1752.000,771,795817.65
FFSU,MT,00002223680,TRULICITY ,2023,2,false,1199.000,562,545289.58
FFSU,MT,00002318280,TRULICITY ,2023,2,false,862.000,383,389034.34
FFSU,MT,00002143380,TRULICITY ,2023,1,false,1388.500,624,621992.64
FFSU,MT,00002143480,TRULICITY ,2023,1,false,2225.000,905,999593.13
FFSU,MT,00002223680,TRULICITY ,2023,1,false,955.000,414,428284.08
FFSU,MT,00002318280,TRULICITY ,2023,1,false,618.000,286,275973.31
FFSU,XX,00002143301,TRULICITY ,2023,4,false,350.500,161,151598.63
MCOU,XX,00002143301,TRULICITY ,2023,4,false,463.500,236,202941.21
FFSU,XX,00002143380,TRULICITY ,2023,4,false,166317.000,72782,75218266.98
MCOU,XX,00002143380,TRULICITY ,2023,4,false,290084.000,132189,130819514.10
FFSU,XX,00002143401,TRULICITY ,2023,4,false,335.500,139,147222.77
MCOU,XX,00002143401,TRULICITY ,2023,4,false,412.000,200,184104.88
FFSU,XX,00002143480,TRULICITY ,2023,4,false,187293.000,79187,84744993.00
MCOU,XX,00002143480,TRULICITY ,2023,4,false,294261.000,129664,132037004.77
FFSU,XX,00002223601,TRULICITY ,2023,4,false,268.500,110,118661.84
MCOU,XX,00002223601,TRULICITY ,2023,4,false,325.500,163,147290.68
FFSU,XX,00002223680,TRULICITY ,2023,4,false,120933.500,51255,54687893.93
MCOU,XX,00002223680,TRULICITY ,2023,4,false,216579.500,95513,97988462.08
FFSU,XX,00002318201,TRULICITY ,2023,4,false,129.000,57,56574.27
MCOU,XX,00002318201,TRULICITY ,2023,4,false,283.000,146,125231.27
FFSU,XX,00002318280,TRULICITY ,2023,4,false,87516.000,36528,39573167.23
MCOU,XX,00002318280,TRULICITY ,2023,4,false,150468.000,64969,67750966.47
FFSU,XX,00002143301,TRULICITY ,2023,3,false,360.000,162,153592.13
MCOU,XX,00002143301,TRULICITY ,2023,3,false,553.000,270,245655.81
FFSU,XX,00002143380,TRULICITY ,2023,3,false,193058.429,83752,87302824.35
MCOU,XX,00002143380,TRULICITY ,2023,3,false,307584.000,140265,138796218.12
FFSU,XX,00002143401,TRULICITY ,2023,3,false,390.000,173,172990.34
MCOU,XX,00002143401,TRULICITY ,2023,3,false,411.500,201,187643.33
FFSU,XX,00002143480,TRULICITY ,2023,3,false,231621.000,96327,104713804.87
MCOU,XX,00002143480,TRULICITY ,2023,3,false,360092.500,158455,161676345.88
FFSU,XX,00002223601,TRULICITY ,2023,3,false,290.000,117,129333.13
MCOU,XX,00002223601,TRULICITY ,2023,3,false,426.000,208,190490.80
FFSU,XX,00002223680,TRULICITY ,2023,3,false,131004.000,55118,59213123.99
MCOU,XX,00002223680,TRULICITY ,2023,3,false,219480.500,96307,98935415.74
FFSU,XX,00002318201,TRULICITY ,2023,3,false,103.500,50,45180.83
MCOU,XX,00002318201,TRULICITY ,2023,3,false,297.500,153,131153.97
FFSU,XX,00002318280,TRULICITY ,2023,3,false,82901.500,34411,37478926.14
MCOU,XX,00002318280,TRULICITY ,2023,3,false,138420.500,59486,62305315.96
FFSU,XX,00002143301,TRULICITY ,2023,2,false,368.500,177,157987.50
MCOU,XX,00002143301,TRULICITY ,2023,2,false,548.000,260,242795.70
FFSU,XX,00002143380,TRULICITY ,2023,2,false,188039.750,82841,84899809.02
MCOU,XX,00002143380,TRULICITY ,2023,2,false,328986.000,152150,149655978.73
FFSU,XX,00002143401,TRULICITY ,2023,2,false,408.000,194,183383.22
MCOU,XX,00002143401,TRULICITY ,2023,2,false,463.000,235,204740.85
FFSU,XX,00002143480,TRULICITY ,2023,2,false,228140.000,96429,102884187.17
MCOU,XX,00002143480,TRULICITY ,2023,2,false,391470.000,172634,175057161.81
FFSU,XX,00002223601,TRULICITY ,2023,2,false,230.500,108,101177.33
MCOU,XX,00002223601,TRULICITY ,2023,2,false,409.500,206,183876.26
FFSU,XX,00002223680,TRULICITY ,2023,2,false,112752.500,48301,50840159.13
MCOU,XX,00002223680,TRULICITY ,2023,2,false,208225.500,92280,93798045.46
FFSU,XX,00002318201,TRULICITY ,2023,2,false,96.500,46,42291.60
MCOU,XX,00002318201,TRULICITY ,2023,2,false,297.500,148,130222.94
FFSU,XX,00002318280,TRULICITY ,2023,2,false,64454.000,27325,29111451.95
MCOU,XX,00002318280,TRULICITY ,2023,2,false,112833.500,49016,50695758.20
FFSU,XX,00002143301,TRULICITY ,2023,1,false,628.000,188,154166.67
MCOU,XX,00002143301,TRULICITY ,2023,1,false,814.000,386,356111.78
FFSU,XX,00002143380,TRULICITY ,2023,1,false,161752.000,70336,71907820.53
MCOU,XX,00002143380,TRULICITY ,2023,1,false,357597.500,163986,159639651.14
FFSU,XX,00002143401,TRULICITY ,2023,1,false,368.500,199,164435.87
MCOU,XX,00002143401,TRULICITY ,2023,1,false,854.000,432,381947.44
FFSU,XX,00002143480,TRULICITY ,2023,1,false,201314.500,83891,89818294.67
MCOU,XX,00002143480,TRULICITY ,2023,1,false,457863.000,202285,204944367.25
FFSU,XX,00002223601,TRULICITY ,2023,1,false,144.000,80,65236.80
MCOU,XX,00002223601,TRULICITY ,2023,1,false,500.000,258,221953.88
FFSU,XX,00002223680,TRULICITY ,2023,1,false,60112.000,26147,26847849.97
MCOU,XX,00002223680,TRULICITY ,2023,1,false,164810.500,73419,74661506.87
FFSU,XX,00002318201,TRULICITY ,2023,1,false,66.500,32,29787.93
MCOU,XX,00002318201,TRULICITY ,2023,1,false,356.500,171,158920.20
FFSU,XX,00002318280,TRULICITY ,2023,1,false,37346.500,15902,16698032.71
MCOU,XX,00002318280,TRULICITY ,2023,1,false,84744.000,37649,38629274.87
MCOU,NC,00002143301,TRULICITY ,2023,4,true,,,
FFSU,NC,00002143380,TRULICITY ,2023,4,false,1222.000,623,552553.18
MCOU,NC,00002143380,TRULICITY ,2023,4,false,5097.000,2152,2299619.68
MCOU,NC,00002143480,TRULICITY ,2023,4,false,5889.500,2405,2657633.81
FFSU,NC,00002143480,TRULICITY ,2023,4,false,1425.000,685,643919.77
MCOU,NC,00002223601,TRULICITY ,2023,4,true,,,
FFSU,NC,00002223680,TRULICITY ,2023,4,false,881.000,412,397699.90
MCOU,NC,00002223680,TRULICITY ,2023,4,false,4528.000,1825,2044234.08
MCOU,NC,00002318201,TRULICITY ,2023,4,true,,,
FFSU,NC,00002318280,TRULICITY ,2023,4,false,687.000,331,310352.15
MCOU,NC,00002318280,TRULICITY ,2023,4,false,3594.500,1383,1623866.52
MCOU,NC,00002143301,TRULICITY ,2023,3,true,,,
MCOU,NC,00002143380,TRULICITY ,2023,3,false,5531.500,2356,2497824.13
FFSU,NC,00002143380,TRULICITY ,2023,3,false,1511.500,756,682916.78
MCOU,NC,00002143480,TRULICITY ,2023,3,false,7217.000,2840,3165629.02
FFSU,NC,00002143480,TRULICITY ,2023,3,false,1909.500,855,862249.92
MCOU,NC,00002223601,TRULICITY ,2023,3,true,,,
FFSU,NC,00002223680,TRULICITY ,2023,3,false,1142.500,527,515628.16
MCOU,NC,00002223680,TRULICITY ,2023,3,false,5004.500,1990,2259313.18
MCOU,NC,00002318201,TRULICITY ,2023,3,true,,,
MCOU,NC,00002318280,TRULICITY ,2023,3,false,3220.000,1229,1452040.86
FFSU,NC,00002318280,TRULICITY ,2023,3,false,756.500,341,341455.84
MCOU,NC,00002143301,TRULICITY ,2023,2,true,,,
MCOU,NC,00002143380,TRULICITY ,2023,2,false,6140.500,2664,2756460.43
FFSU,NC,00002143380,TRULICITY ,2023,2,false,1442.000,846,789978.83
FFSU,NC,00002143480,TRULICITY ,2023,2,false,2237.000,1143,1142323.86
MCOU,NC,00002143480,TRULICITY ,2023,2,false,8277.500,3355,3733486.95
MCOU,NC,00002223601,TRULICITY ,2023,2,true,,,
FFSU,NC,00002223680,TRULICITY ,2023,2,false,1170.500,523,523757.43
MCOU,NC,00002223680,TRULICITY ,2023,2,false,5092.000,2075,2280643.07
MCOU,NC,00002318280,TRULICITY ,2023,2,false,2845.000,1099,1273172.98
FFSU,NC,00002318280,TRULICITY ,2023,2,false,602.000,262,269487.50
FFSU,NC,00002143301,TRULICITY ,2023,1,true,,,
MCOU,NC,00002143301,TRULICITY ,2023,1,true,,,
FFSU,NC,00002143380,TRULICITY ,2023,1,false,1652.500,773,736602.62
MCOU,NC,00002143380,TRULICITY ,2023,1,false,7137.500,3075,3164582.52
MCOU,NC,00002143401,TRULICITY ,2023,1,true,,,
FFSU,NC,00002143401,TRULICITY ,2023,1,true,,,
FFSU,NC,00002143480,TRULICITY ,2023,1,false,2485.000,1098,1105977.07
MCOU,NC,00002143480,TRULICITY ,2023,1,false,9778.500,4077,4458249.02
MCOU,NC,00002223601,TRULICITY ,2023,1,true,,,
MCOU,NC,00002223680,TRULICITY ,2023,1,false,3901.000,1580,1733858.93
FFSU,NC,00002223680,TRULICITY ,2023,1,false,766.000,345,341418.25
MCOU,NC,00002318201,TRULICITY ,2023,1,true,,,
MCOU,NC,00002318280,TRULICITY ,2023,1,false,1959.000,756,877012.45
FFSU,NC,00002318280,TRULICITY ,2023,1,false,429.500,194,191651.79
FFSU,ND,00002143380,TRULICITY ,2023,4,false,32.000,16,14540.96
FFSU,ND,00002143480,TRULICITY ,2023,4,false,78.000,39,35038.68
FFSU,ND,00002223680,TRULICITY ,2023,4,false,64.000,32,29065.60
FFSU,ND,00002318280,TRULICITY ,2023,4,false,108.000,54,49065.48
FFSU,ND,00002143380,TRULICITY ,2023,3,false,36.000,18,16358.58
FFSU,ND,00002143480,TRULICITY ,2023,3,false,70.000,35,31808.00
FFSU,ND,00002223680,TRULICITY ,2023,3,false,64.000,32,29065.60
FFSU,ND,00002318280,TRULICITY ,2023,3,false,98.000,49,44522.38
FFSU,ND,00002143380,TRULICITY ,2023,2,false,52.000,26,23565.10
FFSU,ND,00002143480,TRULICITY ,2023,2,false,90.000,45,40767.73
FFSU,ND,00002223680,TRULICITY ,2023,2,false,86.000,43,38956.88
FFSU,ND,00002318280,TRULICITY ,2023,2,false,74.000,37,33569.62
FFSU,ND,00002143380,TRULICITY ,2023,1,false,46.000,23,20675.81
FFSU,ND,00002143480,TRULICITY ,2023,1,false,96.000,48,43091.43
FFSU,ND,00002223680,TRULICITY ,2023,1,false,74.000,35,32483.27
FFSU,ND,00002318280,TRULICITY ,2023,1,false,44.000,22,19746.50
MCOU,NE,00002143380,TRULICITY ,2023,4,false,1672.500,812,740083.43
MCOU,NE,00002143401,TRULICITY ,2023,4,true,,,
MCOU,NE,00002143480,TRULICITY ,2023,4,false,2071.500,992,924665.91
MCOU,NE,00002223680,TRULICITY ,2023,4,false,1656.000,778,727613.25
MCOU,NE,00002318280,TRULICITY ,2023,4,false,1422.000,675,626653.79
MCOU,NE,00002143380,TRULICITY ,2023,3,false,1868.500,915,828558.74
MCOU,NE,00002143401,TRULICITY ,2023,3,true,,,
MCOU,NE,00002143480,TRULICITY ,2023,3,false,2580.500,1235,1141580.31
MCOU,NE,00002223680,TRULICITY ,2023,3,false,1798.000,869,797114.08
MCOU,NE,00002318280,TRULICITY ,2023,3,false,1236.000,598,538007.48
MCOU,NE,00002143301,TRULICITY ,2023,2,true,,,
MCOU,NE,00002143380,TRULICITY ,2023,2,false,2151.500,1045,942576.66
MCOU,NE,00002143401,TRULICITY ,2023,2,true,,,
MCOU,NE,00002143480,TRULICITY ,2023,2,false,3225.000,1551,1423889.90
MCOU,NE,00002223680,TRULICITY ,2023,2,false,1813.000,883,802259.20
MCOU,NE,00002318280,TRULICITY ,2023,2,false,1120.000,545,471340.06
MCOU,NE,00002143380,TRULICITY ,2023,1,false,2223.000,1080,986630.44
MCOU,NE,00002143401,TRULICITY ,2023,1,true,,,
MCOU,NE,00002143480,TRULICITY ,2023,1,false,3491.500,1658,1536738.75
MCOU,NE,00002223680,TRULICITY ,2023,1,false,1180.000,580,523583.07
MCOU,NE,00002318280,TRULICITY ,2023,1,false,679.000,327,291212.72
MCOU,NH,00002143380,TRULICITY ,2023,4,false,847.000,396,370352.60
FFSU,NH,00002143380,TRULICITY ,2023,4,true,,,
MCOU,NH,00002143480,TRULICITY ,2023,4,false,1009.000,450,437310.77
FFSU,NH,00002223680,TRULICITY ,2023,4,true,,,
MCOU,NH,00002223680,TRULICITY ,2023,4,false,782.000,341,338969.84
MCOU,NH,00002318280,TRULICITY ,2023,4,false,512.000,222,219968.38
MCOU,NH,00002143380,TRULICITY ,2023,3,false,1100.000,513,477520.69
MCOU,NH,00002143480,TRULICITY ,2023,3,false,1331.500,587,565637.90
FFSU,NH,00002223680,TRULICITY ,2023,3,true,,,
MCOU,NH,00002223680,TRULICITY ,2023,3,false,852.000,380,361254.64
MCOU,NH,00002318201,TRULICITY ,2023,3,true,,,
MCOU,NH,00002318280,TRULICITY ,2023,3,false,482.000,206,210670.51
MCOU,NH,00002143380,TRULICITY ,2023,2,false,1464.000,675,623578.11
MCOU,NH,00002143480,TRULICITY ,2023,2,false,1372.000,604,585170.94
FFSU,NH,00002143480,TRULICITY ,2023,2,true,,,
MCOU,NH,00002223680,TRULICITY ,2023,2,false,858.000,381,356786.32
FFSU,NH,00002223680,TRULICITY ,2023,2,true,,,
MCOU,NH,00002318201,TRULICITY ,2023,2,true,,,
MCOU,NH,00002318280,TRULICITY ,2023,2,false,332.000,139,145047.37
FFSU,NH,00002318280,TRULICITY ,2023,2,true,,,
MCOU,NH,00002143380,TRULICITY ,2023,1,false,1533.000,725,637034.88
FFSU,NH,00002143380,TRULICITY ,2023,1,true,,,
FFSU,NH,00002143480,TRULICITY ,2023,1,true,,,
MCOU,NH,00002143480,TRULICITY ,2023,1,false,1621.500,723,676695.51
MCOU,NH,00002223680,TRULICITY ,2023,1,false,564.000,251,230399.81
MCOU,NH,00002318280,TRULICITY ,2023,1,false,258.000,103,106379.45
MCOU,NJ,00002143301,TRULICITY ,2023,4,false,40.000,13,18030.40
FFSU,NJ,00002143380,TRULICITY ,2023,4,false,42.500,18,19286.92
MCOU,NJ,00002143380,TRULICITY ,2023,4,false,5242.000,2297,2397648.58
MCOU,NJ,00002143401,TRULICITY ,2023,4,false,42.000,17,19056.08
MCOU,NJ,00002143480,TRULICITY ,2023,4,false,6272.000,2661,2876727.72
FFSU,NJ,00002143480,TRULICITY ,2023,4,false,18.500,29,8601.65
MCOU,NJ,00002223601,TRULICITY ,2023,4,true,,,
FFSU,NJ,00002223680,TRULICITY ,2023,4,true,,,
MCOU,NJ,00002223680,TRULICITY ,2023,4,false,4166.000,1720,1913362.17
MCOU,NJ,00002318201,TRULICITY ,2023,4,true,,,
FFSU,NJ,00002318280,TRULICITY ,2023,4,true,,,
MCOU,NJ,00002318280,TRULICITY ,2023,4,false,3112.000,1267,1420226.42
MCOU,NJ,00002143301,TRULICITY ,2023,3,false,42.000,19,19689.04
MCOU,NJ,00002143380,TRULICITY ,2023,3,false,5422.500,2392,2481180.58
FFSU,NJ,00002143380,TRULICITY ,2023,3,true,,,
MCOU,NJ,00002143401,TRULICITY ,2023,3,false,26.000,11,11976.97
FFSU,NJ,00002143480,TRULICITY ,2023,3,true,,,
MCOU,NJ,00002143480,TRULICITY ,2023,3,false,7174.000,2973,3278496.16
MCOU,NJ,00002223601,TRULICITY ,2023,3,false,54.000,18,24647.28
MCOU,NJ,00002223680,TRULICITY ,2023,3,false,4394.000,1809,2008176.57
MCOU,NJ,00002318201,TRULICITY ,2023,3,true,,,
FFSU,NJ,00002318280,TRULICITY ,2023,3,true,,,
MCOU,NJ,00002318280,TRULICITY ,2023,3,false,3035.000,1221,1395755.27
MCOU,NJ,00002143301,TRULICITY ,2023,2,false,36.000,16,16610.69
MCOU,NJ,00002143380,TRULICITY ,2023,2,false,5757.500,2567,2628766.83
FFSU,NJ,00002143380,TRULICITY ,2023,2,true,,,
MCOU,NJ,00002143401,TRULICITY ,2023,2,true,,,
MCOU,NJ,00002143480,TRULICITY ,2023,2,false,7669.500,3134,3502283.35
FFSU,NJ,00002143480,TRULICITY ,2023,2,true,,,
MCOU,NJ,00002223601,TRULICITY ,2023,2,false,32.000,12,14561.90
FFSU,NJ,00002223680,TRULICITY ,2023,2,true,,,
MCOU,NJ,00002223680,TRULICITY ,2023,2,false,4108.000,1684,1883600.91
MCOU,NJ,00002318201,TRULICITY ,2023,2,true,,,
FFSU,NJ,00002318280,TRULICITY ,2023,2,true,,,
MCOU,NJ,00002318280,TRULICITY ,2023,2,false,2516.000,1006,1155584.37
MCOU,NJ,00002143301,TRULICITY ,2023,1,false,42.000,16,19122.72
FFSU,NJ,00002143380,TRULICITY ,2023,1,true,,,
MCOU,NJ,00002143380,TRULICITY ,2023,1,false,5337.500,2289,2455978.41
MCOU,NJ,00002143401,TRULICITY ,2023,1,false,28.000,12,12764.08
MCOU,NJ,00002143480,TRULICITY ,2023,1,false,7835.000,3193,3590753.97
FFSU,NJ,00002143480,TRULICITY ,2023,1,true,,,
MCOU,NJ,00002223601,TRULICITY ,2023,1,false,30.000,11,13688.93
FFSU,NJ,00002223680,TRULICITY ,2023,1,true,,,
MCOU,NJ,00002223680,TRULICITY ,2023,1,false,3489.000,1398,1603652.90
MCOU,NJ,00002318201,TRULICITY ,2023,1,false,20.500,12,10127.26
MCOU,NJ,00002318280,TRULICITY ,2023,1,false,1873.500,765,868360.40
MCOU,NM,00002143301,TRULICITY ,2023,4,true,,,
MCOU,NM,00002143380,TRULICITY ,2023,4,false,4266.500,1768,1866953.44
FFSU,NM,00002143380,TRULICITY ,2023,4,false,123.000,57,50393.32
MCOU,NM,00002143480,TRULICITY ,2023,4,false,4848.000,1897,2118972.65
FFSU,NM,00002143480,TRULICITY ,2023,4,false,192.000,87,77075.31
MCOU,NM,00002223680,TRULICITY ,2023,4,false,3322.000,1355,1465895.25
FFSU,NM,00002223680,TRULICITY ,2023,4,false,82.000,35,33307.84
FFSU,NM,00002318280,TRULICITY ,2023,4,false,26.000,11,10501.07
MCOU,NM,00002318280,TRULICITY ,2023,4,false,2288.500,863,1007244.85
MCOU,NM,00002143301,TRULICITY ,2023,3,true,,,
FFSU,NM,00002143380,TRULICITY ,2023,3,false,132.000,58,53139.76
MCOU,NM,00002143380,TRULICITY ,2023,3,false,4651.500,1948,2049529.46
FFSU,NM,00002143480,TRULICITY ,2023,3,false,186.000,81,76614.79
MCOU,NM,00002143480,TRULICITY ,2023,3,false,6048.000,2312,2649873.51
MCOU,NM,00002223680,TRULICITY ,2023,3,false,3758.000,1485,1670073.49
FFSU,NM,00002223680,TRULICITY ,2023,3,false,106.000,49,42689.28
MCOU,NM,00002318201,TRULICITY ,2023,3,true,,,
FFSU,NM,00002318280,TRULICITY ,2023,3,false,36.000,12,15749.53
MCOU,NM,00002318280,TRULICITY ,2023,3,false,2208.000,842,965371.73
FFSU,NM,00002143380,TRULICITY ,2023,2,false,184.000,84,73509.78
MCOU,NM,00002143380,TRULICITY ,2023,2,false,4934.500,2091,2172210.29
MCOU,NM,00002143401,TRULICITY ,2023,2,true,,,
MCOU,NM,00002143480,TRULICITY ,2023,2,false,6419.500,2454,2831189.06
FFSU,NM,00002143480,TRULICITY ,2023,2,false,228.000,98,96387.56
FFSU,NM,00002223680,TRULICITY ,2023,2,false,110.000,51,43386.98
MCOU,NM,00002223680,TRULICITY ,2023,2,false,3605.000,1418,1600909.24
MCOU,NM,00002318201,TRULICITY ,2023,2,true,,,
MCOU,NM,00002318280,TRULICITY ,2023,2,false,1891.000,737,835215.24
FFSU,NM,00002318280,TRULICITY ,2023,2,false,52.000,16,23182.35
MCOU,NM,00002143380,TRULICITY ,2023,1,false,4851.500,2065,2157953.11
FFSU,NM,00002143380,TRULICITY ,2023,1,false,192.000,85,76519.83
MCOU,NM,00002143480,TRULICITY ,2023,1,false,6917.500,2676,3077944.57
FFSU,NM,00002143480,TRULICITY ,2023,1,false,276.000,111,114378.54
FFSU,NM,00002223680,TRULICITY ,2023,1,false,54.000,23,20306.52
MCOU,NM,00002223680,TRULICITY ,2023,1,false,2643.000,1039,1181846.09
MCOU,NM,00002318201,TRULICITY ,2023,1,true,,,
MCOU,NM,00002318280,TRULICITY ,2023,1,false,1155.500,492,516694.43
FFSU,NM,00002318280,TRULICITY ,2023,1,false,32.000,12,14312.44
MCOU,NV,00002143301,TRULICITY ,2023,4,false,22.000,11,9821.77
FFSU,NV,00002143380,TRULICITY ,2023,4,false,848.500,192,346675.60
MCOU,NV,00002143380,TRULICITY ,2023,4,false,3111.000,1295,1375886.87
MCOU,NV,00002143401,TRULICITY ,2023,4,false,22.000,11,9873.92
MCOU,NV,00002143480,TRULICITY ,2023,4,false,3542.000,1315,1569884.35
FFSU,NV,00002143480,TRULICITY ,2023,4,false,1224.000,265,534189.21
FFSU,NV,00002223680,TRULICITY ,2023,4,false,725.500,151,314019.80
MCOU,NV,00002223680,TRULICITY ,2023,4,false,1350.000,481,601924.16
MCOU,NV,00002318201,TRULICITY ,2023,4,true,,,
FFSU,NV,00002318280,TRULICITY ,2023,4,false,693.000,130,290163.74
MCOU,NV,00002318280,TRULICITY ,2023,4,false,1166.000,519,510379.28
MCOU,NV,00002143301,TRULICITY ,2023,3,false,36.000,18,16162.91
FFSU,NV,00002143361,TRULICITY ,2023,3,true,,,
MCOU,NV,00002143380,TRULICITY ,2023,3,false,2602.000,1117,1170543.97
FFSU,NV,00002143380,TRULICITY ,2023,3,false,1049.000,237,439720.53
MCOU,NV,00002143401,TRULICITY ,2023,3,true,,,
FFSU,NV,00002143480,TRULICITY ,2023,3,false,1747.500,357,760283.44
MCOU,NV,00002143480,TRULICITY ,2023,3,false,2746.000,1135,1222282.06
MCOU,NV,00002223680,TRULICITY ,2023,3,false,2296.000,985,1021268.03
FFSU,NV,00002223680,TRULICITY ,2023,3,false,897.000,178,385669.38
MCOU,NV,00002318201,TRULICITY ,2023,3,true,,,
FFSU,NV,00002318280,TRULICITY ,2023,3,false,668.500,129,280204.52
MCOU,NV,00002318280,TRULICITY ,2023,3,false,1554.500,764,688793.13
MCOU,NV,00002143301,TRULICITY ,2023,2,true,,,
FFSU,NV,00002143361,TRULICITY ,2023,2,true,,,
MCOU,NV,00002143380,TRULICITY ,2023,2,false,36.000,1490,1416978.17
FFSU,NV,00002143380,TRULICITY ,2023,2,false,1351.500,315,566707.32
MCOU,NV,00002143401,TRULICITY ,2023,2,true,,,
MCOU,NV,00002143480,TRULICITY ,2023,2,false,4366.000,1991,1938472.69
FFSU,NV,00002143480,TRULICITY ,2023,2,false,1953.000,417,843161.51
MCOU,NV,00002223680,TRULICITY ,2023,2,false,1806.000,842,795778.91
FFSU,NV,00002223680,TRULICITY ,2023,2,false,1053.000,222,451222.63
MCOU,NV,00002318201,TRULICITY ,2023,2,true,,,
MCOU,NV,00002318280,TRULICITY ,2023,2,false,1192.000,592,527096.36
FFSU,NV,00002318280,TRULICITY ,2023,2,false,630.000,137,266199.12
FFSU,NV,00002143301,TRULICITY ,2023,1,true,,,
MCOU,NV,00002143301,TRULICITY ,2023,1,true,,,
FFSU,NV,00002143361,TRULICITY ,2023,1,true,,,
MCOU,NV,00002143380,TRULICITY ,2023,1,false,2221.000,1073,979359.66
FFSU,NV,00002143380,TRULICITY ,2023,1,false,1252.500,272,511375.60
MCOU,NV,00002143401,TRULICITY ,2023,1,false,26.000,13,11644.15
FFSU,NV,00002143401,TRULICITY ,2023,1,true,,,
FFSU,NV,00002143480,TRULICITY ,2023,1,false,2052.000,430,878243.81
MCOU,NV,00002143480,TRULICITY ,2023,1,false,4890.000,2279,2166226.89
FFSU,NV,00002223601,TRULICITY ,2023,1,true,,,
MCOU,NV,00002223601,TRULICITY ,2023,1,true,,,
FFSU,NV,00002223680,TRULICITY ,2023,1,false,736.000,156,306589.49
MCOU,NV,00002223680,TRULICITY ,2023,1,false,1544.000,741,684434.22
MCOU,NV,00002318201,TRULICITY ,2023,1,true,,,
FFSU,NV,00002318280,TRULICITY ,2023,1,false,506.500,111,204574.16
MCOU,NV,00002318280,TRULICITY ,2023,1,false,1029.000,512,462185.42
FFSU,NY,00002143301,TRULICITY ,2023,4,false,295.500,123,126815.82
MCOU,NY,00002143301,TRULICITY ,2023,4,true,,,
FFSU,NY,00002143380,TRULICITY ,2023,4,false,33484.000,13560,15135271.98
MCOU,NY,00002143380,TRULICITY ,2023,4,false,370.000,152,243294.92
FFSU,NY,00002143401,TRULICITY ,2023,4,false,288.000,111,124525.49
FFSU,NY,00002143480,TRULICITY ,2023,4,false,43578.500,16843,19692948.96
MCOU,NY,00002143480,TRULICITY ,2023,4,false,277.000,119,244681.75
FFSU,NY,00002223601,TRULICITY ,2023,4,false,202.500,76,87560.48
FFSU,NY,00002223680,TRULICITY ,2023,4,false,25807.000,9997,11653307.15
MCOU,NY,00002223680,TRULICITY ,2023,4,false,175.500,72,288181.83
FFSU,NY,00002318201,TRULICITY ,2023,4,false,92.000,38,39814.68
FFSU,NY,00002318280,TRULICITY ,2023,4,false,17212.000,6462,7774429.77
MCOU,NY,00002318280,TRULICITY ,2023,4,false,92.000,30,124174.10
FFSU,NY,00002143301,TRULICITY ,2023,3,false,309.000,132,130572.18
MCOU,NY,00002143301,TRULICITY ,2023,3,true,,,
MCOU,NY,00002143380,TRULICITY ,2023,3,false,364.000,155,240970.01
FFSU,NY,00002143380,TRULICITY ,2023,3,false,38278.429,15870,17304951.81
FFSU,NY,00002143401,TRULICITY ,2023,3,false,325.500,131,143216.39
MCOU,NY,00002143480,TRULICITY ,2023,3,false,336.000,139,366346.09
FFSU,NY,00002143480,TRULICITY ,2023,3,false,52361.000,20660,23666383.32
FFSU,NY,00002223601,TRULICITY ,2023,3,false,198.000,71,85358.76
FFSU,NY,00002223680,TRULICITY ,2023,3,false,28451.000,11253,12845467.29
MCOU,NY,00002223680,TRULICITY ,2023,3,false,184.000,76,247179.51
FFSU,NY,00002318201,TRULICITY ,2023,3,false,88.000,40,38117.43
FFSU,NY,00002318280,TRULICITY ,2023,3,false,16940.500,6562,7653691.48
MCOU,NY,00002318280,TRULICITY ,2023,3,false,68.000,22,128761.20
FFSU,NY,00002143301,TRULICITY ,2023,2,false,302.000,128,127826.73
MCOU,NY,00002143301,TRULICITY ,2023,2,true,,,
MCOU,NY,00002143380,TRULICITY ,2023,2,false,397.000,166,230981.51
FFSU,NY,00002143380,TRULICITY ,2023,2,false,40134.500,17266,18102062.04
FFSU,NY,00002143401,TRULICITY ,2023,2,false,349.500,155,156500.05
FFSU,NY,00002143480,TRULICITY ,2023,2,false,53670.500,22235,24211029.82
MCOU,NY,00002143480,TRULICITY ,2023,2,false,314.000,121,284409.26
FFSU,NY,00002223601,TRULICITY ,2023,2,false,150.000,66,64800.85
FFSU,NY,00002223680,TRULICITY ,2023,2,false,25991.000,10785,11727567.77
MCOU,NY,00002223680,TRULICITY ,2023,2,false,124.000,51,149263.71
FFSU,NY,00002318201,TRULICITY ,2023,2,false,70.000,32,30324.28
FFSU,NY,00002318280,TRULICITY ,2023,2,false,14806.000,6041,6682997.28
MCOU,NY,00002318280,TRULICITY ,2023,2,false,50.000,17,52646.51
MCOU,NY,00002143301,TRULICITY ,2023,1,false,293.000,143,129171.64
FFSU,NY,00002143301,TRULICITY ,2023,1,false,42.000,17,18176.38
FFSU,NY,00002143380,TRULICITY ,2023,1,false,3713.000,1559,1653158.62
MCOU,NY,00002143380,TRULICITY ,2023,1,false,38370.000,18363,16949378.04
MCOU,NY,00002143401,TRULICITY ,2023,1,false,295.500,143,130270.51
FFSU,NY,00002143401,TRULICITY ,2023,1,false,58.000,25,25115.22
FFSU,NY,00002143480,TRULICITY ,2023,1,false,4573.500,1878,2061231.89
MCOU,NY,00002143480,TRULICITY ,2023,1,false,51564.500,24393,22780764.28
FFSU,NY,00002223601,TRULICITY ,2023,1,true,,,
MCOU,NY,00002223601,TRULICITY ,2023,1,false,152.000,74,65693.25
MCOU,NY,00002223680,TRULICITY ,2023,1,false,19415.000,9267,8540016.29
FFSU,NY,00002223680,TRULICITY ,2023,1,false,1569.500,654,699698.78
MCOU,NY,00002318201,TRULICITY ,2023,1,false,94.000,47,41375.19
FFSU,NY,00002318201,TRULICITY ,2023,1,true,,,
FFSU,NY,00002318280,TRULICITY ,2023,1,false,787.000,324,351761.38
MCOU,NY,00002318280,TRULICITY ,2023,1,false,10493.500,4972,4640677.90
MCOU,OH,00002143301,TRULICITY ,2023,4,false,20.500,21,9220.78
FFSU,OH,00002143301,TRULICITY ,2023,4,false,23.000,22,10295.04
MCOU,OH,00002143380,TRULICITY ,2023,4,false,44216.500,19083,19973562.64
FFSU,OH,00002143380,TRULICITY ,2023,4,false,2628.500,1267,1185047.24
MCOU,OH,00002143401,TRULICITY ,2023,4,true,,,
FFSU,OH,00002143401,TRULICITY ,2023,4,true,,,
MCOU,OH,00002143480,TRULICITY ,2023,4,false,43928.000,18209,19827462.78
FFSU,OH,00002143480,TRULICITY ,2023,4,false,2679.000,1252,1210830.22
FFSU,OH,00002223601,TRULICITY ,2023,4,true,,,
MCOU,OH,00002223601,TRULICITY ,2023,4,true,,,
FFSU,OH,00002223680,TRULICITY ,2023,4,false,1693.500,818,765495.33
MCOU,OH,00002223680,TRULICITY ,2023,4,false,32126.000,13286,14501197.75
FFSU,OH,00002318201,TRULICITY ,2023,4,true,,,
MCOU,OH,00002318201,TRULICITY ,2023,4,true,,,
FFSU,OH,00002318280,TRULICITY ,2023,4,false,1240.000,559,560492.55
MCOU,OH,00002318280,TRULICITY ,2023,4,false,24501.500,9615,11057021.74
FFSU,OH,00002143301,TRULICITY ,2023,3,false,21.000,15,9400.18
MCOU,OH,00002143301,TRULICITY ,2023,3,false,15.500,11,6963.04
MCOU,OH,00002143380,TRULICITY ,2023,3,false,46837.000,20287,21159042.72
FFSU,OH,00002143380,TRULICITY ,2023,3,false,2352.000,1144,1062190.62
FFSU,OH,00002143401,TRULICITY ,2023,3,false,21.500,19,9646.72
MCOU,OH,00002143401,TRULICITY ,2023,3,false,19.500,17,8430.26
MCOU,OH,00002143480,TRULICITY ,2023,3,false,52599.500,21474,23737138.76
FFSU,OH,00002143480,TRULICITY ,2023,3,false,2564.500,1190,1158821.59
MCOU,OH,00002223601,TRULICITY ,2023,3,true,,,
FFSU,OH,00002223601,TRULICITY ,2023,3,true,,,
FFSU,OH,00002223680,TRULICITY ,2023,3,false,1443.500,701,650745.82
MCOU,OH,00002223680,TRULICITY ,2023,3,false,32735.000,13410,14759504.60
MCOU,OH,00002318201,TRULICITY ,2023,3,true,,,
FFSU,OH,00002318201,TRULICITY ,2023,3,true,,,
MCOU,OH,00002318280,TRULICITY ,2023,3,false,21400.000,8382,9653029.57
FFSU,OH,00002318280,TRULICITY ,2023,3,false,895.500,415,404663.25
MCOU,OH,00002143301,TRULICITY ,2023,2,false,19.500,15,8761.42
FFSU,OH,00002143301,TRULICITY ,2023,2,false,28.500,29,12976.61
MCOU,OH,00002143380,TRULICITY ,2023,2,false,47151.500,20694,21245158.04
FFSU,OH,00002143380,TRULICITY ,2023,2,false,2040.000,1006,913605.23
FFSU,OH,00002143401,TRULICITY ,2023,2,false,16.500,18,7494.37
MCOU,OH,00002143401,TRULICITY ,2023,2,false,21.500,19,9687.12
MCOU,OH,00002143480,TRULICITY ,2023,2,false,53777.500,22522,24211808.61
FFSU,OH,00002143480,TRULICITY ,2023,2,false,2318.500,1103,1031669.51
FFSU,OH,00002223601,TRULICITY ,2023,2,true,,,
MCOU,OH,00002223601,TRULICITY ,2023,2,true,,,
FFSU,OH,00002223680,TRULICITY ,2023,2,false,1159.000,563,518183.46
MCOU,OH,00002223680,TRULICITY ,2023,2,false,28646.500,12123,12906913.00
MCOU,OH,00002318201,TRULICITY ,2023,2,true,,,
FFSU,OH,00002318201,TRULICITY ,2023,2,true,,,
MCOU,OH,00002318280,TRULICITY ,2023,2,false,16943.000,6836,7633921.46
FFSU,OH,00002318280,TRULICITY ,2023,2,false,621.000,292,279686.09
FFSU,OH,00002143301,TRULICITY ,2023,1,false,41.500,36,18486.28
MCOU,OH,00002143301,TRULICITY ,2023,1,true,,,
FFSU,OH,00002143380,TRULICITY ,2023,1,false,3239.000,1503,1418650.78
MCOU,OH,00002143380,TRULICITY ,2023,1,false,38919.000,17245,17388209.42
FFSU,OH,00002143401,TRULICITY ,2023,1,false,23.000,23,10159.88
MCOU,OH,00002143401,TRULICITY ,2023,1,false,26.500,20,11905.27
MCOU,OH,00002143480,TRULICITY ,2023,1,false,54792.500,23030,24456448.72
FFSU,OH,00002143480,TRULICITY ,2023,1,false,3959.500,1808,1734288.10
MCOU,OH,00002223601,TRULICITY ,2023,1,false,16.000,11,7153.85
FFSU,OH,00002223601,TRULICITY ,2023,1,true,,,
MCOU,OH,00002223680,TRULICITY ,2023,1,false,19003.500,8145,8500393.87
FFSU,OH,00002223680,TRULICITY ,2023,1,false,1058.000,525,460315.70
MCOU,OH,00002318201,TRULICITY ,2023,1,true,,,
FFSU,OH,00002318201,TRULICITY ,2023,1,true,,,
FFSU,OH,00002318280,TRULICITY ,2023,1,false,605.000,292,265732.71
MCOU,OH,00002318280,TRULICITY ,2023,1,false,10900.000,4582,4898498.55
FFSU,OK,00002143380,TRULICITY ,2023,4,false,7953.500,3399,3561751.73
FFSU,OK,00002143480,TRULICITY ,2023,4,false,8202.000,3388,3657168.38
FFSU,OK,00002223680,TRULICITY ,2023,4,false,5899.500,2273,2637507.89
FFSU,OK,00002318280,TRULICITY ,2023,4,false,4395.000,1609,1953906.23
FFSU,OK,00002143380,TRULICITY ,2023,3,false,8893.500,3783,3968966.84
FFSU,OK,00002143480,TRULICITY ,2023,3,false,9261.000,3689,4111492.60
FFSU,OK,00002223680,TRULICITY ,2023,3,false,5840.000,2237,2602466.08
FFSU,OK,00002318280,TRULICITY ,2023,3,false,4095.000,1488,1822159.67
FFSU,OK,00002143380,TRULICITY ,2023,2,false,8629.500,3655,3829459.65
FFSU,OK,00002143480,TRULICITY ,2023,2,false,9422.000,3619,4167487.91
FFSU,OK,00002223680,TRULICITY ,2023,2,false,5373.500,2057,2368261.88
FFSU,OK,00002318280,TRULICITY ,2023,2,false,2970.500,1091,1318122.27
FFSU,OK,00002143380,TRULICITY ,2023,1,false,7151.500,2985,3225275.01
FFSU,OK,00002143480,TRULICITY ,2023,1,false,8474.000,3188,3791468.25
FFSU,OK,00002223680,TRULICITY ,2023,1,false,2918.000,1139,1309104.91
FFSU,OK,00002318280,TRULICITY ,2023,1,false,1998.000,732,899332.95
FFSU,OR,00002143380,TRULICITY ,2023,4,false,102.000,51,29678.71
MCOU,OR,00002143380,TRULICITY ,2023,4,false,3200.500,1584,1441316.01
MCOU,OR,00002143480,TRULICITY ,2023,4,false,3562.500,1726,1603198.55
FFSU,OR,00002143480,TRULICITY ,2023,4,false,134.000,67,48218.03
MCOU,OR,00002223680,TRULICITY ,2023,4,false,3113.500,1504,1398628.29
FFSU,OR,00002223680,TRULICITY ,2023,4,false,108.000,54,33963.92
MCOU,OR,00002318201,TRULICITY ,2023,4,true,,,
MCOU,OR,00002318280,TRULICITY ,2023,4,false,2961.000,1419,1330015.67
FFSU,OR,00002318280,TRULICITY ,2023,4,false,58.000,29,13261.19
FFSU,OR,00002143380,TRULICITY ,2023,3,false,108.000,54,40581.82
MCOU,OR,00002143380,TRULICITY ,2023,3,false,3180.500,1561,1431002.18
MCOU,OR,00002143480,TRULICITY ,2023,3,false,4187.000,2014,1885270.50
FFSU,OR,00002143480,TRULICITY ,2023,3,false,150.000,75,54064.48
FFSU,OR,00002223680,TRULICITY ,2023,3,false,96.000,48,27016.20
MCOU,OR,00002223680,TRULICITY ,2023,3,false,3173.000,1537,1425277.34
MCOU,OR,00002318201,TRULICITY ,2023,3,true,,,
FFSU,OR,00002318280,TRULICITY ,2023,3,false,48.000,24,11633.03
MCOU,OR,00002318280,TRULICITY ,2023,3,false,2412.000,1159,1083380.49
MCOU,OR,00002143380,TRULICITY ,2023,2,false,3261.500,1605,1470309.00
FFSU,OR,00002143380,TRULICITY ,2023,2,false,98.000,47,31193.24
MCOU,OR,00002143401,TRULICITY ,2023,2,true,,,
MCOU,OR,00002143480,TRULICITY ,2023,2,false,4693.000,2280,2112245.11
FFSU,OR,00002143480,TRULICITY ,2023,2,false,178.000,87,56123.08
MCOU,OR,00002223680,TRULICITY ,2023,2,false,2970.500,1440,1331136.36
FFSU,OR,00002223680,TRULICITY ,2023,2,false,82.000,37,24050.78
MCOU,OR,00002318201,TRULICITY ,2023,2,true,,,
FFSU,OR,00002318280,TRULICITY ,2023,2,false,44.000,22,11700.10
MCOU,OR,00002318280,TRULICITY ,2023,2,false,2090.000,1005,933434.26
FFSU,OR,00002143380,TRULICITY ,2023,1,false,100.000,50,31369.38
MCOU,OR,00002143380,TRULICITY ,2023,1,false,3238.500,1592,1457913.23
MCOU,OR,00002143480,TRULICITY ,2023,1,false,5212.500,2540,2356462.49
FFSU,OR,00002143480,TRULICITY ,2023,1,false,174.000,87,50942.76
MCOU,OR,00002223601,TRULICITY ,2023,1,true,,,
MCOU,OR,00002223680,TRULICITY ,2023,1,false,2144.000,1030,961282.64
FFSU,OR,00002223680,TRULICITY ,2023,1,false,52.000,26,14802.17
MCOU,OR,00002318280,TRULICITY ,2023,1,false,1278.000,612,573784.79
FFSU,OR,00002318280,TRULICITY ,2023,1,false,36.000,18,6816.44
MCOU,PA,00002143301,TRULICITY ,2023,4,false,79.500,34,36114.69
FFSU,PA,00002143380,TRULICITY ,2023,4,false,429.000,174,193579.82
MCOU,PA,00002143380,TRULICITY ,2023,4,false,46321.500,21792,20911145.03
MCOU,PA,00002143401,TRULICITY ,2023,4,false,80.000,40,36061.43
FFSU,PA,00002143480,TRULICITY ,2023,4,false,370.000,159,166735.13
MCOU,PA,00002143480,TRULICITY ,2023,4,false,44048.500,20632,19875944.88
MCOU,PA,00002223601,TRULICITY ,2023,4,false,45.000,24,20389.42
FFSU,PA,00002223680,TRULICITY ,2023,4,false,274.000,111,123289.08
MCOU,PA,00002223680,TRULICITY ,2023,4,false,29959.000,14279,13518695.47
MCOU,PA,00002318201,TRULICITY ,2023,4,true,,,
MCOU,PA,00002318280,TRULICITY ,2023,4,false,22295.500,10406,10040665.70
FFSU,PA,00002318280,TRULICITY ,2023,4,false,148.000,66,66618.16
MCOU,PA,00002143301,TRULICITY ,2023,3,false,50.500,25,23060.06
FFSU,PA,00002143380,TRULICITY ,2023,3,false,432.000,194,194374.38
MCOU,PA,00002143380,TRULICITY ,2023,3,false,49137.500,23110,22203837.12
MCOU,PA,00002143401,TRULICITY ,2023,3,false,73.500,41,33233.76
FFSU,PA,00002143480,TRULICITY ,2023,3,false,528.500,217,237902.34
MCOU,PA,00002143480,TRULICITY ,2023,3,false,52278.000,24405,23589602.97
MCOU,PA,00002223601,TRULICITY ,2023,3,false,52.000,26,23788.06
MCOU,PA,00002223680,TRULICITY ,2023,3,false,30133.500,14328,13615451.79
FFSU,PA,00002223680,TRULICITY ,2023,3,false,288.000,124,129641.05
MCOU,PA,00002318201,TRULICITY ,2023,3,true,,,
FFSU,PA,00002318280,TRULICITY ,2023,3,false,166.000,65,74662.69
MCOU,PA,00002318280,TRULICITY ,2023,3,false,19693.000,9168,8889759.59
MCOU,PA,00002143301,TRULICITY ,2023,2,false,84.000,40,38434.19
MCOU,PA,00002143380,TRULICITY ,2023,2,false,49520.500,23036,22372737.52
FFSU,PA,00002143380,TRULICITY ,2023,2,false,508.000,210,228193.15
MCOU,PA,00002143401,TRULICITY ,2023,2,false,41.000,19,18634.78
FFSU,PA,00002143480,TRULICITY ,2023,2,false,539.000,240,242217.71
MCOU,PA,00002143480,TRULICITY ,2023,2,false,53069.500,24529,23945473.14
MCOU,PA,00002223601,TRULICITY ,2023,2,false,53.500,32,24387.38
MCOU,PA,00002223680,TRULICITY ,2023,2,false,27874.000,13068,12606779.08
FFSU,PA,00002223680,TRULICITY ,2023,2,false,319.000,141,143377.97
MCOU,PA,00002318201,TRULICITY ,2023,2,false,23.000,16,10099.88
FFSU,PA,00002318280,TRULICITY ,2023,2,false,114.000,52,51194.93
MCOU,PA,00002318280,TRULICITY ,2023,2,false,15993.000,7283,7220118.15
MCOU,PA,00002143301,TRULICITY ,2023,1,false,89.500,53,41062.26
MCOU,PA,00002143380,TRULICITY ,2023,1,false,48043.000,22188,21681010.54
FFSU,PA,00002143380,TRULICITY ,2023,1,false,444.000,182,194416.31
MCOU,PA,00002143401,TRULICITY ,2023,1,false,53.500,37,24478.99
FFSU,PA,00002143480,TRULICITY ,2023,1,false,537.000,233,234514.52
MCOU,PA,00002143480,TRULICITY ,2023,1,false,54431.000,24887,24511671.81
MCOU,PA,00002223601,TRULICITY ,2023,1,false,66.500,43,30169.53
FFSU,PA,00002223680,TRULICITY ,2023,1,false,176.000,78,77256.30
MCOU,PA,00002223680,TRULICITY ,2023,1,false,21524.500,9872,9711382.61
MCOU,PA,00002318201,TRULICITY ,2023,1,false,26.000,13,11518.15
FFSU,PA,00002318280,TRULICITY ,2023,1,false,112.000,48,49311.99
MCOU,PA,00002318280,TRULICITY ,2023,1,false,11411.500,5158,5151021.63
MCOU,PR,00002143301,TRULICITY ,2023,4,false,40.000,20,19215.49
MCOU,PR,00002143380,TRULICITY ,2023,4,false,2116.000,1056,1015185.14
MCOU,PR,00002143401,TRULICITY ,2023,4,false,64.000,32,30804.80
MCOU,PR,00002143480,TRULICITY ,2023,4,false,1066.500,534,511750.62
MCOU,PR,00002223601,TRULICITY ,2023,4,true,,,
MCOU,PR,00002223680,TRULICITY ,2023,4,false,276.000,138,132317.99
MCOU,PR,00002318201,TRULICITY ,2023,4,true,,,
MCOU,PR,00002318280,TRULICITY ,2023,4,false,76.000,38,36506.52
MCOU,PR,00002143301,TRULICITY ,2023,3,true,,,
MCOU,PR,00002143380,TRULICITY ,2023,3,false,1272.000,636,610257.02
MCOU,PR,00002143401,TRULICITY ,2023,3,false,32.000,16,15403.40
MCOU,PR,00002143480,TRULICITY ,2023,3,false,566.000,283,271608.68
MCOU,PR,00002223601,TRULICITY ,2023,3,true,,,
MCOU,PR,00002223680,TRULICITY ,2023,3,false,124.000,62,59554.43
MCOU,PR,00002318201,TRULICITY ,2023,3,true,,,
MCOU,PR,00002318280,TRULICITY ,2023,3,false,52.000,26,25032.42
MCOU,PR,00002143301,TRULICITY ,2023,2,true,,,
MCOU,PR,00002143380,TRULICITY ,2023,2,false,440.000,220,210918.84
MCOU,PR,00002143401,TRULICITY ,2023,2,true,,,
MCOU,PR,00002143480,TRULICITY ,2023,2,false,206.000,103,99051.93
MCOU,PR,00002223601,TRULICITY ,2023,2,true,,,
MCOU,PR,00002223680,TRULICITY ,2023,2,false,64.000,32,30762.10
MCOU,PR,00002318201,TRULICITY ,2023,2,true,,,
MCOU,PR,00002318280,TRULICITY ,2023,2,false,26.000,13,12516.21
MCOU,PR,00002143380,TRULICITY ,2023,1,false,116.000,58,55545.72
MCOU,PR,00002143401,TRULICITY ,2023,1,true,,,
MCOU,PR,00002143480,TRULICITY ,2023,1,false,110.000,55,52738.53
MCOU,PR,00002223601,TRULICITY ,2023,1,true,,,
MCOU,PR,00002223680,TRULICITY ,2023,1,false,36.000,18,17255.68
MCOU,PR,00002318201,TRULICITY ,2023,1,true,,,
MCOU,PR,00002318280,TRULICITY ,2023,1,true,,,
MCOU,RI,00002143380,TRULICITY ,2023,4,false,2507.000,1181,1133384.19
FFSU,RI,00002143380,TRULICITY ,2023,4,false,88.000,47,37847.45
FFSU,RI,00002143480,TRULICITY ,2023,4,false,73.000,45,31417.51
MCOU,RI,00002143480,TRULICITY ,2023,4,false,2521.000,1174,1135486.77
MCOU,RI,00002223680,TRULICITY ,2023,4,false,1822.000,848,817369.67
FFSU,RI,00002223680,TRULICITY ,2023,4,false,25.500,13,10955.23
MCOU,RI,00002318280,TRULICITY ,2023,4,false,1240.000,572,559480.69
FFSU,RI,00002318280,TRULICITY ,2023,4,true,,,
FFSU,RI,00002143380,TRULICITY ,2023,3,false,68.000,35,28999.69
MCOU,RI,00002143380,TRULICITY ,2023,3,false,2748.000,1314,1240222.62
MCOU,RI,00002143480,TRULICITY ,2023,3,false,3180.000,1464,1431460.67
FFSU,RI,00002143480,TRULICITY ,2023,3,false,66.500,40,28635.11
MCOU,RI,00002223680,TRULICITY ,2023,3,false,2004.500,933,902421.52
FFSU,RI,00002223680,TRULICITY ,2023,3,false,19.500,12,8403.83
MCOU,RI,00002318280,TRULICITY ,2023,3,false,1058.000,475,479133.98
FFSU,RI,00002318280,TRULICITY ,2023,3,true,,,
MCOU,RI,00002143380,TRULICITY ,2023,2,false,2934.000,1405,1305968.50
FFSU,RI,00002143380,TRULICITY ,2023,2,false,64.000,32,27528.22
FFSU,RI,00002143480,TRULICITY ,2023,2,false,82.500,45,35459.82
MCOU,RI,00002143480,TRULICITY ,2023,2,false,3416.500,1590,1478325.41
MCOU,RI,00002223680,TRULICITY ,2023,2,false,1769.500,827,779234.58
FFSU,RI,00002223680,TRULICITY ,2023,2,true,,,
MCOU,RI,00002318280,TRULICITY ,2023,2,false,854.000,383,368087.82
FFSU,RI,00002318280,TRULICITY ,2023,2,false,12.000,15,5194.29
MCOU,RI,00002143380,TRULICITY ,2023,1,false,3100.000,1467,1372111.35
FFSU,RI,00002143380,TRULICITY ,2023,1,false,54.000,27,23194.22
MCOU,RI,00002143480,TRULICITY ,2023,1,false,3743.500,1725,1618607.61
FFSU,RI,00002143480,TRULICITY ,2023,1,false,81.500,49,35045.42
MCOU,RI,00002223680,TRULICITY ,2023,1,false,1248.000,579,542971.91
FFSU,RI,00002223680,TRULICITY ,2023,1,true,,,
FFSU,RI,00002318280,TRULICITY ,2023,1,true,,,
MCOU,RI,00002318280,TRULICITY ,2023,1,false,516.000,241,223806.47
MCOU,SC,00002143301,TRULICITY ,2023,4,true,,,
MCOU,SC,00002143380,TRULICITY ,2023,4,false,2347.500,1185,1045425.31
FFSU,SC,00002143380,TRULICITY ,2023,4,false,420.000,217,189824.68
MCOU,SC,00002143480,TRULICITY ,2023,4,false,2692.000,1359,1199800.49
FFSU,SC,00002143480,TRULICITY ,2023,4,false,446.000,229,202103.35
MCOU,SC,00002223601,TRULICITY ,2023,4,true,,,
MCOU,SC,00002223680,TRULICITY ,2023,4,false,1774.000,896,788327.39
FFSU,SC,00002223680,TRULICITY ,2023,4,false,349.000,185,158344.08
MCOU,SC,00002318201,TRULICITY ,2023,4,true,,,
MCOU,SC,00002318280,TRULICITY ,2023,4,false,1240.000,623,547442.52
FFSU,SC,00002318280,TRULICITY ,2023,4,false,185.000,95,83689.24
FFSU,SC,00002143380,TRULICITY ,2023,3,false,497.000,257,225745.27
MCOU,SC,00002143380,TRULICITY ,2023,3,false,2530.000,1279,1130826.12
FFSU,SC,00002143480,TRULICITY ,2023,3,false,449.500,234,205607.50
MCOU,SC,00002143480,TRULICITY ,2023,3,false,3085.000,1563,1381148.58
MCOU,SC,00002223601,TRULICITY ,2023,3,true,,,
MCOU,SC,00002223680,TRULICITY ,2023,3,false,1806.000,907,803033.54
FFSU,SC,00002223680,TRULICITY ,2023,3,false,295.000,150,135583.22
MCOU,SC,00002318201,TRULICITY ,2023,3,true,,,
MCOU,SC,00002318280,TRULICITY ,2023,3,false,1110.000,557,492245.70
FFSU,SC,00002318280,TRULICITY ,2023,3,false,161.000,79,73236.45
MCOU,SC,00002143301,TRULICITY ,2023,2,true,,,
FFSU,SC,00002143380,TRULICITY ,2023,2,false,391.000,202,177019.02
MCOU,SC,00002143380,TRULICITY ,2023,2,false,2673.500,1369,1211249.90
MCOU,SC,00002143401,TRULICITY ,2023,2,true,,,
MCOU,SC,00002143480,TRULICITY ,2023,2,false,3225.000,1660,1466598.33
FFSU,SC,00002143480,TRULICITY ,2023,2,false,430.000,228,194544.84
MCOU,SC,00002223601,TRULICITY ,2023,2,true,,,
MCOU,SC,00002223680,TRULICITY ,2023,2,false,1670.000,855,755222.25
FFSU,SC,00002223680,TRULICITY ,2023,2,false,266.000,135,121832.23
MCOU,SC,00002318201,TRULICITY ,2023,2,true,,,
MCOU,SC,00002318280,TRULICITY ,2023,2,false,882.000,459,409050.60
FFSU,SC,00002318280,TRULICITY ,2023,2,false,143.500,74,64958.54
FFSU,SC,00002143301,TRULICITY ,2023,1,true,,,
MCOU,SC,00002143301,TRULICITY ,2023,1,true,,,
FFSU,SC,00002143380,TRULICITY ,2023,1,false,323.500,162,144251.03
MCOU,SC,00002143380,TRULICITY ,2023,1,false,2390.500,1194,1057892.31
MCOU,SC,00002143401,TRULICITY ,2023,1,true,,,
MCOU,SC,00002143480,TRULICITY ,2023,1,false,3353.000,1657,1481021.19
FFSU,SC,00002143480,TRULICITY ,2023,1,false,405.000,209,182587.71
FFSU,SC,00002223680,TRULICITY ,2023,1,false,170.500,89,77237.15
MCOU,SC,00002223680,TRULICITY ,2023,1,false,1040.000,520,460018.79
MCOU,SC,00002318201,TRULICITY ,2023,1,true,,,
MCOU,SC,00002318280,TRULICITY ,2023,1,false,599.500,301,267525.38
FFSU,SC,00002318280,TRULICITY ,2023,1,false,72.000,36,32072.49
FFSU,SD,00002143380,TRULICITY ,2023,4,false,106.000,53,48065.70
FFSU,SD,00002143480,TRULICITY ,2023,4,false,160.000,80,72551.20
FFSU,SD,00002223680,TRULICITY ,2023,4,false,96.000,46,43485.62
FFSU,SD,00002318280,TRULICITY ,2023,4,false,50.000,25,22667.75
FFSU,SD,00002143380,TRULICITY ,2023,3,false,90.000,45,40810.50
FFSU,SD,00002143480,TRULICITY ,2023,3,false,149.000,75,67568.58
FFSU,SD,00002223680,TRULICITY ,2023,3,false,84.000,42,38068.38
FFSU,SD,00002318280,TRULICITY ,2023,3,false,78.000,39,35361.69
FFSU,SD,00002143380,TRULICITY ,2023,2,false,92.000,46,41604.24
FFSU,SD,00002143480,TRULICITY ,2023,2,false,180.000,90,81398.34
FFSU,SD,00002223680,TRULICITY ,2023,2,false,94.000,47,42543.93
FFSU,SD,00002318280,TRULICITY ,2023,2,false,78.000,39,35315.11
FFSU,SD,00002143380,TRULICITY ,2023,1,false,148.000,73,66364.73
FFSU,SD,00002143480,TRULICITY ,2023,1,false,210.000,100,94182.78
FFSU,SD,00002223680,TRULICITY ,2023,1,false,88.000,44,39700.56
FFSU,SD,00002318280,TRULICITY ,2023,1,false,72.000,36,32421.84
FFSU,TN,00002143380,TRULICITY ,2023,4,false,823.000,412,371862.25
FFSU,TN,00002143480,TRULICITY ,2023,4,false,1228.000,614,555360.86
FFSU,TN,00002223680,TRULICITY ,2023,4,false,1039.000,520,469519.53
FFSU,TN,00002318201,TRULICITY ,2023,4,true,,,
FFSU,TN,00002318280,TRULICITY ,2023,4,false,694.000,347,313761.66
FFSU,TN,00002143380,TRULICITY ,2023,3,false,1138.000,569,514894.47
FFSU,TN,00002143480,TRULICITY ,2023,3,false,1618.500,810,731950.00
FFSU,TN,00002223680,TRULICITY ,2023,3,false,1194.000,602,540355.95
FFSU,TN,00002318201,TRULICITY ,2023,3,true,,,
FFSU,TN,00002318280,TRULICITY ,2023,3,false,751.500,376,340212.78
FFSU,TN,00002143380,TRULICITY ,2023,2,false,1494.000,747,674652.46
FFSU,TN,00002143480,TRULICITY ,2023,2,false,2103.000,1053,949620.85
FFSU,TN,00002223680,TRULICITY ,2023,2,false,1165.500,591,526736.57
FFSU,TN,00002318280,TRULICITY ,2023,2,false,675.500,338,305394.55
FFSU,TN,00002143380,TRULICITY ,2023,1,false,1732.000,868,773986.67
FFSU,TN,00002143401,TRULICITY ,2023,1,true,,,
FFSU,TN,00002143480,TRULICITY ,2023,1,false,2497.500,1252,1115685.66
FFSU,TN,00002223680,TRULICITY ,2023,1,false,764.000,388,341459.49
FFSU,TN,00002318280,TRULICITY ,2023,1,false,498.000,249,223674.53
FFSU,TX,00002143380,TRULICITY ,2023,4,false,31.000,16,14168.55
MCOU,TX,00002143380,TRULICITY ,2023,4,false,6235.000,2779,2779433.53
FFSU,TX,00002143480,TRULICITY ,2023,4,false,23.500,17,10841.97
MCOU,TX,00002143480,TRULICITY ,2023,4,false,7216.500,3104,3213545.14
MCOU,TX,00002223601,TRULICITY ,2023,4,true,,,
MCOU,TX,00002223680,TRULICITY ,2023,4,false,5427.000,2304,2414345.36
FFSU,TX,00002223680,TRULICITY ,2023,4,true,,,
MCOU,TX,00002318201,TRULICITY ,2023,4,false,24.000,12,10690.96
MCOU,TX,00002318280,TRULICITY ,2023,4,false,3794.000,1601,1685853.12
MCOU,TX,00002143380,TRULICITY ,2023,3,false,8018.000,3576,3572901.64
FFSU,TX,00002143380,TRULICITY ,2023,3,false,32.000,16,14645.34
FFSU,TX,00002143480,TRULICITY ,2023,3,true,,,
MCOU,TX,00002143480,TRULICITY ,2023,3,false,10791.500,4578,4801409.36
MCOU,TX,00002223601,TRULICITY ,2023,3,true,,,
MCOU,TX,00002223680,TRULICITY ,2023,3,false,6717.500,2885,2990217.94
FFSU,TX,00002223680,TRULICITY ,2023,3,true,,,
MCOU,TX,00002318201,TRULICITY ,2023,3,true,,,
FFSU,TX,00002318280,TRULICITY ,2023,3,true,,,
MCOU,TX,00002318280,TRULICITY ,2023,3,false,3883.500,1609,1725417.55
MCOU,TX,00002143380,TRULICITY ,2023,2,false,10161.500,4548,4525386.46
FFSU,TX,00002143380,TRULICITY ,2023,2,true,,,
FFSU,TX,00002143480,TRULICITY ,2023,2,false,26.000,13,11812.89
MCOU,TX,00002143480,TRULICITY ,2023,2,false,12937.000,5564,5758354.06
MCOU,TX,00002223601,TRULICITY ,2023,2,true,,,
MCOU,TX,00002223680,TRULICITY ,2023,2,false,6976.500,2993,3103780.28
FFSU,TX,00002223680,TRULICITY ,2023,2,true,,,
MCOU,TX,00002318201,TRULICITY ,2023,2,true,,,
MCOU,TX,00002318280,TRULICITY ,2023,2,false,3429.000,1457,1523585.66
FFSU,TX,00002318280,TRULICITY ,2023,2,true,,,
MCOU,TX,00002143380,TRULICITY ,2023,1,false,11698.000,5220,5216587.57
FFSU,TX,00002143380,TRULICITY ,2023,1,false,20.500,11,9295.59
FFSU,TX,00002143480,TRULICITY ,2023,1,true,,,
MCOU,TX,00002143480,TRULICITY ,2023,1,false,14175.500,6060,6321882.54
MCOU,TX,00002223601,TRULICITY ,2023,1,true,,,
FFSU,TX,00002223680,TRULICITY ,2023,1,true,,,
MCOU,TX,00002223680,TRULICITY ,2023,1,false,5143.000,2202,2290178.37
MCOU,TX,00002318201,TRULICITY ,2023,1,true,,,
FFSU,TX,00002318280,TRULICITY ,2023,1,true,,,
MCOU,TX,00002318280,TRULICITY ,2023,1,false,2170.500,948,965637.08
MCOU,UT,00002143380,TRULICITY ,2023,4,false,626.500,308,297079.42
FFSU,UT,00002143380,TRULICITY ,2023,4,false,552.000,282,249183.95
FFSU,UT,00002143401,TRULICITY ,2023,4,true,,,
MCOU,UT,00002143480,TRULICITY ,2023,4,false,814.000,397,403449.93
FFSU,UT,00002143480,TRULICITY ,2023,4,false,662.000,338,298288.04
FFSU,UT,00002223601,TRULICITY ,2023,4,true,,,
MCOU,UT,00002223680,TRULICITY ,2023,4,false,600.000,296,277134.81
FFSU,UT,00002223680,TRULICITY ,2023,4,false,360.500,182,162706.05
MCOU,UT,00002318280,TRULICITY ,2023,4,false,636.000,314,292821.32
FFSU,UT,00002318280,TRULICITY ,2023,4,false,280.000,140,126553.05
FFSU,UT,00002143301,TRULICITY ,2023,3,true,,,
MCOU,UT,00002143301,TRULICITY ,2023,3,true,,,
FFSU,UT,00002143380,TRULICITY ,2023,3,false,564.500,287,252621.33
MCOU,UT,00002143380,TRULICITY ,2023,3,false,754.500,374,373839.51
FFSU,UT,00002143480,TRULICITY ,2023,3,false,794.000,390,358764.40
MCOU,UT,00002143480,TRULICITY ,2023,3,false,1062.000,519,500797.14
FFSU,UT,00002223680,TRULICITY ,2023,3,false,449.500,225,202646.14
MCOU,UT,00002223680,TRULICITY ,2023,3,false,796.000,390,379434.23
MCOU,UT,00002318280,TRULICITY ,2023,3,false,584.000,289,273666.90
FFSU,UT,00002318280,TRULICITY ,2023,3,false,268.000,134,121146.08
MCOU,UT,00002143301,TRULICITY ,2023,2,true,,,
FFSU,UT,00002143380,TRULICITY ,2023,2,false,610.000,306,274111.70
MCOU,UT,00002143380,TRULICITY ,2023,2,false,1176.000,577,568734.44
MCOU,UT,00002143480,TRULICITY ,2023,2,false,1866.000,919,897476.52
FFSU,UT,00002143480,TRULICITY ,2023,2,false,974.500,476,439116.95
FFSU,UT,00002223680,TRULICITY ,2023,2,false,441.000,217,198705.76
MCOU,UT,00002223680,TRULICITY ,2023,2,false,1220.000,604,571847.00
FFSU,UT,00002318280,TRULICITY ,2023,2,false,272.000,135,122809.08
MCOU,UT,00002318280,TRULICITY ,2023,2,false,780.000,390,358227.15
MCOU,UT,00002143301,TRULICITY ,2023,1,true,,,
FFSU,UT,00002143380,TRULICITY ,2023,1,false,334.000,168,147973.71
MCOU,UT,00002143380,TRULICITY ,2023,1,false,1169.500,581,550291.76
FFSU,UT,00002143480,TRULICITY ,2023,1,false,553.000,263,245916.47
MCOU,UT,00002143480,TRULICITY ,2023,1,false,1900.000,912,879171.18
MCOU,UT,00002223601,TRULICITY ,2023,1,true,,,
FFSU,UT,00002223601,TRULICITY ,2023,1,true,,,
FFSU,UT,00002223680,TRULICITY ,2023,1,false,152.000,76,67687.11
MCOU,UT,00002223680,TRULICITY ,2023,1,false,900.000,445,451378.74
FFSU,UT,00002318280,TRULICITY ,2023,1,false,94.000,47,42139.53
MCOU,UT,00002318280,TRULICITY ,2023,1,false,606.000,303,292035.02
MCOU,VA,00002143301,TRULICITY ,2023,4,false,52.500,27,23401.99
FFSU,VA,00002143380,TRULICITY ,2023,4,false,129.000,75,58485.56
MCOU,VA,00002143380,TRULICITY ,2023,4,false,18434.000,8708,8263430.47
MCOU,VA,00002143401,TRULICITY ,2023,4,false,26.500,14,11747.76
FFSU,VA,00002143480,TRULICITY ,2023,4,false,66.000,38,29941.35
MCOU,VA,00002143480,TRULICITY ,2023,4,false,18764.500,8561,8397118.76
MCOU,VA,00002223601,TRULICITY ,2023,4,true,,,
MCOU,VA,00002223680,TRULICITY ,2023,4,false,12480.500,5592,5573278.74
FFSU,VA,00002223680,TRULICITY ,2023,4,false,73.000,53,33134.81
MCOU,VA,00002318201,TRULICITY ,2023,4,true,,,
MCOU,VA,00002318280,TRULICITY ,2023,4,false,7598.000,3423,3387360.07
FFSU,VA,00002318280,TRULICITY ,2023,4,false,54.500,37,24697.26
MCOU,VA,00002143301,TRULICITY ,2023,3,false,46.000,23,19936.07
MCOU,VA,00002143380,TRULICITY ,2023,3,false,18757.500,8747,8336269.80
FFSU,VA,00002143380,TRULICITY ,2023,3,false,117.000,80,53039.90
MCOU,VA,00002143401,TRULICITY ,2023,3,false,33.000,15,15425.43
MCOU,VA,00002143480,TRULICITY ,2023,3,false,21844.000,9961,9709361.88
FFSU,VA,00002143480,TRULICITY ,2023,3,false,88.000,57,39946.47
MCOU,VA,00002223601,TRULICITY ,2023,3,false,22.500,12,10043.81
MCOU,VA,00002223680,TRULICITY ,2023,3,false,12228.000,5490,5411480.70
FFSU,VA,00002223680,TRULICITY ,2023,3,false,46.500,27,21083.88
MCOU,VA,00002318201,TRULICITY ,2023,3,true,,,
MCOU,VA,00002318280,TRULICITY ,2023,3,false,6423.500,2859,2836944.32
FFSU,VA,00002318280,TRULICITY ,2023,3,false,33.500,25,15201.01
MCOU,VA,00002143301,TRULICITY ,2023,2,false,34.000,17,15056.29
FFSU,VA,00002143380,TRULICITY ,2023,2,false,81.500,59,36883.92
MCOU,VA,00002143380,TRULICITY ,2023,2,false,22688.000,10649,10030604.46
MCOU,VA,00002143401,TRULICITY ,2023,2,false,51.500,33,23044.72
FFSU,VA,00002143480,TRULICITY ,2023,2,false,38.000,19,17184.93
MCOU,VA,00002143480,TRULICITY ,2023,2,false,24479.500,11055,10815432.36
MCOU,VA,00002223601,TRULICITY ,2023,2,false,22.000,11,9752.01
FFSU,VA,00002223680,TRULICITY ,2023,2,true,,,
MCOU,VA,00002223680,TRULICITY ,2023,2,false,11884.000,5389,5235685.77
MCOU,VA,00002318201,TRULICITY ,2023,2,true,,,
FFSU,VA,00002318280,TRULICITY ,2023,2,false,9.000,12,4101.13
MCOU,VA,00002318280,TRULICITY ,2023,2,false,5485.500,2472,2413355.66
MCOU,VA,00002143301,TRULICITY ,2023,1,false,47.500,24,21030.15
MCOU,VA,00002143380,TRULICITY ,2023,1,false,21130.000,9835,9344104.80
FFSU,VA,00002143380,TRULICITY ,2023,1,false,50.000,37,22421.94
MCOU,VA,00002143401,TRULICITY ,2023,1,false,46.500,22,21058.54
MCOU,VA,00002143480,TRULICITY ,2023,1,false,24015.000,10801,10685346.77
FFSU,VA,00002143480,TRULICITY ,2023,1,false,30.000,16,13471.33
MCOU,VA,00002223601,TRULICITY ,2023,1,true,,,
MCOU,VA,00002223680,TRULICITY ,2023,1,false,7630.500,3407,3361970.80
FFSU,VA,00002223680,TRULICITY ,2023,1,true,,,
MCOU,VA,00002318201,TRULICITY ,2023,1,true,,,
MCOU,VA,00002318280,TRULICITY ,2023,1,false,3306.000,1503,1459220.24
FFSU,VA,00002318280,TRULICITY ,2023,1,false,16.500,16,7403.35
FFSU,VT,00002143380,TRULICITY ,2023,4,false,908.000,359,406917.24
FFSU,VT,00002143480,TRULICITY ,2023,4,false,1292.000,480,575062.59
FFSU,VT,00002223680,TRULICITY ,2023,4,false,1142.000,411,512390.14
FFSU,VT,00002318280,TRULICITY ,2023,4,false,924.000,312,417069.55
FFSU,VT,00002143380,TRULICITY ,2023,3,false,936.000,377,418658.79
FFSU,VT,00002143480,TRULICITY ,2023,3,false,1634.000,586,724787.08
FFSU,VT,00002223680,TRULICITY ,2023,3,false,1286.000,460,571218.38
FFSU,VT,00002318280,TRULICITY ,2023,3,false,906.000,311,407165.53
FFSU,VT,00002143380,TRULICITY ,2023,2,false,1290.000,506,570803.96
FFSU,VT,00002143480,TRULICITY ,2023,2,false,2064.500,748,903951.38
FFSU,VT,00002223680,TRULICITY ,2023,2,false,1368.000,509,608588.62
FFSU,VT,00002318280,TRULICITY ,2023,2,false,802.000,286,358814.47
FFSU,VT,00002143380,TRULICITY ,2023,1,false,1614.000,652,705188.29
FFSU,VT,00002143480,TRULICITY ,2023,1,false,2571.000,928,1130634.43
FFSU,VT,00002223680,TRULICITY ,2023,1,false,1064.500,391,470444.20
FFSU,VT,00002318280,TRULICITY ,2023,1,false,636.000,233,280775.30
FFSU,WA,00002143380,TRULICITY ,2023,4,true,,,
MCOU,WA,00002143380,TRULICITY ,2023,4,false,610.000,289,257464.54
FFSU,WA,00002143480,TRULICITY ,2023,4,true,,,
MCOU,WA,00002143480,TRULICITY ,2023,4,false,933.000,415,405495.95
FFSU,WA,00002223680,TRULICITY ,2023,4,false,32.000,14,14465.08
MCOU,WA,00002223680,TRULICITY ,2023,4,false,827.500,397,361587.05
FFSU,WA,00002318280,TRULICITY ,2023,4,true,,,
MCOU,WA,00002318280,TRULICITY ,2023,4,false,558.000,256,242267.11
MCOU,WA,00002143301,TRULICITY ,2023,3,true,,,
FFSU,WA,00002143380,TRULICITY ,2023,3,true,,,
MCOU,WA,00002143380,TRULICITY ,2023,3,false,732.000,347,310739.82
FFSU,WA,00002143480,TRULICITY ,2023,3,false,28.000,14,12674.84
MCOU,WA,00002143480,TRULICITY ,2023,3,false,1134.000,489,491025.41
FFSU,WA,00002223680,TRULICITY ,2023,3,true,,,
MCOU,WA,00002223680,TRULICITY ,2023,3,false,882.000,411,380192.24
FFSU,WA,00002318280,TRULICITY ,2023,3,true,,,
MCOU,WA,00002318280,TRULICITY ,2023,3,false,530.000,250,231101.17
MCOU,WA,00002143380,TRULICITY ,2023,2,false,867.500,415,360523.85
FFSU,WA,00002143380,TRULICITY ,2023,2,true,,,
FFSU,WA,00002143480,TRULICITY ,2023,2,false,34.000,17,14421.48
MCOU,WA,00002143480,TRULICITY ,2023,2,false,1348.000,588,578951.02
FFSU,WA,00002223680,TRULICITY ,2023,2,true,,,
MCOU,WA,00002223680,TRULICITY ,2023,2,false,879.500,405,369096.03
FFSU,WA,00002318280,TRULICITY ,2023,2,true,,,
MCOU,WA,00002318280,TRULICITY ,2023,2,false,526.000,247,227087.05
MCOU,WA,00002143380,TRULICITY ,2023,1,false,970.500,448,401916.86
FFSU,WA,00002143380,TRULICITY ,2023,1,false,34.000,17,14292.40
FFSU,WA,00002143480,TRULICITY ,2023,1,false,24.000,12,10691.62
MCOU,WA,00002143480,TRULICITY ,2023,1,false,1548.500,658,657064.88
MCOU,WA,00002223601,TRULICITY ,2023,1,true,,,
FFSU,WA,00002223680,TRULICITY ,2023,1,true,,,
MCOU,WA,00002223680,TRULICITY ,2023,1,false,698.000,318,298443.63
FFSU,WA,00002318280,TRULICITY ,2023,1,true,,,
MCOU,WA,00002318280,TRULICITY ,2023,1,false,338.000,159,146440.30
FFSU,WI,00002143301,TRULICITY ,2023,4,true,,,
FFSU,WI,00002143380,TRULICITY ,2023,4,false,13097.500,6543,6039288.96
FFSU,WI,00002143480,TRULICITY ,2023,4,false,14935.000,7450,6899334.95
FFSU,WI,00002223601,TRULICITY ,2023,4,true,,,
FFSU,WI,00002223680,TRULICITY ,2023,4,false,11902.500,5916,5473375.70
FFSU,WI,00002318201,TRULICITY ,2023,4,true,,,
FFSU,WI,00002318280,TRULICITY ,2023,4,false,11781.000,5869,5411505.43
FFSU,WI,00002143301,TRULICITY ,2023,3,true,,,
FFSU,WI,00002143380,TRULICITY ,2023,3,false,14109.000,7063,6498707.86
FFSU,WI,00002143480,TRULICITY ,2023,3,false,17386.500,8661,8017971.28
FFSU,WI,00002223601,TRULICITY ,2023,3,true,,,
FFSU,WI,00002223680,TRULICITY ,2023,3,false,13102.000,6512,6035345.24
FFSU,WI,00002318280,TRULICITY ,2023,3,false,10535.000,5250,4836497.63
FFSU,WI,00002143301,TRULICITY ,2023,2,true,,,
FFSU,WI,00002143380,TRULICITY ,2023,2,false,16364.000,8192,7488057.46
FFSU,WI,00002143480,TRULICITY ,2023,2,false,20444.000,10130,9378954.88
FFSU,WI,00002223601,TRULICITY ,2023,2,true,,,
FFSU,WI,00002223680,TRULICITY ,2023,2,false,13271.000,6592,6080089.43
FFSU,WI,00002318280,TRULICITY ,2023,2,false,9467.500,4716,4363307.23
FFSU,WI,00002143301,TRULICITY ,2023,1,true,,,
FFSU,WI,00002143380,TRULICITY ,2023,1,false,15589.500,7654,6993470.43
FFSU,WI,00002143480,TRULICITY ,2023,1,false,21328.000,10290,9755112.04
FFSU,WI,00002223601,TRULICITY ,2023,1,true,,,
FFSU,WI,00002223680,TRULICITY ,2023,1,false,9339.500,4650,4250052.81
FFSU,WI,00002318280,TRULICITY ,2023,1,false,5743.500,2863,2641903.82
FFSU,WV,00002143380,TRULICITY ,2023,4,false,3048.500,1489,1377021.36
FFSU,WV,00002143401,TRULICITY ,2023,4,true,,,
FFSU,WV,00002143480,TRULICITY ,2023,4,false,3126.500,1496,1406489.14
FFSU,WV,00002223601,TRULICITY ,2023,4,false,26.000,13,11646.65
FFSU,WV,00002223680,TRULICITY ,2023,4,false,2344.000,1177,1058816.63
FFSU,WV,00002318280,TRULICITY ,2023,4,false,1474.000,751,666266.63
FFSU,WV,00002143380,TRULICITY ,2023,3,false,3826.500,1713,1724078.58
FFSU,WV,00002143401,TRULICITY ,2023,3,true,,,
FFSU,WV,00002143480,TRULICITY ,2023,3,false,4223.500,1788,1899954.09
FFSU,WV,00002223601,TRULICITY ,2023,3,false,32.000,16,14340.80
FFSU,WV,00002223680,TRULICITY ,2023,3,false,2332.000,1167,1051468.06
FFSU,WV,00002318280,TRULICITY ,2023,3,false,1333.000,669,601899.92
FFSU,WV,00002143301,TRULICITY ,2023,2,true,,,
FFSU,WV,00002143380,TRULICITY ,2023,2,false,3999.500,1804,1800469.06
FFSU,WV,00002143401,TRULICITY ,2023,2,true,,,
FFSU,WV,00002143480,TRULICITY ,2023,2,false,3955.500,1700,1780369.87
FFSU,WV,00002223601,TRULICITY ,2023,2,true,,,
FFSU,WV,00002223680,TRULICITY ,2023,2,false,1764.000,888,795693.04
FFSU,WV,00002318201,TRULICITY ,2023,2,true,,,
FFSU,WV,00002318280,TRULICITY ,2023,2,false,876.000,442,395500.92
FFSU,WV,00002143301,TRULICITY ,2023,1,true,,,
FFSU,WV,00002143380,TRULICITY ,2023,1,false,5547.500,2522,2447796.15
FFSU,WV,00002143401,TRULICITY ,2023,1,true,,,
FFSU,WV,00002143480,TRULICITY ,2023,1,false,5124.500,2154,2259048.54
FFSU,WV,00002223601,TRULICITY ,2023,1,true,,,
FFSU,WV,00002223680,TRULICITY ,2023,1,false,1536.500,761,679540.69
FFSU,WV,00002318201,TRULICITY ,2023,1,true,,,
FFSU,WV,00002318280,TRULICITY ,2023,1,false,842.500,420,372989.70
FFSU,WY,00002143380,TRULICITY ,2023,4,false,24.000,11,10560.88
FFSU,WY,00002143480,TRULICITY ,2023,4,false,28.000,14,12654.06
FFSU,WY,00002223680,TRULICITY ,2023,4,false,40.000,20,18056.80
FFSU,WY,00002318280,TRULICITY ,2023,4,false,26.000,13,11759.33
FFSU,WY,00002143380,TRULICITY ,2023,3,true,,,
FFSU,WY,00002143480,TRULICITY ,2023,3,false,52.000,24,22360.66
FFSU,WY,00002223680,TRULICITY ,2023,3,false,46.000,23,17245.61
FFSU,WY,00002318280,TRULICITY ,2023,3,false,30.000,15,13558.35
FFSU,WY,00002143380,TRULICITY ,2023,2,false,24.000,12,9184.32
FFSU,WY,00002143480,TRULICITY ,2023,2,false,84.000,38,32887.43
FFSU,WY,00002223680,TRULICITY ,2023,2,false,32.000,16,13559.15
FFSU,WY,00002318280,TRULICITY ,2023,2,false,22.000,11,9926.99
FFSU,WY,00002143380,TRULICITY ,2023,1,false,44.000,22,16845.22
FFSU,WY,00002143480,TRULICITY ,2023,1,false,82.000,37,32103.99
FFSU,WY,00002223680,TRULICITY ,2023,1,false,22.000,11,8155.81
FFSU,WY,00002318280,TRULICITY ,2023,1,false,24.000,12,10704.63
FFSU,AK,00169406012,VICTOZA 2-,2023,4,false,504.000,79,58875.93
FFSU,AK,00169406013,VICTOZA 3-,2023,4,false,1326.000,149,155562.43
FFSU,AK,00169406012,VICTOZA 2-,2023,3,false,537.000,86,62799.65
FFSU,AK,00169406013,VICTOZA 3-,2023,3,false,1365.000,152,160910.33
FFSU,AK,00169406012,VICTOZA 2-,2023,2,false,594.000,81,69824.40
FFSU,AK,00169406013,VICTOZA 3-,2023,2,false,1725.000,176,199702.30
FFSU,AK,00169406012,VICTOZA 2-,2023,1,false,915.000,123,105010.54
FFSU,AK,00169406013,VICTOZA 3-,2023,1,false,2130.000,215,242815.32
FFSU,AL,00169406012,VICTOZA 6M,2023,4,false,2724.000,464,341583.93
FFSU,AL,00169406013,VICTOZA 6M,2023,4,false,5355.000,614,663439.86
FFSU,AL,00169406012,VICTOZA 6M,2023,3,false,3261.000,549,403213.64
FFSU,AL,00169406013,VICTOZA 6M,2023,3,false,6486.000,737,805991.85
FFSU,AL,00169406012,VICTOZA 6M,2023,2,false,4560.000,776,560061.95
FFSU,AL,00169406013,VICTOZA 6M,2023,2,false,8190.000,928,1002312.04
FFSU,AL,00169406012,VICTOZA 6M,2023,1,false,4818.000,808,588398.52
FFSU,AL,00169406013,VICTOZA 6M,2023,1,false,8115.000,923,977947.60
MCOU,AR,00169406012,VICTOZA 2-,2023,4,false,1404.000,234,172599.44
FFSU,AR,00169406012,VICTOZA 2-,2023,4,false,9417.000,1568,1142891.36
FFSU,AR,00169406013,VICTOZA 3-,2023,4,false,15309.000,1734,1848612.46
MCOU,AR,00169406013,VICTOZA 3-,2023,4,false,2253.000,255,276290.63
MCOU,AR,00169406012,VICTOZA 2-,2023,3,false,1251.000,208,153428.21
FFSU,AR,00169406012,VICTOZA 2-,2023,3,false,10253.000,1705,1244120.61
MCOU,AR,00169406013,VICTOZA 3-,2023,3,false,2334.000,263,286208.19
FFSU,AR,00169406013,VICTOZA 3-,2023,3,false,15470.000,1772,1868373.46
MCOU,AR,00169406012,VICTOZA 2-,2023,2,false,1131.000,189,138409.41
FFSU,AR,00169406012,VICTOZA 2-,2023,2,false,9789.000,1643,1183339.92
FFSU,AR,00169406013,VICTOZA 3-,2023,2,false,15762.000,1804,1894896.23
MCOU,AR,00169406013,VICTOZA 3-,2023,2,false,2466.000,276,300721.10
MCOU,AR,00169406012,VICTOZA 2-,2023,1,false,1067.000,178,129500.29
FFSU,AR,00169406012,VICTOZA 2-,2023,1,false,7683.000,1279,920729.56
FFSU,AR,00169406013,VICTOZA 3-,2023,1,false,13380.000,1534,1592422.58
MCOU,AR,00169406013,VICTOZA 3-,2023,1,false,2103.000,234,253934.16
MCOU,AZ,00169406012,VICTOZA 2-,2023,4,false,7182.000,1108,856206.56
FFSU,AZ,00169406012,VICTOZA 2-,2023,4,false,666.000,81,56382.32
MCOU,AZ,00169406013,VICTOZA 3-,2023,4,false,15801.000,1597,1876393.63
FFSU,AZ,00169406013,VICTOZA 3-,2023,4,false,816.000,93,80977.10
MCOU,AZ,00169406012,VICTOZA 2-,2023,3,false,8466.000,1253,1008469.30
FFSU,AZ,00169406012,VICTOZA 2-,2023,3,false,120.000,19,14560.88
MCOU,AZ,00169406013,VICTOZA 3-,2023,3,false,16293.000,1648,1934199.05
FFSU,AZ,00169406013,VICTOZA 3-,2023,3,false,276.000,30,25184.47
MCOU,AZ,00169406012,VICTOZA 2-,2023,2,false,8955.000,1370,1066903.45
FFSU,AZ,00169406012,VICTOZA 2-,2023,2,false,198.000,33,24037.87
FFSU,AZ,00169406013,VICTOZA 3-,2023,2,false,861.000,95,76820.83
MCOU,AZ,00169406013,VICTOZA 3-,2023,2,false,20346.000,2068,2413357.15
MCOU,AZ,00169406012,VICTOZA 2-,2023,1,false,9948.000,1523,1181475.83
FFSU,AZ,00169406012,VICTOZA 2-,2023,1,false,165.000,25,18203.64
FFSU,AZ,00169406013,VICTOZA 3-,2023,1,false,777.000,85,67477.60
MCOU,AZ,00169406013,VICTOZA 3-,2023,1,false,21447.000,2204,2537900.49
FFSU,CA,00169406012,VICTOZA 6M,2023,4,false,35743.000,4418,4273274.29
MCOU,CA,00169406012,VICTOZA 6M,2023,4,true,,,
FFSU,CA,00169406013,VICTOZA 6M,2023,4,false,39147.000,3411,4676784.78
MCOU,CA,00169406013,VICTOZA 6M,2023,4,false,348.000,56,43309.89
MCOU,CA,00169406012,VICTOZA 6M,2023,3,true,,,
FFSU,CA,00169406012,VICTOZA 6M,2023,3,false,45183.000,5496,5375967.70
FFSU,CA,00169406013,VICTOZA 6M,2023,3,false,56922.000,4798,6786403.02
MCOU,CA,00169406013,VICTOZA 6M,2023,3,false,324.000,48,50567.44
MCOU,CA,00169406012,VICTOZA 6M,2023,2,true,,,
FFSU,CA,00169406012,VICTOZA 6M,2023,2,false,34350.000,4170,4071593.79
MCOU,CA,00169406013,VICTOZA 6M,2023,2,false,316.000,40,45527.96
FFSU,CA,00169406013,VICTOZA 6M,2023,2,false,47679.000,3997,5660020.30
MCOU,CA,00169406012,VICTOZA 6M,2023,1,true,,,
FFSU,CA,00169406012,VICTOZA 6M,2023,1,false,39507.000,4981,4648741.65
FFSU,CA,00169406013,VICTOZA 6M,2023,1,false,59275.000,5038,6952281.55
MCOU,CA,00169406013,VICTOZA 6M,2023,1,false,384.000,52,48624.28
FFSU,CO,00169406012,VICTOZA 2-,2023,4,false,6834.000,785,824598.84
MCOU,CO,00169406012,VICTOZA 2-,2023,4,false,546.000,76,55047.41
FFSU,CO,00169406013,VICTOZA 3-,2023,4,false,10149.000,790,1212958.22
MCOU,CO,00169406013,VICTOZA 3-,2023,4,false,246.000,22,29582.84
FFSU,CO,00169406012,VICTOZA 2-,2023,3,false,7560.000,830,912217.58
MCOU,CO,00169406012,VICTOZA 2-,2023,3,false,483.000,74,58575.79
MCOU,CO,00169406013,VICTOZA 3-,2023,3,false,378.000,43,45670.97
FFSU,CO,00169406013,VICTOZA 3-,2023,3,false,10395.000,822,1250834.01
MCOU,CO,00169406012,VICTOZA 2-,2023,2,false,648.000,111,78244.94
FFSU,CO,00169406012,VICTOZA 2-,2023,2,false,7023.000,781,839349.82
FFSU,CO,00169406013,VICTOZA 3-,2023,2,false,12351.000,970,1479104.43
MCOU,CO,00169406013,VICTOZA 3-,2023,2,false,750.000,81,90096.06
FFSU,CO,00169406012,VICTOZA 2-,2023,1,false,6542.000,739,773963.86
MCOU,CO,00169406012,VICTOZA 2-,2023,1,false,507.000,83,60829.10
MCOU,CO,00169406013,VICTOZA 3-,2023,1,false,594.000,66,71103.58
FFSU,CO,00169406013,VICTOZA 3-,2023,1,false,12441.000,983,1475105.69
FFSU,CT,00169406012,VICTOZA 6M,2023,4,false,3261.000,422,394682.79
FFSU,CT,00169406013,VICTOZA 6M,2023,4,false,5721.000,470,689533.51
FFSU,CT,00169406012,VICTOZA 6M,2023,3,false,3843.000,509,465174.40
FFSU,CT,00169406013,VICTOZA 6M,2023,3,false,7332.000,600,883480.06
FFSU,CT,00169406012,VICTOZA 6M,2023,2,false,4668.000,611,562757.39
FFSU,CT,00169406013,VICTOZA 6M,2023,2,false,10968.000,880,1315396.21
FFSU,CT,00169406012,VICTOZA 6M,2023,1,false,5397.000,737,644116.96
FFSU,CT,00169406013,VICTOZA 6M,2023,1,false,12459.000,1008,1477928.48
FFSU,DC,00169406012,VICTOZA 2-,2023,4,true,,,
MCOU,DC,00169406012,VICTOZA 2-,2023,4,true,,,
FFSU,DC,00169406013,VICTOZA 3-,2023,4,true,,,
MCOU,DC,00169406013,VICTOZA 3-,2023,4,false,303.000,30,35123.92
FFSU,DC,00169406012,VICTOZA 2-,2023,3,true,,,
MCOU,DC,00169406012,VICTOZA 2-,2023,3,false,75.000,11,8017.12
FFSU,DC,00169406013,VICTOZA 3-,2023,3,true,,,
MCOU,DC,00169406013,VICTOZA 3-,2023,3,false,609.000,48,70225.44
FFSU,DC,00169406012,VICTOZA 2-,2023,2,false,63.000,11,7629.52
MCOU,DC,00169406012,VICTOZA 2-,2023,2,false,183.000,25,20204.74
FFSU,DC,00169406013,VICTOZA 3-,2023,2,false,117.000,13,14077.58
MCOU,DC,00169406013,VICTOZA 3-,2023,2,false,747.000,61,85995.79
MCOU,DC,00169406012,VICTOZA 2-,2023,1,false,216.000,34,24159.07
FFSU,DC,00169406012,VICTOZA 2-,2023,1,false,75.000,13,8981.44
FFSU,DC,00169406013,VICTOZA 3-,2023,1,false,117.000,13,13977.40
MCOU,DC,00169406013,VICTOZA 3-,2023,1,false,864.000,70,102375.90
MCOU,DE,00169406012,VICTOZA 6M,2023,4,false,450.000,72,54210.00
MCOU,DE,00169406013,VICTOZA 6M,2023,4,false,789.000,95,94920.95
MCOU,DE,00169406012,VICTOZA 6M,2023,3,false,486.000,72,58378.78
MCOU,DE,00169406013,VICTOZA 6M,2023,3,false,807.000,95,96999.14
MCOU,DE,00169406012,VICTOZA 6M,2023,2,false,552.000,81,66006.05
MCOU,DE,00169406013,VICTOZA 6M,2023,2,false,1107.000,130,132126.98
MCOU,DE,00169406012,VICTOZA 6M,2023,1,false,858.000,118,101667.61
MCOU,DE,00169406013,VICTOZA 6M,2023,1,false,1362.000,162,161969.90
FFSU,FL,00169406012,VICTOZA 2-,2023,4,false,90.000,13,10901.32
MCOU,FL,00169406012,VICTOZA 2-,2023,4,false,1380.000,237,162956.72
MCOU,FL,00169406013,VICTOZA 3-,2023,4,false,2136.000,240,250984.37
FFSU,FL,00169406013,VICTOZA 3-,2023,4,false,105.000,12,9529.95
FFSU,FL,00169406012,VICTOZA 2-,2023,3,true,,,
MCOU,FL,00169406012,VICTOZA 2-,2023,3,false,1302.000,223,153212.82
MCOU,FL,00169406013,VICTOZA 3-,2023,3,false,2361.000,263,277301.47
FFSU,FL,00169406013,VICTOZA 3-,2023,3,true,,,
MCOU,FL,00169406012,VICTOZA 2-,2023,2,false,1332.000,224,156527.91
FFSU,FL,00169406012,VICTOZA 2-,2023,2,true,,,
FFSU,FL,00169406013,VICTOZA 3-,2023,2,true,,,
MCOU,FL,00169406013,VICTOZA 3-,2023,2,false,2511.000,280,294901.12
MCOU,FL,00169406012,VICTOZA 2-,2023,1,false,1068.000,177,124826.53
FFSU,FL,00169406012,VICTOZA 2-,2023,1,true,,,
FFSU,FL,00169406013,VICTOZA 3-,2023,1,true,,,
MCOU,FL,00169406013,VICTOZA 3-,2023,1,false,2325.000,265,273051.58
MCOU,GA,00169406012,VICTOZA 2-,2023,4,false,660.000,107,79287.93
FFSU,GA,00169406012,VICTOZA 2-,2023,4,false,12096.000,2061,1467440.39
MCOU,GA,00169406013,VICTOZA 3-,2023,4,false,813.000,93,97502.99
FFSU,GA,00169406013,VICTOZA 3-,2023,4,false,17853.000,2051,2156723.59
FFSU,GA,00169406012,VICTOZA 2-,2023,3,false,12210.000,2087,1481786.97
MCOU,GA,00169406012,VICTOZA 2-,2023,3,false,822.000,135,98465.42
FFSU,GA,00169406013,VICTOZA 3-,2023,3,false,19233.000,2210,2323692.73
MCOU,GA,00169406013,VICTOZA 3-,2023,3,false,1221.000,142,145294.54
MCOU,GA,00169406012,VICTOZA 2-,2023,2,false,993.000,162,119116.83
FFSU,GA,00169406012,VICTOZA 2-,2023,2,false,12087.000,2080,1462129.41
FFSU,GA,00169406013,VICTOZA 3-,2023,2,false,20448.000,2334,2460257.51
MCOU,GA,00169406013,VICTOZA 3-,2023,2,false,1917.000,220,228512.12
FFSU,GA,00169406012,VICTOZA 2-,2023,1,false,11913.000,2036,1430692.76
MCOU,GA,00169406012,VICTOZA 2-,2023,1,false,1281.000,212,152195.30
MCOU,GA,00169406013,VICTOZA 3-,2023,1,false,2157.000,245,255782.54
FFSU,GA,00169406013,VICTOZA 3-,2023,1,false,18723.000,2151,2236888.92
MCOU,HI,00169406012,VICTOZA 2-,2023,4,false,723.000,105,67562.75
MCOU,HI,00169406013,VICTOZA 3-,2023,4,false,1545.000,120,121585.63
MCOU,HI,00169406012,VICTOZA 2-,2023,3,false,807.000,116,69677.65
MCOU,HI,00169406013,VICTOZA 3-,2023,3,false,1758.000,119,154756.63
MCOU,HI,00169406012,VICTOZA 2-,2023,2,false,969.000,146,67107.53
MCOU,HI,00169406013,VICTOZA 3-,2023,2,false,2157.000,157,163252.72
MCOU,HI,00169406012,VICTOZA 2-,2023,1,false,750.000,101,70421.77
MCOU,HI,00169406013,VICTOZA 3-,2023,1,false,2109.000,161,154340.79
MCOU,IA,00169406012,VICTOZA 6M,2023,4,false,1692.000,277,202399.45
FFSU,IA,00169406012,VICTOZA 6M,2023,4,true,,,
FFSU,IA,00169406013,VICTOZA 6M,2023,4,true,,,
MCOU,IA,00169406013,VICTOZA 6M,2023,4,false,3330.000,376,398346.45
MCOU,IA,00169406012,VICTOZA 6M,2023,3,false,2094.000,337,250490.11
FFSU,IA,00169406012,VICTOZA 6M,2023,3,true,,,
FFSU,IA,00169406013,VICTOZA 6M,2023,3,true,,,
MCOU,IA,00169406013,VICTOZA 6M,2023,3,false,4638.000,529,554684.77
MCOU,IA,00169406012,VICTOZA 6M,2023,2,false,2304.000,344,275534.52
FFSU,IA,00169406012,VICTOZA 6M,2023,2,true,,,
MCOU,IA,00169406013,VICTOZA 6M,2023,2,false,6357.000,687,760084.04
FFSU,IA,00169406012,VICTOZA 6M,2023,1,true,,,
MCOU,IA,00169406012,VICTOZA 6M,2023,1,false,3081.000,433,375484.64
FFSU,IA,00169406013,VICTOZA 6M,2023,1,true,,,
MCOU,IA,00169406013,VICTOZA 6M,2023,1,false,7959.000,801,946840.96
FFSU,ID,00169406012,VICTOZA 2-,2023,4,false,1241.000,204,149579.80
FFSU,ID,00169406013,VICTOZA 3-,2023,4,false,1749.000,197,210818.93
FFSU,ID,00169406012,VICTOZA 2-,2023,3,false,1230.000,205,148949.37
FFSU,ID,00169406013,VICTOZA 3-,2023,3,false,2379.000,262,285471.23
FFSU,ID,00169406012,VICTOZA 2-,2023,2,false,1593.000,262,191233.05
FFSU,ID,00169406013,VICTOZA 3-,2023,2,false,3048.000,336,363001.66
FFSU,ID,00169406012,VICTOZA 2-,2023,1,false,2037.000,333,242537.36
FFSU,ID,00169406013,VICTOZA 3-,2023,1,false,3912.000,427,465264.82
FFSU,IL,00169406012,VICTOZA 6M,2023,4,false,924.000,124,125570.01
MCOU,IL,00169406012,VICTOZA 6M,2023,4,false,38343.000,5262,4892452.80
MCOU,IL,00169406013,VICTOZA 6M,2023,4,false,55500.000,5580,6939462.83
FFSU,IL,00169406013,VICTOZA 6M,2023,4,false,1476.000,132,193629.58
FFSU,IL,00169406012,VICTOZA 6M,2023,3,false,912.000,112,122166.34
MCOU,IL,00169406012,VICTOZA 6M,2023,3,false,44778.000,6057,5756466.18
FFSU,IL,00169406013,VICTOZA 6M,2023,3,false,1992.000,176,251317.50
MCOU,IL,00169406013,VICTOZA 6M,2023,3,false,63984.000,6429,7961302.67
MCOU,IL,00169406012,VICTOZA 6M,2023,2,false,44379.000,6200,5857002.26
FFSU,IL,00169406012,VICTOZA 6M,2023,2,false,1038.000,138,131817.97
MCOU,IL,00169406013,VICTOZA 6M,2023,2,false,73794.000,7447,9450255.15
FFSU,IL,00169406013,VICTOZA 6M,2023,2,false,2226.000,189,299981.59
MCOU,IL,00169406012,VICTOZA 6M,2023,1,false,45231.000,6272,6079786.03
FFSU,IL,00169406012,VICTOZA 6M,2023,1,false,1365.000,178,177703.84
MCOU,IL,00169406013,VICTOZA 6M,2023,1,false,82053.000,8184,10638429.09
FFSU,IL,00169406013,VICTOZA 6M,2023,1,false,2979.000,270,373430.95
FFSU,IN,00169406012,VICTOZA 6M,2023,4,false,633.000,100,76679.54
MCOU,IN,00169406012,VICTOZA 6M,2023,4,false,2631.000,410,303139.52
MCOU,IN,00169406013,VICTOZA 6M,2023,4,false,7908.000,815,917278.34
FFSU,IN,00169406013,VICTOZA 6M,2023,4,false,1011.000,97,121973.36
MCOU,IN,00169406012,VICTOZA 6M,2023,3,false,2352.000,350,278537.19
FFSU,IN,00169406012,VICTOZA 6M,2023,3,false,603.000,98,73052.82
MCOU,IN,00169406013,VICTOZA 6M,2023,3,false,7614.000,781,883750.40
FFSU,IN,00169406013,VICTOZA 6M,2023,3,false,1392.000,123,167834.87
FFSU,IN,00169406012,VICTOZA 6M,2023,2,false,699.000,112,84317.43
MCOU,IN,00169406012,VICTOZA 6M,2023,2,false,2844.000,451,332069.08
FFSU,IN,00169406013,VICTOZA 6M,2023,2,false,1308.000,121,157006.64
MCOU,IN,00169406013,VICTOZA 6M,2023,2,false,10722.000,1148,1229021.07
FFSU,IN,00169406012,VICTOZA 6M,2023,1,false,693.000,119,82867.59
MCOU,IN,00169406012,VICTOZA 6M,2023,1,false,3069.000,478,358055.45
FFSU,IN,00169406013,VICTOZA 6M,2023,1,false,1590.000,142,189021.36
MCOU,IN,00169406013,VICTOZA 6M,2023,1,false,11982.000,1270,1378273.75
MCOU,KS,00169406012,VICTOZA 6M,2023,4,false,795.000,128,104816.18
MCOU,KS,00169406013,VICTOZA 6M,2023,4,false,2295.000,264,303686.61
MCOU,KS,00169406012,VICTOZA 6M,2023,3,false,1209.000,193,146658.32
MCOU,KS,00169406013,VICTOZA 6M,2023,3,false,2337.000,270,282344.15
MCOU,KS,00169406012,VICTOZA 6M,2023,2,false,1329.000,218,160675.16
MCOU,KS,00169406013,VICTOZA 6M,2023,2,false,2817.000,318,338797.84
MCOU,KS,00169406012,VICTOZA 6M,2023,1,false,1167.000,187,140379.87
MCOU,KS,00169406013,VICTOZA 6M,2023,1,false,2898.000,341,346551.21
MCOU,KY,00169406012,VICTOZA 2-,2023,4,false,3474.000,490,417020.88
FFSU,KY,00169406012,VICTOZA 2-,2023,4,false,252.000,48,30608.48
FFSU,KY,00169406013,VICTOZA 3-,2023,4,false,342.000,37,41303.72
MCOU,KY,00169406013,VICTOZA 3-,2023,4,false,528.000,58,58868.34
FFSU,KY,00169406012,VICTOZA 2-,2023,3,false,192.000,40,23296.12
MCOU,KY,00169406012,VICTOZA 2-,2023,3,false,1185.000,177,142303.67
FFSU,KY,00169406013,VICTOZA 3-,2023,3,false,396.000,44,47839.36
MCOU,KY,00169406013,VICTOZA 3-,2023,3,false,10131.000,977,1242233.91
MCOU,KY,00169406012,VICTOZA 2-,2023,2,false,414.000,65,49360.20
FFSU,KY,00169406012,VICTOZA 2-,2023,2,false,207.000,43,25005.89
FFSU,KY,00169406013,VICTOZA 3-,2023,2,false,522.000,68,62831.29
MCOU,KY,00169406013,VICTOZA 3-,2023,2,true,,,
MCOU,KY,00169406012,VICTOZA 2-,2023,1,false,279.000,44,33110.98
FFSU,KY,00169406012,VICTOZA 2-,2023,1,false,222.000,45,26528.95
MCOU,KY,00169406013,VICTOZA 3-,2023,1,false,14856.000,1424,1807374.21
FFSU,KY,00169406013,VICTOZA 3-,2023,1,false,408.000,53,48616.68
FFSU,LA,00169406012,VICTOZA 2-,2023,4,true,,,
MCOU,LA,00169406012,VICTOZA 2-,2023,4,false,5624.000,855,681648.66
MCOU,LA,00169406013,VICTOZA 3-,2023,4,false,9993.000,1014,1207640.53
FFSU,LA,00169406013,VICTOZA 3-,2023,4,true,,,
FFSU,LA,00169406012,VICTOZA 2-,2023,3,false,225.000,40,27347.74
MCOU,LA,00169406012,VICTOZA 2-,2023,3,false,6570.000,1016,800632.84
FFSU,LA,00169406013,VICTOZA 3-,2023,3,false,492.000,61,59520.40
MCOU,LA,00169406013,VICTOZA 3-,2023,3,false,11988.000,1285,1456221.98
MCOU,LA,00169406012,VICTOZA 2-,2023,2,false,9912.000,1566,1209140.34
FFSU,LA,00169406012,VICTOZA 2-,2023,2,false,294.000,45,35528.04
MCOU,LA,00169406013,VICTOZA 3-,2023,2,false,18495.000,1934,2240793.53
FFSU,LA,00169406013,VICTOZA 3-,2023,2,false,630.000,74,75780.14
MCOU,LA,00169406012,VICTOZA 2-,2023,1,false,12408.000,1876,1508311.63
FFSU,LA,00169406012,VICTOZA 2-,2023,1,false,315.000,48,37715.60
MCOU,LA,00169406013,VICTOZA 3-,2023,1,false,23916.000,2334,2883896.06
FFSU,LA,00169406013,VICTOZA 3-,2023,1,false,555.000,66,65823.00
FFSU,MA,00169406012,VICTOZA 2-,2023,4,false,1770.000,287,213525.93
MCOU,MA,00169406012,VICTOZA 2-,2023,4,false,4044.000,549,485956.07
FFSU,MA,00169406013,VICTOZA 3-,2023,4,false,2349.000,268,283336.46
MCOU,MA,00169406013,VICTOZA 3-,2023,4,false,9375.000,912,1115717.62
MCOU,MA,00169406012,VICTOZA 2-,2023,3,false,3981.000,573,476602.12
FFSU,MA,00169406012,VICTOZA 2-,2023,3,false,1584.000,259,191958.56
FFSU,MA,00169406013,VICTOZA 3-,2023,3,false,3318.000,367,398415.73
MCOU,MA,00169406013,VICTOZA 3-,2023,3,false,9966.000,1000,1192815.86
MCOU,MA,00169406012,VICTOZA 2-,2023,2,false,4566.000,669,552900.36
FFSU,MA,00169406012,VICTOZA 2-,2023,2,false,2073.000,325,250125.23
FFSU,MA,00169406013,VICTOZA 3-,2023,2,false,4218.000,464,504375.52
MCOU,MA,00169406013,VICTOZA 3-,2023,2,false,12372.000,1242,1476490.46
FFSU,MA,00169406012,VICTOZA 2-,2023,1,false,2892.000,445,344307.52
MCOU,MA,00169406012,VICTOZA 2-,2023,1,false,3195.000,502,386578.07
FFSU,MA,00169406013,VICTOZA 3-,2023,1,false,5754.000,644,680245.38
MCOU,MA,00169406013,VICTOZA 3-,2023,1,false,10344.000,1085,1250495.42
FFSU,MD,00169406012,VICTOZA 2-,2023,4,false,63.000,14,7669.94
MCOU,MD,00169406012,VICTOZA 2-,2023,4,false,1599.000,254,185617.39
MCOU,MD,00169406013,VICTOZA 3-,2023,4,false,2415.000,253,273465.80
FFSU,MD,00169406013,VICTOZA 3-,2023,4,false,243.000,27,29364.31
MCOU,MD,00169406012,VICTOZA 2-,2023,3,false,1827.000,292,216920.53
FFSU,MD,00169406012,VICTOZA 2-,2023,3,true,,,
FFSU,MD,00169406013,VICTOZA 3-,2023,3,false,234.000,27,28276.78
MCOU,MD,00169406013,VICTOZA 3-,2023,3,false,3618.000,370,416878.60
FFSU,MD,00169406012,VICTOZA 2-,2023,2,false,63.000,11,7624.24
MCOU,MD,00169406012,VICTOZA 2-,2023,2,false,2037.000,308,246250.70
MCOU,MD,00169406013,VICTOZA 3-,2023,2,false,4614.000,493,547694.03
FFSU,MD,00169406013,VICTOZA 3-,2023,2,false,186.000,22,22387.55
FFSU,MD,00169406012,VICTOZA 2-,2023,1,false,69.000,14,8984.87
MCOU,MD,00169406012,VICTOZA 2-,2023,1,false,2634.000,404,314779.19
MCOU,MD,00169406013,VICTOZA 3-,2023,1,false,5241.000,560,613007.29
FFSU,MD,00169406013,VICTOZA 3-,2023,1,false,255.000,31,30430.79
FFSU,ME,00169406012,VICTOZA   ,2023,4,false,3663.000,560,443608.18
FFSU,ME,00169406013,VICTOZA   ,2023,4,false,5166.000,571,623404.72
FFSU,ME,00169406012,VICTOZA   ,2023,3,false,3312.000,514,401306.43
FFSU,ME,00169406013,VICTOZA   ,2023,3,false,6147.000,697,740654.15
FFSU,ME,00169406012,VICTOZA   ,2023,2,false,3267.000,513,394259.35
FFSU,ME,00169406013,VICTOZA   ,2023,2,false,6876.000,766,825444.61
FFSU,ME,00169406012,VICTOZA   ,2023,1,false,3117.000,490,371594.59
FFSU,ME,00169406013,VICTOZA   ,2023,1,false,6888.000,765,816315.81
MCOU,MI,00169406012,VICTOZA 2-,2023,4,false,11277.000,1698,1341723.19
FFSU,MI,00169406012,VICTOZA 2-,2023,4,false,702.000,130,80382.36
MCOU,MI,00169406013,VICTOZA 3-,2023,4,false,33117.000,3137,3917121.37
FFSU,MI,00169406013,VICTOZA 3-,2023,4,false,2115.000,228,248330.88
MCOU,MI,00169406012,VICTOZA 2-,2023,3,false,15237.000,2085,1810900.19
FFSU,MI,00169406012,VICTOZA 2-,2023,3,false,795.000,135,91634.23
FFSU,MI,00169406013,VICTOZA 3-,2023,3,false,2775.000,275,320198.98
MCOU,MI,00169406013,VICTOZA 3-,2023,3,false,40503.000,3719,4795430.69
MCOU,MI,00169406012,VICTOZA 2-,2023,2,false,16793.000,2318,1994394.53
FFSU,MI,00169406012,VICTOZA 2-,2023,2,false,1026.000,157,118013.45
FFSU,MI,00169406013,VICTOZA 3-,2023,2,false,3144.000,311,356490.02
MCOU,MI,00169406013,VICTOZA 3-,2023,2,false,49629.000,4513,5870714.44
MCOU,MI,00169406012,VICTOZA 2-,2023,1,false,18543.000,2578,2199677.69
FFSU,MI,00169406012,VICTOZA 2-,2023,1,false,1107.000,191,127915.55
FFSU,MI,00169406013,VICTOZA 3-,2023,1,false,3747.000,386,424351.22
MCOU,MI,00169406013,VICTOZA 3-,2023,1,false,56106.000,5149,6628072.00
MCOU,MN,00169406012,VICTOZA 2-,2023,4,false,22503.000,3844,2723651.35
FFSU,MN,00169406012,VICTOZA 2-,2023,4,false,1817.000,321,223949.59
MCOU,MN,00169406013,VICTOZA 3-,2023,4,false,20385.000,2321,2466768.07
FFSU,MN,00169406013,VICTOZA 3-,2023,4,false,3790.000,432,466358.40
MCOU,MN,00169406012,VICTOZA 2-,2023,3,false,21900.000,3754,2675014.08
FFSU,MN,00169406012,VICTOZA 2-,2023,3,false,1713.000,304,211098.27
MCOU,MN,00169406013,VICTOZA 3-,2023,3,false,21219.000,2413,2584131.98
FFSU,MN,00169406013,VICTOZA 3-,2023,3,false,4458.000,504,544069.56
FFSU,MN,00169406012,VICTOZA 2-,2023,2,false,1413.000,253,173954.73
MCOU,MN,00169406012,VICTOZA 2-,2023,2,false,22785.000,3882,2793380.52
FFSU,MN,00169406013,VICTOZA 3-,2023,2,false,4047.000,466,489822.69
MCOU,MN,00169406013,VICTOZA 3-,2023,2,false,24519.000,2757,2996532.09
MCOU,MN,00169406012,VICTOZA 2-,2023,1,false,23983.000,4083,2956884.08
FFSU,MN,00169406012,VICTOZA 2-,2023,1,false,1614.000,290,195634.48
MCOU,MN,00169406013,VICTOZA 3-,2023,1,false,24931.000,2778,3061944.95
FFSU,MN,00169406013,VICTOZA 3-,2023,1,false,4938.000,559,581255.57
FFSU,MO,00169406012,VICTOZA 2-,2023,4,false,18348.000,2601,2214950.12
FFSU,MO,00169406013,VICTOZA 3-,2023,4,false,27660.000,2881,3328455.46
FFSU,MO,00169406012,VICTOZA 2-,2023,3,false,17022.000,2452,2046867.03
FFSU,MO,00169406013,VICTOZA 3-,2023,3,false,29331.000,3088,3505972.22
FFSU,MO,00169406012,VICTOZA 2-,2023,2,false,17166.000,2458,2055216.07
FFSU,MO,00169406013,VICTOZA 3-,2023,2,false,30474.000,3162,3617286.11
FFSU,MO,00169406012,VICTOZA 2-,2023,1,false,16167.000,2296,1906926.28
FFSU,MO,00169406013,VICTOZA 3-,2023,1,false,29979.000,3109,3519230.54
MCOU,MS,00169406012,VICTOZA 6M,2023,4,false,4299.000,689,465734.25
FFSU,MS,00169406012,VICTOZA 6M,2023,4,false,1035.000,183,127230.69
FFSU,MS,00169406013,VICTOZA 6M,2023,4,false,2196.000,255,265729.29
MCOU,MS,00169406013,VICTOZA 6M,2023,4,false,9426.000,1001,1032472.78
MCOU,MS,00169406012,VICTOZA 6M,2023,3,false,4839.000,776,521581.32
FFSU,MS,00169406012,VICTOZA 6M,2023,3,false,1544.000,270,189079.20
FFSU,MS,00169406013,VICTOZA 6M,2023,3,false,3240.000,371,391708.87
MCOU,MS,00169406013,VICTOZA 6M,2023,3,false,10725.000,1129,1148710.50
FFSU,MS,00169406012,VICTOZA 6M,2023,2,false,2091.000,360,254250.06
MCOU,MS,00169406012,VICTOZA 6M,2023,2,false,5796.000,955,650018.36
MCOU,MS,00169406013,VICTOZA 6M,2023,2,false,13032.000,1375,1405303.72
FFSU,MS,00169406013,VICTOZA 6M,2023,2,false,4767.000,549,587547.55
MCOU,MS,00169406012,VICTOZA 2-,2023,1,false,5907.000,961,637565.74
FFSU,MS,00169406012,VICTOZA 6M,2023,1,false,2109.000,368,258090.18
FFSU,MS,00169406013,VICTOZA 6M,2023,1,false,4878.000,568,603849.49
MCOU,MS,00169406013,VICTOZA 3-,2023,1,false,13755.000,1462,1487433.30
FFSU,MT,00169406012,VICTOZA 2-,2023,4,false,1819.000,289,223552.29
FFSU,MT,00169406013,VICTOZA 3-,2023,4,false,3258.000,356,394429.08
FFSU,MT,00169406012,VICTOZA 2-,2023,3,false,1806.000,278,219622.65
FFSU,MT,00169406013,VICTOZA 3-,2023,3,false,3942.000,421,477522.58
FFSU,MT,00169406012,VICTOZA 2-,2023,2,false,1792.000,268,217509.83
FFSU,MT,00169406013,VICTOZA 3-,2023,2,false,5103.000,491,616699.77
FFSU,MT,00169406012,VICTOZA 2-,2023,1,false,2397.000,327,287463.86
FFSU,MT,00169406013,VICTOZA 3-,2023,1,false,6189.000,570,739653.04
FFSU,XX,00169406012,VICTOZA 6M,2023,4,false,140872.000,20410,16978703.09
MCOU,XX,00169406012,VICTOZA 6M,2023,4,false,236546.000,36369,28450118.81
FFSU,XX,00169406013,VICTOZA 6M,2023,4,false,221079.000,22396,26608250.56
MCOU,XX,00169406013,VICTOZA 6M,2023,4,false,439046.250,45374,52526838.50
FFSU,XX,00169406012,VICTOZA 6M,2023,3,false,155487.000,22305,18713422.34
MCOU,XX,00169406012,VICTOZA 6M,2023,3,false,251020.000,38188,30278954.57
FFSU,XX,00169406013,VICTOZA 6M,2023,3,false,265687.000,26475,31877200.16
MCOU,XX,00169406013,VICTOZA 6M,2023,3,false,494746.550,50872,59170524.14
FFSU,XX,00169406012,VICTOZA 6M,2023,2,false,153075.000,22338,18375170.78
MCOU,XX,00169406012,VICTOZA 6M,2023,2,false,265118.000,40674,31941861.40
FFSU,XX,00169406013,VICTOZA 6M,2023,2,false,282517.000,28296,33780838.79
MCOU,XX,00169406013,VICTOZA 6M,2023,2,false,574222.650,58294,68680322.62
FFSU,XX,00169406012,VICTOZA 6M,2023,1,false,149606.000,21874,17798852.61
MCOU,XX,00169406012,VICTOZA 6M,2023,1,false,283958.000,43444,34330196.31
FFSU,XX,00169406013,VICTOZA 6M,2023,1,false,278714.000,27934,32949836.59
MCOU,XX,00169406013,VICTOZA 6M,2023,1,false,650035.350,65826,77815573.33
FFSU,NC,00169406012,VICTOZA 2-,2023,4,false,1044.000,153,126001.90
MCOU,NC,00169406012,VICTOZA 2-,2023,4,false,4206.000,567,507656.06
MCOU,NC,00169406013,VICTOZA 3-,2023,4,false,10248.000,941,1231225.33
FFSU,NC,00169406013,VICTOZA 3-,2023,4,false,1869.000,200,225159.37
MCOU,NC,00169406012,VICTOZA 2-,2023,3,false,4590.000,620,554066.00
FFSU,NC,00169406012,VICTOZA 2-,2023,3,false,1263.000,184,152489.41
FFSU,NC,00169406013,VICTOZA 3-,2023,3,false,2871.000,299,345526.02
MCOU,NC,00169406013,VICTOZA 3-,2023,3,false,12153.000,1122,1463217.12
MCOU,NC,00169406012,VICTOZA 2-,2023,2,false,4923.000,681,591555.44
FFSU,NC,00169406012,VICTOZA 2-,2023,2,false,1632.000,225,194018.82
MCOU,NC,00169406013,VICTOZA 3-,2023,2,false,15441.000,1422,1843760.06
FFSU,NC,00169406013,VICTOZA 3-,2023,2,false,4161.000,439,490986.69
MCOU,NC,00169406012,VICTOZA 2-,2023,1,false,6477.000,861,770621.61
FFSU,NC,00169406012,VICTOZA 2-,2023,1,false,1626.000,231,193263.77
FFSU,NC,00169406013,VICTOZA 3-,2023,1,false,4464.000,483,528442.08
MCOU,NC,00169406013,VICTOZA 3-,2023,1,false,17460.000,1584,2070524.21
FFSU,ND,00169406012,VICTOZA 2-,2023,4,false,3487.000,582,424327.21
FFSU,ND,00169406013,VICTOZA 3-,2023,4,false,7659.000,851,926923.20
FFSU,ND,00169406012,VICTOZA 2-,2023,3,false,3294.000,549,400625.83
FFSU,ND,00169406013,VICTOZA 3-,2023,3,false,7875.000,875,952698.93
MCOU,ND,00169406013,VICTOZA 3-,2023,3,true,,,
FFSU,ND,00169406012,VICTOZA 2-,2023,2,false,3594.000,599,434208.29
FFSU,ND,00169406013,VICTOZA 3-,2023,2,false,8034.000,891,966594.41
FFSU,ND,00169406012,VICTOZA 2-,2023,1,false,3360.000,560,403835.32
FFSU,ND,00169406013,VICTOZA 3-,2023,1,false,7335.000,813,873725.25
MCOU,NE,00169406012,VICTOZA 6M,2023,4,false,1203.000,181,144529.09
MCOU,NE,00169406013,VICTOZA 6M,2023,4,false,2298.000,243,273496.41
MCOU,NE,00169406012,VICTOZA 6M,2023,3,false,1410.000,211,168346.68
MCOU,NE,00169406013,VICTOZA 6M,2023,3,false,2793.000,292,329900.02
MCOU,NE,00169406012,VICTOZA 6M,2023,2,false,1734.000,270,207289.05
MCOU,NE,00169406013,VICTOZA 6M,2023,2,false,3585.000,388,420087.02
MCOU,NE,00169406012,VICTOZA 6M,2023,1,false,2115.000,334,252950.05
MCOU,NE,00169406013,VICTOZA 6M,2023,1,false,3978.000,429,469695.04
MCOU,NH,00169406012,VICTOZA 2-,2023,4,false,1299.000,192,149758.75
MCOU,NH,00169406013,VICTOZA 3-,2023,4,false,2937.000,314,328781.54
MCOU,NH,00169406012,VICTOZA 2-,2023,3,false,1575.000,237,183309.75
MCOU,NH,00169406013,VICTOZA 3-,2023,3,false,3528.000,365,395278.76
MCOU,NH,00169406012,VICTOZA 2-,2023,2,false,1944.000,286,212783.88
MCOU,NH,00169406013,VICTOZA 3-,2023,2,false,4707.000,494,533664.86
MCOU,NH,00169406012,VICTOZA 2-,2023,1,false,2346.000,350,263515.17
MCOU,NH,00169406013,VICTOZA 3-,2023,1,false,6003.000,622,650318.24
MCOU,NJ,00169406012,VICTOZA 6M,2023,4,false,14340.000,2351,1794015.99
FFSU,NJ,00169406012,VICTOZA 6M,2023,4,true,,,
MCOU,NJ,00169406013,VICTOZA 6M,2023,4,false,28700.250,3293,3580304.63
FFSU,NJ,00169406012,VICTOZA 6M,2023,3,true,,,
MCOU,NJ,00169406012,VICTOZA 6M,2023,3,false,13968.000,2308,1763271.41
MCOU,NJ,00169406013,VICTOZA 6M,2023,3,false,30804.550,3528,3890603.35
FFSU,NJ,00169406013,VICTOZA 6M,2023,3,true,,,
MCOU,NJ,00169406012,VICTOZA 6M,2023,2,false,14022.000,2346,1787990.44
FFSU,NJ,00169406012,VICTOZA 6M,2023,2,true,,,
FFSU,NJ,00169406013,VICTOZA 6M,2023,2,true,,,
MCOU,NJ,00169406013,VICTOZA 6M,2023,2,false,33870.650,3858,4316002.92
FFSU,NJ,00169406012,VICTOZA 6M,2023,1,true,,,
MCOU,NJ,00169406012,VICTOZA 6M,2023,1,false,14571.000,2434,1850820.32
FFSU,NJ,00169406013,VICTOZA 6M,2023,1,true,,,
MCOU,NJ,00169406013,VICTOZA 6M,2023,1,false,36738.350,4176,4661847.57
MCOU,NM,00169406012,VICTOZA 2-,2023,4,false,771.000,96,86393.95
FFSU,NM,00169406012,VICTOZA 2-,2023,4,false,228.000,30,23654.48
FFSU,NM,00169406013,VICTOZA 3-,2023,4,false,405.000,44,30941.80
MCOU,NM,00169406013,VICTOZA 3-,2023,4,false,1101.000,103,112789.66
MCOU,NM,00169406012,VICTOZA 2-,2023,3,false,1089.000,134,120439.19
FFSU,NM,00169406012,VICTOZA 2-,2023,3,false,321.000,43,29854.48
FFSU,NM,00169406013,VICTOZA 3-,2023,3,false,645.000,68,52677.88
MCOU,NM,00169406013,VICTOZA 3-,2023,3,false,1179.000,107,126175.02
MCOU,NM,00169406012,VICTOZA 2-,2023,2,false,1320.000,155,147351.98
FFSU,NM,00169406012,VICTOZA 2-,2023,2,false,471.000,65,45868.41
MCOU,NM,00169406013,VICTOZA 3-,2023,2,false,1293.000,119,136967.52
FFSU,NM,00169406013,VICTOZA 3-,2023,2,false,720.000,74,51820.32
FFSU,NM,00169406012,VICTOZA 2-,2023,1,false,510.000,72,53404.32
MCOU,NM,00169406012,VICTOZA 2-,2023,1,false,1359.000,172,151449.65
MCOU,NM,00169406013,VICTOZA 3-,2023,1,false,1521.000,144,160396.13
FFSU,NM,00169406013,VICTOZA 3-,2023,1,false,786.000,78,54386.23
FFSU,NV,00169406012,VICTOZA 2-,2023,4,false,273.000,21,27106.45
MCOU,NV,00169406012,VICTOZA 2-,2023,4,false,1722.000,228,206529.40
MCOU,NV,00169406013,VICTOZA 3-,2023,4,false,1449.000,141,162162.91
FFSU,NV,00169406013,VICTOZA 3-,2023,4,false,975.000,45,96280.03
FFSU,NV,00169406012,VICTOZA 2-,2023,3,false,288.000,20,30092.94
MCOU,NV,00169406012,VICTOZA 2-,2023,3,false,1176.000,170,139652.61
FFSU,NV,00169406013,VICTOZA 3-,2023,3,false,1044.000,49,105663.30
MCOU,NV,00169406013,VICTOZA 3-,2023,3,false,807.000,88,87192.49
FFSU,NV,00169406012,VICTOZA 2-,2023,2,false,420.000,32,46841.47
MCOU,NV,00169406012,VICTOZA 2-,2023,2,false,1455.000,12,8921.69
FFSU,NV,00169406013,VICTOZA 3-,2023,2,false,1353.000,61,139498.31
MCOU,NV,00169406013,VICTOZA 3-,2023,2,true,,,
MCOU,NV,00169406012,VICTOZA 2-,2023,1,false,1473.000,12,118.73
FFSU,NV,00169406012,VICTOZA 2-,2023,1,false,348.000,27,34047.23
MCOU,NV,00169406013,VICTOZA 3-,2023,1,true,,,
FFSU,NV,00169406013,VICTOZA 3-,2023,1,false,1332.000,63,140559.94
FFSU,NY,00169406012,VICTOZA 2-,2023,4,false,8016.000,1119,970100.94
MCOU,NY,00169406012,VICTOZA 2-,2023,4,true,,,
MCOU,NY,00169406013,VICTOZA 3-,2023,4,true,,,
FFSU,NY,00169406013,VICTOZA 3-,2023,4,false,20532.000,1828,2473956.07
MCOU,NY,00169406012,VICTOZA 2-,2023,3,true,,,
FFSU,NY,00169406012,VICTOZA 2-,2023,3,false,10034.000,1435,1214290.15
FFSU,NY,00169406013,VICTOZA 3-,2023,3,false,26164.000,2354,3150505.11
MCOU,NY,00169406013,VICTOZA 3-,2023,3,true,,,
FFSU,NY,00169406012,VICTOZA 2-,2023,2,false,11171.000,1639,1347178.21
MCOU,NY,00169406013,VICTOZA 3-,2023,2,true,,,
FFSU,NY,00169406013,VICTOZA 3-,2023,2,false,26878.000,2546,3224794.20
FFSU,NY,00169406012,VICTOZA 2-,2023,1,false,1254.000,187,149339.53
MCOU,NY,00169406012,VICTOZA 2-,2023,1,false,10998.000,1748,1325211.72
FFSU,NY,00169406013,VICTOZA 3-,2023,1,false,3546.000,338,419113.27
MCOU,NY,00169406013,VICTOZA 3-,2023,1,false,23694.000,2422,2850918.43
FFSU,OH,00169406012,VICTOZA 6M,2023,4,false,1797.000,322,217333.56
MCOU,OH,00169406012,VICTOZA 6M,2023,4,false,19638.000,2833,2372454.22
FFSU,OH,00169406013,VICTOZA 6M,2023,4,false,2628.000,312,317130.11
MCOU,OH,00169406013,VICTOZA 6M,2023,4,false,41826.000,3939,5036680.37
FFSU,OH,00169406012,VICTOZA 6M,2023,3,false,1602.000,261,193715.55
MCOU,OH,00169406012,VICTOZA 6M,2023,3,false,19785.000,2895,2390758.90
MCOU,OH,00169406013,VICTOZA 6M,2023,3,false,46587.000,4400,5609113.10
FFSU,OH,00169406013,VICTOZA 6M,2023,3,false,2709.000,310,326675.47
MCOU,OH,00169406012,VICTOZA 6M,2023,2,false,19593.000,2992,2358536.58
FFSU,OH,00169406012,VICTOZA 6M,2023,2,false,1305.000,228,157028.26
FFSU,OH,00169406013,VICTOZA 6M,2023,2,false,2946.000,365,351441.23
MCOU,OH,00169406013,VICTOZA 6M,2023,2,false,54468.000,5140,6526817.53
FFSU,OH,00169406012,VICTOZA 6M,2023,1,false,2016.000,334,234692.06
MCOU,OH,00169406012,VICTOZA 6M,2023,1,false,18069.000,2766,2157324.99
MCOU,OH,00169406013,VICTOZA 6M,2023,1,false,53103.000,5234,6309541.07
FFSU,OH,00169406013,VICTOZA 6M,2023,1,false,4236.000,500,493135.71
FFSU,OK,00169406012,VICTOZA 6M,2023,4,false,2559.000,393,301983.72
FFSU,OK,00169406013,VICTOZA 6M,2023,4,false,7665.000,713,914263.51
FFSU,OK,00169406012,VICTOZA 6M,2023,3,false,2949.000,456,343109.46
FFSU,OK,00169406013,VICTOZA 6M,2023,3,false,8478.000,796,997502.63
FFSU,OK,00169406012,VICTOZA 6M,2023,2,false,2682.000,421,321046.96
FFSU,OK,00169406013,VICTOZA 6M,2023,2,false,9579.000,871,1123639.97
FFSU,OK,00169406012,VICTOZA 6M,2023,1,false,2298.000,343,270050.69
FFSU,OK,00169406013,VICTOZA 6M,2023,1,false,8667.000,798,1015793.60
MCOU,OR,00169406012,VICTOZA 6M,2023,4,false,2970.000,466,346081.14
FFSU,OR,00169406012,VICTOZA 6M,2023,4,false,126.000,17,11400.37
FFSU,OR,00169406013,VICTOZA 6M,2023,4,false,378.000,38,35325.56
MCOU,OR,00169406013,VICTOZA 6M,2023,4,false,6846.000,724,817055.22
FFSU,OR,00169406012,VICTOZA 6M,2023,3,false,90.000,15,5789.77
MCOU,OR,00169406012,VICTOZA 6M,2023,3,false,2820.000,432,321011.53
FFSU,OR,00169406013,VICTOZA 6M,2023,3,false,432.000,38,36423.35
MCOU,OR,00169406013,VICTOZA 6M,2023,3,false,7617.000,819,914901.46
MCOU,OR,00169406012,VICTOZA 6M,2023,2,false,3108.000,494,356455.71
FFSU,OR,00169406012,VICTOZA 6M,2023,2,true,,,
MCOU,OR,00169406013,VICTOZA 6M,2023,2,false,8673.000,939,1058243.77
FFSU,OR,00169406013,VICTOZA 6M,2023,2,false,405.000,43,28778.55
MCOU,OR,00169406012,VICTOZA 6M,2023,1,false,3666.000,575,438636.71
FFSU,OR,00169406012,VICTOZA 6M,2023,1,true,,,
FFSU,OR,00169406013,VICTOZA 6M,2023,1,false,483.000,47,29298.90
MCOU,OR,00169406013,VICTOZA 6M,2023,1,false,9336.000,977,1113202.47
FFSU,PA,00169406012,VICTOZA 6M,2023,4,true,,,
MCOU,PA,00169406012,VICTOZA 6M,2023,4,false,17067.000,2792,2048571.16
MCOU,PA,00169406013,VICTOZA 6M,2023,4,false,35634.000,3615,4253589.59
FFSU,PA,00169406013,VICTOZA 6M,2023,4,false,378.000,35,45350.12
MCOU,PA,00169406012,VICTOZA 6M,2023,3,false,18075.000,2926,2172046.68
FFSU,PA,00169406012,VICTOZA 6M,2023,3,false,93.000,11,11177.37
MCOU,PA,00169406013,VICTOZA 6M,2023,3,false,38679.000,3912,4619597.13
FFSU,PA,00169406013,VICTOZA 6M,2023,3,false,399.000,35,47850.34
MCOU,PA,00169406012,VICTOZA 6M,2023,2,false,17901.000,2908,2153391.25
FFSU,PA,00169406012,VICTOZA 6M,2023,2,false,147.000,21,17573.17
FFSU,PA,00169406013,VICTOZA 6M,2023,2,false,498.000,45,59429.95
MCOU,PA,00169406013,VICTOZA 6M,2023,2,false,42816.000,4251,5118249.59
FFSU,PA,00169406012,VICTOZA 6M,2023,1,false,168.000,20,19416.41
MCOU,PA,00169406012,VICTOZA 6M,2023,1,false,18173.000,2911,2181828.50
MCOU,PA,00169406013,VICTOZA 6M,2023,1,false,46815.000,4577,5577157.00
FFSU,PA,00169406013,VICTOZA 6M,2023,1,false,522.000,43,60420.67
MCOU,PR,00169406012,VICTOZA 6M,2023,4,true,,,
MCOU,PR,00169406013,VICTOZA 6M,2023,4,true,,,
MCOU,PR,00169406012,VICTOZA 6M,2023,3,true,,,
MCOU,PR,00169406013,VICTOZA 6M,2023,3,true,,,
MCOU,PR,00169406012,VICTOZA 6M,2023,2,true,,,
MCOU,PR,00169406013,VICTOZA 6M,2023,2,true,,,
MCOU,PR,00169406012,VICTOZA 6M,2023,1,true,,,
MCOU,PR,00169406013,VICTOZA 6M,2023,1,true,,,
MCOU,RI,00169406012,VICTOZA 6M,2023,4,false,804.000,125,98170.78
FFSU,RI,00169406012,VICTOZA 6M,2023,4,true,,,
MCOU,RI,00169406013,VICTOZA 6M,2023,4,false,423.000,42,51371.41
MCOU,RI,00169406012,VICTOZA 6M,2023,3,false,1017.000,157,123476.68
FFSU,RI,00169406012,VICTOZA 6M,2023,3,true,,,
MCOU,RI,00169406013,VICTOZA 6M,2023,3,false,495.000,50,60211.07
FFSU,RI,00169406012,VICTOZA 6M,2023,2,true,,,
MCOU,RI,00169406012,VICTOZA 6M,2023,2,false,960.000,152,113648.11
MCOU,RI,00169406013,VICTOZA 6M,2023,2,false,549.000,53,66856.02
FFSU,RI,00169406013,VICTOZA 6M,2023,2,true,,,
MCOU,RI,00169406012,VICTOZA 6M,2023,1,false,951.000,153,108622.57
FFSU,RI,00169406012,VICTOZA 6M,2023,1,true,,,
MCOU,RI,00169406013,VICTOZA 6M,2023,1,false,621.000,58,67917.52
MCOU,SC,00169406012,VICTOZA 2-,2023,4,false,480.000,84,60416.77
FFSU,SC,00169406012,VICTOZA 2-,2023,4,true,,,
MCOU,SC,00169406013,VICTOZA 3-,2023,4,false,960.000,110,114843.36
FFSU,SC,00169406013,VICTOZA 3-,2023,4,false,198.000,28,29289.06
FFSU,SC,00169406012,VICTOZA 2-,2023,3,false,75.000,12,8677.76
MCOU,SC,00169406012,VICTOZA 2-,2023,3,false,492.000,82,59350.68
MCOU,SC,00169406013,VICTOZA 3-,2023,3,false,1140.000,128,135836.28
FFSU,SC,00169406013,VICTOZA 3-,2023,3,false,258.000,30,30000.38
MCOU,SC,00169406012,VICTOZA 2-,2023,2,false,702.000,121,85738.40
FFSU,SC,00169406012,VICTOZA 2-,2023,2,false,102.000,16,10499.06
MCOU,SC,00169406013,VICTOZA 3-,2023,2,false,1398.000,159,166272.35
FFSU,SC,00169406013,VICTOZA 3-,2023,2,false,405.000,51,46551.54
FFSU,SC,00169406012,VICTOZA 2-,2023,1,false,111.000,19,11519.64
MCOU,SC,00169406012,VICTOZA 2-,2023,1,false,1221.000,204,149751.15
MCOU,SC,00169406013,VICTOZA 3-,2023,1,false,2658.000,301,319582.80
FFSU,SC,00169406013,VICTOZA 3-,2023,1,false,420.000,53,51160.38
FFSU,SD,00169406012,VICTOZA 6M,2023,4,false,228.000,37,27446.50
FFSU,SD,00169406013,VICTOZA 6M,2023,4,false,98.000,36,34306.06
FFSU,SD,00169406012,VICTOZA 6M,2023,3,false,168.000,29,20403.65
FFSU,SD,00169406013,VICTOZA 6M,2023,3,false,73.000,27,26488.44
FFSU,SD,00169406012,VICTOZA 6M,2023,2,false,108.000,18,13058.82
FFSU,SD,00169406013,VICTOZA 6M,2023,2,false,96.000,34,34614.54
FFSU,SD,00169406012,VICTOZA 6M,2023,1,false,144.000,25,17305.33
FFSU,SD,00169406013,VICTOZA 6M,2023,1,false,124.000,46,44349.79
FFSU,TN,00169406012,VICTOZA 6M,2023,4,false,5118.000,837,620183.17
MCOU,TN,00169406012,VICTOZA 6M,2023,4,true,,,
FFSU,TN,00169406013,VICTOZA 6M,2023,4,false,9351.000,1075,1129216.09
FFSU,TN,00169406012,VICTOZA 6M,2023,3,false,5664.000,929,686010.30
FFSU,TN,00169406013,VICTOZA 6M,2023,3,false,11280.000,1290,1361562.12
FFSU,TN,00169406012,VICTOZA 6M,2023,2,false,6159.000,1023,743136.99
FFSU,TN,00169406013,VICTOZA 6M,2023,2,false,13695.000,1564,1645326.42
FFSU,TN,00169406012,VICTOZA 6M,2023,1,false,7098.000,1174,846965.99
FFSU,TN,00169406013,VICTOZA 6M,2023,1,false,15243.000,1734,1812599.01
FFSU,TX,00169406012,VICTOZA 2-,2023,4,true,,,
MCOU,TX,00169406012,VICTOZA 2-,2023,4,false,6983.000,1107,830491.24
MCOU,TX,00169406013,VICTOZA 3-,2023,4,false,19011.000,2046,2258527.95
FFSU,TX,00169406013,VICTOZA 3-,2023,4,true,,,
MCOU,TX,00169406012,VICTOZA 2-,2023,3,false,8802.000,1382,1047255.07
FFSU,TX,00169406012,VICTOZA 2-,2023,3,true,,,
MCOU,TX,00169406013,VICTOZA 3-,2023,3,false,23466.000,2535,2786209.06
FFSU,TX,00169406013,VICTOZA 3-,2023,3,true,,,
MCOU,TX,00169406012,VICTOZA 2-,2023,2,false,9994.000,1583,1188544.75
FFSU,TX,00169406012,VICTOZA 2-,2023,2,true,,,
FFSU,TX,00169406013,VICTOZA 3-,2023,2,true,,,
MCOU,TX,00169406013,VICTOZA 3-,2023,2,false,27936.000,3006,3317447.58
FFSU,TX,00169406012,VICTOZA 2-,2023,1,true,,,
MCOU,TX,00169406012,VICTOZA 2-,2023,1,false,11748.000,1887,1398192.10
MCOU,TX,00169406013,VICTOZA 3-,2023,1,false,30282.000,3261,3596735.98
FFSU,TX,00169406013,VICTOZA 3-,2023,1,true,,,
FFSU,UT,00169406012,VICTOZA 6M,2023,4,false,321.000,58,38457.21
MCOU,UT,00169406012,VICTOZA 6M,2023,4,false,171.000,28,19739.49
MCOU,UT,00169406013,VICTOZA 6M,2023,4,false,267.000,31,32106.11
FFSU,UT,00169406013,VICTOZA 6M,2023,4,false,459.000,51,54927.47
FFSU,UT,00169406012,VICTOZA 6M,2023,3,false,336.000,54,40280.98
MCOU,UT,00169406012,VICTOZA 6M,2023,3,false,126.000,22,16053.68
MCOU,UT,00169406013,VICTOZA 6M,2023,3,false,465.000,52,49689.87
FFSU,UT,00169406013,VICTOZA 6M,2023,3,false,486.000,56,58594.93
MCOU,UT,00169406012,VICTOZA 6M,2023,2,false,269.000,48,33106.10
FFSU,UT,00169406012,VICTOZA 6M,2023,2,false,408.000,66,49183.99
FFSU,UT,00169406013,VICTOZA 6M,2023,2,false,639.000,70,76738.04
MCOU,UT,00169406013,VICTOZA 6M,2023,2,false,1035.000,115,121037.40
FFSU,UT,00169406012,VICTOZA 6M,2023,1,false,252.000,47,29845.63
MCOU,UT,00169406012,VICTOZA 6M,2023,1,false,408.000,68,49736.41
MCOU,UT,00169406013,VICTOZA 6M,2023,1,false,921.000,104,113212.24
FFSU,UT,00169406013,VICTOZA 6M,2023,1,false,432.000,46,51243.76
FFSU,VA,00169406012,VICTOZA 2-,2023,4,false,60.000,12,7295.95
MCOU,VA,00169406012,VICTOZA 2-,2023,4,false,11499.000,1808,1369498.57
FFSU,VA,00169406013,VICTOZA 3-,2023,4,true,,,
MCOU,VA,00169406013,VICTOZA 3-,2023,4,false,26787.000,2764,3184263.94
MCOU,VA,00169406012,VICTOZA 2-,2023,3,false,11064.000,1712,1308549.06
FFSU,VA,00169406012,VICTOZA 2-,2023,3,false,72.000,13,8731.71
FFSU,VA,00169406013,VICTOZA 3-,2023,3,false,99.000,11,11962.61
MCOU,VA,00169406013,VICTOZA 3-,2023,3,false,30237.000,3080,3556215.27
MCOU,VA,00169406012,VICTOZA 2-,2023,2,false,13415.000,2114,1584984.34
FFSU,VA,00169406013,VICTOZA 3-,2023,2,true,,,
MCOU,VA,00169406013,VICTOZA 3-,2023,2,false,39228.000,3965,4586589.44
FFSU,VA,00169406012,VICTOZA 2-,2023,1,true,,,
MCOU,VA,00169406012,VICTOZA 2-,2023,1,false,15231.000,2394,1790064.22
MCOU,VA,00169406013,VICTOZA 3-,2023,1,false,44637.000,4443,5215535.33
FFSU,VA,00169406013,VICTOZA 3-,2023,1,true,,,
FFSU,VT,00169406012,VICTOZA 6M,2023,4,false,1098.000,95,131537.86
FFSU,VT,00169406013,VICTOZA 6M,2023,4,false,1725.000,134,206905.77
FFSU,VT,00169406012,VICTOZA 6M,2023,3,false,813.000,95,98142.52
FFSU,VT,00169406013,VICTOZA 6M,2023,3,false,2316.000,170,274550.93
FFSU,VT,00169406012,VICTOZA 6M,2023,2,false,1101.000,128,131705.96
FFSU,VT,00169406013,VICTOZA 6M,2023,2,false,2835.000,217,334487.54
FFSU,VT,00169406012,VICTOZA 6M,2023,1,false,963.000,116,113462.65
FFSU,VT,00169406013,VICTOZA 6M,2023,1,false,3492.000,265,407483.53
FFSU,WA,00169406012,VICTOZA 6M,2023,4,false,774.000,119,88019.46
MCOU,WA,00169406012,VICTOZA 6M,2023,4,false,44652.000,7098,5150619.56
FFSU,WA,00169406013,VICTOZA 6M,2023,4,false,1143.000,130,131332.10
MCOU,WA,00169406013,VICTOZA 6M,2023,4,false,81921.000,8816,9561134.10
MCOU,WA,00169406012,VICTOZA 6M,2023,3,false,45306.000,7183,5220361.90
FFSU,WA,00169406012,VICTOZA 6M,2023,3,false,732.000,114,86930.07
MCOU,WA,00169406013,VICTOZA 6M,2023,3,false,81858.000,8809,9541303.75
FFSU,WA,00169406013,VICTOZA 6M,2023,3,false,1338.000,151,143887.72
FFSU,WA,00169406012,VICTOZA 6M,2023,2,false,678.000,104,81017.15
MCOU,WA,00169406012,VICTOZA 6M,2023,2,false,45825.000,7222,5274468.57
MCOU,WA,00169406013,VICTOZA 6M,2023,2,false,88974.000,9137,10341862.99
FFSU,WA,00169406013,VICTOZA 6M,2023,2,false,1254.000,143,146730.31
MCOU,WA,00169406012,VICTOZA 6M,2023,1,false,39906.000,6322,4598795.16
FFSU,WA,00169406012,VICTOZA 6M,2023,1,false,759.000,120,89587.20
FFSU,WA,00169406013,VICTOZA 6M,2023,1,false,1242.000,145,146374.65
MCOU,WA,00169406013,VICTOZA 6M,2023,1,false,83910.000,8636,9733291.09
FFSU,WI,00169406012,VICTOZA 6M,2023,4,false,9105.000,1369,1111806.51
FFSU,WI,00169406013,VICTOZA 6M,2023,4,false,13506.000,1539,1658814.24
FFSU,WI,00169406012,VICTOZA 6M,2023,3,false,10689.000,1605,1303544.33
FFSU,WI,00169406013,VICTOZA 6M,2023,3,false,15588.000,1758,1918889.52
FFSU,WI,00169406012,VICTOZA 6M,2023,2,false,14025.000,2159,1701133.63
FFSU,WI,00169406013,VICTOZA 6M,2023,2,false,18831.000,2117,2320306.42
FFSU,WI,00169406012,VICTOZA 6M,2023,1,false,14082.000,2164,1712638.89
FFSU,WI,00169406013,VICTOZA 6M,2023,1,false,20268.000,2282,2470040.58
FFSU,WV,00169406012,VICTOZA 2-,2023,4,false,2100.000,346,250673.29
FFSU,WV,00169406013,VICTOZA 3-,2023,4,false,3483.000,380,418390.19
FFSU,WV,00169406012,VICTOZA 2-,2023,3,false,2127.000,332,255608.68
FFSU,WV,00169406013,VICTOZA 3-,2023,3,false,4473.000,454,527472.42
FFSU,WV,00169406012,VICTOZA 2-,2023,2,false,2172.000,333,261623.05
FFSU,WV,00169406013,VICTOZA 3-,2023,2,false,3912.000,380,469085.74
FFSU,WV,00169406012,VICTOZA 2-,2023,1,false,2631.000,411,310190.50
FFSU,WV,00169406013,VICTOZA 3-,2023,1,false,5013.000,496,588633.21
FFSU,WY,00169406012,VICTOZA 6M,2023,4,false,678.000,106,81850.14
FFSU,WY,00169406013,VICTOZA 6M,2023,4,false,1215.000,124,146270.95
FFSU,WY,00169406012,VICTOZA 6M,2023,3,false,681.000,111,82309.89
FFSU,WY,00169406013,VICTOZA 6M,2023,3,false,1377.000,143,165793.08
FFSU,WY,00169406012,VICTOZA 6M,2023,2,false,648.000,102,78000.58
FFSU,WY,00169406013,VICTOZA 6M,2023,2,false,1506.000,153,177401.89
FFSU,WY,00169406012,VICTOZA 6M,2023,1,false,711.000,114,84937.55
FFSU,WY,00169406013,VICTOZA 6M,2023,1,false,1449.000,149,170259.82
MCOU,AR,00169280015,SAXENDA   ,2023,4,true,,,
MCOU,AR,00169280015,SAXENDA   ,2023,3,true,,,
MCOU,AZ,00169280015,SAXENDA   ,2023,4,false,822.000,55,71212.70
MCOU,AZ,00169280015,SAXENDA   ,2023,3,false,1944.000,130,168492.37
MCOU,AZ,00169280015,SAXENDA   ,2023,2,false,4359.000,294,377042.28
MCOU,AZ,00169280015,SAXENDA   ,2023,1,false,6159.000,425,533418.47
FFSU,CA,00169280015,SAXENDA   ,2023,4,false,61536.000,4384,5367950.80
FFSU,CA,00169280015,SAXENDA   ,2023,3,false,204334.000,14282,17806714.92
FFSU,CA,00169280015,SAXENDA   ,2023,2,false,156770.000,10406,13638280.51
FFSU,CA,00169280015,SAXENDA   ,2023,1,false,216056.000,14402,18794352.13
FFSU,CO,00169280015,SAXENDA   ,2023,4,true,,,
FFSU,CO,00169280015,SAXENDA   ,2023,3,true,,,
FFSU,CO,00169280015,SAXENDA   ,2023,2,true,,,
FFSU,CO,00169280015,SAXENDA   ,2023,1,true,,,
MCOU,DC,00169280015,SAXENDA 18,2023,4,true,,,
MCOU,DC,00169280015,SAXENDA 18,2023,3,true,,,
MCOU,DC,00169280015,SAXENDA 18,2023,2,true,,,
MCOU,DC,00169280015,SAXENDA 18,2023,1,true,,,
MCOU,DE,00169280015,SAXENDA   ,2023,4,false,1083.000,82,6572.95
MCOU,DE,00169280015,SAXENDA   ,2023,3,false,3987.000,351,21725.92
FFSU,DE,00169280015,SAXENDA   ,2023,2,true,,,
MCOU,DE,00169280015,SAXENDA   ,2023,2,false,5718.000,458,24703.10
MCOU,DE,00169280015,SAXENDA   ,2023,1,false,6066.000,448,31748.74
MCOU,FL,00169280015,SAXENDA   ,2023,4,true,,,
MCOU,FL,00169280015,SAXENDA   ,2023,3,false,441.000,31,37585.66
MCOU,FL,00169280015,SAXENDA   ,2023,2,false,618.000,43,52601.54
MCOU,FL,00169280015,SAXENDA   ,2023,1,false,552.000,42,47055.65
FFSU,GA,00169280015,SAXENDA   ,2023,4,true,,,
MCOU,GA,00169280015,SAXENDA   ,2023,4,true,,,
FFSU,GA,00169280015,SAXENDA   ,2023,3,true,,,
MCOU,GA,00169280015,SAXENDA   ,2023,3,false,177.000,17,15035.75
MCOU,GA,00169280015,SAXENDA   ,2023,2,false,225.000,20,19103.25
FFSU,GA,00169280015,SAXENDA   ,2023,2,true,,,
FFSU,GA,00169280015,SAXENDA   ,2023,1,true,,,
MCOU,GA,00169280015,SAXENDA   ,2023,1,true,,,
MCOU,HI,00169280015,SAXENDA 18,2023,4,true,,,
MCOU,HI,00169280015,SAXENDA 18,2023,3,false,471.000,37,1426.60
MCOU,HI,00169280015,SAXENDA 18,2023,2,false,1035.000,69,11299.96
MCOU,HI,00169280015,SAXENDA 18,2023,1,false,1161.000,91,31223.15
MCOU,IL,00169280015,SAXENDA   ,2023,4,true,,,
MCOU,IL,00169280015,SAXENDA   ,2023,3,true,,,
MCOU,IL,00169280015,SAXENDA   ,2023,1,true,,,
MCOU,IN,00169280015,SAXENDA   ,2023,3,true,,,
MCOU,IN,00169280015,SAXENDA   ,2023,2,true,,,
MCOU,IN,00169280015,SAXENDA   ,2023,1,true,,,
MCOU,KS,00169280015,SAXENDA   ,2023,4,false,3171.000,267,303780.33
MCOU,KS,00169280015,SAXENDA   ,2023,3,false,8337.000,674,726997.23
MCOU,KS,00169280015,SAXENDA   ,2023,2,false,12939.000,983,1126012.72
MCOU,KS,00169280015,SAXENDA   ,2023,1,false,15159.000,1156,1319172.93
MCOU,LA,00169280015,SAXENDA   ,2023,3,true,,,
MCOU,LA,00169280015,SAXENDA   ,2023,2,true,,,
MCOU,MA,00169280015,SAXENDA 18,2023,4,true,,,
MCOU,MA,00169280015,SAXENDA 18,2023,3,true,,,
MCOU,MA,00169280015,SAXENDA 18,2023,2,true,,,
MCOU,MA,00169280015,SAXENDA 18,2023,1,true,,,
MCOU,MD,00169280015,SAXENDA 18,2023,1,true,,,
FFSU,MI,00169280015,SAXENDA   ,2023,4,false,4191.000,291,356357.63
MCOU,MI,00169280015,SAXENDA   ,2023,4,false,28308.000,2063,2446232.62
MCOU,MI,00169280015,SAXENDA   ,2023,3,false,59115.000,4435,5110041.41
FFSU,MI,00169280015,SAXENDA   ,2023,3,false,10584.000,761,898367.26
MCOU,MI,00169280015,SAXENDA   ,2023,2,false,98499.000,7106,8517720.28
FFSU,MI,00169280015,SAXENDA   ,2023,2,false,13557.000,925,1144441.49
FFSU,MI,00169280015,SAXENDA   ,2023,1,false,14733.000,1026,1247618.24
MCOU,MI,00169280015,SAXENDA   ,2023,1,false,112557.000,8099,9742041.37
MCOU,MN,00169280015,SAXENDA   ,2023,4,false,11820.000,828,1036084.54
FFSU,MN,00169280015,SAXENDA   ,2023,4,false,405.000,29,35503.93
FFSU,MN,00169280015,SAXENDA   ,2023,3,false,1212.000,87,106983.96
MCOU,MN,00169280015,SAXENDA   ,2023,3,false,21828.000,1600,1927768.26
FFSU,MN,00169280015,SAXENDA   ,2023,2,false,912.000,65,80765.15
MCOU,MN,00169280015,SAXENDA   ,2023,2,false,21144.000,1551,1866982.60
FFSU,MN,00169280015,SAXENDA   ,2023,1,false,723.000,55,64065.03
MCOU,MN,00169280015,SAXENDA   ,2023,1,false,17442.000,1245,1551120.62
MCOU,MS,00169280015,SAXENDA   ,2023,4,false,1320.000,102,115171.06
FFSU,MS,00169280015,SAXENDA   ,2023,4,false,465.000,37,43965.86
MCOU,MS,00169280015,SAXENDA   ,2023,3,false,1917.000,150,167310.77
FFSU,MS,00169280015,SAXENDA   ,2023,3,false,504.000,39,43982.14
MCOU,MS,00169280015,SAXENDA   ,2023,2,true,,,
MCOU,MS,00169280015,SAXENDA   ,2023,1,false,369.000,26,32115.61
FFSU,XX,00169280015,SAXENDA   ,2023,4,false,90237.000,6551,7920997.17
MCOU,XX,00169280015,SAXENDA   ,2023,4,false,73866.000,5329,6333041.56
FFSU,XX,00169280015,SAXENDA   ,2023,3,false,258277.000,18576,22566343.14
MCOU,XX,00169280015,SAXENDA   ,2023,3,false,161808.000,12263,13670184.92
FFSU,XX,00169280015,SAXENDA   ,2023,2,false,221963.000,15287,19356423.74
MCOU,XX,00169280015,SAXENDA   ,2023,2,false,209819.000,15202,17619383.97
FFSU,XX,00169280015,SAXENDA   ,2023,1,false,286445.000,19599,25062388.75
MCOU,XX,00169280015,SAXENDA   ,2023,1,false,197730.000,14229,16562474.90
FFSU,NC,00169280015,SAXENDA   ,2023,4,true,,,
MCOU,NC,00169280015,SAXENDA   ,2023,4,true,,,
MCOU,NC,00169280015,SAXENDA   ,2023,3,true,,,
FFSU,NC,00169280015,SAXENDA   ,2023,3,true,,,
MCOU,NC,00169280015,SAXENDA   ,2023,2,false,252.000,15,21885.76
FFSU,NC,00169280015,SAXENDA   ,2023,2,true,,,
FFSU,NC,00169280015,SAXENDA   ,2023,1,true,,,
MCOU,NC,00169280015,SAXENDA   ,2023,1,false,231.000,15,20074.75
MCOU,NH,00169280015,SAXENDA   ,2023,4,false,897.000,57,74296.97
MCOU,NH,00169280015,SAXENDA   ,2023,3,false,2547.000,208,206634.25
MCOU,NH,00169280015,SAXENDA   ,2023,2,false,3852.000,276,309878.38
FFSU,NH,00169280015,SAXENDA   ,2023,2,true,,,
FFSU,NH,00169280015,SAXENDA   ,2023,1,true,,,
MCOU,NH,00169280015,SAXENDA   ,2023,1,false,4425.000,310,362385.96
MCOU,NJ,00169280015,SAXENDA   ,2023,4,true,,,
MCOU,NJ,00169280015,SAXENDA   ,2023,3,true,,,
MCOU,NJ,00169280015,SAXENDA   ,2023,2,true,,,
MCOU,NJ,00169280015,SAXENDA   ,2023,1,true,,,
FFSU,NM,00169280015,SAXENDA 18,2023,4,true,,,
FFSU,NM,00169280015,SAXENDA 18,2023,3,true,,,
FFSU,NM,00169280015,SAXENDA 18,2023,2,true,,,
FFSU,NM,00169280015,SAXENDA 18,2023,1,true,,,
MCOU,OH,00169280015,SAXENDA   ,2023,4,false,234.000,18,20364.00
MCOU,OH,00169280015,SAXENDA   ,2023,3,true,,,
MCOU,OH,00169280015,SAXENDA   ,2023,2,true,,,
MCOU,OH,00169280015,SAXENDA   ,2023,1,true,,,
MCOU,OR,00169280015,SAXENDA   ,2023,2,true,,,
FFSU,PA,00169280015,SAXENDA   ,2023,4,false,186.000,13,16102.76
MCOU,PA,00169280015,SAXENDA   ,2023,4,false,18351.000,1281,1586445.30
FFSU,PA,00169280015,SAXENDA   ,2023,3,false,540.000,40,46715.63
MCOU,PA,00169280015,SAXENDA   ,2023,3,false,42369.000,3205,3671852.04
FFSU,PA,00169280015,SAXENDA   ,2023,2,false,318.000,22,27475.90
MCOU,PA,00169280015,SAXENDA   ,2023,2,false,37071.000,2656,3209627.01
MCOU,PA,00169280015,SAXENDA   ,2023,1,false,9846.000,690,843432.14
FFSU,PA,00169280015,SAXENDA   ,2023,1,true,,,
MCOU,RI,00169280015,SAXENDA   ,2023,4,false,651.000,45,55792.88
MCOU,RI,00169280015,SAXENDA   ,2023,3,false,1272.000,98,108707.90
MCOU,RI,00169280015,SAXENDA   ,2023,2,false,2850.000,198,247898.75
FFSU,RI,00169280015,SAXENDA   ,2023,2,true,,,
MCOU,RI,00169280015,SAXENDA   ,2023,1,false,4617.000,319,399121.52
MCOU,SC,00169280015,SAXENDA   ,2023,4,true,,,
MCOU,SC,00169280015,SAXENDA   ,2023,3,true,,,
MCOU,SC,00169280015,SAXENDA   ,2023,2,true,,,
MCOU,SC,00169280015,SAXENDA   ,2023,1,true,,,
FFSU,TN,00169280015,SAXENDA   ,2023,4,false,1812.000,146,158051.64
FFSU,TN,00169280015,SAXENDA   ,2023,3,false,3810.000,324,332086.03
MCOU,TN,00169280015,SAXENDA   ,2023,2,true,,,
FFSU,TN,00169280015,SAXENDA   ,2023,2,false,5583.000,417,485331.13
FFSU,TN,00169280015,SAXENDA   ,2023,1,false,6795.000,493,590578.13
MCOU,TX,00169280015,SAXENDA 18,2023,4,true,,,
MCOU,TX,00169280015,SAXENDA 18,2023,3,false,195.000,13,16948.96
MCOU,TX,00169280015,SAXENDA 18,2023,2,false,180.000,12,15558.24
MCOU,TX,00169280015,SAXENDA 18,2023,1,false,177.000,15,15301.00
MCOU,VA,00169280015,SAXENDA   ,2023,4,false,6759.000,498,587320.05
FFSU,VA,00169280015,SAXENDA   ,2023,4,true,,,
MCOU,VA,00169280015,SAXENDA   ,2023,3,false,16677.000,1275,1443817.52
FFSU,VA,00169280015,SAXENDA   ,2023,3,true,,,
FFSU,VA,00169280015,SAXENDA   ,2023,2,true,,,
MCOU,VA,00169280015,SAXENDA   ,2023,2,false,20664.000,1489,1783484.48
MCOU,VA,00169280015,SAXENDA   ,2023,1,false,18366.000,1310,1581776.93
FFSU,VA,00169280015,SAXENDA   ,2023,1,false,207.000,14,17989.86
MCOU,WA,00169280015,SAXENDA   ,2023,4,true,,,
MCOU,WA,00169280015,SAXENDA   ,2023,3,true,,,
MCOU,WA,00169280015,SAXENDA   ,2023,2,true,,,
MCOU,WA,00169280015,SAXENDA   ,2023,1,true,,,
FFSU,WI,00169280015,SAXENDA   ,2023,4,false,21348.000,1633,1919433.57
FFSU,WI,00169280015,SAXENDA   ,2023,3,false,36873.000,3012,3297025.93
FFSU,WI,00169280015,SAXENDA   ,2023,2,false,44469.000,3427,3951884.72
FFSU,WI,00169280015,SAXENDA   ,2023,1,false,47547.000,3583,4316435.51
FFSU,WV,00169280015,SAXENDA 18,2023,3,true,,,
FFSU,WV,00169280015,SAXENDA 18,2023,1,true,,,
FFSU,AL,00310651201,BYETTA 250,2023,4,true,,,
FFSU,AL,00310652401,BYETTA 250,2023,4,true,,,
FFSU,AL,00310651201,BYETTA 250,2023,3,true,,,
FFSU,AL,00310652401,BYETTA 250,2023,3,true,,,
FFSU,AL,00310651201,BYETTA 250,2023,2,true,,,
FFSU,AL,00310652401,BYETTA 250,2023,2,false,28.800,12,9720.00
FFSU,AL,00310651201,BYETTA 250,2023,1,false,18.000,15,12138.55
FFSU,AL,00310652401,BYETTA 250,2023,1,true,,,
MCOU,AR,00310651201,BYETTA    ,2023,4,false,15.600,13,10592.14
FFSU,AR,00310651201,BYETTA    ,2023,4,false,153.600,128,102800.53
MCOU,AR,00310652401,BYETTA    ,2023,4,true,,,
FFSU,AR,00310652401,BYETTA    ,2023,4,false,120.000,50,40222.40
FFSU,AR,00310651201,BYETTA    ,2023,3,false,147.600,123,98733.20
MCOU,AR,00310651201,BYETTA    ,2023,3,false,21.600,18,14581.60
MCOU,AR,00310652401,BYETTA    ,2023,3,true,,,
FFSU,AR,00310652401,BYETTA    ,2023,3,false,105.600,44,35402.49
FFSU,AR,00310651201,BYETTA    ,2023,2,false,99.600,83,66652.60
MCOU,AR,00310651201,BYETTA    ,2023,2,false,16.800,14,11329.36
FFSU,AR,00310652401,BYETTA    ,2023,2,false,79.200,33,26525.40
MCOU,AR,00310652401,BYETTA    ,2023,2,true,,,
MCOU,AR,00310651201,BYETTA    ,2023,1,true,,,
FFSU,AR,00310651201,BYETTA    ,2023,1,false,57.600,48,38290.22
MCOU,AR,00310652401,BYETTA    ,2023,1,true,,,
FFSU,AR,00310652401,BYETTA    ,2023,1,false,36.000,15,12010.80
MCOU,AZ,00310651201,BYETTA    ,2023,4,false,139.200,107,91669.55
FFSU,AZ,00310652401,BYETTA    ,2023,4,true,,,
MCOU,AZ,00310652401,BYETTA    ,2023,4,false,76.800,26,25218.24
MCOU,AZ,00310651201,BYETTA    ,2023,3,false,100.800,80,66570.79
FFSU,AZ,00310652401,BYETTA    ,2023,3,true,,,
MCOU,AZ,00310652401,BYETTA    ,2023,3,false,88.800,29,29203.89
MCOU,AZ,00310651201,BYETTA    ,2023,2,false,99.600,80,65378.65
MCOU,AZ,00310652401,BYETTA    ,2023,2,false,62.400,24,20581.72
FFSU,AZ,00310652401,BYETTA    ,2023,2,true,,,
MCOU,AZ,00310651201,BYETTA    ,2023,1,false,62.400,46,41220.66
MCOU,AZ,00310652401,BYETTA    ,2023,1,false,57.600,20,18980.96
FFSU,AZ,00310652401,BYETTA    ,2023,1,true,,,
FFSU,CA,00310651201,BYETTA 250,2023,4,false,32.400,27,21707.79
FFSU,CA,00310652401,BYETTA 250,2023,4,false,88.800,30,29722.62
FFSU,CA,00310651201,BYETTA 250,2023,3,false,63.600,52,42602.84
FFSU,CA,00310652401,BYETTA 250,2023,3,false,144.000,53,48220.64
FFSU,CA,00310651201,BYETTA 250,2023,2,false,54.000,43,36168.43
FFSU,CA,00310652401,BYETTA 250,2023,2,false,122.400,47,40984.22
FFSU,CA,00310651201,BYETTA 250,2023,1,false,73.200,56,48578.86
FFSU,CA,00310652401,BYETTA 250,2023,1,false,163.200,64,54084.67
FFSU,CO,00310651201,BYETTA    ,2023,4,false,78.000,47,51871.68
FFSU,CO,00310652401,BYETTA    ,2023,4,false,172.800,54,57464.19
MCOU,CO,00310652401,BYETTA    ,2023,4,true,,,
MCOU,CO,00310651201,BYETTA    ,2023,3,true,,,
FFSU,CO,00310651201,BYETTA    ,2023,3,false,85.200,50,56378.29
FFSU,CO,00310652401,BYETTA    ,2023,3,false,170.400,51,55895.72
MCOU,CO,00310651201,BYETTA    ,2023,2,true,,,
FFSU,CO,00310651201,BYETTA    ,2023,2,false,78.000,46,51378.67
FFSU,CO,00310652401,BYETTA    ,2023,2,false,177.600,51,58164.66
MCOU,CO,00310652401,BYETTA    ,2023,2,true,,,
MCOU,CO,00310651201,BYETTA    ,2023,1,true,,,
FFSU,CO,00310651201,BYETTA    ,2023,1,false,98.400,56,64749.96
MCOU,CO,00310652401,BYETTA    ,2023,1,true,,,
FFSU,CO,00310652401,BYETTA    ,2023,1,false,230.400,70,75177.09
FFSU,CT,00310651201,BYETTA 250,2023,4,true,,,
FFSU,CT,00310652401,BYETTA 250,2023,4,true,,,
FFSU,CT,00310651201,BYETTA 250,2023,3,true,,,
FFSU,CT,00310652401,BYETTA 250,2023,3,true,,,
FFSU,CT,00310651201,BYETTA 250,2023,2,true,,,
FFSU,CT,00310652401,BYETTA 250,2023,2,true,,,
FFSU,CT,00310651201,BYETTA 250,2023,1,true,,,
FFSU,CT,00310652401,BYETTA 250,2023,1,true,,,
MCOU,DC,00310651201,BYETTA 5 M,2023,2,true,,,
MCOU,DC,00310652401,BYETTA 10 ,2023,2,true,,,
MCOU,DC,00310651201,BYETTA 5 M,2023,1,false,31.000,26,21182.75
MCOU,DC,00310652401,BYETTA 10 ,2023,1,true,,,
FFSU,FL,00310651201,BYETTA    ,2023,4,false,14.400,12,9640.40
MCOU,FL,00310651201,BYETTA    ,2023,4,false,72.000,60,47010.02
MCOU,FL,00310652401,BYETTA    ,2023,4,false,220.800,92,72334.13
FFSU,FL,00310652401,BYETTA    ,2023,4,true,,,
MCOU,FL,00310651201,BYETTA    ,2023,3,false,97.200,81,63598.89
FFSU,FL,00310651201,BYETTA    ,2023,3,false,14.400,12,9634.08
FFSU,FL,00310652401,BYETTA    ,2023,3,true,,,
MCOU,FL,00310652401,BYETTA    ,2023,3,false,242.400,101,79522.11
MCOU,FL,00310651201,BYETTA    ,2023,2,false,166.800,138,108979.52
FFSU,FL,00310651201,BYETTA    ,2023,2,false,13.200,11,8831.24
FFSU,FL,00310652401,BYETTA    ,2023,2,true,,,
MCOU,FL,00310652401,BYETTA    ,2023,2,false,316.800,132,103805.51
FFSU,FL,00310651201,BYETTA    ,2023,1,false,14.400,12,9541.76
MCOU,FL,00310651201,BYETTA    ,2023,1,false,260.400,215,170296.47
MCOU,FL,00310652401,BYETTA    ,2023,1,false,408.000,168,133185.58
FFSU,FL,00310652401,BYETTA    ,2023,1,true,,,
MCOU,GA,00310651201,BYETTA    ,2023,4,true,,,
FFSU,GA,00310651201,BYETTA    ,2023,4,false,193.200,161,129342.25
FFSU,GA,00310652401,BYETTA    ,2023,4,false,172.800,72,57914.42
MCOU,GA,00310652401,BYETTA    ,2023,4,true,,,
FFSU,GA,00310651201,BYETTA    ,2023,3,false,196.800,164,131682.22
MCOU,GA,00310651201,BYETTA    ,2023,3,false,13.200,11,8618.13
MCOU,GA,00310652401,BYETTA    ,2023,3,true,,,
FFSU,GA,00310652401,BYETTA    ,2023,3,false,184.800,77,61948.22
MCOU,GA,00310651201,BYETTA    ,2023,2,false,19.200,16,12537.21
FFSU,GA,00310651201,BYETTA    ,2023,2,false,190.800,159,127713.57
FFSU,GA,00310652401,BYETTA    ,2023,2,false,132.000,55,44219.87
MCOU,GA,00310652401,BYETTA    ,2023,2,true,,,
FFSU,GA,00310651201,BYETTA    ,2023,1,false,170.400,142,113643.22
MCOU,GA,00310651201,BYETTA    ,2023,1,false,18.000,15,11664.22
MCOU,GA,00310652401,BYETTA    ,2023,1,true,,,
FFSU,GA,00310652401,BYETTA    ,2023,1,false,139.200,58,46443.14
MCOU,IA,00310651201,BYETTA 250,2023,4,true,,,
MCOU,IA,00310652401,BYETTA 250,2023,4,true,,,
MCOU,IA,00310652401,BYETTA 250,2023,3,false,33.600,14,11094.02
MCOU,IA,00310651201,BYETTA 250,2023,2,true,,,
MCOU,IA,00310652401,BYETTA 250,2023,2,false,43.200,18,14263.74
MCOU,IA,00310651201,BYETTA 250,2023,1,true,,,
MCOU,IA,00310652401,BYETTA 250,2023,1,false,76.800,24,25357.76
FFSU,ID,00310651201,BYETTA    ,2023,4,true,,,
FFSU,ID,00310651201,BYETTA    ,2023,3,true,,,
FFSU,ID,00310652401,BYETTA    ,2023,3,true,,,
FFSU,ID,00310652401,BYETTA    ,2023,2,true,,,
FFSU,ID,00310651201,BYETTA    ,2023,1,true,,,
FFSU,ID,00310652401,BYETTA    ,2023,1,true,,,
MCOU,IL,00310651201,BYETTA 250,2023,4,true,,,
MCOU,IL,00310652401,BYETTA 250,2023,4,true,,,
MCOU,IL,00310651201,BYETTA 250,2023,3,true,,,
MCOU,IL,00310652401,BYETTA 250,2023,3,false,48.000,16,15799.45
MCOU,IL,00310651201,BYETTA 250,2023,2,true,,,
MCOU,IL,00310652401,BYETTA 250,2023,2,false,50.400,19,16608.29
MCOU,IL,00310651201,BYETTA 250,2023,1,false,21.600,16,15847.85
MCOU,IL,00310652401,BYETTA 250,2023,1,false,84.000,29,29107.95
FFSU,IN,00310651201,BYETTA 250,2023,4,true,,,
MCOU,IN,00310651201,BYETTA 250,2023,4,false,115.200,87,72576.16
FFSU,IN,00310652401,BYETTA 250,2023,4,true,,,
MCOU,IN,00310652401,BYETTA 250,2023,4,false,55.200,23,16382.89
FFSU,IN,00310651201,BYETTA 250,2023,3,true,,,
MCOU,IN,00310651201,BYETTA 250,2023,3,false,80.400,62,51341.20
MCOU,IN,00310652401,BYETTA 250,2023,3,false,96.000,40,31071.63
FFSU,IN,00310652401,BYETTA 250,2023,3,true,,,
FFSU,IN,00310651201,BYETTA 250,2023,2,true,,,
MCOU,IN,00310651201,BYETTA 250,2023,2,false,87.600,73,56722.55
MCOU,IN,00310652401,BYETTA 250,2023,2,false,98.400,41,31876.04
FFSU,IN,00310652401,BYETTA 250,2023,2,true,,,
MCOU,IN,00310651201,BYETTA 250,2023,1,false,81.600,68,52757.04
FFSU,IN,00310651201,BYETTA 250,2023,1,true,,,
MCOU,IN,00310652401,BYETTA 250,2023,1,false,72.000,28,22719.43
MCOU,KY,00310651201,BYETTA    ,2023,4,true,,,
FFSU,KY,00310651201,BYETTA    ,2023,4,true,,,
FFSU,KY,00310652401,BYETTA    ,2023,4,true,,,
MCOU,KY,00310652401,BYETTA    ,2023,4,true,,,
MCOU,KY,00310651201,BYETTA    ,2023,3,false,15.600,13,10303.80
MCOU,KY,00310652401,BYETTA    ,2023,3,true,,,
FFSU,KY,00310652401,BYETTA    ,2023,3,true,,,
MCOU,KY,00310651201,BYETTA    ,2023,2,false,24.000,18,16483.56
FFSU,KY,00310651201,BYETTA    ,2023,2,true,,,
MCOU,KY,00310652401,BYETTA    ,2023,2,true,,,
FFSU,KY,00310652401,BYETTA    ,2023,2,true,,,
MCOU,KY,00310651201,BYETTA    ,2023,1,false,32.400,27,21284.80
FFSU,KY,00310651201,BYETTA    ,2023,1,true,,,
FFSU,KY,00310652401,BYETTA    ,2023,1,true,,,
MCOU,KY,00310652401,BYETTA    ,2023,1,false,33.600,14,11106.20
MCOU,LA,00310651201,BYETTA    ,2023,4,true,,,
MCOU,LA,00310652401,BYETTA    ,2023,4,true,,,
FFSU,LA,00310651201,BYETTA    ,2023,3,true,,,
MCOU,LA,00310651201,BYETTA    ,2023,3,true,,,
MCOU,LA,00310652401,BYETTA    ,2023,3,true,,,
MCOU,LA,00310651201,BYETTA    ,2023,2,true,,,
MCOU,LA,00310652401,BYETTA    ,2023,2,false,36.000,15,12190.63
MCOU,LA,00310651201,BYETTA    ,2023,1,true,,,
FFSU,LA,00310651201,BYETTA    ,2023,1,true,,,
MCOU,LA,00310652401,BYETTA    ,2023,1,false,48.000,18,16075.93
MCOU,MA,00310651201,BYETTA 5 M,2023,4,true,,,
FFSU,MA,00310651201,BYETTA 5 M,2023,4,true,,,
FFSU,MA,00310652401,BYETTA 10 ,2023,4,true,,,
MCOU,MA,00310652401,BYETTA 10 ,2023,4,true,,,
MCOU,MA,00310651201,BYETTA 5 M,2023,3,false,18.000,13,12045.00
FFSU,MA,00310651201,BYETTA 5 M,2023,3,true,,,
MCOU,MA,00310652401,BYETTA 10 ,2023,3,true,,,
FFSU,MA,00310652401,BYETTA 10 ,2023,3,false,43.200,18,14471.85
FFSU,MA,00310651201,BYETTA 5 M,2023,2,true,,,
MCOU,MA,00310651201,BYETTA 5 M,2023,2,true,,,
MCOU,MA,00310652401,BYETTA 10 ,2023,2,true,,,
FFSU,MA,00310652401,BYETTA 10 ,2023,2,false,31.200,13,10443.16
MCOU,MA,00310651201,BYETTA 5 M,2023,1,true,,,
FFSU,MA,00310651201,BYETTA 5 M,2023,1,true,,,
FFSU,MA,00310652401,BYETTA 10 ,2023,1,false,45.600,19,15147.58
MCOU,MA,00310652401,BYETTA 10 ,2023,1,true,,,
FFSU,MD,00310652401,BYETTA 10 ,2023,4,true,,,
FFSU,MD,00310652401,BYETTA 10 ,2023,3,true,,,
FFSU,MD,00310652401,BYETTA 10 ,2023,2,true,,,
MCOU,MD,00310651201,BYETTA 5 M,2023,1,true,,,
MCOU,MD,00310652401,BYETTA 10 ,2023,1,true,,,
FFSU,MD,00310652401,BYETTA 10 ,2023,1,true,,,
FFSU,ME,00310651201,BYETTA    ,2023,4,false,16.800,14,11266.02
FFSU,ME,00310652401,BYETTA    ,2023,4,true,,,
FFSU,ME,00310651201,BYETTA    ,2023,3,false,13.200,11,8849.39
FFSU,ME,00310652401,BYETTA    ,2023,3,true,,,
FFSU,ME,00310651201,BYETTA    ,2023,2,false,18.000,15,12067.35
FFSU,ME,00310652401,BYETTA    ,2023,2,true,,,
FFSU,ME,00310651201,BYETTA    ,2023,1,true,,,
FFSU,ME,00310652401,BYETTA    ,2023,1,true,,,
MCOU,MI,00310651201,BYETTA    ,2023,4,false,39.600,33,26032.17
FFSU,MI,00310651201,BYETTA    ,2023,4,true,,,
FFSU,MI,00310652401,BYETTA    ,2023,4,true,,,
MCOU,MI,00310652401,BYETTA    ,2023,4,false,50.400,19,16650.11
FFSU,MI,00310651201,BYETTA    ,2023,3,true,,,
MCOU,MI,00310651201,BYETTA    ,2023,3,false,48.000,38,31509.84
FFSU,MI,00310652401,BYETTA    ,2023,3,true,,,
MCOU,MI,00310652401,BYETTA    ,2023,3,false,76.800,24,25401.00
FFSU,MI,00310651201,BYETTA    ,2023,2,true,,,
MCOU,MI,00310651201,BYETTA    ,2023,2,false,43.200,34,28349.70
FFSU,MI,00310652401,BYETTA    ,2023,2,true,,,
MCOU,MI,00310652401,BYETTA    ,2023,2,false,98.400,36,32281.75
FFSU,MI,00310651201,BYETTA    ,2023,1,true,,,
MCOU,MI,00310651201,BYETTA    ,2023,1,false,72.000,51,47613.76
FFSU,MI,00310652401,BYETTA    ,2023,1,true,,,
MCOU,MI,00310652401,BYETTA    ,2023,1,false,120.000,44,39423.58
MCOU,MN,00310651201,BYETTA    ,2023,4,false,72.000,60,48272.76
FFSU,MN,00310651201,BYETTA    ,2023,4,true,,,
FFSU,MN,00310652401,BYETTA    ,2023,4,false,28.800,12,9129.00
MCOU,MN,00310652401,BYETTA    ,2023,4,false,98.400,40,33385.16
FFSU,MN,00310651201,BYETTA    ,2023,3,true,,,
MCOU,MN,00310651201,BYETTA    ,2023,3,false,88.800,74,60029.00
MCOU,MN,00310652401,BYETTA    ,2023,3,false,122.400,50,41942.19
FFSU,MN,00310652401,BYETTA    ,2023,3,false,36.000,15,11411.25
FFSU,MN,00310651201,BYETTA    ,2023,2,true,,,
MCOU,MN,00310651201,BYETTA    ,2023,2,false,94.800,77,64640.66
MCOU,MN,00310652401,BYETTA    ,2023,2,false,134.400,54,46352.53
FFSU,MN,00310652401,BYETTA    ,2023,2,true,,,
MCOU,MN,00310651201,BYETTA    ,2023,1,false,74.400,62,51324.68
FFSU,MN,00310651201,BYETTA    ,2023,1,true,,,
MCOU,MN,00310652401,BYETTA    ,2023,1,false,132.000,53,45769.15
FFSU,MN,00310652401,BYETTA    ,2023,1,false,31.200,13,9889.75
FFSU,MO,00310651201,BYETTA    ,2023,4,false,404.400,336,271437.31
FFSU,MO,00310652401,BYETTA    ,2023,4,false,326.400,136,109737.28
FFSU,MO,00310651201,BYETTA    ,2023,3,false,364.800,301,244627.70
FFSU,MO,00310652401,BYETTA    ,2023,3,false,266.400,111,89542.14
FFSU,MO,00310651201,BYETTA    ,2023,2,false,300.000,247,201178.64
FFSU,MO,00310652401,BYETTA    ,2023,2,false,216.000,90,71080.86
FFSU,MO,00310651201,BYETTA    ,2023,1,false,188.400,154,125234.04
FFSU,MO,00310652401,BYETTA    ,2023,1,false,158.400,66,50557.96
MCOU,MS,00310651201,BYETTA 250,2023,4,false,34.800,29,23327.03
FFSU,MS,00310651201,BYETTA 250,2023,4,true,,,
FFSU,MS,00310652401,BYETTA 250,2023,4,true,,,
MCOU,MS,00310652401,BYETTA 250,2023,4,false,45.600,17,12899.61
MCOU,MS,00310651201,BYETTA 250,2023,3,false,34.800,27,20912.43
FFSU,MS,00310651201,BYETTA 250,2023,3,true,,,
FFSU,MS,00310652401,BYETTA 250,2023,3,true,,,
MCOU,MS,00310652401,BYETTA 250,2023,3,false,60.000,25,20138.00
FFSU,MS,00310651201,BYETTA 250,2023,2,false,22.800,19,15273.91
MCOU,MS,00310651201,BYETTA 250,2023,2,false,44.400,37,29745.93
MCOU,MS,00310652401,BYETTA 250,2023,2,false,91.200,37,28979.32
FFSU,MS,00310652401,BYETTA 250,2023,2,true,,,
FFSU,MS,00310651201,BYETTA 250,2023,1,false,32.400,27,21532.18
MCOU,MS,00310651201,BYETTA    ,2023,1,false,73.200,59,45805.07
MCOU,MS,00310652401,BYETTA    ,2023,1,false,67.200,28,22534.52
FFSU,MS,00310652401,BYETTA 250,2023,1,true,,,
FFSU,MT,00310652401,BYETTA 10 ,2023,4,false,33.600,14,11445.76
FFSU,MT,00310651201,BYETTA 5 M,2023,3,true,,,
FFSU,MT,00310652401,BYETTA 10 ,2023,3,false,43.200,18,14545.89
FFSU,MT,00310651201,BYETTA 5 M,2023,2,true,,,
FFSU,MT,00310652401,BYETTA 10 ,2023,2,true,,,
FFSU,MT,00310651201,BYETTA 5 M,2023,1,true,,,
FFSU,MT,00310652401,BYETTA 10 ,2023,1,true,,,
FFSU,XX,00310651201,Byetta 250,2023,4,false,1064.400,856,714940.44
MCOU,XX,00310651201,Byetta 250,2023,4,false,1032.000,811,664357.09
FFSU,XX,00310652401,Byetta 250,2023,4,false,1382.400,534,463603.52
MCOU,XX,00310652401,Byetta 250,2023,4,false,1456.800,571,466734.96
FFSU,XX,00310651201,Byetta 250,2023,3,false,1090.800,864,729745.72
MCOU,XX,00310651201,Byetta 250,2023,3,false,1048.800,817,674196.26
FFSU,XX,00310652401,Byetta 250,2023,3,false,1423.200,556,477474.24
MCOU,XX,00310652401,Byetta 250,2023,3,false,1708.800,667,553510.07
FFSU,XX,00310651201,Byetta 250,2023,2,false,981.600,778,657095.70
MCOU,XX,00310651201,Byetta 250,2023,2,false,1273.200,999,815750.37
FFSU,XX,00310652401,Byetta 250,2023,2,false,1274.400,492,425250.32
MCOU,XX,00310652401,Byetta 250,2023,2,false,1996.800,774,641182.50
FFSU,XX,00310651201,Byetta 250,2023,1,false,871.200,683,580931.39
MCOU,XX,00310651201,Byetta 250,2023,1,false,1379.600,1083,891315.77
FFSU,XX,00310652401,Byetta 250,2023,1,false,1293.600,499,427866.18
MCOU,XX,00310652401,Byetta 250,2023,1,false,2582.800,847,723309.28
FFSU,NC,00310651201,BYETTA    ,2023,4,true,,,
MCOU,NC,00310651201,BYETTA    ,2023,4,false,21.600,13,14390.86
MCOU,NC,00310652401,BYETTA    ,2023,4,false,69.600,23,23190.15
FFSU,NC,00310652401,BYETTA    ,2023,4,true,,,
FFSU,NC,00310651201,BYETTA    ,2023,3,true,,,
MCOU,NC,00310651201,BYETTA    ,2023,3,false,27.600,16,18365.61
MCOU,NC,00310652401,BYETTA    ,2023,3,false,45.600,15,15191.95
FFSU,NC,00310652401,BYETTA    ,2023,3,true,,,
MCOU,NC,00310651201,BYETTA    ,2023,2,false,31.200,15,20725.15
FFSU,NC,00310651201,BYETTA    ,2023,2,true,,,
MCOU,NC,00310652401,BYETTA    ,2023,2,false,57.600,16,19148.94
FFSU,NC,00310652401,BYETTA    ,2023,2,true,,,
MCOU,NC,00310651201,BYETTA    ,2023,1,false,40.800,28,27021.54
FFSU,NC,00310651201,BYETTA    ,2023,1,true,,,
FFSU,NC,00310652401,BYETTA    ,2023,1,false,40.800,11,13470.37
MCOU,NC,00310652401,BYETTA    ,2023,1,false,88.800,25,29469.96
MCOU,NE,00310652401,BYETTA 250,2023,4,true,,,
MCOU,NE,00310652401,BYETTA 250,2023,3,true,,,
MCOU,NE,00310652401,BYETTA 250,2023,2,true,,,
MCOU,NE,00310652401,BYETTA 250,2023,1,true,,,
MCOU,NH,00310651201,BYETTA    ,2023,4,true,,,
MCOU,NH,00310652401,BYETTA    ,2023,4,true,,,
MCOU,NH,00310651201,BYETTA    ,2023,3,true,,,
MCOU,NH,00310652401,BYETTA    ,2023,3,true,,,
MCOU,NH,00310651201,BYETTA    ,2023,2,true,,,
MCOU,NH,00310652401,BYETTA    ,2023,2,false,40.800,15,13580.29
MCOU,NH,00310651201,BYETTA    ,2023,1,true,,,
MCOU,NH,00310652401,BYETTA    ,2023,1,false,31.200,11,10358.69
MCOU,NJ,00310652401,BYETTA 250,2023,4,true,,,
MCOU,NJ,00310652401,BYETTA 250,2023,3,true,,,
MCOU,NJ,00310652401,BYETTA 250,2023,2,true,,,
MCOU,NJ,00310651201,BYETTA 250,2023,1,true,,,
MCOU,NJ,00310652401,BYETTA 250,2023,1,true,,,
MCOU,NM,00310652401,BYETTA 10 ,2023,4,true,,,
MCOU,NM,00310652401,BYETTA 10 ,2023,3,true,,,
MCOU,NM,00310651201,BYETTA 5 M,2023,2,true,,,
MCOU,NM,00310651201,BYETTA 5 M,2023,1,true,,,
MCOU,NM,00310652401,BYETTA 10 ,2023,1,true,,,
FFSU,NV,00310651201,BYETTA    ,2023,4,true,,,
MCOU,NV,00310651201,BYETTA    ,2023,2,true,,,
FFSU,NV,00310651201,BYETTA    ,2023,2,true,,,
MCOU,NV,00310651201,BYETTA    ,2023,1,true,,,
FFSU,NV,00310651201,BYETTA    ,2023,1,true,,,
MCOU,NV,00310652401,BYETTA    ,2023,1,true,,,
FFSU,NY,00310651201,BYETTA    ,2023,4,false,20.400,13,13606.68
FFSU,NY,00310652401,BYETTA    ,2023,4,false,36.000,13,12042.78
FFSU,NY,00310651201,BYETTA    ,2023,3,false,49.200,31,32807.12
FFSU,NY,00310652401,BYETTA    ,2023,3,false,48.000,15,16035.34
FFSU,NY,00310651201,BYETTA    ,2023,2,false,36.000,24,24019.28
FFSU,NY,00310652401,BYETTA    ,2023,2,true,,,
MCOU,NY,00310651201,BYETTA    ,2023,1,false,26.400,22,18272.61
FFSU,NY,00310652401,BYETTA    ,2023,1,true,,,
MCOU,NY,00310652401,BYETTA    ,2023,1,false,43.200,18,15493.75
FFSU,OH,00310651201,BYETTA 250,2023,4,true,,,
MCOU,OH,00310651201,BYETTA 250,2023,4,false,135.600,106,90600.16
MCOU,OH,00310652401,BYETTA 250,2023,4,false,129.600,49,43312.76
FFSU,OH,00310652401,BYETTA 250,2023,4,true,,,
MCOU,OH,00310651201,BYETTA 250,2023,3,false,120.000,87,79964.58
MCOU,OH,00310652401,BYETTA 250,2023,3,false,139.200,52,46521.47
FFSU,OH,00310652401,BYETTA 250,2023,3,true,,,
MCOU,OH,00310651201,BYETTA 250,2023,2,false,92.400,68,61614.11
FFSU,OH,00310651201,BYETTA 250,2023,2,true,,,
FFSU,OH,00310652401,BYETTA 250,2023,2,true,,,
MCOU,OH,00310652401,BYETTA 250,2023,2,false,127.200,45,42450.01
FFSU,OH,00310651201,BYETTA 250,2023,1,true,,,
MCOU,OH,00310651201,BYETTA 250,2023,1,false,50.400,42,33517.02
MCOU,OH,00310652401,BYETTA 250,2023,1,false,108.000,39,35840.03
FFSU,OH,00310652401,BYETTA 250,2023,1,true,,,
FFSU,OK,00310651201,BYETTA 250,2023,4,false,13.200,11,8848.85
FFSU,OK,00310652401,BYETTA 250,2023,4,true,,,
FFSU,OK,00310651201,BYETTA 250,2023,3,false,15.600,11,10429.30
FFSU,OK,00310652401,BYETTA 250,2023,3,true,,,
FFSU,OK,00310651201,BYETTA 250,2023,2,true,,,
FFSU,OK,00310652401,BYETTA 250,2023,2,true,,,
FFSU,OK,00310651201,BYETTA 250,2023,1,true,,,
FFSU,OK,00310652401,BYETTA 250,2023,1,true,,,
MCOU,OR,00310651201,BYETTA 250,2023,4,true,,,
MCOU,OR,00310652401,BYETTA 250,2023,4,true,,,
FFSU,OR,00310652401,BYETTA 250,2023,4,true,,,
MCOU,OR,00310651201,BYETTA 250,2023,3,true,,,
FFSU,OR,00310652401,BYETTA 250,2023,3,true,,,
MCOU,OR,00310652401,BYETTA 250,2023,3,false,26.400,11,8981.85
MCOU,OR,00310651201,BYETTA 250,2023,2,true,,,
FFSU,OR,00310652401,BYETTA 250,2023,2,true,,,
MCOU,OR,00310652401,BYETTA 250,2023,2,false,31.200,13,10432.55
MCOU,OR,00310651201,BYETTA 250,2023,1,false,13.000,11,7913.08
FFSU,OR,00310651201,BYETTA 250,2023,1,true,,,
FFSU,OR,00310652401,BYETTA 250,2023,1,true,,,
MCOU,OR,00310652401,BYETTA 250,2023,1,true,,,
MCOU,PA,00310652401,BYETTA 250,2023,4,true,,,
MCOU,PA,00310652401,BYETTA 250,2023,3,false,26.400,11,8973.48
MCOU,PA,00310651201,BYETTA 250,2023,2,true,,,
MCOU,PA,00310652401,BYETTA 250,2023,2,false,33.600,14,11370.84
MCOU,PA,00310651201,BYETTA 250,2023,1,true,,,
MCOU,PA,00310652401,BYETTA 250,2023,1,false,36.000,15,12187.83
MCOU,RI,00310652401,BYETTA 250,2023,3,true,,,
MCOU,RI,00310652401,BYETTA 250,2023,2,true,,,
MCOU,RI,00310652401,BYETTA 250,2023,1,true,,,
MCOU,SC,00310651201,BYETTA    ,2023,4,true,,,
MCOU,SC,00310652401,BYETTA    ,2023,4,true,,,
MCOU,SC,00310651201,BYETTA    ,2023,3,true,,,
MCOU,SC,00310652401,BYETTA    ,2023,3,true,,,
MCOU,SC,00310652401,BYETTA    ,2023,2,true,,,
MCOU,SC,00310651201,BYETTA    ,2023,1,true,,,
MCOU,SC,00310652401,BYETTA    ,2023,1,false,26.400,11,8649.52
FFSU,TN,00310651201,BYETTA 250,2023,4,false,22.800,19,15250.03
FFSU,TN,00310652401,BYETTA 250,2023,4,false,36.000,15,11972.19
FFSU,TN,00310651201,BYETTA 250,2023,3,false,22.800,19,15232.87
FFSU,TN,00310652401,BYETTA 250,2023,3,false,31.200,13,10373.99
FFSU,TN,00310651201,BYETTA 250,2023,2,false,20.400,17,13630.93
FFSU,TN,00310652401,BYETTA 250,2023,2,false,79.200,33,26320.09
FFSU,TN,00310651201,BYETTA 250,2023,1,false,24.000,20,15913.41
FFSU,TN,00310652401,BYETTA 250,2023,1,false,86.400,36,28565.46
MCOU,TX,00310651201,BYETTA 5 M,2023,4,false,21.600,16,14188.76
FFSU,TX,00310652401,BYETTA 10 ,2023,4,true,,,
MCOU,TX,00310652401,BYETTA 10 ,2023,4,false,64.800,27,21518.98
MCOU,TX,00310651201,BYETTA 5 M,2023,3,false,37.200,29,24936.36
MCOU,TX,00310652401,BYETTA 10 ,2023,3,false,105.600,44,35017.12
MCOU,TX,00310651201,BYETTA 5 M,2023,2,false,54.000,43,36253.20
MCOU,TX,00310652401,BYETTA 10 ,2023,2,false,110.400,41,36483.60
MCOU,TX,00310651201,BYETTA 5 M,2023,1,false,76.800,60,51572.79
MCOU,TX,00310652401,BYETTA 10 ,2023,1,false,122.400,49,40480.88
MCOU,VA,00310651201,BYETTA    ,2023,4,false,112.800,85,74197.31
MCOU,VA,00310652401,BYETTA    ,2023,4,false,132.000,51,43600.51
MCOU,VA,00310651201,BYETTA    ,2023,3,false,115.200,84,74880.57
FFSU,VA,00310652401,BYETTA    ,2023,3,true,,,
MCOU,VA,00310652401,BYETTA    ,2023,3,false,122.400,45,39708.31
MCOU,VA,00310651201,BYETTA    ,2023,2,false,160.800,121,104898.56
MCOU,VA,00310652401,BYETTA    ,2023,2,false,127.200,47,41064.46
MCOU,VA,00310651201,BYETTA    ,2023,1,false,123.600,93,80619.71
MCOU,VA,00310652401,BYETTA    ,2023,1,false,127.200,43,41003.49
FFSU,VT,00310652401,BYETTA 250,2023,4,true,,,
FFSU,VT,00310652401,BYETTA 250,2023,3,true,,,
FFSU,VT,00310651201,BYETTA 250,2023,2,true,,,
FFSU,VT,00310652401,BYETTA 250,2023,2,true,,,
FFSU,VT,00310652401,BYETTA 250,2023,1,true,,,
MCOU,WA,00310651201,BYETTA 250,2023,4,false,201.600,164,118073.76
MCOU,WA,00310652401,BYETTA 250,2023,4,false,324.000,129,94710.10
FFSU,WA,00310652401,BYETTA 250,2023,4,true,,,
MCOU,WA,00310651201,BYETTA 250,2023,3,false,202.800,163,118389.22
FFSU,WA,00310652401,BYETTA 250,2023,3,true,,,
MCOU,WA,00310652401,BYETTA 250,2023,3,false,350.400,144,102215.88
MCOU,WA,00310651201,BYETTA 250,2023,2,false,261.600,209,152491.32
FFSU,WA,00310652401,BYETTA 250,2023,2,true,,,
MCOU,WA,00310652401,BYETTA 250,2023,2,false,424.800,164,122923.57
MCOU,WA,00310651201,BYETTA 250,2023,1,false,248.400,190,145025.03
FFSU,WA,00310651201,BYETTA 250,2023,1,true,,,
FFSU,WA,00310652401,BYETTA 250,2023,1,true,,,
MCOU,WA,00310652401,BYETTA 250,2023,1,false,429.600,168,125391.14
FFSU,WI,00310651201,BYETTA 250,2023,4,false,55.200,46,38574.60
FFSU,WI,00310652401,BYETTA 250,2023,4,false,108.000,42,37337.84
FFSU,WI,00310651201,BYETTA 250,2023,3,false,44.400,37,30537.04
FFSU,WI,00310652401,BYETTA 250,2023,3,false,141.600,58,49895.07
FFSU,WI,00310651201,BYETTA 250,2023,2,false,69.600,55,48140.97
FFSU,WI,00310652401,BYETTA 250,2023,2,false,139.200,57,48410.71
FFSU,WI,00310651201,BYETTA 250,2023,1,false,69.600,56,47012.85
FFSU,WI,00310652401,BYETTA 250,2023,1,false,112.800,47,39669.29
FFSU,WY,00310651201,BYETTA 250,2023,4,true,,,
FFSU,WY,00310652401,BYETTA 250,2023,4,true,,,
FFSU,WY,00310651201,BYETTA 250,2023,3,true,,,
FFSU,WY,00310652401,BYETTA 250,2023,3,true,,,
FFSU,WY,00310651201,BYETTA 250,2023,2,true,,,
FFSU,WY,00310652401,BYETTA 250,2023,2,false,26.400,11,8808.81
FFSU,WY,00310651201,BYETTA 250,2023,1,true,,,
FFSU,WY,00310652401,BYETTA 250,2023,1,true,,,
FFSU,AK,00310654004,BYDUREON B,2023,4,false,71.400,21,16368.27
FFSU,AK,00310654004,BYDUREON B,2023,3,false,78.200,23,17835.61
FFSU,AK,00310654004,BYDUREON B,2023,2,false,105.400,27,24073.21
FFSU,AK,00310654004,BYDUREON B,2023,1,false,156.400,37,35347.51
FFSU,AL,00310654004,BYDUREON B,2023,4,false,153.000,45,36064.66
FFSU,AL,00310654004,BYDUREON B,2023,3,false,197.200,58,46247.15
FFSU,AL,00310654001,BYDUREON B,2023,2,true,,,
FFSU,AL,00310654004,BYDUREON B,2023,2,false,265.200,78,60709.32
FFSU,AL,00310654004,BYDUREON B,2023,1,false,329.800,97,74908.78
MCOU,AR,00310654004,BYDUREON B,2023,4,true,,,
FFSU,AR,00310654004,BYDUREON B,2023,3,true,,,
MCOU,AR,00310654004,BYDUREON B,2023,3,true,,,
MCOU,AR,00310654004,BYDUREON B,2023,2,false,61.200,18,14272.31
FFSU,AR,00310654004,BYDUREON B,2023,2,true,,,
FFSU,AR,00310654004,BYDUREON B,2023,1,true,,,
MCOU,AR,00310654004,BYDUREON B,2023,1,false,72.250,22,16691.74
MCOU,AZ,00310654004,BYDUREON B,2023,4,false,203.000,59,45126.15
MCOU,AZ,00310654004,BYDUREON B,2023,3,false,236.400,68,52660.08
FFSU,AZ,00310654004,BYDUREON B,2023,2,true,,,
MCOU,AZ,00310654004,BYDUREON B,2023,2,false,383.450,107,85773.67
FFSU,AZ,00310654004,BYDUREON B,2023,1,true,,,
MCOU,AZ,00310654004,BYDUREON B,2023,1,false,389.400,104,87354.40
FFSU,CA,00310654004,BYDUREON B,2023,4,false,4999.650,1180,1148391.37
MCOU,CA,00310654004,BYDUREON B,2023,4,false,57.800,17,14338.14
FFSU,CA,00310653004,BYDUREON P,2023,3,true,,,
MCOU,CA,00310654004,BYDUREON B,2023,3,false,64.600,19,16015.48
FFSU,CA,00310654004,BYDUREON B,2023,3,false,7140.450,1715,1639982.89
MCOU,CA,00310654004,BYDUREON B,2023,2,false,69.700,21,17261.40
FFSU,CA,00310654004,BYDUREON B,2023,2,false,6106.550,1481,1399113.64
FFSU,CA,00310653004,BYDUREON P,2023,1,true,,,
FFSU,CA,00310654004,BYDUREON B,2023,1,false,8212.850,1966,1864958.92
MCOU,CA,00310654004,BYDUREON B,2023,1,false,38.250,12,9297.03
MCOU,CO,00310654004,BYDUREON B,2023,4,true,,,
FFSU,CO,00310654004,BYDUREON B,2023,4,false,163.200,39,37366.23
FFSU,CO,00310654004,BYDUREON B,2023,3,false,244.800,57,56180.89
MCOU,CO,00310654004,BYDUREON B,2023,3,true,,,
FFSU,CO,00310654004,BYDUREON B,2023,2,false,323.000,67,73936.88
MCOU,CO,00310654004,BYDUREON B,2023,2,true,,,
FFSU,CO,00310653004,BYDUREON P,2023,1,true,,,
FFSU,CO,00310654004,BYDUREON B,2023,1,false,394.400,88,89347.15
MCOU,CO,00310654004,BYDUREON B,2023,1,true,,,
FFSU,CT,00310654004,BYDUREON B,2023,4,false,180.200,38,41355.77
FFSU,CT,00310654004,BYDUREON B,2023,3,false,312.800,61,71716.93
FFSU,CT,00310654004,BYDUREON B,2023,2,false,421.600,82,96514.43
FFSU,CT,00310653004,BYDUREON P,2023,1,true,,,
FFSU,CT,00310654004,BYDUREON B,2023,1,false,508.300,106,115465.17
FFSU,DC,00310654004,BYDUREON B,2023,4,true,,,
MCOU,DC,00310654004,BYDUREON B,2023,4,true,,,
MCOU,DC,00310654004,BYDUREON B,2023,3,false,61.200,14,12485.62
MCOU,DC,00310654004,BYDUREON B,2023,2,false,156.400,38,30910.96
FFSU,DC,00310654004,BYDUREON B,2023,2,true,,,
FFSU,DC,00310654004,BYDUREON B,2023,1,true,,,
MCOU,DC,00310654004,BYDUREON B,2023,1,false,205.000,47,40930.57
MCOU,DE,00310654001,BYDUREON B,2023,4,true,,,
MCOU,DE,00310654004,BYDUREON B,2023,4,false,91.800,25,20978.93
MCOU,DE,00310654001,BYDUREON B,2023,3,true,,,
MCOU,DE,00310654004,BYDUREON B,2023,3,false,125.800,35,28705.49
MCOU,DE,00310654004,BYDUREON B,2023,2,false,139.400,41,31787.84
MCOU,DE,00310654004,BYDUREON B,2023,1,false,193.800,57,43920.97
FFSU,FL,00310654004,BYDUREON B,2023,4,true,,,
MCOU,FL,00310654004,BYDUREON B,2023,4,false,420.750,126,94256.88
MCOU,FL,00310654001,BYDUREON B,2023,3,true,,,
FFSU,FL,00310654004,BYDUREON B,2023,3,true,,,
MCOU,FL,00310654004,BYDUREON B,2023,3,false,477.700,141,107116.74
MCOU,FL,00310654001,BYDUREON B,2023,2,true,,,
MCOU,FL,00310654004,BYDUREON B,2023,2,false,662.150,196,148622.82
FFSU,FL,00310654004,BYDUREON B,2023,2,true,,,
MCOU,FL,00310653004,BYDUREON P,2023,1,true,,,
MCOU,FL,00310654001,BYDUREON B,2023,1,true,,,
FFSU,FL,00310654004,BYDUREON B,2023,1,false,54.400,16,12414.98
MCOU,FL,00310654004,BYDUREON B,2023,1,false,839.800,245,188256.42
MCOU,GA,00310654004,BYDUREON B,2023,4,false,894.200,263,200148.07
FFSU,GA,00310654004,BYDUREON B,2023,4,false,54.400,16,12489.52
MCOU,GA,00310654001,BYDUREON B,2023,3,true,,,
FFSU,GA,00310654004,BYDUREON B,2023,3,false,64.600,19,14851.18
MCOU,GA,00310654004,BYDUREON B,2023,3,false,1111.800,327,249722.12
MCOU,GA,00310654001,BYDUREON B,2023,2,true,,,
FFSU,GA,00310654004,BYDUREON B,2023,2,false,88.400,26,20334.51
MCOU,GA,00310654004,BYDUREON B,2023,2,false,1377.000,405,309537.45
MCOU,GA,00310654001,BYDUREON B,2023,1,true,,,
MCOU,GA,00310654004,BYDUREON B,2023,1,false,1292.000,379,289881.45
FFSU,GA,00310654004,BYDUREON B,2023,1,false,81.600,24,18744.33
MCOU,HI,00310654004,BYDUREON B,2023,4,false,320.450,93,71072.57
MCOU,HI,00310654004,BYDUREON B,2023,3,false,387.600,114,87631.34
MCOU,HI,00310654004,BYDUREON B,2023,2,false,442.000,128,96765.02
MCOU,HI,00310653004,BYDUREON 2,2023,1,true,,,
MCOU,HI,00310654004,BYDUREON B,2023,1,false,555.900,159,109149.45
MCOU,IA,00310654004,BYDUREON B,2023,4,false,251.600,74,57119.28
MCOU,IA,00310654004,BYDUREON B,2023,3,false,375.200,108,85048.07
MCOU,IA,00310654001,BYDUREON B,2023,2,true,,,
MCOU,IA,00310654004,BYDUREON B,2023,2,false,500.650,134,113792.75
MCOU,IA,00310654001,BYDUREON B,2023,1,true,,,
MCOU,IA,00310654004,BYDUREON B,2023,1,false,697.000,179,158058.45
FFSU,ID,00310654004,BYDUREON B,2023,4,false,139.400,41,32061.27
FFSU,ID,00310654004,BYDUREON B,2023,3,false,204.000,56,46866.08
FFSU,ID,00310654004,BYDUREON B,2023,2,false,261.800,75,60152.02
FFSU,ID,00310654004,BYDUREON B,2023,1,false,358.700,105,81880.50
MCOU,IL,00310654004,BYDUREON B,2023,4,false,78.200,23,17863.09
FFSU,IL,00310654004,BYDUREON B,2023,4,true,,,
FFSU,IL,00310654004,BYDUREON B,2023,3,true,,,
MCOU,IL,00310654004,BYDUREON B,2023,3,false,119.000,35,28668.49
MCOU,IL,00310654004,BYDUREON B,2023,2,false,159.800,47,37987.30
FFSU,IL,00310654004,BYDUREON B,2023,2,false,78.200,18,16541.09
FFSU,IL,00310654004,BYDUREON B,2023,1,false,47.600,12,11582.81
MCOU,IL,00310654004,BYDUREON B,2023,1,false,928.200,204,250083.04
MCOU,IN,00310654004,BYDUREON B,2023,4,false,1224.000,342,272282.65
FFSU,IN,00310654004,BYDUREON B,2023,4,false,57.800,17,13312.19
FFSU,IN,00310654004,BYDUREON B,2023,3,false,47.600,14,10961.71
MCOU,IN,00310654004,BYDUREON B,2023,3,false,7038.000,2040,1544849.52
FFSU,IN,00310654004,BYDUREON B,2023,2,false,40.800,12,9381.60
MCOU,IN,00310654004,BYDUREON B,2023,2,false,9116.250,2664,2003516.96
MCOU,IN,00310653004,BYDUREON P,2023,1,true,,,
MCOU,IN,00310654001,BYDUREON B,2023,1,true,,,
MCOU,IN,00310654004,BYDUREON B,2023,1,false,9484.050,2755,2090516.53
FFSU,IN,00310654004,BYDUREON B,2023,1,false,44.200,13,10095.99
MCOU,KS,00310654004,BYDUREON B,2023,4,true,,,
MCOU,KS,00310654004,BYDUREON B,2023,3,false,40.800,12,9397.08
MCOU,KS,00310654004,BYDUREON B,2023,2,false,68.000,18,15616.67
MCOU,KS,00310654004,BYDUREON B,2023,1,false,61.200,20,14027.82
FFSU,KY,00310654004,BYDUREON B,2023,4,false,56.100,22,12918.00
MCOU,KY,00310654004,BYDUREON B,2023,4,false,735.250,191,169798.95
FFSU,KY,00310654004,BYDUREON B,2023,3,false,51.000,15,11727.17
MCOU,KY,00310654004,BYDUREON B,2023,3,false,1178.100,303,270965.63
FFSU,KY,00310654004,BYDUREON B,2023,2,false,93.500,25,21466.66
MCOU,KY,00310654004,BYDUREON B,2023,2,false,1575.050,408,360614.00
MCOU,KY,00310654004,BYDUREON B,2023,1,false,2043.400,519,473585.88
FFSU,KY,00310654004,BYDUREON B,2023,1,false,68.850,21,15653.46
FFSU,LA,00310654004,BYDUREON B,2023,4,true,,,
MCOU,LA,00310654004,BYDUREON B,2023,4,false,387.600,102,89185.14
MCOU,LA,00310654004,BYDUREON B,2023,3,false,455.600,129,105501.70
FFSU,LA,00310654004,BYDUREON B,2023,3,true,,,
MCOU,LA,00310654001,BYDUREON B,2023,2,true,,,
FFSU,LA,00310654004,BYDUREON B,2023,2,true,,,
MCOU,LA,00310654004,BYDUREON B,2023,2,false,700.400,198,162418.23
MCOU,LA,00310654004,BYDUREON B,2023,1,false,1009.800,284,234059.07
FFSU,LA,00310654004,BYDUREON B,2023,1,true,,,
MCOU,MA,00310654004,BYDUREON B,2023,4,false,119.000,25,26919.28
FFSU,MA,00310654004,BYDUREON B,2023,4,false,44.200,13,9678.77
FFSU,MA,00310654004,BYDUREON B,2023,3,false,64.600,19,14713.33
MCOU,MA,00310654004,BYDUREON B,2023,3,false,136.000,34,30825.98
MCOU,MA,00310654004,BYDUREON B,2023,2,false,204.000,42,45485.15
FFSU,MA,00310654004,BYDUREON B,2023,2,false,64.600,17,14375.69
FFSU,MA,00310653004,BYDUREON 2,2023,1,true,,,
FFSU,MA,00310654004,BYDUREON B,2023,1,false,119.000,35,26867.32
MCOU,MA,00310654004,BYDUREON B,2023,1,false,129.200,26,29049.98
MCOU,MD,00310654004,BYDUREON B,2023,4,false,214.800,61,50318.96
FFSU,MD,00310654004,BYDUREON B,2023,4,true,,,
FFSU,MD,00310654004,BYDUREON B,2023,3,true,,,
MCOU,MD,00310654004,BYDUREON B,2023,3,false,244.800,70,57564.54
FFSU,MD,00310654004,BYDUREON B,2023,2,true,,,
MCOU,MD,00310654004,BYDUREON B,2023,2,false,282.800,82,66796.50
FFSU,MD,00310653004,BYDUREON 2,2023,1,true,,,
MCOU,MD,00310653004,BYDUREON 2,2023,1,true,,,
MCOU,MD,00310654004,BYDUREON B,2023,1,false,273.200,78,63933.74
FFSU,MD,00310654004,BYDUREON B,2023,1,true,,,
FFSU,ME,00310654004,BYDUREON B,2023,4,false,163.200,48,37655.04
FFSU,ME,00310654004,BYDUREON B,2023,3,false,204.000,60,47062.45
FFSU,ME,00310654004,BYDUREON B,2023,2,false,231.200,64,52892.77
FFSU,ME,00310653004,BYDUREON P,2023,1,true,,,
FFSU,ME,00310654004,BYDUREON B,2023,1,false,275.400,77,62431.45
FFSU,MI,00310654004,BYDUREON B,2023,4,true,,,
MCOU,MI,00310654004,BYDUREON B,2023,4,false,238.000,58,53577.94
MCOU,MI,00310654004,BYDUREON B,2023,3,false,295.800,79,66844.59
FFSU,MI,00310654004,BYDUREON B,2023,3,false,40.800,12,9144.68
MCOU,MI,00310654004,BYDUREON B,2023,2,false,312.800,83,70668.78
FFSU,MI,00310654004,BYDUREON B,2023,2,false,45.900,16,10224.05
MCOU,MI,00310654004,BYDUREON B,2023,1,false,447.000,119,101198.48
FFSU,MI,00310654004,BYDUREON B,2023,1,false,47.600,14,10721.81
MCOU,MN,00310654001,BYDUREON B,2023,4,true,,,
MCOU,MN,00310654004,BYDUREON B,2023,4,false,7577.750,2223,1749861.97
FFSU,MN,00310654004,BYDUREON B,2023,4,false,1032.750,309,241439.30
MCOU,MN,00310654004,BYDUREON B,2023,3,false,7522.500,2201,1746910.20
FFSU,MN,00310654004,BYDUREON B,2023,3,false,1224.000,360,286970.40
MCOU,MN,00310654004,BYDUREON B,2023,2,false,15257.650,4461,3559005.41
FFSU,MN,00310654004,BYDUREON B,2023,2,false,958.000,282,224278.80
MCOU,MN,00310654004,BYDUREON B,2023,1,false,7309.150,2120,1714394.02
FFSU,MN,00310654004,BYDUREON B,2023,1,false,1067.600,314,247726.84
FFSU,MO,00310654004,BYDUREON B,2023,4,false,323.000,95,74538.15
FFSU,MO,00310654004,BYDUREON B,2023,3,false,336.600,99,77620.32
FFSU,MO,00310654004,BYDUREON B,2023,2,false,374.000,110,86181.63
FFSU,MO,00310654004,BYDUREON B,2023,1,false,487.900,145,110410.25
MCOU,MS,00310654004,BYDUREON B,2023,4,true,,,
FFSU,MS,00310654004,BYDUREON B,2023,4,true,,,
MCOU,MS,00310654004,BYDUREON B,2023,3,false,74.800,22,17245.36
FFSU,MS,00310654004,BYDUREON B,2023,3,true,,,
FFSU,MS,00310654004,BYDUREON B,2023,2,true,,,
MCOU,MS,00310654004,BYDUREON B,2023,2,false,81.600,24,18786.91
FFSU,MS,00310654004,BYDUREON B,2023,1,true,,,
MCOU,MS,00310654004,BYDUREON B,2023,1,false,125.800,37,28988.10
FFSU,MT,00310654001,BYDUREON B,2023,4,true,,,
FFSU,MT,00310654004,BYDUREON B,2023,4,true,,,
FFSU,MT,00310654004,BYDUREON B,2023,3,false,40.800,12,9476.78
FFSU,MT,00310654004,BYDUREON B,2023,2,false,64.600,15,14937.12
FFSU,MT,00310654004,BYDUREON B,2023,1,false,92.400,20,20356.54
MCOU,XX,00310653004,Bydureon P,2023,4,true,,,
FFSU,XX,00310654001,BYDUREON B,2023,4,true,,,
MCOU,XX,00310654001,BYDUREON B,2023,4,false,68.000,20,15539.81
FFSU,XX,00310654004,BYDUREON B,2023,4,false,13723.800,3538,3157669.66
MCOU,XX,00310654004,BYDUREON B,2023,4,false,41391.500,11863,9744792.49
FFSU,XX,00310653004,Bydureon P,2023,3,true,,,
MCOU,XX,00310653004,Bydureon P,2023,3,true,,,
MCOU,XX,00310654001,BYDUREON B,2023,3,false,39.200,11,8346.15
FFSU,XX,00310654004,BYDUREON B,2023,3,false,17875.100,4603,4110973.55
MCOU,XX,00310654004,BYDUREON B,2023,3,false,48611.900,14011,11501949.42
FFSU,XX,00310653004,Bydureon P,2023,2,true,,,
FFSU,XX,00310654001,BYDUREON B,2023,2,true,,,
MCOU,XX,00310654001,BYDUREON B,2023,2,false,43.700,14,9914.66
FFSU,XX,00310654004,BYDUREON B,2023,2,false,19647.100,5133,4502056.69
MCOU,XX,00310654004,BYDUREON B,2023,2,false,61920.750,17840,14470756.67
FFSU,XX,00310653004,Bydureon P,2023,1,false,80.000,20,14971.61
MCOU,XX,00310653004,Bydureon P,2023,1,false,64.000,16,10089.04
FFSU,XX,00310654001,BYDUREON B,2023,1,true,,,
MCOU,XX,00310654001,BYDUREON B,2023,1,false,121.050,36,27660.77
FFSU,XX,00310654004,BYDUREON B,2023,1,false,17806.300,4679,4064510.52
MCOU,XX,00310654004,BYDUREON B,2023,1,false,69016.950,19465,16008253.46
FFSU,NC,00310654004,BYDUREON B,2023,4,false,205.700,58,47163.65
MCOU,NC,00310654004,BYDUREON B,2023,4,false,820.000,202,187802.04
FFSU,NC,00310654004,BYDUREON B,2023,3,false,294.100,74,67316.87
MCOU,NC,00310654004,BYDUREON B,2023,3,false,953.700,232,218364.19
FFSU,NC,00310654004,BYDUREON B,2023,2,false,305.150,80,69521.14
MCOU,NC,00310654004,BYDUREON B,2023,2,false,1254.600,292,286796.93
MCOU,NC,00310653004,BYDUREON P,2023,1,true,,,
FFSU,NC,00310653004,BYDUREON P,2023,1,true,,,
MCOU,NC,00310654001,BYDUREON B,2023,1,true,,,
FFSU,NC,00310654004,BYDUREON B,2023,1,false,284.750,71,64636.24
MCOU,NC,00310654004,BYDUREON B,2023,1,false,1536.300,361,349653.84
FFSU,ND,00310654004,BYDUREON B,2023,1,true,,,
MCOU,NE,00310654004,BYDUREON B,2023,4,false,162.800,50,33891.47
MCOU,NE,00310654004,BYDUREON B,2023,3,false,212.250,65,46065.30
MCOU,NE,00310654004,BYDUREON B,2023,2,false,309.400,96,65985.33
MCOU,NE,00310654004,BYDUREON B,2023,1,false,285.050,93,69994.92
MCOU,NH,00310654004,BYDUREON B,2023,4,false,71.400,21,15919.74
MCOU,NH,00310654004,BYDUREON B,2023,3,false,146.200,41,32722.85
MCOU,NH,00310654004,BYDUREON B,2023,2,false,234.600,63,52695.25
MCOU,NH,00310654004,BYDUREON B,2023,1,false,319.600,90,70391.18
MCOU,NJ,00310654001,BYDUREON B,2023,4,false,47.600,14,11127.88
FFSU,NJ,00310654004,BYDUREON B,2023,4,true,,,
MCOU,NJ,00310654004,BYDUREON B,2023,4,false,18466.000,5448,4383101.85
MCOU,NJ,00310654001,BYDUREON B,2023,3,true,,,
MCOU,NJ,00310654004,BYDUREON B,2023,3,false,18759.700,5591,4499798.37
FFSU,NJ,00310654004,BYDUREON B,2023,3,true,,,
MCOU,NJ,00310654001,BYDUREON B,2023,2,true,,,
MCOU,NJ,00310654004,BYDUREON B,2023,2,false,20014.900,5990,4838764.44
FFSU,NJ,00310654004,BYDUREON B,2023,2,true,,,
MCOU,NJ,00310653004,BYDUREON P,2023,1,true,,,
MCOU,NJ,00310654001,BYDUREON B,2023,1,false,78.200,23,18468.90
FFSU,NJ,00310654004,BYDUREON B,2023,1,true,,,
MCOU,NJ,00310654004,BYDUREON B,2023,1,false,21350.050,6389,5149613.45
MCOU,NM,00310654004,BYDUREON B,2023,4,true,,,
MCOU,NM,00310654004,BYDUREON B,2023,3,true,,,
FFSU,NM,00310654004,BYDUREON B,2023,2,true,,,
MCOU,NM,00310654004,BYDUREON B,2023,2,true,,,
MCOU,NM,00310654004,BYDUREON B,2023,1,true,,,
MCOU,NV,00310654004,BYDUREON B,2023,4,true,,,
FFSU,NV,00310654004,BYDUREON B,2023,4,true,,,
FFSU,NV,00310654004,BYDUREON B,2023,3,true,,,
MCOU,NV,00310654004,BYDUREON B,2023,3,false,259.250,77,59086.22
FFSU,NV,00310654004,BYDUREON B,2023,2,true,,,
MCOU,NV,00310654004,BYDUREON B,2023,2,false,244.800,17,13155.53
MCOU,NV,00310654004,BYDUREON B,2023,1,true,,,
FFSU,NV,00310654004,BYDUREON B,2023,1,false,81.600,20,36822.36
FFSU,NY,00310654004,BYDUREON B,2023,4,false,3099.700,726,711191.55
MCOU,NY,00310654004,BYDUREON B,2023,4,false,78.200,13,167576.00
FFSU,NY,00310654004,BYDUREON B,2023,3,false,3845.400,929,882408.93
MCOU,NY,00310654004,BYDUREON B,2023,3,false,125.800,23,270406.00
MCOU,NY,00310654004,BYDUREON B,2023,2,false,71.400,13,155614.00
FFSU,NY,00310654004,BYDUREON B,2023,2,false,5714.550,1452,1310042.30
MCOU,NY,00310653004,BYDUREON P,2023,1,true,,,
MCOU,NY,00310654001,BYDUREON B,2023,1,true,,,
FFSU,NY,00310654004,BYDUREON B,2023,1,false,295.800,73,67006.04
MCOU,NY,00310654004,BYDUREON B,2023,1,false,9456.100,2501,2184376.94
FFSU,OH,00310654004,BYDUREON B,2023,4,false,45.900,13,10502.68
MCOU,OH,00310654004,BYDUREON B,2023,4,false,544.850,119,124440.15
FFSU,OH,00310654004,BYDUREON B,2023,3,true,,,
MCOU,OH,00310654004,BYDUREON B,2023,3,false,724.200,161,165994.16
FFSU,OH,00310654001,BYDUREON B,2023,2,true,,,
FFSU,OH,00310654004,BYDUREON B,2023,2,true,,,
MCOU,OH,00310654004,BYDUREON B,2023,2,false,969.000,237,221884.21
FFSU,OH,00310654004,BYDUREON B,2023,1,false,81.600,24,18470.74
MCOU,OH,00310654004,BYDUREON B,2023,1,false,1173.000,303,266900.59
FFSU,OK,00310654004,BYDUREON B,2023,4,false,47.600,14,10976.00
FFSU,OK,00310654004,BYDUREON B,2023,3,false,51.000,15,11760.00
FFSU,OK,00310654004,BYDUREON B,2023,2,true,,,
FFSU,OK,00310654004,BYDUREON B,2023,1,true,,,
MCOU,OR,00310653004,BYDUREON P,2023,4,true,,,
MCOU,OR,00310654004,BYDUREON B,2023,4,false,1353.200,397,309557.94
FFSU,OR,00310654004,BYDUREON B,2023,4,false,51.000,15,11679.74
MCOU,OR,00310653004,BYDUREON P,2023,3,true,,,
FFSU,OR,00310654004,BYDUREON B,2023,3,false,57.800,17,13243.34
MCOU,OR,00310654004,BYDUREON B,2023,3,false,1404.200,409,321847.44
FFSU,OR,00310654004,BYDUREON B,2023,2,false,64.600,19,12861.06
MCOU,OR,00310654004,BYDUREON B,2023,2,false,1537.650,447,352684.63
FFSU,OR,00310654004,BYDUREON B,2023,1,false,81.600,24,15514.83
MCOU,OR,00310654004,BYDUREON B,2023,1,false,1659.200,483,380740.08
MCOU,PA,00310654004,BYDUREON B,2023,4,false,115.600,34,26746.43
FFSU,PA,00310654004,BYDUREON B,2023,4,true,,,
FFSU,PA,00310654004,BYDUREON B,2023,3,true,,,
MCOU,PA,00310654004,BYDUREON B,2023,3,false,142.800,42,33125.50
MCOU,PA,00310654004,BYDUREON B,2023,2,false,153.000,45,35463.66
FFSU,PA,00310654004,BYDUREON B,2023,2,true,,,
MCOU,PA,00310654004,BYDUREON B,2023,1,false,215.900,65,50008.38
FFSU,PA,00310654004,BYDUREON B,2023,1,true,,,
MCOU,PR,00310654004,BYDUREON B,2023,4,true,,,
MCOU,PR,00310654004,BYDUREON B,2023,3,true,,,
MCOU,PR,00310654004,BYDUREON B,2023,2,true,,,
MCOU,PR,00310654004,BYDUREON B,2023,1,true,,,
MCOU,RI,00310654004,BYDUREON B,2023,4,true,,,
MCOU,RI,00310654004,BYDUREON B,2023,3,true,,,
MCOU,RI,00310654004,BYDUREON B,2023,2,true,,,
MCOU,RI,00310654004,BYDUREON B,2023,1,true,,,
MCOU,SC,00310654004,BYDUREON B,2023,4,false,642.600,189,142627.26
FFSU,SC,00310654004,BYDUREON B,2023,4,false,108.800,32,25031.43
FFSU,SC,00310654004,BYDUREON B,2023,3,false,146.200,43,33655.15
MCOU,SC,00310654004,BYDUREON B,2023,3,false,759.050,224,168575.70
FFSU,SC,00310653004,BYDUREON P,2023,2,true,,,
FFSU,SC,00310654004,BYDUREON B,2023,2,false,136.000,40,31209.60
MCOU,SC,00310654004,BYDUREON B,2023,2,false,843.200,248,187106.02
FFSU,SC,00310654004,BYDUREON B,2023,1,false,174.000,51,39867.19
MCOU,SC,00310654004,BYDUREON B,2023,1,false,1003.000,293,222497.21
FFSU,SD,00310654004,BYDUREON B,2023,4,true,,,
FFSU,SD,00310654004,BYDUREON B,2023,3,false,54.400,16,12530.24
FFSU,SD,00310654004,BYDUREON B,2023,2,false,105.400,31,24237.97
FFSU,SD,00310654004,BYDUREON B,2023,1,false,91.800,27,20953.20
FFSU,TN,00310654004,BYDUREON B,2023,4,false,2278.000,682,524148.90
FFSU,TN,00310654004,BYDUREON B,2023,3,false,2768.450,827,636991.93
FFSU,TN,00310654004,BYDUREON B,2023,2,false,3363.450,1007,772636.70
FFSU,TN,00310653004,BYDUREON P,2023,1,true,,,
FFSU,TN,00310654001,BYDUREON B,2023,1,true,,,
FFSU,TN,00310654004,BYDUREON B,2023,1,false,4065.550,1212,927293.97
FFSU,TX,00310654004,BYDUREON B,2023,4,true,,,
MCOU,TX,00310654004,BYDUREON B,2023,4,false,2005.500,504,455344.74
MCOU,TX,00310654004,BYDUREON B,2023,3,false,2325.600,601,528349.00
MCOU,TX,00310654004,BYDUREON B,2023,2,false,2681.750,709,608802.71
MCOU,TX,00310654004,BYDUREON B,2023,1,false,3482.550,876,791744.24
MCOU,UT,00310654004,BYDUREON B,2023,4,false,71.400,21,15076.66
MCOU,UT,00310654004,BYDUREON B,2023,3,false,112.200,33,23832.66
MCOU,UT,00310654004,BYDUREON B,2023,2,false,170.000,50,38133.94
FFSU,UT,00310654004,BYDUREON B,2023,2,true,,,
MCOU,UT,00310654004,BYDUREON B,2023,1,false,238.000,70,58334.01
MCOU,VA,00310654004,BYDUREON B,2023,4,false,448.800,126,101482.79
FFSU,VA,00310654004,BYDUREON B,2023,4,true,,,
MCOU,VA,00310654004,BYDUREON B,2023,3,false,508.300,148,114551.80
MCOU,VA,00310654004,BYDUREON B,2023,2,false,669.800,193,150601.12
MCOU,VA,00310653004,BYDUREON P,2023,1,true,,,
MCOU,VA,00310654004,BYDUREON B,2023,1,false,748.000,215,169411.46
FFSU,VT,00310654004,BYDUREON B,2023,4,false,44.200,11,10157.10
FFSU,VT,00310654004,BYDUREON B,2023,3,true,,,
FFSU,VT,00310654004,BYDUREON B,2023,2,false,47.600,12,10914.04
FFSU,VT,00310654004,BYDUREON B,2023,1,false,81.600,24,17104.61
FFSU,WA,00310654004,BYDUREON B,2023,4,false,95.200,28,21436.81
MCOU,WA,00310654004,BYDUREON B,2023,4,false,3609.950,1010,810195.95
MCOU,WA,00310654004,BYDUREON B,2023,3,false,2117.350,581,474175.94
FFSU,WA,00310654004,BYDUREON B,2023,3,false,44.200,13,9407.34
FFSU,WA,00310654004,BYDUREON B,2023,2,true,,,
MCOU,WA,00310654004,BYDUREON B,2023,2,false,1107.550,299,247721.06
MCOU,WA,00310654004,BYDUREON B,2023,1,false,1210.400,327,270828.74
FFSU,WA,00310654004,BYDUREON B,2023,1,true,,,
FFSU,WI,00310654004,BYDUREON B,2023,4,true,,,
FFSU,WI,00310654004,BYDUREON B,2023,3,true,,,
FFSU,WI,00310654004,BYDUREON B,2023,2,true,,,
FFSU,WI,00310653004,BYDUREON P,2023,1,true,,,
FFSU,WI,00310654004,BYDUREON B,2023,1,true,,,
FFSU,WV,00310654004,BYDUREON B,2023,4,true,,,
FFSU,WV,00310654004,BYDUREON B,2023,3,true,,,
FFSU,WV,00310654004,BYDUREON B,2023,2,true,,,
FFSU,WV,00310654004,BYDUREON B,2023,1,true,,,
FFSU,WY,00310654004,BYDUREON B,2023,4,true,,,
FFSU,WY,00310654004,BYDUREON B,2023,3,true,,,
FFSU,WY,00310654004,BYDUREON B,2023,2,true,,,
FFSU,WY,00310654004,BYDUREON B,2023,1,true,,,
FFSU,CA,00024574702,ADLYXIN 20,2023,3,true,,,
FFSU,CA,00024574702,ADLYXIN 20,2023,2,true,,,
FFSU,CA,00024574702,ADLYXIN 20,2023,1,false,84.000,13,9648.97
MCOU,MD,00024574702,ADLYXIN 20,2023,1,true,,,
FFSU,XX,00024574702,ADLYXIN 20,2023,3,true,,,
FFSU,XX,00024574702,ADLYXIN 20,2023,2,true,,,
FFSU,XX,00024574702,ADLYXIN 20,2023,1,false,96.000,15,11027.05
MCOU,XX,00024574702,ADLYXIN 20,2023,1,true,,,
MCOU,NV,00024574702,ADLYXIN   ,2023,1,true,,,
MCOU,NY,00024574702,ADLYXIN   ,2023,1,true,,,
MCOU,OR,00024574702,ADLYXIN 20,2023,1,true,,,
FFSU,WI,00024574702,ADLYXIN 20,2023,1,true,,,
