utilization_type,state,ndc,product_name,year,quarter,suppression_used,units_reimbursed,number_of_prescriptions,total_amount_reimbursed
FFSU,AK,00002143380,TRULICITY ,2017,4,false,72.000,35,23444.95
FFSU,AK,00002143480,TRULICITY ,2017,4,false,66.000,33,21722.47
FFSU,AK,00002143380,TRULICITY ,2017,3,false,86.000,49,32135.62
FFSU,AK,00002143480,TRULICITY ,2017,3,false,50.000,31,20357.03
FFSU,AK,00002143380,TRULICITY ,2017,2,false,58.000,28,18439.17
FFSU,AK,00002143480,TRULICITY ,2017,2,false,56.000,28,17996.75
FFSU,AK,00002143380,TRULICITY ,2017,1,false,57.000,28,17493.58
FFSU,AK,00002143480,TRULICITY ,2017,1,false,46.000,23,14096.17
FFSU,AL,00002143301,TRULICITY ,2017,4,true,,,
FFSU,AL,00002143380,TRULICITY ,2017,4,false,459.500,229,155154.23
FFSU,AL,00002143401,TRULICITY ,2017,4,true,,,
FFSU,AL,00002143480,TRULICITY ,2017,4,false,568.500,285,196667.21
FFSU,AL,00002143380,TRULICITY ,2017,3,false,456.500,228,154720.74
FFSU,AL,00002143480,TRULICITY ,2017,3,false,447.500,223,152611.15
FFSU,AL,00002143301,TRULICITY ,2017,2,true,,,
FFSU,AL,00002143380,TRULICITY ,2017,2,false,332.000,167,113189.03
FFSU,AL,00002143480,TRULICITY ,2017,2,false,381.000,191,128070.00
FFSU,AL,00002143301,TRULICITY ,2017,1,true,,,
FFSU,AL,00002143380,TRULICITY ,2017,1,false,273.000,137,88357.03
FFSU,AL,00002143480,TRULICITY ,2017,1,false,328.000,160,105419.04
FFSU,AR,00002143380,TRULICITY ,2017,4,true,,,
FFSU,AR,00002143480,TRULICITY ,2017,4,false,62.000,31,20300.77
FFSU,AR,00002143380,TRULICITY ,2017,3,false,34.000,17,11151.81
FFSU,AR,00002143480,TRULICITY ,2017,3,false,50.000,25,16366.75
FFSU,AR,00002143380,TRULICITY ,2017,2,false,30.000,17,10804.43
FFSU,AR,00002143480,TRULICITY ,2017,2,false,40.000,20,12465.86
FFSU,AR,00002143380,TRULICITY ,2017,1,false,28.000,14,9079.56
FFSU,AR,00002143480,TRULICITY ,2017,1,false,28.000,14,9079.56
FFSU,AZ,00002143380,TRULICITY ,2017,4,true,,,
MCOU,AZ,00002143380,TRULICITY ,2017,4,false,174.000,83,54871.85
MCOU,AZ,00002143480,TRULICITY ,2017,4,false,360.000,184,118136.15
MCOU,AZ,00002143380,TRULICITY ,2017,3,false,198.000,96,63845.31
FFSU,AZ,00002143380,TRULICITY ,2017,3,true,,,
MCOU,AZ,00002143480,TRULICITY ,2017,3,false,360.500,186,120361.34
MCOU,AZ,00002143380,TRULICITY ,2017,2,false,231.000,122,83558.54
MCOU,AZ,00002143480,TRULICITY ,2017,2,false,345.000,189,124062.81
MCOU,AZ,00002143380,TRULICITY ,2017,1,false,218.000,109,68275.43
MCOU,AZ,00002143480,TRULICITY ,2017,1,false,319.500,161,99935.78
FFSU,CA,00002143301,TRULICITY ,2017,4,true,,,
MCOU,CA,00002143301,TRULICITY ,2017,4,true,,,
FFSU,CA,00002143380,TRULICITY ,2017,4,false,1288.000,630,432818.23
MCOU,CA,00002143380,TRULICITY ,2017,4,false,2107.000,1009,703446.28
MCOU,CA,00002143401,TRULICITY ,2017,4,true,,,
FFSU,CA,00002143480,TRULICITY ,2017,4,false,1981.000,979,675039.16
MCOU,CA,00002143480,TRULICITY ,2017,4,false,2981.500,1362,983496.90
MCOU,CA,00002143380,TRULICITY ,2017,3,false,2053.500,984,688124.03
FFSU,CA,00002143380,TRULICITY ,2017,3,false,1021.500,506,347127.21
MCOU,CA,00002143401,TRULICITY ,2017,3,true,,,
MCOU,CA,00002143480,TRULICITY ,2017,3,false,2347.000,1085,771017.90
FFSU,CA,00002143480,TRULICITY ,2017,3,false,1443.000,710,495987.27
MCOU,CA,00002143301,TRULICITY ,2017,2,true,,,
FFSU,CA,00002143380,TRULICITY ,2017,2,false,969.500,475,321523.09
MCOU,CA,00002143380,TRULICITY ,2017,2,false,1955.000,954,635561.80
MCOU,CA,00002143401,TRULICITY ,2017,2,true,,,
FFSU,CA,00002143480,TRULICITY ,2017,2,false,1387.000,684,460024.71
MCOU,CA,00002143480,TRULICITY ,2017,2,false,1973.000,902,624436.46
FFSU,CA,00002143301,TRULICITY ,2017,1,true,,,
MCOU,CA,00002143301,TRULICITY ,2017,1,true,,,
FFSU,CA,00002143380,TRULICITY ,2017,1,false,726.500,354,225758.64
MCOU,CA,00002143380,TRULICITY ,2017,1,false,1107.000,539,341916.26
MCOU,CA,00002143401,TRULICITY ,2017,1,false,26.000,12,8320.38
FFSU,CA,00002143480,TRULICITY ,2017,1,false,1056.000,517,329123.14
MCOU,CA,00002143480,TRULICITY ,2017,1,false,1256.500,588,376068.95
MCOU,CO,00002143380,TRULICITY ,2017,4,false,59.000,31,19309.50
FFSU,CO,00002143380,TRULICITY ,2017,4,false,162.000,72,53968.95
MCOU,CO,00002143480,TRULICITY ,2017,4,false,140.000,69,46036.61
FFSU,CO,00002143480,TRULICITY ,2017,4,false,382.000,160,126771.59
MCOU,CO,00002143380,TRULICITY ,2017,3,false,80.000,40,26766.26
FFSU,CO,00002143380,TRULICITY ,2017,3,false,154.000,70,51540.68
MCOU,CO,00002143480,TRULICITY ,2017,3,false,130.000,65,43553.04
FFSU,CO,00002143480,TRULICITY ,2017,3,false,372.000,158,125858.19
MCOU,CO,00002143380,TRULICITY ,2017,2,false,94.000,44,30414.79
FFSU,CO,00002143380,TRULICITY ,2017,2,false,156.000,67,50194.10
FFSU,CO,00002143480,TRULICITY ,2017,2,false,384.000,163,123709.61
MCOU,CO,00002143480,TRULICITY ,2017,2,false,118.000,59,38550.34
FFSU,CO,00002143380,TRULICITY ,2017,1,false,168.000,71,52790.60
MCOU,CO,00002143380,TRULICITY ,2017,1,false,47.000,23,14558.61
MCOU,CO,00002143480,TRULICITY ,2017,1,false,85.000,44,26364.65
FFSU,CO,00002143480,TRULICITY ,2017,1,false,262.000,117,81481.67
FFSU,CT,00002143380,TRULICITY ,2017,4,false,966.000,402,318004.49
FFSU,CT,00002143480,TRULICITY ,2017,4,false,1294.500,499,425096.80
FFSU,CT,00002143380,TRULICITY ,2017,3,false,776.000,323,255552.86
FFSU,CT,00002143480,TRULICITY ,2017,3,false,1118.000,443,366886.39
FFSU,CT,00002143380,TRULICITY ,2017,2,false,778.000,321,248262.82
FFSU,CT,00002143480,TRULICITY ,2017,2,false,1002.500,383,318938.50
FFSU,CT,00002143380,TRULICITY ,2017,1,false,615.000,257,193229.55
FFSU,CT,00002143480,TRULICITY ,2017,1,false,886.000,343,278324.36
MCOU,DC,00002143301,TRULICITY ,2017,4,true,,,
FFSU,DC,00002143380,TRULICITY ,2017,4,true,,,
MCOU,DC,00002143380,TRULICITY ,2017,4,false,405.500,204,136283.72
MCOU,DC,00002143480,TRULICITY ,2017,4,false,389.000,196,128753.04
FFSU,DC,00002143480,TRULICITY ,2017,4,true,,,
MCOU,DC,00002143380,TRULICITY ,2017,3,false,328.000,165,110553.83
FFSU,DC,00002143380,TRULICITY ,2017,3,true,,,
MCOU,DC,00002143480,TRULICITY ,2017,3,false,299.000,151,99759.14
FFSU,DC,00002143480,TRULICITY ,2017,3,true,,,
MCOU,DC,00002143380,TRULICITY ,2017,2,false,260.000,127,84319.63
FFSU,DC,00002143380,TRULICITY ,2017,2,true,,,
FFSU,DC,00002143480,TRULICITY ,2017,2,true,,,
MCOU,DC,00002143480,TRULICITY ,2017,2,false,208.000,104,68808.19
FFSU,DC,00002143380,TRULICITY ,2017,1,true,,,
MCOU,DC,00002143380,TRULICITY ,2017,1,false,180.000,87,56671.90
MCOU,DC,00002143480,TRULICITY ,2017,1,false,104.000,52,32477.07
FFSU,DC,00002143480,TRULICITY ,2017,1,true,,,
MCOU,DE,00002143380,TRULICITY ,2017,4,false,24.000,12,6167.92
FFSU,DE,00002143480,TRULICITY ,2017,4,true,,,
MCOU,DE,00002143480,TRULICITY ,2017,4,false,72.000,36,20221.88
MCOU,DE,00002143380,TRULICITY ,2017,3,true,,,
MCOU,DE,00002143480,TRULICITY ,2017,3,false,74.000,37,24182.22
MCOU,DE,00002143380,TRULICITY ,2017,2,true,,,
MCOU,DE,00002143480,TRULICITY ,2017,2,false,68.000,34,22279.63
MCOU,DE,00002143380,TRULICITY ,2017,1,true,,,
MCOU,DE,00002143480,TRULICITY ,2017,1,false,52.000,26,15722.01
FFSU,FL,00002143380,TRULICITY ,2017,4,true,,,
MCOU,FL,00002143380,TRULICITY ,2017,4,false,156.000,78,51146.70
MCOU,FL,00002143480,TRULICITY ,2017,4,false,310.500,156,101323.24
FFSU,FL,00002143480,TRULICITY ,2017,4,true,,,
MCOU,FL,00002143380,TRULICITY ,2017,3,false,119.500,59,39346.93
FFSU,FL,00002143380,TRULICITY ,2017,3,true,,,
FFSU,FL,00002143480,TRULICITY ,2017,3,true,,,
MCOU,FL,00002143480,TRULICITY ,2017,3,false,258.500,131,84900.96
MCOU,FL,00002143301,TRULICITY ,2017,2,true,,,
MCOU,FL,00002143380,TRULICITY ,2017,2,false,113.500,59,35532.77
FFSU,FL,00002143480,TRULICITY ,2017,2,true,,,
MCOU,FL,00002143480,TRULICITY ,2017,2,false,210.000,105,66962.21
MCOU,FL,00002143301,TRULICITY ,2017,1,true,,,
MCOU,FL,00002143380,TRULICITY ,2017,1,false,96.000,48,28921.79
MCOU,FL,00002143480,TRULICITY ,2017,1,false,158.000,79,48555.30
FFSU,GA,00002143380,TRULICITY ,2017,4,false,34.000,17,11172.91
MCOU,GA,00002143380,TRULICITY ,2017,4,false,84.000,42,28420.49
FFSU,GA,00002143480,TRULICITY ,2017,4,false,36.000,18,11813.40
MCOU,GA,00002143480,TRULICITY ,2017,4,false,64.000,32,20920.85
FFSU,GA,00002143380,TRULICITY ,2017,3,false,28.000,14,9201.22
MCOU,GA,00002143380,TRULICITY ,2017,3,false,46.000,23,15234.87
MCOU,GA,00002143480,TRULICITY ,2017,3,false,44.000,22,14878.48
FFSU,GA,00002143480,TRULICITY ,2017,3,false,34.000,17,11157.10
FFSU,GA,00002143380,TRULICITY ,2017,2,true,,,
MCOU,GA,00002143380,TRULICITY ,2017,2,true,,,
MCOU,GA,00002143480,TRULICITY ,2017,2,false,28.000,14,9210.38
FFSU,GA,00002143480,TRULICITY ,2017,2,false,34.000,17,10531.44
MCOU,GA,00002143380,TRULICITY ,2017,1,true,,,
FFSU,GA,00002143380,TRULICITY ,2017,1,true,,,
MCOU,GA,00002143480,TRULICITY ,2017,1,false,24.000,13,8161.78
FFSU,GA,00002143480,TRULICITY ,2017,1,false,22.000,11,6890.99
MCOU,HI,00002143380,TRULICITY ,2017,4,false,242.000,120,78068.64
MCOU,HI,00002143480,TRULICITY ,2017,4,false,441.000,221,148172.26
MCOU,HI,00002143380,TRULICITY ,2017,3,false,608.000,115,75238.94
MCOU,HI,00002143401,TRULICITY ,2017,3,true,,,
MCOU,HI,00002143480,TRULICITY ,2017,3,false,1102.000,200,132969.52
MCOU,HI,00002143380,TRULICITY ,2017,2,false,212.000,101,64254.66
MCOU,HI,00002143480,TRULICITY ,2017,2,false,538.000,208,137307.54
MCOU,HI,00002143380,TRULICITY ,2017,1,false,68.000,19,12259.57
MCOU,HI,00002143480,TRULICITY ,2017,1,false,184.000,47,30402.15
MCOU,IA,00002143380,TRULICITY ,2017,4,false,49.000,24,16055.45
MCOU,IA,00002143480,TRULICITY ,2017,4,false,106.000,54,33946.64
FFSU,IA,00002143480,TRULICITY ,2017,4,true,,,
MCOU,IA,00002143380,TRULICITY ,2017,3,true,,,
MCOU,IA,00002143480,TRULICITY ,2017,3,false,70.000,34,30542.09
FFSU,IA,00002143480,TRULICITY ,2017,3,true,,,
MCOU,IA,00002143380,TRULICITY ,2017,2,true,,,
FFSU,IA,00002143480,TRULICITY ,2017,2,true,,,
MCOU,IA,00002143480,TRULICITY ,2017,2,false,52.000,26,22646.63
MCOU,IA,00002143380,TRULICITY ,2017,1,true,,,
MCOU,IA,00002143480,TRULICITY ,2017,1,false,26.000,13,15504.10
FFSU,ID,00002143380,TRULICITY ,2017,4,false,88.000,44,29261.01
FFSU,ID,00002143480,TRULICITY ,2017,4,false,114.000,57,37770.93
FFSU,ID,00002143380,TRULICITY ,2017,3,false,74.000,37,24882.66
FFSU,ID,00002143480,TRULICITY ,2017,3,false,112.000,56,37592.51
FFSU,ID,00002143380,TRULICITY ,2017,2,false,56.000,28,18193.33
FFSU,ID,00002143480,TRULICITY ,2017,2,false,86.000,43,27977.62
FFSU,ID,00002143380,TRULICITY ,2017,1,false,50.000,25,15593.17
FFSU,ID,00002143480,TRULICITY ,2017,1,false,76.000,38,23662.18
MCOU,IL,00002143301,TRULICITY ,2017,4,true,,,
FFSU,IL,00002143380,TRULICITY ,2017,4,false,52.000,23,19568.94
MCOU,IL,00002143380,TRULICITY ,2017,4,false,885.500,439,304506.75
MCOU,IL,00002143401,TRULICITY ,2017,4,true,,,
FFSU,IL,00002143480,TRULICITY ,2017,4,false,54.000,23,17594.92
MCOU,IL,00002143480,TRULICITY ,2017,4,false,1107.000,540,377946.04
MCOU,IL,00002143380,TRULICITY ,2017,3,false,805.000,400,278502.17
FFSU,IL,00002143380,TRULICITY ,2017,3,false,42.000,19,13968.40
FFSU,IL,00002143480,TRULICITY ,2017,3,false,36.500,17,13199.49
MCOU,IL,00002143480,TRULICITY ,2017,3,false,995.000,491,341481.00
FFSU,IL,00002143380,TRULICITY ,2017,2,false,36.000,17,12748.04
MCOU,IL,00002143380,TRULICITY ,2017,2,false,643.000,318,214316.99
FFSU,IL,00002143480,TRULICITY ,2017,2,false,24.000,12,8661.85
MCOU,IL,00002143480,TRULICITY ,2017,2,false,845.000,415,278840.71
FFSU,IL,00002143380,TRULICITY ,2017,1,false,28.000,14,8708.00
MCOU,IL,00002143380,TRULICITY ,2017,1,false,807.500,400,250174.11
MCOU,IL,00002143480,TRULICITY ,2017,1,false,947.500,473,295979.12
FFSU,IL,00002143480,TRULICITY ,2017,1,true,,,
MCOU,IN,00002143301,TRULICITY ,2017,4,true,,,
MCOU,IN,00002143380,TRULICITY ,2017,4,false,1498.000,718,499649.84
FFSU,IN,00002143380,TRULICITY ,2017,4,true,,,
MCOU,IN,00002143401,TRULICITY ,2017,4,true,,,
FFSU,IN,00002143480,TRULICITY ,2017,4,false,22.000,11,7250.65
MCOU,IN,00002143480,TRULICITY ,2017,4,false,2559.000,1206,855018.20
MCOU,IN,00002143301,TRULICITY ,2017,3,true,,,
MCOU,IN,00002143380,TRULICITY ,2017,3,false,1500.500,729,501176.71
FFSU,IN,00002143480,TRULICITY ,2017,3,true,,,
MCOU,IN,00002143480,TRULICITY ,2017,3,false,2399.000,1121,803607.53
MCOU,IN,00002143301,TRULICITY ,2017,2,true,,,
FFSU,IN,00002143380,TRULICITY ,2017,2,true,,,
MCOU,IN,00002143380,TRULICITY ,2017,2,false,1551.000,754,508862.98
FFSU,IN,00002143480,TRULICITY ,2017,2,true,,,
MCOU,IN,00002143480,TRULICITY ,2017,2,false,2414.500,1139,790530.04
MCOU,IN,00002143301,TRULICITY ,2017,1,true,,,
FFSU,IN,00002143380,TRULICITY ,2017,1,true,,,
MCOU,IN,00002143380,TRULICITY ,2017,1,false,1500.500,735,463891.48
MCOU,IN,00002143401,TRULICITY ,2017,1,true,,,
MCOU,IN,00002143480,TRULICITY ,2017,1,false,2180.500,1042,674366.55
FFSU,IN,00002143480,TRULICITY ,2017,1,true,,,
MCOU,KS,00002143380,TRULICITY ,2017,4,false,66.000,33,21853.14
MCOU,KS,00002143480,TRULICITY ,2017,4,false,76.000,38,25138.46
MCOU,KS,00002143380,TRULICITY ,2017,3,false,66.000,33,21864.30
MCOU,KS,00002143480,TRULICITY ,2017,3,false,76.000,37,25151.83
MCOU,KS,00002143380,TRULICITY ,2017,2,false,162.000,78,51115.06
MCOU,KS,00002143480,TRULICITY ,2017,2,false,332.000,161,101030.74
MCOU,KS,00002143380,TRULICITY ,2017,1,false,78.000,36,23978.27
MCOU,KS,00002143480,TRULICITY ,2017,1,false,118.000,56,36143.98
MCOU,KY,00002143301,TRULICITY ,2017,4,true,,,
FFSU,KY,00002143380,TRULICITY ,2017,4,true,,,
MCOU,KY,00002143380,TRULICITY ,2017,4,false,1987.500,999,681866.51
MCOU,KY,00002143401,TRULICITY ,2017,4,true,,,
FFSU,KY,00002143480,TRULICITY ,2017,4,false,24.000,12,7879.80
MCOU,KY,00002143480,TRULICITY ,2017,4,false,2427.500,1219,835701.55
MCOU,KY,00002143301,TRULICITY ,2017,3,true,,,
MCOU,KY,00002143380,TRULICITY ,2017,3,false,1686.000,851,578672.47
FFSU,KY,00002143380,TRULICITY ,2017,3,false,34.000,15,11181.52
MCOU,KY,00002143401,TRULICITY ,2017,3,true,,,
MCOU,KY,00002143480,TRULICITY ,2017,3,false,2132.000,1068,733919.16
FFSU,KY,00002143480,TRULICITY ,2017,3,true,,,
MCOU,KY,00002143301,TRULICITY ,2017,2,true,,,
MCOU,KY,00002143380,TRULICITY ,2017,2,false,1378.000,699,464711.69
FFSU,KY,00002143380,TRULICITY ,2017,2,false,22.000,11,7220.88
MCOU,KY,00002143401,TRULICITY ,2017,2,true,,,
FFSU,KY,00002143480,TRULICITY ,2017,2,true,,,
MCOU,KY,00002143480,TRULICITY ,2017,2,false,1583.000,793,539738.68
FFSU,KY,00002143380,TRULICITY ,2017,1,false,22.000,11,7073.22
MCOU,KY,00002143380,TRULICITY ,2017,1,false,968.500,495,308038.45
MCOU,KY,00002143401,TRULICITY ,2017,1,true,,,
MCOU,KY,00002143480,TRULICITY ,2017,1,false,1105.000,554,351914.82
FFSU,KY,00002143480,TRULICITY ,2017,1,true,,,
MCOU,LA,00002143380,TRULICITY ,2017,4,false,1490.500,741,506500.74
FFSU,LA,00002143380,TRULICITY ,2017,4,true,,,
MCOU,LA,00002143480,TRULICITY ,2017,4,false,2080.000,1026,704712.85
FFSU,LA,00002143480,TRULICITY ,2017,4,false,48.000,24,16324.98
FFSU,LA,00002143380,TRULICITY ,2017,3,true,,,
MCOU,LA,00002143380,TRULICITY ,2017,3,false,1122.000,558,381857.37
MCOU,LA,00002143480,TRULICITY ,2017,3,false,1485.000,735,502421.69
FFSU,LA,00002143480,TRULICITY ,2017,3,false,56.000,28,18848.60
MCOU,LA,00002143301,TRULICITY ,2017,2,true,,,
MCOU,LA,00002143380,TRULICITY ,2017,2,false,838.000,415,274796.13
FFSU,LA,00002143380,TRULICITY ,2017,2,true,,,
MCOU,LA,00002143401,TRULICITY ,2017,2,true,,,
MCOU,LA,00002143480,TRULICITY ,2017,2,false,1034.000,510,340331.80
FFSU,LA,00002143480,TRULICITY ,2017,2,false,30.000,15,9747.33
FFSU,LA,00002143380,TRULICITY ,2017,1,true,,,
MCOU,LA,00002143380,TRULICITY ,2017,1,false,541.000,263,171016.83
FFSU,LA,00002143480,TRULICITY ,2017,1,false,31.000,16,9780.45
MCOU,LA,00002143480,TRULICITY ,2017,1,false,646.000,316,200804.19
MCOU,MA,00002143301,TRULICITY ,2017,4,true,,,
MCOU,MA,00002143380,TRULICITY ,2017,4,false,1957.000,932,670773.53
FFSU,MA,00002143380,TRULICITY ,2017,4,false,1125.000,463,292861.34
FFSU,MA,00002143480,TRULICITY ,2017,4,false,1826.000,583,373371.45
MCOU,MA,00002143480,TRULICITY ,2017,4,false,2382.500,1109,813793.88
MCOU,MA,00002143301,TRULICITY ,2017,3,true,,,
MCOU,MA,00002143380,TRULICITY ,2017,3,false,2038.500,967,698674.49
FFSU,MA,00002143380,TRULICITY ,2017,3,false,756.000,371,237621.19
MCOU,MA,00002143401,TRULICITY ,2017,3,true,,,
FFSU,MA,00002143480,TRULICITY ,2017,3,false,922.000,459,291844.15
MCOU,MA,00002143480,TRULICITY ,2017,3,false,2353.000,1097,804550.69
MCOU,MA,00002143301,TRULICITY ,2017,2,true,,,
MCOU,MA,00002143380,TRULICITY ,2017,2,false,1840.000,871,615669.30
FFSU,MA,00002143380,TRULICITY ,2017,2,false,882.000,438,273900.12
FFSU,MA,00002143480,TRULICITY ,2017,2,false,845.500,422,255862.51
MCOU,MA,00002143480,TRULICITY ,2017,2,false,2035.000,942,678844.75
MCOU,MA,00002143301,TRULICITY ,2017,1,true,,,
MCOU,MA,00002143380,TRULICITY ,2017,1,false,1514.500,721,481178.82
FFSU,MA,00002143380,TRULICITY ,2017,1,false,632.500,309,192763.89
MCOU,MA,00002143480,TRULICITY ,2017,1,false,1566.500,741,492984.97
FFSU,MA,00002143480,TRULICITY ,2017,1,false,553.500,271,164277.87
MCOU,MD,00002143301,TRULICITY ,2017,4,true,,,
MCOU,MD,00002143380,TRULICITY ,2017,4,false,1652.000,759,553937.36
FFSU,MD,00002143380,TRULICITY ,2017,4,true,,,
MCOU,MD,00002143401,TRULICITY ,2017,4,true,,,
FFSU,MD,00002143480,TRULICITY ,2017,4,false,28.000,16,9199.72
MCOU,MD,00002143480,TRULICITY ,2017,4,false,1829.000,818,613477.77
MCOU,MD,00002143301,TRULICITY ,2017,3,true,,,
FFSU,MD,00002143380,TRULICITY ,2017,3,true,,,
MCOU,MD,00002143380,TRULICITY ,2017,3,false,1231.000,577,413522.61
MCOU,MD,00002143401,TRULICITY ,2017,3,true,,,
MCOU,MD,00002143480,TRULICITY ,2017,3,false,1323.000,596,444556.79
FFSU,MD,00002143480,TRULICITY ,2017,3,false,20.500,17,6768.26
FFSU,MD,00002143380,TRULICITY ,2017,2,true,,,
MCOU,MD,00002143380,TRULICITY ,2017,2,false,877.500,407,297997.83
MCOU,MD,00002143480,TRULICITY ,2017,2,false,1025.500,462,343346.78
FFSU,MD,00002143480,TRULICITY ,2017,2,false,17.000,13,5448.28
FFSU,MD,00002143380,TRULICITY ,2017,1,true,,,
MCOU,MD,00002143380,TRULICITY ,2017,1,false,738.000,329,235557.93
MCOU,MD,00002143401,TRULICITY ,2017,1,true,,,
FFSU,MD,00002143480,TRULICITY ,2017,1,true,,,
MCOU,MD,00002143480,TRULICITY ,2017,1,false,865.000,372,274497.38
FFSU,ME,00002143380,TRULICITY ,2017,4,false,76.000,37,27458.91
FFSU,ME,00002143480,TRULICITY ,2017,4,false,202.000,99,66563.77
FFSU,ME,00002143380,TRULICITY ,2017,3,false,74.000,35,24779.66
FFSU,ME,00002143480,TRULICITY ,2017,3,false,186.000,93,62397.53
FFSU,ME,00002143380,TRULICITY ,2017,2,false,58.000,27,18721.37
FFSU,ME,00002143480,TRULICITY ,2017,2,false,162.500,82,53604.22
FFSU,ME,00002143380,TRULICITY ,2017,1,false,64.000,30,19993.22
FFSU,ME,00002143480,TRULICITY ,2017,1,false,162.000,81,51041.44
FFSU,MI,00002143380,TRULICITY ,2017,4,false,70.000,31,17447.86
MCOU,MI,00002143380,TRULICITY ,2017,4,false,243.000,122,82506.76
FFSU,MI,00002143480,TRULICITY ,2017,4,false,92.000,40,21794.06
MCOU,MI,00002143480,TRULICITY ,2017,4,false,593.000,296,200940.30
MCOU,MI,00002143380,TRULICITY ,2017,3,false,247.000,123,83988.57
FFSU,MI,00002143380,TRULICITY ,2017,3,false,38.000,19,10748.55
FFSU,MI,00002143480,TRULICITY ,2017,3,false,78.000,35,23807.11
MCOU,MI,00002143480,TRULICITY ,2017,3,false,494.500,248,167734.43
MCOU,MI,00002143380,TRULICITY ,2017,2,false,234.000,116,77775.73
FFSU,MI,00002143380,TRULICITY ,2017,2,false,36.000,16,10833.18
MCOU,MI,00002143480,TRULICITY ,2017,2,false,464.000,231,153061.26
FFSU,MI,00002143480,TRULICITY ,2017,2,false,80.000,38,17444.48
FFSU,MI,00002143380,TRULICITY ,2017,1,true,,,
MCOU,MI,00002143380,TRULICITY ,2017,1,false,202.000,101,63498.45
MCOU,MI,00002143480,TRULICITY ,2017,1,false,392.000,194,123110.05
FFSU,MI,00002143480,TRULICITY ,2017,1,false,58.000,25,7981.21
MCOU,MN,00002143380,TRULICITY ,2017,4,false,830.000,403,285863.37
FFSU,MN,00002143380,TRULICITY ,2017,4,false,62.000,31,18434.44
MCOU,MN,00002143401,TRULICITY ,2017,4,true,,,
FFSU,MN,00002143480,TRULICITY ,2017,4,false,91.000,46,30422.67
MCOU,MN,00002143480,TRULICITY ,2017,4,false,1461.000,722,502412.35
MCOU,MN,00002143301,TRULICITY ,2017,3,true,,,
MCOU,MN,00002143380,TRULICITY ,2017,3,false,780.500,381,267138.31
FFSU,MN,00002143380,TRULICITY ,2017,3,false,32.000,16,10410.40
MCOU,MN,00002143480,TRULICITY ,2017,3,false,1370.000,681,471024.01
FFSU,MN,00002143480,TRULICITY ,2017,3,false,78.000,39,25988.13
MCOU,MN,00002143301,TRULICITY ,2017,2,true,,,
MCOU,MN,00002143380,TRULICITY ,2017,2,false,843.000,406,279714.27
FFSU,MN,00002143380,TRULICITY ,2017,2,false,50.000,25,13510.18
MCOU,MN,00002143480,TRULICITY ,2017,2,false,1588.000,786,528086.19
FFSU,MN,00002143480,TRULICITY ,2017,2,false,106.000,53,33490.95
MCOU,MN,00002143380,TRULICITY ,2017,1,false,968.000,474,306099.33
FFSU,MN,00002143380,TRULICITY ,2017,1,false,34.000,17,10661.21
FFSU,MN,00002143480,TRULICITY ,2017,1,false,56.000,28,15598.09
MCOU,MN,00002143480,TRULICITY ,2017,1,false,1435.500,717,456023.16
FFSU,MO,00002143380,TRULICITY ,2017,4,false,144.000,67,46469.85
FFSU,MO,00002143480,TRULICITY ,2017,4,false,258.000,129,86119.38
FFSU,MO,00002143380,TRULICITY ,2017,3,false,146.000,68,46817.81
FFSU,MO,00002143480,TRULICITY ,2017,3,false,286.000,143,96415.64
FFSU,MO,00002143380,TRULICITY ,2017,2,false,134.000,67,42446.96
FFSU,MO,00002143480,TRULICITY ,2017,2,false,243.000,124,80901.40
FFSU,MO,00002143380,TRULICITY ,2017,1,false,126.000,63,40139.74
FFSU,MO,00002143480,TRULICITY ,2017,1,false,243.500,125,86416.93
MCOU,MS,00002143380,TRULICITY ,2017,4,false,52.000,20,17115.42
FFSU,MS,00002143480,TRULICITY ,2017,4,true,,,
MCOU,MS,00002143480,TRULICITY ,2017,4,false,44.000,22,14453.12
MCOU,MS,00002143380,TRULICITY ,2017,3,false,28.000,14,9267.34
MCOU,MS,00002143480,TRULICITY ,2017,3,false,26.000,12,8568.18
FFSU,MS,00002143480,TRULICITY ,2017,3,true,,,
MCOU,MS,00002143380,TRULICITY ,2017,2,false,22.000,11,7131.89
MCOU,MS,00002143480,TRULICITY ,2017,2,true,,,
FFSU,MS,00002143480,TRULICITY ,2017,2,true,,,
MCOU,MS,00002143380,TRULICITY ,2017,1,false,28.000,14,9309.58
MCOU,MS,00002143480,TRULICITY ,2017,1,true,,,
FFSU,MT,00002143380,TRULICITY ,2017,4,false,70.000,35,23257.63
FFSU,MT,00002143480,TRULICITY ,2017,4,false,116.500,58,38286.13
FFSU,MT,00002143380,TRULICITY ,2017,3,false,58.000,29,19383.71
FFSU,MT,00002143480,TRULICITY ,2017,3,false,102.000,51,33496.22
FFSU,MT,00002143380,TRULICITY ,2017,2,false,46.000,23,14776.96
FFSU,MT,00002143480,TRULICITY ,2017,2,false,56.000,28,17824.00
FFSU,MT,00002143380,TRULICITY ,2017,1,false,26.000,13,8058.25
FFSU,MT,00002143480,TRULICITY ,2017,1,false,30.000,15,9139.92
FFSU,XX,00002143301,TRULICITY ,2017,4,true,,,
MCOU,XX,00002143301,TRULICITY ,2017,4,false,147.500,74,49338.06
FFSU,XX,00002143380,TRULICITY ,2017,4,false,6365.500,2913,2015826.80
MCOU,XX,00002143380,TRULICITY ,2017,4,false,36303.000,17904,12209428.12
FFSU,XX,00002143401,TRULICITY ,2017,4,true,,,
MCOU,XX,00002143401,TRULICITY ,2017,4,false,88.000,47,29419.88
FFSU,XX,00002143480,TRULICITY ,2017,4,false,10006.000,4344,3076313.26
MCOU,XX,00002143480,TRULICITY ,2017,4,false,44960.500,22011,15090045.06
MCOU,XX,00002143301,TRULICITY ,2017,3,false,119.500,60,39917.86
FFSU,XX,00002143380,TRULICITY ,2017,3,false,5402.710,2558,1780756.57
MCOU,XX,00002143380,TRULICITY ,2017,3,false,30960.500,15129,10332470.75
FFSU,XX,00002143401,TRULICITY ,2017,3,true,,,
MCOU,XX,00002143401,TRULICITY ,2017,3,false,109.500,54,36140.02
FFSU,XX,00002143480,TRULICITY ,2017,3,false,7757.500,3629,2566409.48
MCOU,XX,00002143480,TRULICITY ,2017,3,false,36827.000,17709,12188136.01
FFSU,XX,00002143301,TRULICITY ,2017,2,true,,,
MCOU,XX,00002143301,TRULICITY ,2017,2,false,96.000,48,30902.44
FFSU,XX,00002143380,TRULICITY ,2017,2,false,4901.000,2314,1500729.92
MCOU,XX,00002143380,TRULICITY ,2017,2,false,26693.500,13132,8759733.54
FFSU,XX,00002143401,TRULICITY ,2017,2,true,,,
MCOU,XX,00002143401,TRULICITY ,2017,2,false,50.000,25,16328.63
FFSU,XX,00002143480,TRULICITY ,2017,2,false,6704.500,3138,2149292.07
MCOU,XX,00002143480,TRULICITY ,2017,2,false,30207.500,14693,9861207.33
FFSU,XX,00002143301,TRULICITY ,2017,1,true,,,
MCOU,XX,00002143301,TRULICITY ,2017,1,false,76.000,39,23006.72
FFSU,XX,00002143380,TRULICITY ,2017,1,false,3957.500,1876,1218927.84
MCOU,XX,00002143380,TRULICITY ,2017,1,false,17811.000,8696,5579408.02
FFSU,XX,00002143401,TRULICITY ,2017,1,true,,,
MCOU,XX,00002143401,TRULICITY ,2017,1,false,60.000,29,19507.90
FFSU,XX,00002143480,TRULICITY ,2017,1,false,5407.000,2525,1659684.32
MCOU,XX,00002143480,TRULICITY ,2017,1,false,20225.000,9821,6289425.78
FFSU,NC,00002143380,TRULICITY ,2017,4,false,428.500,215,139360.80
FFSU,NC,00002143480,TRULICITY ,2017,4,false,674.000,337,218914.35
FFSU,NC,00002143380,TRULICITY ,2017,3,false,468.000,234,152325.98
FFSU,NC,00002143480,TRULICITY ,2017,3,false,663.000,331,215404.18
FFSU,NC,00002143380,TRULICITY ,2017,2,false,316.000,158,99457.16
FFSU,NC,00002143480,TRULICITY ,2017,2,false,468.000,235,147153.25
FFSU,NC,00002143380,TRULICITY ,2017,1,false,314.000,153,95374.45
FFSU,NC,00002143480,TRULICITY ,2017,1,false,516.500,255,156052.62
MCOU,ND,00002143380,TRULICITY ,2017,4,true,,,
MCOU,ND,00002143480,TRULICITY ,2017,4,true,,,
MCOU,ND,00002143380,TRULICITY ,2017,3,true,,,
MCOU,ND,00002143480,TRULICITY ,2017,3,true,,,
MCOU,ND,00002143380,TRULICITY ,2017,2,true,,,
MCOU,ND,00002143480,TRULICITY ,2017,2,true,,,
MCOU,ND,00002143380,TRULICITY ,2017,1,true,,,
MCOU,ND,00002143480,TRULICITY ,2017,1,true,,,
MCOU,NE,00002143380,TRULICITY ,2017,4,false,74.000,37,25050.95
MCOU,NE,00002143480,TRULICITY ,2017,4,false,112.000,56,38099.37
MCOU,NE,00002143380,TRULICITY ,2017,3,false,72.000,36,24499.97
MCOU,NE,00002143480,TRULICITY ,2017,3,false,104.000,52,35340.19
MCOU,NE,00002143380,TRULICITY ,2017,2,false,34.000,17,11227.15
MCOU,NE,00002143480,TRULICITY ,2017,2,false,82.000,41,27079.32
MCOU,NE,00002143380,TRULICITY ,2017,1,false,104.000,52,32790.54
FFSU,NE,00002143380,TRULICITY ,2017,1,true,,,
FFSU,NE,00002143480,TRULICITY ,2017,1,true,,,
MCOU,NE,00002143480,TRULICITY ,2017,1,false,74.000,37,23352.05
MCOU,NH,00002143380,TRULICITY ,2017,4,false,62.000,31,21183.44
MCOU,NH,00002143480,TRULICITY ,2017,4,false,72.000,36,24653.15
FFSU,NH,00002143480,TRULICITY ,2017,4,true,,,
MCOU,NH,00002143380,TRULICITY ,2017,3,false,30.000,17,11597.54
FFSU,NH,00002143480,TRULICITY ,2017,3,true,,,
MCOU,NH,00002143480,TRULICITY ,2017,3,false,56.000,30,20619.36
MCOU,NH,00002143380,TRULICITY ,2017,2,false,26.000,13,7934.23
MCOU,NH,00002143480,TRULICITY ,2017,2,false,46.000,23,15443.13
MCOU,NH,00002143380,TRULICITY ,2017,1,false,40.000,20,12695.75
FFSU,NH,00002143380,TRULICITY ,2017,1,true,,,
MCOU,NH,00002143480,TRULICITY ,2017,1,false,29.500,15,9116.35
MCOU,NJ,00002143301,TRULICITY ,2017,4,true,,,
MCOU,NJ,00002143380,TRULICITY ,2017,4,false,1162.000,583,381368.14
FFSU,NJ,00002143380,TRULICITY ,2017,4,false,23.500,17,7818.44
MCOU,NJ,00002143480,TRULICITY ,2017,4,false,1575.500,783,515483.18
FFSU,NJ,00002143480,TRULICITY ,2017,4,false,30.000,11,9850.15
MCOU,NJ,00002143301,TRULICITY ,2017,3,true,,,
FFSU,NJ,00002143380,TRULICITY ,2017,3,true,,,
MCOU,NJ,00002143380,TRULICITY ,2017,3,false,749.500,378,250036.74
MCOU,NJ,00002143401,TRULICITY ,2017,3,true,,,
FFSU,NJ,00002143480,TRULICITY ,2017,3,true,,,
MCOU,NJ,00002143480,TRULICITY ,2017,3,false,1027.000,512,341316.88
FFSU,NJ,00002143380,TRULICITY ,2017,2,true,,,
MCOU,NJ,00002143380,TRULICITY ,2017,2,false,232.000,112,71429.53
MCOU,NJ,00002143401,TRULICITY ,2017,2,true,,,
FFSU,NJ,00002143480,TRULICITY ,2017,2,true,,,
MCOU,NJ,00002143480,TRULICITY ,2017,2,false,416.000,206,131656.94
MCOU,NJ,00002143301,TRULICITY ,2017,1,true,,,
MCOU,NJ,00002143380,TRULICITY ,2017,1,false,158.000,79,47932.61
FFSU,NJ,00002143380,TRULICITY ,2017,1,true,,,
FFSU,NJ,00002143480,TRULICITY ,2017,1,true,,,
MCOU,NJ,00002143480,TRULICITY ,2017,1,false,314.000,157,94643.01
FFSU,NM,00002143380,TRULICITY ,2017,4,false,36.000,16,13062.88
MCOU,NM,00002143380,TRULICITY ,2017,4,false,466.500,230,164475.64
FFSU,NM,00002143480,TRULICITY ,2017,4,false,26.000,12,9438.88
MCOU,NM,00002143480,TRULICITY ,2017,4,false,455.000,228,155521.84
MCOU,NM,00002143380,TRULICITY ,2017,3,false,266.000,129,94826.34
FFSU,NM,00002143380,TRULICITY ,2017,3,false,24.000,12,8722.32
FFSU,NM,00002143480,TRULICITY ,2017,3,true,,,
MCOU,NM,00002143480,TRULICITY ,2017,3,false,258.000,129,90353.42
MCOU,NM,00002143380,TRULICITY ,2017,2,false,69.000,34,21893.35
FFSU,NM,00002143380,TRULICITY ,2017,2,true,,,
MCOU,NM,00002143480,TRULICITY ,2017,2,false,70.000,35,21127.36
FFSU,NM,00002143480,TRULICITY ,2017,2,true,,,
MCOU,NM,00002143380,TRULICITY ,2017,1,false,43.000,23,10927.17
MCOU,NM,00002143480,TRULICITY ,2017,1,false,32.000,16,8690.72
FFSU,NM,00002143480,TRULICITY ,2017,1,true,,,
FFSU,NV,00002143301,TRULICITY ,2017,4,true,,,
MCOU,NV,00002143301,TRULICITY ,2017,4,true,,,
MCOU,NV,00002143380,TRULICITY ,2017,4,false,623.000,310,215337.11
FFSU,NV,00002143380,TRULICITY ,2017,4,false,192.500,51,62841.86
FFSU,NV,00002143401,TRULICITY ,2017,4,true,,,
MCOU,NV,00002143480,TRULICITY ,2017,4,false,786.000,391,270843.81
FFSU,NV,00002143480,TRULICITY ,2017,4,false,338.000,78,110418.02
MCOU,NV,00002143301,TRULICITY ,2017,3,true,,,
MCOU,NV,00002143380,TRULICITY ,2017,3,false,360.000,176,124577.35
FFSU,NV,00002143380,TRULICITY ,2017,3,false,196.500,43,61921.39
FFSU,NV,00002143401,TRULICITY ,2017,3,true,,,
MCOU,NV,00002143401,TRULICITY ,2017,3,true,,,
FFSU,NV,00002143480,TRULICITY ,2017,3,false,274.000,69,89582.15
MCOU,NV,00002143480,TRULICITY ,2017,3,false,471.000,233,163332.84
FFSU,NV,00002143380,TRULICITY ,2017,2,false,166.000,42,51071.41
MCOU,NV,00002143380,TRULICITY ,2017,2,false,26.000,13,8731.06
FFSU,NV,00002143480,TRULICITY ,2017,2,false,222.500,61,71738.85
MCOU,NV,00002143480,TRULICITY ,2017,2,false,56.000,27,18651.59
FFSU,NV,00002143380,TRULICITY ,2017,1,false,110.000,40,33896.70
MCOU,NV,00002143380,TRULICITY ,2017,1,false,26.000,13,8221.26
FFSU,NV,00002143480,TRULICITY ,2017,1,false,142.000,48,42979.28
MCOU,NV,00002143480,TRULICITY ,2017,1,false,68.000,32,21250.55
FFSU,NY,00002143301,TRULICITY ,2017,4,true,,,
MCOU,NY,00002143301,TRULICITY ,2017,4,false,64.000,32,21140.09
MCOU,NY,00002143380,TRULICITY ,2017,4,false,4100.000,2057,1353861.41
FFSU,NY,00002143380,TRULICITY ,2017,4,false,290.500,141,86160.29
MCOU,NY,00002143401,TRULICITY ,2017,4,false,46.000,23,15162.49
FFSU,NY,00002143401,TRULICITY ,2017,4,true,,,
FFSU,NY,00002143480,TRULICITY ,2017,4,false,423.000,191,127676.47
MCOU,NY,00002143480,TRULICITY ,2017,4,false,5477.000,2725,1810865.89
MCOU,NY,00002143301,TRULICITY ,2017,3,false,42.000,21,13716.91
FFSU,NY,00002143380,TRULICITY ,2017,3,false,269.210,129,84895.75
MCOU,NY,00002143380,TRULICITY ,2017,3,false,3146.000,1578,1038474.40
MCOU,NY,00002143401,TRULICITY ,2017,3,false,50.000,25,16479.33
FFSU,NY,00002143480,TRULICITY ,2017,3,false,336.500,156,100250.38
MCOU,NY,00002143480,TRULICITY ,2017,3,false,4250.500,2114,1406013.29
MCOU,NY,00002143301,TRULICITY ,2017,2,false,30.000,15,9653.52
MCOU,NY,00002143380,TRULICITY ,2017,2,false,2389.000,1198,767011.98
FFSU,NY,00002143380,TRULICITY ,2017,2,false,223.000,101,0.01
FFSU,NY,00002143401,TRULICITY ,2017,2,true,,,
MCOU,NY,00002143401,TRULICITY ,2017,2,true,,,
MCOU,NY,00002143480,TRULICITY ,2017,2,false,3135.000,1560,1008806.22
FFSU,NY,00002143480,TRULICITY ,2017,2,false,340.000,155,110695.14
FFSU,NY,00002143301,TRULICITY ,2017,1,true,,,
MCOU,NY,00002143301,TRULICITY ,2017,1,false,28.000,14,8672.53
MCOU,NY,00002143380,TRULICITY ,2017,1,false,1580.500,789,491339.06
FFSU,NY,00002143380,TRULICITY ,2017,1,false,215.000,97,60492.40
FFSU,NY,00002143401,TRULICITY ,2017,1,true,,,
MCOU,NY,00002143401,TRULICITY ,2017,1,true,,,
MCOU,NY,00002143480,TRULICITY ,2017,1,false,2156.000,1073,667574.53
FFSU,NY,00002143480,TRULICITY ,2017,1,false,252.000,110,63974.12
MCOU,OH,00002143301,TRULICITY ,2017,4,true,,,
MCOU,OH,00002143380,TRULICITY ,2017,4,false,5370.000,2699,1795679.98
FFSU,OH,00002143380,TRULICITY ,2017,4,false,90.000,45,27283.73
MCOU,OH,00002143401,TRULICITY ,2017,4,true,,,
FFSU,OH,00002143480,TRULICITY ,2017,4,false,96.500,49,31627.96
MCOU,OH,00002143480,TRULICITY ,2017,4,false,5760.000,2884,1916097.84
FFSU,OH,00002143380,TRULICITY ,2017,3,false,100.000,48,31158.88
MCOU,OH,00002143380,TRULICITY ,2017,3,false,4397.500,2218,1474332.32
MCOU,OH,00002143401,TRULICITY ,2017,3,true,,,
FFSU,OH,00002143480,TRULICITY ,2017,3,false,84.500,43,27721.00
MCOU,OH,00002143480,TRULICITY ,2017,3,false,4384.500,2194,1462002.30
MCOU,OH,00002143301,TRULICITY ,2017,2,true,,,
MCOU,OH,00002143380,TRULICITY ,2017,2,false,3732.500,1878,1204861.32
FFSU,OH,00002143380,TRULICITY ,2017,2,false,80.000,38,25112.67
MCOU,OH,00002143480,TRULICITY ,2017,2,false,3386.000,1693,1092380.73
FFSU,OH,00002143480,TRULICITY ,2017,2,false,58.000,29,18342.42
FFSU,OH,00002143301,TRULICITY ,2017,1,true,,,
MCOU,OH,00002143301,TRULICITY ,2017,1,true,,,
FFSU,OH,00002143380,TRULICITY ,2017,1,false,52.000,26,14822.64
MCOU,OH,00002143380,TRULICITY ,2017,1,false,1336.000,678,411604.69
FFSU,OH,00002143480,TRULICITY ,2017,1,false,56.000,28,15728.43
MCOU,OH,00002143480,TRULICITY ,2017,1,false,1358.000,676,417819.84
FFSU,OK,00002143380,TRULICITY ,2017,4,false,80.000,40,26301.90
FFSU,OK,00002143480,TRULICITY ,2017,4,false,280.000,140,88573.02
FFSU,OK,00002143380,TRULICITY ,2017,3,false,74.000,37,24312.55
FFSU,OK,00002143480,TRULICITY ,2017,3,false,226.000,113,74023.14
FFSU,OK,00002143380,TRULICITY ,2017,2,false,60.000,30,19154.77
FFSU,OK,00002143480,TRULICITY ,2017,2,false,192.000,96,60964.44
FFSU,OK,00002143301,TRULICITY ,2017,1,true,,,
FFSU,OK,00002143380,TRULICITY ,2017,1,false,24.000,12,7370.60
FFSU,OK,00002143480,TRULICITY ,2017,1,false,135.000,68,41117.86
MCOU,OR,00002143380,TRULICITY ,2017,4,false,172.000,86,57915.55
FFSU,OR,00002143380,TRULICITY ,2017,4,true,,,
FFSU,OR,00002143480,TRULICITY ,2017,4,true,,,
MCOU,OR,00002143480,TRULICITY ,2017,4,false,364.000,181,122694.27
MCOU,OR,00002143380,TRULICITY ,2017,3,false,156.000,76,52824.59
FFSU,OR,00002143380,TRULICITY ,2017,3,true,,,
FFSU,OR,00002143480,TRULICITY ,2017,3,false,22.000,11,7408.61
MCOU,OR,00002143480,TRULICITY ,2017,3,false,268.000,134,90770.20
FFSU,OR,00002143380,TRULICITY ,2017,2,true,,,
MCOU,OR,00002143380,TRULICITY ,2017,2,false,171.000,85,56397.16
MCOU,OR,00002143401,TRULICITY ,2017,2,true,,,
MCOU,OR,00002143480,TRULICITY ,2017,2,false,192.000,96,63113.22
FFSU,OR,00002143480,TRULICITY ,2017,2,true,,,
FFSU,OR,00002143380,TRULICITY ,2017,1,true,,,
MCOU,OR,00002143380,TRULICITY ,2017,1,false,90.000,45,27683.27
MCOU,OR,00002143480,TRULICITY ,2017,1,false,98.000,47,30776.11
FFSU,OR,00002143480,TRULICITY ,2017,1,true,,,
MCOU,PA,00002143301,TRULICITY ,2017,4,true,,,
MCOU,PA,00002143380,TRULICITY ,2017,4,false,7537.000,3709,2561179.73
FFSU,PA,00002143380,TRULICITY ,2017,4,false,62.500,30,20334.01
MCOU,PA,00002143401,TRULICITY ,2017,4,true,,,
FFSU,PA,00002143480,TRULICITY ,2017,4,false,54.500,24,17694.74
MCOU,PA,00002143480,TRULICITY ,2017,4,false,7429.000,3683,2548205.41
MCOU,PA,00002143301,TRULICITY ,2017,3,true,,,
MCOU,PA,00002143380,TRULICITY ,2017,3,false,6542.500,3224,2227794.43
FFSU,PA,00002143380,TRULICITY ,2017,3,false,24.000,13,7955.02
MCOU,PA,00002143401,TRULICITY ,2017,3,true,,,
FFSU,PA,00002143480,TRULICITY ,2017,3,false,56.000,26,18773.41
MCOU,PA,00002143480,TRULICITY ,2017,3,false,5933.000,2929,2027015.05
MCOU,PA,00002143301,TRULICITY ,2017,2,true,,,
FFSU,PA,00002143380,TRULICITY ,2017,2,false,24.000,11,7965.76
MCOU,PA,00002143380,TRULICITY ,2017,2,false,7092.500,3462,2338028.78
MCOU,PA,00002143401,TRULICITY ,2017,2,true,,,
MCOU,PA,00002143480,TRULICITY ,2017,2,false,5785.000,2848,1904686.90
FFSU,PA,00002143480,TRULICITY ,2017,2,false,46.000,23,15027.99
MCOU,PA,00002143301,TRULICITY ,2017,1,true,,,
FFSU,PA,00002143380,TRULICITY ,2017,1,true,,,
MCOU,PA,00002143380,TRULICITY ,2017,1,false,4075.500,1970,1296817.70
MCOU,PA,00002143401,TRULICITY ,2017,1,true,,,
MCOU,PA,00002143480,TRULICITY ,2017,1,false,2954.500,1452,940195.86
FFSU,PA,00002143480,TRULICITY ,2017,1,false,30.000,15,9697.95
MCOU,RI,00002143380,TRULICITY ,2017,4,false,148.000,75,50185.91
MCOU,RI,00002143480,TRULICITY ,2017,4,false,102.000,51,34501.00
FFSU,RI,00002143480,TRULICITY ,2017,4,true,,,
MCOU,RI,00002143380,TRULICITY ,2017,3,false,132.000,63,44682.72
FFSU,RI,00002143480,TRULICITY ,2017,3,true,,,
MCOU,RI,00002143480,TRULICITY ,2017,3,false,62.000,31,20949.19
MCOU,RI,00002143380,TRULICITY ,2017,2,false,54.000,27,17615.56
MCOU,RI,00002143480,TRULICITY ,2017,2,false,24.000,12,7768.59
FFSU,RI,00002143480,TRULICITY ,2017,2,true,,,
MCOU,RI,00002143380,TRULICITY ,2017,1,false,46.000,23,14623.98
FFSU,RI,00002143480,TRULICITY ,2017,1,true,,,
MCOU,RI,00002143480,TRULICITY ,2017,1,true,,,
FFSU,SC,00002143380,TRULICITY ,2017,4,false,22.500,12,7695.86
MCOU,SC,00002143380,TRULICITY ,2017,4,false,372.000,181,122443.44
FFSU,SC,00002143480,TRULICITY ,2017,4,true,,,
MCOU,SC,00002143480,TRULICITY ,2017,4,false,652.000,313,207943.27
MCOU,SC,00002143380,TRULICITY ,2017,3,false,350.000,184,120315.61
FFSU,SC,00002143380,TRULICITY ,2017,3,true,,,
FFSU,SC,00002143480,TRULICITY ,2017,3,true,,,
MCOU,SC,00002143480,TRULICITY ,2017,3,false,534.000,273,174804.31
FFSU,SC,00002143380,TRULICITY ,2017,2,true,,,
MCOU,SC,00002143380,TRULICITY ,2017,2,false,240.000,124,75623.96
FFSU,SC,00002143480,TRULICITY ,2017,2,true,,,
MCOU,SC,00002143480,TRULICITY ,2017,2,false,409.000,199,124511.51
MCOU,SC,00002143380,TRULICITY ,2017,1,false,194.000,93,56541.20
FFSU,SC,00002143380,TRULICITY ,2017,1,true,,,
MCOU,SC,00002143480,TRULICITY ,2017,1,false,308.000,147,86293.48
FFSU,SC,00002143480,TRULICITY ,2017,1,true,,,
FFSU,SD,00002143380,TRULICITY ,2017,4,false,32.000,16,11376.35
FFSU,SD,00002143480,TRULICITY ,2017,4,false,108.000,54,38347.56
FFSU,SD,00002143380,TRULICITY ,2017,3,false,48.000,24,16383.17
FFSU,SD,00002143480,TRULICITY ,2017,3,false,89.000,41,31666.59
FFSU,SD,00002143380,TRULICITY ,2017,2,false,54.000,27,16470.21
FFSU,SD,00002143480,TRULICITY ,2017,2,false,70.000,35,23607.50
FFSU,SD,00002143380,TRULICITY ,2017,1,false,62.000,31,19755.75
FFSU,SD,00002143480,TRULICITY ,2017,1,false,50.000,25,16389.10
FFSU,TN,00002143380,TRULICITY ,2017,4,false,142.500,69,46540.64
FFSU,TN,00002143480,TRULICITY ,2017,4,false,238.000,116,78236.02
FFSU,TN,00002143380,TRULICITY ,2017,3,false,120.000,60,38876.97
FFSU,TN,00002143480,TRULICITY ,2017,3,false,198.000,99,65079.80
FFSU,TN,00002143380,TRULICITY ,2017,2,false,104.000,52,32813.24
FFSU,TN,00002143480,TRULICITY ,2017,2,false,144.000,72,45128.50
FFSU,TN,00002143380,TRULICITY ,2017,1,false,99.000,50,31593.74
FFSU,TN,00002143480,TRULICITY ,2017,1,false,128.000,64,39030.22
FFSU,TX,00002143380,TRULICITY ,2017,4,true,,,
MCOU,TX,00002143380,TRULICITY ,2017,4,false,743.000,367,242197.66
MCOU,TX,00002143480,TRULICITY ,2017,4,false,1134.000,570,367904.56
FFSU,TX,00002143480,TRULICITY ,2017,4,true,,,
FFSU,TX,00002143380,TRULICITY ,2017,3,true,,,
MCOU,TX,00002143380,TRULICITY ,2017,3,false,690.000,342,232260.23
FFSU,TX,00002143480,TRULICITY ,2017,3,true,,,
MCOU,TX,00002143480,TRULICITY ,2017,3,false,966.000,479,324887.78
MCOU,TX,00002143380,TRULICITY ,2017,2,false,534.000,261,175153.42
FFSU,TX,00002143380,TRULICITY ,2017,2,true,,,
MCOU,TX,00002143480,TRULICITY ,2017,2,false,761.000,381,251334.11
MCOU,TX,00002143380,TRULICITY ,2017,1,false,386.000,187,120581.62
FFSU,TX,00002143380,TRULICITY ,2017,1,true,,,
FFSU,TX,00002143480,TRULICITY ,2017,1,true,,,
MCOU,TX,00002143480,TRULICITY ,2017,1,false,576.000,287,179347.09
MCOU,UT,00002143380,TRULICITY ,2017,4,false,40.000,20,13672.79
MCOU,UT,00002143480,TRULICITY ,2017,4,false,106.000,46,31815.25
MCOU,UT,00002143380,TRULICITY ,2017,3,false,36.000,24,12382.97
MCOU,UT,00002143480,TRULICITY ,2017,3,false,62.000,31,21298.04
MCOU,UT,00002143380,TRULICITY ,2017,2,false,32.500,17,10867.08
FFSU,UT,00002143380,TRULICITY ,2017,2,true,,,
MCOU,UT,00002143480,TRULICITY ,2017,2,false,68.000,34,22712.68
MCOU,UT,00002143380,TRULICITY ,2017,1,false,22.000,11,7027.48
FFSU,UT,00002143380,TRULICITY ,2017,1,true,,,
MCOU,UT,00002143480,TRULICITY ,2017,1,false,58.000,29,18498.29
FFSU,VA,00002143380,TRULICITY ,2017,4,true,,,
MCOU,VA,00002143380,TRULICITY ,2017,4,false,587.500,302,198165.66
MCOU,VA,00002143401,TRULICITY ,2017,4,true,,,
MCOU,VA,00002143480,TRULICITY ,2017,4,false,702.000,348,235882.67
FFSU,VA,00002143480,TRULICITY ,2017,4,false,30.000,15,9833.85
MCOU,VA,00002143380,TRULICITY ,2017,3,false,417.000,229,149143.79
FFSU,VA,00002143380,TRULICITY ,2017,3,false,25.000,17,8259.64
FFSU,VA,00002143480,TRULICITY ,2017,3,false,46.000,23,15132.38
MCOU,VA,00002143480,TRULICITY ,2017,3,false,598.500,322,216333.68
MCOU,VA,00002143301,TRULICITY ,2017,2,true,,,
FFSU,VA,00002143380,TRULICITY ,2017,2,false,32.000,31,10244.79
MCOU,VA,00002143380,TRULICITY ,2017,2,false,481.000,248,159457.24
MCOU,VA,00002143401,TRULICITY ,2017,2,true,,,
MCOU,VA,00002143480,TRULICITY ,2017,2,false,525.000,262,174865.89
FFSU,VA,00002143480,TRULICITY ,2017,2,false,42.000,21,13335.54
MCOU,VA,00002143301,TRULICITY ,2017,1,true,,,
FFSU,VA,00002143380,TRULICITY ,2017,1,false,24.000,24,7571.44
MCOU,VA,00002143380,TRULICITY ,2017,1,false,412.000,204,127744.27
MCOU,VA,00002143401,TRULICITY ,2017,1,true,,,
MCOU,VA,00002143480,TRULICITY ,2017,1,false,424.000,212,134954.61
FFSU,VA,00002143480,TRULICITY ,2017,1,false,46.000,23,14272.67
FFSU,VT,00002143380,TRULICITY ,2017,4,false,34.000,17,11181.41
FFSU,VT,00002143480,TRULICITY ,2017,4,false,78.000,37,25598.93
FFSU,VT,00002143380,TRULICITY ,2017,3,false,29.000,15,9546.76
FFSU,VT,00002143480,TRULICITY ,2017,3,false,60.000,28,19692.05
FFSU,VT,00002143380,TRULICITY ,2017,2,false,38.000,19,12084.74
FFSU,VT,00002143480,TRULICITY ,2017,2,false,52.000,24,15258.67
FFSU,VT,00002143380,TRULICITY ,2017,1,false,28.000,14,7717.98
FFSU,VT,00002143480,TRULICITY ,2017,1,false,44.000,20,13580.38
MCOU,WA,00002143301,TRULICITY ,2017,4,true,,,
MCOU,WA,00002143380,TRULICITY ,2017,4,false,872.000,442,284985.98
FFSU,WA,00002143380,TRULICITY ,2017,4,true,,,
FFSU,WA,00002143480,TRULICITY ,2017,4,false,26.000,13,8487.83
MCOU,WA,00002143480,TRULICITY ,2017,4,false,795.000,402,259503.68
MCOU,WA,00002143301,TRULICITY ,2017,3,true,,,
FFSU,WA,00002143380,TRULICITY ,2017,3,true,,,
MCOU,WA,00002143380,TRULICITY ,2017,3,false,637.500,318,207332.54
FFSU,WA,00002143480,TRULICITY ,2017,3,true,,,
MCOU,WA,00002143480,TRULICITY ,2017,3,false,494.000,239,161103.53
FFSU,WA,00002143380,TRULICITY ,2017,2,true,,,
MCOU,WA,00002143380,TRULICITY ,2017,2,false,114.000,55,35973.33
FFSU,WA,00002143480,TRULICITY ,2017,2,true,,,
MCOU,WA,00002143480,TRULICITY ,2017,2,false,129.000,65,40076.31
MCOU,WA,00002143380,TRULICITY ,2017,1,false,70.000,33,21989.10
FFSU,WA,00002143380,TRULICITY ,2017,1,true,,,
MCOU,WA,00002143480,TRULICITY ,2017,1,false,114.000,55,35474.82
FFSU,WA,00002143480,TRULICITY ,2017,1,true,,,
FFSU,WI,00002143380,TRULICITY ,2017,4,false,26.000,13,8581.43
MCOU,WI,00002143380,TRULICITY ,2017,4,true,,,
FFSU,WI,00002143480,TRULICITY ,2017,4,false,46.000,23,17272.51
FFSU,WI,00002143380,TRULICITY ,2017,3,false,30.000,15,10597.96
FFSU,WI,00002143480,TRULICITY ,2017,3,false,40.000,15,14538.60
FFSU,WI,00002143380,TRULICITY ,2017,2,false,28.000,14,10574.99
FFSU,WI,00002143480,TRULICITY ,2017,2,true,,,
FFSU,WI,00002143380,TRULICITY ,2017,1,true,,,
MCOU,WI,00002143380,TRULICITY ,2017,1,true,,,
FFSU,WI,00002143480,TRULICITY ,2017,1,true,,,
FFSU,WV,00002143380,TRULICITY ,2017,4,false,84.000,40,27487.12
FFSU,WV,00002143480,TRULICITY ,2017,4,false,188.000,88,61406.84
FFSU,WV,00002143380,TRULICITY ,2017,3,false,88.000,42,28850.23
FFSU,WV,00002143480,TRULICITY ,2017,3,false,136.000,66,44538.14
FFSU,WV,00002143380,TRULICITY ,2017,2,true,,,
MCOU,WV,00002143380,TRULICITY ,2017,2,false,176.000,88,57999.25
MCOU,WV,00002143480,TRULICITY ,2017,2,false,232.500,116,79030.11
MCOU,WV,00002143380,TRULICITY ,2017,1,false,106.000,53,33665.64
FFSU,WV,00002143380,TRULICITY ,2017,1,true,,,
FFSU,WV,00002143480,TRULICITY ,2017,1,false,30.000,15,9600.30
MCOU,WV,00002143480,TRULICITY ,2017,1,false,150.000,75,48346.94
FFSU,WY,00002143380,TRULICITY ,2017,4,true,,,
FFSU,WY,00002143480,TRULICITY ,2017,4,true,,,
FFSU,WY,00002143380,TRULICITY ,2017,3,true,,,
FFSU,WY,00002143480,TRULICITY ,2017,3,true,,,
FFSU,WY,00002143380,TRULICITY ,2017,2,true,,,
FFSU,WY,00002143480,TRULICITY ,2017,2,true,,,
FFSU,WY,00002143380,TRULICITY ,2017,1,true,,,
FFSU,WY,00002143480,TRULICITY ,2017,1,true,,,
FFSU,AK,00169406012,VICTOZA 2-,2017,4,false,1164.000,185,95799.86
FFSU,AK,00169406013,VICTOZA 3-,2017,4,false,3243.000,348,269739.18
FFSU,AK,00169406012,VICTOZA 2-,2017,3,false,1308.000,228,120244.61
FFSU,AK,00169406013,VICTOZA 3-,2017,3,false,3072.000,361,286131.86
FFSU,AK,00169406012,VICTOZA 2-,2017,2,false,1128.000,180,88455.78
FFSU,AK,00169406013,VICTOZA 3-,2017,2,false,2490.000,278,195531.85
FFSU,AK,00169406012,VICTOZA 2-,2017,1,false,1107.000,173,86312.37
FFSU,AK,00169406013,VICTOZA 3-,2017,1,false,2217.000,245,172302.47
FFSU,AL,00169406012,Victoza 6M,2017,4,false,1551.000,262,141835.31
FFSU,AL,00169406013,Victoza 6M,2017,4,false,4530.000,505,410986.83
FFSU,AL,00169406012,VICTOZA 6M,2017,3,false,1542.000,258,138756.58
FFSU,AL,00169406013,VICTOZA 6M,2017,3,false,4587.000,508,416811.17
FFSU,AL,00169406012,Victoza 6M,2017,2,false,1305.000,218,109940.08
FFSU,AL,00169406013,Victoza 6M,2017,2,false,4530.000,503,377831.49
FFSU,AL,00169406012,Victoza 6M,2017,1,false,1389.000,223,116882.97
FFSU,AL,00169406013,Victoza 6M,2017,1,false,4230.000,467,350999.66
FFSU,AR,00169406012,VICTOZA 2-,2017,4,false,543.000,93,47480.00
FFSU,AR,00169406013,VICTOZA 3-,2017,4,false,771.000,87,67034.95
FFSU,AR,00169406012,VICTOZA 2-,2017,3,false,369.000,70,35310.63
FFSU,AR,00169406013,VICTOZA 3-,2017,3,false,726.000,82,63003.78
FFSU,AR,00169406012,VICTOZA 2-,2017,2,false,369.000,69,31098.80
FFSU,AR,00169406013,VICTOZA 3-,2017,2,false,696.000,78,56371.08
FFSU,AR,00169406012,VICTOZA 2-,2017,1,false,387.000,70,33364.44
FFSU,AR,00169406013,VICTOZA 3-,2017,1,false,600.000,67,51605.50
FFSU,AZ,00169406012,VICTOZA 2-,2017,4,true,,,
MCOU,AZ,00169406012,VICTOZA 2-,2017,4,false,9801.000,1623,861173.21
FFSU,AZ,00169406013,VICTOZA 3-,2017,4,false,93.000,11,8455.98
MCOU,AZ,00169406013,VICTOZA 3-,2017,4,false,11370.000,1270,1005195.52
MCOU,AZ,00169406012,VICTOZA 2-,2017,3,false,9473.000,1633,856763.23
FFSU,AZ,00169406012,VICTOZA 2-,2017,3,true,,,
FFSU,AZ,00169406013,VICTOZA 3-,2017,3,true,,,
MCOU,AZ,00169406013,VICTOZA 3-,2017,3,false,10644.000,1228,967932.58
MCOU,AZ,00169406012,VICTOZA 2-,2017,2,false,8523.000,1463,723904.87
FFSU,AZ,00169406012,VICTOZA 2-,2017,2,true,,,
FFSU,AZ,00169406013,VICTOZA 3-,2017,2,true,,,
MCOU,AZ,00169406013,VICTOZA 3-,2017,2,false,8937.000,1059,792001.01
FFSU,AZ,00169406012,VICTOZA 2-,2017,1,true,,,
MCOU,AZ,00169406012,VICTOZA 2-,2017,1,false,6819.000,1128,553826.40
MCOU,AZ,00169406013,VICTOZA 3-,2017,1,false,7581.000,848,625071.89
FFSU,AZ,00169406013,VICTOZA 3-,2017,1,true,,,
MCOU,CA,00169406012,VICTOZA 6M,2017,4,false,16128.000,2667,1450318.24
FFSU,CA,00169406012,VICTOZA 6M,2017,4,false,4275.000,694,385976.60
FFSU,CA,00169406013,VICTOZA 6M,2017,4,false,11904.000,1320,1072715.94
MCOU,CA,00169406013,VICTOZA 6M,2017,4,false,38320.000,4240,3436469.09
MCOU,CA,00169406012,VICTOZA 6M,2017,3,false,13996.000,2320,1255120.40
FFSU,CA,00169406012,VICTOZA 6M,2017,3,false,4128.000,672,374750.02
FFSU,CA,00169406013,VICTOZA 6M,2017,3,false,10686.000,1189,968202.33
MCOU,CA,00169406013,VICTOZA 6M,2017,3,false,34521.000,3820,3110594.57
FFSU,CA,00169406012,VICTOZA 6M,2017,2,false,4041.000,659,343933.45
MCOU,CA,00169406012,VICTOZA 6M,2017,2,false,14324.000,2369,1206754.23
FFSU,CA,00169406013,VICTOZA 6M,2017,2,false,10029.000,1112,852706.39
MCOU,CA,00169406013,VICTOZA 6M,2017,2,false,34032.000,3746,2855827.29
MCOU,CA,00169406012,VICTOZA 6M,2017,1,false,14701.000,2405,1210623.42
FFSU,CA,00169406012,VICTOZA 6M,2017,1,false,3555.000,582,299731.85
MCOU,CA,00169406013,VICTOZA 6M,2017,1,false,32101.000,3564,2655827.84
FFSU,CA,00169406013,VICTOZA 6M,2017,1,false,9228.000,1018,776331.17
MCOU,CO,00169406012,VICTOZA 2-,2017,4,false,330.000,55,29344.28
FFSU,CO,00169406012,VICTOZA 2-,2017,4,false,1575.000,210,139630.25
MCOU,CO,00169406013,VICTOZA 3-,2017,4,false,387.000,42,34197.53
FFSU,CO,00169406013,VICTOZA 3-,2017,4,false,5034.000,448,444274.38
FFSU,CO,00169406012,VICTOZA 2-,2017,3,false,1491.000,206,136626.03
MCOU,CO,00169406012,VICTOZA 2-,2017,3,false,354.000,49,25834.87
FFSU,CO,00169406013,VICTOZA 3-,2017,3,false,4863.000,424,424710.27
MCOU,CO,00169406013,VICTOZA 3-,2017,3,false,504.000,52,43941.70
MCOU,CO,00169406012,VICTOZA 2-,2017,2,false,336.000,52,24919.06
FFSU,CO,00169406012,VICTOZA 2-,2017,2,false,1468.000,201,122967.62
FFSU,CO,00169406013,VICTOZA 3-,2017,2,false,4614.000,406,377279.09
MCOU,CO,00169406013,VICTOZA 3-,2017,2,false,567.000,61,45993.70
MCOU,CO,00169406012,VICTOZA 2-,2017,1,false,183.000,30,15008.48
FFSU,CO,00169406012,VICTOZA 2-,2017,1,false,1272.000,173,103682.56
FFSU,CO,00169406013,VICTOZA 3-,2017,1,false,4323.000,380,350405.70
MCOU,CO,00169406013,VICTOZA 3-,2017,1,false,549.000,59,44135.11
FFSU,CT,00169406012,VICTOZA 6M,2017,4,false,7035.000,1058,617490.65
FFSU,CT,00169406013,VICTOZA 6M,2017,4,false,27207.000,2333,2365626.88
FFSU,CT,00169406012,Victoza 6M,2017,3,false,6552.000,990,573789.77
FFSU,CT,00169406013,VICTOZA 6M,2017,3,false,25716.000,2243,2232023.07
FFSU,CT,00169406012,VICTOZA 6M,2017,2,false,6510.000,987,533859.67
FFSU,CT,00169406013,VICTOZA 6M,2017,2,false,24075.000,2093,1954188.17
FFSU,CT,00169406012,VICTOZA 6M,2017,1,false,5967.000,909,497681.74
FFSU,CT,00169406013,VICTOZA 6M,2017,1,false,21870.000,1911,1822325.92
MCOU,DC,00169406012,VICTOZA 2-,2017,4,false,516.000,84,45845.50
FFSU,DC,00169406012,VICTOZA 2-,2017,4,true,,,
MCOU,DC,00169406013,VICTOZA 3-,2017,4,false,1872.000,215,166482.04
FFSU,DC,00169406013,VICTOZA 3-,2017,4,false,309.000,35,26997.89
FFSU,DC,00169406012,VICTOZA 2-,2017,3,true,,,
MCOU,DC,00169406012,VICTOZA 2-,2017,3,false,405.000,66,35989.17
MCOU,DC,00169406013,VICTOZA 3-,2017,3,false,1326.000,152,118317.26
FFSU,DC,00169406013,VICTOZA 3-,2017,3,false,306.000,34,26727.10
MCOU,DC,00169406012,VICTOZA 2-,2017,2,false,612.000,103,51104.23
FFSU,DC,00169406012,VICTOZA 2-,2017,2,false,87.000,12,7204.63
FFSU,DC,00169406013,VICTOZA 3-,2017,2,false,279.000,31,22850.63
MCOU,DC,00169406013,VICTOZA 3-,2017,2,false,1947.000,220,164347.43
FFSU,DC,00169406012,VICTOZA 2-,2017,1,false,162.000,25,13973.51
MCOU,DC,00169406012,VICTOZA 2-,2017,1,false,540.000,89,44967.28
MCOU,DC,00169406013,VICTOZA 3-,2017,1,false,1404.000,160,117168.79
FFSU,DC,00169406013,VICTOZA 3-,2017,1,false,333.000,37,28658.72
MCOU,DE,00169406012,Victoza 6M,2017,4,false,114.000,19,7748.54
MCOU,DE,00169406013,Victoza 6M,2017,4,false,1041.000,117,77736.05
MCOU,DE,00169406012,Victoza 6M,2017,3,false,90.000,16,8274.12
MCOU,DE,00169406013,Victoza 6M,2017,3,false,921.000,105,83330.82
MCOU,DE,00169406012,Victoza 6M,2017,2,true,,,
MCOU,DE,00169406013,Victoza 6M,2017,2,false,789.000,87,66481.24
FFSU,DE,00169406012,Victoza 6M,2017,1,true,,,
MCOU,DE,00169406012,Victoza 6M,2017,1,true,,,
MCOU,DE,00169406013,Victoza 6M,2017,1,false,828.000,90,69283.80
FFSU,DE,00169406013,Victoza 6M,2017,1,true,,,
MCOU,FL,00169406012,VICTOZA 2-,2017,4,false,759.000,128,65518.16
FFSU,FL,00169406012,VICTOZA 2-,2017,4,true,,,
FFSU,FL,00169406013,VICTOZA 3-,2017,4,true,,,
MCOU,FL,00169406013,VICTOZA 3-,2017,4,false,1482.000,169,127777.15
FFSU,FL,00169406012,VICTOZA 2-,2017,3,true,,,
MCOU,FL,00169406012,VICTOZA 2-,2017,3,false,741.000,123,64650.42
FFSU,FL,00169406013,VICTOZA 3-,2017,3,true,,,
MCOU,FL,00169406013,VICTOZA 3-,2017,3,false,1881.000,212,162882.83
FFSU,FL,00169406012,VICTOZA 2-,2017,2,true,,,
MCOU,FL,00169406012,VICTOZA 2-,2017,2,false,924.000,149,75531.14
FFSU,FL,00169406013,VICTOZA 3-,2017,2,true,,,
MCOU,FL,00169406013,VICTOZA 3-,2017,2,false,1830.000,211,149868.89
FFSU,FL,00169406012,VICTOZA 2-,2017,1,true,,,
MCOU,FL,00169406012,VICTOZA 2-,2017,1,false,591.000,97,48068.83
FFSU,FL,00169406013,VICTOZA 3-,2017,1,true,,,
MCOU,FL,00169406013,VICTOZA 3-,2017,1,false,1293.000,145,105227.97
FFSU,GA,00169406012,Victoza 6M,2017,4,false,342.000,57,30049.41
MCOU,GA,00169406012,Victoza 6M,2017,4,false,894.000,149,80423.16
MCOU,GA,00169406013,Victoza 6M,2017,4,false,1275.000,145,114267.02
FFSU,GA,00169406013,VICTOZA 3-,2017,4,false,819.000,93,71278.75
FFSU,GA,00169406012,Victoza 6M,2017,3,false,222.000,37,19499.45
MCOU,GA,00169406012,VICTOZA 2-,2017,3,false,903.000,152,80807.51
FFSU,GA,00169406013,VICTOZA 3-,2017,3,false,708.000,80,61769.37
MCOU,GA,00169406013,Victoza 6M,2017,3,false,1119.000,128,100078.29
FFSU,GA,00169406012,Victoza 6M,2017,2,false,150.000,25,12265.63
MCOU,GA,00169406012,VICTOZA 2-,2017,2,false,777.000,131,65661.28
FFSU,GA,00169406013,VICTOZA 3-,2017,2,false,702.000,78,57349.34
MCOU,GA,00169406013,VICTOZA 3-,2017,2,false,1014.000,113,86100.18
MCOU,GA,00169406012,Victoza 6M,2017,1,false,621.000,102,51809.16
FFSU,GA,00169406012,Victoza 6M,2017,1,false,153.000,25,12936.18
FFSU,GA,00169406013,Victoza 6M,2017,1,false,561.000,63,47003.82
MCOU,GA,00169406013,Victoza 6M,2017,1,false,618.000,69,51684.43
MCOU,HI,00169406012,VICTOZA 2-,2017,4,false,1377.000,217,126771.80
MCOU,HI,00169406013,VICTOZA 3-,2017,4,false,4920.000,541,436666.44
MCOU,HI,00169406012,VICTOZA 2-,2017,3,false,1476.000,237,134881.63
MCOU,HI,00169406013,VICTOZA 3-,2017,3,false,5055.000,559,445013.53
MCOU,HI,00169406012,VICTOZA 2-,2017,2,false,1974.000,317,166972.70
MCOU,HI,00169406013,VICTOZA 3-,2017,2,false,5766.000,632,474261.02
MCOU,HI,00169406012,VICTOZA 2-,2017,1,false,1794.000,295,150208.09
MCOU,HI,00169406013,VICTOZA 3-,2017,1,false,5325.000,585,433163.53
FFSU,IA,00169406012,Victoza 6M,2017,4,true,,,
MCOU,IA,00169406012,Victoza 6M,2017,4,false,324.000,52,24076.73
MCOU,IA,00169406013,Victoza 6M,2017,4,false,780.000,88,65851.64
FFSU,IA,00169406013,Victoza 6M,2017,4,true,,,
FFSU,IA,00169406012,Victoza 6M,2017,3,true,,,
MCOU,IA,00169406012,Victoza 6M,2017,3,false,186.000,29,19417.36
MCOU,IA,00169406013,Victoza 6M,2017,3,false,756.000,84,66214.10
FFSU,IA,00169406013,Victoza 6M,2017,3,true,,,
FFSU,IA,00169406012,Victoza 6M,2017,2,true,,,
MCOU,IA,00169406012,Victoza 6M,2017,2,false,108.000,16,15204.94
MCOU,IA,00169406013,Victoza 6M,2017,2,false,702.000,78,75483.90
FFSU,IA,00169406013,Victoza 6M,2017,2,true,,,
FFSU,IA,00169406012,Victoza 6M,2017,1,true,,,
MCOU,IA,00169406012,Victoza 6M,2017,1,false,252.000,38,29665.69
FFSU,IA,00169406013,Victoza 6M,2017,1,true,,,
MCOU,IA,00169406013,Victoza 6M,2017,1,false,1017.000,114,106648.34
FFSU,ID,00169406012,VICTOZA 2-,2017,4,false,570.000,96,50445.32
FFSU,ID,00169406013,VICTOZA 3-,2017,4,false,1191.000,135,104328.48
FFSU,ID,00169406012,VICTOZA 2-,2017,3,false,432.000,74,38594.80
FFSU,ID,00169406013,VICTOZA 3-,2017,3,false,813.000,91,72112.59
FFSU,ID,00169406012,VICTOZA 2-,2017,2,false,333.000,58,27701.34
FFSU,ID,00169406013,VICTOZA 3-,2017,2,false,741.000,83,61329.59
FFSU,ID,00169406012,VICTOZA 2-,2017,1,false,273.000,46,22651.91
FFSU,ID,00169406013,VICTOZA 3-,2017,1,false,786.000,88,64716.70
MCOU,IL,00169406012,Victoza 6M,2017,4,false,4299.000,710,415529.94
FFSU,IL,00169406012,Victoza 6M,2017,4,false,2238.000,350,199980.97
MCOU,IL,00169406013,Victoza 6M,2017,4,false,9012.000,1007,863602.95
FFSU,IL,00169406013,Victoza 6M,2017,4,false,4050.000,424,366728.02
MCOU,IL,00169406012,Victoza 6M,2017,3,false,3759.000,625,370084.22
FFSU,IL,00169406012,Victoza 6M,2017,3,false,306.000,51,29169.65
FFSU,IL,00169406013,Victoza 6M,2017,3,false,801.000,83,74717.81
MCOU,IL,00169406013,Victoza 6M,2017,3,false,8172.000,898,792312.55
FFSU,IL,00169406012,Victoza 6M,2017,2,false,423.000,70,39701.16
MCOU,IL,00169406012,Victoza 6M,2017,2,false,3270.000,540,286067.31
FFSU,IL,00169406013,Victoza 6M,2017,2,false,1059.000,111,98432.64
MCOU,IL,00169406013,Victoza 6M,2017,2,false,7482.000,816,682224.23
MCOU,IL,00169406012,Victoza 6M,2017,1,false,4020.000,659,385250.11
FFSU,IL,00169406012,Victoza 6M,2017,1,false,360.000,60,29819.10
MCOU,IL,00169406013,Victoza 6M,2017,1,false,9522.000,1037,900770.61
FFSU,IL,00169406013,Victoza 6M,2017,1,false,795.000,89,65907.15
MCOU,IN,00169406012,Victoza 6M,2017,4,false,7620.000,1224,683613.03
FFSU,IN,00169406012,Victoza 6M,2017,4,false,504.000,75,43780.72
MCOU,IN,00169406013,Victoza 6M,2017,4,false,26343.000,2789,2360835.37
FFSU,IN,00169406013,Victoza 6M,2017,4,false,1311.000,132,114177.68
FFSU,IN,00169406012,Victoza 6M,2017,3,false,438.000,68,37555.15
MCOU,IN,00169406012,Victoza 6M,2017,3,false,6899.000,1119,621920.44
MCOU,IN,00169406013,Victoza 6M,2017,3,false,21678.000,2288,1954375.71
FFSU,IN,00169406013,Victoza 6M,2017,3,false,1065.000,112,91901.38
MCOU,IN,00169406012,Victoza 6M,2017,2,false,6396.000,1043,541514.66
FFSU,IN,00169406012,Victoza 6M,2017,2,false,321.000,47,24881.57
FFSU,IN,00169406013,Victoza 6M,2017,2,false,933.000,100,75854.88
MCOU,IN,00169406013,Victoza 6M,2017,2,false,19728.000,2104,1671724.95
FFSU,IN,00169406012,Victoza 6M,2017,1,false,393.000,62,30732.46
MCOU,IN,00169406012,Victoza 6M,2017,1,false,6181.000,1000,517008.88
FFSU,IN,00169406013,Victoza 6M,2017,1,false,747.000,82,62853.85
MCOU,IN,00169406013,Victoza 6M,2017,1,false,18592.000,1973,1550179.99
MCOU,KS,00169406012,Victoza 6M,2017,4,false,1770.000,296,156328.00
MCOU,KS,00169406013,Victoza 6M,2017,4,false,4014.000,450,351249.99
MCOU,KS,00169406012,Victoza 6M,2017,3,false,1530.000,258,135231.97
MCOU,KS,00169406013,Victoza 6M,2017,3,false,3327.000,375,291441.55
MCOU,KS,00169406012,Victoza 6M,2017,2,false,3261.000,553,266716.32
MCOU,KS,00169406013,Victoza 6M,2017,2,false,8145.000,920,650813.44
MCOU,KS,00169406012,Victoza 6M,2017,1,false,1563.000,262,127700.22
MCOU,KS,00169406013,Victoza 6M,2017,1,false,3708.000,422,300406.31
FFSU,KY,00169406012,VICTOZA 2-,2017,4,true,,,
MCOU,KY,00169406012,VICTOZA 2-,2017,4,false,6588.000,1101,601815.66
MCOU,KY,00169406013,VICTOZA 3-,2017,4,false,14625.000,1662,1333190.65
FFSU,KY,00169406013,VICTOZA 3-,2017,4,false,168.000,20,14660.46
MCOU,KY,00169406012,VICTOZA 2-,2017,3,false,5594.000,930,508388.01
FFSU,KY,00169406012,VICTOZA 2-,2017,3,true,,,
FFSU,KY,00169406013,VICTOZA 3-,2017,3,false,126.000,14,10975.56
MCOU,KY,00169406013,VICTOZA 3-,2017,3,false,12804.000,1452,1175781.17
FFSU,KY,00169406012,VICTOZA 2-,2017,2,true,,,
MCOU,KY,00169406012,VICTOZA 2-,2017,2,false,4779.000,788,408854.50
MCOU,KY,00169406013,VICTOZA 3-,2017,2,false,11601.000,1308,1001544.57
FFSU,KY,00169406013,VICTOZA 3-,2017,2,false,108.000,12,9192.96
MCOU,KY,00169406012,VICTOZA 2-,2017,1,false,4119.000,676,345954.06
FFSU,KY,00169406012,VICTOZA 2-,2017,1,true,,,
FFSU,KY,00169406013,VICTOZA 3-,2017,1,true,,,
MCOU,KY,00169406013,VICTOZA 3-,2017,1,false,10287.000,1158,870402.96
MCOU,LA,00169406012,VICTOZA 2-,2017,4,false,9926.000,1657,889347.22
FFSU,LA,00169406012,VICTOZA 2-,2017,4,false,468.000,81,42287.89
MCOU,LA,00169406013,VICTOZA 3-,2017,4,false,16854.000,1893,1504673.92
FFSU,LA,00169406013,VICTOZA 3-,2017,4,false,465.000,54,41756.52
MCOU,LA,00169406012,VICTOZA 2-,2017,3,false,8334.000,1383,746699.57
FFSU,LA,00169406012,VICTOZA 2-,2017,3,false,348.000,60,31221.74
MCOU,LA,00169406013,VICTOZA 3-,2017,3,false,12939.000,1439,1156359.25
FFSU,LA,00169406013,VICTOZA 3-,2017,3,false,477.000,54,42234.36
MCOU,LA,00169406012,VICTOZA 2-,2017,2,false,6192.000,1023,520701.11
FFSU,LA,00169406012,VICTOZA 2-,2017,2,false,342.000,60,28675.44
MCOU,LA,00169406013,VICTOZA 3-,2017,2,false,11650.000,1293,980101.69
FFSU,LA,00169406013,VICTOZA 3-,2017,2,false,441.000,47,36642.78
MCOU,LA,00169406012,VICTOZA 2-,2017,1,false,5154.000,855,429043.28
FFSU,LA,00169406012,VICTOZA 2-,2017,1,false,330.000,58,27688.37
FFSU,LA,00169406013,VICTOZA 3-,2017,1,false,450.000,47,37419.97
MCOU,LA,00169406013,VICTOZA 3-,2017,1,false,8931.000,1001,743952.56
MCOU,MA,00169406012,VICTOZA 2-,2017,4,false,3360.000,538,304853.50
FFSU,MA,00169406012,VICTOZA 2-,2017,4,false,1329.000,223,109980.22
MCOU,MA,00169406013,VICTOZA 3-,2017,4,false,9081.000,951,824326.00
FFSU,MA,00169406013,VICTOZA 3-,2017,4,false,4065.000,452,338822.61
FFSU,MA,00169406012,VICTOZA 2-,2017,3,false,1131.000,189,98467.74
MCOU,MA,00169406012,VICTOZA 2-,2017,3,false,3447.000,543,312765.79
FFSU,MA,00169406013,VICTOZA 3-,2017,3,false,3195.000,359,260291.22
MCOU,MA,00169406013,VICTOZA 3-,2017,3,false,10815.000,1080,976108.59
FFSU,MA,00169406012,VICTOZA 2-,2017,2,false,1461.000,243,121015.35
MCOU,MA,00169406012,VICTOZA 2-,2017,2,false,3327.000,519,284572.41
MCOU,MA,00169406013,VICTOZA 3-,2017,2,false,10788.000,1070,913696.70
FFSU,MA,00169406013,VICTOZA 3-,2017,2,false,4251.000,465,324757.80
MCOU,MA,00169406012,VICTOZA 2-,2017,1,false,2972.000,466,250303.87
FFSU,MA,00169406012,VICTOZA 2-,2017,1,false,1134.000,189,89768.08
FFSU,MA,00169406013,VICTOZA 3-,2017,1,false,3501.000,386,274341.09
MCOU,MA,00169406013,VICTOZA 3-,2017,1,false,10035.000,1019,838635.76
MCOU,MD,00169406012,VICTOZA 2-,2017,4,false,4113.000,682,374588.11
FFSU,MD,00169406012,VICTOZA 2-,2017,4,true,,,
MCOU,MD,00169406013,VICTOZA 3-,2017,4,false,13755.000,1540,1233773.95
FFSU,MD,00169406013,VICTOZA 3-,2017,4,true,,,
MCOU,MD,00169406012,VICTOZA 2-,2017,3,false,3612.000,602,330050.09
FFSU,MD,00169406012,VICTOZA 2-,2017,3,true,,,
MCOU,MD,00169406013,VICTOZA 3-,2017,3,false,12078.000,1367,1085038.44
FFSU,MD,00169406013,VICTOZA 3-,2017,3,true,,,
FFSU,MD,00169406012,VICTOZA 2-,2017,2,true,,,
MCOU,MD,00169406012,VICTOZA 2-,2017,2,false,4048.000,686,346680.82
FFSU,MD,00169406013,VICTOZA 3-,2017,2,false,129.000,13,10463.38
MCOU,MD,00169406013,VICTOZA 3-,2017,2,false,13713.000,1538,1153837.52
FFSU,MD,00169406012,VICTOZA 2-,2017,1,false,66.000,13,5822.89
MCOU,MD,00169406012,VICTOZA 2-,2017,1,false,3615.000,606,306544.20
MCOU,MD,00169406013,VICTOZA 3-,2017,1,false,12597.000,1414,1045011.98
FFSU,MD,00169406013,VICTOZA 3-,2017,1,false,207.000,18,18204.58
FFSU,ME,00169406012,VICTOZA   ,2017,4,false,945.000,158,82998.01
FFSU,ME,00169406013,VICTOZA   ,2017,4,false,2079.000,231,181305.77
FFSU,ME,00169406012,VICTOZA   ,2017,3,false,684.000,114,60067.85
FFSU,ME,00169406013,VICTOZA   ,2017,3,false,1641.000,183,143677.20
FFSU,ME,00169406012,VICTOZA   ,2017,2,false,573.000,96,48480.78
FFSU,ME,00169406013,VICTOZA   ,2017,2,false,1431.000,161,118564.47
FFSU,ME,00169406012,VICTOZA   ,2017,1,false,270.000,45,22406.10
FFSU,ME,00169406013,VICTOZA   ,2017,1,false,1134.000,128,93952.21
FFSU,MI,00169406012,VICTOZA 2-,2017,4,false,1224.000,199,104792.01
MCOU,MI,00169406012,VICTOZA 2-,2017,4,false,6692.000,1116,598316.65
MCOU,MI,00169406013,VICTOZA 3-,2017,4,false,16056.000,1806,1435537.57
FFSU,MI,00169406013,VICTOZA 3-,2017,4,false,2679.000,273,228182.01
MCOU,MI,00169406012,VICTOZA 2-,2017,3,false,6699.000,1114,599940.10
FFSU,MI,00169406012,VICTOZA 2-,2017,3,false,237.000,43,21990.13
FFSU,MI,00169406013,VICTOZA 3-,2017,3,false,720.000,80,64260.71
MCOU,MI,00169406013,VICTOZA 3-,2017,3,false,15186.000,1697,1359464.92
FFSU,MI,00169406012,VICTOZA 2-,2017,2,false,342.000,57,27927.76
MCOU,MI,00169406012,VICTOZA 2-,2017,2,false,5937.000,1004,508670.89
MCOU,MI,00169406013,VICTOZA 3-,2017,2,false,13077.000,1472,1104158.15
FFSU,MI,00169406013,VICTOZA 3-,2017,2,false,861.000,85,61779.09
MCOU,MI,00169406012,VICTOZA 2-,2017,1,false,5718.000,952,475158.59
FFSU,MI,00169406012,VICTOZA 2-,2017,1,false,318.000,49,14430.70
MCOU,MI,00169406013,VICTOZA 3-,2017,1,false,12267.000,1374,1016223.83
FFSU,MI,00169406013,VICTOZA 3-,2017,1,false,1002.000,94,55185.31
FFSU,MN,00169406012,VICTOZA 2-,2017,4,false,210.000,35,18250.05
MCOU,MN,00169406012,VICTOZA 2-,2017,4,false,7831.000,1311,711759.06
FFSU,MN,00169406013,VICTOZA 3-,2017,4,false,936.000,104,72909.73
MCOU,MN,00169406013,VICTOZA 3-,2017,4,false,18849.000,2124,1712968.75
FFSU,MN,00169406012,VICTOZA 2-,2017,3,false,222.000,37,19271.56
MCOU,MN,00169406012,VICTOZA 2-,2017,3,false,3828.000,639,347262.08
MCOU,MN,00169406013,VICTOZA 3-,2017,3,false,17274.000,1944,1568389.53
FFSU,MN,00169406013,VICTOZA 3-,2017,3,false,831.000,93,71935.85
FFSU,MN,00169406012,VICTOZA 2-,2017,2,false,330.000,51,27444.67
MCOU,MN,00169406012,VICTOZA 2-,2017,2,false,6903.000,1150,588803.96
MCOU,MN,00169406013,VICTOZA 3-,2017,2,false,15432.000,1737,1316688.82
FFSU,MN,00169406013,VICTOZA 3-,2017,2,false,1119.000,126,93043.49
FFSU,MN,00169406012,VICTOZA 2-,2017,1,false,276.000,43,22992.70
MCOU,MN,00169406012,VICTOZA 2-,2017,1,false,5944.000,986,500910.20
MCOU,MN,00169406013,VICTOZA 3-,2017,1,false,14034.000,1579,1181303.40
FFSU,MN,00169406013,VICTOZA 3-,2017,1,false,885.000,101,63316.52
FFSU,MO,00169406012,VICTOZA 2-,2017,4,false,6411.000,1048,570203.34
FFSU,MO,00169406013,VICTOZA 3-,2017,4,false,13476.000,1471,1188580.71
FFSU,MO,00169406012,VICTOZA 2-,2017,3,false,6052.800,987,544150.56
FFSU,MO,00169406013,VICTOZA 3-,2017,3,false,13212.000,1448,1172663.65
FFSU,MO,00169406012,VICTOZA 2-,2017,2,false,5253.000,858,451862.62
FFSU,MO,00169406013,VICTOZA 3-,2017,2,false,11784.000,1293,1003411.60
FFSU,MO,00169406012,VICTOZA 2-,2017,1,false,5139.000,849,468795.98
FFSU,MO,00169406013,VICTOZA 3-,2017,1,false,12103.000,1328,1097791.01
MCOU,MS,00169406012,VICTOZA 2-,2017,4,false,1499.000,241,119734.05
FFSU,MS,00169406012,VICTOZA 2-,2017,4,false,228.000,38,19340.00
MCOU,MS,00169406013,VICTOZA 3-,2017,4,false,4386.000,491,338399.57
FFSU,MS,00169406013,VICTOZA 3-,2017,4,false,948.000,108,81024.55
MCOU,MS,00169406012,VICTOZA 2-,2017,3,false,1233.000,201,108525.21
FFSU,MS,00169406012,VICTOZA 2-,2017,3,false,240.000,42,20714.55
MCOU,MS,00169406013,VICTOZA 3-,2017,3,false,3513.000,386,306842.63
FFSU,MS,00169406013,VICTOZA 3-,2017,3,false,810.000,93,70722.50
FFSU,MS,00169406012,VICTOZA 2-,2017,2,false,210.000,37,17394.29
MCOU,MS,00169406012,VICTOZA 2-,2017,2,false,1164.000,191,96291.30
MCOU,MS,00169406013,VICTOZA 3-,2017,2,false,2574.000,288,212108.38
FFSU,MS,00169406013,VICTOZA 3-,2017,2,false,486.000,55,39841.25
FFSU,MS,00169406012,VICTOZA 2-,2017,1,false,177.000,30,15644.03
MCOU,MS,00169406012,VICTOZA 2-,2017,1,false,681.000,112,59924.38
FFSU,MS,00169406013,VICTOZA 3-,2017,1,false,291.000,33,25656.19
MCOU,MS,00169406013,VICTOZA 3-,2017,1,false,1539.000,172,135595.61
FFSU,MT,00169406012,VICTOZA 2-,2017,4,false,579.000,96,51345.47
FFSU,MT,00169406013,VICTOZA 3-,2017,4,false,1884.000,209,164170.08
FFSU,MT,00169406012,VICTOZA 2-,2017,3,false,567.000,93,49864.05
FFSU,MT,00169406013,VICTOZA 3-,2017,3,false,1689.000,185,146924.14
FFSU,MT,00169406012,VICTOZA 2-,2017,2,false,474.000,75,38800.26
FFSU,MT,00169406013,VICTOZA 3-,2017,2,false,1527.000,167,123544.02
FFSU,MT,00169406012,VICTOZA 2-,2017,1,false,450.000,73,36823.22
FFSU,MT,00169406013,VICTOZA 3-,2017,1,false,1125.000,125,91086.27
FFSU,XX,00169406012,VICTOZA 6M,2017,4,false,57995.800,9375,5111045.10
MCOU,XX,00169406012,VICTOZA 6M,2017,4,false,192704.500,31922,17172345.26
FFSU,XX,00169406013,VICTOZA 6M,2017,4,false,151083.000,15798,13177182.69
MCOU,XX,00169406013,VICTOZA 6M,2017,4,false,471272.000,52434,41994112.63
FFSU,XX,00169406012,VICTOZA 6M,2017,3,false,49499.800,8007,4393940.01
MCOU,XX,00169406012,VICTOZA 6M,2017,3,false,183580.000,30478,16413363.27
FFSU,XX,00169406013,VICTOZA 6M,2017,3,false,134142.000,14073,11747634.55
MCOU,XX,00169406013,VICTOZA 6M,2017,3,false,450604.000,50125,40296158.26
FFSU,XX,00169406012,VICTOZA 6M,2017,2,false,40943.000,6596,3399202.83
MCOU,XX,00169406012,VICTOZA 6M,2017,2,false,215088.000,35712,18061716.14
FFSU,XX,00169406013,VICTOZA 6M,2017,2,false,118458.000,12338,9687090.33
MCOU,XX,00169406013,VICTOZA 6M,2017,2,false,497710.900,55351,41767180.34
FFSU,XX,00169406012,VICTOZA 6M,2017,1,false,39997.000,6422,3353517.90
MCOU,XX,00169406012,VICTOZA 6M,2017,1,false,176382.000,29129,14674820.32
FFSU,XX,00169406013,VICTOZA 6M,2017,1,false,113530.000,11843,9416293.66
MCOU,XX,00169406013,VICTOZA 6M,2017,1,false,406036.000,45088,33813339.41
FFSU,NC,00169406012,VICTOZA 2-,2017,4,false,2202.000,357,190099.26
FFSU,NC,00169406013,VICTOZA 3-,2017,4,false,7281.000,809,627793.22
FFSU,NC,00169406012,VICTOZA 2-,2017,3,false,2322.000,372,199285.67
FFSU,NC,00169406013,VICTOZA 3-,2017,3,false,8262.000,920,708511.64
FFSU,NC,00169406012,VICTOZA 2-,2017,2,false,2010.000,326,161603.12
FFSU,NC,00169406013,VICTOZA 3-,2017,2,false,7359.000,819,588720.19
FFSU,NC,00169406012,VICTOZA 2-,2017,1,false,2397.000,390,192527.85
FFSU,NC,00169406013,VICTOZA 3-,2017,1,false,8535.000,947,683344.16
FFSU,ND,00169406012,VICTOZA 2-,2017,4,false,162.000,27,13339.44
MCOU,ND,00169406012,VICTOZA 2-,2017,4,false,399.000,67,36468.72
FFSU,ND,00169406013,VICTOZA 3-,2017,4,false,693.000,77,60632.88
MCOU,ND,00169406013,VICTOZA 3-,2017,4,false,1611.000,179,145269.22
MCOU,ND,00169406012,VICTOZA 2-,2017,3,false,522.000,87,47755.72
FFSU,ND,00169406012,VICTOZA 2-,2017,3,false,162.000,27,13780.88
MCOU,ND,00169406013,VICTOZA 3-,2017,3,false,1797.000,200,158975.12
FFSU,ND,00169406013,VICTOZA 3-,2017,3,false,720.000,80,62803.20
FFSU,ND,00169406012,VICTOZA 2-,2017,2,false,126.000,21,10373.37
MCOU,ND,00169406012,VICTOZA 2-,2017,2,false,657.000,109,56382.15
FFSU,ND,00169406013,VICTOZA 3-,2017,2,false,711.000,79,56626.62
MCOU,ND,00169406013,VICTOZA 3-,2017,2,false,1539.000,172,128972.77
FFSU,ND,00169406012,VICTOZA 2-,2017,1,false,96.000,16,7903.52
MCOU,ND,00169406012,VICTOZA 2-,2017,1,false,516.000,86,42321.68
MCOU,ND,00169406013,VICTOZA 3-,2017,1,false,1440.000,162,119989.35
FFSU,ND,00169406013,VICTOZA 3-,2017,1,false,729.000,81,59363.28
MCOU,NE,00169406012,Victoza 6M,2017,4,false,432.000,73,39056.50
FFSU,NE,00169406012,Victoza 6M,2017,4,true,,,
MCOU,NE,00169406013,Victoza 6M,2017,4,false,873.000,108,78918.00
MCOU,NE,00169406012,Victoza 6M,2017,3,false,276.000,46,24942.77
MCOU,NE,00169406013,Victoza 6M,2017,3,false,633.000,71,57199.85
MCOU,NE,00169406012,Victoza 6M,2017,2,false,225.000,38,19103.47
MCOU,NE,00169406013,Victoza 6M,2017,2,false,444.000,50,37487.60
FFSU,NE,00169406012,Victoza 6M,2017,1,true,,,
MCOU,NE,00169406012,Victoza 6M,2017,1,false,402.000,67,33792.44
MCOU,NE,00169406013,Victoza 6M,2017,1,false,960.000,108,80585.82
FFSU,NE,00169406013,Victoza 6M,2017,1,false,99.000,11,8811.12
MCOU,NH,00169406012,VICTOZA 2-,2017,4,false,189.000,30,16807.42
MCOU,NH,00169406013,VICTOZA 3-,2017,4,false,1083.000,117,98628.07
FFSU,NH,00169406013,VICTOZA 3-,2017,4,true,,,
MCOU,NH,00169406012,VICTOZA 2-,2017,3,false,192.000,31,17650.60
FFSU,NH,00169406012,VICTOZA 2-,2017,3,true,,,
FFSU,NH,00169406013,VICTOZA 3-,2017,3,true,,,
MCOU,NH,00169406013,VICTOZA 3-,2017,3,false,849.000,91,75275.18
MCOU,NH,00169406012,VICTOZA 2-,2017,2,false,120.000,20,10290.61
MCOU,NH,00169406013,VICTOZA 3-,2017,2,false,732.000,80,62363.98
FFSU,NH,00169406013,VICTOZA 3-,2017,2,true,,,
MCOU,NH,00169406012,VICTOZA 2-,2017,1,false,87.000,14,7315.18
MCOU,NH,00169406013,VICTOZA 3-,2017,1,false,654.000,72,54768.91
FFSU,NH,00169406013,VICTOZA 3-,2017,1,true,,,
FFSU,NJ,00169406012,Victoza 6M,2017,4,false,129.000,21,11344.82
MCOU,NJ,00169406012,Victoza 6M,2017,4,false,8769.000,1479,776684.59
MCOU,NJ,00169406013,Victoza 6M,2017,4,false,29460.000,3322,2638343.45
FFSU,NJ,00169406013,Victoza 6M,2017,4,false,282.000,44,24763.25
FFSU,NJ,00169406012,Victoza 6M,2017,3,false,156.000,25,13466.24
MCOU,NJ,00169406012,Victoza 6M,2017,3,false,9066.000,1526,808435.72
MCOU,NJ,00169406013,Victoza 6M,2017,3,false,30873.000,3473,2768382.40
FFSU,NJ,00169406013,Victoza 6M,2017,3,false,273.000,57,23970.80
MCOU,NJ,00169406012,Victoza 6M,2017,2,false,11190.000,1888,945459.18
FFSU,NJ,00169406012,Victoza 6M,2017,2,false,84.000,12,6621.13
FFSU,NJ,00169406013,Victoza 6M,2017,2,false,213.000,29,17414.93
MCOU,NJ,00169406013,Victoza 6M,2017,2,false,32100.000,3587,2707857.54
MCOU,NJ,00169406012,Victoza 6M,2017,1,false,10088.000,1689,842381.17
FFSU,NJ,00169406012,Victoza 6M,2017,1,false,117.000,20,9690.32
MCOU,NJ,00169406013,Victoza 6M,2017,1,false,29370.000,3275,2449638.83
FFSU,NJ,00169406013,Victoza 6M,2017,1,false,345.000,47,28466.49
FFSU,NM,00169406012,VICTOZA 2-,2017,4,false,648.000,98,62227.57
MCOU,NM,00169406012,VICTOZA 2-,2017,4,false,2436.000,366,220817.76
MCOU,NM,00169406013,VICTOZA 3-,2017,4,false,3963.000,395,355319.54
FFSU,NM,00169406013,VICTOZA 3-,2017,4,false,843.000,90,80821.69
FFSU,NM,00169406012,VICTOZA 2-,2017,3,false,622.000,98,59527.34
MCOU,NM,00169406012,VICTOZA 2-,2017,3,false,3330.000,521,303745.98
MCOU,NM,00169406013,VICTOZA 3-,2017,3,false,5340.000,555,484602.58
FFSU,NM,00169406013,VICTOZA 3-,2017,3,false,669.000,72,64006.54
FFSU,NM,00169406012,VICTOZA 2-,2017,2,false,364.000,55,32815.30
MCOU,NM,00169406012,VICTOZA 2-,2017,2,false,3627.000,571,313759.83
FFSU,NM,00169406013,VICTOZA 3-,2017,2,false,570.000,61,51574.14
MCOU,NM,00169406013,VICTOZA 3-,2017,2,false,5682.000,592,488437.37
MCOU,NM,00169406012,VICTOZA 2-,2017,1,false,3186.000,517,264886.96
FFSU,NM,00169406012,VICTOZA 2-,2017,1,false,165.000,23,14613.00
FFSU,NM,00169406013,VICTOZA 3-,2017,1,false,234.000,20,20677.72
MCOU,NM,00169406013,VICTOZA 3-,2017,1,false,5520.000,571,452918.57
FFSU,NV,00169406012,Victoza 6M,2017,4,false,618.000,63,54918.15
MCOU,NV,00169406012,Victoza 6M,2017,4,false,1575.000,263,141647.48
MCOU,NV,00169406013,Victoza 6M,2017,4,false,3465.000,385,310065.78
FFSU,NV,00169406013,Victoza 6M,2017,4,false,2625.000,136,230576.92
MCOU,NV,00169406012,Victoza 6M,2017,3,false,1686.000,282,152747.14
FFSU,NV,00169406012,Victoza 6M,2017,3,false,723.000,60,64813.92
FFSU,NV,00169406013,Victoza 6M,2017,3,false,2385.000,128,207925.16
MCOU,NV,00169406013,Victoza 6M,2017,3,false,3051.000,344,276857.32
MCOU,NV,00169406012,Victoza 6M,2017,2,false,4107.000,683,352384.59
FFSU,NV,00169406012,Victoza 6M,2017,2,false,438.000,45,36074.74
FFSU,NV,00169406013,Victoza 6M,2017,2,false,2049.000,110,165133.83
MCOU,NV,00169406013,Victoza 6M,2017,2,false,4014.000,452,341653.15
FFSU,NV,00169406012,Victoza 6M,2017,1,false,1125.000,134,91485.62
MCOU,NV,00169406012,Victoza 6M,2017,1,false,1104.000,184,92441.62
FFSU,NV,00169406013,Victoza 6M,2017,1,false,3006.000,228,243905.98
MCOU,NV,00169406013,Victoza 6M,2017,1,false,1650.000,187,140105.81
MCOU,NY,00169406012,VICTOZA 2-,2017,4,false,33074.500,5504,2935648.95
FFSU,NY,00169406012,VICTOZA 2-,2017,4,false,1933.800,317,173459.36
FFSU,NY,00169406013,VICTOZA 3-,2017,4,false,5028.000,540,429575.19
MCOU,NY,00169406013,VICTOZA 3-,2017,4,false,84185.000,9480,7485740.42
FFSU,NY,00169406012,VICTOZA 2-,2017,3,false,1623.000,266,145230.35
MCOU,NY,00169406012,VICTOZA 2-,2017,3,false,33478.000,5552,2966994.47
FFSU,NY,00169406013,VICTOZA 3-,2017,3,false,4653.000,508,414938.29
MCOU,NY,00169406013,VICTOZA 3-,2017,3,false,83650.000,9403,7427378.42
MCOU,NY,00169406012,VICTOZA 2-,2017,2,false,35373.000,5848,2940775.79
FFSU,NY,00169406012,VICTOZA 2-,2017,2,false,1125.000,187,92304.67
FFSU,NY,00169406013,VICTOZA 3-,2017,2,false,3348.000,366,273086.20
MCOU,NY,00169406013,VICTOZA 3-,2017,2,false,85833.000,9662,7146514.56
MCOU,NY,00169406012,VICTOZA 2-,2017,1,false,30870.000,5100,2541519.58
FFSU,NY,00169406012,VICTOZA 6M,2017,1,false,1047.000,166,86732.95
MCOU,NY,00169406013,VICTOZA 3-,2017,1,false,74552.000,8423,6151748.97
FFSU,NY,00169406013,VICTOZA 6M,2017,1,false,2841.000,315,235606.52
FFSU,OH,00169406012,Victoza 6M,2017,4,false,2052.000,355,178344.12
MCOU,OH,00169406012,Victoza 6M,2017,4,false,24790.000,4130,2192848.46
MCOU,OH,00169406013,Victoza 6M,2017,4,false,59660.000,6737,5280571.25
FFSU,OH,00169406013,Victoza 6M,2017,4,false,3894.000,492,337947.82
FFSU,OH,00169406012,Victoza 6M,2017,3,false,1977.000,344,170060.49
MCOU,OH,00169406012,Victoza 6M,2017,3,false,25549.000,4271,2271526.80
FFSU,OH,00169406013,Victoza 6M,2017,3,false,3612.000,442,310114.78
MCOU,OH,00169406013,Victoza 6M,2017,3,false,59409.000,6715,5266637.21
MCOU,OH,00169406012,Victoza 6M,2017,2,false,38127.000,6348,3167499.61
FFSU,OH,00169406012,Victoza 6M,2017,2,false,1758.000,294,143935.97
FFSU,OH,00169406013,Victoza 6M,2017,2,false,3489.000,410,283195.52
MCOU,OH,00169406013,Victoza 6M,2017,2,false,83811.900,9463,6958071.36
MCOU,OH,00169406012,Victoza 6M,2017,1,false,28277.000,4700,2327956.86
FFSU,OH,00169406012,Victoza 6M,2017,1,false,1731.000,285,152551.73
MCOU,OH,00169406013,Victoza 6M,2017,1,false,57222.000,6410,4717043.90
FFSU,OH,00169406013,Victoza 6M,2017,1,false,3264.000,363,279908.78
FFSU,OK,00169406012,VICTOZA 6M,2017,4,false,1158.000,196,101420.15
FFSU,OK,00169406013,Victoza 6M,2017,4,false,5775.000,647,497638.07
FFSU,OK,00169406012,Victoza 6M,2017,3,false,1143.000,191,98813.19
FFSU,OK,00169406013,Victoza 6M,2017,3,false,5316.000,600,456749.12
FFSU,OK,00169406012,Victoza 6M,2017,2,false,1119.000,187,89342.73
FFSU,OK,00169406013,Victoza 6M,2017,2,false,5211.000,587,420266.86
FFSU,OK,00169406012,Victoza 6M,2017,1,false,849.000,143,68768.72
FFSU,OK,00169406013,Victoza 6M,2017,1,false,5007.000,567,404548.22
MCOU,OR,00169406012,Victoza 6M,2017,4,false,3427.000,566,305123.69
FFSU,OR,00169406012,Victoza 6M,2017,4,false,198.000,31,17475.19
FFSU,OR,00169406013,Victoza 6M,2017,4,false,279.000,31,24514.33
MCOU,OR,00169406013,Victoza 6M,2017,4,false,6342.000,713,562057.63
FFSU,OR,00169406012,Victoza 6M,2017,3,false,162.000,25,14472.20
MCOU,OR,00169406012,Victoza 6M,2017,3,false,3505.000,579,312259.58
MCOU,OR,00169406013,Victoza 6M,2017,3,false,5820.000,648,515748.90
FFSU,OR,00169406013,Victoza 6M,2017,3,false,306.000,34,27273.68
FFSU,OR,00169406012,Victoza 6M,2017,2,false,114.000,17,9496.99
MCOU,OR,00169406012,Victoza 6M,2017,2,false,4224.000,700,351683.08
FFSU,OR,00169406013,Victoza 6M,2017,2,false,207.000,23,17442.90
MCOU,OR,00169406013,Victoza 6M,2017,2,false,7611.000,851,633229.29
MCOU,OR,00169406012,Victoza 6M,2017,1,false,2754.000,454,227128.82
FFSU,OR,00169406012,Victoza 6M,2017,1,false,102.000,15,8388.49
FFSU,OR,00169406013,Victoza 6M,2017,1,false,207.000,24,16960.29
MCOU,OR,00169406013,Victoza 6M,2017,1,false,4941.000,547,406786.81
FFSU,PA,00169406012,Victoza 6M,2017,4,false,378.000,74,32878.79
MCOU,PA,00169406012,Victoza 6M,2017,4,false,15879.000,2615,1412782.74
FFSU,PA,00169406013,Victoza 6M,2017,4,false,699.000,71,60323.06
MCOU,PA,00169406013,Victoza 6M,2017,4,false,43821.000,4708,3930292.44
MCOU,PA,00169406012,Victoza 6M,2017,3,false,15150.000,2490,1355148.23
FFSU,PA,00169406012,Victoza 6M,2017,3,false,255.000,44,21909.29
FFSU,PA,00169406013,Victoza 6M,2017,3,false,525.000,55,45158.40
MCOU,PA,00169406013,Victoza 6M,2017,3,false,42531.000,4585,3823191.49
MCOU,PA,00169406012,Victoza 6M,2017,2,false,22179.000,3658,1861840.28
FFSU,PA,00169406012,Victoza 6M,2017,2,false,246.000,41,21141.16
FFSU,PA,00169406013,Victoza 6M,2017,2,false,585.000,63,50195.76
MCOU,PA,00169406013,Victoza 6M,2017,2,false,58116.000,6292,4878768.83
MCOU,PA,00169406012,Victoza 6M,2017,1,false,13455.000,2215,1117940.23
FFSU,PA,00169406012,Victoza 6M,2017,1,false,246.000,46,21142.61
MCOU,PA,00169406013,Victoza 6M,2017,1,false,34611.000,3747,2895728.76
FFSU,PA,00169406013,Victoza 6M,2017,1,false,648.000,68,55596.12
FFSU,RI,00169406012,Victoza 6M,2017,4,true,,,
MCOU,RI,00169406012,Victoza 6M,2017,4,false,903.000,150,79513.66
MCOU,RI,00169406013,Victoza 6M,2017,4,false,1272.000,143,112940.47
FFSU,RI,00169406013,Victoza 6M,2017,4,true,,,
MCOU,RI,00169406012,Victoza 6M,2017,3,false,723.000,121,64327.97
FFSU,RI,00169406012,Victoza 6M,2017,3,true,,,
FFSU,RI,00169406013,Victoza 6M,2017,3,true,,,
MCOU,RI,00169406013,Victoza 6M,2017,3,false,1278.000,142,114032.83
MCOU,RI,00169406012,Victoza 6M,2017,2,false,624.000,105,52273.86
FFSU,RI,00169406012,Victoza 6M,2017,2,true,,,
FFSU,RI,00169406013,Victoza 6M,2017,2,true,,,
MCOU,RI,00169406013,Victoza 6M,2017,2,false,993.000,111,81118.66
MCOU,RI,00169406012,Victoza 6M,2017,1,false,570.000,94,48304.43
FFSU,RI,00169406012,Victoza 6M,2017,1,true,,,
FFSU,RI,00169406013,Victoza 6M,2017,1,true,,,
MCOU,RI,00169406013,Victoza 6M,2017,1,false,954.000,107,78243.66
MCOU,SC,00169406012,VICTOZA 2-,2017,4,false,1683.000,283,147478.66
FFSU,SC,00169406012,VICTOZA 2-,2017,4,false,84.000,14,7628.12
MCOU,SC,00169406013,VICTOZA 3-,2017,4,false,4584.000,516,402134.97
FFSU,SC,00169406013,VICTOZA 3-,2017,4,false,225.000,31,19636.88
FFSU,SC,00169406012,VICTOZA 2-,2017,3,false,54.000,15,8176.20
MCOU,SC,00169406012,VICTOZA 2-,2017,3,false,1368.000,240,126720.53
MCOU,SC,00169406013,VICTOZA 3-,2017,3,false,4401.000,538,418427.67
FFSU,SC,00169406013,VICTOZA 3-,2017,3,false,186.000,23,16867.49
MCOU,SC,00169406012,VICTOZA 2-,2017,2,false,1289.000,226,110732.54
FFSU,SC,00169406012,VICTOZA 2-,2017,2,false,88.000,16,7484.01
FFSU,SC,00169406013,VICTOZA 3-,2017,2,false,231.000,35,22497.59
MCOU,SC,00169406013,VICTOZA 3-,2017,2,false,3867.000,438,322542.09
FFSU,SC,00169406012,VICTOZA 2-,2017,1,false,72.000,12,6055.92
MCOU,SC,00169406012,VICTOZA 2-,2017,1,false,1362.000,228,112404.87
MCOU,SC,00169406013,VICTOZA 3-,2017,1,false,3438.000,383,277933.86
FFSU,SC,00169406013,VICTOZA 3-,2017,1,false,201.000,28,16896.61
FFSU,SD,00169406012,Victoza 6M,2017,4,false,223.000,38,21356.67
FFSU,SD,00169406013,Victoza 6M,2017,4,false,759.000,85,71396.16
FFSU,SD,00169406012,Victoza 6M,2017,3,false,213.000,36,20023.52
FFSU,SD,00169406013,Victoza 6M,2017,3,false,753.000,83,70588.32
FFSU,SD,00169406012,Victoza 6M,2017,2,false,254.000,43,23164.95
FFSU,SD,00169406013,Victoza 6M,2017,2,false,777.000,87,67832.50
FFSU,SD,00169406012,Victoza 6M,2017,1,false,342.000,54,29791.96
FFSU,SD,00169406013,Victoza 6M,2017,1,false,903.000,98,78493.55
FFSU,TN,00169406012,Victoza 6M,2017,4,false,6675.000,1118,585114.72
FFSU,TN,00169406013,Victoza 6M,2017,4,false,16920.000,1887,1469188.03
FFSU,TN,00169406012,Victoza 6M,2017,3,false,6435.000,1078,562869.70
FFSU,TN,00169406013,Victoza 6M,2017,3,false,16149.000,1799,1399824.49
FFSU,TN,00169406012,Victoza 6M,2017,2,false,5938.000,989,485955.80
FFSU,TN,00169406013,Victoza 6M,2017,2,false,15876.000,1770,1282728.67
FFSU,TN,00169406012,VICTOZA 2-,2017,1,false,5761.000,962,480533.66
FFSU,TN,00169406013,VICTOZA 3-,2017,1,false,14748.000,1646,1216435.24
MCOU,TX,00169406012,VICTOZA 2-,2017,4,false,9486.000,1577,846817.39
FFSU,TX,00169406012,VICTOZA 2-,2017,4,false,111.000,15,9870.80
FFSU,TX,00169406013,VICTOZA 3-,2017,4,false,126.000,11,11155.61
MCOU,TX,00169406013,VICTOZA 3-,2017,4,false,22824.000,2556,2033995.33
FFSU,TX,00169406012,VICTOZA 2-,2017,3,false,144.000,18,12750.62
MCOU,TX,00169406012,VICTOZA 2-,2017,3,false,9594.000,1597,857365.02
FFSU,TX,00169406013,VICTOZA 3-,2017,3,false,312.000,27,27404.70
MCOU,TX,00169406013,VICTOZA 3-,2017,3,false,21324.000,2402,1903780.97
FFSU,TX,00169406012,VICTOZA 2-,2017,2,false,90.000,15,7488.60
MCOU,TX,00169406012,VICTOZA 2-,2017,2,false,8517.000,1415,715436.47
MCOU,TX,00169406013,VICTOZA 3-,2017,2,false,20361.000,2290,1708946.91
FFSU,TX,00169406013,VICTOZA 3-,2017,2,false,243.000,21,20009.82
MCOU,TX,00169406012,VICTOZA 2-,2017,1,false,8106.000,1337,673104.95
FFSU,TX,00169406012,VICTOZA 2-,2017,1,false,84.000,11,6953.21
FFSU,TX,00169406013,VICTOZA 3-,2017,1,false,354.000,31,29130.63
MCOU,TX,00169406013,VICTOZA 3-,2017,1,false,18720.000,2097,1552882.01
MCOU,UT,00169406012,Victoza 6M,2017,4,false,426.000,74,38872.03
FFSU,UT,00169406012,Victoza 6M,2017,4,false,390.000,67,33900.75
MCOU,UT,00169406013,Victoza 6M,2017,4,false,1218.000,136,110898.12
FFSU,UT,00169406013,Victoza 6M,2017,4,false,630.000,70,53581.44
FFSU,UT,00169406012,Victoza 6M,2017,3,false,267.000,44,23174.91
MCOU,UT,00169406012,Victoza 6M,2017,3,false,267.000,45,24387.37
MCOU,UT,00169406013,Victoza 6M,2017,3,false,990.000,110,90395.71
FFSU,UT,00169406013,Victoza 6M,2017,3,false,567.000,63,45978.43
FFSU,UT,00169406012,Victoza 6M,2017,2,false,257.000,43,20991.65
MCOU,UT,00169406012,Victoza 6M,2017,2,false,246.000,42,20889.32
MCOU,UT,00169406013,Victoza 6M,2017,2,false,936.000,104,80258.16
FFSU,UT,00169406013,Victoza 6M,2017,2,false,444.000,50,30042.53
MCOU,UT,00169406012,Victoza 6M,2017,1,false,213.000,34,18010.40
FFSU,UT,00169406012,Victoza 6M,2017,1,false,138.000,23,11092.60
FFSU,UT,00169406013,Victoza 6M,2017,1,false,414.000,46,28198.55
MCOU,UT,00169406013,Victoza 6M,2017,1,false,858.000,96,72504.72
MCOU,VA,00169406012,VICTOZA 2-,2017,4,false,1938.000,321,171245.81
FFSU,VA,00169406012,VICTOZA 2-,2017,4,false,252.000,45,22067.40
FFSU,VA,00169406013,VICTOZA 3-,2017,4,false,456.000,58,39693.64
MCOU,VA,00169406013,VICTOZA 3-,2017,4,false,4941.000,563,437609.04
FFSU,VA,00169406012,VICTOZA 2-,2017,3,false,207.000,36,18159.33
MCOU,VA,00169406012,VICTOZA 2-,2017,3,false,1530.000,261,138597.57
MCOU,VA,00169406013,VICTOZA 3-,2017,3,false,4158.000,477,367749.53
FFSU,VA,00169406013,VICTOZA 3-,2017,3,false,198.000,22,17183.28
MCOU,VA,00169406012,VICTOZA 2-,2017,2,false,1675.000,280,140532.91
FFSU,VA,00169406012,Victoza 6M,2017,2,false,114.000,19,9329.74
MCOU,VA,00169406013,VICTOZA 3-,2017,2,false,4065.000,460,339685.69
FFSU,VA,00169406013,Victoza 6M,2017,2,false,150.000,15,12145.44
FFSU,VA,00169406012,Victoza 6M,2017,1,false,108.000,18,8890.22
MCOU,VA,00169406012,VICTOZA 2-,2017,1,false,1578.000,261,134076.13
FFSU,VA,00169406013,Victoza 6M,2017,1,false,126.000,12,10474.64
MCOU,VA,00169406013,VICTOZA 3-,2017,1,false,4188.000,471,357167.93
FFSU,VT,00169406012,Victoza 6M,2017,4,false,1065.000,179,92736.25
FFSU,VT,00169406013,Victoza 6M,2017,4,false,2808.000,312,244342.30
FFSU,VT,00169406012,Victoza 6M,2017,3,false,981.000,165,85554.06
FFSU,VT,00169406013,Victoza 6M,2017,3,false,2880.000,321,246672.98
FFSU,VT,00169406012,Victoza 6M,2017,2,false,1083.000,180,88436.56
FFSU,VT,00169406013,Victoza 6M,2017,2,false,2979.000,331,237134.51
FFSU,VT,00169406012,Victoza 6M,2017,1,false,984.000,164,82942.09
FFSU,VT,00169406013,Victoza 6M,2017,1,false,2850.000,312,227803.20
FFSU,WA,00169406012,Victoza 6M,2017,4,true,,,
MCOU,WA,00169406012,Victoza 6M,2017,4,false,3303.000,541,263426.56
MCOU,WA,00169406013,Victoza 6M,2017,4,false,7440.000,824,588127.70
FFSU,WA,00169406013,Victoza 6M,2017,4,false,216.000,27,17314.82
FFSU,WA,00169406012,Victoza 6M,2017,3,true,,,
MCOU,WA,00169406012,Victoza 6M,2017,3,false,4752.000,782,378151.61
MCOU,WA,00169406013,Victoza 6M,2017,3,false,9924.000,1098,783103.06
FFSU,WA,00169406013,Victoza 6M,2017,3,false,162.000,20,12985.06
MCOU,WA,00169406012,Victoza 6M,2017,2,false,3993.000,668,318895.92
FFSU,WA,00169406012,Victoza 6M,2017,2,true,,,
FFSU,WA,00169406013,Victoza 6M,2017,2,false,141.000,18,11341.24
MCOU,WA,00169406013,Victoza 6M,2017,2,false,7623.000,850,602647.12
FFSU,WA,00169406012,Victoza 6M,2017,1,true,,,
MCOU,WA,00169406012,Victoza 6M,2017,1,false,3747.000,623,312446.27
MCOU,WA,00169406013,Victoza 6M,2017,1,false,6915.000,770,570820.58
FFSU,WA,00169406013,Victoza 6M,2017,1,true,,,
FFSU,WI,00169406012,Victoza 6M,2017,4,false,3972.000,648,352552.79
MCOU,WI,00169406012,Victoza 6M,2017,4,false,54.000,13,0.00
FFSU,WI,00169406013,VICTOZA 6M,2017,4,false,5922.000,650,523101.95
MCOU,WI,00169406013,Victoza 6M,2017,4,false,108.000,12,0.00
MCOU,WI,00169406012,Victoza 6M,2017,3,true,,,
FFSU,WI,00169406012,Victoza 6M,2017,3,false,2490.000,401,223555.08
FFSU,WI,00169406013,Victoza 6M,2017,3,false,3927.000,430,347636.76
MCOU,WI,00169406013,Victoza 6M,2017,3,true,,,
MCOU,WI,00169406012,Victoza 6M,2017,2,false,51.000,12,0.00
FFSU,WI,00169406012,Victoza 6M,2017,2,false,114.000,19,10970.07
FFSU,WI,00169406013,Victoza 6M,2017,2,false,846.000,91,71149.75
MCOU,WI,00169406013,Victoza 6M,2017,2,true,,,
FFSU,WI,00169406012,Victoza 6M,2017,1,false,126.000,21,12105.44
MCOU,WI,00169406012,Victoza 6M,2017,1,true,,,
MCOU,WI,00169406013,Victoza 6M,2017,1,true,,,
FFSU,WI,00169406013,Victoza 6M,2017,1,false,765.000,84,66668.58
FFSU,WV,00169406012,VICTOZA 2-,2017,4,false,4008.000,662,350835.57
FFSU,WV,00169406013,VICTOZA 3-,2017,4,false,7767.000,867,664533.09
FFSU,WV,00169406012,VICTOZA 2-,2017,3,false,2838.000,468,248081.53
FFSU,WV,00169406013,VICTOZA 3-,2017,3,false,5568.000,606,483786.65
MCOU,WV,00169406012,VICTOZA 2-,2017,2,false,5973.000,998,501674.64
FFSU,WV,00169406012,VICTOZA 2-,2017,2,false,96.000,16,8098.09
MCOU,WV,00169406013,VICTOZA 3-,2017,2,false,10128.000,1135,851362.15
FFSU,WV,00169406013,VICTOZA 3-,2017,2,false,213.000,24,18069.35
FFSU,WV,00169406012,VICTOZA 2-,2017,1,false,996.000,166,84690.73
MCOU,WV,00169406012,VICTOZA 2-,2017,1,false,4500.000,752,372945.67
FFSU,WV,00169406013,VICTOZA 3-,2017,1,false,1230.000,141,104494.56
MCOU,WV,00169406013,VICTOZA 3-,2017,1,false,7752.000,872,643776.21
FFSU,WY,00169406012,Victoza 6M,2017,4,false,252.000,42,22022.60
FFSU,WY,00169406013,Victoza 6M,2017,4,false,429.000,45,37266.64
FFSU,WY,00169406012,Victoza 6M,2017,3,false,174.000,28,15186.90
FFSU,WY,00169406013,Victoza 6M,2017,3,false,432.000,44,37513.24
FFSU,WY,00169406012,Victoza 6M,2017,2,false,132.000,22,10782.29
FFSU,WY,00169406013,Victoza 6M,2017,2,false,312.000,31,25253.28
FFSU,WY,00169406012,Victoza 6M,2017,1,false,102.000,17,9028.31
FFSU,WY,00169406013,Victoza 6M,2017,1,false,297.000,29,26388.68
MCOU,AZ,00169280015,SAXENDA   ,2017,4,true,,,
MCOU,AZ,00169280015,SAXENDA   ,2017,3,true,,,
MCOU,AZ,00169280015,SAXENDA   ,2017,2,false,165.000,11,12724.01
MCOU,AZ,00169280015,SAXENDA   ,2017,1,false,345.000,23,26610.06
FFSU,CA,00169280015,SAXENDA   ,2017,4,false,1860.000,150,140395.56
MCOU,CA,00169280015,SAXENDA   ,2017,4,false,7524.000,541,569294.71
FFSU,CA,00169280015,SAXENDA   ,2017,3,false,1320.000,94,99994.47
MCOU,CA,00169280015,SAXENDA   ,2017,3,false,5976.000,420,452799.45
MCOU,CA,00169280015,SAXENDA   ,2017,2,false,4518.000,307,346223.81
FFSU,CA,00169280015,SAXENDA   ,2017,2,false,648.000,49,50544.74
FFSU,CA,00169280015,SAXENDA   ,2017,1,false,621.000,42,47007.61
MCOU,CA,00169280015,SAXENDA   ,2017,1,false,2742.000,187,203048.64
MCOU,DC,00169280015,SAXENDA 18,2017,3,true,,,
MCOU,DC,00169280015,SAXENDA 18,2017,2,true,,,
FFSU,DC,00169280015,SAXENDA 18,2017,2,true,,,
MCOU,DE,00169280015,SAXENDA   ,2017,4,true,,,
MCOU,DE,00169280015,SAXENDA   ,2017,3,true,,,
MCOU,DE,00169280015,SAXENDA   ,2017,2,true,,,
MCOU,FL,00169280015,SAXENDA   ,2017,3,true,,,
MCOU,FL,00169280015,SAXENDA   ,2017,2,true,,,
MCOU,FL,00169280015,SAXENDA   ,2017,1,true,,,
MCOU,HI,00169280015,SAXENDA 18,2017,4,true,,,
MCOU,HI,00169280015,SAXENDA 18,2017,3,true,,,
MCOU,HI,00169280015,SAXENDA 18,2017,2,true,,,
MCOU,KS,00169280015,SAXENDA   ,2017,4,false,3435.000,233,256159.28
MCOU,KS,00169280015,SAXENDA   ,2017,3,false,3260.000,223,243174.86
MCOU,KS,00169280015,SAXENDA   ,2017,2,false,5232.000,351,390415.74
MCOU,KS,00169280015,SAXENDA   ,2017,1,false,1809.000,122,134945.69
MCOU,KY,00169280015,SAXENDA   ,2017,4,false,1617.000,111,127731.36
MCOU,KY,00169280015,SAXENDA   ,2017,3,false,2193.000,149,170442.34
MCOU,KY,00169280015,SAXENDA   ,2017,2,false,3051.000,205,237596.45
MCOU,KY,00169280015,SAXENDA   ,2017,1,false,2523.000,174,196779.93
MCOU,LA,00169280015,SAXENDA   ,2017,4,true,,,
MCOU,LA,00169280015,SAXENDA   ,2017,3,true,,,
MCOU,LA,00169280015,SAXENDA   ,2017,2,true,,,
MCOU,LA,00169280015,SAXENDA   ,2017,1,true,,,
MCOU,MA,00169280015,SAXENDA 18,2017,4,true,,,
MCOU,MA,00169280015,SAXENDA 18,2017,3,true,,,
MCOU,MA,00169280015,SAXENDA 18,2017,2,true,,,
MCOU,MA,00169280015,SAXENDA 18,2017,1,true,,,
MCOU,MD,00169280015,SAXENDA 18,2017,4,true,,,
MCOU,MD,00169280015,SAXENDA 18,2017,2,true,,,
MCOU,MD,00169280015,SAXENDA 18,2017,1,true,,,
FFSU,MI,00169280015,SAXENDA   ,2017,4,true,,,
MCOU,MI,00169280015,SAXENDA   ,2017,4,true,,,
MCOU,MI,00169280015,SAXENDA   ,2017,3,true,,,
FFSU,MI,00169280015,SAXENDA   ,2017,3,true,,,
MCOU,MI,00169280015,SAXENDA   ,2017,2,true,,,
FFSU,MI,00169280015,SAXENDA   ,2017,1,true,,,
MCOU,MI,00169280015,SAXENDA   ,2017,1,true,,,
MCOU,MN,00169280015,SAXENDA   ,2017,4,true,,,
MCOU,MN,00169280015,SAXENDA   ,2017,3,true,,,
MCOU,MS,00169280015,SAXENDA 18,2017,4,true,,,
MCOU,MS,00169280015,SAXENDA 18,2017,3,true,,,
MCOU,MS,00169280015,SAXENDA 18,2017,2,true,,,
FFSU,XX,00169280015,SAXENDA   ,2017,4,false,4980.000,360,382488.33
MCOU,XX,00169280015,SAXENDA   ,2017,4,false,13782.000,967,1045688.50
FFSU,XX,00169280015,SAXENDA   ,2017,3,false,4068.000,276,312123.25
MCOU,XX,00169280015,SAXENDA   ,2017,3,false,12431.000,863,947518.37
FFSU,XX,00169280015,SAXENDA   ,2017,2,false,3564.000,240,275742.02
MCOU,XX,00169280015,SAXENDA   ,2017,2,false,13842.000,938,1055465.40
FFSU,XX,00169280015,SAXENDA   ,2017,1,false,2808.000,187,214031.37
MCOU,XX,00169280015,SAXENDA   ,2017,1,false,8190.000,559,621719.51
FFSU,NC,00169280015,SAXENDA   ,2017,4,true,,,
MCOU,NH,00169280015,SAXENDA   ,2017,4,true,,,
MCOU,NH,00169280015,SAXENDA   ,2017,2,true,,,
MCOU,NH,00169280015,SAXENDA   ,2017,1,true,,,
FFSU,NH,00169280015,SAXENDA   ,2017,1,true,,,
MCOU,NM,00169280015,SAXENDA 18,2017,4,true,,,
FFSU,NV,00169280015,SAXENDA   ,2017,4,true,,,
FFSU,NV,00169280015,SAXENDA   ,2017,3,true,,,
FFSU,NV,00169280015,SAXENDA   ,2017,2,true,,,
FFSU,NV,00169280015,SAXENDA   ,2017,1,true,,,
MCOU,NY,00169280015,SAXENDA   ,2017,1,true,,,
MCOU,OR,00169280015,SAXENDA   ,2017,4,true,,,
MCOU,OR,00169280015,SAXENDA   ,2017,3,true,,,
MCOU,OR,00169280015,SAXENDA   ,2017,2,true,,,
MCOU,OR,00169280015,SAXENDA   ,2017,1,true,,,
MCOU,PA,00169280015,SAXENDA   ,2017,4,true,,,
MCOU,PA,00169280015,SAXENDA   ,2017,3,true,,,
MCOU,PA,00169280015,SAXENDA   ,2017,2,true,,,
MCOU,PA,00169280015,SAXENDA   ,2017,1,true,,,
MCOU,RI,00169280015,SAXENDA   ,2017,4,true,,,
MCOU,RI,00169280015,SAXENDA   ,2017,3,true,,,
MCOU,RI,00169280015,SAXENDA   ,2017,2,true,,,
MCOU,RI,00169280015,SAXENDA   ,2017,1,true,,,
MCOU,SC,00169280015,SAXENDA   ,2017,4,true,,,
MCOU,SC,00169280015,SAXENDA   ,2017,3,true,,,
MCOU,SC,00169280015,SAXENDA   ,2017,2,true,,,
FFSU,TN,00169280015,SAXENDA   ,2017,4,true,,,
FFSU,TN,00169280015,SAXENDA   ,2017,3,true,,,
FFSU,TN,00169280015,SAXENDA   ,2017,2,true,,,
FFSU,TN,00169280015,SAXENDA   ,2017,1,true,,,
FFSU,VA,00169280015,SAXENDA   ,2017,4,true,,,
MCOU,VA,00169280015,SAXENDA   ,2017,4,false,378.000,26,28980.55
FFSU,VA,00169280015,SAXENDA   ,2017,3,true,,,
MCOU,VA,00169280015,SAXENDA   ,2017,3,false,345.000,25,28712.07
MCOU,VA,00169280015,SAXENDA   ,2017,2,false,291.000,21,22351.29
MCOU,VA,00169280015,SAXENDA   ,2017,1,false,315.000,20,24237.07
MCOU,WI,00169280015,SAXENDA   ,2017,4,true,,,
FFSU,WI,00169280015,SAXENDA   ,2017,4,false,2883.000,193,224327.76
FFSU,WI,00169280015,SAXENDA   ,2017,3,false,2628.000,174,203254.29
FFSU,WI,00169280015,SAXENDA   ,2017,2,false,2781.000,182,215100.88
FFSU,WI,00169280015,SAXENDA   ,2017,1,false,2085.000,137,160269.86
FFSU,AK,00310651201,BYETTA    ,2017,4,false,21.600,18,11673.90
FFSU,AK,00310652401,BYETTA    ,2017,4,false,64.800,27,17436.21
FFSU,AK,00310651201,BYETTA    ,2017,3,false,18.000,21,13634.20
FFSU,AK,00310652401,BYETTA    ,2017,3,false,67.200,40,25807.53
FFSU,AK,00310651201,BYETTA    ,2017,2,false,15.600,13,8447.04
FFSU,AK,00310652401,BYETTA    ,2017,2,false,62.400,28,18022.73
FFSU,AK,00310651201,BYETTA    ,2017,1,true,,,
FFSU,AK,00310652401,BYETTA    ,2017,1,false,67.200,28,17772.32
FFSU,AL,00310651201,Byetta 250,2017,4,false,18.000,15,9994.54
FFSU,AL,00310652401,Byetta 250,2017,4,false,48.000,20,13273.78
FFSU,AL,00310651201,Byetta 250,2017,3,false,15.600,13,8663.72
FFSU,AL,00310652401,Byetta 250,2017,3,false,64.800,27,17928.00
FFSU,AL,00310651201,Byetta 250,2017,2,false,22.800,19,13261.55
FFSU,AL,00310652401,Byetta 250,2017,2,false,62.400,26,17241.01
FFSU,AL,00310651201,Byetta 250,2017,1,false,22.800,18,14081.95
FFSU,AL,00310652401,Byetta 250,2017,1,false,76.800,32,20734.96
FFSU,AR,00310651201,BYETTA    ,2017,4,true,,,
FFSU,AR,00310652401,BYETTA    ,2017,3,true,,,
FFSU,AR,00310652401,BYETTA    ,2017,1,true,,,
MCOU,AZ,00310651201,BYETTA    ,2017,4,false,112.800,94,59391.21
MCOU,AZ,00310652401,BYETTA    ,2017,4,false,532.800,215,137651.93
MCOU,AZ,00310651201,BYETTA    ,2017,3,false,151.200,130,83470.23
MCOU,AZ,00310652401,BYETTA    ,2017,3,false,571.200,252,164265.65
MCOU,AZ,00310651201,BYETTA    ,2017,2,false,171.600,157,100869.86
MCOU,AZ,00310652401,BYETTA    ,2017,2,false,487.200,212,139476.82
FFSU,AZ,00310651201,BYETTA    ,2017,1,true,,,
MCOU,AZ,00310651201,BYETTA    ,2017,1,false,170.400,142,91673.32
MCOU,AZ,00310652401,BYETTA    ,2017,1,false,499.200,205,133775.06
FFSU,AZ,00310652401,BYETTA    ,2017,1,true,,,
FFSU,CA,00310651201,BYETTA 250,2017,4,false,129.600,105,73342.39
MCOU,CA,00310651201,BYETTA 250,2017,4,false,301.800,220,149051.34
MCOU,CA,00310652401,BYETTA 250,2017,4,false,1030.600,415,281685.77
FFSU,CA,00310652401,BYETTA 250,2017,4,false,376.800,152,107221.05
FFSU,CA,00310651201,BYETTA 250,2017,3,false,128.400,104,72185.67
MCOU,CA,00310651201,BYETTA 250,2017,3,false,253.800,207,135357.87
FFSU,CA,00310652401,BYETTA 250,2017,3,false,382.600,156,107151.76
MCOU,CA,00310652401,BYETTA 250,2017,3,false,1009.400,421,279880.04
FFSU,CA,00310651201,BYETTA 250,2017,2,false,105.600,87,59995.39
MCOU,CA,00310651201,BYETTA 250,2017,2,false,257.200,208,140365.01
MCOU,CA,00310652401,BYETTA 250,2017,2,false,1020.200,418,283384.42
FFSU,CA,00310652401,BYETTA 250,2017,2,false,432.000,172,123887.13
FFSU,CA,66780021201,BYETTA  EX,2017,2,true,,,
MCOU,CA,00310651201,BYETTA 250,2017,1,false,256.600,203,142525.31
FFSU,CA,00310651201,BYETTA 250,2017,1,false,109.200,90,61432.63
FFSU,CA,00310652401,BYETTA 250,2017,1,false,463.200,184,130996.61
MCOU,CA,00310652401,BYETTA 250,2017,1,false,998.200,405,274224.93
FFSU,CO,00310651201,BYETTA    ,2017,4,false,628.800,416,344667.31
MCOU,CO,00310651201,BYETTA    ,2017,4,false,32.400,23,7002.37
FFSU,CO,00310652401,BYETTA    ,2017,4,false,1503.600,468,404133.88
MCOU,CO,00310652401,BYETTA    ,2017,4,false,96.000,30,10646.52
FFSU,CO,00310651201,BYETTA    ,2017,3,false,775.200,541,445268.00
MCOU,CO,00310651201,BYETTA    ,2017,3,false,36.000,26,10277.75
MCOU,CO,00310652401,BYETTA    ,2017,3,false,86.400,32,14483.69
FFSU,CO,00310652401,BYETTA    ,2017,3,false,1632.000,513,457016.40
MCOU,CO,00310651201,BYETTA    ,2017,2,false,43.200,34,16196.54
FFSU,CO,00310651201,BYETTA    ,2017,2,false,774.000,508,434000.09
FFSU,CO,00310652401,BYETTA    ,2017,2,false,1507.200,471,408489.95
MCOU,CO,00310652401,BYETTA    ,2017,2,false,81.600,32,16331.09
MCOU,CO,00310651201,BYETTA    ,2017,1,false,22.800,19,12439.14
FFSU,CO,00310651201,BYETTA    ,2017,1,false,581.600,396,312473.77
MCOU,CO,00310652401,BYETTA    ,2017,1,false,50.400,21,12368.23
FFSU,CO,00310652401,BYETTA    ,2017,1,false,1194.400,378,314879.99
FFSU,CT,00310651201,Byetta 250,2017,4,false,31.200,21,16869.83
FFSU,CT,00310652401,BYETTA 250,2017,4,false,110.400,39,29964.90
FFSU,CT,00310651201,Byetta 250,2017,3,false,37.200,27,20139.53
FFSU,CT,00310652401,BYETTA 250,2017,3,false,120.000,46,32581.97
FFSU,CT,00310651201,Byetta 250,2017,2,false,42.000,33,22834.50
FFSU,CT,00310652401,BYETTA 250,2017,2,false,98.400,33,26703.48
FFSU,CT,66780021008,BYETTA    ,2017,2,true,,,
FFSU,CT,00310651201,Byetta 250,2017,1,false,42.000,31,23286.61
FFSU,CT,00310652401,BYETTA 250,2017,1,false,108.000,36,29815.28
MCOU,DC,00310651201,BYETTA 5 M,2017,4,true,,,
FFSU,DC,00310651201,BYETTA 5 M,2017,4,false,16.800,13,9105.44
MCOU,DC,00310652401,BYETTA 10 ,2017,4,true,,,
FFSU,DC,00310652401,BYETTA 10 ,2017,4,false,81.600,34,22214.80
FFSU,DC,00310651201,BYETTA 5 M,2017,3,false,25.200,19,13658.13
MCOU,DC,00310651201,BYETTA 5 M,2017,3,true,,,
FFSU,DC,00310652401,BYETTA 10 ,2017,3,false,64.800,27,17628.30
MCOU,DC,00310652401,BYETTA 10 ,2017,3,true,,,
FFSU,DC,00310651201,BYETTA 5 M,2017,2,false,27.600,22,15136.71
MCOU,DC,00310651201,BYETTA 5 M,2017,2,true,,,
FFSU,DC,00310652401,BYETTA 10 ,2017,2,false,79.200,33,21825.21
FFSU,DC,00310651201,BYETTA 5 M,2017,1,false,27.600,21,15800.95
MCOU,DC,00310651201,BYETTA 5 M,2017,1,true,,,
MCOU,DC,00310652401,BYETTA 10 ,2017,1,true,,,
FFSU,DC,00310652401,BYETTA 10 ,2017,1,false,52.800,22,15054.55
MCOU,DE,00310651201,Byetta 250,2017,4,false,30.000,25,14756.02
FFSU,DE,00310651201,Byetta 250,2017,4,true,,,
MCOU,DE,00310652401,Byetta 250,2017,4,false,72.000,30,17437.49
MCOU,DE,00310651201,Byetta 250,2017,3,false,18.000,15,10239.44
MCOU,DE,00310652401,Byetta 250,2017,3,false,69.600,29,19510.12
MCOU,DE,00310651201,Byetta 250,2017,2,false,30.000,25,16943.93
MCOU,DE,00310652401,Byetta 250,2017,2,false,72.000,30,20271.93
MCOU,DE,00310651201,Byetta 250,2017,1,false,14.400,12,8176.20
MCOU,DE,00310652401,Byetta 250,2017,1,false,60.000,25,16832.50
MCOU,FL,00310651201,BYETTA    ,2017,4,false,536.400,442,290170.89
FFSU,FL,00310651201,BYETTA    ,2017,4,false,84.000,70,45905.08
MCOU,FL,00310652401,BYETTA    ,2017,4,false,1188.000,495,318748.26
FFSU,FL,00310652401,BYETTA    ,2017,4,false,220.800,92,60420.40
MCOU,FL,00310651201,BYETTA    ,2017,3,false,522.000,429,283516.29
FFSU,FL,00310651201,BYETTA    ,2017,3,false,78.000,65,42757.45
FFSU,FL,00310652401,BYETTA    ,2017,3,false,230.400,96,63041.64
MCOU,FL,00310652401,BYETTA    ,2017,3,false,1228.800,512,333864.15
MCOU,FL,00310651201,BYETTA    ,2017,2,false,542.400,445,294554.16
FFSU,FL,00310651201,BYETTA    ,2017,2,false,84.000,70,47742.10
FFSU,FL,00310652401,BYETTA    ,2017,2,false,216.000,90,59228.90
MCOU,FL,00310652401,BYETTA    ,2017,2,false,1402.400,584,379663.10
MCOU,FL,00310651201,BYETTA    ,2017,1,false,324.000,267,174537.12
FFSU,FL,00310651201,BYETTA    ,2017,1,false,68.400,57,38320.77
MCOU,FL,00310652401,BYETTA    ,2017,1,false,1045.300,433,282309.31
FFSU,FL,00310652401,BYETTA    ,2017,1,false,204.000,85,57598.30
MCOU,GA,00310651201,Byetta 250,2017,4,true,,,
FFSU,GA,00310651201,Byetta 250,2017,4,true,,,
FFSU,GA,00310652401,Byetta 250,2017,4,true,,,
MCOU,GA,00310652401,Byetta 250,2017,4,true,,,
FFSU,GA,00310651201,Byetta 250,2017,3,true,,,
MCOU,GA,00310651201,Byetta 250,2017,3,true,,,
FFSU,GA,00310652401,Byetta 250,2017,3,false,26.400,11,7170.68
MCOU,GA,00310652401,Byetta 250,2017,3,true,,,
MCOU,GA,00310651201,Byetta 250,2017,2,true,,,
MCOU,GA,00310652401,Byetta 250,2017,2,true,,,
FFSU,GA,00310652401,Byetta 250,2017,2,true,,,
FFSU,GA,00310651201,Byetta 250,2017,1,true,,,
MCOU,GA,00310651201,Byetta 250,2017,1,true,,,
FFSU,GA,00310652401,Byetta 250,2017,1,true,,,
MCOU,GA,00310652401,Byetta 250,2017,1,true,,,
MCOU,HI,00310651201,BYETTA 5 M,2017,4,true,,,
MCOU,HI,00310652401,BYETTA 10 ,2017,4,true,,,
MCOU,HI,00310651201,BYETTA 5 M,2017,3,true,,,
MCOU,HI,00310652401,BYETTA 10 ,2017,3,true,,,
MCOU,HI,00310651201,BYETTA 5 M,2017,2,true,,,
MCOU,HI,00310652401,BYETTA 10 ,2017,2,true,,,
MCOU,HI,00310651201,BYETTA 5 M,2017,1,true,,,
MCOU,HI,00310652401,BYETTA 10 ,2017,1,true,,,
MCOU,IA,00310651201,Byetta 250,2017,4,false,98.400,82,47437.24
FFSU,IA,00310651201,Byetta 250,2017,4,true,,,
MCOU,IA,00310652401,Byetta 250,2017,4,false,165.600,69,44141.64
FFSU,IA,00310652401,Byetta 250,2017,4,true,,,
MCOU,IA,00310651201,Byetta 250,2017,3,false,76.400,63,47588.69
FFSU,IA,00310651201,Byetta 250,2017,3,true,,,
MCOU,IA,00310652401,Byetta 250,2017,3,false,201.598,82,54250.63
FFSU,IA,00310651201,Byetta 250,2017,2,true,,,
MCOU,IA,00310651201,Byetta 250,2017,2,false,77.600,64,54187.17
MCOU,IA,00310652401,Byetta 250,2017,2,false,434.400,180,173292.95
MCOU,IA,00310651201,Byetta 250,2017,1,false,145.000,119,122847.22
FFSU,IA,00310651201,Byetta 250,2017,1,true,,,
MCOU,IA,00310652401,Byetta 250,2017,1,false,328.799,136,142491.20
FFSU,ID,00310651201,BYETTA    ,2017,4,false,38.400,32,21001.58
FFSU,ID,00310652401,BYETTA    ,2017,4,false,165.600,69,45124.91
FFSU,ID,00310651201,BYETTA    ,2017,3,false,48.000,40,26673.24
FFSU,ID,00310652401,BYETTA    ,2017,3,false,194.400,81,53497.51
FFSU,ID,00310651201,BYETTA    ,2017,2,false,52.800,44,29469.88
FFSU,ID,00310652401,BYETTA    ,2017,2,false,204.000,85,56150.15
FFSU,ID,00310651201,BYETTA    ,2017,1,false,55.200,46,30347.04
FFSU,ID,00310652401,BYETTA    ,2017,1,false,211.200,88,56935.32
MCOU,IL,00310651201,Byetta 250,2017,4,false,178.800,147,109149.42
FFSU,IL,00310651201,Byetta 250,2017,4,false,241.200,188,135267.26
MCOU,IL,00310652401,Byetta 250,2017,4,false,636.000,263,181566.50
FFSU,IL,00310652401,Byetta 250,2017,4,false,717.600,281,199286.82
MCOU,IL,00310651201,Byetta 250,2017,3,false,183.600,153,116962.22
FFSU,IL,00310651201,Byetta 250,2017,3,false,307.200,226,171995.20
FFSU,IL,00310652401,Byetta 250,2017,3,false,816.000,313,229120.43
MCOU,IL,00310652401,Byetta 250,2017,3,false,595.200,248,171599.08
FFSU,IL,00310651201,Byetta 250,2017,2,false,220.800,176,122709.86
MCOU,IL,00310651201,Byetta 250,2017,2,false,164.400,137,103523.04
FFSU,IL,00310652401,Byetta 250,2017,2,false,712.800,280,197773.79
MCOU,IL,00310652401,Byetta 250,2017,2,false,612.000,255,174978.12
MCOU,IL,00310651201,Byetta 250,2017,1,false,316.800,253,161702.59
FFSU,IL,00310651201,Byetta 250,2017,1,false,151.200,125,82322.55
FFSU,IL,00310652401,Byetta 250,2017,1,false,492.000,205,134636.10
MCOU,IL,00310652401,Byetta 250,2017,1,false,962.400,382,248377.37
MCOU,IN,00310651201,Byetta 250,2017,4,false,27.600,23,15281.89
FFSU,IN,00310651201,Byetta 250,2017,4,true,,,
MCOU,IN,00310652401,Byetta 250,2017,4,false,69.600,27,19234.86
FFSU,IN,00310651201,Byetta 250,2017,3,true,,,
MCOU,IN,00310651201,Byetta 250,2017,3,false,30.000,25,16661.10
MCOU,IN,00310652401,Byetta 250,2017,3,false,67.200,26,18636.93
FFSU,IN,00310651201,Byetta 250,2017,2,true,,,
MCOU,IN,00310651201,Byetta 250,2017,2,false,24.000,19,13394.29
FFSU,IN,00310652401,Byetta 250,2017,2,true,,,
MCOU,IN,00310652401,Byetta 250,2017,2,false,96.000,40,26701.88
FFSU,IN,00310651201,Byetta 250,2017,1,true,,,
MCOU,IN,00310651201,Byetta 250,2017,1,false,30.000,25,16557.79
MCOU,IN,00310652401,Byetta 250,2017,1,false,105.600,42,29256.04
MCOU,KS,00310651201,Byetta 250,2017,4,false,28.800,24,15652.90
MCOU,KS,00310652401,Byetta 250,2017,4,false,33.600,14,9181.90
MCOU,KS,00310651201,Byetta 250,2017,3,false,25.200,21,13711.79
MCOU,KS,00310652401,Byetta 250,2017,3,false,31.200,13,8509.24
MCOU,KS,00310651201,Byetta 250,2017,2,false,80.400,67,41177.56
MCOU,KS,00310652401,Byetta 250,2017,2,false,86.400,36,22294.31
MCOU,KS,00310651201,Byetta 250,2017,1,false,25.200,21,13456.10
MCOU,KS,00310652401,Byetta 250,2017,1,false,26.400,11,6888.19
MCOU,KY,00310651201,BYETTA    ,2017,4,false,38.400,32,22048.17
FFSU,KY,00310651201,BYETTA    ,2017,4,false,28.800,24,15576.82
MCOU,KY,00310652401,BYETTA    ,2017,4,false,194.400,81,54669.09
FFSU,KY,00310652401,BYETTA    ,2017,4,false,76.800,32,20883.84
FFSU,KY,00310651201,BYETTA    ,2017,3,false,31.200,26,16909.80
MCOU,KY,00310651201,BYETTA    ,2017,3,false,44.400,37,24816.02
MCOU,KY,00310652401,BYETTA    ,2017,3,false,196.800,82,57096.71
FFSU,KY,00310652401,BYETTA    ,2017,3,false,110.400,46,29967.38
MCOU,KY,00310651201,BYETTA    ,2017,2,true,,,
FFSU,KY,00310651201,BYETTA    ,2017,2,false,39.600,33,22598.74
FFSU,KY,00310652401,BYETTA    ,2017,2,false,86.400,36,24667.64
MCOU,KY,00310652401,BYETTA    ,2017,2,false,237.600,99,66584.96
FFSU,KY,00310651201,BYETTA    ,2017,1,false,36.000,30,20142.21
MCOU,KY,00310651201,BYETTA    ,2017,1,false,68.400,55,38295.37
FFSU,KY,00310652401,BYETTA    ,2017,1,false,79.200,33,22209.16
MCOU,KY,00310652401,BYETTA    ,2017,1,false,276.000,115,77154.04
FFSU,LA,00310651201,BYETTA    ,2017,4,true,,,
MCOU,LA,00310651201,BYETTA    ,2017,4,false,25.200,21,13774.06
MCOU,LA,00310652401,BYETTA    ,2017,4,false,81.600,32,22377.06
FFSU,LA,00310652401,BYETTA    ,2017,4,true,,,
FFSU,LA,00310651201,BYETTA    ,2017,3,true,,,
MCOU,LA,00310651201,BYETTA    ,2017,3,false,25.200,21,13846.34
FFSU,LA,00310652401,BYETTA    ,2017,3,true,,,
MCOU,LA,00310652401,BYETTA    ,2017,3,false,62.400,25,17250.71
FFSU,LA,00310651201,BYETTA    ,2017,2,true,,,
MCOU,LA,00310651201,BYETTA    ,2017,2,false,31.200,26,17533.02
FFSU,LA,00310652401,BYETTA    ,2017,2,true,,,
MCOU,LA,00310652401,BYETTA    ,2017,2,false,62.400,24,17227.77
MCOU,LA,00310651201,BYETTA    ,2017,1,false,32.400,27,17508.57
FFSU,LA,00310651201,BYETTA    ,2017,1,true,,,
FFSU,LA,00310652401,BYETTA    ,2017,1,true,,,
MCOU,LA,00310652401,BYETTA    ,2017,1,false,67.200,26,18656.33
FFSU,MA,00310651201,BYETTA 5 M,2017,4,false,16.800,14,9087.05
MCOU,MA,00310651201,BYETTA 5 M,2017,4,false,38.400,31,21568.20
FFSU,MA,00310652401,BYETTA 10 ,2017,4,false,91.200,38,24766.34
MCOU,MA,00310652401,BYETTA 10 ,2017,4,false,216.000,78,61032.64
MCOU,MA,00310651201,BYETTA 5 M,2017,3,false,52.800,39,29588.30
FFSU,MA,00310651201,BYETTA 5 M,2017,3,false,14.400,12,7803.84
MCOU,MA,00310652401,BYETTA 10 ,2017,3,false,268.800,95,75435.49
FFSU,MA,00310652401,BYETTA 10 ,2017,3,false,81.600,34,22160.18
MCOU,MA,00310651201,BYETTA 5 M,2017,2,false,49.200,37,27448.66
FFSU,MA,00310651201,BYETTA 5 M,2017,2,false,32.400,27,17773.87
MCOU,MA,00310652401,BYETTA 10 ,2017,2,false,249.600,90,70155.52
FFSU,MA,00310652401,BYETTA 10 ,2017,2,false,79.200,33,21813.37
FFSU,MA,00310651201,BYETTA 5 M,2017,1,false,20.400,17,11030.08
MCOU,MA,00310651201,BYETTA 5 M,2017,1,false,46.800,37,26169.36
MCOU,MA,00310652401,BYETTA 10 ,2017,1,false,283.200,96,79482.95
FFSU,MA,00310652401,BYETTA 10 ,2017,1,false,93.600,38,25120.41
MCOU,MD,00310651201,BYETTA 5 M,2017,4,true,,,
MCOU,MD,00310652401,BYETTA 10 ,2017,4,false,81.600,31,22720.08
FFSU,MD,00310652401,BYETTA 10 ,2017,4,true,,,
MCOU,MD,00310651201,BYETTA 5 M,2017,3,true,,,
MCOU,MD,00310652401,BYETTA 10 ,2017,3,false,103.200,39,28679.24
FFSU,MD,00310652401,BYETTA 10 ,2017,3,true,,,
MCOU,MD,00310651201,BYETTA 5 M,2017,2,false,14.400,12,8052.54
FFSU,MD,00310651201,BYETTA 5 M,2017,2,true,,,
MCOU,MD,00310652401,BYETTA 10 ,2017,2,false,117.600,46,33080.28
FFSU,MD,00310652401,BYETTA 10 ,2017,2,true,,,
FFSU,MD,00310651201,BYETTA 5 M,2017,1,true,,,
MCOU,MD,00310651201,BYETTA 5 M,2017,1,false,26.400,22,14691.72
MCOU,MD,00310652401,BYETTA 10 ,2017,1,false,100.800,38,28464.65
FFSU,MD,00310652401,BYETTA 10 ,2017,1,true,,,
FFSU,ME,00310651201,BYETTA    ,2017,4,false,18.000,15,9753.73
FFSU,ME,00310652401,BYETTA    ,2017,4,false,76.800,32,20877.48
FFSU,ME,00310651201,BYETTA    ,2017,3,false,22.800,19,12727.46
FFSU,ME,00310652401,BYETTA    ,2017,3,false,64.800,27,18122.76
FFSU,ME,00310651201,BYETTA    ,2017,2,false,22.800,19,12823.62
FFSU,ME,00310652401,BYETTA    ,2017,2,false,62.400,24,17558.78
FFSU,ME,00310651201,BYETTA    ,2017,1,false,26.400,22,15664.55
FFSU,ME,00310652401,BYETTA    ,2017,1,false,57.600,22,16027.10
MCOU,MI,00310651201,BYETTA    ,2017,4,false,19.200,16,10620.74
FFSU,MI,00310651201,BYETTA    ,2017,4,false,31.200,19,16824.86
MCOU,MI,00310652401,BYETTA    ,2017,4,false,103.200,43,28694.20
FFSU,MI,00310652401,BYETTA    ,2017,4,false,61.200,22,13659.26
MCOU,MI,00310651201,BYETTA    ,2017,3,false,14.400,12,8034.49
FFSU,MI,00310651201,BYETTA    ,2017,3,false,27.600,25,21240.74
MCOU,MI,00310652401,BYETTA    ,2017,3,false,134.400,56,37417.69
FFSU,MI,00310652401,BYETTA    ,2017,3,false,69.600,29,22753.97
FFSU,MI,00310651201,BYETTA    ,2017,2,false,31.000,22,16774.49
MCOU,MI,00310651201,BYETTA    ,2017,2,false,31.200,26,17376.12
MCOU,MI,00310652401,BYETTA    ,2017,2,false,160.800,67,44819.96
FFSU,MI,00310652401,BYETTA    ,2017,2,false,73.600,34,25433.80
FFSU,MI,00310651201,BYETTA    ,2017,1,false,39.600,27,20656.78
MCOU,MI,00310651201,BYETTA    ,2017,1,false,60.000,50,33176.52
MCOU,MI,00310652401,BYETTA    ,2017,1,false,268.800,112,75250.59
FFSU,MI,00310652401,BYETTA    ,2017,1,false,100.800,35,24235.81
MCOU,MN,00310651201,BYETTA    ,2017,4,false,121.200,101,68378.23
FFSU,MN,00310651201,BYETTA    ,2017,4,false,109.200,90,55670.74
MCOU,MN,00310652401,BYETTA    ,2017,4,false,324.000,135,91504.84
FFSU,MN,00310652401,BYETTA    ,2017,4,false,295.200,123,79495.80
FFSU,MN,00310651201,BYETTA    ,2017,3,false,87.600,73,45596.49
MCOU,MN,00310651201,BYETTA    ,2017,3,false,139.200,116,77757.60
FFSU,MN,00310652401,BYETTA    ,2017,3,false,264.000,110,71324.00
MCOU,MN,00310652401,BYETTA    ,2017,3,false,340.800,142,96388.22
MCOU,MN,00310651201,BYETTA    ,2017,2,false,120.000,100,67668.81
FFSU,MN,00310651201,BYETTA    ,2017,2,false,116.400,96,61407.59
FFSU,MN,00310652401,BYETTA    ,2017,2,false,355.200,148,95923.55
MCOU,MN,00310652401,BYETTA    ,2017,2,false,333.600,139,94269.15
FFSU,MN,00310651201,BYETTA    ,2017,1,false,105.600,87,52563.79
MCOU,MN,00310651201,BYETTA    ,2017,1,false,85.200,71,48021.30
FFSU,MN,00310652401,BYETTA    ,2017,1,false,288.000,120,74787.04
MCOU,MN,00310652401,BYETTA    ,2017,1,false,297.600,122,83804.06
FFSU,MO,00310651201,BYETTA    ,2017,4,false,102.000,82,56220.97
FFSU,MO,00310652401,BYETTA    ,2017,4,false,302.400,124,83375.46
FFSU,MO,00310651201,BYETTA    ,2017,3,false,118.800,97,66902.39
FFSU,MO,00310652401,BYETTA    ,2017,3,false,297.600,121,83861.19
FFSU,MO,00310651201,BYETTA    ,2017,2,false,88.800,72,51244.43
FFSU,MO,00310652401,BYETTA    ,2017,2,false,300.000,120,86535.35
FFSU,MO,00310651201,BYETTA    ,2017,1,false,108.000,89,64753.14
FFSU,MO,00310652401,BYETTA    ,2017,1,false,288.000,117,85279.39
MCOU,MS,00310651201,BYETTA 5 M,2017,4,true,,,
MCOU,MS,00310652401,BYETTA 10 ,2017,4,true,,,
MCOU,MS,00310651201,BYETTA 5 M,2017,3,true,,,
MCOU,MS,00310652401,BYETTA 10 ,2017,3,true,,,
MCOU,MS,00310651201,BYETTA 5 M,2017,2,true,,,
MCOU,MS,00310652401,BYETTA 10 ,2017,2,true,,,
MCOU,MS,00310651201,BYETTA 5 M,2017,1,true,,,
MCOU,MS,00310652401,BYETTA 10 ,2017,1,false,36.000,15,10644.30
FFSU,MT,00310651201,BYETTA 5 M,2017,4,false,94.400,78,51217.59
FFSU,MT,00310652401,BYETTA 10 ,2017,4,false,237.600,99,64428.11
FFSU,MT,00310651201,BYETTA 5 M,2017,3,false,79.200,66,42980.18
FFSU,MT,00310652401,BYETTA 10 ,2017,3,false,232.800,97,63662.46
FFSU,MT,00310651201,BYETTA 5 M,2017,2,false,82.800,69,45012.04
FFSU,MT,00310652401,BYETTA 10 ,2017,2,false,225.600,94,61147.10
FFSU,MT,00310651201,BYETTA 5 M,2017,1,false,69.600,58,36775.40
FFSU,MT,00310652401,BYETTA 10 ,2017,1,false,206.400,86,55182.49
FFSU,XX,00310651201,Byetta 250,2017,4,false,2328.800,1792,1269127.63
MCOU,XX,00310651201,Byetta 250,2017,4,false,2541.373,2059,1359460.40
FFSU,XX,00310652401,Byetta 250,2017,4,false,6578.000,2529,1784171.46
MCOU,XX,00310652401,Byetta 250,2017,4,false,8097.385,3306,2196797.49
MCOU,XX,66780021201,BYETTA (EX,2017,4,true,,,
FFSU,XX,00310651201,Byetta 250,2017,3,false,2719.000,2112,1512407.21
MCOU,XX,00310651201,Byetta 250,2017,3,false,2694.566,2221,1482105.39
FFSU,XX,00310652401,Byetta 250,2017,3,false,7085.800,2757,1967763.12
MCOU,XX,00310652401,Byetta 250,2017,3,false,8628.178,3558,2380598.59
MCOU,XX,66780021201,BYETTA (EX,2017,3,false,48.000,20,6932.90
FFSU,XX,00310651201,Byetta 250,2017,2,false,2576.600,1976,1399783.32
MCOU,XX,00310651201,Byetta 250,2017,2,false,2981.957,2470,1653203.70
FFSU,XX,00310652401,Byetta 250,2017,2,false,6917.200,2682,1855011.64
MCOU,XX,00310652401,Byetta 250,2017,2,false,9919.576,4098,2782072.97
MCOU,XX,66780021007,BYETTA (EX,2017,2,true,,,
FFSU,XX,66780021008,BYETTA (EX,2017,2,true,,,
FFSU,XX,66780021201,BYETTA (EX,2017,2,true,,,
MCOU,XX,66780021201,BYETTA (EX,2017,2,true,,,
FFSU,XX,00310651201,Byetta 250,2017,1,false,2379.000,1865,1295231.23
MCOU,XX,00310651201,Byetta 250,2017,1,false,2815.180,2290,1554834.55
FFSU,XX,00310652401,Byetta 250,2017,1,false,6447.200,2519,1752116.17
MCOU,XX,00310652401,Byetta 250,2017,1,false,9571.883,3902,2641780.92
MCOU,XX,66780021007,BYETTA (EX,2017,1,true,,,
MCOU,XX,66780021201,BYETTA (EX,2017,1,false,31.200,13,4433.85
FFSU,NC,00310651201,BYETTA    ,2017,4,false,337.200,280,178324.33
FFSU,NC,00310652401,BYETTA    ,2017,4,false,743.600,310,196775.55
FFSU,NC,00310651201,BYETTA    ,2017,3,false,423.600,351,221493.70
FFSU,NC,00310652401,BYETTA    ,2017,3,false,823.200,343,218587.27
FFSU,NC,00310651201,BYETTA    ,2017,2,false,327.600,269,175042.07
FFSU,NC,00310652401,BYETTA    ,2017,2,false,756.000,315,200526.19
FFSU,NC,00310651201,BYETTA    ,2017,1,false,383.800,314,200090.31
FFSU,NC,00310652401,BYETTA    ,2017,1,false,868.400,360,224274.43
MCOU,ND,00310651201,BYETTA 5 M,2017,4,true,,,
FFSU,ND,00310651201,BYETTA 5 M,2017,4,true,,,
MCOU,ND,00310652401,BYETTA 10 ,2017,4,true,,,
FFSU,ND,00310652401,BYETTA 10 ,2017,4,true,,,
MCOU,ND,00310651201,BYETTA 5 M,2017,3,true,,,
FFSU,ND,00310651201,BYETTA 5 M,2017,3,true,,,
MCOU,ND,00310652401,BYETTA 10 ,2017,3,true,,,
FFSU,ND,00310652401,BYETTA 10 ,2017,3,true,,,
FFSU,ND,00310651201,BYETTA 5 M,2017,2,true,,,
MCOU,ND,00310651201,BYETTA 5 M,2017,2,true,,,
FFSU,ND,00310652401,BYETTA 10 ,2017,2,true,,,
MCOU,ND,00310652401,BYETTA 10 ,2017,2,true,,,
FFSU,ND,00310651201,BYETTA 5 M,2017,1,true,,,
MCOU,ND,00310651201,BYETTA 5 M,2017,1,true,,,
MCOU,ND,00310652401,BYETTA 10 ,2017,1,true,,,
FFSU,ND,00310652401,BYETTA 10 ,2017,1,true,,,
MCOU,NE,00310651201,Byetta 250,2017,4,false,14.400,12,8066.44
MCOU,NE,00310652401,Byetta 250,2017,4,false,26.400,11,7394.49
MCOU,NE,00310651201,Byetta 250,2017,3,false,21.600,18,12127.35
MCOU,NE,00310652401,Byetta 250,2017,3,false,40.800,17,11456.43
MCOU,NE,00310651201,Byetta 250,2017,2,false,14.400,12,8074.89
FFSU,NE,00310652401,Byetta 250,2017,2,true,,,
MCOU,NE,00310652401,Byetta 250,2017,2,false,55.200,23,15505.71
MCOU,NE,00310651201,Byetta 250,2017,1,true,,,
FFSU,NE,00310652401,Byetta 250,2017,1,true,,,
MCOU,NE,00310652401,Byetta 250,2017,1,false,76.800,32,21682.78
MCOU,NH,00310651201,BYETTA    ,2017,4,true,,,
FFSU,NH,00310651201,BYETTA    ,2017,4,true,,,
FFSU,NH,00310652401,BYETTA    ,2017,4,true,,,
MCOU,NH,00310652401,BYETTA    ,2017,4,true,,,
MCOU,NH,00310651201,BYETTA    ,2017,3,true,,,
MCOU,NH,00310652401,BYETTA    ,2017,3,true,,,
FFSU,NH,00310651201,BYETTA    ,2017,2,true,,,
MCOU,NH,00310651201,BYETTA    ,2017,2,true,,,
MCOU,NH,00310652401,BYETTA    ,2017,2,false,26.400,11,7474.59
FFSU,NH,00310651201,BYETTA    ,2017,1,true,,,
MCOU,NH,00310651201,BYETTA    ,2017,1,true,,,
MCOU,NH,00310652401,BYETTA    ,2017,1,false,26.400,11,7409.28
FFSU,NH,00310652401,BYETTA    ,2017,1,true,,,
MCOU,NJ,00310651201,Byetta 250,2017,4,true,,,
MCOU,NJ,00310652401,Byetta 250,2017,4,true,,,
MCOU,NJ,00310651201,Byetta 250,2017,3,true,,,
MCOU,NJ,00310652401,Byetta 250,2017,3,true,,,
FFSU,NJ,00310652401,Byetta 250,2017,3,true,,,
MCOU,NJ,00310651201,Byetta 250,2017,2,true,,,
MCOU,NJ,00310652401,Byetta 250,2017,2,false,28.800,12,5387.69
MCOU,NJ,00310651201,Byetta 250,2017,1,true,,,
MCOU,NJ,00310652401,Byetta 250,2017,1,true,,,
FFSU,NJ,00310652401,Byetta 250,2017,1,true,,,
FFSU,NM,00310651201,BYETTA 5 M,2017,4,true,,,
MCOU,NM,00310651201,BYETTA 5 M,2017,4,false,63.600,53,34552.22
FFSU,NM,00310652401,BYETTA 10 ,2017,4,true,,,
MCOU,NM,00310652401,BYETTA 10 ,2017,4,false,196.800,82,54591.22
MCOU,NM,00310651201,BYETTA 5 M,2017,3,false,84.000,70,47107.20
FFSU,NM,00310651201,BYETTA 5 M,2017,3,true,,,
MCOU,NM,00310652401,BYETTA 10 ,2017,3,false,252.000,97,70605.56
FFSU,NM,00310652401,BYETTA 10 ,2017,3,true,,,
FFSU,NM,00310651201,BYETTA 5 M,2017,2,true,,,
MCOU,NM,00310651201,BYETTA 5 M,2017,2,false,67.200,56,37911.79
FFSU,NM,00310652401,BYETTA 10 ,2017,2,true,,,
MCOU,NM,00310652401,BYETTA 10 ,2017,2,false,220.800,88,62424.84
MCOU,NM,00310651201,BYETTA 5 M,2017,1,false,57.600,48,31916.25
FFSU,NM,00310651201,BYETTA 5 M,2017,1,true,,,
MCOU,NM,00310652401,BYETTA 10 ,2017,1,false,208.800,78,58156.77
FFSU,NV,00310651201,Byetta 250,2017,4,true,,,
MCOU,NV,00310651201,Byetta 250,2017,4,true,,,
FFSU,NV,00310652401,Byetta 250,2017,4,true,,,
MCOU,NV,00310651201,Byetta 250,2017,3,true,,,
FFSU,NV,00310651201,Byetta 250,2017,3,true,,,
FFSU,NV,00310652401,Byetta 250,2017,3,true,,,
MCOU,NV,00310652401,Byetta 250,2017,3,true,,,
MCOU,NV,00310651201,Byetta 250,2017,2,true,,,
FFSU,NV,00310651201,Byetta 250,2017,2,true,,,
MCOU,NV,00310652401,Byetta 250,2017,2,true,,,
FFSU,NV,00310652401,Byetta 250,2017,2,true,,,
MCOU,NV,00310651201,Byetta 250,2017,1,true,,,
FFSU,NV,00310652401,Byetta 250,2017,1,true,,,
MCOU,NV,00310652401,Byetta 250,2017,1,true,,,
FFSU,NY,00310651201,BYETTA 250,2017,4,false,33.600,28,18644.88
MCOU,NY,00310651201,BYETTA    ,2017,4,false,74.400,61,40561.18
FFSU,NY,00310652401,BYETTA 250,2017,4,false,115.200,48,30795.06
MCOU,NY,00310652401,BYETTA 250,2017,4,false,432.000,180,117729.80
MCOU,NY,66780021201,BYETTA (EX,2017,4,true,,,
MCOU,NY,00310651201,BYETTA 250,2017,3,false,85.200,70,46724.95
FFSU,NY,00310651201,BYETTA    ,2017,3,false,33.600,28,17290.96
MCOU,NY,00310652401,BYETTA    ,2017,3,false,487.200,204,132918.72
FFSU,NY,00310652401,BYETTA    ,2017,3,false,146.400,61,40031.08
MCOU,NY,66780021201,BYETTA (EX,2017,3,false,48.000,20,6932.90
FFSU,NY,00310651201,BYETTA    ,2017,2,false,43.200,34,0.01
MCOU,NY,00310651201,BYETTA 250,2017,2,false,139.200,116,76281.10
MCOU,NY,00310652401,BYETTA    ,2017,2,false,643.200,266,175025.28
FFSU,NY,00310652401,BYETTA    ,2017,2,false,182.400,76,0.01
MCOU,NY,00310651201,BYETTA 250,2017,1,false,166.800,138,90850.96
FFSU,NY,00310651201,BYETTA 250,2017,1,false,45.600,38,24925.02
FFSU,NY,00310652401,BYETTA 250,2017,1,false,206.400,86,56615.74
MCOU,NY,00310652401,BYETTA 250,2017,1,false,693.600,286,188006.37
MCOU,NY,66780021007,BYETTA (EX,2017,1,true,,,
MCOU,NY,66780021201,BYETTA (EX,2017,1,false,31.200,13,4433.85
FFSU,OH,00310651201,Byetta 250,2017,4,true,,,
MCOU,OH,00310651201,Byetta 250,2017,4,false,166.800,139,92267.82
FFSU,OH,00310652401,Byetta 250,2017,4,false,60.000,21,15936.16
MCOU,OH,00310652401,Byetta 250,2017,4,false,624.000,260,171949.75
MCOU,OH,00310651201,Byetta 250,2017,3,false,192.000,160,106129.01
FFSU,OH,00310651201,Byetta 250,2017,3,true,,,
FFSU,OH,00310652401,Byetta 250,2017,3,false,67.200,26,18155.17
MCOU,OH,00310652401,Byetta 250,2017,3,false,650.400,271,178820.15
FFSU,OH,00310651201,Byetta 250,2017,2,false,15.600,12,8618.90
MCOU,OH,00310651201,Byetta 250,2017,2,false,280.800,231,152179.20
FFSU,OH,00310652401,Byetta 250,2017,2,false,50.400,20,13859.58
MCOU,OH,00310652401,Byetta 250,2017,2,false,940.800,392,258310.97
MCOU,OH,66780021007,BYETTA (EX,2017,2,true,,,
MCOU,OH,66780021201,BYETTA (EX,2017,2,true,,,
FFSU,OH,00310651201,Byetta 250,2017,1,false,19.200,15,11121.36
MCOU,OH,00310651201,Byetta 250,2017,1,false,195.600,161,104761.10
FFSU,OH,00310652401,Byetta 250,2017,1,false,43.200,18,11961.32
MCOU,OH,00310652401,Byetta 250,2017,1,false,873.600,364,232563.79
FFSU,OK,00310651201,Byetta 250,2017,4,true,,,
FFSU,OK,00310652401,Byetta 250,2017,4,false,40.800,13,11048.68
FFSU,OK,00310651201,Byetta 250,2017,3,true,,,
FFSU,OK,00310652401,Byetta 250,2017,3,false,55.200,19,14960.68
FFSU,OK,00310651201,Byetta 250,2017,2,false,19.200,16,10413.60
FFSU,OK,00310652401,Byetta 250,2017,2,false,62.400,22,16917.58
FFSU,OK,00310651201,Byetta 250,2017,1,false,14.400,12,7717.19
FFSU,OK,00310652401,Byetta 250,2017,1,false,31.200,13,8379.53
FFSU,OR,00310651201,Byetta 250,2017,4,true,,,
MCOU,OR,00310651201,Byetta 250,2017,4,false,75.573,63,41740.62
MCOU,OR,00310652401,Byetta 250,2017,4,false,194.385,77,53592.31
FFSU,OR,00310652401,Byetta 250,2017,4,true,,,
FFSU,OR,00310651201,Byetta 250,2017,3,true,,,
MCOU,OR,00310651201,Byetta 250,2017,3,false,77.966,65,43156.08
FFSU,OR,00310652401,Byetta 250,2017,3,true,,,
MCOU,OR,00310652401,Byetta 250,2017,3,false,249.580,100,68872.30
MCOU,OR,00310651201,Byetta 250,2017,2,false,118.757,98,64680.62
FFSU,OR,00310651201,Byetta 250,2017,2,true,,,
FFSU,OR,00310652401,Byetta 250,2017,2,true,,,
MCOU,OR,00310652401,Byetta 250,2017,2,false,386.376,159,104191.55
MCOU,OR,00310651201,Byetta 250,2017,1,false,56.380,46,29835.46
FFSU,OR,00310651201,Byetta 250,2017,1,true,,,
MCOU,OR,00310652401,Byetta 250,2017,1,false,206.384,86,55672.18
FFSU,OR,00310652401,Byetta 250,2017,1,true,,,
MCOU,PA,00310651201,Byetta 250,2017,4,false,51.600,43,28409.57
FFSU,PA,00310651201,Byetta 250,2017,4,true,,,
MCOU,PA,00310652401,Byetta 250,2017,4,false,228.000,93,63201.25
FFSU,PA,00310652401,Byetta 250,2017,4,true,,,
FFSU,PA,00310651201,Byetta 250,2017,3,true,,,
MCOU,PA,00310651201,Byetta 250,2017,3,false,62.400,52,34253.73
MCOU,PA,00310652401,Byetta 250,2017,3,false,268.800,110,74343.29
FFSU,PA,00310652401,Byetta 250,2017,3,true,,,
MCOU,PA,00310651201,Byetta 250,2017,2,false,92.400,77,51018.64
FFSU,PA,00310651201,Byetta 250,2017,2,true,,,
MCOU,PA,00310652401,Byetta 250,2017,2,false,424.800,177,117081.40
FFSU,PA,00310652401,Byetta 250,2017,2,true,,,
FFSU,PA,00310651201,Byetta 250,2017,1,true,,,
MCOU,PA,00310651201,Byetta 250,2017,1,false,78.000,65,41732.89
MCOU,PA,00310652401,Byetta 250,2017,1,false,266.400,111,68725.84
FFSU,PA,00310652401,Byetta 250,2017,1,true,,,
MCOU,RI,00310651201,Byetta 250,2017,4,true,,,
MCOU,RI,00310652401,Byetta 250,2017,4,false,40.800,17,11419.53
FFSU,RI,00310652401,Byetta 250,2017,4,true,,,
MCOU,RI,00310651201,Byetta 250,2017,3,true,,,
FFSU,RI,00310652401,Byetta 250,2017,3,true,,,
MCOU,RI,00310652401,Byetta 250,2017,3,false,52.800,22,14817.38
MCOU,RI,00310651201,Byetta 250,2017,2,true,,,
MCOU,RI,00310652401,Byetta 250,2017,2,false,48.000,20,13483.56
MCOU,RI,00310652401,Byetta 250,2017,1,false,50.400,21,14180.81
MCOU,SC,00310651201,BYETTA    ,2017,4,false,40.000,27,18527.82
FFSU,SC,00310651201,BYETTA    ,2017,4,true,,,
FFSU,SC,00310652401,BYETTA    ,2017,4,true,,,
MCOU,SC,00310652401,BYETTA    ,2017,4,false,140.400,53,34722.30
FFSU,SC,00310651201,BYETTA    ,2017,3,true,,,
MCOU,SC,00310651201,BYETTA    ,2017,3,false,41.200,29,19144.18
MCOU,SC,00310652401,BYETTA    ,2017,3,false,152.400,57,37331.40
FFSU,SC,00310652401,BYETTA    ,2017,3,true,,,
MCOU,SC,00310651201,BYETTA    ,2017,2,false,28.800,24,15770.56
FFSU,SC,00310651201,BYETTA    ,2017,2,true,,,
FFSU,SC,00310652401,BYETTA    ,2017,2,true,,,
MCOU,SC,00310652401,BYETTA    ,2017,2,false,150.600,57,37290.76
MCOU,SC,00310651201,BYETTA    ,2017,1,false,70.000,41,27196.56
FFSU,SC,00310651201,BYETTA    ,2017,1,true,,,
FFSU,SC,00310652401,BYETTA    ,2017,1,true,,,
MCOU,SC,00310652401,BYETTA    ,2017,1,false,163.200,62,40680.68
FFSU,SD,00310651201,Byetta 250,2017,4,true,,,
FFSU,SD,00310652401,Byetta 250,2017,4,true,,,
FFSU,SD,00310651201,Byetta 250,2017,3,true,,,
FFSU,SD,00310652401,Byetta 250,2017,3,true,,,
FFSU,SD,00310651201,Byetta 250,2017,2,true,,,
FFSU,SD,00310652401,Byetta 250,2017,2,true,,,
FFSU,SD,00310652401,Byetta 250,2017,1,true,,,
FFSU,TN,00310651201,BYETTA    ,2017,4,false,72.000,60,38782.55
FFSU,TN,00310652401,BYETTA    ,2017,4,false,216.000,90,58320.54
FFSU,TN,00310651201,BYETTA    ,2017,3,false,61.200,51,32941.93
FFSU,TN,00310652401,BYETTA    ,2017,3,false,240.000,100,64746.85
FFSU,TN,00310651201,BYETTA    ,2017,2,false,61.200,51,32972.69
FFSU,TN,00310652401,BYETTA    ,2017,2,false,216.000,90,58687.39
FFSU,TN,00310651201,BYETTA    ,2017,1,false,64.800,54,35874.37
FFSU,TN,00310652401,BYETTA    ,2017,1,false,235.200,98,65751.79
MCOU,TX,00310651201,BYETTA 5 M,2017,4,false,183.600,148,102014.74
FFSU,TX,00310651201,BYETTA 5 M,2017,4,true,,,
FFSU,TX,00310652401,BYETTA 10 ,2017,4,true,,,
MCOU,TX,00310652401,BYETTA 10 ,2017,4,false,544.800,227,151410.37
MCOU,TX,00310651201,BYETTA 5 M,2017,3,false,193.200,161,107452.97
MCOU,TX,00310652401,BYETTA 10 ,2017,3,false,580.800,242,161692.41
MCOU,TX,00310651201,BYETTA 5 M,2017,2,false,208.800,174,116141.30
FFSU,TX,00310651201,BYETTA 5 M,2017,2,true,,,
FFSU,TX,00310652401,BYETTA 10 ,2017,2,true,,,
MCOU,TX,00310652401,BYETTA 10 ,2017,2,false,667.200,278,185892.98
FFSU,TX,00310651201,BYETTA 5 M,2017,1,true,,,
MCOU,TX,00310651201,BYETTA 5 M,2017,1,false,224.400,184,125060.39
MCOU,TX,00310652401,BYETTA 10 ,2017,1,false,710.400,296,196549.36
FFSU,TX,00310652401,BYETTA 10 ,2017,1,true,,,
MCOU,UT,00310651201,Byetta 250,2017,4,true,,,
MCOU,UT,00310652401,Byetta 250,2017,4,true,,,
MCOU,UT,00310651201,Byetta 250,2017,3,true,,,
MCOU,UT,00310652401,Byetta 250,2017,3,true,,,
FFSU,UT,00310652401,Byetta 250,2017,3,true,,,
MCOU,UT,00310651201,Byetta 250,2017,2,false,14.400,12,8003.36
MCOU,UT,00310652401,Byetta 250,2017,2,true,,,
MCOU,UT,00310651201,Byetta 250,2017,1,false,13.200,11,7269.58
MCOU,UT,00310652401,Byetta 250,2017,1,true,,,
MCOU,VA,00310651201,BYETTA    ,2017,4,false,120.000,99,66370.93
FFSU,VA,00310651201,BYETTA    ,2017,4,true,,,
MCOU,VA,00310652401,BYETTA    ,2017,4,false,352.800,145,97604.35
FFSU,VA,00310652401,BYETTA    ,2017,4,false,74.400,31,20177.75
FFSU,VA,00310651201,BYETTA    ,2017,3,false,52.800,44,29833.14
MCOU,VA,00310651201,BYETTA    ,2017,3,false,112.800,98,65446.28
FFSU,VA,00310652401,BYETTA    ,2017,3,false,93.600,47,30570.75
MCOU,VA,00310652401,BYETTA    ,2017,3,false,288.000,123,82372.91
MCOU,VA,00310651201,BYETTA    ,2017,2,false,115.200,95,64533.05
FFSU,VA,00310651201,Byetta 250,2017,2,false,44.400,37,24074.50
FFSU,VA,00310652401,Byetta 250,2017,2,false,93.600,39,24689.02
MCOU,VA,00310652401,BYETTA    ,2017,2,false,273.600,114,75810.31
MCOU,VA,66780021007,BYETTA (EX,2017,2,true,,,
MCOU,VA,00310651201,Byetta 250,2017,1,false,88.800,74,49842.59
FFSU,VA,00310651201,Byetta 250,2017,1,false,56.400,47,30130.18
MCOU,VA,00310652401,Byetta 250,2017,1,false,288.000,120,79796.35
FFSU,VA,00310652401,Byetta 250,2017,1,false,91.200,38,23806.00
FFSU,VT,00310651201,Byetta 250,2017,4,true,,,
FFSU,VT,00310652401,Byetta 250,2017,4,false,84.000,33,22738.53
FFSU,VT,00310651201,Byetta 250,2017,3,true,,,
FFSU,VT,00310652401,Byetta 250,2017,3,false,55.200,21,14930.97
FFSU,VT,00310651201,Byetta 250,2017,2,true,,,
FFSU,VT,00310652401,Byetta 250,2017,2,false,52.800,22,14337.29
FFSU,VT,00310651201,Byetta 250,2017,1,true,,,
FFSU,VT,00310652401,Byetta 250,2017,1,false,55.200,15,15163.67
FFSU,WA,00310651201,Byetta 250,2017,4,false,14.400,12,6896.72
MCOU,WA,00310651201,Byetta 250,2017,4,false,100.800,82,50295.59
FFSU,WA,00310652401,Byetta 250,2017,4,false,86.400,36,23286.24
MCOU,WA,00310652401,Byetta 250,2017,4,false,360.000,148,96819.64
MCOU,WA,00310651201,Byetta 250,2017,3,false,181.200,147,90469.64
FFSU,WA,00310651201,Byetta 250,2017,3,false,26.400,22,13196.08
MCOU,WA,00310652401,Byetta 250,2017,3,false,518.400,211,139096.32
FFSU,WA,00310652401,Byetta 250,2017,3,false,84.000,35,22609.97
MCOU,WA,00310651201,Byetta 250,2017,2,false,151.200,123,75558.50
FFSU,WA,00310651201,Byetta 250,2017,2,false,28.800,24,14487.18
FFSU,WA,00310652401,Byetta 250,2017,2,false,60.000,25,16213.51
MCOU,WA,00310652401,Byetta 250,2017,2,false,388.800,161,103484.96
MCOU,WA,00310651201,Byetta 250,2017,1,false,124.800,104,61380.75
FFSU,WA,00310651201,Byetta 250,2017,1,false,24.000,20,12029.41
MCOU,WA,00310652401,Byetta 250,2017,1,false,410.400,171,108945.62
FFSU,WA,00310652401,Byetta 250,2017,1,false,60.000,25,16885.51
FFSU,WI,00310651201,Byetta 250,2017,4,false,151.200,123,84303.58
FFSU,WI,00310652401,Byetta 250,2017,4,false,504.000,210,137345.50
FFSU,WI,00310651201,Byetta 250,2017,3,false,200.400,159,110087.68
FFSU,WI,00310652401,Byetta 250,2017,3,false,592.800,247,162248.95
FFSU,WI,00310651201,Byetta 250,2017,2,false,222.000,178,121693.26
FFSU,WI,00310652401,Byetta 250,2017,2,false,734.400,306,204768.97
FFSU,WI,00310651201,Byetta 250,2017,1,false,218.400,179,125456.42
FFSU,WI,00310652401,Byetta 250,2017,1,false,645.600,269,184975.15
FFSU,WV,00310651201,BYETTA 5 M,2017,4,false,30.000,25,16227.75
FFSU,WV,00310652401,BYETTA 10 ,2017,4,false,57.600,24,15632.76
FFSU,WV,00310651201,BYETTA 5 M,2017,3,false,30.000,25,16236.75
FFSU,WV,00310652401,BYETTA 10 ,2017,3,false,64.800,25,16235.23
MCOU,WV,00310651201,BYETTA 5 M,2017,2,false,68.400,57,37939.44
MCOU,WV,00310652401,BYETTA 10 ,2017,2,false,127.200,53,34536.77
FFSU,WV,00310652401,BYETTA 10 ,2017,2,true,,,
MCOU,WV,00310651201,BYETTA 5 M,2017,1,false,76.800,63,41964.75
FFSU,WV,00310651201,BYETTA 5 M,2017,1,false,18.000,15,9382.67
FFSU,WV,00310652401,BYETTA 10 ,2017,1,true,,,
MCOU,WV,00310652401,BYETTA 10 ,2017,1,false,96.000,40,24334.80
FFSU,WY,00310652401,Byetta 250,2017,4,true,,,
FFSU,WY,00310652401,Byetta 250,2017,3,true,,,
FFSU,WY,00310651201,Byetta 250,2017,2,true,,,
FFSU,WY,00310652401,Byetta 250,2017,2,true,,,
FFSU,WY,00310651201,Byetta 250,2017,1,true,,,
FFSU,WY,00310652401,Byetta 250,2017,1,true,,,
FFSU,AK,00310652004,BYDUREON  ,2017,4,true,,,
FFSU,AK,00310653004,BYDUREON P,2017,4,false,84.000,21,12357.59
FFSU,AK,00310652004,BYDUREON  ,2017,3,false,56.000,14,8496.18
FFSU,AK,00310653004,BYDUREON P,2017,3,false,88.000,32,18846.98
FFSU,AK,00310652004,BYDUREON  ,2017,2,false,44.000,11,6678.59
FFSU,AK,00310653004,BYDUREON P,2017,2,false,116.000,29,16620.03
FFSU,AK,00310652004,BYDUREON  ,2017,1,false,52.000,13,7780.77
FFSU,AK,00310653004,BYDUREON P,2017,1,false,116.000,29,16835.45
FFSU,AL,00310652004,Bydureon 2,2017,4,false,180.000,45,27828.63
FFSU,AL,00310653004,Bydureon P,2017,4,false,444.000,110,71867.31
FFSU,AL,00310652004,Bydureon 2,2017,3,false,168.000,42,25975.74
FFSU,AL,00310653004,Bydureon P,2017,3,false,504.000,126,79398.40
FFSU,AL,00310652004,Bydureon 2,2017,2,false,160.000,40,24736.48
FFSU,AL,00310653004,Bydureon P,2017,2,false,528.000,132,82599.81
FFSU,AL,00310652004,Bydureon 2,2017,1,false,188.000,47,29097.46
FFSU,AL,00310653004,Bydureon P,2017,1,false,604.000,151,92011.63
FFSU,AR,00310652004,BYDUREON  ,2017,4,true,,,
FFSU,AR,00310653004,BYDUREON P,2017,4,false,76.000,19,11509.97
FFSU,AR,00310652004,BYDUREON  ,2017,3,true,,,
FFSU,AR,00310653004,BYDUREON P,2017,3,false,48.000,14,8464.54
FFSU,AR,00310652004,BYDUREON  ,2017,2,true,,,
FFSU,AR,00310653004,BYDUREON P,2017,2,false,68.000,17,10318.99
FFSU,AR,00310652004,BYDUREON  ,2017,1,true,,,
FFSU,AR,00310653004,BYDUREON P,2017,1,true,,,
MCOU,AZ,00310652004,BYDUREON  ,2017,4,false,320.000,80,47720.95
FFSU,AZ,00310652004,BYDUREON  ,2017,4,true,,,
MCOU,AZ,00310653004,BYDUREON P,2017,4,false,2152.000,538,315780.69
FFSU,AZ,00310652004,BYDUREON  ,2017,3,true,,,
MCOU,AZ,00310652004,BYDUREON  ,2017,3,false,164.000,41,24204.30
MCOU,AZ,00310653004,BYDUREON P,2017,3,false,1036.000,259,147044.95
FFSU,AZ,00310652004,BYDUREON  ,2017,2,true,,,
MCOU,AZ,00310652004,BYDUREON  ,2017,2,false,112.000,28,16157.87
MCOU,AZ,00310653004,BYDUREON P,2017,2,false,516.000,139,75546.41
MCOU,AZ,00310652004,BYDUREON  ,2017,1,false,108.000,29,16787.34
FFSU,AZ,00310652004,BYDUREON  ,2017,1,true,,,
MCOU,AZ,00310653004,BYDUREON P,2017,1,false,452.000,119,65641.33
MCOU,CA,00310652004,BYDUREON 2,2017,4,false,1054.000,259,165543.11
FFSU,CA,00310652004,BYDUREON 2,2017,4,false,729.000,175,115012.95
FFSU,CA,00310653004,BYDUREON P,2017,4,false,6447.000,1522,1026738.65
MCOU,CA,00310653004,BYDUREON P,2017,4,false,12442.000,2995,1820487.29
FFSU,CA,00310654004,BYDUREON B,2017,4,true,,,
MCOU,CA,00310654004,BYDUREON B,2017,4,true,,,
FFSU,CA,00310652004,BYDUREON 2,2017,3,false,702.000,163,110943.79
MCOU,CA,00310652004,BYDUREON 2,2017,3,false,1183.000,283,185988.24
FFSU,CA,00310653004,BYDUREON P,2017,3,false,6028.000,1414,958664.42
MCOU,CA,00310653004,BYDUREON P,2017,3,false,12178.000,2933,1803379.96
FFSU,CA,66780021904,BYDUREON  ,2017,3,true,,,
FFSU,CA,00310652004,BYDUREON 2,2017,2,false,642.000,151,102446.83
MCOU,CA,00310652004,BYDUREON 2,2017,2,false,1260.000,301,195419.20
MCOU,CA,00310653004,BYDUREON P,2017,2,false,11555.000,2753,1716396.53
FFSU,CA,00310653004,BYDUREON P,2017,2,false,5336.000,1262,854740.68
MCOU,CA,00310652004,BYDUREON 2,2017,1,false,1266.000,300,194939.15
FFSU,CA,00310652004,BYDUREON 2,2017,1,false,719.000,183,114317.56
FFSU,CA,00310653004,BYDUREON P,2017,1,false,4811.000,1144,771405.76
MCOU,CA,00310653004,BYDUREON P,2017,1,false,10709.000,2575,1595050.42
MCOU,CA,66780021904,BYDUREON  ,2017,1,true,,,
FFSU,CO,00310652004,BYDUREON  ,2017,4,false,60.000,15,9067.33
MCOU,CO,00310652004,BYDUREON  ,2017,4,true,,,
MCOU,CO,00310653004,BYDUREON P,2017,4,false,100.000,25,15314.83
FFSU,CO,00310653004,BYDUREON P,2017,4,false,1302.600,280,198728.55
FFSU,CO,00310652004,BYDUREON  ,2017,3,false,52.000,15,9078.51
MCOU,CO,00310652004,BYDUREON  ,2017,3,true,,,
MCOU,CO,00310653004,BYDUREON P,2017,3,false,112.000,28,17187.26
FFSU,CO,00310653004,BYDUREON P,2017,3,false,604.000,137,93834.14
FFSU,CO,00310652004,BYDUREON  ,2017,2,false,64.000,15,10863.12
MCOU,CO,00310652004,BYDUREON  ,2017,2,true,,,
MCOU,CO,00310653004,BYDUREON P,2017,2,false,88.000,22,13545.09
FFSU,CO,00310653004,BYDUREON P,2017,2,false,584.000,122,89677.62
FFSU,CO,00310652004,BYDUREON  ,2017,1,false,52.000,12,7803.15
MCOU,CO,00310652004,BYDUREON  ,2017,1,true,,,
MCOU,CO,00310653004,BYDUREON P,2017,1,false,60.000,15,9151.74
FFSU,CO,00310653004,BYDUREON P,2017,1,false,528.000,114,79845.33
FFSU,CT,00310652004,BYDUREON 2,2017,4,false,368.000,78,55834.69
FFSU,CT,00310653004,BYDUREON P,2017,4,false,2215.000,500,336682.98
FFSU,CT,00310654004,BYDUREON B,2017,4,true,,,
FFSU,CT,00310652004,BYDUREON 2,2017,3,false,368.000,84,55888.60
FFSU,CT,00310653004,BYDUREON P,2017,3,false,2098.290,474,319098.80
FFSU,CT,00310652004,BYDUREON 2,2017,2,false,392.000,84,59610.75
FFSU,CT,00310653004,BYDUREON P,2017,2,false,2104.000,466,320490.91
FFSU,CT,66780021904,BYDUREON  ,2017,2,true,,,
FFSU,CT,00310652004,Bydureon 2,2017,1,false,425.000,89,65585.07
FFSU,CT,00310653004,BYDUREON P,2017,1,false,1884.000,435,291661.21
FFSU,DC,00310652004,BYDUREON 2,2017,4,false,68.000,17,10354.07
MCOU,DC,00310652004,BYDUREON 2,2017,4,true,,,
FFSU,DC,00310653004,BYDUREON 2,2017,4,false,617.000,156,94035.46
MCOU,DC,00310653004,BYDUREON 2,2017,4,false,124.000,31,19738.67
MCOU,DC,00310652004,BYDUREON 2,2017,3,true,,,
FFSU,DC,00310652004,BYDUREON 2,2017,3,false,60.000,15,9132.30
MCOU,DC,00310653004,BYDUREON 2,2017,3,false,80.000,20,12815.20
FFSU,DC,00310653004,BYDUREON 2,2017,3,false,552.000,137,84135.72
FFSU,DC,00310652004,BYDUREON 2,2017,2,true,,,
MCOU,DC,00310652004,BYDUREON 2,2017,2,true,,,
FFSU,DC,00310653004,BYDUREON 2,2017,2,false,388.000,98,60009.95
MCOU,DC,00310653004,BYDUREON 2,2017,2,false,56.000,14,8943.77
FFSU,DC,00310652004,BYDUREON 2,2017,1,false,44.000,11,7058.16
MCOU,DC,00310652004,BYDUREON 2,2017,1,true,,,
FFSU,DC,00310653004,BYDUREON 2,2017,1,false,196.000,49,31510.00
MCOU,DC,00310653004,BYDUREON 2,2017,1,true,,,
MCOU,DE,00310652004,Bydureon 2,2017,4,false,104.000,26,13689.50
FFSU,DE,00310653004,Bydureon P,2017,4,true,,,
MCOU,DE,00310653004,Bydureon P,2017,4,false,1052.000,263,140009.69
MCOU,DE,00310652004,Bydureon 2,2017,3,false,132.000,33,20681.67
MCOU,DE,00310653004,Bydureon P,2017,3,false,1040.000,256,162646.18
FFSU,DE,00310653004,Bydureon P,2017,3,true,,,
FFSU,DE,00310652004,Bydureon 2,2017,2,true,,,
MCOU,DE,00310652004,Bydureon 2,2017,2,false,164.000,39,25607.36
FFSU,DE,00310653004,Bydureon P,2017,2,true,,,
MCOU,DE,00310653004,Bydureon P,2017,2,false,900.000,225,141761.26
MCOU,DE,00310652004,Bydureon 2,2017,1,false,116.000,29,18226.44
MCOU,DE,00310653004,Bydureon P,2017,1,false,696.000,173,109415.11
FFSU,FL,00310652004,BYDUREON  ,2017,4,false,812.000,203,124275.50
MCOU,FL,00310652004,BYDUREON  ,2017,4,false,6112.000,1521,920397.57
MCOU,FL,00310653004,BYDUREON P,2017,4,false,1408.000,352,210818.06
MCOU,FL,00310652004,BYDUREON  ,2017,3,false,5884.000,1469,892617.60
FFSU,FL,00310652004,BYDUREON  ,2017,3,false,652.000,163,99899.88
FFSU,FL,00310653004,BYDUREON P,2017,3,true,,,
MCOU,FL,00310653004,BYDUREON P,2017,3,false,1509.000,378,228887.17
FFSU,FL,00310652004,BYDUREON  ,2017,2,false,576.000,144,91563.84
MCOU,FL,00310652004,BYDUREON  ,2017,2,false,5238.000,1307,794522.54
MCOU,FL,00310653004,BYDUREON P,2017,2,false,3508.000,873,530922.99
FFSU,FL,00310653004,BYDUREON P,2017,2,true,,,
FFSU,FL,00310652004,BYDUREON  ,2017,1,false,168.000,42,26565.66
MCOU,FL,00310652004,BYDUREON  ,2017,1,false,1728.000,432,260964.20
FFSU,FL,00310653004,BYDUREON P,2017,1,false,796.000,199,123319.18
MCOU,FL,00310653004,BYDUREON P,2017,1,false,7490.000,1872,1127668.89
MCOU,FL,66780021904,BYDUREON  ,2017,1,true,,,
MCOU,GA,00310652004,Bydureon 2,2017,4,false,48.000,12,7481.48
FFSU,GA,00310652004,Bydureon 2,2017,4,false,172.000,43,26092.81
FFSU,GA,00310653004,BYDUREON P,2017,4,false,1148.000,287,174597.06
MCOU,GA,00310653004,BYDUREON P,2017,4,false,568.000,142,88644.98
FFSU,GA,00310652004,BYDUREON  ,2017,3,false,164.000,41,24323.72
MCOU,GA,00310652004,Bydureon 2,2017,3,false,60.000,15,9358.27
MCOU,GA,00310653004,BYDUREON P,2017,3,false,784.000,196,119927.75
FFSU,GA,00310653004,BYDUREON P,2017,3,false,1232.000,308,186308.69
FFSU,GA,00310652004,Bydureon 2,2017,2,false,164.000,41,24923.93
MCOU,GA,00310652004,BYDUREON  ,2017,2,false,68.000,17,10575.89
MCOU,GA,00310653004,BYDUREON P,2017,2,false,644.000,161,97440.54
FFSU,GA,00310653004,BYDUREON P,2017,2,false,1240.000,310,187586.95
MCOU,GA,00310652004,Bydureon 2,2017,1,false,68.000,17,10426.06
FFSU,GA,00310652004,BYDUREON  ,2017,1,false,204.000,51,31737.80
MCOU,GA,00310653004,Bydureon P,2017,1,false,536.000,134,81284.57
FFSU,GA,00310653004,Bydureon P,2017,1,false,1000.000,250,155635.20
MCOU,HI,00310652004,BYDUREON 2,2017,4,false,96.000,24,15769.58
MCOU,HI,00310653004,BYDUREON 2,2017,4,false,352.000,86,56793.49
MCOU,HI,00310652004,BYDUREON 2,2017,3,false,84.000,21,13831.01
MCOU,HI,00310653004,BYDUREON 2,2017,3,false,496.000,122,80564.14
MCOU,HI,00310652004,BYDUREON 2,2017,2,false,84.000,21,13874.56
MCOU,HI,00310653004,BYDUREON 2,2017,2,false,369.000,91,59892.55
MCOU,HI,00310652004,BYDUREON 2,2017,1,false,124.000,31,20401.60
MCOU,HI,00310653004,BYDUREON 2,2017,1,false,376.000,94,61098.13
MCOU,IA,00310652004,Bydureon 2,2017,4,true,,,
FFSU,IA,00310652004,Bydureon 2,2017,4,true,,,
FFSU,IA,00310653004,Bydureon P,2017,4,true,,,
MCOU,IA,00310653004,Bydureon P,2017,4,false,124.000,31,17876.69
MCOU,IA,00310652004,Bydureon 2,2017,3,true,,,
MCOU,IA,00310653004,Bydureon P,2017,3,false,52.000,13,10321.69
MCOU,IA,00310652004,Bydureon 2,2017,2,true,,,
MCOU,IA,00310653004,Bydureon P,2017,2,true,,,
FFSU,IA,00310653004,Bydureon P,2017,2,true,,,
MCOU,IA,00310652004,Bydureon 2,2017,1,true,,,
FFSU,IA,00310653004,Bydureon P,2017,1,true,,,
MCOU,IA,00310653004,Bydureon P,2017,1,false,124.000,31,30064.20
FFSU,ID,00310652004,BYDUREON  ,2017,4,false,96.000,24,14677.02
FFSU,ID,00310653004,BYDUREON P,2017,4,false,664.000,166,101749.71
FFSU,ID,00310652004,BYDUREON  ,2017,3,false,80.000,20,12390.16
FFSU,ID,00310653004,BYDUREON P,2017,3,false,649.000,163,100616.04
FFSU,ID,00310652004,BYDUREON  ,2017,2,false,64.000,16,9772.62
FFSU,ID,00310653004,BYDUREON P,2017,2,false,692.000,173,107322.74
FFSU,ID,00310652004,BYDUREON  ,2017,1,false,96.000,24,14616.38
FFSU,ID,00310653004,BYDUREON P,2017,1,false,592.000,148,90691.15
FFSU,IL,00310652004,Bydureon 2,2017,4,true,,,
MCOU,IL,00310652004,Bydureon 2,2017,4,false,840.000,210,137531.05
MCOU,IL,00310653004,Bydureon P,2017,4,false,1388.000,343,226899.09
FFSU,IL,00310653004,Bydureon P,2017,4,false,124.000,27,20076.85
MCOU,IL,00310652004,Bydureon 2,2017,3,false,704.000,175,113775.97
FFSU,IL,00310652004,Bydureon 2,2017,3,true,,,
FFSU,IL,00310653004,Bydureon P,2017,3,false,140.000,33,23543.36
MCOU,IL,00310653004,Bydureon P,2017,3,false,1420.000,353,228023.06
FFSU,IL,00310652004,Bydureon 2,2017,2,true,,,
MCOU,IL,00310652004,Bydureon 2,2017,2,false,576.000,144,92524.09
MCOU,IL,00310653004,Bydureon P,2017,2,false,1388.000,343,221035.62
FFSU,IL,00310653004,Bydureon P,2017,2,false,164.000,41,26517.76
FFSU,IL,00310652004,Bydureon 2,2017,1,true,,,
MCOU,IL,00310652004,Bydureon 2,2017,1,false,856.000,198,119246.01
MCOU,IL,00310653004,Bydureon P,2017,1,false,2192.000,521,316731.26
FFSU,IL,00310653004,Bydureon P,2017,1,false,148.000,37,22941.60
MCOU,IL,66780021904,BYDUREON  ,2017,1,true,,,
FFSU,IN,00310652004,Bydureon 2,2017,4,true,,,
MCOU,IN,00310652004,Bydureon 2,2017,4,false,280.000,70,43380.73
MCOU,IN,00310653004,Bydureon P,2017,4,false,2348.000,578,364570.29
FFSU,IN,00310653004,Bydureon P,2017,4,false,89.000,23,13543.51
MCOU,IN,00310652004,Bydureon 2,2017,3,false,264.000,67,40979.26
FFSU,IN,00310652004,Bydureon 2,2017,3,true,,,
FFSU,IN,00310653004,Bydureon P,2017,3,false,112.000,28,17054.52
MCOU,IN,00310653004,Bydureon P,2017,3,false,2180.000,540,336927.28
MCOU,IN,00310652004,Bydureon 2,2017,2,false,308.000,75,48006.54
FFSU,IN,00310652004,Bydureon 2,2017,2,true,,,
MCOU,IN,00310653004,Bydureon P,2017,2,false,2084.000,511,323270.17
FFSU,IN,00310653004,Bydureon P,2017,2,false,108.000,27,16490.59
FFSU,IN,00310652004,Bydureon 2,2017,1,true,,,
MCOU,IN,00310652004,Bydureon 2,2017,1,false,300.000,74,46308.48
FFSU,IN,00310653004,Bydureon P,2017,1,false,192.000,46,29847.37
MCOU,IN,00310653004,Bydureon P,2017,1,false,1796.000,443,279252.04
MCOU,IN,66780022601,BYDUREON  ,2017,1,true,,,
MCOU,KS,00310652004,Bydureon 2,2017,4,false,60.000,15,9144.53
MCOU,KS,00310653004,Bydureon P,2017,4,false,584.000,146,89240.92
MCOU,KS,00310652004,Bydureon 2,2017,3,false,84.000,21,12807.52
MCOU,KS,00310653004,Bydureon P,2017,3,false,428.000,107,65453.50
MCOU,KS,00310652004,Bydureon 2,2017,2,false,264.000,66,38126.82
MCOU,KS,00310653004,Bydureon P,2017,2,false,844.000,207,123148.30
MCOU,KS,00310652004,Bydureon 2,2017,1,false,100.000,25,15018.10
MCOU,KS,00310653004,Bydureon P,2017,1,false,296.000,72,44271.99
MCOU,KY,00310652004,BYDUREON  ,2017,4,false,1147.000,295,181327.92
FFSU,KY,00310652004,BYDUREON  ,2017,4,false,52.000,13,7889.11
FFSU,KY,00310653004,BYDUREON P,2017,4,false,196.000,49,29786.57
MCOU,KY,00310653004,BYDUREON P,2017,4,false,6687.000,1674,1053534.45
MCOU,KY,00310652004,BYDUREON  ,2017,3,false,1182.000,306,185817.84
FFSU,KY,00310652004,BYDUREON  ,2017,3,false,48.000,12,7289.16
FFSU,KY,00310653004,BYDUREON P,2017,3,false,172.000,47,28571.31
MCOU,KY,00310653004,BYDUREON P,2017,3,false,6730.000,1684,1064436.02
MCOU,KY,00310652004,BYDUREON  ,2017,2,false,1490.000,374,238135.08
FFSU,KY,00310652004,BYDUREON  ,2017,2,false,56.000,14,8956.50
FFSU,KY,00310653004,BYDUREON P,2017,2,false,112.000,28,17913.00
MCOU,KY,00310653004,BYDUREON P,2017,2,false,6960.000,1740,1102449.66
MCOU,KY,00310652004,BYDUREON  ,2017,1,false,1601.000,401,252149.79
FFSU,KY,00310652004,BYDUREON  ,2017,1,false,48.000,12,7582.88
FFSU,KY,00310653004,BYDUREON P,2017,1,false,52.000,13,8222.63
MCOU,KY,66780021904,BYDUREON  ,2017,1,true,,,
FFSU,LA,00310652004,BYDUREON  ,2017,4,false,44.000,11,6857.07
MCOU,LA,00310652004,BYDUREON  ,2017,4,false,172.000,39,26660.17
MCOU,LA,00310653004,BYDUREON P,2017,4,false,960.000,240,147345.63
FFSU,LA,00310653004,BYDUREON P,2017,4,false,128.000,31,19998.77
MCOU,LA,00310654004,BYDUREON B,2017,4,true,,,
MCOU,LA,00310652004,BYDUREON  ,2017,3,false,208.000,52,32479.61
FFSU,LA,00310652004,BYDUREON  ,2017,3,false,48.000,12,7457.91
FFSU,LA,00310653004,BYDUREON P,2017,3,false,140.000,33,21719.82
MCOU,LA,00310653004,BYDUREON P,2017,3,false,780.000,195,120244.28
MCOU,LA,00310652004,BYDUREON  ,2017,2,false,224.000,54,35133.72
FFSU,LA,00310652004,BYDUREON  ,2017,2,false,44.000,11,6867.41
FFSU,LA,00310653004,BYDUREON P,2017,2,false,112.000,28,17552.08
MCOU,LA,00310653004,BYDUREON P,2017,2,false,712.000,178,109595.81
FFSU,LA,00310652004,BYDUREON  ,2017,1,true,,,
MCOU,LA,00310652004,BYDUREON  ,2017,1,false,144.000,36,22422.95
FFSU,LA,00310653004,BYDUREON P,2017,1,false,108.000,27,16566.23
MCOU,LA,00310653004,BYDUREON P,2017,1,false,584.000,146,89341.55
FFSU,MA,00310652004,BYDUREON 2,2017,4,false,65.000,20,9861.45
MCOU,MA,00310652004,BYDUREON 2,2017,4,false,232.000,52,36607.98
MCOU,MA,00310653004,BYDUREON 2,2017,4,false,1040.000,248,164082.29
FFSU,MA,00310653004,BYDUREON 2,2017,4,false,500.000,123,68786.68
MCOU,MA,00310652004,BYDUREON 2,2017,3,false,322.000,70,50856.39
FFSU,MA,00310652004,BYDUREON 2,2017,3,false,49.000,13,7411.57
MCOU,MA,00310653004,BYDUREON 2,2017,3,false,1412.000,331,222884.80
FFSU,MA,00310653004,BYDUREON 2,2017,3,false,506.000,123,66147.65
MCOU,MA,00310652004,BYDUREON 2,2017,2,false,302.000,72,47876.52
FFSU,MA,00310652004,BYDUREON 2,2017,2,false,68.000,17,10455.46
MCOU,MA,00310653004,BYDUREON 2,2017,2,false,1384.000,324,218439.09
FFSU,MA,00310653004,BYDUREON 2,2017,2,false,632.000,156,81181.58
FFSU,MA,00310652004,BYDUREON 2,2017,1,false,68.000,17,10508.88
MCOU,MA,00310652004,BYDUREON 2,2017,1,false,288.000,64,45443.56
FFSU,MA,00310653004,BYDUREON 2,2017,1,false,532.000,133,69668.08
MCOU,MA,00310653004,BYDUREON 2,2017,1,false,1340.000,323,210454.44
MCOU,MA,66780021904,BYDUREON 2,2017,1,true,,,
FFSU,MA,66780021904,BYDUREON 2,2017,1,true,,,
FFSU,MD,00310652004,BYDUREON 2,2017,4,true,,,
MCOU,MD,00310652004,BYDUREON 2,2017,4,true,,,
MCOU,MD,00310653004,BYDUREON 2,2017,4,false,200.000,48,31877.99
FFSU,MD,00310653004,BYDUREON 2,2017,4,false,124.000,29,18855.90
MCOU,MD,00310652004,BYDUREON 2,2017,3,true,,,
FFSU,MD,00310652004,BYDUREON 2,2017,3,true,,,
MCOU,MD,00310653004,BYDUREON 2,2017,3,false,172.000,41,26214.90
FFSU,MD,00310653004,BYDUREON 2,2017,3,false,84.000,21,12794.10
MCOU,MD,00310652004,BYDUREON 2,2017,2,false,56.000,14,8816.84
FFSU,MD,00310652004,BYDUREON 2,2017,2,true,,,
FFSU,MD,00310653004,BYDUREON 2,2017,2,false,64.000,14,9724.61
MCOU,MD,00310653004,BYDUREON 2,2017,2,false,136.000,34,20981.50
MCOU,MD,00310652004,BYDUREON 2,2017,1,true,,,
FFSU,MD,00310652004,BYDUREON 2,2017,1,true,,,
FFSU,MD,00310653004,BYDUREON 2,2017,1,false,44.000,11,7175.54
MCOU,MD,00310653004,BYDUREON 2,2017,1,false,128.000,32,21570.78
FFSU,ME,00310652004,BYDUREON  ,2017,4,false,80.000,20,12156.97
FFSU,ME,00310653004,BYDUREON P,2017,4,false,592.000,146,90069.10
FFSU,ME,00310652004,BYDUREON  ,2017,3,false,84.000,21,13134.28
FFSU,ME,00310653004,BYDUREON P,2017,3,false,512.000,124,79204.64
FFSU,ME,00310652004,BYDUREON  ,2017,2,false,64.000,16,10076.92
FFSU,ME,00310653004,BYDUREON  ,2017,2,false,540.000,129,83859.43
FFSU,ME,00310652004,BYDUREON  ,2017,1,false,60.000,15,9297.30
FFSU,ME,00310653004,BYDUREON  ,2017,1,false,544.000,134,82383.70
MCOU,MI,00310652004,BYDUREON  ,2017,4,false,140.000,35,21796.07
FFSU,MI,00310652004,BYDUREON  ,2017,4,false,152.000,34,22127.83
MCOU,MI,00310653004,BYDUREON P,2017,4,false,648.000,162,101385.41
FFSU,MI,00310653004,BYDUREON P,2017,4,false,672.000,157,98726.56
MCOU,MI,00310652004,BYDUREON  ,2017,3,false,120.000,30,18724.45
FFSU,MI,00310652004,BYDUREON  ,2017,3,false,96.000,27,16392.38
MCOU,MI,00310653004,BYDUREON P,2017,3,false,748.000,187,117081.61
FFSU,MI,00310653004,BYDUREON P,2017,3,false,468.000,120,82694.05
FFSU,MI,00310652004,BYDUREON  ,2017,2,false,112.000,24,16882.73
MCOU,MI,00310652004,BYDUREON  ,2017,2,false,164.000,41,25664.70
FFSU,MI,00310653004,BYDUREON P,2017,2,false,472.000,107,72452.15
MCOU,MI,00310653004,BYDUREON P,2017,2,false,808.000,204,127727.59
FFSU,MI,00310652004,BYDUREON  ,2017,1,false,84.000,17,11226.00
MCOU,MI,00310652004,BYDUREON  ,2017,1,false,168.000,42,26267.83
MCOU,MI,00310653004,BYDUREON P,2017,1,false,760.000,190,118851.95
FFSU,MI,00310653004,BYDUREON P,2017,1,false,528.000,117,74868.26
MCOU,MN,00310652004,BYDUREON  ,2017,4,false,400.000,100,63491.66
FFSU,MN,00310652004,BYDUREON  ,2017,4,false,68.000,17,9361.05
FFSU,MN,00310653004,BYDUREON P,2017,4,false,104.000,26,15927.08
MCOU,MN,00310653004,BYDUREON P,2017,4,false,1808.000,450,285289.52
MCOU,MN,00310652004,BYDUREON  ,2017,3,false,390.000,99,61765.09
FFSU,MN,00310652004,BYDUREON  ,2017,3,false,60.000,13,8252.46
MCOU,MN,00310653004,BYDUREON P,2017,3,false,1652.000,411,260737.52
FFSU,MN,00310653004,BYDUREON P,2017,3,false,60.000,15,9188.70
MCOU,MN,00310652004,BYDUREON  ,2017,2,false,299.000,77,47408.05
FFSU,MN,00310652004,BYDUREON  ,2017,2,false,48.000,12,6607.80
FFSU,MN,00310653004,BYDUREON P,2017,2,false,96.000,24,14701.92
MCOU,MN,00310653004,BYDUREON P,2017,2,false,1193.000,297,188549.46
FFSU,MN,00310652004,BYDUREON  ,2017,1,false,52.000,13,7158.45
MCOU,MN,00310652004,BYDUREON  ,2017,1,false,293.000,74,46464.40
FFSU,MN,00310653004,BYDUREON P,2017,1,false,68.000,17,9856.49
MCOU,MN,00310653004,BYDUREON P,2017,1,false,932.000,231,147153.61
FFSU,MO,00310652004,BYDUREON  ,2017,4,false,752.000,184,116610.24
FFSU,MO,00310653004,BYDUREON P,2017,4,false,2523.000,634,389673.92
FFSU,MO,00310652004,BYDUREON  ,2017,3,false,722.000,181,113351.76
FFSU,MO,00310653004,BYDUREON P,2017,3,false,2524.000,631,393292.47
FFSU,MO,00310652004,BYDUREON  ,2017,2,false,633.000,159,102725.46
FFSU,MO,00310653004,BYDUREON P,2017,2,false,2259.000,565,362864.37
FFSU,MO,00310652004,BYDUREON  ,2017,1,false,676.000,170,114747.85
FFSU,MO,00310653004,BYDUREON P,2017,1,false,2000.000,502,334124.52
MCOU,MS,00310652004,BYDUREON 2,2017,4,false,252.000,63,38198.05
FFSU,MS,00310652004,BYDUREON 2,2017,4,true,,,
MCOU,MS,00310653004,BYDUREON 2,2017,4,false,2117.000,530,322477.16
FFSU,MS,00310653004,BYDUREON 2,2017,4,false,392.000,98,58896.81
FFSU,MS,00310652004,BYDUREON 2,2017,3,true,,,
MCOU,MS,00310652004,BYDUREON 2,2017,3,false,288.000,72,43684.74
MCOU,MS,00310653004,BYDUREON 2,2017,3,false,2208.000,552,336923.20
FFSU,MS,00310653004,BYDUREON 2,2017,3,false,380.000,95,57992.32
MCOU,MS,00310652004,BYDUREON 2,2017,2,false,260.000,65,39600.88
FFSU,MS,00310652004,BYDUREON 2,2017,2,true,,,
FFSU,MS,00310653004,BYDUREON 2,2017,2,false,336.000,84,51118.96
MCOU,MS,00310653004,BYDUREON 2,2017,2,false,2104.000,524,320500.60
FFSU,MS,00310652004,BYDUREON 2,2017,1,true,,,
MCOU,MS,00310652004,BYDUREON 2,2017,1,false,224.000,54,36839.31
MCOU,MS,00310653004,BYDUREON 2,2017,1,false,1964.000,491,324119.55
FFSU,MS,00310653004,BYDUREON 2,2017,1,false,316.000,79,50407.75
FFSU,MT,00310652004,BYDUREON 2,2017,4,false,356.000,89,53489.71
FFSU,MT,00310653004,BYDUREON 2,2017,4,false,2692.000,673,411604.40
FFSU,MT,66780021904,BYDUREON 2,2017,4,true,,,
FFSU,MT,00310652004,BYDUREON 2,2017,3,false,268.000,67,40410.98
FFSU,MT,00310653004,BYDUREON 2,2017,3,false,2357.068,590,355373.30
FFSU,MT,66780021904,BYDUREON 2,2017,3,true,,,
FFSU,MT,00310652004,BYDUREON 2,2017,2,false,332.000,85,51332.66
FFSU,MT,00310653004,BYDUREON 2,2017,2,false,2053.000,518,311996.79
FFSU,MT,00310652004,BYDUREON 2,2017,1,false,245.000,68,35914.12
FFSU,MT,00310653004,BYDUREON 2,2017,1,false,1438.000,361,214657.77
FFSU,MT,66780021904,BYDUREON 2,2017,1,true,,,
FFSU,XX,00310652004,Bydureon 2,2017,4,false,6767.000,1646,1032102.98
MCOU,XX,00310652004,Bydureon 2,2017,4,false,18719.000,4669,2876373.95
FFSU,XX,00310653004,Bydureon P,2017,4,false,48667.600,11871,7427686.96
MCOU,XX,00310653004,Bydureon P,2017,4,false,69049.000,17101,10534454.45
FFSU,XX,00310654004,BYDUREON B,2017,4,true,,,
MCOU,XX,00310654004,BYDUREON B,2017,4,true,,,
FFSU,XX,66780021904,BYDUREON  ,2017,4,true,,,
MCOU,XX,66780021904,BYDUREON  ,2017,4,true,,,
FFSU,XX,00310652004,Bydureon 2,2017,3,false,6260.000,1535,964830.11
MCOU,XX,00310652004,Bydureon 2,2017,3,false,19012.000,4742,2936410.42
FFSU,XX,00310653004,Bydureon P,2017,3,false,46292.558,11341,7086876.29
MCOU,XX,00310653004,Bydureon P,2017,3,false,69036.400,17093,10603930.05
FFSU,XX,66780021904,BYDUREON  ,2017,3,true,,,
MCOU,XX,66780021904,BYDUREON  ,2017,3,false,72.000,18,7306.76
FFSU,XX,00310652004,Bydureon 2,2017,2,false,6179.000,1508,956427.38
MCOU,XX,00310652004,Bydureon 2,2017,2,false,20713.000,5155,3195484.14
FFSU,XX,00310653004,Bydureon P,2017,2,false,41242.200,10065,6309445.38
MCOU,XX,00310653004,Bydureon P,2017,2,false,74803.400,18508,11499956.03
FFSU,XX,66780021904,BYDUREON  ,2017,2,true,,,
MCOU,XX,66780021904,BYDUREON  ,2017,2,true,,,
FFSU,XX,00310652004,Bydureon 2,2017,1,false,6224.000,1534,970296.02
MCOU,XX,00310652004,Bydureon 2,2017,1,false,16104.000,3989,2462636.73
FFSU,XX,00310653004,Bydureon P,2017,1,false,38093.600,9304,5893965.39
MCOU,XX,00310653004,Bydureon P,2017,1,false,71376.000,17677,10913954.38
FFSU,XX,66780021904,BYDUREON  ,2017,1,true,,,
MCOU,XX,66780021904,BYDUREON  ,2017,1,false,60.000,15,5681.15
MCOU,XX,66780022601,BYDUREON  ,2017,1,true,,,
FFSU,NC,00310652004,BYDUREON  ,2017,4,false,754.000,192,112895.76
FFSU,NC,00310653004,BYDUREON P,2017,4,false,8912.000,2232,1331986.92
FFSU,NC,66780021904,BYDUREON  ,2017,4,true,,,
FFSU,NC,00310652004,BYDUREON  ,2017,3,false,732.000,185,109559.43
FFSU,NC,00310653004,BYDUREON P,2017,3,false,8813.000,2204,1313746.45
FFSU,NC,00310652004,BYDUREON  ,2017,2,false,678.000,171,101514.57
FFSU,NC,00310653004,BYDUREON P,2017,2,false,6977.000,1746,1037636.87
FFSU,NC,00310652004,BYDUREON  ,2017,1,false,771.000,195,112955.52
FFSU,NC,00310653004,BYDUREON P,2017,1,false,6574.000,1640,967090.70
FFSU,ND,00310652004,BYDUREON 2,2017,4,true,,,
MCOU,ND,00310653004,BYDUREON 2,2017,4,false,136.000,34,21764.04
FFSU,ND,00310653004,BYDUREON 2,2017,4,false,180.000,45,27163.81
MCOU,ND,00310652004,BYDUREON 2,2017,3,true,,,
FFSU,ND,00310652004,BYDUREON 2,2017,3,true,,,
FFSU,ND,00310653004,BYDUREON 2,2017,3,false,124.000,31,18943.17
MCOU,ND,00310653004,BYDUREON 2,2017,3,false,128.000,32,20452.86
MCOU,ND,00310652004,BYDUREON 2,2017,2,true,,,
FFSU,ND,00310652004,BYDUREON 2,2017,2,true,,,
MCOU,ND,00310653004,BYDUREON 2,2017,2,false,100.000,25,15858.40
FFSU,ND,00310653004,BYDUREON 2,2017,2,false,116.000,29,17721.03
MCOU,ND,00310652004,BYDUREON 2,2017,1,true,,,
FFSU,ND,00310652004,BYDUREON 2,2017,1,true,,,
FFSU,ND,00310653004,BYDUREON 2,2017,1,false,80.000,20,12059.51
MCOU,ND,00310653004,BYDUREON 2,2017,1,false,108.000,27,17204.32
MCOU,NE,00310652004,Bydureon 2,2017,4,false,96.000,24,15027.21
FFSU,NE,00310652004,Bydureon 2,2017,4,true,,,
FFSU,NE,00310653004,Bydureon P,2017,4,true,,,
MCOU,NE,00310653004,Bydureon P,2017,4,false,1048.000,262,164167.74
MCOU,NE,00310652004,Bydureon 2,2017,3,false,140.000,35,21939.57
MCOU,NE,00310653004,Bydureon P,2017,3,false,1028.000,257,161177.89
MCOU,NE,00310652004,Bydureon 2,2017,2,false,128.000,32,20088.72
FFSU,NE,00310652004,Bydureon 2,2017,2,true,,,
FFSU,NE,00310653004,Bydureon P,2017,2,true,,,
MCOU,NE,00310653004,Bydureon P,2017,2,false,864.000,216,135515.65
FFSU,NE,00310652004,Bydureon 2,2017,1,true,,,
MCOU,NE,00310652004,Bydureon 2,2017,1,false,100.000,25,15700.59
MCOU,NE,00310653004,Bydureon P,2017,1,false,744.000,182,116630.57
FFSU,NE,00310653004,Bydureon P,2017,1,false,84.000,21,13024.99
MCOU,NH,00310652004,BYDUREON  ,2017,4,true,,,
FFSU,NH,00310653004,BYDUREON P,2017,4,true,,,
MCOU,NH,00310653004,BYDUREON P,2017,4,false,148.000,37,23518.59
MCOU,NH,00310652004,BYDUREON  ,2017,3,false,52.000,13,8297.74
FFSU,NH,00310653004,BYDUREON P,2017,3,true,,,
MCOU,NH,00310653004,BYDUREON P,2017,3,false,136.000,38,24188.18
MCOU,NH,00310652004,BYDUREON  ,2017,2,false,52.000,13,8235.33
FFSU,NH,00310653004,BYDUREON P,2017,2,true,,,
MCOU,NH,00310653004,BYDUREON P,2017,2,false,152.000,38,24216.77
MCOU,NH,00310652004,BYDUREON  ,2017,1,true,,,
MCOU,NH,00310653004,BYDUREON P,2017,1,false,124.000,31,19472.97
FFSU,NH,00310653004,BYDUREON P,2017,1,true,,,
MCOU,NJ,00310652004,Bydureon 2,2017,4,false,841.000,211,130563.96
FFSU,NJ,00310653004,Bydureon P,2017,4,false,56.000,14,8528.32
MCOU,NJ,00310653004,Bydureon P,2017,4,false,6342.000,1588,990960.38
MCOU,NJ,00310652004,Bydureon 2,2017,3,false,888.000,222,137996.11
FFSU,NJ,00310652004,Bydureon 2,2017,3,true,,,
MCOU,NJ,00310653004,Bydureon P,2017,3,false,6259.400,1565,977915.60
FFSU,NJ,00310653004,Bydureon P,2017,3,true,,,
FFSU,NJ,00310652004,Bydureon 2,2017,2,true,,,
MCOU,NJ,00310652004,Bydureon 2,2017,2,false,1010.000,252,155371.14
FFSU,NJ,00310653004,Bydureon P,2017,2,true,,,
MCOU,NJ,00310653004,Bydureon P,2017,2,false,6242.400,1561,973679.28
FFSU,NJ,00310652004,Bydureon 2,2017,1,true,,,
MCOU,NJ,00310652004,Bydureon 2,2017,1,false,1032.000,258,162477.99
FFSU,NJ,00310653004,Bydureon P,2017,1,false,62.000,19,9472.67
MCOU,NJ,00310653004,Bydureon P,2017,1,false,5576.000,1397,868083.19
MCOU,NM,00310652004,BYDUREON 2,2017,4,true,,,
FFSU,NM,00310652004,BYDUREON 2,2017,4,true,,,
MCOU,NM,00310653004,BYDUREON 2,2017,4,false,76.000,19,11277.57
FFSU,NM,00310653004,BYDUREON 2,2017,4,true,,,
FFSU,NM,00310652004,BYDUREON 2,2017,3,true,,,
MCOU,NM,00310652004,BYDUREON 2,2017,3,true,,,
FFSU,NM,00310653004,BYDUREON 2,2017,3,true,,,
MCOU,NM,00310653004,BYDUREON 2,2017,3,false,132.000,30,19186.61
MCOU,NM,00310652004,BYDUREON 2,2017,2,true,,,
FFSU,NM,00310652004,BYDUREON 2,2017,2,true,,,
FFSU,NM,00310653004,BYDUREON 2,2017,2,true,,,
MCOU,NM,00310653004,BYDUREON 2,2017,2,false,96.000,21,13357.96
MCOU,NM,00310652004,BYDUREON 2,2017,1,true,,,
FFSU,NM,00310652004,BYDUREON 2,2017,1,true,,,
FFSU,NM,00310653004,BYDUREON 2,2017,1,true,,,
MCOU,NM,00310653004,BYDUREON 2,2017,1,false,72.000,16,9479.87
MCOU,NV,00310652004,Bydureon 2,2017,4,true,,,
FFSU,NV,00310652004,Bydureon 2,2017,4,false,140.000,19,21137.05
FFSU,NV,00310653004,Bydureon P,2017,4,false,456.000,44,68646.98
MCOU,NV,00310653004,Bydureon P,2017,4,false,156.000,39,24539.67
FFSU,NV,00310654004,BYDUREON B,2017,4,true,,,
MCOU,NV,00310654004,BYDUREON B,2017,4,true,,,
MCOU,NV,00310652004,Bydureon 2,2017,3,true,,,
FFSU,NV,00310652004,Bydureon 2,2017,3,true,,,
FFSU,NV,00310653004,Bydureon P,2017,3,false,388.000,43,58529.51
MCOU,NV,00310653004,Bydureon P,2017,3,false,148.000,35,23324.87
FFSU,NV,00310652004,Bydureon 2,2017,2,true,,,
MCOU,NV,00310652004,Bydureon 2,2017,2,true,,,
FFSU,NV,00310653004,Bydureon P,2017,2,false,380.000,45,57325.35
MCOU,NV,00310653004,Bydureon P,2017,2,false,80.000,20,12598.60
MCOU,NV,00310652004,Bydureon 2,2017,1,true,,,
FFSU,NV,00310652004,Bydureon 2,2017,1,false,92.000,17,13815.63
MCOU,NV,00310653004,Bydureon P,2017,1,false,64.000,16,9989.63
FFSU,NV,00310653004,Bydureon P,2017,1,false,748.000,122,112035.15
FFSU,NY,00310652004,BYDUREON  ,2017,4,false,182.000,45,27452.78
MCOU,NY,00310652004,BYDUREON  ,2017,4,false,1396.000,349,212756.83
MCOU,NY,00310653004,BYDUREON P,2017,4,false,8486.000,2110,1292341.30
FFSU,NY,00310653004,BYDUREON P,2017,4,false,1044.000,252,156718.86
MCOU,NY,00310654004,BYDUREON B,2017,4,true,,,
MCOU,NY,66780021904,BYDUREON  ,2017,4,true,,,
FFSU,NY,00310652004,BYDUREON  ,2017,3,false,168.000,42,25158.31
MCOU,NY,00310652004,BYDUREON  ,2017,3,false,1476.000,367,226617.42
MCOU,NY,00310653004,BYDUREON P,2017,3,false,9148.000,2277,1397818.26
FFSU,NY,00310653004,BYDUREON P,2017,3,false,944.000,223,139645.62
FFSU,NY,66780021904,BYDUREON  ,2017,3,true,,,
MCOU,NY,66780021904,BYDUREON  ,2017,3,false,72.000,18,7306.76
FFSU,NY,00310652004,BYDUREON  ,2017,2,false,174.000,41,26532.55
MCOU,NY,00310652004,BYDUREON  ,2017,2,false,1766.000,441,270836.71
MCOU,NY,00310653004,BYDUREON P,2017,2,false,9104.000,2266,1389755.84
FFSU,NY,00310653004,BYDUREON P,2017,2,false,1012.000,241,146635.10
FFSU,NY,66780021904,BYDUREON  ,2017,2,true,,,
MCOU,NY,66780021904,BYDUREON  ,2017,2,true,,,
MCOU,NY,00310652004,BYDUREON  ,2017,1,false,1688.000,422,257128.35
FFSU,NY,00310652004,BYDUREON 2,2017,1,false,172.000,43,26545.70
MCOU,NY,00310653004,BYDUREON P,2017,1,false,7648.000,1905,1166305.00
FFSU,NY,00310653004,BYDUREON P,2017,1,false,920.000,220,137501.33
MCOU,NY,66780021904,BYDUREON  ,2017,1,true,,,
FFSU,NY,66780021904,BYDUREON  ,2017,1,true,,,
FFSU,OH,00310652004,Bydureon 2,2017,4,false,92.000,23,10120.74
MCOU,OH,00310652004,Bydureon 2,2017,4,false,929.000,232,142390.51
FFSU,OH,00310653004,Bydureon P,2017,4,false,773.000,186,115208.58
MCOU,OH,00310653004,Bydureon P,2017,4,false,6257.000,1565,963446.09
MCOU,OH,00310652004,Bydureon 2,2017,3,false,1192.000,298,184082.03
FFSU,OH,00310652004,Bydureon 2,2017,3,false,100.000,23,15118.87
FFSU,OH,00310653004,Bydureon P,2017,3,false,882.000,205,132354.27
MCOU,OH,00310653004,Bydureon P,2017,3,false,7136.000,1784,1093481.88
FFSU,OH,00310652004,Bydureon 2,2017,2,false,120.000,30,18527.73
MCOU,OH,00310652004,Bydureon 2,2017,2,false,2133.000,533,330085.57
MCOU,OH,00310653004,Bydureon P,2017,2,false,10788.000,2697,1658007.22
FFSU,OH,00310653004,Bydureon P,2017,2,false,860.000,208,131884.18
MCOU,OH,00310652004,Bydureon 2,2017,1,false,2097.000,525,313050.15
FFSU,OH,00310652004,Bydureon 2,2017,1,false,100.000,18,15862.04
MCOU,OH,00310653004,Bydureon P,2017,1,false,9217.000,2302,1380467.51
FFSU,OH,00310653004,Bydureon P,2017,1,false,988.000,237,158975.52
MCOU,OH,66780021904,BYDUREON  ,2017,1,true,,,
FFSU,OK,00310652004,Bydureon 2,2017,4,false,72.000,18,10897.50
FFSU,OK,00310653004,Bydureon P,2017,4,false,312.000,78,47214.98
FFSU,OK,00310652004,Bydureon 2,2017,3,false,68.000,17,10298.74
FFSU,OK,00310653004,Bydureon P,2017,3,false,324.000,81,49034.96
FFSU,OK,00310652004,Bydureon 2,2017,2,false,72.000,18,10906.46
FFSU,OK,00310653004,Bydureon P,2017,2,false,344.000,86,52100.71
FFSU,OK,00310652004,BYDUREON 2,2017,1,false,129.000,33,19489.36
FFSU,OK,00310653004,BYDUREON P,2017,1,false,448.000,112,67556.27
MCOU,OR,00310652004,Bydureon 2,2017,4,false,327.000,81,50552.01
FFSU,OR,00310652004,Bydureon 2,2017,4,true,,,
MCOU,OR,00310653004,Bydureon P,2017,4,false,2244.000,554,345350.41
FFSU,OR,00310653004,Bydureon P,2017,4,false,84.000,21,12909.22
MCOU,OR,00310654004,BYDUREON B,2017,4,true,,,
MCOU,OR,00310652004,Bydureon 2,2017,3,false,270.000,68,41947.14
FFSU,OR,00310652004,Bydureon 2,2017,3,true,,,
MCOU,OR,00310653004,Bydureon P,2017,3,false,2162.000,528,332189.47
FFSU,OR,00310653004,Bydureon P,2017,3,false,128.000,32,19857.58
FFSU,OR,00310652004,Bydureon 2,2017,2,true,,,
MCOU,OR,00310652004,Bydureon 2,2017,2,false,479.000,120,73608.14
FFSU,OR,00310653004,Bydureon P,2017,2,false,92.000,23,14251.23
MCOU,OR,00310653004,Bydureon P,2017,2,false,2668.000,658,408957.92
FFSU,OR,00310652004,Bydureon 2,2017,1,true,,,
MCOU,OR,00310652004,Bydureon 2,2017,1,false,354.000,90,53687.00
FFSU,OR,00310653004,BYDUREON P,2017,1,false,64.000,16,9756.84
MCOU,OR,00310653004,Bydureon P,2017,1,false,1700.000,419,255109.67
MCOU,PA,00310652004,Bydureon 2,2017,4,false,148.000,37,22891.81
FFSU,PA,00310652004,Bydureon 2,2017,4,true,,,
MCOU,PA,00310653004,Bydureon P,2017,4,false,696.000,174,107685.39
FFSU,PA,00310653004,Bydureon P,2017,4,false,116.000,29,17516.69
MCOU,PA,00310652004,Bydureon 2,2017,3,false,172.000,43,28847.17
FFSU,PA,00310652004,Bydureon 2,2017,3,true,,,
MCOU,PA,00310653004,Bydureon P,2017,3,false,644.000,161,99265.55
FFSU,PA,00310653004,Bydureon P,2017,3,false,130.000,33,20147.25
MCOU,PA,00310652004,Bydureon 2,2017,2,false,272.000,68,43166.57
FFSU,PA,00310652004,Bydureon 2,2017,2,true,,,
FFSU,PA,00310653004,Bydureon P,2017,2,false,172.000,41,27690.96
MCOU,PA,00310653004,Bydureon P,2017,2,false,1080.000,270,166850.76
FFSU,PA,00310652004,Bydureon 2,2017,1,true,,,
MCOU,PA,00310652004,Bydureon 2,2017,1,false,172.000,43,25726.09
FFSU,PA,00310653004,Bydureon P,2017,1,false,100.000,23,15099.19
MCOU,PA,00310653004,Bydureon P,2017,1,false,776.000,194,119440.88
FFSU,RI,00310652004,Bydureon 2,2017,4,true,,,
MCOU,RI,00310652004,Bydureon 2,2017,4,true,,,
MCOU,RI,00310653004,Bydureon P,2017,4,false,96.000,24,14993.22
FFSU,RI,00310653004,Bydureon P,2017,4,true,,,
MCOU,RI,00310652004,Bydureon 2,2017,3,true,,,
MCOU,RI,00310653004,Bydureon P,2017,3,false,104.000,26,16229.04
MCOU,RI,00310653004,Bydureon P,2017,2,false,60.000,15,9358.23
FFSU,RI,00310652004,Bydureon 2,2017,1,true,,,
MCOU,RI,00310653004,Bydureon P,2017,1,true,,,
FFSU,RI,00310653004,Bydureon P,2017,1,true,,,
FFSU,SC,00310652004,BYDUREON  ,2017,4,true,,,
MCOU,SC,00310652004,BYDUREON  ,2017,4,false,124.000,31,19088.34
FFSU,SC,00310653004,BYDUREON P,2017,4,false,84.000,21,13243.17
MCOU,SC,00310653004,BYDUREON P,2017,4,false,600.000,150,88754.95
MCOU,SC,00310652004,BYDUREON  ,2017,3,false,136.000,34,20988.21
FFSU,SC,00310652004,BYDUREON  ,2017,3,true,,,
MCOU,SC,00310653004,BYDUREON P,2017,3,false,600.000,156,92458.25
FFSU,SC,00310653004,BYDUREON P,2017,3,false,60.000,19,11978.63
FFSU,SC,00310652004,BYDUREON  ,2017,2,true,,,
MCOU,SC,00310652004,BYDUREON  ,2017,2,false,136.000,34,20902.97
MCOU,SC,00310653004,BYDUREON P,2017,2,false,532.000,137,81253.16
FFSU,SC,00310653004,BYDUREON P,2017,2,false,56.000,14,8241.01
FFSU,SC,00310652004,BYDUREON  ,2017,1,true,,,
MCOU,SC,00310652004,BYDUREON  ,2017,1,false,160.000,40,24710.93
FFSU,SC,00310653004,BYDUREON P,2017,1,false,72.000,18,11167.86
MCOU,SC,00310653004,BYDUREON P,2017,1,false,624.000,156,91469.02
FFSU,SD,00310652004,Bydureon 2,2017,4,true,,,
FFSU,SD,00310653004,Bydureon P,2017,4,false,72.000,18,11782.62
FFSU,SD,00310652004,Bydureon 2,2017,3,true,,,
FFSU,SD,00310653004,Bydureon P,2017,3,false,72.000,18,11739.72
FFSU,SD,00310652004,Bydureon 2,2017,2,true,,,
FFSU,SD,00310653004,Bydureon P,2017,2,false,88.000,22,14364.68
FFSU,SD,00310652004,Bydureon 2,2017,1,true,,,
FFSU,SD,00310653004,Bydureon P,2017,1,false,64.000,16,10202.94
FFSU,TN,00310652004,Bydureon 2,2017,4,false,696.000,174,105577.14
FFSU,TN,00310653004,Bydureon P,2017,4,false,5369.000,1343,810978.53
FFSU,TN,00310652004,Bydureon 2,2017,3,false,688.000,172,104339.96
FFSU,TN,00310653004,Bydureon P,2017,3,false,5228.000,1307,790892.53
FFSU,TN,00310652004,Bydureon 2,2017,2,false,850.000,214,127387.85
FFSU,TN,00310653004,Bydureon P,2017,2,false,5100.000,1275,770718.09
FFSU,TN,00310652004,Bydureon 2,2017,1,false,957.000,240,150133.20
FFSU,TN,00310653004,Bydureon P,2017,1,false,4574.000,1145,705501.46
MCOU,TX,00310652004,BYDUREON 2,2017,4,false,3063.000,767,473513.12
FFSU,TX,00310652004,BYDUREON 2,2017,4,true,,,
MCOU,TX,00310653004,BYDUREON 2,2017,4,false,5024.000,1254,768660.13
FFSU,TX,00310653004,BYDUREON 2,2017,4,true,,,
FFSU,TX,00310652004,BYDUREON 2,2017,3,true,,,
MCOU,TX,00310652004,BYDUREON 2,2017,3,false,3061.000,767,474819.00
FFSU,TX,00310653004,BYDUREON 2,2017,3,true,,,
MCOU,TX,00310653004,BYDUREON 2,2017,3,false,4518.000,1129,701907.10
FFSU,TX,00310652004,BYDUREON 2,2017,2,true,,,
MCOU,TX,00310652004,BYDUREON 2,2017,2,false,3232.000,808,503048.74
MCOU,TX,00310653004,BYDUREON 2,2017,2,false,3854.000,963,600430.72
FFSU,TX,00310653004,BYDUREON 2,2017,2,true,,,
FFSU,TX,00310652004,BYDUREON 2,2017,1,true,,,
MCOU,TX,00310652004,BYDUREON 2,2017,1,false,2264.000,566,351743.64
MCOU,TX,00310653004,BYDUREON 2,2017,1,false,4344.000,1083,676252.72
FFSU,TX,00310653004,BYDUREON 2,2017,1,false,72.000,12,10676.37
MCOU,TX,66780021904,BYDUREON 2,2017,1,true,,,
MCOU,UT,00310652004,Bydureon 2,2017,4,true,,,
MCOU,UT,00310653004,Bydureon P,2017,4,false,180.000,45,28705.71
MCOU,UT,00310654004,BYDUREON B,2017,4,true,,,
MCOU,UT,00310652004,Bydureon 2,2017,3,true,,,
MCOU,UT,00310653004,Bydureon P,2017,3,false,160.000,40,25533.22
FFSU,UT,00310653004,Bydureon P,2017,3,true,,,
MCOU,UT,00310652004,Bydureon 2,2017,2,true,,,
FFSU,UT,00310653004,Bydureon P,2017,2,true,,,
MCOU,UT,00310653004,Bydureon P,2017,2,false,168.000,43,26284.46
MCOU,UT,00310652004,Bydureon 2,2017,1,false,48.000,12,5770.02
MCOU,UT,00310653004,Bydureon P,2017,1,false,104.000,26,16538.87
FFSU,VA,00310652004,BYDUREON  ,2017,4,true,,,
MCOU,VA,00310652004,BYDUREON  ,2017,4,false,92.000,23,14229.14
FFSU,VA,00310653004,BYDUREON P,2017,4,false,100.000,25,15146.15
MCOU,VA,00310653004,BYDUREON P,2017,4,false,372.000,93,56854.71
MCOU,VA,00310652004,BYDUREON  ,2017,3,false,60.000,15,9281.71
FFSU,VA,00310652004,BYDUREON  ,2017,3,false,48.000,12,7286.19
FFSU,VA,00310653004,BYDUREON P,2017,3,false,92.000,23,13990.33
MCOU,VA,00310653004,BYDUREON P,2017,3,false,256.000,66,40682.85
MCOU,VA,00310652004,BYDUREON  ,2017,2,false,96.000,24,14485.80
FFSU,VA,00310652004,Bydureon 2,2017,2,true,,,
FFSU,VA,00310653004,Bydureon P,2017,2,false,64.000,16,9726.86
MCOU,VA,00310653004,BYDUREON P,2017,2,false,276.000,69,42494.68
FFSU,VA,00310652004,Bydureon 2,2017,1,true,,,
MCOU,VA,00310652004,Bydureon 2,2017,1,false,88.000,22,13897.31
FFSU,VA,00310653004,Bydureon P,2017,1,false,68.000,17,10327.44
MCOU,VA,00310653004,BYDUREON P,2017,1,false,356.000,89,54681.79
FFSU,VT,00310652004,Bydureon 2,2017,4,false,44.000,11,6664.98
FFSU,VT,00310653004,Bydureon P,2017,4,false,108.000,28,16386.53
FFSU,VT,00310652004,Bydureon 2,2017,3,true,,,
FFSU,VT,00310653004,Bydureon P,2017,3,false,92.000,23,13955.02
FFSU,VT,00310652004,Bydureon 2,2017,2,true,,,
FFSU,VT,00310653004,Bydureon P,2017,2,false,128.000,32,19524.40
FFSU,VT,00310652004,Bydureon 2,2017,1,true,,,
FFSU,VT,00310653004,Bydureon P,2017,1,false,76.000,19,11366.82
MCOU,WA,00310652004,Bydureon 2,2017,4,false,262.000,67,37765.66
FFSU,WA,00310652004,Bydureon 2,2017,4,true,,,
FFSU,WA,00310653004,Bydureon P,2017,4,false,168.000,42,23892.16
MCOU,WA,00310653004,Bydureon P,2017,4,false,1070.000,267,159267.41
FFSU,WA,00310652004,Bydureon 2,2017,3,true,,,
MCOU,WA,00310652004,Bydureon 2,2017,3,false,348.000,87,50688.30
FFSU,WA,00310653004,Bydureon P,2017,3,false,177.200,45,26709.21
MCOU,WA,00310653004,Bydureon P,2017,3,false,1452.000,361,216417.95
MCOU,WA,00310652004,Bydureon 2,2017,2,false,184.000,46,26318.30
FFSU,WA,00310652004,Bydureon 2,2017,2,true,,,
MCOU,WA,00310653004,Bydureon P,2017,2,false,938.000,236,139755.36
FFSU,WA,00310653004,Bydureon P,2017,2,false,129.200,33,19562.49
MCOU,WA,00310652004,Bydureon 2,2017,1,false,276.000,69,40113.46
FFSU,WA,00310652004,Bydureon 2,2017,1,true,,,
MCOU,WA,00310653004,Bydureon P,2017,1,false,1124.000,282,170206.53
FFSU,WA,00310653004,Bydureon P,2017,1,false,82.600,21,12959.82
FFSU,WI,00310652004,Bydureon 2,2017,4,false,372.000,93,61026.98
FFSU,WI,00310653004,Bydureon P,2017,4,false,8204.000,2042,1259658.55
MCOU,WI,00310653004,Bydureon P,2017,4,true,,,
FFSU,WI,00310652004,Bydureon 2,2017,3,false,380.000,93,60382.83
FFSU,WI,00310653004,Bydureon P,2017,3,false,8372.000,2090,1284583.08
MCOU,WI,00310653004,Bydureon P,2017,3,true,,,
FFSU,WI,00310652004,Bydureon 2,2017,2,false,340.000,85,52523.47
MCOU,WI,00310653004,Bydureon P,2017,2,true,,,
FFSU,WI,00310653004,Bydureon P,2017,2,false,7456.000,1862,1147609.00
FFSU,WI,00310652004,Bydureon 2,2017,1,false,296.000,74,48891.73
MCOU,WI,00310653004,Bydureon P,2017,1,true,,,
FFSU,WI,00310653004,BYDUREON P,2017,1,false,6116.000,1529,986148.38
FFSU,WI,66780021904,BYDUREON  ,2017,1,true,,,
FFSU,WV,00310652004,BYDUREON 2,2017,4,false,68.000,17,9730.28
FFSU,WV,00310653004,BYDUREON 2,2017,4,false,1388.000,347,210898.31
FFSU,WV,00310652004,BYDUREON 2,2017,3,false,64.000,16,9706.56
FFSU,WV,00310653004,BYDUREON 2,2017,3,false,1056.000,266,160382.45
FFSU,WV,00310652004,BYDUREON 2,2017,2,true,,,
MCOU,WV,00310652004,BYDUREON 2,2017,2,false,252.000,63,36127.80
FFSU,WV,00310653004,BYDUREON 2,2017,2,false,48.000,12,7314.58
MCOU,WV,00310653004,BYDUREON 2,2017,2,false,2528.000,627,391103.24
MCOU,WV,66780021904,BYDUREON 2,2017,2,true,,,
MCOU,WV,00310652004,BYDUREON 2,2017,1,false,308.000,77,42817.51
FFSU,WV,00310652004,BYDUREON 2,2017,1,false,84.000,21,12677.85
FFSU,WV,00310653004,BYDUREON 2,2017,1,false,296.000,74,44639.32
MCOU,WV,00310653004,BYDUREON 2,2017,1,false,1760.000,440,269740.31
FFSU,WY,00310653004,Bydureon P,2017,4,true,,,
FFSU,WY,00310653004,Bydureon P,2017,3,true,,,
FFSU,WY,00310652004,Bydureon 2,2017,2,true,,,
FFSU,WY,00310653004,Bydureon P,2017,2,true,,,
FFSU,WY,00310652004,Bydureon 2,2017,1,true,,,
FFSU,WY,00310653004,Bydureon P,2017,1,true,,,
MCOU,CA,00024574702,ADLYXIN 20,2017,3,true,,,
MCOU,MD,00024574502,ADLYXIN 10,2017,4,true,,,
MCOU,MD,00024574702,ADLYXIN 20,2017,4,true,,,
FFSU,XX,00024574502,ADLYXIN 10,2017,4,true,,,
MCOU,XX,00024574502,ADLYXIN 10,2017,4,false,120.000,25,11182.35
MCOU,XX,00024574702,ADLYXIN 20,2017,4,false,561.000,95,44815.41
MCOU,XX,00024574502,ADLYXIN 10,2017,3,false,192.000,34,18034.10
MCOU,XX,00024574702,ADLYXIN 20,2017,3,false,286.000,50,12608.52
MCOU,XX,00024574502,ADLYXIN 10,2017,2,true,,,
MCOU,XX,00024574702,ADLYXIN 20,2017,2,true,,,
MCOU,NE,00024574702,ADLYXIN 20,2017,2,true,,,
MCOU,NJ,00024574502,ADLYXIN 10,2017,4,true,,,
MCOU,NJ,00024574702,ADLYXIN 20,2017,4,false,264.000,44,17337.12
MCOU,NJ,00024574502,ADLYXIN 10,2017,3,true,,,
MCOU,NJ,00024574702,ADLYXIN 20,2017,3,false,186.000,31,3335.98
MCOU,NJ,00024574502,ADLYXIN 10,2017,2,true,,,
MCOU,NJ,00024574702,ADLYXIN 20,2017,2,true,,,
MCOU,NM,00024574702,ADLYXIN 20,2017,4,true,,,
MCOU,NM,00024574502,ADLYXIN 10,2017,3,true,,,
MCOU,NM,00024574702,ADLYXIN 20,2017,3,true,,,
MCOU,NV,00024574502,ADLYXIN 10,2017,4,true,,,
MCOU,NV,00024574702,ADLYXIN 20,2017,4,true,,,
MCOU,NV,00024574502,ADLYXIN 10,2017,3,true,,,
MCOU,NV,00024574702,ADLYXIN 20,2017,3,true,,,
MCOU,NY,00024574502,ADLYXIN   ,2017,4,true,,,
MCOU,NY,00024574702,ADLYXIN   ,2017,4,false,72.000,12,6466.48
MCOU,NY,00024574502,ADLYXIN   ,2017,3,true,,,
MCOU,NY,00024574702,ADLYXIN   ,2017,3,true,,,
MCOU,NY,00024574702,ADLYXIN   ,2017,2,true,,,
MCOU,OH,00024574502,ADLYXIN 10,2017,4,true,,,
MCOU,OH,00024574702,ADLYXIN 20,2017,4,false,72.000,12,6674.87
MCOU,OH,00024574502,ADLYXIN 10,2017,3,true,,,
MCOU,OH,00024574702,ADLYXIN 20,2017,3,true,,,
MCOU,PA,00024574502,ADLYXIN 10,2017,4,true,,,
MCOU,PA,00024574702,ADLYXIN 20,2017,4,true,,,
MCOU,PA,00024574502,ADLYXIN 10,2017,3,true,,,
MCOU,RI,00024574502,ADLYXIN 10,2017,3,true,,,
MCOU,WA,00024574502,ADLYXIN 10,2017,4,true,,,
MCOU,WA,00024574702,ADLYXIN 20,2017,4,false,63.000,11,5868.57
MCOU,WA,00024574502,ADLYXIN 10,2017,3,true,,,
MCOU,WA,00024574702,ADLYXIN 20,2017,3,true,,,
FFSU,WI,00024574502,ADLYXIN 10,2017,4,true,,,
FFSU,AK,00173086635,TANZEUM   ,2017,3,true,,,
FFSU,AK,00173086735,TANZEUM   ,2017,2,true,,,
FFSU,AK,00173086635,TANZEUM   ,2017,1,true,,,
FFSU,AK,00173086735,TANZEUM   ,2017,1,true,,,
FFSU,AL,00173086635,TANZEUM (A,2017,4,false,92.000,24,12038.94
FFSU,AL,00173086735,TANZEUM (A,2017,4,false,108.000,27,14104.27
FFSU,AL,00173086635,TANZEUM (A,2017,3,false,164.000,42,21975.37
FFSU,AL,00173086735,TANZEUM (A,2017,3,false,128.000,32,17251.41
FFSU,AL,00173086635,TANZEUM (A,2017,2,false,208.000,52,26657.34
FFSU,AL,00173086735,TANZEUM (A,2017,2,false,144.000,36,18616.62
FFSU,AL,00173086635,TANZEUM (A,2017,1,false,220.000,55,27131.44
FFSU,AL,00173086735,TANZEUM (A,2017,1,false,128.000,32,15866.07
FFSU,AR,00173086635,TANZEUM   ,2017,3,true,,,
FFSU,AR,00173086635,TANZEUM   ,2017,2,true,,,
FFSU,AR,00173086735,TANZEUM   ,2017,2,true,,,
FFSU,AR,00173086735,TANZEUM   ,2017,1,true,,,
MCOU,AZ,00173086635,TANZEUM   ,2017,4,false,176.000,44,22555.99
MCOU,AZ,00173086735,TANZEUM   ,2017,4,false,248.000,62,28263.11
MCOU,AZ,00173086635,TANZEUM   ,2017,3,false,272.000,72,35547.58
MCOU,AZ,00173086735,TANZEUM   ,2017,3,false,296.000,76,34177.59
MCOU,AZ,00173086635,TANZEUM   ,2017,2,false,352.000,98,50537.84
MCOU,AZ,00173086735,TANZEUM   ,2017,2,false,294.000,75,36615.47
MCOU,AZ,00173086635,TANZEUM   ,2017,1,false,496.000,124,59170.02
MCOU,AZ,00173086735,TANZEUM   ,2017,1,false,404.000,104,46935.74
MCOU,CA,00173086601,TANZEUM  A,2017,4,true,,,
FFSU,CA,00173086601,TANZEUM  A,2017,4,true,,,
FFSU,CA,00173086635,TANZEUM  A,2017,4,false,629.000,158,81300.93
MCOU,CA,00173086635,TANZEUM  A,2017,4,false,1828.000,465,239881.27
MCOU,CA,00173086735,TANZEUM  A,2017,4,false,1690.000,414,221554.14
FFSU,CA,00173086735,TANZEUM  A,2017,4,false,727.000,178,93868.44
MCOU,CA,00173086601,TANZEUM  A,2017,3,true,,,
MCOU,CA,00173086635,TANZEUM  A,2017,3,false,1905.000,476,251069.54
FFSU,CA,00173086635,TANZEUM  A,2017,3,false,749.000,189,98782.45
MCOU,CA,00173086735,TANZEUM  A,2017,3,false,1727.000,417,226929.83
FFSU,CA,00173086735,TANZEUM  A,2017,3,false,664.000,169,87710.85
MCOU,CA,00173086601,TANZEUM  A,2017,2,true,,,
MCOU,CA,00173086635,TANZEUM  A,2017,2,false,2194.000,546,287167.93
FFSU,CA,00173086635,TANZEUM  A,2017,2,false,895.000,222,117560.64
MCOU,CA,00173086735,TANZEUM  A,2017,2,false,1837.000,450,240474.88
FFSU,CA,00173086735,TANZEUM  A,2017,2,false,755.000,187,94793.03
MCOU,CA,00173086601,TANZEUM  A,2017,1,true,,,
MCOU,CA,00173086635,TANZEUM  A,2017,1,false,2249.000,558,269727.21
FFSU,CA,00173086635,TANZEUM  A,2017,1,false,600.000,148,72867.52
MCOU,CA,00173086735,TANZEUM  A,2017,1,false,1836.000,455,222488.26
FFSU,CA,00173086735,TANZEUM  A,2017,1,false,640.000,158,75134.17
MCOU,CO,00173086635,TANZEUM   ,2017,4,true,,,
FFSU,CO,00173086635,TANZEUM   ,2017,4,true,,,
FFSU,CO,00173086735,TANZEUM   ,2017,4,true,,,
FFSU,CO,00173086635,TANZEUM   ,2017,3,true,,,
MCOU,CO,00173086635,TANZEUM   ,2017,3,true,,,
MCOU,CO,00173086735,TANZEUM   ,2017,3,true,,,
FFSU,CO,00173086735,TANZEUM   ,2017,3,false,52.000,11,7911.65
FFSU,CO,00173086635,TANZEUM   ,2017,2,true,,,
FFSU,CO,00173086735,TANZEUM   ,2017,2,false,60.000,13,7872.33
MCOU,CO,00173086735,TANZEUM   ,2017,2,true,,,
FFSU,CO,00173086635,TANZEUM   ,2017,1,false,56.000,12,6810.09
FFSU,CO,00173086735,TANZEUM   ,2017,1,false,72.000,16,8749.78
MCOU,CO,00173086735,TANZEUM   ,2017,1,true,,,
FFSU,CT,00173086635,TANZEUM (A,2017,4,false,120.000,24,15345.00
FFSU,CT,00173086735,TANZEUM (A,2017,4,false,284.000,58,36093.92
FFSU,CT,00173086635,TANZEUM (A,2017,3,false,204.000,41,25771.93
FFSU,CT,00173086735,TANZEUM (A,2017,3,false,380.000,82,48377.98
FFSU,CT,00173086635,TANZEUM (A,2017,2,false,265.000,57,33419.74
FFSU,CT,00173086735,TANZEUM (A,2017,2,false,456.000,92,57531.56
FFSU,CT,00173086635,TANZEUM (A,2017,1,false,322.000,63,38719.35
FFSU,CT,00173086735,TANZEUM (A,2017,1,false,484.000,101,58202.49
MCOU,DC,00173086635,TANZEUM 30,2017,4,false,89.000,26,10963.39
MCOU,DC,00173086735,TANZEUM 50,2017,4,false,84.000,21,10683.00
FFSU,DC,00173086735,TANZEUM 50,2017,4,true,,,
MCOU,DC,00173086635,TANZEUM 30,2017,3,false,72.000,20,9482.41
MCOU,DC,00173086701,TANZEUM 50,2017,3,true,,,
MCOU,DC,00173086735,TANZEUM 50,2017,3,true,,,
FFSU,DC,00173086735,TANZEUM 50,2017,3,true,,,
MCOU,DC,00173086635,TANZEUM 30,2017,2,false,139.000,36,18270.97
MCOU,DC,00173086701,TANZEUM 50,2017,2,true,,,
FFSU,DC,00173086735,TANZEUM 50,2017,2,true,,,
MCOU,DC,00173086735,TANZEUM 50,2017,2,true,,,
MCOU,DC,00173086635,TANZEUM 30,2017,1,false,68.000,17,8195.70
FFSU,DC,00173086735,TANZEUM 50,2017,1,true,,,
MCOU,DC,00173086735,TANZEUM 50,2017,1,true,,,
MCOU,DE,00173086602,TANZEUM   ,2017,4,true,,,
MCOU,DE,00173086635,TANZEUM (A,2017,4,false,500.000,126,57704.63
MCOU,DE,00173086735,TANZEUM (A,2017,4,false,468.000,118,52720.47
MCOU,DE,00173086635,TANZEUM (A,2017,3,false,608.000,152,80439.81
MCOU,DE,00173086735,TANZEUM (A,2017,3,false,518.000,130,67884.00
FFSU,DE,00173086635,TANZEUM (A,2017,2,true,,,
MCOU,DE,00173086635,TANZEUM (A,2017,2,false,536.000,134,70937.61
MCOU,DE,00173086735,TANZEUM (A,2017,2,false,538.000,135,70847.18
FFSU,DE,00173086735,TANZEUM (A,2017,2,true,,,
MCOU,DE,00173086601,TANZEUM (A,2017,1,true,,,
MCOU,DE,00173086635,TANZEUM (A,2017,1,false,496.000,122,60433.19
MCOU,DE,00173086735,TANZEUM (A,2017,1,false,456.000,114,55284.50
FFSU,DE,00173086735,TANZEUM (A,2017,1,true,,,
MCOU,FL,00173086635,TANZEUM   ,2017,4,false,60.000,15,7548.64
MCOU,FL,00173086735,TANZEUM   ,2017,4,true,,,
MCOU,FL,00173086635,TANZEUM   ,2017,3,false,56.000,14,7108.46
MCOU,FL,00173086735,TANZEUM   ,2017,3,true,,,
MCOU,FL,00173086635,TANZEUM   ,2017,2,false,100.000,25,12424.97
MCOU,FL,00173086735,TANZEUM   ,2017,2,false,56.000,14,7107.42
MCOU,FL,00173086635,TANZEUM   ,2017,1,false,90.000,23,10550.86
MCOU,FL,00173086735,TANZEUM   ,2017,1,false,61.000,16,7108.02
MCOU,GA,00173086635,TANZEUM (A,2017,4,false,76.000,19,9986.17
FFSU,GA,00173086635,TANZEUM   ,2017,4,false,220.000,55,28079.15
FFSU,GA,00173086735,TANZEUM   ,2017,4,false,172.000,43,20863.13
MCOU,GA,00173086735,TANZEUM (A,2017,4,false,72.000,18,9458.45
MCOU,GA,00173086635,TANZEUM   ,2017,3,false,100.000,25,13133.26
FFSU,GA,00173086635,TANZEUM   ,2017,3,false,258.000,66,32576.18
FFSU,GA,00173086735,TANZEUM   ,2017,3,false,196.000,49,24880.35
MCOU,GA,00173086735,TANZEUM   ,2017,3,false,52.000,13,6860.54
MCOU,GA,00173086635,TANZEUM   ,2017,2,false,168.000,42,21656.50
FFSU,GA,00173086635,TANZEUM   ,2017,2,false,355.000,90,44893.56
MCOU,GA,00173086735,TANZEUM   ,2017,2,false,76.000,19,9819.37
FFSU,GA,00173086735,TANZEUM (A,2017,2,false,184.000,46,23345.44
FFSU,GA,00173086635,TANZEUM   ,2017,1,false,378.000,95,45024.06
MCOU,GA,00173086635,TANZEUM (A,2017,1,false,152.000,38,18339.22
MCOU,GA,00173086735,TANZEUM (A,2017,1,false,72.000,18,8718.16
FFSU,GA,00173086735,TANZEUM (A,2017,1,false,196.000,49,23536.57
MCOU,HI,00173086635,TANZEUM 30,2017,4,true,,,
MCOU,HI,00173086735,TANZEUM 50,2017,4,true,,,
MCOU,HI,00173086635,TANZEUM 30,2017,3,true,,,
MCOU,HI,00173086735,TANZEUM 50,2017,3,false,56.000,15,8086.64
MCOU,HI,00173086635,TANZEUM 30,2017,2,false,136.000,34,18339.08
MCOU,HI,00173086735,TANZEUM 50,2017,2,false,194.000,49,26108.81
MCOU,HI,00173086601,TANZEUM 30,2017,1,true,,,
MCOU,HI,00173086635,TANZEUM 30,2017,1,false,524.000,131,60975.91
MCOU,HI,00173086735,TANZEUM 50,2017,1,false,745.000,190,90471.29
MCOU,IA,00173086635,TANZEUM (A,2017,4,false,938.000,236,109888.11
FFSU,IA,00173086635,TANZEUM (A,2017,4,true,,,
MCOU,IA,00173086735,TANZEUM (A,2017,4,false,756.000,191,86485.74
FFSU,IA,00173086635,TANZEUM (A,2017,3,true,,,
MCOU,IA,00173086635,TANZEUM (A,2017,3,false,2066.000,519,310147.14
MCOU,IA,00173086735,TANZEUM (A,2017,3,false,1694.000,424,276132.73
FFSU,IA,00173086735,TANZEUM (A,2017,3,true,,,
FFSU,IA,00173086635,TANZEUM (A,2017,2,true,,,
MCOU,IA,00173086635,TANZEUM (A,2017,2,false,1812.000,453,310693.81
MCOU,IA,00173086735,TANZEUM (A,2017,2,false,1424.000,356,263147.03
FFSU,IA,00173086735,TANZEUM (A,2017,2,true,,,
MCOU,IA,00173086635,TANZEUM (A,2017,1,false,1144.000,287,200402.46
FFSU,IA,00173086635,TANZEUM (A,2017,1,true,,,
MCOU,IA,00173086701,TANZEUM (A,2017,1,true,,,
MCOU,IA,00173086735,TANZEUM (A,2017,1,false,895.000,226,167531.76
FFSU,ID,00173086635,TANZEUM   ,2017,4,false,240.000,60,30932.83
FFSU,ID,00173086735,TANZEUM   ,2017,4,false,192.000,48,24686.52
FFSU,ID,00173086635,TANZEUM   ,2017,3,false,312.000,78,40624.77
FFSU,ID,00173086735,TANZEUM   ,2017,3,false,180.000,45,23412.41
FFSU,ID,00173086635,TANZEUM   ,2017,2,false,304.000,76,39042.85
FFSU,ID,00173086735,TANZEUM   ,2017,2,false,200.000,50,25931.30
FFSU,ID,00173086635,TANZEUM   ,2017,1,false,276.000,69,33074.06
FFSU,ID,00173086735,TANZEUM   ,2017,1,false,204.000,51,24357.71
MCOU,IL,00173086635,TANZEUM (A,2017,4,false,1216.000,307,170161.36
FFSU,IL,00173086635,TANZEUM (A,2017,4,true,,,
MCOU,IL,00173086701,TANZEUM (A,2017,4,true,,,
MCOU,IL,00173086735,TANZEUM (A,2017,4,false,1629.000,410,219239.24
FFSU,IL,00173086635,TANZEUM (A,2017,3,true,,,
MCOU,IL,00173086635,TANZEUM (A,2017,3,false,1306.000,329,176807.26
FFSU,IL,00173086735,TANZEUM (A,2017,3,true,,,
MCOU,IL,00173086735,TANZEUM (A,2017,3,false,1564.000,391,212563.94
MCOU,IL,00173086635,TANZEUM (A,2017,2,false,1246.000,314,173605.04
FFSU,IL,00173086635,TANZEUM (A,2017,2,true,,,
MCOU,IL,00173086701,TANZEUM (A,2017,2,true,,,
FFSU,IL,00173086735,TANZEUM (A,2017,2,true,,,
MCOU,IL,00173086735,TANZEUM (A,2017,2,false,1374.000,345,183578.78
FFSU,IL,00173086635,TANZEUM (A,2017,1,true,,,
MCOU,IL,00173086635,TANZEUM (A,2017,1,false,1516.000,382,166878.87
FFSU,IL,00173086735,TANZEUM (A,2017,1,true,,,
MCOU,IL,00173086735,TANZEUM (A,2017,1,false,1510.000,378,165068.13
MCOU,IN,00173086635,TANZEUM (A,2017,4,false,2022.000,493,264023.83
FFSU,IN,00173086635,TANZEUM (A,2017,4,false,112.000,26,14353.68
MCOU,IN,00173086735,TANZEUM (A,2017,4,false,2266.000,540,294548.43
FFSU,IN,00173086735,TANZEUM (A,2017,4,false,110.000,22,13985.75
FFSU,IN,00173086635,TANZEUM (A,2017,3,false,148.000,37,18778.36
MCOU,IN,00173086635,TANZEUM (A,2017,3,false,2252.000,547,296915.91
FFSU,IN,00173086735,TANZEUM (A,2017,3,false,108.000,23,13746.15
MCOU,IN,00173086735,TANZEUM (A,2017,3,false,2582.000,616,338531.93
MCOU,IN,00173086635,TANZEUM (A,2017,2,false,2308.000,561,302823.61
FFSU,IN,00173086635,TANZEUM (A,2017,2,false,140.000,33,17667.48
MCOU,IN,00173086701,TANZEUM (A,2017,2,true,,,
MCOU,IN,00173086735,TANZEUM (A,2017,2,false,2538.000,618,331807.74
FFSU,IN,00173086735,TANZEUM (A,2017,2,false,110.000,24,14021.43
MCOU,IN,00173086635,TANZEUM (A,2017,1,false,2283.000,561,274516.80
FFSU,IN,00173086635,TANZEUM (A,2017,1,false,128.000,28,15556.88
FFSU,IN,00173086735,TANZEUM (A,2017,1,false,104.000,22,12637.04
MCOU,IN,00173086735,TANZEUM (A,2017,1,false,2486.000,601,298126.06
MCOU,KS,00173086735,TANZEUM (A,2017,4,true,,,
MCOU,KS,00173086735,TANZEUM (A,2017,3,true,,,
MCOU,KS,00173086635,TANZEUM (A,2017,2,false,72.000,18,8108.89
MCOU,KS,00173086735,TANZEUM (A,2017,2,true,,,
MCOU,KS,00173086635,TANZEUM (A,2017,1,true,,,
MCOU,KS,00173086735,TANZEUM (A,2017,1,true,,,
MCOU,KY,00173086635,TANZEUM   ,2017,4,false,894.000,225,118555.78
MCOU,KY,00173086701,TANZEUM   ,2017,4,true,,,
MCOU,KY,00173086735,TANZEUM   ,2017,4,false,662.000,167,86855.26
MCOU,KY,00173086635,TANZEUM   ,2017,3,false,926.000,232,122336.03
MCOU,KY,00173086701,TANZEUM   ,2017,3,true,,,
MCOU,KY,00173086735,TANZEUM   ,2017,3,false,776.000,194,103178.84
MCOU,KY,00173086635,TANZEUM   ,2017,2,false,940.000,235,123374.39
MCOU,KY,00173086701,TANZEUM   ,2017,2,true,,,
MCOU,KY,00173086735,TANZEUM   ,2017,2,false,842.000,211,110896.13
MCOU,KY,00173086635,TANZEUM   ,2017,1,false,899.000,229,108243.27
MCOU,KY,00173086701,TANZEUM   ,2017,1,true,,,
MCOU,KY,00173086735,TANZEUM   ,2017,1,false,756.000,190,91041.82
FFSU,LA,00173086635,TANZEUM   ,2017,4,true,,,
MCOU,LA,00173086635,TANZEUM   ,2017,4,false,1057.000,265,136910.05
MCOU,LA,00173086735,TANZEUM   ,2017,4,false,797.000,201,103845.96
FFSU,LA,00173086635,TANZEUM   ,2017,3,true,,,
MCOU,LA,00173086635,TANZEUM   ,2017,3,false,1139.000,286,147197.10
MCOU,LA,00173086735,TANZEUM   ,2017,3,false,899.000,229,116761.83
MCOU,LA,00173086635,TANZEUM   ,2017,2,false,1256.000,314,162589.44
FFSU,LA,00173086635,TANZEUM   ,2017,2,true,,,
MCOU,LA,00173086735,TANZEUM   ,2017,2,false,994.000,250,129120.16
FFSU,LA,00173086735,TANZEUM   ,2017,2,true,,,
FFSU,LA,00173086635,TANZEUM   ,2017,1,true,,,
MCOU,LA,00173086635,TANZEUM   ,2017,1,false,950.000,239,114312.97
MCOU,LA,00173086735,TANZEUM   ,2017,1,false,628.000,158,75699.19
MCOU,MA,00173086635,TANZEUM 30,2017,4,false,148.000,36,19640.62
FFSU,MA,00173086635,TANZEUM 30,2017,4,false,56.000,14,7180.88
MCOU,MA,00173086735,TANZEUM 50,2017,4,false,112.000,26,14816.99
FFSU,MA,00173086735,TANZEUM 50,2017,4,false,104.000,24,13245.41
FFSU,MA,00173086635,TANZEUM 30,2017,3,false,56.000,14,7077.85
MCOU,MA,00173086635,TANZEUM 30,2017,3,false,166.000,37,21957.66
MCOU,MA,00173086735,TANZEUM 50,2017,3,false,206.000,52,27257.99
FFSU,MA,00173086735,TANZEUM 50,2017,3,false,100.000,25,12682.25
MCOU,MA,00173086635,TANZEUM 30,2017,2,false,214.000,51,28133.10
FFSU,MA,00173086635,TANZEUM 30,2017,2,false,80.000,20,10159.69
FFSU,MA,00173086735,TANZEUM 50,2017,2,false,152.000,36,16687.96
MCOU,MA,00173086735,TANZEUM 50,2017,2,false,232.000,58,30857.15
FFSU,MA,00173086635,TANZEUM 30,2017,1,false,60.000,15,7343.72
MCOU,MA,00173086635,TANZEUM 30,2017,1,false,200.000,48,24415.04
MCOU,MA,00173086735,TANZEUM 50,2017,1,false,240.000,60,29184.80
FFSU,MA,00173086735,TANZEUM 50,2017,1,false,156.000,37,16669.42
MCOU,MD,00173086601,TANZEUM 30,2017,4,true,,,
MCOU,MD,00173086635,TANZEUM 30,2017,4,false,1822.000,459,241097.12
MCOU,MD,00173086735,TANZEUM 50,2017,4,false,2001.000,507,259373.61
MCOU,MD,00173086601,TANZEUM 30,2017,3,true,,,
MCOU,MD,00173086635,TANZEUM 30,2017,3,false,1881.000,482,249661.50
FFSU,MD,00173086635,TANZEUM 30,2017,3,true,,,
FFSU,MD,00173086735,TANZEUM 50,2017,3,true,,,
MCOU,MD,00173086735,TANZEUM 50,2017,3,false,1892.000,475,244695.41
MCOU,MD,00173086601,TANZEUM 30,2017,2,true,,,
MCOU,MD,00173086635,TANZEUM 30,2017,2,false,1999.000,503,265057.61
MCOU,MD,00173086701,TANZEUM 50,2017,2,true,,,
FFSU,MD,00173086735,TANZEUM 50,2017,2,true,,,
MCOU,MD,00173086735,TANZEUM 50,2017,2,false,1787.000,440,231862.17
MCOU,MD,00173086601,TANZEUM 30,2017,1,true,,,
MCOU,MD,00173086635,TANZEUM 30,2017,1,false,1933.000,497,239347.67
FFSU,MD,00173086635,TANZEUM 30,2017,1,true,,,
MCOU,MD,00173086701,TANZEUM 50,2017,1,true,,,
MCOU,MD,00173086735,TANZEUM 50,2017,1,false,1579.000,399,187790.45
FFSU,ME,00173086635,TANZEUM   ,2017,4,false,112.000,28,14345.12
FFSU,ME,00173086735,TANZEUM   ,2017,4,false,212.000,53,27065.24
FFSU,ME,00173086635,TANZEUM   ,2017,3,false,136.000,34,17656.55
FFSU,ME,00173086735,TANZEUM   ,2017,3,false,232.000,58,30108.56
FFSU,ME,00173086635,TANZEUM   ,2017,2,false,188.000,47,23403.08
FFSU,ME,00173086735,TANZEUM   ,2017,2,false,276.000,69,34716.24
FFSU,ME,00173086635,TANZEUM   ,2017,1,false,232.000,58,27771.46
FFSU,ME,00173086735,TANZEUM   ,2017,1,false,284.000,71,33995.27
MCOU,MI,00173086601,TANZEUM   ,2017,4,true,,,
MCOU,MI,00173086635,TANZEUM   ,2017,4,false,3277.000,826,429601.71
FFSU,MI,00173086635,TANZEUM   ,2017,4,false,68.000,17,8693.45
MCOU,MI,00173086701,TANZEUM   ,2017,4,true,,,
FFSU,MI,00173086735,TANZEUM   ,2017,4,false,108.000,23,13702.56
MCOU,MI,00173086735,TANZEUM   ,2017,4,false,3750.000,940,492946.70
MCOU,MI,00173086601,TANZEUM   ,2017,3,true,,,
FFSU,MI,00173086635,TANZEUM   ,2017,3,false,150.000,50,24356.41
MCOU,MI,00173086635,TANZEUM   ,2017,3,false,3387.000,854,445775.02
MCOU,MI,00173086701,TANZEUM   ,2017,3,true,,,
FFSU,MI,00173086735,TANZEUM   ,2017,3,false,224.000,50,29498.41
MCOU,MI,00173086735,TANZEUM   ,2017,3,false,3712.000,930,487693.78
MCOU,MI,00173086601,TANZEUM   ,2017,2,true,,,
MCOU,MI,00173086602,TANZEUM   ,2017,2,true,,,
FFSU,MI,00173086635,TANZEUM   ,2017,2,false,240.000,57,30510.33
MCOU,MI,00173086635,TANZEUM   ,2017,2,false,3152.000,795,415777.77
MCOU,MI,00173086701,TANZEUM   ,2017,2,true,,,
FFSU,MI,00173086735,TANZEUM   ,2017,2,false,180.000,41,23285.06
MCOU,MI,00173086735,TANZEUM   ,2017,2,false,3280.000,830,433284.14
MCOU,MI,00173086601,TANZEUM   ,2017,1,true,,,
FFSU,MI,00173086635,TANZEUM   ,2017,1,false,264.000,62,32044.42
MCOU,MI,00173086635,TANZEUM   ,2017,1,false,2875.000,724,347643.88
MCOU,MI,00173086701,TANZEUM   ,2017,1,true,,,
FFSU,MI,00173086735,TANZEUM   ,2017,1,false,198.000,41,22762.90
MCOU,MI,00173086735,TANZEUM   ,2017,1,false,2740.000,688,330483.21
MCOU,MN,00173086635,TANZEUM   ,2017,4,false,57.000,11,7459.26
MCOU,MN,00173086735,TANZEUM   ,2017,4,true,,,
FFSU,MN,00173086735,TANZEUM   ,2017,4,true,,,
MCOU,MN,00173086635,TANZEUM   ,2017,3,false,76.000,17,9469.22
MCOU,MN,00173086735,TANZEUM   ,2017,3,false,56.000,14,7438.12
MCOU,MN,00173086635,TANZEUM   ,2017,2,false,64.000,14,7318.37
MCOU,MN,00173086735,TANZEUM   ,2017,2,true,,,
MCOU,MN,00173086635,TANZEUM   ,2017,1,false,56.000,12,6864.94
MCOU,MN,00173086735,TANZEUM   ,2017,1,true,,,
FFSU,MO,00173086635,TANZEUM   ,2017,4,true,,,
FFSU,MO,00173086735,TANZEUM   ,2017,4,false,60.000,15,7803.00
FFSU,MO,00173086635,TANZEUM   ,2017,3,true,,,
FFSU,MO,00173086735,TANZEUM   ,2017,3,false,100.000,25,12441.90
FFSU,MO,00173086635,TANZEUM   ,2017,2,true,,,
FFSU,MO,00173086735,TANZEUM   ,2017,2,false,120.000,30,15689.52
FFSU,MO,00173086635,TANZEUM   ,2017,1,false,48.000,12,6437.52
FFSU,MO,00173086735,TANZEUM   ,2017,1,false,128.000,32,17108.83
MCOU,MS,00173086635,TANZEUM 30,2017,4,false,200.000,50,25559.50
MCOU,MS,00173086735,TANZEUM 50,2017,4,false,276.000,71,35101.68
FFSU,MS,00173086735,TANZEUM 50,2017,4,true,,,
FFSU,MS,00173086635,TANZEUM 30,2017,3,true,,,
MCOU,MS,00173086635,TANZEUM 30,2017,3,false,220.000,55,27819.95
FFSU,MS,00173086735,TANZEUM 50,2017,3,true,,,
MCOU,MS,00173086735,TANZEUM 50,2017,3,false,344.000,88,43745.84
MCOU,MS,00173086635,TANZEUM 30,2017,2,false,296.000,74,37795.59
FFSU,MS,00173086635,TANZEUM 30,2017,2,true,,,
FFSU,MS,00173086735,TANZEUM 50,2017,2,false,48.000,12,6138.30
MCOU,MS,00173086735,TANZEUM 50,2017,2,false,488.000,124,62612.53
FFSU,MS,00173086635,TANZEUM 30,2017,1,true,,,
MCOU,MS,00173086635,TANZEUM 30,2017,1,false,380.000,95,48409.80
MCOU,MS,00173086735,TANZEUM 50,2017,1,false,662.000,166,84344.37
FFSU,MS,00173086735,TANZEUM 50,2017,1,true,,,
FFSU,MT,00173086635,TANZEUM 30,2017,4,false,104.000,26,13479.83
FFSU,MT,00173086735,TANZEUM 50,2017,4,false,116.000,29,14805.52
FFSU,MT,00173086635,TANZEUM 30,2017,3,false,156.000,39,20209.94
FFSU,MT,00173086735,TANZEUM 50,2017,3,false,176.000,44,22603.26
FFSU,MT,00173086635,TANZEUM 30,2017,2,false,196.000,50,24658.31
FFSU,MT,00173086735,TANZEUM 50,2017,2,false,220.000,55,27608.40
FFSU,MT,00173086635,TANZEUM 30,2017,1,false,188.000,47,22465.57
FFSU,MT,00173086735,TANZEUM 50,2017,1,false,184.000,46,21794.36
FFSU,XX,00173086601,TANZEUM (A,2017,4,true,,,
MCOU,XX,00173086601,TANZEUM (A,2017,4,false,128.000,33,16562.03
MCOU,XX,00173086602,TANZEUM (A,2017,4,true,,,
FFSU,XX,00173086635,TANZEUM (A,2017,4,false,4249.000,1041,540047.28
MCOU,XX,00173086635,TANZEUM (A,2017,4,false,29171.000,7320,3788522.68
FFSU,XX,00173086701,TANZEUM (A,2017,4,true,,,
MCOU,XX,00173086701,TANZEUM (A,2017,4,false,116.000,29,14917.36
FFSU,XX,00173086735,TANZEUM (A,2017,4,false,4894.000,1179,618399.34
MCOU,XX,00173086735,TANZEUM (A,2017,4,false,28977.000,7243,3745059.86
MCOU,XX,00173086601,TANZEUM (A,2017,3,false,94.000,27,12484.95
FFSU,XX,00173086635,TANZEUM (A,2017,3,false,5508.000,1379,702345.92
MCOU,XX,00173086635,TANZEUM (A,2017,3,false,33600.000,8443,4431432.38
MCOU,XX,00173086701,TANZEUM (A,2017,3,false,128.000,32,16572.35
FFSU,XX,00173086735,TANZEUM (A,2017,3,false,5865.000,1427,749814.29
MCOU,XX,00173086735,TANZEUM (A,2017,3,false,31635.000,7900,4180556.49
FFSU,XX,00173086601,TANZEUM (A,2017,2,true,,,
MCOU,XX,00173086601,TANZEUM (A,2017,2,false,86.000,24,10967.70
MCOU,XX,00173086602,TANZEUM (A,2017,2,true,,,
FFSU,XX,00173086635,TANZEUM (A,2017,2,false,7419.000,1828,944128.61
MCOU,XX,00173086635,TANZEUM (A,2017,2,false,36157.000,9057,4784302.73
MCOU,XX,00173086701,TANZEUM (A,2017,2,false,156.000,39,19714.76
FFSU,XX,00173086735,TANZEUM (A,2017,2,false,7600.000,1833,957766.18
MCOU,XX,00173086735,TANZEUM (A,2017,2,false,32259.000,8060,4272850.14
MCOU,XX,00173086601,TANZEUM (A,2017,1,false,97.000,30,10639.34
FFSU,XX,00173086635,TANZEUM (A,2017,1,false,7747.000,1875,926127.17
MCOU,XX,00173086635,TANZEUM (A,2017,1,false,32516.000,8162,3949720.04
MCOU,XX,00173086701,TANZEUM (A,2017,1,false,120.000,30,12870.72
FFSU,XX,00173086735,TANZEUM (A,2017,1,false,7569.000,1835,902128.80
MCOU,XX,00173086735,TANZEUM (A,2017,1,false,28713.000,7182,3490773.10
FFSU,NC,00173086635,TANZEUM   ,2017,4,false,1706.000,427,214153.11
FFSU,NC,00173086735,TANZEUM   ,2017,4,false,1985.000,495,246981.49
FFSU,NC,00173086635,TANZEUM   ,2017,3,false,2267.000,570,282022.08
FFSU,NC,00173086735,TANZEUM   ,2017,3,false,2475.000,620,308254.65
FFSU,NC,00173086635,TANZEUM   ,2017,2,false,1983.000,495,245717.50
FFSU,NC,00173086735,TANZEUM   ,2017,2,false,2255.000,565,279780.85
FFSU,NC,00173086635,TANZEUM   ,2017,1,false,2446.000,606,283439.16
FFSU,NC,00173086735,TANZEUM   ,2017,1,false,2363.000,597,274490.67
MCOU,ND,00173086635,TANZEUM 30,2017,4,true,,,
FFSU,ND,00173086635,TANZEUM 30,2017,4,true,,,
FFSU,ND,00173086735,TANZEUM 50,2017,4,true,,,
MCOU,ND,00173086735,TANZEUM 50,2017,4,true,,,
MCOU,ND,00173086635,TANZEUM 30,2017,3,true,,,
FFSU,ND,00173086635,TANZEUM 30,2017,3,true,,,
MCOU,ND,00173086735,TANZEUM 50,2017,3,true,,,
MCOU,ND,00173086735,TANZEUM 50,2017,2,true,,,
MCOU,ND,00173086735,TANZEUM 50,2017,1,true,,,
MCOU,NE,00173086635,TANZEUM (A,2017,4,true,,,
MCOU,NE,00173086735,TANZEUM (A,2017,4,true,,,
MCOU,NE,00173086635,TANZEUM (A,2017,3,true,,,
MCOU,NE,00173086735,TANZEUM (A,2017,3,true,,,
MCOU,NE,00173086635,TANZEUM (A,2017,2,true,,,
FFSU,NE,00173086735,TANZEUM (A,2017,2,true,,,
MCOU,NE,00173086735,TANZEUM (A,2017,2,true,,,
MCOU,NE,00173086635,TANZEUM (A,2017,1,false,44.000,11,5299.26
MCOU,NE,00173086735,TANZEUM (A,2017,1,false,60.000,15,7255.51
FFSU,NE,00173086735,TANZEUM (A,2017,1,true,,,
MCOU,NH,00173086635,TANZEUM   ,2017,4,true,,,
MCOU,NH,00173086735,TANZEUM   ,2017,4,true,,,
MCOU,NH,00173086735,TANZEUM   ,2017,3,true,,,
MCOU,NH,00173086635,TANZEUM   ,2017,2,true,,,
MCOU,NH,00173086635,TANZEUM   ,2017,1,true,,,
MCOU,NJ,00173086601,TANZEUM (A,2017,4,true,,,
MCOU,NJ,00173086635,TANZEUM (A,2017,4,false,1356.000,341,172543.20
MCOU,NJ,00173086735,TANZEUM (A,2017,4,false,1340.000,338,171662.96
FFSU,NJ,00173086735,TANZEUM (A,2017,4,true,,,
MCOU,NJ,00173086601,TANZEUM (A,2017,3,true,,,
FFSU,NJ,00173086635,TANZEUM (A,2017,3,true,,,
MCOU,NJ,00173086635,TANZEUM (A,2017,3,false,1515.000,382,195323.72
MCOU,NJ,00173086735,TANZEUM (A,2017,3,false,1516.000,380,196597.32
FFSU,NJ,00173086735,TANZEUM (A,2017,3,true,,,
MCOU,NJ,00173086601,TANZEUM (A,2017,2,true,,,
FFSU,NJ,00173086635,TANZEUM (A,2017,2,true,,,
MCOU,NJ,00173086635,TANZEUM (A,2017,2,false,1715.000,432,220192.81
MCOU,NJ,00173086701,TANZEUM (A,2017,2,true,,,
FFSU,NJ,00173086735,TANZEUM (A,2017,2,true,,,
MCOU,NJ,00173086735,TANZEUM (A,2017,2,false,1658.000,414,216251.61
MCOU,NJ,00173086601,TANZEUM (A,2017,1,true,,,
MCOU,NJ,00173086635,TANZEUM (A,2017,1,false,1593.000,398,185883.33
FFSU,NJ,00173086635,TANZEUM (A,2017,1,true,,,
MCOU,NJ,00173086701,TANZEUM (A,2017,1,true,,,
FFSU,NJ,00173086735,TANZEUM (A,2017,1,true,,,
MCOU,NJ,00173086735,TANZEUM (A,2017,1,false,1574.000,392,188918.70
MCOU,NM,00173086635,TANZEUM 30,2017,4,false,140.000,35,19489.22
FFSU,NM,00173086635,TANZEUM 30,2017,4,true,,,
MCOU,NM,00173086735,TANZEUM 50,2017,4,false,126.000,33,17642.87
FFSU,NM,00173086635,TANZEUM 30,2017,3,true,,,
MCOU,NM,00173086635,TANZEUM 30,2017,3,false,148.000,37,20608.85
MCOU,NM,00173086735,TANZEUM 50,2017,3,false,171.000,43,24002.23
MCOU,NM,00173086635,TANZEUM 30,2017,2,false,164.000,41,22944.76
MCOU,NM,00173086701,TANZEUM 50,2017,2,true,,,
MCOU,NM,00173086735,TANZEUM 50,2017,2,false,197.000,46,27629.78
MCOU,NM,00173086635,TANZEUM 30,2017,1,false,180.000,45,22858.64
MCOU,NM,00173086701,TANZEUM 50,2017,1,true,,,
FFSU,NM,00173086735,TANZEUM 50,2017,1,true,,,
MCOU,NM,00173086735,TANZEUM 50,2017,1,false,172.000,41,21978.18
MCOU,NV,00173086635,TANZEUM (A,2017,4,false,868.000,217,115103.90
FFSU,NV,00173086635,TANZEUM (A,2017,4,false,108.000,13,13710.51
MCOU,NV,00173086735,TANZEUM (A,2017,4,false,897.000,228,118639.85
FFSU,NV,00173086735,TANZEUM (A,2017,4,true,,,
FFSU,NV,00173086635,TANZEUM (A,2017,3,false,112.000,17,14194.99
MCOU,NV,00173086635,TANZEUM (A,2017,3,false,1189.000,299,158374.41
MCOU,NV,00173086735,TANZEUM (A,2017,3,false,950.000,240,126420.36
FFSU,NV,00173086735,TANZEUM (A,2017,3,true,,,
FFSU,NV,00173086635,TANZEUM (A,2017,2,false,124.000,14,15679.54
MCOU,NV,00173086635,TANZEUM (A,2017,2,false,1092.000,272,145090.47
MCOU,NV,00173086735,TANZEUM (A,2017,2,false,1020.000,261,135294.80
FFSU,NV,00173086735,TANZEUM (A,2017,2,false,132.000,15,16498.78
MCOU,NV,00173086635,TANZEUM (A,2017,1,false,1041.000,263,126707.14
FFSU,NV,00173086635,TANZEUM (A,2017,1,false,188.000,28,22058.35
MCOU,NV,00173086735,TANZEUM (A,2017,1,false,970.000,247,118064.51
FFSU,NV,00173086735,TANZEUM (A,2017,1,false,116.000,17,13667.17
MCOU,NY,00173086601,TANZEUM   ,2017,4,false,92.000,23,11873.96
FFSU,NY,00173086635,TANZEUM   ,2017,4,false,221.000,52,28907.58
MCOU,NY,00173086635,TANZEUM   ,2017,4,false,8776.000,2203,1132486.89
MCOU,NY,00173086701,TANZEUM   ,2017,4,false,68.000,17,8738.20
FFSU,NY,00173086701,TANZEUM   ,2017,4,true,,,
MCOU,NY,00173086735,TANZEUM   ,2017,4,false,7824.000,1959,1008705.79
FFSU,NY,00173086735,TANZEUM   ,2017,4,false,220.000,54,28266.18
MCOU,NY,00173086601,TANZEUM   ,2017,3,false,44.000,11,5729.12
MCOU,NY,00173086635,TANZEUM   ,2017,3,false,9894.000,2490,1276475.08
FFSU,NY,00173086635,TANZEUM   ,2017,3,false,274.000,73,35628.75
MCOU,NY,00173086701,TANZEUM   ,2017,3,false,60.000,15,7760.07
FFSU,NY,00173086735,TANZEUM   ,2017,3,false,268.000,63,34984.22
MCOU,NY,00173086735,TANZEUM   ,2017,3,false,8398.000,2107,1085685.39
MCOU,NY,00173086601,TANZEUM   ,2017,2,false,44.000,11,5543.90
FFSU,NY,00173086635,TANZEUM   ,2017,2,false,470.000,119,59792.91
MCOU,NY,00173086635,TANZEUM   ,2017,2,false,10728.000,2692,1377434.80
MCOU,NY,00173086701,TANZEUM   ,2017,2,false,64.000,16,8244.08
MCOU,NY,00173086735,TANZEUM   ,2017,2,false,8528.000,2133,1100329.11
FFSU,NY,00173086735,TANZEUM   ,2017,2,false,432.000,100,53522.16
MCOU,NY,00173086601,TANZEUM   ,2017,1,true,,,
FFSU,NY,00173086635,TANZEUM   ,2017,1,false,434.000,104,50756.36
MCOU,NY,00173086635,TANZEUM   ,2017,1,false,9710.000,2439,1151290.23
MCOU,NY,00173086701,TANZEUM   ,2017,1,false,44.000,11,5202.35
FFSU,NY,00173086735,TANZEUM   ,2017,1,false,416.000,96,49861.41
MCOU,NY,00173086735,TANZEUM   ,2017,1,false,7479.000,1873,887903.05
FFSU,OH,00173086635,TANZEUM (A,2017,4,true,,,
MCOU,OH,00173086635,TANZEUM (A,2017,4,false,1096.000,274,142802.85
MCOU,OH,00173086701,TANZEUM (A,2017,4,true,,,
FFSU,OH,00173086735,TANZEUM (A,2017,4,true,,,
MCOU,OH,00173086735,TANZEUM (A,2017,4,false,1154.000,291,150409.57
MCOU,OH,00173086601,TANZEUM (A,2017,3,true,,,
FFSU,OH,00173086635,TANZEUM (A,2017,3,true,,,
MCOU,OH,00173086635,TANZEUM (A,2017,3,false,1429.000,358,186943.07
MCOU,OH,00173086701,TANZEUM (A,2017,3,true,,,
MCOU,OH,00173086735,TANZEUM (A,2017,3,false,1204.000,303,157428.57
FFSU,OH,00173086735,TANZEUM (A,2017,3,true,,,
MCOU,OH,00173086601,TANZEUM (A,2017,2,true,,,
MCOU,OH,00173086635,TANZEUM (A,2017,2,false,1978.000,498,253790.79
FFSU,OH,00173086635,TANZEUM (A,2017,2,true,,,
MCOU,OH,00173086735,TANZEUM (A,2017,2,false,1448.000,364,185943.33
FFSU,OH,00173086735,TANZEUM (A,2017,2,true,,,
FFSU,OH,00173086635,TANZEUM (A,2017,1,true,,,
MCOU,OH,00173086635,TANZEUM (A,2017,1,false,1234.000,314,148256.52
MCOU,OH,00173086735,TANZEUM (A,2017,1,false,884.000,222,106220.34
FFSU,OH,00173086735,TANZEUM (A,2017,1,true,,,
FFSU,OK,00173086635,TANZEUM (A,2017,4,true,,,
FFSU,OK,00173086735,TANZEUM (A,2017,4,false,44.000,11,5575.64
FFSU,OK,00173086635,TANZEUM (A,2017,3,true,,,
FFSU,OK,00173086735,TANZEUM (A,2017,3,false,64.000,16,8097.34
FFSU,OK,00173086635,TANZEUM (A,2017,2,true,,,
FFSU,OK,00173086735,TANZEUM (A,2017,2,false,60.000,15,7598.45
FFSU,OK,00173086635,TANZEUM (A,2017,1,true,,,
FFSU,OK,00173086735,TANZEUM (A,2017,1,false,72.000,18,8655.50
MCOU,OR,00173086635,TANZEUM (A,2017,4,false,632.000,158,82479.92
FFSU,OR,00173086635,TANZEUM (A,2017,4,true,,,
MCOU,OR,00173086735,TANZEUM (A,2017,4,false,532.000,133,69370.93
MCOU,OR,00173086635,TANZEUM (A,2017,3,false,743.000,188,96949.80
FFSU,OR,00173086635,TANZEUM (A,2017,3,true,,,
MCOU,OR,00173086735,TANZEUM (A,2017,3,false,474.000,120,61884.29
FFSU,OR,00173086635,TANZEUM (A,2017,2,true,,,
MCOU,OR,00173086635,TANZEUM (A,2017,2,false,752.000,188,96569.72
MCOU,OR,00173086735,TANZEUM (A,2017,2,false,490.000,124,62876.48
MCOU,OR,00173086635,TANZEUM (A,2017,1,false,392.000,98,47069.16
FFSU,OR,00173086635,TANZEUM (A,2017,1,true,,,
MCOU,OR,00173086735,TANZEUM (A,2017,1,false,316.000,79,37962.95
MCOU,PA,00173086635,TANZEUM (A,2017,4,false,858.000,216,112779.41
FFSU,PA,00173086635,TANZEUM (A,2017,4,true,,,
FFSU,PA,00173086735,TANZEUM (A,2017,4,true,,,
MCOU,PA,00173086735,TANZEUM (A,2017,4,false,877.000,221,114850.20
FFSU,PA,00173086635,TANZEUM (A,2017,3,true,,,
MCOU,PA,00173086635,TANZEUM (A,2017,3,false,970.000,243,126953.07
FFSU,PA,00173086735,TANZEUM (A,2017,3,true,,,
MCOU,PA,00173086735,TANZEUM (A,2017,3,false,909.000,228,118774.16
MCOU,PA,00173086635,TANZEUM (A,2017,2,false,1426.000,357,185201.71
FFSU,PA,00173086635,TANZEUM (A,2017,2,true,,,
FFSU,PA,00173086735,TANZEUM (A,2017,2,true,,,
MCOU,PA,00173086735,TANZEUM (A,2017,2,false,1373.000,345,174179.80
MCOU,PA,00173086635,TANZEUM (A,2017,1,false,721.000,181,88158.47
FFSU,PA,00173086635,TANZEUM (A,2017,1,true,,,
FFSU,PA,00173086735,TANZEUM (A,2017,1,true,,,
MCOU,PA,00173086735,TANZEUM (A,2017,1,false,688.000,172,82470.01
MCOU,RI,00173086635,TANZEUM (A,2017,4,true,,,
MCOU,RI,00173086735,TANZEUM (A,2017,4,false,64.000,16,8396.04
FFSU,RI,00173086735,TANZEUM (A,2017,4,true,,,
MCOU,RI,00173086635,TANZEUM (A,2017,3,true,,,
MCOU,RI,00173086735,TANZEUM (A,2017,3,false,64.000,16,8383.36
FFSU,RI,00173086735,TANZEUM (A,2017,3,true,,,
FFSU,RI,00173086635,TANZEUM (A,2017,2,true,,,
MCOU,RI,00173086635,TANZEUM (A,2017,2,true,,,
FFSU,RI,00173086735,TANZEUM (A,2017,2,true,,,
MCOU,RI,00173086735,TANZEUM (A,2017,2,false,68.000,17,8734.94
MCOU,RI,00173086635,TANZEUM (A,2017,1,true,,,
FFSU,RI,00173086635,TANZEUM (A,2017,1,true,,,
FFSU,RI,00173086735,TANZEUM (A,2017,1,true,,,
MCOU,RI,00173086735,TANZEUM (A,2017,1,false,64.000,16,7809.43
MCOU,SC,00173086635,TANZEUM   ,2017,4,true,,,
FFSU,SC,00173086635,TANZEUM   ,2017,4,true,,,
FFSU,SC,00173086735,TANZEUM   ,2017,4,true,,,
MCOU,SC,00173086735,TANZEUM   ,2017,4,false,68.000,17,8872.58
FFSU,SC,00173086635,TANZEUM   ,2017,3,true,,,
MCOU,SC,00173086635,TANZEUM   ,2017,3,true,,,
MCOU,SC,00173086735,TANZEUM   ,2017,3,false,68.000,17,8864.45
MCOU,SC,00173086635,TANZEUM   ,2017,2,true,,,
FFSU,SC,00173086635,TANZEUM   ,2017,2,true,,,
MCOU,SC,00173086735,TANZEUM   ,2017,2,false,100.000,25,13137.51
MCOU,SC,00173086635,TANZEUM   ,2017,1,false,44.000,11,5304.23
FFSU,SC,00173086635,TANZEUM   ,2017,1,true,,,
MCOU,SC,00173086735,TANZEUM   ,2017,1,false,80.000,20,9591.25
FFSU,SC,00173086735,TANZEUM   ,2017,1,true,,,
FFSU,SD,00173086735,TANZEUM (A,2017,4,true,,,
FFSU,SD,00173086735,TANZEUM (A,2017,3,true,,,
FFSU,SD,00173086735,TANZEUM (A,2017,2,true,,,
FFSU,SD,00173086635,TANZEUM (A,2017,1,true,,,
FFSU,SD,00173086735,TANZEUM (A,2017,1,true,,,
FFSU,TN,00173086635,TANZEUM (A,2017,4,true,,,
FFSU,TN,00173086735,TANZEUM (A,2017,4,true,,,
FFSU,TN,00173086635,TANZEUM   ,2017,3,true,,,
FFSU,TN,00173086735,TANZEUM   ,2017,3,true,,,
FFSU,TN,00173086635,TANZEUM   ,2017,2,true,,,
FFSU,TN,00173086735,TANZEUM   ,2017,2,true,,,
FFSU,TN,00173086635,TANZEUM   ,2017,1,false,44.000,11,5373.89
FFSU,TN,00173086735,TANZEUM   ,2017,1,true,,,
MCOU,TX,00173086635,TANZEUM 30,2017,4,false,48.000,12,6195.88
MCOU,TX,00173086735,TANZEUM 50,2017,4,false,168.000,42,21802.36
MCOU,TX,00173086635,TANZEUM 30,2017,3,false,76.000,19,9824.04
MCOU,TX,00173086735,TANZEUM 50,2017,3,false,168.000,42,21861.52
MCOU,TX,00173086635,TANZEUM 30,2017,2,false,80.000,20,10380.90
FFSU,TX,00173086635,TANZEUM 30,2017,2,true,,,
MCOU,TX,00173086735,TANZEUM 50,2017,2,false,196.000,49,25532.84
FFSU,TX,00173086735,TANZEUM 50,2017,2,true,,,
MCOU,TX,00173086635,TANZEUM 30,2017,1,false,156.000,39,18609.34
FFSU,TX,00173086735,TANZEUM 50,2017,1,true,,,
MCOU,TX,00173086735,TANZEUM 50,2017,1,false,216.000,55,25809.01
FFSU,UT,00173086635,TANZEUM (A,2017,4,false,116.000,30,12905.29
MCOU,UT,00173086635,TANZEUM (A,2017,4,true,,,
MCOU,UT,00173086735,TANZEUM (A,2017,4,true,,,
FFSU,UT,00173086735,TANZEUM (A,2017,4,true,,,
MCOU,UT,00173086635,TANZEUM (A,2017,3,true,,,
FFSU,UT,00173086635,TANZEUM (A,2017,3,false,106.000,27,12843.81
FFSU,UT,00173086735,TANZEUM (A,2017,3,true,,,
MCOU,UT,00173086735,TANZEUM (A,2017,3,true,,,
FFSU,UT,00173086601,TANZEUM (A,2017,2,true,,,
MCOU,UT,00173086635,TANZEUM (A,2017,2,true,,,
FFSU,UT,00173086635,TANZEUM (A,2017,2,false,81.000,21,9964.83
FFSU,UT,00173086735,TANZEUM (A,2017,2,true,,,
MCOU,UT,00173086735,TANZEUM (A,2017,2,true,,,
FFSU,UT,00173086635,TANZEUM (A,2017,1,true,,,
MCOU,UT,00173086635,TANZEUM (A,2017,1,false,44.000,11,5344.05
FFSU,UT,00173086735,TANZEUM (A,2017,1,true,,,
MCOU,UT,00173086735,TANZEUM (A,2017,1,true,,,
FFSU,VA,00173086635,TANZEUM   ,2017,4,true,,,
MCOU,VA,00173086635,TANZEUM   ,2017,4,false,488.000,123,62850.43
MCOU,VA,00173086701,TANZEUM   ,2017,4,true,,,
MCOU,VA,00173086735,TANZEUM   ,2017,4,false,452.000,113,58087.05
FFSU,VA,00173086635,TANZEUM   ,2017,3,true,,,
MCOU,VA,00173086635,TANZEUM   ,2017,3,false,529.000,138,69899.10
MCOU,VA,00173086701,TANZEUM   ,2017,3,true,,,
MCOU,VA,00173086735,TANZEUM   ,2017,3,false,440.000,114,58212.73
MCOU,VA,00173086635,TANZEUM   ,2017,2,false,540.000,135,69778.13
FFSU,VA,00173086635,TANZEUM (A,2017,2,true,,,
MCOU,VA,00173086735,TANZEUM   ,2017,2,false,488.000,122,62892.38
FFSU,VA,00173086735,TANZEUM (A,2017,2,true,,,
MCOU,VA,00173086635,TANZEUM (A,2017,1,false,513.000,129,61864.47
FFSU,VA,00173086635,TANZEUM (A,2017,1,true,,,
FFSU,VA,00173086735,TANZEUM (A,2017,1,true,,,
MCOU,VA,00173086735,TANZEUM (A,2017,1,false,504.000,128,61388.40
FFSU,VT,00173086635,TANZEUM (A,2017,4,true,,,
FFSU,VT,00173086735,TANZEUM (A,2017,4,false,132.000,29,16742.02
FFSU,VT,00173086635,TANZEUM (A,2017,3,true,,,
FFSU,VT,00173086735,TANZEUM (A,2017,3,false,140.000,33,17774.93
FFSU,VT,00173086635,TANZEUM (A,2017,2,false,72.000,18,9117.73
FFSU,VT,00173086735,TANZEUM (A,2017,2,false,152.000,36,19343.90
FFSU,VT,00173086635,TANZEUM (A,2017,1,false,152.000,36,17816.34
FFSU,VT,00173086735,TANZEUM (A,2017,1,false,148.000,33,18301.73
MCOU,WA,00173086635,TANZEUM (A,2017,4,false,441.000,111,55920.21
MCOU,WA,00173086735,TANZEUM (A,2017,4,false,516.000,129,63180.82
FFSU,WA,00173086735,TANZEUM (A,2017,4,true,,,
FFSU,WA,00173086635,TANZEUM (A,2017,3,true,,,
MCOU,WA,00173086635,TANZEUM (A,2017,3,false,548.000,139,68784.45
FFSU,WA,00173086735,TANZEUM (A,2017,3,true,,,
MCOU,WA,00173086735,TANZEUM (A,2017,3,false,737.000,185,90994.31
FFSU,WA,00173086635,TANZEUM (A,2017,2,true,,,
MCOU,WA,00173086635,TANZEUM (A,2017,2,false,536.000,134,67228.79
MCOU,WA,00173086701,TANZEUM (A,2017,2,true,,,
MCOU,WA,00173086735,TANZEUM (A,2017,2,false,512.000,128,63494.63
MCOU,WA,00173086635,TANZEUM (A,2017,1,false,469.000,120,56854.17
MCOU,WA,00173086735,TANZEUM (A,2017,1,false,480.000,120,56357.34
FFSU,WI,00173086635,TANZEUM (A,2017,4,false,80.000,20,10273.38
MCOU,WI,00173086735,TANZEUM (A,2017,4,true,,,
FFSU,WI,00173086735,TANZEUM (A,2017,4,false,56.000,14,7149.80
FFSU,WI,00173086635,TANZEUM (A,2017,3,false,104.000,26,9685.85
MCOU,WI,00173086735,TANZEUM (A,2017,3,true,,,
FFSU,WI,00173086735,TANZEUM (A,2017,3,false,84.000,21,10729.88
FFSU,WI,00173086635,TANZEUM (A,2017,2,false,1526.000,387,197339.68
FFSU,WI,00173086735,TANZEUM (A,2017,2,false,1424.000,354,183985.85
MCOU,WI,00173086735,TANZEUM (A,2017,2,true,,,
FFSU,WI,00173086635,TANZEUM (A,2017,1,false,1435.000,361,177879.30
FFSU,WI,00173086735,TANZEUM (A,2017,1,false,1372.000,344,169232.91
FFSU,WV,00173086635,TANZEUM 30,2017,4,true,,,
FFSU,WV,00173086735,TANZEUM 50,2017,4,true,,,
FFSU,WV,00173086635,TANZEUM 30,2017,3,true,,,
FFSU,WV,00173086735,TANZEUM 50,2017,3,true,,,
MCOU,WV,00173086635,TANZEUM 30,2017,2,true,,,
MCOU,WV,00173086735,TANZEUM 50,2017,2,false,52.000,13,6642.75
MCOU,WV,00173086635,TANZEUM 30,2017,1,true,,,
FFSU,WV,00173086635,TANZEUM 30,2017,1,true,,,
MCOU,WV,00173086735,TANZEUM 50,2017,1,false,52.000,13,6131.63
FFSU,WV,00173086735,TANZEUM 50,2017,1,true,,,
