utilization_type,state,ndc,product_name,year,quarter,suppression_used,units_reimbursed,number_of_prescriptions,total_amount_reimbursed
FFSU,AK,00002143380,TRULICITY ,2016,4,false,40.000,20,12299.88
FFSU,AK,00002143480,TRULICITY ,2016,4,false,32.000,16,9813.26
FFSU,AK,00002143380,TRULICITY ,2016,3,false,26.000,13,7412.90
FFSU,AK,00002143480,TRULICITY ,2016,3,false,42.000,21,11847.85
FFSU,AK,00002143380,TRULICITY ,2016,2,true,,,
FFSU,AK,00002143480,TRULICITY ,2016,2,false,24.000,12,6758.44
FFSU,AK,00002143380,TRULICITY ,2016,1,true,,,
FFSU,AK,00002143480,TRULICITY ,2016,1,false,32.000,16,8882.87
FFSU,AL,00002143380,TRULICITY ,2016,4,false,188.000,92,59304.13
FFSU,AL,00002143480,TRULICITY ,2016,4,false,292.000,148,92917.15
FFSU,AL,00002143301,TRULICITY ,2016,3,true,,,
FFSU,AL,00002143380,TRULICITY ,2016,3,false,134.500,67,39936.00
FFSU,AL,00002143401,TRULICITY ,2016,3,true,,,
FFSU,AL,00002143480,TRULICITY ,2016,3,false,205.500,101,61061.85
FFSU,AL,00002143301,TRULICITY ,2016,2,true,,,
FFSU,AL,00002143380,TRULICITY ,2016,2,false,105.000,54,31633.18
FFSU,AL,00002143401,TRULICITY ,2016,2,true,,,
FFSU,AL,00002143480,TRULICITY ,2016,2,false,154.500,78,45942.18
FFSU,AL,00002143380,TRULICITY ,2016,1,false,97.000,50,28497.68
FFSU,AL,00002143401,TRULICITY ,2016,1,true,,,
FFSU,AL,00002143480,TRULICITY ,2016,1,false,116.000,54,36031.99
FFSU,AR,00002143380,TRULICITY ,2016,4,true,,,
FFSU,AR,00002143480,TRULICITY ,2016,4,true,,,
FFSU,AR,00002143380,TRULICITY ,2016,3,true,,,
FFSU,AR,00002143380,TRULICITY ,2016,2,true,,,
FFSU,AR,00002143380,TRULICITY ,2016,1,true,,,
MCOU,AZ,00002143380,TRULICITY ,2016,4,false,185.000,95,58090.52
MCOU,AZ,00002143480,TRULICITY ,2016,4,false,319.000,162,102264.40
MCOU,AZ,00002143380,TRULICITY ,2016,3,false,251.500,132,73561.61
MCOU,AZ,00002143480,TRULICITY ,2016,3,false,318.000,160,96905.24
MCOU,AZ,00002143380,TRULICITY ,2016,2,false,267.000,137,76794.62
MCOU,AZ,00002143480,TRULICITY ,2016,2,false,228.000,117,66903.84
MCOU,AZ,00002143380,TRULICITY ,2016,1,false,131.500,68,36943.58
MCOU,AZ,00002143480,TRULICITY ,2016,1,false,111.500,57,33077.27
FFSU,CA,00002143301,TRULICITY ,2016,4,true,,,
FFSU,CA,00002143380,TRULICITY ,2016,4,false,620.000,301,195919.92
MCOU,CA,00002143380,TRULICITY ,2016,4,false,644.500,323,200759.78
MCOU,CA,00002143401,TRULICITY ,2016,4,true,,,
FFSU,CA,00002143480,TRULICITY ,2016,4,false,924.000,452,288254.08
MCOU,CA,00002143480,TRULICITY ,2016,4,false,813.500,388,247704.78
FFSU,CA,00002143301,TRULICITY ,2016,3,true,,,
FFSU,CA,00002143380,TRULICITY ,2016,3,false,519.000,252,153796.96
MCOU,CA,00002143380,TRULICITY ,2016,3,false,447.500,227,130391.71
MCOU,CA,00002143401,TRULICITY ,2016,3,true,,,
FFSU,CA,00002143480,TRULICITY ,2016,3,false,666.500,324,196267.58
MCOU,CA,00002143480,TRULICITY ,2016,3,false,547.500,264,156655.11
MCOU,CA,00002143301,TRULICITY ,2016,2,true,,,
MCOU,CA,00002143380,TRULICITY ,2016,2,false,355.500,177,100499.58
FFSU,CA,00002143380,TRULICITY ,2016,2,false,435.000,215,124215.30
FFSU,CA,00002143401,TRULICITY ,2016,2,true,,,
FFSU,CA,00002143480,TRULICITY ,2016,2,false,562.000,270,159245.74
MCOU,CA,00002143480,TRULICITY ,2016,2,false,424.000,205,118313.49
MCOU,CA,00002143301,TRULICITY ,2016,1,true,,,
MCOU,CA,00002143380,TRULICITY ,2016,1,false,307.000,152,86631.27
FFSU,CA,00002143380,TRULICITY ,2016,1,false,325.500,159,92264.24
FFSU,CA,00002143401,TRULICITY ,2016,1,true,,,
FFSU,CA,00002143480,TRULICITY ,2016,1,false,316.000,149,90442.07
MCOU,CA,00002143480,TRULICITY ,2016,1,false,285.000,140,80512.92
FFSU,CO,00002143380,TRULICITY ,2016,4,false,124.000,57,38998.05
MCOU,CO,00002143380,TRULICITY ,2016,4,false,46.000,24,14018.95
MCOU,CO,00002143480,TRULICITY ,2016,4,false,63.500,34,19350.33
FFSU,CO,00002143480,TRULICITY ,2016,4,false,248.000,119,76891.75
MCOU,CO,00002143380,TRULICITY ,2016,3,false,38.000,19,11131.42
FFSU,CO,00002143380,TRULICITY ,2016,3,false,96.500,43,28792.19
MCOU,CO,00002143480,TRULICITY ,2016,3,false,53.500,29,15844.06
FFSU,CO,00002143480,TRULICITY ,2016,3,false,199.500,95,56510.71
FFSU,CO,00002143380,TRULICITY ,2016,2,false,74.000,33,21574.33
MCOU,CO,00002143380,TRULICITY ,2016,2,false,36.500,19,10347.87
MCOU,CO,00002143480,TRULICITY ,2016,2,false,32.500,20,9213.05
FFSU,CO,00002143480,TRULICITY ,2016,2,false,162.000,77,43201.44
MCOU,CO,00002143380,TRULICITY ,2016,1,false,38.000,19,10774.66
FFSU,CO,00002143380,TRULICITY ,2016,1,false,54.000,25,15682.74
FFSU,CO,00002143480,TRULICITY ,2016,1,false,112.000,51,29424.88
MCOU,CO,00002143480,TRULICITY ,2016,1,false,19.000,11,5388.88
FFSU,CT,00002143380,TRULICITY ,2016,4,false,553.000,222,177298.32
FFSU,CT,00002143480,TRULICITY ,2016,4,false,724.500,290,227555.31
FFSU,CT,00002143380,TRULICITY ,2016,3,false,511.000,208,149584.78
FFSU,CT,00002143480,TRULICITY ,2016,3,false,633.000,262,185630.23
FFSU,CT,00002143380,TRULICITY ,2016,2,false,451.500,177,131855.89
FFSU,CT,00002143480,TRULICITY ,2016,2,false,532.000,219,153374.44
FFSU,CT,00002143380,TRULICITY ,2016,1,false,311.500,129,90516.27
FFSU,CT,00002143480,TRULICITY ,2016,1,false,416.500,172,118700.97
FFSU,DC,00002143380,TRULICITY ,2016,4,true,,,
MCOU,DC,00002143380,TRULICITY ,2016,4,false,80.000,40,24958.71
FFSU,DC,00002143480,TRULICITY ,2016,4,true,,,
MCOU,DC,00002143480,TRULICITY ,2016,4,false,40.000,20,12557.52
MCOU,DC,00002143380,TRULICITY ,2016,3,true,,,
FFSU,DC,00002143380,TRULICITY ,2016,3,true,,,
MCOU,DC,00002143480,TRULICITY ,2016,3,true,,,
FFSU,DC,00002143480,TRULICITY ,2016,3,true,,,
MCOU,DC,00002143380,TRULICITY ,2016,2,true,,,
FFSU,DC,00002143380,TRULICITY ,2016,2,true,,,
MCOU,DC,00002143480,TRULICITY ,2016,2,true,,,
FFSU,DC,00002143480,TRULICITY ,2016,2,true,,,
MCOU,DC,00002143380,TRULICITY ,2016,1,true,,,
FFSU,DC,00002143380,TRULICITY ,2016,1,true,,,
FFSU,DC,00002143480,TRULICITY ,2016,1,true,,,
MCOU,DC,00002143480,TRULICITY ,2016,1,true,,,
MCOU,DE,00002143380,TRULICITY ,2016,4,false,24.000,12,2583.05
MCOU,DE,00002143480,TRULICITY ,2016,4,false,64.000,32,9043.36
MCOU,DE,00002143380,TRULICITY ,2016,3,true,,,
MCOU,DE,00002143480,TRULICITY ,2016,3,false,58.000,29,12570.17
FFSU,DE,00002143480,TRULICITY ,2016,3,true,,,
MCOU,DE,00002143380,TRULICITY ,2016,2,false,22.000,11,4864.19
MCOU,DE,00002143480,TRULICITY ,2016,2,false,52.000,26,10666.10
FFSU,DE,00002143480,TRULICITY ,2016,2,true,,,
MCOU,DE,00002143380,TRULICITY ,2016,1,false,32.000,15,7919.65
FFSU,DE,00002143380,TRULICITY ,2016,1,true,,,
MCOU,DE,00002143480,TRULICITY ,2016,1,false,46.000,23,12400.87
MCOU,FL,00002143301,TRULICITY ,2016,4,true,,,
MCOU,FL,00002143380,TRULICITY ,2016,4,false,106.000,52,32383.20
MCOU,FL,00002143480,TRULICITY ,2016,4,false,112.000,55,34447.35
MCOU,FL,00002143380,TRULICITY ,2016,3,false,30.000,15,8899.75
MCOU,FL,00002143480,TRULICITY ,2016,3,false,58.000,28,17038.81
MCOU,FL,00002143301,TRULICITY ,2016,2,true,,,
MCOU,FL,00002143380,TRULICITY ,2016,2,false,36.500,19,10397.17
MCOU,FL,00002143480,TRULICITY ,2016,2,false,53.500,28,15216.37
MCOU,FL,00002143301,TRULICITY ,2016,1,true,,,
MCOU,FL,00002143380,TRULICITY ,2016,1,true,,,
FFSU,FL,00002143380,TRULICITY ,2016,1,true,,,
MCOU,FL,00002143480,TRULICITY ,2016,1,false,27.000,14,7797.39
FFSU,GA,00002143380,TRULICITY ,2016,4,false,26.000,13,8134.93
MCOU,GA,00002143380,TRULICITY ,2016,4,false,22.000,11,6935.78
MCOU,GA,00002143401,TRULICITY ,2016,4,true,,,
MCOU,GA,00002143480,TRULICITY ,2016,4,false,24.000,12,7508.64
FFSU,GA,00002143480,TRULICITY ,2016,4,true,,,
MCOU,GA,00002143380,TRULICITY ,2016,3,false,22.000,11,6522.13
FFSU,GA,00002143380,TRULICITY ,2016,3,false,32.000,16,9765.97
MCOU,GA,00002143480,TRULICITY ,2016,3,true,,,
FFSU,GA,00002143480,TRULICITY ,2016,3,true,,,
MCOU,GA,00002143380,TRULICITY ,2016,2,true,,,
FFSU,GA,00002143380,TRULICITY ,2016,2,true,,,
MCOU,GA,00002143480,TRULICITY ,2016,2,true,,,
MCOU,GA,00002143380,TRULICITY ,2016,1,true,,,
FFSU,GA,00002143380,TRULICITY ,2016,1,true,,,
FFSU,GA,00002143480,TRULICITY ,2016,1,true,,,
MCOU,GA,00002143480,TRULICITY ,2016,1,true,,,
MCOU,HI,00002143380,TRULICITY ,2016,4,true,,,
MCOU,HI,00002143480,TRULICITY ,2016,4,false,52.000,26,16810.02
MCOU,HI,00002143380,TRULICITY ,2016,3,true,,,
MCOU,HI,00002143480,TRULICITY ,2016,3,false,22.000,11,6735.17
MCOU,HI,00002143380,TRULICITY ,2016,2,true,,,
MCOU,HI,00002143480,TRULICITY ,2016,2,true,,,
MCOU,HI,00002143380,TRULICITY ,2016,1,true,,,
MCOU,HI,00002143480,TRULICITY ,2016,1,true,,,
MCOU,IA,00002143380,TRULICITY ,2016,4,false,28.000,14,12977.32
MCOU,IA,00002143401,TRULICITY ,2016,4,true,,,
MCOU,IA,00002143480,TRULICITY ,2016,4,false,22.000,11,10529.12
MCOU,IA,00002143380,TRULICITY ,2016,3,false,22.000,11,11711.62
MCOU,IA,00002143480,TRULICITY ,2016,3,true,,,
MCOU,IA,00002143380,TRULICITY ,2016,2,false,30.000,15,11341.80
FFSU,IA,00002143380,TRULICITY ,2016,2,true,,,
MCOU,IA,00002143480,TRULICITY ,2016,2,true,,,
FFSU,IA,00002143480,TRULICITY ,2016,2,true,,,
FFSU,IA,00002143480,TRULICITY ,2016,1,true,,,
FFSU,ID,00002143380,TRULICITY ,2016,4,false,30.000,15,9338.42
FFSU,ID,00002143480,TRULICITY ,2016,4,false,63.000,32,19618.06
FFSU,ID,00002143380,TRULICITY ,2016,3,false,32.000,16,9470.76
FFSU,ID,00002143480,TRULICITY ,2016,3,false,56.000,28,16430.49
FFSU,ID,00002143380,TRULICITY ,2016,2,false,32.000,16,9370.29
FFSU,ID,00002143480,TRULICITY ,2016,2,false,30.000,15,8800.53
FFSU,ID,00002143380,TRULICITY ,2016,1,false,24.000,12,7025.89
FFSU,ID,00002143480,TRULICITY ,2016,1,false,26.000,13,7569.20
FFSU,IL,00002143380,TRULICITY ,2016,4,false,44.000,22,13684.00
MCOU,IL,00002143380,TRULICITY ,2016,4,false,444.500,219,135426.95
FFSU,IL,00002143480,TRULICITY ,2016,4,false,30.000,15,9330.00
MCOU,IL,00002143480,TRULICITY ,2016,4,false,460.000,236,141806.23
FFSU,IL,00002143380,TRULICITY ,2016,3,true,,,
MCOU,IL,00002143380,TRULICITY ,2016,3,false,316.500,158,90477.91
MCOU,IL,00002143480,TRULICITY ,2016,3,false,250.000,125,71912.08
FFSU,IL,00002143480,TRULICITY ,2016,3,true,,,
MCOU,IL,00002143380,TRULICITY ,2016,2,false,174.500,88,49952.42
FFSU,IL,00002143380,TRULICITY ,2016,2,true,,,
FFSU,IL,00002143480,TRULICITY ,2016,2,false,22.000,11,6306.30
MCOU,IL,00002143480,TRULICITY ,2016,2,false,120.000,60,34187.44
FFSU,IL,00002143380,TRULICITY ,2016,1,true,,,
MCOU,IL,00002143380,TRULICITY ,2016,1,false,68.000,33,18208.68
MCOU,IL,00002143480,TRULICITY ,2016,1,false,88.000,44,24447.24
FFSU,IL,00002143480,TRULICITY ,2016,1,true,,,
MCOU,IN,00002143301,TRULICITY ,2016,4,true,,,
MCOU,IN,00002143380,TRULICITY ,2016,4,false,1380.750,679,431764.41
MCOU,IN,00002143401,TRULICITY ,2016,4,true,,,
MCOU,IN,00002143480,TRULICITY ,2016,4,false,1932.500,924,611120.40
FFSU,IN,00002143480,TRULICITY ,2016,4,true,,,
MCOU,IN,00002143301,TRULICITY ,2016,3,true,,,
FFSU,IN,00002143380,TRULICITY ,2016,3,true,,,
MCOU,IN,00002143380,TRULICITY ,2016,3,false,1219.250,610,365613.59
MCOU,IN,00002143401,TRULICITY ,2016,3,true,,,
FFSU,IN,00002143480,TRULICITY ,2016,3,true,,,
MCOU,IN,00002143480,TRULICITY ,2016,3,false,1546.000,757,468635.73
MCOU,IN,00002143301,TRULICITY ,2016,2,true,,,
MCOU,IN,00002143380,TRULICITY ,2016,2,false,1464.500,720,426752.45
FFSU,IN,00002143380,TRULICITY ,2016,2,true,,,
MCOU,IN,00002143401,TRULICITY ,2016,2,true,,,
MCOU,IN,00002143480,TRULICITY ,2016,2,false,1630.000,803,476826.27
FFSU,IN,00002143480,TRULICITY ,2016,2,true,,,
MCOU,IN,00002143301,TRULICITY ,2016,1,true,,,
MCOU,IN,00002143380,TRULICITY ,2016,1,false,694.500,346,199683.97
FFSU,IN,00002143380,TRULICITY ,2016,1,true,,,
MCOU,IN,00002143401,TRULICITY ,2016,1,true,,,
MCOU,IN,00002143480,TRULICITY ,2016,1,false,769.000,381,221297.15
FFSU,IN,00002143480,TRULICITY ,2016,1,true,,,
MCOU,KS,00002143380,TRULICITY ,2016,4,false,62.000,26,18209.84
MCOU,KS,00002143480,TRULICITY ,2016,4,false,62.000,31,18805.13
MCOU,KS,00002143380,TRULICITY ,2016,3,false,60.000,26,16184.27
MCOU,KS,00002143480,TRULICITY ,2016,3,false,76.000,38,21586.04
FFSU,KS,00002143380,TRULICITY ,2016,2,true,,,
MCOU,KS,00002143380,TRULICITY ,2016,2,true,,,
MCOU,KS,00002143480,TRULICITY ,2016,2,false,38.000,18,11169.28
MCOU,KS,00002143380,TRULICITY ,2016,1,false,34.000,15,9388.70
MCOU,KS,00002143480,TRULICITY ,2016,1,false,70.000,35,19892.64
MCOU,KY,00002143380,TRULICITY ,2016,4,false,699.000,363,222499.84
FFSU,KY,00002143380,TRULICITY ,2016,4,true,,,
MCOU,KY,00002143480,TRULICITY ,2016,4,false,690.000,347,220294.98
FFSU,KY,00002143480,TRULICITY ,2016,4,true,,,
MCOU,KY,00002143380,TRULICITY ,2016,3,false,519.500,265,160681.16
FFSU,KY,00002143380,TRULICITY ,2016,3,true,,,
MCOU,KY,00002143480,TRULICITY ,2016,3,false,475.000,239,144419.16
FFSU,KY,00002143480,TRULICITY ,2016,3,true,,,
FFSU,KY,00002143380,TRULICITY ,2016,2,true,,,
MCOU,KY,00002143380,TRULICITY ,2016,2,false,319.500,143,83900.80
MCOU,KY,00002143480,TRULICITY ,2016,2,false,247.000,124,71961.97
FFSU,KY,00002143480,TRULICITY ,2016,2,true,,,
FFSU,KY,00002143380,TRULICITY ,2016,1,true,,,
MCOU,KY,00002143380,TRULICITY ,2016,1,false,172.500,87,51533.77
MCOU,KY,00002143480,TRULICITY ,2016,1,false,166.500,84,48615.69
FFSU,KY,00002143480,TRULICITY ,2016,1,true,,,
MCOU,LA,00002143380,TRULICITY ,2016,4,false,399.000,197,125250.46
FFSU,LA,00002143380,TRULICITY ,2016,4,true,,,
FFSU,LA,00002143480,TRULICITY ,2016,4,false,32.000,16,9948.65
MCOU,LA,00002143480,TRULICITY ,2016,4,false,376.000,187,116693.08
MCOU,LA,00002143380,TRULICITY ,2016,3,false,232.500,116,69601.71
FFSU,LA,00002143380,TRULICITY ,2016,3,true,,,
FFSU,LA,00002143480,TRULICITY ,2016,3,true,,,
MCOU,LA,00002143480,TRULICITY ,2016,3,false,194.000,97,57215.54
MCOU,LA,00002143380,TRULICITY ,2016,2,false,36.000,18,10486.70
FFSU,LA,00002143380,TRULICITY ,2016,2,true,,,
FFSU,LA,00002143480,TRULICITY ,2016,2,true,,,
MCOU,LA,00002143480,TRULICITY ,2016,2,false,40.000,20,11680.40
MCOU,LA,00002143380,TRULICITY ,2016,1,false,28.000,14,8141.25
FFSU,LA,00002143380,TRULICITY ,2016,1,true,,,
MCOU,LA,00002143480,TRULICITY ,2016,1,true,,,
FFSU,LA,00002143480,TRULICITY ,2016,1,true,,,
FFSU,MA,00002143380,TRULICITY ,2016,4,false,459.500,226,139353.59
MCOU,MA,00002143380,TRULICITY ,2016,4,false,1496.000,715,474336.82
FFSU,MA,00002143480,TRULICITY ,2016,4,false,437.000,211,127782.17
MCOU,MA,00002143480,TRULICITY ,2016,4,false,1512.500,714,476854.10
MCOU,MA,00002143380,TRULICITY ,2016,3,false,926.000,438,270792.17
FFSU,MA,00002143380,TRULICITY ,2016,3,false,356.000,174,104581.27
MCOU,MA,00002143480,TRULICITY ,2016,3,false,896.500,429,261665.50
FFSU,MA,00002143480,TRULICITY ,2016,3,false,322.500,161,88037.28
FFSU,MA,00002143380,TRULICITY ,2016,2,false,304.500,147,80923.90
MCOU,MA,00002143380,TRULICITY ,2016,2,false,672.500,310,194319.82
MCOU,MA,00002143480,TRULICITY ,2016,2,false,660.000,311,188200.58
FFSU,MA,00002143480,TRULICITY ,2016,2,false,267.500,131,71532.18
MCOU,MA,00002143301,TRULICITY ,2016,1,true,,,
MCOU,MA,00002143380,TRULICITY ,2016,1,false,516.000,234,146869.04
FFSU,MA,00002143380,TRULICITY ,2016,1,false,229.500,117,62626.68
FFSU,MA,00002143480,TRULICITY ,2016,1,false,150.000,75,38730.39
MCOU,MA,00002143480,TRULICITY ,2016,1,false,428.000,202,122395.53
MCOU,MD,00002143301,TRULICITY ,2016,4,true,,,
MCOU,MD,00002143380,TRULICITY ,2016,4,false,568.500,263,184139.72
MCOU,MD,00002143401,TRULICITY ,2016,4,true,,,
MCOU,MD,00002143480,TRULICITY ,2016,4,false,594.000,252,192448.63
FFSU,MD,00002143480,TRULICITY ,2016,4,false,10.000,11,3319.96
MCOU,MD,00002143301,TRULICITY ,2016,3,true,,,
MCOU,MD,00002143380,TRULICITY ,2016,3,false,433.500,194,134560.21
MCOU,MD,00002143480,TRULICITY ,2016,3,false,376.500,166,114943.31
FFSU,MD,00002143480,TRULICITY ,2016,3,true,,,
MCOU,MD,00002143301,TRULICITY ,2016,2,true,,,
MCOU,MD,00002143380,TRULICITY ,2016,2,false,177.000,79,51272.66
MCOU,MD,00002143480,TRULICITY ,2016,2,false,188.000,82,55007.94
FFSU,MD,00002143480,TRULICITY ,2016,2,true,,,
FFSU,MD,00002143380,TRULICITY ,2016,1,true,,,
MCOU,MD,00002143380,TRULICITY ,2016,1,false,56.000,26,16674.03
MCOU,MD,00002143480,TRULICITY ,2016,1,false,86.500,40,26630.86
FFSU,ME,00002143380,TRULICITY ,2016,4,false,56.000,28,17494.80
FFSU,ME,00002143480,TRULICITY ,2016,4,false,140.000,70,43319.81
FFSU,ME,00002143380,TRULICITY ,2016,3,false,42.000,21,12307.98
FFSU,ME,00002143480,TRULICITY ,2016,3,false,134.000,65,39155.44
FFSU,ME,00002143380,TRULICITY ,2016,2,false,72.000,36,20905.00
FFSU,ME,00002143401,TRULICITY ,2016,2,true,,,
FFSU,ME,00002143480,TRULICITY ,2016,2,false,140.000,71,40443.06
FFSU,ME,00002143380,TRULICITY ,2016,1,false,84.000,42,24243.11
FFSU,ME,00002143480,TRULICITY ,2016,1,false,146.000,69,42180.66
MCOU,MI,00002143301,TRULICITY ,2016,4,true,,,
MCOU,MI,00002143380,TRULICITY ,2016,4,false,188.000,92,59271.38
FFSU,MI,00002143380,TRULICITY ,2016,4,true,,,
FFSU,MI,00002143480,TRULICITY ,2016,4,false,42.000,19,3702.58
MCOU,MI,00002143480,TRULICITY ,2016,4,false,256.000,128,80554.25
MCOU,MI,00002143301,TRULICITY ,2016,3,true,,,
FFSU,MI,00002143380,TRULICITY ,2016,3,true,,,
MCOU,MI,00002143380,TRULICITY ,2016,3,false,146.000,72,43701.74
FFSU,MI,00002143480,TRULICITY ,2016,3,false,34.000,15,5354.01
MCOU,MI,00002143480,TRULICITY ,2016,3,false,204.000,102,62028.66
MCOU,MI,00002143380,TRULICITY ,2016,2,false,118.000,59,33536.05
FFSU,MI,00002143380,TRULICITY ,2016,2,true,,,
FFSU,MI,00002143480,TRULICITY ,2016,2,true,,,
MCOU,MI,00002143480,TRULICITY ,2016,2,false,140.000,70,40619.01
MCOU,MI,00002143380,TRULICITY ,2016,1,false,109.000,56,31242.14
FFSU,MI,00002143380,TRULICITY ,2016,1,true,,,
MCOU,MI,00002143480,TRULICITY ,2016,1,false,94.000,47,27464.08
FFSU,MI,00002143480,TRULICITY ,2016,1,true,,,
FFSU,MN,00002143380,TRULICITY ,2016,4,false,22.000,11,6796.47
MCOU,MN,00002143380,TRULICITY ,2016,4,false,837.000,413,267117.60
MCOU,MN,00002143401,TRULICITY ,2016,4,true,,,
MCOU,MN,00002143480,TRULICITY ,2016,4,false,1204.500,601,385153.53
FFSU,MN,00002143480,TRULICITY ,2016,4,false,64.000,32,18483.80
MCOU,MN,00002143380,TRULICITY ,2016,3,false,720.500,358,219959.92
FFSU,MN,00002143380,TRULICITY ,2016,3,false,24.000,12,6913.80
MCOU,MN,00002143401,TRULICITY ,2016,3,true,,,
FFSU,MN,00002143480,TRULICITY ,2016,3,false,56.000,28,16132.20
MCOU,MN,00002143480,TRULICITY ,2016,3,false,1021.000,517,313121.18
FFSU,MN,00002143380,TRULICITY ,2016,2,false,34.000,17,7913.36
MCOU,MN,00002143380,TRULICITY ,2016,2,false,696.500,343,203703.19
MCOU,MN,00002143480,TRULICITY ,2016,2,false,801.000,401,235212.57
FFSU,MN,00002143480,TRULICITY ,2016,2,true,,,
MCOU,MN,00002143301,TRULICITY ,2016,1,true,,,
FFSU,MN,00002143380,TRULICITY ,2016,1,true,,,
MCOU,MN,00002143380,TRULICITY ,2016,1,false,370.000,182,108630.38
MCOU,MN,00002143480,TRULICITY ,2016,1,false,476.000,233,140015.83
FFSU,MN,00002143480,TRULICITY ,2016,1,true,,,
FFSU,MO,00002143380,TRULICITY ,2016,4,false,116.000,55,37879.47
FFSU,MO,00002143480,TRULICITY ,2016,4,false,238.500,118,78573.25
FFSU,MO,00002143380,TRULICITY ,2016,3,false,120.000,55,36124.09
FFSU,MO,00002143401,TRULICITY ,2016,3,true,,,
FFSU,MO,00002143480,TRULICITY ,2016,3,false,232.000,113,69116.78
FFSU,MO,00002143380,TRULICITY ,2016,2,false,112.000,51,31733.39
FFSU,MO,00002143480,TRULICITY ,2016,2,false,196.000,96,58869.46
FFSU,MO,00002143380,TRULICITY ,2016,1,false,130.000,61,37275.16
FFSU,MO,00002143480,TRULICITY ,2016,1,false,181.000,89,54828.28
MCOU,MS,00002143380,TRULICITY ,2016,4,false,22.000,11,7281.67
MCOU,MS,00002143480,TRULICITY ,2016,4,true,,,
MCOU,MS,00002143380,TRULICITY ,2016,3,false,24.000,12,7511.08
MCOU,MS,00002143480,TRULICITY ,2016,3,true,,,
MCOU,MS,00002143380,TRULICITY ,2016,2,true,,,
FFSU,MS,00002143380,TRULICITY ,2016,2,true,,,
MCOU,MS,00002143480,TRULICITY ,2016,2,true,,,
MCOU,MS,00002143380,TRULICITY ,2016,1,true,,,
MCOU,MS,00002143480,TRULICITY ,2016,1,true,,,
FFSU,MT,00002143380,TRULICITY ,2016,4,true,,,
FFSU,MT,00002143480,TRULICITY ,2016,4,false,26.000,13,7930.87
FFSU,MT,00002143380,TRULICITY ,2016,3,true,,,
FFSU,MT,00002143480,TRULICITY ,2016,3,true,,,
FFSU,MT,00002143380,TRULICITY ,2016,2,true,,,
FFSU,MT,00002143480,TRULICITY ,2016,2,true,,,
FFSU,MT,00002143480,TRULICITY ,2016,1,true,,,
FFSU,XX,00002143301,TRULICITY ,2016,4,true,,,
MCOU,XX,00002143301,TRULICITY ,2016,4,false,58.500,30,18130.39
FFSU,XX,00002143380,TRULICITY ,2016,4,false,3184.500,1492,992757.21
MCOU,XX,00002143380,TRULICITY ,2016,4,false,13308.750,6530,4176263.76
FFSU,XX,00002143401,TRULICITY ,2016,4,true,,,
MCOU,XX,00002143401,TRULICITY ,2016,4,false,31.000,16,9729.32
FFSU,XX,00002143480,TRULICITY ,2016,4,false,4528.000,2156,1390639.25
MCOU,XX,00002143480,TRULICITY ,2016,4,false,14892.250,7281,4664902.42
FFSU,XX,00002143301,TRULICITY ,2016,3,true,,,
MCOU,XX,00002143301,TRULICITY ,2016,3,false,58.000,28,16859.90
FFSU,XX,00002143380,TRULICITY ,2016,3,false,2743.000,1285,805689.85
MCOU,XX,00002143380,TRULICITY ,2016,3,false,9567.750,4719,2840863.50
FFSU,XX,00002143401,TRULICITY ,2016,3,true,,,
MCOU,XX,00002143401,TRULICITY ,2016,3,true,,,
FFSU,XX,00002143480,TRULICITY ,2016,3,false,3695.000,1751,1065865.97
MCOU,XX,00002143480,TRULICITY ,2016,3,false,10439.500,5140,3104185.28
FFSU,XX,00002143301,TRULICITY ,2016,2,true,,,
MCOU,XX,00002143301,TRULICITY ,2016,2,false,72.500,37,20406.06
FFSU,XX,00002143380,TRULICITY ,2016,2,false,2385.000,1123,681992.66
MCOU,XX,00002143380,TRULICITY ,2016,2,false,7505.000,3663,2150828.40
FFSU,XX,00002143401,TRULICITY ,2016,2,false,26.000,13,7503.39
MCOU,XX,00002143401,TRULICITY ,2016,2,false,28.000,15,8197.78
FFSU,XX,00002143480,TRULICITY ,2016,2,false,3007.000,1423,853853.30
MCOU,XX,00002143480,TRULICITY ,2016,2,false,7927.500,3908,2274880.86
FFSU,XX,00002143301,TRULICITY ,2016,1,true,,,
MCOU,XX,00002143301,TRULICITY ,2016,1,false,66.000,31,18702.86
FFSU,XX,00002143380,TRULICITY ,2016,1,false,1885.000,895,531984.07
MCOU,XX,00002143380,TRULICITY ,2016,1,false,4959.500,2431,1409799.76
FFSU,XX,00002143401,TRULICITY ,2016,1,true,,,
MCOU,XX,00002143401,TRULICITY ,2016,1,true,,,
FFSU,XX,00002143480,TRULICITY ,2016,1,false,2187.000,1014,618657.90
MCOU,XX,00002143480,TRULICITY ,2016,1,false,4825.500,2369,1370075.24
FFSU,NC,00002143380,TRULICITY ,2016,4,false,216.000,103,65496.98
FFSU,NC,00002143480,TRULICITY ,2016,4,false,392.000,188,118416.35
FFSU,NC,00002143380,TRULICITY ,2016,3,false,204.000,96,58322.75
FFSU,NC,00002143480,TRULICITY ,2016,3,false,322.000,152,91509.10
FFSU,NC,00002143380,TRULICITY ,2016,2,false,168.000,82,49508.08
FFSU,NC,00002143480,TRULICITY ,2016,2,false,217.500,103,62719.20
FFSU,NC,00002143380,TRULICITY ,2016,1,false,123.000,58,36161.06
FFSU,NC,00002143480,TRULICITY ,2016,1,false,160.000,74,46273.81
MCOU,ND,00002143380,TRULICITY ,2016,4,true,,,
MCOU,ND,00002143480,TRULICITY ,2016,4,true,,,
MCOU,ND,00002143480,TRULICITY ,2016,3,true,,,
MCOU,ND,00002143480,TRULICITY ,2016,2,true,,,
MCOU,ND,00002143380,TRULICITY ,2016,1,true,,,
MCOU,ND,00002143480,TRULICITY ,2016,1,true,,,
FFSU,NE,00002143380,TRULICITY ,2016,4,false,52.000,26,17432.52
FFSU,NE,00002143480,TRULICITY ,2016,4,false,34.000,17,11399.34
FFSU,NE,00002143380,TRULICITY ,2016,3,false,42.000,21,13204.54
FFSU,NE,00002143480,TRULICITY ,2016,3,false,36.000,18,11079.12
FFSU,NE,00002143380,TRULICITY ,2016,2,false,40.000,20,12318.80
FFSU,NE,00002143480,TRULICITY ,2016,2,false,60.000,30,18460.20
FFSU,NE,00002143380,TRULICITY ,2016,1,false,37.000,19,11402.51
FFSU,NE,00002143480,TRULICITY ,2016,1,false,53.000,27,16313.23
MCOU,NH,00002143380,TRULICITY ,2016,4,false,42.000,21,13317.00
FFSU,NH,00002143380,TRULICITY ,2016,4,true,,,
MCOU,NH,00002143480,TRULICITY ,2016,4,false,38.500,20,11902.54
MCOU,NH,00002143380,TRULICITY ,2016,3,false,42.000,21,12717.86
FFSU,NH,00002143380,TRULICITY ,2016,3,true,,,
MCOU,NH,00002143480,TRULICITY ,2016,3,true,,,
MCOU,NH,00002143380,TRULICITY ,2016,2,false,28.000,14,8106.34
MCOU,NH,00002143480,TRULICITY ,2016,2,true,,,
FFSU,NH,00002143380,TRULICITY ,2016,1,true,,,
MCOU,NH,00002143380,TRULICITY ,2016,1,true,,,
MCOU,NH,00002143480,TRULICITY ,2016,1,true,,,
FFSU,NH,00002143480,TRULICITY ,2016,1,true,,,
MCOU,NJ,00002143301,TRULICITY ,2016,4,true,,,
MCOU,NJ,00002143380,TRULICITY ,2016,4,false,194.000,97,58661.98
FFSU,NJ,00002143380,TRULICITY ,2016,4,true,,,
FFSU,NJ,00002143480,TRULICITY ,2016,4,true,,,
MCOU,NJ,00002143480,TRULICITY ,2016,4,false,448.000,224,139129.61
MCOU,NJ,00002143380,TRULICITY ,2016,3,false,68.000,34,19913.52
FFSU,NJ,00002143380,TRULICITY ,2016,3,true,,,
FFSU,NJ,00002143480,TRULICITY ,2016,3,true,,,
MCOU,NJ,00002143480,TRULICITY ,2016,3,false,254.000,127,74027.38
MCOU,NJ,00002143380,TRULICITY ,2016,2,false,80.000,40,23226.91
FFSU,NJ,00002143380,TRULICITY ,2016,2,true,,,
MCOU,NJ,00002143401,TRULICITY ,2016,2,true,,,
FFSU,NJ,00002143480,TRULICITY ,2016,2,true,,,
MCOU,NJ,00002143480,TRULICITY ,2016,2,false,302.500,150,85582.91
MCOU,NJ,00002143301,TRULICITY ,2016,1,true,,,
FFSU,NJ,00002143380,TRULICITY ,2016,1,true,,,
MCOU,NJ,00002143380,TRULICITY ,2016,1,false,42.000,21,12015.55
MCOU,NJ,00002143401,TRULICITY ,2016,1,true,,,
MCOU,NJ,00002143480,TRULICITY ,2016,1,false,112.000,52,27514.29
FFSU,NJ,00002143480,TRULICITY ,2016,1,true,,,
MCOU,NM,00002143380,TRULICITY ,2016,4,false,27.000,14,7470.31
FFSU,NM,00002143480,TRULICITY ,2016,4,true,,,
MCOU,NM,00002143480,TRULICITY ,2016,4,false,42.000,21,13063.48
MCOU,NM,00002143380,TRULICITY ,2016,3,true,,,
MCOU,NM,00002143480,TRULICITY ,2016,3,false,36.000,18,9966.51
FFSU,NM,00002143380,TRULICITY ,2016,2,true,,,
MCOU,NV,00002143380,TRULICITY ,2016,4,true,,,
FFSU,NV,00002143380,TRULICITY ,2016,4,false,30.000,15,9235.50
MCOU,NV,00002143480,TRULICITY ,2016,4,false,62.000,29,19368.43
FFSU,NV,00002143480,TRULICITY ,2016,4,false,58.000,30,18406.56
FFSU,NV,00002143380,TRULICITY ,2016,3,false,42.000,19,11834.15
MCOU,NV,00002143380,TRULICITY ,2016,3,false,26.000,13,7837.13
FFSU,NV,00002143480,TRULICITY ,2016,3,false,82.000,41,23353.54
MCOU,NV,00002143480,TRULICITY ,2016,3,false,40.000,20,12045.22
FFSU,NV,00002143380,TRULICITY ,2016,2,false,72.000,36,20469.30
MCOU,NV,00002143380,TRULICITY ,2016,2,false,66.000,33,19161.18
MCOU,NV,00002143480,TRULICITY ,2016,2,false,54.000,27,15672.45
FFSU,NV,00002143480,TRULICITY ,2016,2,false,85.500,41,24141.23
MCOU,NV,00002143380,TRULICITY ,2016,1,false,54.000,27,15645.74
FFSU,NV,00002143380,TRULICITY ,2016,1,false,78.000,33,23528.97
FFSU,NV,00002143480,TRULICITY ,2016,1,false,104.500,47,29027.34
MCOU,NV,00002143480,TRULICITY ,2016,1,false,26.000,13,7515.28
MCOU,NY,00002143301,TRULICITY ,2016,4,false,22.000,11,6814.88
FFSU,NY,00002143301,TRULICITY ,2016,4,true,,,
FFSU,NY,00002143380,TRULICITY ,2016,4,false,199.000,84,57863.77
MCOU,NY,00002143380,TRULICITY ,2016,4,false,1204.000,601,373204.62
MCOU,NY,00002143401,TRULICITY ,2016,4,true,,,
FFSU,NY,00002143480,TRULICITY ,2016,4,false,204.000,93,53885.23
MCOU,NY,00002143480,TRULICITY ,2016,4,false,1736.500,863,538476.90
MCOU,NY,00002143301,TRULICITY ,2016,3,true,,,
MCOU,NY,00002143380,TRULICITY ,2016,3,false,1103.500,554,327140.61
FFSU,NY,00002143380,TRULICITY ,2016,3,false,142.000,62,39985.64
FFSU,NY,00002143401,TRULICITY ,2016,3,true,,,
MCOU,NY,00002143401,TRULICITY ,2016,3,true,,,
MCOU,NY,00002143480,TRULICITY ,2016,3,false,1441.000,714,427546.75
FFSU,NY,00002143480,TRULICITY ,2016,3,false,170.000,77,44578.06
MCOU,NY,00002143301,TRULICITY ,2016,2,true,,,
FFSU,NY,00002143301,TRULICITY ,2016,2,true,,,
FFSU,NY,00002143380,TRULICITY ,2016,2,false,90.000,41,25380.66
MCOU,NY,00002143380,TRULICITY ,2016,2,false,971.500,489,277471.80
MCOU,NY,00002143401,TRULICITY ,2016,2,true,,,
FFSU,NY,00002143401,TRULICITY ,2016,2,true,,,
FFSU,NY,00002143480,TRULICITY ,2016,2,false,114.000,52,30793.65
MCOU,NY,00002143480,TRULICITY ,2016,2,false,1110.000,554,317211.89
MCOU,NY,00002143301,TRULICITY ,2016,1,false,28.000,14,7766.26
MCOU,NY,00002143380,TRULICITY ,2016,1,false,981.000,494,276566.29
FFSU,NY,00002143380,TRULICITY ,2016,1,false,88.000,39,19503.46
FFSU,NY,00002143401,TRULICITY ,2016,1,true,,,
MCOU,NY,00002143401,TRULICITY ,2016,1,true,,,
MCOU,NY,00002143480,TRULICITY ,2016,1,false,796.000,396,223219.02
FFSU,NY,00002143480,TRULICITY ,2016,1,false,78.000,39,19883.16
MCOU,OH,00002143301,TRULICITY ,2016,4,true,,,
FFSU,OH,00002143380,TRULICITY ,2016,4,false,62.000,30,18889.35
MCOU,OH,00002143380,TRULICITY ,2016,4,false,661.500,342,201796.46
MCOU,OH,00002143401,TRULICITY ,2016,4,true,,,
FFSU,OH,00002143401,TRULICITY ,2016,4,true,,,
FFSU,OH,00002143480,TRULICITY ,2016,4,false,54.000,27,15495.46
MCOU,OH,00002143480,TRULICITY ,2016,4,false,804.000,402,249366.40
MCOU,OH,00002143301,TRULICITY ,2016,3,true,,,
MCOU,OH,00002143380,TRULICITY ,2016,3,false,532.000,269,149363.57
FFSU,OH,00002143380,TRULICITY ,2016,3,false,56.000,27,15312.33
FFSU,OH,00002143480,TRULICITY ,2016,3,false,78.000,39,22259.51
MCOU,OH,00002143480,TRULICITY ,2016,3,false,565.000,285,162259.25
MCOU,OH,00002143301,TRULICITY ,2016,2,true,,,
FFSU,OH,00002143380,TRULICITY ,2016,2,false,44.500,21,13659.43
MCOU,OH,00002143380,TRULICITY ,2016,2,false,325.000,164,87942.17
MCOU,OH,00002143401,TRULICITY ,2016,2,true,,,
FFSU,OH,00002143480,TRULICITY ,2016,2,false,68.000,32,20627.19
MCOU,OH,00002143480,TRULICITY ,2016,2,false,420.000,211,119039.72
MCOU,OH,00002143301,TRULICITY ,2016,1,true,,,
MCOU,OH,00002143380,TRULICITY ,2016,1,false,238.000,119,64192.75
FFSU,OH,00002143380,TRULICITY ,2016,1,false,50.000,23,14696.18
MCOU,OH,00002143401,TRULICITY ,2016,1,true,,,
FFSU,OH,00002143480,TRULICITY ,2016,1,false,40.000,20,12003.74
MCOU,OH,00002143480,TRULICITY ,2016,1,false,347.000,170,96106.08
FFSU,OK,00002143380,TRULICITY ,2016,4,false,38.000,19,12563.54
FFSU,OK,00002143480,TRULICITY ,2016,4,false,108.000,55,35698.24
FFSU,OK,00002143380,TRULICITY ,2016,3,false,48.000,24,14722.37
FFSU,OK,00002143480,TRULICITY ,2016,3,false,62.000,31,19010.07
FFSU,OK,00002143380,TRULICITY ,2016,2,false,40.500,24,12299.36
FFSU,OK,00002143480,TRULICITY ,2016,2,false,36.000,18,10990.62
FFSU,OK,00002143380,TRULICITY ,2016,1,true,,,
FFSU,OK,00002143480,TRULICITY ,2016,1,false,38.000,19,11475.91
MCOU,OR,00002143380,TRULICITY ,2016,4,false,114.000,56,35378.85
FFSU,OR,00002143380,TRULICITY ,2016,4,true,,,
FFSU,OR,00002143480,TRULICITY ,2016,4,true,,,
MCOU,OR,00002143480,TRULICITY ,2016,4,false,68.000,33,20553.52
MCOU,OR,00002143380,TRULICITY ,2016,3,false,42.000,20,12363.10
FFSU,OR,00002143380,TRULICITY ,2016,3,true,,,
FFSU,OR,00002143480,TRULICITY ,2016,3,true,,,
MCOU,OR,00002143480,TRULICITY ,2016,3,true,,,
MCOU,OR,00002143380,TRULICITY ,2016,2,false,26.500,11,7672.01
MCOU,OR,00002143480,TRULICITY ,2016,2,true,,,
FFSU,OR,00002143480,TRULICITY ,2016,2,true,,,
MCOU,OR,00002143380,TRULICITY ,2016,1,true,,,
MCOU,OR,00002143480,TRULICITY ,2016,1,true,,,
FFSU,OR,00002143480,TRULICITY ,2016,1,true,,,
MCOU,PA,00002143301,TRULICITY ,2016,4,true,,,
MCOU,PA,00002143380,TRULICITY ,2016,4,false,2719.500,1312,867194.52
FFSU,PA,00002143380,TRULICITY ,2016,4,true,,,
FFSU,PA,00002143480,TRULICITY ,2016,4,true,,,
MCOU,PA,00002143480,TRULICITY ,2016,4,false,1767.000,862,562214.66
MCOU,PA,00002143301,TRULICITY ,2016,3,true,,,
FFSU,PA,00002143380,TRULICITY ,2016,3,true,,,
MCOU,PA,00002143380,TRULICITY ,2016,3,false,1452.000,707,426436.28
MCOU,PA,00002143401,TRULICITY ,2016,3,true,,,
FFSU,PA,00002143480,TRULICITY ,2016,3,true,,,
MCOU,PA,00002143480,TRULICITY ,2016,3,false,927.000,447,270806.01
MCOU,PA,00002143301,TRULICITY ,2016,2,false,24.000,12,6874.62
MCOU,PA,00002143380,TRULICITY ,2016,2,false,860.500,412,246811.66
MCOU,PA,00002143401,TRULICITY ,2016,2,true,,,
MCOU,PA,00002143480,TRULICITY ,2016,2,false,527.000,252,153805.35
FFSU,PA,00002143480,TRULICITY ,2016,2,true,,,
MCOU,PA,00002143301,TRULICITY ,2016,1,true,,,
MCOU,PA,00002143380,TRULICITY ,2016,1,false,482.500,223,136861.28
FFSU,PA,00002143380,TRULICITY ,2016,1,true,,,
MCOU,PA,00002143480,TRULICITY ,2016,1,false,223.000,109,66804.16
FFSU,PA,00002143480,TRULICITY ,2016,1,true,,,
MCOU,RI,00002143380,TRULICITY ,2016,4,false,30.000,15,9523.36
MCOU,RI,00002143480,TRULICITY ,2016,4,true,,,
FFSU,RI,00002143480,TRULICITY ,2016,4,true,,,
MCOU,RI,00002143380,TRULICITY ,2016,3,false,26.000,13,7869.08
MCOU,RI,00002143480,TRULICITY ,2016,3,true,,,
MCOU,RI,00002143380,TRULICITY ,2016,2,true,,,
MCOU,RI,00002143480,TRULICITY ,2016,2,true,,,
MCOU,RI,00002143480,TRULICITY ,2016,1,true,,,
FFSU,SC,00002143380,TRULICITY ,2016,4,true,,,
MCOU,SC,00002143380,TRULICITY ,2016,4,false,136.000,63,37582.59
MCOU,SC,00002143480,TRULICITY ,2016,4,false,192.000,93,57860.87
FFSU,SC,00002143480,TRULICITY ,2016,4,true,,,
MCOU,SC,00002143380,TRULICITY ,2016,3,false,74.000,35,18849.31
FFSU,SC,00002143380,TRULICITY ,2016,3,true,,,
MCOU,SC,00002143480,TRULICITY ,2016,3,false,98.000,49,29204.78
MCOU,SC,00002143380,TRULICITY ,2016,2,false,44.000,21,9870.63
MCOU,SC,00002143480,TRULICITY ,2016,2,false,60.000,30,16560.31
MCOU,SC,00002143380,TRULICITY ,2016,1,false,24.000,12,5787.96
FFSU,SC,00002143480,TRULICITY ,2016,1,true,,,
MCOU,SC,00002143480,TRULICITY ,2016,1,false,44.000,22,12558.13
FFSU,SD,00002143380,TRULICITY ,2016,4,false,46.000,23,15143.17
FFSU,SD,00002143480,TRULICITY ,2016,4,false,56.000,28,17868.67
FFSU,SD,00002143380,TRULICITY ,2016,3,false,59.000,30,18416.66
FFSU,SD,00002143480,TRULICITY ,2016,3,false,46.000,23,13827.37
FFSU,SD,00002143380,TRULICITY ,2016,2,false,56.000,28,16866.32
FFSU,SD,00002143480,TRULICITY ,2016,2,false,46.000,23,13827.37
FFSU,SD,00002143380,TRULICITY ,2016,1,false,54.000,26,16049.89
FFSU,SD,00002143480,TRULICITY ,2016,1,false,32.000,13,7672.58
FFSU,TN,00002143380,TRULICITY ,2016,4,false,77.000,40,24563.02
FFSU,TN,00002143480,TRULICITY ,2016,4,false,92.000,46,29376.92
FFSU,TN,00002143380,TRULICITY ,2016,3,false,79.000,41,23901.04
FFSU,TN,00002143480,TRULICITY ,2016,3,false,87.000,45,26210.46
FFSU,TN,00002143380,TRULICITY ,2016,2,false,52.000,26,15230.80
FFSU,TN,00002143480,TRULICITY ,2016,2,false,70.000,35,20545.00
FFSU,TN,00002143301,TRULICITY ,2016,1,true,,,
FFSU,TN,00002143380,TRULICITY ,2016,1,false,19.500,12,5710.42
FFSU,TN,00002143480,TRULICITY ,2016,1,false,36.000,18,10553.40
FFSU,TX,00002143380,TRULICITY ,2016,4,true,,,
MCOU,TX,00002143380,TRULICITY ,2016,4,false,349.500,169,107092.45
MCOU,TX,00002143480,TRULICITY ,2016,4,false,546.250,273,162879.12
FFSU,TX,00002143480,TRULICITY ,2016,4,true,,,
FFSU,TX,00002143380,TRULICITY ,2016,3,true,,,
MCOU,TX,00002143380,TRULICITY ,2016,3,false,256.000,125,75972.85
FFSU,TX,00002143480,TRULICITY ,2016,3,true,,,
MCOU,TX,00002143480,TRULICITY ,2016,3,false,418.000,207,124522.19
MCOU,TX,00002143380,TRULICITY ,2016,2,false,182.500,86,52881.37
FFSU,TX,00002143380,TRULICITY ,2016,2,true,,,
FFSU,TX,00002143480,TRULICITY ,2016,2,true,,,
MCOU,TX,00002143480,TRULICITY ,2016,2,false,338.000,162,90513.91
MCOU,TX,00002143380,TRULICITY ,2016,1,false,161.000,78,46322.15
MCOU,TX,00002143480,TRULICITY ,2016,1,false,248.000,118,65662.93
FFSU,TX,00002143480,TRULICITY ,2016,1,true,,,
MCOU,UT,00002143380,TRULICITY ,2016,4,true,,,
MCOU,UT,00002143480,TRULICITY ,2016,4,false,34.000,17,10805.63
MCOU,UT,00002143380,TRULICITY ,2016,3,true,,,
MCOU,UT,00002143480,TRULICITY ,2016,3,false,34.000,17,11694.29
MCOU,UT,00002143380,TRULICITY ,2016,2,true,,,
MCOU,UT,00002143480,TRULICITY ,2016,2,false,20.000,20,5907.79
MCOU,UT,00002143380,TRULICITY ,2016,1,true,,,
MCOU,UT,00002143480,TRULICITY ,2016,1,true,,,
MCOU,VA,00002143301,TRULICITY ,2016,4,true,,,
MCOU,VA,00002143380,TRULICITY ,2016,4,false,368.000,181,114385.25
FFSU,VA,00002143380,TRULICITY ,2016,4,false,26.000,16,8535.03
MCOU,VA,00002143401,TRULICITY ,2016,4,true,,,
MCOU,VA,00002143480,TRULICITY ,2016,4,false,343.000,174,107482.27
FFSU,VA,00002143480,TRULICITY ,2016,4,false,32.000,16,10489.64
MCOU,VA,00002143301,TRULICITY ,2016,3,true,,,
FFSU,VA,00002143380,TRULICITY ,2016,3,false,28.000,14,8600.52
MCOU,VA,00002143380,TRULICITY ,2016,3,false,302.500,152,92574.31
MCOU,VA,00002143480,TRULICITY ,2016,3,false,277.500,138,83768.58
FFSU,VA,00002143480,TRULICITY ,2016,3,false,26.000,13,8050.76
MCOU,VA,00002143301,TRULICITY ,2016,2,true,,,
FFSU,VA,00002143301,TRULICITY ,2016,2,true,,,
FFSU,VA,00002143380,TRULICITY ,2016,2,false,26.000,13,7837.20
MCOU,VA,00002143380,TRULICITY ,2016,2,false,280.000,138,81491.93
MCOU,VA,00002143480,TRULICITY ,2016,2,false,234.000,114,67523.43
FFSU,VA,00002143480,TRULICITY ,2016,2,true,,,
MCOU,VA,00002143380,TRULICITY ,2016,1,false,218.000,109,63389.27
FFSU,VA,00002143380,TRULICITY ,2016,1,true,,,
FFSU,VA,00002143480,TRULICITY ,2016,1,true,,,
MCOU,VA,00002143480,TRULICITY ,2016,1,false,177.000,87,51459.83
FFSU,VT,00002143380,TRULICITY ,2016,4,false,26.000,13,7133.08
FFSU,VT,00002143480,TRULICITY ,2016,4,false,46.000,21,14797.72
FFSU,VT,00002143380,TRULICITY ,2016,3,true,,,
FFSU,VT,00002143480,TRULICITY ,2016,3,false,36.000,14,11204.29
FFSU,VT,00002143380,TRULICITY ,2016,2,true,,,
FFSU,VT,00002143480,TRULICITY ,2016,2,false,26.000,11,7712.79
FFSU,VT,00002143380,TRULICITY ,2016,1,true,,,
FFSU,VT,00002143480,TRULICITY ,2016,1,true,,,
FFSU,WA,00002143380,TRULICITY ,2016,4,true,,,
MCOU,WA,00002143380,TRULICITY ,2016,4,false,59.000,28,17997.97
FFSU,WA,00002143480,TRULICITY ,2016,4,true,,,
MCOU,WA,00002143480,TRULICITY ,2016,4,false,77.500,41,24295.53
MCOU,WA,00002143380,TRULICITY ,2016,3,false,57.000,28,16357.03
MCOU,WA,00002143480,TRULICITY ,2016,3,false,62.000,31,18215.76
FFSU,WA,00002143480,TRULICITY ,2016,3,true,,,
MCOU,WA,00002143380,TRULICITY ,2016,2,true,,,
FFSU,WA,00002143380,TRULICITY ,2016,2,true,,,
MCOU,WA,00002143480,TRULICITY ,2016,2,false,50.000,25,14389.37
MCOU,WA,00002143380,TRULICITY ,2016,1,false,24.500,13,6830.05
FFSU,WA,00002143380,TRULICITY ,2016,1,true,,,
MCOU,WA,00002143480,TRULICITY ,2016,1,false,60.000,30,17072.69
MCOU,WI,00002143380,TRULICITY ,2016,4,true,,,
FFSU,WI,00002143380,TRULICITY ,2016,4,true,,,
FFSU,WI,00002143480,TRULICITY ,2016,4,true,,,
MCOU,WI,00002143480,TRULICITY ,2016,4,true,,,
FFSU,WI,00002143380,TRULICITY ,2016,3,true,,,
MCOU,WI,00002143480,TRULICITY ,2016,3,true,,,
FFSU,WI,00002143480,TRULICITY ,2016,3,true,,,
MCOU,WI,00002143380,TRULICITY ,2016,2,true,,,
FFSU,WI,00002143380,TRULICITY ,2016,2,true,,,
FFSU,WI,00002143480,TRULICITY ,2016,2,true,,,
MCOU,WI,00002143480,TRULICITY ,2016,2,true,,,
MCOU,WI,00002143380,TRULICITY ,2016,1,true,,,
FFSU,WI,00002143380,TRULICITY ,2016,1,true,,,
FFSU,WI,00002143480,TRULICITY ,2016,1,true,,,
MCOU,WV,00002143380,TRULICITY ,2016,4,false,118.000,56,38627.01
FFSU,WV,00002143380,TRULICITY ,2016,4,true,,,
MCOU,WV,00002143480,TRULICITY ,2016,4,false,106.000,53,34408.00
FFSU,WV,00002143480,TRULICITY ,2016,4,false,40.000,18,12800.40
MCOU,WV,00002143380,TRULICITY ,2016,3,false,132.000,63,38695.96
FFSU,WV,00002143380,TRULICITY ,2016,3,true,,,
FFSU,WV,00002143480,TRULICITY ,2016,3,true,,,
MCOU,WV,00002143480,TRULICITY ,2016,3,false,98.000,49,31066.41
FFSU,WV,00002143380,TRULICITY ,2016,2,true,,,
MCOU,WV,00002143380,TRULICITY ,2016,2,false,136.000,65,40401.34
MCOU,WV,00002143401,TRULICITY ,2016,2,true,,,
FFSU,WV,00002143480,TRULICITY ,2016,2,true,,,
MCOU,WV,00002143480,TRULICITY ,2016,2,false,72.000,36,22062.76
MCOU,WV,00002143380,TRULICITY ,2016,1,false,88.000,42,25692.19
MCOU,WV,00002143480,TRULICITY ,2016,1,false,26.000,13,7328.25
FFSU,WV,00002143480,TRULICITY ,2016,1,true,,,
FFSU,WY,00002143480,TRULICITY ,2016,4,true,,,
FFSU,WY,00002143380,TRULICITY ,2016,3,true,,,
FFSU,WY,00002143480,TRULICITY ,2016,3,true,,,
FFSU,WY,00002143380,TRULICITY ,2016,2,true,,,
FFSU,WY,00002143480,TRULICITY ,2016,2,true,,,
FFSU,WY,00002143380,TRULICITY ,2016,1,true,,,
FFSU,WY,00002143480,TRULICITY ,2016,1,true,,,
FFSU,AK,00169406012,VICTOZA 2-,2016,4,false,810.000,130,63726.01
FFSU,AK,00169406013,VICTOZA 3-,2016,4,false,1908.000,205,146725.59
FFSU,AK,00169406012,VICTOZA 2-,2016,3,false,777.000,126,57292.92
FFSU,AK,00169406013,VICTOZA 3-,2016,3,false,1623.000,181,117292.94
FFSU,AK,00169406012,VICTOZA 2-,2016,2,false,597.000,96,43261.53
FFSU,AK,00169406013,VICTOZA 3-,2016,2,false,969.000,109,69398.14
FFSU,AK,00169406012,VICTOZA 2-,2016,1,false,446.000,70,32758.43
FFSU,AK,00169406013,VICTOZA 3-,2016,1,false,987.000,101,70837.81
FFSU,AL,00169406012,Victoza 6M,2016,4,false,1458.000,240,123686.71
FFSU,AL,00169406013,Victoza 6M,2016,4,false,4257.000,465,354275.07
FFSU,AL,00169406012,Victoza 6M,2016,3,false,1398.000,230,113213.91
FFSU,AL,00169406013,Victoza 6M,2016,3,false,3939.000,425,307581.28
FFSU,AL,00169406012,Victoza 6M,2016,2,false,1611.000,265,125858.62
FFSU,AL,00169406013,Victoza 6M,2016,2,false,3966.000,419,308304.83
FFSU,AL,00169406012,Victoza 6M,2016,1,false,1476.000,243,114931.47
FFSU,AL,00169406013,Victoza 6M,2016,1,false,4413.000,472,346788.36
FFSU,AR,00169406012,VICTOZA 2-,2016,4,false,384.000,68,33104.28
FFSU,AR,00169406013,VICTOZA 3-,2016,4,false,483.000,54,41542.59
FFSU,AR,00169406012,VICTOZA 2-,2016,3,false,351.000,60,28235.53
FFSU,AR,00169406013,VICTOZA 3-,2016,3,false,498.000,57,39917.76
FFSU,AR,00169406012,VICTOZA 2-,2016,2,false,384.000,64,30613.76
FFSU,AR,00169406013,VICTOZA 3-,2016,2,false,528.000,59,42077.74
FFSU,AR,00169406012,VICTOZA 2-,2016,1,false,378.000,63,30120.80
FFSU,AR,00169406013,VICTOZA 3-,2016,1,false,510.000,57,40643.30
FFSU,AZ,00169406012,VICTOZA 2-,2016,4,true,,,
MCOU,AZ,00169406012,VICTOZA 2-,2016,4,false,5880.000,987,480666.04
FFSU,AZ,00169406013,VICTOZA 3-,2016,4,true,,,
MCOU,AZ,00169406013,VICTOZA 3-,2016,4,false,7071.000,807,590427.85
MCOU,AZ,00169406012,VICTOZA 2-,2016,3,false,4533.000,757,353360.44
FFSU,AZ,00169406012,VICTOZA 2-,2016,3,true,,,
MCOU,AZ,00169406013,VICTOZA 3-,2016,3,false,5799.000,658,459606.34
FFSU,AZ,00169406013,VICTOZA 3-,2016,3,true,,,
FFSU,AZ,00169406012,VICTOZA 2-,2016,2,true,,,
MCOU,AZ,00169406012,VICTOZA 2-,2016,2,false,3134.000,524,238578.11
MCOU,AZ,00169406013,VICTOZA 3-,2016,2,false,4932.000,559,381603.79
FFSU,AZ,00169406012,VICTOZA 2-,2016,1,true,,,
MCOU,AZ,00169406012,VICTOZA 2-,2016,1,false,4749.000,791,359435.01
MCOU,AZ,00169406013,VICTOZA 3-,2016,1,false,6297.000,702,475994.81
MCOU,CA,00169406012,VICTOZA 6M,2016,4,false,12966.000,2098,1072761.12
FFSU,CA,00169406012,VICTOZA 6M,2016,4,false,3585.000,587,303040.67
MCOU,CA,00169406013,VICTOZA 6M,2016,4,false,27109.000,2970,2230330.00
FFSU,CA,00169406013,VICTOZA 6M,2016,4,false,9720.000,1083,819286.41
FFSU,CA,00169406012,VICTOZA 6M,2016,3,false,3532.000,577,279647.40
MCOU,CA,00169406012,VICTOZA 6M,2016,3,false,11198.000,1806,861426.24
FFSU,CA,00169406013,VICTOZA 6M,2016,3,false,8811.000,983,699931.74
MCOU,CA,00169406013,VICTOZA 6M,2016,3,false,23765.000,2554,1823521.10
FFSU,CA,00169406012,VICTOZA 6M,2016,2,false,3846.000,634,298379.20
MCOU,CA,00169406012,VICTOZA 6M,2016,2,false,11414.000,1856,866559.46
MCOU,CA,00169406013,VICTOZA 6M,2016,2,false,23386.000,2528,1789512.07
FFSU,CA,00169406013,VICTOZA 6M,2016,2,false,8955.000,996,696871.95
FFSU,CA,00169406012,VICTOZA 6M,2016,1,false,3741.000,604,288707.04
MCOU,CA,00169406012,VICTOZA 6M,2016,1,false,10442.000,1690,791241.12
MCOU,CA,00169406013,VICTOZA 6M,2016,1,false,20902.000,2284,1589398.58
FFSU,CA,00169406013,VICTOZA 6M,2016,1,false,8220.000,918,637855.19
MCOU,CO,00169406012,VICTOZA 2-,2016,4,false,210.000,32,16967.09
FFSU,CO,00169406012,VICTOZA 2-,2016,4,false,1398.000,199,114028.32
FFSU,CO,00169406013,VICTOZA 3-,2016,4,false,3990.000,340,323518.01
MCOU,CO,00169406013,VICTOZA 3-,2016,4,false,438.000,49,35471.10
FFSU,CO,00169406012,VICTOZA 2-,2016,3,false,1026.000,153,77805.24
MCOU,CO,00169406012,VICTOZA 2-,2016,3,false,234.000,36,18244.58
FFSU,CO,00169406013,VICTOZA 3-,2016,3,false,2712.000,254,204974.31
MCOU,CO,00169406013,VICTOZA 3-,2016,3,false,516.000,58,39395.43
FFSU,CO,00169406012,VICTOZA 2-,2016,2,false,1091.000,163,81016.11
MCOU,CO,00169406012,VICTOZA 2-,2016,2,false,228.000,35,17305.70
MCOU,CO,00169406013,VICTOZA 3-,2016,2,false,603.000,67,45820.18
FFSU,CO,00169406013,VICTOZA 3-,2016,2,false,2745.000,249,203585.92
FFSU,CO,00169406012,VICTOZA   ,2016,1,false,906.000,136,66794.51
MCOU,CO,00169406012,VICTOZA 2-,2016,1,false,204.000,30,15470.14
MCOU,CO,00169406013,VICTOZA 3-,2016,1,false,477.000,51,36065.24
FFSU,CO,00169406013,VICTOZA   ,2016,1,false,2559.000,237,187218.27
FFSU,CT,00169406012,VICTOZA 6M,2016,4,false,5744.000,857,479107.31
FFSU,CT,00169406013,VICTOZA 6M,2016,4,false,20697.000,1801,1724939.57
FFSU,CT,00169406012,VICTOZA 6M,2016,3,false,5519.000,840,431584.56
FFSU,CT,00169406013,VICTOZA 6M,2016,3,false,21246.000,1860,1658312.68
FFSU,CT,00169406012,VICTOZA 6M,2016,2,false,5217.000,788,403344.87
FFSU,CT,00169406013,VICTOZA 6M,2016,2,false,17550.000,1595,1355351.64
FFSU,CT,00169406012,VICTOZA 6M,2016,1,false,5137.000,772,395974.03
FFSU,CT,00169406013,VICTOZA 6M,2016,1,false,16332.000,1504,1258921.14
FFSU,DC,00169406012,VICTOZA 2-,2016,4,false,102.000,17,8803.79
MCOU,DC,00169406012,VICTOZA 2-,2016,4,false,507.000,86,40885.93
FFSU,DC,00169406013,VICTOZA 3-,2016,4,false,384.000,43,33049.39
MCOU,DC,00169406013,VICTOZA 3-,2016,4,false,1317.000,148,109904.23
MCOU,DC,00169406012,VICTOZA 2-,2016,3,false,342.000,58,25774.32
FFSU,DC,00169406012,VICTOZA 2-,2016,3,false,108.000,18,8694.42
FFSU,DC,00169406013,VICTOZA 3-,2016,3,false,384.000,43,30937.91
MCOU,DC,00169406013,VICTOZA 3-,2016,3,false,1218.000,137,94811.00
MCOU,DC,00169406012,VICTOZA 2-,2016,2,false,318.000,53,23708.08
FFSU,DC,00169406012,VICTOZA 2-,2016,2,false,132.000,21,10556.61
MCOU,DC,00169406013,VICTOZA 3-,2016,2,false,1002.000,114,76094.13
FFSU,DC,00169406013,VICTOZA 3-,2016,2,false,477.000,54,38049.49
MCOU,DC,00169406012,VICTOZA 2-,2016,1,false,435.000,72,32249.65
FFSU,DC,00169406012,VICTOZA 2-,2016,1,false,264.000,43,20976.07
MCOU,DC,00169406013,VICTOZA 3-,2016,1,false,846.000,96,61623.07
FFSU,DC,00169406013,VICTOZA 3-,2016,1,false,582.000,66,46425.68
FFSU,DE,00169406012,Victoza 6M,2016,4,true,,,
MCOU,DE,00169406012,Victoza 6M,2016,4,false,96.000,16,2582.05
MCOU,DE,00169406013,Victoza 6M,2016,4,false,915.000,100,34889.87
FFSU,DE,00169406013,Victoza 6M,2016,4,true,,,
MCOU,DE,00169406012,Victoza 6M,2016,3,false,162.000,27,11347.59
MCOU,DE,00169406013,Victoza 6M,2016,3,false,909.000,95,56907.24
FFSU,DE,00169406013,Victoza 6M,2016,3,true,,,
MCOU,DE,00169406012,Victoza 6M,2016,2,false,156.000,25,10866.30
MCOU,DE,00169406013,Victoza 6M,2016,2,false,876.000,96,66622.78
MCOU,DE,00169406012,Victoza 6M,2016,1,false,201.000,26,14063.48
MCOU,DE,00169406013,Victoza 6M,2016,1,false,1041.000,115,74020.60
MCOU,FL,00169406012,VICTOZA 2-,2016,4,false,660.000,108,53511.70
FFSU,FL,00169406012,VICTOZA 2-,2016,4,true,,,
FFSU,FL,00169406013,VICTOZA 3-,2016,4,true,,,
MCOU,FL,00169406013,VICTOZA 3-,2016,4,false,1353.000,152,109239.23
MCOU,FL,00169406012,VICTOZA 2-,2016,3,false,717.000,117,55442.15
FFSU,FL,00169406012,VICTOZA 2-,2016,3,true,,,
MCOU,FL,00169406013,VICTOZA 3-,2016,3,false,1413.000,160,108384.83
FFSU,FL,00169406013,VICTOZA 3-,2016,3,false,108.000,12,6952.06
MCOU,FL,00169406012,VICTOZA 2-,2016,2,false,894.000,150,68140.36
FFSU,FL,00169406012,VICTOZA 2-,2016,2,true,,,
MCOU,FL,00169406013,VICTOZA 3-,2016,2,false,1413.000,158,107049.60
FFSU,FL,00169406013,VICTOZA 3-,2016,2,true,,,
MCOU,FL,00169406012,VICTOZA 2-,2016,1,false,663.000,113,50669.80
FFSU,FL,00169406012,VICTOZA 2-,2016,1,true,,,
FFSU,FL,00169406013,VICTOZA 3-,2016,1,true,,,
MCOU,FL,00169406013,VICTOZA 3-,2016,1,false,1401.000,159,106428.99
MCOU,GA,00169406012,Victoza 6M,2016,4,false,477.000,79,39858.15
FFSU,GA,00169406012,Victoza 6M,2016,4,false,174.000,29,14796.99
FFSU,GA,00169406013,Victoza 6M,2016,4,false,522.000,59,43887.98
MCOU,GA,00169406013,Victoza 6M,2016,4,false,591.000,66,49407.86
FFSU,GA,00169406012,Victoza 6M,2016,3,false,228.000,38,18059.33
MCOU,GA,00169406012,Victoza 6M,2016,3,false,414.000,68,32132.13
FFSU,GA,00169406013,Victoza 6M,2016,3,false,552.000,63,43985.46
MCOU,GA,00169406013,Victoza 6M,2016,3,false,639.000,72,49930.02
FFSU,GA,00169406012,Victoza 6M,2016,2,false,324.000,54,25510.65
MCOU,GA,00169406012,Victoza 6M,2016,2,false,435.000,72,32919.87
MCOU,GA,00169406013,Victoza 6M,2016,2,false,534.000,60,41360.52
FFSU,GA,00169406013,Victoza 6M,2016,2,false,504.000,58,38457.31
MCOU,GA,00169406012,Victoza 6M,2016,1,false,393.000,66,30329.19
FFSU,GA,00169406012,Victoza 6M,2016,1,false,342.000,57,26864.03
FFSU,GA,00169406013,Victoza 6M,2016,1,false,474.000,54,36862.48
MCOU,GA,00169406013,Victoza 6M,2016,1,false,486.000,54,37446.94
MCOU,HI,00169406012,VICTOZA 2-,2016,4,false,1881.000,311,151398.74
MCOU,HI,00169406013,VICTOZA 3-,2016,4,false,4827.000,535,399373.65
MCOU,HI,00169406012,VICTOZA 2-,2016,3,false,1297.000,217,247138.13
MCOU,HI,00169406013,VICTOZA 3-,2016,3,false,3804.000,422,292067.94
MCOU,HI,00169406012,VICTOZA 2-,2016,2,false,1256.000,215,695640.65
MCOU,HI,00169406013,VICTOZA 3-,2016,2,false,3186.000,357,618502.96
MCOU,HI,00169406012,VICTOZA 2-,2016,1,false,1104.000,187,712806.26
MCOU,HI,00169406013,VICTOZA 3-,2016,1,false,2645.000,297,425825.82
MCOU,IA,00169406012,Victoza 6M,2016,4,false,414.000,57,35264.44
FFSU,IA,00169406012,Victoza 6M,2016,4,true,,,
MCOU,IA,00169406013,Victoza 6M,2016,4,false,1224.000,139,124897.11
FFSU,IA,00169406013,Victoza 6M,2016,4,true,,,
FFSU,IA,00169406012,Victoza 6M,2016,3,true,,,
MCOU,IA,00169406012,Victoza 6M,2016,3,false,285.000,47,30502.00
MCOU,IA,00169406013,Victoza 6M,2016,3,false,1236.000,140,118128.65
FFSU,IA,00169406013,Victoza 6M,2016,3,false,99.000,11,4572.83
FFSU,IA,00169406012,Victoza 6M,2016,2,true,,,
MCOU,IA,00169406012,Victoza 6M,2016,2,false,585.000,98,52181.50
FFSU,IA,00169406013,Victoza 6M,2016,2,false,198.000,20,9528.12
MCOU,IA,00169406013,Victoza 6M,2016,2,false,1311.000,145,122110.30
FFSU,IA,00169406012,Victoza 6M,2016,1,false,387.000,64,24945.60
FFSU,IA,00169406013,Victoza 6M,2016,1,false,1269.000,139,81838.87
FFSU,ID,00169406012,VICTOZA 2-,2016,4,false,342.000,58,28312.32
FFSU,ID,00169406013,VICTOZA 3-,2016,4,false,867.000,97,71218.33
FFSU,ID,00169406012,VICTOZA 2-,2016,3,false,342.000,57,26528.14
FFSU,ID,00169406013,VICTOZA 3-,2016,3,false,795.000,89,61646.87
FFSU,ID,00169406012,VICTOZA 2-,2016,2,false,273.000,46,21094.99
FFSU,ID,00169406013,VICTOZA 3-,2016,2,false,852.000,97,65330.85
FFSU,ID,00169406012,VICTOZA 2-,2016,1,false,282.000,48,21819.38
FFSU,ID,00169406013,VICTOZA 3-,2016,1,false,849.000,96,65085.94
FFSU,IL,00169406012,Victoza 6M,2016,4,false,156.000,26,12935.52
MCOU,IL,00169406012,Victoza 6M,2016,4,false,4437.000,727,348767.38
FFSU,IL,00169406013,Victoza 6M,2016,4,false,630.000,70,52229.10
MCOU,IL,00169406013,Victoza 6M,2016,4,false,9438.000,1033,746009.25
FFSU,IL,00169406012,Victoza 6M,2016,3,false,111.000,19,8571.93
MCOU,IL,00169406012,Victoza 6M,2016,3,false,3126.000,509,231212.78
MCOU,IL,00169406013,Victoza 6M,2016,3,false,6360.000,706,474572.01
FFSU,IL,00169406013,Victoza 6M,2016,3,false,468.000,52,35989.68
FFSU,IL,00169406012,Victoza 6M,2016,2,false,192.000,32,14726.40
MCOU,IL,00169406012,Victoza 6M,2016,2,false,2022.000,330,148508.51
MCOU,IL,00169406013,Victoza 6M,2016,2,false,4230.000,471,315292.47
FFSU,IL,00169406013,Victoza 6M,2016,2,false,477.000,53,36625.65
MCOU,IL,00169406012,Victoza 6M,2016,1,false,2349.000,391,171239.89
FFSU,IL,00169406012,Victoza 6M,2016,1,false,108.000,18,8249.22
FFSU,IL,00169406013,Victoza 6M,2016,1,false,396.000,44,30406.20
MCOU,IL,00169406013,Victoza 6M,2016,1,false,4032.000,446,294088.95
MCOU,IN,00169406012,Victoza 6M,2016,4,false,5417.000,877,457382.01
FFSU,IN,00169406012,Victoza 6M,2016,4,false,393.000,63,31688.43
MCOU,IN,00169406013,Victoza 6M,2016,4,false,18328.000,1971,1540299.35
FFSU,IN,00169406013,Victoza 6M,2016,4,false,834.000,83,70146.59
MCOU,IN,00169406012,Victoza 6M,2016,3,false,5059.000,823,402633.32
FFSU,IN,00169406012,Victoza 6M,2016,3,false,408.000,68,31001.52
MCOU,IN,00169406013,Victoza 6M,2016,3,false,17292.000,1863,1376156.56
FFSU,IN,00169406013,Victoza 6M,2016,3,false,700.000,72,54424.21
MCOU,IN,00169406012,Victoza 6M,2016,2,false,6789.000,1117,527240.53
FFSU,IN,00169406012,Victoza 6M,2016,2,false,427.000,72,31319.92
MCOU,IN,00169406013,Victoza 6M,2016,2,false,19735.000,2143,1537736.80
FFSU,IN,00169406013,Victoza 6M,2016,2,false,807.000,81,59959.91
FFSU,IN,00169406012,Victoza 6M,2016,1,false,321.000,58,24921.52
MCOU,IN,00169406012,Victoza 6M,2016,1,false,5080.000,835,393014.10
MCOU,IN,00169406013,Victoza 6M,2016,1,false,14066.300,1524,1085620.09
FFSU,IN,00169406013,Victoza 6M,2016,1,false,834.000,86,59519.38
MCOU,KS,00169406012,Victoza 6M,2016,4,false,1359.000,227,109777.64
MCOU,KS,00169406013,Victoza 6M,2016,4,false,2019.000,228,161907.37
MCOU,KS,00169406012,Victoza 6M,2016,3,false,1902.000,314,145323.70
MCOU,KS,00169406013,Victoza 6M,2016,3,false,3220.000,360,243670.75
MCOU,KS,00169406012,Victoza 6M,2016,2,false,672.000,115,53354.00
MCOU,KS,00169406013,Victoza 6M,2016,2,false,1242.000,140,98582.51
MCOU,KS,00169406012,Victoza 6M,2016,1,false,1776.000,297,138668.67
FFSU,KS,00169406012,Victoza 6M,2016,1,true,,,
MCOU,KS,00169406013,Victoza 6M,2016,1,false,3162.000,362,242499.45
MCOU,KY,00169406012,VICTOZA 2-,2016,4,false,3744.000,612,312431.62
FFSU,KY,00169406012,VICTOZA 2-,2016,4,true,,,
MCOU,KY,00169406013,VICTOZA 3-,2016,4,false,9381.000,1056,800939.64
FFSU,KY,00169406013,VICTOZA 3-,2016,4,true,,,
FFSU,KY,00169406012,VICTOZA 2-,2016,3,true,,,
MCOU,KY,00169406012,VICTOZA 2-,2016,3,false,3492.000,569,279540.88
FFSU,KY,00169406013,VICTOZA 3-,2016,3,true,,,
MCOU,KY,00169406013,VICTOZA 3-,2016,3,false,9045.000,1009,731397.02
MCOU,KY,00169406012,VICTOZA 2-,2016,2,false,192.000,32,14913.68
FFSU,KY,00169406012,VICTOZA 2-,2016,2,true,,,
FFSU,KY,00169406013,VICTOZA 3-,2016,2,true,,,
MCOU,KY,00169406013,VICTOZA 3-,2016,2,false,501.000,57,38920.85
MCOU,KY,00169406012,VICTOZA 2-,2016,1,false,3033.000,495,238856.56
FFSU,KY,00169406012,VICTOZA 2-,2016,1,true,,,
FFSU,KY,00169406013,VICTOZA 3-,2016,1,true,,,
MCOU,KY,00169406013,VICTOZA 3-,2016,1,false,6852.000,761,540057.71
MCOU,LA,00169406012,VICTOZA 2-,2016,4,false,4431.000,739,367249.88
FFSU,LA,00169406012,VICTOZA 2-,2016,4,false,285.000,49,23859.44
MCOU,LA,00169406013,VICTOZA 3-,2016,4,false,7272.000,816,603605.36
FFSU,LA,00169406013,VICTOZA 3-,2016,4,false,456.000,51,38012.98
FFSU,LA,00169406012,VICTOZA 2-,2016,3,false,279.000,47,21730.81
MCOU,LA,00169406012,VICTOZA 2-,2016,3,false,3992.000,664,313948.28
FFSU,LA,00169406013,VICTOZA 3-,2016,3,false,399.000,47,30800.42
MCOU,LA,00169406013,VICTOZA 3-,2016,3,false,7002.000,782,551836.61
FFSU,LA,00169406012,VICTOZA 2-,2016,2,false,354.000,57,27437.25
MCOU,LA,00169406012,VICTOZA 2-,2016,2,false,2669.000,438,205306.19
MCOU,LA,00169406013,VICTOZA 3-,2016,2,false,4995.000,561,386564.41
FFSU,LA,00169406013,VICTOZA 3-,2016,2,false,504.000,60,38846.54
FFSU,LA,00169406012,VICTOZA 2-,2016,1,false,321.000,56,24686.11
MCOU,LA,00169406012,VICTOZA 2-,2016,1,false,2631.000,434,204862.28
FFSU,LA,00169406013,VICTOZA 3-,2016,1,false,486.000,54,37130.99
MCOU,LA,00169406013,VICTOZA 3-,2016,1,false,4884.000,552,377932.43
MCOU,MA,00169406012,VICTOZA 2-,2016,4,false,4083.000,635,341399.38
FFSU,MA,00169406012,VICTOZA 2-,2016,4,false,999.000,165,84497.27
MCOU,MA,00169406013,VICTOZA 3-,2016,4,false,11811.000,1204,990172.05
FFSU,MA,00169406013,VICTOZA 3-,2016,4,false,3264.000,356,254277.17
FFSU,MA,00169406012,VICTOZA 2-,2016,3,false,1149.000,184,79562.54
MCOU,MA,00169406012,VICTOZA 2-,2016,3,false,3069.000,480,225939.88
MCOU,MA,00169406013,VICTOZA 3-,2016,3,false,9429.000,936,715403.06
FFSU,MA,00169406013,VICTOZA 3-,2016,3,false,3603.000,397,264193.58
MCOU,MA,00169406012,VICTOZA 2-,2016,2,false,2961.000,469,227411.93
FFSU,MA,00169406012,VICTOZA 2-,2016,2,false,876.000,146,63868.20
FFSU,MA,00169406013,VICTOZA 3-,2016,2,false,3234.000,354,229233.97
MCOU,MA,00169406013,VICTOZA 3-,2016,2,false,8736.000,865,675747.34
MCOU,MA,00169406012,VICTOZA 2-,2016,1,false,2916.000,471,223131.47
FFSU,MA,00169406012,VICTOZA 2-,2016,1,false,1068.000,174,75639.33
FFSU,MA,00169406013,VICTOZA 3-,2016,1,false,3048.000,330,215945.22
MCOU,MA,00169406013,VICTOZA 3-,2016,1,false,8103.000,774,615849.57
MCOU,MD,00169406012,VICTOZA 2-,2016,4,false,3462.000,575,296849.03
FFSU,MD,00169406012,VICTOZA 2-,2016,4,true,,,
FFSU,MD,00169406013,VICTOZA 3-,2016,4,false,138.000,14,12142.46
MCOU,MD,00169406013,VICTOZA 3-,2016,4,false,10818.000,1196,909817.81
MCOU,MD,00169406012,VICTOZA 2-,2016,3,false,3537.000,596,285621.12
FFSU,MD,00169406012,VICTOZA 2-,2016,3,false,78.000,15,6413.70
MCOU,MD,00169406013,VICTOZA 3-,2016,3,false,9876.000,1094,789755.09
FFSU,MD,00169406013,VICTOZA 3-,2016,3,false,141.000,17,11441.48
MCOU,MD,00169406012,VICTOZA 2-,2016,2,false,3222.000,546,256888.88
FFSU,MD,00169406012,VICTOZA 2-,2016,2,true,,,
FFSU,MD,00169406013,VICTOZA 3-,2016,2,false,93.000,15,7595.13
MCOU,MD,00169406013,VICTOZA 3-,2016,2,false,9285.000,1022,725264.71
MCOU,MD,00169406012,VICTOZA 2-,2016,1,false,2847.000,486,228693.62
FFSU,MD,00169406012,VICTOZA 2-,2016,1,false,138.000,25,10878.47
FFSU,MD,00169406013,VICTOZA 3-,2016,1,false,108.000,16,8815.62
MCOU,MD,00169406013,VICTOZA 3-,2016,1,false,8919.000,987,696419.19
FFSU,ME,00169406012,VICTOZA   ,2016,4,false,84.000,14,6826.60
FFSU,ME,00169406013,VICTOZA   ,2016,4,false,702.000,76,57447.93
FFSU,ME,00169406012,VICTOZA   ,2016,3,true,,,
FFSU,ME,00169406013,VICTOZA   ,2016,3,false,792.000,86,60761.81
FFSU,ME,00169406012,VICTOZA   ,2016,2,true,,,
FFSU,ME,00169406013,VICTOZA   ,2016,2,false,900.000,99,69824.34
FFSU,ME,00169406012,VICTOZA   ,2016,1,false,108.000,16,8396.17
FFSU,ME,00169406013,VICTOZA   ,2016,1,false,963.000,107,74790.73
MCOU,MI,00169406012,VICTOZA 2-,2016,4,false,5582.000,932,467128.92
FFSU,MI,00169406012,VICTOZA 2-,2016,4,false,360.000,56,18376.80
MCOU,MI,00169406013,VICTOZA 3-,2016,4,false,11103.000,1245,928726.65
FFSU,MI,00169406013,VICTOZA 3-,2016,4,false,795.000,75,36524.31
FFSU,MI,00169406012,VICTOZA 2-,2016,3,false,267.000,42,14163.35
MCOU,MI,00169406012,VICTOZA 2-,2016,3,false,6204.000,1033,491886.79
MCOU,MI,00169406013,VICTOZA 3-,2016,3,false,11001.000,1234,871545.36
FFSU,MI,00169406013,VICTOZA 3-,2016,3,false,747.000,70,37866.33
FFSU,MI,00169406012,VICTOZA 2-,2016,2,false,288.000,46,13052.94
MCOU,MI,00169406012,VICTOZA 2-,2016,2,false,5685.000,947,439772.66
MCOU,MI,00169406013,VICTOZA 3-,2016,2,false,10179.000,1138,787149.69
FFSU,MI,00169406013,VICTOZA 3-,2016,2,false,774.000,74,47133.43
MCOU,MI,00169406012,VICTOZA 2-,2016,1,false,6162.000,1038,479074.91
FFSU,MI,00169406012,VICTOZA 2-,2016,1,false,291.000,49,16673.18
MCOU,MI,00169406013,VICTOZA 3-,2016,1,false,10866.000,1216,840366.76
FFSU,MI,00169406013,VICTOZA 3-,2016,1,false,1026.000,90,50528.64
FFSU,MN,00169406012,VICTOZA 2-,2016,4,false,252.000,42,20893.62
MCOU,MN,00169406012,VICTOZA 2-,2016,4,false,6105.000,1010,517493.28
FFSU,MN,00169406013,VICTOZA 3-,2016,4,false,780.000,89,64803.20
MCOU,MN,00169406013,VICTOZA 3-,2016,4,false,13506.000,1522,1142922.53
FFSU,MN,00169406012,VICTOZA 2-,2016,3,false,210.000,35,12839.24
MCOU,MN,00169406012,VICTOZA 2-,2016,3,false,5682.000,933,455387.36
MCOU,MN,00169406013,VICTOZA 3-,2016,3,false,11820.000,1331,944855.48
FFSU,MN,00169406013,VICTOZA 3-,2016,3,false,723.000,81,50328.51
MCOU,MN,00169406012,VICTOZA 2-,2016,2,false,5352.000,883,420739.37
FFSU,MN,00169406012,VICTOZA 2-,2016,2,false,378.000,62,29533.47
FFSU,MN,00169406013,VICTOZA 3-,2016,2,false,813.000,91,49124.64
MCOU,MN,00169406013,VICTOZA 3-,2016,2,false,11061.000,1243,867549.21
FFSU,MN,00169406012,VICTOZA 2-,2016,1,false,327.000,55,19301.09
MCOU,MN,00169406012,VICTOZA 2-,2016,1,false,4539.000,746,354599.13
FFSU,MN,00169406013,VICTOZA 3-,2016,1,false,810.000,90,48513.65
MCOU,MN,00169406013,VICTOZA 3-,2016,1,false,9738.000,1096,765627.75
FFSU,MO,00169406012,VICTOZA 2-,2016,4,false,5334.000,864,489839.94
FFSU,MO,00169406013,VICTOZA 3-,2016,4,false,11298.000,1243,1024903.64
FFSU,MO,00169406012,VICTOZA 2-,2016,3,false,5482.000,879,461024.62
FFSU,MO,00169406013,VICTOZA 3-,2016,3,false,11820.000,1303,996067.30
FFSU,MO,00169406012,VICTOZA 2-,2016,2,false,4938.000,812,416135.59
FFSU,MO,00169406013,VICTOZA 3-,2016,2,false,9774.000,1088,826626.28
FFSU,MO,00169406012,VICTOZA 2-,2016,1,false,5102.000,857,426743.26
FFSU,MO,00169406013,VICTOZA 3-,2016,1,false,9864.000,1106,823566.92
FFSU,MS,00169406012,VICTOZA 2-,2016,4,true,,,
MCOU,MS,00169406012,VICTOZA 2-,2016,4,false,147.000,25,12752.85
MCOU,MS,00169406013,VICTOZA 3-,2016,4,false,468.000,52,41101.32
FFSU,MS,00169406013,VICTOZA 3-,2016,4,true,,,
MCOU,MS,00169406012,VICTOZA 2-,2016,3,false,120.000,20,9746.03
FFSU,MS,00169406012,VICTOZA 2-,2016,3,true,,,
MCOU,MS,00169406013,VICTOZA 3-,2016,3,false,549.000,61,45403.09
FFSU,MS,00169406013,VICTOZA 3-,2016,3,true,,,
MCOU,MS,00169406012,VICTOZA 2-,2016,2,false,108.000,18,8342.46
FFSU,MS,00169406012,VICTOZA 2-,2016,2,false,66.000,11,4912.53
FFSU,MS,00169406013,VICTOZA 3-,2016,2,true,,,
MCOU,MS,00169406013,VICTOZA 3-,2016,2,false,654.000,73,52773.58
FFSU,MS,00169406012,VICTOZA 2-,2016,1,true,,,
MCOU,MS,00169406012,VICTOZA 2-,2016,1,false,99.000,17,8090.73
FFSU,MS,00169406013,VICTOZA 3-,2016,1,true,,,
MCOU,MS,00169406013,VICTOZA 3-,2016,1,false,624.000,70,50924.80
FFSU,MT,00169406012,VICTOZA 2-,2016,4,false,417.000,70,34146.96
FFSU,MT,00169406013,VICTOZA 3-,2016,4,false,1344.000,150,108667.91
FFSU,MT,00169406012,VICTOZA 2-,2016,3,false,445.000,73,31793.31
FFSU,MT,00169406013,VICTOZA 3-,2016,3,false,1116.000,124,85630.41
FFSU,MT,00169406012,VICTOZA 2-,2016,2,false,387.000,63,29103.07
FFSU,MT,00169406013,VICTOZA 3-,2016,2,false,1326.000,148,103832.67
FFSU,MT,00169406012,VICTOZA 2-,2016,1,false,357.000,59,27143.59
FFSU,MT,00169406013,VICTOZA 3-,2016,1,false,819.000,91,60167.49
FFSU,XX,00169406012,VICTOZA 6M,2016,4,false,38858.000,6291,3286986.07
MCOU,XX,00169406012,VICTOZA 6M,2016,4,false,181502.000,29956,15000596.78
FFSU,XX,00169406013,VICTOZA 6M,2016,4,false,106761.000,11236,8903830.63
MCOU,XX,00169406013,VICTOZA 6M,2016,4,false,404755.000,44871,33486566.54
FFSU,XX,00169406012,VICTOZA 6M,2016,3,false,38824.000,6298,3051797.65
MCOU,XX,00169406012,VICTOZA 6M,2016,3,false,162307.200,26803,12781743.72
FFSU,XX,00169406013,VICTOZA 6M,2016,3,false,105286.000,11150,8225567.42
MCOU,XX,00169406013,VICTOZA 6M,2016,3,false,347785.000,38506,27102363.75
FFSU,XX,00169406012,VICTOZA 6M,2016,2,false,37618.000,6129,2945743.47
MCOU,XX,00169406012,VICTOZA 6M,2016,2,false,156729.400,25966,12662210.87
FFSU,XX,00169406013,VICTOZA 6M,2016,2,false,94773.000,10096,7367411.79
MCOU,XX,00169406013,VICTOZA 6M,2016,2,false,325034.000,35966,25398105.11
FFSU,XX,00169406012,VICTOZA 6M,2016,1,false,36369.006,5930,2826251.09
MCOU,XX,00169406012,VICTOZA 6M,2016,1,false,163040.000,27073,13107832.83
FFSU,XX,00169406013,VICTOZA 6M,2016,1,false,93693.000,10000,7214650.77
MCOU,XX,00169406013,VICTOZA 6M,2016,1,false,325488.300,36154,25108318.88
FFSU,NC,00169406012,VICTOZA 2-,2016,4,false,1998.000,323,160591.59
FFSU,NC,00169406013,VICTOZA 3-,2016,4,false,7401.000,819,592845.33
FFSU,NC,00169406012,VICTOZA 2-,2016,3,false,2427.000,389,185869.06
FFSU,NC,00169406013,VICTOZA 3-,2016,3,false,8295.000,918,632573.46
FFSU,NC,00169406012,VICTOZA 2-,2016,2,false,2454.000,393,193042.69
FFSU,NC,00169406013,VICTOZA 3-,2016,2,false,7338.000,814,575740.29
FFSU,NC,00169406012,VICTOZA 2-,2016,1,false,2658.000,434,208766.89
FFSU,NC,00169406013,VICTOZA 3-,2016,1,false,8553.000,948,669809.70
MCOU,ND,00169406012,VICTOZA 2-,2016,4,false,435.000,72,37285.51
FFSU,ND,00169406012,VICTOZA 2-,2016,4,false,114.000,19,9532.19
FFSU,ND,00169406013,VICTOZA 3-,2016,4,false,585.000,65,46654.62
MCOU,ND,00169406013,VICTOZA 3-,2016,4,false,1605.000,180,134383.89
FFSU,ND,00169406012,VICTOZA 2-,2016,3,true,,,
MCOU,ND,00169406012,VICTOZA 2-,2016,3,false,519.000,87,41445.30
MCOU,ND,00169406013,VICTOZA 3-,2016,3,false,1308.000,146,104537.84
FFSU,ND,00169406013,VICTOZA 3-,2016,3,false,639.000,71,50906.53
FFSU,ND,00169406012,VICTOZA 2-,2016,2,false,108.000,18,9058.32
MCOU,ND,00169406012,VICTOZA 2-,2016,2,false,483.000,80,38238.86
FFSU,ND,00169406013,VICTOZA 3-,2016,2,false,747.000,83,59477.78
MCOU,ND,00169406013,VICTOZA 3-,2016,2,false,1086.000,121,86774.37
FFSU,ND,00169406012,VICTOZA 2-,2016,1,false,180.000,30,15097.20
MCOU,ND,00169406012,VICTOZA 2-,2016,1,false,381.000,65,29962.97
MCOU,ND,00169406013,VICTOZA 3-,2016,1,false,999.000,111,79555.31
FFSU,ND,00169406013,VICTOZA 3-,2016,1,false,540.000,60,45041.04
FFSU,NE,00169406012,Victoza 6M,2016,4,false,180.000,30,15575.22
FFSU,NE,00169406013,Victoza 6M,2016,4,false,633.000,71,56031.99
FFSU,NE,00169406012,Victoza 6M,2016,3,false,186.000,30,15028.60
MCOU,NE,00169406012,Victoza 6M,2016,3,true,,,
FFSU,NE,00169406013,Victoza 6M,2016,3,false,549.000,61,45839.06
FFSU,NE,00169406012,Victoza 6M,2016,2,false,117.000,19,9566.31
FFSU,NE,00169406013,Victoza 6M,2016,2,false,531.000,59,43715.12
FFSU,NE,00169406012,Victoza 6M,2016,1,false,138.000,23,10889.03
FFSU,NE,00169406013,Victoza 6M,2016,1,false,468.000,52,38493.18
FFSU,NH,00169406012,VICTOZA 2-,2016,4,true,,,
MCOU,NH,00169406012,VICTOZA 2-,2016,4,false,84.000,14,7074.45
MCOU,NH,00169406013,VICTOZA 3-,2016,4,false,753.000,84,63197.06
FFSU,NH,00169406012,VICTOZA 2-,2016,3,true,,,
MCOU,NH,00169406012,VICTOZA 2-,2016,3,false,144.000,24,11499.69
FFSU,NH,00169406013,VICTOZA 3-,2016,3,true,,,
MCOU,NH,00169406013,VICTOZA 3-,2016,3,false,744.000,83,58621.62
MCOU,NH,00169406012,VICTOZA 2-,2016,2,false,120.000,20,9385.32
FFSU,NH,00169406012,VICTOZA 2-,2016,2,true,,,
FFSU,NH,00169406013,VICTOZA 3-,2016,2,true,,,
MCOU,NH,00169406013,VICTOZA 3-,2016,2,false,867.000,96,66139.18
MCOU,NH,00169406012,VICTOZA 2-,2016,1,false,225.000,33,17430.17
MCOU,NH,00169406013,VICTOZA 3-,2016,1,false,999.000,109,77598.15
FFSU,NH,00169406013,VICTOZA 3-,2016,1,true,,,
MCOU,NJ,00169406012,Victoza 6M,2016,4,false,16775.000,2801,1374377.44
FFSU,NJ,00169406012,Victoza 6M,2016,4,false,81.000,14,6695.23
FFSU,NJ,00169406013,Victoza 6M,2016,4,false,288.000,42,23760.04
MCOU,NJ,00169406013,Victoza 6M,2016,4,false,47372.000,5283,3899099.97
MCOU,NJ,00169406012,Victoza 6M,2016,3,false,7560.000,1271,587391.97
FFSU,NJ,00169406012,Victoza 6M,2016,3,false,96.000,16,7436.08
FFSU,NJ,00169406013,Victoza 6M,2016,3,false,291.000,39,22564.48
MCOU,NJ,00169406013,Victoza 6M,2016,3,false,19312.000,2167,1508292.07
FFSU,NJ,00169406012,Victoza 6M,2016,2,false,102.000,17,7823.54
MCOU,NJ,00169406012,Victoza 6M,2016,2,false,11834.000,1992,917381.36
MCOU,NJ,00169406013,Victoza 6M,2016,2,false,30183.000,3382,2337550.06
FFSU,NJ,00169406013,Victoza 6M,2016,2,false,306.000,37,23405.22
MCOU,NJ,00169406012,Victoza 6M,2016,1,false,10031.000,1679,767569.10
FFSU,NJ,00169406012,Victoza 6M,2016,1,false,126.000,20,9198.21
FFSU,NJ,00169406013,Victoza 6M,2016,1,false,303.000,31,21050.13
MCOU,NJ,00169406013,Victoza 6M,2016,1,false,27801.000,3118,2131176.47
MCOU,NM,00169406012,VICTOZA 2-,2016,4,false,4017.000,643,335153.74
FFSU,NM,00169406012,VICTOZA 2-,2016,4,false,138.000,17,12213.61
FFSU,NM,00169406013,VICTOZA 3-,2016,4,false,261.000,25,23073.44
MCOU,NM,00169406013,VICTOZA 3-,2016,4,false,5364.000,570,435446.66
FFSU,NM,00169406012,VICTOZA 2-,2016,3,false,168.000,26,11955.46
MCOU,NM,00169406012,VICTOZA 2-,2016,3,false,3081.000,504,239014.84
FFSU,NM,00169406013,VICTOZA 3-,2016,3,false,117.000,14,9769.57
MCOU,NM,00169406013,VICTOZA 3-,2016,3,false,4701.000,496,362445.72
FFSU,NM,00169406012,VICTOZA 2-,2016,2,false,186.000,28,15012.55
MCOU,NM,00169406012,VICTOZA 2-,2016,2,false,2820.000,461,218107.38
MCOU,NM,00169406013,VICTOZA 3-,2016,2,false,4470.000,478,336856.12
FFSU,NM,00169406013,VICTOZA 3-,2016,2,true,,,
MCOU,NM,00169406012,VICTOZA 2-,2016,1,false,2499.000,403,190411.58
FFSU,NM,00169406012,VICTOZA 2-,2016,1,false,177.000,29,13826.98
MCOU,NM,00169406013,VICTOZA 3-,2016,1,false,3702.000,395,280676.70
FFSU,NM,00169406013,VICTOZA 3-,2016,1,true,,,
MCOU,NV,00169406012,Victoza 6M,2016,4,false,3972.000,659,335784.34
FFSU,NV,00169406012,Victoza 6M,2016,4,false,750.000,121,61539.11
MCOU,NV,00169406013,Victoza 6M,2016,4,false,3147.000,352,264648.80
FFSU,NV,00169406013,Victoza 6M,2016,4,false,1917.000,194,157523.47
MCOU,NV,00169406012,Victoza 6M,2016,3,false,2886.000,481,231990.32
FFSU,NV,00169406012,Victoza 6M,2016,3,false,738.000,123,58356.83
FFSU,NV,00169406013,Victoza 6M,2016,3,false,2475.000,255,190303.50
MCOU,NV,00169406013,Victoza 6M,2016,3,false,1203.000,134,97274.29
FFSU,NV,00169406012,Victoza 6M,2016,2,false,723.000,113,56251.07
MCOU,NV,00169406012,Victoza 6M,2016,2,false,4020.000,670,313637.09
MCOU,NV,00169406013,Victoza 6M,2016,2,false,1164.000,115,79023.71
FFSU,NV,00169406013,Victoza 6M,2016,2,false,1830.000,188,139388.50
MCOU,NV,00169406012,Victoza 6M,2016,1,false,3102.000,514,243069.30
FFSU,NV,00169406012,Victoza 6M,2016,1,false,753.000,116,57486.88
FFSU,NV,00169406013,Victoza 6M,2016,1,false,1566.000,161,117601.65
MCOU,NV,00169406013,Victoza 6M,2016,1,false,909.000,115,80232.05
FFSU,NY,00169406012,VICTOZA 6M,2016,4,false,999.000,168,83034.29
MCOU,NY,00169406012,VICTOZA 2-,2016,4,false,30639.000,5072,2526265.44
MCOU,NY,00169406013,VICTOZA 3-,2016,4,false,72954.000,8189,6034502.56
FFSU,NY,00169406013,VICTOZA 6M,2016,4,false,2655.000,288,219037.64
FFSU,NY,00169406012,VICTOZA 6M,2016,3,false,858.000,147,65387.96
MCOU,NY,00169406012,VICTOZA 2-,2016,3,false,30568.200,5054,2390519.52
MCOU,NY,00169406013,VICTOZA 3-,2016,3,false,71748.000,8050,5629950.27
FFSU,NY,00169406013,VICTOZA 6M,2016,3,false,2793.000,315,215848.01
MCOU,NY,00169406012,VICTOZA 2-,2016,2,false,30498.400,5050,2333368.50
FFSU,NY,00169406012,VICTOZA 6M,2016,2,false,957.000,164,72357.46
FFSU,NY,00169406013,VICTOZA 6M,2016,2,false,2772.000,320,212174.05
MCOU,NY,00169406013,VICTOZA 3-,2016,2,false,68097.000,7636,5206289.57
FFSU,NY,00169406012,VICTOZA 6M,2016,1,false,927.006,158,71324.85
MCOU,NY,00169406012,VICTOZA 2-,2016,1,false,36781.000,6144,2796263.92
FFSU,NY,00169406013,VICTOZA 6M,2016,1,false,2793.000,323,213207.24
MCOU,NY,00169406013,VICTOZA 3-,2016,1,false,76212.000,8584,5785087.48
FFSU,OH,00169406012,Victoza 6M,2016,4,false,1599.000,262,141668.89
MCOU,OH,00169406012,Victoza 6M,2016,4,false,26807.000,4454,2200412.24
MCOU,OH,00169406013,Victoza 6M,2016,4,false,54114.000,6049,4439052.16
FFSU,OH,00169406013,Victoza 6M,2016,4,false,3108.000,363,272340.86
FFSU,OH,00169406012,Victoza 6M,2016,3,false,1803.000,296,146519.60
MCOU,OH,00169406012,Victoza 6M,2016,3,false,26823.000,4454,2051137.65
MCOU,OH,00169406013,Victoza 6M,2016,3,false,52215.000,5825,3975790.06
FFSU,OH,00169406013,Victoza 6M,2016,3,false,3108.000,367,250817.44
FFSU,OH,00169406012,Victoza 6M,2016,2,false,1818.000,291,147834.88
MCOU,OH,00169406012,Victoza 6M,2016,2,false,23855.000,3975,1819261.44
FFSU,OH,00169406013,Victoza 6M,2016,2,false,3114.000,333,255600.94
MCOU,OH,00169406013,Victoza 6M,2016,2,false,43950.000,4919,3333938.56
MCOU,OH,00169406012,Victoza 6M,2016,1,false,27986.000,4656,2120660.63
FFSU,OH,00169406012,Victoza 6M,2016,1,false,1548.000,255,125249.51
FFSU,OH,00169406013,Victoza 6M,2016,1,false,2715.000,303,220318.60
MCOU,OH,00169406013,Victoza 6M,2016,1,false,49930.000,5601,3776446.70
FFSU,OK,00169406012,Victoza 6M,2016,4,false,819.000,142,71184.68
FFSU,OK,00169406013,Victoza 6M,2016,4,false,4605.000,522,401483.10
FFSU,OK,00169406012,Victoza 6M,2016,3,false,951.000,162,76349.14
FFSU,OK,00169406013,Victoza 6M,2016,3,false,4515.000,510,369031.80
FFSU,OK,00169406012,Victoza 6M,2016,2,false,1014.000,171,81905.31
FFSU,OK,00169406013,Victoza 6M,2016,2,false,3597.000,407,290084.58
FFSU,OK,00169406012,Victoza 6M,2016,1,false,920.000,154,74192.43
FFSU,OK,00169406013,Victoza 6M,2016,1,false,3768.000,424,302504.89
FFSU,OR,00169406012,Victoza 6M,2016,4,false,120.000,18,9872.23
MCOU,OR,00169406012,Victoza 6M,2016,4,false,3054.000,508,249948.85
FFSU,OR,00169406013,Victoza 6M,2016,4,false,252.000,28,20625.55
MCOU,OR,00169406013,Victoza 6M,2016,4,false,4833.000,537,396168.63
FFSU,OR,00169406012,Victoza 6M,2016,3,false,153.000,23,11871.59
MCOU,OR,00169406012,Victoza 6M,2016,3,false,2436.000,405,187963.61
MCOU,OR,00169406013,Victoza 6M,2016,3,false,4092.000,459,316687.79
FFSU,OR,00169406013,Victoza 6M,2016,3,false,162.000,18,12504.05
MCOU,OR,00169406012,Victoza 6M,2016,2,false,2319.000,386,178166.17
FFSU,OR,00169406012,Victoza 6M,2016,2,true,,,
MCOU,OR,00169406013,Victoza 6M,2016,2,false,3570.000,399,275645.90
FFSU,OR,00169406013,Victoza 6M,2016,2,false,195.000,22,14906.77
FFSU,OR,00169406012,Victoza 6M,2016,1,true,,,
MCOU,OR,00169406012,Victoza 6M,2016,1,false,2334.000,388,176524.01
MCOU,OR,00169406013,Victoza 6M,2016,1,false,3294.000,368,249581.42
FFSU,OR,00169406013,Victoza 6M,2016,1,false,156.000,18,11892.44
MCOU,PA,00169406012,Victoza 6M,2016,4,false,14202.000,2342,1172913.96
FFSU,PA,00169406012,Victoza 6M,2016,4,false,186.000,31,15410.96
FFSU,PA,00169406013,Victoza 6M,2016,4,false,522.000,56,43142.05
MCOU,PA,00169406013,Victoza 6M,2016,4,false,33414.000,3625,2767292.78
FFSU,PA,00169406012,Victoza 6M,2016,3,false,117.000,15,9301.70
MCOU,PA,00169406012,Victoza 6M,2016,3,false,13728.000,2259,1057184.32
MCOU,PA,00169406013,Victoza 6M,2016,3,false,29169.000,3165,2254410.15
FFSU,PA,00169406013,Victoza 6M,2016,3,false,597.000,61,47380.31
MCOU,PA,00169406012,Victoza 6M,2016,2,false,13602.000,2234,1052231.25
FFSU,PA,00169406012,Victoza 6M,2016,2,false,72.000,12,5723.64
FFSU,PA,00169406013,Victoza 6M,2016,2,false,411.000,43,32659.93
MCOU,PA,00169406013,Victoza 6M,2016,2,false,27435.000,2946,2122229.95
MCOU,PA,00169406012,Victoza 6M,2016,1,false,12132.000,2006,933196.09
FFSU,PA,00169406012,VICTOZA 2-,2016,1,true,,,
FFSU,PA,00169406013,VICTOZA 3-,2016,1,false,420.000,41,32664.03
MCOU,PA,00169406013,Victoza 6M,2016,1,false,23187.000,2491,1769260.95
MCOU,RI,00169406012,Victoza 6M,2016,4,false,588.000,96,50177.78
FFSU,RI,00169406012,Victoza 6M,2016,4,true,,,
MCOU,RI,00169406013,Victoza 6M,2016,4,false,981.000,109,80769.54
MCOU,RI,00169406012,Victoza 6M,2016,3,false,516.000,85,40449.18
FFSU,RI,00169406012,Victoza 6M,2016,3,true,,,
FFSU,RI,00169406013,Victoza 6M,2016,3,true,,,
MCOU,RI,00169406013,Victoza 6M,2016,3,false,1101.000,124,86362.56
FFSU,RI,00169406012,Victoza 6M,2016,2,true,,,
MCOU,RI,00169406012,Victoza 6M,2016,2,false,573.000,95,44724.81
MCOU,RI,00169406013,Victoza 6M,2016,2,false,1035.000,116,81236.55
FFSU,RI,00169406013,Victoza 6M,2016,2,true,,,
MCOU,RI,00169406012,Victoza 6M,2016,1,false,540.000,90,40537.87
FFSU,RI,00169406012,Victoza 6M,2016,1,true,,,
FFSU,RI,00169406013,Victoza 6M,2016,1,true,,,
MCOU,RI,00169406013,Victoza 6M,2016,1,false,855.000,95,66841.77
FFSU,SC,00169406012,VICTOZA 2-,2016,4,true,,,
MCOU,SC,00169406012,VICTOZA 2-,2016,4,false,1170.000,194,96849.54
FFSU,SC,00169406013,VICTOZA 3-,2016,4,false,156.000,21,13049.04
MCOU,SC,00169406013,VICTOZA 3-,2016,4,false,3534.000,391,282892.42
MCOU,SC,00169406012,VICTOZA 2-,2016,3,false,1440.000,239,110894.92
FFSU,SC,00169406012,VICTOZA 2-,2016,3,true,,,
MCOU,SC,00169406013,VICTOZA 3-,2016,3,false,3615.000,406,274476.24
FFSU,SC,00169406013,VICTOZA 3-,2016,3,false,90.000,17,7087.94
MCOU,SC,00169406012,VICTOZA 2-,2016,2,false,1308.000,215,99069.09
FFSU,SC,00169406012,VICTOZA 2-,2016,2,true,,,
FFSU,SC,00169406013,VICTOZA 3-,2016,2,false,108.000,16,8419.09
MCOU,SC,00169406013,VICTOZA 3-,2016,2,false,3696.000,412,274910.57
MCOU,SC,00169406012,VICTOZA 2-,2016,1,false,1290.000,212,96999.14
FFSU,SC,00169406012,VICTOZA 2-,2016,1,true,,,
FFSU,SC,00169406013,VICTOZA 3-,2016,1,false,84.000,17,6545.53
MCOU,SC,00169406013,VICTOZA 3-,2016,1,false,3693.000,415,275879.28
FFSU,SD,00169406012,Victoza 6M,2016,4,false,352.000,56,30440.80
FFSU,SD,00169406013,Victoza 6M,2016,4,false,828.000,91,69978.51
FFSU,SD,00169406012,Victoza 6M,2016,3,false,248.000,45,20835.87
FFSU,SD,00169406013,Victoza 6M,2016,3,false,837.000,91,67436.66
FFSU,SD,00169406012,Victoza 6M,2016,2,false,232.000,41,19367.17
FFSU,SD,00169406013,Victoza 6M,2016,2,false,834.000,93,67220.95
FFSU,SD,00169406012,Victoza 6M,2016,1,false,247.000,42,19939.88
FFSU,SD,00169406013,Victoza 6M,2016,1,false,675.000,75,55331.02
FFSU,TN,00169406012,VICTOZA 2-,2016,4,false,5558.000,941,466859.59
FFSU,TN,00169406013,VICTOZA 3-,2016,4,false,13347.000,1513,1103323.22
FFSU,TN,00169406012,VICTOZA 2-,2016,3,false,5454.000,922,427350.23
FFSU,TN,00169406013,VICTOZA 3-,2016,3,false,12603.000,1410,962574.00
FFSU,TN,00169406012,VICTOZA 2-,2016,2,false,4677.000,801,362965.38
FFSU,TN,00169406013,VICTOZA 3-,2016,2,false,10653.000,1200,817521.85
FFSU,TN,00169406012,VICTOZA 2-,2016,1,false,4215.000,707,322183.17
FFSU,TN,00169406013,VICTOZA 3-,2016,1,false,10617.000,1186,804199.56
FFSU,TX,00169406012,VICTOZA 2-,2016,4,false,117.000,16,9700.57
MCOU,TX,00169406012,VICTOZA 2-,2016,4,false,9114.000,1506,753260.62
MCOU,TX,00169406013,VICTOZA 3-,2016,4,false,19896.000,2218,1650038.37
FFSU,TX,00169406013,VICTOZA 3-,2016,4,false,333.000,28,27415.18
FFSU,TX,00169406012,VICTOZA 2-,2016,3,false,165.000,22,12700.84
MCOU,TX,00169406012,VICTOZA 2-,2016,3,false,8607.000,1425,674811.00
FFSU,TX,00169406013,VICTOZA 3-,2016,3,false,306.000,29,23540.49
MCOU,TX,00169406013,VICTOZA 3-,2016,3,false,16917.000,1899,1326131.67
FFSU,TX,00169406012,VICTOZA 2-,2016,2,false,153.000,23,11508.98
MCOU,TX,00169406012,VICTOZA 2-,2016,2,false,9273.000,1542,715616.37
MCOU,TX,00169406013,VICTOZA 3-,2016,2,false,17106.000,1916,1335213.46
FFSU,TX,00169406013,VICTOZA 3-,2016,2,false,423.000,44,33546.27
FFSU,TX,00169406012,VICTOZA 2-,2016,1,false,153.000,23,12097.47
MCOU,TX,00169406012,VICTOZA 2-,2016,1,false,8928.000,1488,691129.40
MCOU,TX,00169406013,VICTOZA 3-,2016,1,false,15669.000,1756,1220216.36
FFSU,TX,00169406013,VICTOZA 3-,2016,1,false,270.000,24,21157.95
FFSU,UT,00169406012,Victoza 6M,2016,4,false,108.000,20,8819.73
MCOU,UT,00169406012,Victoza 6M,2016,4,false,198.000,31,16644.58
MCOU,UT,00169406013,Victoza 6M,2016,4,false,783.000,87,66795.50
FFSU,UT,00169406013,Victoza 6M,2016,4,false,387.000,43,27483.45
FFSU,UT,00169406012,Victoza 6M,2016,3,true,,,
MCOU,UT,00169406012,Victoza 6M,2016,3,false,243.000,39,19244.04
MCOU,UT,00169406013,Victoza 6M,2016,3,false,594.000,66,49492.66
FFSU,UT,00169406013,Victoza 6M,2016,3,false,186.000,22,14317.33
MCOU,UT,00169406012,Victoza 6M,2016,2,false,246.000,41,19313.13
FFSU,UT,00169406012,Victoza 6M,2016,2,true,,,
MCOU,UT,00169406013,Victoza 6M,2016,2,false,522.000,72,42851.71
FFSU,UT,00169406013,Victoza 6M,2016,2,false,186.000,21,13943.88
FFSU,UT,00169406012,Victoza 6M,2016,1,true,,,
MCOU,UT,00169406012,Victoza 6M,2016,1,false,195.000,47,15326.98
MCOU,UT,00169406013,Victoza 6M,2016,1,false,450.000,58,40071.37
FFSU,UT,00169406013,Victoza 6M,2016,1,false,162.000,18,11749.64
MCOU,VA,00169406012,VICTOZA 2-,2016,4,false,1512.000,250,128371.34
FFSU,VA,00169406012,Victoza 6M,2016,4,false,114.000,19,9939.00
FFSU,VA,00169406013,Victoza 6M,2016,4,false,117.000,13,10119.00
MCOU,VA,00169406013,VICTOZA 3-,2016,4,false,3975.000,447,341606.18
FFSU,VA,00169406012,Victoza 6M,2016,3,false,141.000,24,11453.37
MCOU,VA,00169406012,VICTOZA 2-,2016,3,false,1410.000,234,113393.09
FFSU,VA,00169406013,Victoza 6M,2016,3,false,117.000,13,9411.52
MCOU,VA,00169406013,VICTOZA 3-,2016,3,false,3642.000,409,294527.05
MCOU,VA,00169406012,Victoza 6M,2016,2,false,1296.000,215,102123.63
FFSU,VA,00169406012,Victoza 6M,2016,2,false,114.000,19,9181.88
FFSU,VA,00169406013,Victoza 6M,2016,2,false,126.000,14,10163.16
MCOU,VA,00169406013,VICTOZA 3-,2016,2,false,3648.000,407,286885.81
MCOU,VA,00169406012,VICTOZA 2-,2016,1,false,1356.000,225,106520.83
FFSU,VA,00169406012,Victoza 6M,2016,1,false,78.000,13,6238.52
FFSU,VA,00169406013,Victoza 6M,2016,1,false,147.000,15,11848.27
MCOU,VA,00169406013,VICTOZA 3-,2016,1,false,3177.000,354,249059.47
FFSU,VT,00169406012,Victoza 6M,2016,4,false,870.000,145,74631.89
FFSU,VT,00169406013,Victoza 6M,2016,4,false,2535.000,280,204151.49
FFSU,VT,00169406012,Victoza 6M,2016,3,false,933.000,153,72746.03
FFSU,VT,00169406013,Victoza 6M,2016,3,false,2874.000,322,218376.02
FFSU,VT,00169406012,Victoza 6M,2016,2,false,930.000,156,73428.50
FFSU,VT,00169406013,Victoza 6M,2016,2,false,2571.000,287,195966.99
FFSU,VT,00169406012,Victoza 6M,2016,1,false,783.000,132,60977.84
FFSU,VT,00169406013,Victoza 6M,2016,1,false,2376.000,260,180043.10
MCOU,WA,00169406012,Victoza 6M,2016,4,false,3336.000,558,277887.90
FFSU,WA,00169406012,Victoza 6M,2016,4,true,,,
FFSU,WA,00169406013,Victoza 6M,2016,4,false,117.000,13,8363.39
MCOU,WA,00169406013,Victoza 6M,2016,4,false,6417.000,718,531343.15
FFSU,WA,00169406012,Victoza 6M,2016,3,true,,,
MCOU,WA,00169406012,Victoza 6M,2016,3,false,3507.000,587,273641.93
FFSU,WA,00169406013,Victoza 6M,2016,3,false,99.000,11,6413.07
MCOU,WA,00169406013,Victoza 6M,2016,3,false,6231.000,700,484741.59
MCOU,WA,00169406012,Victoza 6M,2016,2,false,3192.000,534,246509.87
FFSU,WA,00169406012,Victoza 6M,2016,2,false,96.000,16,7164.69
FFSU,WA,00169406013,Victoza 6M,2016,2,false,216.000,24,13035.65
MCOU,WA,00169406013,Victoza 6M,2016,2,false,4875.000,542,375119.31
MCOU,WA,00169406012,Victoza 6M,2016,1,false,2565.000,427,196895.34
FFSU,WA,00169406012,Victoza 6M,2016,1,false,99.000,17,6992.63
FFSU,WA,00169406013,Victoza 6M,2016,1,false,315.000,34,19058.06
MCOU,WA,00169406013,Victoza 6M,2016,1,false,4260.000,478,325383.68
MCOU,WI,00169406012,Victoza 6M,2016,4,true,,,
FFSU,WI,00169406012,Victoza 6M,2016,4,false,108.000,18,10754.13
FFSU,WI,00169406013,Victoza 6M,2016,4,false,567.000,62,48255.83
MCOU,WI,00169406013,Victoza 6M,2016,4,false,99.000,11,0.00
FFSU,WI,00169406012,Victoza 6M,2016,3,false,114.000,19,10072.27
MCOU,WI,00169406012,Victoza 6M,2016,3,true,,,
FFSU,WI,00169406013,Victoza 6M,2016,3,false,591.000,65,47621.77
MCOU,WI,00169406013,Victoza 6M,2016,3,true,,,
MCOU,WI,00169406012,Victoza 6M,2016,2,true,,,
FFSU,WI,00169406012,Victoza 6M,2016,2,false,180.000,30,14302.72
FFSU,WI,00169406013,Victoza 6M,2016,2,false,576.000,64,44939.03
MCOU,WI,00169406013,Victoza 6M,2016,2,true,,,
FFSU,WI,00169406012,Victoza 6M,2016,1,false,132.000,22,10426.00
MCOU,WI,00169406012,Victoza 6M,2016,1,true,,,
MCOU,WI,00169406013,Victoza 6M,2016,1,true,,,
FFSU,WI,00169406013,Victoza 6M,2016,1,false,654.000,70,52026.16
FFSU,WV,00169406012,VICTOZA 2-,2016,4,false,1908.000,318,160243.06
MCOU,WV,00169406012,VICTOZA 2-,2016,4,false,3699.000,616,313061.80
MCOU,WV,00169406013,VICTOZA 3-,2016,4,false,6525.000,732,549886.64
FFSU,WV,00169406013,VICTOZA 3-,2016,4,false,2403.000,271,202127.43
FFSU,WV,00169406012,VICTOZA 2-,2016,3,false,1956.000,324,154033.58
MCOU,WV,00169406012,VICTOZA 2-,2016,3,false,3447.000,576,274554.62
MCOU,WV,00169406013,VICTOZA 3-,2016,3,false,6219.000,696,491274.59
FFSU,WV,00169406013,VICTOZA 3-,2016,3,false,2301.000,262,180962.47
FFSU,WV,00169406012,VICTOZA 2-,2016,2,false,1665.000,279,131204.51
MCOU,WV,00169406012,VICTOZA 2-,2016,2,false,3162.000,527,246698.36
MCOU,WV,00169406013,VICTOZA 3-,2016,2,false,5379.000,602,423182.38
FFSU,WV,00169406013,VICTOZA 3-,2016,2,false,2226.000,248,175190.31
MCOU,WV,00169406012,VICTOZA 2-,2016,1,false,3054.000,508,238839.49
FFSU,WV,00169406012,VICTOZA 2-,2016,1,false,1260.000,210,97234.93
FFSU,WV,00169406013,VICTOZA 3-,2016,1,false,2055.000,229,158157.73
MCOU,WV,00169406013,VICTOZA 3-,2016,1,false,4920.000,550,385060.97
FFSU,WY,00169406012,Victoza 6M,2016,4,false,138.000,23,12277.83
FFSU,WY,00169406013,Victoza 6M,2016,4,false,333.000,35,29590.65
FFSU,WY,00169406012,Victoza 6M,2016,3,false,180.000,30,15223.28
FFSU,WY,00169406013,Victoza 6M,2016,3,false,288.000,32,23950.65
FFSU,WY,00169406012,Victoza 6M,2016,2,false,186.000,31,15172.59
FFSU,WY,00169406013,Victoza 6M,2016,2,false,252.000,28,20751.37
FFSU,WY,00169406012,Victoza 6M,2016,1,false,120.000,20,9787.86
FFSU,WY,00169406013,VICTOZA   ,2016,1,false,222.000,23,18193.71
MCOU,AZ,00169280015,SAXENDA   ,2016,4,false,210.000,14,16206.24
MCOU,AZ,00169280015,SAXENDA   ,2016,3,false,210.000,14,16205.24
MCOU,AZ,00169280015,SAXENDA   ,2016,2,true,,,
MCOU,AZ,00169280015,SAXENDA   ,2016,1,true,,,
MCOU,CA,00169280015,SAXENDA   ,2016,4,false,1641.000,109,126444.31
FFSU,CA,00169280015,SAXENDA   ,2016,4,false,537.000,39,38905.43
FFSU,CA,00169280015,SAXENDA   ,2016,3,false,585.000,39,43505.37
MCOU,CA,00169280015,SAXENDA   ,2016,3,false,1284.000,83,99335.46
MCOU,CA,00169280015,SAXENDA   ,2016,2,false,1071.000,70,82315.32
FFSU,CA,00169280015,SAXENDA   ,2016,2,false,405.000,27,30235.83
MCOU,CA,00169280015,SAXENDA   ,2016,1,false,1050.000,70,74557.93
FFSU,CA,00169280015,SAXENDA   ,2016,1,false,450.000,30,30109.23
MCOU,DC,00169280015,SAXENDA 18,2016,4,true,,,
MCOU,DC,00169280015,SAXENDA 18,2016,3,true,,,
MCOU,DC,00169280015,SAXENDA 18,2016,2,true,,,
MCOU,DC,00169280015,SAXENDA 18,2016,1,true,,,
MCOU,DE,00169280015,SAXENDA   ,2016,3,true,,,
MCOU,DE,00169280015,SAXENDA   ,2016,2,true,,,
MCOU,DE,00169280015,SAXENDA   ,2016,1,true,,,
MCOU,FL,00169280015,SAXENDA   ,2016,4,true,,,
MCOU,FL,00169280015,SAXENDA   ,2016,3,true,,,
MCOU,FL,00169280015,SAXENDA   ,2016,2,true,,,
MCOU,GA,00169280015,SAXENDA   ,2016,2,true,,,
MCOU,GA,00169280015,SAXENDA   ,2016,1,true,,,
MCOU,IA,00169280015,SAXENDA   ,2016,2,false,255.000,17,18363.91
MCOU,KS,00169280015,SAXENDA   ,2016,4,false,1182.000,80,89074.18
MCOU,KS,00169280015,SAXENDA   ,2016,3,false,1968.000,134,147189.56
MCOU,KS,00169280015,SAXENDA   ,2016,2,false,876.000,62,65382.95
MCOU,KS,00169280015,SAXENDA   ,2016,1,false,1899.000,130,142712.29
MCOU,KY,00169280015,SAXENDA   ,2016,4,false,1683.000,115,130154.23
MCOU,KY,00169280015,SAXENDA   ,2016,3,false,1296.000,92,100925.13
MCOU,KY,00169280015,SAXENDA   ,2016,2,false,906.000,65,71021.67
MCOU,KY,00169280015,SAXENDA   ,2016,1,true,,,
MCOU,LA,00169280015,SAXENDA   ,2016,4,true,,,
MCOU,LA,00169280015,SAXENDA   ,2016,3,true,,,
MCOU,LA,00169280015,SAXENDA   ,2016,2,true,,,
MCOU,LA,00169280015,SAXENDA   ,2016,1,true,,,
MCOU,MA,00169280015,SAXENDA 18,2016,4,false,192.000,14,15042.33
MCOU,MA,00169280015,SAXENDA 18,2016,3,true,,,
MCOU,MA,00169280015,SAXENDA 18,2016,2,true,,,
MCOU,MA,00169280015,SAXENDA 18,2016,1,true,,,
MCOU,MD,00169280015,SAXENDA 18,2016,4,true,,,
MCOU,MD,00169280015,SAXENDA 18,2016,3,true,,,
MCOU,MD,00169280015,SAXENDA 18,2016,2,true,,,
MCOU,MD,00169280015,SAXENDA 18,2016,1,true,,,
FFSU,MI,00169280015,SAXENDA   ,2016,4,true,,,
MCOU,MI,00169280015,SAXENDA   ,2016,3,true,,,
FFSU,MI,00169280015,SAXENDA   ,2016,3,true,,,
MCOU,MI,00169280015,SAXENDA   ,2016,2,true,,,
FFSU,MI,00169280015,SAXENDA   ,2016,2,true,,,
MCOU,MI,00169280015,SAXENDA   ,2016,1,true,,,
FFSU,MI,00169280015,SAXENDA   ,2016,1,true,,,
MCOU,MN,00169280015,SAXENDA   ,2016,2,true,,,
FFSU,MO,00169280015,SAXENDA   ,2016,2,true,,,
FFSU,MO,00169280015,SAXENDA   ,2016,1,true,,,
FFSU,MT,00169280015,SAXENDA 18,2016,1,true,,,
FFSU,XX,00169280015,SAXENDA   ,2016,4,false,2610.000,178,194087.33
MCOU,XX,00169280015,SAXENDA   ,2016,4,false,5400.000,367,414812.04
FFSU,XX,00169280015,SAXENDA   ,2016,3,false,2625.000,175,196228.45
MCOU,XX,00169280015,SAXENDA   ,2016,3,false,5498.000,362,404820.77
FFSU,XX,00169280015,SAXENDA   ,2016,2,false,1683.000,111,125648.31
MCOU,XX,00169280015,SAXENDA   ,2016,2,false,4113.000,283,315561.13
FFSU,XX,00169280015,SAXENDA   ,2016,1,false,1116.000,76,75648.72
MCOU,XX,00169280015,SAXENDA   ,2016,1,false,3807.000,262,284222.06
FFSU,NH,00169280015,SAXENDA   ,2016,4,true,,,
MCOU,NH,00169280015,SAXENDA   ,2016,4,true,,,
MCOU,NJ,00169280015,SAXENDA   ,2016,1,true,,,
FFSU,NV,00169280015,SAXENDA   ,2016,4,true,,,
FFSU,NV,00169280015,SAXENDA   ,2016,3,true,,,
FFSU,NV,00169280015,SAXENDA   ,2016,2,true,,,
MCOU,NY,00169280015,SAXENDA   ,2016,4,true,,,
MCOU,NY,00169280015,SAXENDA   ,2016,3,true,,,
MCOU,NY,00169280015,SAXENDA   ,2016,2,true,,,
MCOU,NY,00169280015,SAXENDA   ,2016,1,true,,,
MCOU,OR,00169280015,SAXENDA   ,2016,4,true,,,
MCOU,PA,00169280015,SAXENDA   ,2016,4,true,,,
MCOU,PA,00169280015,SAXENDA   ,2016,3,true,,,
MCOU,PA,00169280015,SAXENDA   ,2016,2,true,,,
MCOU,PA,00169280015,SAXENDA 18,2016,1,true,,,
MCOU,RI,00169280015,SAXENDA   ,2016,4,true,,,
FFSU,RI,00169280015,SAXENDA   ,2016,1,true,,,
MCOU,SC,00169280015,SAXENDA   ,2016,4,true,,,
FFSU,TN,00169280015,SAXENDA   ,2016,4,true,,,
FFSU,TN,00169280015,SAXENDA   ,2016,3,true,,,
FFSU,TN,00169280015,SAXENDA   ,2016,2,true,,,
FFSU,TN,00169280015,SAXENDA   ,2016,1,true,,,
MCOU,TX,00169280015,SAXENDA 18,2016,3,true,,,
MCOU,VA,00169280015,SAXENDA   ,2016,4,true,,,
FFSU,VA,00169280015,SAXENDA   ,2016,4,true,,,
MCOU,VA,00169280015,SAXENDA   ,2016,3,true,,,
FFSU,VA,00169280015,SAXENDA   ,2016,3,true,,,
FFSU,VA,00169280015,SAXENDA   ,2016,2,true,,,
MCOU,VA,00169280015,SAXENDA   ,2016,2,false,270.000,18,20988.19
FFSU,VA,00169280015,SAXENDA   ,2016,1,true,,,
MCOU,VA,00169280015,SAXENDA   ,2016,1,false,171.000,13,12355.13
FFSU,WI,00169280015,SAXENDA   ,2016,4,false,1899.000,127,145980.04
FFSU,WI,00169280015,SAXENDA   ,2016,3,false,1830.000,122,140674.54
FFSU,WI,00169280015,SAXENDA   ,2016,2,false,1158.000,76,88396.57
FFSU,WI,00169280015,SAXENDA   ,2016,1,false,573.000,39,40780.11
MCOU,WV,00169280015,SAXENDA   ,2016,2,true,,,
FFSU,AK,00310651201,BYETTA    ,2016,4,true,,,
FFSU,AK,00310652401,BYETTA    ,2016,4,false,57.600,24,14036.69
FFSU,AK,00310651201,BYETTA    ,2016,3,true,,,
FFSU,AK,00310652401,BYETTA    ,2016,3,false,72.000,30,17518.15
FFSU,AK,00310651201,BYETTA    ,2016,2,false,13.200,11,6237.88
FFSU,AK,00310652401,BYETTA    ,2016,2,false,50.400,21,11911.85
FFSU,AK,00310651201,BYETTA    ,2016,1,false,18.000,15,8378.72
FFSU,AK,00310652401,BYETTA    ,2016,1,false,60.000,25,13507.10
FFSU,AK,66780021007,BYETTA    ,2016,1,true,,,
FFSU,AL,00310651201,Byetta 250,2016,4,false,19.200,16,9789.21
FFSU,AL,00310652401,Byetta 250,2016,4,false,74.400,31,18771.71
FFSU,AL,00310651201,Byetta 250,2016,3,false,19.200,16,9716.80
FFSU,AL,00310652401,Byetta 250,2016,3,false,74.400,31,19156.52
FFSU,AL,00310651201,Byetta 250,2016,2,false,21.600,18,10486.78
FFSU,AL,00310652401,Byetta 250,2016,2,false,110.400,46,27282.58
FFSU,AL,00310651201,Byetta 250,2016,1,false,34.800,28,16410.15
FFSU,AL,00310652401,Byetta 250,2016,1,false,122.400,51,28676.07
FFSU,AR,00310651201,BYETTA    ,2016,4,true,,,
FFSU,AR,00310652401,BYETTA    ,2016,4,true,,,
FFSU,AR,00310651201,BYETTA    ,2016,3,true,,,
FFSU,AR,00310652401,BYETTA    ,2016,3,true,,,
FFSU,AR,00310651201,BYETTA    ,2016,2,true,,,
FFSU,AR,00310652401,BYETTA    ,2016,2,true,,,
FFSU,AR,00310651201,BYETTA    ,2016,1,true,,,
FFSU,AR,00310652401,BYETTA    ,2016,1,true,,,
MCOU,AZ,00310651201,BYETTA    ,2016,4,false,208.800,174,104857.14
FFSU,AZ,00310651201,BYETTA    ,2016,4,true,,,
MCOU,AZ,00310652401,BYETTA    ,2016,4,false,468.000,192,116756.97
FFSU,AZ,00310652401,BYETTA    ,2016,4,true,,,
FFSU,AZ,00310651201,BYETTA    ,2016,3,true,,,
MCOU,AZ,00310651201,BYETTA    ,2016,3,false,210.000,175,104451.51
MCOU,AZ,00310652401,BYETTA    ,2016,3,false,492.000,204,120497.91
FFSU,AZ,00310651201,BYETTA    ,2016,2,true,,,
MCOU,AZ,00310651201,BYETTA    ,2016,2,false,223.200,181,107643.82
MCOU,AZ,00310652401,BYETTA    ,2016,2,false,525.600,219,121761.18
MCOU,AZ,00310651201,BYETTA    ,2016,1,false,289.200,239,136228.45
MCOU,AZ,00310652401,BYETTA    ,2016,1,false,760.800,315,167015.25
MCOU,AZ,66780021007,BYETTA    ,2016,1,true,,,
MCOU,AZ,66780021201,BYETTA    ,2016,1,true,,,
FFSU,CA,00310651201,BYETTA 250,2016,4,false,99.600,81,51960.34
MCOU,CA,00310651201,BYETTA 250,2016,4,false,315.600,242,153066.08
FFSU,CA,00310652401,BYETTA 250,2016,4,false,513.600,202,133286.56
MCOU,CA,00310652401,BYETTA 250,2016,4,false,1052.000,433,269967.28
FFSU,CA,00310651201,BYETTA 250,2016,3,false,99.600,81,50983.39
MCOU,CA,00310651201,BYETTA 250,2016,3,false,313.200,251,156333.42
MCOU,CA,00310652401,BYETTA 250,2016,3,false,957.200,391,234567.17
FFSU,CA,00310652401,BYETTA 250,2016,3,false,511.200,205,132839.15
MCOU,CA,00310651201,BYETTA 250,2016,2,false,284.600,225,137332.95
FFSU,CA,00310651201,BYETTA 250,2016,2,false,104.400,87,51154.43
MCOU,CA,00310652401,BYETTA 250,2016,2,false,1084.000,440,253455.45
FFSU,CA,00310652401,BYETTA 250,2016,2,false,516.000,211,128304.02
MCOU,CA,66780021007,BYETTA  EX,2016,2,true,,,
FFSU,CA,66780021007,BYETTA  EX,2016,2,true,,,
FFSU,CA,66780021201,BYETTA  EX,2016,2,true,,,
MCOU,CA,66780021201,BYETTA  EX,2016,2,true,,,
MCOU,CA,00310651201,BYETTA 250,2016,1,false,238.800,186,116514.26
FFSU,CA,00310651201,BYETTA 250,2016,1,false,133.200,106,65728.20
MCOU,CA,00310652401,BYETTA 250,2016,1,false,857.200,348,201517.77
FFSU,CA,00310652401,BYETTA 250,2016,1,false,537.600,216,132665.55
FFSU,CA,66780021007,BYETTA  EX,2016,1,true,,,
MCOU,CA,66780021007,BYETTA  EX,2016,1,true,,,
MCOU,CA,66780021201,BYETTA  EX,2016,1,true,,,
FFSU,CA,66780021201,BYETTA  EX,2016,1,true,,,
MCOU,CO,00310651201,BYETTA    ,2016,4,false,22.800,19,11219.49
FFSU,CO,00310651201,BYETTA    ,2016,4,false,596.400,404,294711.61
MCOU,CO,00310652401,BYETTA    ,2016,4,false,57.600,24,14199.49
FFSU,CO,00310652401,BYETTA    ,2016,4,false,1377.200,414,336461.82
MCOU,CO,00310651201,BYETTA    ,2016,3,false,24.000,20,11982.12
FFSU,CO,00310651201,BYETTA    ,2016,3,false,604.800,409,295305.20
FFSU,CO,00310652401,BYETTA    ,2016,3,false,1154.400,377,280356.61
MCOU,CO,00310652401,BYETTA    ,2016,3,false,57.600,24,14378.63
FFSU,CO,66780021201,BYETTA    ,2016,3,true,,,
FFSU,CO,00310651201,BYETTA    ,2016,2,false,608.400,411,282714.08
MCOU,CO,00310651201,BYETTA    ,2016,2,false,21.600,18,10271.88
FFSU,CO,00310652401,BYETTA    ,2016,2,false,1156.800,359,269674.00
MCOU,CO,00310652401,BYETTA    ,2016,2,false,48.000,20,11422.15
FFSU,CO,66780021007,BYETTA 5 M,2016,2,true,,,
FFSU,CO,00310651201,BYETTA 5 M,2016,1,false,550.800,384,249025.99
MCOU,CO,00310651201,BYETTA    ,2016,1,false,22.800,19,10784.75
FFSU,CO,00310652401,BYETTA    ,2016,1,false,964.800,308,220194.59
MCOU,CO,00310652401,BYETTA    ,2016,1,false,45.600,15,10852.95
FFSU,CO,66780021201,BYETTA 10 ,2016,1,true,,,
FFSU,CT,00310651201,Byetta 250,2016,4,false,34.800,28,17692.95
FFSU,CT,00310652401,Byetta 250,2016,4,false,110.400,38,28055.70
FFSU,CT,00310651201,Byetta 250,2016,3,false,36.000,29,18129.16
FFSU,CT,00310652401,Byetta 250,2016,3,false,122.400,41,30784.75
FFSU,CT,00310651201,Byetta 250,2016,2,false,33.600,24,16266.85
FFSU,CT,00310652401,BYETTA 250,2016,2,false,115.200,39,27883.03
FFSU,CT,00310651201,Byetta 250,2016,1,false,48.000,38,22805.58
FFSU,CT,00310652401,Byetta 250,2016,1,false,110.400,38,25976.68
FFSU,CT,66780021007,BYETTA (EX,2016,1,true,,,
MCOU,DC,00310651201,BYETTA 5 M,2016,4,true,,,
FFSU,DC,00310651201,BYETTA 5 M,2016,4,false,15.600,13,8193.38
MCOU,DC,00310652401,BYETTA 10 ,2016,4,true,,,
FFSU,DC,00310652401,BYETTA 10 ,2016,4,false,43.200,18,11331.68
FFSU,DC,00310651201,BYETTA 5 M,2016,3,true,,,
MCOU,DC,00310651201,BYETTA 5 M,2016,3,true,,,
FFSU,DC,00310652401,BYETTA 10 ,2016,3,false,48.000,20,12506.90
MCOU,DC,00310652401,BYETTA 10 ,2016,3,true,,,
MCOU,DC,00310651201,BYETTA 5 M,2016,2,true,,,
FFSU,DC,00310651201,BYETTA 5 M,2016,2,true,,,
MCOU,DC,00310652401,BYETTA 10 ,2016,2,true,,,
FFSU,DC,00310652401,BYETTA 10 ,2016,2,false,33.600,14,8394.44
MCOU,DC,00310651201,BYETTA 5 M,2016,1,true,,,
FFSU,DC,00310651201,BYETTA 5 M,2016,1,true,,,
MCOU,DC,00310652401,BYETTA 10 ,2016,1,true,,,
FFSU,DC,00310652401,BYETTA 10 ,2016,1,false,31.200,13,7673.51
FFSU,DE,00310651201,Byetta 250,2016,4,true,,,
MCOU,DE,00310651201,Byetta 250,2016,4,true,,,
MCOU,DE,00310652401,Byetta 250,2016,4,false,79.200,33,8667.16
FFSU,DE,00310652401,Byetta 250,2016,4,true,,,
MCOU,DE,00310651201,Byetta 250,2016,3,false,20.400,17,10443.91
FFSU,DE,00310651201,Byetta 250,2016,3,true,,,
FFSU,DE,00310652401,Byetta 250,2016,3,true,,,
MCOU,DE,00310652401,Byetta 250,2016,3,false,79.200,33,16086.13
MCOU,DE,00310651201,Byetta 250,2016,2,false,22.800,19,11131.03
MCOU,DE,00310652401,Byetta 250,2016,2,false,67.200,28,16434.62
FFSU,DE,00310652401,Byetta 250,2016,2,true,,,
MCOU,DE,00310651201,Byetta 250,2016,1,false,15.600,13,7643.53
FFSU,DE,00310651201,Byetta 250,2016,1,true,,,
MCOU,DE,00310652401,Byetta 250,2016,1,false,86.400,36,20368.65
FFSU,DE,00310652401,Byetta 250,2016,1,true,,,
FFSU,FL,00310651201,BYETTA    ,2016,4,false,66.000,55,34120.35
MCOU,FL,00310651201,BYETTA    ,2016,4,false,420.000,345,207388.19
MCOU,FL,00310652401,BYETTA    ,2016,4,false,1113.600,460,276515.74
FFSU,FL,00310652401,BYETTA    ,2016,4,false,163.200,68,41604.79
MCOU,FL,66780021007,BYETTA    ,2016,4,true,,,
MCOU,FL,00310651201,BYETTA    ,2016,3,false,383.800,315,190266.75
FFSU,FL,00310651201,BYETTA    ,2016,3,false,58.800,49,30251.33
MCOU,FL,00310652401,BYETTA    ,2016,3,false,1056.000,439,261947.17
FFSU,FL,00310652401,BYETTA    ,2016,3,false,151.200,62,37162.32
MCOU,FL,66780021007,BYETTA    ,2016,3,true,,,
MCOU,FL,66780021201,BYETTA    ,2016,3,true,,,
FFSU,FL,00310651201,BYETTA    ,2016,2,false,67.200,56,32931.88
MCOU,FL,00310651201,BYETTA    ,2016,2,false,466.800,381,220651.17
MCOU,FL,00310652401,BYETTA    ,2016,2,false,1231.200,513,292106.15
FFSU,FL,00310652401,BYETTA    ,2016,2,false,189.600,74,45016.54
FFSU,FL,66780021007,BYETTA    ,2016,2,true,,,
MCOU,FL,66780021007,BYETTA    ,2016,2,true,,,
MCOU,FL,66780021201,BYETTA    ,2016,2,false,33.600,14,6314.75
MCOU,FL,00310651201,BYETTA    ,2016,1,false,449.800,371,210550.68
FFSU,FL,00310651201,BYETTA    ,2016,1,false,75.600,63,36178.27
MCOU,FL,00310652401,BYETTA    ,2016,1,false,976.800,402,229522.50
FFSU,FL,00310652401,BYETTA    ,2016,1,false,218.400,90,52115.93
MCOU,FL,66780021007,BYETTA    ,2016,1,true,,,
MCOU,FL,66780021201,BYETTA    ,2016,1,false,48.000,20,8734.86
FFSU,FL,66780021201,BYETTA    ,2016,1,true,,,
FFSU,GA,00310651201,Byetta 250,2016,4,true,,,
MCOU,GA,00310651201,Byetta 250,2016,4,true,,,
MCOU,GA,00310652401,Byetta 250,2016,4,true,,,
FFSU,GA,00310652401,Byetta 250,2016,4,true,,,
FFSU,GA,00310651201,Byetta 250,2016,3,true,,,
MCOU,GA,00310651201,Byetta 250,2016,3,true,,,
FFSU,GA,00310652401,Byetta 250,2016,3,false,36.000,15,9010.45
MCOU,GA,00310652401,Byetta 250,2016,3,true,,,
MCOU,GA,00310651201,Byetta 250,2016,2,true,,,
FFSU,GA,00310651201,Byetta 250,2016,2,true,,,
MCOU,GA,00310652401,Byetta 250,2016,2,true,,,
FFSU,GA,00310652401,Byetta 250,2016,2,true,,,
FFSU,GA,66780021201,BYETTA (EX,2016,2,true,,,
MCOU,GA,00310651201,Byetta 250,2016,1,true,,,
FFSU,GA,00310651201,Byetta 250,2016,1,true,,,
FFSU,GA,00310652401,BYETTA    ,2016,1,true,,,
FFSU,GA,66780021201,BYETTA (EX,2016,1,true,,,
MCOU,HI,00310651201,BYETTA 5 M,2016,4,true,,,
MCOU,HI,00310652401,BYETTA 10 ,2016,4,true,,,
MCOU,HI,00310652401,BYETTA 10 ,2016,3,true,,,
MCOU,HI,66780021201,BYETTA 10 ,2016,3,true,,,
MCOU,HI,00310652401,BYETTA 10 ,2016,2,false,24.800,12,7133.34
MCOU,HI,66780021201,BYETTA 10 ,2016,2,true,,,
MCOU,HI,00310651201,BYETTA 5 M,2016,1,true,,,
MCOU,HI,00310652401,BYETTA 10 ,2016,1,false,22.800,11,6447.09
MCOU,HI,66780021007,BYETTA 5 M,2016,1,true,,,
MCOU,HI,66780021201,BYETTA 10 ,2016,1,true,,,
FFSU,IA,00310651201,Byetta 250,2016,4,true,,,
MCOU,IA,00310651201,Byetta 250,2016,4,false,174.000,144,106137.90
FFSU,IA,00310652401,Byetta 250,2016,4,true,,,
MCOU,IA,00310652401,Byetta 250,2016,4,false,530.400,221,156519.43
MCOU,IA,00310651201,Byetta 250,2016,3,false,156.000,127,95859.90
FFSU,IA,00310651201,Byetta 250,2016,3,true,,,
MCOU,IA,00310652401,Byetta 250,2016,3,false,496.800,207,157122.44
MCOU,IA,66780021201,BYETTA (EX,2016,3,true,,,
FFSU,IA,00310651201,Byetta 250,2016,2,false,16.800,14,6973.63
MCOU,IA,00310651201,Byetta 250,2016,2,false,130.800,109,90249.87
MCOU,IA,00310652401,Byetta 250,2016,2,false,631.200,263,145725.81
FFSU,IA,00310652401,Byetta 250,2016,2,false,60.000,25,13547.03
MCOU,IA,66780021201,BYETTA (EX,2016,2,true,,,
FFSU,IA,66780021201,BYETTA (EX,2016,2,true,,,
FFSU,IA,00310651201,Byetta 250,2016,1,false,166.800,136,77650.14
FFSU,IA,00310652401,Byetta 250,2016,1,false,566.400,235,133178.68
FFSU,IA,66780021007,BYETTA (EX,2016,1,true,,,
FFSU,IA,66780021201,BYETTA (EX,2016,1,true,,,
FFSU,ID,00310651201,BYETTA    ,2016,4,false,78.000,65,39647.27
FFSU,ID,00310652401,BYETTA    ,2016,4,false,233.800,98,58569.37
FFSU,ID,00310651201,BYETTA    ,2016,3,false,69.600,58,34959.90
FFSU,ID,00310652401,BYETTA    ,2016,3,false,208.800,87,52088.60
FFSU,ID,00310651201,BYETTA    ,2016,2,false,69.600,58,32994.82
FFSU,ID,00310652401,BYETTA    ,2016,2,false,228.000,95,54555.34
FFSU,ID,00310651201,BYETTA    ,2016,1,false,62.400,52,28955.44
FFSU,ID,00310652401,BYETTA    ,2016,1,false,223.200,93,52110.70
FFSU,IL,00310651201,Byetta 250,2016,4,false,135.600,113,68493.09
MCOU,IL,00310651201,Byetta 250,2016,4,false,216.000,167,101111.05
MCOU,IL,00310652401,Byetta 250,2016,4,false,832.800,335,203889.47
FFSU,IL,00310652401,Byetta 250,2016,4,false,463.200,193,116983.29
MCOU,IL,66780021007,BYETTA (EX,2016,4,true,,,
FFSU,IL,00310651201,Byetta 250,2016,3,false,117.600,98,59105.54
MCOU,IL,00310651201,Byetta 250,2016,3,false,122.400,102,59928.04
FFSU,IL,00310652401,Byetta 250,2016,3,false,436.800,182,109424.03
MCOU,IL,00310652401,Byetta 250,2016,3,false,633.600,264,156128.32
MCOU,IL,66780021007,BYETTA (EX,2016,3,true,,,
MCOU,IL,66780021201,BYETTA (EX,2016,3,true,,,
MCOU,IL,00310651201,Byetta 250,2016,2,false,260.400,217,123934.57
FFSU,IL,00310651201,Byetta 250,2016,2,false,164.400,137,79066.60
MCOU,IL,00310652401,Byetta 250,2016,2,false,864.000,358,205125.77
FFSU,IL,00310652401,Byetta 250,2016,2,false,520.800,217,125251.89
MCOU,IL,66780021007,BYETTA (EX,2016,2,true,,,
FFSU,IL,66780021201,BYETTA (EX,2016,2,true,,,
MCOU,IL,66780021201,BYETTA (EX,2016,2,true,,,
MCOU,IL,00310651201,Byetta 250,2016,1,false,286.800,237,127260.66
FFSU,IL,00310651201,Byetta 250,2016,1,false,133.200,111,63008.17
MCOU,IL,00310652401,Byetta 250,2016,1,false,955.200,397,212964.22
FFSU,IL,00310652401,Byetta 250,2016,1,false,504.000,210,118242.14
MCOU,IL,66780021007,BYETTA (EX,2016,1,true,,,
MCOU,IL,66780021201,BYETTA (EX,2016,1,false,64.800,27,12368.81
FFSU,IL,66780021201,BYETTA (EX,2016,1,false,26.400,11,5264.74
FFSU,IN,00310651201,Byetta 250,2016,4,true,,,
MCOU,IN,00310651201,Byetta 250,2016,4,false,22.800,19,11646.84
MCOU,IN,00310652401,Byetta 250,2016,4,false,108.000,45,27531.67
FFSU,IN,00310651201,Byetta 250,2016,3,true,,,
MCOU,IN,00310651201,Byetta 250,2016,3,false,24.000,20,12281.97
FFSU,IN,00310652401,Byetta 250,2016,3,true,,,
MCOU,IN,00310652401,Byetta 250,2016,3,false,139.200,58,35585.05
MCOU,IN,00310651201,Byetta 250,2016,2,false,40.800,34,19899.48
FFSU,IN,00310651201,Byetta 250,2016,2,true,,,
MCOU,IN,00310652401,Byetta 250,2016,2,false,228.000,95,55585.56
MCOU,IN,00310651201,Byetta 250,2016,1,false,31.200,26,14742.10
FFSU,IN,00310651201,Byetta 250,2016,1,true,,,
MCOU,IN,00310652401,Byetta 250,2016,1,false,136.800,57,32279.23
FFSU,IN,00310652401,Byetta 250,2016,1,true,,,
MCOU,IN,66780021007,BYETTA (EX,2016,1,true,,,
MCOU,KS,00310651201,Byetta 250,2016,4,true,,,
MCOU,KS,00310652401,Byetta 250,2016,4,true,,,
MCOU,KS,00310651201,Byetta 250,2016,3,false,28.800,24,13818.90
MCOU,KS,00310652401,Byetta 250,2016,3,false,36.000,15,8413.11
MCOU,KS,00310651201,Byetta 250,2016,2,true,,,
MCOU,KS,00310652401,Byetta 250,2016,2,true,,,
MCOU,KS,00310651201,Byetta 250,2016,1,false,36.000,30,16743.09
MCOU,KS,00310652401,Byetta 250,2016,1,true,,,
MCOU,KS,66780021007,BYETTA (EX,2016,1,true,,,
MCOU,KS,66780021201,BYETTA (EX,2016,1,true,,,
FFSU,KY,00310651201,BYETTA    ,2016,4,false,37.200,31,19340.58
MCOU,KY,00310651201,BYETTA    ,2016,4,true,,,
MCOU,KY,00310652401,BYETTA    ,2016,4,true,,,
FFSU,KY,00310652401,BYETTA    ,2016,4,false,60.000,25,15604.50
FFSU,KY,00310651201,BYETTA    ,2016,3,false,35.000,26,17950.42
MCOU,KY,00310651201,BYETTA    ,2016,3,false,112.800,93,58001.65
FFSU,KY,00310652401,BYETTA    ,2016,3,false,64.800,27,16646.29
MCOU,KY,00310652401,BYETTA    ,2016,3,true,,,
MCOU,KY,00310651201,BYETTA    ,2016,2,false,13.200,11,6423.47
FFSU,KY,00310651201,BYETTA    ,2016,2,false,24.000,20,11889.40
MCOU,KY,00310652401,BYETTA    ,2016,2,true,,,
FFSU,KY,00310652401,BYETTA    ,2016,2,false,67.200,28,16646.76
MCOU,KY,00310651201,BYETTA    ,2016,1,false,151.600,123,72886.30
FFSU,KY,00310651201,BYETTA    ,2016,1,false,21.600,18,10406.64
MCOU,KY,00310652401,BYETTA    ,2016,1,false,612.800,256,147433.22
FFSU,KY,00310652401,BYETTA    ,2016,1,false,55.200,21,13118.58
MCOU,KY,66780021007,BYETTA    ,2016,1,true,,,
MCOU,LA,00310651201,BYETTA    ,2016,4,false,31.200,24,15836.63
FFSU,LA,00310651201,BYETTA    ,2016,4,true,,,
FFSU,LA,00310652401,BYETTA    ,2016,4,true,,,
MCOU,LA,00310652401,BYETTA    ,2016,4,false,52.800,21,13416.10
MCOU,LA,00310651201,BYETTA    ,2016,3,false,31.200,24,15840.48
FFSU,LA,00310651201,BYETTA    ,2016,3,true,,,
FFSU,LA,00310652401,BYETTA    ,2016,3,true,,,
MCOU,LA,00310652401,BYETTA    ,2016,3,false,88.800,35,21784.70
MCOU,LA,00310651201,BYETTA    ,2016,2,false,18.000,15,8809.32
FFSU,LA,00310651201,BYETTA    ,2016,2,true,,,
FFSU,LA,00310652401,BYETTA    ,2016,2,true,,,
MCOU,LA,00310652401,BYETTA    ,2016,2,false,104.000,43,24747.71
MCOU,LA,00310651201,BYETTA    ,2016,1,false,27.600,20,13461.54
FFSU,LA,00310651201,BYETTA    ,2016,1,true,,,
MCOU,LA,00310652401,BYETTA    ,2016,1,false,87.200,36,20151.41
FFSU,LA,00310652401,BYETTA    ,2016,1,true,,,
MCOU,LA,66780021201,BYETTA    ,2016,1,true,,,
FFSU,MA,00310651201,BYETTA 5 M,2016,4,false,24.000,20,9873.96
MCOU,MA,00310651201,BYETTA 5 M,2016,4,false,72.000,58,36861.43
FFSU,MA,00310652401,BYETTA 10 ,2016,4,false,96.000,39,24507.34
MCOU,MA,00310652401,BYETTA 10 ,2016,4,false,439.200,156,111979.55
FFSU,MA,00310651201,BYETTA 5 M,2016,3,false,21.600,18,10820.04
MCOU,MA,00310651201,BYETTA 5 M,2016,3,false,48.000,40,24260.66
FFSU,MA,00310652401,BYETTA 10 ,2016,3,false,124.800,51,31442.44
MCOU,MA,00310652401,BYETTA 10 ,2016,3,false,326.400,121,80039.42
FFSU,MA,00310651201,BYETTA 5 M,2016,2,false,21.600,18,10635.05
MCOU,MA,00310651201,BYETTA 5 M,2016,2,false,45.600,36,22097.30
FFSU,MA,00310652401,BYETTA 10 ,2016,2,false,146.400,61,36171.02
MCOU,MA,00310652401,BYETTA 10 ,2016,2,false,393.600,141,95479.68
MCOU,MA,00310651201,BYETTA 5 M,2016,1,false,58.800,49,27602.77
FFSU,MA,00310651201,BYETTA 5 M,2016,1,false,20.400,17,9861.85
MCOU,MA,00310652401,BYETTA 10 ,2016,1,false,379.200,134,89990.41
FFSU,MA,00310652401,BYETTA 10 ,2016,1,false,129.600,54,30895.49
FFSU,MA,66780021201,BYETTA 10 ,2016,1,true,,,
MCOU,MA,66780021201,BYETTA 10 ,2016,1,true,,,
MCOU,MD,00310651201,BYETTA 5 M,2016,4,false,39.600,31,20291.62
MCOU,MD,00310652401,BYETTA 10 ,2016,4,false,100.800,40,26364.71
FFSU,MD,00310652401,BYETTA 10 ,2016,4,true,,,
MCOU,MD,00310651201,BYETTA 5 M,2016,3,false,61.200,51,31250.78
FFSU,MD,00310651201,BYETTA 5 M,2016,3,true,,,
MCOU,MD,00310652401,BYETTA 10 ,2016,3,false,196.800,72,50661.62
FFSU,MD,00310652401,BYETTA 10 ,2016,3,true,,,
MCOU,MD,66780021201,BYETTA 10 ,2016,3,true,,,
FFSU,MD,00310651201,BYETTA 5 M,2016,2,true,,,
MCOU,MD,00310651201,BYETTA 5 M,2016,2,false,122.400,95,59695.24
FFSU,MD,00310652401,BYETTA 10 ,2016,2,false,28.800,12,7375.07
MCOU,MD,00310652401,BYETTA 10 ,2016,2,false,302.400,108,75318.89
MCOU,MD,66780021201,BYETTA 10 ,2016,2,true,,,
MCOU,MD,00310651201,BYETTA 5 M,2016,1,false,133.200,100,64487.66
FFSU,MD,00310651201,BYETTA 5 M,2016,1,true,,,
MCOU,MD,00310652401,BYETTA 10 ,2016,1,false,290.400,100,70974.99
FFSU,MD,00310652401,BYETTA 10 ,2016,1,true,,,
MCOU,MD,66780021007,BYETTA 5 M,2016,1,true,,,
MCOU,MD,66780021201,BYETTA 10 ,2016,1,true,,,
FFSU,ME,00310651201,BYETTA    ,2016,4,false,22.800,17,11677.37
FFSU,ME,00310652401,BYETTA    ,2016,4,false,60.000,23,15350.81
FFSU,ME,00310651201,BYETTA    ,2016,3,false,22.800,17,11651.21
FFSU,ME,00310652401,BYETTA    ,2016,3,false,69.600,29,17653.66
FFSU,ME,00310651201,BYETTA    ,2016,2,false,34.800,25,16958.42
FFSU,ME,00310652401,BYETTA    ,2016,2,false,84.000,33,20466.60
FFSU,ME,00310651201,BYETTA    ,2016,1,false,30.000,21,12639.50
FFSU,ME,00310652401,BYETTA    ,2016,1,false,105.600,44,24700.36
MCOU,MI,00310651201,BYETTA    ,2016,4,false,92.400,77,47411.40
FFSU,MI,00310651201,BYETTA    ,2016,4,false,26.400,21,13143.74
MCOU,MI,00310652401,BYETTA    ,2016,4,false,429.600,179,110478.93
FFSU,MI,00310652401,BYETTA    ,2016,4,false,91.200,34,20092.93
FFSU,MI,00310651201,BYETTA    ,2016,3,false,24.000,18,10717.33
MCOU,MI,00310651201,BYETTA    ,2016,3,false,144.000,120,73253.06
MCOU,MI,00310652401,BYETTA    ,2016,3,false,616.800,257,158826.41
FFSU,MI,00310652401,BYETTA    ,2016,3,false,96.000,34,23691.47
FFSU,MI,00310651201,BYETTA    ,2016,2,false,56.400,38,26274.65
MCOU,MI,00310651201,BYETTA    ,2016,2,false,252.000,210,121961.72
FFSU,MI,00310652401,BYETTA    ,2016,2,false,86.400,30,20891.44
MCOU,MI,00310652401,BYETTA    ,2016,2,false,892.800,372,219327.11
FFSU,MI,00310651201,BYETTA    ,2016,1,false,54.000,37,24959.16
MCOU,MI,00310651201,BYETTA    ,2016,1,false,394.800,329,186582.99
MCOU,MI,00310652401,BYETTA    ,2016,1,false,1248.000,520,299217.30
FFSU,MI,00310652401,BYETTA    ,2016,1,false,79.200,24,19279.03
MCOU,MI,66780021007,BYETTA    ,2016,1,true,,,
MCOU,MI,66780021201,BYETTA    ,2016,1,true,,,
MCOU,MN,00310651201,BYETTA    ,2016,4,false,82.800,69,42638.61
FFSU,MN,00310651201,BYETTA    ,2016,4,false,122.400,97,58327.84
FFSU,MN,00310652401,BYETTA    ,2016,4,false,324.000,135,80524.67
MCOU,MN,00310652401,BYETTA    ,2016,4,false,273.600,114,70609.63
MCOU,MN,00310651201,BYETTA    ,2016,3,false,97.200,81,49787.26
FFSU,MN,00310651201,BYETTA    ,2016,3,false,116.400,93,55874.66
FFSU,MN,00310652401,BYETTA    ,2016,3,false,223.200,93,53587.48
MCOU,MN,00310652401,BYETTA    ,2016,3,false,278.400,116,70637.49
MCOU,MN,00310651201,BYETTA    ,2016,2,false,97.200,79,46428.22
FFSU,MN,00310651201,BYETTA    ,2016,2,false,116.400,95,56058.13
MCOU,MN,00310652401,BYETTA    ,2016,2,false,276.000,113,66903.50
FFSU,MN,00310652401,BYETTA    ,2016,2,false,232.800,97,56152.59
FFSU,MN,66780021201,BYETTA    ,2016,2,true,,,
FFSU,MN,00310651201,BYETTA    ,2016,1,false,104.400,83,50355.22
MCOU,MN,00310651201,BYETTA    ,2016,1,false,65.800,56,32869.76
MCOU,MN,00310652401,BYETTA    ,2016,1,false,346.800,144,83614.34
FFSU,MN,00310652401,BYETTA    ,2016,1,false,213.600,89,50350.54
FFSU,MN,66780021007,BYETTA    ,2016,1,true,,,
FFSU,MN,66780021201,BYETTA    ,2016,1,true,,,
MCOU,MN,66780021201,BYETTA    ,2016,1,true,,,
FFSU,MO,00310651201,BYETTA    ,2016,4,false,99.600,83,56213.94
FFSU,MO,00310652401,BYETTA    ,2016,4,false,312.000,128,88108.52
FFSU,MO,00310651201,BYETTA    ,2016,3,false,99.600,83,55252.51
FFSU,MO,00310652401,BYETTA    ,2016,3,false,369.600,151,102678.14
FFSU,MO,66780021201,BYETTA    ,2016,3,true,,,
FFSU,MO,00310651201,BYETTA    ,2016,2,false,102.000,85,52710.31
FFSU,MO,00310652401,BYETTA    ,2016,2,false,324.000,135,87226.65
FFSU,MO,66780021007,BYETTA    ,2016,2,true,,,
FFSU,MO,66780021201,BYETTA    ,2016,2,true,,,
FFSU,MO,00310651201,BYETTA    ,2016,1,false,112.800,94,55173.34
FFSU,MO,00310652401,BYETTA    ,2016,1,false,398.400,166,101802.16
FFSU,MO,66780021007,BYETTA    ,2016,1,true,,,
FFSU,MO,66780021201,BYETTA    ,2016,1,true,,,
MCOU,MS,00310651201,BYETTA 5 M,2016,4,true,,,
MCOU,MS,00310652401,BYETTA 10 ,2016,4,false,33.600,14,9036.58
MCOU,MS,00310651201,BYETTA 5 M,2016,3,true,,,
MCOU,MS,00310652401,BYETTA 10 ,2016,3,false,26.400,11,7009.05
MCOU,MS,00310651201,BYETTA 5 M,2016,2,true,,,
MCOU,MS,00310652401,BYETTA 10 ,2016,2,false,31.200,13,7993.83
FFSU,MS,00310651201,BYETTA 5 M,2016,1,true,,,
MCOU,MS,00310651201,BYETTA 5 M,2016,1,true,,,
MCOU,MS,00310652401,BYETTA 10 ,2016,1,false,38.400,16,8781.27
FFSU,MT,00310651201,BYETTA 5 M,2016,4,false,72.000,60,35621.02
FFSU,MT,00310652401,BYETTA 10 ,2016,4,false,216.000,90,53327.08
FFSU,MT,00310651201,BYETTA 5 M,2016,3,false,63.600,53,31689.48
FFSU,MT,00310652401,BYETTA 10 ,2016,3,false,172.800,72,42758.65
FFSU,MT,66780021008,BYETTA 10 ,2016,3,true,,,
FFSU,MT,66780021201,BYETTA 10 ,2016,3,true,,,
FFSU,MT,00310651201,BYETTA 5 M,2016,2,false,57.600,48,28550.77
FFSU,MT,00310652401,BYETTA 10 ,2016,2,false,136.800,57,33870.83
FFSU,MT,66780021201,BYETTA 10 ,2016,2,true,,,
FFSU,MT,00310651201,BYETTA 5 M,2016,1,false,48.000,40,22818.22
FFSU,MT,00310652401,BYETTA 10 ,2016,1,false,134.400,56,32708.99
FFSU,MT,66780021007,BYETTA 5 M,2016,1,true,,,
FFSU,MT,66780021201,BYETTA 10 ,2016,1,true,,,
FFSU,XX,00310651201,Byetta 250,2016,4,false,2394.800,1816,1205277.32
MCOU,XX,00310651201,Byetta 250,2016,4,false,3030.977,2429,1503311.30
FFSU,XX,00310652401,Byetta 250,2016,4,false,6696.000,2579,1690200.08
MCOU,XX,00310652401,Byetta 250,2016,4,false,10031.577,4107,2516394.51
MCOU,XX,66780021007,BYETTA (EX,2016,4,true,,,
FFSU,XX,66780021201,BYETTA (EX,2016,4,true,,,
MCOU,XX,66780021201,BYETTA (EX,2016,4,true,,,
FFSU,XX,00310651201,Byetta 250,2016,3,false,2401.000,1874,1203496.57
MCOU,XX,00310651201,Byetta 250,2016,3,false,3130.781,2561,1567290.62
FFSU,XX,00310652401,Byetta 250,2016,3,false,6842.400,2683,1726701.18
MCOU,XX,00310652401,Byetta 250,2016,3,false,10167.781,4180,2545893.09
MCOU,XX,66780021007,BYETTA (EX,2016,3,true,,,
FFSU,XX,66780021008,BYETTA (EX,2016,3,true,,,
FFSU,XX,66780021201,BYETTA (EX,2016,3,false,40.800,17,8635.91
MCOU,XX,66780021201,BYETTA (EX,2016,3,false,67.200,28,12248.00
FFSU,XX,00310651201,Byetta 250,2016,2,false,2470.800,1925,1191907.24
MCOU,XX,00310651201,Byetta 250,2016,2,false,3412.386,2771,1652310.21
FFSU,XX,00310652401,Byetta 250,2016,2,false,6904.200,2683,1680156.69
MCOU,XX,00310652401,Byetta 250,2016,2,false,11732.581,4814,2796967.58
FFSU,XX,66780021007,BYETTA (EX,2016,2,true,,,
MCOU,XX,66780021007,BYETTA (EX,2016,2,false,19.200,16,7219.20
FFSU,XX,66780021201,BYETTA (EX,2016,2,false,64.800,27,12667.55
MCOU,XX,66780021201,BYETTA (EX,2016,2,false,141.600,59,27185.44
FFSU,XX,00310651201,Byetta 250,2016,1,false,2630.400,2069,1241986.02
MCOU,XX,00310651201,Byetta 250,2016,1,false,3727.982,3035,1739762.83
FFSU,XX,00310652401,Byetta 250,2016,1,false,7713.200,3040,1833711.56
MCOU,XX,00310652401,Byetta 250,2016,1,false,12856.379,5283,2990614.25
FFSU,XX,66780021007,BYETTA (EX,2016,1,false,33.600,28,13509.59
MCOU,XX,66780021007,BYETTA (EX,2016,1,false,98.200,83,28390.92
FFSU,XX,66780021201,BYETTA (EX,2016,1,false,182.400,74,36054.95
MCOU,XX,66780021201,BYETTA (EX,2016,1,false,394.200,167,65725.47
FFSU,NC,00310651201,BYETTA    ,2016,4,false,444.000,300,215563.98
FFSU,NC,00310652401,BYETTA    ,2016,4,false,841.000,347,201622.48
FFSU,NC,66780021201,BYETTA    ,2016,4,true,,,
FFSU,NC,00310651201,BYETTA    ,2016,3,false,441.600,362,219002.82
FFSU,NC,00310652401,BYETTA    ,2016,3,false,981.600,409,241256.15
FFSU,NC,00310651201,BYETTA    ,2016,2,false,396.000,321,192949.04
FFSU,NC,00310652401,BYETTA    ,2016,2,false,969.600,401,235965.51
FFSU,NC,66780021007,BYETTA    ,2016,2,true,,,
FFSU,NC,66780021201,BYETTA    ,2016,2,true,,,
FFSU,NC,00310651201,BYETTA    ,2016,1,false,445.200,360,213430.64
FFSU,NC,00310652401,BYETTA    ,2016,1,false,1207.200,500,286724.75
FFSU,NC,66780021007,BYETTA    ,2016,1,true,,,
FFSU,NC,66780021201,BYETTA    ,2016,1,false,26.400,11,4431.82
MCOU,ND,00310651201,BYETTA 5 M,2016,4,true,,,
FFSU,ND,00310651201,BYETTA 5 M,2016,4,true,,,
MCOU,ND,00310652401,BYETTA 10 ,2016,4,true,,,
FFSU,ND,00310652401,BYETTA 10 ,2016,4,true,,,
MCOU,ND,00310651201,BYETTA 5 M,2016,3,true,,,
FFSU,ND,00310651201,BYETTA 5 M,2016,3,true,,,
MCOU,ND,00310652401,BYETTA 10 ,2016,3,true,,,
FFSU,ND,00310652401,BYETTA 10 ,2016,3,true,,,
FFSU,ND,00310651201,BYETTA 5 M,2016,2,true,,,
MCOU,ND,00310651201,BYETTA 5 M,2016,2,true,,,
MCOU,ND,00310652401,BYETTA 10 ,2016,2,true,,,
FFSU,ND,00310652401,BYETTA 10 ,2016,2,true,,,
MCOU,ND,00310651201,BYETTA 5 M,2016,1,true,,,
FFSU,ND,00310651201,BYETTA 5 M,2016,1,true,,,
FFSU,ND,00310652401,BYETTA 10 ,2016,1,true,,,
MCOU,ND,00310652401,BYETTA 10 ,2016,1,true,,,
FFSU,NE,00310651201,Byetta 250,2016,4,true,,,
FFSU,NE,00310652401,Byetta 250,2016,4,false,74.400,31,20165.64
FFSU,NE,00310651201,Byetta 250,2016,3,true,,,
FFSU,NE,00310652401,Byetta 250,2016,3,false,98.400,41,26404.79
FFSU,NE,00310651201,Byetta 250,2016,2,false,22.800,18,11778.97
FFSU,NE,00310652401,Byetta 250,2016,2,false,88.800,37,22923.98
FFSU,NE,00310651201,Byetta 250,2016,1,false,32.400,27,16468.36
FFSU,NE,00310652401,Byetta 250,2016,1,false,84.000,34,20834.06
MCOU,NH,00310651201,BYETTA    ,2016,4,true,,,
FFSU,NH,00310652401,BYETTA    ,2016,4,true,,,
MCOU,NH,00310652401,BYETTA    ,2016,4,true,,,
FFSU,NH,00310651201,BYETTA    ,2016,3,true,,,
MCOU,NH,00310651201,BYETTA    ,2016,3,true,,,
MCOU,NH,00310652401,BYETTA    ,2016,3,true,,,
FFSU,NH,00310652401,BYETTA    ,2016,3,true,,,
MCOU,NH,00310651201,BYETTA    ,2016,2,true,,,
FFSU,NH,00310651201,BYETTA    ,2016,2,true,,,
MCOU,NH,00310652401,BYETTA    ,2016,2,true,,,
MCOU,NH,00310651201,BYETTA    ,2016,1,true,,,
FFSU,NH,00310651201,BYETTA    ,2016,1,true,,,
FFSU,NH,00310652401,BYETTA    ,2016,1,true,,,
MCOU,NH,00310652401,BYETTA    ,2016,1,false,26.400,11,6448.50
MCOU,NJ,00310651201,Byetta 250,2016,4,true,,,
MCOU,NJ,00310652401,Byetta 250,2016,4,false,40.800,17,7643.09
MCOU,NJ,00310651201,Byetta 250,2016,3,true,,,
MCOU,NJ,00310652401,Byetta 250,2016,3,false,38.400,16,8320.64
MCOU,NJ,00310651201,Byetta 250,2016,2,true,,,
FFSU,NJ,00310652401,Byetta 250,2016,2,true,,,
MCOU,NJ,00310652401,Byetta 250,2016,2,false,52.800,22,12753.51
MCOU,NJ,66780021007,BYETTA (EX,2016,2,true,,,
MCOU,NJ,66780021201,BYETTA (EX,2016,2,true,,,
MCOU,NJ,00310651201,Byetta 250,2016,1,true,,,
FFSU,NJ,00310651201,Byetta 250,2016,1,true,,,
FFSU,NJ,00310652401,Byetta 250,2016,1,true,,,
MCOU,NJ,00310652401,Byetta 250,2016,1,false,45.600,17,10660.55
MCOU,NJ,66780021201,BYETTA (EX,2016,1,true,,,
MCOU,NM,00310651201,BYETTA 5 M,2016,4,false,66.000,55,33067.94
MCOU,NM,00310652401,BYETTA 10 ,2016,4,false,225.600,88,55993.32
MCOU,NM,00310651201,BYETTA 5 M,2016,3,false,74.400,60,36774.86
FFSU,NM,00310652401,BYETTA 10 ,2016,3,true,,,
MCOU,NM,00310652401,BYETTA 10 ,2016,3,false,172.800,67,42222.50
MCOU,NM,66780021007,BYETTA 5 M,2016,3,true,,,
MCOU,NM,00310651201,BYETTA 5 M,2016,2,false,72.000,54,33621.97
FFSU,NM,00310651201,BYETTA 5 M,2016,2,true,,,
FFSU,NM,00310652401,BYETTA 10 ,2016,2,true,,,
MCOU,NM,00310652401,BYETTA 10 ,2016,2,false,194.400,76,46410.11
FFSU,NM,00310652401,BYETTA 10 ,2016,1,true,,,
MCOU,NV,00310651201,Byetta 250,2016,4,true,,,
MCOU,NV,00310652401,Byetta 250,2016,4,true,,,
FFSU,NV,00310652401,Byetta 250,2016,4,true,,,
FFSU,NV,00310651201,Byetta 250,2016,3,true,,,
MCOU,NV,00310651201,Byetta 250,2016,3,true,,,
MCOU,NV,00310652401,Byetta 250,2016,3,true,,,
FFSU,NV,00310652401,Byetta 250,2016,3,true,,,
MCOU,NV,00310651201,Byetta 250,2016,2,true,,,
FFSU,NV,00310652401,Byetta 250,2016,2,false,33.600,14,7957.60
MCOU,NV,00310652401,Byetta 250,2016,2,true,,,
FFSU,NV,00310651201,Byetta 250,2016,1,true,,,
MCOU,NV,00310651201,Byetta 250,2016,1,true,,,
FFSU,NV,00310652401,Byetta 250,2016,1,true,,,
MCOU,NV,00310652401,Byetta 250,2016,1,true,,,
FFSU,NY,00310651201,BYETTA 250,2016,4,false,51.600,41,26153.81
MCOU,NY,00310651201,BYETTA    ,2016,4,false,220.800,178,110208.81
FFSU,NY,00310652401,BYETTA 250,2016,4,false,206.400,84,52319.15
MCOU,NY,00310652401,BYETTA 250,2016,4,false,811.200,338,202916.64
MCOU,NY,66780021201,BYETTA (EX,2016,4,true,,,
MCOU,NY,00310651201,BYETTA 250,2016,3,false,232.800,192,114963.74
FFSU,NY,00310651201,BYETTA 250,2016,3,false,44.400,35,20726.41
MCOU,NY,00310652401,BYETTA 250,2016,3,false,991.200,413,246482.85
FFSU,NY,00310652401,BYETTA 250,2016,3,false,228.000,91,57327.42
MCOU,NY,66780021007,BYETTA (EX,2016,3,true,,,
MCOU,NY,66780021201,BYETTA (EX,2016,3,true,,,
MCOU,NY,00310651201,BYETTA 250,2016,2,false,259.200,216,122408.30
FFSU,NY,00310651201,BYETTA 250,2016,2,false,44.400,36,21444.72
MCOU,NY,00310652401,BYETTA 250,2016,2,false,1084.800,450,257011.00
FFSU,NY,00310652401,BYETTA 250,2016,2,false,240.000,90,57928.19
MCOU,NY,66780021007,BYETTA (EX,2016,2,true,,,
MCOU,NY,66780021201,BYETTA (EX,2016,2,true,,,
MCOU,NY,00310651201,BYETTA 250,2016,1,false,393.600,323,177728.96
FFSU,NY,00310651201,BYETTA 250,2016,1,false,38.400,32,18180.78
FFSU,NY,00310652401,BYETTA 250,2016,1,false,273.600,103,62941.38
MCOU,NY,00310652401,BYETTA 250,2016,1,false,1881.600,784,427830.51
MCOU,NY,66780021007,BYETTA (EX,2016,1,false,44.400,38,9008.99
FFSU,NY,66780021007,BYETTA (EX,2016,1,true,,,
FFSU,NY,66780021201,BYETTA (EX,2016,1,true,,,
MCOU,NY,66780021201,BYETTA 10 ,2016,1,false,153.000,68,21400.11
MCOU,OH,00310651201,Byetta 250,2016,4,false,206.400,167,97866.40
FFSU,OH,00310651201,Byetta 250,2016,4,false,20.400,16,11057.81
FFSU,OH,00310652401,Byetta 250,2016,4,false,55.200,22,14948.97
MCOU,OH,00310652401,Byetta 250,2016,4,false,849.600,354,204600.18
MCOU,OH,66780021201,BYETTA (EX,2016,4,true,,,
FFSU,OH,00310651201,Byetta 250,2016,3,false,21.600,16,11052.28
MCOU,OH,00310651201,Byetta 250,2016,3,false,211.200,174,103086.76
FFSU,OH,00310652401,Byetta 250,2016,3,false,48.000,20,12819.44
MCOU,OH,00310652401,Byetta 250,2016,3,false,952.800,395,228313.55
MCOU,OH,66780021201,BYETTA (EX,2016,3,true,,,
MCOU,OH,00310651201,Byetta 250,2016,2,false,198.000,162,92016.32
FFSU,OH,00310651201,Byetta 250,2016,2,false,24.000,18,12373.40
MCOU,OH,00310652401,Byetta 250,2016,2,false,897.600,372,210731.33
FFSU,OH,00310652401,Byetta 250,2016,2,false,52.800,22,13611.80
MCOU,OH,66780021007,BYETTA (EX,2016,2,true,,,
MCOU,OH,66780021201,BYETTA (EX,2016,2,true,,,
FFSU,OH,66780021201,BYETTA (EX,2016,2,true,,,
MCOU,OH,00310651201,Byetta 250,2016,1,false,250.800,206,115807.19
FFSU,OH,00310651201,Byetta 250,2016,1,false,28.800,21,14301.93
MCOU,OH,00310652401,Byetta 250,2016,1,false,1161.600,484,263789.40
FFSU,OH,00310652401,Byetta 250,2016,1,false,81.600,32,19770.35
MCOU,OH,66780021007,BYETTA (EX,2016,1,true,,,
FFSU,OH,66780021007,BYETTA (EX,2016,1,true,,,
MCOU,OH,66780021201,BYETTA (EX,2016,1,true,,,
FFSU,OH,66780021201,BYETTA (EX,2016,1,true,,,
FFSU,OK,00310651201,Byetta 250,2016,4,true,,,
FFSU,OK,00310652401,Byetta 250,2016,4,false,36.000,15,9677.25
FFSU,OK,00310651201,Byetta 250,2016,3,false,18.000,15,9585.60
FFSU,OK,00310652401,Byetta 250,2016,3,false,55.200,19,14701.87
FFSU,OK,00310651201,Byetta 250,2016,2,false,13.200,11,6760.60
FFSU,OK,00310652401,Byetta 250,2016,2,false,52.800,12,13485.20
FFSU,OK,66780021201,BYETTA (EX,2016,2,true,,,
FFSU,OK,00310651201,Byetta 250,2016,1,false,16.800,14,7780.98
FFSU,OK,00310652401,Byetta 250,2016,1,false,40.800,13,10433.80
FFSU,OK,66780021201,BYETTA (EX,2016,1,true,,,
MCOU,OR,00310651201,Byetta 250,2016,4,false,75.577,61,37891.07
FFSU,OR,00310651201,Byetta 250,2016,4,true,,,
FFSU,OR,00310652401,Byetta 250,2016,4,true,,,
MCOU,OR,00310652401,Byetta 250,2016,4,false,278.377,116,66195.04
MCOU,OR,66780021007,BYETTA (EX,2016,4,true,,,
FFSU,OR,00310651201,Byetta 250,2016,3,true,,,
MCOU,OR,00310651201,Byetta 250,2016,3,false,83.781,70,39066.83
FFSU,OR,00310652401,Byetta 250,2016,3,true,,,
MCOU,OR,00310652401,Byetta 250,2016,3,false,259.181,108,60463.49
MCOU,OR,00310651201,Byetta 250,2016,2,false,79.186,62,38209.45
FFSU,OR,00310651201,Byetta 250,2016,2,true,,,
FFSU,OR,00310652401,Byetta 250,2016,2,false,31.200,13,7536.36
MCOU,OR,00310652401,Byetta 250,2016,2,false,319.181,133,77357.26
MCOU,OR,00310651201,Byetta 250,2016,1,false,109.182,88,50758.64
FFSU,OR,00310651201,Byetta 250,2016,1,true,,,
MCOU,OR,00310652401,Byetta 250,2016,1,false,362.379,151,84301.22
FFSU,OR,00310652401,Byetta 250,2016,1,false,31.200,13,7325.61
MCOU,PA,00310651201,Byetta 250,2016,4,false,90.000,73,45382.07
FFSU,PA,00310651201,Byetta 250,2016,4,true,,,
MCOU,PA,00310652401,Byetta 250,2016,4,false,309.600,127,76761.73
FFSU,PA,00310652401,Byetta 250,2016,4,false,38.400,12,10054.02
MCOU,PA,66780021201,BYETTA (EX,2016,4,true,,,
FFSU,PA,00310651201,Byetta 250,2016,3,true,,,
MCOU,PA,00310651201,Byetta 250,2016,3,false,118.800,97,58897.48
MCOU,PA,00310652401,Byetta 250,2016,3,false,381.600,155,93792.00
FFSU,PA,00310652401,Byetta 250,2016,3,true,,,
MCOU,PA,66780021201,BYETTA (EX,2016,3,true,,,
MCOU,PA,00310651201,Byetta 250,2016,2,false,166.800,134,80420.92
FFSU,PA,00310651201,Byetta 250,2016,2,true,,,
MCOU,PA,00310652401,Byetta 250,2016,2,false,460.800,192,111143.67
FFSU,PA,00310652401,Byetta 250,2016,2,true,,,
MCOU,PA,66780021007,BYETTA (EX,2016,2,true,,,
MCOU,PA,66780021201,BYETTA (EX,2016,2,true,,,
FFSU,PA,00310651201,BYETTA 5 M,2016,1,true,,,
MCOU,PA,00310651201,BYETTA 5 M,2016,1,false,157.200,126,72587.81
FFSU,PA,00310652401,BYETTA 10 ,2016,1,true,,,
MCOU,PA,00310652401,BYETTA 10 ,2016,1,false,427.200,178,99193.49
MCOU,PA,66780021007,BYETTA 5 M,2016,1,true,,,
MCOU,PA,66780021201,BYETTA 10 ,2016,1,false,26.400,11,4914.53
FFSU,PA,66780021201,BYETTA 10 ,2016,1,true,,,
MCOU,RI,00310652401,Byetta 250,2016,4,false,50.400,21,13091.05
MCOU,RI,00310652401,Byetta 250,2016,3,false,36.000,15,9271.47
FFSU,RI,00310652401,Byetta 250,2016,3,true,,,
MCOU,RI,00310651201,Byetta 250,2016,2,true,,,
MCOU,RI,00310652401,Byetta 250,2016,2,false,52.800,22,13095.95
FFSU,RI,00310652401,Byetta 250,2016,2,true,,,
MCOU,RI,00310651201,Byetta 250,2016,1,true,,,
MCOU,RI,00310652401,Byetta 250,2016,1,false,50.400,21,12262.20
FFSU,RI,00310652401,Byetta 250,2016,1,true,,,
MCOU,SC,00310651201,BYETTA    ,2016,4,false,97.400,51,31309.88
FFSU,SC,00310651201,BYETTA    ,2016,4,true,,,
MCOU,SC,00310652401,BYETTA    ,2016,4,false,142.800,49,29305.49
FFSU,SC,00310652401,BYETTA    ,2016,4,true,,,
FFSU,SC,00310651201,BYETTA    ,2016,3,true,,,
MCOU,SC,00310651201,BYETTA    ,2016,3,false,59.200,32,19228.86
FFSU,SC,00310652401,BYETTA    ,2016,3,true,,,
MCOU,SC,00310652401,BYETTA    ,2016,3,false,137.600,47,27946.20
MCOU,SC,00310651201,BYETTA    ,2016,2,false,58.400,30,17112.52
FFSU,SC,00310651201,BYETTA    ,2016,2,true,,,
MCOU,SC,00310652401,BYETTA    ,2016,2,false,130.200,45,25900.88
FFSU,SC,00310652401,BYETTA    ,2016,2,true,,,
MCOU,SC,66780021201,BYETTA    ,2016,2,true,,,
MCOU,SC,00310651201,BYETTA    ,2016,1,false,73.200,43,23917.61
FFSU,SC,00310651201,BYETTA    ,2016,1,true,,,
MCOU,SC,00310652401,BYETTA    ,2016,1,false,120.000,46,25932.79
FFSU,SC,00310652401,BYETTA    ,2016,1,true,,,
MCOU,SC,66780021007,BYETTA    ,2016,1,true,,,
MCOU,SC,66780021201,BYETTA    ,2016,1,true,,,
FFSU,SD,00310651201,Byetta 250,2016,4,true,,,
FFSU,SD,00310652401,Byetta 250,2016,4,true,,,
FFSU,SD,00310651201,Byetta 250,2016,3,true,,,
FFSU,SD,00310652401,Byetta 250,2016,3,false,24.000,12,7382.22
FFSU,SD,00310652401,Byetta 250,2016,2,false,33.000,14,9716.65
FFSU,SD,00310652401,Byetta 250,2016,1,false,26.000,13,7705.92
FFSU,TN,00310651201,BYETTA    ,2016,4,false,68.400,57,34929.02
FFSU,TN,00310652401,BYETTA    ,2016,4,false,242.400,101,62542.28
FFSU,TN,00310651201,BYETTA    ,2016,3,false,79.200,66,40497.25
FFSU,TN,00310652401,BYETTA    ,2016,3,false,276.000,115,70469.44
FFSU,TN,00310651201,BYETTA    ,2016,2,false,63.600,53,29487.13
FFSU,TN,00310652401,BYETTA    ,2016,2,false,266.400,111,63930.64
FFSU,TN,00310651201,BYETTA    ,2016,1,false,58.800,49,26375.53
FFSU,TN,00310652401,BYETTA    ,2016,1,false,304.800,127,70371.67
MCOU,TX,00310651201,BYETTA 5 M,2016,4,false,255.600,212,128501.28
FFSU,TX,00310652401,BYETTA 10 ,2016,4,true,,,
MCOU,TX,00310652401,BYETTA 10 ,2016,4,false,794.400,331,201093.58
MCOU,TX,66780021201,BYETTA 10 ,2016,4,true,,,
MCOU,TX,00310651201,BYETTA 5 M,2016,3,false,262.800,218,132732.10
MCOU,TX,00310652401,BYETTA 10 ,2016,3,false,796.800,335,204041.34
FFSU,TX,00310652401,BYETTA 10 ,2016,3,true,,,
FFSU,TX,00310651201,BYETTA 5 M,2016,2,true,,,
MCOU,TX,00310651201,BYETTA 5 M,2016,2,false,246.000,205,120499.69
FFSU,TX,00310652401,BYETTA 10 ,2016,2,true,,,
MCOU,TX,00310652401,BYETTA 10 ,2016,2,false,902.400,376,220424.72
FFSU,TX,00310651201,BYETTA 5 M,2016,1,true,,,
MCOU,TX,00310651201,BYETTA 5 M,2016,1,false,259.200,215,124719.43
FFSU,TX,00310652401,BYETTA 10 ,2016,1,true,,,
MCOU,TX,00310652401,BYETTA 10 ,2016,1,false,1003.200,415,240027.47
MCOU,TX,66780021007,BYETTA 5 M,2016,1,true,,,
MCOU,TX,66780021201,BYETTA 10 ,2016,1,true,,,
MCOU,UT,00310651201,Byetta 250,2016,4,true,,,
FFSU,UT,00310652401,Byetta 250,2016,4,true,,,
MCOU,UT,00310652401,Byetta 250,2016,4,true,,,
MCOU,UT,00310651201,Byetta 250,2016,3,true,,,
FFSU,UT,00310652401,Byetta 250,2016,3,true,,,
MCOU,UT,00310652401,Byetta 250,2016,3,true,,,
MCOU,UT,00310651201,Byetta 250,2016,2,true,,,
MCOU,UT,00310652401,Byetta 250,2016,2,false,38.400,16,8613.48
FFSU,UT,00310651201,Byetta 250,2016,1,true,,,
MCOU,UT,00310651201,Byetta 250,2016,1,true,,,
FFSU,UT,00310652401,Byetta 250,2016,1,true,,,
MCOU,UT,00310652401,Byetta 250,2016,1,false,64.800,27,13784.96
FFSU,VA,00310651201,Byetta 250,2016,4,false,37.200,31,19740.99
MCOU,VA,00310651201,BYETTA    ,2016,4,false,84.000,69,42448.14
MCOU,VA,00310652401,BYETTA    ,2016,4,false,336.000,140,85973.16
FFSU,VA,00310652401,Byetta 250,2016,4,false,72.000,30,19107.45
MCOU,VA,00310651201,Byetta 250,2016,3,false,87.600,73,43678.21
FFSU,VA,00310651201,Byetta 250,2016,3,false,32.400,27,16841.20
MCOU,VA,00310652401,BYETTA    ,2016,3,false,329.800,138,84543.12
FFSU,VA,00310652401,Byetta 250,2016,3,false,76.800,32,20106.66
MCOU,VA,66780021201,BYETTA (EX,2016,3,true,,,
FFSU,VA,00310651201,Byetta 250,2016,2,false,33.600,28,16915.32
MCOU,VA,00310651201,Byetta 250,2016,2,false,110.400,91,53854.74
MCOU,VA,00310652401,BYETTA    ,2016,2,false,348.000,144,84050.49
FFSU,VA,00310652401,Byetta 250,2016,2,false,43.200,18,10134.76
MCOU,VA,66780021007,BYETTA (EX,2016,2,true,,,
FFSU,VA,00310651201,Byetta 250,2016,1,false,24.000,20,12009.17
MCOU,VA,00310651201,Byetta 250,2016,1,false,84.000,70,40992.42
MCOU,VA,00310652401,BYETTA    ,2016,1,false,360.000,150,86958.96
FFSU,VA,00310652401,Byetta 250,2016,1,false,50.400,21,12547.89
MCOU,VA,66780021007,BYETTA (EX,2016,1,true,,,
FFSU,VT,00310651201,Byetta 250,2016,4,true,,,
FFSU,VT,00310652401,Byetta 250,2016,4,false,64.800,14,16913.47
FFSU,VT,00310651201,Byetta 250,2016,3,true,,,
FFSU,VT,00310652401,Byetta 250,2016,3,false,96.000,19,22962.23
FFSU,VT,66780021201,BYETTA (EX,2016,3,true,,,
FFSU,VT,00310651201,Byetta 250,2016,2,true,,,
FFSU,VT,00310652401,Byetta 250,2016,2,false,100.800,23,23354.13
FFSU,VT,66780021201,BYETTA (EX,2016,2,true,,,
FFSU,VT,00310651201,Byetta 250,2016,1,true,,,
FFSU,VT,00310652401,Byetta 250,2016,1,false,146.400,32,34421.19
FFSU,VT,66780021201,BYETTA (EX,2016,1,true,,,
FFSU,WA,00310651201,Byetta 250,2016,4,false,25.200,21,12951.25
MCOU,WA,00310651201,Byetta 250,2016,4,false,103.200,82,52152.82
MCOU,WA,00310652401,Byetta 250,2016,4,false,400.800,167,100763.84
FFSU,WA,00310652401,Byetta 250,2016,4,false,72.000,30,17415.96
MCOU,WA,00310651201,Byetta 250,2016,3,false,126.000,104,61788.49
FFSU,WA,00310651201,Byetta 250,2016,3,false,20.400,17,10424.39
MCOU,WA,00310652401,Byetta 250,2016,3,false,372.000,155,91858.19
FFSU,WA,00310652401,Byetta 250,2016,3,false,72.000,30,16658.45
MCOU,WA,00310651201,Byetta 250,2016,2,false,103.200,86,48421.98
FFSU,WA,00310651201,Byetta 250,2016,2,false,26.400,22,12924.66
MCOU,WA,00310652401,Byetta 250,2016,2,false,340.800,142,80822.05
FFSU,WA,00310652401,Byetta 250,2016,2,false,50.400,21,10800.74
MCOU,WA,00310651201,Byetta 250,2016,1,false,85.200,71,40021.69
FFSU,WA,00310651201,Byetta 250,2016,1,false,38.400,32,18163.31
MCOU,WA,00310652401,Byetta 250,2016,1,false,340.800,142,78481.44
FFSU,WA,00310652401,Byetta 250,2016,1,false,33.600,14,6274.70
FFSU,WI,00310651201,Byetta 250,2016,4,false,184.800,153,97159.44
FFSU,WI,00310652401,Byetta 250,2016,4,false,578.400,241,151982.52
FFSU,WI,66780021201,BYETTA (EX,2016,4,true,,,
FFSU,WI,00310651201,Byetta 250,2016,3,false,207.600,171,107582.61
FFSU,WI,00310652401,Byetta 250,2016,3,false,696.000,286,182389.96
FFSU,WI,66780021201,BYETTA (EX,2016,3,true,,,
FFSU,WI,00310651201,Byetta 250,2016,2,false,195.600,162,98028.07
FFSU,WI,00310652401,Byetta 250,2016,2,false,672.000,279,167263.99
FFSU,WI,66780021007,BYETTA (EX,2016,2,true,,,
FFSU,WI,66780021201,BYETTA (EX,2016,2,true,,,
FFSU,WI,00310651201,Byetta 250,2016,1,false,182.400,151,88931.65
FFSU,WI,00310652401,Byetta 250,2016,1,false,712.800,296,173678.82
FFSU,WI,66780021007,BYETTA (EX,2016,1,true,,,
FFSU,WI,66780021201,BYETTA (EX,2016,1,false,28.800,12,5896.20
FFSU,WV,00310651201,BYETTA    ,2016,4,false,34.800,29,18019.22
MCOU,WV,00310651201,BYETTA    ,2016,4,false,46.800,39,23764.50
MCOU,WV,00310652401,BYETTA    ,2016,4,false,96.000,40,24331.68
FFSU,WV,00310652401,BYETTA 10 ,2016,4,false,48.000,20,12434.60
MCOU,WV,66780021007,BYETTA    ,2016,4,true,,,
MCOU,WV,00310651201,BYETTA    ,2016,3,false,43.200,36,21940.68
FFSU,WV,00310651201,BYETTA    ,2016,3,false,37.200,31,18682.38
FFSU,WV,00310652401,BYETTA    ,2016,3,false,45.600,19,11540.83
MCOU,WV,00310652401,BYETTA    ,2016,3,false,100.800,42,25443.67
MCOU,WV,00310651201,BYETTA    ,2016,2,false,42.000,35,21366.33
FFSU,WV,00310651201,BYETTA    ,2016,2,false,44.400,37,21907.79
MCOU,WV,00310652401,BYETTA    ,2016,2,false,100.800,42,24596.21
FFSU,WV,00310652401,BYETTA    ,2016,2,false,36.000,15,8881.05
MCOU,WV,00310651201,BYETTA    ,2016,1,false,49.200,41,24579.27
FFSU,WV,00310651201,BYETTA    ,2016,1,false,40.800,34,19446.25
MCOU,WV,00310652401,BYETTA    ,2016,1,false,91.200,38,21473.37
FFSU,WV,00310652401,BYETTA    ,2016,1,false,62.400,26,14638.66
FFSU,WV,66780021007,BYETTA    ,2016,1,true,,,
MCOU,WV,66780021007,BYETTA    ,2016,1,true,,,
FFSU,WY,00310652401,Byetta 250,2016,4,true,,,
FFSU,WY,00310652401,Byetta 250,2016,3,true,,,
FFSU,WY,00310652401,Byetta 250,2016,2,true,,,
FFSU,WY,00310651201,BYETTA    ,2016,1,true,,,
FFSU,WY,00310652401,BYETTA    ,2016,1,true,,,
FFSU,AK,00310652004,BYDUREON  ,2016,4,false,52.000,13,7346.70
FFSU,AK,00310653004,BYDUREON P,2016,4,false,84.000,21,11676.88
FFSU,AK,00310652004,BYDUREON  ,2016,3,false,68.000,17,9082.64
FFSU,AK,00310653004,BYDUREON P,2016,3,false,100.000,25,14066.15
FFSU,AK,66780021904,BYDUREON  ,2016,3,true,,,
FFSU,AK,00310652004,BYDUREON  ,2016,2,true,,,
FFSU,AK,00310653004,BYDUREON P,2016,2,true,,,
FFSU,AK,00310652004,BYDUREON  ,2016,1,true,,,
FFSU,AK,00310653004,BYDUREON P,2016,1,false,44.000,11,5884.03
FFSU,AL,00310652004,Bydureon 2,2016,4,false,240.000,60,34602.54
FFSU,AL,00310653004,Bydureon P,2016,4,false,657.000,163,95337.27
FFSU,AL,00310652004,Bydureon 2,2016,3,false,220.000,55,32018.24
FFSU,AL,00310653004,Bydureon P,2016,3,false,640.000,160,92124.34
FFSU,AL,00310652004,Bydureon 2,2016,2,false,236.000,59,33289.08
FFSU,AL,00310653004,Bydureon P,2016,2,false,596.000,148,85770.17
FFSU,AL,00310652004,Bydureon 2,2016,1,false,288.000,72,39241.26
FFSU,AL,00310653004,Bydureon P,2016,1,false,472.000,118,65660.90
FFSU,AL,66780021904,BYDUREON  ,2016,1,true,,,
FFSU,AR,00310652004,BYDUREON  ,2016,4,true,,,
FFSU,AR,00310653004,BYDUREON P,2016,4,true,,,
FFSU,AR,00310653004,BYDUREON P,2016,3,true,,,
FFSU,AR,00310653004,BYDUREON P,2016,2,true,,,
FFSU,AR,00310653004,BYDUREON P,2016,1,true,,,
MCOU,AZ,00310652004,BYDUREON  ,2016,4,false,104.000,32,17601.54
FFSU,AZ,00310652004,BYDUREON  ,2016,4,true,,,
MCOU,AZ,00310653004,BYDUREON P,2016,4,false,404.000,101,57334.21
MCOU,AZ,00310652004,BYDUREON  ,2016,3,false,124.000,33,17033.86
MCOU,AZ,00310653004,BYDUREON P,2016,3,false,356.000,87,48610.45
MCOU,AZ,00310652004,BYDUREON  ,2016,2,false,136.000,34,16900.12
MCOU,AZ,00310653004,BYDUREON P,2016,2,false,432.000,106,56807.95
MCOU,AZ,00310652004,BYDUREON  ,2016,1,false,304.000,76,39421.95
MCOU,AZ,00310653004,BYDUREON P,2016,1,false,560.000,140,72861.28
MCOU,AZ,66780021904,BYDUREON  ,2016,1,true,,,
MCOU,CA,00310652004,BYDUREON 2,2016,4,false,1444.000,343,208625.08
FFSU,CA,00310652004,BYDUREON 2,2016,4,false,748.000,191,109210.91
FFSU,CA,00310653004,BYDUREON P,2016,4,false,4813.000,1142,718072.92
MCOU,CA,00310653004,BYDUREON P,2016,4,false,12554.000,3010,1761256.03
MCOU,CA,00310652004,BYDUREON 2,2016,3,false,1304.000,320,186669.06
FFSU,CA,00310652004,BYDUREON 2,2016,3,false,788.000,197,115945.51
FFSU,CA,00310653004,BYDUREON P,2016,3,false,4480.000,1069,666172.28
MCOU,CA,00310653004,BYDUREON P,2016,3,false,9433.000,2260,1326764.11
FFSU,CA,66780021904,BYDUREON  ,2016,3,true,,,
MCOU,CA,66780021904,BYDUREON  ,2016,3,true,,,
FFSU,CA,00310652004,BYDUREON 2,2016,2,false,770.000,187,108814.43
MCOU,CA,00310652004,BYDUREON 2,2016,2,false,1512.000,362,207250.86
FFSU,CA,00310653004,BYDUREON P,2016,2,false,3877.000,939,551033.10
MCOU,CA,00310653004,BYDUREON P,2016,2,false,9324.000,2232,1255161.38
MCOU,CA,66780021904,BYDUREON  ,2016,2,true,,,
FFSU,CA,66780021904,BYDUREON  ,2016,2,true,,,
FFSU,CA,00310652004,BYDUREON 2,2016,1,false,846.000,208,118904.89
MCOU,CA,00310652004,BYDUREON 2,2016,1,false,1404.000,337,191921.58
FFSU,CA,00310653004,BYDUREON P,2016,1,false,3356.000,814,474890.60
MCOU,CA,00310653004,BYDUREON P,2016,1,false,7096.000,1707,957759.67
FFSU,CA,66780021904,BYDUREON  ,2016,1,true,,,
MCOU,CA,66780021904,BYDUREON  ,2016,1,true,,,
FFSU,CO,00310652004,BYDUREON  ,2016,4,false,76.000,17,10607.03
MCOU,CO,00310652004,BYDUREON  ,2016,4,true,,,
FFSU,CO,00310653004,BYDUREON P,2016,4,false,588.000,129,83257.81
MCOU,CO,00310653004,BYDUREON P,2016,4,false,64.000,16,9023.34
FFSU,CO,00310652004,BYDUREON  ,2016,3,false,68.000,17,9473.07
MCOU,CO,00310652004,BYDUREON  ,2016,3,true,,,
MCOU,CO,00310653004,BYDUREON P,2016,3,false,52.000,13,7378.40
FFSU,CO,00310653004,BYDUREON P,2016,3,false,560.000,124,77493.09
FFSU,CO,66780021904,BYDUREON  ,2016,3,true,,,
MCOU,CO,66780021904,BYDUREON  ,2016,3,true,,,
FFSU,CO,00310652004,BYDUREON  ,2016,2,false,112.000,22,14862.69
MCOU,CO,00310652004,BYDUREON  ,2016,2,true,,,
FFSU,CO,00310653004,BYDUREON P,2016,2,false,612.000,133,81668.22
MCOU,CO,00310653004,BYDUREON P,2016,2,false,44.000,11,5957.16
FFSU,CO,66780021904,BYDUREON 2,2016,2,true,,,
MCOU,CO,00310652004,BYDUREON  ,2016,1,true,,,
FFSU,CO,00310652004,BYDUREON 2,2016,1,false,104.000,22,13724.33
MCOU,CO,00310653004,BYDUREON P,2016,1,false,68.000,17,9206.52
FFSU,CO,00310653004,BYDUREON P,2016,1,false,428.000,98,56395.95
FFSU,CO,66780021904,BYDUREON 2,2016,1,true,,,
FFSU,CT,00310652004,BYDUREON 2,2016,4,false,412.000,87,59636.23
FFSU,CT,00310653004,BYDUREON P,2016,4,false,1562.000,342,226110.81
FFSU,CT,00310652004,Bydureon 2,2016,3,false,503.000,105,71862.98
FFSU,CT,00310653004,BYDUREON P,2016,3,false,1600.000,355,229692.50
FFSU,CT,00310652004,Bydureon 2,2016,2,false,463.000,88,63820.41
FFSU,CT,00310653004,BYDUREON P,2016,2,false,1232.000,256,169848.00
FFSU,CT,66780021904,BYDUREON  ,2016,2,true,,,
FFSU,CT,00310652004,Bydureon 2,2016,1,false,465.000,93,63204.25
FFSU,CT,00310653004,BYDUREON P,2016,1,false,1084.000,219,146824.49
FFSU,CT,66780021904,BYDUREON  ,2016,1,true,,,
MCOU,DC,00310652004,BYDUREON 2,2016,4,true,,,
FFSU,DC,00310652004,BYDUREON 2,2016,4,false,48.000,12,7181.52
MCOU,DC,00310653004,BYDUREON 2,2016,4,true,,,
FFSU,DC,00310653004,BYDUREON 2,2016,4,false,120.000,30,17953.80
FFSU,DC,00310652004,BYDUREON 2,2016,3,true,,,
FFSU,DC,00310653004,BYDUREON 2,2016,3,true,,,
MCOU,DC,00310653004,BYDUREON 2,2016,3,true,,,
FFSU,DC,00310652004,BYDUREON 2,2016,2,true,,,
MCOU,DC,00310653004,BYDUREON 2,2016,2,true,,,
FFSU,DC,00310653004,BYDUREON 2,2016,2,true,,,
MCOU,DC,00310652004,BYDUREON 2,2016,1,true,,,
MCOU,DE,00310652004,Bydureon 2,2016,4,false,144.000,36,8885.80
MCOU,DE,00310653004,BYDUREON P,2016,4,false,800.000,200,50099.77
MCOU,DE,00310652004,Bydureon 2,2016,3,false,164.000,41,19571.36
FFSU,DE,00310652004,Bydureon 2,2016,3,true,,,
MCOU,DE,00310653004,Bydureon P,2016,3,false,708.000,173,84377.94
MCOU,DE,66780021904,BYDUREON  ,2016,3,true,,,
MCOU,DE,00310652004,Bydureon 2,2016,2,false,72.000,18,10134.41
FFSU,DE,00310653004,Bydureon P,2016,2,true,,,
MCOU,DE,00310653004,Bydureon P,2016,2,false,576.000,142,79011.24
MCOU,DE,00310652004,Bydureon 2,2016,1,false,80.000,20,10697.45
MCOU,DE,00310653004,Bydureon P,2016,1,false,492.000,119,65574.11
FFSU,FL,00310652004,BYDUREON  ,2016,4,false,188.000,48,27688.60
MCOU,FL,00310652004,BYDUREON  ,2016,4,false,1892.000,473,267035.89
FFSU,FL,00310653004,BYDUREON P,2016,4,false,1293.000,324,190055.51
MCOU,FL,00310653004,BYDUREON P,2016,4,false,10765.000,2690,1515302.07
MCOU,FL,66780021904,BYDUREON  ,2016,4,true,,,
FFSU,FL,00310652004,BYDUREON  ,2016,3,false,176.000,44,24803.94
MCOU,FL,00310652004,BYDUREON  ,2016,3,false,1790.000,448,251807.15
MCOU,FL,00310653004,BYDUREON P,2016,3,false,8433.000,2109,1190858.58
FFSU,FL,00310653004,BYDUREON P,2016,3,false,1122.000,281,163404.87
FFSU,FL,66780021904,BYDUREON  ,2016,3,true,,,
MCOU,FL,66780021904,BYDUREON  ,2016,3,true,,,
FFSU,FL,00310652004,BYDUREON  ,2016,2,false,200.000,50,27056.16
MCOU,FL,00310652004,BYDUREON  ,2016,2,false,2102.000,526,284039.67
FFSU,FL,00310653004,BYDUREON P,2016,2,false,1008.000,252,141077.09
MCOU,FL,00310653004,BYDUREON P,2016,2,false,7892.000,1973,1065075.83
MCOU,FL,66780021904,BYDUREON  ,2016,2,false,64.000,16,7743.64
FFSU,FL,66780021904,BYDUREON  ,2016,2,true,,,
FFSU,FL,00310652004,BYDUREON  ,2016,1,false,220.000,55,30074.15
MCOU,FL,00310652004,BYDUREON  ,2016,1,false,1792.000,448,243605.39
FFSU,FL,00310653004,BYDUREON P,2016,1,false,816.000,204,112959.09
MCOU,FL,00310653004,BYDUREON P,2016,1,false,6545.000,1637,882181.78
FFSU,FL,66780021904,BYDUREON  ,2016,1,true,,,
MCOU,FL,66780021904,BYDUREON  ,2016,1,false,72.000,18,8713.20
MCOU,GA,00310652004,Bydureon 2,2016,4,false,140.000,35,20163.52
FFSU,GA,00310652004,Bydureon 2,2016,4,false,220.000,55,32280.02
MCOU,GA,00310653004,Bydureon P,2016,4,false,588.000,147,84686.76
FFSU,GA,00310653004,Bydureon P,2016,4,false,828.000,207,121221.22
MCOU,GA,00310652004,Bydureon 2,2016,3,false,196.000,49,27901.70
FFSU,GA,00310652004,Bydureon 2,2016,3,false,132.000,33,19169.80
FFSU,GA,00310653004,Bydureon P,2016,3,false,800.000,200,116028.23
MCOU,GA,00310653004,Bydureon P,2016,3,false,504.000,126,71654.77
FFSU,GA,00310652004,Bydureon 2,2016,2,false,120.000,30,16918.84
MCOU,GA,00310652004,Bydureon 2,2016,2,false,168.000,42,23010.18
FFSU,GA,00310653004,Bydureon P,2016,2,false,516.000,129,71844.60
MCOU,GA,00310653004,Bydureon P,2016,2,false,480.000,120,67514.76
MCOU,GA,66780021904,BYDUREON  ,2016,2,true,,,
FFSU,GA,00310652004,Bydureon 2,2016,1,false,136.000,34,18884.89
MCOU,GA,00310652004,Bydureon 2,2016,1,false,140.000,35,19151.14
FFSU,GA,00310653004,Bydureon P,2016,1,false,432.000,108,58945.95
MCOU,GA,00310653004,BYDUREON P,2016,1,false,280.000,70,39816.02
MCOU,HI,00310652004,BYDUREON 2,2016,4,false,84.000,21,13190.53
MCOU,HI,00310653004,BYDUREON 2,2016,4,false,268.000,67,39405.67
MCOU,HI,00310652004,BYDUREON 2,2016,3,true,,,
MCOU,HI,00310653004,BYDUREON 2,2016,3,false,80.000,20,11817.69
MCOU,HI,00310652004,BYDUREON 2,2016,2,false,48.000,12,6762.08
MCOU,HI,00310653004,BYDUREON 2,2016,2,false,112.000,28,14919.04
MCOU,HI,00310652004,BYDUREON 2,2016,1,false,60.000,15,8321.02
MCOU,HI,00310653004,BYDUREON 2,2016,1,false,112.000,28,15532.96
FFSU,IA,00310652004,Bydureon 2,2016,4,true,,,
MCOU,IA,00310652004,Bydureon 2,2016,4,true,,,
MCOU,IA,00310653004,Bydureon P,2016,4,false,144.000,36,27330.63
FFSU,IA,00310653004,Bydureon P,2016,4,true,,,
FFSU,IA,00310652004,Bydureon 2,2016,3,true,,,
MCOU,IA,00310652004,Bydureon 2,2016,3,false,60.000,15,10179.46
MCOU,IA,00310653004,Bydureon P,2016,3,false,96.000,24,25487.93
FFSU,IA,00310652004,Bydureon 2,2016,2,true,,,
MCOU,IA,00310652004,Bydureon 2,2016,2,false,96.000,24,12060.05
FFSU,IA,00310653004,Bydureon P,2016,2,true,,,
MCOU,IA,00310653004,Bydureon P,2016,2,false,212.000,53,27610.33
FFSU,IA,00310652004,Bydureon 2,2016,1,false,68.000,15,6053.32
FFSU,IA,00310653004,Bydureon P,2016,1,false,56.000,14,5463.71
FFSU,ID,00310652004,BYDUREON  ,2016,4,false,68.000,17,9576.02
FFSU,ID,00310653004,BYDUREON P,2016,4,false,516.000,129,74152.65
FFSU,ID,00310652004,BYDUREON  ,2016,3,false,108.000,27,15381.81
FFSU,ID,00310653004,BYDUREON P,2016,3,false,456.000,114,65312.63
FFSU,ID,00310652004,BYDUREON  ,2016,2,false,116.000,29,15764.70
FFSU,ID,00310653004,BYDUREON P,2016,2,false,416.000,104,57245.78
FFSU,ID,00310652004,BYDUREON  ,2016,1,false,76.000,19,10289.15
FFSU,ID,00310653004,BYDUREON P,2016,1,false,332.000,83,45313.98
FFSU,IL,00310652004,Bydureon 2,2016,4,true,,,
MCOU,IL,00310652004,Bydureon 2,2016,4,false,296.000,66,37611.38
MCOU,IL,00310653004,Bydureon P,2016,4,false,1076.000,260,148647.91
FFSU,IL,00310653004,Bydureon P,2016,4,false,60.000,15,8627.40
FFSU,IL,66780021904,BYDUREON  ,2016,4,true,,,
MCOU,IL,66780021904,BYDUREON  ,2016,4,true,,,
MCOU,IL,00310652004,Bydureon 2,2016,3,false,124.000,31,17504.34
FFSU,IL,00310652004,Bydureon 2,2016,3,true,,,
MCOU,IL,00310653004,Bydureon P,2016,3,false,928.000,232,129054.01
FFSU,IL,00310653004,Bydureon P,2016,3,true,,,
MCOU,IL,66780021904,BYDUREON  ,2016,3,true,,,
FFSU,IL,00310652004,Bydureon 2,2016,2,true,,,
MCOU,IL,00310652004,Bydureon 2,2016,2,false,157.000,40,21451.08
FFSU,IL,00310653004,Bydureon P,2016,2,true,,,
MCOU,IL,00310653004,Bydureon P,2016,2,false,820.000,205,111821.34
MCOU,IL,66780021904,BYDUREON  ,2016,2,true,,,
FFSU,IL,00310652004,Bydureon 2,2016,1,true,,,
MCOU,IL,00310652004,Bydureon 2,2016,1,false,192.000,48,25187.42
FFSU,IL,00310653004,Bydureon P,2016,1,false,48.000,12,6491.04
MCOU,IL,00310653004,Bydureon P,2016,1,false,889.000,223,116133.36
MCOU,IL,66780021904,BYDUREON  ,2016,1,true,,,
MCOU,IN,00310652004,Bydureon 2,2016,4,false,400.000,99,58001.32
FFSU,IN,00310652004,Bydureon 2,2016,4,true,,,
MCOU,IN,00310653004,Bydureon P,2016,4,false,1600.000,381,232753.88
FFSU,IN,00310653004,Bydureon P,2016,4,false,204.000,50,29400.34
MCOU,IN,00310652004,Bydureon 2,2016,3,false,384.000,91,55856.76
FFSU,IN,00310652004,Bydureon 2,2016,3,false,44.000,11,6353.83
FFSU,IN,00310653004,Bydureon P,2016,3,false,188.000,47,26288.23
MCOU,IN,00310653004,Bydureon P,2016,3,false,1684.000,404,245000.68
MCOU,IN,66780021904,BYDUREON  ,2016,3,true,,,
FFSU,IN,66780021904,BYDUREON  ,2016,3,true,,,
FFSU,IN,00310652004,Bydureon 2,2016,2,false,48.000,12,6689.88
MCOU,IN,00310652004,Bydureon 2,2016,2,false,560.000,136,77964.57
FFSU,IN,00310653004,Bydureon P,2016,2,false,188.000,37,26163.08
MCOU,IN,00310653004,Bydureon P,2016,2,false,1872.000,450,260249.72
FFSU,IN,66780021904,BYDUREON  ,2016,2,true,,,
MCOU,IN,66780021904,BYDUREON  ,2016,2,true,,,
FFSU,IN,00310652004,Bydureon 2,2016,1,false,68.000,15,9305.50
MCOU,IN,00310652004,Bydureon 2,2016,1,false,580.000,142,79204.72
FFSU,IN,00310653004,Bydureon P,2016,1,false,164.000,36,20595.43
MCOU,IN,00310653004,Bydureon P,2016,1,false,1336.000,328,182609.76
MCOU,IN,66780021904,BYDUREON  ,2016,1,true,,,
FFSU,IN,66780021904,BYDUREON  ,2016,1,true,,,
MCOU,KS,00310652004,Bydureon 2,2016,4,false,52.000,13,7313.16
MCOU,KS,00310653004,Bydureon P,2016,4,false,212.000,53,29868.59
MCOU,KS,00310652004,Bydureon 2,2016,3,true,,,
MCOU,KS,00310653004,Bydureon P,2016,3,false,292.000,73,40258.29
MCOU,KS,00310652004,Bydureon 2,2016,2,true,,,
MCOU,KS,00310653004,Bydureon P,2016,2,false,56.000,14,7973.94
MCOU,KS,00310652004,Bydureon 2,2016,1,false,108.000,27,14524.29
MCOU,KS,00310653004,Bydureon P,2016,1,false,212.000,53,29106.38
MCOU,KS,66780021904,BYDUREON  ,2016,1,true,,,
MCOU,KY,00310652004,BYDUREON  ,2016,4,false,2138.000,535,313255.55
FFSU,KY,00310652004,BYDUREON  ,2016,4,true,,,
FFSU,KY,00310653004,BYDUREON P,2016,4,true,,,
MCOU,KY,00310653004,BYDUREON P,2016,4,false,8100.000,2025,1186502.46
MCOU,KY,00310652004,BYDUREON  ,2016,3,false,2164.000,541,316767.66
FFSU,KY,00310652004,BYDUREON  ,2016,3,false,44.000,11,6407.55
FFSU,KY,00310653004,BYDUREON P,2016,3,false,64.000,16,9390.57
MCOU,KY,00310653004,BYDUREON P,2016,3,false,7833.000,1960,1150807.00
MCOU,KY,66780021904,BYDUREON  ,2016,3,true,,,
FFSU,KY,00310652004,BYDUREON  ,2016,2,false,64.000,16,9026.88
MCOU,KY,00310652004,BYDUREON  ,2016,2,false,2361.000,589,328417.48
FFSU,KY,00310653004,BYDUREON P,2016,2,false,44.000,11,6171.62
MCOU,KY,00310653004,BYDUREON P,2016,2,false,7080.000,1767,993970.66
MCOU,KY,66780021904,BYDUREON  ,2016,2,true,,,
FFSU,KY,00310652004,BYDUREON  ,2016,1,false,52.000,13,7209.86
MCOU,KY,00310652004,BYDUREON  ,2016,1,false,2301.000,575,320915.14
FFSU,KY,00310653004,BYDUREON P,2016,1,true,,,
MCOU,KY,00310653004,BYDUREON P,2016,1,false,6004.000,1501,837758.53
MCOU,KY,66780021904,BYDUREON  ,2016,1,true,,,
MCOU,LA,00310652004,BYDUREON  ,2016,4,false,112.000,28,16376.92
FFSU,LA,00310652004,BYDUREON  ,2016,4,false,56.000,14,8159.82
FFSU,LA,00310653004,BYDUREON P,2016,4,false,88.000,22,12738.89
MCOU,LA,00310653004,BYDUREON P,2016,4,false,430.000,108,60427.74
FFSU,LA,00310652004,BYDUREON  ,2016,3,false,60.000,15,8666.51
MCOU,LA,00310652004,BYDUREON  ,2016,3,false,100.000,25,14601.26
FFSU,LA,00310653004,BYDUREON P,2016,3,false,64.000,16,9162.56
MCOU,LA,00310653004,BYDUREON P,2016,3,false,448.000,112,63283.60
FFSU,LA,00310652004,BYDUREON  ,2016,2,false,48.000,12,6636.12
MCOU,LA,00310652004,BYDUREON  ,2016,2,false,48.000,12,6722.90
FFSU,LA,00310653004,BYDUREON P,2016,2,false,56.000,14,7729.70
MCOU,LA,00310653004,BYDUREON P,2016,2,false,304.000,76,41848.18
FFSU,LA,66780021904,BYDUREON  ,2016,2,true,,,
FFSU,LA,00310652004,BYDUREON  ,2016,1,false,72.000,18,9672.70
MCOU,LA,00310652004,BYDUREON  ,2016,1,false,44.000,11,6035.24
FFSU,LA,00310653004,BYDUREON P,2016,1,false,68.000,17,9198.83
MCOU,LA,00310653004,BYDUREON P,2016,1,false,212.000,53,29242.63
MCOU,MA,00310652004,BYDUREON 2,2016,4,false,424.000,94,61679.66
FFSU,MA,00310652004,BYDUREON 2,2016,4,false,104.000,24,15297.23
MCOU,MA,00310653004,BYDUREON 2,2016,4,false,1580.000,377,231251.60
FFSU,MA,00310653004,BYDUREON 2,2016,4,false,560.000,140,75137.41
FFSU,MA,00310652004,BYDUREON 2,2016,3,false,128.000,32,18660.56
MCOU,MA,00310652004,BYDUREON 2,2016,3,false,440.000,100,59040.03
MCOU,MA,00310653004,BYDUREON 2,2016,3,false,1184.000,282,170890.00
FFSU,MA,00310653004,BYDUREON 2,2016,3,false,540.000,135,70055.80
MCOU,MA,66780021904,BYDUREON 2,2016,3,true,,,
MCOU,MA,00310652004,BYDUREON 2,2016,2,false,444.000,95,61618.93
FFSU,MA,00310652004,BYDUREON 2,2016,2,false,148.000,37,21054.58
MCOU,MA,00310653004,BYDUREON 2,2016,2,false,1208.000,278,165356.04
FFSU,MA,00310653004,BYDUREON 2,2016,2,false,520.000,130,64690.97
MCOU,MA,66780021904,BYDUREON 2,2016,2,true,,,
FFSU,MA,00310652004,BYDUREON 2,2016,1,false,168.000,42,23108.98
MCOU,MA,00310652004,BYDUREON 2,2016,1,false,624.000,136,85154.01
FFSU,MA,00310653004,BYDUREON 2,2016,1,false,392.000,96,47714.91
MCOU,MA,00310653004,BYDUREON 2,2016,1,false,1040.000,242,141234.63
MCOU,MA,66780021904,BYDUREON 2,2016,1,true,,,
MCOU,MD,00310652004,BYDUREON 2,2016,4,false,44.000,11,6436.19
FFSU,MD,00310652004,BYDUREON 2,2016,4,true,,,
MCOU,MD,00310653004,BYDUREON 2,2016,4,false,148.000,37,21857.61
FFSU,MD,00310653004,BYDUREON 2,2016,4,false,68.000,13,10372.78
MCOU,MD,00310652004,BYDUREON 2,2016,3,false,56.000,14,8130.69
FFSU,MD,00310652004,BYDUREON 2,2016,3,false,48.000,12,7182.90
FFSU,MD,00310653004,BYDUREON 2,2016,3,true,,,
MCOU,MD,00310653004,BYDUREON 2,2016,3,false,112.000,28,16185.52
MCOU,MD,00310652004,BYDUREON 2,2016,2,false,60.000,15,8328.18
FFSU,MD,00310652004,BYDUREON 2,2016,2,true,,,
MCOU,MD,00310653004,BYDUREON 2,2016,2,false,144.000,36,20358.70
FFSU,MD,00310653004,BYDUREON 2,2016,2,true,,,
FFSU,MD,00310652004,BYDUREON 2,2016,1,true,,,
MCOU,MD,00310652004,BYDUREON 2,2016,1,false,80.000,20,11102.73
FFSU,MD,00310653004,BYDUREON 2,2016,1,true,,,
MCOU,MD,00310653004,BYDUREON 2,2016,1,false,156.000,39,21357.50
FFSU,ME,00310652004,BYDUREON  ,2016,4,false,48.000,12,7000.44
FFSU,ME,00310653004,BYDUREON  ,2016,4,false,468.000,113,67238.42
FFSU,ME,00310652004,BYDUREON  ,2016,3,false,56.000,14,8117.32
FFSU,ME,00310653004,BYDUREON  ,2016,3,false,436.000,109,61707.30
FFSU,ME,66780021904,BYDUREON  ,2016,3,true,,,
FFSU,ME,00310652004,BYDUREON  ,2016,2,false,48.000,12,6668.28
FFSU,ME,00310653004,BYDUREON  ,2016,2,false,408.000,101,56526.81
FFSU,ME,00310652004,BYDUREON  ,2016,1,false,52.000,13,7136.21
FFSU,ME,00310653004,BYDUREON  ,2016,1,false,284.000,71,39003.64
FFSU,ME,66780021904,BYDUREON  ,2016,1,true,,,
FFSU,MI,00310652004,BYDUREON  ,2016,4,false,100.000,23,9467.27
MCOU,MI,00310652004,BYDUREON  ,2016,4,false,220.000,55,32090.67
FFSU,MI,00310653004,BYDUREON P,2016,4,false,448.000,98,60259.91
MCOU,MI,00310653004,BYDUREON P,2016,4,false,696.000,174,101333.72
MCOU,MI,00310652004,BYDUREON  ,2016,3,false,280.000,70,40710.74
FFSU,MI,00310652004,BYDUREON  ,2016,3,false,128.000,25,12692.18
FFSU,MI,00310653004,BYDUREON P,2016,3,false,364.000,81,44321.26
MCOU,MI,00310653004,BYDUREON P,2016,3,false,884.000,221,128332.79
MCOU,MI,00310652004,BYDUREON  ,2016,2,false,356.000,89,49353.13
FFSU,MI,00310652004,BYDUREON  ,2016,2,false,160.000,34,17896.69
MCOU,MI,00310653004,BYDUREON P,2016,2,false,1132.000,277,156713.67
FFSU,MI,00310653004,BYDUREON P,2016,2,false,340.000,71,38688.09
MCOU,MI,00310652004,BYDUREON  ,2016,1,false,544.000,136,75167.93
FFSU,MI,00310652004,BYDUREON  ,2016,1,false,163.000,35,18125.26
FFSU,MI,00310653004,BYDUREON P,2016,1,false,372.000,81,43830.26
MCOU,MI,00310653004,BYDUREON P,2016,1,false,1216.000,304,167490.46
MCOU,MI,66780021904,BYDUREON  ,2016,1,true,,,
FFSU,MN,00310652004,BYDUREON  ,2016,4,false,68.000,17,9361.05
MCOU,MN,00310652004,BYDUREON  ,2016,4,false,252.000,63,36659.37
MCOU,MN,00310653004,BYDUREON P,2016,4,false,948.000,237,139080.15
FFSU,MN,00310653004,BYDUREON P,2016,4,false,72.000,18,9873.70
MCOU,MN,66780021904,BYDUREON  ,2016,4,true,,,
FFSU,MN,00310652004,BYDUREON  ,2016,3,false,56.000,14,7831.02
MCOU,MN,00310652004,BYDUREON  ,2016,3,false,248.000,62,36484.36
MCOU,MN,00310653004,BYDUREON P,2016,3,false,852.000,213,124821.36
FFSU,MN,00310653004,BYDUREON P,2016,3,false,52.000,13,7158.45
FFSU,MN,00310652004,BYDUREON  ,2016,2,false,112.000,28,15787.24
MCOU,MN,00310652004,BYDUREON  ,2016,2,false,300.000,74,42074.13
FFSU,MN,00310653004,BYDUREON P,2016,2,false,64.000,16,8915.84
MCOU,MN,00310653004,BYDUREON P,2016,2,false,868.000,217,121496.43
MCOU,MN,66780021904,BYDUREON  ,2016,2,true,,,
FFSU,MN,00310652004,BYDUREON  ,2016,1,false,132.000,33,13538.75
MCOU,MN,00310652004,BYDUREON  ,2016,1,false,472.000,117,65692.17
MCOU,MN,00310653004,BYDUREON P,2016,1,false,1240.000,310,173459.07
FFSU,MN,00310653004,BYDUREON P,2016,1,false,104.000,26,14493.62
MCOU,MN,66780021904,BYDUREON  ,2016,1,true,,,
FFSU,MO,00310652004,BYDUREON  ,2016,4,false,712.000,176,111546.30
FFSU,MO,00310653004,BYDUREON P,2016,4,false,1873.000,469,296901.41
FFSU,MO,00310652004,BYDUREON  ,2016,3,false,696.000,174,105974.03
FFSU,MO,00310653004,BYDUREON P,2016,3,false,1720.000,431,263578.61
FFSU,MO,66780021904,BYDUREON  ,2016,3,true,,,
FFSU,MO,00310652004,BYDUREON  ,2016,2,false,604.000,151,89717.98
FFSU,MO,00310653004,BYDUREON P,2016,2,false,1256.000,314,187922.56
FFSU,MO,00310652004,BYDUREON  ,2016,1,false,584.000,146,83324.63
FFSU,MO,00310653004,BYDUREON P,2016,1,false,1068.000,267,157618.17
FFSU,MO,66780021904,BYDUREON  ,2016,1,true,,,
FFSU,MS,00310652004,BYDUREON 2,2016,4,false,52.000,13,7967.18
MCOU,MS,00310652004,BYDUREON 2,2016,4,false,292.000,73,44735.78
FFSU,MS,00310653004,BYDUREON 2,2016,4,false,300.000,75,45290.26
MCOU,MS,00310653004,BYDUREON 2,2016,4,false,2152.000,537,329375.14
MCOU,MS,00310652004,BYDUREON 2,2016,3,false,308.000,77,46809.38
FFSU,MS,00310652004,BYDUREON 2,2016,3,false,56.000,14,8518.15
MCOU,MS,00310653004,BYDUREON 2,2016,3,false,2163.000,535,330433.08
FFSU,MS,00310653004,BYDUREON 2,2016,3,false,336.000,84,49558.60
FFSU,MS,66780021904,BYDUREON 2,2016,3,true,,,
MCOU,MS,00310652004,BYDUREON 2,2016,2,false,380.000,95,54995.74
FFSU,MS,00310652004,BYDUREON 2,2016,2,false,56.000,14,7726.03
MCOU,MS,00310653004,BYDUREON 2,2016,2,false,1915.000,476,279440.84
FFSU,MS,00310653004,BYDUREON 2,2016,2,false,268.000,67,38956.38
FFSU,MS,66780021904,BYDUREON 2,2016,2,true,,,
MCOU,MS,66780021904,BYDUREON 2,2016,2,true,,,
MCOU,MS,00310652004,BYDUREON 2,2016,1,false,336.000,84,48815.63
FFSU,MS,00310652004,BYDUREON 2,2016,1,false,52.000,13,7461.40
MCOU,MS,00310653004,BYDUREON 2,2016,1,false,1597.000,397,230931.24
FFSU,MS,00310653004,BYDUREON 2,2016,1,false,228.000,57,32777.83
MCOU,MS,66780021904,BYDUREON  ,2016,1,true,,,
FFSU,MT,00310652004,BYDUREON 2,2016,4,false,236.000,58,33812.86
FFSU,MT,00310653004,BYDUREON 2,2016,4,false,1386.000,345,193169.20
FFSU,MT,66780021904,BYDUREON 2,2016,4,true,,,
FFSU,MT,00310652004,BYDUREON 2,2016,3,false,137.000,35,18894.86
FFSU,MT,00310653004,BYDUREON 2,2016,3,false,925.600,234,128070.02
FFSU,MT,66780022601,BYDUREON 2,2016,3,true,,,
FFSU,MT,00310652004,BYDUREON 2,2016,2,false,170.000,44,23468.45
FFSU,MT,00310653004,BYDUREON 2,2016,2,false,868.600,219,121444.42
FFSU,MT,00310652004,BYDUREON 2,2016,1,false,198.000,50,26638.65
FFSU,MT,00310653004,BYDUREON 2,2016,1,false,435.600,119,57972.68
FFSU,XX,00310652004,Bydureon 2,2016,4,false,6564.000,1612,956769.86
MCOU,XX,00310652004,Bydureon 2,2016,4,false,17530.000,4351,2502696.41
FFSU,XX,00310653004,Bydureon P,2016,4,false,34637.000,8488,5049492.75
MCOU,XX,00310653004,Bydureon P,2016,4,false,80764.600,19994,11482965.50
FFSU,XX,66780021904,BYDUREON  ,2016,4,false,44.000,12,5548.34
MCOU,XX,66780021904,BYDUREON  ,2016,4,false,84.000,24,11257.59
FFSU,XX,00310652004,Bydureon 2,2016,3,false,7010.000,1722,1007383.36
MCOU,XX,00310652004,Bydureon 2,2016,3,false,16018.000,3990,2279082.10
FFSU,XX,00310653004,Bydureon P,2016,3,false,32021.600,7866,4640603.66
MCOU,XX,00310653004,Bydureon P,2016,3,false,66019.000,16354,9405203.85
FFSU,XX,66780021904,BYDUREON  ,2016,3,false,96.000,24,11754.28
MCOU,XX,66780021904,BYDUREON  ,2016,3,false,288.000,72,33678.11
FFSU,XX,66780022601,BYDUREON  ,2016,3,true,,,
FFSU,XX,00310652004,Bydureon 2,2016,2,false,6979.000,1703,974427.29
MCOU,XX,00310652004,Bydureon 2,2016,2,false,18218.000,4520,2501330.53
FFSU,XX,00310653004,Bydureon P,2016,2,false,26763.600,6565,3747955.72
MCOU,XX,00310653004,Bydureon P,2016,2,false,61064.000,15108,8355153.51
FFSU,XX,66780021904,BYDUREON  ,2016,2,false,156.000,39,19255.74
MCOU,XX,66780021904,BYDUREON  ,2016,2,false,438.000,109,52570.06
FFSU,XX,00310652004,Bydureon 2,2016,1,false,7199.000,1755,980659.41
MCOU,XX,00310652004,Bydureon 2,2016,1,false,20825.000,5194,2834240.49
FFSU,XX,00310653004,Bydureon P,2016,1,false,22558.250,5517,3109389.63
MCOU,XX,00310653004,Bydureon P,2016,1,false,54566.000,13592,7381522.54
FFSU,XX,66780021904,BYDUREON  ,2016,1,false,184.000,46,22646.26
MCOU,XX,66780021904,BYDUREON  ,2016,1,false,999.000,256,111225.27
FFSU,NC,00310652004,BYDUREON  ,2016,4,false,682.000,172,94892.92
FFSU,NC,00310653004,BYDUREON P,2016,4,false,5112.000,1277,712254.49
FFSU,NC,66780021904,BYDUREON  ,2016,4,true,,,
FFSU,NC,00310652004,BYDUREON  ,2016,3,false,708.000,178,99903.96
FFSU,NC,00310653004,BYDUREON P,2016,3,false,5244.000,1309,740342.83
FFSU,NC,66780021904,BYDUREON  ,2016,3,true,,,
FFSU,NC,00310652004,BYDUREON  ,2016,2,false,648.000,162,89380.92
FFSU,NC,00310653004,BYDUREON P,2016,2,false,4096.000,1024,575302.34
FFSU,NC,66780021904,BYDUREON  ,2016,2,true,,,
FFSU,NC,00310652004,BYDUREON  ,2016,1,false,684.000,171,93430.37
FFSU,NC,00310653004,BYDUREON P,2016,1,false,3614.000,901,502163.34
FFSU,NC,66780021904,BYDUREON  ,2016,1,true,,,
MCOU,ND,00310652004,BYDUREON 2,2016,4,true,,,
FFSU,ND,00310652004,BYDUREON 2,2016,4,true,,,
FFSU,ND,00310653004,BYDUREON 2,2016,4,false,72.000,18,10309.23
MCOU,ND,00310653004,BYDUREON 2,2016,4,false,88.000,22,13138.23
FFSU,ND,00310652004,BYDUREON 2,2016,3,true,,,
MCOU,ND,00310652004,BYDUREON 2,2016,3,true,,,
MCOU,ND,00310653004,BYDUREON 2,2016,3,false,60.000,15,8006.15
FFSU,ND,00310653004,BYDUREON 2,2016,3,false,52.000,13,8096.77
FFSU,ND,00310652004,BYDUREON 2,2016,2,true,,,
MCOU,ND,00310652004,BYDUREON 2,2016,2,true,,,
FFSU,ND,00310653004,BYDUREON 2,2016,2,true,,,
MCOU,ND,00310653004,BYDUREON 2,2016,2,false,60.000,15,8544.52
MCOU,ND,00310652004,BYDUREON 2,2016,1,true,,,
FFSU,ND,00310652004,BYDUREON 2,2016,1,true,,,
MCOU,ND,00310653004,BYDUREON 2,2016,1,false,44.000,11,6139.73
FFSU,ND,00310653004,BYDUREON 2,2016,1,true,,,
FFSU,NE,00310652004,Bydureon 2,2016,4,false,124.000,31,19148.92
FFSU,NE,00310653004,Bydureon P,2016,4,false,588.000,147,90774.87
FFSU,NE,00310652004,Bydureon 2,2016,3,false,120.000,30,18300.04
FFSU,NE,00310653004,Bydureon P,2016,3,false,468.000,117,71802.86
FFSU,NE,00310652004,Bydureon 2,2016,2,false,144.000,36,21167.92
FFSU,NE,00310653004,Bydureon P,2016,2,false,376.000,94,55296.00
FFSU,NE,00310652004,Bydureon 2,2016,1,false,160.000,40,23163.24
FFSU,NE,00310653004,Bydureon P,2016,1,false,312.000,78,45348.60
FFSU,NE,66780021904,BYDUREON  ,2016,1,true,,,
FFSU,NH,00310652004,BYDUREON  ,2016,4,true,,,
MCOU,NH,00310652004,BYDUREON  ,2016,4,false,44.000,11,6356.11
MCOU,NH,00310653004,BYDUREON P,2016,4,false,152.000,38,22112.28
FFSU,NH,00310653004,BYDUREON P,2016,4,true,,,
MCOU,NH,00310652004,BYDUREON  ,2016,3,true,,,
FFSU,NH,00310653004,BYDUREON P,2016,3,true,,,
MCOU,NH,00310653004,BYDUREON P,2016,3,false,124.000,31,18023.64
FFSU,NH,00310652004,BYDUREON  ,2016,2,true,,,
MCOU,NH,00310652004,BYDUREON  ,2016,2,true,,,
MCOU,NH,00310653004,BYDUREON P,2016,2,false,136.000,34,18863.21
FFSU,NH,00310653004,BYDUREON P,2016,2,true,,,
MCOU,NH,00310652004,BYDUREON  ,2016,1,false,48.000,12,6597.05
MCOU,NH,00310653004,BYDUREON P,2016,1,false,124.000,31,17172.90
MCOU,NJ,00310652004,Bydureon 2,2016,4,false,2228.000,558,324475.07
MCOU,NJ,00310653004,Bydureon P,2016,4,false,8344.000,2080,1208126.18
FFSU,NJ,00310653004,Bydureon P,2016,4,false,68.000,18,9713.32
MCOU,NJ,66780021904,BYDUREON  ,2016,4,true,,,
MCOU,NJ,00310652004,Bydureon 2,2016,3,false,866.000,218,124281.95
FFSU,NJ,00310652004,Bydureon 2,2016,3,true,,,
FFSU,NJ,00310653004,Bydureon P,2016,3,false,71.000,20,10130.31
MCOU,NJ,00310653004,Bydureon P,2016,3,false,3256.000,814,463618.76
MCOU,NJ,66780021904,BYDUREON  ,2016,3,true,,,
MCOU,NJ,00310652004,Bydureon 2,2016,2,false,1554.000,392,217159.19
FFSU,NJ,00310652004,Bydureon 2,2016,2,true,,,
FFSU,NJ,00310653004,Bydureon P,2016,2,false,54.000,17,7362.87
MCOU,NJ,00310653004,Bydureon P,2016,2,false,4211.000,1053,581906.82
MCOU,NJ,66780021904,BYDUREON  ,2016,2,true,,,
MCOU,NJ,00310652004,Bydureon 2,2016,1,false,2196.000,553,295760.73
FFSU,NJ,00310652004,Bydureon 2,2016,1,true,,,
MCOU,NJ,00310653004,Bydureon P,2016,1,false,3842.000,960,515604.69
FFSU,NJ,00310653004,Bydureon P,2016,1,false,72.000,16,8708.12
MCOU,NJ,66780021904,BYDUREON  ,2016,1,true,,,
FFSU,NM,00310652004,BYDUREON 2,2016,4,true,,,
MCOU,NM,00310652004,BYDUREON 2,2016,4,true,,,
MCOU,NM,00310653004,BYDUREON 2,2016,4,true,,,
FFSU,NM,00310653004,BYDUREON 2,2016,4,true,,,
MCOU,NM,00310652004,BYDUREON 2,2016,3,true,,,
MCOU,NM,00310653004,BYDUREON 2,2016,3,true,,,
FFSU,NM,00310653004,BYDUREON 2,2016,3,true,,,
MCOU,NM,66780021904,BYDUREON 2,2016,3,true,,,
FFSU,NM,00310653004,BYDUREON 2,2016,2,true,,,
FFSU,NM,00310653004,BYDUREON 2,2016,1,true,,,
MCOU,NV,00310652004,Bydureon 2,2016,4,true,,,
FFSU,NV,00310652004,Bydureon 2,2016,4,false,84.000,17,11898.45
FFSU,NV,00310653004,Bydureon P,2016,4,false,428.000,102,60085.68
MCOU,NV,00310653004,Bydureon P,2016,4,false,56.000,14,8126.66
MCOU,NV,00310652004,Bydureon 2,2016,3,true,,,
FFSU,NV,00310652004,Bydureon 2,2016,3,false,168.000,38,23438.73
MCOU,NV,00310653004,Bydureon P,2016,3,false,84.000,21,12193.17
FFSU,NV,00310653004,Bydureon P,2016,3,false,488.000,113,68685.94
MCOU,NV,00310652004,Bydureon 2,2016,2,true,,,
FFSU,NV,00310652004,Bydureon 2,2016,2,false,80.000,18,10818.46
MCOU,NV,00310653004,Bydureon P,2016,2,false,108.000,27,14949.17
FFSU,NV,00310653004,Bydureon P,2016,2,false,372.000,91,50264.76
MCOU,NV,00310652004,Bydureon 2,2016,1,false,44.000,11,6117.61
FFSU,NV,00310652004,Bydureon 2,2016,1,false,76.000,17,9882.62
MCOU,NV,00310653004,Bydureon P,2016,1,false,56.000,14,7674.27
FFSU,NV,00310653004,Bydureon P,2016,1,false,412.000,95,54392.44
MCOU,NY,00310652004,BYDUREON  ,2016,4,false,1960.000,493,279526.23
FFSU,NY,00310652004,BYDUREON  ,2016,4,false,188.000,45,27149.96
FFSU,NY,00310653004,BYDUREON P,2016,4,false,832.000,208,115850.33
MCOU,NY,00310653004,BYDUREON P,2016,4,false,7902.000,1976,1127984.46
FFSU,NY,66780021904,BYDUREON  ,2016,4,true,,,
MCOU,NY,66780021904,BYDUREON  ,2016,4,true,,,
FFSU,NY,00310652004,BYDUREON  ,2016,3,false,168.000,48,24000.55
MCOU,NY,00310652004,BYDUREON  ,2016,3,false,2299.000,577,327549.78
MCOU,NY,00310653004,BYDUREON P,2016,3,false,8217.000,2053,1170683.63
FFSU,NY,00310653004,BYDUREON P,2016,3,false,787.000,195,112855.50
MCOU,NY,66780021904,BYDUREON  ,2016,3,false,156.000,39,18616.67
FFSU,NY,66780021904,BYDUREON  ,2016,3,true,,,
FFSU,NY,00310652004,BYDUREON  ,2016,2,false,187.000,55,25753.75
MCOU,NY,00310652004,BYDUREON 2,2016,2,false,2668.000,667,362917.47
FFSU,NY,00310653004,BYDUREON P,2016,2,false,704.000,182,89457.63
MCOU,NY,00310653004,BYDUREON P,2016,2,false,8190.000,2048,1113061.74
MCOU,NY,66780021904,BYDUREON  ,2016,2,false,176.000,44,20839.96
FFSU,NY,66780021904,BYDUREON  ,2016,2,true,,,
FFSU,NY,00310652004,BYDUREON  ,2016,1,false,190.000,48,25337.38
MCOU,NY,00310652004,BYDUREON 2,2016,1,false,3956.000,1011,530404.65
FFSU,NY,00310653004,BYDUREON P,2016,1,false,740.000,178,88674.69
MCOU,NY,00310653004,BYDUREON P,2016,1,false,9481.000,2406,1262347.37
MCOU,NY,66780021904,BYDUREON  ,2016,1,false,708.000,180,75561.15
FFSU,NY,66780021904,BYDUREON  ,2016,1,true,,,
MCOU,OH,00310652004,Bydureon 2,2016,4,false,2306.000,574,322589.33
FFSU,OH,00310652004,Bydureon 2,2016,4,false,76.000,17,11730.16
FFSU,OH,00310653004,Bydureon P,2016,4,false,944.000,232,142506.99
MCOU,OH,00310653004,Bydureon P,2016,4,false,8865.000,2209,1241987.39
MCOU,OH,66780021904,BYDUREON  ,2016,4,true,,,
MCOU,OH,00310652004,Bydureon 2,2016,3,false,2427.000,609,336788.97
FFSU,OH,00310652004,Bydureon 2,2016,3,false,81.000,17,11352.39
MCOU,OH,00310653004,Bydureon P,2016,3,false,8053.000,2007,1114964.23
FFSU,OH,00310653004,Bydureon P,2016,3,false,616.000,152,93110.57
FFSU,OH,66780021904,BYDUREON  ,2016,3,true,,,
MCOU,OH,66780021904,BYDUREON  ,2016,3,true,,,
FFSU,OH,00310652004,Bydureon 2,2016,2,false,180.000,40,26419.03
MCOU,OH,00310652004,Bydureon 2,2016,2,false,2332.000,580,315518.51
FFSU,OH,00310653004,Bydureon P,2016,2,false,640.000,160,93321.36
MCOU,OH,00310653004,Bydureon P,2016,2,false,5956.000,1485,798289.73
FFSU,OH,66780021904,BYDUREON  ,2016,2,true,,,
MCOU,OH,66780021904,BYDUREON  ,2016,2,true,,,
FFSU,OH,00310652004,Bydureon 2,2016,1,false,194.000,46,27839.22
MCOU,OH,00310652004,Bydureon 2,2016,1,false,3016.000,754,403574.59
FFSU,OH,00310653004,Bydureon P,2016,1,false,468.000,117,67006.68
MCOU,OH,00310653004,Bydureon P,2016,1,false,6921.000,1727,917973.42
MCOU,OH,66780021904,BYDUREON  ,2016,1,false,96.000,24,11541.56
FFSU,OH,66780021904,BYDUREON  ,2016,1,true,,,
FFSU,OK,00310652004,Bydureon 2,2016,4,false,145.000,37,22112.49
FFSU,OK,00310653004,Bydureon P,2016,4,false,592.000,148,90176.95
FFSU,OK,00310652004,Bydureon 2,2016,3,false,184.000,46,27837.88
FFSU,OK,00310653004,Bydureon P,2016,3,false,512.000,128,76921.77
FFSU,OK,00310652004,Bydureon 2,2016,2,false,167.000,44,24278.73
FFSU,OK,00310653004,Bydureon P,2016,2,false,492.000,123,71381.48
FFSU,OK,66780021904,BYDUREON  ,2016,2,true,,,
FFSU,OK,00310652004,Bydureon 2,2016,1,false,175.000,46,25007.10
FFSU,OK,00310653004,Bydureon P,2016,1,false,432.000,108,61061.06
FFSU,OR,00310652004,Bydureon 2,2016,4,true,,,
MCOU,OR,00310652004,Bydureon 2,2016,4,false,417.000,105,59695.29
FFSU,OR,00310653004,Bydureon P,2016,4,false,60.000,15,8558.25
MCOU,OR,00310653004,Bydureon P,2016,4,false,1568.000,388,223507.87
MCOU,OR,00310652004,Bydureon 2,2016,3,false,372.000,93,52486.38
FFSU,OR,00310652004,Bydureon 2,2016,3,true,,,
FFSU,OR,00310653004,Bydureon P,2016,3,false,52.000,13,7438.59
MCOU,OR,00310653004,Bydureon P,2016,3,false,1212.000,303,171161.98
FFSU,OR,00310652004,Bydureon 2,2016,2,true,,,
MCOU,OR,00310652004,Bydureon 2,2016,2,false,432.000,108,59287.47
FFSU,OR,00310653004,Bydureon P,2016,2,true,,,
MCOU,OR,00310653004,Bydureon P,2016,2,false,1000.000,250,137699.21
MCOU,OR,66780021904,BYDUREON  ,2016,2,true,,,
FFSU,OR,66780021904,BYDUREON  ,2016,2,true,,,
MCOU,OR,00310652004,Bydureon 2,2016,1,false,381.000,96,50743.29
FFSU,OR,00310653004,Bydureon P,2016,1,true,,,
MCOU,OR,00310653004,Bydureon P,2016,1,false,732.000,183,97863.18
MCOU,OR,66780021904,BYDUREON  ,2016,1,true,,,
FFSU,OR,66780021904,BYDUREON  ,2016,1,true,,,
MCOU,PA,00310652004,Bydureon 2,2016,4,false,224.000,56,32098.88
FFSU,PA,00310652004,Bydureon 2,2016,4,true,,,
FFSU,PA,00310653004,Bydureon P,2016,4,false,76.000,17,11320.09
MCOU,PA,00310653004,Bydureon P,2016,4,false,900.000,225,130709.53
MCOU,PA,00310652004,Bydureon 2,2016,3,false,244.000,61,33817.67
FFSU,PA,00310652004,Bydureon 2,2016,3,true,,,
MCOU,PA,00310653004,Bydureon P,2016,3,false,972.000,241,136868.82
FFSU,PA,00310653004,Bydureon P,2016,3,false,104.000,24,14740.05
FFSU,PA,00310652004,Bydureon 2,2016,2,true,,,
MCOU,PA,00310652004,Bydureon 2,2016,2,false,272.000,68,37233.81
FFSU,PA,00310653004,Bydureon P,2016,2,false,88.000,20,12461.49
MCOU,PA,00310653004,Bydureon P,2016,2,false,896.000,224,121416.45
MCOU,PA,66780021904,BYDUREON  ,2016,2,true,,,
MCOU,PA,00310652004,BYDUREON 2,2016,1,false,296.000,74,39091.50
FFSU,PA,00310652004,BYDUREON 2,2016,1,true,,,
MCOU,PA,00310653004,BYDUREON 2,2016,1,false,952.000,238,127301.28
FFSU,PA,00310653004,BYDUREON 2,2016,1,false,68.000,15,9091.53
MCOU,PA,66780021904,BYDUREON 2,2016,1,true,,,
MCOU,RI,00310653004,Bydureon P,2016,4,true,,,
MCOU,RI,00310652004,Bydureon 2,2016,3,true,,,
MCOU,RI,00310653004,Bydureon P,2016,3,false,60.000,15,8755.68
MCOU,RI,00310652004,Bydureon 2,2016,2,true,,,
FFSU,RI,00310653004,Bydureon P,2016,2,true,,,
MCOU,RI,00310653004,Bydureon P,2016,2,false,44.000,11,6158.45
MCOU,RI,00310652004,Bydureon 2,2016,1,true,,,
FFSU,RI,00310653004,Bydureon P,2016,1,true,,,
MCOU,RI,00310653004,Bydureon P,2016,1,true,,,
MCOU,RI,66780021904,BYDUREON  ,2016,1,true,,,
FFSU,SC,00310652004,BYDUREON  ,2016,4,true,,,
MCOU,SC,00310652004,BYDUREON  ,2016,4,false,132.000,33,18896.97
FFSU,SC,00310653004,BYDUREON P,2016,4,false,84.000,21,12263.67
MCOU,SC,00310653004,BYDUREON P,2016,4,false,656.000,164,90376.45
MCOU,SC,00310652004,BYDUREON  ,2016,3,false,136.000,34,19405.97
FFSU,SC,00310652004,BYDUREON  ,2016,3,true,,,
MCOU,SC,00310653004,BYDUREON P,2016,3,false,500.000,125,67230.31
FFSU,SC,00310653004,BYDUREON P,2016,3,false,92.000,23,13266.13
FFSU,SC,00310652004,BYDUREON  ,2016,2,true,,,
MCOU,SC,00310652004,BYDUREON  ,2016,2,false,160.000,40,21890.98
MCOU,SC,00310653004,BYDUREON P,2016,2,false,400.000,100,51089.35
FFSU,SC,00310653004,BYDUREON P,2016,2,false,72.000,18,10012.62
MCOU,SC,66780021904,BYDUREON  ,2016,2,true,,,
FFSU,SC,00310652004,BYDUREON  ,2016,1,true,,,
MCOU,SC,00310652004,BYDUREON  ,2016,1,false,188.000,47,25486.10
MCOU,SC,00310653004,BYDUREON P,2016,1,false,357.000,93,46148.12
FFSU,SC,00310653004,BYDUREON P,2016,1,false,60.000,15,7412.43
FFSU,SD,00310652004,Bydureon 2,2016,4,true,,,
FFSU,SD,00310653004,Bydureon P,2016,4,false,72.000,18,10441.85
FFSU,SD,00310652004,Bydureon 2,2016,3,false,52.000,13,7627.83
FFSU,SD,00310653004,Bydureon P,2016,3,false,84.000,21,12204.74
FFSU,SD,00310652004,Bydureon 2,2016,2,false,56.000,14,8052.34
FFSU,SD,00310653004,Bydureon P,2016,2,false,72.000,18,10360.08
FFSU,SD,00310652004,Bydureon 2,2016,1,false,44.000,11,6191.15
FFSU,SD,00310653004,Bydureon P,2016,1,false,72.000,18,10101.96
FFSU,TN,00310652004,Bydureon 2,2016,4,false,1024.000,256,149492.08
FFSU,TN,00310653004,Bydureon P,2016,4,false,3885.000,972,563844.49
FFSU,TN,00310652004,BYDUREON  ,2016,3,false,1229.000,308,175936.90
FFSU,TN,00310653004,BYDUREON P,2016,3,false,3500.000,875,503142.70
FFSU,TN,00310652004,BYDUREON  ,2016,2,false,1286.000,323,178400.34
FFSU,TN,00310653004,BYDUREON P,2016,2,false,2948.000,737,409028.62
FFSU,TN,00310652004,BYDUREON  ,2016,1,false,1311.000,330,179106.04
FFSU,TN,00310653004,BYDUREON P,2016,1,false,2560.000,640,350256.01
FFSU,TN,66780021904,BYDUREON  ,2016,1,true,,,
MCOU,TX,00310652004,BYDUREON 2,2016,4,false,1440.000,360,206269.36
FFSU,TX,00310652004,BYDUREON 2,2016,4,true,,,
MCOU,TX,00310653004,BYDUREON 2,2016,4,false,6665.600,1660,952157.32
FFSU,TX,00310653004,BYDUREON 2,2016,4,false,140.000,27,20105.30
FFSU,TX,66780021904,BYDUREON 2,2016,4,true,,,
MCOU,TX,00310652004,BYDUREON 2,2016,3,false,1200.000,300,172032.72
FFSU,TX,00310652004,BYDUREON 2,2016,3,true,,,
MCOU,TX,00310653004,BYDUREON 2,2016,3,false,4898.000,1221,699016.93
FFSU,TX,00310653004,BYDUREON 2,2016,3,false,168.000,36,23885.12
MCOU,TX,66780021904,BYDUREON 2,2016,3,true,,,
MCOU,TX,00310652004,BYDUREON 2,2016,2,false,1240.000,310,172442.16
FFSU,TX,00310652004,BYDUREON 2,2016,2,true,,,
MCOU,TX,00310653004,BYDUREON 2,2016,2,false,3904.000,972,534074.70
FFSU,TX,00310653004,BYDUREON 2,2016,2,false,124.000,27,16699.08
MCOU,TX,66780021904,BYDUREON 2,2016,2,true,,,
MCOU,TX,00310652004,BYDUREON 2,2016,1,false,953.000,237,133885.54
FFSU,TX,00310652004,BYDUREON 2,2016,1,true,,,
MCOU,TX,00310653004,BYDUREON 2,2016,1,false,1848.000,463,250099.64
FFSU,TX,00310653004,BYDUREON 2,2016,1,false,68.000,15,9093.77
MCOU,TX,66780021904,BYDUREON 2,2016,1,true,,,
MCOU,UT,00310652004,Bydureon 2,2016,4,true,,,
MCOU,UT,00310653004,Bydureon P,2016,4,false,112.000,28,16580.04
MCOU,UT,00310652004,Bydureon 2,2016,3,true,,,
MCOU,UT,00310653004,Bydureon P,2016,3,false,104.000,26,15312.05
MCOU,UT,00310652004,Bydureon 2,2016,2,false,36.000,11,5012.65
MCOU,UT,00310653004,Bydureon P,2016,2,false,72.000,24,10201.91
MCOU,UT,00310652004,Bydureon 2,2016,1,true,,,
MCOU,UT,00310653004,Bydureon P,2016,1,false,100.000,34,14082.70
FFSU,VA,00310652004,Bydureon 2,2016,4,true,,,
MCOU,VA,00310652004,BYDUREON  ,2016,4,false,56.000,14,8215.63
FFSU,VA,00310653004,Bydureon P,2016,4,false,60.000,15,9072.60
MCOU,VA,00310653004,BYDUREON P,2016,4,false,344.000,86,50162.18
MCOU,VA,00310652004,BYDUREON  ,2016,3,false,72.000,18,10520.09
FFSU,VA,00310652004,Bydureon 2,2016,3,true,,,
FFSU,VA,00310653004,Bydureon P,2016,3,false,56.000,14,8410.25
MCOU,VA,00310653004,BYDUREON P,2016,3,false,332.000,83,48736.12
MCOU,VA,00310652004,BYDUREON  ,2016,2,false,168.000,42,23223.18
FFSU,VA,00310653004,Bydureon P,2016,2,true,,,
MCOU,VA,00310653004,BYDUREON P,2016,2,false,340.000,85,47457.86
MCOU,VA,00310652004,BYDUREON  ,2016,1,false,220.000,55,30694.32
FFSU,VA,00310653004,Bydureon P,2016,1,true,,,
MCOU,VA,00310653004,BYDUREON P,2016,1,false,312.000,78,43397.47
FFSU,VT,00310652004,Bydureon 2,2016,4,true,,,
FFSU,VT,00310653004,Bydureon P,2016,4,true,,,
FFSU,VT,00310652004,Bydureon 2,2016,3,true,,,
FFSU,VT,00310653004,Bydureon P,2016,3,true,,,
FFSU,VT,00310652004,Bydureon 2,2016,2,true,,,
FFSU,VT,00310653004,Bydureon P,2016,2,true,,,
FFSU,VT,00310652004,Bydureon 2,2016,1,true,,,
FFSU,VT,00310653004,Bydureon P,2016,1,true,,,
MCOU,WA,00310652004,Bydureon 2,2016,4,false,272.000,68,37144.97
FFSU,WA,00310652004,Bydureon 2,2016,4,true,,,
MCOU,WA,00310653004,Bydureon P,2016,4,false,959.000,242,138427.53
FFSU,WA,00310653004,Bydureon P,2016,4,false,100.000,25,13546.73
MCOU,WA,00310652004,Bydureon 2,2016,3,false,268.000,67,37217.03
FFSU,WA,00310652004,Bydureon 2,2016,3,true,,,
MCOU,WA,00310653004,Bydureon P,2016,3,false,841.000,211,120136.13
FFSU,WA,00310653004,Bydureon P,2016,3,false,92.000,23,13328.33
MCOU,WA,66780021904,BYDUREON  ,2016,3,true,,,
FFSU,WA,00310652004,Bydureon 2,2016,2,true,,,
MCOU,WA,00310652004,Bydureon 2,2016,2,false,220.000,55,28637.11
FFSU,WA,00310653004,Bydureon P,2016,2,false,116.000,29,14623.58
MCOU,WA,00310653004,Bydureon P,2016,2,false,516.000,129,70947.97
FFSU,WA,00310652004,Bydureon 2,2016,1,true,,,
MCOU,WA,00310652004,Bydureon 2,2016,1,false,246.000,62,32943.43
FFSU,WA,00310653004,Bydureon P,2016,1,false,136.650,35,16689.36
MCOU,WA,00310653004,Bydureon P,2016,1,false,464.000,116,62633.76
FFSU,WI,00310652004,Bydureon 2,2016,4,false,305.000,77,45114.37
FFSU,WI,00310653004,Bydureon P,2016,4,false,4936.000,1233,736309.90
MCOU,WI,00310653004,Bydureon P,2016,4,true,,,
FFSU,WI,66780021904,BYDUREON  ,2016,4,true,,,
FFSU,WI,00310652004,Bydureon 2,2016,3,false,408.000,100,59779.19
MCOU,WI,00310653004,Bydureon P,2016,3,true,,,
FFSU,WI,00310653004,Bydureon P,2016,3,false,4684.000,1171,695776.83
FFSU,WI,66780021904,BYDUREON  ,2016,3,true,,,
MCOU,WI,00310652004,Bydureon 2,2016,2,true,,,
FFSU,WI,00310652004,Bydureon 2,2016,2,false,432.000,108,60870.96
MCOU,WI,00310653004,Bydureon P,2016,2,true,,,
FFSU,WI,00310653004,Bydureon P,2016,2,false,3764.000,940,536040.96
FFSU,WI,66780021904,BYDUREON  ,2016,2,true,,,
FFSU,WI,00310652004,Bydureon 2,2016,1,false,348.000,85,48571.68
MCOU,WI,00310653004,Bydureon P,2016,1,true,,,
FFSU,WI,00310653004,Bydureon P,2016,1,false,3072.000,763,436806.80
FFSU,WI,66780021904,BYDUREON  ,2016,1,true,,,
MCOU,WV,00310652004,BYDUREON  ,2016,4,false,256.000,64,34199.93
FFSU,WV,00310652004,BYDUREON 2,2016,4,false,156.000,39,23015.91
FFSU,WV,00310653004,BYDUREON P,2016,4,false,432.000,108,63283.83
MCOU,WV,00310653004,BYDUREON P,2016,4,false,1520.000,380,221473.44
MCOU,WV,66780021904,BYDUREON  ,2016,4,true,,,
MCOU,WV,00310652004,BYDUREON  ,2016,3,false,208.000,52,29502.37
FFSU,WV,00310652004,BYDUREON  ,2016,3,false,108.000,27,15606.51
FFSU,WV,00310653004,BYDUREON P,2016,3,false,288.000,71,41312.77
MCOU,WV,00310653004,BYDUREON P,2016,3,false,1224.000,306,180342.93
FFSU,WV,66780021904,BYDUREON  ,2016,3,true,,,
FFSU,WV,00310652004,BYDUREON  ,2016,2,false,80.000,20,11212.05
MCOU,WV,00310652004,BYDUREON  ,2016,2,false,180.000,45,25699.91
MCOU,WV,00310653004,BYDUREON P,2016,2,false,748.000,187,108074.25
FFSU,WV,00310653004,BYDUREON P,2016,2,false,292.000,73,40985.48
FFSU,WV,66780021904,BYDUREON  ,2016,2,true,,,
MCOU,WV,66780021904,BYDUREON  ,2016,2,true,,,
FFSU,WV,00310652004,BYDUREON  ,2016,1,false,44.000,11,5925.54
MCOU,WV,00310652004,BYDUREON  ,2016,1,false,152.000,38,24666.91
FFSU,WV,00310653004,BYDUREON P,2016,1,false,100.000,25,13855.88
MCOU,WV,00310653004,BYDUREON P,2016,1,false,240.000,60,35517.72
MCOU,WV,66780021904,BYDUREON  ,2016,1,true,,,
FFSU,WY,00310652004,Bydureon 2,2016,4,true,,,
FFSU,WY,00310653004,Bydureon P,2016,4,true,,,
FFSU,WY,00310653004,Bydureon P,2016,3,true,,,
FFSU,WY,00310653004,Bydureon P,2016,2,true,,,
FFSU,WY,00310652004,BYDUREON  ,2016,1,true,,,
FFSU,WY,00310653004,BYDUREON  ,2016,1,true,,,
FFSU,AK,00173086735,TANZEUM   ,2016,4,true,,,
FFSU,AK,00173086635,TANZEUM   ,2016,3,true,,,
FFSU,AK,00173086735,TANZEUM   ,2016,3,true,,,
FFSU,AK,00173086635,TANZEUM   ,2016,2,true,,,
FFSU,AK,00173086635,TANZEUM   ,2016,1,true,,,
FFSU,AK,00173086735,TANZEUM   ,2016,1,true,,,
FFSU,AL,00173086635,TANZEUM (A,2016,4,false,248.000,62,29199.23
FFSU,AL,00173086735,TANZEUM (A,2016,4,false,140.000,35,16496.69
FFSU,AL,00173086635,TANZEUM (A,2016,3,false,245.000,63,27357.45
FFSU,AL,00173086735,TANZEUM (A,2016,3,false,84.000,21,9610.11
FFSU,AL,00173086635,TANZEUM (A,2016,2,false,191.000,49,22316.36
FFSU,AL,00173086735,TANZEUM (A,2016,2,false,76.000,19,8494.54
FFSU,AL,00173086635,TANZEUM (A,2016,1,false,175.000,46,19844.21
FFSU,AL,00173086735,TANZEUM (A,2016,1,false,52.000,13,5773.22
FFSU,AR,00173086735,TANZEUM   ,2016,4,true,,,
FFSU,AR,00173086735,TANZEUM   ,2016,3,true,,,
FFSU,AR,00173086635,TANZEUM   ,2016,2,true,,,
FFSU,AR,00173086735,TANZEUM   ,2016,2,true,,,
FFSU,AR,00173086635,TANZEUM   ,2016,1,true,,,
FFSU,AR,00173086735,TANZEUM   ,2016,1,true,,,
MCOU,AZ,00173086635,TANZEUM   ,2016,4,false,585.000,147,69543.01
MCOU,AZ,00173086735,TANZEUM   ,2016,4,false,546.000,138,61313.60
MCOU,AZ,00173086635,TANZEUM   ,2016,3,false,932.000,233,102599.04
MCOU,AZ,00173086735,TANZEUM   ,2016,3,false,664.000,167,68213.89
MCOU,AZ,00173086635,TANZEUM   ,2016,2,false,1046.000,262,113492.06
MCOU,AZ,00173086735,TANZEUM   ,2016,2,false,537.000,135,57316.53
MCOU,AZ,00173086635,TANZEUM   ,2016,1,false,852.000,213,90737.86
MCOU,AZ,00173086735,TANZEUM   ,2016,1,false,456.000,112,48744.23
FFSU,CA,00173086601,TANZEUM  A,2016,4,true,,,
FFSU,CA,00173086635,TANZEUM  A,2016,4,false,587.000,149,71373.43
MCOU,CA,00173086635,TANZEUM  A,2016,4,false,2198.000,542,260072.15
FFSU,CA,00173086701,TANZEUM  A,2016,4,true,,,
FFSU,CA,00173086735,TANZEUM  A,2016,4,false,544.000,136,64778.51
MCOU,CA,00173086735,TANZEUM  A,2016,4,false,1591.000,397,189959.66
FFSU,CA,00173086601,TANZEUM  A,2016,3,true,,,
MCOU,CA,00173086635,TANZEUM  A,2016,3,false,2720.000,617,280880.77
FFSU,CA,00173086635,TANZEUM  A,2016,3,false,530.000,138,59155.02
MCOU,CA,00173086701,TANZEUM  A,2016,3,true,,,
FFSU,CA,00173086735,TANZEUM  A,2016,3,false,344.000,84,37110.54
MCOU,CA,00173086735,TANZEUM  A,2016,3,false,1304.000,321,146644.69
FFSU,CA,00173086635,TANZEUM  A,2016,2,false,531.000,130,59191.12
MCOU,CA,00173086635,TANZEUM  A,2016,2,false,2200.000,549,249481.07
MCOU,CA,00173086701,TANZEUM  A,2016,2,true,,,
MCOU,CA,00173086735,TANZEUM  A,2016,2,false,1164.000,288,130455.41
FFSU,CA,00173086735,TANZEUM  A,2016,2,false,341.000,84,36935.93
FFSU,CA,00173086635,TANZEUM  A,2016,1,false,404.000,100,44841.82
MCOU,CA,00173086635,TANZEUM  A,2016,1,false,1756.000,442,198544.71
MCOU,CA,00173086735,TANZEUM  A,2016,1,false,620.000,154,70266.60
FFSU,CA,00173086735,TANZEUM  A,2016,1,false,225.000,58,23500.62
FFSU,CO,00173086635,TANZEUM   ,2016,4,false,64.000,16,7794.24
FFSU,CO,00173086735,TANZEUM   ,2016,4,false,112.000,24,13506.04
MCOU,CO,00173086735,TANZEUM   ,2016,4,true,,,
FFSU,CO,00173086635,TANZEUM   ,2016,3,false,60.000,15,6717.83
FFSU,CO,00173086735,TANZEUM   ,2016,3,false,80.000,18,8910.64
MCOU,CO,00173086735,TANZEUM   ,2016,3,true,,,
FFSU,CO,00173086635,TANZEUM 30,2016,2,false,100.000,19,11194.01
MCOU,CO,00173086635,TANZEUM   ,2016,2,true,,,
FFSU,CO,00173086735,TANZEUM   ,2016,2,false,84.000,17,9346.82
MCOU,CO,00173086735,TANZEUM   ,2016,2,true,,,
FFSU,CO,00173086635,TANZEUM 30,2016,1,false,96.000,20,10551.06
FFSU,CO,00173086735,TANZEUM 50,2016,1,true,,,
MCOU,CO,00173086735,TANZEUM   ,2016,1,true,,,
FFSU,CT,00173086635,TANZEUM (A,2016,4,false,333.000,71,39772.77
FFSU,CT,00173086735,TANZEUM (A,2016,4,false,528.000,109,62740.69
FFSU,CT,00173086635,TANZEUM (A,2016,3,false,421.000,95,46469.24
FFSU,CT,00173086735,TANZEUM (A,2016,3,false,549.000,115,60583.77
FFSU,CT,00173086635,TANZEUM (A,2016,2,false,583.000,122,64337.08
FFSU,CT,00173086735,TANZEUM (A,2016,2,false,492.000,105,54297.64
FFSU,CT,00173086635,TANZEUM (A,2016,1,false,476.000,98,51777.85
FFSU,CT,00173086735,TANZEUM (A,2016,1,false,280.000,60,30673.25
MCOU,DC,00173086635,TANZEUM 30,2016,4,false,48.000,12,5745.46
FFSU,DC,00173086735,TANZEUM 50,2016,4,true,,,
MCOU,DC,00173086735,TANZEUM 50,2016,4,true,,,
MCOU,DC,00173086635,TANZEUM 30,2016,3,true,,,
MCOU,DC,00173086635,TANZEUM 30,2016,1,true,,,
MCOU,DE,00173086635,TANZEUM (A,2016,4,false,604.000,151,30431.14
FFSU,DE,00173086635,TANZEUM (A,2016,4,true,,,
FFSU,DE,00173086735,TANZEUM (A,2016,4,true,,,
MCOU,DE,00173086735,TANZEUM (A,2016,4,false,442.000,111,25568.57
MCOU,DE,00173086635,TANZEUM (A,2016,3,false,532.000,133,48712.36
FFSU,DE,00173086735,TANZEUM (A,2016,3,true,,,
MCOU,DE,00173086735,TANZEUM (A,2016,3,false,444.000,111,42603.55
FFSU,DE,00173086635,TANZEUM (A,2016,2,true,,,
MCOU,DE,00173086635,TANZEUM (A,2016,2,false,416.000,104,46192.19
MCOU,DE,00173086735,TANZEUM (A,2016,2,false,288.000,72,32343.45
FFSU,DE,00173086735,TANZEUM (A,2016,2,true,,,
MCOU,DE,00173086635,TANZEUM (A,2016,1,false,271.000,68,29100.48
MCOU,DE,00173086735,TANZEUM (A,2016,1,false,132.000,33,14749.37
MCOU,FL,00173086635,TANZEUM   ,2016,4,false,103.000,27,11871.42
MCOU,FL,00173086735,TANZEUM   ,2016,4,false,88.000,22,10227.71
MCOU,FL,00173086635,TANZEUM   ,2016,3,false,148.000,37,16069.68
MCOU,FL,00173086735,TANZEUM   ,2016,3,false,81.000,21,8836.81
MCOU,FL,00173086635,TANZEUM   ,2016,2,false,99.000,25,10703.59
MCOU,FL,00173086735,TANZEUM   ,2016,2,false,41.000,11,4089.62
MCOU,FL,00173086635,TANZEUM   ,2016,1,false,122.000,29,12831.31
MCOU,FL,00173086735,TANZEUM   ,2016,1,false,50.000,13,5338.16
FFSU,GA,00173086635,TANZEUM   ,2016,4,false,404.000,102,48110.34
MCOU,GA,00173086635,TANZEUM (A,2016,4,false,184.000,46,21754.14
MCOU,GA,00173086735,TANZEUM (A,2016,4,false,64.000,16,7638.44
FFSU,GA,00173086735,TANZEUM (A,2016,4,false,176.000,45,21086.32
FFSU,GA,00173086635,TANZEUM   ,2016,3,false,514.000,132,57042.17
MCOU,GA,00173086635,TANZEUM (A,2016,3,false,174.000,44,19255.74
MCOU,GA,00173086735,TANZEUM (A,2016,3,true,,,
FFSU,GA,00173086735,TANZEUM (A,2016,3,false,194.000,49,21481.46
MCOU,GA,00173086635,TANZEUM   ,2016,2,false,116.000,29,12823.67
FFSU,GA,00173086635,TANZEUM (A,2016,2,false,457.000,117,50690.09
FFSU,GA,00173086735,TANZEUM (A,2016,2,false,124.000,31,13712.50
MCOU,GA,00173086735,TANZEUM (A,2016,2,true,,,
MCOU,GA,00173086635,TANZEUM (A,2016,1,false,104.000,26,11397.33
FFSU,GA,00173086635,TANZEUM (A,2016,1,false,371.000,95,41195.03
FFSU,GA,00173086735,TANZEUM (A,2016,1,false,64.000,16,7075.08
MCOU,GA,00173086735,TANZEUM (A,2016,1,false,44.000,11,4787.04
MCOU,HI,00173086635,TANZEUM 30,2016,4,false,612.000,151,71083.65
MCOU,HI,00173086735,TANZEUM 50,2016,4,false,815.000,207,96859.06
MCOU,HI,00173086635,TANZEUM 30,2016,3,false,578.000,142,61260.14
MCOU,HI,00173086735,TANZEUM 50,2016,3,false,690.000,174,77499.98
MCOU,HI,00173086635,TANZEUM 30,2016,2,false,588.000,147,65313.70
MCOU,HI,00173086735,TANZEUM 50,2016,2,false,597.000,150,65035.81
MCOU,HI,00173086635,TANZEUM 30,2016,1,false,563.000,143,62023.68
MCOU,HI,00173086735,TANZEUM 50,2016,1,false,452.000,119,49568.77
MCOU,IA,00173086601,TANZEUM (A,2016,4,true,,,
MCOU,IA,00173086635,TANZEUM (A,2016,4,false,1612.000,405,231512.16
FFSU,IA,00173086635,TANZEUM (A,2016,4,true,,,
MCOU,IA,00173086701,TANZEUM (A,2016,4,true,,,
MCOU,IA,00173086735,TANZEUM (A,2016,4,false,1361.000,344,200055.39
FFSU,IA,00173086735,TANZEUM (A,2016,4,true,,,
MCOU,IA,00173086601,TANZEUM (A,2016,3,true,,,
MCOU,IA,00173086635,TANZEUM (A,2016,3,false,1213.000,307,168549.90
FFSU,IA,00173086635,TANZEUM (A,2016,3,true,,,
MCOU,IA,00173086735,TANZEUM (A,2016,3,false,1067.000,269,147579.88
FFSU,IA,00173086735,TANZEUM (A,2016,3,true,,,
FFSU,IA,00173086635,TANZEUM (A,2016,2,false,128.000,32,13928.28
MCOU,IA,00173086635,TANZEUM (A,2016,2,false,1184.000,296,122075.20
FFSU,IA,00173086735,TANZEUM (A,2016,2,false,72.000,18,7565.31
MCOU,IA,00173086735,TANZEUM (A,2016,2,false,1055.000,265,106854.66
FFSU,IA,00173086635,TANZEUM (A,2016,1,false,980.000,245,108154.28
FFSU,IA,00173086735,TANZEUM (A,2016,1,false,592.000,148,63022.74
FFSU,ID,00173086635,TANZEUM   ,2016,4,false,348.000,87,40979.87
FFSU,ID,00173086735,TANZEUM   ,2016,4,false,188.000,47,22121.37
FFSU,ID,00173086635,TANZEUM   ,2016,3,false,356.000,89,39316.98
FFSU,ID,00173086735,TANZEUM   ,2016,3,false,168.000,42,18533.40
FFSU,ID,00173086635,TANZEUM   ,2016,2,false,296.000,74,32747.09
FFSU,ID,00173086735,TANZEUM   ,2016,2,false,128.000,32,14111.58
FFSU,ID,00173086635,TANZEUM   ,2016,1,false,152.000,38,16619.79
FFSU,ID,00173086735,TANZEUM   ,2016,1,false,68.000,17,7522.39
FFSU,IL,00173086635,TANZEUM (A,2016,4,true,,,
MCOU,IL,00173086635,TANZEUM (A,2016,4,false,1098.000,273,118768.43
FFSU,IL,00173086735,TANZEUM (A,2016,4,true,,,
MCOU,IL,00173086735,TANZEUM (A,2016,4,false,1120.000,279,122152.79
MCOU,IL,00173086635,TANZEUM (A,2016,3,false,448.000,112,49083.84
MCOU,IL,00173086735,TANZEUM (A,2016,3,false,372.000,90,39434.24
MCOU,IL,00173086635,TANZEUM (A,2016,2,false,470.000,117,51023.85
FFSU,IL,00173086635,TANZEUM (A,2016,2,true,,,
MCOU,IL,00173086735,TANZEUM (A,2016,2,false,388.000,97,42356.05
MCOU,IL,00173086635,TANZEUM (A,2016,1,false,204.000,51,21639.25
FFSU,IL,00173086635,TANZEUM (A,2016,1,true,,,
FFSU,IL,00173086735,TANZEUM (A,2016,1,true,,,
MCOU,IL,00173086735,TANZEUM (A,2016,1,false,200.000,50,21360.01
MCOU,IN,00173086601,TANZEUM (A,2016,4,true,,,
MCOU,IN,00173086635,TANZEUM (A,2016,4,false,2479.000,597,295236.07
FFSU,IN,00173086635,TANZEUM (A,2016,4,false,84.000,21,10139.72
FFSU,IN,00173086735,TANZEUM (A,2016,4,false,136.000,34,15903.28
MCOU,IN,00173086735,TANZEUM (A,2016,4,false,2127.000,516,257862.74
MCOU,IN,00173086601,TANZEUM (A,2016,3,true,,,
FFSU,IN,00173086635,TANZEUM (A,2016,3,false,84.000,19,6716.10
MCOU,IN,00173086635,TANZEUM (A,2016,3,false,2343.000,578,260637.18
MCOU,IN,00173086701,TANZEUM (A,2016,3,true,,,
FFSU,IN,00173086735,TANZEUM (A,2016,3,false,104.000,26,11173.10
MCOU,IN,00173086735,TANZEUM (A,2016,3,false,1852.000,457,206836.12
MCOU,IN,00173086635,TANZEUM (A,2016,2,false,2650.000,657,296407.08
FFSU,IN,00173086635,TANZEUM (A,2016,2,false,52.500,14,5424.22
MCOU,IN,00173086701,TANZEUM (A,2016,2,true,,,
FFSU,IN,00173086735,TANZEUM (A,2016,2,false,84.000,21,8939.20
MCOU,IN,00173086735,TANZEUM (A,2016,2,false,1827.000,457,203354.54
MCOU,IN,00173086635,TANZEUM (A,2016,1,false,1522.000,384,166342.99
FFSU,IN,00173086635,TANZEUM (A,2016,1,false,76.000,19,8423.20
FFSU,IN,00173086735,TANZEUM (A,2016,1,false,100.000,23,11063.27
MCOU,IN,00173086735,TANZEUM (A,2016,1,false,840.000,219,92500.53
MCOU,KS,00173086635,TANZEUM (A,2016,4,true,,,
MCOU,KS,00173086735,TANZEUM (A,2016,4,true,,,
MCOU,KS,00173086635,TANZEUM (A,2016,3,true,,,
MCOU,KS,00173086635,TANZEUM (A,2016,2,true,,,
MCOU,KS,00173086735,TANZEUM (A,2016,2,true,,,
MCOU,KS,00173086635,TANZEUM (A,2016,1,true,,,
MCOU,KS,00173086735,TANZEUM (A,2016,1,true,,,
MCOU,KY,00173086635,TANZEUM   ,2016,4,false,952.000,243,114387.83
MCOU,KY,00173086701,TANZEUM   ,2016,4,true,,,
MCOU,KY,00173086735,TANZEUM   ,2016,4,false,649.000,163,78114.07
MCOU,KY,00173086635,TANZEUM   ,2016,3,false,751.000,192,83053.60
MCOU,KY,00173086735,TANZEUM   ,2016,3,false,476.000,119,52736.88
MCOU,KY,00173086635,TANZEUM   ,2016,2,false,589.000,149,65734.93
MCOU,KY,00173086701,TANZEUM   ,2016,2,true,,,
MCOU,KY,00173086735,TANZEUM   ,2016,2,false,290.000,73,32159.81
MCOU,KY,00173086635,TANZEUM   ,2016,1,false,528.000,133,59524.05
MCOU,KY,00173086735,TANZEUM   ,2016,1,false,220.000,56,24421.38
MCOU,LA,00173086635,TANZEUM   ,2016,4,false,899.000,227,106087.98
MCOU,LA,00173086735,TANZEUM   ,2016,4,false,557.000,144,65353.28
MCOU,LA,00173086635,TANZEUM   ,2016,3,false,666.000,167,73740.74
FFSU,LA,00173086635,TANZEUM   ,2016,3,true,,,
MCOU,LA,00173086735,TANZEUM   ,2016,3,false,476.000,120,52617.58
MCOU,LA,00173086635,TANZEUM   ,2016,2,false,348.000,87,37102.21
MCOU,LA,00173086735,TANZEUM   ,2016,2,false,195.000,54,21286.80
MCOU,LA,00173086635,TANZEUM   ,2016,1,false,328.000,82,35704.30
MCOU,LA,00173086735,TANZEUM   ,2016,1,false,183.000,49,20146.44
FFSU,MA,00173086635,TANZEUM 30,2016,4,false,60.000,15,7011.94
MCOU,MA,00173086635,TANZEUM 30,2016,4,false,230.000,54,27704.86
FFSU,MA,00173086735,TANZEUM 50,2016,4,false,140.000,33,12796.24
MCOU,MA,00173086735,TANZEUM 50,2016,4,false,232.000,59,27846.42
MCOU,MA,00173086635,TANZEUM 30,2016,3,false,204.000,50,22355.52
FFSU,MA,00173086635,TANZEUM 30,2016,3,false,140.000,35,12918.73
MCOU,MA,00173086701,TANZEUM 50,2016,3,true,,,
MCOU,MA,00173086735,TANZEUM 50,2016,3,false,184.000,46,20480.86
FFSU,MA,00173086735,TANZEUM 50,2016,3,false,128.000,32,11745.18
MCOU,MA,00173086635,TANZEUM 30,2016,2,false,196.000,47,21911.03
FFSU,MA,00173086635,TANZEUM 30,2016,2,false,120.000,30,9703.88
FFSU,MA,00173086735,TANZEUM 50,2016,2,false,120.000,30,12751.55
MCOU,MA,00173086735,TANZEUM 50,2016,2,false,178.000,41,19567.63
MCOU,MA,00173086635,TANZEUM 30,2016,1,false,252.000,57,27662.89
FFSU,MA,00173086635,TANZEUM 30,2016,1,false,113.000,29,10374.90
FFSU,MA,00173086735,TANZEUM 50,2016,1,false,52.000,13,5795.46
MCOU,MA,00173086735,TANZEUM 50,2016,1,false,76.000,20,8257.86
MCOU,MD,00173086601,TANZEUM 30,2016,4,true,,,
MCOU,MD,00173086635,TANZEUM 30,2016,4,false,1470.000,380,179373.83
FFSU,MD,00173086635,TANZEUM 30,2016,4,true,,,
MCOU,MD,00173086701,TANZEUM 50,2016,4,true,,,
MCOU,MD,00173086735,TANZEUM 50,2016,4,false,1380.000,348,164333.80
MCOU,MD,00173086635,TANZEUM 30,2016,3,false,1196.000,306,132359.84
MCOU,MD,00173086735,TANZEUM 50,2016,3,false,988.000,254,109171.81
MCOU,MD,00173086635,TANZEUM 30,2016,2,false,1080.000,273,119382.56
MCOU,MD,00173086735,TANZEUM 50,2016,2,false,826.000,211,92800.56
MCOU,MD,00173086635,TANZEUM 30,2016,1,false,740.000,190,82576.57
FFSU,MD,00173086635,TANZEUM 30,2016,1,true,,,
MCOU,MD,00173086735,TANZEUM 50,2016,1,false,562.000,142,63079.31
FFSU,ME,00173086635,TANZEUM   ,2016,4,false,428.000,107,49766.92
FFSU,ME,00173086735,TANZEUM   ,2016,4,false,312.000,78,35902.69
FFSU,ME,00173086601,TANZEUM   ,2016,3,true,,,
FFSU,ME,00173086635,TANZEUM   ,2016,3,false,448.000,113,49198.49
FFSU,ME,00173086701,TANZEUM   ,2016,3,true,,,
FFSU,ME,00173086735,TANZEUM   ,2016,3,false,312.000,78,34304.88
FFSU,ME,00173086635,TANZEUM   ,2016,2,false,397.000,99,44004.71
FFSU,ME,00173086701,TANZEUM   ,2016,2,true,,,
FFSU,ME,00173086735,TANZEUM   ,2016,2,false,216.000,54,23902.61
FFSU,ME,00173086635,TANZEUM   ,2016,1,false,208.000,52,22954.91
FFSU,ME,00173086735,TANZEUM   ,2016,1,false,61.000,16,6772.78
MCOU,MI,00173086601,TANZEUM   ,2016,4,true,,,
FFSU,MI,00173086635,TANZEUM   ,2016,4,false,228.000,55,27323.70
MCOU,MI,00173086635,TANZEUM   ,2016,4,false,2690.000,677,327056.54
MCOU,MI,00173086701,TANZEUM   ,2016,4,true,,,
FFSU,MI,00173086735,TANZEUM   ,2016,4,false,157.000,40,17168.54
MCOU,MI,00173086735,TANZEUM   ,2016,4,false,2325.000,582,282989.30
FFSU,MI,00173086635,TANZEUM   ,2016,3,false,180.000,43,19933.07
MCOU,MI,00173086635,TANZEUM   ,2016,3,false,2326.000,586,259884.24
MCOU,MI,00173086701,TANZEUM   ,2016,3,true,,,
FFSU,MI,00173086735,TANZEUM   ,2016,3,false,136.000,30,14108.67
MCOU,MI,00173086735,TANZEUM   ,2016,3,false,1523.000,383,170611.72
MCOU,MI,00173086601,TANZEUM   ,2016,2,true,,,
MCOU,MI,00173086635,TANZEUM   ,2016,2,false,1551.000,389,173431.42
FFSU,MI,00173086635,TANZEUM   ,2016,2,false,152.000,38,15243.14
MCOU,MI,00173086701,TANZEUM   ,2016,2,true,,,
MCOU,MI,00173086735,TANZEUM   ,2016,2,false,802.000,202,89739.10
FFSU,MI,00173086735,TANZEUM   ,2016,2,false,100.000,21,10826.98
MCOU,MI,00173086635,TANZEUM   ,2016,1,false,652.000,163,72057.42
FFSU,MI,00173086635,TANZEUM   ,2016,1,false,109.000,24,11066.90
FFSU,MI,00173086735,TANZEUM   ,2016,1,true,,,
MCOU,MI,00173086735,TANZEUM   ,2016,1,false,352.000,88,38904.26
MCOU,MN,00173086635,TANZEUM   ,2016,4,true,,,
MCOU,MN,00173086735,TANZEUM   ,2016,4,true,,,
MCOU,MN,00173086635,TANZEUM   ,2016,3,true,,,
MCOU,MN,00173086735,TANZEUM   ,2016,3,true,,,
MCOU,MN,00173086635,TANZEUM   ,2016,2,true,,,
FFSU,MN,00173086635,TANZEUM   ,2016,2,true,,,
MCOU,MN,00173086735,TANZEUM   ,2016,2,true,,,
MCOU,MN,00173086635,TANZEUM   ,2016,1,true,,,
FFSU,MN,00173086735,TANZEUM   ,2016,1,true,,,
MCOU,MN,00173086735,TANZEUM   ,2016,1,true,,,
FFSU,MO,00173086635,TANZEUM   ,2016,4,false,56.000,14,7292.99
FFSU,MO,00173086735,TANZEUM   ,2016,4,false,108.000,27,14023.14
FFSU,MO,00173086635,TANZEUM   ,2016,3,false,60.000,15,6941.40
FFSU,MO,00173086735,TANZEUM   ,2016,3,false,124.000,31,15220.03
FFSU,MO,00173086635,TANZEUM   ,2016,2,false,68.000,17,8359.81
FFSU,MO,00173086735,TANZEUM   ,2016,2,false,80.000,20,9818.04
FFSU,MO,00173086635,TANZEUM   ,2016,1,false,112.000,28,13062.17
FFSU,MO,00173086735,TANZEUM   ,2016,1,false,72.000,18,8730.22
MCOU,MS,00173086635,TANZEUM 30,2016,4,false,503.000,127,63574.55
FFSU,MS,00173086635,TANZEUM 30,2016,4,false,76.000,20,9066.98
MCOU,MS,00173086735,TANZEUM 50,2016,4,false,875.000,221,110857.39
FFSU,MS,00173086735,TANZEUM 50,2016,4,false,125.000,34,15811.71
FFSU,MS,00173086635,TANZEUM 30,2016,3,false,76.000,19,8647.96
MCOU,MS,00173086635,TANZEUM 30,2016,3,false,570.000,143,66251.86
MCOU,MS,00173086735,TANZEUM 50,2016,3,false,756.000,191,88338.17
FFSU,MS,00173086735,TANZEUM 50,2016,3,false,118.000,31,13715.32
MCOU,MS,00173086635,TANZEUM 30,2016,2,false,525.000,132,61412.18
FFSU,MS,00173086635,TANZEUM 30,2016,2,false,88.000,22,10016.22
FFSU,MS,00173086735,TANZEUM 50,2016,2,false,96.000,24,11229.12
MCOU,MS,00173086735,TANZEUM 50,2016,2,false,510.000,128,59514.69
MCOU,MS,00173086635,TANZEUM 30,2016,1,false,356.000,89,41606.95
FFSU,MS,00173086635,TANZEUM 30,2016,1,false,72.000,18,8017.95
FFSU,MS,00173086735,TANZEUM 50,2016,1,false,112.000,28,12947.90
MCOU,MS,00173086735,TANZEUM 50,2016,1,false,420.000,105,48953.30
FFSU,MT,00173086635,TANZEUM 30,2016,4,false,192.000,48,22623.21
FFSU,MT,00173086735,TANZEUM 50,2016,4,false,176.000,44,20457.38
FFSU,MT,00173086635,TANZEUM 30,2016,3,false,170.000,44,18799.17
FFSU,MT,00173086735,TANZEUM 50,2016,3,false,108.000,27,11881.33
FFSU,MT,00173086635,TANZEUM 30,2016,2,false,92.000,23,10436.35
FFSU,MT,00173086735,TANZEUM 50,2016,2,false,100.000,25,11349.17
FFSU,MT,00173086635,TANZEUM 30,2016,1,false,52.000,13,5880.89
FFSU,MT,00173086735,TANZEUM 50,2016,1,true,,,
FFSU,XX,00173086601,TANZEUM (A,2016,4,true,,,
MCOU,XX,00173086601,TANZEUM (A,2016,4,false,91.000,27,9977.25
FFSU,XX,00173086635,TANZEUM (A,2016,4,false,7637.000,1895,903314.76
MCOU,XX,00173086635,TANZEUM (A,2016,4,false,32523.000,8150,3856327.00
FFSU,XX,00173086701,TANZEUM (A,2016,4,true,,,
MCOU,XX,00173086701,TANZEUM (A,2016,4,false,70.000,19,9780.53
FFSU,XX,00173086735,TANZEUM (A,2016,4,false,6569.000,1612,773190.09
MCOU,XX,00173086735,TANZEUM (A,2016,4,false,26616.000,6652,3172637.39
FFSU,XX,00173086601,TANZEUM (A,2016,3,true,,,
MCOU,XX,00173086601,TANZEUM (A,2016,3,false,56.000,14,6151.77
FFSU,XX,00173086635,TANZEUM (A,2016,3,false,7606.000,1903,835996.25
MCOU,XX,00173086635,TANZEUM (A,2016,3,false,30427.000,7568,3355408.40
FFSU,XX,00173086701,TANZEUM (A,2016,3,true,,,
MCOU,XX,00173086701,TANZEUM (A,2016,3,false,48.000,12,5317.43
FFSU,XX,00173086735,TANZEUM (A,2016,3,false,5597.000,1366,617812.82
MCOU,XX,00173086735,TANZEUM (A,2016,3,false,21487.000,5382,2393644.31
MCOU,XX,00173086601,TANZEUM (A,2016,2,true,,,
FFSU,XX,00173086635,TANZEUM (A,2016,2,false,6539.500,1601,725993.67
MCOU,XX,00173086635,TANZEUM (A,2016,2,false,27858.000,6975,3068069.68
FFSU,XX,00173086701,TANZEUM (A,2016,2,true,,,
MCOU,XX,00173086701,TANZEUM (A,2016,2,false,39.000,11,4307.87
FFSU,XX,00173086735,TANZEUM (A,2016,2,false,4212.000,1027,469978.40
MCOU,XX,00173086735,TANZEUM (A,2016,2,false,17390.000,4375,1907172.34
FFSU,XX,00173086635,TANZEUM (A,2016,1,false,5846.000,1435,647092.98
MCOU,XX,00173086635,TANZEUM (A,2016,1,false,19860.000,4999,2174837.26
MCOU,XX,00173086701,TANZEUM (A,2016,1,true,,,
FFSU,XX,00173086735,TANZEUM (A,2016,1,false,3154.000,775,346525.98
MCOU,XX,00173086735,TANZEUM (A,2016,1,false,10629.000,2694,1166833.71
FFSU,NC,00173086635,TANZEUM   ,2016,4,false,2089.000,526,236558.63
FFSU,NC,00173086735,TANZEUM   ,2016,4,false,1812.000,456,207898.77
FFSU,NC,00173086635,TANZEUM   ,2016,3,false,2006.000,505,217339.78
FFSU,NC,00173086735,TANZEUM   ,2016,3,false,1462.000,364,159932.76
FFSU,NC,00173086635,TANZEUM   ,2016,2,false,1285.000,324,144597.30
FFSU,NC,00173086735,TANZEUM   ,2016,2,false,905.000,231,101840.69
FFSU,NC,00173086635,TANZEUM   ,2016,1,false,1112.000,280,123700.73
FFSU,NC,00173086735,TANZEUM   ,2016,1,false,507.000,129,56934.30
MCOU,ND,00173086735,TANZEUM 50,2016,4,true,,,
MCOU,ND,00173086735,TANZEUM 50,2016,3,true,,,
MCOU,ND,00173086735,TANZEUM 50,2016,2,true,,,
MCOU,ND,00173086735,TANZEUM 50,2016,1,true,,,
FFSU,NE,00173086635,TANZEUM (A,2016,4,true,,,
FFSU,NE,00173086735,TANZEUM (A,2016,4,false,44.000,12,5565.22
FFSU,NE,00173086635,TANZEUM (A,2016,3,true,,,
FFSU,NE,00173086735,TANZEUM (A,2016,3,true,,,
FFSU,NE,00173086635,TANZEUM (A,2016,2,false,52.000,13,6119.54
FFSU,NE,00173086735,TANZEUM (A,2016,2,false,60.000,15,7060.50
FFSU,NE,00173086635,TANZEUM (A,2016,1,false,60.000,15,7056.94
FFSU,NE,00173086735,TANZEUM (A,2016,1,false,56.000,14,6555.03
MCOU,NH,00173086635,TANZEUM   ,2016,4,true,,,
MCOU,NH,00173086635,TANZEUM   ,2016,3,true,,,
MCOU,NH,00173086635,TANZEUM   ,2016,2,true,,,
MCOU,NH,00173086635,TANZEUM   ,2016,1,true,,,
MCOU,NH,00173086735,TANZEUM   ,2016,1,true,,,
MCOU,NJ,00173086601,TANZEUM (A,2016,4,true,,,
MCOU,NJ,00173086635,TANZEUM (A,2016,4,false,1925.000,488,226853.63
MCOU,NJ,00173086701,TANZEUM (A,2016,4,true,,,
FFSU,NJ,00173086735,TANZEUM (A,2016,4,true,,,
MCOU,NJ,00173086735,TANZEUM (A,2016,4,false,1828.000,457,214703.59
MCOU,NJ,00173086601,TANZEUM (A,2016,3,true,,,
FFSU,NJ,00173086635,TANZEUM (A,2016,3,true,,,
MCOU,NJ,00173086635,TANZEUM (A,2016,3,false,1368.000,342,149107.28
MCOU,NJ,00173086701,TANZEUM (A,2016,3,true,,,
MCOU,NJ,00173086735,TANZEUM (A,2016,3,false,1257.000,314,138389.32
FFSU,NJ,00173086735,TANZEUM (A,2016,3,true,,,
MCOU,NJ,00173086601,TANZEUM (A,2016,2,true,,,
FFSU,NJ,00173086635,TANZEUM (A,2016,2,true,,,
MCOU,NJ,00173086635,TANZEUM (A,2016,2,false,1711.000,432,187306.04
MCOU,NJ,00173086701,TANZEUM (A,2016,2,true,,,
MCOU,NJ,00173086735,TANZEUM (A,2016,2,false,1483.000,372,162694.75
FFSU,NJ,00173086735,TANZEUM (A,2016,2,true,,,
FFSU,NJ,00173086635,TANZEUM (A,2016,1,true,,,
MCOU,NJ,00173086635,TANZEUM (A,2016,1,false,650.000,168,72486.98
FFSU,NJ,00173086735,TANZEUM (A,2016,1,true,,,
MCOU,NJ,00173086735,TANZEUM (A,2016,1,false,504.000,126,54929.50
MCOU,NM,00173086635,TANZEUM 30,2016,4,false,144.000,36,18070.94
MCOU,NM,00173086735,TANZEUM 50,2016,4,false,196.000,47,24847.52
MCOU,NM,00173086635,TANZEUM 30,2016,3,false,164.000,39,18835.38
MCOU,NM,00173086735,TANZEUM 50,2016,3,false,140.000,33,16412.92
MCOU,NM,00173086635,TANZEUM 30,2016,2,false,164.000,39,19190.35
MCOU,NM,00173086635,TANZEUM 30,2016,1,false,108.000,25,12592.57
MCOU,NV,00173086635,TANZEUM (A,2016,4,false,505.000,127,60829.65
FFSU,NV,00173086635,TANZEUM (A,2016,4,false,56.000,12,6511.70
FFSU,NV,00173086735,TANZEUM (A,2016,4,false,84.000,17,10000.63
MCOU,NV,00173086735,TANZEUM (A,2016,4,false,324.000,81,39038.62
MCOU,NV,00173086635,TANZEUM (A,2016,3,false,957.000,240,107002.40
FFSU,NV,00173086635,TANZEUM (A,2016,3,false,80.000,18,8664.86
FFSU,NV,00173086735,TANZEUM (A,2016,3,false,80.000,16,8815.19
MCOU,NV,00173086735,TANZEUM (A,2016,3,false,720.000,181,80385.76
FFSU,NV,00173086635,TANZEUM (A,2016,2,false,88.000,20,9094.39
MCOU,NV,00173086635,TANZEUM (A,2016,2,false,921.000,233,102956.18
MCOU,NV,00173086735,TANZEUM (A,2016,2,false,511.000,130,56974.83
FFSU,NV,00173086735,TANZEUM (A,2016,2,true,,,
FFSU,NV,00173086635,TANZEUM (A,2016,1,false,72.000,14,7794.63
MCOU,NV,00173086635,TANZEUM (A,2016,1,false,564.000,141,62272.58
MCOU,NV,00173086735,TANZEUM (A,2016,1,false,247.000,64,27330.70
FFSU,NV,00173086735,TANZEUM (A,2016,1,false,80.000,17,6530.27
MCOU,NY,00173086601,TANZEUM   ,2016,4,true,,,
MCOU,NY,00173086635,TANZEUM   ,2016,4,false,9965.000,2500,1181481.88
FFSU,NY,00173086635,TANZEUM   ,2016,4,false,484.000,114,57096.48
MCOU,NY,00173086701,TANZEUM   ,2016,4,true,,,
FFSU,NY,00173086735,TANZEUM   ,2016,4,false,359.000,87,41044.51
MCOU,NY,00173086735,TANZEUM   ,2016,4,false,6985.000,1745,827626.31
MCOU,NY,00173086601,TANZEUM   ,2016,3,true,,,
FFSU,NY,00173086635,TANZEUM   ,2016,3,false,448.000,112,48959.52
MCOU,NY,00173086635,TANZEUM   ,2016,3,false,9928.000,2491,1084009.53
MCOU,NY,00173086701,TANZEUM   ,2016,3,true,,,
FFSU,NY,00173086735,TANZEUM   ,2016,3,false,272.000,67,29191.75
MCOU,NY,00173086735,TANZEUM   ,2016,3,false,5967.000,1498,651138.29
MCOU,NY,00173086601,TANZEUM   ,2016,2,true,,,
MCOU,NY,00173086635,TANZEUM   ,2016,2,false,9337.000,2340,1020312.37
FFSU,NY,00173086635,TANZEUM   ,2016,2,false,448.000,105,49356.82
MCOU,NY,00173086701,TANZEUM   ,2016,2,true,,,
MCOU,NY,00173086735,TANZEUM   ,2016,2,false,4872.000,1231,531889.24
FFSU,NY,00173086735,TANZEUM   ,2016,2,false,202.000,49,21083.47
FFSU,NY,00173086635,TANZEUM (A,2016,1,false,224.000,56,24225.03
MCOU,NY,00173086635,TANZEUM (A,2016,1,false,7976.000,2016,866309.49
MCOU,NY,00173086701,TANZEUM (A,2016,1,true,,,
MCOU,NY,00173086735,TANZEUM (A,2016,1,false,3853.000,979,419147.18
FFSU,NY,00173086735,TANZEUM (A,2016,1,false,147.000,36,16175.85
MCOU,OH,00173086601,TANZEUM (A,2016,4,true,,,
FFSU,OH,00173086635,TANZEUM (A,2016,4,true,,,
MCOU,OH,00173086635,TANZEUM (A,2016,4,false,1197.000,303,138100.47
FFSU,OH,00173086735,TANZEUM (A,2016,4,true,,,
MCOU,OH,00173086735,TANZEUM (A,2016,4,false,840.000,208,96474.23
FFSU,OH,00173086635,TANZEUM (A,2016,3,true,,,
MCOU,OH,00173086635,TANZEUM (A,2016,3,false,1132.000,285,123571.08
MCOU,OH,00173086735,TANZEUM (A,2016,3,false,696.000,173,75271.28
FFSU,OH,00173086735,TANZEUM (A,2016,3,true,,,
FFSU,OH,00173086635,TANZEUM (A,2016,2,true,,,
MCOU,OH,00173086635,TANZEUM (A,2016,2,false,788.000,197,85045.28
MCOU,OH,00173086701,TANZEUM (A,2016,2,true,,,
FFSU,OH,00173086735,TANZEUM (A,2016,2,true,,,
MCOU,OH,00173086735,TANZEUM (A,2016,2,false,496.000,122,53384.27
MCOU,OH,00173086635,TANZEUM (A,2016,1,false,806.000,203,85211.06
FFSU,OH,00173086635,TANZEUM (A,2016,1,true,,,
FFSU,OH,00173086735,TANZEUM (A,2016,1,true,,,
MCOU,OH,00173086735,TANZEUM (A,2016,1,false,424.000,104,44799.48
FFSU,OK,00173086635,TANZEUM (A,2016,4,false,60.000,15,7071.48
FFSU,OK,00173086735,TANZEUM (A,2016,4,false,76.000,19,9456.23
FFSU,OK,00173086635,TANZEUM (A,2016,3,false,100.000,25,11609.25
FFSU,OK,00173086735,TANZEUM (A,2016,3,true,,,
FFSU,OK,00173086635,TANZEUM (A,2016,2,false,92.000,23,10674.11
FFSU,OK,00173086735,TANZEUM (A,2016,2,true,,,
FFSU,OK,00173086635,TANZEUM (A,2016,1,false,64.000,16,7307.34
FFSU,OK,00173086735,TANZEUM (A,2016,1,true,,,
MCOU,OR,00173086635,TANZEUM (A,2016,4,false,196.000,49,23300.95
MCOU,OR,00173086735,TANZEUM (A,2016,4,false,268.000,67,32049.98
MCOU,OR,00173086635,TANZEUM (A,2016,3,false,96.000,24,10387.76
FFSU,OR,00173086635,TANZEUM (A,2016,3,true,,,
MCOU,OR,00173086735,TANZEUM (A,2016,3,false,192.000,48,21407.25
MCOU,OR,00173086635,TANZEUM (A,2016,2,false,64.000,17,7133.42
FFSU,OR,00173086635,TANZEUM (A,2016,2,true,,,
MCOU,OR,00173086735,TANZEUM (A,2016,2,false,176.000,45,19347.06
MCOU,OR,00173086635,TANZEUM (A,2016,1,false,60.000,15,6476.90
FFSU,OR,00173086635,TANZEUM (A,2016,1,true,,,
FFSU,OR,00173086735,TANZEUM (A,2016,1,true,,,
MCOU,OR,00173086735,TANZEUM (A,2016,1,false,142.000,36,15702.48
MCOU,PA,00173086601,TANZEUM (A,2016,4,true,,,
MCOU,PA,00173086635,TANZEUM (A,2016,4,false,853.000,214,98943.50
FFSU,PA,00173086635,TANZEUM (A,2016,4,true,,,
MCOU,PA,00173086701,TANZEUM (A,2016,4,true,,,
MCOU,PA,00173086735,TANZEUM (A,2016,4,false,656.000,162,75881.11
FFSU,PA,00173086735,TANZEUM (A,2016,4,true,,,
MCOU,PA,00173086601,TANZEUM (A,2016,3,true,,,
MCOU,PA,00173086635,TANZEUM (A,2016,3,false,684.000,173,75719.17
FFSU,PA,00173086635,TANZEUM (A,2016,3,true,,,
MCOU,PA,00173086701,TANZEUM (A,2016,3,true,,,
MCOU,PA,00173086735,TANZEUM (A,2016,3,false,472.000,118,51095.09
FFSU,PA,00173086735,TANZEUM (A,2016,3,true,,,
MCOU,PA,00173086635,TANZEUM (A,2016,2,false,633.000,158,69636.44
FFSU,PA,00173086635,TANZEUM (A,2016,2,true,,,
MCOU,PA,00173086735,TANZEUM (A,2016,2,false,328.000,82,35147.57
MCOU,PA,00173086635,TANZEUM (A,2016,1,false,517.000,128,55724.59
FFSU,PA,00173086635,TANZEUM 30,2016,1,true,,,
FFSU,PA,00173086735,TANZEUM 50,2016,1,true,,,
MCOU,PA,00173086735,TANZEUM 50,2016,1,false,188.000,47,19899.28
MCOU,RI,00173086635,TANZEUM (A,2016,4,false,80.000,20,9643.47
MCOU,RI,00173086735,TANZEUM (A,2016,4,false,60.000,15,7251.79
FFSU,RI,00173086735,TANZEUM (A,2016,4,true,,,
MCOU,RI,00173086635,TANZEUM (A,2016,3,false,60.000,15,6751.80
MCOU,RI,00173086735,TANZEUM (A,2016,3,false,64.000,16,7278.08
FFSU,RI,00173086735,TANZEUM (A,2016,3,true,,,
MCOU,RI,00173086635,TANZEUM (A,2016,2,true,,,
FFSU,RI,00173086635,TANZEUM (A,2016,2,true,,,
MCOU,RI,00173086735,TANZEUM (A,2016,2,true,,,
MCOU,RI,00173086635,TANZEUM (A,2016,1,true,,,
FFSU,RI,00173086635,TANZEUM (A,2016,1,true,,,
FFSU,RI,00173086735,TANZEUM (A,2016,1,true,,,
MCOU,RI,00173086735,TANZEUM (A,2016,1,true,,,
FFSU,SC,00173086635,TANZEUM   ,2016,4,true,,,
MCOU,SC,00173086635,TANZEUM   ,2016,4,false,52.000,13,6244.20
FFSU,SC,00173086735,TANZEUM   ,2016,4,true,,,
MCOU,SC,00173086735,TANZEUM   ,2016,4,false,64.000,16,6472.85
FFSU,SC,00173086635,TANZEUM   ,2016,3,true,,,
MCOU,SC,00173086635,TANZEUM   ,2016,3,false,50.000,13,5482.25
MCOU,SC,00173086735,TANZEUM   ,2016,3,false,76.000,19,6579.06
FFSU,SC,00173086735,TANZEUM   ,2016,3,true,,,
MCOU,SC,00173086635,TANZEUM   ,2016,2,false,84.000,21,8186.88
FFSU,SC,00173086635,TANZEUM   ,2016,2,true,,,
FFSU,SC,00173086735,TANZEUM   ,2016,2,true,,,
MCOU,SC,00173086735,TANZEUM   ,2016,2,false,49.000,13,4677.51
MCOU,SC,00173086635,TANZEUM   ,2016,1,false,56.000,14,5731.14
FFSU,SC,00173086635,TANZEUM   ,2016,1,true,,,
MCOU,SC,00173086735,TANZEUM   ,2016,1,false,48.000,12,5246.18
FFSU,SC,00173086735,TANZEUM   ,2016,1,true,,,
FFSU,SD,00173086635,TANZEUM (A,2016,4,true,,,
FFSU,SD,00173086635,TANZEUM (A,2016,3,true,,,
FFSU,SD,00173086635,TANZEUM (A,2016,2,true,,,
FFSU,SD,00173086735,TANZEUM (A,2016,2,true,,,
FFSU,SD,00173086635,TANZEUM (A,2016,1,true,,,
FFSU,SD,00173086735,TANZEUM (A,2016,1,true,,,
FFSU,TN,00173086635,TANZEUM   ,2016,4,false,56.000,14,6751.18
FFSU,TN,00173086735,TANZEUM   ,2016,4,false,44.000,11,5193.55
FFSU,TN,00173086635,TANZEUM   ,2016,3,true,,,
FFSU,TN,00173086735,TANZEUM   ,2016,3,true,,,
FFSU,TN,00173086635,TANZEUM   ,2016,2,true,,,
FFSU,TN,00173086735,TANZEUM   ,2016,2,true,,,
FFSU,TN,00173086635,TANZEUM   ,2016,1,true,,,
FFSU,TX,00173086635,TANZEUM 30,2016,4,true,,,
MCOU,TX,00173086635,TANZEUM 30,2016,4,false,290.000,74,33330.94
MCOU,TX,00173086735,TANZEUM 50,2016,4,false,256.000,64,30004.95
FFSU,TX,00173086735,TANZEUM 50,2016,4,true,,,
MCOU,TX,00173086635,TANZEUM 30,2016,3,false,288.000,72,30475.73
FFSU,TX,00173086635,TANZEUM 30,2016,3,true,,,
FFSU,TX,00173086735,TANZEUM 50,2016,3,true,,,
MCOU,TX,00173086735,TANZEUM 50,2016,3,false,164.000,42,17278.50
MCOU,TX,00173086635,TANZEUM 30,2016,2,false,270.000,68,29880.39
MCOU,TX,00173086735,TANZEUM 50,2016,2,false,128.000,32,13312.70
FFSU,TX,00173086735,TANZEUM 50,2016,2,true,,,
MCOU,TX,00173086635,TANZEUM 30,2016,1,false,253.000,64,27685.83
MCOU,TX,00173086735,TANZEUM 50,2016,1,false,116.000,29,12130.12
FFSU,TX,00173086735,TANZEUM 50,2016,1,true,,,
MCOU,UT,00173086635,TANZEUM (A,2016,4,true,,,
FFSU,UT,00173086635,TANZEUM (A,2016,4,true,,,
FFSU,UT,00173086735,TANZEUM (A,2016,4,true,,,
MCOU,UT,00173086735,TANZEUM (A,2016,4,true,,,
FFSU,UT,00173086635,TANZEUM (A,2016,3,true,,,
MCOU,UT,00173086635,TANZEUM (A,2016,3,true,,,
FFSU,UT,00173086635,TANZEUM (A,2016,2,true,,,
MCOU,UT,00173086635,TANZEUM (A,2016,2,true,,,
FFSU,UT,00173086635,TANZEUM (A,2016,1,true,,,
FFSU,VA,00173086635,TANZEUM (A,2016,4,true,,,
MCOU,VA,00173086635,TANZEUM   ,2016,4,false,535.000,135,64591.94
MCOU,VA,00173086735,TANZEUM   ,2016,4,false,475.000,120,58091.86
FFSU,VA,00173086735,TANZEUM (A,2016,4,true,,,
FFSU,VA,00173086635,TANZEUM (A,2016,3,true,,,
MCOU,VA,00173086635,TANZEUM   ,2016,3,false,408.000,102,46195.51
MCOU,VA,00173086735,TANZEUM   ,2016,3,false,442.000,112,50161.99
MCOU,VA,00173086635,TANZEUM   ,2016,2,false,428.000,107,48334.87
FFSU,VA,00173086635,TANZEUM (A,2016,2,true,,,
FFSU,VA,00173086735,TANZEUM (A,2016,2,true,,,
MCOU,VA,00173086735,TANZEUM   ,2016,2,false,344.000,87,38863.27
MCOU,VA,00173086635,TANZEUM   ,2016,1,false,320.000,80,35867.14
MCOU,VA,00173086735,TANZEUM   ,2016,1,false,260.000,66,29230.02
FFSU,VA,00173086735,TANZEUM (A,2016,1,true,,,
FFSU,VT,00173086635,TANZEUM (A,2016,4,false,196.000,49,23988.91
FFSU,VT,00173086735,TANZEUM (A,2016,4,false,88.000,18,10838.57
FFSU,VT,00173086635,TANZEUM (A,2016,3,false,225.000,55,25523.82
FFSU,VT,00173086735,TANZEUM (A,2016,3,true,,,
FFSU,VT,00173086635,TANZEUM (A,2016,2,false,108.000,25,12251.00
FFSU,VT,00173086735,TANZEUM (A,2016,2,true,,,
FFSU,VT,00173086635,TANZEUM (A,2016,1,false,69.000,16,7791.13
FFSU,VT,00173086735,TANZEUM (A,2016,1,true,,,
MCOU,WA,00173086635,TANZEUM (A,2016,4,false,404.000,104,47577.74
MCOU,WA,00173086735,TANZEUM (A,2016,4,false,360.000,90,41991.35
MCOU,WA,00173086635,TANZEUM (A,2016,3,false,365.000,92,38928.22
FFSU,WA,00173086635,TANZEUM (A,2016,3,true,,,
MCOU,WA,00173086735,TANZEUM (A,2016,3,false,300.000,75,33438.80
MCOU,WA,00173086635,TANZEUM (A,2016,2,false,256.000,64,27654.98
FFSU,WA,00173086635,TANZEUM (A,2016,2,true,,,
MCOU,WA,00173086701,TANZEUM (A,2016,2,true,,,
MCOU,WA,00173086735,TANZEUM (A,2016,2,false,176.000,44,19635.82
MCOU,WA,00173086635,TANZEUM (A,2016,1,false,168.000,42,18350.19
MCOU,WA,00173086701,TANZEUM (A,2016,1,true,,,
MCOU,WA,00173086735,TANZEUM (A,2016,1,false,176.000,44,19317.26
FFSU,WI,00173086635,TANZEUM (A,2016,4,false,1396.000,350,172113.59
FFSU,WI,00173086735,TANZEUM (A,2016,4,false,1028.000,257,127415.52
FFSU,WI,00173086635,TANZEUM (A,2016,3,false,1234.000,310,139323.30
FFSU,WI,00173086735,TANZEUM (A,2016,3,false,1074.000,269,122158.68
FFSU,WI,00173086635,TANZEUM (A,2016,2,false,991.000,250,112801.18
FFSU,WI,00173086735,TANZEUM (A,2016,2,false,724.000,181,83572.61
FFSU,WI,00173086635,TANZEUM (A,2016,1,false,691.000,175,78948.82
FFSU,WI,00173086735,TANZEUM (A,2016,1,false,406.000,103,46241.80
MCOU,WV,00173086635,TANZEUM   ,2016,4,true,,,
FFSU,WV,00173086735,TANZEUM   ,2016,4,true,,,
MCOU,WV,00173086735,TANZEUM   ,2016,4,false,44.000,11,6515.37
MCOU,WV,00173086635,TANZEUM   ,2016,3,true,,,
FFSU,WV,00173086735,TANZEUM   ,2016,3,true,,,
MCOU,WV,00173086735,TANZEUM   ,2016,3,true,,,
MCOU,WV,00173086635,TANZEUM   ,2016,2,true,,,
FFSU,WV,00173086735,TANZEUM   ,2016,2,true,,,
MCOU,WV,00173086735,TANZEUM   ,2016,2,true,,,
MCOU,WV,00173086635,TANZEUM   ,2016,1,true,,,
MCOU,WV,00173086735,TANZEUM   ,2016,1,true,,,
FFSU,WV,00173086735,TANZEUM   ,2016,1,true,,,
FFSU,WY,00173086735,TANZEUM (A,2016,4,true,,,
FFSU,WY,00173086735,TANZEUM (A,2016,3,true,,,
FFSU,WY,00173086635,TANZEUM (A,2016,2,true,,,
FFSU,WY,00173086735,TANZEUM (A,2016,2,true,,,
FFSU,WY,00173086635,TANZEUM   ,2016,1,true,,,
FFSU,WY,00173086735,TANZEUM   ,2016,1,true,,,
