utilization_type,state,ndc,product_name,year,quarter,suppression_used,units_reimbursed,number_of_prescriptions,total_amount_reimbursed
FFSU,AK,00169413212,OZEMPIC   ,2019,4,false,99.000,63,47255.24
FFSU,AK,00169413602,OZEMPIC   ,2019,4,false,94.500,33,23031.59
FFSU,AK,00169413212,OZEMPIC   ,2019,3,false,40.500,27,20090.51
FFSU,AK,00169413602,OZEMPIC   ,2019,3,false,66.000,19,16383.01
FFSU,AK,00169413212,OZEMPIC   ,2019,2,false,40.500,27,20330.67
FFSU,AK,00169413602,OZEMPIC   ,2019,2,false,45.000,13,11228.35
FFSU,AK,00169413212,OZEMPIC   ,2019,1,false,45.000,22,22148.09
FFSU,AK,00169413602,OZEMPIC   ,2019,1,true,,,
FFSU,AL,00169413212,OZEMPIC 0.,2019,4,false,438.000,292,228392.93
FFSU,AL,00169413602,OZEMPIC 1M,2019,4,false,300.000,101,75952.06
FFSU,AL,00169413212,OZEMPIC 0.,2019,3,false,300.000,200,160863.42
FFSU,AL,00169413602,OZEMPIC 1M,2019,3,false,195.000,65,49424.75
FFSU,AL,00169413212,OZEMPIC 0.,2019,2,false,244.500,163,130909.05
FFSU,AL,00169413602,OZEMPIC 1M,2019,2,false,147.000,49,37663.33
FFSU,AL,00169413212,OZEMPIC 0.,2019,1,false,103.500,69,54227.05
FFSU,AL,00169413602,OZEMPIC 1M,2019,1,false,78.000,27,20675.75
MCOU,AR,00169413212,OZEMPIC   ,2019,4,true,,,
FFSU,AR,00169413602,OZEMPIC   ,2019,4,true,,,
MCOU,AR,00169413602,OZEMPIC   ,2019,4,true,,,
MCOU,AR,00169413212,OZEMPIC   ,2019,3,true,,,
MCOU,AR,00169413602,OZEMPIC   ,2019,3,true,,,
MCOU,AR,00169413212,OZEMPIC   ,2019,2,true,,,
MCOU,AR,00169413602,OZEMPIC   ,2019,2,true,,,
FFSU,AR,00169413212,OZEMPIC   ,2019,1,true,,,
MCOU,AZ,00169413212,OZEMPIC   ,2019,4,false,55.500,37,28247.60
MCOU,AZ,00169413602,OZEMPIC   ,2019,4,false,84.000,26,19991.76
MCOU,AZ,00169413212,OZEMPIC   ,2019,3,false,36.000,22,17090.03
MCOU,AZ,00169413602,OZEMPIC   ,2019,3,false,46.500,16,10954.99
MCOU,AZ,00169413212,OZEMPIC   ,2019,2,false,42.000,26,15638.64
MCOU,AZ,00169413602,OZEMPIC   ,2019,2,false,28.500,13,5629.14
MCOU,AZ,00169413212,OZEMPIC   ,2019,1,false,19.500,11,7722.22
MCOU,AZ,00169413602,OZEMPIC   ,2019,1,true,,,
MCOU,CA,00169413211,OZEMPIC 0.,2019,4,false,19.500,13,9781.66
MCOU,CA,00169413212,OZEMPIC 0.,2019,4,false,10349.500,6234,5301686.10
FFSU,CA,00169413212,OZEMPIC 0.,2019,4,false,921.000,603,473114.70
FFSU,CA,00169413602,OZEMPIC 1M,2019,4,false,1138.500,374,295591.48
MCOU,CA,00169413602,OZEMPIC 1M,2019,4,false,8701.500,2640,2219067.88
MCOU,CA,00169413211,OZEMPIC 0.,2019,3,true,,,
MCOU,CA,00169413212,OZEMPIC 0.,2019,3,false,7858.000,4863,4046220.56
FFSU,CA,00169413212,OZEMPIC 0.,2019,3,false,621.000,408,319279.83
MCOU,CA,00169413602,OZEMPIC 1M,2019,3,false,5509.000,1742,1414973.52
FFSU,CA,00169413602,OZEMPIC 1M,2019,3,false,726.000,237,187658.65
MCOU,CA,00169413212,OZEMPIC 0.,2019,2,false,4988.000,3120,2581923.55
FFSU,CA,00169413212,OZEMPIC 0.,2019,2,false,469.500,301,238974.45
FFSU,CA,00169413602,OZEMPIC 1M,2019,2,false,447.000,146,114299.72
MCOU,CA,00169413602,OZEMPIC 1M,2019,2,false,2926.000,943,755912.82
FFSU,CA,00169413212,OZEMPIC 0.,2019,1,false,202.500,131,105169.39
MCOU,CA,00169413212,OZEMPIC 0.,2019,1,false,2850.000,1797,1468679.49
FFSU,CA,00169413602,OZEMPIC 1M,2019,1,false,219.000,72,56586.56
MCOU,CA,00169413602,OZEMPIC 1M,2019,1,false,1422.000,464,364864.43
FFSU,CO,00169413212,OZEMPIC   ,2019,4,false,38.000,22,19460.23
MCOU,CO,00169413212,OZEMPIC   ,2019,4,false,42.000,23,21488.89
FFSU,CO,00169413602,OZEMPIC   ,2019,4,true,,,
MCOU,CO,00169413602,OZEMPIC   ,2019,4,true,,,
FFSU,CO,00169413212,OZEMPIC   ,2019,3,false,39.500,22,20235.58
MCOU,CO,00169413212,OZEMPIC   ,2019,3,true,,,
MCOU,CO,00169413602,OZEMPIC   ,2019,3,true,,,
FFSU,CO,00169413602,OZEMPIC   ,2019,3,false,45.000,11,11473.14
FFSU,CO,00169413212,OZEMPIC   ,2019,2,true,,,
MCOU,CO,00169413212,OZEMPIC   ,2019,2,true,,,
FFSU,CO,00169413602,OZEMPIC   ,2019,2,true,,,
MCOU,CO,00169413212,OZEMPIC   ,2019,1,true,,,
FFSU,CO,00169413212,OZEMPIC   ,2019,1,true,,,
MCOU,CO,00169413602,OZEMPIC   ,2019,1,true,,,
FFSU,CO,00169413602,OZEMPIC   ,2019,1,true,,,
FFSU,CT,00169413212,OZEMPIC 0.,2019,4,false,2167.500,1080,1085386.36
FFSU,CT,00169413602,OZEMPIC 1M,2019,4,false,3222.000,765,806728.84
FFSU,CT,00169413212,OZEMPIC 0.,2019,3,false,1515.000,758,759716.85
FFSU,CT,00169413602,OZEMPIC 1M,2019,3,false,2460.000,591,617438.80
FFSU,CT,00169413212,OZEMPIC 0.,2019,2,false,912.000,454,457301.27
FFSU,CT,00169413602,OZEMPIC 1M,2019,2,false,1806.000,435,453309.71
FFSU,CT,00169413212,OZEMPIC 0.,2019,1,false,709.500,340,350879.60
FFSU,CT,00169413602,OZEMPIC 1M,2019,1,false,1167.000,306,289035.26
FFSU,DC,00169413212,OZEMPIC 0.,2019,4,false,22.500,15,11315.66
MCOU,DC,00169413212,OZEMPIC 0.,2019,4,false,306.000,203,153056.51
MCOU,DC,00169413602,OZEMPIC 1 ,2019,4,false,364.500,127,91769.99
FFSU,DC,00169413602,OZEMPIC 1 ,2019,4,false,48.000,14,12051.64
MCOU,DC,00169413212,OZEMPIC 0.,2019,3,false,211.500,141,105045.04
FFSU,DC,00169413212,OZEMPIC 0.,2019,3,true,,,
FFSU,DC,00169413602,OZEMPIC 1 ,2019,3,true,,,
MCOU,DC,00169413602,OZEMPIC 1 ,2019,3,false,223.500,78,56291.17
MCOU,DC,00169413212,OZEMPIC 0.,2019,2,false,125.500,81,63361.79
FFSU,DC,00169413212,OZEMPIC 0.,2019,2,true,,,
FFSU,DC,00169413602,OZEMPIC 1 ,2019,2,true,,,
MCOU,DC,00169413602,OZEMPIC 1 ,2019,2,false,158.500,53,40042.62
FFSU,DC,00169413212,OZEMPIC 0.,2019,1,true,,,
MCOU,DC,00169413212,OZEMPIC 0.,2019,1,false,76.500,50,38655.93
MCOU,DC,00169413602,OZEMPIC 1 ,2019,1,false,142.500,48,35929.85
MCOU,DE,00169413212,OZEMPIC 0.,2019,4,false,64.500,35,9368.52
MCOU,DE,00169413602,OZEMPIC 1M,2019,4,false,97.500,33,1076.00
MCOU,DE,00169413212,OZEMPIC 0.,2019,3,false,61.500,34,29182.24
MCOU,DE,00169413602,OZEMPIC 1M,2019,3,false,72.000,26,73.50
MCOU,DE,00169413212,OZEMPIC 0.,2019,2,false,67.500,39,32354.58
MCOU,DE,00169413602,OZEMPIC 1M,2019,2,false,55.500,19,1176.15
MCOU,DE,00169413212,OZEMPIC 0.,2019,1,false,45.000,30,2976.92
MCOU,DE,00169413602,OZEMPIC 1M,2019,1,true,,,
FFSU,FL,00169413212,OZEMPIC   ,2019,4,false,34.500,23,15187.04
MCOU,FL,00169413212,OZEMPIC   ,2019,4,false,246.000,162,121811.24
MCOU,FL,00169413602,OZEMPIC   ,2019,4,false,321.000,106,79776.04
FFSU,FL,00169413602,OZEMPIC   ,2019,4,false,55.500,19,9605.97
MCOU,FL,00169413212,OZEMPIC   ,2019,3,false,199.500,132,97551.78
FFSU,FL,00169413212,OZEMPIC   ,2019,3,false,40.500,27,16766.58
MCOU,FL,00169413602,OZEMPIC   ,2019,3,false,204.000,70,50705.60
FFSU,FL,00169413602,OZEMPIC   ,2019,3,true,,,
FFSU,FL,00169413212,OZEMPIC   ,2019,2,false,34.500,22,13748.77
MCOU,FL,00169413212,OZEMPIC   ,2019,2,false,175.500,117,87607.84
MCOU,FL,00169413602,OZEMPIC   ,2019,2,false,136.500,46,33925.22
FFSU,FL,00169413602,OZEMPIC   ,2019,2,false,28.500,12,5026.57
FFSU,FL,00169413212,OZEMPIC   ,2019,1,false,27.000,16,10284.27
MCOU,FL,00169413212,OZEMPIC   ,2019,1,false,124.500,77,61944.20
FFSU,FL,00169413602,OZEMPIC   ,2019,1,true,,,
MCOU,FL,00169413602,OZEMPIC   ,2019,1,false,91.500,31,22698.64
FFSU,GA,00169413212,OZEMPIC   ,2019,4,false,99.000,65,49529.81
MCOU,GA,00169413212,OZEMPIC   ,2019,4,false,277.500,185,143631.83
MCOU,GA,00169413602,OZEMPIC   ,2019,4,false,198.000,66,53122.73
FFSU,GA,00169413602,OZEMPIC   ,2019,4,false,84.000,28,21026.47
FFSU,GA,00169413212,OZEMPIC   ,2019,3,false,91.500,61,45870.58
MCOU,GA,00169413212,OZEMPIC   ,2019,3,false,259.500,173,131380.79
FFSU,GA,00169413602,OZEMPIC   ,2019,3,false,81.000,27,20318.21
MCOU,GA,00169413602,OZEMPIC   ,2019,3,false,174.000,58,45294.96
MCOU,GA,00169413212,OZEMPIC   ,2019,2,false,184.500,123,94747.78
FFSU,GA,00169413212,OZEMPIC   ,2019,2,false,63.000,42,31574.86
FFSU,GA,00169413602,OZEMPIC   ,2019,2,true,,,
MCOU,GA,00169413602,OZEMPIC   ,2019,2,false,87.000,29,22102.73
FFSU,GA,00169413212,OZEMPIC   ,2019,1,false,21.000,14,10483.57
MCOU,GA,00169413212,OZEMPIC   ,2019,1,false,124.500,83,63674.47
FFSU,GA,00169413602,OZEMPIC   ,2019,1,true,,,
MCOU,GA,00169413602,OZEMPIC   ,2019,1,false,45.000,15,11517.92
MCOU,HI,00169413212,OZEMPIC 0.,2019,4,false,730.500,487,359755.66
MCOU,HI,00169413602,OZEMPIC 1 ,2019,4,false,978.000,325,243424.18
MCOU,HI,00169413212,OZEMPIC 0.,2019,3,false,634.500,420,319156.92
MCOU,HI,00169413602,OZEMPIC 1 ,2019,3,false,643.500,215,154608.51
MCOU,HI,00169413212,OZEMPIC 0.,2019,2,false,478.500,317,243203.28
MCOU,HI,00169413602,OZEMPIC 1 ,2019,2,false,444.000,149,113090.92
MCOU,HI,00169413212,OZEMPIC 0.,2019,1,false,307.500,204,155893.78
FFSU,HI,00169413212,OZEMPIC 0.,2019,1,true,,,
MCOU,HI,00169413602,OZEMPIC 1 ,2019,1,false,172.500,58,43958.64
FFSU,IA,00169413212,OZEMPIC 0.,2019,4,false,30.000,20,15109.07
MCOU,IA,00169413212,OZEMPIC 0.,2019,4,false,2082.000,1366,1043216.95
MCOU,IA,00169413602,OZEMPIC 1M,2019,4,false,1804.500,602,456853.58
FFSU,IA,00169413602,OZEMPIC 1M,2019,4,true,,,
FFSU,IA,00169413212,OZEMPIC 0.,2019,3,false,28.500,19,13649.31
MCOU,IA,00169413212,OZEMPIC 0.,2019,3,false,1656.000,1077,829162.65
MCOU,IA,00169413602,OZEMPIC 1M,2019,3,false,1288.500,424,323162.23
FFSU,IA,00169413602,OZEMPIC 1M,2019,3,true,,,
MCOU,IA,00169413212,OZEMPIC 0.,2019,2,false,421.500,278,206855.25
FFSU,IA,00169413212,OZEMPIC 0.,2019,2,false,37.500,25,18908.00
MCOU,IA,00169413602,OZEMPIC 1M,2019,2,false,276.000,92,68675.38
FFSU,IA,00169413602,OZEMPIC 1M,2019,2,true,,,
MCOU,IA,00169413212,OZEMPIC 0.,2019,1,false,178.500,118,85564.28
FFSU,IA,00169413212,OZEMPIC 0.,2019,1,true,,,
MCOU,IA,00169413602,OZEMPIC 1M,2019,1,false,106.500,36,24577.40
FFSU,ID,00169413212,OZEMPIC   ,2019,4,false,69.000,45,34674.46
FFSU,ID,00169413602,OZEMPIC   ,2019,4,false,78.000,26,19640.86
FFSU,ID,00169413212,OZEMPIC   ,2019,3,false,54.000,34,27180.14
FFSU,ID,00169413602,OZEMPIC   ,2019,3,false,91.500,30,23591.97
FFSU,ID,00169413212,OZEMPIC   ,2019,2,false,36.000,24,18161.53
FFSU,ID,00169413602,OZEMPIC   ,2019,2,false,55.500,17,14464.28
FFSU,ID,00169413212,OZEMPIC   ,2019,1,true,,,
FFSU,ID,00169413602,OZEMPIC   ,2019,1,true,,,
FFSU,IL,00169413212,OZEMPIC 0.,2019,4,false,21.000,14,11837.09
MCOU,IL,00169413212,OZEMPIC 0.,2019,4,false,684.000,390,366113.31
FFSU,IL,00169413602,OZEMPIC 1M,2019,4,false,84.000,19,20539.56
MCOU,IL,00169413602,OZEMPIC 1M,2019,4,false,703.500,192,186974.99
MCOU,IL,00169413212,OZEMPIC 0.,2019,3,false,454.500,265,256044.76
FFSU,IL,00169413212,OZEMPIC 0.,2019,3,false,37.500,21,23087.73
FFSU,IL,00169413602,OZEMPIC 1M,2019,3,false,42.000,14,10459.43
MCOU,IL,00169413602,OZEMPIC 1M,2019,3,false,505.500,135,145007.00
MCOU,IL,00169413212,OZEMPIC 0.,2019,2,false,225.000,127,130377.97
FFSU,IL,00169413212,OZEMPIC 0.,2019,2,false,40.500,21,21445.71
FFSU,IL,00169413602,OZEMPIC 1M,2019,2,false,39.000,11,9625.77
MCOU,IL,00169413602,OZEMPIC 1M,2019,2,false,184.500,51,55276.71
FFSU,IL,00169413212,OZEMPIC 0.,2019,1,true,,,
MCOU,IL,00169413212,OZEMPIC 0.,2019,1,false,76.500,50,42338.03
MCOU,IL,00169413602,OZEMPIC 1M,2019,1,false,75.000,21,19222.77
FFSU,IL,00169413602,OZEMPIC 1M,2019,1,true,,,
FFSU,IN,00169413212,OZEMPIC 0.,2019,4,false,25.500,17,12807.95
MCOU,IN,00169413212,OZEMPIC 0.,2019,4,false,3286.000,2191,1616537.97
FFSU,IN,00169413602,OZEMPIC 1M,2019,4,true,,,
MCOU,IN,00169413602,OZEMPIC 1M,2019,4,false,4935.000,1546,1219118.83
FFSU,IN,00169413212,OZEMPIC 0.,2019,3,false,16.500,11,8300.93
MCOU,IN,00169413212,OZEMPIC 0.,2019,3,false,2880.500,1909,1480871.64
FFSU,IN,00169413602,OZEMPIC 1M,2019,3,false,33.000,11,8313.47
MCOU,IN,00169413602,OZEMPIC 1M,2019,3,false,4343.500,1338,1118654.16
MCOU,IN,00169413212,OZEMPIC 0.,2019,2,false,2458.500,1638,1256119.20
FFSU,IN,00169413212,OZEMPIC 0.,2019,2,true,,,
MCOU,IN,00169413602,OZEMPIC 1M,2019,2,false,3413.000,1071,875464.34
FFSU,IN,00169413602,OZEMPIC 1M,2019,2,true,,,
MCOU,IN,00169413212,OZEMPIC 0.,2019,1,false,1858.000,1234,950721.89
FFSU,IN,00169413212,OZEMPIC 0.,2019,1,true,,,
FFSU,IN,00169413602,OZEMPIC 1M,2019,1,true,,,
MCOU,IN,00169413602,OZEMPIC 1M,2019,1,false,2347.500,747,600177.38
MCOU,KS,00169413212,OZEMPIC 0.,2019,4,false,63.000,42,30989.83
MCOU,KS,00169413602,OZEMPIC 1M,2019,4,false,84.000,28,21187.74
MCOU,KS,00169413212,OZEMPIC 0.,2019,3,false,57.000,36,28751.69
MCOU,KS,00169413602,OZEMPIC 1M,2019,3,false,90.000,30,22754.70
MCOU,KS,00169413212,OZEMPIC 0.,2019,2,false,66.000,42,33297.59
MCOU,KS,00169413602,OZEMPIC 1M,2019,2,false,66.000,22,16687.38
MCOU,KS,00169413212,OZEMPIC 0.,2019,1,false,78.000,52,37463.86
MCOU,KS,00169413602,OZEMPIC 1M,2019,1,false,40.500,14,10143.64
MCOU,KY,00169413211,OZEMPIC   ,2019,4,true,,,
MCOU,KY,00169413212,OZEMPIC   ,2019,4,false,166.500,111,88449.24
FFSU,KY,00169413212,OZEMPIC   ,2019,4,false,25.500,17,12798.30
MCOU,KY,00169413602,OZEMPIC   ,2019,4,false,3277.500,1102,844342.73
FFSU,KY,00169413602,OZEMPIC   ,2019,4,false,33.000,11,8284.22
FFSU,KY,00169413212,OZEMPIC   ,2019,3,false,18.000,12,9036.20
MCOU,KY,00169413212,OZEMPIC   ,2019,3,false,2001.000,1329,1041007.19
FFSU,KY,00169413602,OZEMPIC   ,2019,3,true,,,
MCOU,KY,00169413602,OZEMPIC   ,2019,3,false,2511.000,855,654918.28
FFSU,KY,00169413212,OZEMPIC   ,2019,2,false,16.500,11,8292.05
MCOU,KY,00169413212,OZEMPIC   ,2019,2,false,1570.500,1045,813250.56
FFSU,KY,00169413602,OZEMPIC   ,2019,2,true,,,
MCOU,KY,00169413602,OZEMPIC   ,2019,2,false,1688.500,574,442316.04
MCOU,KY,00169413212,OZEMPIC   ,2019,1,false,72.000,47,37005.53
FFSU,KY,00169413212,OZEMPIC   ,2019,1,true,,,
FFSU,KY,00169413602,OZEMPIC   ,2019,1,true,,,
MCOU,KY,00169413602,OZEMPIC   ,2019,1,false,45.000,15,11506.13
FFSU,LA,00169413212,OZEMPIC   ,2019,4,true,,,
MCOU,LA,00169413212,OZEMPIC   ,2019,4,false,603.000,419,323992.25
MCOU,LA,00169413602,OZEMPIC   ,2019,4,false,703.500,239,179785.99
FFSU,LA,00169413602,OZEMPIC   ,2019,4,true,,,
MCOU,LA,00169413212,OZEMPIC   ,2019,3,false,440.500,289,224896.83
FFSU,LA,00169413212,OZEMPIC   ,2019,3,true,,,
MCOU,LA,00169413602,OZEMPIC   ,2019,3,false,587.500,200,149740.58
FFSU,LA,00169413602,OZEMPIC   ,2019,3,true,,,
FFSU,LA,00169413212,OZEMPIC   ,2019,2,true,,,
MCOU,LA,00169413212,OZEMPIC   ,2019,2,false,599.500,391,303926.92
FFSU,LA,00169413602,OZEMPIC   ,2019,2,true,,,
MCOU,LA,00169413602,OZEMPIC   ,2019,2,false,655.500,219,166770.45
MCOU,LA,00169413212,OZEMPIC   ,2019,1,false,462.000,300,233351.58
FFSU,LA,00169413212,OZEMPIC   ,2019,1,true,,,
FFSU,LA,00169413602,OZEMPIC   ,2019,1,false,28.500,12,7274.05
MCOU,LA,00169413602,OZEMPIC   ,2019,1,false,528.000,181,132406.31
MCOU,MA,00169413211,OZEMPIC 0.,2019,4,true,,,
FFSU,MA,00169413212,OZEMPIC 0.,2019,4,false,472.500,303,236463.47
MCOU,MA,00169413212,OZEMPIC 0.,2019,4,false,1830.000,1209,940213.68
FFSU,MA,00169413602,OZEMPIC 1 ,2019,4,false,837.000,278,209708.52
MCOU,MA,00169413602,OZEMPIC 1 ,2019,4,false,2143.500,717,553950.30
MCOU,MA,00169413211,OZEMPIC 0.,2019,3,true,,,
FFSU,MA,00169413212,OZEMPIC 0.,2019,3,false,367.500,233,184066.68
MCOU,MA,00169413212,OZEMPIC 0.,2019,3,false,1555.500,1027,802012.45
MCOU,MA,00169413602,OZEMPIC 1 ,2019,3,false,1689.000,565,436625.55
FFSU,MA,00169413602,OZEMPIC 1 ,2019,3,false,510.000,166,127688.80
MCOU,MA,00169413212,OZEMPIC 0.,2019,2,false,1369.500,908,705555.48
FFSU,MA,00169413212,OZEMPIC 0.,2019,2,false,304.500,196,152761.77
FFSU,MA,00169413602,OZEMPIC 1 ,2019,2,false,282.000,95,70922.23
MCOU,MA,00169413602,OZEMPIC 1 ,2019,2,false,1252.500,421,322952.38
MCOU,MA,00169413212,OZEMPIC 0.,2019,1,false,1020.000,680,524113.95
FFSU,MA,00169413212,OZEMPIC 0.,2019,1,false,127.500,81,62530.68
FFSU,MA,00169413602,OZEMPIC 1 ,2019,1,false,93.000,31,22999.51
MCOU,MA,00169413602,OZEMPIC 1 ,2019,1,false,714.000,238,184036.47
MCOU,MD,00169413211,OZEMPIC 0.,2019,4,true,,,
FFSU,MD,00169413212,OZEMPIC 0.,2019,4,true,,,
MCOU,MD,00169413212,OZEMPIC 0.,2019,4,false,2670.000,1735,1351652.94
FFSU,MD,00169413602,OZEMPIC 1 ,2019,4,true,,,
MCOU,MD,00169413602,OZEMPIC 1 ,2019,4,false,3009.000,987,764746.09
MCOU,MD,00169413611,OZEMPIC 1 ,2019,4,true,,,
MCOU,MD,00169413211,OZEMPIC 0.,2019,3,true,,,
FFSU,MD,00169413212,OZEMPIC 0.,2019,3,true,,,
MCOU,MD,00169413212,OZEMPIC 0.,2019,3,false,2268.000,1468,1150049.82
FFSU,MD,00169413602,OZEMPIC 1 ,2019,3,true,,,
MCOU,MD,00169413602,OZEMPIC 1 ,2019,3,false,1998.000,672,511715.66
FFSU,MD,00169413212,OZEMPIC 0.,2019,2,true,,,
MCOU,MD,00169413212,OZEMPIC 0.,2019,2,false,1903.500,1232,956487.58
MCOU,MD,00169413602,OZEMPIC 1 ,2019,2,false,1341.000,457,349108.80
FFSU,MD,00169413602,OZEMPIC 1 ,2019,2,true,,,
MCOU,MD,00169413212,OZEMPIC 0.,2019,1,false,1185.000,773,600666.38
FFSU,MD,00169413212,OZEMPIC 0.,2019,1,true,,,
FFSU,MD,00169413602,OZEMPIC 1 ,2019,1,true,,,
MCOU,MD,00169413602,OZEMPIC 1 ,2019,1,false,805.500,274,205347.44
FFSU,ME,00169413211,OZEMPIC   ,2019,4,true,,,
FFSU,ME,00169413212,OZEMPIC   ,2019,4,false,36.000,24,18024.16
FFSU,ME,00169413602,OZEMPIC   ,2019,4,false,39.000,12,9787.00
FFSU,ME,00169413212,OZEMPIC   ,2019,3,false,27.000,18,13543.01
FFSU,ME,00169413602,OZEMPIC   ,2019,3,true,,,
FFSU,ME,00169413212,OZEMPIC   ,2019,2,false,27.000,18,13556.39
FFSU,ME,00169413602,OZEMPIC   ,2019,2,true,,,
FFSU,ME,00169413212,OZEMPIC   ,2019,1,true,,,
MCOU,MI,00169413212,OZEMPIC   ,2019,4,false,2619.015,1730,1312426.98
FFSU,MI,00169413212,OZEMPIC   ,2019,4,false,124.500,73,37446.84
MCOU,MI,00169413602,OZEMPIC   ,2019,4,false,2732.500,901,681335.39
FFSU,MI,00169413602,OZEMPIC   ,2019,4,false,135.000,38,24498.64
MCOU,MI,00169413212,OZEMPIC   ,2019,3,false,2008.500,1318,1006581.99
FFSU,MI,00169413212,OZEMPIC   ,2019,3,false,115.500,70,35607.79
FFSU,MI,00169413602,OZEMPIC   ,2019,3,false,102.000,30,18473.28
MCOU,MI,00169413602,OZEMPIC   ,2019,3,false,1768.500,583,442195.76
MCOU,MI,00169413212,OZEMPIC   ,2019,2,false,1242.000,815,621263.77
FFSU,MI,00169413212,OZEMPIC   ,2019,2,false,81.000,47,22093.74
FFSU,MI,00169413602,OZEMPIC   ,2019,2,false,108.000,29,19292.43
MCOU,MI,00169413602,OZEMPIC   ,2019,2,false,987.000,331,246794.60
MCOU,MI,00169413212,OZEMPIC   ,2019,1,false,408.000,263,203744.32
FFSU,MI,00169413212,OZEMPIC   ,2019,1,false,36.000,23,11080.95
MCOU,MI,00169413602,OZEMPIC   ,2019,1,false,309.000,107,77435.22
FFSU,MI,00169413602,OZEMPIC   ,2019,1,false,54.000,16,9976.26
MCOU,MN,00169413212,OZEMPIC   ,2019,4,false,391.500,257,202547.21
FFSU,MN,00169413212,OZEMPIC   ,2019,4,false,18.000,12,9207.44
FFSU,MN,00169413602,OZEMPIC   ,2019,4,true,,,
MCOU,MN,00169413602,OZEMPIC   ,2019,4,false,248.250,164,128934.40
FFSU,MN,00169413212,OZEMPIC   ,2019,3,true,,,
MCOU,MN,00169413212,OZEMPIC   ,2019,3,false,307.500,205,158856.05
MCOU,MN,00169413602,OZEMPIC   ,2019,3,false,155.250,104,79915.86
FFSU,MN,00169413602,OZEMPIC   ,2019,3,true,,,
FFSU,MN,00169413212,OZEMPIC   ,2019,2,false,28.500,19,15039.07
MCOU,MN,00169413212,OZEMPIC   ,2019,2,false,825.000,544,431921.75
MCOU,MN,00169413602,OZEMPIC   ,2019,2,false,460.500,179,138955.87
FFSU,MN,00169413602,OZEMPIC   ,2019,2,true,,,
FFSU,MN,00169413212,OZEMPIC   ,2019,1,false,22.500,15,11785.17
MCOU,MN,00169413212,OZEMPIC   ,2019,1,false,592.500,385,307086.14
MCOU,MN,00169413602,OZEMPIC   ,2019,1,false,361.500,122,95274.77
FFSU,MN,00169413602,OZEMPIC   ,2019,1,true,,,
FFSU,MO,00169413212,OZEMPIC   ,2019,4,false,121.500,78,58599.73
FFSU,MO,00169413602,OZEMPIC   ,2019,4,false,180.000,61,45515.37
FFSU,MO,00169413212,OZEMPIC   ,2019,3,false,88.500,58,43395.01
FFSU,MO,00169413602,OZEMPIC   ,2019,3,false,193.500,66,49019.64
FFSU,MO,00169413212,OZEMPIC   ,2019,2,false,78.000,49,39398.18
FFSU,MO,00169413602,OZEMPIC   ,2019,2,false,142.500,48,34641.36
FFSU,MO,00169413212,OZEMPIC   ,2019,1,false,91.500,59,45225.17
FFSU,MO,00169413602,OZEMPIC   ,2019,1,false,54.000,18,13430.84
FFSU,MS,00169413212,OZEMPIC 0.,2019,4,true,,,
MCOU,MS,00169413212,OZEMPIC 0.,2019,4,false,66.000,44,33185.73
FFSU,MS,00169413602,OZEMPIC 1 ,2019,4,true,,,
MCOU,MS,00169413602,OZEMPIC 1 ,2019,4,false,142.500,44,35797.65
MCOU,MS,00169413212,OZEMPIC 0.,2019,3,false,78.000,52,39282.88
FFSU,MS,00169413602,OZEMPIC 1 ,2019,3,true,,,
MCOU,MS,00169413602,OZEMPIC 1 ,2019,3,false,103.500,33,26085.09
MCOU,MS,00169413212,OZEMPIC 0.,2019,2,false,51.000,33,25673.67
MCOU,MS,00169413602,OZEMPIC 1 ,2019,2,false,45.000,15,11348.70
MCOU,MS,00169413212,OZEMPIC 0.,2019,1,false,24.000,14,12064.46
MCOU,MS,00169413602,OZEMPIC 1 ,2019,1,true,,,
FFSU,MT,00169413212,OZEMPIC 0.,2019,4,false,112.500,74,56278.91
FFSU,MT,00169413602,OZEMPIC 1 ,2019,4,false,102.000,34,25342.59
FFSU,MT,00169413212,OZEMPIC 0.,2019,3,false,75.000,50,37547.34
FFSU,MT,00169413602,OZEMPIC 1 ,2019,3,false,108.000,36,27017.05
FFSU,MT,00169413212,OZEMPIC 0.,2019,2,false,51.000,34,26585.86
FFSU,MT,00169413602,OZEMPIC 1 ,2019,2,false,60.000,20,15667.16
FFSU,MT,00169413212,OZEMPIC 0.,2019,1,false,18.000,12,9252.97
FFSU,MT,00169413602,OZEMPIC 1 ,2019,1,false,31.500,12,8203.53
FFSU,XX,00169413211,OZEMPIC 0.,2019,4,true,,,
MCOU,XX,00169413211,OZEMPIC 0.,2019,4,false,66.500,41,33408.99
FFSU,XX,00169413212,OZEMPIC 0.,2019,4,false,8571.500,5231,4268155.46
MCOU,XX,00169413212,OZEMPIC 0.,2019,4,false,50027.515,31839,24958968.18
FFSU,XX,00169413602,OZEMPIC 1M,2019,4,false,10024.000,2963,2498341.90
MCOU,XX,00169413602,OZEMPIC 1M,2019,4,false,56645.750,18274,14286234.83
MCOU,XX,00169413611,OZEMPIC 1M,2019,4,true,,,
MCOU,XX,00169413211,OZEMPIC 0.,2019,3,false,21.000,14,10819.20
FFSU,XX,00169413212,OZEMPIC 0.,2019,3,false,6363.500,3884,3175076.38
MCOU,XX,00169413212,OZEMPIC 0.,2019,3,false,42721.000,27262,21492402.78
FFSU,XX,00169413602,OZEMPIC 1M,2019,3,false,7416.000,2187,1850032.13
MCOU,XX,00169413602,OZEMPIC 1M,2019,3,false,42014.750,13552,10654385.04
FFSU,XX,00169413212,OZEMPIC 0.,2019,2,false,4366.500,2676,2172002.64
MCOU,XX,00169413212,OZEMPIC 0.,2019,2,false,31596.500,20462,15925892.47
FFSU,XX,00169413602,OZEMPIC 1M,2019,2,false,4972.500,1451,1236597.68
MCOU,XX,00169413602,OZEMPIC 1M,2019,2,false,27244.000,8962,6928300.64
FFSU,XX,00169413212,OZEMPIC 0.,2019,1,false,2447.500,1439,1207626.98
MCOU,XX,00169413212,OZEMPIC 0.,2019,1,false,18888.500,12295,9500405.97
FFSU,XX,00169413602,OZEMPIC 1M,2019,1,false,2827.000,850,697946.99
MCOU,XX,00169413602,OZEMPIC 1M,2019,1,false,14711.000,4849,3723693.88
FFSU,NC,00169413211,OZEMPIC   ,2019,4,true,,,
FFSU,NC,00169413212,OZEMPIC   ,2019,4,false,964.500,616,469661.19
FFSU,NC,00169413602,OZEMPIC   ,2019,4,false,1149.000,382,283998.11
FFSU,NC,00169413212,OZEMPIC   ,2019,3,false,694.500,447,340793.70
FFSU,NC,00169413602,OZEMPIC   ,2019,3,false,873.000,293,216182.87
FFSU,NC,00169413212,OZEMPIC   ,2019,2,false,406.500,269,201847.67
FFSU,NC,00169413602,OZEMPIC   ,2019,2,false,598.500,201,147816.02
FFSU,NC,00169413212,OZEMPIC   ,2019,1,false,331.000,217,162011.81
FFSU,NC,00169413602,OZEMPIC   ,2019,1,false,475.000,162,116376.16
MCOU,ND,00169413212,OZEMPIC 0.,2019,4,true,,,
FFSU,ND,00169413212,OZEMPIC 0.,2019,4,true,,,
MCOU,ND,00169413602,OZEMPIC 1 ,2019,4,true,,,
FFSU,ND,00169413602,OZEMPIC 1 ,2019,4,true,,,
MCOU,ND,00169413212,OZEMPIC 0.,2019,3,true,,,
FFSU,ND,00169413212,OZEMPIC 0.,2019,3,true,,,
FFSU,ND,00169413602,OZEMPIC 1 ,2019,3,true,,,
MCOU,ND,00169413602,OZEMPIC 1 ,2019,3,true,,,
FFSU,ND,00169413212,OZEMPIC 0.,2019,2,true,,,
MCOU,ND,00169413212,OZEMPIC 0.,2019,2,true,,,
FFSU,ND,00169413602,OZEMPIC 1 ,2019,2,true,,,
MCOU,ND,00169413602,OZEMPIC 1 ,2019,2,true,,,
MCOU,ND,00169413212,OZEMPIC 0.,2019,1,true,,,
FFSU,ND,00169413212,OZEMPIC 0.,2019,1,true,,,
MCOU,ND,00169413602,OZEMPIC 1 ,2019,1,true,,,
FFSU,ND,00169413602,OZEMPIC 1 ,2019,1,true,,,
MCOU,NE,00169413212,OZEMPIC 0.,2019,4,false,43.500,29,21653.62
MCOU,NE,00169413602,OZEMPIC 1M,2019,4,false,51.000,17,13111.34
MCOU,NE,00169413212,OZEMPIC 0.,2019,3,false,33.000,22,16724.72
MCOU,NE,00169413602,OZEMPIC 1M,2019,3,true,,,
MCOU,NE,00169413212,OZEMPIC 0.,2019,2,false,33.000,22,16838.47
MCOU,NE,00169413602,OZEMPIC 1M,2019,2,true,,,
MCOU,NE,00169413212,OZEMPIC 0.,2019,1,false,21.000,14,10026.74
MCOU,NE,00169413602,OZEMPIC 1M,2019,1,true,,,
MCOU,NH,00169413212,OZEMPIC   ,2019,4,false,78.000,48,36419.81
MCOU,NH,00169413602,OZEMPIC   ,2019,4,false,100.500,34,22587.77
MCOU,NH,00169413212,OZEMPIC   ,2019,3,false,50.500,34,21131.72
MCOU,NH,00169413602,OZEMPIC   ,2019,3,false,72.000,24,16340.32
MCOU,NH,00169413212,OZEMPIC   ,2019,2,false,37.500,23,16538.59
MCOU,NH,00169413602,OZEMPIC   ,2019,2,false,42.000,14,10558.11
MCOU,NH,00169413212,OZEMPIC   ,2019,1,true,,,
MCOU,NH,00169413602,OZEMPIC   ,2019,1,true,,,
MCOU,NJ,00169413211,OZEMPIC 0.,2019,4,true,,,
FFSU,NJ,00169413212,OZEMPIC 0.,2019,4,true,,,
MCOU,NJ,00169413212,OZEMPIC 0.,2019,4,false,1024.500,664,442333.78
FFSU,NJ,00169413602,OZEMPIC 1M,2019,4,true,,,
MCOU,NJ,00169413602,OZEMPIC 1M,2019,4,false,1036.500,333,231490.99
FFSU,NJ,00169413212,OZEMPIC 0.,2019,3,true,,,
MCOU,NJ,00169413212,OZEMPIC 0.,2019,3,false,823.500,531,359264.89
MCOU,NJ,00169413602,OZEMPIC 1M,2019,3,false,693.000,223,150739.45
FFSU,NJ,00169413602,OZEMPIC 1M,2019,3,true,,,
FFSU,NJ,00169413212,OZEMPIC 0.,2019,2,true,,,
MCOU,NJ,00169413212,OZEMPIC 0.,2019,2,false,507.000,330,223551.54
MCOU,NJ,00169413602,OZEMPIC 1M,2019,2,false,481.500,157,105124.79
FFSU,NJ,00169413602,OZEMPIC 1M,2019,2,true,,,
FFSU,NJ,00169413212,OZEMPIC 0.,2019,1,true,,,
MCOU,NJ,00169413212,OZEMPIC 0.,2019,1,false,310.500,205,150524.71
MCOU,NJ,00169413602,OZEMPIC 1M,2019,1,false,345.000,111,85298.73
FFSU,NJ,00169413602,OZEMPIC 1M,2019,1,true,,,
FFSU,NM,00169413212,OZEMPIC 0.,2019,4,false,18.000,12,9490.80
MCOU,NM,00169413212,OZEMPIC 0.,2019,4,false,21.000,14,6714.26
FFSU,NM,00169413602,OZEMPIC 1 ,2019,4,true,,,
MCOU,NM,00169413602,OZEMPIC 1 ,2019,4,true,,,
MCOU,NM,00169413212,OZEMPIC 0.,2019,3,false,18.000,12,8203.95
FFSU,NM,00169413212,OZEMPIC 0.,2019,3,true,,,
MCOU,NM,00169413602,OZEMPIC 1 ,2019,3,true,,,
FFSU,NM,00169413212,OZEMPIC 0.,2019,2,true,,,
MCOU,NM,00169413212,OZEMPIC 0.,2019,2,true,,,
MCOU,NM,00169413212,OZEMPIC 0.,2019,1,true,,,
MCOU,NV,00169413212,OZEMPIC 0.,2019,4,false,417.000,278,209820.75
FFSU,NV,00169413212,OZEMPIC 0.,2019,4,false,63.000,35,29327.20
FFSU,NV,00169413602,OZEMPIC 1M,2019,4,false,168.000,40,40167.37
MCOU,NV,00169413602,OZEMPIC 1M,2019,4,false,78.000,26,17499.90
MCOU,NV,00169413212,OZEMPIC 0.,2019,3,false,331.500,220,162820.85
FFSU,NV,00169413212,OZEMPIC 0.,2019,3,false,60.000,29,27916.88
MCOU,NV,00169413602,OZEMPIC 1M,2019,3,false,640.500,217,163810.25
FFSU,NV,00169413602,OZEMPIC 1M,2019,3,false,132.000,31,32349.54
MCOU,NV,00169413212,OZEMPIC 0.,2019,2,false,273.000,180,135884.62
FFSU,NV,00169413212,OZEMPIC 0.,2019,2,false,42.000,19,17435.81
FFSU,NV,00169413602,OZEMPIC 1M,2019,2,false,132.000,30,31274.22
MCOU,NV,00169413602,OZEMPIC 1M,2019,2,false,328.500,111,84268.57
MCOU,NV,00169413212,OZEMPIC 0.,2019,1,false,193.500,128,98958.13
FFSU,NV,00169413212,OZEMPIC 0.,2019,1,false,40.500,14,20027.13
MCOU,NV,00169413602,OZEMPIC 1M,2019,1,false,267.000,89,68772.42
FFSU,NV,00169413602,OZEMPIC 1M,2019,1,false,81.000,15,18212.54
MCOU,NY,00169413211,OZEMPIC   ,2019,4,true,,,
MCOU,NY,00169413212,OZEMPIC   ,2019,4,false,7759.000,5133,3863955.16
FFSU,NY,00169413212,OZEMPIC   ,2019,4,false,351.000,207,175918.53
FFSU,NY,00169413602,OZEMPIC   ,2019,4,false,355.000,107,88593.53
MCOU,NY,00169413602,OZEMPIC   ,2019,4,false,9301.500,3094,2312605.48
MCOU,NY,00169413611,OZEMPIC   ,2019,4,true,,,
MCOU,NY,00169413212,OZEMPIC   ,2019,3,false,6610.500,4362,3300514.22
FFSU,NY,00169413212,OZEMPIC   ,2019,3,false,303.000,181,151037.93
FFSU,NY,00169413602,OZEMPIC   ,2019,3,false,327.000,93,81885.47
MCOU,NY,00169413602,OZEMPIC   ,2019,3,false,7216.000,2404,1802511.07
MCOU,NY,00169413212,OZEMPIC   ,2019,2,false,5092.500,3369,2555887.32
FFSU,NY,00169413212,OZEMPIC   ,2019,2,false,208.500,127,104290.99
MCOU,NY,00169413602,OZEMPIC   ,2019,2,false,4718.000,1567,1183279.68
FFSU,NY,00169413602,OZEMPIC   ,2019,2,false,169.500,53,42343.71
FFSU,NY,00169413212,OZEMPIC   ,2019,1,false,108.000,62,53127.42
MCOU,NY,00169413212,OZEMPIC   ,2019,1,false,3208.500,2117,1608980.56
FFSU,NY,00169413602,OZEMPIC   ,2019,1,false,84.000,26,20747.13
MCOU,NY,00169413602,OZEMPIC   ,2019,1,false,2550.500,844,639175.10
MCOU,OH,00169413211,OZEMPIC 0.,2019,4,true,,,
MCOU,OH,00169413212,OZEMPIC 0.,2019,4,false,4053.500,2689,2048613.74
FFSU,OH,00169413212,OZEMPIC 0.,2019,4,false,25.500,17,12762.56
MCOU,OH,00169413602,OZEMPIC 1M,2019,4,false,4038.000,1350,1023289.80
FFSU,OH,00169413602,OZEMPIC 1M,2019,4,false,48.000,14,12012.30
MCOU,OH,00169413212,OZEMPIC 0.,2019,3,false,3180.000,2109,1605322.10
FFSU,OH,00169413212,OZEMPIC 0.,2019,3,false,28.500,16,14258.54
MCOU,OH,00169413602,OZEMPIC 1M,2019,3,false,2715.000,902,687496.91
FFSU,OH,00169413602,OZEMPIC 1M,2019,3,false,48.000,12,9985.74
MCOU,OH,00169413212,OZEMPIC 0.,2019,2,false,2053.500,1364,1037290.48
FFSU,OH,00169413212,OZEMPIC 0.,2019,2,false,24.000,16,11289.85
FFSU,OH,00169413602,OZEMPIC 1M,2019,2,true,,,
MCOU,OH,00169413602,OZEMPIC 1M,2019,2,false,1735.500,586,439516.43
MCOU,OH,00169413212,OZEMPIC 0.,2019,1,false,1039.500,692,525093.73
FFSU,OH,00169413212,OZEMPIC 0.,2019,1,false,22.500,15,10854.59
MCOU,OH,00169413602,OZEMPIC 1M,2019,1,false,807.000,270,204556.77
FFSU,OH,00169413602,OZEMPIC 1M,2019,1,true,,,
FFSU,OK,00169413212,OZEMPIC 0.,2019,4,false,52.500,35,26407.30
FFSU,OK,00169413602,OZEMPIC 1M,2019,4,false,91.500,31,23020.33
FFSU,OK,00169413212,OZEMPIC 0.,2019,3,false,33.000,23,16543.04
FFSU,OK,00169413602,OZEMPIC 1M,2019,3,false,60.000,20,15123.20
FFSU,OK,00169413212,OZEMPIC 0.,2019,2,false,30.000,20,15100.40
FFSU,OK,00169413602,OZEMPIC 1M,2019,2,false,36.000,12,9073.92
FFSU,OK,00169413212,OZEMPIC 0.,2019,1,false,24.000,16,11846.52
FFSU,OK,00169413602,OZEMPIC 1M,2019,1,true,,,
MCOU,OR,00169413212,OZEMPIC 0.,2019,4,false,103.500,68,52487.54
FFSU,OR,00169413212,OZEMPIC 0.,2019,4,true,,,
MCOU,OR,00169413602,OZEMPIC 1M,2019,4,false,225.000,70,56617.51
FFSU,OR,00169413602,OZEMPIC 1M,2019,4,false,54.000,17,13529.45
FFSU,OR,00169413212,OZEMPIC 0.,2019,3,true,,,
MCOU,OR,00169413212,OZEMPIC 0.,2019,3,false,135.000,86,67728.87
FFSU,OR,00169413602,OZEMPIC 1M,2019,3,true,,,
MCOU,OR,00169413602,OZEMPIC 1M,2019,3,false,159.000,44,39442.10
MCOU,OR,00169413212,OZEMPIC 0.,2019,2,false,84.000,53,42563.15
FFSU,OR,00169413212,OZEMPIC 0.,2019,2,true,,,
MCOU,OR,00169413602,OZEMPIC 1M,2019,2,false,103.500,33,25988.05
FFSU,OR,00169413602,OZEMPIC 1M,2019,2,true,,,
MCOU,OR,00169413212,OZEMPIC 0.,2019,1,false,66.000,42,33369.70
FFSU,OR,00169413212,OZEMPIC 0.,2019,1,true,,,
MCOU,OR,00169413602,OZEMPIC 1M,2019,1,false,78.000,26,19628.41
FFSU,OR,00169413602,OZEMPIC 1M,2019,1,true,,,
MCOU,PA,00169413211,OZEMPIC 0.,2019,4,true,,,
MCOU,PA,00169413212,OZEMPIC 0.,2019,4,false,7248.000,4480,3644103.99
FFSU,PA,00169413212,OZEMPIC 0.,2019,4,false,66.000,43,32778.75
FFSU,PA,00169413602,OZEMPIC 1M,2019,4,false,129.000,37,32045.63
MCOU,PA,00169413602,OZEMPIC 1M,2019,4,false,8523.500,2578,2143590.18
MCOU,PA,00169413611,OZEMPIC 1M,2019,4,true,,,
MCOU,PA,00169413211,OZEMPIC 0.,2019,3,true,,,
FFSU,PA,00169413212,OZEMPIC 0.,2019,3,false,66.000,37,32766.42
MCOU,PA,00169413212,OZEMPIC 0.,2019,3,false,6438.000,3867,3234981.13
FFSU,PA,00169413602,OZEMPIC 1M,2019,3,false,78.000,24,19399.05
MCOU,PA,00169413602,OZEMPIC 1M,2019,3,false,6655.500,1947,1668810.26
MCOU,PA,00169413212,OZEMPIC 0.,2019,2,false,5185.500,3340,2612600.56
FFSU,PA,00169413212,OZEMPIC 0.,2019,2,false,45.000,26,22326.51
FFSU,PA,00169413602,OZEMPIC 1M,2019,2,false,48.000,16,11932.64
MCOU,PA,00169413602,OZEMPIC 1M,2019,2,false,4511.500,1431,1135975.07
MCOU,PA,00169413212,OZEMPIC 0.,2019,1,false,3538.500,2338,1787810.91
FFSU,PA,00169413212,OZEMPIC 0.,2019,1,true,,,
FFSU,PA,00169413602,OZEMPIC 1M,2019,1,true,,,
MCOU,PA,00169413602,OZEMPIC 1M,2019,1,false,2664.000,871,673490.46
MCOU,RI,00169413212,OZEMPIC 0.,2019,4,false,30.000,14,12233.38
MCOU,RI,00169413602,OZEMPIC 1M,2019,4,true,,,
FFSU,RI,00169413212,OZEMPIC 0.,2019,3,true,,,
MCOU,RI,00169413212,OZEMPIC 0.,2019,3,true,,,
MCOU,RI,00169413602,OZEMPIC 1M,2019,3,true,,,
FFSU,RI,00169413602,OZEMPIC 1M,2019,3,true,,,
MCOU,RI,00169413212,OZEMPIC 0.,2019,2,true,,,
MCOU,RI,00169413602,OZEMPIC 1M,2019,2,true,,,
MCOU,RI,00169413212,OZEMPIC 0.,2019,1,true,,,
FFSU,RI,00169413602,OZEMPIC 1M,2019,1,true,,,
MCOU,SC,00169413212,OZEMPIC   ,2019,4,false,1408.000,702,520981.11
FFSU,SC,00169413212,OZEMPIC   ,2019,4,false,27.000,18,13477.87
MCOU,SC,00169413602,OZEMPIC   ,2019,4,false,998.000,335,245096.52
FFSU,SC,00169413602,OZEMPIC   ,2019,4,true,,,
FFSU,SC,00169413212,OZEMPIC   ,2019,3,false,19.500,13,10160.93
MCOU,SC,00169413212,OZEMPIC   ,2019,3,false,868.000,433,320315.39
MCOU,SC,00169413602,OZEMPIC   ,2019,3,false,565.000,188,138754.08
FFSU,SC,00169413602,OZEMPIC   ,2019,3,true,,,
FFSU,SC,00169413212,OZEMPIC   ,2019,2,true,,,
MCOU,SC,00169413212,OZEMPIC   ,2019,2,false,661.000,330,246825.86
FFSU,SC,00169413602,OZEMPIC   ,2019,2,false,39.000,11,10148.93
MCOU,SC,00169413602,OZEMPIC   ,2019,2,false,323.000,112,78984.51
FFSU,SC,00169413212,OZEMPIC   ,2019,1,true,,,
MCOU,SC,00169413212,OZEMPIC   ,2019,1,false,407.000,203,152618.28
MCOU,SC,00169413602,OZEMPIC   ,2019,1,false,171.000,59,39888.36
FFSU,SC,00169413602,OZEMPIC   ,2019,1,true,,,
FFSU,SD,00169413212,OZEMPIC 0.,2019,4,false,60.000,40,30142.75
FFSU,SD,00169413602,OZEMPIC 1M,2019,4,false,141.000,48,34334.05
FFSU,SD,00169413212,OZEMPIC 0.,2019,3,false,64.500,43,31879.01
FFSU,SD,00169413602,OZEMPIC 1M,2019,3,false,115.500,37,28305.42
FFSU,SD,00169413212,OZEMPIC 0.,2019,2,false,39.000,26,19091.03
FFSU,SD,00169413602,OZEMPIC 1M,2019,2,false,66.000,18,16585.40
FFSU,SD,00169413212,OZEMPIC 0.,2019,1,false,24.000,16,11950.05
FFSU,SD,00169413602,OZEMPIC 1M,2019,1,true,,,
FFSU,TN,00169413212,OZEMPIC 0.,2019,4,false,277.500,185,139052.00
FFSU,TN,00169413602,OZEMPIC 1M,2019,4,false,294.000,99,73703.02
FFSU,TN,00169413212,OZEMPIC 0.,2019,3,false,223.500,149,112101.37
FFSU,TN,00169413602,OZEMPIC   ,2019,3,false,288.000,96,72100.72
FFSU,TN,00169413212,OZEMPIC   ,2019,2,false,153.000,102,75811.69
FFSU,TN,00169413602,OZEMPIC   ,2019,2,false,160.500,54,40176.88
FFSU,TN,00169413212,OZEMPIC   ,2019,1,false,58.500,39,29113.86
FFSU,TN,00169413602,OZEMPIC   ,2019,1,false,105.000,36,25935.47
FFSU,TX,00169413212,OZEMPIC 0.,2019,4,true,,,
MCOU,TX,00169413212,OZEMPIC 0.,2019,4,false,792.000,520,402475.73
MCOU,TX,00169413602,OZEMPIC 1 ,2019,4,false,870.000,293,221048.58
MCOU,TX,00169413212,OZEMPIC 0.,2019,3,false,739.500,485,375191.86
FFSU,TX,00169413212,OZEMPIC 0.,2019,3,true,,,
FFSU,TX,00169413602,OZEMPIC 1 ,2019,3,true,,,
MCOU,TX,00169413602,OZEMPIC 1 ,2019,3,false,657.000,221,166917.57
MCOU,TX,00169413212,OZEMPIC 0.,2019,2,false,502.500,330,254471.71
FFSU,TX,00169413212,OZEMPIC 0.,2019,2,true,,,
MCOU,TX,00169413602,OZEMPIC 1 ,2019,2,false,423.000,141,107673.85
FFSU,TX,00169413602,OZEMPIC 1 ,2019,2,true,,,
FFSU,TX,00169413212,OZEMPIC 0.,2019,1,true,,,
MCOU,TX,00169413212,OZEMPIC 0.,2019,1,false,345.000,222,174916.54
MCOU,TX,00169413602,OZEMPIC 1 ,2019,1,false,258.000,84,65814.36
FFSU,UT,00169413212,OZEMPIC 0.,2019,4,true,,,
MCOU,UT,00169413212,OZEMPIC 0.,2019,4,false,55.500,37,27668.63
MCOU,UT,00169413602,OZEMPIC 1M,2019,4,true,,,
FFSU,UT,00169413602,OZEMPIC 1M,2019,4,true,,,
MCOU,UT,00169413212,OZEMPIC 0.,2019,3,false,48.000,32,23821.95
MCOU,UT,00169413602,OZEMPIC 1M,2019,3,true,,,
FFSU,UT,00169413212,OZEMPIC 0.,2019,2,true,,,
MCOU,UT,00169413212,OZEMPIC 0.,2019,2,false,42.000,28,20818.72
FFSU,UT,00169413602,OZEMPIC 1M,2019,2,true,,,
MCOU,UT,00169413602,OZEMPIC 1M,2019,2,true,,,
MCOU,UT,00169413212,OZEMPIC 0.,2019,1,true,,,
MCOU,VA,00169413212,OZEMPIC   ,2019,4,false,303.000,197,151172.02
FFSU,VA,00169413602,OZEMPIC   ,2019,4,true,,,
MCOU,VA,00169413602,OZEMPIC   ,2019,4,false,525.000,178,128801.90
MCOU,VA,00169413212,OZEMPIC   ,2019,3,false,309.000,201,154922.69
FFSU,VA,00169413212,OZEMPIC   ,2019,3,true,,,
MCOU,VA,00169413602,OZEMPIC   ,2019,3,false,342.000,115,81215.86
FFSU,VA,00169413602,OZEMPIC   ,2019,3,true,,,
MCOU,VA,00169413212,OZEMPIC   ,2019,2,false,198.000,130,99587.40
FFSU,VA,00169413212,OZEMPIC   ,2019,2,true,,,
MCOU,VA,00169413602,OZEMPIC   ,2019,2,false,216.000,73,51515.86
FFSU,VA,00169413212,OZEMPIC   ,2019,1,true,,,
MCOU,VA,00169413212,OZEMPIC   ,2019,1,false,141.000,90,69150.11
MCOU,VA,00169413602,OZEMPIC   ,2019,1,false,172.500,58,43482.62
FFSU,VA,00169413602,OZEMPIC   ,2019,1,true,,,
FFSU,VT,00169413212,OZEMPIC 0.,2019,4,false,136.500,87,68336.71
FFSU,VT,00169413602,OZEMPIC 1M,2019,4,false,129.000,41,32302.23
FFSU,VT,00169413212,OZEMPIC 0.,2019,3,false,93.000,61,45362.24
FFSU,VT,00169413602,OZEMPIC 1M,2019,3,false,111.000,37,27876.54
FFSU,VT,00169413212,OZEMPIC 0.,2019,2,false,58.500,38,27909.80
FFSU,VT,00169413602,OZEMPIC 1M,2019,2,false,63.000,21,15821.82
FFSU,VT,00169413212,OZEMPIC 0.,2019,1,false,37.500,25,17728.08
FFSU,VT,00169413602,OZEMPIC 1M,2019,1,false,51.000,17,12559.08
MCOU,WA,00169413212,OZEMPIC 0.,2019,4,false,138.000,90,65730.54
FFSU,WA,00169413212,OZEMPIC 0.,2019,4,true,,,
MCOU,WA,00169413602,OZEMPIC 1M,2019,4,false,229.500,76,54152.15
MCOU,WA,00169413212,OZEMPIC 0.,2019,3,false,118.500,77,57758.85
FFSU,WA,00169413212,OZEMPIC 0.,2019,3,true,,,
MCOU,WA,00169413602,OZEMPIC 1M,2019,3,false,237.000,75,56564.81
MCOU,WA,00169413212,OZEMPIC 0.,2019,2,false,93.000,60,43974.69
FFSU,WA,00169413212,OZEMPIC 0.,2019,2,true,,,
MCOU,WA,00169413602,OZEMPIC 1M,2019,2,false,105.000,36,26161.92
MCOU,WA,00169413212,OZEMPIC 0.,2019,1,false,60.000,39,29536.09
FFSU,WA,00169413212,OZEMPIC 0.,2019,1,true,,,
MCOU,WA,00169413602,OZEMPIC 1M,2019,1,false,69.000,24,17071.18
MCOU,WI,00169413212,OZEMPIC 0.,2019,4,true,,,
FFSU,WI,00169413212,OZEMPIC 0.,2019,4,true,,,
MCOU,WI,00169413212,OZEMPIC 0.,2019,3,true,,,
MCOU,WI,00169413212,OZEMPIC 0.,2019,2,true,,,
FFSU,WI,00169413602,OZEMPIC 1M,2019,2,true,,,
MCOU,WI,00169413212,OZEMPIC 0.,2019,1,true,,,
FFSU,WI,00169413602,OZEMPIC 1M,2019,1,true,,,
FFSU,WV,00169413211,OZEMPIC 0.,2019,4,true,,,
FFSU,WV,00169413212,OZEMPIC 0.,2019,4,false,1555.500,1032,779309.71
FFSU,WV,00169413602,OZEMPIC 1 ,2019,4,false,792.000,263,198360.92
FFSU,WV,00169413212,OZEMPIC 0.,2019,3,false,1177.500,783,590927.66
FFSU,WV,00169413602,OZEMPIC 1 ,2019,3,false,442.500,150,111270.89
FFSU,WV,00169413212,OZEMPIC 0.,2019,2,false,781.500,519,389756.42
FFSU,WV,00169413602,OZEMPIC 1 ,2019,2,false,198.000,66,49681.12
FFSU,WV,00169413212,OZEMPIC 0.,2019,1,false,231.000,152,114578.06
FFSU,WV,00169413602,OZEMPIC 1 ,2019,1,true,,,
FFSU,WY,00169413212,OZEMPIC 0.,2019,4,true,,,
FFSU,WY,00169413602,OZEMPIC 1M,2019,4,true,,,
FFSU,WY,00169413212,OZEMPIC 0.,2019,3,true,,,
FFSU,WY,00169413212,OZEMPIC 0.,2019,2,true,,,
MCOU,AZ,00169430313,RYBELSUS  ,2019,4,true,,,
FFSU,CA,00169430313,RYBELSUS 3,2019,4,true,,,
MCOU,CA,00169430313,RYBELSUS 3,2019,4,true,,,
MCOU,CA,00169430713,RYBELSUS 7,2019,4,true,,,
FFSU,CA,00169430713,RYBELSUS 7,2019,4,true,,,
FFSU,CO,00169430313,RYBELSUS  ,2019,4,true,,,
FFSU,CO,00169430713,RYBELSUS  ,2019,4,true,,,
FFSU,CT,00169430313,RYBELSUS 3,2019,4,true,,,
FFSU,CT,00169430713,RYBELSUS 7,2019,4,true,,,
MCOU,DE,00169430313,RYBELSUS 3,2019,4,true,,,
MCOU,DE,00169430713,RYBELSUS  ,2019,4,true,,,
MCOU,FL,00169430313,RYBELSUS  ,2019,4,true,,,
MCOU,FL,00169430713,RYBELSUS  ,2019,4,true,,,
MCOU,IA,00169430313,RYBELSUS 3,2019,4,true,,,
FFSU,IN,00169430313,RYBELSUS 3,2019,4,true,,,
MCOU,IN,00169430313,RYBELSUS 3,2019,4,true,,,
MCOU,IN,00169430713,RYBELSUS 7,2019,4,true,,,
FFSU,IN,00169430713,RYBELSUS 7,2019,4,true,,,
MCOU,IN,00169431413,RYBELSUS 1,2019,4,true,,,
MCOU,KS,00169430313,RYBELSUS 3,2019,4,true,,,
MCOU,KS,00169430713,RYBELSUS 7,2019,4,true,,,
MCOU,KY,00169431413,RYBELSUS  ,2019,4,true,,,
FFSU,MA,00169430313,RYBELSUS 3,2019,4,true,,,
MCOU,MA,00169430313,RYBELSUS 3,2019,4,true,,,
MCOU,MA,00169430713,RYBELSUS 7,2019,4,true,,,
MCOU,MD,00169430313,RYBELSUS 3,2019,4,true,,,
MCOU,MN,00169430313,RYBELSUS  ,2019,4,true,,,
MCOU,MN,00169430713,RYBELSUS  ,2019,4,true,,,
FFSU,XX,00169430313,RYBELSUS 3,2019,4,false,650.000,22,16943.90
MCOU,XX,00169430313,RYBELSUS 3,2019,4,false,1290.000,43,31754.82
FFSU,XX,00169430713,RYBELSUS 7,2019,4,false,480.000,13,12483.28
MCOU,XX,00169430713,RYBELSUS 7,2019,4,false,870.000,25,18336.10
FFSU,XX,00169431413,RYBELSUS 1,2019,4,true,,,
MCOU,XX,00169431413,RYBELSUS 1,2019,4,true,,,
FFSU,NC,00169430313,RYBELSUS  ,2019,4,true,,,
FFSU,NC,00169430713,RYBELSUS  ,2019,4,true,,,
MCOU,NH,00169430713,RYBELSUS  ,2019,4,true,,,
FFSU,NJ,00169430313,RYBELSUS 3,2019,4,true,,,
MCOU,NJ,00169430713,RYBELSUS 7,2019,4,true,,,
MCOU,NY,00169430313,RYBELSUS  ,2019,4,false,330.000,11,8212.75
MCOU,NY,00169430713,RYBELSUS  ,2019,4,true,,,
MCOU,NY,00169431413,RYBELSUS  ,2019,4,true,,,
FFSU,NY,00169431413,RYBELSUS  ,2019,4,true,,,
MCOU,OH,00169430313,RYBELSUS 3,2019,4,true,,,
MCOU,OH,00169430713,RYBELSUS 7,2019,4,true,,,
MCOU,SC,00169430313,RYBELSUS  ,2019,4,true,,,
FFSU,SC,00169430313,RYBELSUS  ,2019,4,true,,,
FFSU,SD,00169430313,RYBELSUS 3,2019,4,true,,,
MCOU,VA,00169430313,RYBELSUS  ,2019,4,true,,,
MCOU,WA,00169430313,RYBELSUS 3,2019,4,true,,,
MCOU,WA,00169430713,RYBELSUS 7,2019,4,true,,,
FFSU,AK,00002143380,TRULICITY ,2019,4,false,250.000,125,90617.88
FFSU,AK,00002143480,TRULICITY ,2019,4,false,262.000,131,95679.25
FFSU,AK,00002143380,TRULICITY ,2019,3,false,244.000,122,89403.41
FFSU,AK,00002143480,TRULICITY ,2019,3,false,220.000,110,80252.04
FFSU,AK,00002143380,TRULICITY ,2019,2,false,212.000,105,77448.09
FFSU,AK,00002143480,TRULICITY ,2019,2,false,162.000,81,59392.87
FFSU,AK,00002143380,TRULICITY ,2019,1,false,168.000,83,59939.39
FFSU,AK,00002143480,TRULICITY ,2019,1,false,98.000,49,35072.64
FFSU,AL,00002143301,TRULICITY ,2019,4,true,,,
FFSU,AL,00002143380,TRULICITY ,2019,4,false,1404.000,707,540438.87
FFSU,AL,00002143401,TRULICITY ,2019,4,true,,,
FFSU,AL,00002143480,TRULICITY ,2019,4,false,1615.500,794,608912.39
FFSU,AL,00002143301,TRULICITY ,2019,3,true,,,
FFSU,AL,00002143380,TRULICITY ,2019,3,false,1260.000,631,485211.52
FFSU,AL,00002143401,TRULICITY ,2019,3,true,,,
FFSU,AL,00002143480,TRULICITY ,2019,3,false,1352.500,676,524417.52
FFSU,AL,00002143301,TRULICITY ,2019,2,true,,,
FFSU,AL,00002143380,TRULICITY ,2019,2,false,1225.500,613,469122.63
FFSU,AL,00002143480,TRULICITY ,2019,2,false,1468.000,730,554626.40
FFSU,AL,00002143301,TRULICITY ,2019,1,true,,,
FFSU,AL,00002143380,TRULICITY ,2019,1,false,924.500,466,339723.44
FFSU,AL,00002143480,TRULICITY ,2019,1,false,1098.000,549,404984.87
FFSU,AR,00002143380,TRULICITY ,2019,4,true,,,
MCOU,AR,00002143380,TRULICITY ,2019,4,true,,,
MCOU,AR,00002143480,TRULICITY ,2019,4,true,,,
FFSU,AR,00002143480,TRULICITY ,2019,4,true,,,
MCOU,AR,00002143380,TRULICITY ,2019,3,true,,,
FFSU,AR,00002143380,TRULICITY ,2019,3,false,22.000,11,8097.21
FFSU,AR,00002143480,TRULICITY ,2019,3,true,,,
MCOU,AR,00002143480,TRULICITY ,2019,3,true,,,
FFSU,AR,00002143380,TRULICITY ,2019,2,true,,,
MCOU,AR,00002143380,TRULICITY ,2019,2,true,,,
FFSU,AR,00002143480,TRULICITY ,2019,2,true,,,
MCOU,AR,00002143380,TRULICITY ,2019,1,true,,,
FFSU,AR,00002143380,TRULICITY ,2019,1,true,,,
FFSU,AR,00002143480,TRULICITY ,2019,1,true,,,
FFSU,AZ,00002143380,TRULICITY ,2019,4,false,62.000,31,22553.71
MCOU,AZ,00002143380,TRULICITY ,2019,4,false,252.000,120,92565.15
FFSU,AZ,00002143480,TRULICITY ,2019,4,false,38.000,19,12527.97
MCOU,AZ,00002143480,TRULICITY ,2019,4,false,474.000,223,175579.54
FFSU,AZ,00002143380,TRULICITY ,2019,3,false,173.500,87,59484.07
MCOU,AZ,00002143380,TRULICITY ,2019,3,false,227.000,108,82802.82
MCOU,AZ,00002143401,TRULICITY ,2019,3,true,,,
MCOU,AZ,00002143480,TRULICITY ,2019,3,false,426.500,204,153258.30
FFSU,AZ,00002143480,TRULICITY ,2019,3,false,110.000,54,37923.13
FFSU,AZ,00002143380,TRULICITY ,2019,2,false,199.500,98,67641.10
MCOU,AZ,00002143380,TRULICITY ,2019,2,false,218.000,105,65206.70
MCOU,AZ,00002143401,TRULICITY ,2019,2,true,,,
MCOU,AZ,00002143480,TRULICITY ,2019,2,false,373.000,188,127594.81
FFSU,AZ,00002143480,TRULICITY ,2019,2,false,116.000,55,41644.21
FFSU,AZ,00002143380,TRULICITY ,2019,1,false,28.000,14,10235.39
MCOU,AZ,00002143380,TRULICITY ,2019,1,false,186.000,89,53446.70
MCOU,AZ,00002143401,TRULICITY ,2019,1,true,,,
FFSU,AZ,00002143480,TRULICITY ,2019,1,true,,,
MCOU,AZ,00002143480,TRULICITY ,2019,1,false,358.500,186,121561.32
FFSU,CA,00002143301,TRULICITY ,2019,4,true,,,
MCOU,CA,00002143301,TRULICITY ,2019,4,false,60.000,23,17708.56
FFSU,CA,00002143380,TRULICITY ,2019,4,false,4755.500,2294,1803446.22
MCOU,CA,00002143380,TRULICITY ,2019,4,false,10428.500,4844,3836099.88
MCOU,CA,00002143401,TRULICITY ,2019,4,false,115.500,46,33828.17
FFSU,CA,00002143401,TRULICITY ,2019,4,true,,,
MCOU,CA,00002143480,TRULICITY ,2019,4,false,12306.000,5587,4509000.55
FFSU,CA,00002143480,TRULICITY ,2019,4,false,7052.000,3347,2680709.16
MCOU,CA,00002143301,TRULICITY ,2019,3,false,33.000,15,12284.54
FFSU,CA,00002143301,TRULICITY ,2019,3,true,,,
FFSU,CA,00002143380,TRULICITY ,2019,3,false,4025.000,1930,1533806.05
MCOU,CA,00002143380,TRULICITY ,2019,3,false,8289.500,3860,3062710.72
FFSU,CA,00002143401,TRULICITY ,2019,3,false,24.000,12,9507.06
MCOU,CA,00002143401,TRULICITY ,2019,3,false,59.000,32,21293.46
FFSU,CA,00002143480,TRULICITY ,2019,3,false,6094.000,2867,2324746.02
MCOU,CA,00002143480,TRULICITY ,2019,3,false,9565.000,4469,3546235.18
FFSU,CA,00002143301,TRULICITY ,2019,2,true,,,
MCOU,CA,00002143301,TRULICITY ,2019,2,false,24.000,12,6366.26
MCOU,CA,00002143380,TRULICITY ,2019,2,false,5405.500,2592,2010544.17
FFSU,CA,00002143380,TRULICITY ,2019,2,false,3752.500,1810,1432525.10
MCOU,CA,00002143401,TRULICITY ,2019,2,false,54.500,31,20635.87
FFSU,CA,00002143401,TRULICITY ,2019,2,true,,,
FFSU,CA,00002143480,TRULICITY ,2019,2,false,5769.500,2747,2211204.64
MCOU,CA,00002143480,TRULICITY ,2019,2,false,7248.000,3474,2688748.32
MCOU,CA,00002143301,TRULICITY ,2019,1,false,28.500,12,10585.76
FFSU,CA,00002143301,TRULICITY ,2019,1,true,,,
MCOU,CA,00002143380,TRULICITY ,2019,1,false,4303.000,2092,1532738.91
FFSU,CA,00002143380,TRULICITY ,2019,1,false,2924.000,1415,1093163.62
MCOU,CA,00002143401,TRULICITY ,2019,1,false,46.000,23,17021.36
FFSU,CA,00002143401,TRULICITY ,2019,1,true,,,
MCOU,CA,00002143480,TRULICITY ,2019,1,false,6142.500,2965,2222697.15
FFSU,CA,00002143480,TRULICITY ,2019,1,false,4630.000,2204,1728042.47
MCOU,CO,00002143380,TRULICITY ,2019,4,false,151.000,76,56190.03
FFSU,CO,00002143380,TRULICITY ,2019,4,false,142.000,59,52557.55
MCOU,CO,00002143480,TRULICITY ,2019,4,false,182.500,91,67917.44
FFSU,CO,00002143480,TRULICITY ,2019,4,false,388.000,147,144055.23
MCOU,CO,00002143380,TRULICITY ,2019,3,false,112.000,55,41787.40
FFSU,CO,00002143380,TRULICITY ,2019,3,false,134.000,52,49887.12
FFSU,CO,00002143480,TRULICITY ,2019,3,false,418.000,152,155398.86
MCOU,CO,00002143480,TRULICITY ,2019,3,false,176.000,88,65667.66
FFSU,CO,00002143380,TRULICITY ,2019,2,false,140.000,48,52101.85
MCOU,CO,00002143380,TRULICITY ,2019,2,false,70.000,34,26156.55
FFSU,CO,00002143401,TRULICITY ,2019,2,true,,,
MCOU,CO,00002143480,TRULICITY ,2019,2,false,192.000,96,71691.11
FFSU,CO,00002143480,TRULICITY ,2019,2,false,352.000,128,130885.70
MCOU,CO,00002143380,TRULICITY ,2019,1,false,97.000,49,35122.30
FFSU,CO,00002143380,TRULICITY ,2019,1,false,132.000,48,47282.46
MCOU,CO,00002143480,TRULICITY ,2019,1,false,181.000,91,65827.37
FFSU,CO,00002143480,TRULICITY ,2019,1,false,320.000,120,115196.99
FFSU,CT,00002143361,TRULICITY ,2019,4,true,,,
FFSU,CT,00002143380,TRULICITY ,2019,4,false,2774.500,1126,1024820.60
FFSU,CT,00002143480,TRULICITY ,2019,4,false,3432.500,1210,1265254.40
FFSU,CT,00002143380,TRULICITY ,2019,3,false,2387.000,1010,881571.64
FFSU,CT,00002143480,TRULICITY ,2019,3,false,3036.500,1085,1119454.90
FFSU,CT,00002143380,TRULICITY ,2019,2,false,2106.000,851,777603.40
FFSU,CT,00002143480,TRULICITY ,2019,2,false,2421.000,862,892382.49
FFSU,CT,00002143380,TRULICITY ,2019,1,false,1630.000,686,585011.18
FFSU,CT,00002143480,TRULICITY ,2019,1,false,2133.000,756,762002.03
MCOU,DC,00002143301,TRULICITY ,2019,4,true,,,
FFSU,DC,00002143380,TRULICITY ,2019,4,false,72.000,35,26674.21
MCOU,DC,00002143380,TRULICITY ,2019,4,false,1008.000,496,373853.88
FFSU,DC,00002143401,TRULICITY ,2019,4,true,,,
MCOU,DC,00002143401,TRULICITY ,2019,4,true,,,
FFSU,DC,00002143480,TRULICITY ,2019,4,false,64.000,32,23710.08
MCOU,DC,00002143480,TRULICITY ,2019,4,false,1288.000,640,473608.26
MCOU,DC,00002143301,TRULICITY ,2019,3,true,,,
FFSU,DC,00002143380,TRULICITY ,2019,3,false,66.500,32,24632.96
MCOU,DC,00002143380,TRULICITY ,2019,3,false,1088.500,534,399961.33
MCOU,DC,00002143401,TRULICITY ,2019,3,true,,,
FFSU,DC,00002143401,TRULICITY ,2019,3,true,,,
MCOU,DC,00002143480,TRULICITY ,2019,3,false,1168.000,578,421675.90
FFSU,DC,00002143480,TRULICITY ,2019,3,false,63.000,32,23345.19
MCOU,DC,00002143301,TRULICITY ,2019,2,true,,,
MCOU,DC,00002143380,TRULICITY ,2019,2,false,1021.000,494,380237.20
FFSU,DC,00002143380,TRULICITY ,2019,2,false,48.000,24,17790.24
MCOU,DC,00002143401,TRULICITY ,2019,2,true,,,
FFSU,DC,00002143480,TRULICITY ,2019,2,false,48.000,23,17771.42
MCOU,DC,00002143480,TRULICITY ,2019,2,false,952.000,472,347644.94
MCOU,DC,00002143301,TRULICITY ,2019,1,true,,,
MCOU,DC,00002143380,TRULICITY ,2019,1,false,837.500,398,303229.38
FFSU,DC,00002143380,TRULICITY ,2019,1,false,38.000,18,13735.84
MCOU,DC,00002143401,TRULICITY ,2019,1,true,,,
MCOU,DC,00002143480,TRULICITY ,2019,1,false,798.000,395,284416.61
FFSU,DC,00002143480,TRULICITY ,2019,1,false,32.000,15,11507.18
MCOU,DE,00002143380,TRULICITY ,2019,4,false,128.000,54,10185.38
FFSU,DE,00002143480,TRULICITY ,2019,4,true,,,
MCOU,DE,00002143480,TRULICITY ,2019,4,false,248.000,118,92057.64
MCOU,DE,00002143380,TRULICITY ,2019,3,false,118.000,57,3700.37
MCOU,DE,00002143480,TRULICITY ,2019,3,false,250.000,125,88826.98
FFSU,DE,00002143380,TRULICITY ,2019,2,true,,,
MCOU,DE,00002143380,TRULICITY ,2019,2,false,100.000,50,2380.96
MCOU,DE,00002143480,TRULICITY ,2019,2,false,262.000,127,7449.45
MCOU,DE,00002143380,TRULICITY ,2019,1,false,114.000,55,3530.52
MCOU,DE,00002143480,TRULICITY ,2019,1,false,202.000,99,4075.36
FFSU,DE,00002143480,TRULICITY ,2019,1,true,,,
MCOU,FL,00002143301,TRULICITY ,2019,4,true,,,
FFSU,FL,00002143380,TRULICITY ,2019,4,false,30.000,15,11105.25
MCOU,FL,00002143380,TRULICITY ,2019,4,false,437.000,219,157945.11
MCOU,FL,00002143401,TRULICITY ,2019,4,true,,,
FFSU,FL,00002143480,TRULICITY ,2019,4,false,84.000,42,29716.20
MCOU,FL,00002143480,TRULICITY ,2019,4,false,774.000,396,280866.39
MCOU,FL,00002143301,TRULICITY ,2019,3,true,,,
FFSU,FL,00002143380,TRULICITY ,2019,3,true,,,
MCOU,FL,00002143380,TRULICITY ,2019,3,false,417.000,216,152273.33
MCOU,FL,00002143480,TRULICITY ,2019,3,false,712.000,365,256892.65
FFSU,FL,00002143480,TRULICITY ,2019,3,false,88.000,44,32839.06
MCOU,FL,00002143301,TRULICITY ,2019,2,true,,,
MCOU,FL,00002143380,TRULICITY ,2019,2,false,444.000,222,162548.55
FFSU,FL,00002143380,TRULICITY ,2019,2,false,28.000,14,10364.90
MCOU,FL,00002143480,TRULICITY ,2019,2,false,648.000,330,235761.45
FFSU,FL,00002143480,TRULICITY ,2019,2,false,64.000,30,18878.12
MCOU,FL,00002143301,TRULICITY ,2019,1,true,,,
FFSU,FL,00002143380,TRULICITY ,2019,1,true,,,
MCOU,FL,00002143380,TRULICITY ,2019,1,false,432.000,224,155877.42
MCOU,FL,00002143480,TRULICITY ,2019,1,false,581.500,294,208536.12
FFSU,FL,00002143480,TRULICITY ,2019,1,false,56.000,28,18326.50
MCOU,GA,00002143380,TRULICITY ,2019,4,false,206.000,104,77866.79
FFSU,GA,00002143380,TRULICITY ,2019,4,false,228.000,114,84014.00
FFSU,GA,00002143480,TRULICITY ,2019,4,false,236.000,118,86528.81
MCOU,GA,00002143480,TRULICITY ,2019,4,false,326.000,164,124796.40
FFSU,GA,00002143380,TRULICITY ,2019,3,false,192.000,96,70051.18
MCOU,GA,00002143380,TRULICITY ,2019,3,false,200.000,101,74122.27
FFSU,GA,00002143480,TRULICITY ,2019,3,false,200.000,100,73757.00
MCOU,GA,00002143480,TRULICITY ,2019,3,false,238.000,119,89433.66
MCOU,GA,00002143301,TRULICITY ,2019,2,true,,,
MCOU,GA,00002143380,TRULICITY ,2019,2,false,174.000,87,65445.68
FFSU,GA,00002143380,TRULICITY ,2019,2,false,166.000,83,61136.38
FFSU,GA,00002143480,TRULICITY ,2019,2,false,202.000,101,74488.42
MCOU,GA,00002143480,TRULICITY ,2019,2,false,236.000,118,89081.15
FFSU,GA,00002143380,TRULICITY ,2019,1,false,134.000,67,48219.89
MCOU,GA,00002143380,TRULICITY ,2019,1,false,176.000,88,62769.19
MCOU,GA,00002143480,TRULICITY ,2019,1,false,231.000,116,85093.49
FFSU,GA,00002143480,TRULICITY ,2019,1,false,187.000,94,67082.01
MCOU,HI,00002143380,TRULICITY ,2019,4,false,616.000,284,204910.12
MCOU,HI,00002143480,TRULICITY ,2019,4,false,1400.000,610,423170.05
MCOU,HI,00002143380,TRULICITY ,2019,3,false,604.000,284,202932.16
MCOU,HI,00002143401,TRULICITY ,2019,3,true,,,
MCOU,HI,00002143480,TRULICITY ,2019,3,false,1322.000,589,409898.75
MCOU,HI,00002143380,TRULICITY ,2019,2,false,596.000,268,183387.15
MCOU,HI,00002143480,TRULICITY ,2019,2,false,1306.000,572,392943.00
MCOU,HI,00002143380,TRULICITY ,2019,1,false,572.000,274,190484.00
MCOU,HI,00002143480,TRULICITY ,2019,1,false,1260.000,549,378253.15
MCOU,IA,00002143380,TRULICITY ,2019,4,false,316.000,156,118800.65
MCOU,IA,00002143480,TRULICITY ,2019,4,false,428.000,212,158836.08
FFSU,IA,00002143480,TRULICITY ,2019,4,true,,,
MCOU,IA,00002143380,TRULICITY ,2019,3,false,346.500,173,130001.65
FFSU,IA,00002143480,TRULICITY ,2019,3,true,,,
MCOU,IA,00002143480,TRULICITY ,2019,3,false,403.500,199,149192.62
MCOU,IA,00002143380,TRULICITY ,2019,2,true,,,
FFSU,IA,00002143480,TRULICITY ,2019,2,true,,,
MCOU,IA,00002143480,TRULICITY ,2019,2,false,118.000,56,37059.98
MCOU,IA,00002143380,TRULICITY ,2019,1,false,24.500,11,4054.90
FFSU,IA,00002143380,TRULICITY ,2019,1,true,,,
FFSU,IA,00002143480,TRULICITY ,2019,1,true,,,
MCOU,IA,00002143480,TRULICITY ,2019,1,false,130.000,64,40263.83
FFSU,ID,00002143380,TRULICITY ,2019,4,false,218.000,109,80623.61
FFSU,ID,00002143480,TRULICITY ,2019,4,false,420.000,210,155239.28
FFSU,ID,00002143380,TRULICITY ,2019,3,false,222.000,111,81888.47
FFSU,ID,00002143480,TRULICITY ,2019,3,false,408.000,204,150248.28
FFSU,ID,00002143380,TRULICITY ,2019,2,false,155.500,79,57230.53
FFSU,ID,00002143480,TRULICITY ,2019,2,false,354.000,177,130541.94
FFSU,ID,00002143380,TRULICITY ,2019,1,false,107.000,54,38307.62
FFSU,ID,00002143480,TRULICITY ,2019,1,false,316.500,159,113220.41
MCOU,IL,00002143301,TRULICITY ,2019,4,true,,,
MCOU,IL,00002143380,TRULICITY ,2019,4,false,1839.500,892,785721.95
FFSU,IL,00002143380,TRULICITY ,2019,4,false,34.000,17,12492.28
MCOU,IL,00002143480,TRULICITY ,2019,4,false,2716.500,1241,1147449.82
FFSU,IL,00002143480,TRULICITY ,2019,4,false,50.000,23,19641.84
MCOU,IL,00002143301,TRULICITY ,2019,3,true,,,
FFSU,IL,00002143380,TRULICITY ,2019,3,false,44.000,21,17621.84
MCOU,IL,00002143380,TRULICITY ,2019,3,false,1704.500,826,764486.37
MCOU,IL,00002143480,TRULICITY ,2019,3,false,2197.500,1010,943888.94
FFSU,IL,00002143480,TRULICITY ,2019,3,false,106.000,40,41002.83
MCOU,IL,00002143301,TRULICITY ,2019,2,true,,,
MCOU,IL,00002143380,TRULICITY ,2019,2,false,1405.500,677,640544.30
FFSU,IL,00002143380,TRULICITY ,2019,2,false,50.000,25,18690.39
FFSU,IL,00002143480,TRULICITY ,2019,2,false,86.000,36,32989.41
MCOU,IL,00002143480,TRULICITY ,2019,2,false,1576.000,732,786389.06
MCOU,IL,00002143301,TRULICITY ,2019,1,true,,,
FFSU,IL,00002143380,TRULICITY ,2019,1,false,48.000,24,19199.15
MCOU,IL,00002143380,TRULICITY ,2019,1,false,1009.500,487,386318.48
FFSU,IL,00002143480,TRULICITY ,2019,1,false,42.000,17,15837.19
MCOU,IL,00002143480,TRULICITY ,2019,1,false,1114.500,532,439085.85
FFSU,IN,00002143380,TRULICITY ,2019,4,false,32.000,14,11828.48
MCOU,IN,00002143380,TRULICITY ,2019,4,false,2496.000,1196,917518.37
MCOU,IN,00002143401,TRULICITY ,2019,4,true,,,
MCOU,IN,00002143480,TRULICITY ,2019,4,false,4205.000,1956,1541250.86
FFSU,IN,00002143480,TRULICITY ,2019,4,false,36.000,16,13303.38
MCOU,IN,00002143301,TRULICITY ,2019,3,true,,,
FFSU,IN,00002143380,TRULICITY ,2019,3,false,32.000,16,11849.44
MCOU,IN,00002143380,TRULICITY ,2019,3,false,2307.000,1106,857706.05
MCOU,IN,00002143401,TRULICITY ,2019,3,true,,,
MCOU,IN,00002143480,TRULICITY ,2019,3,false,3989.000,1838,1489411.60
FFSU,IN,00002143480,TRULICITY ,2019,3,false,40.000,18,14784.45
MCOU,IN,00002143301,TRULICITY ,2019,2,true,,,
MCOU,IN,00002143380,TRULICITY ,2019,2,false,2360.000,1126,877865.45
FFSU,IN,00002143380,TRULICITY ,2019,2,true,,,
MCOU,IN,00002143401,TRULICITY ,2019,2,true,,,
MCOU,IN,00002143480,TRULICITY ,2019,2,false,3708.000,1720,1384899.01
FFSU,IN,00002143480,TRULICITY ,2019,2,false,32.000,16,11844.32
MCOU,IN,00002143301,TRULICITY ,2019,1,true,,,
FFSU,IN,00002143380,TRULICITY ,2019,1,true,,,
MCOU,IN,00002143380,TRULICITY ,2019,1,false,1996.000,965,725250.50
MCOU,IN,00002143480,TRULICITY ,2019,1,false,3421.500,1575,1253263.59
FFSU,IN,00002143480,TRULICITY ,2019,1,false,36.000,18,12932.02
MCOU,KS,00002143380,TRULICITY ,2019,4,false,124.500,59,42341.24
MCOU,KS,00002143480,TRULICITY ,2019,4,false,140.000,68,51932.78
MCOU,KS,00002143380,TRULICITY ,2019,3,false,128.000,62,47528.04
MCOU,KS,00002143480,TRULICITY ,2019,3,false,168.000,82,62327.53
MCOU,KS,00002143380,TRULICITY ,2019,2,false,122.000,55,45256.61
MCOU,KS,00002143480,TRULICITY ,2019,2,false,168.000,82,62357.99
MCOU,KS,00002143380,TRULICITY ,2019,1,false,174.000,88,62986.07
MCOU,KS,00002143480,TRULICITY ,2019,1,false,172.500,90,62741.26
FFSU,KY,00002143380,TRULICITY ,2019,4,false,34.000,17,12546.19
MCOU,KY,00002143380,TRULICITY ,2019,4,false,310.000,155,117235.80
MCOU,KY,00002143401,TRULICITY ,2019,4,false,38.000,19,12885.18
MCOU,KY,00002143480,TRULICITY ,2019,4,false,4642.000,2318,1767898.47
FFSU,KY,00002143480,TRULICITY ,2019,4,false,52.500,30,19444.28
MCOU,KY,00002143301,TRULICITY ,2019,3,true,,,
MCOU,KY,00002143380,TRULICITY ,2019,3,false,284.000,142,107403.12
FFSU,KY,00002143380,TRULICITY ,2019,3,false,34.000,16,12559.28
MCOU,KY,00002143401,TRULICITY ,2019,3,false,26.000,13,9926.15
MCOU,KY,00002143480,TRULICITY ,2019,3,false,3143.500,1571,1202962.23
FFSU,KY,00002143480,TRULICITY ,2019,3,false,57.000,31,21054.40
MCOU,KY,00002143301,TRULICITY ,2019,2,false,26.000,13,9921.60
FFSU,KY,00002143301,TRULICITY ,2019,2,true,,,
MCOU,KY,00002143380,TRULICITY ,2019,2,false,472.500,239,178445.68
FFSU,KY,00002143380,TRULICITY ,2019,2,false,50.000,25,18481.47
MCOU,KY,00002143401,TRULICITY ,2019,2,false,24.000,12,8594.58
FFSU,KY,00002143480,TRULICITY ,2019,2,false,41.000,24,14704.46
MCOU,KY,00002143480,TRULICITY ,2019,2,false,642.000,325,242334.37
MCOU,KY,00002143301,TRULICITY ,2019,1,true,,,
FFSU,KY,00002143301,TRULICITY ,2019,1,true,,,
MCOU,KY,00002143380,TRULICITY ,2019,1,false,442.000,221,165324.06
FFSU,KY,00002143380,TRULICITY ,2019,1,false,58.000,28,20728.70
MCOU,KY,00002143401,TRULICITY ,2019,1,false,22.000,11,8201.79
FFSU,KY,00002143480,TRULICITY ,2019,1,false,35.000,22,12571.02
MCOU,KY,00002143480,TRULICITY ,2019,1,false,530.000,265,199094.45
MCOU,LA,00002143301,TRULICITY ,2019,4,true,,,
FFSU,LA,00002143380,TRULICITY ,2019,4,false,40.000,18,14800.92
MCOU,LA,00002143380,TRULICITY ,2019,4,false,1149.000,561,427363.42
FFSU,LA,00002143480,TRULICITY ,2019,4,false,100.000,46,36998.17
MCOU,LA,00002143480,TRULICITY ,2019,4,false,2478.000,1201,932691.33
MCOU,LA,00002143301,TRULICITY ,2019,3,true,,,
FFSU,LA,00002143380,TRULICITY ,2019,3,false,48.000,22,17766.12
MCOU,LA,00002143380,TRULICITY ,2019,3,false,1015.000,491,382262.53
FFSU,LA,00002143480,TRULICITY ,2019,3,false,92.000,44,34056.81
MCOU,LA,00002143480,TRULICITY ,2019,3,false,2256.000,1077,848573.99
MCOU,LA,00002143301,TRULICITY ,2019,2,true,,,
FFSU,LA,00002143380,TRULICITY ,2019,2,false,43.000,20,16183.97
MCOU,LA,00002143380,TRULICITY ,2019,2,false,1797.000,855,676040.02
FFSU,LA,00002143401,TRULICITY ,2019,2,true,,,
MCOU,LA,00002143480,TRULICITY ,2019,2,false,3129.500,1490,1170498.18
FFSU,LA,00002143480,TRULICITY ,2019,2,false,76.000,36,28359.92
MCOU,LA,00002143301,TRULICITY ,2019,1,true,,,
MCOU,LA,00002143380,TRULICITY ,2019,1,false,3724.000,1785,1377637.30
FFSU,LA,00002143380,TRULICITY ,2019,1,false,38.000,17,13968.54
FFSU,LA,00002143401,TRULICITY ,2019,1,true,,,
MCOU,LA,00002143401,TRULICITY ,2019,1,true,,,
MCOU,LA,00002143480,TRULICITY ,2019,1,false,5971.000,2826,2184866.21
FFSU,LA,00002143480,TRULICITY ,2019,1,false,78.000,37,28737.82
MCOU,MA,00002143301,TRULICITY ,2019,4,true,,,
FFSU,MA,00002143301,TRULICITY ,2019,4,true,,,
FFSU,MA,00002143380,TRULICITY ,2019,4,false,2870.000,1426,1054756.35
MCOU,MA,00002143380,TRULICITY ,2019,4,false,3592.500,1752,1369945.29
MCOU,MA,00002143401,TRULICITY ,2019,4,true,,,
FFSU,MA,00002143401,TRULICITY ,2019,4,true,,,
MCOU,MA,00002143480,TRULICITY ,2019,4,false,4326.000,2091,1648624.69
FFSU,MA,00002143480,TRULICITY ,2019,4,false,4602.000,2270,1688523.47
FFSU,MA,00002143301,TRULICITY ,2019,3,true,,,
FFSU,MA,00002143380,TRULICITY ,2019,3,false,2620.000,1296,959353.78
MCOU,MA,00002143380,TRULICITY ,2019,3,false,3358.000,1641,1282800.53
FFSU,MA,00002143401,TRULICITY ,2019,3,true,,,
MCOU,MA,00002143480,TRULICITY ,2019,3,false,3664.000,1775,1398800.20
FFSU,MA,00002143480,TRULICITY ,2019,3,false,3860.000,1904,1418708.98
FFSU,MA,00002143301,TRULICITY ,2019,2,true,,,
FFSU,MA,00002143380,TRULICITY ,2019,2,false,3046.000,1513,1113018.97
MCOU,MA,00002143380,TRULICITY ,2019,2,false,2846.000,1398,1087332.19
FFSU,MA,00002143401,TRULICITY ,2019,2,true,,,
MCOU,MA,00002143480,TRULICITY ,2019,2,false,3194.000,1571,1238636.09
FFSU,MA,00002143480,TRULICITY ,2019,2,false,4250.000,2100,1561551.70
FFSU,MA,00002143301,TRULICITY ,2019,1,true,,,
MCOU,MA,00002143380,TRULICITY ,2019,1,false,2520.000,1240,940694.47
FFSU,MA,00002143380,TRULICITY ,2019,1,false,1900.000,938,671639.77
FFSU,MA,00002143480,TRULICITY ,2019,1,false,2780.000,1371,985300.86
MCOU,MA,00002143480,TRULICITY ,2019,1,false,2838.000,1385,1060111.52
MCOU,MD,00002143301,TRULICITY ,2019,4,false,48.000,24,17733.69
FFSU,MD,00002143380,TRULICITY ,2019,4,false,42.000,20,15425.62
MCOU,MD,00002143380,TRULICITY ,2019,4,false,4782.500,2191,1783145.43
MCOU,MD,00002143401,TRULICITY ,2019,4,false,40.000,20,14782.01
MCOU,MD,00002143480,TRULICITY ,2019,4,false,5874.000,2634,2194761.11
FFSU,MD,00002143480,TRULICITY ,2019,4,false,50.000,21,18464.67
MCOU,MD,00002143301,TRULICITY ,2019,3,false,24.000,12,8900.12
MCOU,MD,00002143380,TRULICITY ,2019,3,false,3914.500,1827,1463349.15
FFSU,MD,00002143380,TRULICITY ,2019,3,false,22.000,11,8147.60
MCOU,MD,00002143401,TRULICITY ,2019,3,false,36.000,17,13305.33
FFSU,MD,00002143401,TRULICITY ,2019,3,true,,,
MCOU,MD,00002143480,TRULICITY ,2019,3,false,4830.500,2188,1800782.83
FFSU,MD,00002143480,TRULICITY ,2019,3,false,46.000,19,16976.19
MCOU,MD,00002143301,TRULICITY ,2019,2,false,22.000,11,8137.84
FFSU,MD,00002143380,TRULICITY ,2019,2,false,27.000,14,10004.34
MCOU,MD,00002143380,TRULICITY ,2019,2,false,3575.500,1697,1343658.70
MCOU,MD,00002143401,TRULICITY ,2019,2,false,34.000,14,12770.91
MCOU,MD,00002143480,TRULICITY ,2019,2,false,4282.500,1991,1612976.20
FFSU,MD,00002143480,TRULICITY ,2019,2,false,42.000,23,15548.08
MCOU,MD,00002143301,TRULICITY ,2019,1,false,36.500,17,13264.61
MCOU,MD,00002143380,TRULICITY ,2019,1,false,2770.000,1345,1026114.80
FFSU,MD,00002143380,TRULICITY ,2019,1,false,22.000,11,7922.96
MCOU,MD,00002143401,TRULICITY ,2019,1,false,24.000,11,8673.07
FFSU,MD,00002143401,TRULICITY ,2019,1,true,,,
MCOU,MD,00002143480,TRULICITY ,2019,1,false,3456.500,1646,1267640.89
FFSU,MD,00002143480,TRULICITY ,2019,1,false,33.500,20,12057.50
FFSU,ME,00002143380,TRULICITY ,2019,4,false,174.000,89,64273.78
FFSU,ME,00002143480,TRULICITY ,2019,4,false,424.000,208,156714.85
FFSU,ME,00002143380,TRULICITY ,2019,3,false,145.000,74,53640.68
FFSU,ME,00002143480,TRULICITY ,2019,3,false,381.500,186,140780.45
FFSU,ME,00002143380,TRULICITY ,2019,2,false,158.000,79,58426.00
FFSU,ME,00002143480,TRULICITY ,2019,2,false,362.000,183,133517.82
FFSU,ME,00002143380,TRULICITY ,2019,1,false,154.000,77,55293.13
FFSU,ME,00002143480,TRULICITY ,2019,1,false,280.000,141,100202.66
MCOU,MI,00002143380,TRULICITY ,2019,4,false,295.000,146,108992.08
FFSU,MI,00002143380,TRULICITY ,2019,4,false,102.500,46,21351.75
MCOU,MI,00002143401,TRULICITY ,2019,4,true,,,
MCOU,MI,00002143480,TRULICITY ,2019,4,false,746.000,373,274935.93
FFSU,MI,00002143480,TRULICITY ,2019,4,false,196.000,83,42916.98
MCOU,MI,00002143380,TRULICITY ,2019,3,false,346.000,169,127907.39
FFSU,MI,00002143380,TRULICITY ,2019,3,false,116.500,54,25032.72
MCOU,MI,00002143401,TRULICITY ,2019,3,true,,,
FFSU,MI,00002143480,TRULICITY ,2019,3,false,238.000,101,54428.67
MCOU,MI,00002143480,TRULICITY ,2019,3,false,874.000,435,322744.71
MCOU,MI,00002143301,TRULICITY ,2019,2,true,,,
FFSU,MI,00002143380,TRULICITY ,2019,2,false,136.000,58,34507.55
MCOU,MI,00002143380,TRULICITY ,2019,2,false,384.000,190,140244.33
MCOU,MI,00002143401,TRULICITY ,2019,2,true,,,
FFSU,MI,00002143480,TRULICITY ,2019,2,false,258.000,117,68450.69
MCOU,MI,00002143480,TRULICITY ,2019,2,false,938.000,467,345416.31
MCOU,MI,00002143301,TRULICITY ,2019,1,true,,,
FFSU,MI,00002143380,TRULICITY ,2019,1,false,117.000,54,25485.24
MCOU,MI,00002143380,TRULICITY ,2019,1,false,418.000,209,152165.91
MCOU,MI,00002143480,TRULICITY ,2019,1,false,1002.000,501,364142.95
FFSU,MI,00002143480,TRULICITY ,2019,1,false,216.000,103,56308.09
MCOU,MN,00002143380,TRULICITY ,2019,4,false,538.000,265,204697.18
FFSU,MN,00002143380,TRULICITY ,2019,4,false,36.000,18,13567.14
FFSU,MN,00002143480,TRULICITY ,2019,4,false,122.000,61,45958.01
MCOU,MN,00002143480,TRULICITY ,2019,4,false,1234.000,613,467468.90
FFSU,MN,00002143380,TRULICITY ,2019,3,false,26.000,13,9786.98
MCOU,MN,00002143380,TRULICITY ,2019,3,false,608.000,299,232205.83
FFSU,MN,00002143480,TRULICITY ,2019,3,false,96.000,48,36107.73
MCOU,MN,00002143480,TRULICITY ,2019,3,false,1124.500,560,429369.36
FFSU,MN,00002143380,TRULICITY ,2019,2,false,34.000,17,12432.24
MCOU,MN,00002143380,TRULICITY ,2019,2,false,1658.000,828,635517.62
FFSU,MN,00002143480,TRULICITY ,2019,2,false,148.000,74,54235.28
MCOU,MN,00002143480,TRULICITY ,2019,2,false,2316.000,1155,890670.29
MCOU,MN,00002143380,TRULICITY ,2019,1,false,1566.000,784,587107.92
FFSU,MN,00002143380,TRULICITY ,2019,1,false,50.000,25,17893.00
MCOU,MN,00002143480,TRULICITY ,2019,1,false,1895.000,946,712840.90
FFSU,MN,00002143480,TRULICITY ,2019,1,false,108.000,54,38648.88
FFSU,MO,00002143380,TRULICITY ,2019,4,false,250.000,125,92334.36
FFSU,MO,00002143480,TRULICITY ,2019,4,false,472.000,234,175625.86
FFSU,MO,00002143380,TRULICITY ,2019,3,false,274.000,137,101261.63
FFSU,MO,00002143480,TRULICITY ,2019,3,false,634.000,317,233457.14
FFSU,MO,00002143380,TRULICITY ,2019,2,false,234.000,116,83658.79
FFSU,MO,00002143480,TRULICITY ,2019,2,false,556.000,278,204634.95
FFSU,MO,00002143380,TRULICITY ,2019,1,false,188.000,91,65271.59
FFSU,MO,00002143480,TRULICITY ,2019,1,false,491.000,246,176461.39
FFSU,MS,00002143380,TRULICITY ,2019,4,true,,,
MCOU,MS,00002143380,TRULICITY ,2019,4,false,102.000,51,37807.14
FFSU,MS,00002143480,TRULICITY ,2019,4,false,22.000,11,8151.46
MCOU,MS,00002143480,TRULICITY ,2019,4,false,166.000,83,61506.23
MCOU,MS,00002143380,TRULICITY ,2019,3,false,76.000,38,28161.91
FFSU,MS,00002143380,TRULICITY ,2019,3,true,,,
FFSU,MS,00002143480,TRULICITY ,2019,3,true,,,
MCOU,MS,00002143480,TRULICITY ,2019,3,false,156.000,77,57793.72
MCOU,MS,00002143380,TRULICITY ,2019,2,false,70.000,35,25915.13
FFSU,MS,00002143480,TRULICITY ,2019,2,true,,,
MCOU,MS,00002143480,TRULICITY ,2019,2,false,112.000,56,41501.04
FFSU,MS,00002143380,TRULICITY ,2019,1,true,,,
MCOU,MS,00002143380,TRULICITY ,2019,1,false,42.000,21,15333.47
FFSU,MS,00002143480,TRULICITY ,2019,1,true,,,
MCOU,MS,00002143480,TRULICITY ,2019,1,false,84.000,42,30339.82
FFSU,MT,00002143380,TRULICITY ,2019,4,false,168.000,82,61480.80
FFSU,MT,00002143480,TRULICITY ,2019,4,false,302.000,151,110553.12
FFSU,MT,00002143380,TRULICITY ,2019,3,false,164.500,82,60462.12
FFSU,MT,00002143480,TRULICITY ,2019,3,false,282.000,141,103730.64
FFSU,MT,00002143380,TRULICITY ,2019,2,false,112.000,56,41333.50
FFSU,MT,00002143480,TRULICITY ,2019,2,false,278.000,139,101972.84
FFSU,MT,00002143380,TRULICITY ,2019,1,false,128.000,64,45793.12
FFSU,MT,00002143480,TRULICITY ,2019,1,false,254.000,126,90363.45
FFSU,XX,00002143301,TRULICITY ,2019,4,false,86.000,35,32133.34
MCOU,XX,00002143301,TRULICITY ,2019,4,false,721.500,348,260489.61
FFSU,XX,00002143380,TRULICITY ,2019,4,false,22178.500,10490,8238137.50
MCOU,XX,00002143380,TRULICITY ,2019,4,false,87443.500,42042,32460595.37
FFSU,XX,00002143401,TRULICITY ,2019,4,false,92.000,44,35083.33
MCOU,XX,00002143401,TRULICITY ,2019,4,false,612.500,293,216618.25
FFSU,XX,00002143480,TRULICITY ,2019,4,false,31716.500,14650,11755693.97
MCOU,XX,00002143480,TRULICITY ,2019,4,false,127167.500,60522,47187527.57
FFSU,XX,00002143301,TRULICITY ,2019,3,false,84.500,33,32130.89
MCOU,XX,00002143301,TRULICITY ,2019,3,false,549.500,268,202243.54
FFSU,XX,00002143380,TRULICITY ,2019,3,false,19876.000,9426,7378411.35
MCOU,XX,00002143380,TRULICITY ,2019,3,false,82138.000,39626,30594532.72
FFSU,XX,00002143401,TRULICITY ,2019,3,false,92.000,38,35285.36
MCOU,XX,00002143401,TRULICITY ,2019,3,false,493.000,246,181459.53
FFSU,XX,00002143480,TRULICITY ,2019,3,false,28163.000,12989,10439271.58
MCOU,XX,00002143480,TRULICITY ,2019,3,false,117806.500,56302,43815610.92
FFSU,XX,00002143301,TRULICITY ,2019,2,false,70.000,27,26967.68
MCOU,XX,00002143301,TRULICITY ,2019,2,false,512.500,258,186088.39
FFSU,XX,00002143380,TRULICITY ,2019,2,false,18472.500,8747,6856951.52
MCOU,XX,00002143380,TRULICITY ,2019,2,false,76297.000,37084,28449038.70
FFSU,XX,00002143401,TRULICITY ,2019,2,false,79.500,38,30358.05
MCOU,XX,00002143401,TRULICITY ,2019,2,false,498.000,248,184530.14
FFSU,XX,00002143480,TRULICITY ,2019,2,false,25651.000,11927,9516441.44
MCOU,XX,00002143480,TRULICITY ,2019,2,false,105236.000,50677,39161554.30
FFSU,XX,00002143301,TRULICITY ,2019,1,false,41.000,21,15695.88
MCOU,XX,00002143301,TRULICITY ,2019,1,false,449.000,225,161164.38
FFSU,XX,00002143380,TRULICITY ,2019,1,false,14006.500,6663,5060866.48
MCOU,XX,00002143380,TRULICITY ,2019,1,false,69629.500,34096,25445269.00
FFSU,XX,00002143401,TRULICITY ,2019,1,false,72.500,31,26868.36
MCOU,XX,00002143401,TRULICITY ,2019,1,false,415.000,212,151696.15
FFSU,XX,00002143480,TRULICITY ,2019,1,false,20179.500,9409,7279758.71
MCOU,XX,00002143480,TRULICITY ,2019,1,false,94023.000,45631,34215409.66
FFSU,NC,00002143301,TRULICITY ,2019,4,true,,,
FFSU,NC,00002143380,TRULICITY ,2019,4,false,1077.000,545,391737.00
FFSU,NC,00002143401,TRULICITY ,2019,4,true,,,
FFSU,NC,00002143480,TRULICITY ,2019,4,false,1703.500,859,620828.34
FFSU,NC,00002143301,TRULICITY ,2019,3,true,,,
FFSU,NC,00002143380,TRULICITY ,2019,3,false,1018.000,512,372067.50
FFSU,NC,00002143401,TRULICITY ,2019,3,true,,,
FFSU,NC,00002143480,TRULICITY ,2019,3,false,1636.000,823,595288.23
FFSU,NC,00002143380,TRULICITY ,2019,2,false,760.000,381,276454.29
FFSU,NC,00002143401,TRULICITY ,2019,2,true,,,
FFSU,NC,00002143480,TRULICITY ,2019,2,false,1331.000,665,483337.24
FFSU,NC,00002143301,TRULICITY ,2019,1,true,,,
FFSU,NC,00002143380,TRULICITY ,2019,1,false,857.000,429,304371.51
FFSU,NC,00002143480,TRULICITY ,2019,1,false,1485.500,746,524054.20
MCOU,ND,00002143480,TRULICITY ,2019,4,true,,,
FFSU,ND,00002143480,TRULICITY ,2019,3,true,,,
MCOU,ND,00002143480,TRULICITY ,2019,3,true,,,
MCOU,ND,00002143480,TRULICITY ,2019,2,true,,,
FFSU,ND,00002143480,TRULICITY ,2019,2,true,,,
MCOU,ND,00002143480,TRULICITY ,2019,1,true,,,
MCOU,NE,00002143301,TRULICITY ,2019,4,true,,,
MCOU,NE,00002143380,TRULICITY ,2019,4,false,128.000,64,46372.46
MCOU,NE,00002143480,TRULICITY ,2019,4,false,148.000,70,56084.00
MCOU,NE,00002143380,TRULICITY ,2019,3,false,102.000,51,38428.81
MCOU,NE,00002143480,TRULICITY ,2019,3,false,128.500,58,48221.28
FFSU,NE,00002143380,TRULICITY ,2019,2,true,,,
MCOU,NE,00002143380,TRULICITY ,2019,2,false,70.000,35,26372.43
MCOU,NE,00002143480,TRULICITY ,2019,2,false,124.000,60,46501.46
FFSU,NE,00002143380,TRULICITY ,2019,1,true,,,
MCOU,NE,00002143380,TRULICITY ,2019,1,false,104.000,52,38625.18
MCOU,NE,00002143480,TRULICITY ,2019,1,false,110.000,55,41213.75
MCOU,NH,00002143380,TRULICITY ,2019,4,false,246.500,127,90783.07
MCOU,NH,00002143480,TRULICITY ,2019,4,false,384.000,191,133575.86
MCOU,NH,00002143380,TRULICITY ,2019,3,false,304.500,152,110117.62
MCOU,NH,00002143480,TRULICITY ,2019,3,false,364.500,186,130643.97
MCOU,NH,00002143380,TRULICITY ,2019,2,false,298.500,153,110768.28
MCOU,NH,00002143401,TRULICITY ,2019,2,true,,,
MCOU,NH,00002143480,TRULICITY ,2019,2,false,325.500,161,114947.43
FFSU,NH,00002143380,TRULICITY ,2019,1,true,,,
MCOU,NH,00002143380,TRULICITY ,2019,1,false,281.500,146,103534.70
MCOU,NH,00002143480,TRULICITY ,2019,1,false,302.000,151,109695.50
MCOU,NJ,00002143301,TRULICITY ,2019,4,true,,,
FFSU,NJ,00002143380,TRULICITY ,2019,4,false,24.000,11,8881.43
MCOU,NJ,00002143380,TRULICITY ,2019,4,false,2917.000,1261,1000706.77
MCOU,NJ,00002143401,TRULICITY ,2019,4,false,26.000,13,9579.92
FFSU,NJ,00002143480,TRULICITY ,2019,4,false,50.500,30,18754.87
MCOU,NJ,00002143480,TRULICITY ,2019,4,false,4473.500,1880,1540168.87
MCOU,NJ,00002143301,TRULICITY ,2019,3,false,34.000,11,12592.79
MCOU,NJ,00002143380,TRULICITY ,2019,3,false,2869.500,1248,971666.39
FFSU,NJ,00002143380,TRULICITY ,2019,3,false,31.000,16,11491.40
MCOU,NJ,00002143401,TRULICITY ,2019,3,true,,,
MCOU,NJ,00002143480,TRULICITY ,2019,3,false,4529.500,1914,1566363.31
FFSU,NJ,00002143480,TRULICITY ,2019,3,false,63.000,38,23403.42
MCOU,NJ,00002143301,TRULICITY ,2019,2,true,,,
FFSU,NJ,00002143380,TRULICITY ,2019,2,false,52.000,22,19223.10
MCOU,NJ,00002143380,TRULICITY ,2019,2,false,2617.000,1163,893790.90
MCOU,NJ,00002143401,TRULICITY ,2019,2,false,27.000,12,9815.68
FFSU,NJ,00002143480,TRULICITY ,2019,2,false,56.500,36,20981.70
MCOU,NJ,00002143480,TRULICITY ,2019,2,false,4250.000,1814,1483573.19
MCOU,NJ,00002143301,TRULICITY ,2019,1,true,,,
MCOU,NJ,00002143380,TRULICITY ,2019,1,false,2236.000,1012,789406.39
FFSU,NJ,00002143380,TRULICITY ,2019,1,false,46.500,21,16782.85
MCOU,NJ,00002143401,TRULICITY ,2019,1,true,,,
FFSU,NJ,00002143480,TRULICITY ,2019,1,false,62.000,50,22424.85
MCOU,NJ,00002143480,TRULICITY ,2019,1,false,3470.000,1510,1226160.29
MCOU,NM,00002143301,TRULICITY ,2019,4,true,,,
MCOU,NM,00002143380,TRULICITY ,2019,4,false,2643.000,1227,990876.48
FFSU,NM,00002143380,TRULICITY ,2019,4,false,254.000,110,98941.12
MCOU,NM,00002143480,TRULICITY ,2019,4,false,3167.000,1455,1186393.67
FFSU,NM,00002143480,TRULICITY ,2019,4,false,161.500,69,63845.19
FFSU,NM,00002143380,TRULICITY ,2019,3,false,197.000,93,80246.50
MCOU,NM,00002143380,TRULICITY ,2019,3,false,2661.500,1249,1005884.30
MCOU,NM,00002143480,TRULICITY ,2019,3,false,3161.000,1466,1188126.81
FFSU,NM,00002143480,TRULICITY ,2019,3,false,106.000,49,43116.24
MCOU,NM,00002143380,TRULICITY ,2019,2,false,2007.500,952,759906.53
FFSU,NM,00002143380,TRULICITY ,2019,2,false,116.000,52,46456.92
MCOU,NM,00002143480,TRULICITY ,2019,2,false,2457.000,1173,925713.07
FFSU,NM,00002143480,TRULICITY ,2019,2,false,80.000,33,32538.34
FFSU,NM,00002143380,TRULICITY ,2019,1,false,66.000,29,26274.35
MCOU,NM,00002143380,TRULICITY ,2019,1,false,1548.500,771,574700.57
FFSU,NM,00002143480,TRULICITY ,2019,1,false,50.000,22,19932.80
MCOU,NM,00002143480,TRULICITY ,2019,1,false,1862.000,920,686348.01
FFSU,NV,00002143301,TRULICITY ,2019,4,true,,,
MCOU,NV,00002143301,TRULICITY ,2019,4,false,34.000,17,12989.78
FFSU,NV,00002143380,TRULICITY ,2019,4,false,686.000,168,250465.78
MCOU,NV,00002143380,TRULICITY ,2019,4,false,1154.000,577,439749.16
MCOU,NV,00002143401,TRULICITY ,2019,4,true,,,
FFSU,NV,00002143401,TRULICITY ,2019,4,true,,,
FFSU,NV,00002143480,TRULICITY ,2019,4,false,1256.000,297,456989.85
MCOU,NV,00002143480,TRULICITY ,2019,4,false,132.000,62,49622.04
FFSU,NV,00002143301,TRULICITY ,2019,3,true,,,
MCOU,NV,00002143301,TRULICITY ,2019,3,false,24.000,12,9161.98
MCOU,NV,00002143380,TRULICITY ,2019,3,false,1449.000,720,555753.04
FFSU,NV,00002143380,TRULICITY ,2019,3,false,722.000,192,259031.39
FFSU,NV,00002143401,TRULICITY ,2019,3,true,,,
MCOU,NV,00002143401,TRULICITY ,2019,3,true,,,
FFSU,NV,00002143480,TRULICITY ,2019,3,false,1112.000,260,401004.15
MCOU,NV,00002143480,TRULICITY ,2019,3,false,2096.000,1044,800598.47
MCOU,NV,00002143301,TRULICITY ,2019,2,true,,,
FFSU,NV,00002143301,TRULICITY ,2019,2,true,,,
FFSU,NV,00002143380,TRULICITY ,2019,2,false,706.500,196,261403.08
MCOU,NV,00002143380,TRULICITY ,2019,2,false,1405.000,697,539085.77
MCOU,NV,00002143401,TRULICITY ,2019,2,true,,,
FFSU,NV,00002143401,TRULICITY ,2019,2,true,,,
FFSU,NV,00002143480,TRULICITY ,2019,2,false,1022.000,239,371325.70
MCOU,NV,00002143480,TRULICITY ,2019,2,false,1801.000,899,684877.86
MCOU,NV,00002143301,TRULICITY ,2019,1,true,,,
MCOU,NV,00002143380,TRULICITY ,2019,1,false,1374.000,680,519586.63
FFSU,NV,00002143380,TRULICITY ,2019,1,false,506.500,128,180643.38
MCOU,NV,00002143401,TRULICITY ,2019,1,true,,,
FFSU,NV,00002143401,TRULICITY ,2019,1,true,,,
MCOU,NV,00002143480,TRULICITY ,2019,1,false,1890.500,933,712728.47
FFSU,NV,00002143480,TRULICITY ,2019,1,false,760.000,180,267491.24
MCOU,NY,00002143301,TRULICITY ,2019,4,false,422.500,206,155324.46
FFSU,NY,00002143301,TRULICITY ,2019,4,true,,,
FFSU,NY,00002143380,TRULICITY ,2019,4,false,1068.000,505,394005.01
MCOU,NY,00002143380,TRULICITY ,2019,4,false,19607.000,9534,7209775.64
MCOU,NY,00002143401,TRULICITY ,2019,4,false,274.000,137,100859.15
FFSU,NY,00002143401,TRULICITY ,2019,4,true,,,
MCOU,NY,00002143480,TRULICITY ,2019,4,false,28598.500,13765,10504991.93
FFSU,NY,00002143480,TRULICITY ,2019,4,false,1464.000,686,540238.64
FFSU,NY,00002143301,TRULICITY ,2019,3,true,,,
MCOU,NY,00002143301,TRULICITY ,2019,3,false,311.000,154,114573.27
MCOU,NY,00002143380,TRULICITY ,2019,3,false,18621.000,9045,6868154.50
FFSU,NY,00002143380,TRULICITY ,2019,3,false,1079.500,516,398010.12
MCOU,NY,00002143401,TRULICITY ,2019,3,false,228.000,114,83783.26
MCOU,NY,00002143480,TRULICITY ,2019,3,false,26710.500,12840,9836698.42
FFSU,NY,00002143480,TRULICITY ,2019,3,false,1399.000,673,519957.95
MCOU,NY,00002143301,TRULICITY ,2019,2,false,280.000,143,103551.48
FFSU,NY,00002143301,TRULICITY ,2019,2,true,,,
FFSU,NY,00002143380,TRULICITY ,2019,2,false,888.500,440,328229.39
MCOU,NY,00002143380,TRULICITY ,2019,2,false,16961.500,8265,6258350.93
MCOU,NY,00002143401,TRULICITY ,2019,2,false,242.500,123,89140.62
FFSU,NY,00002143401,TRULICITY ,2019,2,true,,,
MCOU,NY,00002143480,TRULICITY ,2019,2,false,23928.500,11483,8818959.06
FFSU,NY,00002143480,TRULICITY ,2019,2,false,1176.000,564,432640.53
MCOU,NY,00002143301,TRULICITY ,2019,1,false,242.000,121,87287.99
FFSU,NY,00002143301,TRULICITY ,2019,1,true,,,
MCOU,NY,00002143380,TRULICITY ,2019,1,false,15403.500,7509,5561545.65
FFSU,NY,00002143380,TRULICITY ,2019,1,false,676.000,347,241856.67
MCOU,NY,00002143401,TRULICITY ,2019,1,false,191.500,104,69186.52
FFSU,NY,00002143401,TRULICITY ,2019,1,false,24.000,12,8678.88
MCOU,NY,00002143480,TRULICITY ,2019,1,false,20517.500,9934,7410115.60
FFSU,NY,00002143480,TRULICITY ,2019,1,false,884.000,420,316646.32
MCOU,OH,00002143301,TRULICITY ,2019,4,true,,,
MCOU,OH,00002143380,TRULICITY ,2019,4,false,11856.500,5779,4469427.11
FFSU,OH,00002143380,TRULICITY ,2019,4,false,126.000,68,43647.65
MCOU,OH,00002143401,TRULICITY ,2019,4,false,35.000,18,13144.94
FFSU,OH,00002143480,TRULICITY ,2019,4,false,164.000,82,60349.20
MCOU,OH,00002143480,TRULICITY ,2019,4,false,16044.500,7765,6041537.28
MCOU,OH,00002143301,TRULICITY ,2019,3,true,,,
FFSU,OH,00002143380,TRULICITY ,2019,3,false,94.000,47,31928.30
MCOU,OH,00002143380,TRULICITY ,2019,3,false,11555.500,5657,4357774.62
MCOU,OH,00002143401,TRULICITY ,2019,3,false,40.000,20,15024.06
FFSU,OH,00002143480,TRULICITY ,2019,3,false,144.000,72,52997.59
MCOU,OH,00002143480,TRULICITY ,2019,3,false,15832.000,7657,5959574.78
MCOU,OH,00002143301,TRULICITY ,2019,2,false,23.500,16,8814.42
FFSU,OH,00002143380,TRULICITY ,2019,2,false,115.000,60,40365.82
MCOU,OH,00002143380,TRULICITY ,2019,2,false,11359.500,5634,4282831.29
MCOU,OH,00002143401,TRULICITY ,2019,2,true,,,
MCOU,OH,00002143480,TRULICITY ,2019,2,false,14365.000,7099,5405307.01
FFSU,OH,00002143480,TRULICITY ,2019,2,false,154.000,73,55264.86
MCOU,OH,00002143301,TRULICITY ,2019,1,true,,,
FFSU,OH,00002143380,TRULICITY ,2019,1,false,100.000,48,34195.45
MCOU,OH,00002143380,TRULICITY ,2019,1,false,10215.500,5113,3773920.65
MCOU,OH,00002143401,TRULICITY ,2019,1,true,,,
FFSU,OH,00002143480,TRULICITY ,2019,1,false,154.000,71,52450.21
MCOU,OH,00002143480,TRULICITY ,2019,1,false,12415.500,6227,4571344.73
FFSU,OK,00002143380,TRULICITY ,2019,4,false,294.000,147,106424.58
FFSU,OK,00002143480,TRULICITY ,2019,4,false,600.000,309,219398.38
FFSU,OK,00002143380,TRULICITY ,2019,3,false,287.500,146,103257.47
FFSU,OK,00002143480,TRULICITY ,2019,3,false,516.000,258,188089.62
FFSU,OK,00002143380,TRULICITY ,2019,2,false,244.000,122,89335.28
FFSU,OK,00002143480,TRULICITY ,2019,2,false,464.000,232,167333.42
FFSU,OK,00002143380,TRULICITY ,2019,1,false,206.000,103,72678.59
FFSU,OK,00002143480,TRULICITY ,2019,1,false,376.000,188,130854.22
MCOU,OR,00002143301,TRULICITY ,2019,4,true,,,
FFSU,OR,00002143380,TRULICITY ,2019,4,false,48.000,25,18169.93
MCOU,OR,00002143380,TRULICITY ,2019,4,false,1352.000,675,504352.83
MCOU,OR,00002143480,TRULICITY ,2019,4,false,2362.000,1176,881058.44
FFSU,OR,00002143480,TRULICITY ,2019,4,false,80.000,40,29482.22
MCOU,OR,00002143301,TRULICITY ,2019,3,true,,,
FFSU,OR,00002143380,TRULICITY ,2019,3,false,52.000,26,19121.96
MCOU,OR,00002143380,TRULICITY ,2019,3,false,1240.000,618,462511.70
MCOU,OR,00002143401,TRULICITY ,2019,3,true,,,
FFSU,OR,00002143480,TRULICITY ,2019,3,false,86.000,43,31661.56
MCOU,OR,00002143480,TRULICITY ,2019,3,false,2054.500,1025,763558.34
MCOU,OR,00002143301,TRULICITY ,2019,2,true,,,
MCOU,OR,00002143380,TRULICITY ,2019,2,false,981.000,490,364085.67
FFSU,OR,00002143380,TRULICITY ,2019,2,false,52.000,26,19145.60
FFSU,OR,00002143480,TRULICITY ,2019,2,false,68.000,34,25020.60
MCOU,OR,00002143480,TRULICITY ,2019,2,false,1744.000,869,649419.23
MCOU,OR,00002143301,TRULICITY ,2019,1,true,,,
FFSU,OR,00002143380,TRULICITY ,2019,1,false,40.000,20,14456.92
MCOU,OR,00002143380,TRULICITY ,2019,1,false,827.000,410,300929.34
FFSU,OR,00002143480,TRULICITY ,2019,1,false,58.000,29,20882.16
MCOU,OR,00002143480,TRULICITY ,2019,1,false,1256.000,625,458291.34
MCOU,PA,00002143301,TRULICITY ,2019,4,false,58.000,29,21734.31
MCOU,PA,00002143380,TRULICITY ,2019,4,false,13591.000,6615,5087958.63
FFSU,PA,00002143380,TRULICITY ,2019,4,false,104.000,46,38026.72
MCOU,PA,00002143401,TRULICITY ,2019,4,false,40.000,20,15014.87
MCOU,PA,00002143480,TRULICITY ,2019,4,false,19569.500,9450,7332867.93
FFSU,PA,00002143480,TRULICITY ,2019,4,false,142.500,57,52438.53
MCOU,PA,00002143301,TRULICITY ,2019,3,false,44.000,22,16470.44
FFSU,PA,00002143380,TRULICITY ,2019,3,false,123.500,55,45187.79
MCOU,PA,00002143380,TRULICITY ,2019,3,false,13327.000,6494,4988061.54
MCOU,PA,00002143401,TRULICITY ,2019,3,false,38.000,19,14261.25
FFSU,PA,00002143480,TRULICITY ,2019,3,false,116.000,53,42028.87
MCOU,PA,00002143480,TRULICITY ,2019,3,false,18416.500,8911,6902595.92
MCOU,PA,00002143301,TRULICITY ,2019,2,false,35.000,18,13186.39
FFSU,PA,00002143380,TRULICITY ,2019,2,false,82.000,37,29303.59
MCOU,PA,00002143380,TRULICITY ,2019,2,false,12990.000,6324,4870640.46
MCOU,PA,00002143401,TRULICITY ,2019,2,false,54.000,27,20300.64
FFSU,PA,00002143480,TRULICITY ,2019,2,false,112.000,44,40769.00
MCOU,PA,00002143480,TRULICITY ,2019,2,false,17038.500,8261,6392341.91
MCOU,PA,00002143301,TRULICITY ,2019,1,false,26.500,17,9771.20
MCOU,PA,00002143380,TRULICITY ,2019,1,false,11822.500,5789,4402529.19
FFSU,PA,00002143380,TRULICITY ,2019,1,false,75.000,34,26333.55
MCOU,PA,00002143401,TRULICITY ,2019,1,false,57.500,31,21583.98
MCOU,PA,00002143480,TRULICITY ,2019,1,false,14872.000,7274,5511348.49
FFSU,PA,00002143480,TRULICITY ,2019,1,false,94.500,45,33172.83
FFSU,RI,00002143380,TRULICITY ,2019,4,true,,,
MCOU,RI,00002143380,TRULICITY ,2019,4,false,1053.000,504,394553.48
FFSU,RI,00002143480,TRULICITY ,2019,4,true,,,
MCOU,RI,00002143480,TRULICITY ,2019,4,false,1248.000,598,468036.73
FFSU,RI,00002143380,TRULICITY ,2019,3,true,,,
MCOU,RI,00002143380,TRULICITY ,2019,3,false,1096.000,520,401613.28
FFSU,RI,00002143480,TRULICITY ,2019,3,true,,,
MCOU,RI,00002143480,TRULICITY ,2019,3,false,1118.000,541,409942.10
FFSU,RI,00002143380,TRULICITY ,2019,2,true,,,
MCOU,RI,00002143380,TRULICITY ,2019,2,false,954.000,456,348357.07
FFSU,RI,00002143480,TRULICITY ,2019,2,true,,,
MCOU,RI,00002143480,TRULICITY ,2019,2,false,946.000,459,345678.64
FFSU,RI,00002143380,TRULICITY ,2019,1,true,,,
MCOU,RI,00002143380,TRULICITY ,2019,1,false,755.000,370,274354.81
FFSU,RI,00002143480,TRULICITY ,2019,1,true,,,
MCOU,RI,00002143480,TRULICITY ,2019,1,false,762.500,371,273667.41
MCOU,SC,00002143380,TRULICITY ,2019,4,false,877.000,432,308963.22
FFSU,SC,00002143380,TRULICITY ,2019,4,false,47.500,37,18252.15
FFSU,SC,00002143480,TRULICITY ,2019,4,false,112.500,71,41735.29
MCOU,SC,00002143480,TRULICITY ,2019,4,false,1392.000,689,498921.28
MCOU,SC,00002143301,TRULICITY ,2019,3,true,,,
MCOU,SC,00002143380,TRULICITY ,2019,3,false,628.000,312,226125.12
FFSU,SC,00002143380,TRULICITY ,2019,3,false,17.000,15,6536.58
MCOU,SC,00002143480,TRULICITY ,2019,3,false,1184.000,585,424918.86
FFSU,SC,00002143480,TRULICITY ,2019,3,false,88.500,75,33974.49
MCOU,SC,00002143301,TRULICITY ,2019,2,true,,,
FFSU,SC,00002143380,TRULICITY ,2019,2,false,13.000,14,4990.62
MCOU,SC,00002143380,TRULICITY ,2019,2,false,630.000,313,226751.92
FFSU,SC,00002143480,TRULICITY ,2019,2,false,78.500,67,30144.09
MCOU,SC,00002143480,TRULICITY ,2019,2,false,1383.000,687,497682.71
MCOU,SC,00002143301,TRULICITY ,2019,1,true,,,
FFSU,SC,00002143380,TRULICITY ,2019,1,false,24.500,19,9130.45
MCOU,SC,00002143380,TRULICITY ,2019,1,false,624.000,311,225945.69
MCOU,SC,00002143401,TRULICITY ,2019,1,true,,,
MCOU,SC,00002143480,TRULICITY ,2019,1,false,1277.000,632,448223.42
FFSU,SC,00002143480,TRULICITY ,2019,1,false,91.500,75,34223.71
FFSU,SD,00002143380,TRULICITY ,2019,4,false,104.000,52,38508.88
FFSU,SD,00002143480,TRULICITY ,2019,4,false,170.000,84,62912.57
FFSU,SD,00002143380,TRULICITY ,2019,3,false,128.000,64,47399.04
FFSU,SD,00002143480,TRULICITY ,2019,3,false,160.000,80,59223.20
FFSU,SD,00002143380,TRULICITY ,2019,2,false,139.000,69,51467.14
FFSU,SD,00002143480,TRULICITY ,2019,2,false,128.000,64,47378.56
FFSU,SD,00002143380,TRULICITY ,2019,1,false,118.000,61,42635.90
FFSU,SD,00002143480,TRULICITY ,2019,1,false,86.000,41,30997.75
FFSU,TN,00002143380,TRULICITY ,2019,4,false,380.000,190,140384.56
FFSU,TN,00002143401,TRULICITY ,2019,4,false,24.000,12,8922.48
FFSU,TN,00002143480,TRULICITY ,2019,4,false,706.000,351,260029.68
FFSU,TN,00002143380,TRULICITY ,2019,3,false,376.000,183,138881.01
FFSU,TN,00002143401,TRULICITY ,2019,3,true,,,
FFSU,TN,00002143480,TRULICITY ,2019,3,false,675.000,329,246478.10
FFSU,TN,00002143380,TRULICITY ,2019,2,false,318.000,158,117496.71
FFSU,TN,00002143401,TRULICITY ,2019,2,false,26.000,13,9671.74
FFSU,TN,00002143480,TRULICITY ,2019,2,false,594.000,292,217347.10
FFSU,TN,00002143380,TRULICITY ,2019,1,false,208.000,104,74622.53
FFSU,TN,00002143401,TRULICITY ,2019,1,true,,,
FFSU,TN,00002143480,TRULICITY ,2019,1,false,552.000,270,194530.49
MCOU,TX,00002143301,TRULICITY ,2019,4,true,,,
MCOU,TX,00002143380,TRULICITY ,2019,4,false,1620.500,812,606087.41
FFSU,TX,00002143380,TRULICITY ,2019,4,true,,,
FFSU,TX,00002143480,TRULICITY ,2019,4,true,,,
MCOU,TX,00002143480,TRULICITY ,2019,4,false,2703.500,1331,1011884.83
MCOU,TX,00002143380,TRULICITY ,2019,3,false,1567.000,789,585716.40
FFSU,TX,00002143380,TRULICITY ,2019,3,false,24.000,12,9034.56
FFSU,TX,00002143480,TRULICITY ,2019,3,false,34.000,17,12792.27
MCOU,TX,00002143480,TRULICITY ,2019,3,false,2684.000,1310,1003220.78
MCOU,TX,00002143380,TRULICITY ,2019,2,false,1362.500,679,509306.34
FFSU,TX,00002143380,TRULICITY ,2019,2,false,22.000,11,8280.73
MCOU,TX,00002143480,TRULICITY ,2019,2,false,2437.500,1185,910486.85
FFSU,TX,00002143480,TRULICITY ,2019,2,true,,,
FFSU,TX,00002143380,TRULICITY ,2019,1,false,22.000,11,8080.62
MCOU,TX,00002143380,TRULICITY ,2019,1,false,1245.500,617,457188.13
MCOU,TX,00002143480,TRULICITY ,2019,1,false,2137.000,1045,784775.95
FFSU,TX,00002143480,TRULICITY ,2019,1,true,,,
FFSU,UT,00002143380,TRULICITY ,2019,4,true,,,
MCOU,UT,00002143380,TRULICITY ,2019,4,false,144.000,71,53953.19
MCOU,UT,00002143480,TRULICITY ,2019,4,false,540.500,271,199763.35
FFSU,UT,00002143480,TRULICITY ,2019,4,false,36.000,18,13248.49
FFSU,UT,00002143380,TRULICITY ,2019,3,false,26.000,13,9606.42
MCOU,UT,00002143380,TRULICITY ,2019,3,false,192.000,96,72797.59
MCOU,UT,00002143480,TRULICITY ,2019,3,false,576.000,287,214188.12
FFSU,UT,00002143480,TRULICITY ,2019,3,true,,,
MCOU,UT,00002143301,TRULICITY ,2019,2,true,,,
MCOU,UT,00002143380,TRULICITY ,2019,2,false,225.000,113,85532.24
FFSU,UT,00002143380,TRULICITY ,2019,2,false,24.000,13,8851.80
MCOU,UT,00002143480,TRULICITY ,2019,2,false,470.000,232,179548.35
FFSU,UT,00002143480,TRULICITY ,2019,2,true,,,
MCOU,UT,00002143380,TRULICITY ,2019,1,false,188.000,94,71378.11
FFSU,UT,00002143380,TRULICITY ,2019,1,true,,,
MCOU,UT,00002143480,TRULICITY ,2019,1,false,332.500,165,126227.27
FFSU,UT,00002143480,TRULICITY ,2019,1,true,,,
MCOU,VA,00002143380,TRULICITY ,2019,4,false,1070.500,540,398572.23
FFSU,VA,00002143380,TRULICITY ,2019,4,true,,,
FFSU,VA,00002143480,TRULICITY ,2019,4,true,,,
MCOU,VA,00002143480,TRULICITY ,2019,4,false,1636.500,793,608625.20
MCOU,VA,00002143301,TRULICITY ,2019,3,true,,,
MCOU,VA,00002143380,TRULICITY ,2019,3,false,1015.500,505,379553.40
FFSU,VA,00002143380,TRULICITY ,2019,3,true,,,
MCOU,VA,00002143401,TRULICITY ,2019,3,true,,,
FFSU,VA,00002143480,TRULICITY ,2019,3,true,,,
MCOU,VA,00002143480,TRULICITY ,2019,3,false,1539.500,755,567358.67
MCOU,VA,00002143301,TRULICITY ,2019,2,true,,,
MCOU,VA,00002143380,TRULICITY ,2019,2,false,930.000,468,350040.99
FFSU,VA,00002143380,TRULICITY ,2019,2,true,,,
MCOU,VA,00002143401,TRULICITY ,2019,2,true,,,
MCOU,VA,00002143480,TRULICITY ,2019,2,false,1289.000,635,478324.07
FFSU,VA,00002143480,TRULICITY ,2019,2,true,,,
MCOU,VA,00002143301,TRULICITY ,2019,1,true,,,
FFSU,VA,00002143380,TRULICITY ,2019,1,true,,,
MCOU,VA,00002143380,TRULICITY ,2019,1,false,811.000,405,297911.32
MCOU,VA,00002143401,TRULICITY ,2019,1,true,,,
MCOU,VA,00002143480,TRULICITY ,2019,1,false,1150.000,574,417513.25
FFSU,VA,00002143480,TRULICITY ,2019,1,false,22.000,11,7838.00
FFSU,VT,00002143380,TRULICITY ,2019,4,false,170.000,83,62737.14
FFSU,VT,00002143480,TRULICITY ,2019,4,false,220.000,110,80455.28
FFSU,VT,00002143380,TRULICITY ,2019,3,false,142.000,71,52415.04
FFSU,VT,00002143480,TRULICITY ,2019,3,false,208.000,102,76730.43
FFSU,VT,00002143380,TRULICITY ,2019,2,false,105.000,51,38737.27
FFSU,VT,00002143480,TRULICITY ,2019,2,false,196.000,93,71637.67
FFSU,VT,00002143380,TRULICITY ,2019,1,false,100.000,48,35752.79
FFSU,VT,00002143480,TRULICITY ,2019,1,false,182.000,85,64597.90
MCOU,WA,00002143301,TRULICITY ,2019,4,true,,,
FFSU,WA,00002143380,TRULICITY ,2019,4,true,,,
MCOU,WA,00002143380,TRULICITY ,2019,4,false,370.000,183,129942.71
MCOU,WA,00002143480,TRULICITY ,2019,4,false,760.000,380,275088.53
FFSU,WA,00002143480,TRULICITY ,2019,4,false,28.000,14,8179.33
MCOU,WA,00002143301,TRULICITY ,2019,3,true,,,
MCOU,WA,00002143380,TRULICITY ,2019,3,false,344.000,170,121741.17
FFSU,WA,00002143380,TRULICITY ,2019,3,true,,,
MCOU,WA,00002143401,TRULICITY ,2019,3,true,,,
FFSU,WA,00002143480,TRULICITY ,2019,3,false,34.000,15,12470.04
MCOU,WA,00002143480,TRULICITY ,2019,3,false,702.000,351,255867.26
MCOU,WA,00002143380,TRULICITY ,2019,2,false,738.500,368,268002.51
FFSU,WA,00002143380,TRULICITY ,2019,2,true,,,
MCOU,WA,00002143401,TRULICITY ,2019,2,true,,,
FFSU,WA,00002143480,TRULICITY ,2019,2,false,30.000,13,11001.98
MCOU,WA,00002143480,TRULICITY ,2019,2,false,1242.000,621,452304.96
MCOU,WA,00002143380,TRULICITY ,2019,1,false,772.000,383,272034.74
FFSU,WA,00002143380,TRULICITY ,2019,1,true,,,
MCOU,WA,00002143401,TRULICITY ,2019,1,true,,,
FFSU,WA,00002143480,TRULICITY ,2019,1,false,28.000,12,9931.23
MCOU,WA,00002143480,TRULICITY ,2019,1,false,1275.000,636,450724.71
MCOU,WI,00002143380,TRULICITY ,2019,4,false,28.000,13,0.00
FFSU,WI,00002143380,TRULICITY ,2019,4,false,3913.500,1941,1456046.14
FFSU,WI,00002143480,TRULICITY ,2019,4,false,4579.500,2286,1710173.89
MCOU,WI,00002143480,TRULICITY ,2019,4,false,42.000,21,0.00
FFSU,WI,00002143380,TRULICITY ,2019,3,false,3191.000,1587,1190416.73
MCOU,WI,00002143380,TRULICITY ,2019,3,true,,,
MCOU,WI,00002143480,TRULICITY ,2019,3,false,30.000,15,0.00
FFSU,WI,00002143480,TRULICITY ,2019,3,false,3737.000,1840,1383558.45
FFSU,WI,00002143301,TRULICITY ,2019,2,true,,,
MCOU,WI,00002143380,TRULICITY ,2019,2,true,,,
FFSU,WI,00002143380,TRULICITY ,2019,2,false,2798.000,1393,1046272.86
FFSU,WI,00002143480,TRULICITY ,2019,2,false,2887.500,1438,1083076.82
MCOU,WI,00002143480,TRULICITY ,2019,2,false,28.000,14,0.00
FFSU,WI,00002143380,TRULICITY ,2019,1,false,2023.500,1016,741971.96
MCOU,WI,00002143380,TRULICITY ,2019,1,true,,,
MCOU,WI,00002143480,TRULICITY ,2019,1,true,,,
FFSU,WI,00002143480,TRULICITY ,2019,1,false,1884.000,954,701213.85
FFSU,WV,00002143380,TRULICITY ,2019,4,false,42.000,15,15097.70
FFSU,WV,00002143480,TRULICITY ,2019,4,false,124.000,38,44039.21
FFSU,WV,00002143380,TRULICITY ,2019,3,false,40.000,14,14348.96
FFSU,WV,00002143480,TRULICITY ,2019,3,false,136.000,46,48654.73
FFSU,WV,00002143380,TRULICITY ,2019,2,false,50.000,17,17924.67
FFSU,WV,00002143480,TRULICITY ,2019,2,false,106.000,39,38089.53
FFSU,WV,00002143380,TRULICITY ,2019,1,false,62.000,21,21300.08
FFSU,WV,00002143480,TRULICITY ,2019,1,false,110.000,43,38317.42
FFSU,WY,00002143380,TRULICITY ,2019,4,true,,,
FFSU,WY,00002143480,TRULICITY ,2019,4,false,46.000,23,16888.44
FFSU,WY,00002143380,TRULICITY ,2019,3,true,,,
FFSU,WY,00002143480,TRULICITY ,2019,3,false,30.000,15,11014.20
FFSU,WY,00002143380,TRULICITY ,2019,2,true,,,
FFSU,WY,00002143480,TRULICITY ,2019,2,false,22.000,11,8077.08
FFSU,WY,00002143380,TRULICITY ,2019,1,true,,,
FFSU,WY,00002143480,TRULICITY ,2019,1,true,,,
FFSU,AK,00169406012,VICTOZA 2-,2019,4,false,1518.000,233,143117.97
FFSU,AK,00169406013,VICTOZA 3-,2019,4,false,3843.000,436,361420.56
FFSU,AK,00169406012,VICTOZA 2-,2019,3,false,1833.000,282,172951.17
FFSU,AK,00169406013,VICTOZA 3-,2019,3,false,4083.000,459,384482.74
FFSU,AK,00169406012,VICTOZA 2-,2019,2,false,1746.000,270,165759.77
FFSU,AK,00169406013,VICTOZA 3-,2019,2,false,3945.000,441,369145.21
FFSU,AK,00169406012,VICTOZA 2-,2019,1,false,1824.000,268,170178.43
FFSU,AK,00169406013,VICTOZA 3-,2019,1,false,3762.000,423,348307.97
FFSU,AL,00169406012,Victoza 6M,2019,4,false,1902.000,308,195409.52
FFSU,AL,00169406013,Victoza 6M,2019,4,false,4812.000,546,494568.86
FFSU,AL,00169406012,Victoza 6M,2019,3,false,1950.000,321,201490.21
FFSU,AL,00169406013,Victoza 6M,2019,3,false,4641.000,527,477140.97
FFSU,AL,00169406012,Victoza 6M,2019,2,false,2436.000,397,252337.80
FFSU,AL,00169406013,Victoza 6M,2019,2,false,5097.000,584,515651.54
FFSU,AL,00169406012,Victoza 6M,2019,1,false,2100.000,342,212790.31
FFSU,AL,00169406013,Victoza 6M,2019,1,false,4881.000,564,494645.83
FFSU,AR,00169406012,VICTOZA 2-,2019,4,false,1905.000,318,190080.84
MCOU,AR,00169406012,VICTOZA 2-,2019,4,false,186.000,32,19052.15
MCOU,AR,00169406013,VICTOZA 3-,2019,4,false,507.000,58,51686.49
FFSU,AR,00169406013,VICTOZA 3-,2019,4,false,3105.000,366,308452.80
FFSU,AR,00169406012,VICTOZA 2-,2019,3,false,1824.000,303,181990.49
MCOU,AR,00169406012,VICTOZA 2-,2019,3,false,231.000,39,23344.96
FFSU,AR,00169406013,VICTOZA 3-,2019,3,false,3141.000,366,311991.36
MCOU,AR,00169406013,VICTOZA 3-,2019,3,false,501.000,59,51123.06
FFSU,AR,00169406012,VICTOZA 2-,2019,2,false,1581.000,266,157569.40
MCOU,AR,00169406012,VICTOZA 2-,2019,2,false,210.000,36,21283.34
MCOU,AR,00169406013,VICTOZA 3-,2019,2,false,234.000,26,23656.44
FFSU,AR,00169406013,VICTOZA 3-,2019,2,false,2646.000,308,262429.37
MCOU,AR,00169406012,VICTOZA 2-,2019,1,false,72.000,12,7262.30
FFSU,AR,00169406012,VICTOZA 2-,2019,1,false,1464.000,250,143639.59
FFSU,AR,00169406013,VICTOZA 3-,2019,1,false,2322.000,266,226544.42
MCOU,AR,00169406013,VICTOZA 3-,2019,1,true,,,
FFSU,AZ,00169406012,VICTOZA 2-,2019,4,false,213.000,34,20357.57
MCOU,AZ,00169406012,VICTOZA 2-,2019,4,false,13179.000,2137,1319567.48
MCOU,AZ,00169406013,VICTOZA 3-,2019,4,false,19308.000,2134,1930832.74
FFSU,AZ,00169406013,VICTOZA 3-,2019,4,false,522.000,74,47431.07
MCOU,AZ,00169406012,VICTOZA 2-,2019,3,false,12207.000,2001,1211183.65
FFSU,AZ,00169406012,VICTOZA 2-,2019,3,false,144.000,18,10480.17
MCOU,AZ,00169406013,VICTOZA 3-,2019,3,false,18570.000,2041,1841473.71
FFSU,AZ,00169406013,VICTOZA 3-,2019,3,false,1164.000,134,76025.55
MCOU,AZ,00169406012,VICTOZA 2-,2019,2,false,10602.000,1727,1048124.29
FFSU,AZ,00169406012,VICTOZA 2-,2019,2,false,315.000,44,25459.83
MCOU,AZ,00169406013,VICTOZA 3-,2019,2,false,16707.000,1861,1645309.77
FFSU,AZ,00169406013,VICTOZA 3-,2019,2,false,2118.000,246,143976.17
MCOU,AZ,00169406012,VICTOZA 2-,2019,1,false,10140.000,1680,1004790.56
FFSU,AZ,00169406012,VICTOZA 2-,2019,1,false,159.000,27,15808.30
MCOU,AZ,00169406013,VICTOZA 3-,2019,1,false,15228.000,1717,1500776.46
FFSU,AZ,00169406013,VICTOZA 3-,2019,1,false,696.000,87,69214.57
FFSU,CA,00169406012,VICTOZA 6M,2019,4,false,5615.000,933,570991.67
MCOU,CA,00169406012,VICTOZA 6M,2019,4,false,16196.000,2651,1617742.78
MCOU,CA,00169406013,VICTOZA 6M,2019,4,false,38439.000,4250,3872423.72
FFSU,CA,00169406013,VICTOZA 6M,2019,4,false,14493.000,1623,1454099.62
MCOU,CA,00169406012,VICTOZA 6M,2019,3,false,18983.000,3082,1914587.54
FFSU,CA,00169406012,VICTOZA 6M,2019,3,false,4916.000,805,497701.44
MCOU,CA,00169406013,VICTOZA 6M,2019,3,false,48706.000,5250,4865647.67
FFSU,CA,00169406013,VICTOZA 6M,2019,3,false,14100.000,1565,1413260.89
MCOU,CA,00169406012,VICTOZA 6M,2019,2,false,22124.000,3587,2226955.83
FFSU,CA,00169406012,VICTOZA 6M,2019,2,false,4809.000,776,488456.16
MCOU,CA,00169406013,VICTOZA 6M,2019,2,false,55507.000,6032,5564365.30
FFSU,CA,00169406013,VICTOZA 6M,2019,2,false,13683.000,1509,1386606.46
MCOU,CA,00169406012,VICTOZA 6M,2019,1,false,21287.000,3443,2136047.10
FFSU,CA,00169406012,VICTOZA 6M,2019,1,false,4440.000,726,446400.66
FFSU,CA,00169406013,VICTOZA 6M,2019,1,false,12993.000,1411,1311301.53
MCOU,CA,00169406013,VICTOZA 6M,2019,1,false,51461.000,5646,5127563.17
MCOU,CO,00169406012,VICTOZA 2-,2019,4,false,342.000,59,34489.26
FFSU,CO,00169406012,VICTOZA 2-,2019,4,false,2415.000,309,243189.65
FFSU,CO,00169406013,VICTOZA 3-,2019,4,false,6330.000,514,633432.18
MCOU,CO,00169406013,VICTOZA 3-,2019,4,false,723.000,81,72565.41
FFSU,CO,00169406012,VICTOZA 2-,2019,3,false,1578.000,213,158331.91
MCOU,CO,00169406012,VICTOZA 2-,2019,3,false,408.000,64,41030.53
FFSU,CO,00169406013,VICTOZA 3-,2019,3,false,6162.000,505,615143.36
MCOU,CO,00169406013,VICTOZA 3-,2019,3,false,867.000,97,86800.42
FFSU,CO,00169406012,VICTOZA 2-,2019,2,false,1653.000,217,167396.99
MCOU,CO,00169406012,VICTOZA 2-,2019,2,false,375.000,61,37892.11
FFSU,CO,00169406013,VICTOZA 3-,2019,2,false,5475.000,424,549662.95
MCOU,CO,00169406013,VICTOZA 3-,2019,2,false,831.000,94,83609.07
MCOU,CO,00169406012,VICTOZA 2-,2019,1,false,348.000,54,34913.44
FFSU,CO,00169406012,VICTOZA 2-,2019,1,false,1374.000,172,136665.02
MCOU,CO,00169406013,VICTOZA 3-,2019,1,false,765.000,84,76419.47
FFSU,CO,00169406013,VICTOZA 3-,2019,1,false,4770.000,363,471399.72
FFSU,CT,00169406012,VICTOZA 6M,2019,4,false,8325.000,1166,832642.20
FFSU,CT,00169406013,VICTOZA 6M,2019,4,false,26721.000,2098,2653329.68
FFSU,CT,00169406012,VICTOZA 6M,2019,3,false,8862.000,1288,886889.29
FFSU,CT,00169406013,VICTOZA 6M,2019,3,false,28875.000,2297,2867572.65
FFSU,CT,00169406012,VICTOZA 6M,2019,2,false,8919.000,1301,891621.08
FFSU,CT,00169406013,VICTOZA 6M,2019,2,false,29211.000,2379,2899267.07
FFSU,CT,00169406012,VICTOZA 6M,2019,1,false,8517.000,1230,837990.88
FFSU,CT,00169406013,VICTOZA 6M,2019,1,false,28344.000,2309,2762037.57
MCOU,DC,00169406012,VICTOZA 2-,2019,4,false,720.000,123,72174.75
FFSU,DC,00169406012,VICTOZA 2-,2019,4,false,768.000,126,77070.73
MCOU,DC,00169406013,VICTOZA 3-,2019,4,false,1866.000,217,185198.04
FFSU,DC,00169406013,VICTOZA 3-,2019,4,false,1227.000,146,122438.32
MCOU,DC,00169406012,VICTOZA 2-,2019,3,false,882.000,146,88661.16
FFSU,DC,00169406012,VICTOZA 2-,2019,3,false,672.000,109,67422.97
FFSU,DC,00169406013,VICTOZA 3-,2019,3,false,993.000,120,99106.83
MCOU,DC,00169406013,VICTOZA 3-,2019,3,false,1863.000,219,185572.42
MCOU,DC,00169406012,VICTOZA 2-,2019,2,false,783.000,130,78305.88
FFSU,DC,00169406012,VICTOZA 2-,2019,2,false,801.000,128,80223.32
FFSU,DC,00169406013,VICTOZA 3-,2019,2,false,798.000,92,79536.11
MCOU,DC,00169406013,VICTOZA 3-,2019,2,false,1785.000,208,179910.46
MCOU,DC,00169406012,VICTOZA 2-,2019,1,false,639.000,105,63611.87
FFSU,DC,00169406012,VICTOZA 2-,2019,1,false,459.000,74,45391.21
MCOU,DC,00169406013,VICTOZA 3-,2019,1,false,1716.000,201,172418.29
FFSU,DC,00169406013,VICTOZA 3-,2019,1,false,681.000,77,66729.98
FFSU,DE,00169406012,Victoza 6M,2019,4,true,,,
MCOU,DE,00169406012,Victoza 6M,2019,4,false,1107.000,181,112681.21
MCOU,DE,00169406013,Victoza 6M,2019,4,false,2433.000,287,242293.94
MCOU,DE,00169406012,Victoza 6M,2019,3,false,981.000,153,98355.44
FFSU,DE,00169406013,Victoza 6M,2019,3,true,,,
MCOU,DE,00169406013,Victoza 6M,2019,3,false,1959.000,236,195519.19
MCOU,DE,00169406012,Victoza 6M,2019,2,false,710.000,114,310.00
FFSU,DE,00169406012,Victoza 6M,2019,2,true,,,
FFSU,DE,00169406013,Victoza 6M,2019,2,true,,,
MCOU,DE,00169406013,Victoza 6M,2019,2,false,1779.000,213,175058.52
MCOU,DE,00169406012,Victoza 6M,2019,1,false,432.000,69,169.50
MCOU,DE,00169406013,Victoza 6M,2019,1,false,1188.000,141,111765.27
MCOU,FL,00169406012,VICTOZA 2-,2019,4,false,843.000,146,83968.10
FFSU,FL,00169406012,VICTOZA 2-,2019,4,true,,,
MCOU,FL,00169406013,VICTOZA 3-,2019,4,false,2535.000,288,250071.89
FFSU,FL,00169406013,VICTOZA 3-,2019,4,false,237.000,27,22050.90
MCOU,FL,00169406012,VICTOZA 2-,2019,3,false,1089.000,176,107412.37
FFSU,FL,00169406013,VICTOZA 3-,2019,3,false,255.000,27,25098.16
MCOU,FL,00169406013,VICTOZA 3-,2019,3,false,2712.000,308,267267.55
MCOU,FL,00169406012,VICTOZA 2-,2019,2,false,1098.000,183,109455.79
FFSU,FL,00169406012,VICTOZA 2-,2019,2,true,,,
MCOU,FL,00169406013,VICTOZA 3-,2019,2,false,2574.000,293,253042.80
FFSU,FL,00169406013,VICTOZA 3-,2019,2,false,207.000,23,17093.08
FFSU,FL,00169406012,VICTOZA 2-,2019,1,true,,,
MCOU,FL,00169406012,VICTOZA 2-,2019,1,false,1152.000,194,113823.81
MCOU,FL,00169406013,VICTOZA 3-,2019,1,false,2601.000,294,256267.27
FFSU,FL,00169406013,VICTOZA 3-,2019,1,false,153.000,17,12525.10
MCOU,GA,00169406012,VICTOZA 2-,2019,4,false,1239.000,212,127786.30
FFSU,GA,00169406012,VICTOZA 2-,2019,4,false,2427.000,404,243170.20
MCOU,GA,00169406013,VICTOZA 3-,2019,4,false,2406.000,277,251694.91
FFSU,GA,00169406013,VICTOZA 3-,2019,4,false,4494.000,516,444288.83
MCOU,GA,00169406012,VICTOZA 2-,2019,3,false,1161.000,196,114770.27
FFSU,GA,00169406012,VICTOZA 2-,2019,3,false,2340.000,385,234421.83
MCOU,GA,00169406013,VICTOZA 3-,2019,3,false,2436.000,278,244009.48
FFSU,GA,00169406013,VICTOZA 3-,2019,3,false,4401.000,508,438388.02
FFSU,GA,00169406012,VICTOZA 2-,2019,2,false,2190.000,362,218672.39
MCOU,GA,00169406012,VICTOZA 2-,2019,2,false,1347.000,229,136847.75
MCOU,GA,00169406013,VICTOZA 3-,2019,2,false,2586.000,290,256980.93
FFSU,GA,00169406013,VICTOZA 3-,2019,2,false,4047.000,466,402337.97
MCOU,GA,00169406012,VICTOZA 2-,2019,1,false,1191.000,197,121862.55
FFSU,GA,00169406012,VICTOZA 2-,2019,1,false,1845.000,304,182432.08
MCOU,GA,00169406013,VICTOZA 3-,2019,1,false,2370.000,266,233692.13
FFSU,GA,00169406013,VICTOZA 3-,2019,1,false,3483.000,398,342731.70
MCOU,HI,00169406012,VICTOZA 2-,2019,4,false,1968.000,306,200365.50
MCOU,HI,00169406013,VICTOZA 3-,2019,4,false,7314.000,777,736621.68
MCOU,HI,00169406012,VICTOZA 2-,2019,3,false,1986.000,308,205294.52
MCOU,HI,00169406013,VICTOZA 3-,2019,3,false,7770.000,830,783163.23
MCOU,HI,00169406012,VICTOZA 2-,2019,2,false,2034.000,324,205813.09
MCOU,HI,00169406013,VICTOZA 3-,2019,2,false,8295.000,879,845421.63
MCOU,HI,00169406012,VICTOZA 2-,2019,1,false,2100.000,330,215737.31
MCOU,HI,00169406013,VICTOZA 3-,2019,1,false,8247.000,880,817713.89
FFSU,IA,00169406012,Victoza 6M,2019,4,true,,,
MCOU,IA,00169406012,Victoza 6M,2019,4,false,3756.000,626,373485.41
MCOU,IA,00169406013,Victoza 6M,2019,4,false,7680.000,887,755918.51
FFSU,IA,00169406013,Victoza 6M,2019,4,true,,,
FFSU,IA,00169406012,Victoza 6M,2019,3,false,66.000,11,6627.89
MCOU,IA,00169406012,Victoza 6M,2019,3,false,3924.000,657,393460.27
MCOU,IA,00169406013,Victoza 6M,2019,3,false,7611.000,860,754868.65
FFSU,IA,00169406013,Victoza 6M,2019,3,false,108.000,12,7410.38
MCOU,IA,00169406012,Victoza 6M,2019,2,false,1227.000,211,120173.35
FFSU,IA,00169406012,Victoza 6M,2019,2,false,90.000,15,8531.38
MCOU,IA,00169406013,Victoza 6M,2019,2,false,2412.000,273,233180.93
FFSU,IA,00169406013,Victoza 6M,2019,2,false,207.000,21,16044.85
MCOU,IA,00169406012,Victoza 6M,2019,1,false,1359.000,213,124388.43
FFSU,IA,00169406012,Victoza 6M,2019,1,false,75.000,13,6288.65
MCOU,IA,00169406013,Victoza 6M,2019,1,false,2295.000,260,215145.70
FFSU,IA,00169406013,Victoza 6M,2019,1,true,,,
FFSU,ID,00169406012,VICTOZA 2-,2019,4,false,1533.000,271,153697.92
FFSU,ID,00169406013,VICTOZA 3-,2019,4,false,2202.000,252,219450.67
FFSU,ID,00169406012,VICTOZA 2-,2019,3,false,1587.000,283,158675.46
FFSU,ID,00169406013,VICTOZA 3-,2019,3,false,2226.000,257,220821.17
FFSU,ID,00169406012,VICTOZA 2-,2019,2,false,1332.000,234,132978.36
FFSU,ID,00169406013,VICTOZA 3-,2019,2,false,2007.000,231,198573.46
FFSU,ID,00169406012,VICTOZA 2-,2019,1,false,1197.000,220,118464.08
FFSU,ID,00169406013,VICTOZA 3-,2019,1,false,1899.000,217,186672.20
MCOU,IL,00169406012,Victoza 6M,2019,4,false,10086.000,1575,1139630.34
FFSU,IL,00169406012,Victoza 6M,2019,4,false,804.000,117,80148.60
MCOU,IL,00169406013,Victoza 6M,2019,4,false,23265.000,2557,2684402.13
FFSU,IL,00169406013,Victoza 6M,2019,4,false,1602.000,162,167394.74
MCOU,IL,00169406012,Victoza 6M,2019,3,false,9548.000,1519,1079437.15
FFSU,IL,00169406012,Victoza 6M,2019,3,false,513.000,73,54095.67
FFSU,IL,00169406013,Victoza 6M,2019,3,false,1629.000,165,166404.99
MCOU,IL,00169406013,Victoza 6M,2019,3,false,22509.000,2463,2539178.30
MCOU,IL,00169406012,Victoza 6M,2019,2,false,8915.000,1432,1053057.68
FFSU,IL,00169406012,Victoza 6M,2019,2,false,705.000,109,72670.89
FFSU,IL,00169406013,Victoza 6M,2019,2,false,1665.000,185,179484.59
MCOU,IL,00169406013,Victoza 6M,2019,2,false,20308.000,2253,2433993.86
MCOU,IL,00169406012,Victoza 6M,2019,1,false,7824.000,1290,864574.31
FFSU,IL,00169406012,Victoza 6M,2019,1,false,801.000,124,82328.86
FFSU,IL,00169406013,Victoza 6M,2019,1,false,1683.000,178,171432.05
MCOU,IL,00169406013,Victoza 6M,2019,1,false,18303.000,2049,2028447.53
FFSU,IN,00169406012,Victoza 6M,2019,4,false,975.000,174,97569.12
MCOU,IN,00169406012,Victoza 6M,2019,4,false,8103.000,1326,801571.88
MCOU,IN,00169406013,Victoza 6M,2019,4,false,34902.000,3784,3430531.06
FFSU,IN,00169406013,Victoza 6M,2019,4,false,2055.000,208,203992.50
MCOU,IN,00169406012,Victoza 6M,2019,3,false,9021.000,1451,916034.36
FFSU,IN,00169406012,Victoza 6M,2019,3,false,987.000,174,98814.29
MCOU,IN,00169406013,Victoza 6M,2019,3,false,36017.000,3796,3658783.72
FFSU,IN,00169406013,Victoza 6M,2019,3,false,1914.000,193,190422.68
FFSU,IN,00169406012,Victoza 6M,2019,2,false,831.000,133,83090.81
MCOU,IN,00169406012,Victoza 6M,2019,2,false,9642.000,1527,982941.49
MCOU,IN,00169406013,Victoza 6M,2019,2,false,35061.000,3700,3566639.08
FFSU,IN,00169406013,Victoza 6M,2019,2,false,1824.000,195,181430.57
FFSU,IN,00169406012,Victoza 6M,2019,1,false,681.000,104,67091.02
MCOU,IN,00169406012,Victoza 6M,2019,1,false,9261.000,1488,934164.66
FFSU,IN,00169406013,Victoza 6M,2019,1,false,1719.000,175,168446.13
MCOU,IN,00169406013,Victoza 6M,2019,1,false,35319.000,3737,3584370.95
MCOU,KS,00169406012,Victoza 6M,2019,4,false,2499.000,425,250745.25
MCOU,KS,00169406013,Victoza 6M,2019,4,false,5568.000,635,555589.14
MCOU,KS,00169406012,Victoza 6M,2019,3,false,2316.000,386,230157.45
MCOU,KS,00169406013,Victoza 6M,2019,3,false,5577.000,631,555940.31
MCOU,KS,00169406012,Victoza 6M,2019,2,false,2148.000,363,215809.27
MCOU,KS,00169406013,Victoza 6M,2019,2,false,5085.000,573,508059.06
MCOU,KS,00169406012,Victoza 6M,2019,1,false,2112.000,358,210075.43
MCOU,KS,00169406013,Victoza 6M,2019,1,false,5118.000,576,505732.34
MCOU,KY,00169406012,VICTOZA 2-,2019,4,false,5510.000,923,565508.56
FFSU,KY,00169406012,VICTOZA 2-,2019,4,false,231.000,47,23163.16
FFSU,KY,00169406013,VICTOZA 3-,2019,4,false,432.000,65,42443.92
MCOU,KY,00169406013,VICTOZA 3-,2019,4,false,12099.000,1377,1244673.58
FFSU,KY,00169406012,VICTOZA 2-,2019,3,false,210.000,34,21019.67
MCOU,KY,00169406012,VICTOZA 2-,2019,3,false,5799.000,963,602888.89
MCOU,KY,00169406013,VICTOZA 3-,2019,3,false,20322.000,2317,2110308.39
FFSU,KY,00169406013,VICTOZA 3-,2019,3,false,501.000,80,49988.14
MCOU,KY,00169406012,VICTOZA 2-,2019,2,false,9638.000,1605,1000162.48
FFSU,KY,00169406012,VICTOZA 2-,2019,2,false,72.000,13,7201.93
MCOU,KY,00169406013,VICTOZA 3-,2019,2,false,20644.000,2346,2139536.57
FFSU,KY,00169406013,VICTOZA 3-,2019,2,false,453.000,59,45090.71
MCOU,KY,00169406012,VICTOZA 2-,2019,1,false,309.000,52,31553.91
FFSU,KY,00169406012,VICTOZA 2-,2019,1,false,105.000,19,10207.68
MCOU,KY,00169406013,VICTOZA 3-,2019,1,false,603.000,72,61611.66
FFSU,KY,00169406013,VICTOZA 3-,2019,1,false,402.000,55,39441.17
FFSU,LA,00169406012,VICTOZA 2-,2019,4,false,374.000,64,37553.09
MCOU,LA,00169406012,VICTOZA 2-,2019,4,false,21630.000,3558,2202704.20
MCOU,LA,00169406013,VICTOZA 3-,2019,4,false,34131.000,3770,3454790.95
FFSU,LA,00169406013,VICTOZA 3-,2019,4,false,747.000,89,74539.86
FFSU,LA,00169406012,VICTOZA 2-,2019,3,false,330.000,59,33165.36
MCOU,LA,00169406012,VICTOZA 2-,2019,3,false,21969.000,3599,2237314.69
MCOU,LA,00169406013,VICTOZA 3-,2019,3,false,34490.000,3782,3495843.36
FFSU,LA,00169406013,VICTOZA 3-,2019,3,false,669.000,91,66881.96
FFSU,LA,00169406012,VICTOZA 2-,2019,2,false,321.000,53,32605.56
MCOU,LA,00169406012,VICTOZA 2-,2019,2,false,18493.000,3060,1885890.03
FFSU,LA,00169406013,VICTOZA 3-,2019,2,false,591.000,80,59682.49
MCOU,LA,00169406013,VICTOZA 3-,2019,2,false,31052.000,3409,3155415.11
FFSU,LA,00169406012,VICTOZA 2-,2019,1,false,330.000,58,33365.53
MCOU,LA,00169406012,VICTOZA 2-,2019,1,false,16491.000,2729,1672411.13
MCOU,LA,00169406013,VICTOZA 3-,2019,1,false,28305.000,3118,2869930.63
FFSU,LA,00169406013,VICTOZA 3-,2019,1,false,606.000,82,60881.33
MCOU,MA,00169406012,VICTOZA 2-,2019,4,false,3090.000,516,318544.36
FFSU,MA,00169406012,VICTOZA 2-,2019,4,false,1497.000,264,149102.03
FFSU,MA,00169406013,VICTOZA 3-,2019,4,false,6087.000,693,604695.52
MCOU,MA,00169406013,VICTOZA 3-,2019,4,false,10233.000,1159,1052000.48
FFSU,MA,00169406012,VICTOZA 2-,2019,3,false,1434.000,250,143182.89
MCOU,MA,00169406012,VICTOZA 2-,2019,3,false,3480.000,587,359892.71
MCOU,MA,00169406013,VICTOZA 3-,2019,3,false,9783.000,1117,1009271.04
FFSU,MA,00169406013,VICTOZA 3-,2019,3,false,5937.000,671,590143.79
MCOU,MA,00169406012,VICTOZA 2-,2019,2,false,3573.000,592,368749.60
FFSU,MA,00169406012,VICTOZA 2-,2019,2,false,1944.000,336,194340.76
FFSU,MA,00169406013,VICTOZA 3-,2019,2,false,7626.000,859,757696.69
MCOU,MA,00169406013,VICTOZA 3-,2019,2,false,9546.000,1083,982894.04
MCOU,MA,00169406012,VICTOZA 2-,2019,1,false,3264.000,529,328319.24
FFSU,MA,00169406012,VICTOZA 2-,2019,1,false,1473.000,252,143647.39
FFSU,MA,00169406013,VICTOZA 3-,2019,1,false,6567.000,734,633112.92
MCOU,MA,00169406013,VICTOZA 3-,2019,1,false,9456.000,1072,969110.90
FFSU,MD,00169406012,VICTOZA 2-,2019,4,false,120.000,19,12014.62
MCOU,MD,00169406012,VICTOZA 2-,2019,4,false,4411.000,718,453154.82
MCOU,MD,00169406013,VICTOZA 3-,2019,4,false,14448.000,1590,1465397.50
FFSU,MD,00169406013,VICTOZA 3-,2019,4,false,285.000,33,28389.29
FFSU,MD,00169406012,VICTOZA 2-,2019,3,false,75.000,12,7517.13
MCOU,MD,00169406012,VICTOZA 2-,2019,3,false,3977.000,660,409335.11
MCOU,MD,00169406013,VICTOZA 3-,2019,3,false,14797.000,1625,1501520.06
FFSU,MD,00169406013,VICTOZA 3-,2019,3,false,306.000,34,30486.42
FFSU,MD,00169406012,VICTOZA 2-,2019,2,false,78.000,11,7795.90
MCOU,MD,00169406012,VICTOZA 2-,2019,2,false,4548.000,745,465166.85
MCOU,MD,00169406013,VICTOZA 3-,2019,2,false,15603.000,1741,1586140.51
FFSU,MD,00169406013,VICTOZA 3-,2019,2,false,354.000,40,35249.42
FFSU,MD,00169406012,VICTOZA 2-,2019,1,true,,,
MCOU,MD,00169406012,VICTOZA 2-,2019,1,false,5367.000,863,535342.14
MCOU,MD,00169406013,VICTOZA 3-,2019,1,false,18501.000,2040,1860823.66
FFSU,MD,00169406013,VICTOZA 3-,2019,1,false,351.000,42,34457.47
FFSU,ME,00169406012,VICTOZA   ,2019,4,false,2295.000,369,229514.03
FFSU,ME,00169406013,VICTOZA   ,2019,4,false,4731.000,544,470769.06
FFSU,ME,00169406012,VICTOZA   ,2019,3,false,2124.000,343,212457.55
FFSU,ME,00169406013,VICTOZA   ,2019,3,false,4299.000,472,427141.10
FFSU,ME,00169406012,VICTOZA   ,2019,2,false,1779.000,293,177952.22
FFSU,ME,00169406013,VICTOZA   ,2019,2,false,3957.000,437,392448.05
FFSU,ME,00169406012,VICTOZA   ,2019,1,false,1407.000,224,137545.09
FFSU,ME,00169406013,VICTOZA   ,2019,1,false,2964.000,330,289055.11
FFSU,MI,00169406012,VICTOZA 2-,2019,4,false,1002.000,156,92970.30
MCOU,MI,00169406012,VICTOZA 2-,2019,4,false,9789.000,1641,975173.92
MCOU,MI,00169406013,VICTOZA 3-,2019,4,false,27855.000,3152,2764271.65
FFSU,MI,00169406013,VICTOZA 3-,2019,4,false,2118.000,221,184572.89
MCOU,MI,00169406012,VICTOZA 2-,2019,3,false,10196.000,1713,1014831.16
FFSU,MI,00169406012,VICTOZA 2-,2019,3,false,935.000,167,89334.07
FFSU,MI,00169406013,VICTOZA 3-,2019,3,false,2307.000,229,201239.74
MCOU,MI,00169406013,VICTOZA 3-,2019,3,false,28587.000,3207,2838909.00
MCOU,MI,00169406012,VICTOZA 2-,2019,2,false,10659.000,1764,1061232.56
FFSU,MI,00169406012,VICTOZA 2-,2019,2,false,1131.000,181,102949.94
FFSU,MI,00169406013,VICTOZA 3-,2019,2,false,2187.000,209,183725.96
MCOU,MI,00169406013,VICTOZA 3-,2019,2,false,28803.000,3226,2861597.16
MCOU,MI,00169406012,VICTOZA 2-,2019,1,false,10581.000,1748,1053344.29
FFSU,MI,00169406012,VICTOZA 2-,2019,1,false,1026.000,160,93023.95
MCOU,MI,00169406013,VICTOZA 3-,2019,1,false,28635.000,3191,2837676.25
FFSU,MI,00169406013,VICTOZA 3-,2019,1,false,2388.000,236,220620.79
MCOU,MN,00169406012,VICTOZA 2-,2019,4,false,10869.000,1839,1108489.77
FFSU,MN,00169406012,VICTOZA 2-,2019,4,false,1194.000,210,119555.23
MCOU,MN,00169406013,VICTOZA 3-,2019,4,false,25053.000,2877,2557720.60
FFSU,MN,00169406013,VICTOZA 3-,2019,4,false,2859.000,347,279877.30
MCOU,MN,00169406012,VICTOZA 2-,2019,3,false,10347.000,1765,1059318.49
FFSU,MN,00169406012,VICTOZA 2-,2019,3,false,1146.000,201,116901.77
FFSU,MN,00169406013,VICTOZA 3-,2019,3,false,2082.000,241,203350.32
MCOU,MN,00169406013,VICTOZA 3-,2019,3,false,22785.000,2607,2337619.71
MCOU,MN,00169406012,VICTOZA 2-,2019,2,false,7777.000,1327,805452.75
FFSU,MN,00169406012,VICTOZA 2-,2019,2,false,1218.000,213,121570.29
MCOU,MN,00169406013,VICTOZA 3-,2019,2,false,20025.000,2284,2087391.93
FFSU,MN,00169406013,VICTOZA 3-,2019,2,false,2551.000,298,250362.73
FFSU,MN,00169406012,VICTOZA 2-,2019,1,false,1080.000,186,105328.25
MCOU,MN,00169406012,VICTOZA 2-,2019,1,false,7375.000,1236,764829.77
MCOU,MN,00169406013,VICTOZA 3-,2019,1,false,19542.000,2224,2034796.12
FFSU,MN,00169406013,VICTOZA 3-,2019,1,false,1950.000,225,189150.27
FFSU,MO,00169406012,VICTOZA 2-,2019,4,false,7677.000,1241,772082.98
FFSU,MO,00169406013,VICTOZA 3-,2019,4,false,18180.000,1980,1818487.59
FFSU,MO,00169406012,VICTOZA 2-,2019,3,false,8355.000,1323,841363.78
FFSU,MO,00169406013,VICTOZA 3-,2019,3,false,19890.000,2168,1988220.70
FFSU,MO,00169406012,VICTOZA 2-,2019,2,false,7995.000,1287,801748.89
FFSU,MO,00169406013,VICTOZA 3-,2019,2,false,17280.000,1897,1723081.03
FFSU,MO,00169406012,VICTOZA 2-,2019,1,false,7800.000,1262,764749.58
FFSU,MO,00169406013,VICTOZA 3-,2019,1,false,15705.000,1725,1531573.05
MCOU,MS,00169406012,VICTOZA 2-,2019,4,false,3060.000,508,307216.64
FFSU,MS,00169406012,VICTOZA 2-,2019,4,false,561.000,98,56372.72
MCOU,MS,00169406013,VICTOZA 3-,2019,4,false,6936.000,778,688723.27
FFSU,MS,00169406013,VICTOZA 3-,2019,4,false,1152.000,135,114907.91
FFSU,MS,00169406012,VICTOZA 2-,2019,3,false,470.000,79,47197.88
MCOU,MS,00169406012,VICTOZA 2-,2019,3,false,2886.000,491,289881.71
FFSU,MS,00169406013,VICTOZA 3-,2019,3,false,1104.000,131,110122.38
MCOU,MS,00169406013,VICTOZA 3-,2019,3,false,7302.000,803,722558.49
FFSU,MS,00169406012,VICTOZA 2-,2019,2,false,330.000,59,33111.31
MCOU,MS,00169406012,VICTOZA 2-,2019,2,false,2525.000,423,253355.55
FFSU,MS,00169406013,VICTOZA 3-,2019,2,false,1020.000,120,100878.58
MCOU,MS,00169406013,VICTOZA 3-,2019,2,false,6495.000,725,647252.07
FFSU,MS,00169406012,VICTOZA 2-,2019,1,false,341.000,60,33707.52
MCOU,MS,00169406012,VICTOZA 2-,2019,1,false,2088.000,347,208074.71
FFSU,MS,00169406013,VICTOZA 3-,2019,1,false,843.000,98,81106.51
MCOU,MS,00169406013,VICTOZA 3-,2019,1,false,6048.000,677,591355.88
FFSU,MT,00169406012,VICTOZA 2-,2019,4,false,3117.000,516,311189.41
FFSU,MT,00169406013,VICTOZA 3-,2019,4,false,5565.000,635,548469.43
FFSU,MT,00169406012,VICTOZA 2-,2019,3,false,3420.000,560,340761.08
FFSU,MT,00169406013,VICTOZA 3-,2019,3,false,5424.000,613,534313.75
FFSU,MT,00169406012,VICTOZA 2-,2019,2,false,2919.000,478,291978.07
FFSU,MT,00169406013,VICTOZA 3-,2019,2,false,4677.000,529,460594.74
FFSU,MT,00169406012,VICTOZA 2-,2019,1,false,2325.000,380,229342.61
FFSU,MT,00169406013,VICTOZA 3-,2019,1,false,4008.000,454,388807.51
FFSU,XX,00169406012,VICTOZA 6M,2019,4,false,87674.000,14088,8754532.27
MCOU,XX,00169406012,VICTOZA 6M,2019,4,false,253837.000,41981,25596886.22
FFSU,XX,00169406013,VICTOZA 6M,2019,4,false,207222.000,22044,20557831.08
MCOU,XX,00169406013,VICTOZA 6M,2019,4,false,636842.000,70817,64122796.99
FFSU,XX,00169406012,VICTOZA 6M,2019,3,false,85920.000,13877,8583015.81
MCOU,XX,00169406012,VICTOZA 6M,2019,3,false,261150.000,43111,26373733.18
FFSU,XX,00169406013,VICTOZA 6M,2019,3,false,207718.000,21942,20537870.99
MCOU,XX,00169406013,VICTOZA 6M,2019,3,false,659997.000,72875,66568002.28
FFSU,XX,00169406012,VICTOZA 6M,2019,2,false,81697.000,13202,8152695.34
MCOU,XX,00169406012,VICTOZA 6M,2019,2,false,257342.000,42443,26005375.98
FFSU,XX,00169406013,VICTOZA 6M,2019,2,false,198232.000,21024,19591222.94
MCOU,XX,00169406013,VICTOZA 6M,2019,2,false,637061.000,70677,64470071.92
FFSU,XX,00169406012,VICTOZA 6M,2019,1,false,74860.000,12091,7351202.05
MCOU,XX,00169406012,VICTOZA 6M,2019,1,false,233861.000,38567,23491815.31
FFSU,XX,00169406013,VICTOZA 6M,2019,1,false,507000.000,19699,18169142.43
MCOU,XX,00169406013,VICTOZA 6M,2019,1,false,597008.833,66233,60092865.67
FFSU,NC,00169406012,VICTOZA 2-,2019,4,false,9672.000,1584,950891.83
FFSU,NC,00169406013,VICTOZA 3-,2019,4,false,20652.000,2369,2015630.15
FFSU,NC,00169406012,VICTOZA 2-,2019,3,false,8871.000,1480,868337.43
FFSU,NC,00169406013,VICTOZA 3-,2019,3,false,19302.000,2194,1881088.21
FFSU,NC,00169406012,VICTOZA 2-,2019,2,false,6276.000,1039,613967.17
FFSU,NC,00169406013,VICTOZA 3-,2019,2,false,14625.000,1671,1423949.10
MCOU,NC,00169406012,VICTOZA 2-,2019,1,true,,,
FFSU,NC,00169406012,VICTOZA 2-,2019,1,false,5283.000,878,511036.19
MCOU,NC,00169406013,VICTOZA 3-,2019,1,true,,,
FFSU,NC,00169406013,VICTOZA 3-,2019,1,false,13767.000,1549,1328315.72
MCOU,ND,00169406012,VICTOZA 2-,2019,4,false,543.000,91,52922.01
FFSU,ND,00169406012,VICTOZA 2-,2019,4,false,534.000,89,53720.40
FFSU,ND,00169406013,VICTOZA 3-,2019,4,false,963.000,107,96150.20
MCOU,ND,00169406013,VICTOZA 3-,2019,4,false,2055.000,235,197468.65
FFSU,ND,00169406012,VICTOZA 2-,2019,3,false,306.000,51,30783.60
MCOU,ND,00169406012,VICTOZA 2-,2019,3,false,675.000,111,68195.31
MCOU,ND,00169406013,VICTOZA 3-,2019,3,false,1941.000,227,187972.56
FFSU,ND,00169406013,VICTOZA 3-,2019,3,false,729.000,81,72786.60
FFSU,ND,00169406012,VICTOZA 2-,2019,2,false,306.000,51,30768.66
MCOU,ND,00169406012,VICTOZA 2-,2019,2,false,618.000,101,61560.44
FFSU,ND,00169406013,VICTOZA 3-,2019,2,false,666.000,74,66451.13
MCOU,ND,00169406013,VICTOZA 3-,2019,2,false,1707.000,193,163690.49
MCOU,ND,00169406012,VICTOZA 2-,2019,1,false,699.000,116,63170.20
FFSU,ND,00169406012,VICTOZA 2-,2019,1,false,240.000,40,23825.39
FFSU,ND,00169406013,VICTOZA 3-,2019,1,false,711.000,79,69837.55
MCOU,ND,00169406013,VICTOZA 3-,2019,1,false,1701.000,193,156511.93
MCOU,NE,00169406012,Victoza 6M,2019,4,false,1377.000,224,142113.62
FFSU,NE,00169406013,Victoza 6M,2019,4,true,,,
MCOU,NE,00169406013,Victoza 6M,2019,4,false,2520.000,278,259384.68
FFSU,NE,00169406012,Victoza 6M,2019,3,true,,,
MCOU,NE,00169406012,Victoza 6M,2019,3,false,1338.000,221,137388.26
FFSU,NE,00169406013,Victoza 6M,2019,3,true,,,
MCOU,NE,00169406013,Victoza 6M,2019,3,false,2466.000,273,249786.67
FFSU,NE,00169406012,Victoza 6M,2019,2,true,,,
MCOU,NE,00169406012,Victoza 6M,2019,2,false,1251.000,207,128233.73
MCOU,NE,00169406013,Victoza 6M,2019,2,false,2439.000,276,246978.49
FFSU,NE,00169406012,Victoza 6M,2019,1,true,,,
MCOU,NE,00169406012,Victoza 6M,2019,1,false,1101.000,185,112815.99
FFSU,NE,00169406013,Victoza 6M,2019,1,true,,,
MCOU,NE,00169406013,Victoza 6M,2019,1,false,2148.000,247,217503.18
MCOU,NH,00169406012,VICTOZA 2-,2019,4,false,858.000,141,85177.52
FFSU,NH,00169406013,VICTOZA 3-,2019,4,true,,,
MCOU,NH,00169406013,VICTOZA 3-,2019,4,false,2784.000,309,273346.67
MCOU,NH,00169406012,VICTOZA 2-,2019,3,false,954.000,152,93559.90
MCOU,NH,00169406013,VICTOZA 3-,2019,3,false,2550.000,277,252268.70
FFSU,NH,00169406013,VICTOZA 3-,2019,3,true,,,
MCOU,NH,00169406012,VICTOZA 2-,2019,2,false,879.000,137,87995.36
FFSU,NH,00169406013,VICTOZA 3-,2019,2,true,,,
MCOU,NH,00169406013,VICTOZA 3-,2019,2,false,2445.000,271,243840.02
MCOU,NH,00169406012,VICTOZA 2-,2019,1,false,792.000,129,81119.71
MCOU,NH,00169406013,VICTOZA 3-,2019,1,false,2226.000,250,228337.24
MCOU,NJ,00169406012,Victoza 6M,2019,4,false,10563.000,1787,1063401.99
FFSU,NJ,00169406012,Victoza 6M,2019,4,false,141.000,28,14197.53
FFSU,NJ,00169406013,Victoza 6M,2019,4,false,270.000,49,27100.29
MCOU,NJ,00169406013,Victoza 6M,2019,4,false,35022.000,3967,3509370.78
FFSU,NJ,00169406012,Victoza 6M,2019,3,false,90.000,20,9085.50
MCOU,NJ,00169406012,Victoza 6M,2019,3,false,9654.000,1643,962546.87
MCOU,NJ,00169406013,Victoza 6M,2019,3,false,35181.000,3954,3522981.01
FFSU,NJ,00169406013,Victoza 6M,2019,3,false,369.000,52,36884.65
MCOU,NJ,00169406012,Victoza 6M,2019,2,false,9324.000,1585,934208.03
FFSU,NJ,00169406012,Victoza 6M,2019,2,false,96.000,19,9702.14
FFSU,NJ,00169406013,Victoza 6M,2019,2,false,438.000,65,43824.46
MCOU,NJ,00169406013,Victoza 6M,2019,2,false,34059.000,3843,3412862.30
FFSU,NJ,00169406012,Victoza 6M,2019,1,false,132.000,23,12998.19
MCOU,NJ,00169406012,Victoza 6M,2019,1,false,8703.000,1476,884870.81
MCOU,NJ,00169406013,Victoza 6M,2019,1,false,31872.000,3602,3245143.02
FFSU,NJ,00169406013,Victoza 6M,2019,1,false,417.000,63,40953.32
FFSU,NM,00169406012,VICTOZA 2-,2019,4,false,642.000,94,67943.38
MCOU,NM,00169406012,VICTOZA 2-,2019,4,false,2136.000,330,217773.53
MCOU,NM,00169406013,VICTOZA 3-,2019,4,false,4044.000,440,407704.67
FFSU,NM,00169406013,VICTOZA 3-,2019,4,false,1623.000,188,170676.58
FFSU,NM,00169406012,VICTOZA 2-,2019,3,false,687.000,100,75370.93
MCOU,NM,00169406012,VICTOZA 2-,2019,3,false,2589.000,395,264883.24
MCOU,NM,00169406013,VICTOZA 3-,2019,3,false,4782.000,523,486293.39
FFSU,NM,00169406013,VICTOZA 3-,2019,3,false,1194.000,140,129442.50
FFSU,NM,00169406012,VICTOZA 2-,2019,2,false,672.000,97,73351.56
MCOU,NM,00169406012,VICTOZA 2-,2019,2,false,2661.000,390,270480.91
MCOU,NM,00169406013,VICTOZA 3-,2019,2,false,4557.000,512,465625.47
FFSU,NM,00169406013,VICTOZA 3-,2019,2,false,1008.000,112,109455.73
MCOU,NM,00169406012,VICTOZA 2-,2019,1,false,2367.000,344,234504.45
FFSU,NM,00169406012,VICTOZA 2-,2019,1,false,681.000,96,73286.62
FFSU,NM,00169406013,VICTOZA 3-,2019,1,false,1011.000,114,108835.89
MCOU,NM,00169406013,VICTOZA 3-,2019,1,false,5061.000,527,509937.39
MCOU,NV,00169406012,Victoza 6M,2019,4,false,1017.000,163,93566.28
FFSU,NV,00169406012,Victoza 6M,2019,4,false,642.000,67,63933.11
MCOU,NV,00169406013,Victoza 6M,2019,4,false,4104.000,445,417564.86
FFSU,NV,00169406013,Victoza 6M,2019,4,false,2169.000,123,213092.93
MCOU,NV,00169406012,Victoza 6M,2019,3,false,1482.000,245,143697.99
FFSU,NV,00169406012,Victoza 6M,2019,3,false,555.000,68,55372.65
FFSU,NV,00169406013,Victoza 6M,2019,3,false,2481.000,122,231443.94
MCOU,NV,00169406013,Victoza 6M,2019,3,false,3972.000,431,405300.50
FFSU,NV,00169406012,Victoza 6M,2019,2,false,522.000,61,50275.58
MCOU,NV,00169406012,Victoza 6M,2019,2,false,1323.000,220,129970.82
MCOU,NV,00169406013,Victoza 6M,2019,2,false,519.000,46,54184.56
FFSU,NV,00169406013,Victoza 6M,2019,2,false,2502.000,128,247718.19
MCOU,NV,00169406012,Victoza 6M,2019,1,false,186.000,27,18820.64
FFSU,NV,00169406012,Victoza 6M,2019,1,false,576.000,58,56050.31
FFSU,NV,00169406013,Victoza 6M,2019,1,false,323439.000,131,241940.76
MCOU,NV,00169406013,Victoza 6M,2019,1,false,3921.000,434,402810.88
FFSU,NY,00169406012,VICTOZA 2-,2019,4,false,2573.000,409,257401.73
MCOU,NY,00169406012,VICTOZA 2-,2019,4,false,28482.000,4711,2822705.11
FFSU,NY,00169406013,VICTOZA 3-,2019,4,false,6258.000,687,623005.86
MCOU,NY,00169406013,VICTOZA 3-,2019,4,false,83366.000,9292,8273540.54
FFSU,NY,00169406012,VICTOZA 2-,2019,3,false,2868.000,454,286174.55
MCOU,NY,00169406012,VICTOZA 2-,2019,3,false,29161.000,4856,2910264.82
MCOU,NY,00169406013,VICTOZA 3-,2019,3,false,88617.000,9886,8853658.19
FFSU,NY,00169406013,VICTOZA 3-,2019,3,false,6870.000,730,683607.62
FFSU,NY,00169406012,VICTOZA 2-,2019,2,false,2379.000,400,237762.86
MCOU,NY,00169406012,VICTOZA 2-,2019,2,false,31110.000,5167,3112948.92
MCOU,NY,00169406013,VICTOZA 3-,2019,2,false,89574.000,10004,8967426.30
FFSU,NY,00169406013,VICTOZA 3-,2019,2,false,6402.000,695,635530.58
MCOU,NY,00169406012,VICTOZA 2-,2019,1,false,33163.000,5496,3304147.84
FFSU,NY,00169406012,VICTOZA 2-,2019,1,false,2187.000,362,214458.49
FFSU,NY,00169406013,VICTOZA 3-,2019,1,false,5907.000,654,577395.88
MCOU,NY,00169406013,VICTOZA 3-,2019,1,false,91374.000,10227,9108339.78
MCOU,OH,00169406012,Victoza 6M,2019,4,false,28553.000,4778,2880693.35
FFSU,OH,00169406012,Victoza 6M,2019,4,false,2457.000,449,235038.60
MCOU,OH,00169406013,Victoza 6M,2019,4,false,72033.000,8180,7261324.74
FFSU,OH,00169406013,Victoza 6M,2019,4,false,5442.000,658,536804.34
MCOU,OH,00169406012,Victoza 6M,2019,3,false,28330.000,4776,2849909.15
FFSU,OH,00169406012,Victoza 6M,2019,3,false,2451.000,460,240361.71
FFSU,OH,00169406013,Victoza 6M,2019,3,false,4758.000,597,471636.61
MCOU,OH,00169406013,Victoza 6M,2019,3,false,73479.000,8314,7404409.68
FFSU,OH,00169406012,Victoza 6M,2019,2,false,2262.000,415,220644.04
MCOU,OH,00169406012,Victoza 6M,2019,2,false,29284.000,4909,2950399.53
FFSU,OH,00169406013,Victoza 6M,2019,2,false,4638.000,574,459421.70
MCOU,OH,00169406013,Victoza 6M,2019,2,false,74643.000,8462,7521788.12
FFSU,OH,00169406012,Victoza 6M,2019,1,false,2355.000,440,227544.77
MCOU,OH,00169406012,Victoza 6M,2019,1,false,29040.000,4888,2911258.63
MCOU,OH,00169406013,Victoza 6M,2019,1,false,73288.000,8288,7357644.65
FFSU,OH,00169406013,Victoza 6M,2019,1,false,4644.000,584,449648.41
FFSU,OK,00169406012,Victoza 6M,2019,4,false,1851.000,320,185164.80
FFSU,OK,00169406013,Victoza 6M,2019,4,false,6123.000,694,603733.08
FFSU,OK,00169406012,Victoza 6M,2019,3,false,1932.000,334,192034.82
FFSU,OK,00169406013,Victoza 6M,2019,3,false,5991.000,679,585525.96
FFSU,OK,00169406012,Victoza 6M,2019,2,false,1662.000,285,165984.27
FFSU,OK,00169406013,Victoza 6M,2019,2,false,5934.000,674,583150.67
FFSU,OK,00169406012,Victoza 6M,2019,1,false,1254.000,217,122762.78
FFSU,OK,00169406013,Victoza 6M,2019,1,false,5754.000,652,556122.21
FFSU,OR,00169406012,Victoza 6M,2019,4,false,204.000,33,20232.18
MCOU,OR,00169406012,Victoza 6M,2019,4,false,4890.000,808,492678.35
MCOU,OR,00169406013,Victoza 6M,2019,4,false,11466.000,1285,1153106.73
FFSU,OR,00169406013,Victoza 6M,2019,4,false,459.000,51,45100.15
MCOU,OR,00169406012,Victoza 6M,2019,3,false,4906.000,810,493854.52
FFSU,OR,00169406012,Victoza 6M,2019,3,false,204.000,36,20398.73
MCOU,OR,00169406013,Victoza 6M,2019,3,false,11649.000,1283,1169277.08
FFSU,OR,00169406013,Victoza 6M,2019,3,false,366.000,41,36222.94
MCOU,OR,00169406012,Victoza 6M,2019,2,false,4857.000,801,486275.57
FFSU,OR,00169406012,Victoza 6M,2019,2,false,156.000,27,15539.65
FFSU,OR,00169406013,Victoza 6M,2019,2,false,444.000,50,43830.13
MCOU,OR,00169406013,Victoza 6M,2019,2,false,10713.000,1176,1075843.98
FFSU,OR,00169406012,Victoza 6M,2019,1,false,99.000,16,9767.08
MCOU,OR,00169406012,Victoza 6M,2019,1,false,4744.000,775,473347.57
FFSU,OR,00169406013,Victoza 6M,2019,1,false,342.000,38,33801.80
MCOU,OR,00169406013,Victoza 6M,2019,1,false,9918.000,1098,987934.74
MCOU,PA,00169406012,Victoza 6M,2019,4,false,15059.000,2460,1510527.93
FFSU,PA,00169406012,Victoza 6M,2019,4,false,561.000,114,55827.61
FFSU,PA,00169406013,Victoza 6M,2019,4,false,1242.000,123,122682.35
MCOU,PA,00169406013,Victoza 6M,2019,4,false,48228.000,4795,4798971.88
MCOU,PA,00169406012,Victoza 6M,2019,3,false,17537.000,2778,1756695.14
FFSU,PA,00169406012,Victoza 6M,2019,3,false,444.000,86,44236.91
MCOU,PA,00169406013,Victoza 6M,2019,3,false,49932.000,4904,4967184.93
FFSU,PA,00169406013,Victoza 6M,2019,3,false,1263.000,129,124760.39
FFSU,PA,00169406012,Victoza 6M,2019,2,false,534.000,92,52951.20
MCOU,PA,00169406012,Victoza 6M,2019,2,false,19674.000,3222,1972558.33
FFSU,PA,00169406013,Victoza 6M,2019,2,false,1089.000,115,107422.93
MCOU,PA,00169406013,Victoza 6M,2019,2,false,50871.000,5337,5075324.00
FFSU,PA,00169406012,Victoza 6M,2019,1,false,483.000,83,45685.29
MCOU,PA,00169406012,Victoza 6M,2019,1,false,18387.000,3022,1855011.50
MCOU,PA,00169406013,Victoza 6M,2019,1,false,49028.833,5221,4976565.48
FFSU,PA,00169406013,Victoza 6M,2019,1,false,1014.000,113,95350.89
MCOU,RI,00169406012,Victoza 6M,2019,4,false,981.000,155,96976.59
FFSU,RI,00169406012,Victoza 6M,2019,4,true,,,
FFSU,RI,00169406013,Victoza 6M,2019,4,true,,,
MCOU,RI,00169406013,Victoza 6M,2019,4,false,1158.000,135,110904.74
FFSU,RI,00169406012,Victoza 6M,2019,3,true,,,
MCOU,RI,00169406012,Victoza 6M,2019,3,false,932.000,152,90655.96
FFSU,RI,00169406013,Victoza 6M,2019,3,true,,,
MCOU,RI,00169406013,Victoza 6M,2019,3,false,1077.000,128,107702.18
MCOU,RI,00169406012,Victoza 6M,2019,2,false,905.000,149,89073.46
FFSU,RI,00169406012,Victoza 6M,2019,2,true,,,
MCOU,RI,00169406013,Victoza 6M,2019,2,false,1032.000,116,102032.96
FFSU,RI,00169406013,Victoza 6M,2019,2,true,,,
FFSU,RI,00169406012,Victoza 6M,2019,1,true,,,
MCOU,RI,00169406012,Victoza 6M,2019,1,false,874.000,146,87394.66
MCOU,RI,00169406013,Victoza 6M,2019,1,false,1002.000,109,99035.11
FFSU,RI,00169406013,Victoza 6M,2019,1,true,,,
MCOU,SC,00169406012,VICTOZA 2-,2019,4,false,3315.000,558,323978.59
FFSU,SC,00169406012,VICTOZA 2-,2019,4,false,255.000,42,26437.16
MCOU,SC,00169406013,VICTOZA 3-,2019,4,false,8322.000,947,821906.23
FFSU,SC,00169406013,VICTOZA 3-,2019,4,false,567.000,70,58722.51
FFSU,SC,00169406012,VICTOZA 2-,2019,3,false,180.000,33,18621.76
MCOU,SC,00169406012,VICTOZA 2-,2019,3,false,2652.000,434,259323.11
FFSU,SC,00169406013,VICTOZA 3-,2019,3,false,564.000,71,58412.79
MCOU,SC,00169406013,VICTOZA 3-,2019,3,false,6204.000,704,615347.53
MCOU,SC,00169406012,VICTOZA 2-,2019,2,false,2730.000,451,270935.62
FFSU,SC,00169406012,VICTOZA 2-,2019,2,false,198.000,33,20528.50
MCOU,SC,00169406013,VICTOZA 3-,2019,2,false,6798.000,771,671811.03
FFSU,SC,00169406013,VICTOZA 3-,2019,2,false,417.000,51,43185.64
MCOU,SC,00169406012,VICTOZA 2-,2019,1,false,2427.000,400,242227.95
FFSU,SC,00169406012,VICTOZA 2-,2019,1,false,243.000,40,24829.63
MCOU,SC,00169406013,VICTOZA 3-,2019,1,false,6330.000,721,632453.72
FFSU,SC,00169406013,VICTOZA 3-,2019,1,false,402.000,49,40945.67
FFSU,SD,00169406012,Victoza 6M,2019,4,false,222.000,37,22260.67
FFSU,SD,00169406013,Victoza 6M,2019,4,false,774.000,86,76669.40
FFSU,SD,00169406012,Victoza 6M,2019,3,false,254.000,43,27484.81
FFSU,SD,00169406013,Victoza 6M,2019,3,false,744.000,83,72831.26
FFSU,SD,00169406012,Victoza 6M,2019,2,false,293.000,50,31516.01
FFSU,SD,00169406013,Victoza 6M,2019,2,false,714.000,80,68663.22
FFSU,SD,00169406012,Victoza 6M,2019,1,false,275.000,47,28682.17
FFSU,SD,00169406013,Victoza 6M,2019,1,false,717.000,80,68515.07
FFSU,TN,00169406012,Victoza 6M,2019,4,false,9377.000,1514,935742.03
FFSU,TN,00169406013,Victoza 6M,2019,4,false,19334.000,2201,1919206.24
FFSU,TN,00169406012,Victoza 6M,2019,3,false,9134.000,1470,908144.98
FFSU,TN,00169406013,Victoza 6M,2019,3,false,19426.000,2198,1919472.04
FFSU,TN,00169406012,VICTOZA 2-,2019,2,false,8043.000,1318,797503.82
FFSU,TN,00169406013,Victoza 6M,2019,2,false,19275.000,2174,1904544.79
FFSU,TN,00169406012,VICTOZA 2-,2019,1,false,7614.000,1261,743917.21
FFSU,TN,00169406013,Victoza 6M,2019,1,false,19515.000,2193,1892624.17
FFSU,TX,00169406012,VICTOZA 2-,2019,4,false,108.000,19,11006.91
MCOU,TX,00169406012,VICTOZA 2-,2019,4,false,10991.000,1803,1107324.34
FFSU,TX,00169406013,VICTOZA 3-,2019,4,false,108.000,12,10936.98
MCOU,TX,00169406013,VICTOZA 3-,2019,4,false,29034.000,3253,2925063.44
FFSU,TX,00169406012,VICTOZA 2-,2019,3,true,,,
MCOU,TX,00169406012,VICTOZA 2-,2019,3,false,12477.000,2029,1257421.52
MCOU,TX,00169406013,VICTOZA 3-,2019,3,false,30966.000,3506,3120035.35
FFSU,TX,00169406013,VICTOZA 3-,2019,3,false,153.000,16,15457.95
MCOU,TX,00169406012,VICTOZA 2-,2019,2,false,11988.000,1952,1209461.70
FFSU,TX,00169406012,VICTOZA 2-,2019,2,true,,,
MCOU,TX,00169406013,VICTOZA 3-,2019,2,false,29445.000,3294,2967997.54
FFSU,TX,00169406013,VICTOZA 3-,2019,2,false,141.000,17,14199.06
MCOU,TX,00169406012,VICTOZA 2-,2019,1,false,10737.000,1744,1082186.51
FFSU,TX,00169406012,VICTOZA 2-,2019,1,true,,,
FFSU,TX,00169406013,VICTOZA 3-,2019,1,true,,,
MCOU,TX,00169406013,VICTOZA 3-,2019,1,false,28134.000,3115,2830587.94
FFSU,UT,00169406012,Victoza 6M,2019,4,false,858.000,141,85737.32
MCOU,UT,00169406012,Victoza 6M,2019,4,false,561.000,91,56548.24
FFSU,UT,00169406013,Victoza 6M,2019,4,false,1767.000,198,174836.65
MCOU,UT,00169406013,Victoza 6M,2019,4,false,2127.000,241,216347.25
MCOU,UT,00169406012,Victoza 6M,2019,3,false,714.000,116,72298.59
FFSU,UT,00169406012,Victoza 6M,2019,3,false,711.000,117,71028.01
FFSU,UT,00169406013,Victoza 6M,2019,3,false,1623.000,178,159521.59
MCOU,UT,00169406013,Victoza 6M,2019,3,false,2424.000,273,246275.11
FFSU,UT,00169406012,Victoza 6M,2019,2,false,567.000,90,56545.54
MCOU,UT,00169406012,Victoza 6M,2019,2,false,879.000,143,92107.40
FFSU,UT,00169406013,Victoza 6M,2019,2,false,1161.000,129,114457.78
MCOU,UT,00169406013,Victoza 6M,2019,2,false,2343.000,263,242420.44
FFSU,UT,00169406012,Victoza 6M,2019,1,false,432.000,69,42507.51
MCOU,UT,00169406012,Victoza 6M,2019,1,false,666.000,108,72015.67
MCOU,UT,00169406013,Victoza 6M,2019,1,false,1827.000,208,186113.61
FFSU,UT,00169406013,Victoza 6M,2019,1,false,1050.000,122,102473.04
MCOU,VA,00169406012,VICTOZA 2-,2019,4,false,12723.000,2158,1277618.85
FFSU,VA,00169406012,VICTOZA 2-,2019,4,false,165.000,28,16459.90
FFSU,VA,00169406013,VICTOZA 3-,2019,4,false,183.000,21,18184.83
MCOU,VA,00169406013,VICTOZA 3-,2019,4,false,26709.000,3112,2683525.33
FFSU,VA,00169406012,VICTOZA 2-,2019,3,false,99.000,17,9876.21
MCOU,VA,00169406012,VICTOZA 2-,2019,3,false,12624.000,2113,1275947.62
FFSU,VA,00169406013,VICTOZA 3-,2019,3,false,231.000,33,22929.51
MCOU,VA,00169406013,VICTOZA 3-,2019,3,false,23043.000,2688,2324166.50
MCOU,VA,00169406012,VICTOZA 2-,2019,2,false,10178.000,1676,1030776.05
FFSU,VA,00169406012,VICTOZA 2-,2019,2,false,135.000,23,13167.85
MCOU,VA,00169406013,VICTOZA 3-,2019,2,false,19794.000,2273,1991659.52
FFSU,VA,00169406013,VICTOZA 3-,2019,2,false,258.000,31,25127.00
FFSU,VA,00169406012,VICTOZA 2-,2019,1,false,198.000,34,19553.77
MCOU,VA,00169406012,VICTOZA 2-,2019,1,false,7058.000,1170,713004.50
MCOU,VA,00169406013,VICTOZA 3-,2019,1,false,14520.000,1659,1455360.47
FFSU,VA,00169406013,VICTOZA 3-,2019,1,false,279.000,31,26998.44
FFSU,VT,00169406012,Victoza 6M,2019,4,false,1146.000,163,114232.73
FFSU,VT,00169406013,Victoza 6M,2019,4,false,5007.000,399,496251.09
FFSU,VT,00169406012,Victoza 6M,2019,3,false,1290.000,186,128610.05
FFSU,VT,00169406013,Victoza 6M,2019,3,false,4944.000,447,487874.16
FFSU,VT,00169406012,Victoza 6M,2019,2,false,1425.000,236,141562.38
FFSU,VT,00169406013,Victoza 6M,2019,2,false,4233.000,468,420222.36
FFSU,VT,00169406012,Victoza 6M,2019,1,false,1380.000,232,133828.01
FFSU,VT,00169406013,Victoza 6M,2019,1,false,4086.000,463,398970.58
MCOU,WA,00169406012,Victoza 6M,2019,4,false,13122.000,2203,1288827.24
FFSU,WA,00169406012,Victoza 6M,2019,4,false,384.000,64,38105.62
MCOU,WA,00169406013,Victoza 6M,2019,4,false,26040.000,2948,2564922.07
FFSU,WA,00169406013,Victoza 6M,2019,4,false,795.000,89,78654.34
FFSU,WA,00169406012,Victoza 6M,2019,3,false,432.000,69,42565.11
MCOU,WA,00169406012,Victoza 6M,2019,3,false,13638.000,2305,1339898.75
FFSU,WA,00169406013,Victoza 6M,2019,3,false,792.000,93,78375.28
MCOU,WA,00169406013,Victoza 6M,2019,3,false,26499.000,2969,2609965.14
MCOU,WA,00169406012,Victoza 6M,2019,2,false,11208.000,1881,1101410.42
FFSU,WA,00169406012,Victoza 6M,2019,2,false,279.000,46,27076.15
FFSU,WA,00169406013,Victoza 6M,2019,2,false,609.000,72,60228.69
MCOU,WA,00169406013,Victoza 6M,2019,2,false,20733.000,2324,2037131.46
FFSU,WA,00169406012,Victoza 6M,2019,1,false,219.000,39,20695.87
MCOU,WA,00169406012,Victoza 6M,2019,1,false,9486.000,1594,930622.22
MCOU,WA,00169406013,Victoza 6M,2019,1,false,18849.000,2077,1835669.13
FFSU,WA,00169406013,Victoza 6M,2019,1,false,609.000,77,59400.03
MCOU,WI,00169406012,Victoza 6M,2019,4,false,83.000,18,0.00
FFSU,WI,00169406012,Victoza 6M,2019,4,false,6300.000,999,637996.26
FFSU,WI,00169406013,Victoza 6M,2019,4,false,13818.000,1555,1396026.00
MCOU,WI,00169406013,VICTOZA 6M,2019,4,false,129.000,20,936.04
FFSU,WI,00169406012,Victoza 6M,2019,3,false,6249.000,1001,634715.21
MCOU,WI,00169406012,Victoza 6M,2019,3,false,96.000,19,0.00
FFSU,WI,00169406013,Victoza 6M,2019,3,false,13725.000,1532,1385670.90
MCOU,WI,00169406013,Victoza 6M,2019,3,true,,,
FFSU,WI,00169406012,Victoza 6M,2019,2,false,6380.000,1030,649078.51
MCOU,WI,00169406012,Victoza 6M,2019,2,false,45.000,12,0.00
FFSU,WI,00169406013,Victoza 6M,2019,2,false,13725.000,1526,1385138.20
MCOU,WI,00169406013,Victoza 6M,2019,2,true,,,
FFSU,WI,00169406012,Victoza 6M,2019,1,false,6015.000,974,599959.11
MCOU,WI,00169406012,Victoza 6M,2019,1,true,,,
MCOU,WI,00169406013,Victoza 6M,2019,1,true,,,
FFSU,WI,00169406013,Victoza 6M,2019,1,false,13347.000,1493,1323990.91
FFSU,WV,00169406012,VICTOZA 2-,2019,4,false,2730.000,455,272989.42
FFSU,WV,00169406013,VICTOZA 3-,2019,4,false,5088.000,574,501784.91
FFSU,WV,00169406012,VICTOZA 2-,2019,3,false,2945.000,494,292377.75
FFSU,WV,00169406013,VICTOZA 3-,2019,3,false,5277.000,593,518702.85
FFSU,WV,00169406012,VICTOZA 2-,2019,2,false,3840.000,643,381081.56
FFSU,WV,00169406013,VICTOZA 3-,2019,2,false,5592.000,617,551667.97
FFSU,WV,00169406012,VICTOZA 2-,2019,1,false,3888.000,652,375964.24
FFSU,WV,00169406013,VICTOZA 3-,2019,1,false,6027.000,669,577708.45
FFSU,WY,00169406012,Victoza 6M,2019,4,false,297.000,48,29541.24
FFSU,WY,00169406013,Victoza 6M,2019,4,false,646.000,65,63681.85
FFSU,WY,00169406012,Victoza 6M,2019,3,false,336.000,47,33432.75
FFSU,WY,00169406013,Victoza 6M,2019,3,false,606.000,57,60102.26
FFSU,WY,00169406012,Victoza 6M,2019,2,false,339.000,51,33731.36
FFSU,WY,00169406013,Victoza 6M,2019,2,false,672.000,62,66597.68
FFSU,WY,00169406012,Victoza 6M,2019,1,false,354.000,53,34667.36
FFSU,WY,00169406013,Victoza 6M,2019,1,false,570.000,54,55999.76
MCOU,AZ,00169280015,SAXENDA   ,2019,4,false,276.000,20,22374.14
MCOU,AZ,00169280015,SAXENDA   ,2019,3,false,381.000,27,29031.06
MCOU,AZ,00169280015,SAXENDA   ,2019,2,false,345.000,23,28413.45
MCOU,AZ,00169280015,SAXENDA   ,2019,1,false,240.000,16,19878.51
MCOU,CA,00169280015,SAXENDA   ,2019,4,false,19484.000,1346,1539791.95
FFSU,CA,00169280015,SAXENDA   ,2019,4,false,2781.000,188,231952.27
FFSU,CA,00169280015,SAXENDA   ,2019,3,false,3027.000,201,252723.91
MCOU,CA,00169280015,SAXENDA   ,2019,3,false,18243.000,1258,1414016.58
FFSU,CA,00169280015,SAXENDA   ,2019,2,false,1860.000,126,155637.42
MCOU,CA,00169280015,SAXENDA   ,2019,2,false,14346.000,1011,1114222.23
FFSU,CA,00169280015,SAXENDA   ,2019,1,false,1398.000,94,116477.92
MCOU,CA,00169280015,SAXENDA   ,2019,1,false,12374.000,879,975653.82
MCOU,DE,00169280015,SAXENDA   ,2019,4,false,1497.000,110,3521.82
MCOU,DE,00169280015,SAXENDA   ,2019,3,false,933.000,67,3544.32
MCOU,DE,00169280015,SAXENDA   ,2019,2,false,774.000,56,2370.95
MCOU,DE,00169280015,SAXENDA   ,2019,1,false,582.000,41,6.00
MCOU,FL,00169280015,SAXENDA   ,2019,3,true,,,
MCOU,FL,00169280015,SAXENDA   ,2019,2,true,,,
MCOU,FL,00169280015,SAXENDA   ,2019,1,true,,,
MCOU,HI,00169280015,SAXENDA 18,2019,3,true,,,
MCOU,IA,00169280015,SAXENDA   ,2019,3,true,,,
MCOU,IL,00169280015,SAXENDA   ,2019,1,true,,,
MCOU,IN,00169280015,SAXENDA   ,2019,4,false,621.000,53,49578.34
MCOU,KS,00169280015,SAXENDA   ,2019,4,false,5184.000,383,418375.23
MCOU,KS,00169280015,SAXENDA   ,2019,3,false,5316.000,390,428853.69
MCOU,KS,00169280015,SAXENDA   ,2019,2,false,5286.000,396,425556.45
MCOU,KS,00169280015,SAXENDA   ,2019,1,false,4305.000,330,346049.88
MCOU,KY,00169280015,SAXENDA   ,2019,4,true,,,
MCOU,KY,00169280015,SAXENDA   ,2019,3,true,,,
MCOU,KY,00169280015,SAXENDA   ,2019,2,false,180.000,12,15164.44
MCOU,KY,00169280015,SAXENDA   ,2019,1,true,,,
MCOU,LA,00169280015,SAXENDA   ,2019,1,true,,,
MCOU,MA,00169280015,SAXENDA 18,2019,4,true,,,
MCOU,MA,00169280015,SAXENDA 18,2019,3,true,,,
MCOU,MA,00169280015,SAXENDA 18,2019,2,true,,,
MCOU,MA,00169280015,SAXENDA 18,2019,1,true,,,
MCOU,MD,00169280015,SAXENDA 18,2019,4,true,,,
MCOU,MD,00169280015,SAXENDA 18,2019,3,true,,,
MCOU,MD,00169280015,SAXENDA 18,2019,2,true,,,
MCOU,MD,00169280015,SAXENDA 18,2019,1,true,,,
FFSU,MI,00169280015,SAXENDA   ,2019,4,true,,,
FFSU,MI,00169280015,SAXENDA   ,2019,3,true,,,
FFSU,MI,00169280015,SAXENDA   ,2019,2,true,,,
FFSU,MI,00169280015,SAXENDA   ,2019,1,true,,,
FFSU,XX,00169280015,SAXENDA   ,2019,4,false,7839.000,557,654138.31
MCOU,XX,00169280015,SAXENDA   ,2019,4,false,31289.000,2220,2371239.13
FFSU,XX,00169280015,SAXENDA   ,2019,3,false,7878.000,553,655873.03
MCOU,XX,00169280015,SAXENDA   ,2019,3,false,28674.000,2017,2179173.33
FFSU,XX,00169280015,SAXENDA   ,2019,2,false,6169.000,448,518065.54
MCOU,XX,00169280015,SAXENDA   ,2019,2,false,23511.000,1679,1792434.86
FFSU,XX,00169280015,SAXENDA   ,2019,1,false,5532.000,401,459257.71
MCOU,XX,00169280015,SAXENDA   ,2019,1,false,19568.000,1410,1511975.66
MCOU,ND,00169280015,SAXENDA 18,2019,4,true,,,
MCOU,ND,00169280015,SAXENDA 18,2019,3,true,,,
MCOU,ND,00169280015,SAXENDA 18,2019,2,true,,,
MCOU,NE,00169280015,SAXENDA   ,2019,4,true,,,
MCOU,NE,00169280015,SAXENDA   ,2019,3,true,,,
MCOU,NE,00169280015,SAXENDA   ,2019,2,true,,,
MCOU,NE,00169280015,SAXENDA   ,2019,1,true,,,
MCOU,NH,00169280015,SAXENDA   ,2019,4,true,,,
MCOU,NH,00169280015,SAXENDA   ,2019,3,true,,,
MCOU,NH,00169280015,SAXENDA   ,2019,2,true,,,
MCOU,NH,00169280015,SAXENDA   ,2019,1,true,,,
MCOU,NJ,00169280015,SAXENDA   ,2019,4,true,,,
MCOU,NJ,00169280015,SAXENDA   ,2019,3,true,,,
MCOU,NJ,00169280015,SAXENDA   ,2019,2,true,,,
MCOU,NJ,00169280015,SAXENDA   ,2019,1,true,,,
FFSU,NM,00169280015,SAXENDA 18,2019,4,true,,,
FFSU,NM,00169280015,SAXENDA 18,2019,3,true,,,
FFSU,NM,00169280015,SAXENDA 18,2019,2,true,,,
FFSU,NV,00169280015,SAXENDA   ,2019,4,true,,,
FFSU,NV,00169280015,SAXENDA   ,2019,3,true,,,
FFSU,NV,00169280015,SAXENDA   ,2019,2,true,,,
FFSU,NV,00169280015,SAXENDA   ,2019,1,true,,,
MCOU,NY,00169280015,SAXENDA   ,2019,4,true,,,
MCOU,NY,00169280015,SAXENDA   ,2019,3,true,,,
MCOU,NY,00169280015,SAXENDA   ,2019,2,true,,,
MCOU,NY,00169280015,SAXENDA   ,2019,1,true,,,
MCOU,OH,00169280015,SAXENDA   ,2019,4,true,,,
MCOU,OH,00169280015,SAXENDA   ,2019,3,true,,,
MCOU,PA,00169280015,SAXENDA   ,2019,4,true,,,
MCOU,PA,00169280015,SAXENDA   ,2019,3,true,,,
MCOU,PA,00169280015,SAXENDA   ,2019,2,true,,,
MCOU,PA,00169280015,SAXENDA   ,2019,1,true,,,
MCOU,RI,00169280015,SAXENDA   ,2019,4,false,369.000,27,30298.18
MCOU,RI,00169280015,SAXENDA   ,2019,3,false,285.000,21,23401.09
MCOU,RI,00169280015,SAXENDA   ,2019,2,false,222.000,18,18229.12
MCOU,RI,00169280015,SAXENDA   ,2019,1,false,144.000,11,11777.72
MCOU,SC,00169280015,SAXENDA   ,2019,4,false,132.000,12,4476.52
MCOU,SC,00169280015,SAXENDA   ,2019,3,true,,,
MCOU,SC,00169280015,SAXENDA   ,2019,2,true,,,
MCOU,SC,00169280015,SAXENDA   ,2019,1,true,,,
FFSU,TN,00169280015,SAXENDA   ,2019,4,true,,,
FFSU,TN,00169280015,SAXENDA   ,2019,3,true,,,
FFSU,TN,00169280015,SAXENDA   ,2019,2,true,,,
FFSU,TN,00169280015,SAXENDA   ,2019,1,true,,,
MCOU,VA,00169280015,SAXENDA   ,2019,4,false,2937.000,214,241402.13
FFSU,VA,00169280015,SAXENDA   ,2019,4,true,,,
MCOU,VA,00169280015,SAXENDA   ,2019,3,false,2703.000,194,217203.50
MCOU,VA,00169280015,SAXENDA   ,2019,2,false,1893.000,132,151911.04
FFSU,VA,00169280015,SAXENDA   ,2019,2,true,,,
FFSU,VA,00169280015,SAXENDA   ,2019,1,true,,,
MCOU,VA,00169280015,SAXENDA   ,2019,1,false,1395.000,96,116099.45
MCOU,WI,00169280015,SAXENDA   ,2019,4,true,,,
FFSU,WI,00169280015,SAXENDA   ,2019,4,false,4941.000,360,414431.67
MCOU,WI,00169280015,SAXENDA   ,2019,3,true,,,
FFSU,WI,00169280015,SAXENDA   ,2019,3,false,4638.000,337,391400.62
FFSU,WI,00169280015,SAXENDA   ,2019,2,false,4144.000,308,349158.43
MCOU,WI,00169280015,SAXENDA   ,2019,2,true,,,
FFSU,WI,00169280015,SAXENDA   ,2019,1,false,3906.000,291,324548.67
FFSU,AK,00310651201,BYETTA    ,2019,4,false,19.200,16,11420.66
FFSU,AK,00310652401,BYETTA    ,2019,4,false,52.800,22,15567.18
FFSU,AK,00310651201,BYETTA    ,2019,3,false,18.000,15,10695.03
FFSU,AK,00310652401,BYETTA    ,2019,3,false,67.200,28,19889.80
FFSU,AK,00310651201,BYETTA    ,2019,2,true,,,
FFSU,AK,00310652401,BYETTA    ,2019,2,false,84.000,35,24825.26
FFSU,AK,00310651201,BYETTA    ,2019,1,false,21.600,18,12742.00
FFSU,AK,00310652401,BYETTA    ,2019,1,false,62.400,26,18406.74
FFSU,AL,00310651201,Byetta 250,2019,4,true,,,
FFSU,AL,00310652401,Byetta 250,2019,4,false,33.600,14,10053.28
FFSU,AL,00310651201,Byetta 250,2019,3,true,,,
FFSU,AL,00310652401,Byetta 250,2019,3,false,45.600,19,13621.10
FFSU,AL,00310651201,Byetta 250,2019,2,true,,,
FFSU,AL,00310652401,Byetta 250,2019,2,false,52.800,22,17170.50
FFSU,AL,00310651201,Byetta 250,2019,1,false,13.200,11,7829.14
FFSU,AL,00310652401,Byetta 250,2019,1,false,55.200,23,16311.88
FFSU,AR,00310651201,BYETTA    ,2019,4,true,,,
FFSU,AR,00310652401,BYETTA    ,2019,4,true,,,
FFSU,AR,00310651201,BYETTA    ,2019,3,true,,,
FFSU,AR,00310652401,BYETTA    ,2019,3,true,,,
FFSU,AR,00310651201,BYETTA    ,2019,2,true,,,
FFSU,AR,00310651201,BYETTA    ,2019,1,true,,,
MCOU,AZ,00310651201,BYETTA    ,2019,4,false,84.000,66,49353.12
MCOU,AZ,00310652401,BYETTA    ,2019,4,false,196.800,81,55155.91
MCOU,AZ,00310651201,BYETTA    ,2019,3,false,87.600,73,52252.63
MCOU,AZ,00310652401,BYETTA    ,2019,3,false,199.200,82,58484.93
MCOU,AZ,00310651201,BYETTA    ,2019,2,false,66.000,55,39283.11
MCOU,AZ,00310652401,BYETTA    ,2019,2,false,230.400,95,68305.02
MCOU,AZ,00310651201,BYETTA    ,2019,1,false,72.000,60,43242.89
MCOU,AZ,00310652401,BYETTA    ,2019,1,false,247.200,99,72738.89
FFSU,CA,00310651201,BYETTA 250,2019,4,false,70.800,56,42690.56
MCOU,CA,00310651201,BYETTA 250,2019,4,false,139.200,107,79951.27
MCOU,CA,00310652401,BYETTA 250,2019,4,false,342.400,141,104569.23
FFSU,CA,00310652401,BYETTA 250,2019,4,false,189.600,77,58499.63
FFSU,CA,00310651201,BYETTA 250,2019,3,false,99.600,80,60258.40
MCOU,CA,00310651201,BYETTA 250,2019,3,false,170.400,130,98229.48
FFSU,CA,00310652401,BYETTA 250,2019,3,false,216.000,90,66717.78
MCOU,CA,00310652401,BYETTA 250,2019,3,false,432.600,178,131003.19
MCOU,CA,00310651201,BYETTA 250,2019,2,false,190.800,155,111372.33
FFSU,CA,00310651201,BYETTA 250,2019,2,false,86.400,67,52536.61
MCOU,CA,00310652401,BYETTA 250,2019,2,false,622.200,252,187192.05
FFSU,CA,00310652401,BYETTA 250,2019,2,false,216.000,89,67342.47
FFSU,CA,00310651201,BYETTA 250,2019,1,false,115.200,91,69668.01
MCOU,CA,00310651201,BYETTA 250,2019,1,false,253.200,207,147954.87
MCOU,CA,00310652401,BYETTA 250,2019,1,false,633.200,257,191102.99
FFSU,CA,00310652401,BYETTA 250,2019,1,false,292.800,121,90749.52
MCOU,CO,00310651201,BYETTA    ,2019,4,true,,,
FFSU,CO,00310651201,BYETTA    ,2019,4,false,232.800,146,134449.02
FFSU,CO,00310652401,BYETTA    ,2019,4,false,793.600,228,233436.17
MCOU,CO,00310652401,BYETTA    ,2019,4,false,50.400,21,14892.55
FFSU,CO,00310651201,BYETTA    ,2019,3,false,337.200,234,199116.27
MCOU,CO,00310651201,BYETTA    ,2019,3,true,,,
FFSU,CO,00310652401,BYETTA    ,2019,3,false,956.400,282,283067.53
MCOU,CO,00310652401,BYETTA    ,2019,3,false,48.000,20,14256.95
FFSU,CO,00310651201,BYETTA    ,2019,2,false,314.400,202,185325.35
MCOU,CO,00310651201,BYETTA    ,2019,2,false,18.000,15,10628.92
FFSU,CO,00310652401,BYETTA    ,2019,2,false,894.800,276,266035.99
MCOU,CO,00310652401,BYETTA    ,2019,2,false,38.400,16,11453.04
MCOU,CO,00310651201,BYETTA    ,2019,1,false,18.000,15,10573.90
FFSU,CO,00310651201,BYETTA    ,2019,1,false,325.000,196,189506.81
MCOU,CO,00310652401,BYETTA    ,2019,1,false,28.800,12,8602.89
FFSU,CO,00310652401,BYETTA    ,2019,1,false,1036.800,308,308392.19
FFSU,CT,00310651201,Byetta 250,2019,4,false,25.200,19,14956.30
FFSU,CT,00310652401,BYETTA 250,2019,4,false,55.200,16,16278.39
FFSU,CT,00310651201,Byetta 250,2019,3,false,21.600,18,12836.57
FFSU,CT,00310652401,Byetta 250,2019,3,false,69.600,24,20587.03
FFSU,CT,00310651201,Byetta 250,2019,2,false,22.800,19,13496.14
FFSU,CT,00310652401,BYETTA 250,2019,2,false,67.200,23,19875.28
FFSU,CT,00310651201,BYETTA 250,2019,1,false,18.000,15,10604.64
FFSU,CT,00310652401,Byetta 250,2019,1,false,67.200,21,19771.54
FFSU,DC,00310651201,BYETTA 5 M,2019,4,true,,,
FFSU,DC,00310652401,BYETTA 10 ,2019,4,true,,,
FFSU,DC,00310651201,BYETTA 5 M,2019,3,true,,,
FFSU,DC,00310652401,BYETTA 10 ,2019,3,false,28.800,12,8545.80
FFSU,DC,00310651201,BYETTA 5 M,2019,2,true,,,
MCOU,DC,00310651201,BYETTA 5 M,2019,2,true,,,
FFSU,DC,00310652401,BYETTA 10 ,2019,2,false,33.600,14,9970.10
FFSU,DC,00310651201,BYETTA 5 M,2019,1,true,,,
MCOU,DC,00310651201,BYETTA 5 M,2019,1,true,,,
FFSU,DC,00310652401,BYETTA 10 ,2019,1,false,31.200,13,9217.11
MCOU,DE,00310651201,Byetta 250,2019,4,true,,,
MCOU,DE,00310651201,Byetta 250,2019,3,true,,,
MCOU,DE,00310652401,Byetta 250,2019,3,true,,,
MCOU,DE,00310651201,Byetta 250,2019,2,true,,,
MCOU,DE,00310652401,Byetta 250,2019,2,true,,,
MCOU,DE,00310651201,Byetta 250,2019,1,true,,,
MCOU,DE,00310652401,Byetta 250,2019,1,true,,,
MCOU,FL,00310651201,BYETTA    ,2019,4,false,607.200,496,355153.56
FFSU,FL,00310651201,BYETTA    ,2019,4,false,68.400,57,40070.19
MCOU,FL,00310652401,BYETTA    ,2019,4,false,1029.600,429,302557.28
FFSU,FL,00310652401,BYETTA    ,2019,4,false,124.800,52,35369.21
FFSU,FL,00310651201,BYETTA    ,2019,3,false,55.200,46,32808.58
MCOU,FL,00310651201,BYETTA    ,2019,3,false,639.600,520,373886.28
FFSU,FL,00310652401,BYETTA    ,2019,3,false,129.600,54,38406.96
MCOU,FL,00310652401,BYETTA    ,2019,3,false,1188.000,495,349321.26
MCOU,FL,00310651201,BYETTA    ,2019,2,false,594.000,482,348139.19
FFSU,FL,00310651201,BYETTA    ,2019,2,false,68.400,57,40426.89
MCOU,FL,00310652401,BYETTA    ,2019,2,false,1190.400,496,350516.12
FFSU,FL,00310652401,BYETTA    ,2019,2,false,129.600,54,38406.96
FFSU,FL,00310651201,BYETTA    ,2019,1,false,95.800,80,56387.48
MCOU,FL,00310651201,BYETTA    ,2019,1,false,675.600,552,397551.33
MCOU,FL,00310652401,BYETTA    ,2019,1,false,1171.200,488,344714.31
FFSU,FL,00310652401,BYETTA    ,2019,1,false,156.000,65,46107.51
FFSU,GA,00310651201,BYETTA    ,2019,4,true,,,
MCOU,GA,00310651201,BYETTA    ,2019,4,true,,,
FFSU,GA,00310652401,BYETTA    ,2019,4,true,,,
MCOU,GA,00310651201,BYETTA    ,2019,3,true,,,
FFSU,GA,00310651201,BYETTA    ,2019,3,true,,,
FFSU,GA,00310652401,BYETTA    ,2019,3,true,,,
MCOU,GA,00310652401,BYETTA    ,2019,3,true,,,
MCOU,GA,00310651201,BYETTA    ,2019,2,true,,,
FFSU,GA,00310651201,BYETTA    ,2019,2,true,,,
MCOU,GA,00310652401,BYETTA    ,2019,2,true,,,
FFSU,GA,00310652401,BYETTA    ,2019,2,true,,,
FFSU,GA,00310651201,BYETTA    ,2019,1,true,,,
MCOU,GA,00310651201,BYETTA    ,2019,1,true,,,
FFSU,GA,00310652401,BYETTA    ,2019,1,true,,,
MCOU,GA,00310652401,BYETTA    ,2019,1,true,,,
MCOU,HI,00310652401,BYETTA 10 ,2019,4,true,,,
MCOU,HI,00310651201,BYETTA 5 M,2019,3,true,,,
MCOU,HI,00310652401,BYETTA 10 ,2019,3,true,,,
MCOU,HI,00310652401,BYETTA 10 ,2019,2,true,,,
MCOU,HI,00310652401,BYETTA 10 ,2019,1,true,,,
MCOU,IA,00310651201,Byetta 250,2019,4,false,15.600,13,9187.28
MCOU,IA,00310652401,Byetta 250,2019,4,false,36.000,15,9835.26
MCOU,IA,00310651201,Byetta 250,2019,3,false,37.000,31,22022.69
MCOU,IA,00310652401,Byetta 250,2019,3,false,45.600,19,13347.50
MCOU,IA,00310651201,Byetta 250,2019,2,false,37.200,31,21800.13
FFSU,IA,00310651201,Byetta 250,2019,2,true,,,
MCOU,IA,00310652401,Byetta 250,2019,2,false,86.400,36,25338.60
MCOU,IA,00310651201,Byetta 250,2019,1,false,32.000,27,19139.61
MCOU,IA,00310652401,Byetta 250,2019,1,false,96.000,40,28113.62
FFSU,IA,00310652401,Byetta 250,2019,1,true,,,
FFSU,ID,00310651201,BYETTA    ,2019,4,false,16.800,14,9971.48
FFSU,ID,00310652401,BYETTA    ,2019,4,false,100.800,42,29904.36
FFSU,ID,00310651201,BYETTA    ,2019,3,false,15.600,13,9186.81
FFSU,ID,00310652401,BYETTA    ,2019,3,false,120.000,50,35470.24
FFSU,ID,00310651201,BYETTA    ,2019,2,false,22.800,19,13400.09
FFSU,ID,00310652401,BYETTA    ,2019,2,false,124.800,52,36873.20
FFSU,ID,00310651201,BYETTA    ,2019,1,false,15.600,13,9166.55
FFSU,ID,00310652401,BYETTA    ,2019,1,false,134.400,56,39627.00
FFSU,IL,00310651201,Byetta 250,2019,4,false,15.600,12,9187.48
MCOU,IL,00310651201,Byetta 250,2019,4,false,831.600,609,781883.04
FFSU,IL,00310652401,Byetta 250,2019,4,false,45.600,17,13403.51
MCOU,IL,00310652401,Byetta 250,2019,4,false,1912.800,690,833548.11
FFSU,IL,00310651201,Byetta 250,2019,3,false,16.800,14,9974.67
MCOU,IL,00310651201,Byetta 250,2019,3,false,890.400,679,1167089.37
MCOU,IL,00310652401,Byetta 250,2019,3,false,1898.400,683,1143573.79
FFSU,IL,00310652401,Byetta 250,2019,3,false,33.600,14,9995.30
FFSU,IL,00310651201,Byetta 250,2019,2,false,16.800,14,10197.72
MCOU,IL,00310651201,Byetta 250,2019,2,false,696.000,557,869250.83
MCOU,IL,00310652401,Byetta 250,2019,2,false,1531.200,597,852687.04
FFSU,IL,00310652401,Byetta 250,2019,2,false,52.800,20,19762.56
MCOU,IL,00310651201,Byetta 250,2019,1,false,536.400,446,392855.24
FFSU,IL,00310651201,Byetta 250,2019,1,false,16.800,14,10193.82
FFSU,IL,00310652401,Byetta 250,2019,1,false,48.000,20,15744.20
MCOU,IL,00310652401,Byetta 250,2019,1,false,1224.000,507,421218.22
FFSU,IN,00310651201,Byetta 250,2019,4,true,,,
MCOU,IN,00310651201,Byetta 250,2019,4,false,21.600,18,12799.40
FFSU,IN,00310652401,Byetta 250,2019,4,true,,,
MCOU,IN,00310652401,Byetta 250,2019,4,false,38.400,14,11390.07
MCOU,IN,00310651201,Byetta 250,2019,3,false,15.600,13,9347.75
FFSU,IN,00310651201,Byetta 250,2019,3,true,,,
MCOU,IN,00310652401,Byetta 250,2019,3,false,40.800,15,12185.28
FFSU,IN,00310651201,Byetta 250,2019,2,true,,,
MCOU,IN,00310651201,Byetta 250,2019,2,false,21.600,18,12970.31
MCOU,IN,00310652401,Byetta 250,2019,2,false,45.600,17,13604.48
MCOU,IN,00310651201,Byetta 250,2019,1,false,25.200,21,15124.79
FFSU,IN,00310651201,Byetta 250,2019,1,true,,,
MCOU,IN,00310652401,Byetta 250,2019,1,false,45.600,17,13586.28
FFSU,IN,00310652401,Byetta 250,2019,1,true,,,
MCOU,KS,00310651201,Byetta 250,2019,4,true,,,
MCOU,KS,00310652401,Byetta 250,2019,4,true,,,
MCOU,KS,00310651201,Byetta 250,2019,3,true,,,
MCOU,KS,00310652401,Byetta 250,2019,3,true,,,
MCOU,KS,00310651201,Byetta 250,2019,2,true,,,
MCOU,KS,00310652401,Byetta 250,2019,2,true,,,
MCOU,KS,00310651201,Byetta 250,2019,1,false,22.800,19,13474.52
MCOU,KS,00310652401,Byetta 250,2019,1,true,,,
FFSU,KY,00310651201,BYETTA    ,2019,4,true,,,
MCOU,KY,00310651201,BYETTA    ,2019,4,false,21.600,18,13153.90
FFSU,KY,00310652401,BYETTA    ,2019,4,false,33.600,14,9940.24
MCOU,KY,00310652401,BYETTA    ,2019,4,false,122.400,51,37032.28
FFSU,KY,00310651201,BYETTA    ,2019,3,false,16.800,12,9937.63
MCOU,KY,00310651201,BYETTA    ,2019,3,false,20.400,17,12442.25
FFSU,KY,00310652401,BYETTA    ,2019,3,false,36.000,15,10674.60
MCOU,KY,00310652401,BYETTA    ,2019,3,false,129.600,54,38840.74
MCOU,KY,00310651201,BYETTA    ,2019,2,false,22.800,19,13892.89
FFSU,KY,00310651201,BYETTA    ,2019,2,false,18.000,15,10607.61
MCOU,KY,00310652401,BYETTA    ,2019,2,false,105.600,44,32282.37
FFSU,KY,00310652401,BYETTA    ,2019,2,false,48.000,20,14211.52
FFSU,KY,00310651201,BYETTA    ,2019,1,true,,,
MCOU,KY,00310651201,BYETTA    ,2019,1,false,25.200,21,15296.00
MCOU,KY,00310652401,BYETTA    ,2019,1,false,120.000,50,36628.02
FFSU,KY,00310652401,BYETTA    ,2019,1,false,52.800,22,15574.40
MCOU,LA,00310651201,BYETTA    ,2019,4,false,41.800,36,26259.21
FFSU,LA,00310651201,BYETTA    ,2019,4,true,,,
MCOU,LA,00310652401,BYETTA    ,2019,4,false,66.800,26,20015.41
FFSU,LA,00310651201,BYETTA    ,2019,3,true,,,
MCOU,LA,00310651201,BYETTA    ,2019,3,false,37.200,31,22706.75
FFSU,LA,00310652401,BYETTA    ,2019,3,true,,,
MCOU,LA,00310652401,BYETTA    ,2019,3,false,85.200,31,25090.54
FFSU,LA,00310651201,BYETTA    ,2019,2,true,,,
MCOU,LA,00310651201,BYETTA    ,2019,2,false,32.400,27,19564.80
FFSU,LA,00310652401,BYETTA    ,2019,2,true,,,
MCOU,LA,00310652401,BYETTA    ,2019,2,false,55.600,23,16680.49
FFSU,LA,00310651201,BYETTA    ,2019,1,true,,,
MCOU,LA,00310651201,BYETTA    ,2019,1,false,25.200,21,13823.67
MCOU,LA,00310652401,BYETTA    ,2019,1,false,43.200,18,13117.12
FFSU,LA,00310652401,BYETTA    ,2019,1,true,,,
MCOU,MA,00310651201,BYETTA 5 M,2019,4,true,,,
FFSU,MA,00310651201,BYETTA 5 M,2019,4,false,33.600,27,19910.03
MCOU,MA,00310652401,BYETTA 10 ,2019,4,false,48.000,20,14707.68
FFSU,MA,00310652401,BYETTA 10 ,2019,4,false,120.000,50,35478.56
FFSU,MA,00310651201,BYETTA 5 M,2019,3,false,26.400,22,15621.30
MCOU,MA,00310651201,BYETTA 5 M,2019,3,true,,,
FFSU,MA,00310652401,BYETTA 10 ,2019,3,false,127.200,53,37653.28
MCOU,MA,00310652401,BYETTA 10 ,2019,3,false,48.000,20,14737.22
MCOU,MA,00310651201,BYETTA 5 M,2019,2,true,,,
FFSU,MA,00310651201,BYETTA 5 M,2019,2,false,26.400,22,15558.76
FFSU,MA,00310652401,BYETTA 10 ,2019,2,false,180.000,75,53299.14
MCOU,MA,00310652401,BYETTA 10 ,2019,2,false,52.800,22,14726.12
FFSU,MA,00310651201,BYETTA 5 M,2019,1,false,14.400,12,8390.70
MCOU,MA,00310651201,BYETTA 5 M,2019,1,true,,,
MCOU,MA,00310652401,BYETTA 10 ,2019,1,false,72.000,30,20659.13
FFSU,MA,00310652401,BYETTA 10 ,2019,1,false,110.400,46,32455.61
FFSU,MD,00310651201,BYETTA 5 M,2019,4,true,,,
FFSU,MD,00310652401,BYETTA 10 ,2019,4,true,,,
MCOU,MD,00310652401,BYETTA 10 ,2019,4,false,28.800,12,8740.68
FFSU,MD,00310651201,BYETTA 5 M,2019,3,true,,,
MCOU,MD,00310651201,BYETTA 5 M,2019,3,true,,,
MCOU,MD,00310652401,BYETTA 10 ,2019,3,true,,,
FFSU,MD,00310652401,BYETTA 10 ,2019,3,true,,,
MCOU,MD,00310651201,BYETTA 5 M,2019,2,true,,,
FFSU,MD,00310651201,BYETTA 5 M,2019,2,true,,,
FFSU,MD,00310652401,BYETTA 10 ,2019,2,true,,,
MCOU,MD,00310652401,BYETTA 10 ,2019,2,false,28.800,12,8706.29
MCOU,MD,00310651201,BYETTA 5 M,2019,1,true,,,
FFSU,MD,00310651201,BYETTA 5 M,2019,1,true,,,
FFSU,MD,00310652401,BYETTA 10 ,2019,1,true,,,
MCOU,MD,00310652401,BYETTA 10 ,2019,1,false,36.000,13,10724.65
FFSU,ME,00310651201,BYETTA    ,2019,4,false,30.000,25,17821.00
FFSU,ME,00310652401,BYETTA    ,2019,4,false,43.200,18,12774.92
FFSU,ME,00310651201,BYETTA    ,2019,3,false,31.200,26,18544.88
FFSU,ME,00310652401,BYETTA    ,2019,3,false,43.200,18,12793.02
FFSU,ME,00310651201,BYETTA    ,2019,2,false,22.800,19,13469.16
FFSU,ME,00310652401,BYETTA    ,2019,2,false,43.200,18,12781.02
FFSU,ME,00310651201,BYETTA    ,2019,1,false,21.600,18,12708.15
FFSU,ME,00310652401,BYETTA    ,2019,1,false,48.000,20,14117.41
FFSU,MI,00310651201,BYETTA    ,2019,4,false,20.400,14,12088.24
MCOU,MI,00310651201,BYETTA    ,2019,4,true,,,
MCOU,MI,00310652401,BYETTA    ,2019,4,false,57.600,24,16939.02
MCOU,MI,00310651201,BYETTA    ,2019,3,true,,,
FFSU,MI,00310651201,BYETTA    ,2019,3,false,13.200,11,7846.28
MCOU,MI,00310652401,BYETTA    ,2019,3,false,50.400,21,14881.45
FFSU,MI,00310652401,BYETTA    ,2019,3,true,,,
MCOU,MI,00310651201,BYETTA    ,2019,2,false,13.200,11,6381.10
FFSU,MI,00310651201,BYETTA    ,2019,2,true,,,
MCOU,MI,00310652401,BYETTA    ,2019,2,false,50.400,21,14897.66
FFSU,MI,00310652401,BYETTA    ,2019,2,true,,,
MCOU,MI,66780021007,BYETTA    ,2019,2,true,,,
FFSU,MI,00310651201,BYETTA    ,2019,1,false,20.400,15,11978.96
MCOU,MI,00310651201,BYETTA    ,2019,1,true,,,
FFSU,MI,00310652401,BYETTA    ,2019,1,true,,,
MCOU,MI,00310652401,BYETTA    ,2019,1,false,52.800,22,15710.21
FFSU,MN,00310651201,BYETTA    ,2019,4,false,42.000,35,25143.08
MCOU,MN,00310651201,BYETTA    ,2019,4,false,45.600,38,27814.13
FFSU,MN,00310652401,BYETTA    ,2019,4,false,189.600,79,55796.80
MCOU,MN,00310652401,BYETTA    ,2019,4,false,115.200,48,34268.53
MCOU,MN,00310651201,BYETTA    ,2019,3,false,46.800,39,28569.95
FFSU,MN,00310651201,BYETTA    ,2019,3,false,38.400,32,23168.16
MCOU,MN,00310652401,BYETTA    ,2019,3,false,120.000,50,36351.80
FFSU,MN,00310652401,BYETTA    ,2019,3,false,144.000,60,43625.64
MCOU,MN,00310651201,BYETTA    ,2019,2,false,19.200,16,11552.99
FFSU,MN,00310651201,BYETTA    ,2019,2,false,52.800,43,31201.14
MCOU,MN,00310652401,BYETTA    ,2019,2,false,151.200,63,46165.23
FFSU,MN,00310652401,BYETTA    ,2019,2,false,211.200,88,62154.53
MCOU,MN,00310651201,BYETTA    ,2019,1,false,15.600,13,9462.11
FFSU,MN,00310651201,BYETTA    ,2019,1,false,40.800,34,24112.80
FFSU,MN,00310652401,BYETTA    ,2019,1,false,192.000,80,56735.20
MCOU,MN,00310652401,BYETTA    ,2019,1,false,182.400,76,56040.56
FFSU,MO,00310651201,BYETTA    ,2019,4,false,56.400,42,33729.81
FFSU,MO,00310652401,BYETTA    ,2019,4,false,153.600,64,45732.34
FFSU,MO,00310651201,BYETTA    ,2019,3,false,70.800,52,42125.46
FFSU,MO,00310652401,BYETTA    ,2019,3,false,184.800,77,55083.49
FFSU,MO,00310651201,BYETTA    ,2019,2,false,62.400,52,37064.68
FFSU,MO,00310652401,BYETTA    ,2019,2,false,196.800,82,58660.34
FFSU,MO,00310651201,BYETTA    ,2019,1,false,75.600,60,44569.16
FFSU,MO,00310652401,BYETTA    ,2019,1,false,220.800,92,65500.23
MCOU,MS,00310651201,BYETTA 5 M,2019,4,true,,,
MCOU,MS,00310652401,BYETTA 10 ,2019,4,true,,,
FFSU,MS,00310651201,BYETTA 5 M,2019,3,true,,,
MCOU,MS,00310651201,BYETTA 5 M,2019,3,true,,,
MCOU,MS,00310652401,BYETTA 10 ,2019,3,false,28.800,12,8547.48
FFSU,MS,00310651201,BYETTA 5 M,2019,2,true,,,
MCOU,MS,00310651201,BYETTA 5 M,2019,2,true,,,
MCOU,MS,00310652401,BYETTA 10 ,2019,2,false,26.400,11,7835.19
MCOU,MS,00310652401,BYETTA 10 ,2019,1,true,,,
FFSU,MT,00310651201,BYETTA 5 M,2019,4,false,24.000,20,14415.98
FFSU,MT,00310652401,BYETTA 10 ,2019,4,false,144.000,60,42490.30
FFSU,MT,00310651201,BYETTA 5 M,2019,3,false,19.200,16,11511.90
FFSU,MT,00310652401,BYETTA 10 ,2019,3,false,199.200,83,58820.56
FFSU,MT,00310651201,BYETTA 5 M,2019,2,false,27.600,23,16358.99
FFSU,MT,00310652401,BYETTA 10 ,2019,2,false,184.800,77,54620.46
FFSU,MT,00310651201,BYETTA 5 M,2019,1,false,31.200,26,18308.95
FFSU,MT,00310652401,BYETTA 10 ,2019,1,false,192.000,80,56592.95
FFSU,XX,00310651201,Byetta 250,2019,4,false,1023.600,778,602975.72
MCOU,XX,00310651201,Byetta 250,2019,4,false,2303.400,1802,1647490.96
FFSU,XX,00310652401,Byetta 250,2019,4,false,3200.800,1210,939853.76
MCOU,XX,00310652401,Byetta 250,2019,4,false,5718.600,2248,1956706.85
FFSU,XX,00310651201,Byetta 250,2019,3,false,1162.800,891,689468.88
MCOU,XX,00310651201,Byetta 250,2019,3,false,2546.400,2017,2135147.97
FFSU,XX,00310652401,Byetta 250,2019,3,false,3687.600,1397,1093369.27
MCOU,XX,00310652401,Byetta 250,2019,3,false,6280.200,2478,2435198.45
FFSU,XX,00310651201,Byetta 250,2019,2,false,1154.400,890,681015.71
MCOU,XX,00310651201,Byetta 250,2019,2,false,2314.800,1876,1811953.85
FFSU,XX,00310652401,Byetta 250,2019,2,false,3801.200,1473,1133992.95
MCOU,XX,00310652401,Byetta 250,2019,2,false,6184.000,2512,2229592.39
MCOU,XX,66780021007,BYETTA (EX,2019,2,true,,,
FFSU,XX,00310651201,Byetta 250,2019,1,false,1355.600,1037,794943.26
MCOU,XX,00310651201,Byetta 250,2019,1,false,2480.400,2041,1532149.74
FFSU,XX,00310652401,Byetta 250,2019,1,false,4168.800,1594,1233227.39
MCOU,XX,00310652401,Byetta 250,2019,1,false,6218.000,2560,1899180.55
FFSU,NC,00310651201,BYETTA    ,2019,4,false,160.800,131,93790.62
FFSU,NC,00310652401,BYETTA    ,2019,4,false,482.400,200,140237.53
FFSU,NC,00310651201,BYETTA    ,2019,3,false,153.600,117,89988.78
FFSU,NC,00310652401,BYETTA    ,2019,3,false,585.600,244,169919.52
FFSU,NC,00310651201,BYETTA    ,2019,2,false,175.200,145,100825.79
FFSU,NC,00310652401,BYETTA    ,2019,2,false,530.400,221,153783.70
FFSU,NC,00310651201,BYETTA    ,2019,1,false,276.000,227,159093.58
FFSU,NC,00310652401,BYETTA    ,2019,1,false,619.200,258,176928.90
MCOU,ND,00310651201,BYETTA 5 M,2019,4,true,,,
MCOU,ND,00310652401,BYETTA 10 ,2019,4,true,,,
FFSU,ND,00310652401,BYETTA 10 ,2019,4,true,,,
MCOU,ND,00310651201,BYETTA 5 M,2019,3,false,18.000,11,10708.91
MCOU,ND,00310652401,BYETTA 10 ,2019,3,true,,,
FFSU,ND,00310652401,BYETTA 10 ,2019,3,true,,,
MCOU,ND,00310651201,BYETTA 5 M,2019,2,true,,,
MCOU,ND,00310652401,BYETTA 10 ,2019,2,true,,,
FFSU,ND,00310652401,BYETTA 10 ,2019,2,true,,,
MCOU,ND,00310651201,BYETTA 5 M,2019,1,true,,,
FFSU,ND,00310652401,BYETTA 10 ,2019,1,true,,,
MCOU,ND,00310652401,BYETTA 10 ,2019,1,true,,,
MCOU,NE,00310651201,Byetta 250,2019,4,true,,,
MCOU,NE,00310652401,Byetta 250,2019,4,true,,,
MCOU,NE,00310651201,Byetta 250,2019,3,true,,,
MCOU,NE,00310652401,Byetta 250,2019,3,true,,,
MCOU,NE,00310651201,Byetta 250,2019,2,true,,,
MCOU,NE,00310652401,Byetta 250,2019,2,true,,,
MCOU,NE,00310651201,Byetta 250,2019,1,true,,,
MCOU,NE,00310652401,Byetta 250,2019,1,false,28.800,12,8772.18
MCOU,NH,00310651201,BYETTA    ,2019,4,true,,,
MCOU,NH,00310652401,BYETTA    ,2019,4,true,,,
FFSU,NH,00310652401,BYETTA    ,2019,4,true,,,
MCOU,NH,00310651201,BYETTA    ,2019,3,true,,,
MCOU,NH,00310652401,BYETTA    ,2019,3,true,,,
FFSU,NH,00310652401,BYETTA    ,2019,3,true,,,
MCOU,NH,00310651201,BYETTA    ,2019,2,false,14.400,11,7111.97
FFSU,NH,00310652401,BYETTA    ,2019,2,true,,,
MCOU,NH,00310652401,BYETTA    ,2019,2,true,,,
FFSU,NH,00310651201,BYETTA    ,2019,1,true,,,
MCOU,NH,00310651201,BYETTA    ,2019,1,true,,,
FFSU,NH,00310652401,BYETTA    ,2019,1,true,,,
MCOU,NH,00310652401,BYETTA    ,2019,1,true,,,
MCOU,NJ,00310651201,Byetta 250,2019,4,true,,,
MCOU,NJ,00310652401,Byetta 250,2019,4,true,,,
MCOU,NJ,00310651201,Byetta 250,2019,3,true,,,
MCOU,NJ,00310652401,Byetta 250,2019,3,false,38.400,16,8224.11
MCOU,NJ,00310651201,Byetta 250,2019,2,true,,,
MCOU,NJ,00310652401,Byetta 250,2019,2,false,31.200,13,7380.90
MCOU,NJ,00310651201,Byetta 250,2019,1,true,,,
MCOU,NJ,00310652401,Byetta 250,2019,1,false,26.400,11,7915.54
FFSU,NJ,00310652401,Byetta 250,2019,1,true,,,
MCOU,NM,00310651201,BYETTA 5 M,2019,4,true,,,
FFSU,NM,00310651201,BYETTA 5 M,2019,4,true,,,
MCOU,NM,00310652401,BYETTA 10 ,2019,4,true,,,
FFSU,NM,00310651201,BYETTA 5 M,2019,3,true,,,
MCOU,NM,00310651201,BYETTA 5 M,2019,3,true,,,
FFSU,NM,00310652401,BYETTA 10 ,2019,3,true,,,
MCOU,NM,00310652401,BYETTA 10 ,2019,3,true,,,
FFSU,NM,00310651201,BYETTA 5 M,2019,2,true,,,
MCOU,NM,00310651201,BYETTA 5 M,2019,2,true,,,
MCOU,NM,00310652401,BYETTA 10 ,2019,2,true,,,
FFSU,NM,00310652401,BYETTA 10 ,2019,2,true,,,
FFSU,NM,00310651201,BYETTA 5 M,2019,1,true,,,
MCOU,NM,00310651201,BYETTA 5 M,2019,1,false,46.800,39,28278.52
MCOU,NM,00310652401,BYETTA 10 ,2019,1,false,117.600,45,35614.14
FFSU,NM,00310652401,BYETTA 10 ,2019,1,true,,,
FFSU,NV,00310651201,Byetta 250,2019,4,true,,,
MCOU,NV,00310652401,Byetta 250,2019,4,true,,,
MCOU,NV,00310652401,Byetta 250,2019,3,true,,,
FFSU,NV,00310652401,Byetta 250,2019,3,true,,,
MCOU,NV,00310651201,Byetta 250,2019,2,true,,,
FFSU,NV,00310652401,Byetta 250,2019,2,true,,,
MCOU,NV,00310652401,Byetta 250,2019,2,true,,,
MCOU,NV,00310651201,Byetta 250,2019,1,true,,,
MCOU,NV,00310652401,Byetta 250,2019,1,true,,,
FFSU,NV,00310652401,Byetta 250,2019,1,true,,,
FFSU,NY,00310651201,BYETTA    ,2019,4,true,,,
MCOU,NY,00310651201,BYETTA    ,2019,4,true,,,
FFSU,NY,00310652401,BYETTA    ,2019,4,false,40.800,17,12071.75
MCOU,NY,00310652401,BYETTA    ,2019,4,false,139.200,56,40804.64
FFSU,NY,00310651201,BYETTA    ,2019,3,true,,,
MCOU,NY,00310651201,BYETTA    ,2019,3,false,14.400,12,8551.10
MCOU,NY,00310652401,BYETTA    ,2019,3,false,184.800,75,54455.85
FFSU,NY,00310652401,BYETTA    ,2019,3,false,57.600,24,17065.92
FFSU,NY,00310651201,BYETTA    ,2019,2,true,,,
MCOU,NY,00310651201,BYETTA    ,2019,2,false,26.400,22,15644.15
MCOU,NY,00310652401,BYETTA    ,2019,2,false,192.000,80,56743.06
FFSU,NY,00310652401,BYETTA    ,2019,2,false,48.000,20,14221.60
FFSU,NY,00310651201,BYETTA    ,2019,1,true,,,
MCOU,NY,00310651201,BYETTA    ,2019,1,false,56.400,46,33426.28
FFSU,NY,00310652401,BYETTA    ,2019,1,false,72.000,30,21271.14
MCOU,NY,00310652401,BYETTA    ,2019,1,false,208.800,87,61746.94
FFSU,OH,00310651201,Byetta 250,2019,4,true,,,
MCOU,OH,00310651201,Byetta 250,2019,4,false,48.000,40,28561.27
FFSU,OH,00310652401,Byetta 250,2019,4,true,,,
MCOU,OH,00310652401,Byetta 250,2019,4,false,249.600,102,75253.20
MCOU,OH,00310651201,Byetta 250,2019,3,false,70.800,59,42108.08
FFSU,OH,00310651201,Byetta 250,2019,3,true,,,
FFSU,OH,00310652401,Byetta 250,2019,3,true,,,
MCOU,OH,00310652401,Byetta 250,2019,3,false,309.600,125,92538.42
MCOU,OH,00310651201,Byetta 250,2019,2,false,81.600,68,48571.72
MCOU,OH,00310652401,Byetta 250,2019,2,false,324.000,133,96909.29
MCOU,OH,00310651201,Byetta 250,2019,1,false,133.200,107,79449.95
FFSU,OH,00310651201,Byetta 250,2019,1,true,,,
MCOU,OH,00310652401,Byetta 250,2019,1,false,417.600,174,125093.02
FFSU,OH,00310652401,Byetta 250,2019,1,true,,,
FFSU,OK,00310651201,Byetta 250,2019,4,true,,,
FFSU,OK,00310652401,Byetta 250,2019,4,true,,,
FFSU,OK,00310651201,Byetta 250,2019,3,true,,,
FFSU,OK,00310652401,Byetta 250,2019,3,true,,,
FFSU,OK,00310651201,Byetta 250,2019,2,true,,,
FFSU,OK,00310652401,Byetta 250,2019,2,true,,,
FFSU,OK,00310651201,Byetta 250,2019,1,true,,,
FFSU,OK,00310652401,Byetta 250,2019,1,true,,,
MCOU,OR,00310651201,Byetta 250,2019,4,false,42.000,31,25009.03
MCOU,OR,00310652401,Byetta 250,2019,4,false,105.600,44,31454.47
MCOU,OR,00310651201,Byetta 250,2019,3,false,51.400,41,30194.15
MCOU,OR,00310652401,Byetta 250,2019,3,false,108.000,45,32227.80
FFSU,OR,00310652401,Byetta 250,2019,3,true,,,
MCOU,OR,00310651201,Byetta 250,2019,2,false,42.000,35,25261.18
FFSU,OR,00310651201,Byetta 250,2019,2,true,,,
MCOU,OR,00310652401,Byetta 250,2019,2,false,96.000,38,28418.58
FFSU,OR,00310652401,Byetta 250,2019,2,true,,,
MCOU,OR,00310651201,Byetta 250,2019,1,false,43.200,36,25961.63
FFSU,OR,00310651201,Byetta 250,2019,1,true,,,
FFSU,OR,00310652401,Byetta 250,2019,1,true,,,
MCOU,OR,00310652401,Byetta 250,2019,1,false,76.800,30,22662.26
MCOU,PA,00310651201,Byetta 250,2019,4,false,15.600,11,9102.96
MCOU,PA,00310652401,Byetta 250,2019,4,false,112.800,41,33688.13
MCOU,PA,00310651201,Byetta 250,2019,3,true,,,
MCOU,PA,00310652401,Byetta 250,2019,3,false,96.000,36,28652.86
MCOU,PA,00310651201,Byetta 250,2019,2,false,25.200,19,14989.51
MCOU,PA,00310652401,Byetta 250,2019,2,false,105.600,42,31691.10
MCOU,PA,00310651201,Byetta 250,2019,1,false,24.000,20,14336.23
MCOU,PA,00310652401,Byetta 250,2019,1,false,120.000,48,35143.43
FFSU,RI,00310651201,Byetta 250,2019,4,true,,,
MCOU,RI,00310651201,Byetta 250,2019,4,true,,,
MCOU,RI,00310652401,Byetta 250,2019,4,true,,,
MCOU,RI,00310652401,Byetta 250,2019,3,true,,,
FFSU,RI,00310651201,Byetta 250,2019,2,true,,,
MCOU,RI,00310652401,Byetta 250,2019,2,true,,,
FFSU,RI,00310651201,Byetta 250,2019,1,true,,,
MCOU,RI,00310652401,Byetta 250,2019,1,true,,,
MCOU,SC,00310651201,BYETTA    ,2019,4,true,,,
FFSU,SC,00310651201,BYETTA    ,2019,4,true,,,
MCOU,SC,00310652401,BYETTA    ,2019,4,false,60.600,22,15584.36
MCOU,SC,00310651201,BYETTA    ,2019,3,false,20.800,12,7856.08
MCOU,SC,00310652401,BYETTA    ,2019,3,false,86.400,33,23292.30
MCOU,SC,00310651201,BYETTA    ,2019,2,false,32.400,22,15245.22
FFSU,SC,00310651201,BYETTA    ,2019,2,true,,,
MCOU,SC,00310652401,BYETTA    ,2019,2,false,91.800,35,24795.43
MCOU,SC,00310651201,BYETTA    ,2019,1,false,48.400,36,25253.36
FFSU,SC,00310651201,BYETTA    ,2019,1,true,,,
MCOU,SC,00310652401,BYETTA    ,2019,1,false,110.400,43,30665.77
FFSU,SD,00310651201,Byetta 250,2019,4,true,,,
FFSU,SD,00310652401,Byetta 250,2019,4,true,,,
FFSU,SD,00310652401,Byetta 250,2019,3,true,,,
FFSU,SD,00310652401,Byetta 250,2019,2,true,,,
FFSU,SD,00310652401,Byetta 250,2019,1,true,,,
FFSU,TN,00310651201,Byetta 250,2019,4,false,38.400,32,22767.82
FFSU,TN,00310652401,Byetta 250,2019,4,false,177.600,74,52464.10
FFSU,TN,00310651201,Byetta 250,2019,3,false,43.200,36,25632.16
FFSU,TN,00310652401,Byetta 250,2019,3,false,201.600,84,59633.60
FFSU,TN,00310651201,Byetta 250,2019,2,false,45.600,38,26908.90
FFSU,TN,00310652401,Byetta 250,2019,2,false,194.400,81,57505.91
FFSU,TN,00310651201,Byetta 250,2019,1,false,57.600,48,33836.78
FFSU,TN,00310652401,Byetta 250,2019,1,false,194.400,81,57234.09
MCOU,TX,00310651201,BYETTA 5 M,2019,4,false,121.200,99,72635.02
FFSU,TX,00310651201,BYETTA 5 M,2019,4,true,,,
MCOU,TX,00310652401,BYETTA 10 ,2019,4,false,230.400,96,68853.41
MCOU,TX,00310651201,BYETTA 5 M,2019,3,false,135.600,112,81487.51
FFSU,TX,00310651201,BYETTA 5 M,2019,3,true,,,
FFSU,TX,00310652401,BYETTA 10 ,2019,3,true,,,
MCOU,TX,00310652401,BYETTA 10 ,2019,3,false,240.000,100,71983.89
MCOU,TX,00310651201,BYETTA 5 M,2019,2,false,100.800,84,60592.02
MCOU,TX,00310652401,BYETTA 10 ,2019,2,false,271.200,113,81689.07
MCOU,TX,00310651201,BYETTA 5 M,2019,1,false,112.800,94,67903.09
FFSU,TX,00310651201,BYETTA 5 M,2019,1,true,,,
MCOU,TX,00310652401,BYETTA 10 ,2019,1,false,285.600,119,86347.88
MCOU,UT,00310652401,Byetta 250,2019,4,true,,,
MCOU,UT,00310651201,Byetta 250,2019,1,true,,,
MCOU,VA,00310651201,BYETTA    ,2019,4,false,115.200,94,69375.52
MCOU,VA,00310652401,BYETTA    ,2019,4,false,283.200,112,84805.72
FFSU,VA,00310651201,BYETTA    ,2019,3,true,,,
MCOU,VA,00310651201,BYETTA    ,2019,3,false,108.000,89,65263.63
MCOU,VA,00310652401,BYETTA    ,2019,3,false,268.800,110,81039.76
MCOU,VA,00310651201,BYETTA    ,2019,2,false,108.000,90,65222.49
FFSU,VA,00310651201,BYETTA    ,2019,2,true,,,
FFSU,VA,00310652401,BYETTA    ,2019,2,true,,,
MCOU,VA,00310652401,BYETTA    ,2019,2,false,285.600,117,86121.83
MCOU,VA,00310651201,BYETTA    ,2019,1,false,132.000,110,79844.49
FFSU,VA,00310651201,BYETTA    ,2019,1,true,,,
FFSU,VA,00310652401,BYETTA    ,2019,1,true,,,
MCOU,VA,00310652401,BYETTA    ,2019,1,false,304.800,125,91774.58
FFSU,VT,00310651201,Byetta 250,2019,4,true,,,
FFSU,VT,00310652401,Byetta 250,2019,4,false,50.400,17,12841.01
FFSU,VT,00310651201,Byetta 250,2019,3,true,,,
FFSU,VT,00310652401,Byetta 250,2019,3,false,79.200,25,23336.29
FFSU,VT,00310651201,Byetta 250,2019,2,true,,,
FFSU,VT,00310652401,Byetta 250,2019,2,false,62.400,26,18426.25
FFSU,VT,00310651201,Byetta 250,2019,1,true,,,
FFSU,VT,00310652401,Byetta 250,2019,1,false,76.800,32,22578.36
MCOU,WA,00310651201,Byetta 250,2019,4,false,76.800,64,44784.79
FFSU,WA,00310651201,Byetta 250,2019,4,true,,,
FFSU,WA,00310652401,Byetta 250,2019,4,true,,,
MCOU,WA,00310652401,Byetta 250,2019,4,false,364.800,152,106571.93
FFSU,WA,00310651201,Byetta 250,2019,3,true,,,
MCOU,WA,00310651201,Byetta 250,2019,3,false,84.000,70,49151.18
FFSU,WA,00310652401,Byetta 250,2019,3,true,,,
MCOU,WA,00310652401,Byetta 250,2019,3,false,468.000,195,136657.25
FFSU,WA,00310651201,Byetta 250,2019,2,true,,,
MCOU,WA,00310651201,Byetta 250,2019,2,false,103.200,86,60020.07
FFSU,WA,00310652401,Byetta 250,2019,2,false,33.600,14,9821.42
MCOU,WA,00310652401,Byetta 250,2019,2,false,441.600,184,128612.95
FFSU,WA,00310651201,Byetta 250,2019,1,true,,,
MCOU,WA,00310651201,Byetta 250,2019,1,false,120.000,100,68816.07
FFSU,WA,00310652401,Byetta 250,2019,1,false,50.400,21,14426.21
MCOU,WA,00310652401,Byetta 250,2019,1,false,436.800,182,125368.70
FFSU,WI,00310651201,Byetta 250,2019,4,false,51.600,41,30690.03
FFSU,WI,00310652401,Byetta 250,2019,4,false,206.400,85,61355.37
FFSU,WI,00310651201,Byetta 250,2019,3,false,56.400,43,34228.26
FFSU,WI,00310652401,Byetta 250,2019,3,false,223.200,93,67319.13
FFSU,WI,00310651201,Byetta 250,2019,2,false,52.800,42,31880.83
FFSU,WI,00310652401,Byetta 250,2019,2,false,249.600,104,76406.09
FFSU,WI,00310651201,Byetta 250,2019,1,false,73.200,60,44949.36
FFSU,WI,00310652401,Byetta 250,2019,1,false,273.600,113,82361.11
FFSU,WV,00310651201,BYETTA 5 M,2019,4,true,,,
FFSU,WV,00310652401,BYETTA 10 ,2019,4,true,,,
FFSU,WV,00310651201,BYETTA 5 M,2019,3,false,13.200,11,7836.28
FFSU,WV,00310652401,BYETTA 10 ,2019,3,true,,,
FFSU,WV,00310651201,BYETTA 5 M,2019,2,false,19.200,16,11311.12
FFSU,WV,00310652401,BYETTA 10 ,2019,2,true,,,
FFSU,WV,00310651201,BYETTA 5 M,2019,1,false,26.400,22,15347.44
FFSU,WV,00310652401,BYETTA 10 ,2019,1,true,,,
FFSU,WY,00310652401,Byetta 250,2019,4,true,,,
FFSU,WY,00310651201,Byetta 250,2019,3,true,,,
FFSU,WY,00310652401,Byetta 250,2019,3,true,,,
FFSU,WY,00310651201,Byetta 250,2019,2,true,,,
FFSU,WY,00310652401,Byetta 250,2019,2,true,,,
FFSU,WY,00310651201,Byetta 250,2019,1,true,,,
FFSU,WY,00310652401,Byetta 250,2019,1,true,,,
FFSU,AK,00310653004,BYDUREON P,2019,4,false,144.000,36,24281.74
FFSU,AK,00310654004,BYDUREON B,2019,4,false,61.200,18,11585.97
FFSU,AK,00310653004,BYDUREON P,2019,3,false,192.000,48,32365.99
FFSU,AK,00310654004,BYDUREON B,2019,3,false,71.400,21,12958.82
FFSU,AK,00310653004,BYDUREON P,2019,2,false,164.000,41,27734.60
FFSU,AK,00310654004,BYDUREON B,2019,2,false,44.200,13,7764.94
FFSU,AK,00310652004,BYDUREON  ,2019,1,true,,,
FFSU,AK,00310653004,BYDUREON P,2019,1,false,176.000,44,29337.44
FFSU,AK,00310654004,BYDUREON B,2019,1,false,37.400,11,6131.03
FFSU,AL,00310653004,Bydureon P,2019,4,false,390.000,99,67150.55
FFSU,AL,00310654004,BYDUREON B,2019,4,false,442.000,130,93878.36
FFSU,AL,00310653004,Bydureon P,2019,3,false,460.000,116,81271.81
FFSU,AL,00310654004,BYDUREON B,2019,3,false,340.000,100,72046.81
FFSU,AL,00310652004,Bydureon 2,2019,2,true,,,
FFSU,AL,00310653004,Bydureon P,2019,2,false,508.000,127,87462.44
FFSU,AL,00310654004,BYDUREON B,2019,2,false,323.000,95,66159.00
FFSU,AL,00310652004,Bydureon 2,2019,1,false,48.000,12,8474.57
FFSU,AL,00310653004,Bydureon P,2019,1,false,452.000,113,80582.43
FFSU,AL,00310654004,BYDUREON B,2019,1,false,292.400,86,58684.93
FFSU,AR,00310653004,BYDUREON P,2019,4,false,641.000,161,108874.45
MCOU,AR,00310653004,BYDUREON P,2019,4,false,100.000,25,17326.79
FFSU,AR,00310654004,BYDUREON B,2019,4,true,,,
MCOU,AR,00310654004,BYDUREON B,2019,4,true,,,
MCOU,AR,00310653004,BYDUREON P,2019,3,false,84.000,21,14393.93
FFSU,AR,00310653004,BYDUREON P,2019,3,false,611.400,153,103874.01
MCOU,AR,00310654004,BYDUREON B,2019,3,true,,,
FFSU,AR,00310653004,BYDUREON P,2019,2,false,450.000,113,76413.55
MCOU,AR,00310653004,BYDUREON P,2019,2,true,,,
MCOU,AR,00310654004,BYDUREON B,2019,2,true,,,
FFSU,AR,00310652004,BYDUREON  ,2019,1,true,,,
FFSU,AR,00310653004,BYDUREON P,2019,1,false,457.000,116,77354.00
MCOU,AR,00310653004,BYDUREON P,2019,1,true,,,
MCOU,AZ,00310652004,BYDUREON  ,2019,4,true,,,
MCOU,AZ,00310653004,BYDUREON P,2019,4,false,6665.000,1595,1141709.12
FFSU,AZ,00310653004,BYDUREON P,2019,4,false,64.000,16,11170.98
FFSU,AZ,00310654004,BYDUREON B,2019,4,true,,,
MCOU,AZ,00310654004,BYDUREON B,2019,4,false,479.400,136,95621.02
MCOU,AZ,00310652004,BYDUREON  ,2019,3,true,,,
MCOU,AZ,00310653001,BYDUREON P,2019,3,true,,,
FFSU,AZ,00310653004,BYDUREON P,2019,3,true,,,
MCOU,AZ,00310653004,BYDUREON P,2019,3,false,6076.000,1466,1034065.52
MCOU,AZ,00310654004,BYDUREON B,2019,3,false,476.000,138,92944.69
MCOU,AZ,00310652004,BYDUREON  ,2019,2,false,48.000,12,7768.19
MCOU,AZ,00310653004,BYDUREON P,2019,2,false,5125.000,1243,871576.82
FFSU,AZ,00310653004,BYDUREON P,2019,2,true,,,
MCOU,AZ,00310654004,BYDUREON B,2019,2,false,561.000,161,106132.61
FFSU,AZ,00310654004,BYDUREON B,2019,2,true,,,
MCOU,AZ,00310652004,BYDUREON  ,2019,1,false,100.000,25,16260.28
MCOU,AZ,00310653004,BYDUREON P,2019,1,false,4253.000,1041,725719.15
FFSU,AZ,00310653004,BYDUREON P,2019,1,true,,,
MCOU,AZ,00310654004,BYDUREON B,2019,1,false,625.600,180,116726.10
MCOU,CA,00310652004,BYDUREON 2,2019,4,true,,,
FFSU,CA,00310652004,BYDUREON 2,2019,4,true,,,
MCOU,CA,00310653001,BYDUREON P,2019,4,true,,,
FFSU,CA,00310653004,BYDUREON P,2019,4,false,6459.000,1405,1135721.08
MCOU,CA,00310653004,BYDUREON P,2019,4,false,8021.000,1908,1223289.58
FFSU,CA,00310654001,BYDUREON B,2019,4,true,,,
MCOU,CA,00310654001,BYDUREON B,2019,4,true,,,
FFSU,CA,00310654004,BYDUREON B,2019,4,false,5332.200,1475,1142244.54
MCOU,CA,00310654004,BYDUREON B,2019,4,false,6055.200,1710,1128503.21
MCOU,CA,00310652004,BYDUREON 2,2019,3,true,,,
FFSU,CA,00310652004,BYDUREON 2,2019,3,true,,,
MCOU,CA,00310653004,BYDUREON P,2019,3,false,9240.000,2208,1423860.90
FFSU,CA,00310653004,BYDUREON P,2019,3,false,7169.000,1574,1256770.26
MCOU,CA,00310654001,BYDUREON B,2019,3,true,,,
FFSU,CA,00310654001,BYDUREON B,2019,3,true,,,
FFSU,CA,00310654004,BYDUREON B,2019,3,false,4546.750,1266,974335.18
MCOU,CA,00310654004,BYDUREON B,2019,3,false,6256.050,1765,1188395.73
MCOU,CA,00310652004,BYDUREON 2,2019,2,false,64.000,16,10425.18
FFSU,CA,00310652004,BYDUREON 2,2019,2,false,86.000,21,14440.51
FFSU,CA,00310653004,BYDUREON P,2019,2,false,6042.000,1366,1070659.97
MCOU,CA,00310653004,BYDUREON P,2019,2,false,9851.000,2332,1523473.46
FFSU,CA,00310654001,BYDUREON B,2019,2,true,,,
MCOU,CA,00310654001,BYDUREON B,2019,2,true,,,
FFSU,CA,00310654004,BYDUREON B,2019,2,false,3745.100,1036,802200.14
MCOU,CA,00310654004,BYDUREON B,2019,2,false,5783.300,1646,1128777.03
FFSU,CA,00310652004,BYDUREON 2,2019,1,false,182.000,48,30769.06
MCOU,CA,00310652004,BYDUREON 2,2019,1,false,180.000,45,29514.52
FFSU,CA,00310653004,BYDUREON P,2019,1,false,5728.000,1295,1012235.29
MCOU,CA,00310653004,BYDUREON P,2019,1,false,10196.000,2430,1624970.49
FFSU,CA,00310654001,BYDUREON B,2019,1,false,40.000,11,8788.71
FFSU,CA,00310654004,BYDUREON B,2019,1,false,2974.150,843,635563.16
MCOU,CA,00310654004,BYDUREON B,2019,1,false,4752.350,1352,930066.05
FFSU,CA,66780021904,BYDUREON  ,2019,1,true,,,
FFSU,CO,00310653004,BYDUREON P,2019,4,false,8293.800,1585,1390836.94
MCOU,CO,00310653004,BYDUREON P,2019,4,false,260.000,65,44183.60
FFSU,CO,00310654004,BYDUREON B,2019,4,false,119.000,29,24167.28
MCOU,CO,00310654004,BYDUREON B,2019,4,false,61.200,18,12470.40
FFSU,CO,00310652004,BYDUREON  ,2019,3,true,,,
FFSU,CO,00310653004,BYDUREON P,2019,3,false,8892.000,1671,1496656.31
MCOU,CO,00310653004,BYDUREON P,2019,3,false,236.000,59,39917.61
MCOU,CO,00310654004,BYDUREON B,2019,3,false,37.400,11,7644.45
FFSU,CO,00310654004,BYDUREON B,2019,3,false,108.800,30,22261.04
FFSU,CO,00310652004,BYDUREON  ,2019,2,true,,,
FFSU,CO,00310653004,BYDUREON P,2019,2,false,7210.000,1407,1222165.77
MCOU,CO,00310653004,BYDUREON P,2019,2,false,220.000,53,37380.48
MCOU,CO,00310654004,BYDUREON B,2019,2,true,,,
FFSU,CO,00310654004,BYDUREON B,2019,2,false,88.400,25,18101.27
FFSU,CO,00310652004,BYDUREON  ,2019,1,true,,,
MCOU,CO,00310653004,BYDUREON P,2019,1,false,284.000,69,48549.11
FFSU,CO,00310653004,BYDUREON P,2019,1,false,5705.000,1143,973229.76
FFSU,CO,00310654004,BYDUREON B,2019,1,false,78.200,19,15798.02
MCOU,CO,00310654004,BYDUREON B,2019,1,true,,,
FFSU,CT,00310653004,Bydureon P,2019,4,false,2083.000,432,354381.12
FFSU,CT,00310654004,BYDUREON B,2019,4,false,453.900,108,90688.86
FFSU,CT,00310653004,Bydureon P,2019,3,false,2496.000,514,424703.22
FFSU,CT,00310654004,BYDUREON B,2019,3,false,486.200,120,97135.65
FFSU,CT,00310652004,Bydureon 2,2019,2,true,,,
FFSU,CT,00310653004,BYDUREON P,2019,2,false,2632.000,561,447986.52
FFSU,CT,00310654004,BYDUREON B,2019,2,false,435.200,108,86948.40
FFSU,CT,00310652004,BYDUREON 2,2019,1,false,80.000,16,12824.02
FFSU,CT,00310653004,BYDUREON P,2019,1,false,2431.000,530,411875.64
FFSU,CT,00310654004,BYDUREON B,2019,1,false,431.800,94,85910.34
FFSU,DC,00310652004,BYDUREON 2,2019,4,true,,,
MCOU,DC,00310652004,BYDUREON 2,2019,4,true,,,
FFSU,DC,00310653004,BYDUREON 2,2019,4,false,1207.000,304,206060.54
MCOU,DC,00310653004,BYDUREON 2,2019,4,false,184.000,46,31716.27
MCOU,DC,00310654004,BYDUREON B,2019,4,true,,,
FFSU,DC,00310654004,BYDUREON B,2019,4,true,,,
FFSU,DC,00310652004,BYDUREON 2,2019,3,true,,,
MCOU,DC,00310653004,BYDUREON 2,2019,3,false,136.000,34,23499.24
FFSU,DC,00310653004,BYDUREON 2,2019,3,false,1198.000,301,204548.27
FFSU,DC,00310654004,BYDUREON B,2019,3,true,,,
MCOU,DC,00310654004,BYDUREON B,2019,3,true,,,
MCOU,DC,00310652004,BYDUREON 2,2019,2,true,,,
FFSU,DC,00310652004,BYDUREON 2,2019,2,true,,,
MCOU,DC,00310653004,BYDUREON 2,2019,2,false,160.000,40,27610.03
FFSU,DC,00310653004,BYDUREON 2,2019,2,false,1074.000,272,183349.74
FFSU,DC,00310654004,BYDUREON B,2019,2,true,,,
MCOU,DC,00310654004,BYDUREON B,2019,2,true,,,
MCOU,DC,00310652004,BYDUREON 2,2019,1,true,,,
FFSU,DC,00310652004,BYDUREON 2,2019,1,true,,,
FFSU,DC,00310653004,BYDUREON 2,2019,1,false,832.000,210,140683.63
MCOU,DC,00310653004,BYDUREON 2,2019,1,false,108.000,27,18909.45
FFSU,DC,00310654004,BYDUREON B,2019,1,true,,,
MCOU,DE,00310653004,Bydureon P,2019,4,false,2540.000,641,2339.50
FFSU,DE,00310653004,Bydureon P,2019,4,true,,,
MCOU,DE,00310654004,BYDUREON B,2019,4,false,1221.800,358,5614.31
FFSU,DE,00310654004,BYDUREON B,2019,4,true,,,
MCOU,DE,00310653004,BYDUREON P,2019,3,false,2348.000,593,380053.14
FFSU,DE,00310653004,Bydureon P,2019,3,true,,,
FFSU,DE,00310654001,BYDUREON B,2019,3,true,,,
FFSU,DE,00310654004,BYDUREON B,2019,3,true,,,
MCOU,DE,00310654004,BYDUREON B,2019,3,false,1176.600,344,240367.45
MCOU,DE,00310652004,Bydureon 2,2019,2,true,,,
MCOU,DE,00310653004,Bydureon P,2019,2,false,2227.000,557,5270.71
FFSU,DE,00310653004,Bydureon P,2019,2,true,,,
FFSU,DE,00310654004,BYDUREON B,2019,2,true,,,
MCOU,DE,00310654004,BYDUREON B,2019,2,false,1159.200,339,3451.32
MCOU,DE,00310652004,Bydureon 2,2019,1,true,,,
MCOU,DE,00310653004,Bydureon P,2019,1,false,2016.000,502,324440.79
FFSU,DE,00310654004,BYDUREON B,2019,1,true,,,
MCOU,DE,00310654004,BYDUREON B,2019,1,false,1101.750,320,3801.26
MCOU,FL,00310652004,BYDUREON  ,2019,4,true,,,
FFSU,FL,00310653004,BYDUREON P,2019,4,false,1106.000,276,186079.58
MCOU,FL,00310653004,BYDUREON P,2019,4,false,13126.200,3283,2216303.01
FFSU,FL,00310654004,BYDUREON B,2019,4,false,57.800,17,11581.62
MCOU,FL,00310654004,BYDUREON B,2019,4,false,426.700,127,84979.90
MCOU,FL,00310652004,BYDUREON  ,2019,3,true,,,
FFSU,FL,00310652004,BYDUREON  ,2019,3,true,,,
MCOU,FL,00310653004,BYDUREON P,2019,3,false,12212.000,3059,2061671.87
FFSU,FL,00310653004,BYDUREON P,2019,3,false,996.000,249,169348.00
MCOU,FL,00310654004,BYDUREON B,2019,3,false,368.050,109,72956.02
FFSU,FL,00310654004,BYDUREON B,2019,3,false,68.000,20,13615.80
FFSU,FL,00310652004,BYDUREON  ,2019,2,true,,,
MCOU,FL,00310652004,BYDUREON  ,2019,2,false,68.000,17,10836.53
FFSU,FL,00310653004,BYDUREON P,2019,2,false,1024.000,256,172943.76
MCOU,FL,00310653004,BYDUREON P,2019,2,false,9699.000,2426,1638782.50
MCOU,FL,00310654004,BYDUREON B,2019,2,false,483.500,142,95008.89
FFSU,FL,00310654004,BYDUREON B,2019,2,false,44.200,13,8850.27
MCOU,FL,00310652004,BYDUREON  ,2019,1,false,1012.000,252,160975.16
FFSU,FL,00310652004,BYDUREON  ,2019,1,false,300.000,75,48199.70
FFSU,FL,00310653004,BYDUREON P,2019,1,false,533.000,134,90242.18
MCOU,FL,00310653004,BYDUREON P,2019,1,false,5289.000,1322,895585.47
FFSU,FL,00310654004,BYDUREON B,2019,1,true,,,
MCOU,FL,00310654004,BYDUREON B,2019,1,false,461.150,135,91174.07
FFSU,GA,00310652004,BYDUREON  ,2019,4,true,,,
MCOU,GA,00310653004,BYDUREON P,2019,4,false,436.000,109,74563.75
FFSU,GA,00310653004,BYDUREON P,2019,4,false,2012.000,503,342936.73
FFSU,GA,00310654004,BYDUREON B,2019,4,false,125.800,37,25112.87
MCOU,GA,00310654004,BYDUREON B,2019,4,false,363.800,107,73978.60
MCOU,GA,00310652004,BYDUREON  ,2019,3,true,,,
FFSU,GA,00310652004,BYDUREON  ,2019,3,true,,,
FFSU,GA,00310653004,BYDUREON P,2019,3,false,2064.000,516,351862.24
MCOU,GA,00310653004,BYDUREON P,2019,3,false,540.000,136,92869.92
MCOU,GA,00310654004,BYDUREON B,2019,3,false,425.000,125,85630.91
FFSU,GA,00310654004,BYDUREON B,2019,3,false,125.800,37,25101.66
FFSU,GA,00310652004,BYDUREON  ,2019,2,true,,,
MCOU,GA,00310653004,BYDUREON P,2019,2,false,630.000,158,108972.82
FFSU,GA,00310653004,BYDUREON P,2019,2,false,2128.000,532,362186.67
FFSU,GA,00310654004,BYDUREON B,2019,2,false,68.000,20,13572.60
MCOU,GA,00310654004,BYDUREON B,2019,2,false,275.400,81,55368.12
MCOU,GA,00310652004,BYDUREON  ,2019,1,true,,,
FFSU,GA,00310652004,BYDUREON  ,2019,1,false,64.000,16,10278.56
FFSU,GA,00310653004,BYDUREON P,2019,1,false,1889.000,473,321302.68
MCOU,GA,00310653004,BYDUREON P,2019,1,false,636.000,159,111641.49
MCOU,GA,00310654004,BYDUREON B,2019,1,false,197.200,58,40616.70
FFSU,GA,00310654004,BYDUREON B,2019,1,false,78.200,23,15496.26
MCOU,HI,00310653004,BYDUREON 2,2019,4,false,144.000,36,25122.75
MCOU,HI,00310654004,BYDUREON B,2019,4,false,68.000,20,14759.06
MCOU,HI,00310653004,BYDUREON 2,2019,3,false,176.000,44,32417.10
MCOU,HI,00310654004,BYDUREON B,2019,3,false,74.800,22,16326.57
MCOU,HI,00310653004,BYDUREON 2,2019,2,false,200.000,50,34606.35
MCOU,HI,00310654004,BYDUREON B,2019,2,false,51.000,15,11077.84
MCOU,HI,00310652004,BYDUREON 2,2019,1,true,,,
MCOU,HI,00310653004,BYDUREON 2,2019,1,false,272.000,68,47901.74
MCOU,HI,00310654004,BYDUREON B,2019,1,false,64.600,19,14014.75
FFSU,IA,00310653004,Bydureon P,2019,4,true,,,
MCOU,IA,00310653004,Bydureon P,2019,4,false,3163.000,783,535710.53
MCOU,IA,00310654004,BYDUREON B,2019,4,false,254.150,77,50511.57
FFSU,IA,00310653004,Bydureon P,2019,3,true,,,
MCOU,IA,00310653004,Bydureon P,2019,3,false,3640.000,896,617732.14
MCOU,IA,00310654004,BYDUREON B,2019,3,false,268.600,79,53389.54
MCOU,IA,00310652004,Bydureon 2,2019,2,true,,,
MCOU,IA,00310653004,Bydureon P,2019,2,false,1524.000,373,255385.69
FFSU,IA,00310653004,Bydureon P,2019,2,true,,,
MCOU,IA,00310654004,BYDUREON B,2019,2,false,265.200,78,52053.12
FFSU,IA,00310652004,Bydureon 2,2019,1,true,,,
MCOU,IA,00310652004,Bydureon 2,2019,1,true,,,
FFSU,IA,00310653004,Bydureon P,2019,1,true,,,
MCOU,IA,00310653004,Bydureon P,2019,1,false,1368.000,336,229912.88
MCOU,IA,00310654004,BYDUREON B,2019,1,false,224.400,66,42464.98
FFSU,IA,00310654004,BYDUREON B,2019,1,true,,,
FFSU,ID,00310653004,BYDUREON P,2019,4,false,1176.000,294,200574.95
FFSU,ID,00310654004,BYDUREON B,2019,4,false,170.000,50,34105.26
FFSU,ID,00310653004,BYDUREON P,2019,3,false,1084.000,271,184617.51
FFSU,ID,00310654004,BYDUREON B,2019,3,false,156.400,46,31323.08
FFSU,ID,00310653004,BYDUREON P,2019,2,false,1048.000,262,178311.38
FFSU,ID,00310654004,BYDUREON B,2019,2,false,136.000,38,25852.36
FFSU,ID,00310652004,BYDUREON  ,2019,1,true,,,
FFSU,ID,00310653004,BYDUREON P,2019,1,false,795.400,199,135129.02
FFSU,ID,00310654004,BYDUREON B,2019,1,false,85.000,25,16921.52
MCOU,IL,00310652004,Bydureon 2,2019,4,true,,,
FFSU,IL,00310653004,Bydureon P,2019,4,false,44.000,11,8758.73
MCOU,IL,00310653004,Bydureon P,2019,4,false,1914.000,436,382650.48
MCOU,IL,00310654001,BYDUREON B,2019,4,true,,,
FFSU,IL,00310654004,BYDUREON B,2019,4,true,,,
MCOU,IL,00310654004,BYDUREON B,2019,4,false,1113.500,293,256496.96
MCOU,IL,00310652004,Bydureon 2,2019,3,false,60.000,14,30342.12
MCOU,IL,00310653004,Bydureon P,2019,3,false,1909.400,435,432451.92
FFSU,IL,00310653004,Bydureon P,2019,3,false,44.000,11,8788.38
FFSU,IL,00310654004,BYDUREON B,2019,3,false,37.400,11,9798.55
MCOU,IL,00310654004,BYDUREON B,2019,3,false,1077.800,290,283486.51
MCOU,IL,00310652004,Bydureon 2,2019,2,false,160.000,38,75507.17
FFSU,IL,00310653004,Bydureon P,2019,2,true,,,
MCOU,IL,00310653004,Bydureon P,2019,2,false,2110.800,505,554581.39
MCOU,IL,00310654001,BYDUREON B,2019,2,true,,,
FFSU,IL,00310654004,BYDUREON B,2019,2,false,51.000,15,11506.72
MCOU,IL,00310654004,BYDUREON B,2019,2,false,761.200,219,244686.60
MCOU,IL,00310652004,Bydureon 2,2019,1,false,612.000,151,159653.38
FFSU,IL,00310652004,Bydureon 2,2019,1,true,,,
MCOU,IL,00310653004,Bydureon P,2019,1,false,1748.000,421,319426.30
FFSU,IL,00310653004,Bydureon P,2019,1,true,,,
MCOU,IL,00310654004,BYDUREON B,2019,1,false,589.000,168,126330.09
FFSU,IL,00310654004,BYDUREON B,2019,1,false,40.800,12,10030.85
MCOU,IN,00310653004,Bydureon P,2019,4,false,1944.000,479,329624.90
FFSU,IN,00310653004,Bydureon P,2019,4,false,774.000,189,131932.40
FFSU,IN,00310654004,BYDUREON B,2019,4,false,44.200,13,8861.58
MCOU,IN,00310654004,BYDUREON B,2019,4,false,2040.000,590,407973.26
FFSU,IN,00310652004,Bydureon 2,2019,3,true,,,
MCOU,IN,00310652004,Bydureon 2,2019,3,true,,,
FFSU,IN,00310653004,Bydureon P,2019,3,false,583.000,148,99449.58
MCOU,IN,00310653004,Bydureon P,2019,3,false,2052.000,503,351026.10
FFSU,IN,00310654004,BYDUREON B,2019,3,true,,,
MCOU,IN,00310654004,BYDUREON B,2019,3,false,1785.000,520,362381.08
MCOU,IN,00310652004,Bydureon 2,2019,2,true,,,
FFSU,IN,00310653004,Bydureon P,2019,2,false,561.000,141,95653.99
MCOU,IN,00310653004,Bydureon P,2019,2,false,2212.000,542,381480.26
MCOU,IN,00310654004,BYDUREON B,2019,2,false,1337.050,390,270475.12
FFSU,IN,00310654004,BYDUREON B,2019,2,true,,,
MCOU,IN,00310652004,Bydureon 2,2019,1,true,,,
FFSU,IN,00310652004,Bydureon 2,2019,1,true,,,
MCOU,IN,00310653004,Bydureon P,2019,1,false,2128.000,522,366378.32
FFSU,IN,00310653004,Bydureon P,2019,1,false,388.000,95,65791.32
MCOU,IN,00310654001,BYDUREON B,2019,1,true,,,
MCOU,IN,00310654004,BYDUREON B,2019,1,false,1098.200,317,222378.39
FFSU,IN,00310654004,BYDUREON B,2019,1,false,47.600,14,9496.46
MCOU,KS,00310652004,Bydureon 2,2019,4,true,,,
MCOU,KS,00310653004,Bydureon P,2019,4,false,928.000,232,158766.36
MCOU,KS,00310654004,BYDUREON B,2019,4,false,64.600,19,12967.69
MCOU,KS,00310652004,Bydureon 2,2019,3,true,,,
MCOU,KS,00310653004,Bydureon P,2019,3,false,945.000,238,161057.04
MCOU,KS,00310654004,BYDUREON B,2019,3,false,68.000,20,13651.00
MCOU,KS,00310652004,Bydureon 2,2019,2,true,,,
FFSU,KS,00310653004,Bydureon P,2019,2,true,,,
MCOU,KS,00310653004,Bydureon P,2019,2,false,816.000,204,139655.04
MCOU,KS,00310654004,BYDUREON B,2019,2,false,68.000,20,13651.00
MCOU,KS,00310652004,Bydureon 2,2019,1,true,,,
MCOU,KS,00310653004,Bydureon P,2019,1,false,776.000,192,130812.66
FFSU,KS,00310653004,Bydureon P,2019,1,true,,,
MCOU,KS,00310654004,BYDUREON B,2019,1,false,81.600,24,16390.20
MCOU,KY,00310652004,BYDUREON  ,2019,4,false,44.000,11,7305.02
MCOU,KY,00310653004,BYDUREON P,2019,4,false,4744.000,1189,838161.28
FFSU,KY,00310653004,BYDUREON P,2019,4,false,362.000,88,61610.25
MCOU,KY,00310654001,BYDUREON B,2019,4,true,,,
FFSU,KY,00310654004,BYDUREON B,2019,4,false,65.450,26,13120.91
MCOU,KY,00310654004,BYDUREON B,2019,4,false,3219.800,947,672715.38
MCOU,KY,00310652004,BYDUREON  ,2019,3,false,60.000,15,9974.70
FFSU,KY,00310653004,BYDUREON P,2019,3,false,388.000,98,66026.15
MCOU,KY,00310653004,BYDUREON P,2019,3,false,5133.400,1285,909017.99
MCOU,KY,00310654001,BYDUREON B,2019,3,true,,,
FFSU,KY,00310654004,BYDUREON B,2019,3,false,85.000,25,16951.46
MCOU,KY,00310654004,BYDUREON B,2019,3,false,2904.450,861,607136.50
MCOU,KY,00310652004,BYDUREON  ,2019,2,false,68.000,17,11297.34
FFSU,KY,00310652004,BYDUREON  ,2019,2,true,,,
MCOU,KY,00310653004,BYDUREON P,2019,2,false,5390.000,1349,953710.35
FFSU,KY,00310653004,BYDUREON P,2019,2,false,326.000,83,55488.57
MCOU,KY,00310654001,BYDUREON B,2019,2,true,,,
FFSU,KY,00310654004,BYDUREON B,2019,2,false,74.800,22,14954.26
MCOU,KY,00310654004,BYDUREON B,2019,2,false,2159.000,640,452081.59
MCOU,KY,00310652004,BYDUREON  ,2019,1,false,216.000,54,35972.10
FFSU,KY,00310652004,BYDUREON  ,2019,1,true,,,
MCOU,KY,00310653004,BYDUREON P,2019,1,false,5025.000,1260,891321.27
FFSU,KY,00310653004,BYDUREON P,2019,1,false,324.000,81,54657.64
MCOU,KY,00310654001,BYDUREON B,2019,1,true,,,
MCOU,KY,00310654004,BYDUREON B,2019,1,false,1880.200,555,392339.26
FFSU,KY,00310654004,BYDUREON B,2019,1,false,65.450,20,12793.91
MCOU,LA,00310652004,BYDUREON  ,2019,4,true,,,
FFSU,LA,00310653004,BYDUREON P,2019,4,false,172.000,43,29352.07
MCOU,LA,00310653004,BYDUREON P,2019,4,false,8632.600,2104,1499937.42
FFSU,LA,00310654004,BYDUREON B,2019,4,true,,,
MCOU,LA,00310654004,BYDUREON B,2019,4,false,696.000,209,142309.22
MCOU,LA,00310652004,BYDUREON  ,2019,3,true,,,
FFSU,LA,00310653004,BYDUREON P,2019,3,false,152.000,38,25947.80
MCOU,LA,00310653004,BYDUREON P,2019,3,false,8508.000,2080,1480541.48
MCOU,LA,00310654001,BYDUREON B,2019,3,true,,,
MCOU,LA,00310654004,BYDUREON B,2019,3,false,524.400,154,106851.08
FFSU,LA,00310654004,BYDUREON B,2019,3,true,,,
FFSU,LA,00310652004,BYDUREON  ,2019,2,true,,,
MCOU,LA,00310652004,BYDUREON  ,2019,2,false,56.000,14,9198.35
FFSU,LA,00310653004,BYDUREON P,2019,2,false,208.000,52,35836.16
MCOU,LA,00310653004,BYDUREON P,2019,2,false,4529.000,1099,787990.69
FFSU,LA,00310654004,BYDUREON B,2019,2,true,,,
MCOU,LA,00310654004,BYDUREON B,2019,2,false,550.250,160,110134.67
MCOU,LA,00310652004,BYDUREON  ,2019,1,true,,,
FFSU,LA,00310652004,BYDUREON  ,2019,1,true,,,
MCOU,LA,00310653004,BYDUREON P,2019,1,false,1040.000,260,180660.97
FFSU,LA,00310653004,BYDUREON P,2019,1,false,140.000,35,24273.11
FFSU,LA,00310654004,BYDUREON B,2019,1,true,,,
MCOU,LA,00310654004,BYDUREON B,2019,1,false,300.000,88,60667.75
FFSU,MA,00310652004,BYDUREON 2,2019,4,true,,,
MCOU,MA,00310653004,BYDUREON 2,2019,4,false,280.000,68,49303.98
FFSU,MA,00310653004,BYDUREON 2,2019,4,false,1159.000,293,197157.69
MCOU,MA,00310654004,BYDUREON B,2019,4,false,119.000,33,24628.73
FFSU,MA,00310654004,BYDUREON B,2019,4,false,228.650,68,45719.33
FFSU,MA,00310652004,BYDUREON 2,2019,3,true,,,
MCOU,MA,00310652004,BYDUREON 2,2019,3,true,,,
MCOU,MA,00310653004,BYDUREON 2,2019,3,false,284.000,71,50184.63
FFSU,MA,00310653004,BYDUREON 2,2019,3,false,1018.000,257,173129.25
MCOU,MA,00310654004,BYDUREON B,2019,3,false,136.850,39,28375.20
FFSU,MA,00310654004,BYDUREON B,2019,3,false,176.800,51,35321.72
FFSU,MA,00310652004,BYDUREON 2,2019,2,true,,,
MCOU,MA,00310652004,BYDUREON 2,2019,2,true,,,
FFSU,MA,00310653004,BYDUREON 2,2019,2,false,1093.000,274,186134.05
MCOU,MA,00310653004,BYDUREON 2,2019,2,false,344.000,84,60793.02
FFSU,MA,00310654004,BYDUREON B,2019,2,false,136.000,40,27203.50
MCOU,MA,00310654004,BYDUREON B,2019,2,false,90.950,28,19011.14
FFSU,MA,00310652004,BYDUREON 2,2019,1,false,72.000,18,11578.52
MCOU,MA,00310652004,BYDUREON 2,2019,1,true,,,
FFSU,MA,00310653004,BYDUREON 2,2019,1,false,651.000,164,109547.40
MCOU,MA,00310653004,BYDUREON 2,2019,1,false,376.000,89,66054.11
FFSU,MA,00310654004,BYDUREON B,2019,1,false,102.000,30,20113.42
MCOU,MA,00310654004,BYDUREON B,2019,1,false,102.000,30,21244.09
FFSU,MD,00310653004,BYDUREON 2,2019,4,false,66.000,21,11290.17
MCOU,MD,00310653004,BYDUREON 2,2019,4,false,160.000,34,27376.64
FFSU,MD,00310654001,BYDUREON B,2019,4,true,,,
FFSU,MD,00310654004,BYDUREON B,2019,4,true,,,
MCOU,MD,00310654004,BYDUREON B,2019,4,false,125.800,37,25233.90
FFSU,MD,00310653004,BYDUREON 2,2019,3,false,74.000,18,12613.89
MCOU,MD,00310653004,BYDUREON 2,2019,3,false,128.000,32,22500.67
FFSU,MD,00310654001,BYDUREON B,2019,3,true,,,
MCOU,MD,00310654004,BYDUREON B,2019,3,false,136.000,40,27190.53
FFSU,MD,00310654004,BYDUREON B,2019,3,true,,,
FFSU,MD,00310653004,BYDUREON 2,2019,2,false,82.000,21,13996.37
MCOU,MD,00310653004,BYDUREON 2,2019,2,false,144.000,32,24085.57
FFSU,MD,00310654001,BYDUREON B,2019,2,true,,,
MCOU,MD,00310654004,BYDUREON B,2019,2,false,157.000,46,31732.64
FFSU,MD,00310654004,BYDUREON B,2019,2,true,,,
FFSU,MD,00310652004,BYDUREON 2,2019,1,true,,,
MCOU,MD,00310652004,BYDUREON 2,2019,1,true,,,
FFSU,MD,00310653004,BYDUREON 2,2019,1,false,84.000,21,14277.24
MCOU,MD,00310653004,BYDUREON 2,2019,1,false,140.000,33,24028.02
FFSU,MD,00310654001,BYDUREON B,2019,1,true,,,
FFSU,MD,00310654004,BYDUREON B,2019,1,true,,,
MCOU,MD,00310654004,BYDUREON B,2019,1,false,180.800,53,34933.98
FFSU,ME,00310653004,BYDUREON P,2019,4,false,1190.000,300,202837.73
FFSU,ME,00310654004,BYDUREON B,2019,4,false,68.000,20,13622.57
FFSU,ME,00310653004,BYDUREON P,2019,3,false,964.000,239,164248.74
FFSU,ME,00310654004,BYDUREON B,2019,3,false,61.200,18,12244.92
FFSU,ME,00310652004,BYDUREON  ,2019,2,true,,,
FFSU,ME,00310653004,BYDUREON P,2019,2,false,856.000,212,145781.72
FFSU,ME,00310654004,BYDUREON B,2019,2,false,51.000,15,10212.60
FFSU,ME,00310652004,BYDUREON  ,2019,1,true,,,
FFSU,ME,00310653004,BYDUREON P,2019,1,false,774.000,194,130485.20
FFSU,ME,00310654004,BYDUREON B,2019,1,false,51.000,13,9996.79
MCOU,MI,00310653004,BYDUREON P,2019,4,false,404.000,101,68721.18
FFSU,MI,00310653004,BYDUREON P,2019,4,false,323.000,65,49824.07
FFSU,MI,00310654004,BYDUREON B,2019,4,true,,,
MCOU,MI,00310654004,BYDUREON B,2019,4,false,71.400,21,14322.57
FFSU,MI,00310653004,BYDUREON P,2019,3,false,416.000,88,70729.76
MCOU,MI,00310653004,BYDUREON P,2019,3,false,484.000,121,82340.74
MCOU,MI,00310654004,BYDUREON B,2019,3,false,95.200,28,19198.70
FFSU,MI,00310654004,BYDUREON B,2019,3,true,,,
MCOU,MI,00310653004,BYDUREON P,2019,2,false,472.000,118,80316.64
FFSU,MI,00310653004,BYDUREON P,2019,2,false,428.000,96,72156.71
MCOU,MI,00310654004,BYDUREON B,2019,2,false,105.400,31,20418.81
FFSU,MI,00310654004,BYDUREON B,2019,2,true,,,
MCOU,MI,00310652004,BYDUREON  ,2019,1,true,,,
FFSU,MI,00310652004,BYDUREON  ,2019,1,true,,,
FFSU,MI,00310653004,BYDUREON P,2019,1,false,424.000,91,72007.41
MCOU,MI,00310653004,BYDUREON P,2019,1,false,468.000,117,79725.73
MCOU,MI,00310654004,BYDUREON B,2019,1,false,156.400,46,31477.20
FFSU,MI,00310654004,BYDUREON B,2019,1,false,54.400,12,9017.27
MCOU,MN,00310652004,BYDUREON  ,2019,4,true,,,
MCOU,MN,00310653001,BYDUREON P,2019,4,true,,,
FFSU,MN,00310653004,BYDUREON P,2019,4,false,496.000,124,84165.58
MCOU,MN,00310653004,BYDUREON P,2019,4,false,5346.000,1338,928367.19
FFSU,MN,00310654004,BYDUREON B,2019,4,true,,,
MCOU,MN,00310654004,BYDUREON B,2019,4,false,309.400,91,62896.06
MCOU,MN,00310652004,BYDUREON  ,2019,3,true,,,
FFSU,MN,00310652004,BYDUREON  ,2019,3,true,,,
MCOU,MN,00310653004,BYDUREON P,2019,3,false,5098.000,1273,888388.81
FFSU,MN,00310653004,BYDUREON P,2019,3,false,304.000,76,52649.29
MCOU,MN,00310654004,BYDUREON B,2019,3,false,306.000,90,62745.71
FFSU,MN,00310654004,BYDUREON B,2019,3,true,,,
MCOU,MN,00310652004,BYDUREON  ,2019,2,true,,,
FFSU,MN,00310652004,BYDUREON  ,2019,2,true,,,
MCOU,MN,00310653004,BYDUREON P,2019,2,false,1716.000,427,302355.79
FFSU,MN,00310653004,BYDUREON P,2019,2,false,180.000,45,29700.70
MCOU,MN,00310654001,BYDUREON B,2019,2,true,,,
FFSU,MN,00310654004,BYDUREON B,2019,2,true,,,
MCOU,MN,00310654004,BYDUREON B,2019,2,false,806.650,238,168116.19
MCOU,MN,00310652004,BYDUREON  ,2019,1,false,44.000,11,7315.14
FFSU,MN,00310652004,BYDUREON  ,2019,1,false,44.000,11,7142.19
MCOU,MN,00310653004,BYDUREON P,2019,1,false,1652.000,413,293806.48
FFSU,MN,00310653004,BYDUREON P,2019,1,false,80.000,20,12658.00
MCOU,MN,00310654001,BYDUREON B,2019,1,true,,,
MCOU,MN,00310654004,BYDUREON B,2019,1,false,681.700,202,143932.97
FFSU,MN,00310654004,BYDUREON B,2019,1,true,,,
FFSU,MO,00310652004,BYDUREON  ,2019,4,true,,,
FFSU,MO,00310653004,BYDUREON P,2019,4,false,5580.000,1395,957025.58
FFSU,MO,00310654004,BYDUREON B,2019,4,false,316.200,93,63703.27
FFSU,MO,00310653004,BYDUREON P,2019,3,false,5612.000,1403,961826.20
FFSU,MO,00310654004,BYDUREON B,2019,3,false,465.800,137,93203.89
FFSU,MO,00310652004,BYDUREON  ,2019,2,true,,,
FFSU,MO,00310653004,BYDUREON P,2019,2,false,4792.000,1199,819929.77
FFSU,MO,00310654004,BYDUREON B,2019,2,false,401.200,118,79560.26
FFSU,MO,00310652004,BYDUREON  ,2019,1,false,210.000,53,34052.37
FFSU,MO,00310653004,BYDUREON P,2019,1,false,4388.000,1097,743587.15
FFSU,MO,00310654004,BYDUREON B,2019,1,false,355.300,107,70732.62
MCOU,MS,00310652004,BYDUREON 2,2019,4,true,,,
MCOU,MS,00310653004,BYDUREON 2,2019,4,false,2477.000,616,419664.46
FFSU,MS,00310653004,BYDUREON 2,2019,4,false,576.000,146,98318.44
MCOU,MS,00310654004,BYDUREON B,2019,4,false,231.200,68,46404.25
FFSU,MS,00310654004,BYDUREON B,2019,4,true,,,
MCOU,MS,00310652004,BYDUREON 2,2019,3,true,,,
MCOU,MS,00310653004,BYDUREON 2,2019,3,false,2591.000,647,437485.66
FFSU,MS,00310653004,BYDUREON 2,2019,3,false,534.000,134,89514.22
MCOU,MS,00310654004,BYDUREON B,2019,3,false,180.200,53,36137.52
FFSU,MS,00310654004,BYDUREON B,2019,3,true,,,
FFSU,MS,00310652004,BYDUREON 2,2019,2,true,,,
MCOU,MS,00310652004,BYDUREON 2,2019,2,true,,,
MCOU,MS,00310653004,BYDUREON 2,2019,2,false,2605.000,652,439357.49
FFSU,MS,00310653004,BYDUREON 2,2019,2,false,476.000,119,79601.35
MCOU,MS,00310654004,BYDUREON B,2019,2,false,112.200,33,22500.72
MCOU,MS,00310652004,BYDUREON 2,2019,1,false,64.000,16,10297.12
FFSU,MS,00310652004,BYDUREON 2,2019,1,true,,,
MCOU,MS,00310653004,BYDUREON 2,2019,1,false,2604.000,650,441157.04
FFSU,MS,00310653004,BYDUREON 2,2019,1,false,404.000,101,68300.57
MCOU,MS,00310654004,BYDUREON B,2019,1,false,119.000,35,23864.40
FFSU,MS,00310654004,BYDUREON B,2019,1,true,,,
FFSU,MT,00310653004,BYDUREON 2,2019,4,false,3168.000,794,538662.29
FFSU,MT,00310654004,BYDUREON B,2019,4,false,59.000,17,11801.46
FFSU,MT,00310652004,BYDUREON 2,2019,3,true,,,
FFSU,MT,00310653004,BYDUREON 2,2019,3,false,3580.000,895,607669.30
FFSU,MT,00310654004,BYDUREON B,2019,3,false,54.400,16,10885.10
FFSU,MT,00310652004,BYDUREON 2,2019,2,true,,,
FFSU,MT,00310653004,BYDUREON 2,2019,2,false,3140.000,783,537140.14
FFSU,MT,00310654004,BYDUREON B,2019,2,false,102.000,30,20502.34
FFSU,MT,00310652004,BYDUREON 2,2019,1,false,108.000,27,17147.87
FFSU,MT,00310653004,BYDUREON 2,2019,1,false,2824.000,705,478362.37
FFSU,MT,00310654004,BYDUREON B,2019,1,false,235.200,69,46522.05
FFSU,XX,00310652004,Bydureon 2,2019,4,false,132.000,31,21221.84
MCOU,XX,00310652004,Bydureon 2,2019,4,false,308.000,78,57613.49
MCOU,XX,00310653001,Bydureon P,2019,4,true,,,
FFSU,XX,00310653004,Bydureon P,2019,4,false,68848.200,16305,11718781.88
MCOU,XX,00310653004,Bydureon P,2019,4,false,98015.000,24038,16280894.50
FFSU,XX,00310654001,BYDUREON B,2019,4,true,,,
MCOU,XX,00310654001,BYDUREON B,2019,4,false,190.150,63,33251.61
FFSU,XX,00310654004,BYDUREON B,2019,4,false,10896.650,3058,2255528.41
MCOU,XX,00310654004,BYDUREON B,2019,4,false,38388.800,11083,7408577.04
FFSU,XX,00310652004,Bydureon 2,2019,3,false,205.000,52,33056.44
MCOU,XX,00310652004,Bydureon 2,2019,3,false,436.000,109,91444.13
MCOU,XX,00310653001,Bydureon P,2019,3,true,,,
FFSU,XX,00310653004,Bydureon P,2019,3,false,70876.400,16707,12075642.41
MCOU,XX,00310653004,Bydureon P,2019,3,false,99719.000,24501,17031116.78
FFSU,XX,00310654001,BYDUREON B,2019,3,true,,,
MCOU,XX,00310654001,BYDUREON B,2019,3,false,130.650,39,25701.69
FFSU,XX,00310654004,BYDUREON B,2019,3,false,10095.550,2857,2080868.60
MCOU,XX,00310654004,BYDUREON B,2019,3,false,35394.350,10227,7111017.34
FFSU,XX,00310652004,Bydureon 2,2019,2,false,491.000,121,79407.51
MCOU,XX,00310652004,Bydureon 2,2019,2,false,866.000,214,188359.52
FFSU,XX,00310653004,Bydureon P,2019,2,false,65207.000,15596,11127543.44
MCOU,XX,00310653004,Bydureon P,2019,2,false,87190.200,21385,14607810.68
FFSU,XX,00310654001,BYDUREON B,2019,2,true,,,
MCOU,XX,00310654001,BYDUREON B,2019,2,false,110.000,32,22203.97
FFSU,XX,00310654004,BYDUREON B,2019,2,false,8522.950,2400,1749388.31
MCOU,XX,00310654004,BYDUREON B,2019,2,false,29842.650,8647,5823745.77
FFSU,XX,00310652004,Bydureon 2,2019,1,false,2234.000,558,361103.60
MCOU,XX,00310652004,Bydureon 2,2019,1,false,3338.000,829,595830.80
FFSU,XX,00310653004,Bydureon P,2019,1,false,61245.400,14674,10387275.65
MCOU,XX,00310653004,Bydureon P,2019,1,false,75583.717,18580,12896257.62
FFSU,XX,00310654001,BYDUREON B,2019,1,false,43.400,12,9481.32
MCOU,XX,00310654001,BYDUREON B,2019,1,false,96.650,29,19678.26
FFSU,XX,00310654004,BYDUREON B,2019,1,false,8062.000,2281,1639016.10
MCOU,XX,00310654004,BYDUREON B,2019,1,false,24555.350,7109,4718072.63
FFSU,XX,66780021904,BYDUREON  ,2019,1,true,,,
FFSU,NC,00310652004,BYDUREON  ,2019,4,true,,,
FFSU,NC,00310653004,BYDUREON P,2019,4,false,10636.000,2658,1784595.57
FFSU,NC,00310654004,BYDUREON B,2019,4,false,1872.550,552,368143.26
FFSU,NC,00310652004,BYDUREON  ,2019,3,true,,,
FFSU,NC,00310653004,BYDUREON P,2019,3,false,10684.000,2671,1792628.21
FFSU,NC,00310654004,BYDUREON B,2019,3,false,1939.700,572,379886.12
FFSU,NC,00310652004,BYDUREON  ,2019,2,true,,,
FFSU,NC,00310653004,BYDUREON P,2019,2,false,9508.000,2374,1594356.01
FFSU,NC,00310654004,BYDUREON B,2019,2,false,1592.050,467,311109.27
FFSU,NC,00310652004,BYDUREON  ,2019,1,false,280.000,70,44360.98
FFSU,NC,00310653004,BYDUREON P,2019,1,false,11748.000,2925,1949749.97
FFSU,NC,00310654004,BYDUREON B,2019,1,false,2056.150,605,399784.41
MCOU,ND,00310652004,BYDUREON 2,2019,4,true,,,
MCOU,ND,00310653004,BYDUREON 2,2019,4,false,436.000,109,74564.68
FFSU,ND,00310653004,BYDUREON 2,2019,4,false,228.000,57,39014.03
FFSU,ND,00310654004,BYDUREON B,2019,4,true,,,
FFSU,ND,00310653004,BYDUREON 2,2019,3,false,132.000,33,22599.42
MCOU,ND,00310653004,BYDUREON 2,2019,3,false,496.000,124,85137.28
MCOU,ND,00310653004,BYDUREON 2,2019,2,false,420.000,105,72098.10
FFSU,ND,00310653004,BYDUREON 2,2019,2,false,148.000,37,25288.02
MCOU,ND,00310653004,BYDUREON 2,2019,1,false,372.000,93,59087.50
FFSU,ND,00310653004,BYDUREON 2,2019,1,false,144.000,36,24593.89
MCOU,ND,00310654004,BYDUREON B,2019,1,true,,,
FFSU,ND,00310654004,BYDUREON B,2019,1,true,,,
MCOU,NE,00310653004,Bydureon P,2019,4,false,1422.000,337,250481.99
MCOU,NE,00310654004,BYDUREON B,2019,4,false,102.600,30,21154.98
MCOU,NE,00310652004,Bydureon 2,2019,3,true,,,
MCOU,NE,00310653004,Bydureon P,2019,3,false,1384.000,332,241405.70
MCOU,NE,00310654004,BYDUREON B,2019,3,false,119.000,35,24506.06
MCOU,NE,00310652004,Bydureon 2,2019,2,true,,,
MCOU,NE,00310653004,Bydureon P,2019,2,false,1392.000,348,243188.34
MCOU,NE,00310654004,BYDUREON B,2019,2,false,119.600,35,24971.75
MCOU,NE,00310652004,Bydureon 2,2019,1,true,,,
MCOU,NE,00310653004,Bydureon P,2019,1,false,1412.000,353,248397.15
MCOU,NE,00310654004,BYDUREON B,2019,1,false,117.400,32,22014.65
MCOU,NH,00310652004,BYDUREON  ,2019,4,true,,,
MCOU,NH,00310653004,BYDUREON P,2019,4,false,428.000,107,72802.75
MCOU,NH,00310654004,BYDUREON B,2019,4,false,290.200,85,57413.95
MCOU,NH,00310653004,BYDUREON P,2019,3,false,336.000,84,57206.44
MCOU,NH,00310654004,BYDUREON B,2019,3,false,259.000,76,50048.36
MCOU,NH,00310653004,BYDUREON P,2019,2,false,276.000,69,47718.95
MCOU,NH,00310654004,BYDUREON B,2019,2,false,187.000,55,36369.30
MCOU,NH,00310652004,BYDUREON  ,2019,1,true,,,
MCOU,NH,00310653004,BYDUREON P,2019,1,false,324.000,81,57761.97
MCOU,NH,00310654004,BYDUREON B,2019,1,false,142.800,42,28093.87
FFSU,NH,00310654004,BYDUREON B,2019,1,true,,,
FFSU,NJ,00310653004,Bydureon P,2019,4,true,,,
MCOU,NJ,00310653004,Bydureon P,2019,4,false,5008.200,1248,861282.98
MCOU,NJ,00310654001,BYDUREON B,2019,4,true,,,
FFSU,NJ,00310654004,BYDUREON B,2019,4,false,40.800,12,8182.19
MCOU,NJ,00310654004,BYDUREON B,2019,4,false,5663.300,1661,1130882.87
MCOU,NJ,00310653004,Bydureon P,2019,3,false,5467.400,1361,935620.49
FFSU,NJ,00310653004,Bydureon P,2019,3,true,,,
MCOU,NJ,00310654001,BYDUREON B,2019,3,true,,,
FFSU,NJ,00310654004,BYDUREON B,2019,3,true,,,
MCOU,NJ,00310654004,BYDUREON B,2019,3,false,4597.750,1342,906892.98
MCOU,NJ,00310652004,Bydureon 2,2019,2,true,,,
MCOU,NJ,00310653004,Bydureon P,2019,2,false,6055.000,1513,1045156.11
FFSU,NJ,00310653004,Bydureon P,2019,2,false,49.000,11,8349.17
MCOU,NJ,00310654001,BYDUREON B,2019,2,true,,,
MCOU,NJ,00310654004,BYDUREON B,2019,2,false,3449.650,1009,683737.44
FFSU,NJ,00310654004,BYDUREON B,2019,2,true,,,
MCOU,NJ,00310652004,Bydureon 2,2019,1,true,,,
FFSU,NJ,00310652004,Bydureon 2,2019,1,true,,,
MCOU,NJ,00310653004,Bydureon P,2019,1,false,6183.717,1550,1092349.77
FFSU,NJ,00310653004,Bydureon P,2019,1,true,,,
MCOU,NJ,00310654001,BYDUREON B,2019,1,true,,,
MCOU,NJ,00310654004,BYDUREON B,2019,1,false,2239.250,660,460338.63
FFSU,NJ,00310654004,BYDUREON B,2019,1,true,,,
FFSU,NM,00310653004,BYDUREON 2,2019,4,true,,,
MCOU,NM,00310653004,BYDUREON 2,2019,4,false,52.000,12,8758.98
MCOU,NM,00310654004,BYDUREON B,2019,4,true,,,
FFSU,NM,00310653004,BYDUREON 2,2019,3,false,44.000,11,8272.66
MCOU,NM,00310653004,BYDUREON 2,2019,3,false,80.000,19,13728.70
MCOU,NM,00310654004,BYDUREON B,2019,3,true,,,
FFSU,NM,00310654004,BYDUREON B,2019,3,true,,,
MCOU,NM,00310653004,BYDUREON 2,2019,2,false,56.000,14,8536.90
FFSU,NM,00310653004,BYDUREON 2,2019,2,false,64.000,16,11888.09
FFSU,NM,00310654004,BYDUREON B,2019,2,true,,,
MCOU,NM,00310654004,BYDUREON B,2019,2,true,,,
FFSU,NM,00310652004,BYDUREON 2,2019,1,true,,,
MCOU,NM,00310653004,BYDUREON 2,2019,1,false,104.000,26,18140.38
FFSU,NM,00310653004,BYDUREON 2,2019,1,false,44.000,11,8127.79
MCOU,NM,00310654004,BYDUREON B,2019,1,false,71.400,20,14469.65
FFSU,NV,00310652004,Bydureon 2,2019,4,true,,,
MCOU,NV,00310653004,Bydureon P,2019,4,false,56.000,14,9516.50
FFSU,NV,00310653004,Bydureon P,2019,4,false,276.000,31,46640.12
MCOU,NV,00310654004,BYDUREON B,2019,4,false,299.200,88,57341.33
FFSU,NV,00310654004,BYDUREON B,2019,4,false,136.000,25,27767.69
MCOU,NV,00310652004,Bydureon 2,2019,3,true,,,
MCOU,NV,00310653004,Bydureon P,2019,3,false,216.000,52,37216.82
FFSU,NV,00310653004,Bydureon P,2019,3,false,340.000,43,57517.92
FFSU,NV,00310654004,BYDUREON B,2019,3,false,91.800,21,18318.42
MCOU,NV,00310654004,BYDUREON B,2019,3,false,340.000,100,62456.00
FFSU,NV,00310652004,Bydureon 2,2019,2,true,,,
MCOU,NV,00310652004,Bydureon 2,2019,2,true,,,
MCOU,NV,00310653004,Bydureon P,2019,2,false,264.000,60,44870.60
FFSU,NV,00310653004,Bydureon P,2019,2,false,224.000,29,37894.58
MCOU,NV,00310654004,BYDUREON B,2019,2,false,241.400,71,44188.78
FFSU,NV,00310654004,BYDUREON B,2019,2,false,78.200,17,15595.54
MCOU,NV,00310652004,Bydureon 2,2019,1,true,,,
FFSU,NV,00310652004,Bydureon 2,2019,1,true,,,
FFSU,NV,00310653004,Bydureon P,2019,1,false,392.000,41,64411.95
MCOU,NV,00310653004,Bydureon P,2019,1,false,284.000,67,48502.89
MCOU,NV,00310654004,BYDUREON B,2019,1,false,200.600,59,40306.92
FFSU,NV,00310654004,BYDUREON B,2019,1,false,122.400,21,26136.82
MCOU,NY,00310652004,BYDUREON  ,2019,4,true,,,
FFSU,NY,00310652004,BYDUREON  ,2019,4,true,,,
FFSU,NY,00310653004,BYDUREON P,2019,4,false,1255.400,292,213475.97
MCOU,NY,00310653004,BYDUREON P,2019,4,false,3220.000,767,536310.60
MCOU,NY,00310654001,BYDUREON B,2019,4,false,42.350,14,7760.37
MCOU,NY,00310654004,BYDUREON B,2019,4,false,4068.100,1113,795147.68
FFSU,NY,00310654004,BYDUREON B,2019,4,false,330.650,91,65824.66
FFSU,NY,00310652004,BYDUREON  ,2019,3,true,,,
MCOU,NY,00310652004,BYDUREON  ,2019,3,true,,,
FFSU,NY,00310653004,BYDUREON P,2019,3,false,1567.000,361,266077.45
MCOU,NY,00310653004,BYDUREON P,2019,3,false,3480.000,830,590488.88
MCOU,NY,00310654001,BYDUREON B,2019,3,false,51.600,15,10190.46
FFSU,NY,00310654004,BYDUREON B,2019,3,false,385.900,109,76884.88
MCOU,NY,00310654004,BYDUREON B,2019,3,false,3921.050,1088,783538.27
FFSU,NY,00310652004,BYDUREON  ,2019,2,true,,,
MCOU,NY,00310652004,BYDUREON  ,2019,2,true,,,
MCOU,NY,00310653004,BYDUREON P,2019,2,false,3696.000,865,628319.75
FFSU,NY,00310653004,BYDUREON P,2019,2,false,1284.000,307,217680.61
MCOU,NY,00310654001,BYDUREON B,2019,2,false,38.600,11,7475.02
FFSU,NY,00310654004,BYDUREON B,2019,2,false,372.300,100,72813.92
MCOU,NY,00310654004,BYDUREON B,2019,2,false,3437.400,963,688362.83
MCOU,NY,00310652004,BYDUREON  ,2019,1,false,100.000,25,16014.80
FFSU,NY,00310652004,BYDUREON  ,2019,1,false,75.000,19,12045.77
MCOU,NY,00310653004,BYDUREON P,2019,1,false,3792.000,896,644738.50
FFSU,NY,00310653004,BYDUREON P,2019,1,false,1112.000,260,188389.25
MCOU,NY,00310654001,BYDUREON B,2019,1,true,,,
MCOU,NY,00310654004,BYDUREON B,2019,1,false,3030.250,853,607453.13
FFSU,NY,00310654004,BYDUREON B,2019,1,false,244.800,68,48841.11
FFSU,NY,66780021904,BYDUREON  ,2019,1,true,,,
MCOU,OH,00310652004,Bydureon 2,2019,4,true,,,
MCOU,OH,00310653004,Bydureon P,2019,4,false,3265.000,817,565518.57
FFSU,OH,00310653004,Bydureon P,2019,4,false,1441.000,339,244271.47
MCOU,OH,00310654001,BYDUREON B,2019,4,true,,,
FFSU,OH,00310654004,BYDUREON B,2019,4,false,44.200,13,8816.16
MCOU,OH,00310654004,BYDUREON B,2019,4,false,2261.250,669,459857.40
FFSU,OH,00310652004,Bydureon 2,2019,3,true,,,
MCOU,OH,00310652004,Bydureon 2,2019,3,true,,,
FFSU,OH,00310653004,Bydureon P,2019,3,false,1445.000,334,244907.29
MCOU,OH,00310653004,Bydureon P,2019,3,false,3696.800,922,639069.22
MCOU,OH,00310654001,BYDUREON B,2019,3,true,,,
MCOU,OH,00310654004,BYDUREON B,2019,3,false,2002.600,592,405870.31
FFSU,OH,00310654004,BYDUREON B,2019,3,false,37.400,11,7460.71
MCOU,OH,00310652004,Bydureon 2,2019,2,true,,,
FFSU,OH,00310652004,Bydureon 2,2019,2,true,,,
MCOU,OH,00310653004,Bydureon P,2019,2,false,4072.000,1018,702913.26
FFSU,OH,00310653004,Bydureon P,2019,2,false,1391.000,322,235993.51
MCOU,OH,00310654001,BYDUREON B,2019,2,true,,,
MCOU,OH,00310654004,BYDUREON B,2019,2,false,1791.800,530,363297.93
FFSU,OH,00310654004,BYDUREON B,2019,2,false,40.800,12,8141.56
MCOU,OH,00310652004,Bydureon 2,2019,1,false,108.000,27,17642.53
FFSU,OH,00310652004,Bydureon 2,2019,1,false,61.000,16,9759.15
MCOU,OH,00310653004,Bydureon P,2019,1,false,4292.000,1073,740721.83
FFSU,OH,00310653004,Bydureon P,2019,1,false,1169.000,265,195487.41
MCOU,OH,00310654001,BYDUREON B,2019,1,true,,,
FFSU,OH,00310654004,BYDUREON B,2019,1,false,47.600,14,9265.08
MCOU,OH,00310654004,BYDUREON B,2019,1,false,1495.750,442,303544.16
FFSU,OK,00310653004,Bydureon P,2019,4,false,698.000,175,117345.30
FFSU,OK,00310654004,BYDUREON B,2019,4,true,,,
FFSU,OK,00310653004,Bydureon P,2019,3,false,669.000,166,113688.67
FFSU,OK,00310654004,BYDUREON B,2019,3,true,,,
FFSU,OK,00310653004,Bydureon P,2019,2,false,596.000,149,101711.87
FFSU,OK,00310654004,BYDUREON B,2019,2,true,,,
FFSU,OK,00310652004,Bydureon 2,2019,1,true,,,
FFSU,OK,00310653004,Bydureon P,2019,1,false,556.000,139,93766.17
FFSU,OK,00310654004,BYDUREON B,2019,1,true,,,
MCOU,OR,00310652004,Bydureon 2,2019,4,true,,,
MCOU,OR,00310653001,Bydureon P,2019,4,true,,,
MCOU,OR,00310653004,Bydureon P,2019,4,false,1848.000,462,316979.63
FFSU,OR,00310653004,Bydureon P,2019,4,false,52.000,13,8778.38
MCOU,OR,00310654001,BYDUREON B,2019,4,true,,,
FFSU,OR,00310654004,BYDUREON B,2019,4,true,,,
MCOU,OR,00310654004,BYDUREON B,2019,4,false,1350.650,396,273689.31
MCOU,OR,00310652004,Bydureon 2,2019,3,true,,,
MCOU,OR,00310653001,BYDUREON P,2019,3,true,,,
FFSU,OR,00310653004,Bydureon P,2019,3,false,44.000,11,7470.74
MCOU,OR,00310653004,Bydureon P,2019,3,false,2164.000,541,371570.59
MCOU,OR,00310654001,BYDUREON B,2019,3,true,,,
MCOU,OR,00310654004,BYDUREON B,2019,3,false,1190.000,346,240795.32
FFSU,OR,00310654004,BYDUREON B,2019,3,false,44.200,11,8819.45
MCOU,OR,00310652004,Bydureon 2,2019,2,true,,,
MCOU,OR,00310653004,Bydureon P,2019,2,false,2408.000,601,411037.14
FFSU,OR,00310653004,Bydureon P,2019,2,false,72.000,18,12251.16
MCOU,OR,00310654004,BYDUREON B,2019,2,false,900.000,254,180196.61
FFSU,OR,00310654004,BYDUREON B,2019,2,true,,,
MCOU,OR,00310652004,Bydureon 2,2019,1,true,,,
FFSU,OR,00310652004,Bydureon 2,2019,1,true,,,
MCOU,OR,00310653004,Bydureon P,2019,1,false,2324.000,581,396018.40
FFSU,OR,00310653004,Bydureon P,2019,1,false,88.000,22,14944.03
MCOU,OR,00310654004,BYDUREON B,2019,1,false,643.800,185,129516.06
FFSU,OR,00310654004,BYDUREON B,2019,1,true,,,
FFSU,PA,00310653004,Bydureon P,2019,4,false,230.000,55,39133.85
MCOU,PA,00310653004,Bydureon P,2019,4,false,368.000,82,62913.82
MCOU,PA,00310654004,BYDUREON B,2019,4,false,187.000,55,37929.68
FFSU,PA,00310654004,BYDUREON B,2019,4,true,,,
MCOU,PA,00310653004,Bydureon P,2019,3,false,370.000,88,61517.56
FFSU,PA,00310653004,Bydureon P,2019,3,false,179.000,50,30481.26
MCOU,PA,00310654004,BYDUREON B,2019,3,false,153.000,45,31143.61
MCOU,PA,00310653004,Bydureon P,2019,2,false,365.000,91,61775.81
FFSU,PA,00310653004,Bydureon P,2019,2,false,141.000,40,24000.03
MCOU,PA,00310654004,BYDUREON B,2019,2,false,132.600,39,26211.67
FFSU,PA,00310654004,BYDUREON B,2019,2,true,,,
FFSU,PA,00310652004,Bydureon 2,2019,1,true,,,
MCOU,PA,00310652004,Bydureon 2,2019,1,true,,,
FFSU,PA,00310653004,Bydureon P,2019,1,false,121.000,31,20099.41
MCOU,PA,00310653004,Bydureon P,2019,1,false,325.000,83,55198.52
MCOU,PA,00310654004,BYDUREON B,2019,1,false,142.800,42,26955.38
FFSU,PA,00310654004,BYDUREON B,2019,1,true,,,
MCOU,RI,00310653004,Bydureon P,2019,4,true,,,
FFSU,RI,00310653004,Bydureon P,2019,4,true,,,
MCOU,RI,00310654004,BYDUREON B,2019,4,true,,,
FFSU,RI,00310653004,Bydureon P,2019,3,true,,,
MCOU,RI,00310653004,Bydureon P,2019,3,false,64.000,16,9141.26
MCOU,RI,00310654004,BYDUREON B,2019,3,true,,,
FFSU,RI,00310654004,BYDUREON B,2019,3,true,,,
FFSU,RI,00310653004,Bydureon P,2019,2,true,,,
MCOU,RI,00310653004,Bydureon P,2019,2,false,96.000,24,14001.60
MCOU,RI,00310654004,BYDUREON B,2019,2,true,,,
MCOU,RI,00310653004,Bydureon P,2019,1,true,,,
MCOU,RI,00310654004,BYDUREON B,2019,1,true,,,
MCOU,SC,00310653004,BYDUREON P,2019,4,false,496.000,124,83891.51
FFSU,SC,00310653004,BYDUREON P,2019,4,false,112.000,26,19813.35
FFSU,SC,00310654004,BYDUREON B,2019,4,false,129.200,38,26906.06
MCOU,SC,00310654004,BYDUREON B,2019,4,false,690.200,203,132979.26
MCOU,SC,00310653004,BYDUREON P,2019,3,false,510.000,128,85663.29
FFSU,SC,00310653004,BYDUREON P,2019,3,false,112.000,28,19741.08
FFSU,SC,00310654004,BYDUREON B,2019,3,false,112.200,33,23427.31
MCOU,SC,00310654004,BYDUREON B,2019,3,false,601.800,177,117790.49
MCOU,SC,00310652004,BYDUREON  ,2019,2,true,,,
FFSU,SC,00310653004,BYDUREON P,2019,2,false,100.000,25,17644.97
MCOU,SC,00310653004,BYDUREON P,2019,2,false,512.000,129,84470.73
FFSU,SC,00310654004,BYDUREON B,2019,2,false,88.400,26,18408.62
MCOU,SC,00310654004,BYDUREON B,2019,2,false,523.600,154,103078.64
MCOU,SC,00310652004,BYDUREON  ,2019,1,true,,,
MCOU,SC,00310653004,BYDUREON P,2019,1,false,556.000,139,96321.91
FFSU,SC,00310653004,BYDUREON P,2019,1,false,72.000,18,12737.34
MCOU,SC,00310654004,BYDUREON B,2019,1,false,421.600,124,85080.81
FFSU,SC,00310654004,BYDUREON B,2019,1,false,91.800,25,18997.19
FFSU,SD,00310653004,Bydureon P,2019,4,false,108.000,27,18417.96
FFSU,SD,00310654004,BYDUREON B,2019,4,false,119.000,35,23859.50
FFSU,SD,00310653004,Bydureon P,2019,3,false,132.000,33,22514.58
FFSU,SD,00310654004,BYDUREON B,2019,3,false,98.600,29,19750.45
FFSU,SD,00310653004,Bydureon P,2019,2,false,176.000,44,30019.44
FFSU,SD,00310654004,BYDUREON B,2019,2,false,91.800,27,18388.35
FFSU,SD,00310652004,Bydureon 2,2019,1,true,,,
FFSU,SD,00310653004,Bydureon P,2019,1,false,148.000,37,25129.53
FFSU,SD,00310654004,BYDUREON B,2019,1,false,64.600,19,12939.95
FFSU,TN,00310652004,Bydureon 2,2019,4,true,,,
FFSU,TN,00310653004,Bydureon P,2019,4,false,7809.000,1953,1325747.58
MCOU,TN,00310654001,BYDUREON B,2019,4,true,,,
FFSU,TN,00310654004,BYDUREON B,2019,4,false,176.800,52,35347.57
MCOU,TN,00310654004,BYDUREON B,2019,4,true,,,
FFSU,TN,00310652004,Bydureon 2,2019,3,true,,,
FFSU,TN,00310653004,Bydureon P,2019,3,false,7795.000,1950,1324517.62
MCOU,TN,00310654004,BYDUREON B,2019,3,true,,,
FFSU,TN,00310654004,BYDUREON B,2019,3,false,227.800,67,45513.12
FFSU,TN,00310652004,Bydureon 2,2019,2,false,80.000,20,12812.20
FFSU,TN,00310653004,Bydureon P,2019,2,false,7604.000,1901,1291137.17
FFSU,TN,00310654004,BYDUREON B,2019,2,false,207.400,61,41431.04
FFSU,TN,00310652004,Bydureon 2,2019,1,false,212.000,53,33920.72
FFSU,TN,00310653004,Bydureon P,2019,1,false,6789.000,1698,1144204.01
FFSU,TN,00310654004,BYDUREON B,2019,1,false,218.450,65,43414.13
MCOU,TX,00310652004,BYDUREON 2,2019,4,true,,,
FFSU,TX,00310653004,BYDUREON 2,2019,4,true,,,
MCOU,TX,00310653004,BYDUREON 2,2019,4,false,9272.000,2237,1596939.92
FFSU,TX,00310654004,BYDUREON B,2019,4,true,,,
MCOU,TX,00310654004,BYDUREON B,2019,4,false,2522.800,744,511745.47
MCOU,TX,00310652004,BYDUREON 2,2019,3,true,,,
MCOU,TX,00310653004,BYDUREON 2,2019,3,false,9385.000,2270,1616670.70
FFSU,TX,00310653004,BYDUREON 2,2019,3,true,,,
FFSU,TX,00310654004,BYDUREON B,2019,3,true,,,
MCOU,TX,00310654004,BYDUREON B,2019,3,false,2378.300,704,482349.53
MCOU,TX,00310652004,BYDUREON 2,2019,2,false,96.000,24,15627.71
FFSU,TX,00310653004,BYDUREON 2,2019,2,true,,,
MCOU,TX,00310653004,BYDUREON 2,2019,2,false,9289.400,2249,1601176.93
FFSU,TX,00310654004,BYDUREON B,2019,2,true,,,
MCOU,TX,00310654004,BYDUREON B,2019,2,false,1971.150,582,400375.47
MCOU,TX,00310652004,BYDUREON 2,2019,1,false,470.000,115,76933.53
FFSU,TX,00310653004,BYDUREON 2,2019,1,true,,,
MCOU,TX,00310653004,BYDUREON 2,2019,1,false,9084.000,2203,1569967.81
MCOU,TX,00310654004,BYDUREON B,2019,1,false,1781.350,526,362799.64
FFSU,UT,00310652004,Bydureon 2,2019,4,true,,,
MCOU,UT,00310652004,Bydureon 2,2019,4,true,,,
FFSU,UT,00310653004,Bydureon P,2019,4,false,547.000,137,92841.62
MCOU,UT,00310653004,Bydureon P,2019,4,false,184.000,46,39183.57
MCOU,UT,00310654004,BYDUREON B,2019,4,false,40.800,12,8382.52
FFSU,UT,00310652004,Bydureon 2,2019,3,true,,,
FFSU,UT,00310653004,Bydureon P,2019,3,false,512.000,128,85936.16
MCOU,UT,00310653004,Bydureon P,2019,3,false,218.000,55,38167.49
MCOU,UT,00310654004,BYDUREON B,2019,3,true,,,
FFSU,UT,00310652004,Bydureon 2,2019,2,true,,,
MCOU,UT,00310653004,Bydureon P,2019,2,false,252.000,63,42281.20
FFSU,UT,00310653004,Bydureon P,2019,2,false,364.000,91,60721.81
MCOU,UT,00310654004,BYDUREON B,2019,2,true,,,
FFSU,UT,00310652004,Bydureon 2,2019,1,true,,,
FFSU,UT,00310653004,Bydureon P,2019,1,false,276.000,69,46331.50
MCOU,UT,00310653004,Bydureon P,2019,1,false,192.000,48,33969.74
MCOU,UT,00310654004,BYDUREON B,2019,1,false,44.200,13,8993.43
MCOU,VA,00310652004,BYDUREON  ,2019,4,true,,,
MCOU,VA,00310653004,BYDUREON P,2019,4,false,6201.000,1513,1069385.11
FFSU,VA,00310653004,BYDUREON P,2019,4,false,60.000,15,10189.17
MCOU,VA,00310654004,BYDUREON B,2019,4,false,561.000,158,112028.99
MCOU,VA,00310652004,BYDUREON  ,2019,3,false,44.000,12,7076.65
FFSU,VA,00310652004,BYDUREON  ,2019,3,true,,,
FFSU,VA,00310653004,BYDUREON P,2019,3,true,,,
MCOU,VA,00310653004,BYDUREON P,2019,3,false,5528.000,1351,954905.94
MCOU,VA,00310654004,BYDUREON B,2019,3,false,578.000,163,116027.40
FFSU,VA,00310654004,BYDUREON B,2019,3,true,,,
MCOU,VA,00310652004,BYDUREON  ,2019,2,false,94.000,23,15414.38
FFSU,VA,00310652004,BYDUREON  ,2019,2,true,,,
MCOU,VA,00310653004,BYDUREON P,2019,2,false,4502.000,1102,776041.54
FFSU,VA,00310653004,BYDUREON P,2019,2,true,,,
FFSU,VA,00310654004,BYDUREON B,2019,2,true,,,
MCOU,VA,00310654004,BYDUREON B,2019,2,false,527.000,149,106291.21
MCOU,VA,00310652004,BYDUREON  ,2019,1,true,,,
FFSU,VA,00310653004,BYDUREON P,2019,1,false,68.000,17,11272.81
MCOU,VA,00310653004,BYDUREON P,2019,1,false,2916.000,715,504654.86
FFSU,VA,00310654004,BYDUREON B,2019,1,true,,,
MCOU,VA,00310654004,BYDUREON B,2019,1,false,411.400,119,83166.36
FFSU,VT,00310653004,Bydureon P,2019,4,false,548.000,107,92894.88
FFSU,VT,00310654004,BYDUREON B,2019,4,true,,,
FFSU,VT,00310653004,Bydureon P,2019,3,false,500.000,103,84807.28
FFSU,VT,00310653004,Bydureon P,2019,2,false,372.000,93,63229.77
FFSU,VT,00310652004,Bydureon 2,2019,1,true,,,
FFSU,VT,00310653004,Bydureon P,2019,1,false,324.000,79,54675.17
FFSU,VT,00310654004,BYDUREON B,2019,1,true,,,
MCOU,WA,00310652004,Bydureon 2,2019,4,true,,,
MCOU,WA,00310653004,Bydureon P,2019,4,false,4246.000,1064,713274.18
FFSU,WA,00310653004,Bydureon P,2019,4,false,136.000,32,22971.20
MCOU,WA,00310654001,BYDUREON B,2019,4,true,,,
FFSU,WA,00310654004,BYDUREON B,2019,4,false,224.400,66,43187.43
MCOU,WA,00310654004,BYDUREON B,2019,4,false,3354.950,985,663468.36
MCOU,WA,00310652004,Bydureon 2,2019,3,true,,,
FFSU,WA,00310653004,Bydureon P,2019,3,false,124.000,31,20958.02
MCOU,WA,00310653004,Bydureon P,2019,3,false,4503.000,1127,758130.01
MCOU,WA,00310654001,BYDUREON B,2019,3,true,,,
FFSU,WA,00310654004,BYDUREON B,2019,3,false,173.400,51,33147.04
MCOU,WA,00310654004,BYDUREON B,2019,3,false,2880.650,847,569553.56
MCOU,WA,00310652004,Bydureon 2,2019,2,true,,,
MCOU,WA,00310653004,Bydureon P,2019,2,false,3516.000,879,589909.45
FFSU,WA,00310653004,Bydureon P,2019,2,false,188.000,47,29482.42
MCOU,WA,00310654001,BYDUREON B,2019,2,true,,,
MCOU,WA,00310654004,BYDUREON B,2019,2,false,1710.200,503,335885.16
FFSU,WA,00310654004,BYDUREON B,2019,2,false,142.800,42,28346.58
MCOU,WA,00310652004,Bydureon 2,2019,1,true,,,
FFSU,WA,00310652004,Bydureon 2,2019,1,true,,,
FFSU,WA,00310653004,Bydureon P,2019,1,false,188.000,47,27574.29
MCOU,WA,00310653004,Bydureon P,2019,1,false,2972.000,743,499726.76
MCOU,WA,00310654001,BYDUREON B,2019,1,true,,,
MCOU,WA,00310654004,BYDUREON B,2019,1,false,1152.600,331,223952.89
FFSU,WA,00310654004,BYDUREON B,2019,1,false,102.000,30,20174.57
MCOU,WI,00310653004,Bydureon P,2019,4,true,,,
FFSU,WI,00310653004,Bydureon P,2019,4,false,5774.000,1436,997992.94
FFSU,WI,00310653004,Bydureon P,2019,3,false,6169.000,1537,1064325.75
FFSU,WI,00310652004,Bydureon 2,2019,2,true,,,
MCOU,WI,00310653004,Bydureon P,2019,2,true,,,
FFSU,WI,00310653004,Bydureon P,2019,2,false,6561.000,1636,1134668.85
FFSU,WI,00310652004,Bydureon 2,2019,1,false,68.000,17,12237.60
FFSU,WI,00310653004,Bydureon P,2019,1,false,6696.000,1655,1153504.80
MCOU,WI,00310653004,Bydureon P,2019,1,true,,,
FFSU,WV,00310653004,BYDUREON 2,2019,4,false,1216.000,315,205109.73
FFSU,WV,00310652004,BYDUREON 2,2019,3,true,,,
FFSU,WV,00310653004,BYDUREON 2,2019,3,false,1337.000,338,226953.39
FFSU,WV,00310652004,BYDUREON 2,2019,2,true,,,
FFSU,WV,00310653004,BYDUREON 2,2019,2,false,1699.000,434,289156.47
FFSU,WV,00310654004,BYDUREON B,2019,2,true,,,
FFSU,WV,00310652004,BYDUREON 2,2019,1,false,68.000,20,10948.79
FFSU,WV,00310653004,BYDUREON 2,2019,1,false,1635.000,414,273139.26
FFSU,WV,00310654004,BYDUREON B,2019,1,true,,,
FFSU,WY,00310653004,Bydureon P,2019,4,false,124.000,31,21052.38
FFSU,WY,00310653004,Bydureon P,2019,3,false,108.000,27,18348.42
FFSU,WY,00310653004,Bydureon P,2019,2,false,76.000,19,12907.39
FFSU,WY,00310653004,Bydureon P,2019,1,false,44.000,11,7466.36
MCOU,CA,00024574502,ADLYXIN 10,2019,4,false,183.000,32,18649.04
MCOU,CA,00024574702,ADLYXIN 20,2019,4,false,573.000,96,58959.91
MCOU,CA,00024574502,ADLYXIN 10,2019,3,false,198.000,34,20261.10
MCOU,CA,00024574702,ADLYXIN 20,2019,3,false,498.000,85,51254.91
MCOU,CA,00024574502,ADLYXIN 10,2019,2,false,149.000,31,15088.68
MCOU,CA,00024574702,ADLYXIN 20,2019,2,false,237.000,46,23126.49
MCOU,CA,00024574502,ADLYXIN 10,2019,1,false,88.000,18,8902.22
MCOU,CA,00024574702,ADLYXIN 20,2019,1,false,123.000,24,12609.74
FFSU,IN,00024574502,ADLYXIN 10,2019,4,true,,,
MCOU,MD,00024574502,ADLYXIN 10,2019,4,true,,,
MCOU,MD,00024574702,ADLYXIN 20,2019,4,true,,,
MCOU,MD,00024574702,ADLYXIN 20,2019,3,true,,,
MCOU,MD,00024574502,ADLYXIN 10,2019,2,true,,,
MCOU,MD,00024574502,ADLYXIN 10,2019,1,true,,,
MCOU,MD,00024574702,ADLYXIN 20,2019,1,true,,,
MCOU,MN,00024574702,ADLYXIN   ,2019,2,true,,,
FFSU,XX,00024574502,ADLYXIN 10,2019,4,true,,,
MCOU,XX,00024574502,ADLYXIN 10,2019,4,false,477.000,81,48574.68
FFSU,XX,00024574702,ADLYXIN 20,2019,4,true,,,
MCOU,XX,00024574702,ADLYXIN 20,2019,4,false,1788.000,292,183149.43
MCOU,XX,00024574502,ADLYXIN 10,2019,3,false,654.000,110,66756.02
FFSU,XX,00024574702,ADLYXIN 20,2019,3,true,,,
MCOU,XX,00024574702,ADLYXIN 20,2019,3,false,1599.000,253,163104.38
FFSU,XX,00024574502,ADLYXIN 10,2019,2,true,,,
MCOU,XX,00024574502,ADLYXIN 10,2019,2,false,392.000,72,39746.58
FFSU,XX,00024574702,ADLYXIN 20,2019,2,true,,,
MCOU,XX,00024574702,ADLYXIN 20,2019,2,false,999.000,164,99922.76
MCOU,XX,00024574502,ADLYXIN 10,2019,1,false,238.000,43,24093.98
FFSU,XX,00024574702,ADLYXIN 20,2019,1,true,,,
MCOU,XX,00024574702,ADLYXIN 20,2019,1,false,1017.000,172,103110.84
MCOU,NJ,00024574502,ADLYXIN 10,2019,4,true,,,
MCOU,NJ,00024574702,ADLYXIN 20,2019,4,false,150.000,23,15152.23
MCOU,NJ,00024574502,ADLYXIN 10,2019,3,true,,,
MCOU,NJ,00024574702,ADLYXIN 20,2019,3,false,162.000,27,16242.16
MCOU,NJ,00024574502,ADLYXIN 10,2019,2,true,,,
MCOU,NJ,00024574702,ADLYXIN 20,2019,2,false,234.000,37,23394.30
MCOU,NJ,00024574502,ADLYXIN 10,2019,1,true,,,
MCOU,NJ,00024574702,ADLYXIN 20,2019,1,false,351.000,59,35115.51
MCOU,NV,00024574502,ADLYXIN 10,2019,4,true,,,
MCOU,NV,00024574702,ADLYXIN 20,2019,4,false,180.000,30,19002.80
MCOU,NV,00024574502,ADLYXIN 10,2019,3,false,66.000,11,6976.72
MCOU,NV,00024574702,ADLYXIN 20,2019,3,false,120.000,20,12631.97
MCOU,NV,00024574502,ADLYXIN 10,2019,2,true,,,
MCOU,NV,00024574702,ADLYXIN 20,2019,2,false,78.000,13,8218.75
MCOU,NV,00024574502,ADLYXIN 10,2019,1,true,,,
MCOU,NV,00024574702,ADLYXIN 20,2019,1,false,126.000,21,13314.17
MCOU,NY,00024574502,ADLYXIN   ,2019,4,true,,,
MCOU,NY,00024574702,ADLYXIN   ,2019,4,false,291.000,47,29090.50
MCOU,NY,00024574502,ADLYXIN   ,2019,3,false,126.000,21,12590.64
MCOU,NY,00024574702,ADLYXIN   ,2019,3,false,168.000,24,16645.73
FFSU,NY,00024574502,ADLYXIN   ,2019,2,true,,,
MCOU,NY,00024574502,ADLYXIN   ,2019,2,true,,,
MCOU,NY,00024574702,ADLYXIN   ,2019,2,false,138.000,19,13635.70
MCOU,NY,00024574502,ADLYXIN   ,2019,1,true,,,
MCOU,NY,00024574702,ADLYXIN   ,2019,1,false,102.000,17,10146.05
MCOU,OH,00024574502,ADLYXIN 10,2019,4,false,108.000,18,11139.60
MCOU,OH,00024574702,ADLYXIN 20,2019,4,false,414.000,65,42712.48
MCOU,OH,00024574502,ADLYXIN 10,2019,3,false,174.000,29,17941.10
MCOU,OH,00024574702,ADLYXIN 20,2019,3,false,372.000,56,38377.84
MCOU,OH,00024574502,ADLYXIN 10,2019,2,false,96.000,16,9903.20
MCOU,OH,00024574702,ADLYXIN 20,2019,2,false,156.000,26,16103.11
MCOU,OH,00024574502,ADLYXIN 10,2019,1,true,,,
MCOU,OH,00024574702,ADLYXIN 20,2019,1,false,150.000,25,15425.94
MCOU,OR,00024574502,ADLYXIN 10,2019,4,true,,,
MCOU,OR,00024574702,ADLYXIN 20,2019,4,true,,,
MCOU,OR,00024574502,ADLYXIN 10,2019,3,true,,,
MCOU,OR,00024574702,ADLYXIN 20,2019,3,true,,,
MCOU,OR,00024574502,ADLYXIN 10,2019,2,true,,,
MCOU,OR,00024574702,ADLYXIN 20,2019,2,true,,,
MCOU,OR,00024574502,ADLYXIN 10,2019,1,true,,,
MCOU,OR,00024574702,ADLYXIN 20,2019,1,true,,,
MCOU,PA,00024574502,ADLYXIN 10,2019,4,false,66.000,11,6704.08
MCOU,PA,00024574702,ADLYXIN 20,2019,4,true,,,
MCOU,PA,00024574502,ADLYXIN 10,2019,3,true,,,
MCOU,PA,00024574702,ADLYXIN 20,2019,3,false,132.000,16,13233.27
MCOU,PA,00024574502,ADLYXIN 10,2019,2,true,,,
MCOU,PA,00024574702,ADLYXIN 20,2019,2,false,90.000,12,9012.70
MCOU,PA,00024574502,ADLYXIN 10,2019,1,true,,,
MCOU,PA,00024574702,ADLYXIN 20,2019,1,false,66.000,11,6797.57
MCOU,RI,00024574502,ADLYXIN 10,2019,4,true,,,
MCOU,RI,00024574702,ADLYXIN 20,2019,4,true,,,
MCOU,RI,00024574502,ADLYXIN 10,2019,3,true,,,
MCOU,RI,00024574702,ADLYXIN 20,2019,3,false,63.000,11,6249.87
MCOU,RI,00024574502,ADLYXIN 10,2019,2,true,,,
MCOU,RI,00024574702,ADLYXIN 20,2019,2,true,,,
MCOU,RI,00024574502,ADLYXIN 10,2019,1,true,,,
MCOU,RI,00024574702,ADLYXIN 20,2019,1,true,,,
FFSU,TN,00024574702,ADLYXIN 20,2019,4,true,,,
FFSU,TN,00024574702,ADLYXIN   ,2019,3,true,,,
FFSU,TN,00024574502,ADLYXIN   ,2019,2,true,,,
MCOU,WA,00024574702,ADLYXIN 20,2019,4,true,,,
MCOU,WA,00024574702,ADLYXIN 20,2019,3,true,,,
FFSU,WI,00024574702,ADLYXIN 20,2019,4,true,,,
FFSU,WI,00024574702,ADLYXIN 20,2019,3,true,,,
FFSU,WI,00024574702,ADLYXIN 20,2019,2,true,,,
FFSU,WI,00024574702,ADLYXIN 20,2019,1,true,,,
MCOU,AZ,00173086735,TANZEUM   ,2019,1,true,,,
MCOU,CA,00173086735,TANZEUM  A,2019,3,true,,,
FFSU,CA,00173086735,TANZEUM  A,2019,3,true,,,
FFSU,CA,00173086635,TANZEUM  A,2019,2,true,,,
MCOU,CA,00173086635,TANZEUM  A,2019,2,true,,,
MCOU,CA,00173086735,TANZEUM  A,2019,2,true,,,
FFSU,CA,00173086735,TANZEUM  A,2019,2,true,,,
FFSU,CA,00173086635,TANZEUM  A,2019,1,true,,,
MCOU,CA,00173086635,TANZEUM  A,2019,1,true,,,
MCOU,CA,00173086735,TANZEUM  A,2019,1,false,64.000,14,8262.27
FFSU,CA,00173086735,TANZEUM  A,2019,1,true,,,
MCOU,DC,00173086635,TANZEUM 30,2019,1,true,,,
MCOU,DE,00173086735,TANZEUM (A,2019,2,true,,,
MCOU,DE,00173086735,TANZEUM (A,2019,1,true,,,
MCOU,FL,00173086735,TANZEUM   ,2019,1,true,,,
MCOU,GA,00173086735,TANZEUM   ,2019,1,true,,,
FFSU,GA,00173086735,TANZEUM   ,2019,1,true,,,
MCOU,HI,00173086635,TANZEUM 30,2019,1,true,,,
MCOU,HI,00173086735,TANZEUM 50,2019,1,true,,,
MCOU,IA,00173086635,TANZEUM (A,2019,1,true,,,
FFSU,ID,00173086735,TANZEUM   ,2019,1,true,,,
MCOU,IL,00173086635,TANZEUM (A,2019,3,true,,,
MCOU,IL,00173086735,TANZEUM (A,2019,3,true,,,
MCOU,IL,00173086635,TANZEUM (A,2019,2,false,64.000,16,9401.58
MCOU,IL,00173086735,TANZEUM (A,2019,2,true,,,
MCOU,IL,00173086635,TANZEUM (A,2019,1,false,83.000,21,16061.63
MCOU,IL,00173086735,TANZEUM (A,2019,1,false,144.000,36,28205.28
MCOU,IN,00173086635,TANZEUM (A,2019,4,true,,,
MCOU,IN,00173086735,TANZEUM (A,2019,3,true,,,
MCOU,IN,00173086635,TANZEUM (A,2019,2,true,,,
MCOU,IN,00173086735,TANZEUM (A,2019,2,true,,,
MCOU,IN,00173086635,TANZEUM (A,2019,1,true,,,
MCOU,IN,00173086735,TANZEUM (A,2019,1,true,,,
MCOU,KY,00173086635,TANZEUM   ,2019,2,true,,,
MCOU,KY,00173086735,TANZEUM   ,2019,2,true,,,
MCOU,KY,00173086735,TANZEUM   ,2019,1,true,,,
MCOU,LA,00173086635,TANZEUM   ,2019,4,true,,,
MCOU,LA,00173086635,TANZEUM   ,2019,2,true,,,
MCOU,LA,00173086635,TANZEUM   ,2019,1,true,,,
MCOU,LA,00173086735,TANZEUM   ,2019,1,true,,,
MCOU,MA,00173086735,TANZEUM 50,2019,2,true,,,
MCOU,MA,00173086735,TANZEUM 50,2019,1,true,,,
MCOU,MD,00173086601,TANZEUM 30,2019,4,true,,,
MCOU,MD,00173086735,TANZEUM 50,2019,4,true,,,
MCOU,MD,00173086601,TANZEUM 30,2019,3,true,,,
MCOU,MD,00173086635,TANZEUM 30,2019,3,true,,,
MCOU,MD,00173086735,TANZEUM 50,2019,3,true,,,
MCOU,MD,00173086601,TANZEUM 30,2019,2,true,,,
MCOU,MD,00173086635,TANZEUM 30,2019,2,true,,,
MCOU,MD,00173086735,TANZEUM 50,2019,2,true,,,
MCOU,MD,00173086601,TANZEUM 30,2019,1,true,,,
MCOU,MD,00173086635,TANZEUM 30,2019,1,true,,,
MCOU,MD,00173086735,TANZEUM 50,2019,1,true,,,
FFSU,ME,00173086635,TANZEUM   ,2019,1,true,,,
MCOU,MI,00173086635,TANZEUM   ,2019,3,true,,,
MCOU,MI,00173086735,TANZEUM   ,2019,3,true,,,
MCOU,MI,00173086635,TANZEUM   ,2019,2,false,56.000,14,7101.61
MCOU,MI,00173086735,TANZEUM   ,2019,2,false,48.000,12,6095.12
MCOU,MI,00173086635,TANZEUM   ,2019,1,false,52.000,13,6627.13
MCOU,MI,00173086735,TANZEUM   ,2019,1,false,72.000,18,9194.79
MCOU,MN,00173086635,TANZEUM   ,2019,3,true,,,
MCOU,MN,00173086635,TANZEUM   ,2019,1,true,,,
MCOU,MS,00173086635,TANZEUM 30,2019,2,true,,,
MCOU,MS,00173086635,TANZEUM 30,2019,1,true,,,
MCOU,MS,00173086735,TANZEUM 50,2019,1,true,,,
MCOU,XX,00173086601,TANZEUM (A,2019,4,true,,,
FFSU,XX,00173086635,TANZEUM (A,2019,4,true,,,
MCOU,XX,00173086635,TANZEUM (A,2019,4,true,,,
FFSU,XX,00173086735,TANZEUM (A,2019,4,true,,,
MCOU,XX,00173086735,TANZEUM (A,2019,4,true,,,
MCOU,XX,00173086601,TANZEUM (A,2019,3,true,,,
MCOU,XX,00173086635,TANZEUM (A,2019,3,true,,,
FFSU,XX,00173086735,TANZEUM (A,2019,3,false,44.000,11,5753.34
MCOU,XX,00173086735,TANZEUM (A,2019,3,false,76.000,19,9697.97
MCOU,XX,00173086601,TANZEUM (A,2019,2,true,,,
FFSU,XX,00173086635,TANZEUM (A,2019,2,true,,,
MCOU,XX,00173086635,TANZEUM (A,2019,2,false,228.000,57,30419.23
FFSU,XX,00173086735,TANZEUM (A,2019,2,false,76.000,19,9937.26
MCOU,XX,00173086735,TANZEUM (A,2019,2,false,180.000,45,22627.77
MCOU,XX,00173086601,TANZEUM (A,2019,1,true,,,
FFSU,XX,00173086635,TANZEUM (A,2019,1,false,156.000,32,19949.21
MCOU,XX,00173086635,TANZEUM (A,2019,1,false,408.000,103,57910.64
FFSU,XX,00173086735,TANZEUM (A,2019,1,false,248.000,61,31618.74
MCOU,XX,00173086735,TANZEUM (A,2019,1,false,636.000,156,88938.81
FFSU,NC,00173086735,TANZEUM   ,2019,4,true,,,
FFSU,NC,00173086735,TANZEUM   ,2019,3,true,,,
FFSU,NC,00173086635,TANZEUM   ,2019,2,true,,,
FFSU,NC,00173086735,TANZEUM   ,2019,2,false,72.000,18,9413.82
FFSU,NC,00173086635,TANZEUM   ,2019,1,false,72.000,18,9045.96
FFSU,NC,00173086735,TANZEUM   ,2019,1,false,180.000,45,22792.60
MCOU,NE,00173086635,TANZEUM (A,2019,1,true,,,
MCOU,NJ,00173086735,TANZEUM (A,2019,1,true,,,
FFSU,NV,00173086635,TANZEUM (A,2019,4,true,,,
MCOU,NV,00173086635,TANZEUM (A,2019,1,true,,,
FFSU,NV,00173086635,TANZEUM (A,2019,1,true,,,
MCOU,NY,00173086635,TANZEUM   ,2019,4,true,,,
MCOU,NY,00173086635,TANZEUM   ,2019,2,false,48.000,12,6092.61
MCOU,NY,00173086735,TANZEUM   ,2019,2,true,,,
FFSU,NY,00173086635,TANZEUM   ,2019,1,true,,,
MCOU,NY,00173086635,TANZEUM   ,2019,1,false,116.000,29,14791.12
MCOU,NY,00173086735,TANZEUM   ,2019,1,false,136.000,34,17334.84
FFSU,NY,00173086735,TANZEUM   ,2019,1,true,,,
MCOU,OH,00173086635,TANZEUM (A,2019,1,true,,,
MCOU,OH,00173086735,TANZEUM (A,2019,1,true,,,
FFSU,OK,00173086635,TANZEUM (A,2019,1,true,,,
MCOU,OR,00173086735,TANZEUM (A,2019,1,true,,,
MCOU,PA,00173086635,TANZEUM (A,2019,3,true,,,
MCOU,PA,00173086635,TANZEUM (A,2019,2,true,,,
MCOU,PA,00173086735,TANZEUM (A,2019,1,true,,,
FFSU,SC,00173086635,TANZEUM   ,2019,1,true,,,
MCOU,VA,00173086735,TANZEUM   ,2019,2,true,,,
MCOU,VA,00173086635,TANZEUM   ,2019,1,true,,,
MCOU,VA,00173086735,TANZEUM   ,2019,1,true,,,
MCOU,WA,00173086735,TANZEUM (A,2019,3,true,,,
MCOU,WA,00173086735,TANZEUM (A,2019,2,true,,,
MCOU,WA,00173086735,TANZEUM (A,2019,1,true,,,
