utilization_type,state,ndc,product_name,year,quarter,suppression_used,units_reimbursed,number_of_prescriptions,total_amount_reimbursed
FFSU,AL,00002143380,TRULICITY ,2014,4,true,,,
FFSU,CO,00002143380,TRULICITY ,2014,4,true,,,
FFSU,CT,00002143380,TRULICITY ,2014,4,true,,,
FFSU,IN,00002143380,TRULICITY ,2014,4,true,,,
FFSU,IN,00002143480,TRULICITY ,2014,4,false,44.000,11,10544.40
MCOU,KY,00002143380,TRULICITY ,2014,4,true,,,
MCOU,MA,00002143380,TRULICITY ,2014,4,true,,,
MCOU,MD,00002143380,TRULICITY ,2014,4,true,,,
FFSU,MO,00002143380,TRULICITY ,2014,4,true,,,
FFSU,MO,00002143480,TRULICITY ,2014,4,true,,,
MCOU,XX,00002143301,TRULICITY ,2014,4,true,,,
FFSU,XX,00002143380,TRULICITY ,2014,4,true,,,
MCOU,XX,00002143380,TRULICITY ,2014,4,true,,,
FFSU,XX,00002143480,TRULICITY ,2014,4,false,46.000,12,11091.21
MCOU,XX,00002143480,TRULICITY ,2014,4,true,,,
FFSU,NY,00002143380,TRULICITY ,2014,4,true,,,
MCOU,NY,00002143380,TRULICITY ,2014,4,true,,,
MCOU,NY,00002143480,TRULICITY ,2014,4,true,,,
MCOU,OH,00002143380,TRULICITY ,2014,4,true,,,
MCOU,PA,00002143380,TRULICITY ,2014,4,true,,,
FFSU,TN,00002143380,TRULICITY ,2014,4,true,,,
MCOU,VA,00002143301,TRULICITY ,2014,4,true,,,
MCOU,VA,00002143380,TRULICITY ,2014,4,true,,,
FFSU,AK,00169406012,VICTOZA 2-,2014,4,false,108.000,18,6943.84
FFSU,AK,00169406013,VICTOZA 3-,2014,4,false,369.000,41,23686.43
FFSU,AK,00169406012,VICTOZA 2-,2014,3,false,102.000,17,6444.37
FFSU,AK,00169406013,VICTOZA 3-,2014,3,false,342.000,38,21613.08
FFSU,AK,00169406012,VICTOZA 2-,2014,2,false,78.000,13,4887.63
FFSU,AK,00169406013,VICTOZA 3-,2014,2,false,477.000,47,30145.74
FFSU,AK,00169406012,VICTOZA 2-,2014,1,false,96.000,16,6215.26
FFSU,AK,00169406013,VICTOZA 3-,2014,1,false,315.000,34,20567.14
FFSU,AL,00169406012,Victoza 6M,2014,4,false,1242.000,207,84196.41
FFSU,AL,00169406013,Victoza 6M,2014,4,false,2508.000,284,169689.43
FFSU,AL,00169406012,Victoza 6M,2014,3,false,1233.000,208,80288.18
FFSU,AL,00169406013,Victoza 6M,2014,3,false,2319.000,259,149599.21
FFSU,AL,00169406012,Victoza 6M,2014,2,false,1075.000,182,65001.95
FFSU,AL,00169406013,Victoza 6M,2014,2,false,2679.000,300,158926.04
FFSU,AL,00169406012,VICTOZA 6M,2014,1,false,1132.000,191,68886.45
FFSU,AL,00169406013,Victoza 6M,2014,1,false,2733.000,307,162404.33
FFSU,AR,00169406012,Victoza 6M,2014,4,false,240.000,40,16418.80
FFSU,AR,00169406013,Victoza 6M,2014,4,false,441.000,49,30034.55
FFSU,AR,00169406012,Victoza 6M,2014,3,false,189.000,32,12643.14
FFSU,AR,00169406013,Victoza 6M,2014,3,false,351.000,39,23413.56
FFSU,AR,00169406012,Victoza 6M,2014,2,false,186.000,31,11595.55
FFSU,AR,00169406013,Victoza 6M,2014,2,false,267.000,30,16565.92
FFSU,AR,00169406012,Victoza 6M,2014,1,false,114.000,20,7112.46
FFSU,AR,00169406013,Victoza 6M,2014,1,false,207.000,24,12839.14
MCOU,AZ,00169406012,VICTOZA 2-,2014,4,false,1701.000,275,107958.60
FFSU,AZ,00169406012,VICTOZA 2-,2014,4,true,,,
MCOU,AZ,00169406013,VICTOZA 3-,2014,4,false,2739.000,309,177405.33
FFSU,AZ,00169406013,VICTOZA 3-,2014,4,true,,,
MCOU,AZ,00169406012,VICTOZA 2-,2014,3,false,1476.000,242,89111.86
MCOU,AZ,00169406013,VICTOZA 3-,2014,3,false,2898.000,330,175993.35
FFSU,AZ,00169406013,VICTOZA 3-,2014,3,true,,,
FFSU,AZ,00169406012,VICTOZA 2-,2014,2,true,,,
MCOU,AZ,00169406012,VICTOZA 2-,2014,2,false,654.000,109,39138.91
MCOU,AZ,00169406013,VICTOZA 3-,2014,2,false,1740.000,197,104696.43
FFSU,AZ,00169406013,VICTOZA 3-,2014,2,true,,,
MCOU,AZ,00169406012,VICTOZA 2-,2014,1,false,831.000,139,50143.38
FFSU,AZ,00169406012,VICTOZA 2-,2014,1,true,,,
MCOU,AZ,00169406013,VICTOZA 3-,2014,1,false,1587.000,178,94039.91
MCOU,CA,00169406012,VICTOZA 6M,2014,4,false,5234.000,880,343396.89
FFSU,CA,00169406012,VICTOZA 6M,2014,4,false,3350.000,535,222329.68
MCOU,CA,00169406013,VICTOZA 6M,2014,4,false,8325.000,960,551684.58
FFSU,CA,00169406013,VICTOZA 6M,2014,4,false,5178.000,578,346353.74
MCOU,CA,00169406012,VICTOZA 6M,2014,3,false,4317.048,777,281198.03
FFSU,CA,00169406012,VICTOZA 6M,2014,3,false,3147.000,526,204679.67
FFSU,CA,00169406013,VICTOZA 6M,2014,3,false,4644.000,529,306566.74
MCOU,CA,00169406013,VICTOZA 6M,2014,3,false,6823.000,839,445296.60
MCOU,CA,00169406012,VICTOZA 6M,2014,2,false,3204.000,588,193088.28
FFSU,CA,00169406012,VICTOZA 6M,2014,2,false,2919.000,481,173436.80
FFSU,CA,00169406013,VICTOZA 6M,2014,2,false,4137.000,467,239353.31
MCOU,CA,00169406013,VICTOZA 6M,2014,2,false,5503.000,704,328475.70
FFSU,CA,00169406012,VICTOZA 6M,2014,1,false,2217.000,368,131492.48
MCOU,CA,00169406012,VICTOZA 6M,2014,1,false,2389.000,497,140618.95
MCOU,CA,00169406013,VICTOZA 6M,2014,1,false,4350.000,626,262787.03
FFSU,CA,00169406013,VICTOZA 6M,2014,1,false,3252.000,365,177901.89
FFSU,CO,00169406012,VICTOZA 2-,2014,4,false,780.000,114,50113.05
FFSU,CO,00169406013,VICTOZA   ,2014,4,false,2712.000,254,173254.73
FFSU,CO,00169406012,VICTOZA 2-,2014,3,false,978.000,146,61958.17
FFSU,CO,00169406013,VICTOZA   ,2014,3,false,3027.000,270,190847.44
FFSU,CO,00169406012,VICTOZA   ,2014,2,false,939.000,147,55293.76
FFSU,CO,00169406013,VICTOZA   ,2014,2,false,2292.000,222,134266.42
FFSU,CO,00169406012,VICTOZA 2-,2014,1,false,537.000,80,31381.78
FFSU,CO,00169406013,VICTOZA   ,2014,1,false,1374.000,125,79651.26
FFSU,CT,00169406012,VICTOZA 6M,2014,4,false,4256.000,648,281559.12
FFSU,CT,00169406013,VICTOZA 6M,2014,4,false,12162.000,1135,803553.88
FFSU,CT,00169406012,VICTOZA 6M,2014,3,false,3693.000,566,240147.35
FFSU,CT,00169406013,VICTOZA 6M,2014,3,false,10965.000,1031,711611.87
FFSU,CT,00169406012,VICTOZA 6M,2014,2,false,3369.000,503,202697.67
FFSU,CT,00169406013,VICTOZA 6M,2014,2,false,9984.000,953,600513.54
FFSU,CT,00169406012,VICTOZA 6M,2014,1,false,2949.000,428,175302.47
FFSU,CT,00169406013,VICTOZA 6M,2014,1,false,7551.000,701,454163.09
FFSU,DC,00169406012,VICTOZA 2-,2014,4,true,,,
MCOU,DC,00169406012,VICTOZA 2-,2014,4,false,222.000,35,12450.44
MCOU,DC,00169406013,VICTOZA 3-,2014,4,false,543.000,62,35811.63
FFSU,DC,00169406013,VICTOZA 3-,2014,4,false,297.000,33,20155.08
FFSU,DC,00169406012,VICTOZA 2-,2014,3,false,69.000,11,4697.46
MCOU,DC,00169406012,VICTOZA 2-,2014,3,false,195.000,32,11495.82
FFSU,DC,00169406013,VICTOZA 3-,2014,3,false,261.000,29,17384.98
MCOU,DC,00169406013,VICTOZA 3-,2014,3,false,399.000,45,25075.59
FFSU,DC,00169406012,VICTOZA 2-,2014,2,true,,,
MCOU,DC,00169406012,VICTOZA 2-,2014,2,false,111.000,18,5691.38
MCOU,DC,00169406013,VICTOZA 3-,2014,2,false,186.000,22,10609.29
FFSU,DC,00169406013,VICTOZA 3-,2014,2,false,198.000,22,12237.50
FFSU,DC,00169406012,VICTOZA 2-,2014,1,true,,,
MCOU,DC,00169406012,VICTOZA 2-,2014,1,true,,,
MCOU,DC,00169406013,VICTOZA 3-,2014,1,false,138.000,16,7748.26
FFSU,DC,00169406013,VICTOZA 3-,2014,1,false,132.000,15,8159.83
FFSU,DE,00169406012,Victoza 6M,2014,4,false,252.000,38,16265.83
FFSU,DE,00169406013,Victoza 6M,2014,4,false,1287.000,108,82426.04
FFSU,DE,00169406012,Victoza 6M,2014,3,false,192.000,29,12223.75
FFSU,DE,00169406013,Victoza 6M,2014,3,false,1449.000,130,91022.00
FFSU,DE,00169406012,Victoza 6M,2014,2,false,279.000,39,16419.03
FFSU,DE,00169406013,Victoza 6M,2014,2,false,1215.000,111,71260.04
FFSU,DE,00169406012,Victoza 6M,2014,1,false,240.000,36,14769.91
FFSU,DE,00169406013,Victoza 6M,2014,1,false,1230.000,111,75323.56
FFSU,FL,00169406012,VICTOZA 2-,2014,4,true,,,
MCOU,FL,00169406012,VICTOZA 2-,2014,4,false,753.000,124,49182.53
MCOU,FL,00169406013,VICTOZA 3-,2014,4,false,1332.000,147,88176.98
FFSU,FL,00169406013,VICTOZA 3-,2014,4,true,,,
MCOU,FL,00169406012,VICTOZA 2-,2014,3,false,1101.000,185,70421.62
FFSU,FL,00169406012,VICTOZA 2-,2014,3,true,,,
MCOU,FL,00169406013,VICTOZA 3-,2014,3,false,1542.000,174,98111.09
FFSU,FL,00169406013,VICTOZA 3-,2014,3,false,171.000,19,11314.62
MCOU,FL,00169406012,VICTOZA 2-,2014,2,false,357.000,59,21399.58
FFSU,FL,00169406012,VICTOZA 2-,2014,2,false,78.000,13,4760.73
MCOU,FL,00169406013,VICTOZA 3-,2014,2,false,990.000,112,59098.75
FFSU,FL,00169406013,VICTOZA 3-,2014,2,false,297.000,33,18065.85
MCOU,FL,00169406012,VICTOZA 2-,2014,1,false,441.000,72,26370.20
FFSU,FL,00169406012,VICTOZA 2-,2014,1,false,144.000,24,8773.74
FFSU,FL,00169406013,VICTOZA 3-,2014,1,false,279.000,31,16970.95
MCOU,FL,00169406013,VICTOZA 3-,2014,1,false,948.000,107,56790.25
FFSU,GA,00169406012,Victoza 6M,2014,4,false,339.000,56,22664.07
MCOU,GA,00169406012,Victoza 6M,2014,4,false,342.000,56,22569.74
MCOU,GA,00169406013,Victoza 6M,2014,4,false,285.000,32,18782.93
FFSU,GA,00169406013,Victoza 6M,2014,4,false,771.000,86,51675.93
MCOU,GA,00169406012,Victoza 6M,2014,3,false,261.000,45,16818.98
FFSU,GA,00169406012,Victoza 6M,2014,3,false,459.000,74,30671.06
MCOU,GA,00169406013,Victoza 6M,2014,3,false,357.000,40,23273.80
FFSU,GA,00169406013,Victoza 6M,2014,3,false,819.000,92,54283.47
FFSU,GA,00169406012,Victoza 6M,2014,2,false,480.000,80,29507.86
MCOU,GA,00169406012,Victoza 6M,2014,2,false,255.000,42,15310.41
MCOU,GA,00169406013,Victoza 6M,2014,2,false,255.000,29,15380.27
FFSU,GA,00169406013,Victoza 6M,2014,2,false,780.000,87,47401.35
FFSU,GA,00169406012,Victoza 6M,2014,1,false,351.000,61,21554.59
MCOU,GA,00169406012,Victoza 6M,2014,1,false,264.000,42,15968.45
MCOU,GA,00169406013,Victoza 6M,2014,1,false,270.000,30,16192.84
FFSU,GA,00169406013,Victoza 6M,2014,1,false,675.000,75,41077.40
MCOU,HI,00169406012,VICTOZA 2-,2014,4,false,285.000,49,275513.39
MCOU,HI,00169406013,VICTOZA 3-,2014,4,false,906.000,102,60205.98
MCOU,HI,00169406012,VICTOZA 2-,2014,3,false,288.000,48,106002.89
MCOU,HI,00169406013,VICTOZA 3-,2014,3,false,1008.000,112,64458.31
MCOU,HI,00169406012,VICTOZA 2-,2014,2,false,351.000,58,20850.39
MCOU,HI,00169406013,VICTOZA 3-,2014,2,false,1023.000,114,63162.07
MCOU,HI,00169406012,VICTOZA 2-,2014,1,false,276.000,46,16254.05
MCOU,HI,00169406013,VICTOZA 3-,2014,1,false,999.000,111,61896.51
FFSU,IA,00169406012,Victoza 6M,2014,4,false,288.000,46,18912.11
FFSU,IA,00169406013,Victoza 6M,2014,4,false,804.000,89,45240.19
FFSU,IA,00169406012,Victoza 6M,2014,3,false,273.000,44,17685.23
FFSU,IA,00169406013,Victoza 6M,2014,3,false,936.000,104,50419.93
FFSU,IA,00169406012,Victoza 6M,2014,2,false,273.000,44,16316.02
FFSU,IA,00169406013,Victoza 6M,2014,2,false,705.000,81,35421.32
FFSU,IA,00169406012,Victoza 6M,2014,1,false,267.000,43,15137.51
FFSU,IA,00169406013,Victoza 6M,2014,1,false,579.000,69,31639.42
FFSU,ID,00169406012,VICTOZA 2-,2014,4,false,555.000,98,36568.32
FFSU,ID,00169406013,VICTOZA 3-,2014,4,false,639.000,71,41650.09
FFSU,ID,00169406012,VICTOZA 2-,2014,3,false,540.000,92,34991.65
FFSU,ID,00169406013,VICTOZA 3-,2014,3,false,714.000,80,45862.05
FFSU,ID,00169406012,VICTOZA 2-,2014,2,false,570.000,97,33999.12
FFSU,ID,00169406013,VICTOZA 3-,2014,2,false,789.000,88,46499.67
FFSU,ID,00169406012,VICTOZA 2-,2014,1,false,414.000,71,24520.57
FFSU,ID,00169406013,VICTOZA 3-,2014,1,false,843.000,95,49699.81
FFSU,IL,00169406012,VICTOZA 2-,2014,4,false,174.000,29,11449.20
MCOU,IL,00169406012,Victoza 6M,2014,4,false,660.000,111,43749.10
MCOU,IL,00169406013,VICTOZA 3-,2014,4,false,1305.000,148,85893.51
FFSU,IL,00169406013,Victoza 6M,2014,4,false,729.000,81,47867.10
FFSU,IL,00169406012,VICTOZA 2-,2014,3,false,264.000,44,17011.38
MCOU,IL,00169406012,VICTOZA 2-,2014,3,false,162.000,27,10731.76
FFSU,IL,00169406013,VICTOZA 3-,2014,3,false,762.000,85,49086.24
MCOU,IL,00169406013,Victoza 6M,2014,3,false,294.000,33,19168.60
FFSU,IL,00169406012,VICTOZA 2-,2014,2,false,354.000,59,21033.12
MCOU,IL,00169406012,Victoza 6M,2014,2,false,216.000,36,12820.56
FFSU,IL,00169406013,VICTOZA 3-,2014,2,false,1032.000,116,60988.80
MCOU,IL,00169406013,VICTOZA 3-,2014,2,false,564.000,63,33691.17
MCOU,IL,00169406012,VICTOZA 2-,2014,1,true,,,
FFSU,IL,00169406012,VICTOZA 2-,2014,1,false,348.000,58,20585.04
FFSU,IL,00169406013,VICTOZA 3-,2014,1,false,726.000,81,42603.12
MCOU,IL,00169406013,VICTOZA 3-,2014,1,true,,,
FFSU,IN,00169406012,Victoza 6M,2014,4,false,3972.000,616,260686.83
FFSU,IN,00169406013,Victoza 6M,2014,4,false,11283.000,1098,739726.49
FFSU,IN,00169406012,Victoza 6M,2014,3,false,3669.000,587,238645.54
FFSU,IN,00169406013,Victoza 6M,2014,3,false,11730.000,1115,761933.24
FFSU,IN,00169406012,Victoza 6M,2014,2,false,3492.000,543,210780.20
FFSU,IN,00169406013,Victoza 6M,2014,2,false,10557.000,1017,635391.89
FFSU,IN,00169406012,Victoza 6M,2014,1,false,3054.000,478,184240.28
FFSU,IN,00169406013,Victoza 6M,2014,1,false,9393.000,911,562605.52
MCOU,KS,00169406012,Victoza 6M,2014,4,false,966.000,162,61245.08
MCOU,KS,00169406013,Victoza 6M,2014,4,false,2104.000,240,138984.30
MCOU,KS,00169406012,Victoza 6M,2014,3,false,828.000,140,53943.65
MCOU,KS,00169406013,Victoza 6M,2014,3,false,1836.000,206,122977.33
MCOU,KS,00169406012,Victoza 6M,2014,2,false,2571.000,435,153253.68
MCOU,KS,00169406013,Victoza 6M,2014,2,false,4569.000,511,272152.95
MCOU,KS,00169406012,Victoza 6M,2014,1,false,903.000,152,51112.18
MCOU,KS,00169406013,Victoza 6M,2014,1,false,924.000,104,52664.39
MCOU,KY,00169406012,VICTOZA 2-,2014,4,false,2868.000,466,193309.93
FFSU,KY,00169406012,VICTOZA 2-,2014,4,false,108.000,11,7237.98
MCOU,KY,00169406013,VICTOZA 3-,2014,4,false,1383.000,156,91626.14
FFSU,KY,00169406013,VICTOZA 3-,2014,4,true,,,
MCOU,KY,00169406012,VICTOZA 2-,2014,3,false,602.000,95,40588.61
FFSU,KY,00169406012,VICTOZA 2-,2014,3,true,,,
MCOU,KY,00169406013,VICTOZA 3-,2014,3,false,978.000,112,64287.83
FFSU,KY,00169406013,VICTOZA 3-,2014,3,true,,,
FFSU,KY,00169406012,VICTOZA 2-,2014,2,true,,,
MCOU,KY,00169406012,VICTOZA 2-,2014,2,false,2034.000,336,124790.52
MCOU,KY,00169406013,VICTOZA 3-,2014,2,false,3774.000,425,232253.71
FFSU,KY,00169406013,VICTOZA 3-,2014,2,true,,,
FFSU,KY,00169406012,VICTOZA 2-,2014,1,true,,,
MCOU,KY,00169406012,VICTOZA 2-,2014,1,false,147.000,21,9246.79
MCOU,KY,00169406013,VICTOZA 3-,2014,1,false,2235.000,259,137617.11
FFSU,KY,00169406013,VICTOZA 3-,2014,1,true,,,
FFSU,LA,00169406012,VICTOZA 2-,2014,4,false,201.000,30,13246.76
MCOU,LA,00169406012,VICTOZA 2-,2014,4,false,1143.000,191,75407.17
MCOU,LA,00169406013,VICTOZA 3-,2014,4,false,1068.000,125,70032.57
FFSU,LA,00169406013,VICTOZA 3-,2014,4,false,408.000,41,26793.06
FFSU,LA,00169406012,VICTOZA 2-,2014,3,false,1890.000,295,122270.87
MCOU,LA,00169406012,VICTOZA 2-,2014,3,false,1173.000,195,76988.54
MCOU,LA,00169406013,VICTOZA 3-,2014,3,false,855.000,97,55076.92
FFSU,LA,00169406013,VICTOZA 3-,2014,3,false,3234.000,360,209228.05
FFSU,LA,00169406012,VICTOZA 2-,2014,2,false,1548.000,248,94238.95
MCOU,LA,00169406012,VICTOZA 2-,2014,2,false,912.000,153,54880.69
MCOU,LA,00169406013,VICTOZA 3-,2014,2,false,768.000,89,46232.68
FFSU,LA,00169406013,VICTOZA 3-,2014,2,false,3276.000,361,198393.75
MCOU,LA,00169406012,VICTOZA 2-,2014,1,false,744.000,124,44763.11
FFSU,LA,00169406012,VICTOZA 2-,2014,1,false,1089.000,173,66224.31
FFSU,LA,00169406013,VICTOZA 3-,2014,1,false,2880.000,311,174019.75
MCOU,LA,00169406013,VICTOZA 3-,2014,1,false,720.000,81,43376.12
MCOU,MA,00169406012,VICTOZA 2-,2014,4,false,1968.000,302,130008.88
FFSU,MA,00169406012,VICTOZA 2-,2014,4,false,1296.000,214,79026.38
FFSU,MA,00169406013,VICTOZA 3-,2014,4,false,2694.000,291,181960.59
MCOU,MA,00169406013,VICTOZA 3-,2014,4,false,3855.000,385,252759.44
MCOU,MA,00169406012,VICTOZA 2-,2014,3,false,1648.000,263,105254.35
FFSU,MA,00169406012,VICTOZA 2-,2014,3,false,873.000,146,54485.27
MCOU,MA,00169406013,VICTOZA 3-,2014,3,false,3168.000,316,202710.11
FFSU,MA,00169406013,VICTOZA 3-,2014,3,false,1719.000,187,113010.07
FFSU,MA,00169406012,VICTOZA 2-,2014,2,false,978.000,164,60230.88
MCOU,MA,00169406012,VICTOZA 2-,2014,2,false,1427.000,231,86043.25
MCOU,MA,00169406013,VICTOZA 3-,2014,2,false,2484.000,247,148979.93
FFSU,MA,00169406013,VICTOZA 3-,2014,2,false,2208.000,241,120617.04
MCOU,MA,00169406012,VICTOZA 2-,2014,1,false,1223.000,194,73674.86
FFSU,MA,00169406012,VICTOZA 2-,2014,1,false,870.000,144,48505.12
MCOU,MA,00169406013,VICTOZA 3-,2014,1,false,2580.000,246,154677.94
FFSU,MA,00169406013,VICTOZA 3-,2014,1,false,1611.000,175,98197.04
MCOU,MD,00169406012,VICTOZA 2-,2014,4,false,1926.000,322,131806.06
FFSU,MD,00169406012,VICTOZA 2-,2014,4,true,,,
MCOU,MD,00169406013,VICTOZA 3-,2014,4,false,5574.000,620,378727.66
FFSU,MD,00169406013,VICTOZA 3-,2014,4,false,228.000,38,15818.39
FFSU,MD,00169406012,VICTOZA 2-,2014,3,true,,,
MCOU,MD,00169406012,VICTOZA 2-,2014,3,false,1626.000,280,111246.10
MCOU,MD,00169406013,VICTOZA 3-,2014,3,false,4374.000,485,293702.52
FFSU,MD,00169406013,VICTOZA 3-,2014,3,false,159.000,21,11008.66
MCOU,MD,00169406012,VICTOZA 2-,2014,2,false,1548.000,255,94008.90
FFSU,MD,00169406012,VICTOZA 2-,2014,2,true,,,
MCOU,MD,00169406013,VICTOZA 3-,2014,2,false,3834.000,429,236386.91
FFSU,MD,00169406013,VICTOZA 3-,2014,2,false,210.000,29,13147.72
MCOU,MD,00169406012,VICTOZA 2-,2014,1,false,951.000,158,57919.04
FFSU,MD,00169406012,VICTOZA 2-,2014,1,false,81.000,14,4356.04
MCOU,MD,00169406013,VICTOZA 3-,2014,1,false,3312.000,361,205162.35
FFSU,MD,00169406013,VICTOZA 3-,2014,1,false,210.000,25,12942.30
FFSU,ME,00169406012,VICTOZA   ,2014,4,false,129.000,18,8516.41
FFSU,ME,00169406013,VICTOZA   ,2014,4,false,819.000,86,52343.03
FFSU,ME,00169406012,VICTOZA   ,2014,3,false,123.000,21,8018.21
FFSU,ME,00169406013,VICTOZA   ,2014,3,false,831.000,88,51967.33
FFSU,ME,00169406012,VICTOZA   ,2014,2,false,114.000,19,6849.08
FFSU,ME,00169406013,VICTOZA   ,2014,2,false,756.000,78,43714.80
FFSU,ME,00169406012,VICTOZA   ,2014,1,false,144.000,22,7509.81
FFSU,ME,00169406013,VICTOZA   ,2014,1,false,792.000,80,42514.56
MCOU,MI,00169406012,VICTOZA 2-,2014,4,false,2481.000,407,140547.47
FFSU,MI,00169406012,VICTOZA 2-,2014,4,false,501.000,80,32390.56
FFSU,MI,00169406013,VICTOZA 3-,2014,4,false,1512.000,142,88911.21
MCOU,MI,00169406013,VICTOZA 3-,2014,4,false,5019.000,560,293023.85
MCOU,MI,00169406012,VICTOZA 2-,2014,3,false,2145.000,356,124874.83
FFSU,MI,00169406012,VICTOZA 2-,2014,3,false,521.000,88,32856.94
FFSU,MI,00169406013,VICTOZA 3-,2014,3,false,1326.000,116,77432.16
MCOU,MI,00169406013,VICTOZA 3-,2014,3,false,3840.000,432,216231.15
FFSU,MI,00169406012,VICTOZA 2-,2014,2,false,765.000,109,44420.73
MCOU,MI,00169406012,VICTOZA 2-,2014,2,false,1416.000,234,77085.90
MCOU,MI,00169406013,VICTOZA 3-,2014,2,false,2901.000,327,145431.29
FFSU,MI,00169406013,VICTOZA 3-,2014,2,false,1596.000,144,90012.73
MCOU,MI,00169406012,VICTOZA 2-,2014,1,false,1044.000,172,60423.12
FFSU,MI,00169406012,VICTOZA 2-,2014,1,false,372.000,57,22063.94
FFSU,MI,00169406013,VICTOZA 3-,2014,1,false,801.000,80,42642.70
MCOU,MI,00169406013,VICTOZA 3-,2014,1,false,2967.000,334,147266.22
FFSU,MN,00169406012,VICTOZA 2-,2014,4,false,297.000,50,17295.23
MCOU,MN,00169406012,VICTOZA 2-,2014,4,false,3078.000,508,208642.99
FFSU,MN,00169406013,VICTOZA 3-,2014,4,false,600.000,69,34033.85
MCOU,MN,00169406013,VICTOZA 3-,2014,4,false,6126.000,694,413559.82
FFSU,MN,00169406012,VICTOZA 2-,2014,3,false,261.000,44,14396.73
MCOU,MN,00169406012,VICTOZA 2-,2014,3,false,2568.000,422,172452.17
FFSU,MN,00169406013,VICTOZA 3-,2014,3,false,540.000,64,35410.11
MCOU,MN,00169406013,VICTOZA 3-,2014,3,false,5613.000,639,376878.71
MCOU,MN,00169406012,VICTOZA 2-,2014,2,false,2388.000,393,147120.10
FFSU,MN,00169406012,VICTOZA 2-,2014,2,false,198.000,35,10474.14
MCOU,MN,00169406013,VICTOZA 3-,2014,2,false,5289.000,598,325126.19
FFSU,MN,00169406013,VICTOZA 3-,2014,2,false,468.000,55,28613.03
MCOU,MN,00169406012,VICTOZA 2-,2014,1,false,1923.000,316,118078.56
FFSU,MN,00169406012,VICTOZA 2-,2014,1,false,198.000,35,12155.53
FFSU,MN,00169406013,VICTOZA 3-,2014,1,false,453.000,51,23150.51
MCOU,MN,00169406013,VICTOZA 3-,2014,1,false,4032.000,455,248369.73
FFSU,MO,00169406012,VICTOZA 2-,2014,4,false,4099.000,688,293477.95
FFSU,MO,00169406013,VICTOZA 3-,2014,4,false,8151.000,900,584764.23
FFSU,MO,00169406012,VICTOZA 2-,2014,3,false,3924.000,651,270620.68
FFSU,MO,00169406013,VICTOZA 3-,2014,3,false,8256.000,912,574669.70
FFSU,MO,00169406012,VICTOZA 2-,2014,2,false,4304.000,715,279216.88
FFSU,MO,00169406013,VICTOZA 3-,2014,2,false,7389.000,830,485169.73
FFSU,MO,00169406012,VICTOZA 2-,2014,1,false,3720.000,608,243484.60
FFSU,MO,00169406013,VICTOZA 3-,2014,1,false,6486.000,726,422327.91
MCOU,MS,00169406012,VICTOZA 2-,2014,4,false,165.000,27,11467.28
FFSU,MS,00169406012,VICTOZA 2-,2014,4,true,,,
MCOU,MS,00169406013,VICTOZA 3-,2014,4,false,729.000,84,50096.90
FFSU,MS,00169406013,VICTOZA 3-,2014,4,true,,,
FFSU,MS,00169406012,VICTOZA 2-,2014,3,true,,,
MCOU,MS,00169406012,VICTOZA 2-,2014,3,false,135.000,22,8903.32
MCOU,MS,00169406013,VICTOZA 3-,2014,3,false,687.000,79,44965.74
FFSU,MS,00169406013,VICTOZA 3-,2014,3,true,,,
FFSU,MS,00169406012,VICTOZA 2-,2014,2,true,,,
MCOU,MS,00169406012,VICTOZA 2-,2014,2,false,183.000,32,11612.14
FFSU,MS,00169406013,VICTOZA 3-,2014,2,true,,,
MCOU,MS,00169406013,VICTOZA 3-,2014,2,false,531.000,61,33612.01
FFSU,MS,00169406012,VICTOZA 2-,2014,1,true,,,
MCOU,MS,00169406012,VICTOZA 2-,2014,1,false,153.000,26,9708.13
MCOU,MS,00169406013,VICTOZA 3-,2014,1,false,582.000,66,36820.12
FFSU,MS,00169406013,VICTOZA 3-,2014,1,true,,,
FFSU,MT,00169406012,VICTOZA 2-,2014,4,false,216.000,36,14559.92
FFSU,MT,00169406013,VICTOZA 3-,2014,4,false,441.000,49,29273.28
FFSU,MT,00169406012,VICTOZA 2-,2014,3,false,270.000,45,17907.62
FFSU,MT,00169406013,VICTOZA 3-,2014,3,false,369.000,41,20958.31
FFSU,MT,00169406012,VICTOZA 2-,2014,2,false,240.000,40,14736.36
FFSU,MT,00169406013,VICTOZA 3-,2014,2,false,234.000,26,14070.85
FFSU,MT,00169406012,VICTOZA 2-,2014,1,false,144.000,24,8819.49
FFSU,MT,00169406013,VICTOZA 3-,2014,1,false,315.000,35,19129.77
FFSU,XX,00169406012,VICTOZA 6M,2014,4,false,37032.000,6009,2468472.80
MCOU,XX,00169406012,VICTOZA 6M,2014,4,false,84710.000,14033,5802424.92
FFSU,XX,00169406013,VICTOZA 6M,2014,4,false,87153.000,9225,5803010.66
MCOU,XX,00169406013,VICTOZA 6M,2014,4,false,147672.800,16478,9700858.94
FFSU,XX,00169406012,VICTOZA 6M,2014,3,false,37545.000,6150,2547711.70
MCOU,XX,00169406012,VICTOZA 6M,2014,3,false,71575.048,11961,4600264.97
FFSU,XX,00169406013,VICTOZA 6M,2014,3,false,88190.100,9322,5896905.01
MCOU,XX,00169406013,VICTOZA 6M,2014,3,false,124244.000,13925,7880249.07
FFSU,XX,00169406012,VICTOZA 6M,2014,2,false,34741.200,5635,2190258.43
MCOU,XX,00169406012,VICTOZA 6M,2014,2,false,67192.200,11237,3935422.84
FFSU,XX,00169406013,VICTOZA 6M,2014,2,false,79769.700,8480,4930377.64
MCOU,XX,00169406013,VICTOZA 6M,2014,2,false,117995.000,13288,6926249.88
FFSU,XX,00169406012,VICTOZA 6M,2014,1,false,29209.000,4737,1817134.06
MCOU,XX,00169406012,VICTOZA 6M,2014,1,false,52260.000,8787,3055667.00
FFSU,XX,00169406013,VICTOZA 6M,2014,1,false,68421.000,7235,4214053.21
MCOU,XX,00169406013,VICTOZA 6M,2014,1,false,97556.000,11004,5703942.24
FFSU,NC,00169406012,VICTOZA 2-,2014,4,false,2307.000,379,153810.73
FFSU,NC,00169406013,VICTOZA 3-,2014,4,false,6816.000,761,456649.65
FFSU,NC,00169406012,VICTOZA 2-,2014,3,false,2685.000,445,174446.19
FFSU,NC,00169406013,VICTOZA 3-,2014,3,false,7377.000,827,483115.98
FFSU,NC,00169406012,VICTOZA 2-,2014,2,false,2106.200,351,128392.13
FFSU,NC,00169406013,VICTOZA 3-,2014,2,false,6144.000,687,374507.46
FFSU,NC,00169406012,VICTOZA 2-,2014,1,false,1758.000,292,106225.28
FFSU,NC,00169406013,VICTOZA 3-,2014,1,false,5181.000,576,315724.20
MCOU,ND,00169406012,VICTOZA 2-,2014,4,false,258.000,37,14811.33
FFSU,ND,00169406012,VICTOZA 2-,2014,4,false,249.000,42,17657.29
FFSU,ND,00169406013,VICTOZA 3-,2014,4,false,324.000,36,22957.44
MCOU,ND,00169406013,VICTOZA 3-,2014,4,false,372.000,41,23385.03
FFSU,ND,00169406012,VICTOZA 2-,2014,3,false,183.000,31,12954.54
MCOU,ND,00169406012,VICTOZA 2-,2014,3,false,237.000,38,14715.35
MCOU,ND,00169406013,VICTOZA 3-,2014,3,false,171.000,19,10693.15
FFSU,ND,00169406013,VICTOZA 3-,2014,3,false,381.000,44,26686.13
MCOU,ND,00169406012,VICTOZA 2-,2014,2,false,72.000,12,4415.87
FFSU,ND,00169406012,VICTOZA 2-,2014,2,false,240.000,40,15487.00
FFSU,ND,00169406013,VICTOZA 3-,2014,2,false,261.000,29,17813.38
MCOU,ND,00169406013,VICTOZA 3-,2014,2,true,,,
MCOU,ND,00169406012,VICTOZA 2-,2014,1,true,,,
FFSU,ND,00169406012,VICTOZA 2-,2014,1,false,186.000,31,12005.79
FFSU,ND,00169406013,VICTOZA 3-,2014,1,false,288.000,32,18260.89
MCOU,ND,00169406013,VICTOZA 3-,2014,1,true,,,
FFSU,NE,00169406012,Victoza 6M,2014,4,false,93.000,16,6410.34
FFSU,NE,00169406013,Victoza 6M,2014,4,false,336.000,38,23400.33
FFSU,NE,00169406012,Victoza 6M,2014,3,false,102.000,17,6987.17
FFSU,NE,00169406013,Victoza 6M,2014,3,false,243.000,29,16649.56
FFSU,NE,00169406012,Victoza 6M,2014,2,false,102.000,17,6439.27
FFSU,NE,00169406013,Victoza 6M,2014,2,false,276.000,32,17606.10
FFSU,NE,00169406012,Victoza 6M,2014,1,false,90.000,15,5670.41
FFSU,NE,00169406013,Victoza 6M,2014,1,false,342.000,38,21801.28
MCOU,NH,00169406012,VICTOZA 2-,2014,4,false,249.000,41,16442.37
FFSU,NH,00169406012,VICTOZA 2-,2014,4,true,,,
FFSU,NH,00169406013,VICTOZA 3-,2014,4,true,,,
MCOU,NH,00169406013,VICTOZA 3-,2014,4,false,1095.000,123,70654.59
FFSU,NH,00169406012,VICTOZA 2-,2014,3,true,,,
MCOU,NH,00169406012,VICTOZA 2-,2014,3,false,138.000,23,9112.85
FFSU,NH,00169406013,VICTOZA 3-,2014,3,true,,,
MCOU,NH,00169406013,VICTOZA 3-,2014,3,false,831.000,95,53582.00
MCOU,NH,00169406012,VICTOZA 2-,2014,2,false,186.000,30,11309.93
MCOU,NH,00169406013,VICTOZA 3-,2014,2,false,522.000,60,30442.15
FFSU,NH,00169406013,VICTOZA 3-,2014,2,true,,,
FFSU,NH,00169406012,VICTOZA 2-,2014,1,true,,,
MCOU,NH,00169406012,VICTOZA 2-,2014,1,false,171.000,28,9986.35
FFSU,NH,00169406013,VICTOZA 3-,2014,1,true,,,
MCOU,NH,00169406013,VICTOZA 3-,2014,1,false,753.000,85,41447.70
FFSU,NJ,00169406012,Victoza 6M,2014,4,false,156.000,30,10160.82
MCOU,NJ,00169406012,Victoza 6M,2014,4,false,6786.000,1129,448132.84
MCOU,NJ,00169406013,Victoza 6M,2014,4,false,14142.000,1577,934494.71
FFSU,NJ,00169406013,Victoza 6M,2014,4,false,291.000,47,18932.21
MCOU,NJ,00169406012,Victoza 6M,2014,3,false,4332.000,719,272024.35
FFSU,NJ,00169406012,Victoza 6M,2014,3,false,171.000,30,11015.00
FFSU,NJ,00169406013,Victoza 6M,2014,3,false,375.000,55,23933.57
MCOU,NJ,00169406013,Victoza 6M,2014,3,false,8871.000,992,563806.25
FFSU,NJ,00169406012,Victoza 6M,2014,2,false,156.000,27,9142.35
MCOU,NJ,00169406012,Victoza 6M,2014,2,false,6288.000,1046,368892.05
FFSU,NJ,00169406013,Victoza 6M,2014,2,false,381.000,55,22578.19
MCOU,NJ,00169406013,Victoza 6M,2014,2,false,12816.000,1430,752799.88
FFSU,NJ,00169406012,Victoza 6M,2014,1,false,240.000,49,13250.31
MCOU,NJ,00169406012,Victoza 6M,2014,1,false,4371.000,723,242716.37
MCOU,NJ,00169406013,Victoza 6M,2014,1,false,7851.000,876,445000.27
FFSU,NJ,00169406013,Victoza 6M,2014,1,false,414.000,43,24537.66
FFSU,NM,00169406012,VICTOZA 2-,2014,4,true,,,
MCOU,NM,00169406012,VICTOZA 2-,2014,4,false,1644.000,263,107159.20
MCOU,NM,00169406013,VICTOZA 3-,2014,4,false,2565.000,277,169447.50
FFSU,NM,00169406013,VICTOZA 3-,2014,4,true,,,
MCOU,NM,00169406012,VICTOZA 2-,2014,3,false,2544.000,416,155558.93
FFSU,NM,00169406012,VICTOZA 2-,2014,3,true,,,
FFSU,NM,00169406013,VICTOZA 3-,2014,3,true,,,
MCOU,NM,00169406013,VICTOZA 3-,2014,3,false,3861.000,410,238738.80
FFSU,NM,00169406012,VICTOZA 2-,2014,2,true,,,
MCOU,NM,00169406012,VICTOZA 2-,2014,2,false,308.000,47,18174.64
MCOU,NM,00169406013,VICTOZA 3-,2014,2,false,525.000,60,31390.46
FFSU,NM,00169406013,VICTOZA 3-,2014,2,true,,,
FFSU,NM,00169406012,VICTOZA 2-,2014,1,true,,,
MCOU,NM,00169406012,VICTOZA 2-,2014,1,false,174.000,29,10137.13
MCOU,NM,00169406013,VICTOZA 3-,2014,1,false,288.000,28,15742.96
FFSU,NM,00169406013,VICTOZA 3-,2014,1,true,,,
FFSU,NV,00169406012,Victoza 6M,2014,4,false,477.000,73,32111.15
MCOU,NV,00169406012,Victoza 6M,2014,4,false,750.000,125,50384.26
FFSU,NV,00169406013,Victoza 6M,2014,4,false,1365.000,142,91559.75
MCOU,NV,00169406013,Victoza 6M,2014,4,false,348.000,41,24796.17
FFSU,NV,00169406012,Victoza 6M,2014,3,false,498.000,73,33037.30
MCOU,NV,00169406012,Victoza 6M,2014,3,false,648.000,108,42315.01
FFSU,NV,00169406013,Victoza 6M,2014,3,false,1293.000,134,85660.45
MCOU,NV,00169406013,Victoza 6M,2014,3,false,480.000,54,30959.81
MCOU,NV,00169406012,Victoza 6M,2014,2,false,222.000,35,12749.13
FFSU,NV,00169406012,Victoza 6M,2014,2,false,513.000,81,31458.93
MCOU,NV,00169406013,Victoza 6M,2014,2,false,432.000,48,25495.29
FFSU,NV,00169406013,Victoza 6M,2014,2,false,1425.000,136,86713.12
FFSU,NV,00169406012,Victoza 6M,2014,1,false,468.000,66,28608.90
MCOU,NV,00169406012,Victoza 6M,2014,1,false,282.000,48,17042.37
FFSU,NV,00169406013,Victoza 6M,2014,1,false,1092.000,104,66602.45
MCOU,NV,00169406013,Victoza 6M,2014,1,false,204.000,23,12026.41
FFSU,NY,00169406012,VICTOZA 6M,2014,4,false,1060.000,182,68971.95
MCOU,NY,00169406012,VICTOZA 6M,2014,4,false,22204.000,3695,1450601.25
FFSU,NY,00169406013,VICTOZA 6M,2014,4,false,2961.000,349,193425.18
MCOU,NY,00169406013,VICTOZA 6M,2014,4,false,38065.800,4268,2494327.79
FFSU,NY,00169406012,VICTOZA 6M,2014,3,false,918.000,159,59153.04
MCOU,NY,00169406012,VICTOZA 6M,2014,3,false,22855.000,3805,1490676.74
MCOU,NY,00169406013,VICTOZA 6M,2014,3,false,36807.000,4133,2404305.02
FFSU,NY,00169406013,VICTOZA 6M,2014,3,false,3317.100,387,214976.66
MCOU,NY,00169406012,VICTOZA 6M,2014,2,false,21982.200,3655,1305545.88
FFSU,NY,00169406012,VICTOZA 6M,2014,2,false,1050.000,175,62593.30
FFSU,NY,00169406013,VICTOZA 6M,2014,2,false,3287.700,377,192499.34
MCOU,NY,00169406013,VICTOZA 6M,2014,2,false,33090.000,3718,1968651.51
FFSU,NY,00169406012,VICTOZA 6M,2014,1,false,936.000,156,54972.43
MCOU,NY,00169406012,VICTOZA 6M,2014,1,false,18762.000,3133,1116764.41
MCOU,NY,00169406013,VICTOZA 6M,2014,1,false,28794.000,3232,1717899.84
FFSU,NY,00169406013,VICTOZA 6M,2014,1,false,2889.000,326,171498.50
MCOU,OH,00169406012,Victoza 6M,2014,4,false,15018.000,2510,977456.35
FFSU,OH,00169406012,VICTOZA 2-,2014,4,false,969.000,166,67615.37
FFSU,OH,00169406013,VICTOZA 3-,2014,4,false,1686.000,196,118109.10
MCOU,OH,00169406013,Victoza 6M,2014,4,false,23712.000,2662,1550084.04
MCOU,OH,00169406012,Victoza 6M,2014,3,false,10403.000,1749,564541.82
FFSU,OH,00169406012,VICTOZA 2-,2014,3,false,1569.000,271,201550.32
FFSU,OH,00169406013,VICTOZA 3-,2014,3,false,2184.000,257,286975.27
MCOU,OH,00169406013,Victoza 6M,2014,3,false,16773.000,1892,935513.16
MCOU,OH,00169406012,Victoza 6M,2014,2,false,10198.000,1721,535802.64
FFSU,OH,00169406012,VICTOZA 2-,2014,2,false,903.000,150,128104.61
FFSU,OH,00169406013,VICTOZA 3-,2014,2,false,1428.000,167,194481.50
MCOU,OH,00169406013,Victoza 6M,2014,2,false,16113.000,1827,855782.70
FFSU,OH,00169406012,VICTOZA 2-,2014,1,false,1089.000,190,112553.96
MCOU,OH,00169406012,Victoza 6M,2014,1,false,9128.000,1531,498334.74
MCOU,OH,00169406013,Victoza 6M,2014,1,false,16935.000,1915,923050.53
FFSU,OH,00169406013,VICTOZA 3-,2014,1,false,1896.000,213,206297.25
FFSU,OK,00169406012,Victoza 6M,2014,4,false,1146.000,194,78583.29
FFSU,OK,00169406013,Victoza 6M,2014,4,false,3630.000,407,248496.03
FFSU,OK,00169406012,Victoza 6M,2014,3,false,1020.000,171,68512.72
FFSU,OK,00169406013,Victoza 6M,2014,3,false,3279.000,363,222186.05
FFSU,OK,00169406012,Victoza 6M,2014,2,false,1128.000,190,71554.20
FFSU,OK,00169406013,Victoza 6M,2014,2,false,3306.000,369,206805.64
FFSU,OK,00169406012,Victoza 6M,2014,1,false,969.000,162,61408.55
FFSU,OK,00169406013,Victoza 6M,2014,1,false,3291.000,364,205861.46
FFSU,OR,00169406012,Victoza 6M,2014,4,false,114.000,17,7455.80
MCOU,OR,00169406012,Victoza 6M,2014,4,false,936.000,156,61429.26
FFSU,OR,00169406013,Victoza 6M,2014,4,false,162.000,18,10535.40
MCOU,OR,00169406013,Victoza 6M,2014,4,false,1485.000,164,97220.10
MCOU,OR,00169406012,Victoza 6M,2014,3,false,966.000,161,61601.44
FFSU,OR,00169406012,Victoza 6M,2014,3,false,90.000,15,5872.38
MCOU,OR,00169406013,Victoza 6M,2014,3,false,1137.000,125,72271.68
FFSU,OR,00169406013,Victoza 6M,2014,3,false,144.000,16,9372.00
MCOU,OR,00169406012,Victoza 6M,2014,2,false,588.000,98,35223.54
FFSU,OR,00169406012,Victoza 6M,2014,2,true,,,
FFSU,OR,00169406013,Victoza 6M,2014,2,false,117.000,13,6943.17
MCOU,OR,00169406013,Victoza 6M,2014,2,false,1176.000,135,69932.62
MCOU,OR,00169406012,Victoza 6M,2014,1,false,357.000,60,21340.18
FFSU,OR,00169406012,Victoza 6M,2014,1,true,,,
FFSU,OR,00169406013,Victoza 6M,2014,1,true,,,
MCOU,OR,00169406013,Victoza 6M,2014,1,false,864.000,97,50961.38
MCOU,PA,00169406012,VICTOZA 2-,2014,4,false,5367.000,887,358231.38
FFSU,PA,00169406012,VICTOZA 2-,2014,4,false,84.000,16,5678.23
FFSU,PA,00169406013,VICTOZA 3-,2014,4,false,402.000,37,27150.77
MCOU,PA,00169406013,VICTOZA 3-,2014,4,false,9366.000,984,625560.17
MCOU,PA,00169406012,VICTOZA 2-,2014,3,false,4221.000,693,271915.67
FFSU,PA,00169406012,VICTOZA 2-,2014,3,false,114.000,17,7303.63
FFSU,PA,00169406013,VICTOZA 3-,2014,3,false,354.000,32,22625.32
MCOU,PA,00169406013,VICTOZA 3-,2014,3,false,8322.000,881,536069.52
MCOU,PA,00169406012,VICTOZA 2-,2014,2,false,3503.000,572,214243.92
FFSU,PA,00169406012,VICTOZA 2-,2014,2,false,84.000,14,5169.56
FFSU,PA,00169406013,VICTOZA 3-,2014,2,false,297.000,29,18260.58
MCOU,PA,00169406013,VICTOZA 3-,2014,2,false,7422.000,783,451603.84
FFSU,PA,00169406012,VICTOZA 2-,2014,1,false,84.000,12,5014.77
MCOU,PA,00169406012,VICTOZA 2-,2014,1,false,2984.000,483,180565.83
MCOU,PA,00169406013,VICTOZA 3-,2014,1,false,6372.000,668,382949.50
FFSU,PA,00169406013,VICTOZA 3-,2014,1,false,216.000,20,12820.70
FFSU,RI,00169406012,Victoza 6M,2014,4,true,,,
MCOU,RI,00169406012,Victoza 6M,2014,4,false,528.000,87,34735.13
MCOU,RI,00169406013,Victoza 6M,2014,4,false,825.000,93,55271.18
MCOU,RI,00169406012,Victoza 6M,2014,3,false,522.000,86,33613.99
FFSU,RI,00169406012,Victoza 6M,2014,3,true,,,
MCOU,RI,00169406013,Victoza 6M,2014,3,false,699.000,78,46118.61
FFSU,RI,00169406012,Victoza 6M,2014,2,true,,,
MCOU,RI,00169406012,Victoza 6M,2014,2,false,357.000,60,21210.19
MCOU,RI,00169406013,Victoza 6M,2014,2,false,438.000,50,26732.10
FFSU,RI,00169406013,Victoza 6M,2014,2,true,,,
FFSU,RI,00169406012,Victoza 6M,2014,1,false,72.000,12,360.52
MCOU,RI,00169406012,Victoza 6M,2014,1,false,312.000,52,19009.45
FFSU,RI,00169406013,Victoza 6M,2014,1,true,,,
MCOU,RI,00169406013,Victoza 6M,2014,1,false,339.000,37,20668.50
MCOU,SC,00169406012,VICTOZA 2-,2014,4,false,1092.000,182,70019.47
FFSU,SC,00169406012,VICTOZA 2-,2014,4,true,,,
MCOU,SC,00169406013,VICTOZA 3-,2014,4,false,2484.000,277,161675.54
FFSU,SC,00169406013,VICTOZA 3-,2014,4,false,93.000,17,6152.87
FFSU,SC,00169406012,VICTOZA 2-,2014,3,true,,,
MCOU,SC,00169406012,VICTOZA 2-,2014,3,false,699.000,114,45402.87
MCOU,SC,00169406013,VICTOZA 3-,2014,3,false,1428.000,159,91463.16
FFSU,SC,00169406013,VICTOZA 3-,2014,3,false,102.000,15,6629.30
FFSU,SC,00169406012,VICTOZA 2-,2014,2,true,,,
MCOU,SC,00169406012,VICTOZA 2-,2014,2,false,831.000,138,48730.93
MCOU,SC,00169406013,VICTOZA 3-,2014,2,false,1596.000,177,94158.87
FFSU,SC,00169406013,VICTOZA 3-,2014,2,true,,,
FFSU,SC,00169406012,VICTOZA 2-,2014,1,true,,,
MCOU,SC,00169406012,VICTOZA 2-,2014,1,false,612.000,102,35605.62
FFSU,SC,00169406013,VICTOZA 3-,2014,1,true,,,
MCOU,SC,00169406013,VICTOZA 3-,2014,1,false,1332.000,150,79162.67
FFSU,SD,00169406012,Victoza 6M,2014,4,true,,,
FFSU,SD,00169406013,Victoza 6M,2014,4,false,648.000,74,44376.03
FFSU,SD,00169406012,Victoza 6M,2014,3,true,,,
FFSU,SD,00169406013,Victoza 6M,2014,3,false,675.000,76,45680.88
FFSU,SD,00169406012,Victoza 6M,2014,2,false,240.000,40,15001.32
FFSU,SD,00169406013,Victoza 6M,2014,2,false,534.000,60,34859.57
FFSU,SD,00169406012,Victoza 6M,2014,1,false,204.000,33,12688.55
FFSU,SD,00169406013,Victoza 6M,2014,1,false,486.000,53,30333.70
FFSU,TN,00169406012,Victoza 6M,2014,4,false,3351.000,565,220698.40
FFSU,TN,00169406013,Victoza 6M,2014,4,false,6996.000,786,461882.80
MCOU,TN,00169406012,VICTOZA 6M,2014,3,true,,,
FFSU,TN,00169406012,VICTOZA 2-,2014,3,false,3444.000,581,223164.17
FFSU,TN,00169406013,VICTOZA 3-,2014,3,false,6204.000,696,400107.40
FFSU,TN,00169406012,VICTOZA 2-,2014,2,false,3008.000,503,184428.64
FFSU,TN,00169406013,VICTOZA 3-,2014,2,false,4965.000,561,302090.61
FFSU,TN,00169406012,VICTOZA 2-,2014,1,false,2055.000,344,126209.24
FFSU,TN,00169406013,VICTOZA 3-,2014,1,false,4272.000,478,259015.86
MCOU,TX,00169406012,VICTOZA 2-,2014,4,false,3405.000,560,228753.47
FFSU,TX,00169406012,VICTOZA 2-,2014,4,false,312.000,54,19670.88
FFSU,TX,00169406013,VICTOZA 3-,2014,4,false,249.000,30,12904.85
MCOU,TX,00169406013,VICTOZA 3-,2014,4,false,6414.000,720,423926.61
FFSU,TX,00169406012,VICTOZA 2-,2014,3,false,310.000,54,18130.53
MCOU,TX,00169406012,VICTOZA 2-,2014,3,false,2859.000,473,187857.41
MCOU,TX,00169406013,VICTOZA 3-,2014,3,false,5739.000,642,378176.54
FFSU,TX,00169406013,VICTOZA 3-,2014,3,false,261.000,25,16328.71
FFSU,TX,00169406012,VICTOZA 2-,2014,2,false,345.000,55,19586.93
MCOU,TX,00169406012,VICTOZA 2-,2014,2,false,2805.000,469,167266.39
MCOU,TX,00169406013,VICTOZA 3-,2014,2,false,5521.000,621,326052.24
FFSU,TX,00169406013,VICTOZA 3-,2014,2,false,435.000,41,27165.95
FFSU,TX,00169406012,VICTOZA 2-,2014,1,false,367.000,60,20965.17
MCOU,TX,00169406012,VICTOZA 2-,2014,1,false,2403.000,402,144698.75
MCOU,TX,00169406013,VICTOZA 3-,2014,1,false,5118.000,571,303865.74
FFSU,TX,00169406013,VICTOZA 3-,2014,1,false,375.000,36,21080.96
MCOU,UT,00169406012,Victoza 6M,2014,4,false,54.000,11,3640.60
FFSU,UT,00169406012,VICTOZA   ,2014,4,false,108.000,18,7043.28
FFSU,UT,00169406013,Victoza 6M,2014,4,true,,,
MCOU,UT,00169406013,Victoza 6M,2014,4,false,361.000,42,24368.14
MCOU,UT,00169406012,VICTOZA   ,2014,3,false,90.000,22,6032.49
FFSU,UT,00169406012,VICTOZA   ,2014,3,false,114.000,19,7408.67
FFSU,UT,00169406013,VICTOZA   ,2014,3,true,,,
MCOU,UT,00169406013,Victoza 6M,2014,3,false,343.000,44,23170.75
MCOU,UT,00169406012,VICTOZA   ,2014,2,false,90.000,20,5526.20
FFSU,UT,00169406012,VICTOZA   ,2014,2,false,90.000,15,5351.05
FFSU,UT,00169406013,VICTOZA   ,2014,2,true,,,
MCOU,UT,00169406013,VICTOZA   ,2014,2,false,381.000,51,23576.81
FFSU,UT,00169406012,VICTOZA   ,2014,1,false,206.000,34,11599.72
MCOU,UT,00169406012,VICTOZA   ,2014,1,false,84.000,16,5207.58
MCOU,UT,00169406013,VICTOZA   ,2014,1,false,272.000,34,17320.94
FFSU,UT,00169406013,VICTOZA   ,2014,1,false,198.000,22,11740.14
MCOU,VA,00169406012,Victoza 6M,2014,4,false,906.000,147,60890.38
FFSU,VA,00169406012,Victoza 6M,2014,4,true,,,
MCOU,VA,00169406013,VICTOZA 3-,2014,4,false,2292.000,255,153580.90
FFSU,VA,00169406013,Victoza 6M,2014,4,true,,,
MCOU,VA,00169406012,VICTOZA 2-,2014,3,false,903.000,150,60279.59
FFSU,VA,00169406012,Victoza 6M,2014,3,true,,,
FFSU,VA,00169406013,Victoza 6M,2014,3,true,,,
MCOU,VA,00169406013,VICTOZA 3-,2014,3,false,1839.000,205,122202.21
MCOU,VA,00169406012,VICTOZA 2-,2014,2,false,881.000,146,53963.29
FFSU,VA,00169406012,Victoza 6M,2014,2,true,,,
FFSU,VA,00169406013,Victoza 6M,2014,2,true,,,
MCOU,VA,00169406013,VICTOZA 3-,2014,2,false,1965.000,220,119283.27
FFSU,VA,00169406012,Victoza 6M,2014,1,true,,,
MCOU,VA,00169406012,VICTOZA 2-,2014,1,false,581.000,95,35403.56
FFSU,VA,00169406013,Victoza 6M,2014,1,true,,,
MCOU,VA,00169406013,VICTOZA 3-,2014,1,false,1857.000,207,112430.90
FFSU,VT,00169406012,Victoza 6M,2014,4,false,324.000,46,21893.76
FFSU,VT,00169406013,Victoza 6M,2014,4,false,1323.000,112,89249.64
FFSU,VT,00169406012,Victoza 6M,2014,3,false,261.000,35,17515.57
FFSU,VT,00169406013,Victoza 6M,2014,3,false,1299.000,116,86406.60
FFSU,VT,00169406012,Victoza 6M,2014,2,false,210.000,30,12910.37
FFSU,VT,00169406013,Victoza 6M,2014,2,false,1098.000,109,67442.63
FFSU,VT,00169406012,Victoza 6M,2014,1,false,183.000,27,11266.28
FFSU,VT,00169406013,Victoza 6M,2014,1,false,1011.000,101,62101.48
MCOU,WA,00169406012,Victoza 6M,2014,4,false,1389.000,232,90425.81
FFSU,WA,00169406012,Victoza 6M,2014,4,true,,,
FFSU,WA,00169406013,Victoza 6M,2014,4,false,99.000,12,4876.89
MCOU,WA,00169406013,Victoza 6M,2014,4,false,2403.000,280,155581.97
MCOU,WA,00169406012,Victoza 6M,2014,3,false,1260.000,212,80536.07
FFSU,WA,00169406012,Victoza 6M,2014,3,true,,,
FFSU,WA,00169406013,Victoza 6M,2014,3,false,162.000,19,7895.42
MCOU,WA,00169406013,Victoza 6M,2014,3,false,1830.000,208,116555.78
MCOU,WA,00169406012,Victoza 6M,2014,2,false,942.000,157,56291.11
FFSU,WA,00169406012,Victoza 6M,2014,2,true,,,
FFSU,WA,00169406013,Victoza 6M,2014,2,false,198.000,23,10437.31
MCOU,WA,00169406013,Victoza 6M,2014,2,false,1272.000,145,75825.96
FFSU,WA,00169406012,Victoza 6M,2014,1,false,84.000,14,4804.42
MCOU,WA,00169406012,Victoza 6M,2014,1,false,405.000,67,23684.71
MCOU,WA,00169406013,Victoza 6M,2014,1,false,606.000,70,35476.62
FFSU,WA,00169406013,Victoza 6M,2014,1,false,138.000,16,6216.80
FFSU,WI,00169406012,Victoza 6M,2014,4,false,174.000,29,11707.01
MCOU,WI,00169406012,Victoza 6M,2014,4,true,,,
FFSU,WI,00169406013,Victoza 6M,2014,4,false,609.000,67,40835.11
MCOU,WI,00169406013,Victoza 6M,2014,4,true,,,
FFSU,WI,00169406012,Victoza 6M,2014,3,false,150.000,25,9767.69
MCOU,WI,00169406012,Victoza 6M,2014,3,true,,,
FFSU,WI,00169406013,Victoza 6M,2014,3,false,648.000,68,42961.23
MCOU,WI,00169406013,Victoza 6M,2014,3,true,,,
FFSU,WI,00169406012,Victoza 6M,2014,2,false,146.000,25,8949.66
MCOU,WI,00169406012,Victoza 6M,2014,2,true,,,
MCOU,WI,00169406013,Victoza 6M,2014,2,true,,,
FFSU,WI,00169406013,Victoza 6M,2014,2,false,558.000,60,36172.89
MCOU,WI,00169406012,Victoza 6M,2014,1,true,,,
FFSU,WI,00169406012,Victoza 6M,2014,1,false,180.000,30,12071.04
MCOU,WI,00169406013,Victoza 6M,2014,1,true,,,
FFSU,WI,00169406013,Victoza 6M,2014,1,false,477.000,52,28782.64
FFSU,WV,00169406012,VICTOZA 2-,2014,4,false,3285.000,542,219580.32
MCOU,WV,00169406012,VICTOZA 2-,2014,4,false,308.000,52,20447.27
MCOU,WV,00169406013,VICTOZA 3-,2014,4,false,423.000,47,27905.77
FFSU,WV,00169406013,VICTOZA 3-,2014,4,false,4677.000,520,312487.74
FFSU,WV,00169406012,VICTOZA 2-,2014,3,false,2876.000,480,185837.97
MCOU,WV,00169406012,VICTOZA 2-,2014,3,false,342.000,57,22014.33
FFSU,WV,00169406013,VICTOZA 3-,2014,3,false,4476.000,500,287785.54
MCOU,WV,00169406013,VICTOZA 3-,2014,3,false,405.000,45,26059.47
FFSU,WV,00169406012,VICTOZA 2-,2014,2,false,1710.000,284,104226.46
MCOU,WV,00169406012,VICTOZA 2-,2014,2,false,288.000,48,17499.61
MCOU,WV,00169406013,VICTOZA 3-,2014,2,false,243.000,27,14824.12
FFSU,WV,00169406013,VICTOZA 3-,2014,2,false,2934.000,331,177999.84
FFSU,WV,00169406012,VICTOZA 2-,2014,1,false,1212.000,203,73153.63
MCOU,WV,00169406012,VICTOZA 2-,2014,1,false,234.000,39,14153.65
FFSU,WV,00169406013,VICTOZA 3-,2014,1,false,2469.000,275,149277.48
MCOU,WV,00169406013,VICTOZA 3-,2014,1,false,219.000,25,13300.14
FFSU,WY,00169406012,VICTOZA   ,2014,4,true,,,
FFSU,WY,00169406013,Victoza 6M,2014,4,false,126.000,14,8230.87
FFSU,WY,00169406012,Victoza 6M,2014,3,true,,,
FFSU,WY,00169406013,Victoza 6M,2014,3,false,117.000,13,7487.88
FFSU,WY,00169406012,Victoza 6M,2014,2,false,84.000,11,5313.35
FFSU,WY,00169406013,Victoza 6M,2014,2,false,99.000,11,6308.06
FFSU,WY,00169406012,Victoza 6M,2014,1,false,84.000,12,5304.99
FFSU,WY,00169406013,Victoza 6M,2014,1,true,,,
FFSU,AK,66780021007,BYETTA    ,2014,4,true,,,
FFSU,AK,66780021201,BYETTA    ,2014,4,false,36.000,15,6214.29
FFSU,AK,66780021007,BYETTA    ,2014,3,false,14.400,12,4631.33
FFSU,AK,66780021201,BYETTA    ,2014,3,false,52.800,22,9035.14
FFSU,AK,66780021007,BYETTA    ,2014,2,false,19.200,16,6711.20
FFSU,AK,66780021201,BYETTA    ,2014,2,false,43.200,18,7312.07
FFSU,AK,66780021007,BYETTA    ,2014,1,true,,,
FFSU,AK,66780021201,BYETTA    ,2014,1,false,50.400,21,8882.91
FFSU,AL,66780021007,BYETTA (EX,2014,4,false,42.000,35,15024.83
FFSU,AL,66780021201,BYETTA (EX,2014,4,false,168.000,70,30050.08
FFSU,AL,66780021007,BYETTA (EX,2014,3,false,40.800,34,14766.61
FFSU,AL,66780021201,BYETTA (EX,2014,3,false,141.600,59,24985.92
FFSU,AL,66780021007,BYETTA (EX,2014,2,false,39.600,33,13937.20
FFSU,AL,66780021201,BYETTA (EX,2014,2,false,158.400,66,26693.34
FFSU,AL,66780021007,BYETTA (EX,2014,1,false,48.000,40,15732.22
FFSU,AL,66780021201,BYETTA (EX,2014,1,false,163.200,68,26367.17
FFSU,AR,66780021007,BYETTA (EX,2014,4,true,,,
FFSU,AR,66780021201,BYETTA (EX,2014,4,false,36.000,15,6694.05
FFSU,AR,66780021007,BYETTA (EX,2014,3,true,,,
FFSU,AR,66780021201,BYETTA (EX,2014,3,true,,,
FFSU,AR,66780021007,BYETTA (EX,2014,2,true,,,
FFSU,AR,66780021201,BYETTA (EX,2014,2,false,28.800,12,4963.32
FFSU,AR,66780021007,BYETTA (EX,2014,1,true,,,
FFSU,AR,66780021201,BYETTA (EX,2014,1,true,,,
MCOU,AZ,66780021007,BYETTA    ,2014,4,false,205.200,166,72701.10
MCOU,AZ,66780021201,BYETTA    ,2014,4,false,492.000,205,86206.75
MCOU,AZ,66780021007,BYETTA    ,2014,3,false,142.800,117,48521.86
MCOU,AZ,66780021201,BYETTA    ,2014,3,false,463.200,193,86186.40
MCOU,AZ,66780021007,BYETTA    ,2014,2,false,108.000,84,35782.81
MCOU,AZ,66780021201,BYETTA    ,2014,2,false,272.800,113,44760.26
MCOU,AZ,66780021007,BYETTA    ,2014,1,false,86.400,71,27113.42
MCOU,AZ,66780021201,BYETTA    ,2014,1,false,292.400,114,46021.98
MCOU,CA,66780021007,BYETTA  EX,2014,4,false,216.200,185,80586.17
FFSU,CA,66780021007,BYETTA  EX,2014,4,false,153.600,125,56498.98
FFSU,CA,66780021201,BYETTA  EX,2014,4,false,727.200,285,132343.58
MCOU,CA,66780021201,BYETTA  EX,2014,4,false,1009.800,427,180860.21
MCOU,CA,66780021007,BYETTA  EX,2014,3,false,194.600,161,67899.78
FFSU,CA,66780021007,BYETTA  EX,2014,3,false,152.400,127,55495.32
FFSU,CA,66780021201,BYETTA  EX,2014,3,false,717.600,290,130013.76
MCOU,CA,66780021201,BYETTA  EX,2014,3,false,845.600,363,141916.54
MCOU,CA,66780021007,BYETTA  EX,2014,2,false,192.000,164,60573.17
FFSU,CA,66780021007,BYETTA  EX,2014,2,false,126.000,111,42202.28
FFSU,CA,66780021201,BYETTA  EX,2014,2,false,700.400,288,118188.13
MCOU,CA,66780021201,BYETTA  EX,2014,2,false,899.800,397,145901.84
FFSU,CA,66780021007,BYETTA  EX,2014,1,false,138.000,112,44607.98
MCOU,CA,66780021007,BYETTA  EX,2014,1,false,149.000,132,44405.93
MCOU,CA,66780021201,BYETTA  EX,2014,1,false,789.600,347,129464.22
FFSU,CA,66780021201,BYETTA  EX,2014,1,false,670.800,270,110282.85
FFSU,CO,66780021007,BYETTA    ,2014,4,false,282.000,219,98190.97
FFSU,CO,66780021201,BYETTA    ,2014,4,false,703.200,249,122645.81
FFSU,CO,66780021007,BYETTA    ,2014,3,false,226.800,173,77999.68
FFSU,CO,66780021201,BYETTA    ,2014,3,false,631.200,222,108673.89
FFSU,CO,66780021007,BYETTA 5 M,2014,2,false,174.000,130,56152.68
FFSU,CO,66780021201,BYETTA    ,2014,2,false,484.800,171,76325.45
FFSU,CO,66780021007,BYETTA 5 M,2014,1,false,82.800,65,26378.99
FFSU,CO,66780021201,BYETTA    ,2014,1,false,321.600,117,50974.52
FFSU,CT,66780021007,BYETTA (EX,2014,4,false,24.000,19,8642.50
FFSU,CT,66780021201,BYETTA (EX,2014,4,false,168.000,53,30134.21
FFSU,CT,66780021007,BYETTA (EX,2014,3,false,28.800,23,10211.84
FFSU,CT,66780021201,BYETTA (EX,2014,3,false,168.000,56,29692.74
FFSU,CT,66780021007,BYETTA (EX,2014,2,false,27.600,20,9195.25
FFSU,CT,66780021201,BYETTA (EX,2014,2,false,187.200,62,31191.97
FFSU,CT,66780021007,BYETTA (EX,2014,1,false,30.000,19,9604.74
FFSU,CT,66780021201,BYETTA (EX,2014,1,false,158.400,62,25938.88
MCOU,DC,66780021007,BYETTA 5 M,2014,4,true,,,
FFSU,DC,66780021007,BYETTA 5 M,2014,4,true,,,
FFSU,DC,66780021201,BYETTA 10 ,2014,4,true,,,
MCOU,DC,66780021201,BYETTA 10 ,2014,4,true,,,
MCOU,DC,66780021007,BYETTA 5 M,2014,3,true,,,
FFSU,DC,66780021007,BYETTA 5 M,2014,3,true,,,
MCOU,DC,66780021201,BYETTA 10 ,2014,3,false,26.400,11,4677.15
FFSU,DC,66780021201,BYETTA 10 ,2014,3,true,,,
MCOU,DC,66780021007,BYETTA 5 M,2014,2,true,,,
FFSU,DC,66780021007,BYETTA 5 M,2014,2,true,,,
FFSU,DC,66780021201,BYETTA 10 ,2014,2,true,,,
MCOU,DC,66780021201,BYETTA 10 ,2014,2,true,,,
MCOU,DC,66780021007,BYETTA 5 M,2014,1,true,,,
FFSU,DC,66780021007,BYETTA 5 M,2014,1,true,,,
MCOU,DC,66780021201,BYETTA 10 ,2014,1,true,,,
FFSU,DC,66780021201,BYETTA 10 ,2014,1,true,,,
FFSU,DE,66780021007,BYETTA (EX,2014,4,true,,,
FFSU,DE,66780021201,BYETTA (EX,2014,4,false,88.800,29,15759.00
FFSU,DE,66780021007,BYETTA (EX,2014,3,true,,,
FFSU,DE,66780021201,BYETTA (EX,2014,3,false,117.600,39,20504.32
FFSU,DE,66780021007,BYETTA (EX,2014,2,true,,,
FFSU,DE,66780021201,BYETTA (EX,2014,2,false,134.400,44,22169.95
FFSU,DE,66780021007,BYETTA (EX,2014,1,true,,,
FFSU,DE,66780021201,BYETTA (EX,2014,1,false,139.200,40,23384.39
FFSU,FL,66780021007,BYETTA    ,2014,4,false,100.600,84,36609.65
MCOU,FL,66780021007,BYETTA    ,2014,4,false,544.800,451,199136.71
MCOU,FL,66780021201,BYETTA    ,2014,4,false,1594.800,659,288373.69
FFSU,FL,66780021201,BYETTA    ,2014,4,false,348.000,143,62631.39
MCOU,FL,66780021007,BYETTA    ,2014,3,false,350.600,290,126460.81
FFSU,FL,66780021007,BYETTA    ,2014,3,false,184.800,149,65294.24
FFSU,FL,66780021201,BYETTA    ,2014,3,false,562.800,234,97775.71
MCOU,FL,66780021201,BYETTA    ,2014,3,false,1200.000,497,214345.64
MCOU,FL,66780021007,BYETTA    ,2014,2,false,67.200,56,22626.47
FFSU,FL,66780021007,BYETTA    ,2014,2,false,413.800,343,138475.26
FFSU,FL,66780021201,BYETTA    ,2014,2,false,1395.600,579,232638.39
MCOU,FL,66780021201,BYETTA    ,2014,2,false,261.400,108,43077.40
MCOU,FL,66780021007,BYETTA    ,2014,1,false,71.400,59,23382.34
FFSU,FL,66780021007,BYETTA    ,2014,1,false,525.400,433,172773.18
FFSU,FL,66780021201,BYETTA    ,2014,1,false,1689.599,699,280385.61
MCOU,FL,66780021201,BYETTA    ,2014,1,false,209.400,84,33655.42
FFSU,GA,66780021007,BYETTA (EX,2014,4,false,20.400,17,7399.86
MCOU,GA,66780021007,BYETTA (EX,2014,4,true,,,
MCOU,GA,66780021201,BYETTA (EX,2014,4,false,33.600,14,5951.11
FFSU,GA,66780021201,BYETTA (EX,2014,4,false,36.000,15,6519.55
MCOU,GA,66780021007,BYETTA (EX,2014,3,true,,,
FFSU,GA,66780021007,BYETTA (EX,2014,3,false,14.400,12,5297.06
FFSU,GA,66780021201,BYETTA (EX,2014,3,false,55.200,23,9942.10
MCOU,GA,66780021201,BYETTA (EX,2014,3,false,40.800,17,7256.28
FFSU,GA,66780021007,BYETTA (EX,2014,2,false,28.800,24,9811.39
MCOU,GA,66780021007,BYETTA (EX,2014,2,true,,,
FFSU,GA,66780021201,BYETTA (EX,2014,2,false,48.000,20,8108.14
MCOU,GA,66780021201,BYETTA (EX,2014,2,false,36.000,15,5883.68
MCOU,GA,66780021007,BYETTA (EX,2014,1,true,,,
FFSU,GA,66780021007,BYETTA (EX,2014,1,false,13.200,11,4448.71
FFSU,GA,66780021201,BYETTA (EX,2014,1,false,45.600,19,7604.12
MCOU,GA,66780021201,BYETTA (EX,2014,1,false,26.400,11,4275.29
MCOU,HI,66780021007,BYETTA 5 M,2014,4,true,,,
MCOU,HI,66780021201,BYETTA 10 ,2014,4,false,116.400,56,24623.03
MCOU,HI,66780021007,BYETTA 5 M,2014,3,false,15.000,14,6206.19
MCOU,HI,66780021201,BYETTA 10 ,2014,3,false,138.800,65,27656.09
MCOU,HI,66780021007,BYETTA 5 M,2014,2,false,15.400,15,6119.08
MCOU,HI,66780021201,BYETTA 10 ,2014,2,false,146.800,68,27251.37
MCOU,HI,66780021007,BYETTA 5 M,2014,1,false,12.000,11,4506.69
MCOU,HI,66780021201,BYETTA 10 ,2014,1,false,135.600,63,25286.40
FFSU,IA,66780021007,BYETTA (EX,2014,4,false,132.000,110,46186.91
FFSU,IA,66780021201,BYETTA (EX,2014,4,false,422.400,176,71582.74
FFSU,IA,66780021007,BYETTA (EX,2014,3,false,55.200,46,18776.53
FFSU,IA,66780021201,BYETTA (EX,2014,3,false,180.000,75,29327.83
FFSU,IA,66780021007,BYETTA (EX,2014,2,false,100.800,84,30758.13
FFSU,IA,66780021008,BYETTA (EX,2014,2,true,,,
FFSU,IA,66780021201,BYETTA (EX,2014,2,false,266.400,111,43915.80
FFSU,IA,66780021007,BYETTA (EX,2014,1,false,75.600,63,23565.45
FFSU,IA,66780021008,BYETTA (EX,2014,1,true,,,
FFSU,IA,66780021201,BYETTA (EX,2014,1,false,220.800,92,35789.11
FFSU,ID,66780021007,BYETTA    ,2014,4,false,88.800,74,31785.63
FFSU,ID,66780021201,BYETTA    ,2014,4,false,244.800,102,43777.50
FFSU,ID,66780021007,BYETTA    ,2014,3,false,37.200,31,13131.74
FFSU,ID,66780021201,BYETTA    ,2014,3,false,244.800,102,43008.66
FFSU,ID,66780021007,BYETTA    ,2014,2,false,46.800,39,15414.45
FFSU,ID,66780021201,BYETTA    ,2014,2,false,252.000,105,41420.04
FFSU,ID,66780021007,BYETTA    ,2014,1,false,72.000,60,23456.88
FFSU,ID,66780021201,BYETTA    ,2014,1,false,235.200,98,38411.58
FFSU,IL,66780021007,BYETTA (EX,2014,4,false,214.800,179,77189.03
MCOU,IL,66780021007,BYETTA (EX,2014,4,false,54.000,45,20728.97
MCOU,IL,66780021201,BYETTA (EX,2014,4,false,331.200,138,60795.72
FFSU,IL,66780021201,BYETTA 10 ,2014,4,false,808.800,337,144738.13
FFSU,IL,66780021007,BYETTA 5 M,2014,3,false,272.400,227,96703.23
MCOU,IL,66780021007,BYETTA 5 M,2014,3,false,64.800,54,23629.88
MCOU,IL,66780021201,BYETTA (EX,2014,3,false,309.600,129,57406.53
FFSU,IL,66780021201,BYETTA 10 ,2014,3,false,986.400,411,175128.23
FFSU,IL,66780021007,BYETTA 5 M,2014,2,false,330.000,275,109408.75
MCOU,IL,66780021007,BYETTA 5 M,2014,2,false,42.000,35,13660.45
FFSU,IL,66780021008,BYETTA 10 ,2014,2,true,,,
FFSU,IL,66780021201,BYETTA 10 ,2014,2,false,1236.000,515,204892.75
MCOU,IL,66780021201,BYETTA 10 ,2014,2,false,376.800,157,61626.12
FFSU,IL,66780021007,BYETTA 5 M,2014,1,false,237.600,198,75935.51
MCOU,IL,66780021007,BYETTA 5 M,2014,1,false,30.000,25,9953.82
FFSU,IL,66780021008,BYETTA 10 ,2014,1,true,,,
FFSU,IL,66780021201,BYETTA 10 ,2014,1,false,1012.800,422,161579.57
MCOU,IL,66780021201,BYETTA (EX,2014,1,false,108.000,45,18574.19
FFSU,IN,66780021007,BYETTA (EX,2014,4,false,70.800,52,25602.89
FFSU,IN,66780021201,BYETTA (EX,2014,4,false,268.800,96,48283.79
FFSU,IN,66780021007,BYETTA (EX,2014,3,false,97.200,70,34066.92
FFSU,IN,66780021201,BYETTA (EX,2014,3,false,312.000,114,55313.38
FFSU,IN,66780021007,BYETTA (EX,2014,2,false,94.800,71,31767.14
FFSU,IN,66780021201,BYETTA (EX,2014,2,false,304.800,109,50399.73
FFSU,IN,66780021007,BYETTA (EX,2014,1,false,81.600,61,27082.73
FFSU,IN,66780021201,BYETTA (EX,2014,1,false,372.000,130,60992.34
MCOU,KS,66780021007,BYETTA (EX,2014,4,false,38.400,32,13108.46
MCOU,KS,66780021201,BYETTA (EX,2014,4,false,110.400,46,18663.01
MCOU,KS,66780021007,BYETTA (EX,2014,3,false,34.800,29,12487.60
MCOU,KS,66780021201,BYETTA (EX,2014,3,false,112.800,45,19561.93
MCOU,KS,66780021007,BYETTA (EX,2014,2,false,99.600,83,32336.33
MCOU,KS,66780021201,BYETTA (EX,2014,2,false,309.600,129,48739.69
MCOU,KS,66780021007,BYETTA (EX,2014,1,false,49.200,41,14888.21
MCOU,KS,66780021201,BYETTA (EX,2014,1,false,225.600,94,34094.04
FFSU,KY,66780021007,BYETTA    ,2014,4,false,31.200,26,11376.05
MCOU,KY,66780021007,BYETTA    ,2014,4,false,165.600,137,60889.22
MCOU,KY,66780021201,BYETTA    ,2014,4,false,644.200,269,118507.14
FFSU,KY,66780021201,BYETTA    ,2014,4,false,45.600,17,8301.48
FFSU,KY,66780021007,BYETTA    ,2014,3,false,20.400,17,7376.59
MCOU,KY,66780021007,BYETTA    ,2014,3,false,169.800,139,61853.68
FFSU,KY,66780021201,BYETTA    ,2014,3,false,43.200,16,7841.68
MCOU,KY,66780021201,BYETTA    ,2014,3,false,638.400,266,115531.32
FFSU,KY,66780021007,BYETTA    ,2014,2,false,13.200,11,4445.74
MCOU,KY,66780021007,BYETTA    ,2014,2,true,,,
MCOU,KY,66780021201,BYETTA    ,2014,2,false,979.200,408,169175.76
FFSU,KY,66780021201,BYETTA    ,2014,2,false,52.800,18,8933.89
FFSU,KY,66780021007,BYETTA    ,2014,1,false,13.200,11,4396.02
MCOU,KY,66780021007,BYETTA    ,2014,1,true,,,
FFSU,KY,66780021201,BYETTA    ,2014,1,false,43.200,18,7115.38
MCOU,KY,66780021201,BYETTA    ,2014,1,false,419.000,172,71695.93
FFSU,LA,66780021007,BYETTA    ,2014,4,true,,,
MCOU,LA,66780021007,BYETTA    ,2014,4,false,14.400,12,5242.60
FFSU,LA,66780021201,BYETTA    ,2014,4,true,,,
MCOU,LA,66780021201,BYETTA    ,2014,4,false,92.000,39,16619.51
MCOU,LA,66780021007,BYETTA    ,2014,3,true,,,
FFSU,LA,66780021007,BYETTA    ,2014,3,false,28.800,22,10167.08
FFSU,LA,66780021201,BYETTA    ,2014,3,false,132.000,51,23224.64
MCOU,LA,66780021201,BYETTA    ,2014,3,false,96.000,40,17142.84
FFSU,LA,66780021007,BYETTA    ,2014,2,false,27.600,23,9317.85
MCOU,LA,66780021007,BYETTA    ,2014,2,false,14.400,12,4870.08
MCOU,LA,66780021201,BYETTA    ,2014,2,false,86.400,36,14459.37
FFSU,LA,66780021201,BYETTA    ,2014,2,false,134.400,56,22525.69
FFSU,LA,66780021007,BYETTA    ,2014,1,false,39.600,32,13088.92
MCOU,LA,66780021007,BYETTA    ,2014,1,true,,,
MCOU,LA,66780021201,BYETTA    ,2014,1,false,86.400,36,14249.21
FFSU,LA,66780021201,BYETTA    ,2014,1,false,136.800,55,22323.75
FFSU,MA,66780021007,BYETTA 5 M,2014,4,false,33.600,28,12437.42
MCOU,MA,66780021007,BYETTA 5 M,2014,4,false,45.600,36,16725.26
FFSU,MA,66780021201,BYETTA 10 ,2014,4,false,276.000,115,50973.05
MCOU,MA,66780021201,BYETTA 10 ,2014,4,false,391.200,155,70716.36
MCOU,MA,66780021007,BYETTA 5 M,2014,3,false,61.200,50,21902.03
FFSU,MA,66780021007,BYETTA 5 M,2014,3,false,24.000,20,8630.26
FFSU,MA,66780021201,BYETTA 10 ,2014,3,false,204.000,83,33842.49
MCOU,MA,66780021201,BYETTA 10 ,2014,3,false,422.400,158,74055.64
MCOU,MA,66780021007,BYETTA 5 M,2014,2,false,51.600,42,17340.39
FFSU,MA,66780021007,BYETTA 5 M,2014,2,false,30.000,25,10158.54
FFSU,MA,66780021201,BYETTA 10 ,2014,2,false,321.600,134,54873.65
MCOU,MA,66780021201,BYETTA 10 ,2014,2,false,415.200,155,68353.20
FFSU,MA,66780021007,BYETTA 5 M,2014,1,false,30.000,25,9782.86
MCOU,MA,66780021007,BYETTA 5 M,2014,1,false,75.600,63,25102.90
MCOU,MA,66780021201,BYETTA 10 ,2014,1,false,427.200,164,70578.37
FFSU,MA,66780021201,BYETTA 10 ,2014,1,false,288.000,118,44162.22
FFSU,MD,66780021007,BYETTA 5 M,2014,4,true,,,
MCOU,MD,66780021007,BYETTA 5 M,2014,4,false,106.800,84,39063.72
FFSU,MD,66780021201,BYETTA 10 ,2014,4,true,,,
MCOU,MD,66780021201,BYETTA 10 ,2014,4,false,280.800,104,51550.09
MCOU,MD,66780021007,BYETTA 5 M,2014,3,false,108.000,85,39984.69
FFSU,MD,66780021007,BYETTA 5 M,2014,3,true,,,
FFSU,MD,66780021201,BYETTA 10 ,2014,3,true,,,
MCOU,MD,66780021201,BYETTA 10 ,2014,3,false,340.800,130,61833.83
MCOU,MD,66780021007,BYETTA 5 M,2014,2,false,102.000,79,34576.75
FFSU,MD,66780021007,BYETTA 5 M,2014,2,true,,,
FFSU,MD,66780021201,BYETTA 10 ,2014,2,true,,,
MCOU,MD,66780021201,BYETTA 10 ,2014,2,false,302.400,118,51264.47
MCOU,MD,66780021007,BYETTA 5 M,2014,1,false,60.000,43,20017.09
FFSU,MD,66780021007,BYETTA 5 M,2014,1,true,,,
FFSU,MD,66780021201,BYETTA 10 ,2014,1,false,28.800,12,4962.23
MCOU,MD,66780021201,BYETTA 10 ,2014,1,false,240.000,92,40165.06
FFSU,ME,66780021007,BYETTA    ,2014,4,false,26.400,22,9514.92
FFSU,ME,66780021201,BYETTA    ,2014,4,false,189.600,79,33722.71
FFSU,ME,66780021007,BYETTA    ,2014,3,false,26.400,22,9343.42
FFSU,ME,66780021201,BYETTA    ,2014,3,false,163.200,68,28880.08
FFSU,ME,66780021007,BYETTA    ,2014,2,false,34.800,29,11557.14
FFSU,ME,66780021201,BYETTA    ,2014,2,false,148.800,60,24734.17
FFSU,ME,66780021007,BYETTA    ,2014,1,false,16.800,14,5460.34
FFSU,ME,66780021201,BYETTA    ,2014,1,false,141.600,57,22344.92
FFSU,MI,66780021007,BYETTA    ,2014,4,false,15.600,13,5288.34
MCOU,MI,66780021007,BYETTA    ,2014,4,false,157.600,129,54791.64
MCOU,MI,66780021201,BYETTA    ,2014,4,false,506.400,211,90006.25
FFSU,MI,66780021201,BYETTA    ,2014,4,false,60.000,21,10425.87
FFSU,MI,66780021007,BYETTA    ,2014,3,false,25.200,19,8799.65
MCOU,MI,66780021007,BYETTA    ,2014,3,false,142.800,118,48126.06
FFSU,MI,66780021201,BYETTA    ,2014,3,false,96.000,34,17337.96
MCOU,MI,66780021201,BYETTA    ,2014,3,false,480.000,197,82811.84
FFSU,MI,66780021007,BYETTA    ,2014,2,false,22.800,18,7722.21
MCOU,MI,66780021007,BYETTA    ,2014,2,false,87.600,73,27676.85
MCOU,MI,66780021201,BYETTA    ,2014,2,false,396.000,165,64450.05
FFSU,MI,66780021201,BYETTA    ,2014,2,false,76.800,26,12946.40
FFSU,MI,66780021007,BYETTA    ,2014,1,true,,,
MCOU,MI,66780021007,BYETTA    ,2014,1,false,72.000,60,21409.32
MCOU,MI,66780021201,BYETTA    ,2014,1,false,369.600,154,58149.98
FFSU,MI,66780021201,BYETTA    ,2014,1,false,38.400,16,6532.18
FFSU,MN,66780021007,BYETTA    ,2014,4,false,86.400,72,31063.88
MCOU,MN,66780021007,BYETTA    ,2014,4,false,140.800,118,52622.76
MCOU,MN,66780021201,BYETTA    ,2014,4,false,898.400,383,169255.30
FFSU,MN,66780021201,BYETTA    ,2014,4,false,230.400,96,40398.29
FFSU,MN,66780021007,BYETTA    ,2014,3,false,86.400,72,30630.72
MCOU,MN,66780021007,BYETTA    ,2014,3,false,125.200,103,46196.24
MCOU,MN,66780021201,BYETTA    ,2014,3,false,895.600,381,168167.84
FFSU,MN,66780021201,BYETTA    ,2014,3,false,230.400,96,41348.31
MCOU,MN,66780021007,BYETTA    ,2014,2,false,128.000,104,43829.10
FFSU,MN,66780021007,BYETTA    ,2014,2,false,78.000,65,25855.02
FFSU,MN,66780021201,BYETTA    ,2014,2,false,228.000,95,38737.96
MCOU,MN,66780021201,BYETTA    ,2014,2,false,788.200,335,137797.21
FFSU,MN,66780021007,BYETTA    ,2014,1,false,61.200,51,20634.29
MCOU,MN,66780021007,BYETTA    ,2014,1,false,122.200,97,41690.37
MCOU,MN,66780021201,BYETTA    ,2014,1,false,784.000,333,137460.50
FFSU,MN,66780021201,BYETTA    ,2014,1,false,312.000,130,52405.04
FFSU,MO,66780021007,BYETTA    ,2014,4,false,121.200,97,48366.60
FFSU,MO,66780021008,BYETTA    ,2014,4,true,,,
FFSU,MO,66780021201,BYETTA    ,2014,4,false,588.000,241,114188.00
FFSU,MO,66780021007,BYETTA    ,2014,3,false,147.600,123,55067.40
FFSU,MO,66780021008,BYETTA    ,2014,3,true,,,
FFSU,MO,66780021201,BYETTA    ,2014,3,false,566.400,232,107657.63
FFSU,MO,66780021007,BYETTA    ,2014,2,false,136.800,113,49834.88
FFSU,MO,66780021201,BYETTA    ,2014,2,false,628.800,262,114684.20
FFSU,MO,66780021007,BYETTA    ,2014,1,false,132.000,110,46521.12
FFSU,MO,66780021201,BYETTA    ,2014,1,false,607.200,251,107541.07
MCOU,MS,66780021007,BYETTA 5 M,2014,4,false,27.600,23,10463.16
FFSU,MS,66780021007,BYETTA 5 M,2014,4,true,,,
FFSU,MS,66780021201,BYETTA 10 ,2014,4,false,72.000,30,13647.60
MCOU,MS,66780021201,BYETTA 10 ,2014,4,false,67.200,28,12606.04
MCOU,MS,66780021007,BYETTA 5 M,2014,3,false,22.800,19,8479.68
FFSU,MS,66780021007,BYETTA 5 M,2014,3,false,14.400,12,5425.63
FFSU,MS,66780021201,BYETTA 10 ,2014,3,false,88.800,37,16663.44
MCOU,MS,66780021201,BYETTA 10 ,2014,3,false,52.800,20,9509.56
MCOU,MS,66780021007,BYETTA 5 M,2014,2,true,,,
FFSU,MS,66780021007,BYETTA 5 M,2014,2,false,21.600,18,7587.18
FFSU,MS,66780021201,BYETTA 10 ,2014,2,false,88.800,37,15583.34
MCOU,MS,66780021201,BYETTA 10 ,2014,2,false,64.800,27,11380.77
FFSU,MS,66780021007,BYETTA 5 M,2014,1,false,22.800,19,7963.95
MCOU,MS,66780021007,BYETTA 5 M,2014,1,true,,,
MCOU,MS,66780021201,BYETTA 10 ,2014,1,false,45.600,19,7919.21
FFSU,MS,66780021201,BYETTA 10 ,2014,1,false,88.800,37,15461.65
FFSU,MT,66780021007,BYETTA 5 M,2014,4,false,61.200,51,21804.97
FFSU,MT,66780021201,BYETTA 10 ,2014,4,false,146.400,61,26558.63
FFSU,MT,66780021007,BYETTA 5 M,2014,3,false,54.000,45,19220.74
FFSU,MT,66780021008,BYETTA 10 ,2014,3,true,,,
FFSU,MT,66780021201,BYETTA 10 ,2014,3,false,136.800,57,24778.28
FFSU,MT,66780021007,BYETTA 5 M,2014,2,false,34.800,29,11721.21
FFSU,MT,66780021008,BYETTA 10 ,2014,2,true,,,
FFSU,MT,66780021201,BYETTA 10 ,2014,2,false,129.600,54,21971.41
FFSU,MT,66780021007,BYETTA 5 M,2014,1,false,30.000,25,9984.62
FFSU,MT,66780021008,BYETTA 10 ,2014,1,true,,,
FFSU,MT,66780021201,BYETTA 10 ,2014,1,false,103.200,43,17040.48
MCOU,XX,00310651201,Byetta 250,2014,4,true,,,
MCOU,XX,00310652401,Byetta 250,2014,4,true,,,
FFSU,XX,66780021007,BYETTA (EX,2014,4,false,2546.200,2067,922519.90
MCOU,XX,66780021007,BYETTA (EX,2014,4,false,4009.000,3311,1448798.15
FFSU,XX,66780021008,BYETTA (EX,2014,4,true,,,
FFSU,XX,66780021201,BYETTA (EX,2014,4,false,9369.200,3729,1692102.64
MCOU,XX,66780021201,BYETTA (EX,2014,4,false,15385.800,6388,2782948.52
FFSU,XX,66780021007,BYETTA (EX,2014,3,false,2715.600,2211,980022.37
MCOU,XX,66780021007,BYETTA (EX,2014,3,false,3827.600,3154,1347536.61
FFSU,XX,66780021008,BYETTA (EX,2014,3,true,,,
FFSU,XX,66780021201,BYETTA (EX,2014,3,false,10217.400,4080,1848191.17
MCOU,XX,66780021201,BYETTA (EX,2014,3,false,14884.400,6175,2628595.50
FFSU,XX,66780021007,BYETTA (EX,2014,2,false,2899.000,2378,984689.80
MCOU,XX,66780021007,BYETTA (EX,2014,2,false,3006.500,2485,981992.02
FFSU,XX,66780021008,BYETTA (EX,2014,2,true,,,
FFSU,XX,66780021201,BYETTA (EX,2014,2,false,10925.000,4385,1862442.93
MCOU,XX,66780021201,BYETTA (EX,2014,2,false,14366.606,5988,2367467.08
FFSU,XX,66780021007,BYETTA (EX,2014,1,false,2629.400,2152,876718.15
MCOU,XX,66780021007,BYETTA (EX,2014,1,false,2669.000,2209,849800.05
FFSU,XX,66780021008,BYETTA (EX,2014,1,true,,,
MCOU,XX,66780021008,BYETTA (EX,2014,1,true,,,
FFSU,XX,66780021201,BYETTA (EX,2014,1,false,10612.899,4277,1774934.89
MCOU,XX,66780021201,BYETTA (EX,2014,1,false,13040.600,5386,2101626.85
FFSU,NC,66780021007,BYETTA    ,2014,4,false,495.600,405,180811.94
FFSU,NC,66780021201,BYETTA    ,2014,4,false,1454.400,596,265077.79
FFSU,NC,66780021007,BYETTA    ,2014,3,false,628.800,517,224781.82
FFSU,NC,66780021201,BYETTA    ,2014,3,false,2024.000,831,360574.73
FFSU,NC,66780021007,BYETTA    ,2014,2,false,573.600,466,192432.90
FFSU,NC,66780021201,BYETTA    ,2014,2,false,1625.200,672,273836.23
FFSU,NC,66780021007,BYETTA    ,2014,1,false,412.800,336,137945.04
FFSU,NC,66780021201,BYETTA    ,2014,1,false,1425.700,589,237575.84
FFSU,ND,66780021007,BYETTA 5 M,2014,4,true,,,
MCOU,ND,66780021007,BYETTA 5 M,2014,4,true,,,
FFSU,ND,66780021201,BYETTA 10 ,2014,4,false,48.000,20,9269.20
MCOU,ND,66780021201,BYETTA 10 ,2014,4,false,33.600,14,5823.81
MCOU,ND,66780021007,BYETTA 5 M,2014,3,true,,,
FFSU,ND,66780021201,BYETTA 10 ,2014,3,false,57.600,24,11036.00
MCOU,ND,66780021201,BYETTA 10 ,2014,3,false,38.400,16,6543.60
MCOU,ND,66780021007,BYETTA 5 M,2014,2,true,,,
FFSU,ND,66780021007,BYETTA 5 M,2014,2,true,,,
MCOU,ND,66780021201,BYETTA 10 ,2014,2,true,,,
FFSU,ND,66780021201,BYETTA 10 ,2014,2,false,38.400,16,6777.04
FFSU,ND,66780021007,BYETTA 5 M,2014,1,true,,,
MCOU,ND,66780021201,BYETTA 10 ,2014,1,true,,,
FFSU,ND,66780021201,BYETTA 10 ,2014,1,true,,,
FFSU,NE,66780021007,BYETTA (EX,2014,4,false,28.800,24,10989.44
FFSU,NE,66780021201,BYETTA (EX,2014,4,false,91.200,38,17387.40
FFSU,NE,66780021007,BYETTA (EX,2014,3,false,30.000,25,11423.71
FFSU,NE,66780021201,BYETTA (EX,2014,3,false,67.200,28,12747.02
FFSU,NE,66780021007,BYETTA (EX,2014,2,false,26.400,22,9350.38
FFSU,NE,66780021201,BYETTA (EX,2014,2,false,45.600,19,8054.92
FFSU,NE,66780021007,BYETTA (EX,2014,1,false,25.200,20,8911.95
FFSU,NE,66780021201,BYETTA (EX,2014,1,false,72.000,30,12446.71
MCOU,NH,66780021007,BYETTA    ,2014,4,true,,,
MCOU,NH,66780021201,BYETTA    ,2014,4,false,57.600,24,10349.73
FFSU,NH,66780021201,BYETTA    ,2014,4,true,,,
MCOU,NH,66780021007,BYETTA    ,2014,3,false,24.400,22,9182.64
FFSU,NH,66780021007,BYETTA    ,2014,3,true,,,
MCOU,NH,66780021201,BYETTA    ,2014,3,false,68.800,31,13372.75
FFSU,NH,66780021201,BYETTA    ,2014,3,true,,,
MCOU,NH,66780021007,BYETTA    ,2014,2,false,16.400,14,5341.05
FFSU,NH,66780021007,BYETTA    ,2014,2,true,,,
MCOU,NH,66780021201,BYETTA    ,2014,2,false,77.600,34,13703.93
MCOU,NH,66780021007,BYETTA    ,2014,1,false,18.200,16,6092.31
MCOU,NH,66780021201,BYETTA    ,2014,1,false,81.600,35,14104.31
FFSU,NH,66780021201,BYETTA    ,2014,1,true,,,
FFSU,NJ,66780021007,BYETTA (EX,2014,4,true,,,
MCOU,NJ,66780021007,BYETTA (EX,2014,4,false,39.600,33,13258.98
MCOU,NJ,66780021201,BYETTA (EX,2014,4,false,237.600,97,39675.01
FFSU,NJ,66780021007,BYETTA (EX,2014,3,true,,,
MCOU,NJ,66780021007,BYETTA (EX,2014,3,false,22.800,19,7978.32
FFSU,NJ,66780021201,BYETTA (EX,2014,3,true,,,
MCOU,NJ,66780021201,BYETTA (EX,2014,3,false,141.600,59,24383.50
MCOU,NJ,66780021007,BYETTA (EX,2014,2,false,75.600,63,21449.78
FFSU,NJ,66780021007,BYETTA (EX,2014,2,true,,,
FFSU,NJ,66780021201,BYETTA (EX,2014,2,true,,,
MCOU,NJ,66780021201,BYETTA (EX,2014,2,false,396.000,159,56117.25
MCOU,NJ,66780021007,BYETTA (EX,2014,1,false,129.600,108,35467.52
FFSU,NJ,66780021007,BYETTA (EX,2014,1,true,,,
MCOU,NJ,66780021008,BYETTA (EX,2014,1,true,,,
MCOU,NJ,66780021201,BYETTA (EX,2014,1,false,456.000,185,62342.82
FFSU,NJ,66780021201,BYETTA (EX,2014,1,false,28.800,12,4549.18
MCOU,NM,66780021007,BYETTA 5 M,2014,4,false,55.200,42,20363.46
MCOU,NM,66780021201,BYETTA 10 ,2014,4,false,192.000,71,34182.19
MCOU,NM,66780021007,BYETTA 5 M,2014,3,false,175.200,140,58874.01
MCOU,NM,66780021201,BYETTA 10 ,2014,3,false,369.600,154,62314.76
MCOU,NM,66780021007,BYETTA 5 M,2014,2,false,22.800,19,7316.41
MCOU,NM,66780021201,BYETTA 10 ,2014,2,false,91.200,38,14441.49
MCOU,NM,66780021007,BYETTA 5 M,2014,1,false,31.200,26,9458.80
FFSU,NM,66780021007,BYETTA 5 M,2014,1,true,,,
MCOU,NM,66780021201,BYETTA 10 ,2014,1,false,132.000,53,19905.33
MCOU,NV,66780021007,BYETTA (EX,2014,4,true,,,
FFSU,NV,66780021007,BYETTA (EX,2014,4,true,,,
FFSU,NV,66780021201,BYETTA (EX,2014,4,true,,,
MCOU,NV,66780021201,BYETTA (EX,2014,4,true,,,
FFSU,NV,66780021007,BYETTA (EX,2014,3,true,,,
MCOU,NV,66780021007,BYETTA (EX,2014,3,true,,,
MCOU,NV,66780021201,BYETTA (EX,2014,3,true,,,
FFSU,NV,66780021201,BYETTA (EX,2014,3,false,36.000,13,6493.62
FFSU,NV,66780021007,BYETTA (EX,2014,2,true,,,
MCOU,NV,66780021007,BYETTA (EX,2014,2,false,15.600,13,4996.94
FFSU,NV,66780021201,BYETTA (EX,2014,2,false,79.200,21,13021.66
MCOU,NV,66780021201,BYETTA (EX,2014,2,true,,,
FFSU,NV,66780021007,BYETTA (EX,2014,1,true,,,
MCOU,NV,66780021007,BYETTA (EX,2014,1,true,,,
FFSU,NV,66780021201,BYETTA (EX,2014,1,false,69.600,25,11433.55
MCOU,NY,66780021007,BYETTA (EX,2014,4,false,573.600,478,201943.91
FFSU,NY,66780021007,BYETTA (EX,2014,4,false,38.400,32,13648.65
MCOU,NY,66780021201,BYETTA (EX,2014,4,false,3007.200,1252,538804.38
FFSU,NY,66780021201,BYETTA (EX,2014,4,false,420.000,164,73964.06
FFSU,NY,66780021007,BYETTA 5 M,2014,3,false,43.200,36,15301.64
MCOU,NY,66780021007,BYETTA 5 M,2014,3,false,680.400,564,241744.51
MCOU,NY,66780021201,BYETTA 10 ,2014,3,false,3462.800,1439,617369.48
FFSU,NY,66780021201,BYETTA 10 ,2014,3,false,405.600,152,69210.66
FFSU,NY,66780021007,BYETTA 5 M,2014,2,false,58.800,49,19457.73
MCOU,NY,66780021007,BYETTA 5 M,2014,2,false,627.600,518,206690.00
MCOU,NY,66780021201,BYETTA 10 ,2014,2,false,3544.400,1477,586768.06
FFSU,NY,66780021201,BYETTA 10 ,2014,2,false,425.400,162,66356.26
MCOU,NY,66780021007,BYETTA 5 M,2014,1,false,562.800,466,183806.12
FFSU,NY,66780021007,BYETTA 5 M,2014,1,false,70.800,59,23183.23
FFSU,NY,66780021201,BYETTA 10 ,2014,1,false,434.400,165,68691.70
MCOU,NY,66780021201,BYETTA 10 ,2014,1,false,3435.600,1421,564392.78
MCOU,OH,00310652401,BYETTA 10 ,2014,4,true,,,
FFSU,OH,66780021007,BYETTA 5 M,2014,4,false,24.000,20,9141.94
MCOU,OH,66780021007,BYETTA 5 M,2014,4,false,274.800,228,96923.60
MCOU,OH,66780021201,BYETTA (EX,2014,4,false,1219.200,508,218137.14
FFSU,OH,66780021201,BYETTA 10 ,2014,4,false,110.400,46,21098.94
FFSU,OH,66780021007,BYETTA 5 M,2014,3,false,48.000,38,29197.59
MCOU,OH,66780021007,BYETTA (EX,2014,3,false,220.800,181,64148.28
MCOU,OH,66780021201,BYETTA 10 ,2014,3,false,948.000,395,133928.89
FFSU,OH,66780021201,BYETTA 10 ,2014,3,false,204.000,85,69021.08
MCOU,OH,66780021007,BYETTA 5 M,2014,2,false,232.800,193,64117.17
FFSU,OH,66780021007,BYETTA 5 M,2014,2,false,31.200,26,22520.81
FFSU,OH,66780021201,BYETTA 10 ,2014,2,false,134.400,56,51632.13
MCOU,OH,66780021201,BYETTA 10 ,2014,2,false,1041.600,433,144962.70
FFSU,OH,66780021007,BYETTA 5 M,2014,1,false,50.400,40,24623.48
MCOU,OH,66780021007,BYETTA 5 M,2014,1,false,223.200,181,62895.58
MCOU,OH,66780021201,BYETTA (EX,2014,1,false,1130.400,469,156323.00
FFSU,OH,66780021201,BYETTA 10 ,2014,1,false,194.400,80,57480.57
FFSU,OK,66780021007,BYETTA (EX,2014,4,true,,,
FFSU,OK,66780021201,BYETTA (EX,2014,4,false,48.000,16,9035.54
FFSU,OK,66780021007,BYETTA (EX,2014,3,false,14.400,11,5397.94
FFSU,OK,66780021201,BYETTA (EX,2014,3,false,57.600,18,10673.80
FFSU,OK,66780021007,BYETTA (EX,2014,2,false,18.000,15,5912.07
FFSU,OK,66780021201,BYETTA (EX,2014,2,false,52.800,16,9200.49
FFSU,OK,66780021007,BYETTA (EX,2014,1,true,,,
FFSU,OK,66780021201,BYETTA (EX,2014,1,false,64.800,21,11056.34
MCOU,OR,66780021007,BYETTA (EX,2014,4,false,98.000,83,35730.99
FFSU,OR,66780021007,BYETTA (EX,2014,4,true,,,
FFSU,OR,66780021201,BYETTA (EX,2014,4,false,38.400,14,6804.63
MCOU,OR,66780021201,BYETTA (EX,2014,4,false,337.200,144,61675.69
MCOU,OR,66780021007,BYETTA (EX,2014,3,false,75.200,65,27684.31
FFSU,OR,66780021007,BYETTA (EX,2014,3,true,,,
FFSU,OR,66780021201,BYETTA (EX,2014,3,false,33.600,12,5885.39
MCOU,OR,66780021201,BYETTA (EX,2014,3,false,279.200,120,50437.36
FFSU,OR,66780021007,BYETTA (EX,2014,2,true,,,
MCOU,OR,66780021007,BYETTA (EX,2014,2,false,101.800,86,34183.06
MCOU,OR,66780021201,BYETTA (EX,2014,2,false,347.206,152,60314.26
FFSU,OR,66780021201,BYETTA (EX,2014,2,false,43.200,14,7072.92
MCOU,OR,66780021007,BYETTA (EX,2014,1,false,58.200,49,18745.95
FFSU,OR,66780021007,BYETTA (EX,2014,1,true,,,
FFSU,OR,66780021201,BYETTA (EX,2014,1,false,33.600,12,5458.77
MCOU,OR,66780021201,BYETTA (EX,2014,1,false,312.800,130,49420.91
MCOU,PA,66780021007,BYETTA 5 M,2014,4,false,168.000,134,62150.89
FFSU,PA,66780021007,BYETTA 5 M,2014,4,true,,,
MCOU,PA,66780021201,BYETTA 10 ,2014,4,false,816.000,326,149741.82
FFSU,PA,66780021201,BYETTA 10 ,2014,4,true,,,
MCOU,PA,66780021007,BYETTA 5 M,2014,3,false,186.000,146,65064.55
FFSU,PA,66780021007,BYETTA 5 M,2014,3,true,,,
MCOU,PA,66780021201,BYETTA 10 ,2014,3,false,789.600,318,140524.57
FFSU,PA,66780021201,BYETTA 10 ,2014,3,true,,,
FFSU,PA,66780021007,BYETTA 5 M,2014,2,true,,,
MCOU,PA,66780021007,BYETTA 5 M,2014,2,false,163.200,128,55453.05
FFSU,PA,66780021201,BYETTA 10 ,2014,2,true,,,
MCOU,PA,66780021201,BYETTA 10 ,2014,2,false,818.400,329,139269.41
MCOU,PA,66780021007,BYETTA 5 M,2014,1,false,166.800,135,52784.03
FFSU,PA,66780021007,BYETTA 5 M,2014,1,true,,,
MCOU,PA,66780021201,BYETTA 10 ,2014,1,false,883.200,354,141109.24
MCOU,RI,66780021007,BYETTA (EX,2014,4,true,,,
MCOU,RI,66780021201,BYETTA (EX,2014,4,false,45.600,19,8314.75
MCOU,RI,66780021007,BYETTA (EX,2014,3,true,,,
MCOU,RI,66780021201,BYETTA (EX,2014,3,false,62.400,26,11263.48
FFSU,RI,66780021201,BYETTA (EX,2014,3,true,,,
FFSU,RI,66780021007,BYETTA (EX,2014,2,true,,,
MCOU,RI,66780021007,BYETTA (EX,2014,2,true,,,
MCOU,RI,66780021201,BYETTA (EX,2014,2,false,60.000,25,10165.75
MCOU,RI,66780021007,BYETTA (EX,2014,1,true,,,
MCOU,RI,66780021201,BYETTA (EX,2014,1,false,69.600,29,11519.85
FFSU,RI,66780021201,BYETTA (EX,2014,1,true,,,
MCOU,SC,66780021007,BYETTA    ,2014,4,false,54.000,42,18251.37
FFSU,SC,66780021007,BYETTA    ,2014,4,false,16.800,14,6028.34
MCOU,SC,66780021201,BYETTA    ,2014,4,false,128.200,59,24964.55
FFSU,SC,66780021201,BYETTA    ,2014,4,false,38.400,16,6878.76
MCOU,SC,66780021007,BYETTA    ,2014,3,false,28.800,23,10319.37
FFSU,SC,66780021007,BYETTA    ,2014,3,false,14.400,12,5126.42
FFSU,SC,66780021201,BYETTA    ,2014,3,false,40.800,17,7152.37
MCOU,SC,66780021201,BYETTA    ,2014,3,false,112.000,50,21325.06
MCOU,SC,66780021007,BYETTA    ,2014,2,false,35.600,29,11595.55
FFSU,SC,66780021007,BYETTA    ,2014,2,false,15.600,13,5173.73
FFSU,SC,66780021201,BYETTA    ,2014,2,false,28.800,12,4778.52
MCOU,SC,66780021201,BYETTA    ,2014,2,false,151.600,69,27338.57
MCOU,SC,66780021007,BYETTA    ,2014,1,false,51.800,42,16012.90
FFSU,SC,66780021007,BYETTA    ,2014,1,true,,,
MCOU,SC,66780021201,BYETTA    ,2014,1,false,199.000,79,31094.47
FFSU,SC,66780021201,BYETTA    ,2014,1,false,43.200,18,6737.68
FFSU,SD,66780021201,BYETTA (EX,2014,4,false,26.000,13,5785.87
FFSU,SD,66780021201,BYETTA (EX,2014,3,true,,,
FFSU,SD,66780021201,BYETTA (EX,2014,2,true,,,
FFSU,SD,66780021007,BYETTA (EX,2014,1,true,,,
FFSU,SD,66780021201,BYETTA (EX,2014,1,true,,,
MCOU,TN,66780021007,BYETTA (EX,2014,4,true,,,
FFSU,TN,66780021007,BYETTA    ,2014,4,false,75.600,63,27430.88
FFSU,TN,66780021201,BYETTA (EX,2014,4,false,403.200,168,72067.68
FFSU,TN,66780021007,BYETTA    ,2014,3,false,87.600,73,31454.29
FFSU,TN,66780021201,BYETTA    ,2014,3,false,446.400,186,80052.30
FFSU,TN,66780021007,BYETTA    ,2014,2,false,90.000,75,30962.75
FFSU,TN,66780021201,BYETTA    ,2014,2,false,508.800,212,87242.94
FFSU,TN,66780021007,BYETTA    ,2014,1,false,112.800,94,37974.14
MCOU,TN,66780021007,BYETTA (EX,2014,1,true,,,
FFSU,TN,66780021201,BYETTA    ,2014,1,false,568.800,237,94987.68
MCOU,TX,66780021007,BYETTA 5 M,2014,4,false,757.200,622,275894.40
FFSU,TX,66780021007,BYETTA 5 M,2014,4,false,32.400,27,10654.44
FFSU,TX,66780021201,BYETTA 10 ,2014,4,false,76.800,31,12802.88
MCOU,TX,66780021201,BYETTA 10 ,2014,4,false,1840.800,761,335863.41
FFSU,TX,66780021007,BYETTA 5 M,2014,3,false,26.400,22,8549.13
MCOU,TX,66780021007,BYETTA 5 M,2014,3,false,732.000,605,262729.47
MCOU,TX,66780021201,BYETTA 10 ,2014,3,false,1752.000,720,318165.81
FFSU,TX,66780021201,BYETTA 10 ,2014,3,false,98.400,41,16314.96
FFSU,TX,66780021007,BYETTA 5 M,2014,2,false,37.200,31,12058.23
MCOU,TX,66780021007,BYETTA 5 M,2014,2,false,585.500,488,196863.99
FFSU,TX,66780021201,BYETTA 10 ,2014,2,false,122.400,50,20434.21
MCOU,TX,66780021201,BYETTA 10 ,2014,2,false,1706.400,705,287567.38
FFSU,TX,66780021007,BYETTA 5 M,2014,1,false,36.000,30,11765.25
MCOU,TX,66780021007,BYETTA 5 M,2014,1,false,507.600,422,168775.97
MCOU,TX,66780021201,BYETTA 10 ,2014,1,false,1497.600,618,247632.46
FFSU,TX,66780021201,BYETTA 10 ,2014,1,false,132.000,52,21327.67
MCOU,UT,66780021007,BYETTA (EX,2014,4,false,10.800,11,3833.25
MCOU,UT,66780021201,BYETTA    ,2014,4,false,28.800,16,5073.63
FFSU,UT,66780021201,BYETTA (EX,2014,4,true,,,
MCOU,UT,66780021007,BYETTA    ,2014,3,true,,,
MCOU,UT,66780021201,BYETTA    ,2014,3,false,38.400,20,6842.06
FFSU,UT,66780021201,BYETTA    ,2014,3,false,26.400,11,4655.87
MCOU,UT,66780021007,BYETTA    ,2014,2,false,13.200,13,4363.60
FFSU,UT,66780021201,BYETTA    ,2014,2,false,28.800,12,4734.24
MCOU,UT,66780021201,BYETTA    ,2014,2,false,36.000,19,6025.91
MCOU,UT,66780021007,BYETTA    ,2014,1,true,,,
MCOU,UT,66780021201,BYETTA    ,2014,1,true,,,
FFSU,UT,66780021201,BYETTA    ,2014,1,false,33.600,14,5435.90
MCOU,VA,00310651201,BYETTA    ,2014,4,true,,,
FFSU,VA,66780021007,BYETTA (EX,2014,4,false,13.200,11,4929.07
MCOU,VA,66780021007,BYETTA    ,2014,4,false,106.800,89,38921.21
MCOU,VA,66780021201,BYETTA    ,2014,4,false,398.400,166,71749.04
FFSU,VA,66780021201,BYETTA (EX,2014,4,false,38.400,16,7182.17
MCOU,VA,66780021007,BYETTA    ,2014,3,false,96.000,80,34649.95
FFSU,VA,66780021007,BYETTA (EX,2014,3,false,22.800,19,8364.65
FFSU,VA,66780021201,BYETTA (EX,2014,3,false,26.400,11,4771.62
MCOU,VA,66780021201,BYETTA    ,2014,3,false,376.800,157,67415.65
FFSU,VA,66780021007,BYETTA (EX,2014,2,false,22.800,19,7887.72
MCOU,VA,66780021007,BYETTA    ,2014,2,false,109.000,91,36799.93
FFSU,VA,66780021201,BYETTA (EX,2014,2,false,50.400,21,8738.73
MCOU,VA,66780021201,BYETTA    ,2014,2,false,434.400,181,72800.35
MCOU,VA,66780021007,BYETTA    ,2014,1,false,105.600,88,35486.51
FFSU,VA,66780021007,BYETTA (EX,2014,1,false,14.400,12,4897.70
FFSU,VA,66780021201,BYETTA (EX,2014,1,false,52.800,22,8910.30
MCOU,VA,66780021201,BYETTA    ,2014,1,false,472.800,197,78352.87
FFSU,VT,66780021007,BYETTA (EX,2014,4,false,20.400,17,7502.91
FFSU,VT,66780021201,BYETTA (EX,2014,4,false,144.000,35,26442.93
FFSU,VT,66780021007,BYETTA (EX,2014,3,false,21.600,18,7881.49
FFSU,VT,66780021201,BYETTA (EX,2014,3,false,160.800,43,29211.57
FFSU,VT,66780021007,BYETTA (EX,2014,2,false,15.600,13,5315.83
FFSU,VT,66780021201,BYETTA (EX,2014,2,false,141.600,36,24085.32
FFSU,VT,66780021007,BYETTA (EX,2014,1,true,,,
FFSU,VT,66780021201,BYETTA (EX,2014,1,false,122.400,30,20473.03
MCOU,WA,66780021007,BYETTA (EX,2014,4,false,103.200,86,36220.28
FFSU,WA,66780021007,BYETTA (EX,2014,4,true,,,
MCOU,WA,66780021201,BYETTA (EX,2014,4,false,420.000,175,74079.08
FFSU,WA,66780021201,BYETTA (EX,2014,4,true,,,
MCOU,WA,66780021007,BYETTA (EX,2014,3,false,93.600,78,32212.26
MCOU,WA,66780021201,BYETTA (EX,2014,3,false,362.400,149,62940.30
FFSU,WA,66780021201,BYETTA (EX,2014,3,false,31.200,13,4575.17
MCOU,WA,66780021007,BYETTA (EX,2014,2,false,60.000,50,19898.32
FFSU,WA,66780021007,BYETTA (EX,2014,2,true,,,
MCOU,WA,66780021201,BYETTA (EX,2014,2,false,259.200,108,42661.97
FFSU,WA,66780021201,BYETTA (EX,2014,2,false,28.800,12,4140.11
MCOU,WA,66780021007,BYETTA (EX,2014,1,false,28.800,24,9164.29
FFSU,WA,66780021007,BYETTA (EX,2014,1,true,,,
MCOU,WA,66780021201,BYETTA (EX,2014,1,false,153.600,64,24413.62
FFSU,WA,66780021201,BYETTA (EX,2014,1,false,36.000,15,5445.15
FFSU,WI,66780021007,BYETTA (EX,2014,4,false,108.000,85,39528.19
FFSU,WI,66780021201,BYETTA (EX,2014,4,false,463.200,189,84726.77
FFSU,WI,66780021007,BYETTA (EX,2014,3,false,87.600,71,31883.88
FFSU,WI,66780021201,BYETTA (EX,2014,3,false,393.600,164,71310.06
FFSU,WI,66780021007,BYETTA (EX,2014,2,false,90.000,73,31327.00
FFSU,WI,66780021201,BYETTA (EX,2014,2,false,314.400,131,53290.80
FFSU,WI,66780021007,BYETTA (EX,2014,1,false,92.400,76,31277.74
FFSU,WI,66780021201,BYETTA (EX,2014,1,false,225.600,94,37936.66
FFSU,WV,66780021007,BYETTA 5 M,2014,4,false,78.000,65,28412.45
MCOU,WV,66780021007,BYETTA 5 M,2014,4,true,,,
MCOU,WV,66780021201,BYETTA 10 ,2014,4,true,,,
FFSU,WV,66780021201,BYETTA 10 ,2014,4,false,170.400,71,30989.39
FFSU,WV,66780021007,BYETTA 5 M,2014,3,false,79.200,66,27969.56
MCOU,WV,66780021007,BYETTA 5 M,2014,3,true,,,
FFSU,WV,66780021201,BYETTA 10 ,2014,3,false,151.200,63,26641.19
MCOU,WV,66780021201,BYETTA 10 ,2014,3,true,,,
MCOU,WV,66780021007,BYETTA 5 M,2014,2,true,,,
FFSU,WV,66780021007,BYETTA 5 M,2014,2,false,49.200,41,16617.13
FFSU,WV,66780021201,BYETTA 10 ,2014,2,false,117.600,49,19834.95
MCOU,WV,66780021201,BYETTA 10 ,2014,2,true,,,
MCOU,WV,66780021007,BYETTA 5 M,2014,1,true,,,
FFSU,WV,66780021007,BYETTA 5 M,2014,1,false,44.400,37,14329.52
FFSU,WV,66780021201,BYETTA 10 ,2014,1,false,103.200,43,16789.99
MCOU,WV,66780021201,BYETTA 10 ,2014,1,true,,,
FFSU,WY,66780021007,BYETTA    ,2014,4,false,28.800,16,10925.21
FFSU,WY,66780021201,BYETTA (EX,2014,4,false,36.000,12,6827.50
FFSU,WY,66780021007,BYETTA (EX,2014,3,false,19.200,14,7305.55
FFSU,WY,66780021201,BYETTA (EX,2014,3,true,,,
FFSU,WY,66780021007,BYETTA (EX,2014,2,false,19.200,16,6759.74
FFSU,WY,66780021201,BYETTA (EX,2014,2,true,,,
FFSU,WY,66780021007,BYETTA (EX,2014,1,true,,,
FFSU,WY,66780021201,BYETTA (EX,2014,1,true,,,
FFSU,AK,66780021904,BYDUREON  ,2014,4,false,60.000,15,6527.65
FFSU,AK,66780021904,BYDUREON  ,2014,3,false,52.000,13,5590.98
FFSU,AK,66780021904,BYDUREON  ,2014,2,true,,,
FFSU,AK,66780021904,BYDUREON  ,2014,1,false,48.000,12,5343.14
FFSU,AL,00310653004,Bydureon P,2014,4,true,,,
FFSU,AL,66780021904,BYDUREON  ,2014,4,false,440.000,108,49029.35
FFSU,AL,00310653004,Bydureon P,2014,3,true,,,
FFSU,AL,66780021904,BYDUREON  ,2014,3,false,440.000,110,47810.62
FFSU,AL,66780021904,BYDUREON  ,2014,2,false,396.000,99,40675.28
FFSU,AL,66780021904,BYDUREON  ,2014,1,false,416.000,104,42171.29
MCOU,AZ,00310653004,BYDUREON P,2014,4,true,,,
MCOU,AZ,66780021904,BYDUREON  ,2014,4,false,324.000,81,34778.92
MCOU,AZ,66780021904,BYDUREON  ,2014,3,false,536.000,125,55145.51
MCOU,AZ,66780021904,BYDUREON  ,2014,2,false,212.000,53,20981.56
MCOU,AZ,66780021904,BYDUREON  ,2014,1,false,192.000,48,19449.37
MCOU,AZ,66780022601,BYDUREON  ,2014,1,true,,,
MCOU,CA,00310653004,BYDUREON P,2014,4,false,264.000,64,29552.80
FFSU,CA,00310653004,BYDUREON P,2014,4,false,124.000,30,12354.99
MCOU,CA,66780021904,BYDUREON  ,2014,4,false,1401.000,349,156843.49
FFSU,CA,66780021904,BYDUREON  ,2014,4,false,968.000,240,107112.47
MCOU,CA,00310653004,BYDUREON P,2014,3,true,,,
MCOU,CA,66780021904,BYDUREON  ,2014,3,false,1178.000,315,129994.38
FFSU,CA,66780021904,BYDUREON  ,2014,3,false,956.000,242,105029.66
MCOU,CA,66780022601,BYDUREON  ,2014,3,true,,,
MCOU,CA,66780021904,BYDUREON  ,2014,2,false,864.000,224,88413.72
FFSU,CA,66780021904,BYDUREON  ,2014,2,false,840.000,212,88122.86
FFSU,CA,66780021904,BYDUREON  ,2014,1,false,720.000,181,74880.28
MCOU,CA,66780021904,BYDUREON  ,2014,1,false,704.000,206,70817.08
FFSU,CO,00310653004,BYDUREON 2,2014,4,false,68.000,17,7684.49
FFSU,CO,66780021904,BYDUREON 2,2014,4,false,192.000,47,20796.11
FFSU,CO,00310653004,BYDUREON P,2014,3,true,,,
FFSU,CO,66780021904,BYDUREON 2,2014,3,false,323.000,77,34196.64
FFSU,CO,66780021904,BYDUREON 2,2014,2,false,208.000,47,21006.32
FFSU,CO,66780021904,BYDUREON 2,2014,1,false,112.000,27,11174.94
FFSU,CT,00310653004,BYDUREON P,2014,4,false,140.000,33,15579.35
FFSU,CT,66780021904,BYDUREON  ,2014,4,false,868.000,187,96572.59
FFSU,CT,00310653004,Bydureon P,2014,3,true,,,
FFSU,CT,66780021904,BYDUREON  ,2014,3,false,997.000,234,108681.78
FFSU,CT,66780021904,BYDUREON  ,2014,2,false,774.000,171,79746.09
FFSU,CT,66780021904,BYDUREON  ,2014,1,false,746.000,166,75820.15
MCOU,DC,66780021904,BYDUREON 2,2014,2,true,,,
MCOU,DC,66780021904,BYDUREON 2,2014,1,true,,,
FFSU,DE,00310653004,Bydureon P,2014,4,true,,,
FFSU,DE,66780021904,BYDUREON  ,2014,4,false,68.000,13,7415.69
FFSU,DE,00310653004,Bydureon P,2014,3,true,,,
FFSU,DE,66780021904,BYDUREON  ,2014,3,false,108.000,21,11634.39
FFSU,DE,66780021904,BYDUREON  ,2014,2,false,120.000,26,12169.47
FFSU,DE,66780021904,BYDUREON  ,2014,1,false,92.000,23,9576.87
FFSU,FL,00310653004,BYDUREON P,2014,4,false,60.000,15,5888.94
MCOU,FL,00310653004,BYDUREON P,2014,4,false,413.000,104,46217.26
FFSU,FL,66780021904,BYDUREON  ,2014,4,false,576.600,144,64080.95
MCOU,FL,66780021904,BYDUREON  ,2014,4,false,3534.000,886,394039.95
MCOU,FL,66780022601,BYDUREON  ,2014,4,true,,,
FFSU,FL,00310653004,BYDUREON P,2014,3,true,,,
MCOU,FL,66780021904,BYDUREON  ,2014,3,false,2531.000,629,279428.04
FFSU,FL,66780021904,BYDUREON  ,2014,3,false,784.600,196,86089.70
MCOU,FL,66780021904,BYDUREON  ,2014,2,false,360.000,89,37646.60
FFSU,FL,66780021904,BYDUREON  ,2014,2,false,1352.000,334,140661.81
MCOU,FL,66780021904,BYDUREON  ,2014,1,false,176.000,44,18052.90
FFSU,FL,66780021904,BYDUREON  ,2014,1,false,352.000,88,36690.89
MCOU,GA,00310653004,Bydureon P,2014,4,false,56.000,14,6372.53
MCOU,GA,66780021904,BYDUREON  ,2014,4,false,136.000,34,15616.47
FFSU,GA,66780021904,BYDUREON  ,2014,4,false,48.000,12,5316.78
MCOU,GA,00310653004,Bydureon P,2014,3,true,,,
MCOU,GA,66780021904,BYDUREON  ,2014,3,false,116.000,29,13058.82
FFSU,GA,66780021904,BYDUREON  ,2014,3,true,,,
MCOU,GA,66780021904,BYDUREON  ,2014,2,false,128.000,31,13477.12
FFSU,GA,66780021904,BYDUREON  ,2014,2,true,,,
MCOU,GA,66780021904,BYDUREON  ,2014,1,false,84.000,21,8791.74
FFSU,GA,66780021904,BYDUREON  ,2014,1,true,,,
MCOU,GA,66780022601,BYDUREON  ,2014,1,true,,,
MCOU,HI,00310653004,BYDUREON 2,2014,4,false,228.000,57,25749.04
MCOU,HI,66780021904,BYDUREON 2,2014,4,false,408.000,102,44750.25
MCOU,HI,00310653004,BYDUREON 2,2014,3,true,,,
MCOU,HI,66780021904,BYDUREON 2,2014,3,false,540.000,135,57413.56
MCOU,HI,66780021904,BYDUREON 2,2014,2,false,520.000,130,50753.80
MCOU,HI,66780021904,BYDUREON 2,2014,1,false,460.000,115,45690.89
FFSU,IA,00310653004,Bydureon P,2014,4,true,,,
FFSU,IA,66780021904,BYDUREON  ,2014,4,false,108.000,27,7167.47
FFSU,IA,66780021904,BYDUREON  ,2014,3,false,92.000,23,6840.76
FFSU,IA,66780021904,BYDUREON  ,2014,2,false,100.000,25,6852.87
FFSU,IA,66780021904,BYDUREON  ,2014,1,false,104.000,26,6975.78
FFSU,ID,00310653004,BYDUREON P,2014,4,true,,,
FFSU,ID,66780021904,BYDUREON  ,2014,4,false,44.000,11,4865.72
FFSU,ID,66780021904,BYDUREON  ,2014,3,false,68.000,17,7405.49
FFSU,ID,66780021904,BYDUREON  ,2014,2,false,80.000,20,8129.01
FFSU,ID,66780021904,BYDUREON  ,2014,1,false,52.000,13,5218.62
MCOU,IL,00310653004,BYDUREON 2,2014,4,true,,,
FFSU,IL,00310653004,BYDUREON 2,2014,4,true,,,
FFSU,IL,66780021904,BYDUREON 2,2014,4,false,76.000,19,8406.55
MCOU,IL,66780021904,BYDUREON  ,2014,4,false,192.000,48,22893.54
FFSU,IL,66780021904,BYDUREON  ,2014,3,false,96.000,24,10427.10
MCOU,IL,66780021904,BYDUREON 2,2014,3,false,180.000,45,19572.24
MCOU,IL,66780021904,BYDUREON 2,2014,2,false,140.000,35,14406.23
FFSU,IL,66780021904,BYDUREON 2,2014,2,false,128.000,30,13110.40
MCOU,IL,66780021904,BYDUREON 2,2014,1,true,,,
FFSU,IL,66780021904,BYDUREON 2,2014,1,false,60.000,15,5996.85
FFSU,IN,00310653004,Bydureon P,2014,4,false,556.000,117,60467.11
FFSU,IN,66780021904,BYDUREON  ,2014,4,false,2264.000,500,250965.92
FFSU,IN,00310653004,Bydureon P,2014,3,true,,,
FFSU,IN,66780021904,BYDUREON  ,2014,3,false,2765.000,615,300509.92
FFSU,IN,66780021904,BYDUREON  ,2014,2,false,2327.000,507,240892.78
FFSU,IN,66780021904,BYDUREON  ,2014,1,false,2059.000,463,210116.68
MCOU,KS,00310653004,Bydureon P,2014,4,true,,,
MCOU,KS,66780021904,BYDUREON  ,2014,4,false,128.000,32,13176.93
MCOU,KS,66780021904,BYDUREON  ,2014,3,false,93.000,24,10613.59
MCOU,KS,66780021904,BYDUREON  ,2014,2,false,358.000,91,36024.08
MCOU,KS,66780021904,BYDUREON  ,2014,1,false,97.000,28,9500.44
FFSU,KY,00310653004,BYDUREON P,2014,4,true,,,
MCOU,KY,00310653004,BYDUREON P,2014,4,false,1056.000,264,121013.94
FFSU,KY,66780021904,BYDUREON  ,2014,4,false,64.000,16,7193.60
MCOU,KY,66780021904,BYDUREON  ,2014,4,false,3228.000,813,366906.58
MCOU,KY,00310653004,BYDUREON P,2014,3,true,,,
MCOU,KY,66780021904,BYDUREON  ,2014,3,false,3287.000,825,368158.16
FFSU,KY,66780021904,BYDUREON  ,2014,3,false,76.000,19,8476.41
MCOU,KY,00310652004,BYDUREON  ,2014,2,true,,,
FFSU,KY,66780021904,BYDUREON  ,2014,2,false,76.000,19,7939.68
MCOU,KY,66780021904,BYDUREON  ,2014,2,false,2060.000,515,218786.60
MCOU,KY,66780021904,BYDUREON  ,2014,1,false,64.000,16,6624.88
FFSU,KY,66780021904,BYDUREON  ,2014,1,true,,,
MCOU,LA,00310653004,BYDUREON P,2014,4,true,,,
FFSU,LA,00310653004,BYDUREON P,2014,4,true,,,
MCOU,LA,66780021904,BYDUREON  ,2014,4,false,64.000,16,6731.85
FFSU,LA,66780021904,BYDUREON  ,2014,4,false,60.000,15,6685.59
MCOU,LA,66780021904,BYDUREON  ,2014,3,false,44.000,11,4815.30
FFSU,LA,66780021904,BYDUREON  ,2014,3,false,536.571,131,58570.13
MCOU,LA,66780021904,BYDUREON  ,2014,2,true,,,
FFSU,LA,66780021904,BYDUREON  ,2014,2,false,320.000,80,33118.00
FFSU,LA,66780021904,BYDUREON  ,2014,1,false,304.000,74,30858.75
MCOU,LA,66780021904,BYDUREON  ,2014,1,true,,,
MCOU,MA,00310653004,BYDUREON 2,2014,4,false,164.000,39,17898.78
FFSU,MA,00310653004,BYDUREON 2,2014,4,false,96.000,24,10930.66
FFSU,MA,66780021904,BYDUREON 2,2014,4,false,500.000,123,43230.65
MCOU,MA,66780021904,BYDUREON 2,2014,4,false,688.000,151,75648.58
FFSU,MA,66780021904,BYDUREON 2,2014,3,false,356.000,89,33461.85
MCOU,MA,66780021904,BYDUREON 2,2014,3,false,552.000,124,59485.45
MCOU,MA,66780021904,BYDUREON 2,2014,2,false,436.000,99,44488.98
FFSU,MA,66780021904,BYDUREON 2,2014,2,false,440.000,106,38777.09
FFSU,MA,66780021904,BYDUREON 2,2014,1,false,284.000,69,28879.65
MCOU,MA,66780021904,BYDUREON 2,2014,1,false,440.000,100,43953.00
MCOU,MA,66780022601,BYDUREON 2,2014,1,true,,,
MCOU,MD,00310653004,BYDUREON 2,2014,4,false,52.000,13,5833.14
FFSU,MD,00310653004,BYDUREON 2,2014,4,true,,,
FFSU,MD,66780021904,BYDUREON 2,2014,4,true,,,
MCOU,MD,66780021904,BYDUREON 2,2014,4,false,260.000,61,30047.56
MCOU,MD,66780021904,BYDUREON 2,2014,3,false,220.000,53,25399.34
FFSU,MD,66780021904,BYDUREON 2,2014,3,true,,,
MCOU,MD,66780021904,BYDUREON 2,2014,2,false,204.000,51,22224.09
FFSU,MD,66780021904,BYDUREON 2,2014,2,true,,,
MCOU,MD,66780021904,BYDUREON 2,2014,1,false,148.000,35,17550.38
FFSU,MD,66780021904,BYDUREON 2,2014,1,true,,,
FFSU,ME,00310653004,BYDUREON  ,2014,4,false,88.000,21,9351.97
FFSU,ME,66780021904,BYDUREON  ,2014,4,false,240.000,60,26261.28
FFSU,ME,66780021904,BYDUREON  ,2014,3,false,224.000,52,24320.50
FFSU,ME,66780021904,BYDUREON  ,2014,2,false,156.000,39,15646.28
FFSU,ME,66780022601,BYDUREON  ,2014,2,true,,,
FFSU,ME,66780021904,BYDUREON  ,2014,1,false,156.000,37,15086.94
FFSU,ME,66780022601,BYDUREON  ,2014,1,true,,,
MCOU,MI,00310653004,BYDUREON P,2014,4,false,208.000,52,18656.37
FFSU,MI,00310653004,BYDUREON P,2014,4,false,44.000,11,2667.74
FFSU,MI,66780021904,BYDUREON  ,2014,4,false,204.000,49,22578.14
MCOU,MI,66780021904,BYDUREON  ,2014,4,false,920.000,230,87695.65
FFSU,MI,00310653004,BYDUREON P,2014,3,true,,,
FFSU,MI,66780021904,BYDUREON  ,2014,3,false,228.000,47,24289.91
MCOU,MI,66780021904,BYDUREON  ,2014,3,false,792.000,198,68958.19
FFSU,MI,66780021904,BYDUREON  ,2014,2,false,256.000,50,25532.40
MCOU,MI,66780021904,BYDUREON  ,2014,2,false,608.000,152,48232.02
MCOU,MI,66780021904,BYDUREON  ,2014,1,false,388.000,97,27254.04
FFSU,MI,66780021904,BYDUREON  ,2014,1,false,76.000,15,6757.97
FFSU,MN,00310653004,BYDUREON P,2014,4,true,,,
MCOU,MN,00310653004,BYDUREON P,2014,4,false,328.000,82,37507.64
FFSU,MN,66780021904,BYDUREON  ,2014,4,false,47.000,47,16180.12
MCOU,MN,66780021904,BYDUREON  ,2014,4,false,454.000,409,184971.29
MCOU,MN,00310653004,BYDUREON P,2014,3,true,,,
FFSU,MN,66780021904,BYDUREON  ,2014,3,false,43.000,43,19058.50
MCOU,MN,66780021904,BYDUREON  ,2014,3,false,487.000,416,188709.64
MCOU,MN,66780022601,BYDUREON  ,2014,3,true,,,
MCOU,MN,66780021904,BYDUREON  ,2014,2,false,446.500,421,177331.22
FFSU,MN,66780021904,BYDUREON  ,2014,2,false,29.000,29,12158.25
MCOU,MN,66780022601,BYDUREON  ,2014,2,true,,,
MCOU,MN,66780021904,BYDUREON  ,2014,1,false,428.750,373,157927.49
FFSU,MN,66780021904,BYDUREON  ,2014,1,false,33.000,30,9457.85
MCOU,MN,66780022601,BYDUREON  ,2014,1,true,,,
FFSU,MO,00310653004,BYDUREON P,2014,4,false,180.000,45,21294.60
FFSU,MO,66780021904,BYDUREON  ,2014,4,false,632.000,158,73454.43
FFSU,MO,66780021904,BYDUREON  ,2014,3,false,831.000,210,95206.54
FFSU,MO,66780021904,BYDUREON  ,2014,2,false,949.000,238,101202.04
FFSU,MO,66780021904,BYDUREON  ,2014,1,false,981.000,246,105482.85
FFSU,MS,00310653004,BYDUREON 2,2014,4,true,,,
MCOU,MS,00310653004,BYDUREON 2,2014,4,true,,,
MCOU,MS,66780021904,BYDUREON 2,2014,4,false,48.000,12,5550.96
MCOU,MS,66780021904,BYDUREON 2,2014,3,false,48.000,12,5265.58
MCOU,MS,66780021904,BYDUREON 2,2014,2,true,,,
MCOU,MS,66780021904,BYDUREON 2,2014,1,true,,,
FFSU,MT,00310653004,BYDUREON 2,2014,4,true,,,
FFSU,MT,66780021904,BYDUREON 2,2014,4,false,64.000,16,7152.08
FFSU,MT,66780021904,BYDUREON 2,2014,3,false,56.000,14,5396.27
FFSU,MT,66780021904,BYDUREON 2,2014,2,true,,,
FFSU,MT,66780021904,BYDUREON 2,2014,1,false,52.000,13,5269.37
FFSU,XX,00310653004,Bydureon P,2014,4,false,2614.000,626,282505.57
MCOU,XX,00310653004,Bydureon P,2014,4,false,5402.000,1344,601150.00
FFSU,XX,66780021904,BYDUREON  ,2014,4,false,12964.600,3168,1443068.59
MCOU,XX,66780021904,BYDUREON  ,2014,4,false,30224.000,7839,3491697.08
FFSU,XX,66780022601,BYDUREON  ,2014,4,true,,,
MCOU,XX,66780022601,BYDUREON  ,2014,4,true,,,
FFSU,XX,00310653004,Bydureon P,2014,3,false,120.000,26,12589.22
MCOU,XX,00310653004,Bydureon P,2014,3,false,180.000,43,19911.26
FFSU,XX,66780021904,BYDUREON  ,2014,3,false,15357.171,3769,1714405.63
MCOU,XX,66780021904,BYDUREON  ,2014,3,false,27292.000,7098,3073480.14
FFSU,XX,66780022601,BYDUREON  ,2014,3,true,,,
MCOU,XX,66780022601,BYDUREON  ,2014,3,true,,,
MCOU,XX,00310652004,Bydureon 2,2014,2,true,,,
FFSU,XX,66780021904,BYDUREON  ,2014,2,false,14221.000,3449,1492221.18
MCOU,XX,66780021904,BYDUREON  ,2014,2,false,23186.500,6095,2471954.38
FFSU,XX,66780022601,BYDUREON  ,2014,2,true,,,
MCOU,XX,66780022601,BYDUREON  ,2014,2,true,,,
FFSU,XX,66780021904,BYDUREON  ,2014,1,false,11784.000,2887,1223527.03
MCOU,XX,66780021904,BYDUREON  ,2014,1,false,17129.750,4580,1815682.85
FFSU,XX,66780022601,BYDUREON  ,2014,1,true,,,
MCOU,XX,66780022601,BYDUREON  ,2014,1,false,45.000,12,4593.24
FFSU,NC,00310653004,BYDUREON P,2014,4,false,266.000,66,29981.62
FFSU,NC,66780021904,BYDUREON  ,2014,4,false,876.000,219,98450.22
FFSU,NC,00310653004,BYDUREON P,2014,3,true,,,
FFSU,NC,66780021904,BYDUREON  ,2014,3,false,1142.000,286,124524.27
FFSU,NC,66780021904,BYDUREON  ,2014,2,false,969.000,242,100939.96
FFSU,NC,66780021904,BYDUREON  ,2014,1,false,820.000,202,85095.15
MCOU,ND,00310653004,BYDUREON 2,2014,4,true,,,
MCOU,ND,66780021904,BYDUREON 2,2014,4,false,64.000,16,6582.79
FFSU,ND,66780021904,BYDUREON 2,2014,4,true,,,
FFSU,ND,66780021904,BYDUREON 2,2014,3,false,56.000,14,6535.10
MCOU,ND,66780021904,BYDUREON 2,2014,3,true,,,
FFSU,ND,66780021904,BYDUREON 2,2014,2,true,,,
MCOU,ND,66780021904,BYDUREON 2,2014,2,true,,,
MCOU,ND,66780021904,BYDUREON 2,2014,1,true,,,
FFSU,ND,66780021904,BYDUREON 2,2014,1,false,48.000,12,5237.60
FFSU,NE,00310653004,Bydureon P,2014,4,true,,,
FFSU,NE,66780021904,BYDUREON  ,2014,4,false,332.000,83,39169.86
FFSU,NE,00310653004,Bydureon P,2014,3,true,,,
FFSU,NE,66780021904,BYDUREON  ,2014,3,false,232.000,58,27160.50
FFSU,NE,66780021904,BYDUREON  ,2014,2,false,201.000,51,21985.30
FFSU,NE,66780021904,BYDUREON  ,2014,1,false,156.000,39,16931.58
MCOU,NH,00310653004,BYDUREON P,2014,4,false,68.000,17,7575.34
FFSU,NH,00310653004,BYDUREON P,2014,4,true,,,
FFSU,NH,66780021904,BYDUREON  ,2014,4,true,,,
MCOU,NH,66780021904,BYDUREON  ,2014,4,false,68.000,17,7452.34
FFSU,NH,66780021904,BYDUREON  ,2014,3,true,,,
MCOU,NH,66780021904,BYDUREON  ,2014,3,false,68.000,18,7389.97
MCOU,NH,66780021904,BYDUREON  ,2014,2,false,82.000,24,8365.81
MCOU,NH,66780021904,BYDUREON  ,2014,1,false,72.000,20,6218.15
FFSU,NJ,00310653004,Bydureon P,2014,4,true,,,
MCOU,NJ,00310653004,Bydureon P,2014,4,false,88.000,22,9948.34
MCOU,NJ,66780021904,BYDUREON  ,2014,4,false,3283.000,832,371571.71
FFSU,NJ,66780021904,BYDUREON  ,2014,4,true,,,
FFSU,NJ,00310653004,Bydureon P,2014,3,true,,,
FFSU,NJ,66780021904,BYDUREON  ,2014,3,false,100.000,21,10818.56
MCOU,NJ,66780021904,BYDUREON  ,2014,3,false,2099.000,533,228664.34
MCOU,NJ,66780021904,BYDUREON  ,2014,2,false,2547.000,634,254036.31
FFSU,NJ,66780021904,BYDUREON  ,2014,2,false,88.000,22,8945.67
FFSU,NJ,66780021904,BYDUREON  ,2014,1,false,84.000,21,8329.40
MCOU,NJ,66780021904,BYDUREON  ,2014,1,false,1282.000,322,118321.56
MCOU,NM,00310653004,BYDUREON 2,2014,4,true,,,
MCOU,NM,66780021904,BYDUREON 2,2014,4,false,100.000,25,11100.02
MCOU,NM,66780021904,BYDUREON 2,2014,3,false,152.000,32,16020.00
MCOU,NM,66780021904,BYDUREON 2,2014,2,false,48.000,12,4759.44
MCOU,NM,66780021904,BYDUREON 2,2014,1,false,80.000,20,7769.20
FFSU,NM,66780021904,BYDUREON 2,2014,1,true,,,
FFSU,NV,00310653004,Bydureon P,2014,4,true,,,
MCOU,NV,00310653004,Bydureon P,2014,4,true,,,
MCOU,NV,66780021904,BYDUREON  ,2014,4,false,80.000,20,8966.80
FFSU,NV,66780021904,BYDUREON  ,2014,4,false,128.000,30,14478.27
MCOU,NV,66780021904,BYDUREON  ,2014,3,true,,,
FFSU,NV,66780021904,BYDUREON  ,2014,3,false,166.000,37,18451.71
MCOU,NV,66780021904,BYDUREON  ,2014,2,true,,,
FFSU,NV,66780021904,BYDUREON  ,2014,2,false,196.000,41,20430.33
FFSU,NV,66780021904,BYDUREON  ,2014,1,false,128.000,32,13271.78
MCOU,NV,66780021904,BYDUREON  ,2014,1,true,,,
FFSU,NY,00310653004,BYDUREON P,2014,4,false,100.000,25,9812.99
MCOU,NY,00310653004,BYDUREON P,2014,4,false,1549.000,386,171281.14
FFSU,NY,66780021904,BYDUREON 2,2014,4,false,477.000,123,52568.36
MCOU,NY,66780021904,BYDUREON 2,2014,4,false,6916.000,1725,761514.70
FFSU,NY,66780022601,BYDUREON 2,2014,4,true,,,
MCOU,NY,66780022601,BYDUREON 2,2014,4,true,,,
MCOU,NY,00310653004,BYDUREON P,2014,3,false,128.000,30,14037.32
FFSU,NY,00310653004,BYDUREON P,2014,3,true,,,
FFSU,NY,66780021904,BYDUREON  ,2014,3,false,496.000,124,51037.51
MCOU,NY,66780021904,BYDUREON  ,2014,3,false,7465.000,1855,816984.89
MCOU,NY,66780022601,BYDUREON  ,2014,3,true,,,
FFSU,NY,66780022601,BYDUREON  ,2014,3,true,,,
FFSU,NY,66780021904,BYDUREON  ,2014,2,false,532.000,131,50357.26
MCOU,NY,66780021904,BYDUREON  ,2014,2,false,7134.000,1777,728294.05
MCOU,NY,66780022601,BYDUREON 2,2014,2,true,,,
MCOU,NY,66780021904,BYDUREON  ,2014,1,false,6294.000,1571,639618.73
FFSU,NY,66780021904,BYDUREON  ,2014,1,false,424.000,104,41788.93
MCOU,NY,66780022601,BYDUREON 2,2014,1,true,,,
MCOU,OH,00310653004,Bydureon P,2014,4,false,432.000,108,47185.63
FFSU,OH,00310653004,BYDUREON 2,2014,4,true,,,
FFSU,OH,66780021904,BYDUREON 2,2014,4,false,214.000,54,25199.68
MCOU,OH,66780021904,BYDUREON  ,2014,4,false,3384.000,847,368502.74
MCOU,OH,66780022601,BYDUREON  ,2014,4,true,,,
MCOU,OH,00310653004,BYDUREON 2,2014,3,true,,,
MCOU,OH,66780021904,BYDUREON  ,2014,3,false,2561.000,641,240184.11
FFSU,OH,66780021904,BYDUREON 2,2014,3,false,432.000,120,79008.07
MCOU,OH,66780022601,BYDUREON  ,2014,3,true,,,
MCOU,OH,66780021904,BYDUREON  ,2014,2,false,2487.000,622,233018.00
FFSU,OH,66780021904,BYDUREON 2,2014,2,false,258.000,66,44460.30
FFSU,OH,66780021904,BYDUREON 2,2014,1,false,442.000,113,56069.94
MCOU,OH,66780021904,BYDUREON  ,2014,1,false,2607.000,652,248880.12
FFSU,OK,00310653004,Bydureon P,2014,4,false,68.000,17,7901.93
FFSU,OK,66780021904,BYDUREON  ,2014,4,false,213.000,54,23939.04
FFSU,OK,66780021904,BYDUREON  ,2014,3,false,210.000,54,23585.53
FFSU,OK,66780021904,BYDUREON  ,2014,2,false,165.000,42,17738.04
FFSU,OK,66780021904,BYDUREON  ,2014,1,false,52.000,13,5457.04
FFSU,OR,00310653004,Bydureon P,2014,4,true,,,
MCOU,OR,00310653004,Bydureon P,2014,4,true,,,
FFSU,OR,66780021904,BYDUREON  ,2014,4,true,,,
MCOU,OR,66780021904,BYDUREON  ,2014,4,false,440.000,113,48292.57
MCOU,OR,66780021904,BYDUREON  ,2014,3,false,416.000,101,44664.40
FFSU,OR,66780021904,BYDUREON  ,2014,3,true,,,
FFSU,OR,66780021904,BYDUREON  ,2014,2,true,,,
MCOU,OR,66780021904,BYDUREON  ,2014,2,false,384.000,96,39382.92
MCOU,OR,66780021904,BYDUREON  ,2014,1,false,252.000,63,25144.19
FFSU,OR,66780021904,BYDUREON  ,2014,1,true,,,
MCOU,PA,00310653004,BYDUREON 2,2014,4,false,112.000,26,13703.43
FFSU,PA,66780021904,BYDUREON 2,2014,4,true,,,
MCOU,PA,66780021904,BYDUREON 2,2014,4,false,1004.000,251,111819.56
MCOU,PA,66780021904,BYDUREON 2,2014,3,false,1088.000,268,118192.11
FFSU,PA,66780021904,BYDUREON 2,2014,3,true,,,
FFSU,PA,66780021904,BYDUREON 2,2014,2,false,42.000,15,4431.63
MCOU,PA,66780021904,BYDUREON 2,2014,2,false,1104.000,274,114419.87
MCOU,PA,66780021904,BYDUREON 2,2014,1,false,980.000,245,98558.83
FFSU,PA,66780021904,BYDUREON 2,2014,1,false,44.000,11,4452.49
MCOU,RI,66780021904,BYDUREON  ,2014,4,true,,,
MCOU,RI,66780021904,BYDUREON  ,2014,3,true,,,
FFSU,RI,66780021904,BYDUREON  ,2014,2,true,,,
MCOU,RI,66780021904,BYDUREON  ,2014,2,true,,,
MCOU,RI,66780021904,BYDUREON  ,2014,1,true,,,
MCOU,SC,00310653004,BYDUREON P,2014,4,false,52.000,13,4694.62
FFSU,SC,00310653004,BYDUREON P,2014,4,true,,,
MCOU,SC,66780021904,BYDUREON  ,2014,4,false,364.000,91,38978.20
FFSU,SC,66780021904,BYDUREON  ,2014,4,true,,,
MCOU,SC,00310653004,BYDUREON P,2014,3,true,,,
MCOU,SC,66780021904,BYDUREON  ,2014,3,false,228.000,57,25214.96
FFSU,SC,66780021904,BYDUREON  ,2014,2,true,,,
MCOU,SC,66780021904,BYDUREON  ,2014,2,false,340.000,85,33117.69
MCOU,SC,66780021904,BYDUREON  ,2014,1,false,144.000,36,13812.92
FFSU,SC,66780021904,BYDUREON  ,2014,1,true,,,
FFSU,SD,00310653004,Bydureon P,2014,4,true,,,
FFSU,SD,66780021904,BYDUREON  ,2014,4,false,52.000,13,6009.73
FFSU,SD,00310653004,Bydureon P,2014,3,true,,,
FFSU,SD,66780021904,BYDUREON  ,2014,3,false,72.000,18,7716.15
FFSU,SD,66780021904,BYDUREON  ,2014,2,false,128.000,32,13683.66
FFSU,SD,66780021904,BYDUREON  ,2014,1,false,96.000,24,10132.58
FFSU,TN,00310653004,BYDUREON P,2014,4,false,392.000,98,43071.44
FFSU,TN,66780021904,BYDUREON  ,2014,4,false,2400.000,601,268200.66
FFSU,TN,00310653004,BYDUREON P,2014,3,true,,,
FFSU,TN,66780021904,BYDUREON  ,2014,3,false,2563.000,646,279821.28
FFSU,TN,66780021904,BYDUREON  ,2014,2,false,2258.000,566,237237.62
FFSU,TN,66780021904,BYDUREON  ,2014,1,false,2066.000,518,212174.58
MCOU,TX,00310653004,BYDUREON 2,2014,4,true,,,
MCOU,TX,66780021904,BYDUREON 2,2014,4,false,1879.000,460,220366.88
FFSU,TX,66780021904,BYDUREON 2,2014,4,false,56.000,14,6017.06
MCOU,TX,66780021904,BYDUREON 2,2014,3,false,1732.000,431,191404.12
FFSU,TX,66780021904,BYDUREON 2,2014,3,false,132.000,33,14092.44
FFSU,TX,66780021904,BYDUREON 2,2014,2,false,96.000,24,9580.50
MCOU,TX,66780021904,BYDUREON 2,2014,2,false,1888.000,471,196944.01
FFSU,TX,66780021904,BYDUREON 2,2014,1,false,85.000,22,9047.63
MCOU,TX,66780021904,BYDUREON 2,2014,1,false,1493.000,374,153903.84
MCOU,UT,00310653004,Bydureon P,2014,4,true,,,
FFSU,UT,66780021904,BYDUREON  ,2014,4,true,,,
MCOU,UT,66780021904,BYDUREON  ,2014,4,false,44.000,14,4981.96
MCOU,UT,66780021904,BYDUREON  ,2014,3,true,,,
FFSU,UT,66780021904,BYDUREON  ,2014,3,true,,,
MCOU,UT,66780021904,BYDUREON  ,2014,2,true,,,
FFSU,UT,66780021904,BYDUREON  ,2014,2,true,,,
MCOU,UT,66780021904,BYDUREON  ,2014,1,false,28.000,15,2962.97
FFSU,UT,66780021904,BYDUREON  ,2014,1,true,,,
MCOU,VA,00310653004,BYDUREON P,2014,4,false,68.000,17,7105.41
FFSU,VA,00310653004,Bydureon P,2014,4,true,,,
FFSU,VA,66780021904,BYDUREON  ,2014,4,true,,,
MCOU,VA,66780021904,BYDUREON  ,2014,4,false,405.000,102,45307.40
MCOU,VA,66780021904,BYDUREON  ,2014,3,false,411.000,104,45399.93
FFSU,VA,66780021904,BYDUREON  ,2014,3,false,60.000,15,6803.49
MCOU,VA,66780021904,BYDUREON  ,2014,2,false,440.000,110,45753.06
FFSU,VA,66780021904,BYDUREON  ,2014,2,false,73.000,19,7810.49
MCOU,VA,66780021904,BYDUREON  ,2014,1,false,452.000,113,47010.59
FFSU,VA,66780021904,BYDUREON  ,2014,1,false,52.000,13,5537.09
FFSU,VT,66780021904,BYDUREON  ,2014,2,true,,,
MCOU,WA,00310653004,Bydureon P,2014,4,false,44.000,11,4858.73
FFSU,WA,00310653004,Bydureon P,2014,4,true,,,
MCOU,WA,66780021904,BYDUREON  ,2014,4,false,320.000,80,35180.42
FFSU,WA,66780021904,BYDUREON  ,2014,4,true,,,
MCOU,WA,66780021904,BYDUREON  ,2014,3,false,312.000,74,33700.36
FFSU,WA,66780021904,BYDUREON  ,2014,3,true,,,
FFSU,WA,66780021904,BYDUREON  ,2014,2,true,,,
MCOU,WA,66780021904,BYDUREON  ,2014,2,false,196.000,49,19935.06
FFSU,WA,66780021904,BYDUREON  ,2014,1,true,,,
MCOU,WA,66780021904,BYDUREON  ,2014,1,false,60.000,15,5866.81
FFSU,WI,66780021904,BYDUREON  ,2014,4,true,,,
MCOU,WI,66780021904,BYDUREON  ,2014,4,true,,,
FFSU,WI,66780021904,BYDUREON  ,2014,3,true,,,
MCOU,WI,66780021904,BYDUREON  ,2014,3,true,,,
MCOU,WI,66780021904,BYDUREON  ,2014,2,true,,,
FFSU,WI,66780021904,BYDUREON  ,2014,2,true,,,
FFSU,WI,66780021904,BYDUREON  ,2014,1,true,,,
MCOU,WI,66780021904,BYDUREON  ,2014,1,true,,,
FFSU,WV,00310653004,BYDUREON 2,2014,4,false,56.000,14,6290.64
MCOU,WV,00310653004,BYDUREON 2,2014,4,true,,,
FFSU,WV,66780021904,BYDUREON 2,2014,4,false,457.000,115,51327.65
MCOU,WV,66780021904,BYDUREON 2,2014,4,false,52.000,13,7345.63
MCOU,WV,66780021904,BYDUREON 2,2014,3,false,60.000,15,7985.24
FFSU,WV,66780021904,BYDUREON 2,2014,3,false,480.000,120,52174.35
MCOU,WV,66780021904,BYDUREON 2,2014,2,true,,,
FFSU,WV,66780021904,BYDUREON 2,2014,2,false,404.000,101,41959.34
MCOU,WV,66780021904,BYDUREON 2,2014,1,false,44.000,11,4492.97
FFSU,WV,66780021904,BYDUREON 2,2014,1,false,448.000,112,45275.18
FFSU,WY,66780021904,BYDUREON  ,2014,1,true,,,
FFSU,AK,00173086635,TANZEUM   ,2014,4,true,,,
FFSU,AL,00173086635,TANZEUM (A,2014,4,true,,,
MCOU,AZ,00173086635,TANZEUM   ,2014,4,true,,,
FFSU,CA,00173086635,TANZEUM  A,2014,4,false,80.000,20,6605.97
MCOU,CA,00173086635,TANZEUM  A,2014,4,true,,,
MCOU,CA,00173086735,TANZEUM  A,2014,4,true,,,
FFSU,CA,00173086735,TANZEUM  A,2014,4,true,,,
FFSU,CA,00173086635,TANZEUM  A,2014,3,true,,,
FFSU,CO,00173086635,TANZEUM 30,2014,4,true,,,
FFSU,CO,00173086635,TANZEUM 30,2014,3,true,,,
FFSU,CT,00173086635,TANZEUM (A,2014,4,false,48.000,12,3963.24
MCOU,FL,00173086635,TANZEUM   ,2014,4,false,54.000,15,4410.74
MCOU,FL,00173086735,TANZEUM   ,2014,4,true,,,
MCOU,GA,00173086635,TANZEUM (A,2014,4,true,,,
FFSU,GA,00173086635,TANZEUM (A,2014,4,true,,,
FFSU,GA,00173086635,TANZEUM (A,2014,3,true,,,
FFSU,IN,00173086635,TANZEUM (A,2014,4,false,227.000,51,18845.20
FFSU,IN,00173086735,TANZEUM (A,2014,4,false,63.000,16,5237.36
FFSU,IN,00173086635,TANZEUM (A,2014,3,false,53.000,12,4400.34
FFSU,IN,00173086735,TANZEUM (A,2014,3,true,,,
MCOU,KS,00173086635,TANZEUM (A,2014,4,true,,,
MCOU,KY,00173086635,TANZEUM   ,2014,4,true,,,
MCOU,KY,00173086735,TANZEUM   ,2014,4,true,,,
MCOU,LA,00173086635,TANZEUM   ,2014,4,true,,,
FFSU,MA,00173086635,TANZEUM 30,2014,4,true,,,
FFSU,MD,00173086635,TANZEUM 30,2014,4,true,,,
MCOU,MD,00173086635,TANZEUM 30,2014,4,true,,,
FFSU,MO,00173086635,TANZEUM   ,2014,4,false,52.000,13,4768.36
FFSU,MO,00173086735,TANZEUM   ,2014,4,true,,,
FFSU,MO,00173086635,TANZEUM   ,2014,3,true,,,
FFSU,MO,00173086735,TANZEUM   ,2014,3,true,,,
FFSU,XX,00173086635,TANZEUM (A,2014,4,false,544.000,129,45648.35
MCOU,XX,00173086635,TANZEUM (A,2014,4,false,287.000,77,23645.73
FFSU,XX,00173086735,TANZEUM (A,2014,4,false,95.000,24,8021.36
MCOU,XX,00173086735,TANZEUM (A,2014,4,false,44.000,11,3678.45
FFSU,XX,00173086635,TANZEUM (A,2014,3,false,125.000,27,10482.41
MCOU,XX,00173086635,TANZEUM (A,2014,3,true,,,
FFSU,XX,00173086735,TANZEUM (A,2014,3,true,,,
MCOU,XX,00173086735,TANZEUM (A,2014,3,true,,,
FFSU,NC,00173086635,TANZEUM   ,2014,4,true,,,
FFSU,NC,00173086735,TANZEUM   ,2014,4,true,,,
FFSU,NC,00173086635,TANZEUM   ,2014,3,true,,,
FFSU,NJ,00173086635,TANZEUM (A,2014,4,true,,,
MCOU,NJ,00173086635,TANZEUM (A,2014,4,true,,,
FFSU,NJ,00173086735,TANZEUM (A,2014,4,true,,,
MCOU,NJ,00173086735,TANZEUM (A,2014,4,true,,,
FFSU,NJ,00173086635,TANZEUM (A,2014,3,true,,,
MCOU,NJ,00173086635,TANZEUM (A,2014,3,true,,,
MCOU,NM,00173086635,TANZEUM 30,2014,4,true,,,
FFSU,NY,00173086635,TANZEUM (A,2014,4,true,,,
MCOU,NY,00173086635,TANZEUM (A,2014,4,false,80.000,20,6569.45
MCOU,NY,00173086735,TANZEUM (A,2014,4,true,,,
MCOU,NY,00173086635,TANZEUM (A,2014,3,true,,,
FFSU,NY,00173086635,TANZEUM (A,2014,3,true,,,
MCOU,OH,00173086635,TANZEUM 30,2014,4,false,48.000,12,3939.25
FFSU,OH,00173086635,TANZEUM 30,2014,4,true,,,
MCOU,OH,00173086735,TANZEUM 50,2014,4,true,,,
MCOU,OH,00173086635,TANZEUM 30,2014,3,true,,,
MCOU,OH,00173086735,TANZEUM 50,2014,3,true,,,
FFSU,OH,00173086735,TANZEUM 50,2014,3,true,,,
FFSU,OR,00173086635,TANZEUM (A,2014,4,true,,,
FFSU,OR,00173086635,TANZEUM (A,2014,3,true,,,
MCOU,PA,00173086635,TANZEUM 30,2014,4,true,,,
FFSU,PA,00173086635,TANZEUM 30,2014,4,true,,,
MCOU,RI,00173086635,TANZEUM (A,2014,4,true,,,
MCOU,SC,00173086635,TANZEUM   ,2014,4,true,,,
FFSU,SD,00173086635,TANZEUM (A,2014,4,true,,,
FFSU,SD,00173086635,TANZEUM (A,2014,3,true,,,
FFSU,WY,00173086635,TANZEUM (A,2014,4,true,,,
