utilization_type,state,ndc,product_name,year,quarter,suppression_used,units_reimbursed,number_of_prescriptions,total_amount_reimbursed
MCOU,AK,00169413013,OZEMPIC   ,2024,4,true,,,
FFSU,AK,00169413013,OZEMPIC   ,2024,4,false,5415.000,1805,1635774.37
MCOU,AK,00169418113,OZEMPIC   ,2024,4,true,,,
FFSU,AK,00169418113,OZEMPIC   ,2024,4,false,5187.000,1729,1566066.31
FFSU,AK,00169477212,OZEMPIC   ,2024,4,false,5789.000,1930,1770012.02
FFSU,AK,00169413013,OZEMPIC   ,2024,3,false,4863.000,1621,1474619.47
FFSU,AK,00169418113,OZEMPIC   ,2024,3,false,4506.000,1502,1373328.27
FFSU,AK,00169477212,OZEMPIC   ,2024,3,false,4773.000,1591,1470299.79
FFSU,AK,00169413013,OZEMPIC   ,2024,2,false,5278.000,1760,1594025.11
FFSU,AK,00169418113,OZEMPIC   ,2024,2,false,5004.000,1668,1520818.98
FFSU,AK,00169477212,OZEMPIC   ,2024,2,false,4233.000,1411,1300109.45
FFSU,AK,00169413013,OZEMPIC   ,2024,1,false,4866.000,1622,1466784.18
FFSU,AK,00169418113,OZEMPIC   ,2024,1,false,4406.000,1467,1336693.22
FFSU,AK,00169477212,OZEMPIC   ,2024,1,false,3522.000,1174,1077110.88
FFSU,AL,00169413001,OZEMPIC 1M,2024,4,true,,,
FFSU,AL,00169413013,OZEMPIC 1M,2024,4,false,7071.000,2352,2276123.18
FFSU,AL,00169418103,OZEMPIC 0.,2024,4,true,,,
FFSU,AL,00169418113,OZEMPIC 0.,2024,4,false,9130.000,3043,2945877.16
FFSU,AL,00169477211,OZEMPIC 2M,2024,4,true,,,
FFSU,AL,00169477212,OZEMPIC 2M,2024,4,false,5512.000,1838,1761477.63
FFSU,AL,00169413001,OZEMPIC 1M,2024,3,true,,,
FFSU,AL,00169413013,OZEMPIC 1M,2024,3,false,6360.000,2118,2037514.66
FFSU,AL,00169418113,OZEMPIC 0.,2024,3,false,8849.000,2948,2844558.04
FFSU,AL,00169477211,OZEMPIC 2M,2024,3,true,,,
FFSU,AL,00169477212,OZEMPIC 2M,2024,3,false,4116.000,1372,1315913.47
FFSU,AL,00169413001,OZEMPIC 1M,2024,2,true,,,
FFSU,AL,00169413013,OZEMPIC 1M,2024,2,false,5655.000,1883,1811312.69
FFSU,AL,00169413212,OZEMPIC 0.,2024,2,true,,,
FFSU,AL,00169418113,OZEMPIC 0.,2024,2,false,8454.000,2813,2706728.60
FFSU,AL,00169477211,OZEMPIC 2M,2024,2,true,,,
FFSU,AL,00169477212,OZEMPIC 2M,2024,2,false,3697.000,1232,1185527.34
FFSU,AL,00169413001,OZEMPIC 1M,2024,1,true,,,
FFSU,AL,00169413013,OZEMPIC 1M,2024,1,false,4230.000,1406,1341395.80
FFSU,AL,00169418113,OZEMPIC 0.,2024,1,false,5640.000,1876,1795675.81
FFSU,AL,00169477211,OZEMPIC 2M,2024,1,true,,,
FFSU,AL,00169477212,OZEMPIC 2M,2024,1,false,2637.000,879,836702.25
MCOU,AR,00169413013,OZEMPIC   ,2024,4,false,186.000,62,59300.90
FFSU,AR,00169413013,OZEMPIC   ,2024,4,false,525.000,175,165225.18
FFSU,AR,00169418113,OZEMPIC   ,2024,4,false,537.000,179,169026.51
MCOU,AR,00169418113,OZEMPIC   ,2024,4,false,204.000,68,65484.45
FFSU,AR,00169477212,OZEMPIC   ,2024,4,false,636.000,212,200110.01
MCOU,AR,00169477212,OZEMPIC   ,2024,4,false,174.000,58,55551.03
MCOU,AR,00169413013,OZEMPIC   ,2024,3,false,156.000,52,49828.19
FFSU,AR,00169413013,OZEMPIC   ,2024,3,false,438.000,146,137813.05
FFSU,AR,00169418113,OZEMPIC   ,2024,3,false,420.000,140,132138.58
MCOU,AR,00169418113,OZEMPIC   ,2024,3,false,282.000,94,90293.93
MCOU,AR,00169477212,OZEMPIC   ,2024,3,false,150.000,50,47799.00
FFSU,AR,00169477212,OZEMPIC   ,2024,3,false,501.000,167,157652.31
FFSU,AR,00169413013,OZEMPIC   ,2024,2,false,414.000,138,130101.29
MCOU,AR,00169413013,OZEMPIC   ,2024,2,false,126.000,42,40115.56
FFSU,AR,00169418113,OZEMPIC   ,2024,2,false,285.000,95,89403.17
MCOU,AR,00169418113,OZEMPIC   ,2024,2,false,240.000,80,77057.84
MCOU,AR,00169477212,OZEMPIC   ,2024,2,false,132.000,44,41989.07
FFSU,AR,00169477212,OZEMPIC   ,2024,2,false,333.000,111,104659.92
FFSU,AR,00169413013,OZEMPIC   ,2024,1,false,309.000,103,96423.20
MCOU,AR,00169413013,OZEMPIC   ,2024,1,false,114.000,38,35983.49
MCOU,AR,00169418113,OZEMPIC   ,2024,1,false,174.000,58,55175.02
FFSU,AR,00169418113,OZEMPIC   ,2024,1,false,282.000,94,87810.67
MCOU,AR,00169477212,OZEMPIC   ,2024,1,false,81.000,27,25559.56
FFSU,AR,00169477212,OZEMPIC   ,2024,1,false,333.000,111,103856.20
FFSU,AZ,00169413013,OZEMPIC   ,2024,4,true,,,
MCOU,AZ,00169413013,OZEMPIC   ,2024,4,false,1560.000,456,477682.60
MCOU,AZ,00169418113,OZEMPIC   ,2024,4,false,1896.000,595,576307.14
MCOU,AZ,00169477212,OZEMPIC   ,2024,4,false,1845.000,531,563684.92
FFSU,AZ,00169413013,OZEMPIC   ,2024,3,true,,,
MCOU,AZ,00169413013,OZEMPIC   ,2024,3,false,1866.000,512,577235.66
FFSU,AZ,00169418113,OZEMPIC   ,2024,3,true,,,
MCOU,AZ,00169418113,OZEMPIC   ,2024,3,false,2058.000,644,636866.45
MCOU,AZ,00169477212,OZEMPIC   ,2024,3,false,1722.000,501,531863.05
FFSU,AZ,00169477212,OZEMPIC   ,2024,3,true,,,
MCOU,AZ,00169413013,OZEMPIC   ,2024,2,false,1767.000,481,546565.81
FFSU,AZ,00169413013,OZEMPIC   ,2024,2,true,,,
MCOU,AZ,00169418113,OZEMPIC   ,2024,2,false,1893.000,578,585217.65
MCOU,AZ,00169477211,OZEMPIC   ,2024,2,true,,,
MCOU,AZ,00169477212,OZEMPIC   ,2024,2,false,1629.000,448,502882.72
FFSU,AZ,00169413013,OZEMPIC   ,2024,1,true,,,
MCOU,AZ,00169413013,OZEMPIC   ,2024,1,false,1476.000,408,457767.51
FFSU,AZ,00169418113,OZEMPIC   ,2024,1,true,,,
MCOU,AZ,00169418113,OZEMPIC   ,2024,1,false,1614.000,477,497599.65
MCOU,AZ,00169477211,OZEMPIC   ,2024,1,true,,,
MCOU,AZ,00169477212,OZEMPIC   ,2024,1,false,1290.000,370,398762.49
FFSU,CA,00169413001,OZEMPIC 1M,2024,4,false,540.000,171,169856.40
FFSU,CA,00169413013,OZEMPIC 1M,2024,4,false,240033.000,69580,75291973.73
MCOU,CA,00169413013,OZEMPIC 1M,2024,4,false,1094.000,364,364989.38
FFSU,CA,00169413211,OZEMPIC 0.,2024,4,true,,,
FFSU,CA,00169413212,OZEMPIC 0.,2024,4,true,,,
FFSU,CA,00169418103,OZEMPIC 0.,2024,4,false,150.000,50,47425.15
FFSU,CA,00169418113,OZEMPIC 0.,2024,4,false,296838.000,91718,93185036.62
MCOU,CA,00169418113,OZEMPIC 0.,2024,4,false,1464.000,484,486916.83
FFSU,CA,00169477211,OZEMPIC 2M,2024,4,false,486.000,150,153247.89
MCOU,CA,00169477212,OZEMPIC 2M,2024,4,false,849.000,282,285918.34
FFSU,CA,00169477212,OZEMPIC 2M,2024,4,false,231795.000,66597,72625245.79
FFSU,CA,00169413001,OZEMPIC 1M,2024,3,false,756.000,243,238435.14
FFSU,CA,00169413013,OZEMPIC 1M,2024,3,false,284499.000,81487,89242414.06
MCOU,CA,00169413013,OZEMPIC 1M,2024,3,false,1029.000,341,345306.12
FFSU,CA,00169413211,OZEMPIC 0.,2024,3,true,,,
FFSU,CA,00169413212,OZEMPIC 0.,2024,3,false,46.500,21,29051.69
FFSU,CA,00169418103,OZEMPIC 0.,2024,3,false,210.000,70,66375.24
FFSU,CA,00169418113,OZEMPIC 0.,2024,3,false,352648.999,107730,110733412.05
MCOU,CA,00169418113,OZEMPIC 0.,2024,3,false,1466.000,486,486729.63
FFSU,CA,00169477211,OZEMPIC 2M,2024,3,false,561.000,180,175114.87
MCOU,CA,00169477212,OZEMPIC 2M,2024,3,false,804.000,268,269266.48
FFSU,CA,00169477212,OZEMPIC 2M,2024,3,false,236829.000,66944,74248809.72
FFSU,CA,00169413001,OZEMPIC 1M,2024,2,false,1000.000,302,314591.08
FFSU,CA,00169413013,OZEMPIC 1M,2024,2,false,200670.000,57110,62834868.29
MCOU,CA,00169413013,OZEMPIC 1M,2024,2,false,810.000,266,270630.31
FFSU,CA,00169413211,OZEMPIC 0.,2024,2,true,,,
FFSU,CA,00169413212,OZEMPIC 0.,2024,2,false,130.500,57,81607.73
FFSU,CA,00169418103,OZEMPIC 0.,2024,2,false,90.000,28,28338.81
MCOU,CA,00169418113,OZEMPIC 0.,2024,2,false,1431.000,472,476465.71
FFSU,CA,00169418113,OZEMPIC 0.,2024,2,false,275960.500,83863,86412282.84
FFSU,CA,00169477211,OZEMPIC 2M,2024,2,false,270.000,90,81379.85
FFSU,CA,00169477212,OZEMPIC 2M,2024,2,false,144463.750,40372,45206953.05
MCOU,CA,00169477212,OZEMPIC 2M,2024,2,false,648.000,216,216514.15
FFSU,CA,00169413001,OZEMPIC 1M,2024,1,false,1081.000,336,336994.60
FFSU,CA,00169413013,OZEMPIC 1M,2024,1,false,203248.500,57590,63017757.80
MCOU,CA,00169413013,OZEMPIC 1M,2024,1,false,714.000,230,239024.68
FFSU,CA,00169413211,OZEMPIC 0.,2024,1,true,,,
FFSU,CA,00169413212,OZEMPIC 0.,2024,1,false,258.500,129,160108.99
FFSU,CA,00169418103,OZEMPIC 0.,2024,1,false,77.000,27,23802.12
FFSU,CA,00169418113,OZEMPIC 0.,2024,1,false,283764.800,86106,87915215.45
MCOU,CA,00169418113,OZEMPIC 0.,2024,1,false,1101.000,367,366682.23
FFSU,CA,00169477211,OZEMPIC 2M,2024,1,false,228.000,76,70109.79
FFSU,CA,00169477212,OZEMPIC 2M,2024,1,false,129114.000,36349,40043747.50
MCOU,CA,00169477212,OZEMPIC 2M,2024,1,false,417.000,139,139436.59
MCOU,CO,00169413013,OZEMPIC   ,2024,4,false,786.000,206,120128.13
FFSU,CO,00169413013,OZEMPIC   ,2024,4,false,3206.000,810,1005987.98
FFSU,CO,00169418113,OZEMPIC   ,2024,4,false,2898.500,859,902868.29
MCOU,CO,00169418113,OZEMPIC   ,2024,4,false,975.000,305,99243.74
FFSU,CO,00169477212,OZEMPIC   ,2024,4,false,3447.000,858,1080776.08
MCOU,CO,00169477212,OZEMPIC   ,2024,4,false,672.000,183,98604.93
MCOU,CO,00169413013,OZEMPIC   ,2024,3,false,747.000,222,93631.84
FFSU,CO,00169413013,OZEMPIC   ,2024,3,false,2988.000,781,938411.86
FFSU,CO,00169418113,OZEMPIC   ,2024,3,false,3039.000,908,949233.51
MCOU,CO,00169418113,OZEMPIC   ,2024,3,false,924.000,294,79937.00
MCOU,CO,00169477212,OZEMPIC   ,2024,3,false,585.000,169,62059.36
FFSU,CO,00169477212,OZEMPIC   ,2024,3,false,3312.000,841,1039144.77
FFSU,CO,00169413013,OZEMPIC   ,2024,2,false,2769.000,690,852344.67
MCOU,CO,00169413013,OZEMPIC   ,2024,2,false,591.000,175,69774.15
FFSU,CO,00169413212,OZEMPIC   ,2024,2,true,,,
MCOU,CO,00169418113,OZEMPIC   ,2024,2,false,999.000,306,114418.82
FFSU,CO,00169418113,OZEMPIC   ,2024,2,false,2830.000,813,851107.28
MCOU,CO,00169477212,OZEMPIC   ,2024,2,false,429.000,115,64038.49
FFSU,CO,00169477212,OZEMPIC   ,2024,2,false,2409.000,591,743485.55
FFSU,CO,00169413013,OZEMPIC   ,2024,1,false,2594.000,627,805929.98
MCOU,CO,00169413013,OZEMPIC   ,2024,1,false,375.000,96,66279.99
MCOU,CO,00169418113,OZEMPIC   ,2024,1,false,531.000,161,57726.24
FFSU,CO,00169418113,OZEMPIC   ,2024,1,false,1944.000,572,599592.24
MCOU,CO,00169477212,OZEMPIC   ,2024,1,false,168.000,50,20957.69
FFSU,CO,00169477212,OZEMPIC   ,2024,1,false,1785.000,423,554108.15
FFSU,CT,00169413013,OZEMPIC 1M,2024,4,false,45717.000,12242,14384308.82
FFSU,CT,00169418113,OZEMPIC 0.,2024,4,false,53099.000,15431,16720471.46
FFSU,CT,00169477212,OZEMPIC 2M,2024,4,false,42586.000,11219,13395276.54
FFSU,CT,00169413013,OZEMPIC 1M,2024,3,false,47220.000,12397,14853833.12
FFSU,CT,00169413212,OZEMPIC 0.,2024,3,true,,,
FFSU,CT,00169418113,OZEMPIC 0.,2024,3,false,58101.000,16623,18293137.39
FFSU,CT,00169477212,OZEMPIC 2M,2024,3,false,40719.000,10381,12803954.68
FFSU,CT,00169413013,OZEMPIC 1M,2024,2,false,44361.000,11425,13931621.34
FFSU,CT,00169413212,OZEMPIC 0.,2024,2,true,,,
FFSU,CT,00169418113,OZEMPIC 0.,2024,2,false,57456.000,16394,18050618.46
FFSU,CT,00169477212,OZEMPIC 2M,2024,2,false,34641.000,8796,10877546.40
FFSU,CT,00169413013,OZEMPIC 1M,2024,1,false,39653.000,9979,12369003.08
FFSU,CT,00169413212,OZEMPIC 0.,2024,1,true,,,
FFSU,CT,00169418113,OZEMPIC 0.,2024,1,false,47564.000,13455,14829202.55
FFSU,CT,00169477212,OZEMPIC 2M,2024,1,false,27261.000,6898,8501601.02
FFSU,DC,00169413001,OZEMPIC 1 ,2024,4,true,,,
MCOU,DC,00169413001,OZEMPIC 1 ,2024,4,false,107.000,36,33693.85
FFSU,DC,00169413013,OZEMPIC 1 ,2024,4,false,291.000,97,93684.64
MCOU,DC,00169413013,OZEMPIC 1 ,2024,4,false,4442.000,1491,1534940.80
MCOU,DC,00169418113,OZEMPIC 0.,2024,4,false,5433.000,1815,1828583.99
FFSU,DC,00169418113,OZEMPIC 0.,2024,4,false,268.000,90,85503.96
FFSU,DC,00169477211,OZEMPIC 2 ,2024,4,true,,,
MCOU,DC,00169477211,OZEMPIC 2 ,2024,4,false,51.000,15,16258.00
FFSU,DC,00169477212,OZEMPIC 2 ,2024,4,false,234.000,78,74130.78
MCOU,DC,00169477212,OZEMPIC 2 ,2024,4,false,3894.000,1304,1341197.42
MCOU,DC,00169413001,OZEMPIC 1 ,2024,3,false,99.000,33,31141.30
FFSU,DC,00169413001,OZEMPIC 1 ,2024,3,true,,,
FFSU,DC,00169413013,OZEMPIC 1 ,2024,3,false,399.000,133,131458.70
MCOU,DC,00169413013,OZEMPIC 1 ,2024,3,false,4293.000,1441,1482121.82
MCOU,DC,00169413212,OZEMPIC 0.,2024,3,true,,,
FFSU,DC,00169418113,OZEMPIC 0.,2024,3,false,400.000,134,126214.83
MCOU,DC,00169418113,OZEMPIC 0.,2024,3,false,5172.000,1726,1735087.69
FFSU,DC,00169477211,OZEMPIC 2 ,2024,3,true,,,
MCOU,DC,00169477211,OZEMPIC 2 ,2024,3,false,51.000,17,16141.02
MCOU,DC,00169477212,OZEMPIC 2 ,2024,3,false,3257.000,1096,1138958.36
FFSU,DC,00169477212,OZEMPIC 2 ,2024,3,false,276.000,92,87063.85
MCOU,DC,00169413001,OZEMPIC 1 ,2024,2,false,72.000,22,22590.13
FFSU,DC,00169413001,OZEMPIC 1 ,2024,2,true,,,
MCOU,DC,00169413013,OZEMPIC 1 ,2024,2,false,3943.000,1321,1353592.36
FFSU,DC,00169413013,OZEMPIC 1 ,2024,2,false,498.000,166,163438.25
MCOU,DC,00169413212,OZEMPIC 0.,2024,2,true,,,
FFSU,DC,00169413212,OZEMPIC 0.,2024,2,true,,,
MCOU,DC,00169418113,OZEMPIC 0.,2024,2,false,5223.160,1746,1757455.90
FFSU,DC,00169418113,OZEMPIC 0.,2024,2,false,510.000,170,163391.88
FFSU,DC,00169477211,OZEMPIC 2 ,2024,2,true,,,
MCOU,DC,00169477211,OZEMPIC 2 ,2024,2,false,51.000,17,16254.50
FFSU,DC,00169477212,OZEMPIC 2 ,2024,2,false,246.000,82,77507.44
MCOU,DC,00169477212,OZEMPIC 2 ,2024,2,false,2688.000,903,953905.72
MCOU,DC,00169413001,OZEMPIC 1 ,2024,1,false,69.000,23,21532.47
FFSU,DC,00169413013,OZEMPIC 1 ,2024,1,false,231.000,71,72188.55
MCOU,DC,00169413013,OZEMPIC 1 ,2024,1,false,3390.000,1045,1027644.88
FFSU,DC,00169413212,OZEMPIC 0.,2024,1,true,,,
MCOU,DC,00169413212,OZEMPIC 0.,2024,1,true,,,
FFSU,DC,00169418113,OZEMPIC 0.,2024,1,false,361.000,120,112577.42
MCOU,DC,00169418113,OZEMPIC 0.,2024,1,false,3943.000,1233,1192921.67
MCOU,DC,00169477211,OZEMPIC 2 ,2024,1,false,36.000,12,11307.01
FFSU,DC,00169477211,OZEMPIC 2 ,2024,1,true,,,
FFSU,DC,00169477212,OZEMPIC 2 ,2024,1,false,123.000,39,38448.49
MCOU,DC,00169477212,OZEMPIC 2 ,2024,1,false,2232.000,653,651343.19
MCOU,DE,00169413001,OZEMPIC 1M,2024,4,false,36.000,12,11272.97
MCOU,DE,00169413013,OZEMPIC 1M,2024,4,false,4692.000,1546,1471783.14
FFSU,DE,00169413013,OZEMPIC 1M,2024,4,true,,,
MCOU,DE,00169413212,OZEMPIC 0.,2024,4,true,,,
FFSU,DE,00169418113,OZEMPIC 0.,2024,4,true,,,
MCOU,DE,00169418113,OZEMPIC 0.,2024,4,false,4754.000,1584,1493433.87
MCOU,DE,00169477211,OZEMPIC 2M,2024,4,true,,,
FFSU,DE,00169477212,OZEMPIC 2M,2024,4,true,,,
MCOU,DE,00169477212,OZEMPIC 2M,2024,4,false,4460.000,1475,1402840.56
MCOU,DE,00169413001,OZEMPIC 1M,2024,3,false,39.000,13,12223.76
FFSU,DE,00169413013,OZEMPIC 1M,2024,3,true,,,
MCOU,DE,00169413013,OZEMPIC 1M,2024,3,false,5268.000,1737,1653617.30
MCOU,DE,00169418113,OZEMPIC 0.,2024,3,false,5350.000,1780,1680624.71
MCOU,DE,00169477211,OZEMPIC 2M,2024,3,true,,,
FFSU,DE,00169477212,OZEMPIC 2M,2024,3,true,,,
MCOU,DE,00169477212,OZEMPIC 2M,2024,3,false,4457.000,1470,1399699.66
MCOU,DE,00169413001,OZEMPIC 1M,2024,2,true,,,
FFSU,DE,00169413013,OZEMPIC 1M,2024,2,true,,,
MCOU,DE,00169413013,OZEMPIC 1M,2024,2,false,5253.000,1740,1645121.70
FFSU,DE,00169418113,OZEMPIC 0.,2024,2,true,,,
MCOU,DE,00169418113,OZEMPIC 0.,2024,2,false,6708.000,2227,2103751.75
MCOU,DE,00169477211,OZEMPIC 2M,2024,2,true,,,
MCOU,DE,00169477212,OZEMPIC 2M,2024,2,false,3797.000,1255,1190250.91
MCOU,DE,00169413001,OZEMPIC 1M,2024,1,true,,,
FFSU,DE,00169413013,OZEMPIC 1M,2024,1,true,,,
MCOU,DE,00169413013,OZEMPIC 1M,2024,1,false,4661.000,1537,1456936.78
FFSU,DE,00169418113,OZEMPIC 0.,2024,1,true,,,
MCOU,DE,00169418113,OZEMPIC 0.,2024,1,false,6204.000,2062,1935988.13
MCOU,DE,00169477212,OZEMPIC 2M,2024,1,false,3120.000,1028,972063.16
FFSU,FL,00169413001,OZEMPIC   ,2024,4,true,,,
MCOU,FL,00169413001,OZEMPIC   ,2024,4,true,,,
FFSU,FL,00169413013,OZEMPIC   ,2024,4,false,696.000,232,219380.79
MCOU,FL,00169413013,OZEMPIC   ,2024,4,false,19446.000,6472,6007421.05
MCOU,FL,00169413212,OZEMPIC   ,2024,4,true,,,
FFSU,FL,00169413212,OZEMPIC   ,2024,4,true,,,
MCOU,FL,00169418113,OZEMPIC   ,2024,4,false,31149.000,10380,9610840.52
FFSU,FL,00169418113,OZEMPIC   ,2024,4,false,726.000,242,227971.65
MCOU,FL,00169477211,OZEMPIC   ,2024,4,true,,,
FFSU,FL,00169477211,OZEMPIC   ,2024,4,true,,,
FFSU,FL,00169477212,OZEMPIC   ,2024,4,false,522.000,174,160887.99
MCOU,FL,00169477212,OZEMPIC   ,2024,4,false,15171.000,5034,4684933.82
MCOU,FL,00169413001,OZEMPIC   ,2024,3,true,,,
FFSU,FL,00169413013,OZEMPIC   ,2024,3,false,588.000,196,178989.99
MCOU,FL,00169413013,OZEMPIC   ,2024,3,false,18225.000,6061,5626466.03
MCOU,FL,00169413211,OZEMPIC   ,2024,3,true,,,
MCOU,FL,00169413212,OZEMPIC   ,2024,3,true,,,
FFSU,FL,00169413212,OZEMPIC   ,2024,3,true,,,
FFSU,FL,00169418113,OZEMPIC   ,2024,3,false,676.000,226,209189.64
MCOU,FL,00169418113,OZEMPIC   ,2024,3,false,31911.000,10629,9844475.33
FFSU,FL,00169477211,OZEMPIC   ,2024,3,true,,,
MCOU,FL,00169477211,OZEMPIC   ,2024,3,true,,,
FFSU,FL,00169477212,OZEMPIC   ,2024,3,false,414.000,138,124948.34
MCOU,FL,00169477212,OZEMPIC   ,2024,3,false,13380.000,4440,4130323.80
MCOU,FL,00169413001,OZEMPIC   ,2024,2,true,,,
MCOU,FL,00169413013,OZEMPIC   ,2024,2,false,16088.000,5352,4962928.05
FFSU,FL,00169413013,OZEMPIC   ,2024,2,false,447.000,149,136192.76
MCOU,FL,00169413211,OZEMPIC   ,2024,2,true,,,
MCOU,FL,00169413212,OZEMPIC   ,2024,2,true,,,
MCOU,FL,00169418113,OZEMPIC   ,2024,2,false,29752.000,9912,9169589.68
FFSU,FL,00169418113,OZEMPIC   ,2024,2,false,699.000,233,218154.10
MCOU,FL,00169477211,OZEMPIC   ,2024,2,true,,,
MCOU,FL,00169477212,OZEMPIC   ,2024,2,false,10275.000,3415,3162349.99
FFSU,FL,00169477212,OZEMPIC   ,2024,2,false,336.000,112,100511.38
MCOU,FL,00169413001,OZEMPIC   ,2024,1,true,,,
FFSU,FL,00169413013,OZEMPIC   ,2024,1,false,384.000,126,109403.11
MCOU,FL,00169413013,OZEMPIC   ,2024,1,false,13411.000,4458,4138871.06
MCOU,FL,00169413211,OZEMPIC   ,2024,1,true,,,
MCOU,FL,00169413212,OZEMPIC   ,2024,1,true,,,
FFSU,FL,00169413212,OZEMPIC   ,2024,1,true,,,
FFSU,FL,00169418113,OZEMPIC   ,2024,1,false,708.000,236,214566.87
MCOU,FL,00169418113,OZEMPIC   ,2024,1,false,25027.000,8334,7702743.03
MCOU,FL,00169477211,OZEMPIC   ,2024,1,true,,,
MCOU,FL,00169477212,OZEMPIC   ,2024,1,false,7803.000,2593,2408657.10
FFSU,FL,00169477212,OZEMPIC   ,2024,1,false,279.000,93,85405.86
MCOU,GA,00169413013,OZEMPIC   ,2024,4,false,3393.000,1120,1036255.38
FFSU,GA,00169413013,OZEMPIC   ,2024,4,false,2502.000,834,784634.89
MCOU,GA,00169418113,OZEMPIC   ,2024,4,false,4503.000,1500,1385777.56
FFSU,GA,00169418113,OZEMPIC   ,2024,4,false,2703.000,901,848041.16
MCOU,GA,00169477211,OZEMPIC   ,2024,4,true,,,
MCOU,GA,00169477212,OZEMPIC   ,2024,4,false,3306.000,1085,1020381.64
FFSU,GA,00169477212,OZEMPIC   ,2024,4,false,2388.000,796,748617.79
MCOU,GA,00169413001,OZEMPIC   ,2024,3,true,,,
MCOU,GA,00169413013,OZEMPIC   ,2024,3,false,3729.000,1229,1156836.04
FFSU,GA,00169413013,OZEMPIC   ,2024,3,false,2202.000,734,689246.05
MCOU,GA,00169413212,OZEMPIC   ,2024,3,true,,,
FFSU,GA,00169418113,OZEMPIC   ,2024,3,false,2901.000,967,909043.71
MCOU,GA,00169418113,OZEMPIC   ,2024,3,false,4701.000,1565,1453523.01
MCOU,GA,00169477211,OZEMPIC   ,2024,3,true,,,
MCOU,GA,00169477212,OZEMPIC   ,2024,3,false,2871.000,940,904568.87
FFSU,GA,00169477212,OZEMPIC   ,2024,3,false,1869.000,623,585715.93
MCOU,GA,00169413001,OZEMPIC   ,2024,2,true,,,
FFSU,GA,00169413001,OZEMPIC   ,2024,2,true,,,
MCOU,GA,00169413013,OZEMPIC   ,2024,2,false,3540.000,1167,1131032.27
FFSU,GA,00169413013,OZEMPIC   ,2024,2,false,1821.000,605,571720.28
FFSU,GA,00169413212,OZEMPIC   ,2024,2,true,,,
FFSU,GA,00169418113,OZEMPIC   ,2024,2,false,2397.000,799,751120.81
MCOU,GA,00169418113,OZEMPIC   ,2024,2,false,4887.000,1627,1531171.56
MCOU,GA,00169477211,OZEMPIC   ,2024,2,true,,,
FFSU,GA,00169477212,OZEMPIC   ,2024,2,false,1575.000,525,495169.12
MCOU,GA,00169477212,OZEMPIC   ,2024,2,false,2322.000,770,741508.29
FFSU,GA,00169413001,OZEMPIC   ,2024,1,true,,,
MCOU,GA,00169413001,OZEMPIC   ,2024,1,true,,,
FFSU,GA,00169413013,OZEMPIC   ,2024,1,false,1512.000,504,471560.99
MCOU,GA,00169413013,OZEMPIC   ,2024,1,false,2958.000,985,942085.01
FFSU,GA,00169413211,OZEMPIC   ,2024,1,true,,,
FFSU,GA,00169413212,OZEMPIC   ,2024,1,true,,,
MCOU,GA,00169413212,OZEMPIC   ,2024,1,true,,,
MCOU,GA,00169418113,OZEMPIC   ,2024,1,false,4131.000,1385,1315053.70
FFSU,GA,00169418113,OZEMPIC   ,2024,1,false,1737.000,579,540882.95
MCOU,GA,00169477211,OZEMPIC   ,2024,1,true,,,
FFSU,GA,00169477211,OZEMPIC   ,2024,1,true,,,
MCOU,GA,00169477212,OZEMPIC   ,2024,1,false,2196.000,736,701765.78
FFSU,GA,00169477212,OZEMPIC   ,2024,1,false,1212.000,404,378504.08
FFSU,HI,00169413013,OZEMPIC 1 ,2024,4,true,,,
MCOU,HI,00169413013,OZEMPIC 1 ,2024,4,false,8039.500,1998,1862612.50
MCOU,HI,00169413212,OZEMPIC 0.,2024,4,true,,,
MCOU,HI,00169418113,OZEMPIC 0.,2024,4,false,11831.000,3462,2109716.23
FFSU,HI,00169418113,OZEMPIC 0.,2024,4,true,,,
MCOU,HI,00169477211,OZEMPIC 2 ,2024,4,true,,,
MCOU,HI,00169477212,OZEMPIC 2 ,2024,4,false,7701.000,1903,1829096.37
MCOU,HI,00169413013,OZEMPIC 1 ,2024,3,false,9048.000,2203,2078073.55
MCOU,HI,00169413212,OZEMPIC 0.,2024,3,true,,,
FFSU,HI,00169418113,OZEMPIC 0.,2024,3,true,,,
MCOU,HI,00169418113,OZEMPIC 0.,2024,3,false,12609.000,3689,2295723.38
MCOU,HI,00169477212,OZEMPIC 2 ,2024,3,false,7799.000,1905,1848599.20
MCOU,HI,00169413013,OZEMPIC 1 ,2024,2,false,9033.000,2089,1966193.85
MCOU,HI,00169413212,OZEMPIC 0.,2024,2,true,,,
MCOU,HI,00169418113,OZEMPIC 0.,2024,2,false,13314.000,3642,2311203.88
FFSU,HI,00169418113,OZEMPIC 0.,2024,2,true,,,
MCOU,HI,00169477212,OZEMPIC 2 ,2024,2,false,7304.000,1760,1634316.85
MCOU,HI,00169413013,OZEMPIC 1 ,2024,1,false,8038.000,1946,1761417.74
MCOU,HI,00169413212,OZEMPIC 0.,2024,1,true,,,
MCOU,HI,00169418113,OZEMPIC 0.,2024,1,false,10375.000,2965,1946826.22
FFSU,HI,00169418113,OZEMPIC 0.,2024,1,true,,,
MCOU,HI,00169477212,OZEMPIC 2 ,2024,1,false,6177.000,1526,1352818.41
FFSU,IA,00169413013,OZEMPIC 1M,2024,4,false,171.000,57,48491.29
MCOU,IA,00169413013,OZEMPIC 1M,2024,4,false,11034.000,3655,3445766.77
FFSU,IA,00169418113,OZEMPIC 0.,2024,4,false,123.000,41,35603.19
MCOU,IA,00169418113,OZEMPIC 0.,2024,4,false,12935.000,4300,4030971.39
FFSU,IA,00169477212,OZEMPIC 2M,2024,4,false,108.000,36,23544.69
MCOU,IA,00169477212,OZEMPIC 2M,2024,4,false,11286.000,3741,3524499.37
MCOU,IA,00169413001,OZEMPIC 1M,2024,3,true,,,
FFSU,IA,00169413013,OZEMPIC 1M,2024,3,false,153.000,51,42681.28
MCOU,IA,00169413013,OZEMPIC 1M,2024,3,false,11376.000,3761,3546800.80
FFSU,IA,00169418113,OZEMPIC 0.,2024,3,false,165.000,55,43897.27
MCOU,IA,00169418113,OZEMPIC 0.,2024,3,false,12960.000,4318,4039853.27
MCOU,IA,00169477212,OZEMPIC 2M,2024,3,false,9867.000,3272,3085233.72
FFSU,IA,00169477212,OZEMPIC 2M,2024,3,false,99.000,33,23078.84
FFSU,IA,00169413013,OZEMPIC 1M,2024,2,false,180.000,58,46496.23
MCOU,IA,00169413013,OZEMPIC 1M,2024,2,false,10260.000,3391,3193087.60
FFSU,IA,00169418113,OZEMPIC 0.,2024,2,false,156.000,52,42961.70
MCOU,IA,00169418113,OZEMPIC 0.,2024,2,false,12591.000,4192,3915956.76
MCOU,IA,00169477211,OZEMPIC 2M,2024,2,true,,,
MCOU,IA,00169477212,OZEMPIC 2M,2024,2,false,8391.000,2771,2624208.18
FFSU,IA,00169477212,OZEMPIC 2M,2024,2,false,78.000,26,15007.63
MCOU,IA,00169413013,OZEMPIC 1M,2024,1,false,9489.000,3131,2943929.73
FFSU,IA,00169413013,OZEMPIC 1M,2024,1,false,60.000,20,14124.93
MCOU,IA,00169413212,OZEMPIC 0.,2024,1,true,,,
MCOU,IA,00169418113,OZEMPIC 0.,2024,1,false,11301.000,3758,3520374.54
FFSU,IA,00169418113,OZEMPIC 0.,2024,1,false,60.000,20,15940.19
MCOU,IA,00169477212,OZEMPIC 2M,2024,1,false,6216.000,2055,1932343.71
FFSU,IA,00169477212,OZEMPIC 2M,2024,1,false,42.000,14,12068.83
FFSU,ID,00169413013,OZEMPIC   ,2024,4,false,6756.000,2190,2094069.90
FFSU,ID,00169418113,OZEMPIC   ,2024,4,false,7526.000,2446,2321177.60
FFSU,ID,00169477212,OZEMPIC   ,2024,4,false,7260.000,2340,2265389.82
FFSU,ID,00169413013,OZEMPIC   ,2024,3,false,7461.000,2446,2313943.65
FFSU,ID,00169418113,OZEMPIC   ,2024,3,false,8101.500,2640,2514199.41
FFSU,ID,00169477212,OZEMPIC   ,2024,3,false,7335.000,2370,2293376.88
FFSU,ID,00169413013,OZEMPIC   ,2024,2,false,8976.000,2896,2785817.42
FFSU,ID,00169413212,OZEMPIC   ,2024,2,true,,,
FFSU,ID,00169418113,OZEMPIC   ,2024,2,false,10081.500,3303,3119229.99
FFSU,ID,00169477212,OZEMPIC   ,2024,2,false,8251.000,2646,2574861.93
FFSU,ID,00169413013,OZEMPIC   ,2024,1,false,9843.000,3199,3037330.04
FFSU,ID,00169413212,OZEMPIC   ,2024,1,true,,,
FFSU,ID,00169418113,OZEMPIC   ,2024,1,false,11916.500,3901,3786711.04
FFSU,ID,00169477211,OZEMPIC   ,2024,1,true,,,
FFSU,ID,00169477212,OZEMPIC   ,2024,1,false,8496.000,2782,2633515.97
FFSU,IL,00169413001,OZEMPIC 1M,2024,4,true,,,
FFSU,IL,00169413013,OZEMPIC 1M,2024,4,false,1620.000,427,524363.10
MCOU,IL,00169413013,OZEMPIC 1M,2024,4,false,6999.000,2001,2253839.37
MCOU,IL,00169418113,OZEMPIC 0.,2024,4,false,8253.000,2537,2645476.19
FFSU,IL,00169418113,OZEMPIC 0.,2024,4,false,2586.000,754,812438.19
MCOU,IL,00169477212,OZEMPIC 2M,2024,4,false,7755.000,2158,2450833.63
FFSU,IL,00169477212,OZEMPIC 2M,2024,4,false,1320.000,336,422110.32
MCOU,IL,00169413001,OZEMPIC 1M,2024,3,true,,,
MCOU,IL,00169413013,OZEMPIC 1M,2024,3,false,6993.000,1998,2265147.43
FFSU,IL,00169413013,OZEMPIC 1M,2024,3,false,1617.000,418,509542.63
MCOU,IL,00169418113,OZEMPIC 0.,2024,3,false,8271.000,2541,2657124.59
FFSU,IL,00169418113,OZEMPIC 0.,2024,3,false,2691.000,784,846395.06
FFSU,IL,00169477212,OZEMPIC 2M,2024,3,false,1422.000,391,445380.73
MCOU,IL,00169477212,OZEMPIC 2M,2024,3,false,6369.000,1797,2069498.41
MCOU,IL,00169413013,OZEMPIC 1M,2024,2,false,5421.000,1526,1759272.37
FFSU,IL,00169413013,OZEMPIC 1M,2024,2,false,1437.000,377,460573.86
MCOU,IL,00169413212,OZEMPIC 0.,2024,2,true,,,
FFSU,IL,00169418113,OZEMPIC 0.,2024,2,false,2688.000,792,849700.15
MCOU,IL,00169418113,OZEMPIC 0.,2024,2,false,7428.000,2280,2352840.17
FFSU,IL,00169477212,OZEMPIC 2M,2024,2,false,1179.000,297,374648.92
MCOU,IL,00169477212,OZEMPIC 2M,2024,2,false,4866.000,1364,1587575.52
MCOU,IL,00169413013,OZEMPIC 1M,2024,1,false,3174.000,893,1094533.05
FFSU,IL,00169413013,OZEMPIC 1M,2024,1,false,501.000,144,147282.00
MCOU,IL,00169413212,OZEMPIC 0.,2024,1,true,,,
MCOU,IL,00169418113,OZEMPIC 0.,2024,1,false,4776.000,1474,1627863.75
FFSU,IL,00169418113,OZEMPIC 0.,2024,1,false,717.000,214,191117.62
FFSU,IL,00169477212,OZEMPIC 2M,2024,1,false,429.000,111,104351.59
MCOU,IL,00169477212,OZEMPIC 2M,2024,1,false,3024.000,875,1045419.59
FFSU,IN,00169413001,OZEMPIC 1M,2024,4,true,,,
MCOU,IN,00169413001,OZEMPIC 1M,2024,4,true,,,
MCOU,IN,00169413013,OZEMPIC 1M,2024,4,false,37356.000,9879,11238181.34
FFSU,IN,00169413013,OZEMPIC 1M,2024,4,false,1524.000,413,474908.51
MCOU,IN,00169413212,OZEMPIC 0.,2024,4,true,,,
FFSU,IN,00169418113,OZEMPIC 0.,2024,4,false,1800.000,550,566680.38
MCOU,IN,00169418113,OZEMPIC 0.,2024,4,false,42132.000,13388,12660225.82
MCOU,IN,00169418197,OZEMPIC   ,2024,4,false,12.000,12,0.12
MCOU,IN,00169477211,OZEMPIC 2M,2024,4,true,,,
FFSU,IN,00169477212,OZEMPIC 2M,2024,4,false,1851.000,506,578655.74
MCOU,IN,00169477212,OZEMPIC 2M,2024,4,false,39396.000,10281,11867742.64
FFSU,IN,00169413001,OZEMPIC 1M,2024,3,true,,,
FFSU,IN,00169413013,OZEMPIC 1M,2024,3,false,1467.000,402,455188.73
MCOU,IN,00169413013,OZEMPIC 1M,2024,3,false,37200.000,10072,11236820.87
MCOU,IN,00169418113,OZEMPIC 0.,2024,3,false,43172.000,13809,13060013.39
FFSU,IN,00169418113,OZEMPIC 0.,2024,3,false,2046.000,620,642695.90
MCOU,IN,00169418197,OZEMPIC   ,2024,3,true,,,
MCOU,IN,00169477211,OZEMPIC 2M,2024,3,true,,,
FFSU,IN,00169477212,OZEMPIC 2M,2024,3,false,1644.000,457,514046.98
MCOU,IN,00169477212,OZEMPIC 2M,2024,3,false,34722.000,9188,10460321.62
FFSU,IN,00169413001,OZEMPIC 1M,2024,2,true,,,
FFSU,IN,00169413013,OZEMPIC 1M,2024,2,false,1881.000,506,579246.19
MCOU,IN,00169413013,OZEMPIC 1M,2024,2,false,35847.000,9645,10726073.22
MCOU,IN,00169418113,OZEMPIC 0.,2024,2,false,43398.000,13855,13011090.50
FFSU,IN,00169418113,OZEMPIC 0.,2024,2,false,2742.000,830,843956.02
MCOU,IN,00169418197,OZEMPIC   ,2024,2,false,24.000,24,0.04
MCOU,IN,00169477212,OZEMPIC 2M,2024,2,false,29444.000,7725,8835246.51
FFSU,IN,00169477212,OZEMPIC 2M,2024,2,false,1728.000,495,535014.13
FFSU,IN,00169413013,OZEMPIC 1M,2024,1,false,1437.000,398,445015.48
MCOU,IN,00169413013,OZEMPIC 1M,2024,1,false,32478.000,8870,9716721.41
MCOU,IN,00169413212,OZEMPIC 0.,2024,1,true,,,
FFSU,IN,00169418113,OZEMPIC 0.,2024,1,false,2187.000,657,671968.20
MCOU,IN,00169418113,OZEMPIC 0.,2024,1,false,40328.000,12969,12136440.79
MCOU,IN,00169418197,OZEMPIC   ,2024,1,false,11.000,11,0.11
FFSU,IN,00169477212,OZEMPIC 2M,2024,1,false,1314.000,356,406510.36
MCOU,IN,00169477212,OZEMPIC 2M,2024,1,false,24246.000,6474,7246922.23
MCOU,KS,00169413013,OZEMPIC 1M,2024,4,false,1743.000,602,549612.52
MCOU,KS,00169418113,OZEMPIC 0.,2024,4,false,2268.000,798,715293.41
MCOU,KS,00169477211,OZEMPIC 2M,2024,4,true,,,
MCOU,KS,00169477212,OZEMPIC 2M,2024,4,false,1496.000,521,470829.75
MCOU,KS,00169413001,OZEMPIC 1M,2024,3,true,,,
MCOU,KS,00169413013,OZEMPIC 1M,2024,3,false,1524.000,530,480584.84
MCOU,KS,00169418113,OZEMPIC 0.,2024,3,false,2321.000,853,732079.45
MCOU,KS,00169477212,OZEMPIC 2M,2024,3,false,1269.000,454,400071.32
MCOU,KS,00169413013,OZEMPIC 1M,2024,2,false,1440.000,486,453468.99
MCOU,KS,00169418113,OZEMPIC 0.,2024,2,false,2472.000,898,778227.60
MCOU,KS,00169477212,OZEMPIC 2M,2024,2,false,1263.000,436,397642.00
FFSU,KS,00169477212,OZEMPIC 2M,2024,2,true,,,
MCOU,KS,00169413013,OZEMPIC 1M,2024,1,false,1074.000,379,336436.27
MCOU,KS,00169418113,OZEMPIC 0.,2024,1,false,1712.000,662,535612.78
MCOU,KS,00169477212,OZEMPIC 2M,2024,1,false,765.000,277,239964.08
MCOU,KY,00169413001,OZEMPIC 1M,2024,4,true,,,
FFSU,KY,00169413013,OZEMPIC 1M,2024,4,false,846.000,278,261969.83
MCOU,KY,00169413013,OZEMPIC 1M,2024,4,false,37629.000,11780,11636925.75
MCOU,KY,00169418113,OZEMPIC 0.,2024,4,false,41247.000,14256,12824078.05
FFSU,KY,00169418113,OZEMPIC 0.,2024,4,false,951.000,341,294458.04
MCOU,KY,00169477211,OZEMPIC 2M,2024,4,false,69.000,23,21734.48
MCOU,KY,00169477212,OZEMPIC 2M,2024,4,false,36387.000,11093,11263636.57
FFSU,KY,00169477212,OZEMPIC 2M,2024,4,false,807.000,261,249785.19
MCOU,KY,00169413001,OZEMPIC 1M,2024,3,false,45.000,17,14189.39
FFSU,KY,00169413013,OZEMPIC 1M,2024,3,false,831.000,264,258026.98
MCOU,KY,00169413013,OZEMPIC 1M,2024,3,false,39129.000,12698,12115753.77
MCOU,KY,00169418113,OZEMPIC 0.,2024,3,false,44154.000,15594,13697791.14
FFSU,KY,00169418113,OZEMPIC 0.,2024,3,false,963.000,319,300847.06
MCOU,KY,00169477211,OZEMPIC 2M,2024,3,false,57.000,19,17960.18
MCOU,KY,00169477212,OZEMPIC 2M,2024,3,false,5628.000,1800,1753271.30
FFSU,KY,00169477212,OZEMPIC 2M,2024,3,false,720.000,234,220824.15
MCOU,KY,00169413001,OZEMPIC 1M,2024,2,false,66.000,22,19922.35
FFSU,KY,00169413013,OZEMPIC 1M,2024,2,false,855.000,290,268112.71
MCOU,KY,00169413013,OZEMPIC 1M,2024,2,false,41631.000,13310,12810729.29
MCOU,KY,00169413212,OZEMPIC 0.,2024,2,true,,,
MCOU,KY,00169418113,OZEMPIC 0.,2024,2,false,6867.000,2427,2141901.69
FFSU,KY,00169418113,OZEMPIC 0.,2024,2,false,1005.000,347,315371.79
MCOU,KY,00169477211,OZEMPIC 2M,2024,2,false,45.000,19,14162.78
MCOU,KY,00169477212,OZEMPIC 2M,2024,2,false,32187.000,9981,9865318.89
FFSU,KY,00169477212,OZEMPIC 2M,2024,2,false,684.000,217,208037.54
MCOU,KY,00169413001,OZEMPIC 1M,2024,1,false,45.000,15,13363.20
FFSU,KY,00169413013,OZEMPIC 1M,2024,1,false,855.000,295,265201.80
MCOU,KY,00169413013,OZEMPIC 1M,2024,1,false,40713.000,14735,12455664.47
MCOU,KY,00169413212,OZEMPIC 0.,2024,1,false,36.000,33,21732.61
MCOU,KY,00169418113,OZEMPIC 0.,2024,1,false,48153.000,18009,14789662.83
FFSU,KY,00169418113,OZEMPIC 0.,2024,1,false,1065.000,362,333378.06
MCOU,KY,00169477211,OZEMPIC 2M,2024,1,true,,,
MCOU,KY,00169477212,OZEMPIC 2M,2024,1,false,27453.000,9320,8359806.64
FFSU,KY,00169477212,OZEMPIC 2M,2024,1,false,486.000,162,152255.52
MCOU,LA,00169413013,OZEMPIC   ,2024,4,false,33038.000,10994,10170236.86
FFSU,LA,00169413013,OZEMPIC   ,2024,4,false,354.000,118,111574.52
MCOU,LA,00169413212,OZEMPIC   ,2024,4,true,,,
FFSU,LA,00169418113,OZEMPIC   ,2024,4,false,384.000,126,121195.46
MCOU,LA,00169418113,OZEMPIC   ,2024,4,false,35919.000,11940,11038683.72
FFSU,LA,00169477212,OZEMPIC   ,2024,4,false,270.000,90,85239.95
MCOU,LA,00169477212,OZEMPIC   ,2024,4,false,31672.000,10542,9744720.72
MCOU,LA,00169413013,OZEMPIC   ,2024,3,false,37509.000,12457,11780245.49
FFSU,LA,00169413013,OZEMPIC   ,2024,3,false,438.000,146,138107.59
MCOU,LA,00169413212,OZEMPIC   ,2024,3,true,,,
FFSU,LA,00169418113,OZEMPIC   ,2024,3,false,579.000,191,182702.45
MCOU,LA,00169418113,OZEMPIC   ,2024,3,false,43647.000,14480,13729293.35
MCOU,LA,00169477212,OZEMPIC   ,2024,3,false,33684.000,11167,10589328.99
FFSU,LA,00169477212,OZEMPIC   ,2024,3,false,357.000,118,112548.99
FFSU,LA,00169413013,OZEMPIC   ,2024,2,false,345.000,115,108534.79
MCOU,LA,00169413013,OZEMPIC   ,2024,2,false,37789.000,11557,11883382.50
MCOU,LA,00169413212,OZEMPIC   ,2024,2,true,,,
FFSU,LA,00169418113,OZEMPIC   ,2024,2,false,483.000,157,151900.26
MCOU,LA,00169418113,OZEMPIC   ,2024,2,false,45991.500,14375,14456473.87
MCOU,LA,00169477212,OZEMPIC   ,2024,2,false,31676.000,9579,9963117.28
FFSU,LA,00169477212,OZEMPIC   ,2024,2,false,264.000,87,83138.66
FFSU,LA,00169413013,OZEMPIC   ,2024,1,false,822.000,270,252970.28
MCOU,LA,00169413013,OZEMPIC   ,2024,1,false,37058.500,11569,11616695.22
MCOU,LA,00169413212,OZEMPIC   ,2024,1,false,24.000,12,14860.07
MCOU,LA,00169418113,OZEMPIC   ,2024,1,false,47616.000,15066,14935270.16
FFSU,LA,00169418113,OZEMPIC   ,2024,1,false,1329.000,434,408096.20
FFSU,LA,00169477212,OZEMPIC   ,2024,1,false,489.000,163,150543.96
MCOU,LA,00169477212,OZEMPIC   ,2024,1,false,29105.000,9018,9136753.07
MCOU,MA,00169413001,OZEMPIC 1 ,2024,4,true,,,
FFSU,MA,00169413013,OZEMPIC 1 ,2024,4,false,2382.000,787,743029.15
MCOU,MA,00169413013,OZEMPIC 1 ,2024,4,false,9279.000,2978,2845112.01
FFSU,MA,00169413212,OZEMPIC 0.,2024,4,true,,,
MCOU,MA,00169418113,OZEMPIC 0.,2024,4,false,10113.000,3363,3104837.85
FFSU,MA,00169418113,OZEMPIC 0.,2024,4,false,2979.000,992,928126.19
FFSU,MA,00169477212,OZEMPIC 2 ,2024,4,false,2385.000,789,736357.35
MCOU,MA,00169477212,OZEMPIC 2 ,2024,4,false,12522.000,3976,3832558.58
MCOU,MA,00169413001,OZEMPIC 1 ,2024,3,true,,,
MCOU,MA,00169413013,OZEMPIC 1 ,2024,3,false,11031.000,3318,3400130.43
FFSU,MA,00169413013,OZEMPIC 1 ,2024,3,false,2352.000,766,732928.60
FFSU,MA,00169413212,OZEMPIC 0.,2024,3,true,,,
FFSU,MA,00169418113,OZEMPIC 0.,2024,3,false,3642.000,1205,1135264.82
MCOU,MA,00169418113,OZEMPIC 0.,2024,3,false,12042.000,4004,3729842.04
FFSU,MA,00169477212,OZEMPIC 2 ,2024,3,false,2106.000,690,652682.44
MCOU,MA,00169477212,OZEMPIC 2 ,2024,3,false,11769.000,3487,3605544.56
MCOU,MA,00169413013,OZEMPIC 1 ,2024,2,false,8010.000,2417,2474128.58
FFSU,MA,00169413013,OZEMPIC 1 ,2024,2,false,1452.000,469,454404.87
MCOU,MA,00169418103,OZEMPIC 0.,2024,2,true,,,
MCOU,MA,00169418113,OZEMPIC 0.,2024,2,false,10620.000,3540,3310440.70
FFSU,MA,00169418113,OZEMPIC 0.,2024,2,false,2226.000,729,695215.03
FFSU,MA,00169477211,OZEMPIC 2 ,2024,2,true,,,
FFSU,MA,00169477212,OZEMPIC 2 ,2024,2,false,1311.000,425,410379.50
MCOU,MA,00169477212,OZEMPIC 2 ,2024,2,false,7155.000,2100,2209109.19
FFSU,MA,00169413013,OZEMPIC 1 ,2024,1,false,1269.000,401,391597.30
MCOU,MA,00169413013,OZEMPIC 1 ,2024,1,false,5487.000,1640,1703191.58
MCOU,MA,00169413212,OZEMPIC 0.,2024,1,true,,,
MCOU,MA,00169418113,OZEMPIC 0.,2024,1,false,7563.000,2521,2361254.74
FFSU,MA,00169418113,OZEMPIC 0.,2024,1,false,1392.000,451,431300.11
FFSU,MA,00169477212,OZEMPIC 2 ,2024,1,false,1116.000,350,344649.97
MCOU,MA,00169477212,OZEMPIC 2 ,2024,1,false,5199.000,1517,1592295.54
MCOU,MD,00169413001,OZEMPIC 1 ,2024,4,false,201.000,65,62029.58
FFSU,MD,00169413001,OZEMPIC 1 ,2024,4,true,,,
FFSU,MD,00169413013,OZEMPIC 1 ,2024,4,false,672.000,223,211914.24
MCOU,MD,00169413013,OZEMPIC 1 ,2024,4,false,19386.000,6286,6014913.79
MCOU,MD,00169413212,OZEMPIC 0.,2024,4,true,,,
FFSU,MD,00169418113,OZEMPIC 0.,2024,4,false,1164.000,386,366858.70
MCOU,MD,00169418113,OZEMPIC 0.,2024,4,false,21994.000,7163,6815015.99
MCOU,MD,00169477211,OZEMPIC 2 ,2024,4,false,70.000,24,21480.43
FFSU,MD,00169477212,OZEMPIC 2 ,2024,4,false,534.000,177,167721.00
MCOU,MD,00169477212,OZEMPIC 2 ,2024,4,false,18628.000,6075,5775262.04
MCOU,MD,00169413001,OZEMPIC 1 ,2024,3,false,183.000,61,56861.28
FFSU,MD,00169413001,OZEMPIC 1 ,2024,3,false,36.000,12,11351.75
MCOU,MD,00169413013,OZEMPIC 1 ,2024,3,false,20299.000,6567,6317093.25
FFSU,MD,00169413013,OZEMPIC 1 ,2024,3,false,588.000,195,185193.91
MCOU,MD,00169413212,OZEMPIC 0.,2024,3,true,,,
FFSU,MD,00169418113,OZEMPIC 0.,2024,3,false,1056.000,350,332978.78
MCOU,MD,00169418113,OZEMPIC 0.,2024,3,false,22920.500,7477,7119237.59
FFSU,MD,00169477211,OZEMPIC 2 ,2024,3,true,,,
MCOU,MD,00169477211,OZEMPIC 2 ,2024,3,false,39.000,13,11980.91
MCOU,MD,00169477212,OZEMPIC 2 ,2024,3,false,16593.000,5406,5176095.68
FFSU,MD,00169477212,OZEMPIC 2 ,2024,3,false,471.000,156,147861.74
MCOU,MD,00169413001,OZEMPIC 1 ,2024,2,false,162.000,54,49996.50
FFSU,MD,00169413001,OZEMPIC 1 ,2024,2,true,,,
FFSU,MD,00169413013,OZEMPIC 1 ,2024,2,false,594.000,195,186786.30
MCOU,MD,00169413013,OZEMPIC 1 ,2024,2,false,18225.000,5914,5663271.96
MCOU,MD,00169413212,OZEMPIC 0.,2024,2,true,,,
MCOU,MD,00169418113,OZEMPIC 0.,2024,2,false,23324.000,7585,7247525.05
FFSU,MD,00169418113,OZEMPIC 0.,2024,2,false,1003.000,331,315603.95
MCOU,MD,00169477211,OZEMPIC 2 ,2024,2,true,,,
FFSU,MD,00169477212,OZEMPIC 2 ,2024,2,false,381.000,124,119946.29
MCOU,MD,00169477212,OZEMPIC 2 ,2024,2,false,13771.000,4495,4304914.29
MCOU,MD,00169413001,OZEMPIC 1 ,2024,1,false,204.000,67,63361.44
FFSU,MD,00169413001,OZEMPIC 1 ,2024,1,true,,,
MCOU,MD,00169413013,OZEMPIC 1 ,2024,1,false,15264.000,4992,4754550.58
FFSU,MD,00169413013,OZEMPIC 1 ,2024,1,false,486.000,158,152376.16
MCOU,MD,00169413211,OZEMPIC 0.,2024,1,true,,,
MCOU,MD,00169413212,OZEMPIC 0.,2024,1,true,,,
FFSU,MD,00169418113,OZEMPIC 0.,2024,1,false,918.000,303,287197.19
MCOU,MD,00169418113,OZEMPIC 0.,2024,1,false,19054.000,6252,5954430.43
FFSU,MD,00169477211,OZEMPIC 2 ,2024,1,true,,,
MCOU,MD,00169477211,OZEMPIC 2 ,2024,1,true,,,
MCOU,MD,00169477212,OZEMPIC 2 ,2024,1,false,10789.500,3558,3383528.48
FFSU,MD,00169477212,OZEMPIC 2 ,2024,1,false,279.000,91,87136.86
FFSU,ME,00169413013,OZEMPIC   ,2024,4,false,2073.000,686,646529.82
FFSU,ME,00169418113,OZEMPIC   ,2024,4,false,2250.000,748,703929.13
FFSU,ME,00169477212,OZEMPIC   ,2024,4,false,2229.000,729,697714.55
FFSU,ME,00169413013,OZEMPIC   ,2024,3,false,2241.000,682,699117.23
FFSU,ME,00169418113,OZEMPIC   ,2024,3,false,2946.000,930,922133.78
FFSU,ME,00169477212,OZEMPIC   ,2024,3,false,1836.000,556,575270.61
FFSU,ME,00169413013,OZEMPIC   ,2024,2,false,2469.000,703,769722.67
FFSU,ME,00169413211,OZEMPIC   ,2024,2,true,,,
FFSU,ME,00169418113,OZEMPIC   ,2024,2,false,4374.000,1323,1365210.89
FFSU,ME,00169477212,OZEMPIC   ,2024,2,false,1761.000,488,551118.59
FFSU,ME,00169413013,OZEMPIC   ,2024,1,false,453.000,149,139160.89
FFSU,ME,00169418113,OZEMPIC   ,2024,1,false,525.000,167,158342.89
FFSU,ME,00169477212,OZEMPIC   ,2024,1,false,339.000,113,104960.48
MCOU,MI,00169413001,OZEMPIC   ,2024,4,true,,,
FFSU,MI,00169413013,OZEMPIC   ,2024,4,false,895.000,251,235457.35
MCOU,MI,00169413013,OZEMPIC   ,2024,4,false,10575.000,3213,3189123.24
MCOU,MI,00169418113,OZEMPIC   ,2024,4,false,14039.500,4482,4230846.20
FFSU,MI,00169418113,OZEMPIC   ,2024,4,false,1222.000,372,328555.98
MCOU,MI,00169477211,OZEMPIC   ,2024,4,true,,,
MCOU,MI,00169477212,OZEMPIC   ,2024,4,false,14040.000,4231,4241316.63
FFSU,MI,00169477212,OZEMPIC   ,2024,4,false,1101.000,305,284808.85
MCOU,MI,00169413001,OZEMPIC   ,2024,3,true,,,
MCOU,MI,00169413013,OZEMPIC   ,2024,3,false,10754.250,3218,3301104.20
FFSU,MI,00169413013,OZEMPIC   ,2024,3,false,1077.000,296,147333.25
MCOU,MI,00169413212,OZEMPIC   ,2024,3,true,,,
MCOU,MI,00169418113,OZEMPIC   ,2024,3,false,10321.000,3260,3163689.93
FFSU,MI,00169418113,OZEMPIC   ,2024,3,false,1221.000,374,192842.53
MCOU,MI,00169477211,OZEMPIC   ,2024,3,true,,,
MCOU,MI,00169477212,OZEMPIC   ,2024,3,false,12639.000,3713,3886794.62
FFSU,MI,00169477212,OZEMPIC   ,2024,3,false,933.000,249,141191.66
MCOU,MI,00169413001,OZEMPIC   ,2024,2,true,,,
MCOU,MI,00169413013,OZEMPIC   ,2024,2,false,9795.000,2927,3016793.63
FFSU,MI,00169413013,OZEMPIC   ,2024,2,false,1104.000,296,138738.30
MCOU,MI,00169413212,OZEMPIC   ,2024,2,true,,,
MCOU,MI,00169418113,OZEMPIC   ,2024,2,false,10548.000,3319,3253257.32
FFSU,MI,00169418113,OZEMPIC   ,2024,2,false,1224.000,382,173242.94
MCOU,MI,00169477211,OZEMPIC   ,2024,2,true,,,
MCOU,MI,00169477212,OZEMPIC   ,2024,2,false,10716.000,3146,3299723.25
FFSU,MI,00169477212,OZEMPIC   ,2024,2,false,1074.000,297,142909.13
FFSU,MI,00169413013,OZEMPIC   ,2024,1,false,1047.000,295,141369.97
MCOU,MI,00169413013,OZEMPIC   ,2024,1,false,8085.000,2407,2487741.05
MCOU,MI,00169413212,OZEMPIC   ,2024,1,true,,,
FFSU,MI,00169418113,OZEMPIC   ,2024,1,false,1194.000,345,174554.23
MCOU,MI,00169418113,OZEMPIC   ,2024,1,false,7986.000,2524,2460849.62
MCOU,MI,00169477211,OZEMPIC   ,2024,1,true,,,
FFSU,MI,00169477212,OZEMPIC   ,2024,1,false,1068.000,280,146547.13
MCOU,MI,00169477212,OZEMPIC   ,2024,1,false,8455.000,2490,2604245.36
FFSU,MN,00169413013,OZEMPIC   ,2024,4,false,759.000,251,229174.70
MCOU,MN,00169413013,OZEMPIC   ,2024,4,false,5658.000,1897,1780400.61
MCOU,MN,00169418113,OZEMPIC   ,2024,4,false,15135.000,5820,5589750.07
FFSU,MN,00169418113,OZEMPIC   ,2024,4,false,1086.000,364,337723.91
MCOU,MN,00169477211,OZEMPIC   ,2024,4,true,,,
FFSU,MN,00169477212,OZEMPIC   ,2024,4,false,987.000,329,297752.91
MCOU,MN,00169477212,OZEMPIC   ,2024,4,false,12144.000,4838,4752883.01
MCOU,MN,00169413013,OZEMPIC   ,2024,3,false,5532.000,1861,1772479.10
FFSU,MN,00169413013,OZEMPIC   ,2024,3,false,1425.000,475,438040.87
MCOU,MN,00169413212,OZEMPIC   ,2024,3,true,,,
FFSU,MN,00169418113,OZEMPIC   ,2024,3,false,2061.000,687,643257.06
MCOU,MN,00169418113,OZEMPIC   ,2024,3,false,8199.000,2755,2626044.25
MCOU,MN,00169477212,OZEMPIC   ,2024,3,false,4812.000,1620,1533981.12
FFSU,MN,00169477212,OZEMPIC   ,2024,3,false,879.000,293,266821.27
MCOU,MN,00169413013,OZEMPIC   ,2024,2,false,3399.000,1137,1089830.88
FFSU,MN,00169413013,OZEMPIC   ,2024,2,false,987.000,329,293010.46
MCOU,MN,00169413212,OZEMPIC   ,2024,2,true,,,
FFSU,MN,00169418113,OZEMPIC   ,2024,2,false,1650.000,550,508817.75
MCOU,MN,00169418113,OZEMPIC   ,2024,2,false,6546.000,2202,2093750.60
MCOU,MN,00169477212,OZEMPIC   ,2024,2,false,6438.000,1974,1986723.64
MCOU,MN,00169413013,OZEMPIC   ,2024,1,false,2316.000,774,733746.12
FFSU,MN,00169413013,OZEMPIC   ,2024,1,false,429.000,143,132784.67
MCOU,MN,00169418113,OZEMPIC   ,2024,1,false,2547.000,847,807031.03
FFSU,MN,00169418113,OZEMPIC   ,2024,1,false,528.000,176,166917.23
MCOU,MN,00169477212,OZEMPIC   ,2024,1,false,2562.000,854,812156.16
FFSU,MN,00169477212,OZEMPIC   ,2024,1,false,312.000,104,98549.14
FFSU,MO,00169413013,OZEMPIC   ,2024,4,false,2058.000,684,568653.98
FFSU,MO,00169418113,OZEMPIC   ,2024,4,false,1710.000,544,453723.08
FFSU,MO,00169477212,OZEMPIC   ,2024,4,false,3495.000,1163,1035334.62
FFSU,MO,00169413013,OZEMPIC   ,2024,3,false,2205.000,731,603859.99
FFSU,MO,00169418113,OZEMPIC   ,2024,3,false,1815.000,579,444990.69
FFSU,MO,00169477212,OZEMPIC   ,2024,3,false,3480.000,1160,994333.84
FFSU,MO,00169413013,OZEMPIC   ,2024,2,false,1914.000,638,498593.16
FFSU,MO,00169418113,OZEMPIC   ,2024,2,false,1617.000,519,372071.39
FFSU,MO,00169477212,OZEMPIC   ,2024,2,false,2829.000,943,803985.56
FFSU,MO,00169413013,OZEMPIC   ,2024,1,false,1710.000,569,459168.03
FFSU,MO,00169418113,OZEMPIC   ,2024,1,false,1410.000,438,318602.37
FFSU,MO,00169477212,OZEMPIC   ,2024,1,false,2178.000,726,596074.12
MCOU,MS,00169413001,OZEMPIC 1M,2024,4,true,,,
FFSU,MS,00169413013,OZEMPIC 1M,2024,4,false,33.000,11,10413.54
MCOU,MS,00169413013,OZEMPIC 1M,2024,4,false,675.000,210,212788.71
MCOU,MS,00169418113,OZEMPIC 0.,2024,4,false,348.000,116,109820.81
FFSU,MS,00169418113,OZEMPIC 0.,2024,4,true,,,
MCOU,MS,00169477211,OZEMPIC 2M,2024,4,true,,,
FFSU,MS,00169477212,OZEMPIC 2M,2024,4,false,75.000,25,23663.37
MCOU,MS,00169477212,OZEMPIC 2M,2024,4,false,868.000,290,273839.26
MCOU,MS,00169413001,OZEMPIC 1M,2024,3,true,,,
MCOU,MS,00169413013,OZEMPIC 1M,2024,3,false,783.000,240,246779.30
FFSU,MS,00169413013,OZEMPIC 1M,2024,3,true,,,
FFSU,MS,00169418113,OZEMPIC 0.,2024,3,true,,,
MCOU,MS,00169418113,OZEMPIC 0.,2024,3,false,498.000,166,157148.91
MCOU,MS,00169477211,OZEMPIC 2M,2024,3,true,,,
FFSU,MS,00169477212,OZEMPIC 2M,2024,3,false,78.000,26,24608.32
MCOU,MS,00169477212,OZEMPIC 2M,2024,3,false,828.000,274,263911.52
MCOU,MS,00169413001,OZEMPIC 1M,2024,2,true,,,
FFSU,MS,00169413013,OZEMPIC 1M,2024,2,true,,,
MCOU,MS,00169413013,OZEMPIC 1M,2024,2,false,834.000,274,255823.25
MCOU,MS,00169413212,OZEMPIC 0.,2024,2,true,,,
MCOU,MS,00169418113,OZEMPIC 0.,2024,2,false,828.000,274,258979.92
FFSU,MS,00169418113,OZEMPIC 0.,2024,2,true,,,
MCOU,MS,00169477211,OZEMPIC 2M,2024,2,true,,,
MCOU,MS,00169477212,OZEMPIC 2M,2024,2,false,786.000,255,247113.47
FFSU,MS,00169477212,OZEMPIC 2M,2024,2,false,96.000,32,30257.97
MCOU,MS,00169413001,OZEMPIC 1M,2024,1,true,,,
FFSU,MS,00169413013,OZEMPIC 1M,2024,1,false,54.000,18,16940.94
MCOU,MS,00169413013,OZEMPIC 1M,2024,1,false,612.000,204,186472.84
MCOU,MS,00169418113,OZEMPIC 0.,2024,1,false,585.000,195,182537.42
FFSU,MS,00169418113,OZEMPIC 0.,2024,1,true,,,
FFSU,MS,00169477212,OZEMPIC 2M,2024,1,false,99.000,33,31045.89
MCOU,MS,00169477212,OZEMPIC 2M,2024,1,false,591.000,194,186038.51
FFSU,MT,00169413013,OZEMPIC 1 ,2024,4,false,3546.000,1174,1117706.64
FFSU,MT,00169413211,OZEMPIC 0.,2024,4,true,,,
FFSU,MT,00169418113,OZEMPIC 0.,2024,4,false,3500.000,1165,1103936.79
FFSU,MT,00169477211,OZEMPIC 2 ,2024,4,true,,,
FFSU,MT,00169477212,OZEMPIC 2 ,2024,4,false,3726.000,1239,1172866.15
FFSU,MT,00169413013,OZEMPIC 1 ,2024,3,false,3936.000,1306,1240143.02
FFSU,MT,00169418113,OZEMPIC 0.,2024,3,false,4221.000,1407,1330326.75
FFSU,MT,00169477212,OZEMPIC 2 ,2024,3,false,3557.000,1182,1120598.95
FFSU,MT,00169413001,OZEMPIC 1 ,2024,2,true,,,
FFSU,MT,00169413013,OZEMPIC 1 ,2024,2,false,3453.000,1135,1092163.00
FFSU,MT,00169413212,OZEMPIC 0.,2024,2,true,,,
FFSU,MT,00169418113,OZEMPIC 0.,2024,2,false,3999.000,1329,1265121.52
FFSU,MT,00169477212,OZEMPIC 2 ,2024,2,false,2836.000,942,895317.52
FFSU,MT,00169413001,OZEMPIC 1 ,2024,1,true,,,
FFSU,MT,00169413013,OZEMPIC 1 ,2024,1,false,2778.000,910,870685.36
FFSU,MT,00169413212,OZEMPIC 0.,2024,1,true,,,
FFSU,MT,00169418113,OZEMPIC 0.,2024,1,false,3206.000,1065,1004764.97
FFSU,MT,00169477212,OZEMPIC 2 ,2024,1,false,2223.000,739,697405.47
FFSU,XX,00169413001,OZEMPIC 1M,2024,4,false,2317.000,675,728987.70
MCOU,XX,00169413001,OZEMPIC 1M,2024,4,false,553.000,181,178163.87
FFSU,XX,00169413013,OZEMPIC 1M,2024,4,false,511663.000,147182,160236963.97
MCOU,XX,00169413013,OZEMPIC 1M,2024,4,false,414040.250,128298,127201589.19
FFSU,XX,00169413211,OZEMPIC 0.,2024,4,true,,,
FFSU,XX,00169413212,OZEMPIC 0.,2024,4,false,62.500,28,38459.55
MCOU,XX,00169413212,OZEMPIC 0.,2024,4,false,63.000,30,35263.92
FFSU,XX,00169418103,OZEMPIC 0.,2024,4,false,153.000,51,48378.54
FFSU,XX,00169418113,OZEMPIC 0.,2024,4,false,639166.483,194814,200401578.58
MCOU,XX,00169418113,OZEMPIC 0.,2024,4,false,497060.500,162569,152730235.60
FFSU,XX,00169477211,OZEMPIC 2M,2024,4,false,522.000,162,164623.48
MCOU,XX,00169477211,OZEMPIC 2M,2024,4,false,409.000,135,127044.20
FFSU,XX,00169477212,OZEMPIC 2M,2024,4,false,477429.000,136328,149503715.71
MCOU,XX,00169477212,OZEMPIC 2M,2024,4,false,411192.000,126998,127396736.23
FFSU,XX,00169413001,OZEMPIC 1M,2024,3,false,2766.000,834,871032.11
MCOU,XX,00169413001,OZEMPIC 1M,2024,3,false,674.000,224,206663.57
FFSU,XX,00169413013,OZEMPIC 1M,2024,3,false,564828.000,161148,176762054.10
MCOU,XX,00169413013,OZEMPIC 1M,2024,3,false,417277.250,129769,129040653.60
FFSU,XX,00169413211,OZEMPIC 0.,2024,3,true,,,
MCOU,XX,00169413211,OZEMPIC 0.,2024,3,true,,,
FFSU,XX,00169413212,OZEMPIC 0.,2024,3,false,135.250,56,83867.30
MCOU,XX,00169413212,OZEMPIC 0.,2024,3,false,57.500,32,34624.62
FFSU,XX,00169418103,OZEMPIC 0.,2024,3,false,210.000,70,66375.24
FFSU,XX,00169418113,OZEMPIC 0.,2024,3,false,723743.499,219102,226840641.58
MCOU,XX,00169418113,OZEMPIC 0.,2024,3,false,517066.500,168892,158906909.97
FFSU,XX,00169477211,OZEMPIC 2M,2024,3,false,588.000,189,183640.89
MCOU,XX,00169477211,OZEMPIC 2M,2024,3,false,345.000,115,108912.75
FFSU,XX,00169477212,OZEMPIC 2M,2024,3,false,471162.000,132763,147482091.02
MCOU,XX,00169477212,OZEMPIC 2M,2024,3,false,336924.000,103461,104027507.01
FFSU,XX,00169413001,OZEMPIC 1M,2024,2,false,2657.000,784,835158.32
MCOU,XX,00169413001,OZEMPIC 1M,2024,2,false,548.000,182,172284.58
FFSU,XX,00169413013,OZEMPIC 1M,2024,2,false,460707.750,129954,143671556.26
MCOU,XX,00169413013,OZEMPIC 1M,2024,2,false,378908.000,115670,117116099.83
FFSU,XX,00169413211,OZEMPIC 0.,2024,2,true,,,
MCOU,XX,00169413211,OZEMPIC 0.,2024,2,true,,,
FFSU,XX,00169413212,OZEMPIC 0.,2024,2,false,278.500,126,173736.33
MCOU,XX,00169413212,OZEMPIC 0.,2024,2,false,109.500,65,60717.78
FFSU,XX,00169418103,OZEMPIC 0.,2024,2,false,90.000,28,28338.81
MCOU,XX,00169418103,OZEMPIC 0.,2024,2,true,,,
FFSU,XX,00169418113,OZEMPIC 0.,2024,2,false,631245.889,189905,197138792.20
MCOU,XX,00169418113,OZEMPIC 0.,2024,2,false,434476.660,140239,133557035.14
FFSU,XX,00169477211,OZEMPIC 2M,2024,2,false,321.000,107,97460.64
MCOU,XX,00169477211,OZEMPIC 2M,2024,2,false,249.000,87,77197.80
FFSU,XX,00169477212,OZEMPIC 2M,2024,2,false,342559.750,95555,106922479.05
MCOU,XX,00169477212,OZEMPIC 2M,2024,2,false,305225.000,92231,94381744.53
FFSU,XX,00169413001,OZEMPIC 1M,2024,1,false,2692.000,801,838432.58
MCOU,XX,00169413001,OZEMPIC 1M,2024,1,false,586.000,190,182938.05
FFSU,XX,00169413013,OZEMPIC 1M,2024,1,false,429299.500,120904,132833409.22
MCOU,XX,00169413013,OZEMPIC 1M,2024,1,false,311743.500,97007,95437006.75
FFSU,XX,00169413211,OZEMPIC 0.,2024,1,false,70.500,23,42308.11
MCOU,XX,00169413211,OZEMPIC 0.,2024,1,true,,,
FFSU,XX,00169413212,OZEMPIC 0.,2024,1,false,531.500,253,325340.17
MCOU,XX,00169413212,OZEMPIC 0.,2024,1,false,212.020,134,120410.09
FFSU,XX,00169418103,OZEMPIC 0.,2024,1,false,77.000,27,23802.12
FFSU,XX,00169418113,OZEMPIC 0.,2024,1,false,571793.800,171696,177034324.55
MCOU,XX,00169418113,OZEMPIC 0.,2024,1,false,418387.964,136862,128057700.91
FFSU,XX,00169477211,OZEMPIC 2M,2024,1,false,288.000,94,88911.78
MCOU,XX,00169477211,OZEMPIC 2M,2024,1,false,177.000,59,54914.62
FFSU,XX,00169477212,OZEMPIC 2M,2024,1,false,287540.000,80688,88973322.36
MCOU,XX,00169477212,OZEMPIC 2M,2024,1,false,232217.500,71210,71098432.11
MCOU,NC,00169413001,OZEMPIC   ,2024,4,true,,,
FFSU,NC,00169413001,OZEMPIC   ,2024,4,true,,,
FFSU,NC,00169413013,OZEMPIC   ,2024,4,false,1086.000,280,340942.07
MCOU,NC,00169413013,OZEMPIC   ,2024,4,false,36365.750,10623,11394583.90
FFSU,NC,00169418113,OZEMPIC   ,2024,4,false,1182.000,361,370928.70
MCOU,NC,00169418113,OZEMPIC   ,2024,4,false,40054.000,12412,12561328.97
MCOU,NC,00169477211,OZEMPIC   ,2024,4,false,39.000,13,12242.78
FFSU,NC,00169477212,OZEMPIC   ,2024,4,false,975.000,249,305969.81
MCOU,NC,00169477212,OZEMPIC   ,2024,4,false,36392.000,10460,11396607.88
MCOU,NC,00169413001,OZEMPIC   ,2024,3,true,,,
FFSU,NC,00169413001,OZEMPIC   ,2024,3,true,,,
FFSU,NC,00169413013,OZEMPIC   ,2024,3,false,1788.000,509,561440.36
MCOU,NC,00169413013,OZEMPIC   ,2024,3,false,34301.000,10032,10748392.67
FFSU,NC,00169413212,OZEMPIC   ,2024,3,true,,,
MCOU,NC,00169418113,OZEMPIC   ,2024,3,false,38816.000,12037,12163752.47
FFSU,NC,00169418113,OZEMPIC   ,2024,3,false,2134.500,628,670432.51
FFSU,NC,00169477211,OZEMPIC   ,2024,3,true,,,
MCOU,NC,00169477211,OZEMPIC   ,2024,3,false,33.000,11,10355.80
MCOU,NC,00169477212,OZEMPIC   ,2024,3,false,31203.000,8970,9774468.81
FFSU,NC,00169477212,OZEMPIC   ,2024,3,false,1284.000,363,402979.39
MCOU,NC,00169413001,OZEMPIC   ,2024,2,true,,,
FFSU,NC,00169413001,OZEMPIC   ,2024,2,true,,,
FFSU,NC,00169413013,OZEMPIC   ,2024,2,false,4212.000,1176,1319647.05
MCOU,NC,00169413013,OZEMPIC   ,2024,2,false,27065.000,7960,8469352.84
MCOU,NC,00169413212,OZEMPIC   ,2024,2,true,,,
FFSU,NC,00169413212,OZEMPIC   ,2024,2,true,,,
FFSU,NC,00169418113,OZEMPIC   ,2024,2,false,5797.500,1764,1816270.54
MCOU,NC,00169418113,OZEMPIC   ,2024,2,true,,,
MCOU,NC,00169477211,OZEMPIC   ,2024,2,true,,,
FFSU,NC,00169477211,OZEMPIC   ,2024,2,true,,,
MCOU,NC,00169477212,OZEMPIC   ,2024,2,false,22406.000,6540,7008516.95
FFSU,NC,00169477212,OZEMPIC   ,2024,2,false,3263.000,896,1021971.96
MCOU,NC,00169413001,OZEMPIC   ,2024,1,true,,,
FFSU,NC,00169413001,OZEMPIC   ,2024,1,true,,,
MCOU,NC,00169413013,OZEMPIC   ,2024,1,false,21161.000,6000,6597535.74
FFSU,NC,00169413013,OZEMPIC   ,2024,1,false,4060.000,1164,1262246.07
FFSU,NC,00169413212,OZEMPIC   ,2024,1,true,,,
MCOU,NC,00169413212,OZEMPIC   ,2024,1,true,,,
FFSU,NC,00169418113,OZEMPIC   ,2024,1,false,5583.500,1668,1734637.82
MCOU,NC,00169418113,OZEMPIC   ,2024,1,false,27361.000,8243,8514779.78
FFSU,NC,00169477211,OZEMPIC   ,2024,1,true,,,
MCOU,NC,00169477211,OZEMPIC   ,2024,1,true,,,
MCOU,NC,00169477212,OZEMPIC   ,2024,1,false,16089.000,4463,5007983.05
FFSU,NC,00169477212,OZEMPIC   ,2024,1,false,2899.000,802,899974.58
FFSU,ND,00169413013,OZEMPIC 1 ,2024,4,false,186.000,62,58743.96
FFSU,ND,00169418113,OZEMPIC 0.,2024,4,false,162.000,54,51186.54
FFSU,ND,00169477212,OZEMPIC 2 ,2024,4,false,147.000,49,46437.80
FFSU,ND,00169413013,OZEMPIC 1 ,2024,3,false,93.000,31,29260.83
FFSU,ND,00169418113,OZEMPIC 0.,2024,3,false,165.000,55,52011.91
FFSU,ND,00169477212,OZEMPIC 2 ,2024,3,false,108.000,36,34115.74
FFSU,ND,00169413013,OZEMPIC 1 ,2024,2,false,48.000,16,14974.68
FFSU,ND,00169418113,OZEMPIC 0.,2024,2,true,,,
FFSU,ND,00169477212,OZEMPIC 2 ,2024,2,false,78.000,26,24602.46
FFSU,ND,00169413013,OZEMPIC 1 ,2024,1,false,57.000,19,17669.88
FFSU,ND,00169418113,OZEMPIC 0.,2024,1,true,,,
FFSU,ND,00169477212,OZEMPIC 2 ,2024,1,false,63.000,21,19719.14
FFSU,NE,00169413013,OZEMPIC 1M,2024,4,true,,,
MCOU,NE,00169413013,OZEMPIC 1M,2024,4,false,5325.000,1772,1555581.16
MCOU,NE,00169413212,OZEMPIC 0.,2024,4,true,,,
MCOU,NE,00169418113,OZEMPIC 0.,2024,4,false,6480.000,2152,1892422.08
MCOU,NE,00169477212,OZEMPIC 2M,2024,4,false,5436.000,1812,1603723.00
MCOU,NE,00169413001,OZEMPIC 1M,2024,3,true,,,
MCOU,NE,00169413013,OZEMPIC 1M,2024,3,false,5340.000,1777,1628267.70
MCOU,NE,00169418113,OZEMPIC 0.,2024,3,false,6561.000,2185,2000422.42
MCOU,NE,00169477211,OZEMPIC 2M,2024,3,true,,,
MCOU,NE,00169477212,OZEMPIC 2M,2024,3,false,4905.000,1635,1507472.12
MCOU,NE,00169413013,OZEMPIC 1M,2024,2,false,4821.000,1683,1547733.29
MCOU,NE,00169413212,OZEMPIC 0.,2024,2,true,,,
MCOU,NE,00169418113,OZEMPIC 0.,2024,2,false,6336.000,2105,1926148.84
MCOU,NE,00169477212,OZEMPIC 2M,2024,2,false,4298.000,1427,1310202.75
MCOU,NE,00169413013,OZEMPIC 1M,2024,1,false,4317.000,1437,1319233.92
MCOU,NE,00169413212,OZEMPIC 0.,2024,1,true,,,
MCOU,NE,00169418113,OZEMPIC 0.,2024,1,false,5533.000,1848,1705312.92
MCOU,NE,00169477212,OZEMPIC 2M,2024,1,false,3255.000,1084,983059.15
FFSU,NH,00169413013,OZEMPIC   ,2024,4,true,,,
MCOU,NH,00169413013,OZEMPIC   ,2024,4,false,1944.000,599,560054.89
MCOU,NH,00169418113,OZEMPIC   ,2024,4,false,2256.000,741,647760.12
FFSU,NH,00169418113,OZEMPIC   ,2024,4,true,,,
FFSU,NH,00169477212,OZEMPIC   ,2024,4,true,,,
MCOU,NH,00169477212,OZEMPIC   ,2024,4,false,2112.000,619,604510.49
FFSU,NH,00169413013,OZEMPIC   ,2024,3,true,,,
MCOU,NH,00169413013,OZEMPIC   ,2024,3,false,1956.000,592,570115.33
FFSU,NH,00169418113,OZEMPIC   ,2024,3,true,,,
MCOU,NH,00169418113,OZEMPIC   ,2024,3,false,2334.000,764,678981.86
MCOU,NH,00169477212,OZEMPIC   ,2024,3,false,1857.000,560,546127.90
MCOU,NH,00169413013,OZEMPIC   ,2024,2,false,1824.000,544,535266.01
MCOU,NH,00169418113,OZEMPIC   ,2024,2,false,2778.000,919,815144.10
MCOU,NH,00169477212,OZEMPIC   ,2024,2,false,1674.000,478,482888.72
MCOU,NH,00169413013,OZEMPIC   ,2024,1,false,1383.000,411,408494.84
MCOU,NH,00169413212,OZEMPIC   ,2024,1,true,,,
MCOU,NH,00169418113,OZEMPIC   ,2024,1,false,2223.000,739,648462.56
FFSU,NH,00169418113,OZEMPIC   ,2024,1,true,,,
MCOU,NH,00169477212,OZEMPIC   ,2024,1,false,1161.000,343,332396.45
FFSU,NH,00169477212,OZEMPIC   ,2024,1,true,,,
MCOU,NJ,00169413001,OZEMPIC 1M,2024,4,false,73.000,21,22839.98
MCOU,NJ,00169413013,OZEMPIC 1M,2024,4,false,14777.000,4503,4656978.61
FFSU,NJ,00169413013,OZEMPIC 1M,2024,4,false,42.000,14,13323.42
MCOU,NJ,00169418113,OZEMPIC 0.,2024,4,false,17971.000,5748,5695092.43
FFSU,NJ,00169418113,OZEMPIC 0.,2024,4,false,78.000,26,24679.97
MCOU,NJ,00169477211,OZEMPIC 2M,2024,4,true,,,
FFSU,NJ,00169477212,OZEMPIC 2M,2024,4,true,,,
MCOU,NJ,00169477212,OZEMPIC 2M,2024,4,false,14348.000,4488,4536815.78
MCOU,NJ,00169413001,OZEMPIC 1M,2024,3,false,114.000,36,36248.22
FFSU,NJ,00169413013,OZEMPIC 1M,2024,3,false,81.000,25,25573.51
MCOU,NJ,00169413013,OZEMPIC 1M,2024,3,false,14298.000,4302,4503191.93
FFSU,NJ,00169418113,OZEMPIC 0.,2024,3,false,96.000,30,30198.11
MCOU,NJ,00169418113,OZEMPIC 0.,2024,3,false,18825.000,5959,5969229.36
MCOU,NJ,00169477211,OZEMPIC 2M,2024,3,false,33.000,11,11371.84
FFSU,NJ,00169477212,OZEMPIC 2M,2024,3,false,51.000,15,16150.85
MCOU,NJ,00169477212,OZEMPIC 2M,2024,3,false,12505.000,3902,3947648.42
MCOU,NJ,00169413001,OZEMPIC 1M,2024,2,false,110.000,38,35905.79
FFSU,NJ,00169413013,OZEMPIC 1M,2024,2,false,48.000,16,15245.60
MCOU,NJ,00169413013,OZEMPIC 1M,2024,2,false,13455.000,4022,4222756.55
MCOU,NJ,00169413212,OZEMPIC 0.,2024,2,true,,,
MCOU,NJ,00169418113,OZEMPIC 0.,2024,2,false,18422.000,5808,5805882.90
FFSU,NJ,00169418113,OZEMPIC 0.,2024,2,false,57.000,19,17986.76
MCOU,NJ,00169477211,OZEMPIC 2M,2024,2,false,33.000,11,9786.38
FFSU,NJ,00169477212,OZEMPIC 2M,2024,2,false,33.000,11,10421.91
MCOU,NJ,00169477212,OZEMPIC 2M,2024,2,false,10941.000,3430,3457563.15
MCOU,NJ,00169413001,OZEMPIC 1M,2024,1,false,165.000,50,53255.57
FFSU,NJ,00169413013,OZEMPIC 1M,2024,1,false,54.000,18,17125.67
MCOU,NJ,00169413013,OZEMPIC 1M,2024,1,false,11793.000,3588,3711035.02
MCOU,NJ,00169413211,OZEMPIC 0.,2024,1,true,,,
MCOU,NJ,00169413212,OZEMPIC 0.,2024,1,true,,,
FFSU,NJ,00169418113,OZEMPIC 0.,2024,1,false,51.000,17,16020.31
MCOU,NJ,00169418113,OZEMPIC 0.,2024,1,false,15433.500,4897,4850869.79
MCOU,NJ,00169477211,OZEMPIC 2M,2024,1,true,,,
MCOU,NJ,00169477212,OZEMPIC 2M,2024,1,false,9021.000,2874,2844296.06
FFSU,NJ,00169477212,OZEMPIC 2M,2024,1,true,,,
MCOU,NM,00169413001,OZEMPIC 1 ,2024,4,true,,,
FFSU,NM,00169413013,OZEMPIC 1 ,2024,4,false,2259.000,673,491878.27
MCOU,NM,00169413013,OZEMPIC 1 ,2024,4,false,8091.000,2357,2402604.61
MCOU,NM,00169418113,OZEMPIC 0.,2024,4,false,10182.000,3174,3040638.50
FFSU,NM,00169418113,OZEMPIC 0.,2024,4,false,2499.875,815,608773.39
FFSU,NM,00169477212,OZEMPIC 2 ,2024,4,false,912.000,286,217077.90
MCOU,NM,00169477212,OZEMPIC 2 ,2024,4,false,5856.000,1679,1740312.56
MCOU,NM,00169413001,OZEMPIC 1 ,2024,3,true,,,
FFSU,NM,00169413013,OZEMPIC 1 ,2024,3,false,2317.000,695,515196.19
MCOU,NM,00169413013,OZEMPIC 1 ,2024,3,false,7791.000,2330,2402590.71
FFSU,NM,00169418113,OZEMPIC 0.,2024,3,false,2874.500,932,699399.58
MCOU,NM,00169418113,OZEMPIC 0.,2024,3,false,10584.000,3183,3085865.69
FFSU,NM,00169477212,OZEMPIC 2 ,2024,3,false,882.000,279,211362.42
MCOU,NM,00169477212,OZEMPIC 2 ,2024,3,false,5142.000,1442,1524825.43
MCOU,NM,00169413013,OZEMPIC 1 ,2024,2,false,6096.000,1750,1810766.14
FFSU,NM,00169413013,OZEMPIC 1 ,2024,2,false,3051.000,895,659408.14
MCOU,NM,00169413212,OZEMPIC 0.,2024,2,true,,,
FFSU,NM,00169418113,OZEMPIC 0.,2024,2,false,3686.000,1187,878895.83
MCOU,NM,00169418113,OZEMPIC 0.,2024,2,false,8407.500,2590,2517737.60
MCOU,NM,00169477212,OZEMPIC 2 ,2024,2,false,3558.000,1007,1056022.51
FFSU,NM,00169477212,OZEMPIC 2 ,2024,2,false,946.000,299,228188.92
FFSU,NM,00169413013,OZEMPIC 1 ,2024,1,false,1545.000,439,318958.96
MCOU,NM,00169413013,OZEMPIC 1 ,2024,1,false,4734.000,1344,1400139.19
MCOU,NM,00169413212,OZEMPIC 0.,2024,1,true,,,
FFSU,NM,00169413212,OZEMPIC 0.,2024,1,true,,,
MCOU,NM,00169418113,OZEMPIC 0.,2024,1,false,6696.000,2079,2035366.79
FFSU,NM,00169418113,OZEMPIC 0.,2024,1,false,1788.000,576,438158.15
FFSU,NM,00169477212,OZEMPIC 2 ,2024,1,false,399.000,127,99853.75
MCOU,NM,00169477212,OZEMPIC 2 ,2024,1,false,2334.000,668,710971.24
MCOU,NV,00169413013,OZEMPIC   ,2024,4,false,7737.000,2432,2340215.44
FFSU,NV,00169413013,OZEMPIC   ,2024,4,false,3375.000,501,1008216.86
FFSU,NV,00169413212,OZEMPIC   ,2024,4,true,,,
FFSU,NV,00169418113,OZEMPIC   ,2024,4,false,4902.108,862,1462018.35
MCOU,NV,00169418113,OZEMPIC   ,2024,4,false,9996.000,3220,3002055.69
MCOU,NV,00169477212,OZEMPIC   ,2024,4,false,6054.000,1914,1800050.54
FFSU,NV,00169477212,OZEMPIC   ,2024,4,false,2568.000,354,758370.24
MCOU,NV,00169413001,OZEMPIC   ,2024,3,true,,,
MCOU,NV,00169413013,OZEMPIC   ,2024,3,false,7272.000,2361,2281835.52
FFSU,NV,00169413013,OZEMPIC   ,2024,3,false,2886.000,466,857901.99
FFSU,NV,00169413212,OZEMPIC   ,2024,3,true,,,
FFSU,NV,00169418113,OZEMPIC   ,2024,3,false,4089.000,750,1218800.29
MCOU,NV,00169418113,OZEMPIC   ,2024,3,false,10845.000,3644,3387335.95
MCOU,NV,00169477212,OZEMPIC   ,2024,3,false,5508.000,1804,1697559.74
FFSU,NV,00169477212,OZEMPIC   ,2024,3,false,2379.000,342,707859.24
FFSU,NV,00169413001,OZEMPIC   ,2024,2,true,,,
MCOU,NV,00169413001,OZEMPIC   ,2024,2,true,,,
FFSU,NV,00169413013,OZEMPIC   ,2024,2,false,2658.000,435,775164.92
MCOU,NV,00169413013,OZEMPIC   ,2024,2,false,6234.000,1954,1876883.76
FFSU,NV,00169413212,OZEMPIC   ,2024,2,true,,,
MCOU,NV,00169418113,OZEMPIC   ,2024,2,false,10055.000,3201,3012024.11
FFSU,NV,00169418113,OZEMPIC   ,2024,2,false,4483.000,812,1325224.00
FFSU,NV,00169477211,OZEMPIC   ,2024,2,true,,,
MCOU,NV,00169477212,OZEMPIC   ,2024,2,false,4347.000,1387,1297308.30
FFSU,NV,00169477212,OZEMPIC   ,2024,2,false,2040.000,313,607364.03
FFSU,NV,00169413001,OZEMPIC   ,2024,1,true,,,
MCOU,NV,00169413001,OZEMPIC   ,2024,1,true,,,
MCOU,NV,00169413013,OZEMPIC   ,2024,1,false,5148.000,1659,1535826.90
FFSU,NV,00169413013,OZEMPIC   ,2024,1,false,2949.000,441,888269.56
FFSU,NV,00169413212,OZEMPIC   ,2024,1,true,,,
MCOU,NV,00169413212,OZEMPIC   ,2024,1,true,,,
FFSU,NV,00169418113,OZEMPIC   ,2024,1,false,4021.500,721,1193095.36
MCOU,NV,00169418113,OZEMPIC   ,2024,1,false,7705.000,2430,2290135.18
FFSU,NV,00169477211,OZEMPIC   ,2024,1,true,,,
MCOU,NV,00169477212,OZEMPIC   ,2024,1,false,3342.000,1095,996381.10
FFSU,NV,00169477212,OZEMPIC   ,2024,1,false,2025.000,295,612513.34
FFSU,NY,00169413001,OZEMPIC   ,2024,4,false,1706.000,480,536724.94
MCOU,NY,00169413001,OZEMPIC   ,2024,4,true,,,
MCOU,NY,00169413013,OZEMPIC   ,2024,4,false,465.000,124,257857.38
FFSU,NY,00169413013,OZEMPIC   ,2024,4,false,123365.750,32861,38777272.77
FFSU,NY,00169413211,OZEMPIC   ,2024,4,true,,,
FFSU,NY,00169413212,OZEMPIC   ,2024,4,false,28.000,13,17505.95
FFSU,NY,00169418113,OZEMPIC   ,2024,4,false,171939.000,49929,54088989.24
MCOU,NY,00169418113,OZEMPIC   ,2024,4,false,639.000,195,325889.72
FFSU,NY,00169477212,OZEMPIC   ,2024,4,false,101600.000,26319,31919341.95
MCOU,NY,00169477212,OZEMPIC   ,2024,4,false,330.000,96,316271.89
MCOU,NY,00169413001,OZEMPIC   ,2024,3,true,,,
FFSU,NY,00169413001,OZEMPIC   ,2024,3,false,1911.000,558,601353.57
MCOU,NY,00169413013,OZEMPIC   ,2024,3,false,486.000,138,385726.94
FFSU,NY,00169413013,OZEMPIC   ,2024,3,false,131016.000,34782,41176640.35
FFSU,NY,00169413211,OZEMPIC   ,2024,3,true,,,
FFSU,NY,00169413212,OZEMPIC   ,2024,3,false,63.750,26,39821.99
FFSU,NY,00169418113,OZEMPIC   ,2024,3,false,187071.000,54120,58850023.71
MCOU,NY,00169418113,OZEMPIC   ,2024,3,false,648.000,200,343801.36
MCOU,NY,00169477212,OZEMPIC   ,2024,3,false,267.000,81,164959.37
FFSU,NY,00169477212,OZEMPIC   ,2024,3,false,101813.000,26312,31981747.44
FFSU,NY,00169413001,OZEMPIC   ,2024,2,false,1558.000,451,489368.29
MCOU,NY,00169413001,OZEMPIC   ,2024,2,true,,,
MCOU,NY,00169413013,OZEMPIC   ,2024,2,false,387.000,113,232441.33
FFSU,NY,00169413013,OZEMPIC   ,2024,2,false,116902.750,30466,36679910.82
FFSU,NY,00169413211,OZEMPIC   ,2024,2,true,,,
FFSU,NY,00169413212,OZEMPIC   ,2024,2,false,86.500,37,53742.54
FFSU,NY,00169418113,OZEMPIC   ,2024,2,false,169964.389,48770,53340162.01
MCOU,NY,00169418113,OZEMPIC   ,2024,2,false,513.000,161,306530.22
MCOU,NY,00169477212,OZEMPIC   ,2024,2,false,174.000,50,117552.95
FFSU,NY,00169477212,OZEMPIC   ,2024,2,false,82786.000,21224,25968658.75
MCOU,NY,00169413001,OZEMPIC   ,2024,1,true,,,
FFSU,NY,00169413001,OZEMPIC   ,2024,1,false,1572.000,452,489190.66
FFSU,NY,00169413013,OZEMPIC   ,2024,1,false,103270.000,27188,32165141.10
MCOU,NY,00169413013,OZEMPIC   ,2024,1,false,291.000,87,144942.47
FFSU,NY,00169413211,OZEMPIC   ,2024,1,false,52.500,16,32362.60
FFSU,NY,00169413212,OZEMPIC   ,2024,1,false,177.000,75,106892.49
FFSU,NY,00169418113,OZEMPIC   ,2024,1,false,143151.000,41071,44535287.54
MCOU,NY,00169418113,OZEMPIC   ,2024,1,false,541.000,169,281893.82
MCOU,NY,00169477212,OZEMPIC   ,2024,1,false,141.000,35,99205.87
FFSU,NY,00169477212,OZEMPIC   ,2024,1,false,66215.000,17018,20608888.87
MCOU,OH,00169413001,OZEMPIC 1M,2024,4,true,,,
FFSU,OH,00169413013,OZEMPIC 1M,2024,4,false,252.000,84,79025.75
MCOU,OH,00169413013,OZEMPIC 1M,2024,4,false,6696.000,2228,2092756.84
FFSU,OH,00169418113,OZEMPIC 0.,2024,4,false,291.000,97,90914.36
MCOU,OH,00169418113,OZEMPIC 0.,2024,4,false,4326.000,1442,1346674.98
MCOU,OH,00169477212,OZEMPIC 2M,2024,4,false,8610.000,2858,2687624.86
FFSU,OH,00169477212,OZEMPIC 2M,2024,4,false,507.000,169,157707.86
FFSU,OH,00169413013,OZEMPIC 1M,2024,3,false,321.000,107,100607.06
MCOU,OH,00169413013,OZEMPIC 1M,2024,3,false,8928.000,2966,2788944.57
MCOU,OH,00169418113,OZEMPIC 0.,2024,3,false,6465.000,2153,2011974.51
FFSU,OH,00169418113,OZEMPIC 0.,2024,3,false,339.000,113,105686.22
FFSU,OH,00169477212,OZEMPIC 2M,2024,3,false,483.000,161,150916.64
MCOU,OH,00169477212,OZEMPIC 2M,2024,3,false,9471.000,3147,2954400.79
MCOU,OH,00169413013,OZEMPIC 1M,2024,2,false,10755.000,2970,3360381.76
FFSU,OH,00169413013,OZEMPIC 1M,2024,2,false,435.000,135,132332.52
FFSU,OH,00169418113,OZEMPIC 0.,2024,2,false,459.000,147,140355.09
MCOU,OH,00169418113,OZEMPIC 0.,2024,2,false,7821.000,2582,2440954.41
MCOU,OH,00169477211,OZEMPIC 2M,2024,2,true,,,
FFSU,OH,00169477212,OZEMPIC 2M,2024,2,false,543.000,155,167089.08
MCOU,OH,00169477212,OZEMPIC 2M,2024,2,false,10041.000,2716,3138136.62
FFSU,OH,00169413013,OZEMPIC 1M,2024,1,false,702.000,197,204420.96
MCOU,OH,00169413013,OZEMPIC 1M,2024,1,false,10284.000,2794,3202557.80
MCOU,OH,00169413212,OZEMPIC 0.,2024,1,true,,,
FFSU,OH,00169418113,OZEMPIC 0.,2024,1,false,693.000,211,202251.14
MCOU,OH,00169418113,OZEMPIC 0.,2024,1,false,6729.000,2214,2091284.07
FFSU,OH,00169477212,OZEMPIC 2M,2024,1,false,561.000,162,166575.11
MCOU,OH,00169477212,OZEMPIC 2M,2024,1,false,8349.000,2242,2596412.90
FFSU,OK,00169413013,OZEMPIC 1M,2024,4,false,1170.000,390,369257.29
MCOU,OK,00169413013,OZEMPIC 1M,2024,4,false,3234.000,1076,1037203.92
MCOU,OK,00169418113,OZEMPIC 0.,2024,4,false,3666.000,1220,1171286.88
FFSU,OK,00169418113,OZEMPIC 0.,2024,4,false,753.000,251,237657.45
MCOU,OK,00169477212,OZEMPIC 2M,2024,4,false,3588.000,1192,1136565.82
FFSU,OK,00169477212,OZEMPIC 2M,2024,4,false,2265.000,755,714742.51
MCOU,OK,00169413013,OZEMPIC 1M,2024,3,false,3108.000,1036,1046515.94
FFSU,OK,00169413013,OZEMPIC 1M,2024,3,false,1206.000,402,380587.30
MCOU,OK,00169418113,OZEMPIC 0.,2024,3,false,3987.000,1327,1345125.70
FFSU,OK,00169418113,OZEMPIC 0.,2024,3,false,897.000,299,283099.04
MCOU,OK,00169477212,OZEMPIC 2M,2024,3,false,3240.000,1077,1089045.28
FFSU,OK,00169477212,OZEMPIC 2M,2024,3,false,2031.000,677,640866.50
FFSU,OK,00169413013,OZEMPIC 1M,2024,2,false,1314.000,438,414070.72
MCOU,OK,00169413013,OZEMPIC 1M,2024,2,false,3105.000,1032,1505310.61
MCOU,OK,00169418113,OZEMPIC 0.,2024,2,false,5253.000,1749,2418055.25
FFSU,OK,00169418113,OZEMPIC 0.,2024,2,false,1020.000,340,320633.71
MCOU,OK,00169477212,OZEMPIC 2M,2024,2,false,2868.000,954,1371231.73
FFSU,OK,00169477212,OZEMPIC 2M,2024,2,false,1929.000,643,607837.79
FFSU,OK,00169413013,OZEMPIC 1M,2024,1,false,2397.000,799,750872.00
FFSU,OK,00169418113,OZEMPIC 0.,2024,1,false,2052.000,684,641487.15
FFSU,OK,00169477212,OZEMPIC 2M,2024,1,false,3241.000,1081,1013832.47
FFSU,OR,00169413013,OZEMPIC 1M,2024,4,false,252.000,84,78832.30
MCOU,OR,00169413013,OZEMPIC 1M,2024,4,false,6999.000,2260,2152263.30
FFSU,OR,00169418113,OZEMPIC 0.,2024,4,false,204.000,68,62410.90
MCOU,OR,00169418113,OZEMPIC 0.,2024,4,false,6687.000,2212,2047269.00
MCOU,OR,00169477211,OZEMPIC 2M,2024,4,true,,,
MCOU,OR,00169477212,OZEMPIC 2M,2024,4,false,8304.000,2661,2550084.46
FFSU,OR,00169477212,OZEMPIC 2M,2024,4,false,273.000,91,84999.82
FFSU,OR,00169413013,OZEMPIC 1M,2024,3,false,234.000,78,72868.33
MCOU,OR,00169413013,OZEMPIC 1M,2024,3,false,6507.000,2103,1998002.36
FFSU,OR,00169418113,OZEMPIC 0.,2024,3,false,207.000,69,64385.84
MCOU,OR,00169418113,OZEMPIC 0.,2024,3,false,6993.000,2320,2163365.30
MCOU,OR,00169477212,OZEMPIC 2M,2024,3,false,7440.000,2380,2291760.88
FFSU,OR,00169477212,OZEMPIC 2M,2024,3,false,228.000,76,71460.35
FFSU,OR,00169413013,OZEMPIC 1M,2024,2,false,282.000,91,87342.59
MCOU,OR,00169413013,OZEMPIC 1M,2024,2,false,6093.000,1903,1858002.42
FFSU,OR,00169418113,OZEMPIC 0.,2024,2,false,258.000,86,81213.22
MCOU,OR,00169418113,OZEMPIC 0.,2024,2,false,7278.000,2381,2246930.70
FFSU,OR,00169477212,OZEMPIC 2M,2024,2,false,213.000,71,66560.06
MCOU,OR,00169477212,OZEMPIC 2M,2024,2,false,6243.000,1940,1914846.09
MCOU,OR,00169413001,OZEMPIC 1M,2024,1,true,,,
FFSU,OR,00169413013,OZEMPIC 1M,2024,1,false,234.000,76,72736.49
MCOU,OR,00169413013,OZEMPIC 1M,2024,1,false,4599.000,1431,1402490.79
MCOU,OR,00169413212,OZEMPIC 0.,2024,1,true,,,
FFSU,OR,00169418113,OZEMPIC 0.,2024,1,false,195.000,65,60932.37
MCOU,OR,00169418113,OZEMPIC 0.,2024,1,false,6084.000,1972,1880137.50
FFSU,OR,00169477212,OZEMPIC 2M,2024,1,false,180.000,60,56450.15
MCOU,OR,00169477212,OZEMPIC 2M,2024,1,false,4434.000,1367,1365684.35
MCOU,PA,00169413001,OZEMPIC 1M,2024,4,false,39.000,12,12167.27
MCOU,PA,00169413013,OZEMPIC 1M,2024,4,false,53053.000,16277,16521936.37
FFSU,PA,00169413013,OZEMPIC 1M,2024,4,false,675.000,185,211024.63
MCOU,PA,00169413212,OZEMPIC 0.,2024,4,false,28.500,16,17772.26
MCOU,PA,00169418113,OZEMPIC 0.,2024,4,false,69210.000,22263,21555095.70
FFSU,PA,00169418113,OZEMPIC 0.,2024,4,false,582.000,169,182393.21
MCOU,PA,00169477211,OZEMPIC 2M,2024,4,false,93.000,31,29128.15
MCOU,PA,00169477212,OZEMPIC 2M,2024,4,false,43877.000,13264,13659136.40
FFSU,PA,00169477212,OZEMPIC 2M,2024,4,false,633.000,161,197439.60
MCOU,PA,00169413001,OZEMPIC 1M,2024,3,false,72.000,24,22513.51
FFSU,PA,00169413013,OZEMPIC 1M,2024,3,false,789.000,213,246566.72
MCOU,PA,00169413013,OZEMPIC 1M,2024,3,false,49966.000,15327,15625870.37
MCOU,PA,00169413212,OZEMPIC 0.,2024,3,false,25.500,16,15826.85
MCOU,PA,00169418113,OZEMPIC 0.,2024,3,false,76048.000,24530,23806245.75
FFSU,PA,00169418113,OZEMPIC 0.,2024,3,false,789.000,228,247404.72
MCOU,PA,00169477211,OZEMPIC 2M,2024,3,false,72.000,24,22505.91
FFSU,PA,00169477212,OZEMPIC 2M,2024,3,false,573.000,152,178936.91
MCOU,PA,00169477212,OZEMPIC 2M,2024,3,false,35806.000,10787,11195715.53
MCOU,PA,00169413001,OZEMPIC 1M,2024,2,false,36.000,12,11275.92
MCOU,PA,00169413013,OZEMPIC 1M,2024,2,false,36831.000,11041,11496020.46
FFSU,PA,00169413013,OZEMPIC 1M,2024,2,false,603.000,160,187961.62
FFSU,PA,00169413212,OZEMPIC 0.,2024,2,true,,,
MCOU,PA,00169413212,OZEMPIC 0.,2024,2,false,34.500,23,21563.08
FFSU,PA,00169418113,OZEMPIC 0.,2024,2,false,735.000,212,229730.20
MCOU,PA,00169418113,OZEMPIC 0.,2024,2,false,71800.500,23151,22456244.24
MCOU,PA,00169477211,OZEMPIC 2M,2024,2,true,,,
MCOU,PA,00169477212,OZEMPIC 2M,2024,2,false,21807.000,6427,6804135.79
FFSU,PA,00169477212,OZEMPIC 2M,2024,2,false,528.000,126,164457.39
MCOU,PA,00169413001,OZEMPIC 1M,2024,1,true,,,
FFSU,PA,00169413013,OZEMPIC 1M,2024,1,false,571.000,152,167296.32
MCOU,PA,00169413013,OZEMPIC 1M,2024,1,false,15576.000,4611,4845396.90
MCOU,PA,00169413212,OZEMPIC 0.,2024,1,false,28.500,19,17786.48
FFSU,PA,00169418113,OZEMPIC 0.,2024,1,false,588.000,175,180370.25
MCOU,PA,00169418113,OZEMPIC 0.,2024,1,false,40897.500,13152,12717911.78
MCOU,PA,00169477211,OZEMPIC 2M,2024,1,true,,,
FFSU,PA,00169477212,OZEMPIC 2M,2024,1,false,420.000,103,128481.86
MCOU,PA,00169477212,OZEMPIC 2M,2024,1,false,9363.000,2728,2902776.49
MCOU,PR,00169413013,OZEMPIC   ,2024,4,false,48.000,16,15968.92
MCOU,PR,00169418113,OZEMPIC   ,2024,4,false,78.000,26,25934.16
MCOU,PR,00169477212,OZEMPIC   ,2024,4,true,,,
MCOU,PR,00169413001,OZEMPIC 1M,2024,3,true,,,
MCOU,PR,00169413013,OZEMPIC 1M,2024,3,true,,,
MCOU,PR,00169418113,OZEMPIC 0.,2024,3,true,,,
MCOU,PR,00169477212,OZEMPIC 2M,2024,3,true,,,
MCOU,PR,00169413001,OZEMPIC 1M,2024,2,true,,,
MCOU,PR,00169413013,OZEMPIC 1M,2024,2,true,,,
MCOU,PR,00169418113,OZEMPIC 0.,2024,2,true,,,
MCOU,PR,00169477212,OZEMPIC 2M,2024,2,true,,,
MCOU,PR,00169413001,OZEMPIC 1M,2024,1,true,,,
MCOU,PR,00169413013,OZEMPIC 1M,2024,1,true,,,
MCOU,PR,00169413212,OZEMPIC (0,2024,1,true,,,
MCOU,PR,00169418113,OZEMPIC 0.,2024,1,true,,,
MCOU,PR,00169477212,OZEMPIC 2M,2024,1,true,,,
MCOU,RI,00169413013,OZEMPIC 1M,2024,4,false,4497.000,1443,1400703.26
FFSU,RI,00169413013,OZEMPIC 1M,2024,4,false,60.000,20,18842.56
MCOU,RI,00169418113,OZEMPIC 0.,2024,4,false,6245.000,2031,1942083.83
FFSU,RI,00169418113,OZEMPIC 0.,2024,4,false,129.000,43,40346.47
FFSU,RI,00169477212,OZEMPIC 2M,2024,4,false,90.000,30,28263.10
MCOU,RI,00169477212,OZEMPIC 2M,2024,4,false,4368.000,1404,1354240.88
MCOU,RI,00169413013,OZEMPIC 1M,2024,3,false,4335.000,1399,1349797.23
FFSU,RI,00169413013,OZEMPIC 1M,2024,3,true,,,
FFSU,RI,00169418113,OZEMPIC 0.,2024,3,false,90.000,30,28079.55
MCOU,RI,00169418113,OZEMPIC 0.,2024,3,false,7014.000,2296,2178089.79
FFSU,RI,00169477212,OZEMPIC 2M,2024,3,false,51.000,17,15967.62
MCOU,RI,00169477212,OZEMPIC 2M,2024,3,false,4127.000,1328,1277963.96
MCOU,RI,00169413013,OZEMPIC 1M,2024,2,false,3507.000,1140,1087392.27
FFSU,RI,00169413013,OZEMPIC 1M,2024,2,false,36.000,12,11308.08
MCOU,RI,00169418113,OZEMPIC 0.,2024,2,false,6381.000,2092,1981483.02
FFSU,RI,00169418113,OZEMPIC 0.,2024,2,false,102.000,34,31482.02
FFSU,RI,00169477212,OZEMPIC 2M,2024,2,false,60.000,20,18750.12
MCOU,RI,00169477212,OZEMPIC 2M,2024,2,false,3231.000,1056,1000360.12
FFSU,RI,00169413013,OZEMPIC 1M,2024,1,true,,,
MCOU,RI,00169413013,OZEMPIC 1M,2024,1,false,2745.000,897,844287.01
FFSU,RI,00169418113,OZEMPIC 0.,2024,1,false,66.000,22,19615.91
MCOU,RI,00169418113,OZEMPIC 0.,2024,1,false,4703.000,1533,1459001.48
FFSU,RI,00169477212,OZEMPIC 2M,2024,1,true,,,
MCOU,RI,00169477212,OZEMPIC 2M,2024,1,false,2226.000,732,690890.64
FFSU,SC,00169413013,OZEMPIC   ,2024,4,false,567.000,189,178150.56
MCOU,SC,00169413013,OZEMPIC   ,2024,4,false,8343.000,2735,2520283.29
FFSU,SC,00169418113,OZEMPIC   ,2024,4,false,777.000,259,245872.94
MCOU,SC,00169418113,OZEMPIC   ,2024,4,false,8931.000,2944,2709854.44
FFSU,SC,00169477212,OZEMPIC   ,2024,4,false,432.000,144,135166.15
MCOU,SC,00169477212,OZEMPIC   ,2024,4,false,7392.000,2412,2230583.34
MCOU,SC,00169413001,OZEMPIC   ,2024,3,true,,,
FFSU,SC,00169413013,OZEMPIC   ,2024,3,false,699.000,233,220222.14
MCOU,SC,00169413013,OZEMPIC   ,2024,3,false,8199.000,2696,2472991.00
MCOU,SC,00169418113,OZEMPIC   ,2024,3,false,10118.000,3336,3081146.20
FFSU,SC,00169418113,OZEMPIC   ,2024,3,false,1007.000,336,318714.49
FFSU,SC,00169477212,OZEMPIC   ,2024,3,false,467.000,156,146917.58
MCOU,SC,00169477212,OZEMPIC   ,2024,3,false,7146.000,2348,2162786.60
MCOU,SC,00169413001,OZEMPIC   ,2024,2,true,,,
MCOU,SC,00169413013,OZEMPIC   ,2024,2,false,8586.000,2855,2574074.35
FFSU,SC,00169413013,OZEMPIC   ,2024,2,false,576.000,188,179686.01
MCOU,SC,00169418113,OZEMPIC   ,2024,2,false,9788.000,3263,2943463.73
FFSU,SC,00169418113,OZEMPIC   ,2024,2,false,740.000,247,233484.69
MCOU,SC,00169477212,OZEMPIC   ,2024,2,false,7339.000,2440,2190210.32
FFSU,SC,00169477212,OZEMPIC   ,2024,2,false,459.000,153,141238.27
MCOU,SC,00169413001,OZEMPIC   ,2024,1,true,,,
FFSU,SC,00169413013,OZEMPIC   ,2024,1,false,417.000,136,125343.11
MCOU,SC,00169413013,OZEMPIC   ,2024,1,false,7908.000,2667,2394420.32
FFSU,SC,00169413212,OZEMPIC   ,2024,1,true,,,
FFSU,SC,00169418113,OZEMPIC   ,2024,1,false,312.000,104,97077.88
MCOU,SC,00169418113,OZEMPIC   ,2024,1,false,9163.964,3102,2784640.73
FFSU,SC,00169477212,OZEMPIC   ,2024,1,false,348.000,116,106532.78
MCOU,SC,00169477212,OZEMPIC   ,2024,1,false,6165.000,2078,1868468.71
FFSU,SD,00169413013,OZEMPIC 1M,2024,4,false,2055.000,667,620406.80
FFSU,SD,00169418113,OZEMPIC 0.,2024,4,false,2289.000,760,696784.69
FFSU,SD,00169477212,OZEMPIC 2M,2024,4,false,1629.000,542,500178.09
FFSU,SD,00169413013,OZEMPIC 1M,2024,3,false,1833.000,604,557590.51
FFSU,SD,00169418113,OZEMPIC 0.,2024,3,false,2091.000,695,639976.21
FFSU,SD,00169477212,OZEMPIC 2M,2024,3,false,1668.000,556,514040.10
FFSU,SD,00169413001,OZEMPIC 1M,2024,2,true,,,
FFSU,SD,00169413013,OZEMPIC 1M,2024,2,false,1869.000,608,566737.49
FFSU,SD,00169418113,OZEMPIC 0.,2024,2,false,2037.000,665,620827.00
FFSU,SD,00169477212,OZEMPIC 2M,2024,2,false,1446.000,482,444922.06
FFSU,SD,00169413013,OZEMPIC 1M,2024,1,false,1479.000,477,452094.02
FFSU,SD,00169418113,OZEMPIC 0.,2024,1,false,1590.000,511,487153.94
FFSU,SD,00169477212,OZEMPIC 2M,2024,1,false,1083.000,358,333630.03
FFSU,TN,00169413001,OZEMPIC 1M,2024,4,true,,,
FFSU,TN,00169413013,OZEMPIC 1M,2024,4,false,13980.000,4660,4405052.86
FFSU,TN,00169413212,OZEMPIC 0.,2024,4,true,,,
FFSU,TN,00169418113,OZEMPIC 0.,2024,4,false,15858.000,5286,4996672.10
FFSU,TN,00169477211,OZEMPIC 2M,2024,4,true,,,
FFSU,TN,00169477212,OZEMPIC 2M,2024,4,false,14796.000,4932,4661621.42
FFSU,TN,00169413001,OZEMPIC 1M,2024,3,true,,,
FFSU,TN,00169413013,OZEMPIC 1M,2024,3,false,13989.000,4663,4407195.84
FFSU,TN,00169418113,OZEMPIC 0.,2024,3,false,15672.000,5224,4937761.75
FFSU,TN,00169477211,OZEMPIC 2M,2024,3,true,,,
FFSU,TN,00169477212,OZEMPIC 2M,2024,3,false,13791.000,4597,4344657.03
FFSU,TN,00169413001,OZEMPIC 1M,2024,2,true,,,
FFSU,TN,00169413013,OZEMPIC 1M,2024,2,false,14277.000,4759,4491381.14
FFSU,TN,00169413212,OZEMPIC 0.,2024,2,true,,,
FFSU,TN,00169418113,OZEMPIC 0.,2024,2,false,16035.000,5345,5041498.36
FFSU,TN,00169477211,OZEMPIC 2M,2024,2,true,,,
FFSU,TN,00169477212,OZEMPIC 2M,2024,2,false,12855.000,4283,4044210.08
MCOU,TN,00169413001,OZEMPIC 1M,2024,1,true,,,
FFSU,TN,00169413013,OZEMPIC 1M,2024,1,false,14433.000,4811,4503496.28
FFSU,TN,00169413212,OZEMPIC 0.,2024,1,true,,,
FFSU,TN,00169418113,OZEMPIC 0.,2024,1,false,15546.000,5182,4844329.17
FFSU,TN,00169477211,OZEMPIC 2M,2024,1,true,,,
FFSU,TN,00169477212,OZEMPIC 2M,2024,1,false,12075.000,4025,3767254.08
MCOU,TX,00169413013,OZEMPIC 1 ,2024,4,false,22833.000,7233,6938464.24
FFSU,TX,00169413013,OZEMPIC 1 ,2024,4,false,45.000,15,14364.42
FFSU,TX,00169418113,OZEMPIC 0.,2024,4,false,75.000,25,24070.15
MCOU,TX,00169418113,OZEMPIC 0.,2024,4,false,29109.000,9661,8836446.87
FFSU,TX,00169477212,OZEMPIC 2 ,2024,4,false,57.000,11,18214.20
MCOU,TX,00169477212,OZEMPIC 2 ,2024,4,false,21215.000,6286,6452126.57
MCOU,TX,00169413013,OZEMPIC 1 ,2024,3,false,21715.000,6831,6611111.86
FFSU,TX,00169413013,OZEMPIC 1 ,2024,3,true,,,
MCOU,TX,00169418113,OZEMPIC 0.,2024,3,false,29136.000,9675,8853658.96
FFSU,TX,00169418113,OZEMPIC 0.,2024,3,false,90.000,30,28797.61
FFSU,TX,00169477212,OZEMPIC 2 ,2024,3,false,36.000,12,11543.84
MCOU,TX,00169477212,OZEMPIC 2 ,2024,3,false,18144.000,5436,5532101.90
FFSU,TX,00169413013,OZEMPIC 1 ,2024,2,true,,,
MCOU,TX,00169413013,OZEMPIC 1 ,2024,2,false,20801.000,6500,6367035.33
MCOU,TX,00169413212,OZEMPIC 0.,2024,2,true,,,
MCOU,TX,00169418113,OZEMPIC 0.,2024,2,false,29546.000,9809,9026330.93
FFSU,TX,00169418113,OZEMPIC 0.,2024,2,false,96.000,27,30705.60
FFSU,TX,00169477212,OZEMPIC 2 ,2024,2,true,,,
MCOU,TX,00169477212,OZEMPIC 2 ,2024,2,false,16185.000,4990,4949914.41
FFSU,TX,00169413013,OZEMPIC 1 ,2024,1,true,,,
MCOU,TX,00169413013,OZEMPIC 1 ,2024,1,false,16415.000,5121,5040940.99
MCOU,TX,00169413212,OZEMPIC 0.,2024,1,false,30.000,17,18246.61
MCOU,TX,00169418113,OZEMPIC 0.,2024,1,false,25920.500,8378,7929591.09
FFSU,TX,00169418113,OZEMPIC 0.,2024,1,false,186.000,46,58896.69
FFSU,TX,00169477212,OZEMPIC 2 ,2024,1,false,51.000,15,15765.06
MCOU,TX,00169477212,OZEMPIC 2 ,2024,1,false,12475.000,3829,3818331.45
FFSU,UT,00169413013,OZEMPIC 1M,2024,4,false,240.000,79,74417.61
MCOU,UT,00169413013,OZEMPIC 1M,2024,4,false,2040.000,668,643346.15
FFSU,UT,00169418113,OZEMPIC 0.,2024,4,false,336.000,112,103949.18
MCOU,UT,00169418113,OZEMPIC 0.,2024,4,false,2232.000,726,743130.22
FFSU,UT,00169477212,OZEMPIC 2M,2024,4,false,198.000,66,62110.70
MCOU,UT,00169477212,OZEMPIC 2M,2024,4,false,2214.000,714,719505.59
FFSU,UT,00169413013,OZEMPIC 1M,2024,3,false,576.000,190,177457.05
MCOU,UT,00169413013,OZEMPIC 1M,2024,3,false,1755.000,563,587762.31
FFSU,UT,00169413212,OZEMPIC 0.,2024,3,true,,,
FFSU,UT,00169418113,OZEMPIC 0.,2024,3,false,1125.000,376,346066.97
MCOU,UT,00169418113,OZEMPIC 0.,2024,3,false,2054.000,670,669626.81
FFSU,UT,00169477212,OZEMPIC 2M,2024,3,false,360.000,118,111260.11
MCOU,UT,00169477212,OZEMPIC 2M,2024,3,false,1902.000,608,610142.76
FFSU,UT,00169413013,OZEMPIC 1M,2024,2,false,699.000,218,215714.61
MCOU,UT,00169413013,OZEMPIC 1M,2024,2,false,1332.000,432,433875.31
MCOU,UT,00169418113,OZEMPIC 0.,2024,2,false,1621.000,528,538894.31
FFSU,UT,00169418113,OZEMPIC 0.,2024,2,false,1882.000,598,585933.77
MCOU,UT,00169477212,OZEMPIC 2M,2024,2,false,1269.000,403,429492.98
FFSU,UT,00169477212,OZEMPIC 2M,2024,2,false,549.000,159,170414.35
MCOU,UT,00169413013,OZEMPIC 1M,2024,1,false,1320.000,426,435118.87
FFSU,UT,00169413013,OZEMPIC 1M,2024,1,false,150.000,45,46643.62
FFSU,UT,00169418113,OZEMPIC 0.,2024,1,false,282.000,90,88197.58
MCOU,UT,00169418113,OZEMPIC 0.,2024,1,false,1647.500,543,533492.02
FFSU,UT,00169477212,OZEMPIC 2M,2024,1,false,117.000,39,36475.37
MCOU,UT,00169477212,OZEMPIC 2M,2024,1,false,1089.000,351,357091.59
MCOU,VA,00169413001,OZEMPIC   ,2024,4,true,,,
MCOU,VA,00169413013,OZEMPIC   ,2024,4,false,7593.000,2506,2327692.15
FFSU,VA,00169413013,OZEMPIC   ,2024,4,false,45.000,15,14190.55
FFSU,VA,00169418113,OZEMPIC   ,2024,4,false,48.000,16,15126.73
MCOU,VA,00169418113,OZEMPIC   ,2024,4,false,6413.000,2120,1963812.66
MCOU,VA,00169477211,OZEMPIC   ,2024,4,true,,,
MCOU,VA,00169477212,OZEMPIC   ,2024,4,false,9123.000,2997,2793955.42
FFSU,VA,00169477212,OZEMPIC   ,2024,4,false,66.000,22,20809.76
MCOU,VA,00169413001,OZEMPIC   ,2024,3,true,,,
FFSU,VA,00169413013,OZEMPIC   ,2024,3,false,48.000,16,15135.50
MCOU,VA,00169413013,OZEMPIC   ,2024,3,false,8097.000,2656,2471436.73
MCOU,VA,00169413212,OZEMPIC   ,2024,3,true,,,
FFSU,VA,00169418113,OZEMPIC   ,2024,3,false,105.000,35,33101.64
MCOU,VA,00169418113,OZEMPIC   ,2024,3,false,7399.000,2436,2255035.18
MCOU,VA,00169477212,OZEMPIC   ,2024,3,false,8577.000,2807,2618589.69
FFSU,VA,00169477212,OZEMPIC   ,2024,3,false,48.000,16,15112.30
FFSU,VA,00169413013,OZEMPIC   ,2024,2,false,39.000,13,12274.40
MCOU,VA,00169413013,OZEMPIC   ,2024,2,false,8010.000,2605,2451179.45
MCOU,VA,00169418113,OZEMPIC   ,2024,2,false,7302.000,2402,2220726.81
FFSU,VA,00169418113,OZEMPIC   ,2024,2,false,84.000,28,26413.70
MCOU,VA,00169477211,OZEMPIC   ,2024,2,true,,,
FFSU,VA,00169477212,OZEMPIC   ,2024,2,false,105.000,35,33025.77
MCOU,VA,00169477212,OZEMPIC   ,2024,2,false,7248.000,2377,2214129.32
FFSU,VA,00169413013,OZEMPIC   ,2024,1,false,48.000,16,15104.48
MCOU,VA,00169413013,OZEMPIC   ,2024,1,false,7758.000,2524,2390991.25
MCOU,VA,00169418113,OZEMPIC   ,2024,1,false,8025.000,2645,2465691.58
FFSU,VA,00169418113,OZEMPIC   ,2024,1,false,57.000,19,17857.74
MCOU,VA,00169477212,OZEMPIC   ,2024,1,false,6327.000,2074,1953004.79
FFSU,VA,00169477212,OZEMPIC   ,2024,1,false,57.000,19,17809.19
FFSU,VT,00169413013,OZEMPIC 1M,2024,4,false,2382.000,662,742412.77
FFSU,VT,00169418113,OZEMPIC 0.,2024,4,false,2391.000,744,748460.64
FFSU,VT,00169477212,OZEMPIC 2M,2024,4,false,3021.000,801,940830.83
FFSU,VT,00169413013,OZEMPIC 1M,2024,3,false,2520.000,690,783268.93
FFSU,VT,00169418113,OZEMPIC 0.,2024,3,false,2718.000,804,844238.22
FFSU,VT,00169477212,OZEMPIC 2M,2024,3,false,2901.000,767,903651.47
FFSU,VT,00169413013,OZEMPIC 1M,2024,2,false,3438.000,872,1067398.98
FFSU,VT,00169418113,OZEMPIC 0.,2024,2,false,3867.000,1125,1202463.35
FFSU,VT,00169477212,OZEMPIC 2M,2024,2,false,3327.000,779,1021660.37
FFSU,VT,00169413013,OZEMPIC 1M,2024,1,false,1254.000,314,378638.25
FFSU,VT,00169418113,OZEMPIC 0.,2024,1,false,1594.500,449,486907.64
FFSU,VT,00169477212,OZEMPIC 2M,2024,1,false,1335.000,292,403332.71
FFSU,WA,00169413013,OZEMPIC 1 ,2024,4,false,162.000,52,51048.45
MCOU,WA,00169413013,OZEMPIC 1 ,2024,4,false,6989.000,2236,2111079.91
MCOU,WA,00169418113,OZEMPIC 0.,2024,4,false,5993.000,1926,1802155.52
FFSU,WA,00169418113,OZEMPIC 0.,2024,4,false,108.000,36,34028.71
FFSU,WA,00169477212,OZEMPIC 2 ,2024,4,false,183.000,57,57642.76
MCOU,WA,00169477212,OZEMPIC 2 ,2024,4,false,7689.000,2535,2328277.46
MCOU,WA,00169413013,OZEMPIC 1 ,2024,3,false,6714.000,2136,2036046.34
FFSU,WA,00169413013,OZEMPIC 1 ,2024,3,false,141.000,43,44428.75
FFSU,WA,00169418113,OZEMPIC 0.,2024,3,false,98.000,33,30891.12
MCOU,WA,00169418113,OZEMPIC 0.,2024,3,false,6231.000,2003,1887886.76
FFSU,WA,00169477212,OZEMPIC 2 ,2024,3,false,150.000,48,47234.55
MCOU,WA,00169477212,OZEMPIC 2 ,2024,3,false,6470.000,2129,1971741.16
FFSU,WA,00169413013,OZEMPIC 1 ,2024,2,false,117.000,38,36792.42
MCOU,WA,00169413013,OZEMPIC 1 ,2024,2,false,6183.000,1942,1968806.55
MCOU,WA,00169418113,OZEMPIC 0.,2024,2,false,6102.000,1957,1949698.96
FFSU,WA,00169418113,OZEMPIC 0.,2024,2,false,78.000,25,24509.01
FFSU,WA,00169477212,OZEMPIC 2 ,2024,2,false,153.000,51,48123.48
MCOU,WA,00169477212,OZEMPIC 2 ,2024,2,false,5667.000,1853,1806778.37
MCOU,WA,00169413013,OZEMPIC 1M,2024,1,false,5394.000,1663,1597895.18
FFSU,WA,00169413013,OZEMPIC 1M,2024,1,false,189.000,53,58817.42
MCOU,WA,00169418113,OZEMPIC 0.,2024,1,false,4992.000,1595,1483128.04
FFSU,WA,00169418113,OZEMPIC 0.,2024,1,false,126.000,41,37327.91
FFSU,WA,00169477212,OZEMPIC 2M,2024,1,false,147.000,49,45676.36
MCOU,WA,00169477212,OZEMPIC 2M,2024,1,false,4545.000,1489,1356635.89
FFSU,WI,00169413013,OZEMPIC 1M,2024,4,false,8928.000,2968,2848348.39
FFSU,WI,00169418113,OZEMPIC 0.,2024,4,false,11042.000,3676,3511110.35
FFSU,WI,00169477212,OZEMPIC 2M,2024,4,false,8547.000,2843,2715352.75
FFSU,WI,00169413013,OZEMPIC 1M,2024,3,false,10435.000,3470,3326202.84
FFSU,WI,00169413212,OZEMPIC 0.,2024,3,true,,,
FFSU,WI,00169418113,OZEMPIC 0.,2024,3,false,16432.000,5472,5217023.02
FFSU,WI,00169477212,OZEMPIC 2M,2024,3,false,8367.000,2785,2664913.04
FFSU,WI,00169413013,OZEMPIC 1M,2024,2,false,5561.000,1847,1773791.01
FFSU,WI,00169413212,OZEMPIC 0.,2024,2,true,,,
FFSU,WI,00169418113,OZEMPIC 0.,2024,2,false,11681.500,3888,3724863.50
FFSU,WI,00169477212,OZEMPIC 2M,2024,2,false,3869.000,1286,1233839.02
FFSU,WI,00169413013,OZEMPIC 1M,2024,1,false,621.000,207,195425.32
FFSU,WI,00169418113,OZEMPIC 0.,2024,1,false,1341.000,447,423785.47
FFSU,WI,00169477212,OZEMPIC 2M,2024,1,false,521.000,170,165827.34
FFSU,WV,00169413013,OZEMPIC 1 ,2024,4,false,21160.250,6969,6633037.98
FFSU,WV,00169413212,OZEMPIC 0.,2024,4,true,,,
FFSU,WV,00169418113,OZEMPIC 0.,2024,4,false,24688.000,8151,7727919.25
FFSU,WV,00169477211,OZEMPIC 2 ,2024,4,true,,,
FFSU,WV,00169477212,OZEMPIC 2 ,2024,4,false,19269.000,6354,6039715.32
FFSU,WV,00169413001,OZEMPIC 1 ,2024,3,true,,,
FFSU,WV,00169413013,OZEMPIC 1 ,2024,3,false,18181.000,6037,5712621.79
FFSU,WV,00169413212,OZEMPIC 0.,2024,3,true,,,
FFSU,WV,00169418113,OZEMPIC 0.,2024,3,false,22377.000,7452,7019914.15
FFSU,WV,00169477212,OZEMPIC 2 ,2024,3,false,15618.000,5167,4897964.13
FFSU,WV,00169413013,OZEMPIC 1 ,2024,2,false,16643.000,5537,5218012.64
FFSU,WV,00169413212,OZEMPIC 0.,2024,2,true,,,
FFSU,WV,00169418113,OZEMPIC 0.,2024,2,false,20808.500,6925,6520445.07
FFSU,WV,00169477211,OZEMPIC 2 ,2024,2,true,,,
FFSU,WV,00169477212,OZEMPIC 2 ,2024,2,false,12726.000,4224,3986331.86
FFSU,WV,00169413013,OZEMPIC 1 ,2024,1,false,15831.000,5270,4896386.40
FFSU,WV,00169413212,OZEMPIC 0.,2024,1,true,,,
FFSU,WV,00169418113,OZEMPIC 0.,2024,1,false,19494.000,6488,6021806.61
FFSU,WV,00169477212,OZEMPIC 2 ,2024,1,false,10496.000,3491,3237109.76
FFSU,WY,00169413013,OZEMPIC 1M,2024,4,false,207.000,69,65277.34
FFSU,WY,00169418113,OZEMPIC 0.,2024,4,false,108.000,36,34059.49
FFSU,WY,00169477212,OZEMPIC 2M,2024,4,false,162.000,52,50912.67
FFSU,WY,00169413001,OZEMPIC 1M,2024,3,true,,,
FFSU,WY,00169413013,OZEMPIC 1M,2024,3,false,240.000,78,75317.83
FFSU,WY,00169418113,OZEMPIC 0.,2024,3,false,180.000,58,56740.22
FFSU,WY,00169477212,OZEMPIC 2M,2024,3,false,132.000,42,41378.80
FFSU,WY,00169413013,OZEMPIC 1M,2024,2,false,285.000,85,87426.68
FFSU,WY,00169418113,OZEMPIC 0.,2024,2,false,459.000,150,141129.46
FFSU,WY,00169477212,OZEMPIC 2M,2024,2,false,213.000,59,66253.73
FFSU,WY,00169413013,OZEMPIC 1M,2024,1,false,165.000,55,48453.32
FFSU,WY,00169418113,OZEMPIC 0.,2024,1,false,159.000,52,47923.53
FFSU,WY,00169477212,OZEMPIC 2M,2024,1,false,135.000,39,41517.03
FFSU,AL,00169450114,WEGOVY 1MG,2024,4,true,,,
FFSU,AL,00169450514,WEGOVY 0.5,2024,4,true,,,
FFSU,AL,00169451714,WEGOVY 1.7,2024,4,true,,,
FFSU,AL,00169452514,WEGOVY 0.2,2024,4,false,42.000,21,28903.83
FFSU,AL,00169450514,WEGOVY 0.5,2024,3,true,,,
FFSU,AL,00169452514,WEGOVY 0.2,2024,3,true,,,
FFSU,AR,00169450114,WEGOVY    ,2024,4,true,,,
MCOU,AR,00169450114,WEGOVY    ,2024,4,true,,,
MCOU,AR,00169450514,WEGOVY    ,2024,4,true,,,
FFSU,AR,00169450514,WEGOVY    ,2024,4,true,,,
MCOU,AR,00169451714,WEGOVY    ,2024,4,true,,,
FFSU,AR,00169451714,WEGOVY    ,2024,4,true,,,
FFSU,AR,00169452514,WEGOVY    ,2024,4,true,,,
MCOU,AR,00169450114,WEGOVY    ,2024,3,true,,,
FFSU,AR,00169450114,WEGOVY    ,2024,3,true,,,
MCOU,AR,00169450514,WEGOVY    ,2024,3,true,,,
MCOU,AR,00169452514,WEGOVY    ,2024,3,true,,,
FFSU,AR,00169452514,WEGOVY    ,2024,3,true,,,
MCOU,AZ,00169450114,WEGOVY    ,2024,4,false,46.000,23,29405.62
MCOU,AZ,00169450514,WEGOVY    ,2024,4,false,46.000,23,29589.17
MCOU,AZ,00169451714,WEGOVY    ,2024,4,false,93.000,31,39794.75
MCOU,AZ,00169452414,WEGOVY    ,2024,4,false,183.000,59,79195.96
MCOU,AZ,00169452514,WEGOVY    ,2024,4,false,102.000,51,65148.10
MCOU,AZ,00169450114,WEGOVY    ,2024,3,false,48.000,24,30961.28
MCOU,AZ,00169450514,WEGOVY    ,2024,3,false,66.000,33,42554.63
MCOU,AZ,00169451714,WEGOVY    ,2024,3,false,66.000,22,28233.83
MCOU,AZ,00169452414,WEGOVY    ,2024,3,false,162.000,54,70029.92
MCOU,AZ,00169452514,WEGOVY    ,2024,3,false,76.000,38,49048.95
MCOU,AZ,00169450114,WEGOVY    ,2024,2,false,32.000,16,20688.03
MCOU,AZ,00169450514,WEGOVY    ,2024,2,false,46.000,23,29669.51
MCOU,AZ,00169451714,WEGOVY    ,2024,2,false,81.000,27,35006.59
MCOU,AZ,00169452414,WEGOVY    ,2024,2,false,219.000,69,94137.01
MCOU,AZ,00169452514,WEGOVY    ,2024,2,false,52.000,26,33308.30
MCOU,AZ,00169450114,WEGOVY    ,2024,1,false,24.000,12,15389.30
MCOU,AZ,00169450514,WEGOVY    ,2024,1,true,,,
MCOU,AZ,00169451714,WEGOVY    ,2024,1,false,90.000,29,38733.99
MCOU,AZ,00169452414,WEGOVY    ,2024,1,false,249.000,81,107140.19
MCOU,AZ,00169452514,WEGOVY    ,2024,1,true,,,
FFSU,CA,00169450114,WEGOVY 1MG,2024,4,false,74500.500,37214,48811739.86
MCOU,CA,00169450114,WEGOVY 1MG,2024,4,false,41.000,21,28309.78
MCOU,CA,00169450514,WEGOVY 0.5,2024,4,false,81.000,42,55776.48
FFSU,CA,00169450514,WEGOVY 0.5,2024,4,false,67007.000,33502,43946162.68
MCOU,CA,00169451714,WEGOVY 1.7,2024,4,false,55.500,20,25809.68
FFSU,CA,00169451714,WEGOVY 1.7,2024,4,false,103479.000,34476,45184100.80
FFSU,CA,00169452414,WEGOVY 2.4,2024,4,false,151622.250,50422,66208170.65
MCOU,CA,00169452414,WEGOVY 2.4,2024,4,false,93.000,32,43809.31
FFSU,CA,00169452514,WEGOVY 0.2,2024,4,false,60152.500,30083,39445771.95
MCOU,CA,00169452514,WEGOVY 0.2,2024,4,false,46.000,24,31057.32
FFSU,CA,00169450114,WEGOVY 1MG,2024,3,false,69257.500,34582,45367252.44
MCOU,CA,00169450114,WEGOVY 1MG,2024,3,false,46.000,24,31820.49
MCOU,CA,00169450514,WEGOVY 0.5,2024,3,false,46.000,23,31523.01
FFSU,CA,00169450514,WEGOVY 0.5,2024,3,false,85874.500,42905,56307412.67
FFSU,CA,00169451714,WEGOVY 1.7,2024,3,false,76836.750,25595,33541679.92
MCOU,CA,00169451714,WEGOVY 1.7,2024,3,true,,,
MCOU,CA,00169452414,WEGOVY 2.4,2024,3,false,69.000,23,32477.02
FFSU,CA,00169452414,WEGOVY 2.4,2024,3,false,123938.000,41229,54111940.66
FFSU,CA,00169452514,WEGOVY 0.2,2024,3,false,107057.500,53532,70184480.09
MCOU,CA,00169452514,WEGOVY 0.2,2024,3,false,81.500,43,54669.15
FFSU,CA,00169450114,WEGOVY 1MG,2024,2,false,23009.500,11480,15044286.23
MCOU,CA,00169450114,WEGOVY 1MG,2024,2,true,,,
MCOU,CA,00169450514,WEGOVY 0.5,2024,2,true,,,
FFSU,CA,00169450514,WEGOVY 0.5,2024,2,false,29869.000,14903,19561356.34
FFSU,CA,00169451714,WEGOVY 1.7,2024,2,false,32072.500,10703,13978769.69
MCOU,CA,00169451714,WEGOVY 1.7,2024,2,true,,,
MCOU,CA,00169452414,WEGOVY 2.4,2024,2,false,34.500,12,16119.22
FFSU,CA,00169452414,WEGOVY 2.4,2024,2,false,74026.250,24639,32263802.46
FFSU,CA,00169452514,WEGOVY 0.2,2024,2,false,48454.500,24226,31721105.19
MCOU,CA,00169452514,WEGOVY 0.2,2024,2,false,40.000,21,27435.08
FFSU,CA,00169450114,WEGOVY 1MG,2024,1,false,14143.000,7050,9247031.75
MCOU,CA,00169450114,WEGOVY 1MG,2024,1,true,,,
MCOU,CA,00169450514,WEGOVY 0.5,2024,1,true,,,
FFSU,CA,00169450514,WEGOVY 0.5,2024,1,false,6450.000,3222,4202741.59
FFSU,CA,00169451714,WEGOVY 1.7,2024,1,false,31321.000,10450,13648800.13
MCOU,CA,00169451714,WEGOVY 1.7,2024,1,true,,,
MCOU,CA,00169452414,WEGOVY 2.4,2024,1,true,,,
FFSU,CA,00169452414,WEGOVY 2.4,2024,1,false,84092.250,27996,36609389.20
MCOU,CA,00169452514,WEGOVY 0.2,2024,1,true,,,
FFSU,CA,00169452514,WEGOVY 0.2,2024,1,false,13272.500,6642,8675166.31
FFSU,CO,00169450114,WEGOVY    ,2024,4,false,242.000,121,158200.43
FFSU,CO,00169450514,WEGOVY    ,2024,4,false,312.000,156,204669.27
FFSU,CO,00169451714,WEGOVY    ,2024,4,false,303.000,99,132281.51
FFSU,CO,00169452414,WEGOVY    ,2024,4,false,363.000,115,158587.48
FFSU,CO,00169452514,WEGOVY    ,2024,4,false,372.000,186,243731.39
MCOU,CO,00169452514,WEGOVY    ,2024,4,true,,,
FFSU,CO,00169450114,WEGOVY    ,2024,3,false,188.500,95,123422.69
FFSU,CO,00169450514,WEGOVY    ,2024,3,false,241.000,122,157997.43
FFSU,CO,00169451714,WEGOVY    ,2024,3,false,154.500,50,67421.28
FFSU,CO,00169452414,WEGOVY    ,2024,3,false,138.000,46,60251.33
MCOU,CO,00169452514,WEGOVY    ,2024,3,true,,,
FFSU,CO,00169452514,WEGOVY    ,2024,3,false,346.000,173,226801.30
FFSU,CO,00169450114,WEGOVY    ,2024,2,false,50.000,25,32541.81
FFSU,CO,00169450514,WEGOVY    ,2024,2,false,72.000,36,47141.95
FFSU,CO,00169451714,WEGOVY    ,2024,2,true,,,
FFSU,CO,00169452414,WEGOVY    ,2024,2,true,,,
FFSU,CO,00169452514,WEGOVY    ,2024,2,false,129.500,70,84587.66
FFSU,CO,00169450114,WEGOVY    ,2024,1,true,,,
FFSU,CO,00169450514,WEGOVY    ,2024,1,true,,,
FFSU,CO,00169452414,WEGOVY    ,2024,1,true,,,
FFSU,CO,00169452514,WEGOVY    ,2024,1,true,,,
FFSU,CT,00169450114,WEGOVY 1MG,2024,4,true,,,
FFSU,CT,00169450514,WEGOVY 0.5,2024,4,true,,,
FFSU,CT,00169451714,WEGOVY 1.7,2024,4,true,,,
FFSU,CT,00169452414,WEGOVY 2.4,2024,4,true,,,
FFSU,CT,00169452514,WEGOVY 0.2,2024,4,false,28.000,14,18361.98
FFSU,DC,00169450114,WEGOVY 1 M,2024,4,true,,,
MCOU,DC,00169450114,WEGOVY 1 M,2024,4,false,24.000,12,11075.74
MCOU,DC,00169450514,WEGOVY 0.5,2024,4,true,,,
FFSU,DC,00169450514,WEGOVY 0.5,2024,4,true,,,
MCOU,DC,00169451714,WEGOVY 1.7,2024,4,true,,,
MCOU,DC,00169452414,WEGOVY 2.4,2024,4,true,,,
MCOU,DC,00169452514,WEGOVY 0.2,2024,4,false,28.000,14,17998.67
FFSU,DC,00169452514,WEGOVY 0.2,2024,4,true,,,
MCOU,DC,00169450114,WEGOVY 1 M,2024,3,true,,,
FFSU,DC,00169450514,WEGOVY 0.5,2024,3,true,,,
MCOU,DC,00169450514,WEGOVY 0.5,2024,3,true,,,
MCOU,DC,00169451714,WEGOVY 1.7,2024,3,true,,,
MCOU,DC,00169452414,WEGOVY 2.4,2024,3,true,,,
FFSU,DC,00169452514,WEGOVY 0.2,2024,3,true,,,
MCOU,DC,00169452514,WEGOVY 0.2,2024,3,false,32.000,17,19061.24
MCOU,DC,00169450114,WEGOVY 1 M,2024,2,true,,,
MCOU,DC,00169450514,WEGOVY 0.5,2024,2,true,,,
MCOU,DC,00169451714,WEGOVY 1.7,2024,2,true,,,
MCOU,DC,00169452514,WEGOVY 0.2,2024,2,true,,,
MCOU,DC,00169451714,WEGOVY 1.7,2024,1,true,,,
MCOU,DC,00169452514,WEGOVY 0.2,2024,1,true,,,
MCOU,DE,00169450114,WEGOVY 1MG,2024,4,false,1316.000,658,22009.62
FFSU,DE,00169450114,WEGOVY 1MG,2024,4,true,,,
MCOU,DE,00169450514,WEGOVY 0.5,2024,4,false,1453.000,725,20472.75
FFSU,DE,00169450514,WEGOVY 0.5,2024,4,true,,,
MCOU,DE,00169451714,WEGOVY 1.7,2024,4,false,2000.000,667,21057.60
FFSU,DE,00169451714,WEGOVY 1.7,2024,4,true,,,
MCOU,DE,00169452414,WEGOVY 2.4,2024,4,false,2150.500,717,51998.17
MCOU,DE,00169452514,WEGOVY 0.2,2024,4,false,2042.000,1021,15749.46
FFSU,DE,00169450114,WEGOVY 1MG,2024,3,true,,,
MCOU,DE,00169450114,WEGOVY 1MG,2024,3,false,1110.000,554,23339.23
MCOU,DE,00169450514,WEGOVY 0.5,2024,3,false,1462.000,731,26959.20
MCOU,DE,00169451714,WEGOVY 1.7,2024,3,false,1352.250,451,31878.21
FFSU,DE,00169451714,WEGOVY 1.7,2024,3,true,,,
MCOU,DE,00169452414,WEGOVY 2.4,2024,3,false,1500.000,500,46526.28
MCOU,DE,00169452514,WEGOVY 0.2,2024,3,false,1688.000,844,24905.69
MCOU,DE,00169450114,WEGOVY 1MG,2024,2,false,488.000,242,33018.16
MCOU,DE,00169450514,WEGOVY 0.5,2024,2,false,905.000,450,20645.00
MCOU,DE,00169451714,WEGOVY 1.7,2024,2,false,854.000,285,28165.56
MCOU,DE,00169452414,WEGOVY 2.4,2024,2,false,1279.500,425,34241.93
MCOU,DE,00169452514,WEGOVY 0.2,2024,2,false,1360.000,679,18220.21
MCOU,DE,00169450114,WEGOVY 1MG,2024,1,false,144.000,72,6339.91
MCOU,DE,00169450514,WEGOVY 0.5,2024,1,false,80.000,40,5696.15
MCOU,DE,00169451714,WEGOVY 1.7,2024,1,false,578.250,193,4560.73
MCOU,DE,00169452414,WEGOVY 2.4,2024,1,false,1308.000,434,51398.04
MCOU,DE,00169452514,WEGOVY 0.2,2024,1,false,196.000,98,5348.85
MCOU,FL,00169450114,WEGOVY    ,2024,4,false,52.000,26,33344.38
MCOU,FL,00169450514,WEGOVY    ,2024,4,false,55.000,28,35155.10
MCOU,FL,00169451714,WEGOVY    ,2024,4,false,48.000,16,20468.79
MCOU,FL,00169452414,WEGOVY    ,2024,4,false,57.000,19,24502.10
MCOU,FL,00169452514,WEGOVY    ,2024,4,false,124.000,62,78877.80
MCOU,FL,00169450114,WEGOVY    ,2024,3,false,24.000,12,15437.99
MCOU,FL,00169450514,WEGOVY    ,2024,3,false,48.000,24,30464.97
MCOU,FL,00169451714,WEGOVY    ,2024,3,false,51.000,17,21384.08
MCOU,FL,00169452414,WEGOVY    ,2024,3,true,,,
MCOU,FL,00169452514,WEGOVY    ,2024,3,false,110.000,55,70253.29
MCOU,FL,00169450114,WEGOVY    ,2024,2,true,,,
MCOU,FL,00169450514,WEGOVY    ,2024,2,true,,,
MCOU,FL,00169451714,WEGOVY    ,2024,2,true,,,
MCOU,FL,00169452414,WEGOVY    ,2024,2,true,,,
MCOU,FL,00169452514,WEGOVY    ,2024,2,false,32.000,15,20716.15
MCOU,FL,00169450114,WEGOVY    ,2024,1,true,,,
MCOU,FL,00169450514,WEGOVY    ,2024,1,true,,,
MCOU,FL,00169451714,WEGOVY    ,2024,1,false,39.000,13,16206.09
MCOU,FL,00169452414,WEGOVY    ,2024,1,true,,,
MCOU,FL,00169452514,WEGOVY    ,2024,1,true,,,
MCOU,GA,00169450114,WEGOVY    ,2024,4,false,34.000,17,24455.80
MCOU,GA,00169450514,WEGOVY    ,2024,4,false,50.000,25,33876.25
MCOU,GA,00169451714,WEGOVY    ,2024,4,false,60.000,20,29836.86
MCOU,GA,00169452414,WEGOVY    ,2024,4,true,,,
MCOU,GA,00169452514,WEGOVY    ,2024,4,false,94.000,47,66863.06
MCOU,GA,00169450114,WEGOVY    ,2024,3,false,26.000,13,16135.94
MCOU,GA,00169450514,WEGOVY    ,2024,3,false,32.000,16,19825.74
MCOU,GA,00169451714,WEGOVY    ,2024,3,true,,,
MCOU,GA,00169452514,WEGOVY    ,2024,3,false,46.000,23,28535.30
MCOU,GA,00169450514,WEGOVY    ,2024,2,true,,,
MCOU,GA,00169451714,WEGOVY    ,2024,2,true,,,
MCOU,GA,00169452514,WEGOVY    ,2024,2,false,32.000,16,20256.57
MCOU,GA,00169451714,WEGOVY    ,2024,1,true,,,
MCOU,GA,00169452414,WEGOVY    ,2024,1,true,,,
MCOU,GA,00169452514,WEGOVY    ,2024,1,true,,,
MCOU,HI,00169450114,WEGOVY 1 M,2024,4,false,26.000,13,10275.03
MCOU,HI,00169450514,WEGOVY 0.5,2024,4,false,46.000,21,13005.70
MCOU,HI,00169451714,WEGOVY 1.7,2024,4,false,45.000,15,9158.87
MCOU,HI,00169452414,WEGOVY 2.4,2024,4,false,75.000,19,14833.58
MCOU,HI,00169452514,WEGOVY 0.2,2024,4,false,212.000,102,18047.15
MCOU,HI,00169450114,WEGOVY 1 M,2024,3,true,,,
MCOU,HI,00169450514,WEGOVY 0.5,2024,3,false,28.000,12,17080.17
MCOU,HI,00169451714,WEGOVY 1.7,2024,3,true,,,
MCOU,HI,00169452414,WEGOVY 2.4,2024,3,false,81.000,23,21738.14
MCOU,HI,00169452514,WEGOVY 0.2,2024,3,false,230.500,114,22648.50
MCOU,HI,00169450114,WEGOVY 1 M,2024,2,true,,,
MCOU,HI,00169450514,WEGOVY 0.5,2024,2,true,,,
MCOU,HI,00169451714,WEGOVY 1.7,2024,2,true,,,
MCOU,HI,00169452414,WEGOVY 2.4,2024,2,false,66.000,18,2752.00
MCOU,HI,00169452514,WEGOVY 0.2,2024,2,false,198.000,90,10804.82
MCOU,HI,00169450114,WEGOVY 1 M,2024,1,false,46.000,13,0.00
MCOU,HI,00169450514,WEGOVY 0.5,2024,1,false,63.000,25,0.00
MCOU,HI,00169451714,WEGOVY 1.7,2024,1,true,,,
MCOU,HI,00169452414,WEGOVY 2.4,2024,1,false,42.000,14,0.00
MCOU,HI,00169452514,WEGOVY 0.2,2024,1,false,98.000,48,0.00
MCOU,IA,00169450114,WEGOVY 1MG,2024,4,false,44.000,22,28709.24
MCOU,IA,00169450514,WEGOVY 0.5,2024,4,false,46.000,23,29907.42
MCOU,IA,00169451714,WEGOVY 1.7,2024,4,false,63.000,21,27463.60
MCOU,IA,00169452414,WEGOVY 2.4,2024,4,true,,,
FFSU,IA,00169452514,WEGOVY 0.2,2024,4,true,,,
MCOU,IA,00169452514,WEGOVY 0.2,2024,4,false,70.000,35,45614.89
MCOU,IA,00169450114,WEGOVY 1MG,2024,3,true,,,
MCOU,IA,00169450514,WEGOVY 0.5,2024,3,false,32.000,16,20814.32
MCOU,IA,00169451714,WEGOVY 1.7,2024,3,true,,,
MCOU,IA,00169452414,WEGOVY 2.4,2024,3,true,,,
MCOU,IA,00169452514,WEGOVY 0.2,2024,3,false,56.000,28,36447.74
MCOU,IA,00169450114,WEGOVY 1MG,2024,2,true,,,
MCOU,IA,00169450514,WEGOVY 0.5,2024,2,true,,,
MCOU,IA,00169451714,WEGOVY 1.7,2024,2,true,,,
MCOU,IA,00169452414,WEGOVY 2.4,2024,2,true,,,
MCOU,IA,00169452514,WEGOVY 0.2,2024,2,true,,,
MCOU,IA,00169451714,WEGOVY 1.7,2024,1,true,,,
FFSU,ID,00169450114,WEGOVY    ,2024,4,false,46.000,23,30175.72
FFSU,ID,00169450514,WEGOVY    ,2024,4,false,72.000,36,47112.65
FFSU,ID,00169451714,WEGOVY    ,2024,4,true,,,
FFSU,ID,00169452414,WEGOVY    ,2024,4,false,36.000,12,15690.85
FFSU,ID,00169452514,WEGOVY    ,2024,4,false,84.000,42,55119.73
FFSU,ID,00169450114,WEGOVY    ,2024,3,true,,,
FFSU,ID,00169450514,WEGOVY    ,2024,3,true,,,
FFSU,ID,00169452414,WEGOVY    ,2024,3,true,,,
FFSU,ID,00169452514,WEGOVY    ,2024,3,false,56.000,28,36703.28
FFSU,ID,00169450514,WEGOVY    ,2024,2,true,,,
FFSU,ID,00169452514,WEGOVY    ,2024,2,true,,,
MCOU,IL,00169450114,WEGOVY 1MG,2024,4,false,68.000,34,44002.29
MCOU,IL,00169450514,WEGOVY 0.5,2024,4,false,90.000,45,58306.16
MCOU,IL,00169451714,WEGOVY 1.7,2024,4,true,,,
MCOU,IL,00169452414,WEGOVY 2.4,2024,4,true,,,
MCOU,IL,00169452514,WEGOVY 0.2,2024,4,false,92.000,46,59514.86
MCOU,IL,00169450114,WEGOVY 1MG,2024,3,true,,,
MCOU,IL,00169450514,WEGOVY 0.5,2024,3,false,48.000,24,31137.85
MCOU,IL,00169452414,WEGOVY 2.4,2024,3,true,,,
MCOU,IL,00169452514,WEGOVY 0.2,2024,3,false,58.000,29,37622.51
MCOU,IL,00169450514,WEGOVY 0.5,2024,2,true,,,
MCOU,IL,00169452414,WEGOVY 2.4,2024,2,true,,,
MCOU,IL,00169452514,WEGOVY 0.2,2024,2,true,,,
MCOU,IL,00169451714,WEGOVY 1.7,2024,1,true,,,
MCOU,IL,00169452414,WEGOVY 2.4,2024,1,true,,,
MCOU,IN,00169450114,WEGOVY 1MG,2024,4,false,129.000,66,84658.14
FFSU,IN,00169450114,WEGOVY 1MG,2024,4,true,,,
MCOU,IN,00169450514,WEGOVY 0.5,2024,4,false,272.000,136,180549.75
FFSU,IN,00169450514,WEGOVY 0.5,2024,4,true,,,
MCOU,IN,00169451714,WEGOVY 1.7,2024,4,false,219.000,67,92416.77
FFSU,IN,00169451714,WEGOVY 1.7,2024,4,true,,,
FFSU,IN,00169452414,WEGOVY 2.4,2024,4,true,,,
MCOU,IN,00169452414,WEGOVY 2.4,2024,4,false,186.000,44,78552.93
FFSU,IN,00169452514,WEGOVY 0.2,2024,4,false,24.000,12,15735.47
MCOU,IN,00169452514,WEGOVY 0.2,2024,4,false,285.000,143,189748.10
MCOU,IN,00169450114,WEGOVY 1MG,2024,3,false,100.000,50,64123.60
FFSU,IN,00169450114,WEGOVY 1MG,2024,3,false,30.000,15,19658.23
FFSU,IN,00169450514,WEGOVY 0.5,2024,3,true,,,
MCOU,IN,00169450514,WEGOVY 0.5,2024,3,false,150.500,76,101666.26
MCOU,IN,00169451714,WEGOVY 1.7,2024,3,false,68.250,23,29308.86
FFSU,IN,00169451714,WEGOVY 1.7,2024,3,true,,,
FFSU,IN,00169452414,WEGOVY 2.4,2024,3,true,,,
MCOU,IN,00169452414,WEGOVY 2.4,2024,3,false,81.000,23,34351.30
MCOU,IN,00169452514,WEGOVY 0.2,2024,3,false,207.000,104,133706.79
FFSU,IN,00169452514,WEGOVY 0.2,2024,3,false,24.000,12,15732.71
MCOU,IN,00169450114,WEGOVY 1MG,2024,2,false,38.000,19,24227.96
FFSU,IN,00169450114,WEGOVY 1MG,2024,2,true,,,
FFSU,IN,00169450514,WEGOVY 0.5,2024,2,true,,,
MCOU,IN,00169450514,WEGOVY 0.5,2024,2,false,66.000,33,42653.32
MCOU,IN,00169451714,WEGOVY 1.7,2024,2,false,42.000,14,17778.69
MCOU,IN,00169452414,WEGOVY 2.4,2024,2,true,,,
FFSU,IN,00169452414,WEGOVY 2.4,2024,2,true,,,
FFSU,IN,00169452514,WEGOVY 0.2,2024,2,true,,,
MCOU,IN,00169452514,WEGOVY 0.2,2024,2,false,120.000,60,78501.25
MCOU,IN,00169450114,WEGOVY 1MG,2024,1,true,,,
MCOU,IN,00169450514,WEGOVY 0.5,2024,1,true,,,
MCOU,IN,00169451714,WEGOVY 1.7,2024,1,true,,,
FFSU,IN,00169452414,WEGOVY 2.4,2024,1,true,,,
MCOU,IN,00169452414,WEGOVY 2.4,2024,1,true,,,
MCOU,IN,00169452514,WEGOVY 0.2,2024,1,true,,,
MCOU,KS,00169450114,WEGOVY 1MG,2024,4,false,184.000,97,120641.85
MCOU,KS,00169450514,WEGOVY 0.5,2024,4,false,198.000,108,129804.95
MCOU,KS,00169451714,WEGOVY 1.7,2024,4,false,354.000,120,154722.08
MCOU,KS,00169452414,WEGOVY 2.4,2024,4,false,1038.000,361,453691.68
MCOU,KS,00169452514,WEGOVY 0.2,2024,4,false,214.000,121,140322.24
MCOU,KS,00169450114,WEGOVY 1MG,2024,3,false,240.000,128,157415.19
MCOU,KS,00169450514,WEGOVY 0.5,2024,3,false,204.000,116,133753.39
MCOU,KS,00169451714,WEGOVY 1.7,2024,3,false,390.000,134,170315.74
MCOU,KS,00169452414,WEGOVY 2.4,2024,3,false,1110.000,395,484734.22
MCOU,KS,00169452514,WEGOVY 0.2,2024,3,false,186.000,119,121938.42
MCOU,KS,00169450114,WEGOVY 1MG,2024,2,false,274.000,155,179416.22
MCOU,KS,00169450514,WEGOVY 0.5,2024,2,false,252.000,135,165141.10
MCOU,KS,00169451714,WEGOVY 1.7,2024,2,false,519.750,180,226739.97
MCOU,KS,00169452414,WEGOVY 2.4,2024,2,false,1435.500,491,626029.76
MCOU,KS,00169452514,WEGOVY 0.2,2024,2,false,354.000,199,231832.86
MCOU,KS,00169450114,WEGOVY 1MG,2024,1,false,234.000,144,151754.68
MCOU,KS,00169450514,WEGOVY 0.5,2024,1,false,124.000,85,79190.00
MCOU,KS,00169451714,WEGOVY 1.7,2024,1,false,566.250,217,246764.94
MCOU,KS,00169452414,WEGOVY 2.4,2024,1,false,2175.750,807,947578.28
MCOU,KS,00169452514,WEGOVY 0.2,2024,1,false,242.000,209,158420.07
MCOU,KY,00169450114,WEGOVY 1MG,2024,4,false,24.000,16,15727.84
MCOU,KY,00169450514,WEGOVY 0.5,2024,4,false,60.000,34,39317.79
MCOU,KY,00169451714,WEGOVY 1.7,2024,4,true,,,
MCOU,KY,00169452414,WEGOVY 2.4,2024,4,true,,,
MCOU,KY,00169452514,WEGOVY 0.2,2024,4,false,78.000,41,51104.25
MCOU,KY,00169450114,WEGOVY 1MG,2024,3,true,,,
MCOU,KY,00169450514,WEGOVY 0.5,2024,3,true,,,
MCOU,KY,00169452514,WEGOVY 0.2,2024,3,false,40.000,22,26217.24
MCOU,LA,00169450114,WEGOVY    ,2024,4,false,60.000,30,39353.94
MCOU,LA,00169450514,WEGOVY    ,2024,4,false,146.000,73,94450.49
MCOU,LA,00169451714,WEGOVY    ,2024,4,false,69.000,23,30173.46
MCOU,LA,00169452414,WEGOVY    ,2024,4,false,57.000,19,24931.65
MCOU,LA,00169452514,WEGOVY    ,2024,4,false,102.000,51,66900.41
MCOU,LA,00169450114,WEGOVY    ,2024,3,true,,,
MCOU,LA,00169450514,WEGOVY    ,2024,3,false,67.000,34,44010.27
FFSU,LA,00169450514,WEGOVY    ,2024,3,true,,,
MCOU,LA,00169451714,WEGOVY    ,2024,3,true,,,
MCOU,LA,00169452414,WEGOVY    ,2024,3,true,,,
MCOU,LA,00169452514,WEGOVY    ,2024,3,false,142.000,70,92462.75
MCOU,LA,00169452514,WEGOVY    ,2024,2,false,24.000,12,15780.42
MCOU,LA,00169450114,WEGOVY    ,2024,1,true,,,
MCOU,LA,00169450514,WEGOVY    ,2024,1,true,,,
MCOU,LA,00169452514,WEGOVY    ,2024,1,true,,,
MCOU,MA,00169450101,WEGOVY 1 M,2024,4,true,,,
FFSU,MA,00169450114,WEGOVY 1 M,2024,4,false,2504.000,1251,1619142.23
MCOU,MA,00169450114,WEGOVY 1 M,2024,4,false,7437.000,3719,4742570.50
MCOU,MA,00169450501,WEGOVY 0.5,2024,4,true,,,
MCOU,MA,00169450514,WEGOVY 0.5,2024,4,false,7626.500,3815,4876273.40
FFSU,MA,00169450514,WEGOVY 0.5,2024,4,false,2944.000,1471,1904503.02
MCOU,MA,00169451714,WEGOVY 1.7,2024,4,false,15003.000,4966,6381041.00
FFSU,MA,00169451714,WEGOVY 1.7,2024,4,false,3363.000,1120,1448892.80
MCOU,MA,00169452401,WEGOVY 2.4,2024,4,true,,,
FFSU,MA,00169452414,WEGOVY 2.4,2024,4,false,2988.000,985,1285893.33
MCOU,MA,00169452414,WEGOVY 2.4,2024,4,false,15974.250,5070,6773426.11
MCOU,MA,00169452501,WEGOVY 0.2,2024,4,true,,,
MCOU,MA,00169452514,WEGOVY 0.2,2024,4,false,7412.500,3709,4753011.37
FFSU,MA,00169452514,WEGOVY 0.2,2024,4,false,3032.000,1516,1962805.33
FFSU,MA,00169450114,WEGOVY 1 M,2024,3,false,1608.000,803,1041809.31
MCOU,MA,00169450114,WEGOVY 1 M,2024,3,false,7154.000,3577,4569823.76
FFSU,MA,00169450514,WEGOVY 0.5,2024,3,false,2550.000,1273,1647765.79
MCOU,MA,00169450514,WEGOVY 0.5,2024,3,false,8798.000,4396,5632965.72
FFSU,MA,00169451714,WEGOVY 1.7,2024,3,false,2061.000,684,887621.23
MCOU,MA,00169451714,WEGOVY 1.7,2024,3,false,11040.000,3593,4711458.63
FFSU,MA,00169452414,WEGOVY 2.4,2024,3,false,1685.250,548,725766.67
MCOU,MA,00169452414,WEGOVY 2.4,2024,3,false,11199.750,3246,4733358.00
MCOU,MA,00169452514,WEGOVY 0.2,2024,3,false,10955.000,5478,7038169.09
FFSU,MA,00169452514,WEGOVY 0.2,2024,3,false,3701.000,1851,2399244.42
FFSU,MA,00169450114,WEGOVY 1 M,2024,2,false,368.000,183,239770.96
MCOU,MA,00169450114,WEGOVY 1 M,2024,2,false,2279.000,1137,1470465.70
MCOU,MA,00169450514,WEGOVY 0.5,2024,2,false,3724.000,1861,2408951.01
FFSU,MA,00169450514,WEGOVY 0.5,2024,2,false,600.000,300,392062.72
FFSU,MA,00169451714,WEGOVY 1.7,2024,2,false,768.000,252,331914.79
MCOU,MA,00169451714,WEGOVY 1.7,2024,2,false,3414.000,1123,1469315.34
FFSU,MA,00169452414,WEGOVY 2.4,2024,2,false,753.000,234,323163.44
MCOU,MA,00169452414,WEGOVY 2.4,2024,2,false,3057.000,972,1313545.53
FFSU,MA,00169452514,WEGOVY 0.2,2024,2,false,1378.000,686,900208.32
MCOU,MA,00169452514,WEGOVY 0.2,2024,2,false,7554.000,3777,4909256.00
MCOU,MA,00169450114,WEGOVY 1 M,2024,1,false,495.000,247,321804.75
FFSU,MA,00169450114,WEGOVY 1 M,2024,1,false,70.000,33,45277.39
FFSU,MA,00169450514,WEGOVY 0.5,2024,1,true,,,
MCOU,MA,00169450514,WEGOVY 0.5,2024,1,false,284.000,142,181535.14
MCOU,MA,00169451714,WEGOVY 1.7,2024,1,false,1185.000,393,510125.30
FFSU,MA,00169451714,WEGOVY 1.7,2024,1,false,276.000,88,119219.52
MCOU,MA,00169452414,WEGOVY 2.4,2024,1,false,876.000,274,371483.70
FFSU,MA,00169452414,WEGOVY 2.4,2024,1,false,315.000,90,132352.46
FFSU,MA,00169452514,WEGOVY 0.2,2024,1,false,90.000,45,58772.36
MCOU,MA,00169452514,WEGOVY 0.2,2024,1,false,882.000,441,567347.77
MCOU,MD,00169450114,WEGOVY 1 M,2024,4,false,32.000,16,20704.08
MCOU,MD,00169450514,WEGOVY 0.5,2024,4,false,90.000,45,58278.71
MCOU,MD,00169451714,WEGOVY 1.7,2024,4,true,,,
MCOU,MD,00169452414,WEGOVY 2.4,2024,4,true,,,
MCOU,MD,00169452514,WEGOVY 0.2,2024,4,false,216.000,108,138747.51
MCOU,MD,00169450114,WEGOVY 1 M,2024,3,true,,,
MCOU,MD,00169450514,WEGOVY 0.5,2024,3,true,,,
MCOU,MD,00169452514,WEGOVY 0.2,2024,3,true,,,
MCOU,MD,00169450514,WEGOVY 0.5,2024,2,true,,,
MCOU,MD,00169451714,WEGOVY 1.7,2024,2,true,,,
FFSU,ME,00169450114,WEGOVY    ,2024,4,false,30.000,15,18840.12
FFSU,ME,00169450514,WEGOVY    ,2024,4,false,40.000,20,26063.55
FFSU,ME,00169451714,WEGOVY    ,2024,4,false,48.000,16,20601.24
FFSU,ME,00169452414,WEGOVY    ,2024,4,false,57.000,17,23939.10
FFSU,ME,00169452514,WEGOVY    ,2024,4,false,54.000,27,34701.44
FFSU,ME,00169450114,WEGOVY    ,2024,3,true,,,
FFSU,ME,00169450514,WEGOVY    ,2024,3,true,,,
FFSU,ME,00169451714,WEGOVY    ,2024,3,true,,,
FFSU,ME,00169452414,WEGOVY    ,2024,3,true,,,
FFSU,ME,00169452514,WEGOVY    ,2024,3,false,22.000,11,14400.38
FFSU,ME,00169452514,WEGOVY    ,2024,2,true,,,
MCOU,MI,00169450114,WEGOVY    ,2024,4,false,14541.000,7270,9174081.38
FFSU,MI,00169450114,WEGOVY    ,2024,4,false,1067.000,529,649209.91
FFSU,MI,00169450514,WEGOVY    ,2024,4,false,1074.000,537,672244.30
MCOU,MI,00169450514,WEGOVY    ,2024,4,false,14527.500,7257,9147916.95
FFSU,MI,00169451714,WEGOVY    ,2024,4,false,1666.500,554,680906.42
MCOU,MI,00169451714,WEGOVY    ,2024,4,false,21179.250,7062,8880514.11
FFSU,MI,00169452414,WEGOVY    ,2024,4,false,3006.000,988,1240596.88
MCOU,MI,00169452414,WEGOVY    ,2024,4,false,38725.250,12907,16152568.22
MCOU,MI,00169452514,WEGOVY    ,2024,4,false,13748.000,6871,8616202.97
FFSU,MI,00169452514,WEGOVY    ,2024,4,false,1195.000,601,756685.65
FFSU,MI,00169450114,WEGOVY    ,2024,3,false,1061.000,529,562547.86
MCOU,MI,00169450114,WEGOVY    ,2024,3,false,15088.500,7548,9712983.33
MCOU,MI,00169450514,WEGOVY    ,2024,3,false,16667.500,8334,10724800.07
FFSU,MI,00169450514,WEGOVY    ,2024,3,false,1274.000,637,695959.65
MCOU,MI,00169451714,WEGOVY    ,2024,3,false,19350.500,6454,8273760.19
FFSU,MI,00169451714,WEGOVY    ,2024,3,false,1695.000,565,606390.49
FFSU,MI,00169452414,WEGOVY    ,2024,3,false,2744.250,905,988074.82
MCOU,MI,00169452414,WEGOVY    ,2024,3,false,30157.250,10049,12908846.15
MCOU,MI,00169452514,WEGOVY    ,2024,3,false,15971.500,7979,10275116.17
FFSU,MI,00169452514,WEGOVY    ,2024,3,false,1489.500,746,844138.36
FFSU,MI,00169450114,WEGOVY    ,2024,2,false,741.000,367,391118.85
MCOU,MI,00169450114,WEGOVY    ,2024,2,false,9643.000,4814,6205872.86
MCOU,MI,00169450514,WEGOVY    ,2024,2,false,13154.000,6576,8481255.48
FFSU,MI,00169450514,WEGOVY    ,2024,2,false,1040.000,519,528140.25
FFSU,MI,00169451714,WEGOVY    ,2024,2,false,1054.500,350,362134.17
MCOU,MI,00169451714,WEGOVY    ,2024,2,false,11466.500,3825,4927329.23
MCOU,MI,00169452414,WEGOVY    ,2024,2,false,24088.500,8022,10355875.34
FFSU,MI,00169452414,WEGOVY    ,2024,2,false,2644.500,868,892425.48
FFSU,MI,00169452514,WEGOVY    ,2024,2,false,1332.000,666,734860.23
MCOU,MI,00169452514,WEGOVY    ,2024,2,false,17362.500,8677,11203509.50
MCOU,MI,00169450114,WEGOVY    ,2024,1,false,4282.000,2141,2754479.65
FFSU,MI,00169450114,WEGOVY    ,2024,1,false,422.500,208,219959.67
FFSU,MI,00169450514,WEGOVY    ,2024,1,false,260.000,130,136293.10
MCOU,MI,00169450514,WEGOVY    ,2024,1,false,3018.500,1509,1937762.30
MCOU,MI,00169451714,WEGOVY    ,2024,1,false,8794.500,2933,3777221.50
FFSU,MI,00169451714,WEGOVY    ,2024,1,false,1069.500,355,392501.18
MCOU,MI,00169452414,WEGOVY    ,2024,1,false,25015.500,8330,10764282.74
FFSU,MI,00169452414,WEGOVY    ,2024,1,false,3116.250,1019,1097205.33
MCOU,MI,00169452514,WEGOVY    ,2024,1,false,5128.000,2563,3308401.99
FFSU,MI,00169452514,WEGOVY    ,2024,1,false,437.000,219,241988.45
FFSU,MN,00169450114,WEGOVY    ,2024,4,false,186.000,90,112654.35
MCOU,MN,00169450114,WEGOVY    ,2024,4,false,2694.000,1348,1755014.81
MCOU,MN,00169450514,WEGOVY    ,2024,4,false,1299.000,650,850625.44
FFSU,MN,00169450514,WEGOVY    ,2024,4,false,236.000,118,153947.70
MCOU,MN,00169451714,WEGOVY    ,2024,4,false,10475.250,3486,4555791.40
FFSU,MN,00169451714,WEGOVY    ,2024,4,false,314.000,99,126635.14
FFSU,MN,00169452414,WEGOVY    ,2024,4,false,489.000,149,204385.32
MCOU,MN,00169452414,WEGOVY    ,2024,4,false,12737.750,4228,5526650.76
MCOU,MN,00169452514,WEGOVY    ,2024,4,false,2915.500,1460,1903448.58
FFSU,MN,00169452514,WEGOVY    ,2024,4,false,378.000,189,249157.23
FFSU,MN,00169450114,WEGOVY    ,2024,3,false,194.000,97,128172.36
MCOU,MN,00169450114,WEGOVY    ,2024,3,false,3715.000,1858,2433879.67
MCOU,MN,00169450514,WEGOVY    ,2024,3,false,3629.000,1814,2378890.55
FFSU,MN,00169450514,WEGOVY    ,2024,3,false,188.000,94,124866.81
FFSU,MN,00169451714,WEGOVY    ,2024,3,false,234.000,78,104011.01
MCOU,MN,00169451714,WEGOVY    ,2024,3,false,6276.000,2092,2734912.26
MCOU,MN,00169452414,WEGOVY    ,2024,3,false,10630.500,3533,4624055.91
FFSU,MN,00169452414,WEGOVY    ,2024,3,false,357.000,119,158093.63
FFSU,MN,00169452514,WEGOVY    ,2024,3,false,206.000,103,137539.10
MCOU,MN,00169452514,WEGOVY    ,2024,3,false,3345.000,1670,2201354.21
MCOU,MN,00169450114,WEGOVY    ,2024,2,false,2628.000,1316,1713457.44
MCOU,MN,00169450514,WEGOVY    ,2024,2,false,3412.000,1705,2231921.19
FFSU,MN,00169450514,WEGOVY    ,2024,2,false,150.000,75,99507.33
MCOU,MN,00169451714,WEGOVY    ,2024,2,false,3776.250,1253,1646826.93
MCOU,MN,00169452414,WEGOVY    ,2024,2,false,7647.750,2514,3322260.34
FFSU,MN,00169452514,WEGOVY    ,2024,2,false,172.000,86,114103.95
MCOU,MN,00169452514,WEGOVY    ,2024,2,false,3800.000,1896,2494926.14
MCOU,MN,00169450114,WEGOVY    ,2024,1,false,1178.000,588,764132.19
FFSU,MN,00169450114,WEGOVY    ,2024,1,false,74.000,37,48665.96
FFSU,MN,00169450514,WEGOVY    ,2024,1,false,34.000,17,22698.23
MCOU,MN,00169450514,WEGOVY    ,2024,1,false,1222.000,611,797163.61
MCOU,MN,00169451714,WEGOVY    ,2024,1,false,2672.250,886,1150185.08
FFSU,MN,00169451714,WEGOVY    ,2024,1,false,120.000,40,54170.40
FFSU,MN,00169452414,WEGOVY    ,2024,1,false,408.000,136,175880.16
MCOU,MN,00169452414,WEGOVY    ,2024,1,false,7539.750,2479,3255574.69
MCOU,MN,00169452514,WEGOVY    ,2024,1,false,1915.500,956,1249305.01
FFSU,MN,00169452514,WEGOVY    ,2024,1,false,94.000,47,62630.32
FFSU,MO,00169450114,WEGOVY    ,2024,3,true,,,
FFSU,MO,00169450514,WEGOVY    ,2024,3,true,,,
FFSU,MO,00169452414,WEGOVY    ,2024,3,true,,,
FFSU,MO,00169452514,WEGOVY    ,2024,3,true,,,
FFSU,MO,00169450114,WEGOVY    ,2024,2,true,,,
FFSU,MO,00169450514,WEGOVY    ,2024,2,true,,,
FFSU,MO,00169451714,WEGOVY    ,2024,2,true,,,
FFSU,MO,00169452414,WEGOVY    ,2024,2,true,,,
FFSU,MO,00169452514,WEGOVY    ,2024,2,true,,,
FFSU,MS,00169450114,WEGOVY 1MG,2024,4,false,123.000,62,80375.77
MCOU,MS,00169450114,WEGOVY 1MG,2024,4,false,1418.000,709,947598.58
FFSU,MS,00169450514,WEGOVY 0.5,2024,4,false,171.000,86,111823.55
MCOU,MS,00169450514,WEGOVY 0.5,2024,4,false,1544.000,774,1029307.32
MCOU,MS,00169451714,WEGOVY 1.7,2024,4,false,2189.000,732,971513.54
FFSU,MS,00169451714,WEGOVY 1.7,2024,4,false,234.000,78,101916.22
FFSU,MS,00169452414,WEGOVY 2.4,2024,4,false,330.750,111,144182.10
MCOU,MS,00169452414,WEGOVY 2.4,2024,4,false,3819.750,1275,1728186.27
MCOU,MS,00169452514,WEGOVY 0.2,2024,4,false,1681.000,841,1129771.96
FFSU,MS,00169452514,WEGOVY 0.2,2024,4,false,224.000,112,146733.62
MCOU,MS,00169450114,WEGOVY 1MG,2024,3,false,1321.400,659,918449.72
FFSU,MS,00169450114,WEGOVY 1MG,2024,3,false,90.000,45,58846.66
FFSU,MS,00169450514,WEGOVY 0.5,2024,3,false,126.000,63,78891.01
MCOU,MS,00169450514,WEGOVY 0.5,2024,3,false,1593.000,797,1077798.38
FFSU,MS,00169451714,WEGOVY 1.7,2024,3,false,186.000,62,84033.34
MCOU,MS,00169451714,WEGOVY 1.7,2024,3,false,1850.500,615,836637.87
MCOU,MS,00169452414,WEGOVY 2.4,2024,3,false,2501.500,835,1113522.07
FFSU,MS,00169452414,WEGOVY 2.4,2024,3,false,183.000,61,78998.64
MCOU,MS,00169452514,WEGOVY 0.2,2024,3,false,1733.500,865,1158975.95
FFSU,MS,00169452514,WEGOVY 0.2,2024,3,false,168.000,84,109399.58
FFSU,MS,00169450114,WEGOVY 1MG,2024,2,false,96.000,48,70826.54
MCOU,MS,00169450114,WEGOVY 1MG,2024,2,false,857.000,429,554544.29
MCOU,MS,00169450514,WEGOVY 0.5,2024,2,false,1182.000,592,769693.17
FFSU,MS,00169450514,WEGOVY 0.5,2024,2,false,124.000,62,89417.60
FFSU,MS,00169451714,WEGOVY 1.7,2024,2,false,104.000,35,44750.77
MCOU,MS,00169451714,WEGOVY 1.7,2024,2,false,1043.500,349,451911.10
MCOU,MS,00169452414,WEGOVY 2.4,2024,2,false,1295.250,432,558691.88
FFSU,MS,00169452414,WEGOVY 2.4,2024,2,false,148.000,50,64586.38
FFSU,MS,00169452514,WEGOVY 0.2,2024,2,false,156.000,78,107249.13
MCOU,MS,00169452514,WEGOVY 0.2,2024,2,false,1449.000,726,945624.13
MCOU,MS,00169450114,WEGOVY 1MG,2024,1,false,394.000,197,253083.38
FFSU,MS,00169450114,WEGOVY 1MG,2024,1,false,62.000,31,43295.18
FFSU,MS,00169450514,WEGOVY 0.5,2024,1,false,74.000,37,48528.42
MCOU,MS,00169450514,WEGOVY 0.5,2024,1,false,526.500,264,339871.27
FFSU,MS,00169451714,WEGOVY 1.7,2024,1,false,146.000,49,65350.53
MCOU,MS,00169451714,WEGOVY 1.7,2024,1,false,708.000,237,306214.32
MCOU,MS,00169452414,WEGOVY 2.4,2024,1,false,676.000,225,289766.39
FFSU,MS,00169452414,WEGOVY 2.4,2024,1,false,203.250,68,87976.45
MCOU,MS,00169452514,WEGOVY 0.2,2024,1,false,774.000,387,501755.74
FFSU,MS,00169452514,WEGOVY 0.2,2024,1,false,122.000,61,84175.93
FFSU,MT,00169450114,WEGOVY 1 M,2024,4,true,,,
FFSU,MT,00169450514,WEGOVY 0.5,2024,4,false,24.000,12,15625.32
FFSU,MT,00169452414,WEGOVY 2.4,2024,4,true,,,
FFSU,MT,00169452514,WEGOVY 0.2,2024,4,false,30.000,15,19542.86
FFSU,MT,00169450514,WEGOVY 0.5,2024,3,true,,,
FFSU,MT,00169452514,WEGOVY 0.2,2024,3,true,,,
FFSU,MT,00169452514,WEGOVY 0.2,2024,2,true,,,
MCOU,XX,00169450101,WEGOVY 1MG,2024,4,true,,,
FFSU,XX,00169450114,WEGOVY 1MG,2024,4,false,84840.000,42370,55544824.95
MCOU,XX,00169450114,WEGOVY 1MG,2024,4,false,61453.500,30534,38678098.15
MCOU,XX,00169450501,WEGOVY 0.5,2024,4,true,,,
FFSU,XX,00169450514,WEGOVY 0.5,2024,4,false,78914.000,39450,51724339.48
MCOU,XX,00169450514,WEGOVY 0.5,2024,4,false,65016.000,32341,40957729.12
FFSU,XX,00169451714,WEGOVY 1.7,2024,4,false,118801.250,39579,51869955.08
MCOU,XX,00169451714,WEGOVY 1.7,2024,4,false,99635.450,32821,41824369.43
MCOU,XX,00169452401,WEGOVY 2.4,2024,4,true,,,
FFSU,XX,00169452414,WEGOVY 2.4,2024,4,false,170454.750,56640,74373007.10
MCOU,XX,00169452414,WEGOVY 2.4,2024,4,false,138184.500,44953,58109665.53
MCOU,XX,00169452501,WEGOVY 0.2,2024,4,true,,,
FFSU,XX,00169452514,WEGOVY 0.2,2024,4,false,73563.500,36783,48215348.81
MCOU,XX,00169452514,WEGOVY 0.2,2024,4,false,74512.000,37165,46645351.56
FFSU,XX,00169450114,WEGOVY 1MG,2024,3,false,77330.500,38617,50549160.59
MCOU,XX,00169450114,WEGOVY 1MG,2024,3,false,52735.900,26197,33434798.91
FFSU,XX,00169450514,WEGOVY 0.5,2024,3,false,96552.000,48244,63180063.13
MCOU,XX,00169450514,WEGOVY 0.5,2024,3,false,61075.000,30410,38606728.69
FFSU,XX,00169451714,WEGOVY 1.7,2024,3,false,87480.750,29140,38068311.21
MCOU,XX,00169451714,WEGOVY 1.7,2024,3,false,72471.500,23863,30651947.84
FFSU,XX,00169452414,WEGOVY 2.4,2024,3,false,136446.500,45370,59369096.80
MCOU,XX,00169452414,WEGOVY 2.4,2024,3,false,106772.750,34479,45317258.08
FFSU,XX,00169452514,WEGOVY 0.2,2024,3,false,120383.500,60193,78798587.57
MCOU,XX,00169452514,WEGOVY 0.2,2024,3,false,69935.500,34890,44117209.21
FFSU,XX,00169450114,WEGOVY 1MG,2024,2,false,26873.500,13409,17508937.38
MCOU,XX,00169450114,WEGOVY 1MG,2024,2,false,29988.500,14870,19098628.27
FFSU,XX,00169450514,WEGOVY 0.5,2024,2,false,35712.500,17823,23272595.20
MCOU,XX,00169450514,WEGOVY 0.5,2024,2,false,41773.000,20726,26483776.92
FFSU,XX,00169451714,WEGOVY 1.7,2024,2,false,37275.000,12431,16161826.15
MCOU,XX,00169451714,WEGOVY 1.7,2024,2,false,39686.250,13092,16765363.15
FFSU,XX,00169452414,WEGOVY 2.4,2024,2,false,83245.500,27669,36036448.96
MCOU,XX,00169452414,WEGOVY 2.4,2024,2,false,78861.500,25596,33474827.68
FFSU,XX,00169452514,WEGOVY 0.2,2024,2,false,57258.500,28634,37390289.99
MCOU,XX,00169452514,WEGOVY 0.2,2024,2,false,58398.000,29060,36918381.24
FFSU,XX,00169450114,WEGOVY 1MG,2024,1,false,15959.500,7952,10401086.71
MCOU,XX,00169450114,WEGOVY 1MG,2024,1,false,13219.000,6563,8429643.11
FFSU,XX,00169450514,WEGOVY 0.5,2024,1,false,7898.000,3945,5138779.65
MCOU,XX,00169450514,WEGOVY 0.5,2024,1,false,9376.500,4655,5976145.25
FFSU,XX,00169451714,WEGOVY 1.7,2024,1,false,35727.750,11912,15514326.99
MCOU,XX,00169451714,WEGOVY 1.7,2024,1,false,29659.750,9770,12557953.16
FFSU,XX,00169452414,WEGOVY 2.4,2024,1,false,96387.750,32046,41766410.65
MCOU,XX,00169452414,WEGOVY 2.4,2024,1,false,78281.250,25490,33291032.29
FFSU,XX,00169452514,WEGOVY 0.2,2024,1,false,15715.500,7862,10251579.12
MCOU,XX,00169452514,WEGOVY 0.2,2024,1,false,16599.000,8330,10583473.45
MCOU,NC,00169450114,WEGOVY    ,2024,4,false,10744.500,5374,7011495.27
FFSU,NC,00169450114,WEGOVY    ,2024,4,false,137.500,67,89881.44
FFSU,NC,00169450514,WEGOVY    ,2024,4,false,214.500,106,140309.09
MCOU,NC,00169450514,WEGOVY    ,2024,4,false,15322.500,7668,10007744.99
MCOU,NC,00169451714,WEGOVY    ,2024,4,false,9427.250,3039,4103213.89
FFSU,NC,00169451714,WEGOVY    ,2024,4,false,87.000,29,37931.68
FFSU,NC,00169452414,WEGOVY    ,2024,4,false,90.000,24,39188.52
MCOU,NC,00169452414,WEGOVY    ,2024,4,false,5199.500,1549,2260368.24
MCOU,NC,00169452514,WEGOVY    ,2024,4,false,19927.500,9963,13009575.95
FFSU,NC,00169452514,WEGOVY    ,2024,4,false,366.000,183,239390.21
MCOU,NC,00169450114,WEGOVY    ,2024,3,false,1329.000,664,867019.25
FFSU,NC,00169450114,WEGOVY    ,2024,3,false,34.000,17,22226.94
FFSU,NC,00169450514,WEGOVY    ,2024,3,false,108.000,57,70695.42
MCOU,NC,00169450514,WEGOVY    ,2024,3,false,3363.000,1682,2196149.73
MCOU,NC,00169451714,WEGOVY    ,2024,3,false,654.000,204,284634.12
FFSU,NC,00169451714,WEGOVY    ,2024,3,false,39.000,11,16983.52
FFSU,NC,00169452414,WEGOVY    ,2024,3,false,36.000,12,15697.40
MCOU,NC,00169452414,WEGOVY    ,2024,3,false,646.250,191,281253.10
MCOU,NC,00169452514,WEGOVY    ,2024,3,false,7892.000,3942,5156539.25
FFSU,NC,00169452514,WEGOVY    ,2024,3,false,240.000,120,156997.93
FFSU,NC,00169450114,WEGOVY    ,2024,2,true,,,
MCOU,NC,00169450114,WEGOVY    ,2024,2,false,42.000,21,27443.10
MCOU,NC,00169450514,WEGOVY    ,2024,2,false,74.000,37,48450.88
FFSU,NC,00169450514,WEGOVY    ,2024,2,false,44.000,22,28797.18
FFSU,NC,00169451714,WEGOVY    ,2024,2,true,,,
MCOU,NC,00169451714,WEGOVY    ,2024,2,false,39.000,13,16944.95
MCOU,NC,00169452414,WEGOVY    ,2024,2,false,45.000,13,19554.27
FFSU,NC,00169452414,WEGOVY    ,2024,2,true,,,
MCOU,NC,00169452514,WEGOVY    ,2024,2,false,282.000,141,184330.08
FFSU,NC,00169452514,WEGOVY    ,2024,2,false,188.000,94,122948.60
FFSU,NC,00169450114,WEGOVY    ,2024,1,true,,,
FFSU,NC,00169450514,WEGOVY    ,2024,1,true,,,
MCOU,NC,00169450514,WEGOVY    ,2024,1,true,,,
FFSU,NC,00169451714,WEGOVY    ,2024,1,true,,,
FFSU,NC,00169452414,WEGOVY    ,2024,1,true,,,
MCOU,NC,00169452414,WEGOVY    ,2024,1,true,,,
MCOU,NC,00169452514,WEGOVY    ,2024,1,true,,,
FFSU,NC,00169452514,WEGOVY    ,2024,1,true,,,
FFSU,ND,00169452414,WEGOVY 2.4,2024,4,true,,,
MCOU,NE,00169450114,WEGOVY 1MG,2024,4,true,,,
MCOU,NE,00169450514,WEGOVY 0.5,2024,4,true,,,
MCOU,NE,00169451714,WEGOVY 1.7,2024,4,true,,,
MCOU,NE,00169452414,WEGOVY 2.4,2024,4,true,,,
MCOU,NE,00169452514,WEGOVY 0.2,2024,4,true,,,
MCOU,NE,00169450114,WEGOVY 1MG,2024,3,true,,,
MCOU,NE,00169450514,WEGOVY 0.5,2024,3,true,,,
MCOU,NE,00169452514,WEGOVY 0.2,2024,3,true,,,
MCOU,NE,00169450514,WEGOVY 0.5,2024,2,true,,,
MCOU,NE,00169452514,WEGOVY 0.2,2024,2,true,,,
MCOU,NE,00169450114,WEGOVY 1MG,2024,1,true,,,
MCOU,NE,00169452514,WEGOVY 0.2,2024,1,true,,,
FFSU,NH,00169450114,WEGOVY    ,2024,4,true,,,
MCOU,NH,00169450114,WEGOVY    ,2024,4,false,878.000,435,526172.58
MCOU,NH,00169450514,WEGOVY    ,2024,4,false,1006.000,503,624348.02
FFSU,NH,00169450514,WEGOVY    ,2024,4,true,,,
MCOU,NH,00169451714,WEGOVY    ,2024,4,false,1470.000,488,601236.90
FFSU,NH,00169451714,WEGOVY    ,2024,4,true,,,
MCOU,NH,00169452414,WEGOVY    ,2024,4,false,1917.000,632,778803.28
MCOU,NH,00169452514,WEGOVY    ,2024,4,false,1036.000,517,635644.97
FFSU,NH,00169452514,WEGOVY    ,2024,4,true,,,
MCOU,NH,00169450114,WEGOVY    ,2024,3,false,658.000,329,407809.51
FFSU,NH,00169450114,WEGOVY    ,2024,3,true,,,
FFSU,NH,00169450514,WEGOVY    ,2024,3,true,,,
MCOU,NH,00169450514,WEGOVY    ,2024,3,false,764.000,380,470514.10
FFSU,NH,00169451714,WEGOVY    ,2024,3,true,,,
MCOU,NH,00169451714,WEGOVY    ,2024,3,false,1103.250,366,453906.44
FFSU,NH,00169452414,WEGOVY    ,2024,3,true,,,
MCOU,NH,00169452414,WEGOVY    ,2024,3,false,1191.000,393,483827.84
FFSU,NH,00169452514,WEGOVY    ,2024,3,true,,,
MCOU,NH,00169452514,WEGOVY    ,2024,3,false,969.000,484,602703.18
MCOU,NH,00169450114,WEGOVY    ,2024,2,false,294.000,145,180127.47
MCOU,NH,00169450514,WEGOVY    ,2024,2,false,468.000,234,287386.52
MCOU,NH,00169451714,WEGOVY    ,2024,2,false,399.000,131,160433.46
MCOU,NH,00169452414,WEGOVY    ,2024,2,false,837.000,273,336182.20
FFSU,NH,00169452414,WEGOVY    ,2024,2,true,,,
MCOU,NH,00169452514,WEGOVY    ,2024,2,false,720.500,359,446748.38
MCOU,NH,00169450114,WEGOVY    ,2024,1,false,100.000,50,61320.14
MCOU,NH,00169450514,WEGOVY    ,2024,1,false,48.000,24,28826.68
MCOU,NH,00169451714,WEGOVY    ,2024,1,false,285.000,93,113315.50
MCOU,NH,00169452414,WEGOVY    ,2024,1,false,855.000,269,343202.25
MCOU,NH,00169452514,WEGOVY    ,2024,1,false,128.000,62,78681.84
MCOU,NJ,00169450114,WEGOVY 1MG,2024,4,false,122.000,62,82749.14
MCOU,NJ,00169450514,WEGOVY 0.5,2024,4,false,136.000,68,90962.95
MCOU,NJ,00169451714,WEGOVY 1.7,2024,4,false,111.000,37,49534.25
MCOU,NJ,00169452414,WEGOVY 2.4,2024,4,true,,,
MCOU,NJ,00169452514,WEGOVY 0.2,2024,4,false,242.000,120,161331.08
MCOU,NJ,00169450114,WEGOVY 1MG,2024,3,false,52.000,26,34609.84
MCOU,NJ,00169450514,WEGOVY 0.5,2024,3,false,100.000,51,68055.11
MCOU,NJ,00169451714,WEGOVY 1.7,2024,3,true,,,
MCOU,NJ,00169452414,WEGOVY 2.4,2024,3,true,,,
MCOU,NJ,00169452514,WEGOVY 0.2,2024,3,false,132.000,66,88526.41
MCOU,NJ,00169450114,WEGOVY 1MG,2024,2,true,,,
MCOU,NJ,00169450514,WEGOVY 0.5,2024,2,true,,,
MCOU,NJ,00169451714,WEGOVY 1.7,2024,2,true,,,
MCOU,NJ,00169452514,WEGOVY 0.2,2024,2,false,54.000,25,35774.12
MCOU,NJ,00169452414,WEGOVY 2.4,2024,1,true,,,
MCOU,NM,00169450114,WEGOVY 1 M,2024,4,true,,,
FFSU,NM,00169450114,WEGOVY 1 M,2024,4,false,55.000,27,29465.60
MCOU,NM,00169450514,WEGOVY 0.5,2024,4,true,,,
FFSU,NM,00169450514,WEGOVY 0.5,2024,4,false,68.000,34,34508.51
FFSU,NM,00169451714,WEGOVY 1.7,2024,4,false,72.000,24,23760.04
MCOU,NM,00169451714,WEGOVY 1.7,2024,4,true,,,
FFSU,NM,00169452414,WEGOVY 2.4,2024,4,false,135.000,45,41823.45
FFSU,NM,00169452514,WEGOVY 0.2,2024,4,false,72.000,36,32397.06
FFSU,NM,00169450114,WEGOVY 1 M,2024,3,false,56.000,28,26637.16
FFSU,NM,00169450514,WEGOVY 0.5,2024,3,false,42.000,21,18059.50
FFSU,NM,00169451714,WEGOVY 1.7,2024,3,false,54.000,18,16486.37
FFSU,NM,00169452414,WEGOVY 2.4,2024,3,false,111.000,37,34283.74
FFSU,NM,00169452514,WEGOVY 0.2,2024,3,false,58.000,29,27955.03
MCOU,NM,00169452514,WEGOVY 0.2,2024,3,true,,,
FFSU,NM,00169450114,WEGOVY 1 M,2024,2,true,,,
FFSU,NM,00169450514,WEGOVY 0.5,2024,2,false,24.000,11,9091.90
FFSU,NM,00169451714,WEGOVY 1.7,2024,2,true,,,
FFSU,NM,00169452414,WEGOVY 2.4,2024,2,false,69.000,23,23609.42
FFSU,NM,00169452514,WEGOVY 0.2,2024,2,false,40.000,20,19700.84
FFSU,NM,00169450114,WEGOVY 1 M,2024,1,true,,,
FFSU,NM,00169450514,WEGOVY 0.5,2024,1,true,,,
FFSU,NM,00169451714,WEGOVY 1.7,2024,1,true,,,
FFSU,NM,00169452414,WEGOVY 2.4,2024,1,false,42.000,14,17115.16
FFSU,NM,00169452514,WEGOVY 0.2,2024,1,true,,,
MCOU,NV,00169450114,WEGOVY    ,2024,4,true,,,
FFSU,NV,00169450114,WEGOVY    ,2024,4,false,30.000,15,19651.85
FFSU,NV,00169450514,WEGOVY    ,2024,4,false,40.000,20,24708.78
MCOU,NV,00169450514,WEGOVY    ,2024,4,true,,,
FFSU,NV,00169451714,WEGOVY    ,2024,4,false,57.000,19,24891.54
FFSU,NV,00169452414,WEGOVY    ,2024,4,true,,,
FFSU,NV,00169452514,WEGOVY    ,2024,4,false,42.000,21,25311.68
MCOU,NV,00169452514,WEGOVY    ,2024,4,true,,,
FFSU,NV,00169450114,WEGOVY    ,2024,3,true,,,
FFSU,NV,00169450514,WEGOVY    ,2024,3,false,26.000,13,15666.26
FFSU,NV,00169451714,WEGOVY    ,2024,3,true,,,
FFSU,NV,00169452414,WEGOVY    ,2024,3,true,,,
FFSU,NV,00169452514,WEGOVY    ,2024,3,false,42.000,21,26842.39
MCOU,NV,00169452514,WEGOVY    ,2024,3,true,,,
FFSU,NV,00169450514,WEGOVY    ,2024,2,true,,,
FFSU,NV,00169451714,WEGOVY    ,2024,2,true,,,
FFSU,NV,00169452514,WEGOVY    ,2024,2,true,,,
MCOU,NY,00169450114,WEGOVY    ,2024,4,true,,,
MCOU,NY,00169450514,WEGOVY    ,2024,4,true,,,
MCOU,NY,00169451714,WEGOVY    ,2024,4,true,,,
MCOU,NY,00169452514,WEGOVY    ,2024,4,true,,,
MCOU,NY,00169450514,WEGOVY    ,2024,3,true,,,
MCOU,NY,00169452514,WEGOVY    ,2024,3,true,,,
MCOU,NY,00169452514,WEGOVY    ,2024,2,true,,,
MCOU,OH,00169450114,WEGOVY 1MG,2024,4,false,260.000,130,169372.63
FFSU,OH,00169450514,WEGOVY 0.5,2024,4,true,,,
MCOU,OH,00169450514,WEGOVY 0.5,2024,4,false,390.000,195,253846.13
MCOU,OH,00169451714,WEGOVY 1.7,2024,4,false,210.000,68,91536.14
MCOU,OH,00169452414,WEGOVY 2.4,2024,4,false,123.000,41,53231.21
FFSU,OH,00169452514,WEGOVY 0.2,2024,4,true,,,
MCOU,OH,00169452514,WEGOVY 0.2,2024,4,false,520.000,260,336803.77
MCOU,OH,00169450114,WEGOVY 1MG,2024,3,false,100.000,50,64997.84
MCOU,OH,00169450514,WEGOVY 0.5,2024,3,false,142.000,71,92260.57
FFSU,OH,00169450514,WEGOVY 0.5,2024,3,true,,,
MCOU,OH,00169451714,WEGOVY 1.7,2024,3,false,57.000,19,24817.88
MCOU,OH,00169452414,WEGOVY 2.4,2024,3,false,45.000,15,19557.34
MCOU,OH,00169452514,WEGOVY 0.2,2024,3,false,244.000,122,157521.57
FFSU,OH,00169452514,WEGOVY 0.2,2024,3,true,,,
MCOU,OH,00169450114,WEGOVY 1MG,2024,2,false,36.000,18,23511.98
MCOU,OH,00169450514,WEGOVY 0.5,2024,2,false,72.000,36,46906.57
MCOU,OH,00169451714,WEGOVY 1.7,2024,2,true,,,
MCOU,OH,00169452414,WEGOVY 2.4,2024,2,true,,,
MCOU,OH,00169452514,WEGOVY 0.2,2024,2,false,78.000,39,50629.25
FFSU,OH,00169452514,WEGOVY 0.2,2024,2,true,,,
MCOU,OH,00169450114,WEGOVY 1MG,2024,1,true,,,
MCOU,OH,00169450514,WEGOVY 0.5,2024,1,true,,,
MCOU,OH,00169451714,WEGOVY 1.7,2024,1,true,,,
MCOU,OH,00169452414,WEGOVY 2.4,2024,1,true,,,
MCOU,OH,00169452514,WEGOVY 0.2,2024,1,true,,,
MCOU,OK,00169450114,WEGOVY 1MG,2024,4,false,22.000,11,15544.34
FFSU,OK,00169450114,WEGOVY 1MG,2024,4,true,,,
MCOU,OK,00169450514,WEGOVY 0.5,2024,4,false,36.000,18,25218.45
FFSU,OK,00169450514,WEGOVY 0.5,2024,4,true,,,
MCOU,OK,00169451714,WEGOVY 1.7,2024,4,true,,,
MCOU,OK,00169452414,WEGOVY 2.4,2024,4,true,,,
FFSU,OK,00169452514,WEGOVY 0.2,2024,4,true,,,
MCOU,OK,00169452514,WEGOVY 0.2,2024,4,false,54.000,27,35121.20
MCOU,OK,00169450514,WEGOVY 0.5,2024,3,true,,,
FFSU,OR,00169450114,WEGOVY 1MG,2024,4,true,,,
MCOU,OR,00169450114,WEGOVY 1MG,2024,4,false,64.000,32,41449.26
FFSU,OR,00169450514,WEGOVY 0.5,2024,4,true,,,
MCOU,OR,00169450514,WEGOVY 0.5,2024,4,false,88.000,44,56767.36
FFSU,OR,00169451714,WEGOVY 1.7,2024,4,true,,,
MCOU,OR,00169451714,WEGOVY 1.7,2024,4,false,78.750,27,32749.65
MCOU,OR,00169452414,WEGOVY 2.4,2024,4,true,,,
MCOU,OR,00169452514,WEGOVY 0.2,2024,4,false,136.000,68,88100.96
FFSU,OR,00169452514,WEGOVY 0.2,2024,4,true,,,
MCOU,OR,00169450114,WEGOVY 1MG,2024,3,false,46.000,23,29238.09
FFSU,OR,00169450114,WEGOVY 1MG,2024,3,true,,,
FFSU,OR,00169450514,WEGOVY 0.5,2024,3,true,,,
MCOU,OR,00169450514,WEGOVY 0.5,2024,3,false,52.000,26,33261.99
MCOU,OR,00169451714,WEGOVY 1.7,2024,3,true,,,
MCOU,OR,00169452414,WEGOVY 2.4,2024,3,true,,,
FFSU,OR,00169452514,WEGOVY 0.2,2024,3,true,,,
MCOU,OR,00169452514,WEGOVY 0.2,2024,3,false,87.500,44,56577.98
MCOU,OR,00169450114,WEGOVY 1MG,2024,2,true,,,
MCOU,OR,00169450514,WEGOVY 0.5,2024,2,false,40.000,20,25902.24
MCOU,OR,00169451714,WEGOVY 1.7,2024,2,true,,,
MCOU,OR,00169452414,WEGOVY 2.4,2024,2,true,,,
MCOU,OR,00169452514,WEGOVY 0.2,2024,2,false,58.000,29,37257.13
FFSU,OR,00169452514,WEGOVY 0.2,2024,2,true,,,
MCOU,OR,00169450114,WEGOVY 1MG,2024,1,true,,,
MCOU,OR,00169450514,WEGOVY 0.5,2024,1,true,,,
MCOU,OR,00169452414,WEGOVY 2.4,2024,1,true,,,
MCOU,OR,00169452514,WEGOVY 0.2,2024,1,true,,,
MCOU,PA,00169450114,WEGOVY 1MG,2024,4,false,16893.500,8252,10958574.05
FFSU,PA,00169450114,WEGOVY 1MG,2024,4,false,112.000,53,72956.97
MCOU,PA,00169450514,WEGOVY 0.5,2024,4,false,17055.500,8349,11062101.41
FFSU,PA,00169450514,WEGOVY 0.5,2024,4,false,96.000,47,62545.31
FFSU,PA,00169451714,WEGOVY 1.7,2024,4,false,198.000,66,85951.21
MCOU,PA,00169451714,WEGOVY 1.7,2024,4,false,29252.700,9509,12647343.39
FFSU,PA,00169452414,WEGOVY 2.4,2024,4,false,387.000,119,168030.65
MCOU,PA,00169452414,WEGOVY 2.4,2024,4,false,44512.500,14232,19266437.87
MCOU,PA,00169452514,WEGOVY 0.2,2024,4,false,19812.500,9804,12869238.16
FFSU,PA,00169452514,WEGOVY 0.2,2024,4,false,124.000,62,80938.33
FFSU,PA,00169450114,WEGOVY 1MG,2024,3,false,78.000,39,50783.33
MCOU,PA,00169450114,WEGOVY 1MG,2024,3,false,16838.000,8241,10975633.62
MCOU,PA,00169450514,WEGOVY 0.5,2024,3,false,18768.500,9245,12236517.15
FFSU,PA,00169450514,WEGOVY 0.5,2024,3,false,84.000,41,54709.86
MCOU,PA,00169451714,WEGOVY 1.7,2024,3,false,23263.750,7557,10102751.26
FFSU,PA,00169451714,WEGOVY 1.7,2024,3,false,129.000,43,55930.70
MCOU,PA,00169452414,WEGOVY 2.4,2024,3,false,35903.250,11394,15593849.23
FFSU,PA,00169452414,WEGOVY 2.4,2024,3,false,285.000,89,123532.72
FFSU,PA,00169452514,WEGOVY 0.2,2024,3,false,144.000,72,93929.98
MCOU,PA,00169452514,WEGOVY 0.2,2024,3,false,20549.500,10184,13411638.60
MCOU,PA,00169450114,WEGOVY 1MG,2024,2,false,10196.500,4966,6640134.11
FFSU,PA,00169450114,WEGOVY 1MG,2024,2,false,34.000,17,22091.89
FFSU,PA,00169450514,WEGOVY 0.5,2024,2,false,60.000,30,39061.70
MCOU,PA,00169450514,WEGOVY 0.5,2024,2,false,14109.500,6890,9194285.16
FFSU,PA,00169451714,WEGOVY 1.7,2024,2,false,102.000,34,44125.04
MCOU,PA,00169451714,WEGOVY 1.7,2024,2,false,13505.250,4377,5852664.26
MCOU,PA,00169452414,WEGOVY 2.4,2024,2,false,29342.750,9199,12737950.57
FFSU,PA,00169452414,WEGOVY 2.4,2024,2,false,195.000,59,84380.86
MCOU,PA,00169452514,WEGOVY 0.2,2024,2,false,19645.000,9681,12810480.46
FFSU,PA,00169452514,WEGOVY 0.2,2024,2,false,63.000,33,40983.80
FFSU,PA,00169450114,WEGOVY 1MG,2024,1,false,24.000,12,15590.26
MCOU,PA,00169450114,WEGOVY 1MG,2024,1,false,4915.000,2388,3193215.55
FFSU,PA,00169450514,WEGOVY 0.5,2024,1,true,,,
MCOU,PA,00169450514,WEGOVY 0.5,2024,1,false,2938.500,1419,1912716.83
MCOU,PA,00169451714,WEGOVY 1.7,2024,1,false,10914.000,3503,4732716.82
FFSU,PA,00169451714,WEGOVY 1.7,2024,1,false,84.000,26,36284.80
FFSU,PA,00169452414,WEGOVY 2.4,2024,1,false,270.000,78,116746.70
MCOU,PA,00169452414,WEGOVY 2.4,2024,1,false,29522.250,9264,12801917.94
MCOU,PA,00169452514,WEGOVY 0.2,2024,1,false,5223.000,2560,3405712.14
FFSU,PA,00169452514,WEGOVY 0.2,2024,1,true,,,
MCOU,PR,00169450114,WEGOVY    ,2024,4,true,,,
MCOU,PR,00169450514,WEGOVY    ,2024,4,true,,,
MCOU,PR,00169451714,WEGOVY    ,2024,4,true,,,
MCOU,PR,00169452514,WEGOVY    ,2024,4,false,36.000,18,24749.68
MCOU,PR,00169452514,WEGOVY 0.2,2024,3,true,,,
MCOU,RI,00169450114,WEGOVY 1MG,2024,4,false,378.000,187,228453.44
FFSU,RI,00169450114,WEGOVY 1MG,2024,4,true,,,
FFSU,RI,00169450514,WEGOVY 0.5,2024,4,false,28.000,14,18329.42
MCOU,RI,00169450514,WEGOVY 0.5,2024,4,false,348.000,173,209496.37
FFSU,RI,00169451714,WEGOVY 1.7,2024,4,true,,,
MCOU,RI,00169451714,WEGOVY 1.7,2024,4,false,772.000,254,303653.72
MCOU,RI,00169452414,WEGOVY 2.4,2024,4,false,1425.000,468,571794.35
FFSU,RI,00169452414,WEGOVY 2.4,2024,4,false,51.000,17,22170.22
MCOU,RI,00169452514,WEGOVY 0.2,2024,4,false,366.000,183,214457.46
FFSU,RI,00169452514,WEGOVY 0.2,2024,4,true,,,
MCOU,RI,00169450114,WEGOVY 1MG,2024,3,false,346.000,173,209936.79
FFSU,RI,00169450114,WEGOVY 1MG,2024,3,true,,,
MCOU,RI,00169450514,WEGOVY 0.5,2024,3,false,380.000,190,230191.35
FFSU,RI,00169450514,WEGOVY 0.5,2024,3,true,,,
MCOU,RI,00169451714,WEGOVY 1.7,2024,3,false,630.000,210,261795.53
FFSU,RI,00169451714,WEGOVY 1.7,2024,3,true,,,
FFSU,RI,00169452414,WEGOVY 2.4,2024,3,false,42.000,14,18217.46
MCOU,RI,00169452414,WEGOVY 2.4,2024,3,false,1389.000,459,561568.50
MCOU,RI,00169452514,WEGOVY 0.2,2024,3,false,362.000,180,215191.55
FFSU,RI,00169452514,WEGOVY 0.2,2024,3,false,28.000,14,18248.12
FFSU,RI,00169450114,WEGOVY 1MG,2024,2,true,,,
MCOU,RI,00169450114,WEGOVY 1MG,2024,2,false,234.000,117,147033.37
MCOU,RI,00169450514,WEGOVY 0.5,2024,2,false,258.000,129,162293.36
FFSU,RI,00169450514,WEGOVY 0.5,2024,2,true,,,
MCOU,RI,00169451714,WEGOVY 1.7,2024,2,false,492.000,162,205249.31
FFSU,RI,00169451714,WEGOVY 1.7,2024,2,true,,,
MCOU,RI,00169452414,WEGOVY 2.4,2024,2,false,1335.000,439,558003.74
FFSU,RI,00169452414,WEGOVY 2.4,2024,2,true,,,
FFSU,RI,00169452514,WEGOVY 0.2,2024,2,false,26.000,13,16995.94
MCOU,RI,00169452514,WEGOVY 0.2,2024,2,false,380.500,191,240975.14
MCOU,RI,00169450114,WEGOVY 1MG,2024,1,false,114.000,57,74454.36
MCOU,RI,00169450514,WEGOVY 0.5,2024,1,false,32.000,16,20748.84
MCOU,RI,00169451714,WEGOVY 1.7,2024,1,false,498.000,164,215000.49
MCOU,RI,00169452414,WEGOVY 2.4,2024,1,false,1419.000,462,609960.32
FFSU,RI,00169452414,WEGOVY 2.4,2024,1,true,,,
MCOU,RI,00169452514,WEGOVY 0.2,2024,1,false,130.000,65,84369.38
FFSU,RI,00169452514,WEGOVY 0.2,2024,1,true,,,
MCOU,SC,00169450114,WEGOVY    ,2024,4,false,42.000,21,25789.27
FFSU,SC,00169450514,WEGOVY    ,2024,4,true,,,
MCOU,SC,00169450514,WEGOVY    ,2024,4,false,104.000,52,63094.05
MCOU,SC,00169451714,WEGOVY    ,2024,4,false,45.000,15,13303.70
FFSU,SC,00169451714,WEGOVY    ,2024,4,true,,,
MCOU,SC,00169452414,WEGOVY    ,2024,4,true,,,
MCOU,SC,00169452514,WEGOVY    ,2024,4,false,364.000,182,231902.97
FFSU,SC,00169452514,WEGOVY    ,2024,4,true,,,
MCOU,SC,00169450114,WEGOVY    ,2024,3,true,,,
MCOU,SC,00169450514,WEGOVY    ,2024,3,false,26.000,13,14195.18
MCOU,SC,00169451714,WEGOVY    ,2024,3,true,,,
MCOU,SC,00169452414,WEGOVY    ,2024,3,true,,,
MCOU,SC,00169452514,WEGOVY    ,2024,3,false,58.000,29,32304.58
MCOU,SC,00169450114,WEGOVY    ,2024,2,true,,,
MCOU,SC,00169450514,WEGOVY    ,2024,2,true,,,
MCOU,SC,00169451714,WEGOVY    ,2024,2,true,,,
MCOU,SC,00169452414,WEGOVY    ,2024,2,true,,,
FFSU,SC,00169452514,WEGOVY    ,2024,2,true,,,
MCOU,SC,00169452514,WEGOVY    ,2024,2,false,26.000,13,16749.27
MCOU,SC,00169450114,WEGOVY    ,2024,1,true,,,
MCOU,SC,00169450514,WEGOVY    ,2024,1,true,,,
MCOU,SC,00169452514,WEGOVY    ,2024,1,true,,,
FFSU,TN,00169450114,WEGOVY 1MG,2024,4,false,923.000,462,604635.29
FFSU,TN,00169450514,WEGOVY 0.5,2024,4,false,1310.500,658,858677.86
FFSU,TN,00169451714,WEGOVY 1.7,2024,4,false,870.000,291,379879.93
FFSU,TN,00169452414,WEGOVY 2.4,2024,4,false,882.000,294,385361.97
FFSU,TN,00169452514,WEGOVY 0.2,2024,4,false,1753.000,877,1148685.77
FFSU,TN,00169450114,WEGOVY 1MG,2024,3,false,556.000,277,364216.59
FFSU,TN,00169450514,WEGOVY 0.5,2024,3,false,788.000,394,516474.83
FFSU,TN,00169451714,WEGOVY 1.7,2024,3,false,546.000,182,238291.38
FFSU,TN,00169452414,WEGOVY 2.4,2024,3,false,528.000,176,230599.10
FFSU,TN,00169452514,WEGOVY 0.2,2024,3,false,1274.000,636,834677.30
FFSU,TN,00169450114,WEGOVY 1MG,2024,2,false,320.000,160,205573.06
FFSU,TN,00169450514,WEGOVY 0.5,2024,2,false,400.000,200,262078.54
FFSU,TN,00169451714,WEGOVY 1.7,2024,2,false,393.750,132,171750.20
FFSU,TN,00169452414,WEGOVY 2.4,2024,2,false,399.000,133,173917.16
FFSU,TN,00169452514,WEGOVY 0.2,2024,2,false,640.000,320,416680.78
FFSU,TN,00169450114,WEGOVY 1MG,2024,1,false,172.000,86,109404.90
FFSU,TN,00169450514,WEGOVY 0.5,2024,1,false,108.000,54,70848.72
FFSU,TN,00169451714,WEGOVY 1.7,2024,1,false,240.000,80,104506.32
FFSU,TN,00169452414,WEGOVY 2.4,2024,1,false,471.000,157,205172.21
FFSU,TN,00169452514,WEGOVY 0.2,2024,1,false,206.000,102,133635.38
MCOU,TX,00169450114,WEGOVY 1 M,2024,4,true,,,
MCOU,TX,00169450514,WEGOVY 0.5,2024,4,false,22.000,11,14275.57
MCOU,TX,00169451714,WEGOVY 1.7,2024,4,true,,,
MCOU,TX,00169452414,WEGOVY 2.4,2024,4,true,,,
MCOU,TX,00169452514,WEGOVY 0.2,2024,4,false,56.000,28,36371.50
MCOU,TX,00169450514,WEGOVY 0.5,2024,3,true,,,
MCOU,TX,00169451714,WEGOVY 1.7,2024,3,true,,,
MCOU,TX,00169452414,WEGOVY 2.4,2024,3,true,,,
MCOU,TX,00169452514,WEGOVY 0.2,2024,3,false,32.000,16,20154.25
MCOU,TX,00169450114,WEGOVY 1 M,2024,2,true,,,
MCOU,TX,00169450514,WEGOVY 0.5,2024,2,true,,,
MCOU,TX,00169451714,WEGOVY 1.7,2024,2,true,,,
MCOU,TX,00169452414,WEGOVY 2.4,2024,2,true,,,
MCOU,TX,00169452514,WEGOVY 0.2,2024,2,true,,,
MCOU,TX,00169450114,WEGOVY 1 M,2024,1,true,,,
MCOU,TX,00169450514,WEGOVY 0.5,2024,1,true,,,
MCOU,TX,00169451714,WEGOVY 1.7,2024,1,true,,,
MCOU,TX,00169452414,WEGOVY 2.4,2024,1,true,,,
MCOU,TX,00169452514,WEGOVY 0.2,2024,1,true,,,
FFSU,UT,00169450114,WEGOVY 1MG,2024,4,true,,,
MCOU,UT,00169450114,WEGOVY 1MG,2024,4,true,,,
MCOU,UT,00169450514,WEGOVY 0.5,2024,4,true,,,
FFSU,UT,00169450514,WEGOVY 0.5,2024,4,true,,,
MCOU,UT,00169451714,WEGOVY 1.7,2024,4,true,,,
FFSU,UT,00169451714,WEGOVY 1.7,2024,4,true,,,
MCOU,UT,00169452514,WEGOVY 0.2,2024,4,true,,,
MCOU,UT,00169450514,WEGOVY 0.5,2024,3,true,,,
MCOU,UT,00169452514,WEGOVY 0.2,2024,3,true,,,
MCOU,VA,00169450114,WEGOVY    ,2024,4,false,3829.500,1908,2453715.46
FFSU,VA,00169450114,WEGOVY    ,2024,4,true,,,
FFSU,VA,00169450514,WEGOVY    ,2024,4,true,,,
MCOU,VA,00169450514,WEGOVY    ,2024,4,false,2810.000,1402,1799175.89
MCOU,VA,00169451714,WEGOVY    ,2024,4,false,6308.500,2102,2696112.30
FFSU,VA,00169451714,WEGOVY    ,2024,4,false,33.000,11,14395.10
FFSU,VA,00169452414,WEGOVY    ,2024,4,false,48.000,16,20966.66
MCOU,VA,00169452414,WEGOVY    ,2024,4,false,9698.000,3216,4134770.25
MCOU,VA,00169452514,WEGOVY    ,2024,4,false,2464.000,1230,1579729.61
FFSU,VA,00169452514,WEGOVY    ,2024,4,true,,,
MCOU,VA,00169450114,WEGOVY    ,2024,3,false,4384.000,2192,2807709.60
FFSU,VA,00169450114,WEGOVY    ,2024,3,true,,,
FFSU,VA,00169450514,WEGOVY    ,2024,3,true,,,
MCOU,VA,00169450514,WEGOVY    ,2024,3,false,4554.500,2279,2919998.12
MCOU,VA,00169451714,WEGOVY    ,2024,3,false,6122.000,2040,2611109.86
FFSU,VA,00169451714,WEGOVY    ,2024,3,true,,,
FFSU,VA,00169452414,WEGOVY    ,2024,3,false,69.000,23,30096.40
MCOU,VA,00169452414,WEGOVY    ,2024,3,false,9980.250,3304,4257809.78
FFSU,VA,00169452514,WEGOVY    ,2024,3,false,30.000,15,19668.75
MCOU,VA,00169452514,WEGOVY    ,2024,3,false,4608.000,2302,2957368.24
FFSU,VA,00169450114,WEGOVY    ,2024,2,true,,,
MCOU,VA,00169450114,WEGOVY    ,2024,2,false,2839.000,1421,1816484.14
FFSU,VA,00169450514,WEGOVY    ,2024,2,false,24.000,12,15718.85
MCOU,VA,00169450514,WEGOVY    ,2024,2,false,3860.500,1930,2471573.81
MCOU,VA,00169451714,WEGOVY    ,2024,2,false,3911.500,1305,1670763.43
FFSU,VA,00169451714,WEGOVY    ,2024,2,false,51.000,17,22115.94
FFSU,VA,00169452414,WEGOVY    ,2024,2,false,36.000,12,15704.06
MCOU,VA,00169452414,WEGOVY    ,2024,2,false,8040.750,2671,3437251.32
MCOU,VA,00169452514,WEGOVY    ,2024,2,false,4676.500,2338,2998164.82
FFSU,VA,00169452514,WEGOVY    ,2024,2,false,48.000,24,31404.77
MCOU,VA,00169450114,WEGOVY    ,2024,1,false,1245.000,630,802590.37
FFSU,VA,00169450114,WEGOVY    ,2024,1,true,,,
FFSU,VA,00169450514,WEGOVY    ,2024,1,true,,,
MCOU,VA,00169450514,WEGOVY    ,2024,1,false,960.000,480,620679.57
FFSU,VA,00169451714,WEGOVY    ,2024,1,true,,,
MCOU,VA,00169451714,WEGOVY    ,2024,1,false,3245.500,1081,1412947.96
FFSU,VA,00169452414,WEGOVY    ,2024,1,false,36.000,12,15681.36
MCOU,VA,00169452414,WEGOVY    ,2024,1,false,8426.000,2794,3679009.92
MCOU,VA,00169452514,WEGOVY    ,2024,1,false,1752.500,876,1139194.23
FFSU,VA,00169452514,WEGOVY    ,2024,1,true,,,
FFSU,VT,00169450114,WEGOVY 1MG,2024,4,true,,,
FFSU,VT,00169450514,WEGOVY 0.5,2024,4,true,,,
FFSU,VT,00169452414,WEGOVY 2.4,2024,4,true,,,
FFSU,VT,00169452514,WEGOVY 0.2,2024,4,true,,,
FFSU,WA,00169450114,WEGOVY 1 M,2024,4,true,,,
FFSU,WA,00169450514,WEGOVY 0.5,2024,4,false,24.000,12,15724.82
FFSU,WA,00169451714,WEGOVY 1.7,2024,4,true,,,
FFSU,WA,00169452414,WEGOVY 2.4,2024,4,true,,,
FFSU,WA,00169452514,WEGOVY 0.2,2024,4,false,58.000,29,38010.02
FFSU,WA,00169450114,WEGOVY 1 M,2024,3,true,,,
FFSU,WA,00169450514,WEGOVY 0.5,2024,3,true,,,
FFSU,WA,00169451714,WEGOVY 1.7,2024,3,true,,,
FFSU,WA,00169452514,WEGOVY 0.2,2024,3,true,,,
MCOU,WA,00169450114,WEGOVY 1 M,2024,2,true,,,
MCOU,WA,00169450514,WEGOVY 0.5,2024,2,true,,,
MCOU,WA,00169451714,WEGOVY 1.7,2024,2,true,,,
MCOU,WA,00169452414,WEGOVY 2.4,2024,2,true,,,
MCOU,WA,00169452514,WEGOVY 0.2,2024,2,false,40.000,20,25746.93
MCOU,WA,00169450114,WEGOVY 1MG,2024,1,true,,,
MCOU,WA,00169450514,WEGOVY 0.5,2024,1,true,,,
MCOU,WA,00169451714,WEGOVY 1.7,2024,1,true,,,
MCOU,WA,00169452414,WEGOVY 2.4,2024,1,false,39.000,13,16834.95
MCOU,WA,00169452514,WEGOVY 0.2,2024,1,true,,,
FFSU,WI,00169450114,WEGOVY 1MG,2024,4,false,4771.000,2382,3176503.42
FFSU,WI,00169450514,WEGOVY 0.5,2024,4,false,5167.000,2578,3433658.74
FFSU,WI,00169451714,WEGOVY 1.7,2024,4,false,7923.750,2646,3544183.59
FFSU,WI,00169452414,WEGOVY 2.4,2024,4,false,9873.750,3296,4372077.69
FFSU,WI,00169452514,WEGOVY 0.2,2024,4,false,5395.000,2690,3591355.39
FFSU,WI,00169450114,WEGOVY 1MG,2024,3,false,4096.500,2047,2732196.60
FFSU,WI,00169450514,WEGOVY 0.5,2024,3,false,5134.500,2566,3419433.85
FFSU,WI,00169451714,WEGOVY 1.7,2024,3,false,5422.500,1811,2395866.32
FFSU,WI,00169452414,WEGOVY 2.4,2024,3,false,6261.000,2090,2765813.66
FFSU,WI,00169452514,WEGOVY 0.2,2024,3,false,5407.500,2701,3595353.32
FFSU,WI,00169450114,WEGOVY 1MG,2024,2,false,2193.000,1098,1465208.82
FFSU,WI,00169450514,WEGOVY 0.5,2024,2,false,3265.500,1633,2179181.70
FFSU,WI,00169451714,WEGOVY 1.7,2024,2,false,2630.250,877,1163799.39
FFSU,WI,00169452414,WEGOVY 2.4,2024,2,false,4875.750,1622,2155535.30
FFSU,WI,00169452514,WEGOVY 0.2,2024,2,false,4567.500,2286,3047499.03
FFSU,WI,00169450114,WEGOVY 1MG,2024,1,false,966.000,482,654855.70
FFSU,WI,00169450514,WEGOVY 0.5,2024,1,false,930.000,464,630991.62
FFSU,WI,00169451714,WEGOVY 1.7,2024,1,false,2426.250,809,1077070.41
FFSU,WI,00169452414,WEGOVY 2.4,2024,1,false,7377.000,2457,3284091.91
FFSU,WI,00169452514,WEGOVY 0.2,2024,1,false,1412.000,705,942341.31
FFSU,WY,00169450514,WEGOVY 0.5,2024,4,true,,,
FFSU,WY,00169451714,WEGOVY 1.7,2024,4,true,,,
FFSU,WY,00169452414,WEGOVY 2.4,2024,4,true,,,
FFSU,WY,00169452514,WEGOVY 0.2,2024,4,true,,,
FFSU,WY,00169450514,WEGOVY 0.5,2024,3,true,,,
FFSU,WY,00169451714,WEGOVY 1.7,2024,3,true,,,
FFSU,WY,00169452514,WEGOVY 0.2,2024,3,true,,,
FFSU,AK,00169430330,RYBELSUS  ,2024,4,false,2430.000,81,75792.93
FFSU,AK,00169430730,RYBELSUS  ,2024,4,false,3270.000,107,102141.08
FFSU,AK,00169431430,RYBELSUS  ,2024,4,false,5708.000,194,178970.51
FFSU,AK,00169430330,RYBELSUS  ,2024,3,false,3070.000,105,95152.32
FFSU,AK,00169430730,RYBELSUS  ,2024,3,false,3972.000,128,123273.11
FFSU,AK,00169431430,RYBELSUS  ,2024,3,false,5486.000,189,171770.33
FFSU,AK,00169430330,RYBELSUS  ,2024,2,false,2461.000,88,76693.16
FFSU,AK,00169430730,RYBELSUS  ,2024,2,false,3345.000,113,103824.04
FFSU,AK,00169431430,RYBELSUS  ,2024,2,false,5066.000,176,158079.79
FFSU,AK,00169430330,RYBELSUS  ,2024,1,false,2298.000,84,71000.04
FFSU,AK,00169430730,RYBELSUS  ,2024,1,false,3828.000,126,117525.64
FFSU,AK,00169431430,RYBELSUS  ,2024,1,false,4665.000,162,144377.17
FFSU,AL,00169430330,RYBELSUS 3,2024,4,false,3812.000,127,125707.04
FFSU,AL,00169430730,RYBELSUS 7,2024,4,false,9450.000,315,302628.39
FFSU,AL,00169431430,RYBELSUS 1,2024,4,false,7030.000,235,228851.90
FFSU,AL,00169430330,RYBELSUS 3,2024,3,false,4412.000,147,139931.75
FFSU,AL,00169430730,RYBELSUS 7,2024,3,false,8838.000,295,284137.08
FFSU,AL,00169431430,RYBELSUS 1,2024,3,false,5640.000,188,181820.54
FFSU,AL,00169430330,RYBELSUS 3,2024,2,false,5038.000,167,159838.18
FFSU,AL,00169430730,RYBELSUS 7,2024,2,false,8244.000,276,264647.40
FFSU,AL,00169431430,RYBELSUS 1,2024,2,false,6361.000,212,202105.87
FFSU,AL,00169430330,RYBELSUS 3,2024,1,false,2962.000,99,94306.39
FFSU,AL,00169430730,RYBELSUS 7,2024,1,false,7200.000,238,229482.23
FFSU,AL,00169431430,RYBELSUS 1,2024,1,false,5820.000,194,185381.76
FFSU,AR,00169430330,RYBELSUS  ,2024,4,true,,,
MCOU,AR,00169430330,RYBELSUS  ,2024,4,true,,,
MCOU,AR,00169430730,RYBELSUS  ,2024,4,true,,,
FFSU,AR,00169430730,RYBELSUS  ,2024,4,true,,,
FFSU,AR,00169431430,RYBELSUS  ,2024,4,true,,,
MCOU,AR,00169431430,RYBELSUS  ,2024,4,true,,,
MCOU,AR,00169430330,RYBELSUS  ,2024,3,true,,,
MCOU,AR,00169430730,RYBELSUS  ,2024,3,true,,,
FFSU,AR,00169430730,RYBELSUS  ,2024,3,true,,,
FFSU,AR,00169431430,RYBELSUS  ,2024,3,true,,,
MCOU,AR,00169431430,RYBELSUS  ,2024,3,true,,,
MCOU,AR,00169430330,RYBELSUS  ,2024,2,true,,,
MCOU,AR,00169430730,RYBELSUS  ,2024,2,true,,,
FFSU,AR,00169430730,RYBELSUS  ,2024,2,true,,,
FFSU,AR,00169431430,RYBELSUS  ,2024,2,true,,,
MCOU,AR,00169431430,RYBELSUS  ,2024,2,true,,,
FFSU,AR,00169430330,RYBELSUS  ,2024,1,true,,,
MCOU,AR,00169430330,RYBELSUS  ,2024,1,true,,,
FFSU,AR,00169430730,RYBELSUS  ,2024,1,true,,,
FFSU,AR,00169431430,RYBELSUS  ,2024,1,true,,,
MCOU,AR,00169431430,RYBELSUS  ,2024,1,true,,,
MCOU,AZ,00169430330,RYBELSUS  ,2024,4,true,,,
MCOU,AZ,00169430730,RYBELSUS  ,2024,4,false,900.000,28,28060.07
MCOU,AZ,00169431430,RYBELSUS  ,2024,4,false,1320.000,40,40464.21
MCOU,AZ,00169430330,RYBELSUS  ,2024,3,false,554.000,17,16875.86
MCOU,AZ,00169430730,RYBELSUS  ,2024,3,false,1050.000,35,32776.84
MCOU,AZ,00169431430,RYBELSUS  ,2024,3,false,1350.000,41,41585.50
MCOU,AZ,00169430330,RYBELSUS  ,2024,2,false,600.000,19,18656.46
MCOU,AZ,00169430730,RYBELSUS  ,2024,2,false,1800.000,52,55943.17
MCOU,AZ,00169431430,RYBELSUS  ,2024,2,false,1020.000,30,31613.04
MCOU,AZ,00169430330,RYBELSUS  ,2024,1,false,420.000,14,13059.87
MCOU,AZ,00169430730,RYBELSUS  ,2024,1,false,1800.000,52,55563.56
MCOU,AZ,00169431430,RYBELSUS  ,2024,1,false,1170.000,33,35950.54
FFSU,CA,00169430330,RYBELSUS 3,2024,4,false,222436.000,5477,6990241.19
MCOU,CA,00169430330,RYBELSUS 3,2024,4,false,2881.000,98,95967.01
FFSU,CA,00169430730,RYBELSUS 7,2024,4,false,472160.000,10351,14830376.05
MCOU,CA,00169430730,RYBELSUS 7,2024,4,false,3526.000,118,117072.87
FFSU,CA,00169431430,RYBELSUS 1,2024,4,false,428844.000,8985,13461433.97
MCOU,CA,00169431430,RYBELSUS 1,2024,4,false,2073.000,69,68697.87
MCOU,CA,00169430330,RYBELSUS 3,2024,3,false,2521.000,84,84021.18
FFSU,CA,00169430330,RYBELSUS 3,2024,3,false,273859.000,6848,8607321.72
FFSU,CA,00169430730,RYBELSUS 7,2024,3,false,591814.000,13102,18591098.57
MCOU,CA,00169430730,RYBELSUS 7,2024,3,false,3422.000,113,113764.56
MCOU,CA,00169431430,RYBELSUS 1,2024,3,false,1773.000,59,58697.44
FFSU,CA,00169431430,RYBELSUS 1,2024,3,false,498751.000,10415,15660122.80
FFSU,CA,00169430330,RYBELSUS 3,2024,2,false,241588.000,6177,7572315.62
MCOU,CA,00169430330,RYBELSUS 3,2024,2,false,1891.000,62,63001.68
MCOU,CA,00169430730,RYBELSUS 7,2024,2,false,2788.000,92,92491.63
FFSU,CA,00169430730,RYBELSUS 7,2024,2,false,460115.000,10309,14416895.62
FFSU,CA,00169431413,RYBELSUS 1,2024,2,true,,,
FFSU,CA,00169431430,RYBELSUS 1,2024,2,false,355773.000,7502,11146086.22
MCOU,CA,00169431430,RYBELSUS 1,2024,2,false,1921.000,64,63952.26
FFSU,CA,00169430313,RYBELSUS 3,2024,1,false,1244.000,40,38275.80
FFSU,CA,00169430330,RYBELSUS 3,2024,1,false,280024.000,7176,8695093.86
MCOU,CA,00169430330,RYBELSUS 3,2024,1,false,1560.000,51,52356.00
FFSU,CA,00169430713,RYBELSUS 7,2024,1,false,2932.000,90,90880.55
MCOU,CA,00169430730,RYBELSUS 7,2024,1,false,2820.000,93,93652.56
FFSU,CA,00169430730,RYBELSUS 7,2024,1,false,509467.000,11388,15801354.05
FFSU,CA,00169431413,RYBELSUS 1,2024,1,false,1770.000,45,54711.22
MCOU,CA,00169431430,RYBELSUS 1,2024,1,false,2070.000,69,69205.49
FFSU,CA,00169431430,RYBELSUS 1,2024,1,false,372597.000,7802,11549195.64
FFSU,CO,00169430330,RYBELSUS  ,2024,4,false,1920.000,64,60534.98
MCOU,CO,00169430330,RYBELSUS  ,2024,4,false,390.000,11,4698.94
FFSU,CO,00169430730,RYBELSUS  ,2024,4,false,2400.000,52,75394.22
MCOU,CO,00169430730,RYBELSUS  ,2024,4,false,570.000,17,5346.53
MCOU,CO,00169431430,RYBELSUS  ,2024,4,false,600.000,17,7110.61
FFSU,CO,00169431430,RYBELSUS  ,2024,4,false,1950.000,45,61304.63
MCOU,CO,00169430330,RYBELSUS  ,2024,3,false,390.000,11,6386.31
FFSU,CO,00169430330,RYBELSUS  ,2024,3,false,1380.000,46,43506.79
MCOU,CO,00169430730,RYBELSUS  ,2024,3,false,480.000,16,2518.34
FFSU,CO,00169430730,RYBELSUS  ,2024,3,false,3000.000,62,94207.14
MCOU,CO,00169431430,RYBELSUS  ,2024,3,false,480.000,16,1679.50
FFSU,CO,00169431430,RYBELSUS  ,2024,3,false,1740.000,38,54667.09
MCOU,CO,00169430330,RYBELSUS  ,2024,2,false,540.000,17,6085.34
FFSU,CO,00169430330,RYBELSUS  ,2024,2,false,1710.000,57,52110.96
FFSU,CO,00169430730,RYBELSUS  ,2024,2,false,3160.000,58,98148.79
MCOU,CO,00169430730,RYBELSUS  ,2024,2,false,480.000,14,5805.82
MCOU,CO,00169431430,RYBELSUS  ,2024,2,false,600.000,16,8595.74
FFSU,CO,00169431430,RYBELSUS  ,2024,2,false,2040.000,41,63800.18
MCOU,CO,00169430330,RYBELSUS  ,2024,1,true,,,
FFSU,CO,00169430330,RYBELSUS  ,2024,1,false,1327.000,45,41430.94
FFSU,CO,00169430730,RYBELSUS  ,2024,1,false,2280.000,46,70773.57
MCOU,CO,00169430730,RYBELSUS  ,2024,1,true,,,
MCOU,CO,00169431430,RYBELSUS  ,2024,1,true,,,
FFSU,CO,00169431430,RYBELSUS  ,2024,1,false,1560.000,32,48137.82
FFSU,CT,00169430313,RYBELSUS 3,2024,4,true,,,
FFSU,CT,00169430330,RYBELSUS 3,2024,4,false,9753.000,328,307269.71
FFSU,CT,00169430713,RYBELSUS 7,2024,4,true,,,
FFSU,CT,00169430730,RYBELSUS 7,2024,4,false,16378.000,350,514033.61
FFSU,CT,00169431430,RYBELSUS 1,2024,4,false,18281.000,338,573213.76
FFSU,CT,00169430330,RYBELSUS 3,2024,3,false,10063.000,325,316818.93
FFSU,CT,00169430713,RYBELSUS 7,2024,3,true,,,
FFSU,CT,00169430730,RYBELSUS 7,2024,3,false,16982.000,343,532800.14
FFSU,CT,00169431430,RYBELSUS 1,2024,3,false,20185.000,358,632673.51
FFSU,CT,00169430330,RYBELSUS 3,2024,2,false,11404.000,367,358318.43
FFSU,CT,00169430730,RYBELSUS 7,2024,2,false,17952.000,354,561962.85
FFSU,CT,00169431430,RYBELSUS 1,2024,2,false,19446.000,347,608484.65
FFSU,CT,00169430330,RYBELSUS 3,2024,1,false,9766.000,326,304921.15
FFSU,CT,00169430713,RYBELSUS 7,2024,1,true,,,
FFSU,CT,00169430730,RYBELSUS 7,2024,1,false,16998.000,323,527210.59
FFSU,CT,00169431430,RYBELSUS 1,2024,1,false,19129.000,344,594135.32
FFSU,DC,00169430330,RYBELSUS 3,2024,4,true,,,
MCOU,DC,00169430330,RYBELSUS 3,2024,4,false,1440.000,38,47260.02
FFSU,DC,00169430730,RYBELSUS 7,2024,4,true,,,
MCOU,DC,00169430730,RYBELSUS 7,2024,4,false,3030.000,62,96218.03
FFSU,DC,00169431430,RYBELSUS 1,2024,4,true,,,
MCOU,DC,00169431430,RYBELSUS 1,2024,4,false,2160.000,38,68217.00
FFSU,DC,00169430330,RYBELSUS 3,2024,3,true,,,
MCOU,DC,00169430330,RYBELSUS 3,2024,3,false,1680.000,39,53898.65
MCOU,DC,00169430730,RYBELSUS 7,2024,3,false,3270.000,72,100360.85
FFSU,DC,00169430730,RYBELSUS 7,2024,3,true,,,
MCOU,DC,00169431430,RYBELSUS 1,2024,3,false,2760.000,54,89444.09
FFSU,DC,00169431430,RYBELSUS 1,2024,3,true,,,
MCOU,DC,00169430330,RYBELSUS 3,2024,2,false,1860.000,43,59016.45
FFSU,DC,00169430330,RYBELSUS 3,2024,2,true,,,
MCOU,DC,00169430730,RYBELSUS 7,2024,2,false,3810.000,80,118973.53
FFSU,DC,00169430730,RYBELSUS 7,2024,2,true,,,
FFSU,DC,00169431430,RYBELSUS 1,2024,2,true,,,
MCOU,DC,00169431430,RYBELSUS 1,2024,2,false,2790.000,53,87643.28
MCOU,DC,00169430330,RYBELSUS 3,2024,1,false,930.000,23,29792.84
MCOU,DC,00169430730,RYBELSUS 7,2024,1,false,2550.000,53,77455.75
FFSU,DC,00169430730,RYBELSUS 7,2024,1,true,,,
FFSU,DC,00169431430,RYBELSUS 1,2024,1,true,,,
MCOU,DC,00169431430,RYBELSUS 1,2024,1,false,1800.000,42,52722.74
MCOU,DE,00169430330,RYBELSUS 3,2024,4,false,990.000,33,31109.22
MCOU,DE,00169430730,RYBELSUS 7,2024,4,false,1500.000,50,47073.70
MCOU,DE,00169431430,RYBELSUS 1,2024,4,false,1049.000,35,32951.05
MCOU,DE,00169430330,RYBELSUS 3,2024,3,false,738.000,25,23180.02
MCOU,DE,00169430730,RYBELSUS 7,2024,3,false,1440.000,48,45210.16
MCOU,DE,00169431430,RYBELSUS 1,2024,3,false,1082.000,36,33953.14
MCOU,DE,00169430330,RYBELSUS 3,2024,2,false,930.000,31,29103.78
MCOU,DE,00169430730,RYBELSUS 7,2024,2,false,1590.000,53,49803.19
MCOU,DE,00169431430,RYBELSUS 1,2024,2,false,1502.000,46,47135.80
MCOU,DE,00169430330,RYBELSUS 3,2024,1,false,808.000,27,25224.81
MCOU,DE,00169430730,RYBELSUS 7,2024,1,false,1740.000,58,54252.86
MCOU,DE,00169431430,RYBELSUS 1,2024,1,false,1210.000,39,37910.70
FFSU,FL,00169430330,RYBELSUS  ,2024,4,true,,,
MCOU,FL,00169430330,RYBELSUS  ,2024,4,false,1356.000,47,41775.46
MCOU,FL,00169430713,RYBELSUS  ,2024,4,true,,,
FFSU,FL,00169430730,RYBELSUS  ,2024,4,false,390.000,13,12285.90
MCOU,FL,00169430730,RYBELSUS  ,2024,4,false,3240.000,108,99443.20
MCOU,FL,00169431430,RYBELSUS  ,2024,4,false,3060.000,102,94416.83
FFSU,FL,00169431430,RYBELSUS  ,2024,4,true,,,
FFSU,FL,00169430330,RYBELSUS  ,2024,3,true,,,
MCOU,FL,00169430330,RYBELSUS  ,2024,3,false,930.000,31,28573.32
MCOU,FL,00169430730,RYBELSUS  ,2024,3,false,3990.000,133,122763.42
FFSU,FL,00169430730,RYBELSUS  ,2024,3,false,390.000,13,9700.22
MCOU,FL,00169431430,RYBELSUS  ,2024,3,false,2670.000,89,82268.10
FFSU,FL,00169431430,RYBELSUS  ,2024,3,true,,,
MCOU,FL,00169430313,RYBELSUS  ,2024,2,true,,,
MCOU,FL,00169430330,RYBELSUS  ,2024,2,false,1530.000,51,46996.70
FFSU,FL,00169430330,RYBELSUS  ,2024,2,true,,,
FFSU,FL,00169430730,RYBELSUS  ,2024,2,true,,,
MCOU,FL,00169430730,RYBELSUS  ,2024,2,false,4935.000,163,149236.08
FFSU,FL,00169431430,RYBELSUS  ,2024,2,true,,,
MCOU,FL,00169431430,RYBELSUS  ,2024,2,false,3390.000,113,104465.11
MCOU,FL,00169430313,RYBELSUS  ,2024,1,true,,,
MCOU,FL,00169430330,RYBELSUS  ,2024,1,false,1830.000,61,56302.74
FFSU,FL,00169430330,RYBELSUS  ,2024,1,true,,,
FFSU,FL,00169430730,RYBELSUS  ,2024,1,false,330.000,11,10272.83
MCOU,FL,00169430730,RYBELSUS  ,2024,1,false,6756.000,227,208115.08
MCOU,FL,00169431430,RYBELSUS  ,2024,1,false,4710.000,157,145211.83
FFSU,FL,00169431430,RYBELSUS  ,2024,1,true,,,
FFSU,GA,00169430330,RYBELSUS  ,2024,4,false,1500.000,50,47129.29
MCOU,GA,00169430330,RYBELSUS  ,2024,4,false,540.000,18,16805.16
MCOU,GA,00169430713,RYBELSUS  ,2024,4,true,,,
MCOU,GA,00169430730,RYBELSUS  ,2024,4,false,1470.000,49,45939.59
FFSU,GA,00169430730,RYBELSUS  ,2024,4,false,4138.000,138,130050.80
FFSU,GA,00169431430,RYBELSUS  ,2024,4,false,4200.000,140,131991.03
MCOU,GA,00169431430,RYBELSUS  ,2024,4,false,1500.000,50,45829.22
FFSU,GA,00169430330,RYBELSUS  ,2024,3,false,1650.000,55,51843.85
MCOU,GA,00169430330,RYBELSUS  ,2024,3,false,1110.000,37,33699.61
MCOU,GA,00169430713,RYBELSUS  ,2024,3,true,,,
FFSU,GA,00169430730,RYBELSUS  ,2024,3,false,4281.000,143,134532.95
MCOU,GA,00169430730,RYBELSUS  ,2024,3,false,1860.000,62,57766.59
MCOU,GA,00169431430,RYBELSUS  ,2024,3,false,1950.000,65,60885.51
FFSU,GA,00169431430,RYBELSUS  ,2024,3,false,3600.000,120,113142.57
FFSU,GA,00169430330,RYBELSUS  ,2024,2,false,1440.000,48,45133.45
MCOU,GA,00169430330,RYBELSUS  ,2024,2,false,1324.000,45,43101.70
MCOU,GA,00169430713,RYBELSUS  ,2024,2,true,,,
FFSU,GA,00169430730,RYBELSUS  ,2024,2,false,3686.000,123,115599.27
MCOU,GA,00169430730,RYBELSUS  ,2024,2,false,2580.000,86,79436.27
MCOU,GA,00169431413,RYBELSUS  ,2024,2,true,,,
MCOU,GA,00169431430,RYBELSUS  ,2024,2,false,2370.000,79,74827.63
FFSU,GA,00169431430,RYBELSUS  ,2024,2,false,3840.000,128,120469.03
MCOU,GA,00169430313,RYBELSUS  ,2024,1,true,,,
MCOU,GA,00169430330,RYBELSUS  ,2024,1,false,1047.000,38,32826.52
FFSU,GA,00169430330,RYBELSUS  ,2024,1,false,1438.000,48,44685.18
MCOU,GA,00169430713,RYBELSUS  ,2024,1,true,,,
MCOU,GA,00169430730,RYBELSUS  ,2024,1,false,3510.000,116,108914.55
FFSU,GA,00169430730,RYBELSUS  ,2024,1,false,3328.000,111,103728.69
MCOU,GA,00169431413,RYBELSUS  ,2024,1,true,,,
MCOU,GA,00169431430,RYBELSUS  ,2024,1,false,2580.000,88,82054.62
FFSU,GA,00169431430,RYBELSUS  ,2024,1,false,3630.000,121,113238.18
MCOU,HI,00169430330,RYBELSUS 3,2024,4,false,9930.000,253,113897.42
FFSU,HI,00169430730,RYBELSUS 7,2024,4,true,,,
MCOU,HI,00169430730,RYBELSUS 7,2024,4,false,11910.000,247,239875.52
MCOU,HI,00169431430,RYBELSUS 1,2024,4,false,11580.000,233,282053.48
MCOU,HI,00169430330,RYBELSUS 3,2024,3,false,12150.000,353,113168.54
MCOU,HI,00169430730,RYBELSUS 7,2024,3,false,14760.000,289,289126.67
FFSU,HI,00169430730,RYBELSUS 7,2024,3,true,,,
MCOU,HI,00169431413,RYBELSUS 1,2024,3,true,,,
MCOU,HI,00169431430,RYBELSUS 1,2024,3,false,15626.000,321,328257.62
FFSU,HI,00169430330,RYBELSUS 3,2024,2,true,,,
MCOU,HI,00169430330,RYBELSUS 3,2024,2,false,12090.000,289,107921.33
MCOU,HI,00169430713,RYBELSUS 7,2024,2,true,,,
MCOU,HI,00169430730,RYBELSUS 7,2024,2,false,17100.000,354,301013.17
FFSU,HI,00169430730,RYBELSUS 7,2024,2,true,,,
MCOU,HI,00169431430,RYBELSUS 1,2024,2,false,19200.000,350,314867.59
MCOU,HI,00169430313,RYBELSUS 3,2024,1,true,,,
MCOU,HI,00169430330,RYBELSUS 3,2024,1,false,9901.000,244,126307.78
MCOU,HI,00169430713,RYBELSUS 7,2024,1,true,,,
MCOU,HI,00169430730,RYBELSUS 7,2024,1,false,16545.000,348,273175.44
MCOU,HI,00169431413,RYBELSUS 1,2024,1,true,,,
MCOU,HI,00169431430,RYBELSUS 1,2024,1,false,14396.000,284,309641.61
MCOU,IA,00169430330,RYBELSUS 3,2024,4,false,930.000,30,28973.04
MCOU,IA,00169430730,RYBELSUS 7,2024,4,false,2790.000,92,86921.87
MCOU,IA,00169431430,RYBELSUS 1,2024,4,false,3120.000,104,96441.15
MCOU,IA,00169430330,RYBELSUS 3,2024,3,false,1380.000,46,42875.08
MCOU,IA,00169430730,RYBELSUS 7,2024,3,false,2970.000,99,92335.44
MCOU,IA,00169431430,RYBELSUS 1,2024,3,false,3840.000,124,118009.95
FFSU,IA,00169430330,RYBELSUS 3,2024,2,true,,,
MCOU,IA,00169430330,RYBELSUS 3,2024,2,false,1710.000,58,53157.07
MCOU,IA,00169430730,RYBELSUS 7,2024,2,false,3240.000,108,100836.57
MCOU,IA,00169431430,RYBELSUS 1,2024,2,false,4020.000,134,124866.37
MCOU,IA,00169430330,RYBELSUS 3,2024,1,false,1850.000,62,57296.03
MCOU,IA,00169430730,RYBELSUS 7,2024,1,false,3300.000,110,102254.36
MCOU,IA,00169431430,RYBELSUS 1,2024,1,false,4260.000,142,131918.74
FFSU,ID,00169430330,RYBELSUS  ,2024,4,false,690.000,23,21660.48
FFSU,ID,00169430730,RYBELSUS  ,2024,4,false,2484.000,83,78245.15
FFSU,ID,00169431430,RYBELSUS  ,2024,4,false,2880.000,96,90622.44
FFSU,ID,00169430330,RYBELSUS  ,2024,3,false,840.000,28,26370.76
FFSU,ID,00169430730,RYBELSUS  ,2024,3,false,3264.000,109,102836.79
FFSU,ID,00169431430,RYBELSUS  ,2024,3,false,3030.000,101,95318.67
FFSU,ID,00169430330,RYBELSUS  ,2024,2,false,1436.000,48,45136.75
FFSU,ID,00169430730,RYBELSUS  ,2024,2,false,2774.000,93,87373.46
FFSU,ID,00169431430,RYBELSUS  ,2024,2,false,3210.000,107,100982.97
FFSU,ID,00169430330,RYBELSUS  ,2024,1,false,2034.000,68,63126.84
FFSU,ID,00169430730,RYBELSUS  ,2024,1,false,2582.000,87,80256.18
FFSU,ID,00169431430,RYBELSUS  ,2024,1,false,3000.000,100,93975.64
FFSU,IL,00169430330,RYBELSUS 3,2024,4,false,1860.000,62,57937.77
MCOU,IL,00169430330,RYBELSUS 3,2024,4,false,37613.000,1203,1240988.33
FFSU,IL,00169430730,RYBELSUS 7,2024,4,false,3390.000,101,108205.36
MCOU,IL,00169430730,RYBELSUS 7,2024,4,false,86017.000,2426,2830267.18
MCOU,IL,00169431413,RYBELSUS 1,2024,4,true,,,
FFSU,IL,00169431430,RYBELSUS 1,2024,4,false,3030.000,97,91960.92
MCOU,IL,00169431430,RYBELSUS 1,2024,4,false,88170.000,2335,2915234.15
MCOU,IL,00169430330,RYBELSUS 3,2024,3,false,43724.000,1415,1411306.40
FFSU,IL,00169430330,RYBELSUS 3,2024,3,false,2310.000,75,72941.13
MCOU,IL,00169430713,RYBELSUS 7,2024,3,true,,,
MCOU,IL,00169430730,RYBELSUS 7,2024,3,false,96539.000,2646,3163901.14
FFSU,IL,00169430730,RYBELSUS 7,2024,3,false,3840.000,124,126458.42
MCOU,IL,00169431413,RYBELSUS 1,2024,3,true,,,
FFSU,IL,00169431430,RYBELSUS 1,2024,3,false,3840.000,118,129932.59
MCOU,IL,00169431430,RYBELSUS 1,2024,3,false,86437.000,2258,2853885.68
MCOU,IL,00169430330,RYBELSUS 3,2024,2,false,48366.000,1571,1593005.54
FFSU,IL,00169430330,RYBELSUS 3,2024,2,false,2970.000,97,98029.51
MCOU,IL,00169430713,RYBELSUS 7,2024,2,true,,,
MCOU,IL,00169430730,RYBELSUS 7,2024,2,false,92747.000,2550,3130086.90
FFSU,IL,00169430730,RYBELSUS 7,2024,2,false,3630.000,115,120953.38
MCOU,IL,00169431430,RYBELSUS 1,2024,2,false,78030.000,1985,2550101.82
FFSU,IL,00169431430,RYBELSUS 1,2024,2,false,2490.000,79,77115.97
FFSU,IL,00169430313,RYBELSUS 3,2024,1,true,,,
MCOU,IL,00169430313,RYBELSUS 3,2024,1,true,,,
MCOU,IL,00169430330,RYBELSUS 3,2024,1,false,37126.000,1203,1207771.84
FFSU,IL,00169430330,RYBELSUS 3,2024,1,false,930.000,31,26538.29
MCOU,IL,00169430713,RYBELSUS 7,2024,1,true,,,
FFSU,IL,00169430730,RYBELSUS 7,2024,1,false,1230.000,35,35317.10
MCOU,IL,00169430730,RYBELSUS 7,2024,1,false,76641.000,2068,2562507.90
MCOU,IL,00169431413,RYBELSUS 1,2024,1,true,,,
MCOU,IL,00169431430,RYBELSUS 1,2024,1,false,60261.000,1548,2012176.65
FFSU,IL,00169431430,RYBELSUS 1,2024,1,false,1140.000,32,29194.85
MCOU,IN,00169430330,RYBELSUS 3,2024,4,false,2010.000,57,61323.78
FFSU,IN,00169430330,RYBELSUS 3,2024,4,true,,,
FFSU,IN,00169430730,RYBELSUS 7,2024,4,false,570.000,17,17940.03
MCOU,IN,00169430730,RYBELSUS 7,2024,4,false,8795.000,195,266631.98
MCOU,IN,00169431430,RYBELSUS 1,2024,4,false,11536.000,243,345511.12
FFSU,IN,00169431430,RYBELSUS 1,2024,4,false,840.000,20,26382.62
FFSU,IN,00169430330,RYBELSUS 3,2024,3,true,,,
MCOU,IN,00169430330,RYBELSUS 3,2024,3,false,3810.000,107,116197.35
MCOU,IN,00169430730,RYBELSUS 7,2024,3,false,11878.000,270,363864.62
FFSU,IN,00169430730,RYBELSUS 7,2024,3,false,1260.000,26,39536.20
FFSU,IN,00169431430,RYBELSUS 1,2024,3,false,600.000,14,18839.07
MCOU,IN,00169431430,RYBELSUS 1,2024,3,false,12990.000,287,396682.67
FFSU,IN,00169430330,RYBELSUS 3,2024,2,false,330.000,11,9174.48
MCOU,IN,00169430330,RYBELSUS 3,2024,2,false,5248.000,150,159962.48
MCOU,IN,00169430730,RYBELSUS 7,2024,2,false,15570.000,351,473224.87
FFSU,IN,00169430730,RYBELSUS 7,2024,2,false,1200.000,28,37608.49
MCOU,IN,00169431413,RYBELSUS 1,2024,2,true,,,
FFSU,IN,00169431430,RYBELSUS 1,2024,2,false,600.000,16,18828.51
MCOU,IN,00169431430,RYBELSUS 1,2024,2,false,16200.000,339,493208.01
FFSU,IN,00169430330,RYBELSUS 3,2024,1,true,,,
MCOU,IN,00169430330,RYBELSUS 3,2024,1,false,5980.000,172,182957.39
MCOU,IN,00169430730,RYBELSUS 7,2024,1,false,15825.000,365,479245.18
FFSU,IN,00169430730,RYBELSUS 7,2024,1,false,1050.000,21,32691.28
MCOU,IN,00169431413,RYBELSUS 1,2024,1,true,,,
MCOU,IN,00169431430,RYBELSUS 1,2024,1,false,17794.000,393,539219.26
FFSU,IN,00169431430,RYBELSUS 1,2024,1,false,510.000,11,15621.35
MCOU,KS,00169430330,RYBELSUS 3,2024,4,false,300.000,14,9448.90
MCOU,KS,00169430730,RYBELSUS 7,2024,4,false,390.000,13,12289.37
MCOU,KS,00169431430,RYBELSUS 1,2024,4,false,960.000,34,30246.78
MCOU,KS,00169430330,RYBELSUS 3,2024,3,false,450.000,22,14172.69
MCOU,KS,00169430730,RYBELSUS 7,2024,3,false,361.000,13,11375.03
MCOU,KS,00169431430,RYBELSUS 1,2024,3,false,1080.000,37,34004.86
MCOU,KS,00169430330,RYBELSUS 3,2024,2,false,391.000,21,12294.62
MCOU,KS,00169430730,RYBELSUS 7,2024,2,false,362.000,12,11380.24
MCOU,KS,00169431430,RYBELSUS 1,2024,2,false,960.000,35,30199.51
MCOU,KS,00169430330,RYBELSUS 3,2024,1,false,239.000,13,7506.70
MCOU,KS,00169430730,RYBELSUS 7,2024,1,false,496.000,28,15528.67
MCOU,KS,00169431430,RYBELSUS 1,2024,1,false,900.000,33,28196.28
MCOU,KY,00169430330,RYBELSUS 3,2024,4,false,480.000,16,15120.60
FFSU,KY,00169430330,RYBELSUS 3,2024,4,false,360.000,14,7973.51
FFSU,KY,00169430730,RYBELSUS 7,2024,4,false,720.000,26,22691.16
MCOU,KY,00169430730,RYBELSUS 7,2024,4,false,510.000,13,16030.32
MCOU,KY,00169431430,RYBELSUS 1,2024,4,false,15990.000,406,481843.95
FFSU,KY,00169431430,RYBELSUS 1,2024,4,false,690.000,23,21721.74
FFSU,KY,00169430330,RYBELSUS 3,2024,3,false,455.000,24,13489.39
MCOU,KY,00169430330,RYBELSUS 3,2024,3,false,7867.000,289,243445.71
MCOU,KY,00169430730,RYBELSUS 7,2024,3,false,18330.000,545,559313.82
FFSU,KY,00169430730,RYBELSUS 7,2024,3,false,570.000,19,17944.69
FFSU,KY,00169431430,RYBELSUS 1,2024,3,false,450.000,11,14137.29
MCOU,KY,00169431430,RYBELSUS 1,2024,3,false,17001.000,442,507411.83
FFSU,KY,00169430330,RYBELSUS 3,2024,2,true,,,
MCOU,KY,00169430330,RYBELSUS 3,2024,2,false,11280.000,385,347739.42
MCOU,KY,00169430730,RYBELSUS 7,2024,2,false,16950.000,510,502935.30
FFSU,KY,00169430730,RYBELSUS 7,2024,2,false,720.000,16,22574.12
FFSU,KY,00169431430,RYBELSUS 1,2024,2,false,510.000,17,13593.39
MCOU,KY,00169431430,RYBELSUS 1,2024,2,false,17304.000,444,522764.38
FFSU,KY,00169430330,RYBELSUS 3,2024,1,true,,,
MCOU,KY,00169430330,RYBELSUS 3,2024,1,false,13320.000,476,405493.13
FFSU,KY,00169430730,RYBELSUS 7,2024,1,false,570.000,21,17862.12
MCOU,KY,00169430730,RYBELSUS 7,2024,1,false,19800.000,656,571765.76
MCOU,KY,00169431430,RYBELSUS 1,2024,1,false,18582.000,527,554754.33
FFSU,KY,00169431430,RYBELSUS 1,2024,1,false,390.000,13,12229.67
FFSU,LA,00169430330,RYBELSUS  ,2024,4,true,,,
MCOU,LA,00169430330,RYBELSUS  ,2024,4,false,7888.000,262,245024.50
FFSU,LA,00169430730,RYBELSUS  ,2024,4,true,,,
MCOU,LA,00169430730,RYBELSUS  ,2024,4,false,12270.000,387,377386.61
FFSU,LA,00169431430,RYBELSUS  ,2024,4,true,,,
MCOU,LA,00169431430,RYBELSUS  ,2024,4,false,10140.000,324,311332.99
FFSU,LA,00169430330,RYBELSUS  ,2024,3,true,,,
MCOU,LA,00169430330,RYBELSUS  ,2024,3,false,8610.000,287,270856.08
MCOU,LA,00169430730,RYBELSUS  ,2024,3,false,14980.000,463,471596.90
FFSU,LA,00169430730,RYBELSUS  ,2024,3,true,,,
FFSU,LA,00169431430,RYBELSUS  ,2024,3,true,,,
MCOU,LA,00169431430,RYBELSUS  ,2024,3,false,10200.000,327,319416.20
FFSU,LA,00169430330,RYBELSUS  ,2024,2,true,,,
MCOU,LA,00169430330,RYBELSUS  ,2024,2,false,6750.000,201,212186.78
MCOU,LA,00169430730,RYBELSUS  ,2024,2,false,12240.000,365,383168.47
FFSU,LA,00169430730,RYBELSUS  ,2024,2,true,,,
FFSU,LA,00169431430,RYBELSUS  ,2024,2,true,,,
MCOU,LA,00169431430,RYBELSUS  ,2024,2,false,9270.000,249,290790.87
MCOU,LA,00169430313,RYBELSUS  ,2024,1,true,,,
FFSU,LA,00169430330,RYBELSUS  ,2024,1,true,,,
MCOU,LA,00169430330,RYBELSUS  ,2024,1,false,7293.000,222,228978.09
MCOU,LA,00169430713,RYBELSUS  ,2024,1,true,,,
MCOU,LA,00169430730,RYBELSUS  ,2024,1,false,13586.000,397,425813.35
FFSU,LA,00169430730,RYBELSUS  ,2024,1,false,598.000,21,18390.28
MCOU,LA,00169431430,RYBELSUS  ,2024,1,false,10830.000,302,339984.67
FFSU,LA,00169431430,RYBELSUS  ,2024,1,false,330.000,11,10168.06
MCOU,MA,00169430330,RYBELSUS 3,2024,4,false,5436.000,182,166984.29
FFSU,MA,00169430330,RYBELSUS 3,2024,4,false,1230.000,41,38285.50
FFSU,MA,00169430713,RYBELSUS 7,2024,4,true,,,
FFSU,MA,00169430730,RYBELSUS 7,2024,4,false,2460.000,82,76287.47
MCOU,MA,00169430730,RYBELSUS 7,2024,4,false,6735.000,223,205470.84
MCOU,MA,00169431430,RYBELSUS 1,2024,4,false,9238.000,260,283899.41
FFSU,MA,00169431430,RYBELSUS 1,2024,4,false,1950.000,61,60798.40
FFSU,MA,00169430330,RYBELSUS 3,2024,3,false,1335.000,45,41609.31
MCOU,MA,00169430330,RYBELSUS 3,2024,3,false,5161.000,171,159125.45
FFSU,MA,00169430713,RYBELSUS 7,2024,3,true,,,
FFSU,MA,00169430730,RYBELSUS 7,2024,3,false,2820.000,92,87766.45
MCOU,MA,00169430730,RYBELSUS 7,2024,3,false,7036.000,207,216237.60
MCOU,MA,00169431430,RYBELSUS 1,2024,3,false,9675.000,242,299464.68
FFSU,MA,00169431430,RYBELSUS 1,2024,3,false,2100.000,64,65218.33
FFSU,MA,00169430330,RYBELSUS 3,2024,2,false,990.000,33,30779.82
MCOU,MA,00169430330,RYBELSUS 3,2024,2,false,5784.000,193,180409.27
FFSU,MA,00169430713,RYBELSUS 7,2024,2,true,,,
FFSU,MA,00169430730,RYBELSUS 7,2024,2,false,2610.000,79,80615.86
MCOU,MA,00169430730,RYBELSUS 7,2024,2,false,6420.000,182,198480.73
FFSU,MA,00169431430,RYBELSUS 1,2024,2,false,1650.000,48,51157.50
MCOU,MA,00169431430,RYBELSUS 1,2024,2,false,7320.000,184,228015.70
MCOU,MA,00169430313,RYBELSUS 3,2024,1,true,,,
MCOU,MA,00169430330,RYBELSUS 3,2024,1,false,4710.000,153,147846.40
FFSU,MA,00169430330,RYBELSUS 3,2024,1,false,960.000,29,29199.76
FFSU,MA,00169430730,RYBELSUS 7,2024,1,false,2370.000,77,73193.23
MCOU,MA,00169430730,RYBELSUS 7,2024,1,false,6516.000,180,202530.38
MCOU,MA,00169431413,RYBELSUS 1,2024,1,true,,,
MCOU,MA,00169431430,RYBELSUS 1,2024,1,false,6090.000,161,189429.40
FFSU,MA,00169431430,RYBELSUS 1,2024,1,false,1290.000,43,39987.01
FFSU,MD,00169430330,RYBELSUS 3,2024,4,true,,,
MCOU,MD,00169430330,RYBELSUS 3,2024,4,false,10401.000,342,320534.43
MCOU,MD,00169430730,RYBELSUS 7,2024,4,false,26714.000,868,823258.40
FFSU,MD,00169430730,RYBELSUS 7,2024,4,false,480.000,16,15127.98
FFSU,MD,00169431430,RYBELSUS 1,2024,4,false,420.000,14,13236.03
MCOU,MD,00169431430,RYBELSUS 1,2024,4,false,28575.000,941,883943.13
MCOU,MD,00169430330,RYBELSUS 3,2024,3,false,11484.000,381,361322.02
FFSU,MD,00169430330,RYBELSUS 3,2024,3,false,420.000,14,13229.73
MCOU,MD,00169430713,RYBELSUS 7,2024,3,true,,,
FFSU,MD,00169430730,RYBELSUS 7,2024,3,false,360.000,12,11346.60
MCOU,MD,00169430730,RYBELSUS 7,2024,3,false,31015.000,1011,983009.15
MCOU,MD,00169431413,RYBELSUS 1,2024,3,true,,,
FFSU,MD,00169431430,RYBELSUS 1,2024,3,true,,,
MCOU,MD,00169431430,RYBELSUS 1,2024,3,false,28449.000,946,898352.87
FFSU,MD,00169430330,RYBELSUS 3,2024,2,false,420.000,14,13205.71
MCOU,MD,00169430330,RYBELSUS 3,2024,2,false,13536.000,441,431454.27
MCOU,MD,00169430730,RYBELSUS 7,2024,2,false,31562.000,1031,1005379.65
FFSU,MD,00169430730,RYBELSUS 7,2024,2,true,,,
MCOU,MD,00169431413,RYBELSUS 1,2024,2,true,,,
MCOU,MD,00169431430,RYBELSUS 1,2024,2,false,27147.000,897,867010.99
FFSU,MD,00169431430,RYBELSUS 1,2024,2,true,,,
FFSU,MD,00169430330,RYBELSUS 3,2024,1,true,,,
MCOU,MD,00169430330,RYBELSUS 3,2024,1,false,14059.000,457,452548.89
MCOU,MD,00169430713,RYBELSUS 7,2024,1,true,,,
MCOU,MD,00169430730,RYBELSUS 7,2024,1,false,27826.000,927,891668.09
FFSU,MD,00169430730,RYBELSUS 7,2024,1,true,,,
MCOU,MD,00169431413,RYBELSUS 1,2024,1,false,390.000,13,12913.71
MCOU,MD,00169431430,RYBELSUS 1,2024,1,false,22900.000,760,737941.30
FFSU,MD,00169431430,RYBELSUS 1,2024,1,true,,,
FFSU,ME,00169430313,RYBELSUS  ,2024,4,true,,,
FFSU,ME,00169430330,RYBELSUS  ,2024,4,false,1230.000,41,38693.18
FFSU,ME,00169430730,RYBELSUS  ,2024,4,false,2190.000,69,68401.90
FFSU,ME,00169431430,RYBELSUS  ,2024,4,false,2278.000,75,71409.70
FFSU,ME,00169430330,RYBELSUS  ,2024,3,false,2520.000,78,79059.81
FFSU,ME,00169430730,RYBELSUS  ,2024,3,false,3602.000,97,112585.99
FFSU,ME,00169431430,RYBELSUS  ,2024,3,false,1710.000,51,53593.94
FFSU,ME,00169430330,RYBELSUS  ,2024,2,false,5370.000,149,168370.69
FFSU,ME,00169430730,RYBELSUS  ,2024,2,false,5326.000,130,166201.81
FFSU,ME,00169431430,RYBELSUS  ,2024,2,false,2760.000,66,86495.24
FFSU,ME,00169430330,RYBELSUS  ,2024,1,false,810.000,27,25014.24
FFSU,ME,00169430730,RYBELSUS  ,2024,1,false,1228.000,33,37343.20
FFSU,ME,00169431430,RYBELSUS  ,2024,1,false,930.000,29,28676.16
FFSU,MI,00169430330,RYBELSUS  ,2024,4,false,462.000,17,12966.14
MCOU,MI,00169430330,RYBELSUS  ,2024,4,false,4980.000,138,150519.53
MCOU,MI,00169430730,RYBELSUS  ,2024,4,false,8190.000,209,244241.67
FFSU,MI,00169430730,RYBELSUS  ,2024,4,false,900.000,16,22319.40
MCOU,MI,00169431413,RYBELSUS  ,2024,4,true,,,
FFSU,MI,00169431430,RYBELSUS  ,2024,4,false,990.000,23,25716.29
MCOU,MI,00169431430,RYBELSUS  ,2024,4,false,10860.000,246,325409.79
MCOU,MI,00169430313,RYBELSUS  ,2024,3,true,,,
FFSU,MI,00169430330,RYBELSUS  ,2024,3,false,622.000,19,7722.62
MCOU,MI,00169430330,RYBELSUS  ,2024,3,false,5850.000,164,180387.52
MCOU,MI,00169430713,RYBELSUS  ,2024,3,true,,,
MCOU,MI,00169430730,RYBELSUS  ,2024,3,false,10710.000,264,328986.38
FFSU,MI,00169430730,RYBELSUS  ,2024,3,false,690.000,15,6927.43
MCOU,MI,00169431413,RYBELSUS  ,2024,3,true,,,
FFSU,MI,00169431430,RYBELSUS  ,2024,3,false,750.000,19,9808.15
MCOU,MI,00169431430,RYBELSUS  ,2024,3,false,10185.000,237,311927.60
MCOU,MI,00169430330,RYBELSUS  ,2024,2,false,7753.000,223,239724.10
FFSU,MI,00169430330,RYBELSUS  ,2024,2,false,901.000,27,12243.95
MCOU,MI,00169430713,RYBELSUS  ,2024,2,true,,,
FFSU,MI,00169430730,RYBELSUS  ,2024,2,false,1095.000,24,18131.37
MCOU,MI,00169430730,RYBELSUS  ,2024,2,false,12157.000,320,374917.09
MCOU,MI,00169431413,RYBELSUS  ,2024,2,true,,,
MCOU,MI,00169431430,RYBELSUS  ,2024,2,false,9630.000,211,294770.38
FFSU,MI,00169431430,RYBELSUS  ,2024,2,false,1830.000,40,21841.33
MCOU,MI,00169430313,RYBELSUS  ,2024,1,true,,,
FFSU,MI,00169430330,RYBELSUS  ,2024,1,false,1060.000,29,17770.96
MCOU,MI,00169430330,RYBELSUS  ,2024,1,false,5730.000,171,177243.73
MCOU,MI,00169430730,RYBELSUS  ,2024,1,false,8010.000,229,248070.47
FFSU,MI,00169430730,RYBELSUS  ,2024,1,false,1680.000,40,23872.95
MCOU,MI,00169431413,RYBELSUS  ,2024,1,true,,,
FFSU,MI,00169431430,RYBELSUS  ,2024,1,false,1560.000,27,15006.72
MCOU,MI,00169431430,RYBELSUS  ,2024,1,false,8130.000,179,247505.02
MCOU,MN,00169430330,RYBELSUS  ,2024,4,false,1560.000,44,49219.10
FFSU,MN,00169430330,RYBELSUS  ,2024,4,true,,,
MCOU,MN,00169430713,RYBELSUS  ,2024,4,true,,,
MCOU,MN,00169430730,RYBELSUS  ,2024,4,false,8661.000,240,268596.56
FFSU,MN,00169430730,RYBELSUS  ,2024,4,true,,,
MCOU,MN,00169431413,RYBELSUS  ,2024,4,true,,,
FFSU,MN,00169431430,RYBELSUS  ,2024,4,false,390.000,13,12519.90
MCOU,MN,00169431430,RYBELSUS  ,2024,4,false,4620.000,114,145059.58
MCOU,MN,00169430313,RYBELSUS  ,2024,3,true,,,
FFSU,MN,00169430330,RYBELSUS  ,2024,3,true,,,
MCOU,MN,00169430330,RYBELSUS  ,2024,3,false,1050.000,31,30327.38
MCOU,MN,00169430713,RYBELSUS  ,2024,3,true,,,
FFSU,MN,00169430730,RYBELSUS  ,2024,3,false,420.000,14,13473.93
MCOU,MN,00169430730,RYBELSUS  ,2024,3,false,4888.000,92,155392.24
MCOU,MN,00169431413,RYBELSUS  ,2024,3,true,,,
FFSU,MN,00169431430,RYBELSUS  ,2024,3,false,780.000,26,25017.95
MCOU,MN,00169431430,RYBELSUS  ,2024,3,false,5520.000,172,174180.38
MCOU,MN,00169430330,RYBELSUS  ,2024,2,false,2280.000,71,64477.30
MCOU,MN,00169430713,RYBELSUS  ,2024,2,true,,,
MCOU,MN,00169430730,RYBELSUS  ,2024,2,false,2040.000,32,65436.12
MCOU,MN,00169431413,RYBELSUS  ,2024,2,true,,,
MCOU,MN,00169431430,RYBELSUS  ,2024,2,false,6600.000,208,207174.88
MCOU,MN,00169430313,RYBELSUS  ,2024,1,true,,,
FFSU,MN,00169430330,RYBELSUS  ,2024,1,true,,,
MCOU,MN,00169430330,RYBELSUS  ,2024,1,false,3300.000,106,98023.40
MCOU,MN,00169430713,RYBELSUS  ,2024,1,true,,,
MCOU,MN,00169430730,RYBELSUS  ,2024,1,false,5940.000,182,188877.70
FFSU,MN,00169430730,RYBELSUS  ,2024,1,true,,,
MCOU,MN,00169431413,RYBELSUS  ,2024,1,true,,,
FFSU,MN,00169431430,RYBELSUS  ,2024,1,false,780.000,26,24737.57
MCOU,MN,00169431430,RYBELSUS  ,2024,1,false,7920.000,256,247142.70
FFSU,MO,00169430330,RYBELSUS  ,2024,4,true,,,
FFSU,MO,00169430730,RYBELSUS  ,2024,4,false,690.000,23,19114.13
FFSU,MO,00169431430,RYBELSUS  ,2024,4,false,557.000,19,16680.78
FFSU,MO,00169430330,RYBELSUS  ,2024,3,true,,,
FFSU,MO,00169430730,RYBELSUS  ,2024,3,false,900.000,30,12362.54
FFSU,MO,00169431430,RYBELSUS  ,2024,3,false,570.000,19,15490.02
FFSU,MO,00169430330,RYBELSUS  ,2024,2,true,,,
FFSU,MO,00169430730,RYBELSUS  ,2024,2,false,660.000,22,13323.07
FFSU,MO,00169431430,RYBELSUS  ,2024,2,false,705.000,24,20756.95
FFSU,MO,00169430330,RYBELSUS  ,2024,1,false,330.000,11,6638.80
FFSU,MO,00169430730,RYBELSUS  ,2024,1,false,570.000,19,14560.51
FFSU,MO,00169431430,RYBELSUS  ,2024,1,false,750.000,25,20046.36
MCOU,MS,00169430330,RYBELSUS 3,2024,4,true,,,
MCOU,MS,00169430730,RYBELSUS 7,2024,4,false,480.000,14,15056.56
FFSU,MS,00169430730,RYBELSUS 7,2024,4,true,,,
FFSU,MS,00169431430,RYBELSUS 1,2024,4,true,,,
MCOU,MS,00169431430,RYBELSUS 1,2024,4,false,750.000,25,23650.50
MCOU,MS,00169430730,RYBELSUS 7,2024,3,false,690.000,20,21727.21
FFSU,MS,00169430730,RYBELSUS 7,2024,3,true,,,
MCOU,MS,00169431430,RYBELSUS 1,2024,3,false,810.000,27,25540.61
FFSU,MS,00169431430,RYBELSUS 1,2024,3,true,,,
MCOU,MS,00169430330,RYBELSUS 3,2024,2,true,,,
FFSU,MS,00169430730,RYBELSUS 7,2024,2,true,,,
MCOU,MS,00169430730,RYBELSUS 7,2024,2,false,1200.000,35,37150.99
FFSU,MS,00169431430,RYBELSUS 1,2024,2,true,,,
MCOU,MS,00169431430,RYBELSUS 1,2024,2,false,750.000,23,23593.25
MCOU,MS,00169430330,RYBELSUS 3,2024,1,true,,,
FFSU,MS,00169430730,RYBELSUS 7,2024,1,true,,,
MCOU,MS,00169430730,RYBELSUS 7,2024,1,false,1200.000,33,37536.50
FFSU,MS,00169431430,RYBELSUS 1,2024,1,true,,,
MCOU,MS,00169431430,RYBELSUS 1,2024,1,true,,,
FFSU,MT,00169430330,RYBELSUS 3,2024,4,true,,,
FFSU,MT,00169430713,RYBELSUS 7,2024,4,true,,,
FFSU,MT,00169430730,RYBELSUS 7,2024,4,false,912.000,31,28732.80
FFSU,MT,00169431430,RYBELSUS 1,2024,4,false,792.000,27,24943.16
FFSU,MT,00169430330,RYBELSUS 3,2024,3,true,,,
FFSU,MT,00169430713,RYBELSUS 7,2024,3,true,,,
FFSU,MT,00169430730,RYBELSUS 7,2024,3,false,838.000,28,26355.66
FFSU,MT,00169431430,RYBELSUS 1,2024,3,false,1110.000,37,34887.36
FFSU,MT,00169430330,RYBELSUS 3,2024,2,true,,,
FFSU,MT,00169430713,RYBELSUS 7,2024,2,true,,,
FFSU,MT,00169430730,RYBELSUS 7,2024,2,false,1020.000,34,32798.68
FFSU,MT,00169431430,RYBELSUS 1,2024,2,false,1020.000,34,32062.13
FFSU,MT,00169430330,RYBELSUS 3,2024,1,false,435.000,15,13896.34
FFSU,MT,00169430713,RYBELSUS 7,2024,1,true,,,
FFSU,MT,00169430730,RYBELSUS 7,2024,1,false,660.000,22,21083.95
FFSU,MT,00169431430,RYBELSUS 1,2024,1,false,1110.000,37,35125.41
FFSU,XX,00169430313,RYBELSUS 3,2024,4,true,,,
FFSU,XX,00169430330,RYBELSUS 3,2024,4,false,306493.000,7915,9626388.02
MCOU,XX,00169430330,RYBELSUS 3,2024,4,false,128529.000,4000,3863885.25
FFSU,XX,00169430713,RYBELSUS 7,2024,4,true,,,
MCOU,XX,00169430713,RYBELSUS 7,2024,4,true,,,
FFSU,XX,00169430730,RYBELSUS 7,2024,4,false,649252.000,14830,20377531.75
MCOU,XX,00169430730,RYBELSUS 7,2024,4,false,287065.000,8294,8901533.06
MCOU,XX,00169431413,RYBELSUS 1,2024,4,true,,,
FFSU,XX,00169431430,RYBELSUS 1,2024,4,false,604773.000,13225,18969852.51
MCOU,XX,00169431430,RYBELSUS 1,2024,4,false,314831.000,8725,9796644.74
MCOU,XX,00169430313,RYBELSUS 3,2024,3,true,,,
FFSU,XX,00169430330,RYBELSUS 3,2024,3,false,371235.000,9675,11644849.26
MCOU,XX,00169430330,RYBELSUS 3,2024,3,false,153129.000,4885,4604365.97
FFSU,XX,00169430713,RYBELSUS 7,2024,3,true,,,
MCOU,XX,00169430713,RYBELSUS 7,2024,3,false,360.000,12,11155.62
FFSU,XX,00169430730,RYBELSUS 7,2024,3,false,792700.000,18130,24860581.15
MCOU,XX,00169430730,RYBELSUS 7,2024,3,false,344781.000,9841,10722525.92
MCOU,XX,00169431413,RYBELSUS 1,2024,3,false,491.000,15,14493.51
FFSU,XX,00169431430,RYBELSUS 1,2024,3,false,688301.000,14950,21598851.75
MCOU,XX,00169431430,RYBELSUS 1,2024,3,false,322845.000,8947,10032881.79
FFSU,XX,00169430313,RYBELSUS 3,2024,2,true,,,
MCOU,XX,00169430313,RYBELSUS 3,2024,2,true,,,
FFSU,XX,00169430330,RYBELSUS 3,2024,2,false,348000.000,9289,10888219.66
MCOU,XX,00169430330,RYBELSUS 3,2024,2,false,175352.000,5464,5320514.24
FFSU,XX,00169430713,RYBELSUS 7,2024,2,false,330.000,11,10508.93
MCOU,XX,00169430713,RYBELSUS 7,2024,2,false,615.000,21,19177.24
FFSU,XX,00169430730,RYBELSUS 7,2024,2,false,669667.000,15559,20959171.76
MCOU,XX,00169430730,RYBELSUS 7,2024,2,false,342551.000,9761,10688752.89
FFSU,XX,00169431413,RYBELSUS 1,2024,2,true,,,
MCOU,XX,00169431413,RYBELSUS 1,2024,2,false,601.000,20,18703.64
FFSU,XX,00169431430,RYBELSUS 1,2024,2,false,542723.000,12030,16952628.68
MCOU,XX,00169431430,RYBELSUS 1,2024,2,false,315169.000,8522,9687739.42
FFSU,XX,00169430313,RYBELSUS 3,2024,1,false,1274.000,41,39223.47
MCOU,XX,00169430313,RYBELSUS 3,2024,1,false,524.000,17,18240.99
FFSU,XX,00169430330,RYBELSUS 3,2024,1,false,375135.000,9955,11625446.12
MCOU,XX,00169430330,RYBELSUS 3,2024,1,false,160870.000,5055,4863156.45
FFSU,XX,00169430713,RYBELSUS 7,2024,1,false,3202.000,97,99371.13
MCOU,XX,00169430713,RYBELSUS 7,2024,1,false,960.000,32,28951.71
FFSU,XX,00169430730,RYBELSUS 7,2024,1,false,710331.000,16418,21996374.99
MCOU,XX,00169430730,RYBELSUS 7,2024,1,false,325420.000,9427,10010219.75
FFSU,XX,00169431413,RYBELSUS 1,2024,1,false,1890.000,49,58411.84
MCOU,XX,00169431413,RYBELSUS 1,2024,1,false,1320.000,42,44490.20
FFSU,XX,00169431430,RYBELSUS 1,2024,1,false,548466.000,12049,16967232.78
MCOU,XX,00169431430,RYBELSUS 1,2024,1,false,283899.000,7829,8809948.15
MCOU,NC,00169430330,RYBELSUS  ,2024,4,false,5970.000,185,187145.38
FFSU,NC,00169430330,RYBELSUS  ,2024,4,true,,,
FFSU,NC,00169430730,RYBELSUS  ,2024,4,false,630.000,11,19724.74
MCOU,NC,00169430730,RYBELSUS  ,2024,4,false,17340.000,474,543811.89
MCOU,NC,00169431430,RYBELSUS  ,2024,4,false,17341.000,437,543153.16
FFSU,NC,00169431430,RYBELSUS  ,2024,4,true,,,
MCOU,NC,00169430330,RYBELSUS  ,2024,3,false,7348.000,224,230360.17
FFSU,NC,00169430330,RYBELSUS  ,2024,3,false,360.000,12,11310.50
MCOU,NC,00169430730,RYBELSUS  ,2024,3,false,20099.000,542,629902.93
FFSU,NC,00169430730,RYBELSUS  ,2024,3,false,1050.000,29,32945.73
FFSU,NC,00169431430,RYBELSUS  ,2024,3,false,1230.000,25,38490.45
MCOU,NC,00169431430,RYBELSUS  ,2024,3,false,16315.000,400,510830.09
MCOU,NC,00169430330,RYBELSUS  ,2024,2,false,6434.000,188,201153.54
FFSU,NC,00169430330,RYBELSUS  ,2024,2,false,1050.000,33,32870.27
MCOU,NC,00169430730,RYBELSUS  ,2024,2,false,14161.000,382,443403.21
FFSU,NC,00169430730,RYBELSUS  ,2024,2,false,3800.000,111,118950.56
FFSU,NC,00169431430,RYBELSUS  ,2024,2,false,3058.000,76,95649.30
MCOU,NC,00169431430,RYBELSUS  ,2024,2,false,12874.000,322,400879.31
MCOU,NC,00169430313,RYBELSUS  ,2024,1,true,,,
MCOU,NC,00169430330,RYBELSUS  ,2024,1,false,5610.000,163,174734.34
FFSU,NC,00169430330,RYBELSUS  ,2024,1,false,1405.000,43,43727.05
MCOU,NC,00169430713,RYBELSUS  ,2024,1,true,,,
MCOU,NC,00169430730,RYBELSUS  ,2024,1,false,11224.000,287,348992.41
FFSU,NC,00169430730,RYBELSUS  ,2024,1,false,3927.000,103,121087.79
MCOU,NC,00169431413,RYBELSUS  ,2024,1,true,,,
FFSU,NC,00169431413,RYBELSUS  ,2024,1,true,,,
MCOU,NC,00169431430,RYBELSUS  ,2024,1,false,12290.000,271,382346.26
FFSU,NC,00169431430,RYBELSUS  ,2024,1,false,2910.000,65,90220.54
FFSU,ND,00169430730,RYBELSUS 7,2024,4,true,,,
FFSU,ND,00169431430,RYBELSUS 1,2024,4,true,,,
FFSU,ND,00169430330,RYBELSUS 3,2024,3,true,,,
FFSU,ND,00169430730,RYBELSUS 7,2024,3,true,,,
FFSU,ND,00169431430,RYBELSUS 1,2024,3,true,,,
FFSU,ND,00169430730,RYBELSUS 7,2024,2,true,,,
FFSU,ND,00169430330,RYBELSUS 3,2024,1,true,,,
FFSU,ND,00169430730,RYBELSUS 7,2024,1,true,,,
MCOU,NE,00169430330,RYBELSUS 3,2024,4,false,750.000,21,20852.41
MCOU,NE,00169430730,RYBELSUS 7,2024,4,false,826.000,28,24046.05
MCOU,NE,00169431430,RYBELSUS 1,2024,4,false,1590.000,51,48160.17
MCOU,NE,00169430330,RYBELSUS 3,2024,3,false,90.000,17,15874.54
MCOU,NE,00169430730,RYBELSUS 7,2024,3,false,854.000,29,23812.07
MCOU,NE,00169431430,RYBELSUS 1,2024,3,false,1860.000,54,57119.66
MCOU,NE,00169430330,RYBELSUS 3,2024,2,false,720.000,22,18770.72
MCOU,NE,00169430730,RYBELSUS 7,2024,2,false,930.000,29,23835.33
MCOU,NE,00169431430,RYBELSUS 1,2024,2,false,2040.000,60,63683.05
MCOU,NE,00169430330,RYBELSUS 3,2024,1,false,810.000,25,25259.10
MCOU,NE,00169430730,RYBELSUS 7,2024,1,false,1260.000,40,33802.19
MCOU,NE,00169431430,RYBELSUS 1,2024,1,false,2040.000,54,60354.45
MCOU,NH,00169430330,RYBELSUS  ,2024,4,true,,,
MCOU,NH,00169430730,RYBELSUS  ,2024,4,false,840.000,26,24997.40
MCOU,NH,00169431430,RYBELSUS  ,2024,4,false,1200.000,32,36754.50
MCOU,NH,00169430330,RYBELSUS  ,2024,3,false,390.000,13,11913.81
MCOU,NH,00169430730,RYBELSUS  ,2024,3,false,1110.000,35,33935.06
MCOU,NH,00169431430,RYBELSUS  ,2024,3,false,420.000,14,12735.82
MCOU,NH,00169430330,RYBELSUS  ,2024,2,false,720.000,24,20972.38
MCOU,NH,00169430730,RYBELSUS  ,2024,2,false,1560.000,47,47256.62
MCOU,NH,00169431430,RYBELSUS  ,2024,2,false,480.000,14,14649.37
MCOU,NH,00169430330,RYBELSUS  ,2024,1,false,630.000,21,18252.27
MCOU,NH,00169430730,RYBELSUS  ,2024,1,false,1080.000,33,32599.06
MCOU,NH,00169431430,RYBELSUS  ,2024,1,false,570.000,17,17221.66
MCOU,NJ,00169430330,RYBELSUS 3,2024,4,false,3630.000,110,113755.48
FFSU,NJ,00169430730,RYBELSUS 7,2024,4,true,,,
MCOU,NJ,00169430730,RYBELSUS 7,2024,4,false,11393.000,343,366957.41
MCOU,NJ,00169431430,RYBELSUS 1,2024,4,false,8152.000,237,254883.15
FFSU,NJ,00169431430,RYBELSUS 1,2024,4,true,,,
MCOU,NJ,00169430330,RYBELSUS 3,2024,3,false,3974.000,125,127122.43
MCOU,NJ,00169430730,RYBELSUS 7,2024,3,false,12508.000,354,402497.53
FFSU,NJ,00169430730,RYBELSUS 7,2024,3,true,,,
FFSU,NJ,00169431430,RYBELSUS 1,2024,3,true,,,
MCOU,NJ,00169431430,RYBELSUS 1,2024,3,false,9093.000,262,294000.18
MCOU,NJ,00169430330,RYBELSUS 3,2024,2,false,4530.000,126,139806.63
FFSU,NJ,00169430330,RYBELSUS 3,2024,2,true,,,
FFSU,NJ,00169430730,RYBELSUS 7,2024,2,true,,,
MCOU,NJ,00169430730,RYBELSUS 7,2024,2,false,12744.000,362,401454.40
MCOU,NJ,00169431413,RYBELSUS 1,2024,2,true,,,
FFSU,NJ,00169431430,RYBELSUS 1,2024,2,true,,,
MCOU,NJ,00169431430,RYBELSUS 1,2024,2,false,8490.000,234,269418.64
FFSU,NJ,00169430330,RYBELSUS 3,2024,1,true,,,
MCOU,NJ,00169430330,RYBELSUS 3,2024,1,false,3720.000,114,119587.38
MCOU,NJ,00169430730,RYBELSUS 7,2024,1,false,13082.000,383,418114.52
MCOU,NJ,00169431430,RYBELSUS 1,2024,1,false,7890.000,221,254379.70
MCOU,NM,00169430330,RYBELSUS 3,2024,4,false,660.000,20,20945.93
FFSU,NM,00169430330,RYBELSUS 3,2024,4,false,330.000,11,8586.08
FFSU,NM,00169430730,RYBELSUS 7,2024,4,true,,,
MCOU,NM,00169430730,RYBELSUS 7,2024,4,false,1410.000,39,39749.86
FFSU,NM,00169431430,RYBELSUS 1,2024,4,true,,,
MCOU,NM,00169431430,RYBELSUS 1,2024,4,false,750.000,15,23153.27
MCOU,NM,00169430330,RYBELSUS 3,2024,3,false,1320.000,42,37980.42
FFSU,NM,00169430330,RYBELSUS 3,2024,3,true,,,
FFSU,NM,00169430730,RYBELSUS 7,2024,3,true,,,
MCOU,NM,00169430730,RYBELSUS 7,2024,3,false,1980.000,54,55041.18
MCOU,NM,00169431430,RYBELSUS 1,2024,3,false,990.000,25,30683.17
FFSU,NM,00169431430,RYBELSUS 1,2024,3,true,,,
MCOU,NM,00169430330,RYBELSUS 3,2024,2,false,540.000,18,17580.32
FFSU,NM,00169430330,RYBELSUS 3,2024,2,false,330.000,11,8134.47
MCOU,NM,00169430730,RYBELSUS 7,2024,2,false,1260.000,32,35763.88
FFSU,NM,00169430730,RYBELSUS 7,2024,2,false,360.000,12,9301.15
MCOU,NM,00169431430,RYBELSUS 1,2024,2,false,1050.000,29,26427.00
FFSU,NM,00169431430,RYBELSUS 1,2024,2,true,,,
MCOU,NM,00169430330,RYBELSUS 3,2024,1,true,,,
FFSU,NM,00169430330,RYBELSUS 3,2024,1,true,,,
FFSU,NM,00169430730,RYBELSUS 7,2024,1,true,,,
MCOU,NM,00169430730,RYBELSUS 7,2024,1,false,1230.000,28,36251.37
MCOU,NM,00169431430,RYBELSUS 1,2024,1,false,1140.000,22,33129.03
FFSU,NM,00169431430,RYBELSUS 1,2024,1,true,,,
MCOU,NV,00169430330,RYBELSUS  ,2024,4,false,2370.000,63,74752.45
FFSU,NV,00169430330,RYBELSUS  ,2024,4,false,1590.000,27,47846.07
FFSU,NV,00169430730,RYBELSUS  ,2024,4,false,4050.000,55,120728.76
MCOU,NV,00169430730,RYBELSUS  ,2024,4,false,4530.000,132,136386.87
MCOU,NV,00169431430,RYBELSUS  ,2024,4,false,3110.000,96,89127.42
FFSU,NV,00169431430,RYBELSUS  ,2024,4,false,3720.000,52,110207.92
MCOU,NV,00169430330,RYBELSUS  ,2024,3,true,,,
FFSU,NV,00169430330,RYBELSUS  ,2024,3,false,1950.000,34,57615.10
FFSU,NV,00169430730,RYBELSUS  ,2024,3,false,4230.000,59,121187.27
MCOU,NV,00169430730,RYBELSUS  ,2024,3,false,4919.000,160,153395.83
MCOU,NV,00169431430,RYBELSUS  ,2024,3,false,3515.000,113,103894.29
FFSU,NV,00169431430,RYBELSUS  ,2024,3,false,2790.000,39,84461.11
MCOU,NV,00169430330,RYBELSUS  ,2024,2,false,2430.000,66,74472.27
FFSU,NV,00169430330,RYBELSUS  ,2024,2,false,1528.000,30,45578.58
FFSU,NV,00169430730,RYBELSUS  ,2024,2,false,4050.000,64,118940.16
MCOU,NV,00169430730,RYBELSUS  ,2024,2,false,4214.000,127,125674.20
FFSU,NV,00169431430,RYBELSUS  ,2024,2,false,3450.000,45,105615.73
MCOU,NV,00169431430,RYBELSUS  ,2024,2,false,3030.000,93,85443.03
FFSU,NV,00169430330,RYBELSUS  ,2024,1,false,1637.000,27,47313.14
MCOU,NV,00169430330,RYBELSUS  ,2024,1,false,1320.000,37,41015.03
MCOU,NV,00169430730,RYBELSUS  ,2024,1,false,4530.000,140,135132.69
FFSU,NV,00169430730,RYBELSUS  ,2024,1,false,5100.000,75,151766.45
MCOU,NV,00169431430,RYBELSUS  ,2024,1,false,2384.000,76,66064.82
FFSU,NV,00169431430,RYBELSUS  ,2024,1,false,3990.000,55,121030.15
MCOU,NY,00169430330,RYBELSUS  ,2024,4,false,450.000,15,22295.24
FFSU,NY,00169430330,RYBELSUS  ,2024,4,false,50093.000,1326,1572758.76
FFSU,NY,00169430730,RYBELSUS  ,2024,4,false,109591.000,2578,3438136.37
MCOU,NY,00169430730,RYBELSUS  ,2024,4,false,1080.000,26,32894.06
MCOU,NY,00169431430,RYBELSUS  ,2024,4,false,1080.000,28,32489.12
FFSU,NY,00169431430,RYBELSUS  ,2024,4,false,104338.000,2278,3271834.38
MCOU,NY,00169430330,RYBELSUS  ,2024,3,false,810.000,27,65917.23
FFSU,NY,00169430330,RYBELSUS  ,2024,3,false,57576.000,1545,1807444.80
FFSU,NY,00169430730,RYBELSUS  ,2024,3,false,125609.000,2948,3941128.04
MCOU,NY,00169430730,RYBELSUS  ,2024,3,false,1200.000,30,44665.32
MCOU,NY,00169431430,RYBELSUS  ,2024,3,false,930.000,19,50857.62
FFSU,NY,00169431430,RYBELSUS  ,2024,3,false,117859.000,2600,3695049.12
MCOU,NY,00169430330,RYBELSUS  ,2024,2,false,630.000,19,27620.88
FFSU,NY,00169430330,RYBELSUS  ,2024,2,false,58488.000,1606,1832513.81
MCOU,NY,00169430730,RYBELSUS  ,2024,2,false,660.000,18,20222.53
FFSU,NY,00169430730,RYBELSUS  ,2024,2,false,127575.000,3037,3993851.70
MCOU,NY,00169431430,RYBELSUS  ,2024,2,false,690.000,15,66855.25
FFSU,NY,00169431430,RYBELSUS  ,2024,2,false,112504.000,2557,3521144.26
MCOU,NY,00169430330,RYBELSUS  ,2024,1,false,960.000,20,29092.11
FFSU,NY,00169430330,RYBELSUS  ,2024,1,false,59634.000,1626,1850761.85
FFSU,NY,00169430730,RYBELSUS  ,2024,1,false,129257.000,3115,4011899.47
MCOU,NY,00169430730,RYBELSUS  ,2024,1,false,1260.000,36,47146.99
MCOU,NY,00169431430,RYBELSUS  ,2024,1,false,810.000,19,47667.76
FFSU,NY,00169431430,RYBELSUS  ,2024,1,false,107405.000,2443,3334356.98
FFSU,OH,00169430330,RYBELSUS 3,2024,4,true,,,
MCOU,OH,00169430330,RYBELSUS 3,2024,4,false,2430.000,79,74473.26
FFSU,OH,00169430713,RYBELSUS 7,2024,4,true,,,
MCOU,OH,00169430730,RYBELSUS 7,2024,4,false,6270.000,201,195611.34
FFSU,OH,00169430730,RYBELSUS 7,2024,4,true,,,
MCOU,OH,00169431413,RYBELSUS 1,2024,4,true,,,
MCOU,OH,00169431430,RYBELSUS 1,2024,4,false,12180.000,400,381654.34
FFSU,OH,00169431430,RYBELSUS 1,2024,4,false,660.000,20,20413.37
FFSU,OH,00169430330,RYBELSUS 3,2024,3,true,,,
MCOU,OH,00169430330,RYBELSUS 3,2024,3,false,3870.000,129,120886.91
MCOU,OH,00169430713,RYBELSUS 7,2024,3,true,,,
MCOU,OH,00169430730,RYBELSUS 7,2024,3,false,11070.000,353,346156.13
FFSU,OH,00169430730,RYBELSUS 7,2024,3,false,390.000,12,12269.82
FFSU,OH,00169431430,RYBELSUS 1,2024,3,false,690.000,21,21365.98
MCOU,OH,00169431430,RYBELSUS 1,2024,3,false,14624.000,484,458940.94
FFSU,OH,00169430330,RYBELSUS 3,2024,2,true,,,
MCOU,OH,00169430330,RYBELSUS 3,2024,2,false,5340.000,178,167217.25
FFSU,OH,00169430713,RYBELSUS 7,2024,2,true,,,
MCOU,OH,00169430713,RYBELSUS 7,2024,2,true,,,
FFSU,OH,00169430730,RYBELSUS 7,2024,2,false,870.000,26,26810.79
MCOU,OH,00169430730,RYBELSUS 7,2024,2,false,14140.000,458,443180.45
MCOU,OH,00169431413,RYBELSUS 1,2024,2,true,,,
FFSU,OH,00169431430,RYBELSUS 1,2024,2,false,660.000,22,20466.83
MCOU,OH,00169431430,RYBELSUS 1,2024,2,false,14820.000,486,464418.55
FFSU,OH,00169430330,RYBELSUS 3,2024,1,false,390.000,13,11623.88
MCOU,OH,00169430330,RYBELSUS 3,2024,1,false,5760.000,187,178197.91
FFSU,OH,00169430730,RYBELSUS 7,2024,1,false,1125.000,32,34120.34
MCOU,OH,00169430730,RYBELSUS 7,2024,1,false,14692.000,478,458089.57
MCOU,OH,00169431430,RYBELSUS 1,2024,1,false,13980.000,458,435323.66
FFSU,OH,00169431430,RYBELSUS 1,2024,1,false,930.000,27,27102.36
FFSU,OK,00169430330,RYBELSUS 3,2024,4,true,,,
MCOU,OK,00169430330,RYBELSUS 3,2024,4,false,930.000,31,30044.47
MCOU,OK,00169430730,RYBELSUS 7,2024,4,false,1980.000,66,64188.63
FFSU,OK,00169430730,RYBELSUS 7,2024,4,false,450.000,15,14197.54
MCOU,OK,00169431430,RYBELSUS 1,2024,4,false,1710.000,57,54762.18
FFSU,OK,00169431430,RYBELSUS 1,2024,4,false,840.000,28,26492.31
FFSU,OK,00169430330,RYBELSUS 3,2024,3,true,,,
MCOU,OK,00169430330,RYBELSUS 3,2024,3,false,1290.000,43,43952.79
MCOU,OK,00169430730,RYBELSUS 7,2024,3,false,2490.000,83,84468.94
FFSU,OK,00169430730,RYBELSUS 7,2024,3,false,480.000,16,15139.51
FFSU,OK,00169431430,RYBELSUS 1,2024,3,false,660.000,22,20813.32
MCOU,OK,00169431430,RYBELSUS 1,2024,3,false,1230.000,41,40955.37
FFSU,OK,00169430330,RYBELSUS 3,2024,2,true,,,
MCOU,OK,00169430330,RYBELSUS 3,2024,2,false,3090.000,103,149214.24
MCOU,OK,00169430713,RYBELSUS 7,2024,2,true,,,
MCOU,OK,00169430730,RYBELSUS 7,2024,2,false,2518.000,84,127064.96
FFSU,OK,00169430730,RYBELSUS 7,2024,2,false,570.000,19,17944.54
FFSU,OK,00169431430,RYBELSUS 1,2024,2,false,750.000,25,23616.95
MCOU,OK,00169431430,RYBELSUS 1,2024,2,false,1020.000,34,55313.50
FFSU,OK,00169430330,RYBELSUS 3,2024,1,false,510.000,17,15875.66
FFSU,OK,00169430730,RYBELSUS 7,2024,1,false,1162.000,39,36247.34
FFSU,OK,00169431430,RYBELSUS 1,2024,1,false,1560.000,52,48832.56
MCOU,OR,00169430330,RYBELSUS 3,2024,4,false,1551.000,36,45647.72
FFSU,OR,00169430330,RYBELSUS 3,2024,4,true,,,
MCOU,OR,00169430730,RYBELSUS 7,2024,4,false,3300.000,84,102301.62
MCOU,OR,00169431430,RYBELSUS 1,2024,4,false,4680.000,124,144934.07
FFSU,OR,00169431430,RYBELSUS 1,2024,4,false,330.000,11,10220.39
FFSU,OR,00169430330,RYBELSUS 3,2024,3,true,,,
MCOU,OR,00169430330,RYBELSUS 3,2024,3,false,1590.000,36,47942.82
FFSU,OR,00169430730,RYBELSUS 7,2024,3,true,,,
MCOU,OR,00169430730,RYBELSUS 7,2024,3,false,3900.000,104,117856.46
MCOU,OR,00169431430,RYBELSUS 1,2024,3,false,4650.000,128,144540.54
FFSU,OR,00169431430,RYBELSUS 1,2024,3,true,,,
FFSU,OR,00169430330,RYBELSUS 3,2024,2,true,,,
MCOU,OR,00169430330,RYBELSUS 3,2024,2,false,1800.000,46,54586.26
MCOU,OR,00169430730,RYBELSUS 7,2024,2,false,4963.000,125,153154.82
FFSU,OR,00169430730,RYBELSUS 7,2024,2,true,,,
FFSU,OR,00169431430,RYBELSUS 1,2024,2,true,,,
MCOU,OR,00169431430,RYBELSUS 1,2024,2,false,4560.000,117,140726.20
MCOU,OR,00169430330,RYBELSUS 3,2024,1,false,2100.000,52,64349.77
FFSU,OR,00169430713,RYBELSUS 7,2024,1,true,,,
MCOU,OR,00169430713,RYBELSUS  ,2024,1,true,,,
MCOU,OR,00169430730,RYBELSUS 7,2024,1,false,4288.000,107,132180.46
FFSU,OR,00169430730,RYBELSUS 7,2024,1,true,,,
MCOU,OR,00169431430,RYBELSUS 1,2024,1,false,3986.000,99,123203.89
FFSU,OR,00169431430,RYBELSUS 1,2024,1,true,,,
FFSU,PA,00169430330,RYBELSUS 3,2024,4,true,,,
MCOU,PA,00169430330,RYBELSUS 3,2024,4,false,5732.000,187,176252.15
MCOU,PA,00169430730,RYBELSUS 7,2024,4,false,10544.000,308,327757.36
FFSU,PA,00169430730,RYBELSUS 7,2024,4,false,326.000,11,10164.26
FFSU,PA,00169431430,RYBELSUS 1,2024,4,true,,,
MCOU,PA,00169431430,RYBELSUS 1,2024,4,false,11799.000,351,366314.21
FFSU,PA,00169430330,RYBELSUS 3,2024,3,true,,,
MCOU,PA,00169430330,RYBELSUS 3,2024,3,false,5738.000,182,180074.25
MCOU,PA,00169430730,RYBELSUS 7,2024,3,false,12093.000,372,379248.23
FFSU,PA,00169430730,RYBELSUS 7,2024,3,false,510.000,15,15918.26
MCOU,PA,00169431413,RYBELSUS 1,2024,3,true,,,
FFSU,PA,00169431430,RYBELSUS 1,2024,3,true,,,
MCOU,PA,00169431430,RYBELSUS 1,2024,3,false,11728.000,341,364969.37
FFSU,PA,00169430330,RYBELSUS 3,2024,2,true,,,
MCOU,PA,00169430330,RYBELSUS 3,2024,2,false,6084.000,201,189046.97
MCOU,PA,00169430713,RYBELSUS 7,2024,2,true,,,
FFSU,PA,00169430730,RYBELSUS 7,2024,2,false,630.000,14,19599.27
MCOU,PA,00169430730,RYBELSUS 7,2024,2,false,11578.000,349,362234.25
MCOU,PA,00169431430,RYBELSUS 1,2024,2,false,12446.000,362,388790.55
FFSU,PA,00169431430,RYBELSUS 1,2024,2,true,,,
MCOU,PA,00169430313,RYBELSUS 3,2024,1,true,,,
FFSU,PA,00169430330,RYBELSUS 3,2024,1,true,,,
MCOU,PA,00169430330,RYBELSUS 3,2024,1,false,5705.000,181,176957.45
MCOU,PA,00169430713,RYBELSUS 7,2024,1,true,,,
MCOU,PA,00169430730,RYBELSUS 7,2024,1,false,12060.000,372,375277.14
FFSU,PA,00169430730,RYBELSUS 7,2024,1,false,660.000,18,19982.64
MCOU,PA,00169431413,RYBELSUS 1,2024,1,true,,,
MCOU,PA,00169431430,RYBELSUS 1,2024,1,false,11362.000,334,354584.04
FFSU,PA,00169431430,RYBELSUS 1,2024,1,true,,,
MCOU,RI,00169430330,RYBELSUS 3,2024,4,false,1050.000,34,32908.24
FFSU,RI,00169430330,RYBELSUS 3,2024,4,true,,,
MCOU,RI,00169430730,RYBELSUS 7,2024,4,false,4350.000,145,135234.79
FFSU,RI,00169431430,RYBELSUS 1,2024,4,true,,,
MCOU,RI,00169431430,RYBELSUS 1,2024,4,false,6174.000,198,192155.58
MCOU,RI,00169430330,RYBELSUS 3,2024,3,false,1141.000,39,34822.00
MCOU,RI,00169430730,RYBELSUS 7,2024,3,false,5647.000,185,175651.21
MCOU,RI,00169431430,RYBELSUS 1,2024,3,false,6742.000,219,209222.77
FFSU,RI,00169431430,RYBELSUS 1,2024,3,true,,,
MCOU,RI,00169430330,RYBELSUS 3,2024,2,false,1642.000,53,51331.57
FFSU,RI,00169430730,RYBELSUS 7,2024,2,true,,,
MCOU,RI,00169430730,RYBELSUS 7,2024,2,false,5661.000,188,176108.81
FFSU,RI,00169431430,RYBELSUS 1,2024,2,true,,,
MCOU,RI,00169431430,RYBELSUS 1,2024,2,false,6474.000,212,201249.41
FFSU,RI,00169430330,RYBELSUS 3,2024,1,true,,,
MCOU,RI,00169430330,RYBELSUS 3,2024,1,false,1918.000,64,59041.62
MCOU,RI,00169430730,RYBELSUS 7,2024,1,false,5698.000,182,177157.80
FFSU,RI,00169430730,RYBELSUS 7,2024,1,true,,,
FFSU,RI,00169431430,RYBELSUS 1,2024,1,true,,,
MCOU,RI,00169431430,RYBELSUS 1,2024,1,false,5874.000,191,181610.93
MCOU,SC,00169430330,RYBELSUS  ,2024,4,false,1045.000,35,31481.04
FFSU,SC,00169430330,RYBELSUS  ,2024,4,true,,,
MCOU,SC,00169430730,RYBELSUS  ,2024,4,false,3273.000,110,97725.31
FFSU,SC,00169430730,RYBELSUS  ,2024,4,true,,,
MCOU,SC,00169431430,RYBELSUS  ,2024,4,false,2340.000,74,71151.04
FFSU,SC,00169431430,RYBELSUS  ,2024,4,false,465.000,16,14585.03
FFSU,SC,00169430330,RYBELSUS  ,2024,3,true,,,
MCOU,SC,00169430330,RYBELSUS  ,2024,3,false,1258.000,42,38705.46
MCOU,SC,00169430730,RYBELSUS  ,2024,3,false,3540.000,116,106460.21
FFSU,SC,00169430730,RYBELSUS  ,2024,3,true,,,
MCOU,SC,00169431430,RYBELSUS  ,2024,3,false,3780.000,122,114943.26
FFSU,SC,00169431430,RYBELSUS  ,2024,3,false,600.000,20,18777.72
FFSU,SC,00169430313,RYBELSUS  ,2024,2,true,,,
FFSU,SC,00169430330,RYBELSUS  ,2024,2,false,360.000,12,9194.40
MCOU,SC,00169430330,RYBELSUS  ,2024,2,false,1800.000,60,53428.71
FFSU,SC,00169430713,RYBELSUS  ,2024,2,true,,,
FFSU,SC,00169430730,RYBELSUS  ,2024,2,false,630.000,21,19866.24
MCOU,SC,00169430730,RYBELSUS  ,2024,2,false,4290.000,141,130202.04
FFSU,SC,00169431430,RYBELSUS  ,2024,2,false,630.000,21,17964.34
MCOU,SC,00169431430,RYBELSUS  ,2024,2,false,4080.000,134,121935.45
FFSU,SC,00169430313,RYBELSUS  ,2024,1,true,,,
FFSU,SC,00169430330,RYBELSUS  ,2024,1,false,390.000,13,12214.09
MCOU,SC,00169430330,RYBELSUS  ,2024,1,false,2760.000,92,81327.11
FFSU,SC,00169430730,RYBELSUS  ,2024,1,false,330.000,11,10302.94
MCOU,SC,00169430730,RYBELSUS  ,2024,1,false,4800.000,168,149774.71
MCOU,SC,00169431413,RYBELSUS  ,2024,1,true,,,
MCOU,SC,00169431430,RYBELSUS  ,2024,1,false,4560.000,146,137212.85
FFSU,SC,00169431430,RYBELSUS  ,2024,1,false,480.000,16,13642.58
FFSU,SD,00169430330,RYBELSUS 3,2024,4,false,480.000,16,15118.81
FFSU,SD,00169430730,RYBELSUS 7,2024,4,false,1020.000,34,32142.94
FFSU,SD,00169431430,RYBELSUS 1,2024,4,false,1260.000,42,39702.25
FFSU,SD,00169430330,RYBELSUS 3,2024,3,false,390.000,13,12284.20
FFSU,SD,00169430730,RYBELSUS 7,2024,3,false,1290.000,43,40651.32
FFSU,SD,00169431430,RYBELSUS 1,2024,3,false,1350.000,45,42534.09
FFSU,SD,00169430330,RYBELSUS 3,2024,2,false,480.000,16,15093.47
FFSU,SD,00169430730,RYBELSUS 7,2024,2,false,1260.000,42,39622.60
FFSU,SD,00169431430,RYBELSUS 1,2024,2,false,1440.000,48,45296.54
FFSU,SD,00169430330,RYBELSUS 3,2024,1,false,660.000,22,20635.41
FFSU,SD,00169430730,RYBELSUS 7,2024,1,false,1080.000,36,33814.72
FFSU,SD,00169431413,RYBELSUS 1,2024,1,true,,,
FFSU,SD,00169431430,RYBELSUS 1,2024,1,false,1530.000,51,47813.22
FFSU,TN,00169430330,RYBELSUS 3,2024,4,false,3660.000,122,115263.20
FFSU,TN,00169430730,RYBELSUS 7,2024,4,false,6459.000,216,203428.15
FFSU,TN,00169431430,RYBELSUS 1,2024,4,false,7800.000,260,245624.11
FFSU,TN,00169430330,RYBELSUS 3,2024,3,false,3300.000,110,103958.49
FFSU,TN,00169430730,RYBELSUS 7,2024,3,false,6182.000,206,194707.05
FFSU,TN,00169431430,RYBELSUS 1,2024,3,false,8700.000,290,273908.90
FFSU,TN,00169430330,RYBELSUS 3,2024,2,false,3674.000,123,115453.03
FFSU,TN,00169430730,RYBELSUS 7,2024,2,false,7815.000,261,245641.09
FFSU,TN,00169431430,RYBELSUS 1,2024,2,false,7830.000,261,246107.47
FFSU,TN,00169430330,RYBELSUS 3,2024,1,false,3795.000,127,118329.62
FFSU,TN,00169430713,RYBELSUS 7,2024,1,true,,,
FFSU,TN,00169430730,RYBELSUS 7,2024,1,false,7741.000,258,240947.07
FFSU,TN,00169431430,RYBELSUS 1,2024,1,false,7110.000,237,221394.73
MCOU,TX,00169430330,RYBELSUS 3,2024,4,false,5096.000,148,158136.48
MCOU,TX,00169430730,RYBELSUS 7,2024,4,false,15101.000,402,458379.67
MCOU,TX,00169431430,RYBELSUS 1,2024,4,false,14340.000,353,432016.26
FFSU,TX,00169431430,RYBELSUS 1,2024,4,true,,,
MCOU,TX,00169430330,RYBELSUS 3,2024,3,false,6783.000,193,209694.89
MCOU,TX,00169430730,RYBELSUS 7,2024,3,false,15432.000,444,472549.46
FFSU,TX,00169431430,RYBELSUS 1,2024,3,true,,,
MCOU,TX,00169431430,RYBELSUS 1,2024,3,false,12900.000,310,387232.96
MCOU,TX,00169430330,RYBELSUS 3,2024,2,false,7427.000,221,228773.53
MCOU,TX,00169430730,RYBELSUS 7,2024,2,false,16721.000,466,511821.56
FFSU,TX,00169430730,RYBELSUS 7,2024,2,true,,,
MCOU,TX,00169431430,RYBELSUS 1,2024,2,false,13410.000,328,405954.78
FFSU,TX,00169430330,RYBELSUS 3,2024,1,true,,,
MCOU,TX,00169430330,RYBELSUS 3,2024,1,false,8040.000,234,248588.42
MCOU,TX,00169430713,RYBELSUS 7,2024,1,true,,,
MCOU,TX,00169430730,RYBELSUS 7,2024,1,false,15668.000,420,479774.09
MCOU,TX,00169431430,RYBELSUS 1,2024,1,false,12180.000,303,366407.58
FFSU,TX,00169431430,RYBELSUS 1,2024,1,true,,,
MCOU,UT,00169430330,RYBELSUS 3,2024,4,false,660.000,22,20598.04
FFSU,UT,00169430330,RYBELSUS 3,2024,4,true,,,
FFSU,UT,00169430730,RYBELSUS 7,2024,4,false,294.000,11,9255.98
MCOU,UT,00169430730,RYBELSUS 7,2024,4,false,2100.000,66,64934.57
FFSU,UT,00169431430,RYBELSUS 1,2024,4,true,,,
MCOU,UT,00169431430,RYBELSUS 1,2024,4,false,2220.000,66,70853.91
MCOU,UT,00169430330,RYBELSUS 3,2024,3,false,930.000,31,31077.76
FFSU,UT,00169430330,RYBELSUS 3,2024,3,false,494.000,17,15522.20
MCOU,UT,00169430730,RYBELSUS 7,2024,3,false,1740.000,58,58202.59
FFSU,UT,00169430730,RYBELSUS 7,2024,3,false,750.000,25,23607.21
FFSU,UT,00169431430,RYBELSUS 1,2024,3,false,360.000,12,11307.67
MCOU,UT,00169431430,RYBELSUS 1,2024,3,false,2460.000,74,80281.72
FFSU,UT,00169430330,RYBELSUS 3,2024,2,false,990.000,29,31034.39
MCOU,UT,00169430330,RYBELSUS 3,2024,2,false,990.000,31,32474.18
MCOU,UT,00169430730,RYBELSUS 7,2024,2,false,1890.000,59,61613.49
FFSU,UT,00169430730,RYBELSUS 7,2024,2,false,960.000,24,30066.07
FFSU,UT,00169431430,RYBELSUS 1,2024,2,false,750.000,21,23516.46
MCOU,UT,00169431430,RYBELSUS 1,2024,2,false,1860.000,58,65727.24
MCOU,UT,00169430330,RYBELSUS 3,2024,1,false,1470.000,47,51177.21
FFSU,UT,00169430330,RYBELSUS 3,2024,1,true,,,
FFSU,UT,00169430730,RYBELSUS 7,2024,1,true,,,
MCOU,UT,00169430730,RYBELSUS 7,2024,1,false,1830.000,59,56815.29
MCOU,UT,00169431430,RYBELSUS 1,2024,1,false,1770.000,55,60628.48
FFSU,UT,00169431430,RYBELSUS 1,2024,1,true,,,
FFSU,VA,00169430330,RYBELSUS  ,2024,4,true,,,
MCOU,VA,00169430330,RYBELSUS  ,2024,4,false,3480.000,116,106994.26
MCOU,VA,00169430730,RYBELSUS  ,2024,4,false,9720.000,322,298482.70
FFSU,VA,00169430730,RYBELSUS  ,2024,4,true,,,
MCOU,VA,00169431430,RYBELSUS  ,2024,4,false,11036.000,364,338618.73
MCOU,VA,00169430330,RYBELSUS  ,2024,3,false,4048.000,133,124104.11
FFSU,VA,00169430730,RYBELSUS  ,2024,3,true,,,
MCOU,VA,00169430730,RYBELSUS  ,2024,3,false,10800.000,354,331326.74
FFSU,VA,00169431430,RYBELSUS  ,2024,3,true,,,
MCOU,VA,00169431430,RYBELSUS  ,2024,3,false,10680.000,346,328008.88
FFSU,VA,00169430330,RYBELSUS  ,2024,2,true,,,
MCOU,VA,00169430330,RYBELSUS  ,2024,2,false,4822.000,158,147795.26
FFSU,VA,00169430730,RYBELSUS  ,2024,2,true,,,
MCOU,VA,00169430730,RYBELSUS  ,2024,2,false,10170.000,337,311587.15
FFSU,VA,00169431430,RYBELSUS  ,2024,2,true,,,
MCOU,VA,00169431430,RYBELSUS  ,2024,2,false,10321.000,336,316768.98
FFSU,VA,00169430330,RYBELSUS  ,2024,1,true,,,
MCOU,VA,00169430330,RYBELSUS  ,2024,1,false,6184.000,207,192255.14
MCOU,VA,00169430730,RYBELSUS  ,2024,1,false,11670.000,386,360434.45
FFSU,VA,00169430730,RYBELSUS  ,2024,1,true,,,
MCOU,VA,00169431413,RYBELSUS  ,2024,1,true,,,
FFSU,VA,00169431430,RYBELSUS  ,2024,1,true,,,
MCOU,VA,00169431430,RYBELSUS  ,2024,1,false,9960.000,328,308756.65
FFSU,VT,00169430330,RYBELSUS 3,2024,4,true,,,
FFSU,VT,00169430730,RYBELSUS 7,2024,4,true,,,
FFSU,VT,00169431430,RYBELSUS 1,2024,4,false,900.000,12,28151.69
FFSU,VT,00169430330,RYBELSUS 3,2024,3,false,960.000,26,30155.04
FFSU,VT,00169430730,RYBELSUS 7,2024,3,false,1470.000,27,46085.65
FFSU,VT,00169431430,RYBELSUS 1,2024,3,false,990.000,19,31031.30
FFSU,VT,00169430330,RYBELSUS 3,2024,2,false,2010.000,53,62923.11
FFSU,VT,00169430730,RYBELSUS 7,2024,2,false,2280.000,53,71357.59
FFSU,VT,00169431430,RYBELSUS 1,2024,2,false,1650.000,31,48701.01
FFSU,VT,00169430330,RYBELSUS 3,2024,1,true,,,
FFSU,VT,00169430730,RYBELSUS 7,2024,1,true,,,
FFSU,VT,00169431430,RYBELSUS 1,2024,1,true,,,
FFSU,WA,00169430330,RYBELSUS 3,2024,4,true,,,
MCOU,WA,00169430330,RYBELSUS 3,2024,4,false,2730.000,85,81966.71
MCOU,WA,00169430730,RYBELSUS 7,2024,4,false,5250.000,161,160965.87
FFSU,WA,00169430730,RYBELSUS 7,2024,4,false,330.000,11,10453.77
MCOU,WA,00169431430,RYBELSUS 1,2024,4,false,7648.000,220,228371.02
MCOU,WA,00169430330,RYBELSUS 3,2024,3,false,2760.000,88,83769.38
FFSU,WA,00169430330,RYBELSUS 3,2024,3,true,,,
FFSU,WA,00169430730,RYBELSUS 7,2024,3,true,,,
MCOU,WA,00169430730,RYBELSUS 7,2024,3,false,5700.000,169,174365.81
MCOU,WA,00169431430,RYBELSUS 1,2024,3,false,6930.000,211,204164.01
FFSU,WA,00169430330,RYBELSUS 3,2024,2,true,,,
MCOU,WA,00169430330,RYBELSUS 3,2024,2,false,2190.000,69,68429.65
FFSU,WA,00169430730,RYBELSUS 7,2024,2,true,,,
MCOU,WA,00169430730,RYBELSUS 7,2024,2,false,5400.000,163,174627.38
MCOU,WA,00169431430,RYBELSUS 1,2024,2,false,7410.000,225,231017.38
FFSU,WA,00169430330,RYBELSUS 3,2024,1,true,,,
MCOU,WA,00169430330,RYBELSUS 3,2024,1,false,3090.000,95,88417.73
MCOU,WA,00169430730,RYBELSUS 7,2024,1,false,6037.000,181,170399.20
FFSU,WA,00169430730,RYBELSUS 7,2024,1,true,,,
FFSU,WA,00169431430,RYBELSUS 1,2024,1,true,,,
MCOU,WA,00169431430,RYBELSUS 1,2024,1,false,6930.000,203,207194.75
FFSU,WI,00169430330,RYBELSUS 3,2024,4,true,,,
FFSU,WI,00169430730,RYBELSUS 7,2024,4,false,960.000,32,30837.64
FFSU,WI,00169431430,RYBELSUS 1,2024,4,false,540.000,18,17022.47
FFSU,WI,00169430330,RYBELSUS 3,2024,3,false,601.000,20,19502.22
FFSU,WI,00169430730,RYBELSUS 7,2024,3,false,930.000,31,29335.07
FFSU,WI,00169431430,RYBELSUS 1,2024,3,false,570.000,19,17976.28
FFSU,WI,00169430330,RYBELSUS 3,2024,2,false,452.000,13,14193.45
FFSU,WI,00169430730,RYBELSUS 7,2024,2,false,990.000,33,33285.55
FFSU,WI,00169431430,RYBELSUS 1,2024,2,false,510.000,17,16068.80
FFSU,WI,00169430330,RYBELSUS 3,2024,1,false,540.000,17,16881.45
FFSU,WI,00169430730,RYBELSUS 7,2024,1,false,870.000,29,26909.50
FFSU,WI,00169431430,RYBELSUS 1,2024,1,false,390.000,13,12206.80
FFSU,WV,00169430330,RYBELSUS 3,2024,4,false,303.000,11,9377.97
FFSU,WV,00169430730,RYBELSUS 7,2024,4,true,,,
FFSU,WV,00169431430,RYBELSUS 1,2024,4,false,810.000,23,24894.16
FFSU,WV,00169430330,RYBELSUS 3,2024,3,false,420.000,14,12233.38
FFSU,WV,00169430730,RYBELSUS 7,2024,3,false,378.000,18,11818.50
FFSU,WV,00169431430,RYBELSUS 1,2024,3,false,540.000,18,16962.64
FFSU,WV,00169430330,RYBELSUS 3,2024,2,false,420.000,14,12757.85
FFSU,WV,00169430730,RYBELSUS 7,2024,2,true,,,
FFSU,WV,00169431430,RYBELSUS 1,2024,2,false,420.000,14,13186.33
FFSU,WV,00169430330,RYBELSUS 3,2024,1,true,,,
FFSU,WV,00169430730,RYBELSUS 7,2024,1,true,,,
FFSU,WV,00169431430,RYBELSUS 1,2024,1,false,570.000,17,17333.54
FFSU,WY,00169430330,RYBELSUS 3,2024,4,true,,,
FFSU,WY,00169430730,RYBELSUS 7,2024,4,true,,,
FFSU,WY,00169431430,RYBELSUS 1,2024,4,true,,,
FFSU,WY,00169430330,RYBELSUS 3,2024,3,true,,,
FFSU,WY,00169430730,RYBELSUS 7,2024,3,true,,,
FFSU,WY,00169431430,RYBELSUS 1,2024,3,true,,,
FFSU,WY,00169430330,RYBELSUS 3,2024,2,true,,,
FFSU,WY,00169430730,RYBELSUS 7,2024,2,true,,,
FFSU,WY,00169431430,RYBELSUS 1,2024,2,true,,,
FFSU,WY,00169430730,RYBELSUS 7,2024,1,true,,,
FFSU,WY,00169431430,RYBELSUS 1,2024,1,true,,,
FFSU,AK,00002145780,MOUNJARO  ,2024,4,false,178.000,89,92157.04
FFSU,AK,00002146080,MOUNJARO  ,2024,4,false,118.000,59,61063.20
FFSU,AK,00002147180,MOUNJARO  ,2024,4,false,152.000,76,78704.26
FFSU,AK,00002148480,MOUNJARO  ,2024,4,false,222.000,111,115382.63
FFSU,AK,00002149580,MOUNJARO  ,2024,4,false,226.000,113,117199.94
FFSU,AK,00002150680,MOUNJARO  ,2024,4,false,148.000,74,76965.01
FFSU,AK,00002145780,MOUNJARO  ,2024,3,false,168.000,84,87063.91
FFSU,AK,00002146080,MOUNJARO  ,2024,3,false,92.000,46,47058.97
FFSU,AK,00002147180,MOUNJARO  ,2024,3,false,154.000,77,79455.52
FFSU,AK,00002148480,MOUNJARO  ,2024,3,false,162.000,81,84060.69
FFSU,AK,00002149580,MOUNJARO  ,2024,3,false,236.000,118,122242.70
FFSU,AK,00002150680,MOUNJARO  ,2024,3,false,124.000,62,64479.60
FFSU,AK,00002145780,MOUNJARO  ,2024,2,false,104.000,52,53482.14
FFSU,AK,00002146080,MOUNJARO  ,2024,2,false,84.000,42,43125.98
FFSU,AK,00002147180,MOUNJARO  ,2024,2,false,122.000,61,62750.39
FFSU,AK,00002148480,MOUNJARO  ,2024,2,false,162.000,81,83092.93
FFSU,AK,00002149580,MOUNJARO  ,2024,2,false,147.500,74,76033.72
FFSU,AK,00002150680,MOUNJARO  ,2024,2,false,150.000,75,77097.74
FFSU,AK,00002145780,MOUNJARO  ,2024,1,false,96.000,48,48849.36
FFSU,AK,00002146080,MOUNJARO  ,2024,1,false,30.000,15,15217.43
FFSU,AK,00002147180,MOUNJARO  ,2024,1,false,132.000,59,61139.96
FFSU,AK,00002148480,MOUNJARO  ,2024,1,false,146.000,71,74382.48
FFSU,AK,00002149580,MOUNJARO  ,2024,1,false,146.000,72,75141.00
FFSU,AK,00002150680,MOUNJARO  ,2024,1,false,118.000,59,60767.77
FFSU,AL,00002145780,MOUNJARO 1,2024,4,false,542.000,271,284931.33
FFSU,AL,00002146080,MOUNJARO 1,2024,4,false,652.000,326,343713.49
FFSU,AL,00002147101,MOUNJARO 1,2024,4,true,,,
FFSU,AL,00002147180,MOUNJARO 1,2024,4,false,1274.000,637,668770.90
FFSU,AL,00002148480,MOUNJARO 7,2024,4,false,1837.500,919,973469.47
FFSU,AL,00002149501,MOUNJARO 5,2024,4,true,,,
FFSU,AL,00002149580,MOUNJARO 5,2024,4,false,2641.500,1322,1395480.46
FFSU,AL,00002150680,MOUNJARO 2,2024,4,false,1770.000,885,938566.32
FFSU,AL,00002145780,MOUNJARO 1,2024,3,false,357.000,179,190621.09
FFSU,AL,00002146080,MOUNJARO 1,2024,3,false,494.000,247,261366.84
FFSU,AL,00002147180,MOUNJARO 1,2024,3,false,950.500,476,495978.88
FFSU,AL,00002148480,MOUNJARO 7,2024,3,false,1606.000,803,849739.47
FFSU,AL,00002149501,MOUNJARO 5,2024,3,true,,,
FFSU,AL,00002149580,MOUNJARO 5,2024,3,false,2395.000,1197,1264254.87
FFSU,AL,00002150680,MOUNJARO 2,2024,3,false,1636.000,819,862512.39
FFSU,AL,00002145780,MOUNJARO 1,2024,2,false,176.000,88,93127.93
FFSU,AL,00002146080,MOUNJARO 1,2024,2,false,426.000,213,223735.15
FFSU,AL,00002147180,MOUNJARO 1,2024,2,false,818.000,409,432545.79
FFSU,AL,00002148480,MOUNJARO 7,2024,2,false,1099.000,549,582511.45
FFSU,AL,00002149501,MOUNJARO 5,2024,2,true,,,
FFSU,AL,00002149580,MOUNJARO 5,2024,2,false,1604.000,802,850147.73
FFSU,AL,00002150680,MOUNJARO 2,2024,2,false,2085.500,1044,1100396.61
FFSU,AL,00002145780,MOUNJARO 1,2024,1,false,202.000,101,114079.46
FFSU,AL,00002146080,MOUNJARO 1,2024,1,false,240.000,120,143224.93
FFSU,AL,00002147101,MOUNJARO 1,2024,1,true,,,
FFSU,AL,00002147180,MOUNJARO 1,2024,1,false,796.000,396,439347.05
FFSU,AL,00002148401,MOUNJARO 7,2024,1,true,,,
FFSU,AL,00002148480,MOUNJARO 7,2024,1,false,1444.500,722,771916.06
FFSU,AL,00002149501,MOUNJARO 5,2024,1,true,,,
FFSU,AL,00002149580,MOUNJARO 5,2024,1,false,2294.000,1143,1204861.43
FFSU,AL,00002150680,MOUNJARO 2,2024,1,false,1772.000,890,931171.03
FFSU,AR,00002145780,MOUNJARO  ,2024,4,true,,,
MCOU,AR,00002145780,MOUNJARO  ,2024,4,false,36.000,18,18976.08
MCOU,AR,00002146080,MOUNJARO  ,2024,4,false,32.000,16,16827.11
FFSU,AR,00002146080,MOUNJARO  ,2024,4,false,38.000,19,19761.50
MCOU,AR,00002147180,MOUNJARO  ,2024,4,false,58.000,29,30596.63
FFSU,AR,00002147180,MOUNJARO  ,2024,4,false,32.000,16,16638.18
FFSU,AR,00002148480,MOUNJARO  ,2024,4,false,34.000,17,17692.52
MCOU,AR,00002148480,MOUNJARO  ,2024,4,false,62.000,31,32764.93
MCOU,AR,00002149580,MOUNJARO  ,2024,4,false,54.000,27,28583.43
FFSU,AR,00002149580,MOUNJARO  ,2024,4,false,60.000,30,31216.08
MCOU,AR,00002150680,MOUNJARO  ,2024,4,false,64.000,32,33681.31
FFSU,AR,00002150680,MOUNJARO  ,2024,4,false,50.000,25,26016.25
MCOU,AR,00002145780,MOUNJARO  ,2024,3,false,34.000,17,17909.33
FFSU,AR,00002146080,MOUNJARO  ,2024,3,true,,,
MCOU,AR,00002146080,MOUNJARO  ,2024,3,false,30.000,15,15921.10
MCOU,AR,00002147180,MOUNJARO  ,2024,3,false,46.000,23,24275.33
FFSU,AR,00002147180,MOUNJARO  ,2024,3,false,22.000,11,11443.05
FFSU,AR,00002148480,MOUNJARO  ,2024,3,false,36.000,18,18717.36
MCOU,AR,00002148480,MOUNJARO  ,2024,3,false,42.000,21,22086.19
MCOU,AR,00002149580,MOUNJARO  ,2024,3,false,60.000,30,31735.86
FFSU,AR,00002149580,MOUNJARO  ,2024,3,false,46.000,23,23941.90
FFSU,AR,00002150680,MOUNJARO  ,2024,3,false,26.000,13,13527.91
MCOU,AR,00002150680,MOUNJARO  ,2024,3,false,56.000,28,29525.52
MCOU,AR,00002145780,MOUNJARO  ,2024,2,true,,,
FFSU,AR,00002145780,MOUNJARO  ,2024,2,true,,,
MCOU,AR,00002146080,MOUNJARO  ,2024,2,false,24.000,12,12631.69
FFSU,AR,00002146080,MOUNJARO  ,2024,2,true,,,
FFSU,AR,00002147180,MOUNJARO  ,2024,2,true,,,
MCOU,AR,00002147180,MOUNJARO  ,2024,2,false,32.000,16,17062.10
FFSU,AR,00002148480,MOUNJARO  ,2024,2,false,24.000,12,12472.71
MCOU,AR,00002148480,MOUNJARO  ,2024,2,false,32.000,16,16920.38
FFSU,AR,00002149580,MOUNJARO  ,2024,2,false,42.000,21,21813.99
MCOU,AR,00002149580,MOUNJARO  ,2024,2,false,40.000,20,20930.54
FFSU,AR,00002150680,MOUNJARO  ,2024,2,false,26.000,13,13510.17
MCOU,AR,00002150680,MOUNJARO  ,2024,2,false,54.000,27,28461.95
MCOU,AR,00002145780,MOUNJARO  ,2024,1,true,,,
MCOU,AR,00002146080,MOUNJARO  ,2024,1,true,,,
MCOU,AR,00002147180,MOUNJARO  ,2024,1,false,24.000,12,12673.89
FFSU,AR,00002147180,MOUNJARO  ,2024,1,false,28.000,14,14433.10
FFSU,AR,00002148480,MOUNJARO  ,2024,1,false,32.000,16,16497.64
MCOU,AR,00002148480,MOUNJARO  ,2024,1,false,45.500,23,24167.84
MCOU,AR,00002149580,MOUNJARO  ,2024,1,false,36.000,18,18855.24
FFSU,AR,00002149580,MOUNJARO  ,2024,1,true,,,
MCOU,AR,00002150680,MOUNJARO  ,2024,1,false,24.000,12,12509.02
FFSU,AR,00002150680,MOUNJARO  ,2024,1,true,,,
MCOU,AZ,00002145780,MOUNJARO  ,2024,4,false,294.000,133,148679.59
MCOU,AZ,00002146080,MOUNJARO  ,2024,4,false,293.000,132,148804.59
MCOU,AZ,00002147180,MOUNJARO  ,2024,4,false,324.000,154,164947.56
MCOU,AZ,00002148480,MOUNJARO  ,2024,4,false,420.000,199,212923.23
MCOU,AZ,00002149580,MOUNJARO  ,2024,4,false,490.000,229,248966.69
MCOU,AZ,00002150680,MOUNJARO  ,2024,4,false,352.000,174,178156.44
MCOU,AZ,00002145780,MOUNJARO  ,2024,3,false,260.000,119,133285.08
MCOU,AZ,00002146080,MOUNJARO  ,2024,3,false,330.000,141,168194.81
MCOU,AZ,00002147180,MOUNJARO  ,2024,3,false,296.000,142,151949.26
MCOU,AZ,00002148480,MOUNJARO  ,2024,3,false,394.000,187,201589.69
MCOU,AZ,00002149580,MOUNJARO  ,2024,3,false,580.000,273,295554.37
MCOU,AZ,00002150680,MOUNJARO  ,2024,3,false,368.000,182,186740.35
MCOU,AZ,00002145780,MOUNJARO  ,2024,2,false,152.000,70,77850.62
MCOU,AZ,00002146080,MOUNJARO  ,2024,2,false,280.000,127,143323.37
MCOU,AZ,00002147101,MOUNJARO  ,2024,2,true,,,
MCOU,AZ,00002147180,MOUNJARO  ,2024,2,false,270.000,122,138549.48
MCOU,AZ,00002148480,MOUNJARO  ,2024,2,false,278.000,125,142692.28
MCOU,AZ,00002149580,MOUNJARO  ,2024,2,false,386.000,176,197580.54
MCOU,AZ,00002150680,MOUNJARO  ,2024,2,false,394.000,188,200431.68
MCOU,AZ,00002145780,MOUNJARO  ,2024,1,false,92.000,42,47006.21
MCOU,AZ,00002146080,MOUNJARO  ,2024,1,false,128.000,56,63383.16
MCOU,AZ,00002147180,MOUNJARO  ,2024,1,false,194.000,91,99802.75
MCOU,AZ,00002148480,MOUNJARO  ,2024,1,false,226.000,108,116175.24
MCOU,AZ,00002149580,MOUNJARO  ,2024,1,false,468.000,212,240018.72
MCOU,AZ,00002150680,MOUNJARO  ,2024,1,false,290.000,138,149060.82
MCOU,CA,00002145780,MOUNJARO 1,2024,4,false,62.000,31,33900.29
FFSU,CA,00002145780,MOUNJARO 1,2024,4,false,9040.500,4059,4706820.21
MCOU,CA,00002146080,MOUNJARO 1,2024,4,false,36.000,18,19626.64
FFSU,CA,00002146080,MOUNJARO 1,2024,4,false,6808.000,3131,3546985.68
FFSU,CA,00002147180,MOUNJARO 1,2024,4,false,11967.500,5513,6237109.15
MCOU,CA,00002147180,MOUNJARO 1,2024,4,false,100.000,48,52586.37
MCOU,CA,00002148480,MOUNJARO 7,2024,4,false,145.500,72,79583.66
FFSU,CA,00002148480,MOUNJARO 7,2024,4,false,14063.500,6498,7332707.81
MCOU,CA,00002149580,MOUNJARO 5,2024,4,false,172.000,86,93391.29
FFSU,CA,00002149580,MOUNJARO 5,2024,4,false,17931.500,8288,9348194.14
FFSU,CA,00002150680,MOUNJARO 2,2024,4,false,11302.500,5362,5892441.04
MCOU,CA,00002150680,MOUNJARO 2,2024,4,false,90.500,46,49933.23
FFSU,CA,00002145780,MOUNJARO 1,2024,3,false,7894.000,3499,4108719.59
MCOU,CA,00002145780,MOUNJARO 1,2024,3,false,52.500,26,28818.04
MCOU,CA,00002146080,MOUNJARO 1,2024,3,false,24.000,12,13065.56
FFSU,CA,00002146080,MOUNJARO 1,2024,3,false,6408.500,2884,3338513.90
FFSU,CA,00002147180,MOUNJARO 1,2024,3,false,12921.000,5897,6732425.78
MCOU,CA,00002147180,MOUNJARO 1,2024,3,false,64.000,32,35162.88
MCOU,CA,00002148480,MOUNJARO 7,2024,3,false,129.000,65,70733.32
FFSU,CA,00002148480,MOUNJARO 7,2024,3,false,15444.000,7059,8051098.20
FFSU,CA,00002149580,MOUNJARO 5,2024,3,false,21385.000,9823,11148346.07
MCOU,CA,00002149580,MOUNJARO 5,2024,3,false,215.000,107,116546.07
MCOU,CA,00002150680,MOUNJARO 2,2024,3,false,138.000,70,75123.42
FFSU,CA,00002150680,MOUNJARO 2,2024,3,false,15172.500,7191,7909598.33
FFSU,CA,00002145780,MOUNJARO 1,2024,2,false,4130.500,1776,2148573.04
MCOU,CA,00002145780,MOUNJARO 1,2024,2,true,,,
MCOU,CA,00002146080,MOUNJARO 1,2024,2,false,24.000,12,13272.58
FFSU,CA,00002146080,MOUNJARO 1,2024,2,false,3496.000,1567,1815880.74
FFSU,CA,00002147180,MOUNJARO 1,2024,2,false,8108.000,3674,4212825.24
MCOU,CA,00002147180,MOUNJARO 1,2024,2,false,46.000,23,25268.09
MCOU,CA,00002148480,MOUNJARO 7,2024,2,false,110.000,55,60302.61
FFSU,CA,00002148480,MOUNJARO 7,2024,2,false,7929.000,3615,4127409.60
FFSU,CA,00002149580,MOUNJARO 5,2024,2,false,11558.000,5335,6008581.88
MCOU,CA,00002149580,MOUNJARO 5,2024,2,false,136.500,69,74238.63
MCOU,CA,00002150680,MOUNJARO 2,2024,2,false,196.000,98,106271.76
FFSU,CA,00002150680,MOUNJARO 2,2024,2,false,10740.000,5085,5586693.72
MCOU,CA,00002145780,MOUNJARO 1,2024,1,true,,,
FFSU,CA,00002145780,MOUNJARO 1,2024,1,false,4536.500,2002,2333251.07
MCOU,CA,00002146080,MOUNJARO 1,2024,1,true,,,
FFSU,CA,00002146080,MOUNJARO 1,2024,1,false,2806.000,1262,1446350.02
MCOU,CA,00002147180,MOUNJARO 1,2024,1,false,34.000,17,18644.38
FFSU,CA,00002147180,MOUNJARO 1,2024,1,false,6631.000,2956,3406804.36
MCOU,CA,00002148480,MOUNJARO 7,2024,1,false,86.000,43,46789.65
FFSU,CA,00002148480,MOUNJARO 7,2024,1,false,10023.000,4465,5149951.18
FFSU,CA,00002149580,MOUNJARO 5,2024,1,false,15605.000,6975,8031193.01
MCOU,CA,00002149580,MOUNJARO 5,2024,1,false,169.000,85,92947.55
FFSU,CA,00002150680,MOUNJARO 2,2024,1,false,10264.500,4791,5287489.85
MCOU,CA,00002150680,MOUNJARO 2,2024,1,false,120.000,60,65418.21
MCOU,CO,00002145780,MOUNJARO  ,2024,4,false,122.000,49,63407.28
FFSU,CO,00002145780,MOUNJARO  ,2024,4,false,1149.000,459,597124.57
MCOU,CO,00002146080,MOUNJARO  ,2024,4,false,120.000,53,62414.47
FFSU,CO,00002146080,MOUNJARO  ,2024,4,false,882.000,374,458689.36
MCOU,CO,00002147180,MOUNJARO  ,2024,4,false,142.000,55,73523.88
FFSU,CO,00002147180,MOUNJARO  ,2024,4,false,1228.000,566,636197.52
FFSU,CO,00002148480,MOUNJARO  ,2024,4,false,1552.000,686,807468.67
MCOU,CO,00002148480,MOUNJARO  ,2024,4,false,180.000,82,93595.38
FFSU,CO,00002149580,MOUNJARO  ,2024,4,false,1630.000,728,845125.92
MCOU,CO,00002149580,MOUNJARO  ,2024,4,false,300.000,141,156167.06
FFSU,CO,00002150680,MOUNJARO  ,2024,4,false,986.000,493,513705.49
MCOU,CO,00002150680,MOUNJARO  ,2024,4,false,223.000,110,116185.27
MCOU,CO,00002145780,MOUNJARO  ,2024,3,false,70.000,29,36383.80
FFSU,CO,00002145780,MOUNJARO  ,2024,3,false,952.000,388,492165.72
MCOU,CO,00002146080,MOUNJARO  ,2024,3,false,80.000,36,41614.70
FFSU,CO,00002146080,MOUNJARO  ,2024,3,false,676.000,300,351645.43
FFSU,CO,00002147180,MOUNJARO  ,2024,3,false,1098.000,514,570084.59
MCOU,CO,00002147180,MOUNJARO  ,2024,3,false,100.000,46,49130.85
MCOU,CO,00002148480,MOUNJARO  ,2024,3,false,148.000,62,76934.74
FFSU,CO,00002148480,MOUNJARO  ,2024,3,false,1346.000,622,700204.61
FFSU,CO,00002149580,MOUNJARO  ,2024,3,false,1568.000,712,813574.01
MCOU,CO,00002149580,MOUNJARO  ,2024,3,false,247.000,107,122992.37
MCOU,CO,00002150680,MOUNJARO  ,2024,3,false,208.000,103,108403.81
FFSU,CO,00002150680,MOUNJARO  ,2024,3,false,958.500,483,499620.09
FFSU,CO,00002145780,MOUNJARO  ,2024,2,false,417.500,162,216427.48
MCOU,CO,00002145780,MOUNJARO  ,2024,2,false,30.000,11,15590.74
FFSU,CO,00002146080,MOUNJARO  ,2024,2,false,630.000,272,324590.26
MCOU,CO,00002146080,MOUNJARO  ,2024,2,false,76.000,32,39505.93
MCOU,CO,00002147180,MOUNJARO  ,2024,2,false,94.000,40,48796.22
FFSU,CO,00002147180,MOUNJARO  ,2024,2,false,916.500,411,474353.70
FFSU,CO,00002148480,MOUNJARO  ,2024,2,false,934.000,419,485743.68
MCOU,CO,00002148480,MOUNJARO  ,2024,2,false,88.000,37,45781.71
FFSU,CO,00002149580,MOUNJARO  ,2024,2,false,1083.500,500,562582.39
MCOU,CO,00002149580,MOUNJARO  ,2024,2,false,164.000,76,85350.45
MCOU,CO,00002150680,MOUNJARO  ,2024,2,false,242.000,114,125932.43
FFSU,CO,00002150680,MOUNJARO  ,2024,2,false,804.000,401,418335.55
FFSU,CO,00002145780,MOUNJARO  ,2024,1,false,542.000,194,275647.03
MCOU,CO,00002145780,MOUNJARO  ,2024,1,true,,,
FFSU,CO,00002146080,MOUNJARO  ,2024,1,false,306.000,131,157948.51
MCOU,CO,00002146080,MOUNJARO  ,2024,1,true,,,
FFSU,CO,00002147180,MOUNJARO  ,2024,1,false,631.000,272,324263.01
MCOU,CO,00002147180,MOUNJARO  ,2024,1,false,56.000,24,28927.56
MCOU,CO,00002148480,MOUNJARO  ,2024,1,false,72.000,29,37337.72
FFSU,CO,00002148480,MOUNJARO  ,2024,1,false,828.000,370,427484.01
FFSU,CO,00002149580,MOUNJARO  ,2024,1,false,1139.000,498,589378.42
MCOU,CO,00002149580,MOUNJARO  ,2024,1,false,138.000,52,68636.88
MCOU,CO,00002150680,MOUNJARO  ,2024,1,false,124.000,57,64462.55
FFSU,CO,00002150680,MOUNJARO  ,2024,1,false,515.000,258,266252.94
FFSU,CT,00002145780,MOUNJARO 1,2024,4,false,3617.500,1535,1881215.43
FFSU,CT,00002146080,MOUNJARO 1,2024,4,false,3136.000,1344,1630966.73
FFSU,CT,00002147180,MOUNJARO 1,2024,4,false,5131.000,2222,2669692.19
FFSU,CT,00002148480,MOUNJARO 7,2024,4,false,5938.000,2640,3091188.99
FFSU,CT,00002149580,MOUNJARO 5,2024,4,false,7350.000,3189,3825773.73
FFSU,CT,00002150680,MOUNJARO 2,2024,4,false,4978.500,2486,2594355.54
FFSU,CT,00002145780,MOUNJARO 1,2024,3,false,2842.000,1207,1477109.01
FFSU,CT,00002146080,MOUNJARO 1,2024,3,false,2280.500,1004,1186286.28
FFSU,CT,00002147180,MOUNJARO 1,2024,3,false,4776.500,2091,2484715.41
FFSU,CT,00002148480,MOUNJARO 7,2024,3,false,5254.000,2313,2734875.96
FFSU,CT,00002149580,MOUNJARO 5,2024,3,false,6564.500,2873,3417360.81
FFSU,CT,00002150680,MOUNJARO 2,2024,3,false,4585.000,2282,2388959.67
FFSU,CT,00002145780,MOUNJARO 1,2024,2,false,1352.000,584,702431.53
FFSU,CT,00002146080,MOUNJARO 1,2024,2,false,1924.500,860,1000292.98
FFSU,CT,00002147180,MOUNJARO 1,2024,2,false,3998.000,1775,2076124.45
FFSU,CT,00002148480,MOUNJARO 7,2024,2,false,3829.000,1651,1991458.27
FFSU,CT,00002149580,MOUNJARO 5,2024,2,false,5056.000,2191,2626704.66
FFSU,CT,00002150680,MOUNJARO 2,2024,2,false,4602.500,2235,2393698.54
FFSU,CT,00002145780,MOUNJARO 1,2024,1,false,1603.500,658,825502.20
FFSU,CT,00002146080,MOUNJARO 1,2024,1,false,1125.500,495,580844.40
FFSU,CT,00002147180,MOUNJARO 1,2024,1,false,2774.000,1172,1427446.20
FFSU,CT,00002148480,MOUNJARO 7,2024,1,false,3577.000,1531,1843228.80
FFSU,CT,00002149580,MOUNJARO 5,2024,1,false,5977.500,2544,3084569.03
FFSU,CT,00002150680,MOUNJARO 2,2024,1,false,3595.500,1790,1858892.74
MCOU,DC,00002145701,MOUNJARO 1,2024,4,true,,,
MCOU,DC,00002145780,MOUNJARO 1,2024,4,false,286.500,121,148049.18
MCOU,DC,00002146001,MOUNJARO 1,2024,4,true,,,
MCOU,DC,00002146080,MOUNJARO 1,2024,4,false,292.000,113,144796.48
FFSU,DC,00002147180,MOUNJARO 1,2024,4,true,,,
MCOU,DC,00002147180,MOUNJARO 1,2024,4,false,458.000,203,213473.97
MCOU,DC,00002148401,MOUNJARO 7,2024,4,true,,,
MCOU,DC,00002148480,MOUNJARO 7,2024,4,false,526.000,216,257009.97
MCOU,DC,00002149501,MOUNJARO 5,2024,4,true,,,
MCOU,DC,00002149580,MOUNJARO 5,2024,4,false,946.000,370,437488.38
MCOU,DC,00002150601,MOUNJARO 2,2024,4,true,,,
FFSU,DC,00002150680,MOUNJARO 2,2024,4,true,,,
MCOU,DC,00002150680,MOUNJARO 2,2024,4,false,422.000,204,211807.59
MCOU,DC,00002145701,MOUNJARO 1,2024,3,true,,,
FFSU,DC,00002145780,MOUNJARO 1,2024,3,true,,,
MCOU,DC,00002145780,MOUNJARO 1,2024,3,false,240.000,99,115587.50
MCOU,DC,00002146080,MOUNJARO 1,2024,3,false,174.000,72,88399.49
FFSU,DC,00002146080,MOUNJARO 1,2024,3,true,,,
MCOU,DC,00002147101,MOUNJARO 1,2024,3,true,,,
MCOU,DC,00002147180,MOUNJARO 1,2024,3,false,416.000,170,197662.09
FFSU,DC,00002147180,MOUNJARO 1,2024,3,true,,,
FFSU,DC,00002148480,MOUNJARO 7,2024,3,true,,,
MCOU,DC,00002148480,MOUNJARO 7,2024,3,false,418.000,175,206183.27
MCOU,DC,00002149501,MOUNJARO 5,2024,3,false,36.000,14,15182.68
FFSU,DC,00002149580,MOUNJARO 5,2024,3,false,24.000,12,12516.81
MCOU,DC,00002149580,MOUNJARO 5,2024,3,false,761.000,305,372803.26
MCOU,DC,00002150601,MOUNJARO 2,2024,3,true,,,
MCOU,DC,00002150680,MOUNJARO 2,2024,3,false,372.000,158,165414.95
FFSU,DC,00002150680,MOUNJARO 2,2024,3,true,,,
MCOU,DC,00002145701,MOUNJARO 1,2024,2,true,,,
MCOU,DC,00002145780,MOUNJARO 1,2024,2,false,97.000,38,46858.28
MCOU,DC,00002146080,MOUNJARO 1,2024,2,false,144.500,65,75848.37
FFSU,DC,00002146080,MOUNJARO 1,2024,2,true,,,
FFSU,DC,00002147101,MOUNJARO 1,2024,2,true,,,
MCOU,DC,00002147101,MOUNJARO 1,2024,2,true,,,
FFSU,DC,00002147180,MOUNJARO 1,2024,2,true,,,
MCOU,DC,00002147180,MOUNJARO 1,2024,2,false,346.000,140,163972.96
MCOU,DC,00002148401,MOUNJARO 7,2024,2,true,,,
MCOU,DC,00002148480,MOUNJARO 7,2024,2,false,342.000,145,170024.78
MCOU,DC,00002149501,MOUNJARO 5,2024,2,true,,,
FFSU,DC,00002149580,MOUNJARO 5,2024,2,true,,,
MCOU,DC,00002149580,MOUNJARO 5,2024,2,false,464.000,232,303482.60
MCOU,DC,00002150601,MOUNJARO 2,2024,2,true,,,
FFSU,DC,00002150680,MOUNJARO 2,2024,2,true,,,
MCOU,DC,00002150680,MOUNJARO 2,2024,2,false,382.000,191,202195.28
MCOU,DC,00002145780,MOUNJARO 1,2024,1,false,32.000,14,17175.46
MCOU,DC,00002146001,MOUNJARO 1,2024,1,true,,,
MCOU,DC,00002146080,MOUNJARO 1,2024,1,false,70.500,34,36766.88
MCOU,DC,00002147101,MOUNJARO 1,2024,1,true,,,
MCOU,DC,00002147180,MOUNJARO 1,2024,1,false,112.000,50,51451.32
FFSU,DC,00002147180,MOUNJARO 1,2024,1,true,,,
FFSU,DC,00002148480,MOUNJARO 7,2024,1,true,,,
MCOU,DC,00002148480,MOUNJARO 7,2024,1,false,192.000,90,97195.51
MCOU,DC,00002149501,MOUNJARO 5,2024,1,true,,,
FFSU,DC,00002149580,MOUNJARO 5,2024,1,true,,,
MCOU,DC,00002149580,MOUNJARO 5,2024,1,false,470.000,199,226114.22
MCOU,DC,00002150601,MOUNJARO 2,2024,1,true,,,
MCOU,DC,00002150680,MOUNJARO 2,2024,1,false,307.000,129,129987.19
MCOU,DE,00002145780,MOUNJARO 1,2024,4,false,152.000,76,1822.24
FFSU,DE,00002145780,MOUNJARO 1,2024,4,true,,,
MCOU,DE,00002146080,MOUNJARO 1,2024,4,false,96.000,48,3926.35
MCOU,DE,00002147180,MOUNJARO 1,2024,4,false,208.000,100,8619.01
FFSU,DE,00002147180,MOUNJARO 1,2024,4,true,,,
FFSU,DE,00002148480,MOUNJARO 7,2024,4,true,,,
MCOU,DE,00002148480,MOUNJARO 7,2024,4,false,212.000,102,8666.07
MCOU,DE,00002149501,MOUNJARO 5,2024,4,true,,,
MCOU,DE,00002149580,MOUNJARO 5,2024,4,false,326.000,161,19632.31
MCOU,DE,00002150680,MOUNJARO 2,2024,4,false,160.000,80,4777.24
MCOU,DE,00002145780,MOUNJARO 1,2024,3,false,98.000,49,1576.07
MCOU,DE,00002146080,MOUNJARO 1,2024,3,false,50.000,25,2027.37
MCOU,DE,00002147180,MOUNJARO 1,2024,3,false,186.000,89,21174.35
MCOU,DE,00002148480,MOUNJARO 7,2024,3,false,174.000,83,4700.82
MCOU,DE,00002149501,MOUNJARO 5,2024,3,true,,,
MCOU,DE,00002149580,MOUNJARO 5,2024,3,false,220.000,106,12544.29
MCOU,DE,00002150680,MOUNJARO 2,2024,3,false,148.000,74,5061.12
MCOU,DE,00002145780,MOUNJARO 1,2024,2,false,56.000,28,3552.25
MCOU,DE,00002146080,MOUNJARO 1,2024,2,false,64.000,32,2061.58
MCOU,DE,00002147180,MOUNJARO 1,2024,2,false,136.000,68,11718.94
MCOU,DE,00002148480,MOUNJARO 7,2024,2,false,166.000,79,10249.47
MCOU,DE,00002149580,MOUNJARO 5,2024,2,false,230.000,111,15645.55
FFSU,DE,00002150680,MOUNJARO 2,2024,2,true,,,
MCOU,DE,00002150680,MOUNJARO 2,2024,2,false,183.000,90,8060.07
MCOU,DE,00002145780,MOUNJARO 1,2024,1,false,50.000,25,3183.86
MCOU,DE,00002146080,MOUNJARO 1,2024,1,false,22.000,11,3578.76
MCOU,DE,00002147180,MOUNJARO 1,2024,1,false,60.000,30,1882.90
FFSU,DE,00002147180,MOUNJARO 1,2024,1,true,,,
MCOU,DE,00002148480,MOUNJARO 7,2024,1,false,200.000,98,16235.77
MCOU,DE,00002149501,MOUNJARO 5,2024,1,true,,,
MCOU,DE,00002149580,MOUNJARO 5,2024,1,false,262.000,125,27012.77
FFSU,DE,00002150680,MOUNJARO 2,2024,1,true,,,
MCOU,DE,00002150680,MOUNJARO 2,2024,1,false,174.000,87,13100.07
MCOU,FL,00002145701,MOUNJARO  ,2024,4,true,,,
FFSU,FL,00002145780,MOUNJARO  ,2024,4,true,,,
MCOU,FL,00002145780,MOUNJARO  ,2024,4,false,544.000,273,277126.62
FFSU,FL,00002146080,MOUNJARO  ,2024,4,false,24.000,12,12495.70
MCOU,FL,00002146080,MOUNJARO  ,2024,4,false,492.000,246,249005.09
MCOU,FL,00002147180,MOUNJARO  ,2024,4,false,808.000,404,411196.31
FFSU,FL,00002147180,MOUNJARO  ,2024,4,true,,,
FFSU,FL,00002148480,MOUNJARO  ,2024,4,false,28.000,14,12573.72
MCOU,FL,00002148480,MOUNJARO  ,2024,4,false,1055.000,527,533713.25
MCOU,FL,00002149501,MOUNJARO  ,2024,4,true,,,
MCOU,FL,00002149580,MOUNJARO  ,2024,4,false,1298.000,649,664069.91
FFSU,FL,00002149580,MOUNJARO  ,2024,4,false,38.000,19,15391.76
MCOU,FL,00002150680,MOUNJARO  ,2024,4,false,706.500,354,358978.27
FFSU,FL,00002150680,MOUNJARO  ,2024,4,false,28.000,14,11836.73
MCOU,FL,00002145780,MOUNJARO  ,2024,3,false,438.000,219,222995.38
FFSU,FL,00002145780,MOUNJARO  ,2024,3,true,,,
FFSU,FL,00002146080,MOUNJARO  ,2024,3,true,,,
MCOU,FL,00002146080,MOUNJARO  ,2024,3,false,421.000,212,214796.97
MCOU,FL,00002147180,MOUNJARO  ,2024,3,false,772.000,386,392939.86
FFSU,FL,00002147180,MOUNJARO  ,2024,3,true,,,
FFSU,FL,00002148480,MOUNJARO  ,2024,3,false,30.000,15,11936.77
MCOU,FL,00002148480,MOUNJARO  ,2024,3,false,1010.500,504,510138.53
MCOU,FL,00002149501,MOUNJARO  ,2024,3,true,,,
FFSU,FL,00002149580,MOUNJARO  ,2024,3,true,,,
MCOU,FL,00002149580,MOUNJARO  ,2024,3,false,1374.000,686,695718.72
MCOU,FL,00002150680,MOUNJARO  ,2024,3,false,864.000,432,441164.44
FFSU,FL,00002150680,MOUNJARO  ,2024,3,true,,,
FFSU,FL,00002145780,MOUNJARO  ,2024,2,true,,,
MCOU,FL,00002145780,MOUNJARO  ,2024,2,false,264.000,132,134446.21
MCOU,FL,00002146080,MOUNJARO  ,2024,2,false,462.000,232,234857.62
FFSU,FL,00002146080,MOUNJARO  ,2024,2,true,,,
MCOU,FL,00002147180,MOUNJARO  ,2024,2,false,698.000,350,354740.29
MCOU,FL,00002148480,MOUNJARO  ,2024,2,false,916.500,458,466404.75
FFSU,FL,00002148480,MOUNJARO  ,2024,2,true,,,
MCOU,FL,00002149501,MOUNJARO  ,2024,2,true,,,
FFSU,FL,00002149580,MOUNJARO  ,2024,2,true,,,
MCOU,FL,00002149580,MOUNJARO  ,2024,2,false,1190.000,591,604868.85
MCOU,FL,00002150680,MOUNJARO  ,2024,2,false,1172.500,586,594654.52
FFSU,FL,00002150680,MOUNJARO  ,2024,2,true,,,
MCOU,FL,00002145780,MOUNJARO  ,2024,1,false,272.500,137,137132.17
MCOU,FL,00002146001,MOUNJARO  ,2024,1,true,,,
FFSU,FL,00002146080,MOUNJARO  ,2024,1,true,,,
MCOU,FL,00002146080,MOUNJARO  ,2024,1,false,296.000,147,150636.66
FFSU,FL,00002147180,MOUNJARO  ,2024,1,true,,,
MCOU,FL,00002147180,MOUNJARO  ,2024,1,false,630.000,315,322296.66
MCOU,FL,00002148480,MOUNJARO  ,2024,1,false,976.000,485,496419.58
FFSU,FL,00002148480,MOUNJARO  ,2024,1,true,,,
FFSU,FL,00002149580,MOUNJARO  ,2024,1,false,44.000,22,10495.93
MCOU,FL,00002149580,MOUNJARO  ,2024,1,false,1840.000,915,933695.67
MCOU,FL,00002150680,MOUNJARO  ,2024,1,false,1378.500,688,697926.10
FFSU,FL,00002150680,MOUNJARO  ,2024,1,true,,,
MCOU,GA,00002145701,MOUNJARO  ,2024,4,true,,,
MCOU,GA,00002145780,MOUNJARO  ,2024,4,false,148.000,74,74713.96
FFSU,GA,00002145780,MOUNJARO  ,2024,4,false,100.000,50,51921.69
MCOU,GA,00002146080,MOUNJARO  ,2024,4,false,208.000,104,104586.98
FFSU,GA,00002146080,MOUNJARO  ,2024,4,false,98.000,49,50868.18
FFSU,GA,00002147101,MOUNJARO  ,2024,4,true,,,
FFSU,GA,00002147180,MOUNJARO  ,2024,4,false,160.000,80,83111.95
MCOU,GA,00002147180,MOUNJARO  ,2024,4,false,274.000,137,149217.07
MCOU,GA,00002148480,MOUNJARO  ,2024,4,false,254.000,127,136142.16
FFSU,GA,00002148480,MOUNJARO  ,2024,4,false,208.000,104,108067.11
FFSU,GA,00002149580,MOUNJARO  ,2024,4,false,392.000,196,203703.41
MCOU,GA,00002149580,MOUNJARO  ,2024,4,false,384.000,192,197468.85
MCOU,GA,00002150680,MOUNJARO  ,2024,4,false,270.000,135,140226.54
FFSU,GA,00002150680,MOUNJARO  ,2024,4,false,242.000,122,125642.81
MCOU,GA,00002145780,MOUNJARO  ,2024,3,false,106.000,54,56144.22
FFSU,GA,00002145780,MOUNJARO  ,2024,3,false,82.000,41,41979.10
MCOU,GA,00002146080,MOUNJARO  ,2024,3,false,128.000,64,65115.16
FFSU,GA,00002146080,MOUNJARO  ,2024,3,false,74.000,37,37865.84
FFSU,GA,00002147101,MOUNJARO  ,2024,3,true,,,
FFSU,GA,00002147180,MOUNJARO  ,2024,3,false,130.000,65,66541.39
MCOU,GA,00002147180,MOUNJARO  ,2024,3,false,254.000,127,134329.21
FFSU,GA,00002148480,MOUNJARO  ,2024,3,false,192.000,96,98265.98
MCOU,GA,00002148480,MOUNJARO  ,2024,3,false,242.000,122,137114.28
MCOU,GA,00002149580,MOUNJARO  ,2024,3,false,360.000,180,194082.17
FFSU,GA,00002149580,MOUNJARO  ,2024,3,false,312.000,156,159681.85
FFSU,GA,00002150601,MOUNJARO  ,2024,3,true,,,
FFSU,GA,00002150680,MOUNJARO  ,2024,3,false,266.000,134,136428.91
MCOU,GA,00002150680,MOUNJARO  ,2024,3,false,282.000,141,144910.18
FFSU,GA,00002145780,MOUNJARO  ,2024,2,false,39.000,20,19955.64
MCOU,GA,00002145780,MOUNJARO  ,2024,2,false,62.000,31,30719.71
FFSU,GA,00002146080,MOUNJARO  ,2024,2,false,52.000,26,26606.37
MCOU,GA,00002146080,MOUNJARO  ,2024,2,false,94.000,47,50517.39
FFSU,GA,00002147101,MOUNJARO  ,2024,2,true,,,
FFSU,GA,00002147180,MOUNJARO  ,2024,2,false,124.000,65,63469.33
MCOU,GA,00002147180,MOUNJARO  ,2024,2,false,254.000,127,132851.33
FFSU,GA,00002148480,MOUNJARO  ,2024,2,false,134.000,67,68558.42
MCOU,GA,00002148480,MOUNJARO  ,2024,2,false,244.000,123,139092.93
MCOU,GA,00002149580,MOUNJARO  ,2024,2,false,254.000,127,137967.89
FFSU,GA,00002149580,MOUNJARO  ,2024,2,false,199.500,102,102084.10
MCOU,GA,00002150680,MOUNJARO  ,2024,2,false,256.000,128,139260.88
FFSU,GA,00002150680,MOUNJARO  ,2024,2,false,218.000,109,111450.47
FFSU,GA,00002145780,MOUNJARO  ,2024,1,true,,,
MCOU,GA,00002145780,MOUNJARO  ,2024,1,false,94.000,47,48755.09
MCOU,GA,00002146080,MOUNJARO  ,2024,1,false,80.000,40,42999.98
FFSU,GA,00002146080,MOUNJARO  ,2024,1,false,22.000,11,11224.70
FFSU,GA,00002147180,MOUNJARO  ,2024,1,false,79.000,42,40575.46
MCOU,GA,00002147180,MOUNJARO  ,2024,1,false,200.000,100,103783.27
MCOU,GA,00002148480,MOUNJARO  ,2024,1,false,256.000,128,137978.21
FFSU,GA,00002148480,MOUNJARO  ,2024,1,false,92.000,46,47116.38
FFSU,GA,00002149501,MOUNJARO  ,2024,1,true,,,
FFSU,GA,00002149580,MOUNJARO  ,2024,1,false,160.000,80,81962.28
MCOU,GA,00002149580,MOUNJARO  ,2024,1,false,340.000,170,181465.54
MCOU,GA,00002150680,MOUNJARO  ,2024,1,false,254.000,127,135765.37
FFSU,GA,00002150680,MOUNJARO  ,2024,1,false,172.000,86,88057.22
MCOU,HI,00002145780,MOUNJARO 1,2024,4,false,240.000,90,90662.19
MCOU,HI,00002146080,MOUNJARO 1,2024,4,false,140.000,54,65730.41
MCOU,HI,00002147180,MOUNJARO 1,2024,4,false,322.000,140,94725.60
MCOU,HI,00002148480,MOUNJARO 7,2024,4,false,850.000,217,146490.47
MCOU,HI,00002149580,MOUNJARO 5,2024,4,false,590.000,247,132913.18
MCOU,HI,00002150601,MOUNJARO 2,2024,4,true,,,
MCOU,HI,00002150680,MOUNJARO 2,2024,4,false,784.000,377,70869.82
MCOU,HI,00002145780,MOUNJARO 1,2024,3,false,200.000,78,53807.40
MCOU,HI,00002146080,MOUNJARO 1,2024,3,false,156.000,67,39793.81
MCOU,HI,00002147180,MOUNJARO 1,2024,3,false,290.000,120,87962.73
MCOU,HI,00002148480,MOUNJARO 7,2024,3,false,499.000,175,143417.66
MCOU,HI,00002149580,MOUNJARO 5,2024,3,false,862.000,323,163178.14
MCOU,HI,00002150601,MOUNJARO 2,2024,3,true,,,
MCOU,HI,00002150680,MOUNJARO 2,2024,3,false,540.000,232,75516.27
MCOU,HI,00002145780,MOUNJARO 1,2024,2,false,206.000,75,47271.99
MCOU,HI,00002146080,MOUNJARO 1,2024,2,false,131.000,47,39788.09
MCOU,HI,00002147180,MOUNJARO 1,2024,2,false,258.000,107,70052.99
MCOU,HI,00002148480,MOUNJARO 7,2024,2,false,438.000,156,111086.56
MCOU,HI,00002149580,MOUNJARO 5,2024,2,false,664.000,276,117215.82
MCOU,HI,00002150680,MOUNJARO 2,2024,2,false,748.000,299,71470.27
MCOU,HI,00002145780,MOUNJARO 1,2024,1,false,125.000,43,28903.15
MCOU,HI,00002146080,MOUNJARO 1,2024,1,false,70.000,25,24013.81
MCOU,HI,00002147180,MOUNJARO 1,2024,1,false,194.000,84,41931.71
MCOU,HI,00002148480,MOUNJARO 7,2024,1,false,268.000,103,78626.89
MCOU,HI,00002149580,MOUNJARO 5,2024,1,false,520.000,214,111074.78
MCOU,HI,00002150680,MOUNJARO 2,2024,1,false,442.000,201,40577.49
MCOU,IA,00002145780,MOUNJARO 1,2024,4,false,1018.500,504,525591.01
MCOU,IA,00002146080,MOUNJARO 1,2024,4,false,673.000,341,347187.13
FFSU,IA,00002147180,MOUNJARO 1,2024,4,true,,,
MCOU,IA,00002147180,MOUNJARO 1,2024,4,false,860.500,431,444457.42
MCOU,IA,00002148480,MOUNJARO 7,2024,4,false,1088.000,539,560327.32
FFSU,IA,00002148480,MOUNJARO 7,2024,4,true,,,
MCOU,IA,00002149580,MOUNJARO 5,2024,4,false,1236.000,618,636648.34
FFSU,IA,00002149580,MOUNJARO 5,2024,4,true,,,
FFSU,IA,00002150680,MOUNJARO 2,2024,4,true,,,
MCOU,IA,00002150680,MOUNJARO 2,2024,4,false,872.000,434,450179.44
MCOU,IA,00002145780,MOUNJARO 1,2024,3,false,726.000,359,374782.12
FFSU,IA,00002145780,MOUNJARO 1,2024,3,true,,,
FFSU,IA,00002146080,MOUNJARO 1,2024,3,true,,,
MCOU,IA,00002146080,MOUNJARO 1,2024,3,false,489.000,246,252266.86
FFSU,IA,00002147180,MOUNJARO 1,2024,3,true,,,
MCOU,IA,00002147180,MOUNJARO 1,2024,3,false,760.000,380,392638.32
FFSU,IA,00002148480,MOUNJARO 7,2024,3,true,,,
MCOU,IA,00002148480,MOUNJARO 7,2024,3,false,966.000,478,496767.27
MCOU,IA,00002149580,MOUNJARO 5,2024,3,false,1127.000,564,579957.45
FFSU,IA,00002149580,MOUNJARO 5,2024,3,true,,,
FFSU,IA,00002150680,MOUNJARO 2,2024,3,true,,,
MCOU,IA,00002150680,MOUNJARO 2,2024,3,false,790.000,395,407922.37
MCOU,IA,00002145701,MOUNJARO 1,2024,2,true,,,
MCOU,IA,00002145780,MOUNJARO 1,2024,2,false,414.000,207,213236.76
FFSU,IA,00002145780,MOUNJARO 1,2024,2,true,,,
FFSU,IA,00002146080,MOUNJARO 1,2024,2,true,,,
MCOU,IA,00002146080,MOUNJARO 1,2024,2,false,574.000,287,295798.42
FFSU,IA,00002147180,MOUNJARO 1,2024,2,true,,,
MCOU,IA,00002147180,MOUNJARO 1,2024,2,false,566.500,284,292590.99
MCOU,IA,00002148480,MOUNJARO 7,2024,2,false,759.500,379,390464.29
FFSU,IA,00002148480,MOUNJARO 7,2024,2,true,,,
FFSU,IA,00002149580,MOUNJARO 5,2024,2,true,,,
MCOU,IA,00002149580,MOUNJARO 5,2024,2,false,857.000,428,440358.38
MCOU,IA,00002150680,MOUNJARO 2,2024,2,false,753.000,378,388451.68
FFSU,IA,00002150680,MOUNJARO 2,2024,2,true,,,
MCOU,IA,00002145780,MOUNJARO 1,2024,1,false,396.000,198,203735.97
FFSU,IA,00002145780,MOUNJARO 1,2024,1,true,,,
MCOU,IA,00002146080,MOUNJARO 1,2024,1,false,286.000,143,147396.00
MCOU,IA,00002147180,MOUNJARO 1,2024,1,false,545.000,274,280177.58
FFSU,IA,00002147180,MOUNJARO 1,2024,1,true,,,
MCOU,IA,00002148480,MOUNJARO 7,2024,1,false,792.500,394,407155.77
FFSU,IA,00002148480,MOUNJARO 7,2024,1,true,,,
FFSU,IA,00002149580,MOUNJARO 5,2024,1,true,,,
MCOU,IA,00002149580,MOUNJARO 5,2024,1,false,961.500,480,493569.29
MCOU,IA,00002150680,MOUNJARO 2,2024,1,false,590.000,295,303341.20
FFSU,IA,00002150680,MOUNJARO 2,2024,1,true,,,
FFSU,ID,00002145701,MOUNJARO  ,2024,4,false,22.500,12,11655.43
FFSU,ID,00002145780,MOUNJARO  ,2024,4,false,548.500,275,280628.24
FFSU,ID,00002146080,MOUNJARO  ,2024,4,false,404.000,202,209203.92
FFSU,ID,00002147180,MOUNJARO  ,2024,4,false,703.000,352,364796.47
FFSU,ID,00002148480,MOUNJARO  ,2024,4,false,878.000,439,457029.66
FFSU,ID,00002149501,MOUNJARO  ,2024,4,true,,,
FFSU,ID,00002149580,MOUNJARO  ,2024,4,false,1090.000,545,566226.32
FFSU,ID,00002150680,MOUNJARO  ,2024,4,false,886.000,443,457486.74
FFSU,ID,00002145701,MOUNJARO  ,2024,3,true,,,
FFSU,ID,00002145780,MOUNJARO  ,2024,3,false,366.000,183,186580.80
FFSU,ID,00002146001,MOUNJARO  ,2024,3,true,,,
FFSU,ID,00002146080,MOUNJARO  ,2024,3,false,338.000,169,175206.00
FFSU,ID,00002147101,MOUNJARO  ,2024,3,true,,,
FFSU,ID,00002147180,MOUNJARO  ,2024,3,false,558.000,282,289965.90
FFSU,ID,00002148401,MOUNJARO  ,2024,3,true,,,
FFSU,ID,00002148480,MOUNJARO  ,2024,3,false,708.000,354,369519.46
FFSU,ID,00002149501,MOUNJARO  ,2024,3,true,,,
FFSU,ID,00002149580,MOUNJARO  ,2024,3,false,998.000,499,516941.95
FFSU,ID,00002150680,MOUNJARO  ,2024,3,false,740.000,370,383202.56
FFSU,ID,00002145780,MOUNJARO  ,2024,2,false,144.000,72,72789.12
FFSU,ID,00002146080,MOUNJARO  ,2024,2,false,218.000,109,113033.56
FFSU,ID,00002147180,MOUNJARO  ,2024,2,false,434.000,217,225449.38
FFSU,ID,00002148401,MOUNJARO  ,2024,2,true,,,
FFSU,ID,00002148480,MOUNJARO  ,2024,2,false,444.000,222,230446.48
FFSU,ID,00002149501,MOUNJARO  ,2024,2,false,20.000,11,10356.97
FFSU,ID,00002149580,MOUNJARO  ,2024,2,false,603.000,303,312733.31
FFSU,ID,00002150601,MOUNJARO  ,2024,2,true,,,
FFSU,ID,00002150680,MOUNJARO  ,2024,2,false,500.000,250,259404.64
FFSU,ID,00002145780,MOUNJARO  ,2024,1,false,158.000,79,81476.47
FFSU,ID,00002146080,MOUNJARO  ,2024,1,false,68.000,34,35171.48
FFSU,ID,00002147180,MOUNJARO  ,2024,1,false,284.000,142,147073.77
FFSU,ID,00002148480,MOUNJARO  ,2024,1,false,412.000,206,212369.59
FFSU,ID,00002149501,MOUNJARO  ,2024,1,true,,,
FFSU,ID,00002149580,MOUNJARO  ,2024,1,false,564.000,282,292140.84
FFSU,ID,00002150680,MOUNJARO  ,2024,1,false,364.000,182,188009.24
MCOU,IL,00002145780,MOUNJARO 1,2024,4,false,1439.000,607,775619.84
FFSU,IL,00002145780,MOUNJARO 1,2024,4,false,290.000,126,151515.55
MCOU,IL,00002146001,MOUNJARO 1,2024,4,true,,,
FFSU,IL,00002146001,MOUNJARO 1,2024,4,true,,,
MCOU,IL,00002146080,MOUNJARO 1,2024,4,false,1230.500,537,660445.43
FFSU,IL,00002146080,MOUNJARO 1,2024,4,false,262.000,102,140302.29
MCOU,IL,00002147101,MOUNJARO 1,2024,4,true,,,
FFSU,IL,00002147180,MOUNJARO 1,2024,4,false,364.000,154,212176.22
MCOU,IL,00002147180,MOUNJARO 1,2024,4,false,2033.500,889,1087576.67
MCOU,IL,00002148401,MOUNJARO 7,2024,4,true,,,
FFSU,IL,00002148480,MOUNJARO 7,2024,4,false,540.000,228,293496.40
MCOU,IL,00002148480,MOUNJARO 7,2024,4,false,2617.000,1197,1402508.51
FFSU,IL,00002149580,MOUNJARO 5,2024,4,false,728.000,332,399142.79
MCOU,IL,00002149580,MOUNJARO 5,2024,4,false,2757.000,1289,1465349.19
MCOU,IL,00002150680,MOUNJARO 2,2024,4,false,1894.000,920,1013551.65
FFSU,IL,00002150680,MOUNJARO 2,2024,4,false,614.000,289,340271.96
FFSU,IL,00002145780,MOUNJARO 1,2024,3,false,192.000,78,98978.40
MCOU,IL,00002145780,MOUNJARO 1,2024,3,false,950.500,407,512746.28
MCOU,IL,00002146001,MOUNJARO 1,2024,3,true,,,
FFSU,IL,00002146080,MOUNJARO 1,2024,3,false,188.000,80,108189.92
MCOU,IL,00002146080,MOUNJARO 1,2024,3,false,800.500,348,431677.03
MCOU,IL,00002147180,MOUNJARO 1,2024,3,false,1663.000,747,875929.29
FFSU,IL,00002147180,MOUNJARO 1,2024,3,false,322.000,152,171195.47
MCOU,IL,00002148401,MOUNJARO 7,2024,3,true,,,
MCOU,IL,00002148480,MOUNJARO 7,2024,3,false,2261.000,1006,1179986.48
FFSU,IL,00002148480,MOUNJARO 7,2024,3,false,434.000,187,236524.22
FFSU,IL,00002149501,MOUNJARO 5,2024,3,true,,,
FFSU,IL,00002149580,MOUNJARO 5,2024,3,false,660.000,294,351328.74
MCOU,IL,00002149580,MOUNJARO 5,2024,3,false,2726.500,1243,1443924.85
MCOU,IL,00002150601,MOUNJARO 2,2024,3,true,,,
MCOU,IL,00002150680,MOUNJARO 2,2024,3,false,1702.500,827,888385.71
FFSU,IL,00002150680,MOUNJARO 2,2024,3,false,587.000,279,313367.30
MCOU,IL,00002145780,MOUNJARO 1,2024,2,false,506.000,224,332244.50
FFSU,IL,00002145780,MOUNJARO 1,2024,2,false,102.500,44,54248.80
FFSU,IL,00002146080,MOUNJARO 1,2024,2,false,192.000,85,101537.47
MCOU,IL,00002146080,MOUNJARO 1,2024,2,false,659.000,301,347090.02
MCOU,IL,00002147180,MOUNJARO 1,2024,2,false,1073.500,498,611316.68
FFSU,IL,00002147180,MOUNJARO 1,2024,2,false,224.000,102,130247.55
MCOU,IL,00002148480,MOUNJARO 7,2024,2,false,1404.000,662,789094.02
FFSU,IL,00002148480,MOUNJARO 7,2024,2,false,334.000,137,178234.92
MCOU,IL,00002149501,MOUNJARO 5,2024,2,true,,,
MCOU,IL,00002149580,MOUNJARO 5,2024,2,false,1814.000,858,1002939.30
FFSU,IL,00002149580,MOUNJARO 5,2024,2,false,434.000,202,244221.35
MCOU,IL,00002150601,MOUNJARO 2,2024,2,true,,,
MCOU,IL,00002150680,MOUNJARO 2,2024,2,false,1709.000,822,897973.02
FFSU,IL,00002150680,MOUNJARO 2,2024,2,false,612.000,284,323880.15
FFSU,IL,00002145780,MOUNJARO 1,2024,1,false,52.000,20,18338.20
MCOU,IL,00002145780,MOUNJARO 1,2024,1,false,288.000,132,195271.30
MCOU,IL,00002146080,MOUNJARO 1,2024,1,false,256.000,116,158188.80
FFSU,IL,00002146080,MOUNJARO 1,2024,1,false,38.000,19,21868.32
FFSU,IL,00002147180,MOUNJARO 1,2024,1,false,82.000,33,42636.42
MCOU,IL,00002147180,MOUNJARO 1,2024,1,false,627.000,290,388136.91
FFSU,IL,00002148480,MOUNJARO 7,2024,1,false,174.500,81,73814.49
MCOU,IL,00002148480,MOUNJARO 7,2024,1,false,1048.000,493,599007.26
FFSU,IL,00002149580,MOUNJARO 5,2024,1,false,174.000,83,86667.89
MCOU,IL,00002149580,MOUNJARO 5,2024,1,false,1726.500,802,926391.00
MCOU,IL,00002150601,MOUNJARO 2,2024,1,true,,,
FFSU,IL,00002150680,MOUNJARO 2,2024,1,false,184.000,88,72063.97
MCOU,IL,00002150680,MOUNJARO 2,2024,1,false,1315.000,647,723859.61
MCOU,IN,00002145780,MOUNJARO 1,2024,4,false,2066.000,863,1043829.33
FFSU,IN,00002145780,MOUNJARO 1,2024,4,false,76.000,25,38593.38
MCOU,IN,00002146001,MOUNJARO 1,2024,4,true,,,
FFSU,IN,00002146080,MOUNJARO 1,2024,4,false,52.000,26,27081.51
MCOU,IN,00002146080,MOUNJARO 1,2024,4,false,1488.000,625,751764.75
MCOU,IN,00002147180,MOUNJARO 1,2024,4,false,2294.000,965,1155278.85
FFSU,IN,00002147180,MOUNJARO 1,2024,4,false,86.000,41,44784.18
MCOU,IN,00002148480,MOUNJARO 7,2024,4,false,2393.000,1057,1207258.19
FFSU,IN,00002148480,MOUNJARO 7,2024,4,false,110.000,49,57259.30
FFSU,IN,00002149580,MOUNJARO 5,2024,4,false,94.000,48,48979.50
MCOU,IN,00002149580,MOUNJARO 5,2024,4,false,2521.000,1091,1291438.28
FFSU,IN,00002150680,MOUNJARO 2,2024,4,false,38.000,19,17786.58
MCOU,IN,00002150680,MOUNJARO 2,2024,4,false,1286.500,645,652866.60
MCOU,IN,00002145780,MOUNJARO 1,2024,3,false,2158.000,925,1095774.82
FFSU,IN,00002145780,MOUNJARO 1,2024,3,false,62.000,25,31368.31
MCOU,IN,00002146080,MOUNJARO 1,2024,3,false,1458.000,642,736664.61
FFSU,IN,00002146080,MOUNJARO 1,2024,3,false,41.000,19,19663.09
FFSU,IN,00002147180,MOUNJARO 1,2024,3,false,94.000,37,48858.73
MCOU,IN,00002147180,MOUNJARO 1,2024,3,false,2771.000,1196,1401541.79
FFSU,IN,00002148480,MOUNJARO 7,2024,3,false,104.000,46,54131.26
MCOU,IN,00002148480,MOUNJARO 7,2024,3,false,3204.000,1401,1612964.44
MCOU,IN,00002149580,MOUNJARO 5,2024,3,false,3205.000,1438,1647747.08
FFSU,IN,00002149580,MOUNJARO 5,2024,3,false,111.000,52,57818.52
FFSU,IN,00002150680,MOUNJARO 2,2024,3,false,68.500,38,34016.93
MCOU,IN,00002150680,MOUNJARO 2,2024,3,false,1573.500,799,815979.97
FFSU,IN,00002145780,MOUNJARO 1,2024,2,false,62.000,26,32199.61
MCOU,IN,00002145780,MOUNJARO 1,2024,2,false,1622.000,652,817566.28
MCOU,IN,00002146080,MOUNJARO 1,2024,2,false,1752.000,761,873718.45
FFSU,IN,00002146080,MOUNJARO 1,2024,2,false,48.000,22,24959.55
FFSU,IN,00002147180,MOUNJARO 1,2024,2,false,134.000,57,66673.07
MCOU,IN,00002147180,MOUNJARO 1,2024,2,false,2670.000,1169,1346603.00
MCOU,IN,00002148480,MOUNJARO 7,2024,2,false,3080.000,1350,1553299.24
FFSU,IN,00002148480,MOUNJARO 7,2024,2,false,80.000,38,41643.10
MCOU,IN,00002149580,MOUNJARO 5,2024,2,false,3184.000,1392,1630695.64
FFSU,IN,00002149580,MOUNJARO 5,2024,2,false,130.000,55,66675.06
FFSU,IN,00002150680,MOUNJARO 2,2024,2,false,99.500,58,48273.81
MCOU,IN,00002150680,MOUNJARO 2,2024,2,false,2527.000,1262,1295691.64
MCOU,IN,00002145780,MOUNJARO 1,2024,1,false,1474.000,608,743253.64
FFSU,IN,00002145780,MOUNJARO 1,2024,1,false,60.000,24,30789.93
FFSU,IN,00002146080,MOUNJARO 1,2024,1,false,56.000,24,28893.26
MCOU,IN,00002146080,MOUNJARO 1,2024,1,false,1010.000,441,509615.64
MCOU,IN,00002147180,MOUNJARO 1,2024,1,false,1836.000,789,925384.12
FFSU,IN,00002147180,MOUNJARO 1,2024,1,false,87.000,39,44920.81
FFSU,IN,00002148480,MOUNJARO 7,2024,1,false,118.500,54,60052.13
MCOU,IN,00002148480,MOUNJARO 7,2024,1,false,2784.000,1204,1408852.97
MCOU,IN,00002149580,MOUNJARO 5,2024,1,false,4080.000,1804,2072495.04
FFSU,IN,00002149580,MOUNJARO 5,2024,1,false,120.000,58,61668.34
FFSU,IN,00002150680,MOUNJARO 2,2024,1,false,97.500,54,49552.21
MCOU,IN,00002150680,MOUNJARO 2,2024,1,false,2082.000,1047,1052040.30
MCOU,KS,00002145780,MOUNJARO 1,2024,4,false,298.000,157,155148.81
MCOU,KS,00002146080,MOUNJARO 1,2024,4,false,190.000,101,98956.31
MCOU,KS,00002147180,MOUNJARO 1,2024,4,false,362.000,189,188563.38
MCOU,KS,00002148401,MOUNJARO 7,2024,4,true,,,
MCOU,KS,00002148480,MOUNJARO 7,2024,4,false,636.000,322,331438.64
MCOU,KS,00002149580,MOUNJARO 5,2024,4,false,749.500,382,390626.22
MCOU,KS,00002150680,MOUNJARO 2,2024,4,false,509.500,276,265502.32
MCOU,KS,00002145780,MOUNJARO 1,2024,3,false,216.000,113,112425.10
MCOU,KS,00002146080,MOUNJARO 1,2024,3,false,100.000,51,52067.45
MCOU,KS,00002147180,MOUNJARO 1,2024,3,false,266.000,142,138542.95
MCOU,KS,00002148480,MOUNJARO 7,2024,3,false,468.000,247,243872.02
MCOU,KS,00002149580,MOUNJARO 5,2024,3,false,674.000,339,351271.33
MCOU,KS,00002150680,MOUNJARO 2,2024,3,false,476.000,248,248010.33
MCOU,KS,00002145780,MOUNJARO 1,2024,2,false,120.000,62,62434.35
MCOU,KS,00002146080,MOUNJARO 1,2024,2,false,160.000,87,83246.16
MCOU,KS,00002147180,MOUNJARO 1,2024,2,false,230.000,124,119616.32
MCOU,KS,00002148480,MOUNJARO 7,2024,2,false,451.500,239,235142.81
MCOU,KS,00002149580,MOUNJARO 5,2024,2,false,552.000,288,287416.53
MCOU,KS,00002150680,MOUNJARO 2,2024,2,false,568.000,312,295538.62
MCOU,KS,00002145780,MOUNJARO 1,2024,1,false,106.000,58,54902.11
MCOU,KS,00002146080,MOUNJARO 1,2024,1,false,76.000,46,39510.50
MCOU,KS,00002147180,MOUNJARO 1,2024,1,false,230.000,129,119076.79
MCOU,KS,00002148480,MOUNJARO 7,2024,1,false,365.500,195,189541.12
MCOU,KS,00002149580,MOUNJARO 5,2024,1,false,612.000,338,317373.69
MCOU,KS,00002150680,MOUNJARO 2,2024,1,false,434.000,247,225103.16
MCOU,KY,00002145701,MOUNJARO 1,2024,4,false,18.000,11,9706.84
MCOU,KY,00002145780,MOUNJARO 1,2024,4,false,5433.000,2721,2753336.94
FFSU,KY,00002145780,MOUNJARO 1,2024,4,false,78.000,37,40528.24
MCOU,KY,00002146001,MOUNJARO 1,2024,4,true,,,
MCOU,KY,00002146080,MOUNJARO 1,2024,4,false,4685.500,2366,2384757.60
FFSU,KY,00002146080,MOUNJARO 1,2024,4,false,60.000,32,29411.17
MCOU,KY,00002147101,MOUNJARO 1,2024,4,false,28.000,14,15094.80
FFSU,KY,00002147180,MOUNJARO 1,2024,4,false,72.000,32,34454.51
MCOU,KY,00002147180,MOUNJARO 1,2024,4,false,6929.000,3588,3517247.36
MCOU,KY,00002148401,MOUNJARO 7,2024,4,true,,,
MCOU,KY,00002148480,MOUNJARO 7,2024,4,false,8087.000,4273,4095322.40
FFSU,KY,00002148480,MOUNJARO 7,2024,4,false,132.000,67,63700.09
MCOU,KY,00002149501,MOUNJARO 5,2024,4,false,22.500,14,12144.19
MCOU,KY,00002149580,MOUNJARO 5,2024,4,false,8572.500,4491,4310282.90
FFSU,KY,00002149580,MOUNJARO 5,2024,4,false,161.000,92,82902.01
MCOU,KY,00002150601,MOUNJARO 2,2024,4,true,,,
FFSU,KY,00002150680,MOUNJARO 2,2024,4,false,93.000,52,47459.45
MCOU,KY,00002150680,MOUNJARO 2,2024,4,false,3532.000,1989,1737181.79
MCOU,KY,00002145701,MOUNJARO 1,2024,3,true,,,
FFSU,KY,00002145780,MOUNJARO 1,2024,3,false,77.500,46,40265.24
MCOU,KY,00002145780,MOUNJARO 1,2024,3,false,4433.500,2301,2247191.81
MCOU,KY,00002146001,MOUNJARO 1,2024,3,true,,,
MCOU,KY,00002146080,MOUNJARO 1,2024,3,false,3692.000,2179,1878896.77
FFSU,KY,00002146080,MOUNJARO 1,2024,3,false,32.000,22,15677.76
MCOU,KY,00002147101,MOUNJARO 1,2024,3,false,42.000,21,19835.35
FFSU,KY,00002147180,MOUNJARO 1,2024,3,false,76.000,40,37666.37
MCOU,KY,00002147180,MOUNJARO 1,2024,3,false,6352.000,3380,3237802.01
MCOU,KY,00002148401,MOUNJARO 7,2024,3,true,,,
FFSU,KY,00002148480,MOUNJARO 7,2024,3,false,110.000,59,53284.60
MCOU,KY,00002148480,MOUNJARO 7,2024,3,false,8207.000,4414,4147379.02
MCOU,KY,00002149501,MOUNJARO 5,2024,3,false,16.000,12,8627.12
FFSU,KY,00002149580,MOUNJARO 5,2024,3,false,70.000,41,32487.59
MCOU,KY,00002149580,MOUNJARO 5,2024,3,false,6169.000,3335,3081934.15
MCOU,KY,00002150601,MOUNJARO 2,2024,3,true,,,
FFSU,KY,00002150680,MOUNJARO 2,2024,3,false,132.000,75,64939.47
MCOU,KY,00002150680,MOUNJARO 2,2024,3,false,5829.500,3257,2919046.70
MCOU,KY,00002145701,MOUNJARO 1,2024,2,false,20.000,12,10797.20
FFSU,KY,00002145780,MOUNJARO 1,2024,2,false,69.500,41,29779.57
MCOU,KY,00002145780,MOUNJARO 1,2024,2,false,2539.500,1492,1285784.68
MCOU,KY,00002146001,MOUNJARO 1,2024,2,true,,,
MCOU,KY,00002146080,MOUNJARO 1,2024,2,false,4121.000,2163,2088703.83
FFSU,KY,00002146080,MOUNJARO 1,2024,2,false,44.000,27,21993.12
MCOU,KY,00002147101,MOUNJARO 1,2024,2,false,24.000,12,12946.00
FFSU,KY,00002147180,MOUNJARO 1,2024,2,false,76.000,42,32008.24
MCOU,KY,00002147180,MOUNJARO 1,2024,2,false,5890.000,3313,2964895.44
MCOU,KY,00002148401,MOUNJARO 7,2024,2,true,,,
FFSU,KY,00002148480,MOUNJARO 7,2024,2,false,90.000,55,42968.27
MCOU,KY,00002148480,MOUNJARO 7,2024,2,false,7038.500,3968,3542286.09
MCOU,KY,00002149501,MOUNJARO 5,2024,2,false,30.000,15,16185.16
FFSU,KY,00002149580,MOUNJARO 5,2024,2,false,108.000,62,46404.81
MCOU,KY,00002149580,MOUNJARO 5,2024,2,false,8032.000,4753,4019821.68
MCOU,KY,00002150601,MOUNJARO 2,2024,2,true,,,
FFSU,KY,00002150680,MOUNJARO 2,2024,2,false,57.500,37,13885.45
MCOU,KY,00002150680,MOUNJARO 2,2024,2,false,7014.000,3987,3521336.45
MCOU,KY,00002145701,MOUNJARO 1,2024,1,false,26.000,13,14025.72
FFSU,KY,00002145780,MOUNJARO 1,2024,1,false,54.000,35,27848.08
MCOU,KY,00002145780,MOUNJARO 1,2024,1,false,2624.000,1996,1315820.52
MCOU,KY,00002146080,MOUNJARO 1,2024,1,false,2244.000,1849,1110805.50
FFSU,KY,00002146080,MOUNJARO 1,2024,1,false,30.000,23,15543.39
FFSU,KY,00002147101,MOUNJARO 1,2024,1,true,,,
MCOU,KY,00002147101,MOUNJARO 1,2024,1,false,28.000,20,15116.08
FFSU,KY,00002147180,MOUNJARO 1,2024,1,false,30.000,21,15588.60
MCOU,KY,00002147180,MOUNJARO 1,2024,1,false,5288.000,3609,2627675.44
MCOU,KY,00002148401,MOUNJARO 7,2024,1,true,,,
FFSU,KY,00002148480,MOUNJARO 7,2024,1,false,74.000,37,36441.44
MCOU,KY,00002148480,MOUNJARO 7,2024,1,false,7149.500,4625,3571875.14
MCOU,KY,00002149501,MOUNJARO 5,2024,1,true,,,
MCOU,KY,00002149580,MOUNJARO 5,2024,1,false,10266.000,5907,5064173.34
FFSU,KY,00002149580,MOUNJARO 5,2024,1,false,94.000,55,40702.94
MCOU,KY,00002150601,MOUNJARO 2,2024,1,true,,,
MCOU,KY,00002150680,MOUNJARO 2,2024,1,false,5851.000,3715,2889756.44
FFSU,KY,00002150680,MOUNJARO 2,2024,1,false,78.500,52,37832.91
MCOU,LA,00002145780,MOUNJARO  ,2024,4,false,4828.000,2404,2451558.43
FFSU,LA,00002145780,MOUNJARO  ,2024,4,true,,,
FFSU,LA,00002146080,MOUNJARO  ,2024,4,true,,,
MCOU,LA,00002146080,MOUNJARO  ,2024,4,false,5248.000,2607,2680538.73
MCOU,LA,00002147180,MOUNJARO  ,2024,4,false,8678.000,4339,4408183.70
FFSU,LA,00002147180,MOUNJARO  ,2024,4,false,41.500,20,21641.48
FFSU,LA,00002148480,MOUNJARO  ,2024,4,false,26.000,11,13323.25
MCOU,LA,00002148480,MOUNJARO  ,2024,4,false,10171.000,5078,5194351.86
MCOU,LA,00002149580,MOUNJARO  ,2024,4,false,11192.000,5590,5686066.38
FFSU,LA,00002149580,MOUNJARO  ,2024,4,false,71.000,37,37071.35
FFSU,LA,00002150680,MOUNJARO  ,2024,4,false,45.500,25,23768.13
MCOU,LA,00002150680,MOUNJARO  ,2024,4,false,5815.000,2904,2957605.04
FFSU,LA,00002145780,MOUNJARO  ,2024,3,true,,,
MCOU,LA,00002145780,MOUNJARO  ,2024,3,false,3717.000,1837,1935667.01
MCOU,LA,00002146080,MOUNJARO  ,2024,3,false,4570.500,2269,2379668.33
FFSU,LA,00002146080,MOUNJARO  ,2024,3,true,,,
MCOU,LA,00002147180,MOUNJARO  ,2024,3,false,7983.500,3978,4146039.62
FFSU,LA,00002147180,MOUNJARO  ,2024,3,false,30.000,13,15624.52
FFSU,LA,00002148480,MOUNJARO  ,2024,3,false,62.000,29,32018.29
MCOU,LA,00002148480,MOUNJARO  ,2024,3,false,10270.000,5124,5339618.11
FFSU,LA,00002149580,MOUNJARO  ,2024,3,false,43.000,22,22279.39
MCOU,LA,00002149580,MOUNJARO  ,2024,3,false,11164.000,5571,5812406.56
FFSU,LA,00002150680,MOUNJARO  ,2024,3,false,38.000,19,19826.74
MCOU,LA,00002150680,MOUNJARO  ,2024,3,false,5808.000,2901,3020129.16
MCOU,LA,00002145780,MOUNJARO  ,2024,2,false,2086.000,982,1088149.08
FFSU,LA,00002145780,MOUNJARO  ,2024,2,true,,,
FFSU,LA,00002146080,MOUNJARO  ,2024,2,true,,,
MCOU,LA,00002146080,MOUNJARO  ,2024,2,false,3718.000,1794,1933690.57
MCOU,LA,00002147180,MOUNJARO  ,2024,2,false,6246.000,3038,3250354.82
FFSU,LA,00002147180,MOUNJARO  ,2024,2,false,34.000,17,17590.25
FFSU,LA,00002148480,MOUNJARO  ,2024,2,false,34.500,16,17713.22
MCOU,LA,00002148480,MOUNJARO  ,2024,2,false,7550.500,3658,3933112.04
MCOU,LA,00002149580,MOUNJARO  ,2024,2,false,8857.000,4282,4617279.84
FFSU,LA,00002149580,MOUNJARO  ,2024,2,false,74.000,35,38177.60
FFSU,LA,00002150680,MOUNJARO  ,2024,2,false,36.000,18,18703.83
MCOU,LA,00002150680,MOUNJARO  ,2024,2,false,5820.500,2818,3029952.35
FFSU,LA,00002145780,MOUNJARO  ,2024,1,false,30.000,13,15012.95
MCOU,LA,00002145780,MOUNJARO  ,2024,1,false,2396.000,1111,1238613.30
FFSU,LA,00002146080,MOUNJARO  ,2024,1,false,26.000,13,13084.78
MCOU,LA,00002146080,MOUNJARO  ,2024,1,false,1946.000,927,1011381.56
MCOU,LA,00002147180,MOUNJARO  ,2024,1,false,5986.000,2928,3100068.93
FFSU,LA,00002147180,MOUNJARO  ,2024,1,false,38.000,19,19190.79
MCOU,LA,00002148480,MOUNJARO  ,2024,1,false,9158.500,4431,4747819.13
FFSU,LA,00002148480,MOUNJARO  ,2024,1,false,146.500,65,73866.29
MCOU,LA,00002149580,MOUNJARO  ,2024,1,false,12450.000,5980,6460806.64
FFSU,LA,00002149580,MOUNJARO  ,2024,1,false,178.000,80,89549.27
MCOU,LA,00002150680,MOUNJARO  ,2024,1,false,6059.500,2943,3145349.02
FFSU,LA,00002150680,MOUNJARO  ,2024,1,false,56.000,29,28357.67
MCOU,MA,00002145701,MOUNJARO 1,2024,4,true,,,
MCOU,MA,00002145780,MOUNJARO 1,2024,4,false,1874.000,899,930806.46
FFSU,MA,00002145780,MOUNJARO 1,2024,4,false,340.000,157,170072.41
MCOU,MA,00002146001,MOUNJARO 1,2024,4,true,,,
FFSU,MA,00002146080,MOUNJARO 1,2024,4,false,266.000,132,137031.06
MCOU,MA,00002146080,MOUNJARO 1,2024,4,false,1332.000,650,668130.52
MCOU,MA,00002147101,MOUNJARO 1,2024,4,true,,,
MCOU,MA,00002147180,MOUNJARO 1,2024,4,false,2500.000,1226,1258453.58
FFSU,MA,00002147180,MOUNJARO 1,2024,4,false,571.000,281,293782.47
MCOU,MA,00002148480,MOUNJARO 7,2024,4,false,2944.000,1436,1472740.56
FFSU,MA,00002148480,MOUNJARO 7,2024,4,false,596.000,297,307204.31
MCOU,MA,00002149580,MOUNJARO 5,2024,4,false,3440.000,1683,1727582.16
FFSU,MA,00002149580,MOUNJARO 5,2024,4,false,906.000,449,464830.69
MCOU,MA,00002150601,MOUNJARO 2,2024,4,true,,,
FFSU,MA,00002150680,MOUNJARO 2,2024,4,false,493.500,246,253701.69
MCOU,MA,00002150680,MOUNJARO 2,2024,4,false,2088.500,1045,1057773.36
MCOU,MA,00002145701,MOUNJARO 1,2024,3,true,,,
MCOU,MA,00002145780,MOUNJARO 1,2024,3,false,1484.000,666,737972.57
FFSU,MA,00002145780,MOUNJARO 1,2024,3,false,238.000,113,116457.99
FFSU,MA,00002146080,MOUNJARO 1,2024,3,false,250.000,124,128342.75
MCOU,MA,00002146080,MOUNJARO 1,2024,3,false,1036.000,490,520847.47
MCOU,MA,00002147180,MOUNJARO 1,2024,3,false,2162.000,1020,1088998.26
FFSU,MA,00002147180,MOUNJARO 1,2024,3,false,460.000,233,234785.44
FFSU,MA,00002148480,MOUNJARO 7,2024,3,false,604.500,294,311618.27
MCOU,MA,00002148480,MOUNJARO 7,2024,3,false,2724.000,1288,1363134.08
MCOU,MA,00002149580,MOUNJARO 5,2024,3,false,3228.000,1551,1625173.72
FFSU,MA,00002149580,MOUNJARO 5,2024,3,false,808.000,400,418409.53
FFSU,MA,00002150680,MOUNJARO 2,2024,3,false,558.000,279,287304.45
MCOU,MA,00002150680,MOUNJARO 2,2024,3,false,2054.000,1025,1046192.62
MCOU,MA,00002145701,MOUNJARO 1,2024,2,true,,,
MCOU,MA,00002145780,MOUNJARO 1,2024,2,false,520.000,235,263656.53
FFSU,MA,00002145780,MOUNJARO 1,2024,2,false,144.000,66,74032.27
FFSU,MA,00002146080,MOUNJARO 1,2024,2,false,152.000,74,78489.14
MCOU,MA,00002146080,MOUNJARO 1,2024,2,false,812.000,387,411270.63
MCOU,MA,00002147101,MOUNJARO 1,2024,2,true,,,
FFSU,MA,00002147180,MOUNJARO 1,2024,2,false,298.000,145,153610.38
MCOU,MA,00002147180,MOUNJARO 1,2024,2,false,1249.000,605,636705.04
FFSU,MA,00002148480,MOUNJARO 7,2024,2,false,284.000,142,146979.99
MCOU,MA,00002148480,MOUNJARO 7,2024,2,false,1552.000,748,789920.97
MCOU,MA,00002149580,MOUNJARO 5,2024,2,false,1976.000,933,999298.00
FFSU,MA,00002149580,MOUNJARO 5,2024,2,false,510.000,251,263525.57
FFSU,MA,00002150680,MOUNJARO 2,2024,2,false,548.000,269,280914.06
MCOU,MA,00002150680,MOUNJARO 2,2024,2,false,1862.000,928,948034.01
MCOU,MA,00002145701,MOUNJARO 1,2024,1,true,,,
MCOU,MA,00002145780,MOUNJARO 1,2024,1,false,400.000,186,201386.62
FFSU,MA,00002145780,MOUNJARO 1,2024,1,false,194.000,91,98729.26
MCOU,MA,00002146080,MOUNJARO 1,2024,1,false,428.000,203,216741.08
FFSU,MA,00002146080,MOUNJARO 1,2024,1,false,148.000,72,75734.43
FFSU,MA,00002147180,MOUNJARO 1,2024,1,false,276.000,128,139460.86
MCOU,MA,00002147180,MOUNJARO 1,2024,1,false,785.000,382,397482.79
MCOU,MA,00002148480,MOUNJARO 7,2024,1,false,1311.000,635,666940.55
FFSU,MA,00002148480,MOUNJARO 7,2024,1,false,453.000,224,232201.87
MCOU,MA,00002149580,MOUNJARO 5,2024,1,false,2543.500,1189,1293633.44
FFSU,MA,00002149580,MOUNJARO 5,2024,1,false,672.000,325,342341.79
MCOU,MA,00002150601,MOUNJARO 2,2024,1,true,,,
MCOU,MA,00002150680,MOUNJARO 2,2024,1,false,1544.000,771,793665.06
FFSU,MA,00002150680,MOUNJARO 2,2024,1,false,405.000,204,207384.92
MCOU,MD,00002145701,MOUNJARO 1,2024,4,true,,,
FFSU,MD,00002145780,MOUNJARO 1,2024,4,true,,,
MCOU,MD,00002145780,MOUNJARO 1,2024,4,false,532.000,241,267921.99
FFSU,MD,00002146080,MOUNJARO 1,2024,4,true,,,
MCOU,MD,00002146080,MOUNJARO 1,2024,4,false,700.000,333,353179.23
MCOU,MD,00002147101,MOUNJARO 1,2024,4,true,,,
MCOU,MD,00002147180,MOUNJARO 1,2024,4,false,1358.000,632,703089.80
FFSU,MD,00002147180,MOUNJARO 1,2024,4,true,,,
MCOU,MD,00002148401,MOUNJARO 7,2024,4,true,,,
MCOU,MD,00002148480,MOUNJARO 7,2024,4,false,1651.500,768,850209.95
FFSU,MD,00002148480,MOUNJARO 7,2024,4,false,30.500,29,15889.35
MCOU,MD,00002149501,MOUNJARO 5,2024,4,true,,,
FFSU,MD,00002149580,MOUNJARO 5,2024,4,false,40.000,20,20850.52
MCOU,MD,00002149580,MOUNJARO 5,2024,4,false,2198.000,1022,1147848.64
MCOU,MD,00002150601,MOUNJARO 2,2024,4,true,,,
MCOU,MD,00002150680,MOUNJARO 2,2024,4,false,1240.500,585,637329.07
FFSU,MD,00002150680,MOUNJARO 2,2024,4,true,,,
MCOU,MD,00002145701,MOUNJARO 1,2024,3,true,,,
MCOU,MD,00002145780,MOUNJARO 1,2024,3,false,386.000,176,193232.46
MCOU,MD,00002146001,MOUNJARO 1,2024,3,true,,,
MCOU,MD,00002146080,MOUNJARO 1,2024,3,false,466.000,224,234785.62
MCOU,MD,00002147180,MOUNJARO 1,2024,3,false,1106.000,516,568158.80
FFSU,MD,00002147180,MOUNJARO 1,2024,3,true,,,
MCOU,MD,00002148401,MOUNJARO 7,2024,3,true,,,
MCOU,MD,00002148480,MOUNJARO 7,2024,3,false,1418.500,672,736907.54
FFSU,MD,00002148480,MOUNJARO 7,2024,3,false,20.500,17,10695.56
MCOU,MD,00002149501,MOUNJARO 5,2024,3,true,,,
MCOU,MD,00002149580,MOUNJARO 5,2024,3,false,2052.000,938,1062189.69
FFSU,MD,00002149580,MOUNJARO 5,2024,3,false,42.000,26,21893.61
MCOU,MD,00002150601,MOUNJARO 2,2024,3,true,,,
MCOU,MD,00002150680,MOUNJARO 2,2024,3,false,1307.500,626,671184.07
FFSU,MD,00002150680,MOUNJARO 2,2024,3,false,22.000,14,11491.40
MCOU,MD,00002145780,MOUNJARO 1,2024,2,false,220.000,100,106751.54
MCOU,MD,00002146001,MOUNJARO 1,2024,2,true,,,
MCOU,MD,00002146080,MOUNJARO 1,2024,2,false,398.000,189,202891.77
MCOU,MD,00002147101,MOUNJARO 1,2024,2,true,,,
FFSU,MD,00002147180,MOUNJARO 1,2024,2,true,,,
MCOU,MD,00002147180,MOUNJARO 1,2024,2,false,799.500,370,412895.93
MCOU,MD,00002148401,MOUNJARO 7,2024,2,true,,,
FFSU,MD,00002148480,MOUNJARO 7,2024,2,true,,,
MCOU,MD,00002148480,MOUNJARO 7,2024,2,false,1131.000,523,577679.52
MCOU,MD,00002149501,MOUNJARO 5,2024,2,true,,,
FFSU,MD,00002149580,MOUNJARO 5,2024,2,false,51.000,29,26544.80
MCOU,MD,00002149580,MOUNJARO 5,2024,2,false,1610.000,739,833653.53
MCOU,MD,00002150601,MOUNJARO 2,2024,2,true,,,
FFSU,MD,00002150680,MOUNJARO 2,2024,2,false,17.500,14,9129.10
MCOU,MD,00002150680,MOUNJARO 2,2024,2,false,1312.500,616,671763.72
MCOU,MD,00002145780,MOUNJARO 1,2024,1,false,184.500,89,90309.67
MCOU,MD,00002146080,MOUNJARO 1,2024,1,false,158.000,79,80934.40
FFSU,MD,00002146080,MOUNJARO 1,2024,1,true,,,
MCOU,MD,00002147101,MOUNJARO 1,2024,1,true,,,
MCOU,MD,00002147180,MOUNJARO 1,2024,1,false,428.000,204,224154.42
FFSU,MD,00002147180,MOUNJARO 1,2024,1,true,,,
MCOU,MD,00002148401,MOUNJARO 7,2024,1,true,,,
MCOU,MD,00002148480,MOUNJARO 7,2024,1,false,781.000,372,405774.32
FFSU,MD,00002148480,MOUNJARO 7,2024,1,true,,,
MCOU,MD,00002149501,MOUNJARO 5,2024,1,true,,,
FFSU,MD,00002149580,MOUNJARO 5,2024,1,false,45.000,30,23196.57
MCOU,MD,00002149580,MOUNJARO 5,2024,1,false,1672.000,771,861728.61
MCOU,MD,00002150601,MOUNJARO 2,2024,1,true,,,
MCOU,MD,00002150680,MOUNJARO 2,2024,1,false,1071.000,499,552913.54
FFSU,MD,00002150680,MOUNJARO 2,2024,1,true,,,
FFSU,ME,00002145780,MOUNJARO  ,2024,4,false,296.000,146,153333.33
FFSU,ME,00002146080,MOUNJARO  ,2024,4,false,158.000,77,81962.34
FFSU,ME,00002147180,MOUNJARO  ,2024,4,false,306.000,151,158543.46
FFSU,ME,00002148480,MOUNJARO  ,2024,4,false,278.000,139,144570.48
FFSU,ME,00002149580,MOUNJARO  ,2024,4,false,312.000,156,162012.88
FFSU,ME,00002150680,MOUNJARO  ,2024,4,false,182.000,91,94397.49
FFSU,ME,00002145780,MOUNJARO  ,2024,3,false,208.000,102,106862.78
FFSU,ME,00002146080,MOUNJARO  ,2024,3,false,152.000,72,78874.80
FFSU,ME,00002147180,MOUNJARO  ,2024,3,false,250.000,121,129836.66
FFSU,ME,00002148480,MOUNJARO  ,2024,3,false,360.000,158,185610.45
FFSU,ME,00002149580,MOUNJARO  ,2024,3,false,540.000,253,281078.36
FFSU,ME,00002150680,MOUNJARO  ,2024,3,false,434.000,217,226023.05
FFSU,ME,00002145780,MOUNJARO  ,2024,2,false,154.000,75,78919.33
FFSU,ME,00002146080,MOUNJARO  ,2024,2,false,126.000,60,65109.52
FFSU,ME,00002147180,MOUNJARO  ,2024,2,false,258.000,117,132950.46
FFSU,ME,00002148480,MOUNJARO  ,2024,2,false,368.000,172,190034.67
FFSU,ME,00002149580,MOUNJARO  ,2024,2,false,614.000,283,318688.76
FFSU,ME,00002150680,MOUNJARO  ,2024,2,false,844.000,400,437396.35
FFSU,ME,00002145780,MOUNJARO  ,2024,1,false,78.000,39,39664.18
FFSU,ME,00002146080,MOUNJARO  ,2024,1,false,28.000,14,14487.32
FFSU,ME,00002147180,MOUNJARO  ,2024,1,false,106.000,53,53685.18
FFSU,ME,00002148480,MOUNJARO  ,2024,1,false,98.000,47,49640.08
FFSU,ME,00002149580,MOUNJARO  ,2024,1,false,144.000,70,73648.64
FFSU,ME,00002150680,MOUNJARO  ,2024,1,false,74.000,37,37588.06
MCOU,MI,00002145780,MOUNJARO  ,2024,4,false,3074.000,1422,1550077.47
FFSU,MI,00002145780,MOUNJARO  ,2024,4,false,220.000,106,89054.68
MCOU,MI,00002146001,MOUNJARO  ,2024,4,true,,,
FFSU,MI,00002146080,MOUNJARO  ,2024,4,false,120.000,58,46295.92
MCOU,MI,00002146080,MOUNJARO  ,2024,4,false,2403.000,1153,1200431.96
MCOU,MI,00002147101,MOUNJARO  ,2024,4,true,,,
FFSU,MI,00002147180,MOUNJARO  ,2024,4,false,370.000,176,142744.23
MCOU,MI,00002147180,MOUNJARO  ,2024,4,false,4129.000,1971,2059724.44
MCOU,MI,00002148401,MOUNJARO  ,2024,4,true,,,
FFSU,MI,00002148480,MOUNJARO  ,2024,4,false,382.000,177,150055.70
MCOU,MI,00002148480,MOUNJARO  ,2024,4,false,5041.000,2409,2514931.65
MCOU,MI,00002149501,MOUNJARO  ,2024,4,true,,,
FFSU,MI,00002149580,MOUNJARO  ,2024,4,false,499.500,235,202309.10
MCOU,MI,00002149580,MOUNJARO  ,2024,4,false,5678.500,2696,2831941.68
MCOU,MI,00002150680,MOUNJARO  ,2024,4,false,3390.500,1694,1682426.84
FFSU,MI,00002150680,MOUNJARO  ,2024,4,false,351.000,174,140488.64
FFSU,MI,00002145780,MOUNJARO  ,2024,3,false,202.000,91,39487.30
MCOU,MI,00002145780,MOUNJARO  ,2024,3,false,2104.000,986,1068674.59
MCOU,MI,00002146001,MOUNJARO  ,2024,3,true,,,
FFSU,MI,00002146080,MOUNJARO  ,2024,3,false,132.000,62,26968.80
MCOU,MI,00002146080,MOUNJARO  ,2024,3,false,1560.000,741,792408.68
MCOU,MI,00002147101,MOUNJARO  ,2024,3,true,,,
MCOU,MI,00002147180,MOUNJARO  ,2024,3,false,3328.000,1565,1691560.69
FFSU,MI,00002147180,MOUNJARO  ,2024,3,false,344.000,162,57868.49
MCOU,MI,00002148401,MOUNJARO  ,2024,3,true,,,
FFSU,MI,00002148480,MOUNJARO  ,2024,3,false,416.500,197,71280.92
MCOU,MI,00002148480,MOUNJARO  ,2024,3,false,4508.000,2128,2292023.30
MCOU,MI,00002149501,MOUNJARO  ,2024,3,true,,,
FFSU,MI,00002149580,MOUNJARO  ,2024,3,false,547.500,260,104704.76
MCOU,MI,00002149580,MOUNJARO  ,2024,3,false,5510.000,2616,2808459.35
MCOU,MI,00002150601,MOUNJARO  ,2024,3,true,,,
MCOU,MI,00002150680,MOUNJARO  ,2024,3,false,3231.500,1617,1648220.37
FFSU,MI,00002150680,MOUNJARO  ,2024,3,false,371.000,187,0.01
MCOU,MI,00002145780,MOUNJARO  ,2024,2,false,1308.000,612,665430.96
FFSU,MI,00002145780,MOUNJARO  ,2024,2,false,122.000,57,11587.56
FFSU,MI,00002146080,MOUNJARO  ,2024,2,false,134.000,65,17880.71
MCOU,MI,00002146080,MOUNJARO  ,2024,2,false,1642.000,783,836317.73
MCOU,MI,00002147101,MOUNJARO  ,2024,2,true,,,
FFSU,MI,00002147180,MOUNJARO  ,2024,2,false,303.000,128,34391.63
MCOU,MI,00002147180,MOUNJARO  ,2024,2,false,2492.000,1199,1270799.80
MCOU,MI,00002148401,MOUNJARO  ,2024,2,true,,,
MCOU,MI,00002148480,MOUNJARO  ,2024,2,false,3185.000,1544,1626062.23
FFSU,MI,00002148480,MOUNJARO  ,2024,2,false,342.000,154,46170.67
MCOU,MI,00002149580,MOUNJARO  ,2024,2,false,4098.500,1979,2096493.11
FFSU,MI,00002149580,MOUNJARO  ,2024,2,false,404.000,195,47423.22
MCOU,MI,00002150601,MOUNJARO  ,2024,2,true,,,
MCOU,MI,00002150680,MOUNJARO  ,2024,2,false,3868.000,1930,1979014.18
FFSU,MI,00002150680,MOUNJARO  ,2024,2,false,423.000,206,70810.08
FFSU,MI,00002145780,MOUNJARO  ,2024,1,false,128.000,56,19518.87
MCOU,MI,00002145780,MOUNJARO  ,2024,1,false,952.000,451,485225.49
FFSU,MI,00002146080,MOUNJARO  ,2024,1,false,126.000,55,12080.94
MCOU,MI,00002146080,MOUNJARO  ,2024,1,false,658.000,319,335571.53
FFSU,MI,00002147180,MOUNJARO  ,2024,1,false,262.500,120,34709.34
MCOU,MI,00002147180,MOUNJARO  ,2024,1,false,1768.500,851,903221.91
MCOU,MI,00002148401,MOUNJARO  ,2024,1,true,,,
FFSU,MI,00002148480,MOUNJARO  ,2024,1,false,400.000,184,63765.53
MCOU,MI,00002148480,MOUNJARO  ,2024,1,false,2639.000,1291,1349986.80
MCOU,MI,00002149501,MOUNJARO  ,2024,1,true,,,
FFSU,MI,00002149580,MOUNJARO  ,2024,1,false,672.000,302,113664.24
MCOU,MI,00002149580,MOUNJARO  ,2024,1,false,4637.000,2215,2369890.18
MCOU,MI,00002150601,MOUNJARO  ,2024,1,true,,,
MCOU,MI,00002150680,MOUNJARO  ,2024,1,false,3135.000,1566,1603993.69
FFSU,MI,00002150680,MOUNJARO  ,2024,1,false,464.500,225,71751.52
MCOU,MN,00002145780,MOUNJARO  ,2024,4,false,904.000,432,461711.88
FFSU,MN,00002145780,MOUNJARO  ,2024,4,false,28.000,14,13817.20
FFSU,MN,00002146080,MOUNJARO  ,2024,4,true,,,
MCOU,MN,00002146080,MOUNJARO  ,2024,4,false,552.000,236,285529.28
MCOU,MN,00002147180,MOUNJARO  ,2024,4,false,780.000,362,392623.24
FFSU,MN,00002147180,MOUNJARO  ,2024,4,false,36.000,16,13343.58
MCOU,MN,00002148401,MOUNJARO  ,2024,4,true,,,
FFSU,MN,00002148480,MOUNJARO  ,2024,4,false,68.000,30,33897.98
MCOU,MN,00002148480,MOUNJARO  ,2024,4,false,803.000,286,412547.38
MCOU,MN,00002149580,MOUNJARO  ,2024,4,false,464.000,426,454682.62
FFSU,MN,00002149580,MOUNJARO  ,2024,4,false,50.000,25,24468.91
FFSU,MN,00002150680,MOUNJARO  ,2024,4,false,48.000,24,24425.96
MCOU,MN,00002150680,MOUNJARO  ,2024,4,false,724.000,334,366257.60
FFSU,MN,00002145780,MOUNJARO  ,2024,3,false,28.000,14,14836.31
MCOU,MN,00002145780,MOUNJARO  ,2024,3,false,374.000,187,191577.99
MCOU,MN,00002146001,MOUNJARO  ,2024,3,true,,,
MCOU,MN,00002146080,MOUNJARO  ,2024,3,false,246.000,123,128170.51
FFSU,MN,00002146080,MOUNJARO  ,2024,3,false,22.000,11,11663.61
FFSU,MN,00002147180,MOUNJARO  ,2024,3,false,34.000,17,17588.79
MCOU,MN,00002147180,MOUNJARO  ,2024,3,false,312.000,154,156733.02
MCOU,MN,00002148401,MOUNJARO  ,2024,3,true,,,
MCOU,MN,00002148480,MOUNJARO  ,2024,3,false,865.000,374,440090.54
FFSU,MN,00002148480,MOUNJARO  ,2024,3,false,52.000,26,26685.05
FFSU,MN,00002149580,MOUNJARO  ,2024,3,false,62.000,31,31975.86
MCOU,MN,00002149580,MOUNJARO  ,2024,3,false,1012.000,416,508602.50
MCOU,MN,00002150680,MOUNJARO  ,2024,3,false,664.000,288,333862.86
FFSU,MN,00002150680,MOUNJARO  ,2024,3,false,26.000,13,13792.57
MCOU,MN,00002145780,MOUNJARO  ,2024,2,false,412.000,174,211638.10
MCOU,MN,00002146001,MOUNJARO  ,2024,2,true,,,
MCOU,MN,00002146080,MOUNJARO  ,2024,2,false,236.000,121,125790.29
MCOU,MN,00002147180,MOUNJARO  ,2024,2,false,400.000,200,207534.12
MCOU,MN,00002148480,MOUNJARO  ,2024,2,false,678.000,332,339985.30
MCOU,MN,00002149580,MOUNJARO  ,2024,2,false,375.000,193,189150.97
MCOU,MN,00002150680,MOUNJARO  ,2024,2,false,300.000,145,148433.06
FFSU,MN,00002150680,MOUNJARO  ,2024,2,false,32.000,16,16950.34
MCOU,MN,00002145701,MOUNJARO  ,2024,1,true,,,
MCOU,MN,00002145780,MOUNJARO  ,2024,1,false,236.000,118,122556.44
FFSU,MN,00002145780,MOUNJARO  ,2024,1,true,,,
MCOU,MN,00002146001,MOUNJARO  ,2024,1,true,,,
FFSU,MN,00002146080,MOUNJARO  ,2024,1,true,,,
MCOU,MN,00002146080,MOUNJARO  ,2024,1,false,130.000,65,66607.38
MCOU,MN,00002147180,MOUNJARO  ,2024,1,false,230.000,115,118795.11
FFSU,MN,00002147180,MOUNJARO  ,2024,1,false,32.000,16,16790.81
FFSU,MN,00002148480,MOUNJARO  ,2024,1,false,40.000,20,21020.76
MCOU,MN,00002148480,MOUNJARO  ,2024,1,false,364.500,184,191684.06
FFSU,MN,00002149580,MOUNJARO  ,2024,1,false,34.000,17,17896.48
MCOU,MN,00002149580,MOUNJARO  ,2024,1,false,368.000,182,189876.03
MCOU,MN,00002150680,MOUNJARO  ,2024,1,false,549.000,274,283070.20
FFSU,MN,00002150680,MOUNJARO  ,2024,1,false,22.000,11,11645.59
FFSU,MO,00002145780,MOUNJARO  ,2024,4,false,346.000,173,135432.38
FFSU,MO,00002146080,MOUNJARO  ,2024,4,false,228.000,114,90887.29
FFSU,MO,00002147180,MOUNJARO  ,2024,4,false,300.000,150,109512.62
FFSU,MO,00002148480,MOUNJARO  ,2024,4,false,254.000,127,100612.43
FFSU,MO,00002149580,MOUNJARO  ,2024,4,false,320.000,160,116194.53
FFSU,MO,00002150680,MOUNJARO  ,2024,4,false,180.000,90,56281.09
FFSU,MO,00002145780,MOUNJARO  ,2024,3,false,224.000,112,77633.91
FFSU,MO,00002146080,MOUNJARO  ,2024,3,false,220.000,110,81124.19
FFSU,MO,00002147180,MOUNJARO  ,2024,3,false,267.000,134,100424.12
FFSU,MO,00002148480,MOUNJARO  ,2024,3,false,286.000,143,126729.90
FFSU,MO,00002149580,MOUNJARO  ,2024,3,false,296.000,148,90190.78
FFSU,MO,00002150680,MOUNJARO  ,2024,3,false,154.000,77,47442.09
FFSU,MO,00002145780,MOUNJARO  ,2024,2,false,134.000,67,53171.36
FFSU,MO,00002146080,MOUNJARO  ,2024,2,false,133.000,67,39783.75
FFSU,MO,00002147180,MOUNJARO  ,2024,2,false,214.000,107,71869.65
FFSU,MO,00002148480,MOUNJARO  ,2024,2,false,198.000,99,78622.91
FFSU,MO,00002149580,MOUNJARO  ,2024,2,false,246.000,123,79794.76
FFSU,MO,00002150680,MOUNJARO  ,2024,2,false,182.000,91,56107.11
FFSU,MO,00002145780,MOUNJARO  ,2024,1,false,170.000,85,57330.19
FFSU,MO,00002146080,MOUNJARO  ,2024,1,false,88.000,44,23773.20
FFSU,MO,00002147180,MOUNJARO  ,2024,1,false,138.000,69,52128.11
FFSU,MO,00002148480,MOUNJARO  ,2024,1,false,188.500,95,66758.06
FFSU,MO,00002149580,MOUNJARO  ,2024,1,false,226.000,113,84620.97
FFSU,MO,00002150680,MOUNJARO  ,2024,1,false,134.000,67,38447.38
MCOU,MS,00002145780,MOUNJARO 1,2024,4,false,134.000,67,69702.75
FFSU,MS,00002145780,MOUNJARO 1,2024,4,true,,,
FFSU,MS,00002146080,MOUNJARO 1,2024,4,true,,,
MCOU,MS,00002146080,MOUNJARO 1,2024,4,false,158.000,79,82349.31
FFSU,MS,00002147180,MOUNJARO 1,2024,4,true,,,
MCOU,MS,00002147180,MOUNJARO 1,2024,4,false,174.000,87,90798.10
FFSU,MS,00002148480,MOUNJARO 7,2024,4,true,,,
MCOU,MS,00002148480,MOUNJARO 7,2024,4,false,168.000,84,87502.29
FFSU,MS,00002149580,MOUNJARO 5,2024,4,true,,,
MCOU,MS,00002149580,MOUNJARO 5,2024,4,false,176.000,88,91780.67
FFSU,MS,00002150680,MOUNJARO 2,2024,4,true,,,
MCOU,MS,00002150680,MOUNJARO 2,2024,4,false,48.000,24,25030.59
MCOU,MS,00002145780,MOUNJARO 1,2024,3,false,116.000,58,61657.77
FFSU,MS,00002145780,MOUNJARO 1,2024,3,true,,,
FFSU,MS,00002146080,MOUNJARO 1,2024,3,true,,,
MCOU,MS,00002146080,MOUNJARO 1,2024,3,false,138.000,69,71916.81
MCOU,MS,00002147180,MOUNJARO 1,2024,3,false,162.000,81,84444.57
FFSU,MS,00002147180,MOUNJARO 1,2024,3,true,,,
FFSU,MS,00002148480,MOUNJARO 7,2024,3,true,,,
MCOU,MS,00002148480,MOUNJARO 7,2024,3,false,158.000,79,82297.27
FFSU,MS,00002149580,MOUNJARO 5,2024,3,true,,,
MCOU,MS,00002149580,MOUNJARO 5,2024,3,false,204.000,102,106404.63
MCOU,MS,00002150680,MOUNJARO 2,2024,3,false,52.000,26,27115.28
FFSU,MS,00002145780,MOUNJARO 1,2024,2,true,,,
MCOU,MS,00002145780,MOUNJARO 1,2024,2,false,68.000,34,35406.48
MCOU,MS,00002146080,MOUNJARO 1,2024,2,false,134.000,67,67724.75
FFSU,MS,00002146080,MOUNJARO 1,2024,2,true,,,
FFSU,MS,00002147180,MOUNJARO 1,2024,2,true,,,
MCOU,MS,00002147180,MOUNJARO 1,2024,2,false,172.000,86,89414.59
FFSU,MS,00002148480,MOUNJARO 7,2024,2,true,,,
MCOU,MS,00002148480,MOUNJARO 7,2024,2,false,80.000,40,40670.28
FFSU,MS,00002149580,MOUNJARO 5,2024,2,true,,,
MCOU,MS,00002149580,MOUNJARO 5,2024,2,false,234.000,117,120913.46
MCOU,MS,00002150680,MOUNJARO 2,2024,2,false,162.000,79,84055.47
MCOU,MS,00002145780,MOUNJARO 1,2024,1,false,56.000,28,29016.66
FFSU,MS,00002145780,MOUNJARO 1,2024,1,true,,,
MCOU,MS,00002146080,MOUNJARO 1,2024,1,false,60.000,30,30501.75
FFSU,MS,00002146080,MOUNJARO 1,2024,1,true,,,
MCOU,MS,00002147101,MOUNJARO  ,2024,1,true,,,
MCOU,MS,00002147180,MOUNJARO 1,2024,1,false,128.000,60,63647.98
FFSU,MS,00002147180,MOUNJARO 1,2024,1,true,,,
MCOU,MS,00002148401,MOUNJARO  ,2024,1,true,,,
FFSU,MS,00002148480,MOUNJARO 7,2024,1,true,,,
MCOU,MS,00002148480,MOUNJARO 7,2024,1,false,144.000,68,70574.51
MCOU,MS,00002149580,MOUNJARO 5,2024,1,false,172.000,86,86525.56
FFSU,MS,00002149580,MOUNJARO 5,2024,1,true,,,
MCOU,MS,00002150680,MOUNJARO 2,2024,1,false,88.000,44,44842.10
FFSU,MT,00002145780,MOUNJARO 1,2024,4,false,126.000,63,65692.37
FFSU,MT,00002146080,MOUNJARO 1,2024,4,false,106.000,53,55340.08
FFSU,MT,00002147180,MOUNJARO 1,2024,4,false,158.000,79,82327.59
FFSU,MT,00002148480,MOUNJARO 7,2024,4,false,273.000,136,142200.82
FFSU,MT,00002149580,MOUNJARO 5,2024,4,false,236.000,118,123300.49
FFSU,MT,00002150680,MOUNJARO 2,2024,4,false,172.000,86,89554.92
FFSU,MT,00002145780,MOUNJARO 1,2024,3,false,124.000,62,64660.10
FFSU,MT,00002146080,MOUNJARO 1,2024,3,false,100.000,50,52044.71
FFSU,MT,00002147180,MOUNJARO 1,2024,3,false,134.000,67,69790.58
FFSU,MT,00002148480,MOUNJARO 7,2024,3,false,287.000,144,149474.83
FFSU,MT,00002149580,MOUNJARO 5,2024,3,false,210.000,105,109314.30
FFSU,MT,00002150680,MOUNJARO 2,2024,3,false,146.000,73,75968.54
FFSU,MT,00002145780,MOUNJARO 1,2024,2,false,60.000,30,31377.52
FFSU,MT,00002146080,MOUNJARO 1,2024,2,false,88.000,44,45414.21
FFSU,MT,00002147180,MOUNJARO 1,2024,2,false,100.000,50,52407.51
FFSU,MT,00002148480,MOUNJARO 7,2024,2,false,146.000,72,76366.40
FFSU,MT,00002149580,MOUNJARO 5,2024,2,false,156.000,77,81615.58
FFSU,MT,00002150680,MOUNJARO 2,2024,2,false,154.000,75,80538.76
FFSU,MT,00002145780,MOUNJARO 1,2024,1,false,70.000,35,36232.81
FFSU,MT,00002146080,MOUNJARO 1,2024,1,false,34.000,17,17409.54
FFSU,MT,00002147180,MOUNJARO 1,2024,1,false,88.000,44,45703.25
FFSU,MT,00002148480,MOUNJARO 7,2024,1,false,126.000,63,65529.33
FFSU,MT,00002149580,MOUNJARO 5,2024,1,false,174.000,88,90523.78
FFSU,MT,00002150680,MOUNJARO 2,2024,1,false,114.000,57,59497.62
FFSU,XX,00002145701,MOUNJARO 1,2024,4,false,30.500,16,15851.41
MCOU,XX,00002145701,MOUNJARO 1,2024,4,false,99.000,51,52600.47
FFSU,XX,00002145780,MOUNJARO 1,2024,4,false,26625.000,12295,13762858.96
MCOU,XX,00002145780,MOUNJARO 1,2024,4,false,38686.500,18288,19668985.61
FFSU,XX,00002146001,MOUNJARO 1,2024,4,true,,,
MCOU,XX,00002146001,MOUNJARO 1,2024,4,false,64.000,25,25821.66
FFSU,XX,00002146080,MOUNJARO 1,2024,4,false,21464.000,10068,11119456.04
MCOU,XX,00002146080,MOUNJARO 1,2024,4,false,32874.000,15723,16752573.79
FFSU,XX,00002147101,MOUNJARO 1,2024,4,true,,,
MCOU,XX,00002147101,MOUNJARO 1,2024,4,false,68.000,34,35930.78
FFSU,XX,00002147180,MOUNJARO 1,2024,4,false,37977.000,17961,19672903.40
MCOU,XX,00002147180,MOUNJARO 1,2024,4,false,53889.000,25988,27373558.45
FFSU,XX,00002148401,MOUNJARO 7,2024,4,true,,,
MCOU,XX,00002148401,MOUNJARO 7,2024,4,false,77.000,39,38852.50
FFSU,XX,00002148480,MOUNJARO 7,2024,4,false,46172.000,21944,23964184.38
MCOU,XX,00002148480,MOUNJARO 7,2024,4,false,63447.500,30475,32151340.95
FFSU,XX,00002149501,MOUNJARO 5,2024,4,false,26.000,13,13598.34
MCOU,XX,00002149501,MOUNJARO 5,2024,4,false,98.500,55,44460.61
FFSU,XX,00002149580,MOUNJARO 5,2024,4,false,60954.000,28951,31628945.15
MCOU,XX,00002149580,MOUNJARO 5,2024,4,false,73587.000,35775,37470223.37
FFSU,XX,00002150601,MOUNJARO 2,2024,4,true,,,
MCOU,XX,00002150601,MOUNJARO 2,2024,4,false,79.000,43,33385.96
FFSU,XX,00002150680,MOUNJARO 2,2024,4,false,41758.000,19841,21671241.35
MCOU,XX,00002150680,MOUNJARO 2,2024,4,false,43146.500,21472,21620509.60
FFSU,XX,00002145701,MOUNJARO 1,2024,3,true,,,
MCOU,XX,00002145701,MOUNJARO 1,2024,3,false,52.000,26,27197.24
FFSU,XX,00002145780,MOUNJARO 1,2024,3,false,21782.000,10025,11203843.37
MCOU,XX,00002145780,MOUNJARO 1,2024,3,false,29688.500,14107,15123880.92
FFSU,XX,00002146001,MOUNJARO 1,2024,3,true,,,
MCOU,XX,00002146001,MOUNJARO 1,2024,3,false,44.000,26,23026.86
FFSU,XX,00002146080,MOUNJARO 1,2024,3,false,17846.500,8357,9212423.70
MCOU,XX,00002146080,MOUNJARO 1,2024,3,false,25632.500,12605,13106063.44
FFSU,XX,00002147101,MOUNJARO 1,2024,3,true,,,
MCOU,XX,00002147101,MOUNJARO 1,2024,3,false,92.000,46,44784.63
FFSU,XX,00002147180,MOUNJARO 1,2024,3,false,36004.500,16970,18556772.18
MCOU,XX,00002147180,MOUNJARO 1,2024,3,false,47344.500,22936,24200846.93
FFSU,XX,00002148401,MOUNJARO 7,2024,3,true,,,
MCOU,XX,00002148401,MOUNJARO 7,2024,3,false,68.000,33,34503.53
FFSU,XX,00002148480,MOUNJARO 7,2024,3,false,44370.000,20992,22930826.22
MCOU,XX,00002148480,MOUNJARO 7,2024,3,false,60310.000,29267,30734324.87
FFSU,XX,00002149501,MOUNJARO 5,2024,3,false,25.500,15,13274.65
MCOU,XX,00002149501,MOUNJARO 5,2024,3,false,132.000,64,62042.97
FFSU,XX,00002149580,MOUNJARO 5,2024,3,false,61297.000,29072,31654341.21
MCOU,XX,00002149580,MOUNJARO 5,2024,3,false,70566.500,34058,35877750.25
FFSU,XX,00002150601,MOUNJARO 2,2024,3,true,,,
MCOU,XX,00002150601,MOUNJARO 2,2024,3,false,83.000,43,40442.76
FFSU,XX,00002150680,MOUNJARO 2,2024,3,false,44147.000,20973,22747005.51
MCOU,XX,00002150680,MOUNJARO 2,2024,3,false,45071.500,22556,22928291.24
FFSU,XX,00002145701,MOUNJARO 1,2024,2,true,,,
MCOU,XX,00002145701,MOUNJARO 1,2024,2,false,32.000,18,16882.75
FFSU,XX,00002145780,MOUNJARO 1,2024,2,false,11431.000,5224,5854997.96
MCOU,XX,00002145780,MOUNJARO 1,2024,2,false,17839.000,8471,9176982.22
FFSU,XX,00002146001,MOUNJARO 1,2024,2,true,,,
MCOU,XX,00002146001,MOUNJARO 1,2024,2,false,40.000,20,20974.69
FFSU,XX,00002146080,MOUNJARO 1,2024,2,false,12989.500,6097,6652889.41
MCOU,XX,00002146080,MOUNJARO 1,2024,2,false,24618.000,11856,12644768.89
FFSU,XX,00002147101,MOUNJARO 1,2024,2,true,,,
MCOU,XX,00002147101,MOUNJARO 1,2024,2,false,56.000,28,29548.97
FFSU,XX,00002147180,MOUNJARO 1,2024,2,false,27012.500,12695,13854374.20
MCOU,XX,00002147180,MOUNJARO 1,2024,2,false,38450.500,18732,19691251.29
FFSU,XX,00002148401,MOUNJARO 7,2024,2,true,,,
MCOU,XX,00002148401,MOUNJARO 7,2024,2,false,38.000,21,19180.33
FFSU,XX,00002148480,MOUNJARO 7,2024,2,false,28781.000,13564,14790974.23
MCOU,XX,00002148480,MOUNJARO 7,2024,2,false,46400.000,22626,23696338.58
FFSU,XX,00002149501,MOUNJARO 5,2024,2,false,24.000,13,12441.55
MCOU,XX,00002149501,MOUNJARO 5,2024,2,false,74.000,37,37886.93
FFSU,XX,00002149580,MOUNJARO 5,2024,2,false,40686.500,19323,20923956.67
MCOU,XX,00002149580,MOUNJARO 5,2024,2,false,56812.000,27853,29157101.00
FFSU,XX,00002150601,MOUNJARO 2,2024,2,true,,,
MCOU,XX,00002150601,MOUNJARO 2,2024,2,false,76.000,38,38100.63
FFSU,XX,00002150680,MOUNJARO 2,2024,2,false,38925.000,18381,20014133.31
MCOU,XX,00002150680,MOUNJARO 2,2024,2,false,50340.500,25041,25819447.97
MCOU,XX,00002145701,MOUNJARO 1,2024,1,false,32.000,16,16955.73
FFSU,XX,00002145780,MOUNJARO 1,2024,1,false,12415.999,5660,6304329.30
MCOU,XX,00002145780,MOUNJARO 1,2024,1,false,15476.000,7878,7875577.48
FFSU,XX,00002146001,MOUNJARO 1,2024,1,true,,,
MCOU,XX,00002146001,MOUNJARO 1,2024,1,true,,,
FFSU,XX,00002146080,MOUNJARO 1,2024,1,false,8605.000,4035,4376877.64
MCOU,XX,00002146080,MOUNJARO 1,2024,1,false,12702.500,6743,6458522.05
FFSU,XX,00002147101,MOUNJARO 1,2024,1,true,,,
MCOU,XX,00002147101,MOUNJARO 1,2024,1,false,66.000,39,35095.66
FFSU,XX,00002147180,MOUNJARO 1,2024,1,false,20601.500,9572,10486204.22
MCOU,XX,00002147180,MOUNJARO 1,2024,1,false,29351.000,15011,14914181.39
FFSU,XX,00002148401,MOUNJARO 7,2024,1,true,,,
MCOU,XX,00002148401,MOUNJARO 7,2024,1,false,22.000,15,9956.69
FFSU,XX,00002148480,MOUNJARO 7,2024,1,false,30664.500,14314,15591844.09
MCOU,XX,00002148480,MOUNJARO 7,2024,1,false,43580.500,21860,22164352.08
FFSU,XX,00002149501,MOUNJARO 5,2024,1,true,,,
MCOU,XX,00002149501,MOUNJARO 5,2024,1,false,65.000,34,31566.37
FFSU,XX,00002149580,MOUNJARO 5,2024,1,false,47439.500,22173,24139980.77
MCOU,XX,00002149580,MOUNJARO 5,2024,1,false,67872.000,33002,34333691.39
MCOU,XX,00002150601,MOUNJARO 2,2024,1,false,52.000,24,25074.30
FFSU,XX,00002150680,MOUNJARO 2,2024,1,false,31500.000,14855,16005208.50
MCOU,XX,00002150680,MOUNJARO 2,2024,1,false,41067.500,20926,20750145.56
MCOU,NC,00002145701,MOUNJARO  ,2024,4,true,,,
MCOU,NC,00002145780,MOUNJARO  ,2024,4,false,2788.000,1201,1445638.96
FFSU,NC,00002145780,MOUNJARO  ,2024,4,false,71.500,38,37170.58
FFSU,NC,00002146080,MOUNJARO  ,2024,4,false,60.000,26,31124.21
MCOU,NC,00002146080,MOUNJARO  ,2024,4,false,2258.000,993,1169158.59
MCOU,NC,00002147101,MOUNJARO  ,2024,4,true,,,
MCOU,NC,00002147180,MOUNJARO  ,2024,4,false,3349.000,1540,1734355.43
FFSU,NC,00002147180,MOUNJARO  ,2024,4,false,70.000,31,36347.87
FFSU,NC,00002148480,MOUNJARO  ,2024,4,false,112.000,54,58237.62
MCOU,NC,00002148480,MOUNJARO  ,2024,4,false,3664.000,1669,1900573.92
MCOU,NC,00002149501,MOUNJARO  ,2024,4,true,,,
MCOU,NC,00002149580,MOUNJARO  ,2024,4,false,4558.000,2108,2362754.25
FFSU,NC,00002149580,MOUNJARO  ,2024,4,false,96.000,45,49881.96
MCOU,NC,00002150601,MOUNJARO  ,2024,4,true,,,
MCOU,NC,00002150680,MOUNJARO  ,2024,4,false,2618.000,1289,1358577.06
FFSU,NC,00002150680,MOUNJARO  ,2024,4,false,85.500,43,44452.49
MCOU,NC,00002145701,MOUNJARO  ,2024,3,true,,,
FFSU,NC,00002145780,MOUNJARO  ,2024,3,false,73.500,32,38125.59
MCOU,NC,00002145780,MOUNJARO  ,2024,3,false,1979.000,853,1024916.19
MCOU,NC,00002146001,MOUNJARO  ,2024,3,true,,,
FFSU,NC,00002146080,MOUNJARO  ,2024,3,false,78.000,36,40475.57
MCOU,NC,00002146080,MOUNJARO  ,2024,3,false,1588.000,694,824664.97
MCOU,NC,00002147101,MOUNJARO  ,2024,3,true,,,
FFSU,NC,00002147180,MOUNJARO  ,2024,3,false,111.000,55,57642.10
MCOU,NC,00002147180,MOUNJARO  ,2024,3,false,2850.000,1308,1475783.04
MCOU,NC,00002148401,MOUNJARO  ,2024,3,true,,,
MCOU,NC,00002148480,MOUNJARO  ,2024,3,false,3102.000,1417,1606400.68
FFSU,NC,00002148480,MOUNJARO  ,2024,3,false,144.000,66,74779.85
MCOU,NC,00002149501,MOUNJARO  ,2024,3,true,,,
MCOU,NC,00002149580,MOUNJARO  ,2024,3,false,4037.000,1859,2091774.19
FFSU,NC,00002149580,MOUNJARO  ,2024,3,false,146.000,66,75858.59
MCOU,NC,00002150601,MOUNJARO  ,2024,3,true,,,
FFSU,NC,00002150680,MOUNJARO  ,2024,3,false,108.000,58,56174.06
MCOU,NC,00002150680,MOUNJARO  ,2024,3,false,2311.500,1147,1198254.37
FFSU,NC,00002145780,MOUNJARO  ,2024,2,false,108.000,50,55947.26
MCOU,NC,00002145780,MOUNJARO  ,2024,2,false,960.000,425,497142.02
MCOU,NC,00002146001,MOUNJARO  ,2024,2,true,,,
MCOU,NC,00002146080,MOUNJARO  ,2024,2,false,1380.500,640,715374.24
FFSU,NC,00002146080,MOUNJARO  ,2024,2,false,108.000,48,55906.99
MCOU,NC,00002147101,MOUNJARO  ,2024,2,true,,,
FFSU,NC,00002147180,MOUNJARO  ,2024,2,false,270.500,133,140057.81
MCOU,NC,00002147180,MOUNJARO  ,2024,2,false,1990.000,915,1029531.91
MCOU,NC,00002148480,MOUNJARO  ,2024,2,false,2116.000,971,1096361.22
FFSU,NC,00002148480,MOUNJARO  ,2024,2,false,348.000,161,180480.77
FFSU,NC,00002149580,MOUNJARO  ,2024,2,false,334.000,155,172806.68
MCOU,NC,00002149580,MOUNJARO  ,2024,2,false,2724.000,1260,1410188.06
MCOU,NC,00002150601,MOUNJARO  ,2024,2,true,,,
FFSU,NC,00002150680,MOUNJARO  ,2024,2,false,366.000,177,189713.39
MCOU,NC,00002150680,MOUNJARO  ,2024,2,false,2342.000,1169,1215002.46
MCOU,NC,00002145780,MOUNJARO  ,2024,1,false,732.000,313,377493.25
FFSU,NC,00002145780,MOUNJARO  ,2024,1,false,104.000,45,53569.83
MCOU,NC,00002146001,MOUNJARO  ,2024,1,true,,,
FFSU,NC,00002146080,MOUNJARO  ,2024,1,false,106.000,47,54565.32
MCOU,NC,00002146080,MOUNJARO  ,2024,1,false,726.000,324,374819.65
FFSU,NC,00002147180,MOUNJARO  ,2024,1,false,220.000,103,112578.32
MCOU,NC,00002147180,MOUNJARO  ,2024,1,false,1190.000,534,613460.42
MCOU,NC,00002148480,MOUNJARO  ,2024,1,false,1814.000,826,936245.96
FFSU,NC,00002148480,MOUNJARO  ,2024,1,false,320.000,141,164291.99
FFSU,NC,00002149580,MOUNJARO  ,2024,1,false,506.000,239,260161.97
MCOU,NC,00002149580,MOUNJARO  ,2024,1,false,2891.000,1334,1487687.05
MCOU,NC,00002150601,MOUNJARO  ,2024,1,true,,,
MCOU,NC,00002150680,MOUNJARO  ,2024,1,false,1814.000,906,936502.16
FFSU,NC,00002150680,MOUNJARO  ,2024,1,false,346.500,173,178341.22
FFSU,ND,00002145780,MOUNJARO 1,2024,4,true,,,
FFSU,ND,00002146080,MOUNJARO 1,2024,4,true,,,
FFSU,ND,00002147180,MOUNJARO 1,2024,4,true,,,
FFSU,ND,00002148480,MOUNJARO 7,2024,4,true,,,
FFSU,ND,00002150680,MOUNJARO 2,2024,4,true,,,
FFSU,ND,00002145780,MOUNJARO 1,2024,3,true,,,
FFSU,ND,00002147180,MOUNJARO 1,2024,3,true,,,
FFSU,ND,00002149580,MOUNJARO 5,2024,3,true,,,
FFSU,ND,00002150680,MOUNJARO 2,2024,3,true,,,
FFSU,ND,00002145780,MOUNJARO 1,2024,2,true,,,
FFSU,ND,00002146080,MOUNJARO 1,2024,2,true,,,
FFSU,ND,00002147180,MOUNJARO 1,2024,2,true,,,
FFSU,ND,00002148480,MOUNJARO 7,2024,2,true,,,
FFSU,ND,00002149580,MOUNJARO 5,2024,2,true,,,
FFSU,ND,00002145780,MOUNJARO 1,2024,1,true,,,
FFSU,ND,00002147180,MOUNJARO 1,2024,1,true,,,
FFSU,ND,00002148480,MOUNJARO 7,2024,1,true,,,
FFSU,ND,00002149580,MOUNJARO 5,2024,1,true,,,
FFSU,ND,00002150680,MOUNJARO 2,2024,1,true,,,
MCOU,NE,00002145780,MOUNJARO 1,2024,4,false,360.000,180,167647.19
MCOU,NE,00002146080,MOUNJARO 1,2024,4,false,164.000,82,79518.57
MCOU,NE,00002147180,MOUNJARO 1,2024,4,false,288.000,142,132192.26
MCOU,NE,00002148480,MOUNJARO 7,2024,4,false,408.000,204,186373.40
MCOU,NE,00002149580,MOUNJARO 5,2024,4,false,444.000,222,213100.72
MCOU,NE,00002150680,MOUNJARO 2,2024,4,false,308.000,154,147555.51
MCOU,NE,00002145701,MOUNJARO 1,2024,3,true,,,
MCOU,NE,00002145780,MOUNJARO 1,2024,3,false,282.000,141,140606.50
MCOU,NE,00002146080,MOUNJARO 1,2024,3,false,152.000,76,76024.16
MCOU,NE,00002147180,MOUNJARO 1,2024,3,false,246.000,123,120133.12
MCOU,NE,00002148480,MOUNJARO 7,2024,3,false,385.000,192,184800.55
MCOU,NE,00002149580,MOUNJARO 5,2024,3,false,412.000,206,203145.00
MCOU,NE,00002150680,MOUNJARO 2,2024,3,false,260.000,130,127888.83
MCOU,NE,00002145780,MOUNJARO 1,2024,2,false,180.000,90,87074.21
MCOU,NE,00002146080,MOUNJARO 1,2024,2,false,180.000,90,88721.99
MCOU,NE,00002147180,MOUNJARO 1,2024,2,false,193.000,98,94336.52
MCOU,NE,00002148480,MOUNJARO 7,2024,2,false,291.000,144,138369.99
MCOU,NE,00002149580,MOUNJARO 5,2024,2,false,291.000,145,142776.43
MCOU,NE,00002150680,MOUNJARO 2,2024,2,false,288.500,144,140840.40
MCOU,NE,00002145780,MOUNJARO 1,2024,1,false,128.000,64,62077.25
MCOU,NE,00002146080,MOUNJARO 1,2024,1,false,106.000,53,47214.45
MCOU,NE,00002147180,MOUNJARO 1,2024,1,false,208.000,104,104194.01
MCOU,NE,00002148480,MOUNJARO 7,2024,1,false,275.000,139,137416.17
MCOU,NE,00002149580,MOUNJARO 5,2024,1,false,430.000,214,212134.48
MCOU,NE,00002150680,MOUNJARO 2,2024,1,false,306.000,153,154529.93
MCOU,NH,00002145780,MOUNJARO  ,2024,4,false,100.000,46,45413.27
MCOU,NH,00002146080,MOUNJARO  ,2024,4,false,122.000,58,58677.30
MCOU,NH,00002147180,MOUNJARO  ,2024,4,false,178.000,83,86524.12
MCOU,NH,00002148480,MOUNJARO  ,2024,4,false,174.000,79,80685.47
MCOU,NH,00002149580,MOUNJARO  ,2024,4,false,184.000,88,85628.09
MCOU,NH,00002150680,MOUNJARO  ,2024,4,false,154.000,77,67569.85
MCOU,NH,00002145780,MOUNJARO  ,2024,3,false,84.000,39,33403.10
MCOU,NH,00002146080,MOUNJARO  ,2024,3,false,90.000,43,43083.62
MCOU,NH,00002147180,MOUNJARO  ,2024,3,false,126.000,60,63215.24
MCOU,NH,00002148480,MOUNJARO  ,2024,3,false,144.000,68,68163.30
MCOU,NH,00002149580,MOUNJARO  ,2024,3,false,132.000,62,55649.67
FFSU,NH,00002149580,MOUNJARO  ,2024,3,true,,,
MCOU,NH,00002150680,MOUNJARO  ,2024,3,false,158.000,79,64642.65
MCOU,NH,00002145780,MOUNJARO  ,2024,2,false,62.000,31,28182.53
MCOU,NH,00002146080,MOUNJARO  ,2024,2,false,60.000,30,26847.47
MCOU,NH,00002147180,MOUNJARO  ,2024,2,false,122.000,61,54507.09
FFSU,NH,00002147180,MOUNJARO  ,2024,2,true,,,
FFSU,NH,00002148480,MOUNJARO  ,2024,2,true,,,
MCOU,NH,00002148480,MOUNJARO  ,2024,2,false,92.000,46,43228.52
MCOU,NH,00002149580,MOUNJARO  ,2024,2,false,94.000,45,41843.79
MCOU,NH,00002150680,MOUNJARO  ,2024,2,false,163.000,82,68685.02
MCOU,NH,00002145780,MOUNJARO  ,2024,1,false,44.000,18,22360.23
MCOU,NH,00002146080,MOUNJARO  ,2024,1,true,,,
MCOU,NH,00002147180,MOUNJARO  ,2024,1,false,80.000,38,31072.50
MCOU,NH,00002148480,MOUNJARO  ,2024,1,false,70.000,35,30718.85
MCOU,NH,00002149580,MOUNJARO  ,2024,1,false,117.500,56,51135.97
FFSU,NH,00002149580,MOUNJARO  ,2024,1,true,,,
FFSU,NH,00002150680,MOUNJARO  ,2024,1,true,,,
MCOU,NH,00002150680,MOUNJARO  ,2024,1,false,90.000,45,37520.45
MCOU,NJ,00002145701,MOUNJARO 1,2024,4,true,,,
MCOU,NJ,00002145780,MOUNJARO 1,2024,4,false,1606.000,732,826302.91
FFSU,NJ,00002145780,MOUNJARO 1,2024,4,true,,,
MCOU,NJ,00002146001,MOUNJARO 1,2024,4,true,,,
FFSU,NJ,00002146080,MOUNJARO 1,2024,4,true,,,
MCOU,NJ,00002146080,MOUNJARO 1,2024,4,false,1234.000,552,644807.85
MCOU,NJ,00002147101,MOUNJARO 1,2024,4,true,,,
MCOU,NJ,00002147180,MOUNJARO 1,2024,4,false,2164.000,1001,1127492.98
FFSU,NJ,00002147180,MOUNJARO 1,2024,4,true,,,
FFSU,NJ,00002148480,MOUNJARO 7,2024,4,true,,,
MCOU,NJ,00002148480,MOUNJARO 7,2024,4,false,2608.000,1191,1368525.32
MCOU,NJ,00002149501,MOUNJARO 5,2024,4,true,,,
MCOU,NJ,00002149580,MOUNJARO 5,2024,4,false,3574.000,1634,1882918.80
FFSU,NJ,00002149580,MOUNJARO 5,2024,4,true,,,
MCOU,NJ,00002150601,MOUNJARO 2,2024,4,true,,,
FFSU,NJ,00002150680,MOUNJARO 2,2024,4,true,,,
MCOU,NJ,00002150680,MOUNJARO 2,2024,4,false,2156.000,1008,1134319.96
MCOU,NJ,00002145780,MOUNJARO 1,2024,3,false,1070.000,480,541855.92
FFSU,NJ,00002145780,MOUNJARO 1,2024,3,true,,,
MCOU,NJ,00002146080,MOUNJARO 1,2024,3,false,880.000,407,460291.27
MCOU,NJ,00002147101,MOUNJARO 1,2024,3,true,,,
MCOU,NJ,00002147180,MOUNJARO 1,2024,3,false,1940.000,900,1007945.36
FFSU,NJ,00002147180,MOUNJARO 1,2024,3,true,,,
MCOU,NJ,00002148401,MOUNJARO 7,2024,3,true,,,
MCOU,NJ,00002148480,MOUNJARO 7,2024,3,false,2313.000,1065,1202793.96
FFSU,NJ,00002148480,MOUNJARO 7,2024,3,true,,,
MCOU,NJ,00002149501,MOUNJARO 5,2024,3,true,,,
FFSU,NJ,00002149580,MOUNJARO 5,2024,3,true,,,
MCOU,NJ,00002149580,MOUNJARO 5,2024,3,false,3238.000,1466,1678392.99
MCOU,NJ,00002150601,MOUNJARO 2,2024,3,true,,,
FFSU,NJ,00002150680,MOUNJARO 2,2024,3,true,,,
MCOU,NJ,00002150680,MOUNJARO 2,2024,3,false,2349.000,1104,1226462.49
MCOU,NJ,00002145780,MOUNJARO 1,2024,2,false,584.000,275,303710.39
MCOU,NJ,00002146080,MOUNJARO 1,2024,2,false,784.000,366,400331.34
FFSU,NJ,00002146080,MOUNJARO 1,2024,2,true,,,
MCOU,NJ,00002147101,MOUNJARO 1,2024,2,true,,,
FFSU,NJ,00002147180,MOUNJARO 1,2024,2,true,,,
MCOU,NJ,00002147180,MOUNJARO 1,2024,2,false,1500.500,711,767893.29
MCOU,NJ,00002148401,MOUNJARO 7,2024,2,true,,,
FFSU,NJ,00002148480,MOUNJARO 7,2024,2,true,,,
MCOU,NJ,00002148480,MOUNJARO 7,2024,2,false,1877.000,880,969166.26
MCOU,NJ,00002149501,MOUNJARO 5,2024,2,true,,,
FFSU,NJ,00002149580,MOUNJARO 5,2024,2,true,,,
MCOU,NJ,00002149580,MOUNJARO 5,2024,2,false,2664.500,1226,1380416.24
MCOU,NJ,00002150601,MOUNJARO 2,2024,2,true,,,
FFSU,NJ,00002150680,MOUNJARO 2,2024,2,true,,,
MCOU,NJ,00002150680,MOUNJARO 2,2024,2,false,2485.500,1182,1283508.77
MCOU,NJ,00002145780,MOUNJARO 1,2024,1,false,474.000,226,244563.24
MCOU,NJ,00002146080,MOUNJARO 1,2024,1,false,394.000,179,196951.02
FFSU,NJ,00002147180,MOUNJARO 1,2024,1,true,,,
MCOU,NJ,00002147180,MOUNJARO 1,2024,1,false,743.000,348,376225.59
MCOU,NJ,00002148480,MOUNJARO 7,2024,1,false,1200.000,564,609147.00
FFSU,NJ,00002148480,MOUNJARO 7,2024,1,true,,,
MCOU,NJ,00002149501,MOUNJARO 5,2024,1,true,,,
FFSU,NJ,00002149580,MOUNJARO 5,2024,1,true,,,
MCOU,NJ,00002149580,MOUNJARO 5,2024,1,false,2812.000,1283,1448834.57
MCOU,NJ,00002150601,MOUNJARO 2,2024,1,true,,,
MCOU,NJ,00002150680,MOUNJARO 2,2024,1,false,2096.000,994,1090463.51
FFSU,NJ,00002150680,MOUNJARO 2,2024,1,true,,,
MCOU,NM,00002145780,MOUNJARO 1,2024,4,false,306.000,143,150955.60
FFSU,NM,00002145780,MOUNJARO 1,2024,4,false,68.000,27,33712.65
FFSU,NM,00002146080,MOUNJARO 1,2024,4,false,42.000,21,20580.48
MCOU,NM,00002146080,MOUNJARO 1,2024,4,false,297.000,138,149947.09
FFSU,NM,00002147180,MOUNJARO 1,2024,4,false,100.000,47,47217.28
MCOU,NM,00002147180,MOUNJARO 1,2024,4,false,972.000,457,484582.92
MCOU,NM,00002148401,MOUNJARO 7,2024,4,true,,,
FFSU,NM,00002148480,MOUNJARO 7,2024,4,false,118.000,56,57187.53
MCOU,NM,00002148480,MOUNJARO 7,2024,4,false,1160.000,541,574558.20
MCOU,NM,00002149501,MOUNJARO 5,2024,4,true,,,
FFSU,NM,00002149580,MOUNJARO 5,2024,4,false,230.000,102,113188.58
MCOU,NM,00002149580,MOUNJARO 5,2024,4,false,1658.000,759,832633.15
MCOU,NM,00002150601,MOUNJARO 2,2024,4,true,,,
FFSU,NM,00002150680,MOUNJARO 2,2024,4,false,180.000,90,91193.17
MCOU,NM,00002150680,MOUNJARO 2,2024,4,false,1568.000,740,793185.67
FFSU,NM,00002145780,MOUNJARO 1,2024,3,false,68.000,28,33073.00
MCOU,NM,00002145780,MOUNJARO 1,2024,3,false,190.000,88,88077.03
MCOU,NM,00002146080,MOUNJARO 1,2024,3,false,223.000,106,112474.91
FFSU,NM,00002146080,MOUNJARO 1,2024,3,false,44.000,18,21255.25
FFSU,NM,00002147180,MOUNJARO 1,2024,3,false,58.000,27,28251.08
MCOU,NM,00002147180,MOUNJARO 1,2024,3,false,524.000,250,259438.45
MCOU,NM,00002148401,MOUNJARO 7,2024,3,true,,,
MCOU,NM,00002148480,MOUNJARO 7,2024,3,false,1088.000,531,536508.86
FFSU,NM,00002148480,MOUNJARO 7,2024,3,false,76.000,37,35322.93
FFSU,NM,00002149580,MOUNJARO 5,2024,3,false,166.000,72,81095.10
MCOU,NM,00002149580,MOUNJARO 5,2024,3,false,1556.000,737,780834.71
MCOU,NM,00002150601,MOUNJARO 2,2024,3,true,,,
FFSU,NM,00002150680,MOUNJARO 2,2024,3,false,173.000,86,88183.51
MCOU,NM,00002150680,MOUNJARO 2,2024,3,false,1562.000,742,796099.44
FFSU,NM,00002145780,MOUNJARO 1,2024,2,false,72.000,34,35187.15
MCOU,NM,00002145780,MOUNJARO 1,2024,2,false,88.000,40,34408.21
MCOU,NM,00002146080,MOUNJARO 1,2024,2,false,126.000,58,55662.63
FFSU,NM,00002146080,MOUNJARO 1,2024,2,false,34.000,15,16376.38
MCOU,NM,00002147180,MOUNJARO 1,2024,2,false,214.000,98,101148.58
FFSU,NM,00002147180,MOUNJARO 1,2024,2,false,44.000,20,20926.15
MCOU,NM,00002148401,MOUNJARO 7,2024,2,true,,,
MCOU,NM,00002148480,MOUNJARO 7,2024,2,false,420.000,197,196535.72
FFSU,NM,00002148480,MOUNJARO 7,2024,2,false,52.000,26,25149.92
MCOU,NM,00002149501,MOUNJARO 5,2024,2,true,,,
FFSU,NM,00002149580,MOUNJARO 5,2024,2,false,101.000,47,49133.19
MCOU,NM,00002149580,MOUNJARO 5,2024,2,false,860.000,398,431289.10
MCOU,NM,00002150601,MOUNJARO 2,2024,2,true,,,
MCOU,NM,00002150680,MOUNJARO 2,2024,2,false,1258.000,582,626572.82
FFSU,NM,00002150680,MOUNJARO 2,2024,2,false,92.000,46,47230.82
FFSU,NM,00002145780,MOUNJARO 1,2024,1,false,34.000,15,17660.60
MCOU,NM,00002145780,MOUNJARO 1,2024,1,false,34.000,17,17514.65
MCOU,NM,00002146080,MOUNJARO 1,2024,1,false,26.000,12,12807.96
FFSU,NM,00002146080,MOUNJARO 1,2024,1,true,,,
FFSU,NM,00002147180,MOUNJARO 1,2024,1,false,36.000,18,17696.20
MCOU,NM,00002147180,MOUNJARO 1,2024,1,false,88.000,38,40429.15
FFSU,NM,00002148480,MOUNJARO 7,2024,1,false,36.000,16,18678.17
MCOU,NM,00002148480,MOUNJARO 7,2024,1,false,94.000,45,42644.58
MCOU,NM,00002149580,MOUNJARO 5,2024,1,false,308.000,149,156332.22
FFSU,NM,00002149580,MOUNJARO 5,2024,1,false,96.000,48,47865.50
MCOU,NM,00002150601,MOUNJARO 2,2024,1,true,,,
MCOU,NM,00002150680,MOUNJARO 2,2024,1,false,321.000,159,160840.23
FFSU,NM,00002150680,MOUNJARO 2,2024,1,false,84.000,42,43533.99
FFSU,NV,00002145780,MOUNJARO  ,2024,4,false,268.000,54,134334.53
MCOU,NV,00002145780,MOUNJARO  ,2024,4,false,236.000,110,121374.34
FFSU,NV,00002146080,MOUNJARO  ,2024,4,false,212.000,51,109705.72
MCOU,NV,00002146080,MOUNJARO  ,2024,4,false,350.000,161,168686.43
MCOU,NV,00002147180,MOUNJARO  ,2024,4,false,872.000,402,427301.39
FFSU,NV,00002147180,MOUNJARO  ,2024,4,false,371.000,94,189711.48
FFSU,NV,00002148480,MOUNJARO  ,2024,4,false,463.500,139,236066.15
MCOU,NV,00002148480,MOUNJARO  ,2024,4,false,1172.000,531,585710.05
MCOU,NV,00002149501,MOUNJARO  ,2024,4,true,,,
MCOU,NV,00002149580,MOUNJARO  ,2024,4,false,1634.000,745,802403.28
FFSU,NV,00002149580,MOUNJARO  ,2024,4,false,820.000,208,414679.23
MCOU,NV,00002150601,MOUNJARO  ,2024,4,true,,,
MCOU,NV,00002150680,MOUNJARO  ,2024,4,false,937.000,445,470199.68
FFSU,NV,00002150680,MOUNJARO  ,2024,4,false,478.000,151,243617.36
FFSU,NV,00002145780,MOUNJARO  ,2024,3,false,166.000,37,82148.72
MCOU,NV,00002145780,MOUNJARO  ,2024,3,false,116.000,53,55357.51
MCOU,NV,00002146080,MOUNJARO  ,2024,3,false,250.000,127,134588.66
FFSU,NV,00002146080,MOUNJARO  ,2024,3,false,136.000,32,70377.93
FFSU,NV,00002147180,MOUNJARO  ,2024,3,false,350.000,95,174771.71
MCOU,NV,00002147180,MOUNJARO  ,2024,3,false,644.000,344,359860.37
MCOU,NV,00002148480,MOUNJARO  ,2024,3,false,903.000,444,484136.67
FFSU,NV,00002148480,MOUNJARO  ,2024,3,false,344.000,90,174313.07
FFSU,NV,00002149580,MOUNJARO  ,2024,3,false,588.000,173,294280.52
MCOU,NV,00002149580,MOUNJARO  ,2024,3,false,1606.000,810,888461.36
MCOU,NV,00002150601,MOUNJARO  ,2024,3,true,,,
FFSU,NV,00002150680,MOUNJARO  ,2024,3,false,460.000,147,229890.42
MCOU,NV,00002150680,MOUNJARO  ,2024,3,false,1004.000,516,563645.92
FFSU,NV,00002145780,MOUNJARO  ,2024,2,false,116.000,27,55948.14
MCOU,NV,00002145780,MOUNJARO  ,2024,2,false,128.000,59,62284.26
MCOU,NV,00002146080,MOUNJARO  ,2024,2,false,74.000,33,32921.49
FFSU,NV,00002146080,MOUNJARO  ,2024,2,false,152.000,40,76870.36
FFSU,NV,00002147180,MOUNJARO  ,2024,2,false,343.000,92,173646.26
MCOU,NV,00002147180,MOUNJARO  ,2024,2,false,472.000,212,223814.57
MCOU,NV,00002148401,MOUNJARO  ,2024,2,true,,,
FFSU,NV,00002148480,MOUNJARO  ,2024,2,false,332.000,97,166558.92
MCOU,NV,00002148480,MOUNJARO  ,2024,2,false,678.000,307,325256.12
MCOU,NV,00002149580,MOUNJARO  ,2024,2,false,1180.000,536,581828.90
FFSU,NV,00002149580,MOUNJARO  ,2024,2,false,492.000,138,247517.54
MCOU,NV,00002150601,MOUNJARO  ,2024,2,true,,,
FFSU,NV,00002150680,MOUNJARO  ,2024,2,false,420.000,127,208334.20
MCOU,NV,00002150680,MOUNJARO  ,2024,2,false,1114.000,498,545487.28
MCOU,NV,00002145780,MOUNJARO  ,2024,1,false,56.000,14,20544.25
FFSU,NV,00002145780,MOUNJARO  ,2024,1,false,90.000,22,43081.16
MCOU,NV,00002146080,MOUNJARO  ,2024,1,true,,,
FFSU,NV,00002146080,MOUNJARO  ,2024,1,false,62.000,15,30817.07
FFSU,NV,00002147180,MOUNJARO  ,2024,1,false,240.000,64,118812.48
MCOU,NV,00002147180,MOUNJARO  ,2024,1,false,260.000,108,119180.16
MCOU,NV,00002148480,MOUNJARO  ,2024,1,false,472.000,195,224862.86
FFSU,NV,00002148480,MOUNJARO  ,2024,1,false,378.000,110,188930.82
MCOU,NV,00002149580,MOUNJARO  ,2024,1,false,1092.000,466,512522.42
FFSU,NV,00002149580,MOUNJARO  ,2024,1,false,490.000,139,242468.57
MCOU,NV,00002150601,MOUNJARO  ,2024,1,true,,,
FFSU,NV,00002150680,MOUNJARO  ,2024,1,false,398.000,135,199211.57
MCOU,NV,00002150680,MOUNJARO  ,2024,1,false,818.000,361,395591.94
MCOU,NY,00002145780,MOUNJARO  ,2024,4,true,,,
FFSU,NY,00002145780,MOUNJARO  ,2024,4,false,6504.000,3236,3379903.54
FFSU,NY,00002146080,MOUNJARO  ,2024,4,false,5710.000,2849,2969446.01
MCOU,NY,00002146080,MOUNJARO  ,2024,4,true,,,
FFSU,NY,00002147180,MOUNJARO  ,2024,4,false,11140.000,5566,5796638.83
MCOU,NY,00002147180,MOUNJARO  ,2024,4,false,62.000,27,151746.39
MCOU,NY,00002148480,MOUNJARO  ,2024,4,false,74.000,29,232866.14
FFSU,NY,00002148480,MOUNJARO  ,2024,4,false,14218.000,7097,7398290.61
FFSU,NY,00002149580,MOUNJARO  ,2024,4,false,20022.000,10003,10418853.09
MCOU,NY,00002149580,MOUNJARO  ,2024,4,false,100.000,46,189729.13
MCOU,NY,00002150680,MOUNJARO  ,2024,4,false,54.000,27,101125.26
FFSU,NY,00002150680,MOUNJARO  ,2024,4,false,14789.000,6756,7688127.53
MCOU,NY,00002145780,MOUNJARO  ,2024,3,true,,,
FFSU,NY,00002145780,MOUNJARO  ,2024,3,false,5254.000,2620,2729063.53
FFSU,NY,00002146080,MOUNJARO  ,2024,3,false,4448.000,2222,2312660.66
FFSU,NY,00002147180,MOUNJARO  ,2024,3,false,9988.000,4985,5194782.55
MCOU,NY,00002147180,MOUNJARO  ,2024,3,false,49.000,23,89924.82
MCOU,NY,00002148480,MOUNJARO  ,2024,3,false,40.000,20,57640.47
FFSU,NY,00002148480,MOUNJARO  ,2024,3,false,12906.500,6451,6716734.25
MCOU,NY,00002149580,MOUNJARO  ,2024,3,false,82.000,37,60396.79
FFSU,NY,00002149580,MOUNJARO  ,2024,3,false,18916.000,9450,9840423.09
FFSU,NY,00002150680,MOUNJARO  ,2024,3,false,14072.000,6422,7310812.87
MCOU,NY,00002150680,MOUNJARO  ,2024,3,false,36.000,17,74561.69
FFSU,NY,00002145780,MOUNJARO  ,2024,2,false,2800.000,1394,1453464.90
FFSU,NY,00002146080,MOUNJARO  ,2024,2,false,3392.000,1694,1762126.02
MCOU,NY,00002146080,MOUNJARO  ,2024,2,true,,,
MCOU,NY,00002147101,MOUNJARO  ,2024,2,true,,,
MCOU,NY,00002147180,MOUNJARO  ,2024,2,false,30.000,11,59564.90
FFSU,NY,00002147180,MOUNJARO  ,2024,2,false,7692.500,3836,3992785.81
FFSU,NY,00002148480,MOUNJARO  ,2024,2,false,8892.000,4438,4621429.46
MCOU,NY,00002148480,MOUNJARO  ,2024,2,true,,,
MCOU,NY,00002149580,MOUNJARO  ,2024,2,false,68.000,34,81058.38
FFSU,NY,00002149580,MOUNJARO  ,2024,2,false,13232.500,6617,6873431.90
MCOU,NY,00002150680,MOUNJARO  ,2024,2,false,60.000,27,69030.46
FFSU,NY,00002150680,MOUNJARO  ,2024,2,false,12323.000,5577,6398074.19
FFSU,NY,00002145780,MOUNJARO  ,2024,1,false,2571.999,1280,1323400.55
FFSU,NY,00002146080,MOUNJARO  ,2024,1,false,2226.000,1109,1146612.23
MCOU,NY,00002146080,MOUNJARO  ,2024,1,true,,,
MCOU,NY,00002147101,MOUNJARO  ,2024,1,true,,,
MCOU,NY,00002147180,MOUNJARO  ,2024,1,true,,,
FFSU,NY,00002147180,MOUNJARO  ,2024,1,false,5344.000,2669,2749195.10
MCOU,NY,00002148401,MOUNJARO  ,2024,1,true,,,
MCOU,NY,00002148480,MOUNJARO  ,2024,1,false,44.000,13,57562.02
FFSU,NY,00002148480,MOUNJARO  ,2024,1,false,8517.000,4249,4382393.71
MCOU,NY,00002149580,MOUNJARO  ,2024,1,false,58.000,25,81935.25
FFSU,NY,00002149580,MOUNJARO  ,2024,1,false,14358.500,7168,7392257.70
MCOU,NY,00002150680,MOUNJARO  ,2024,1,false,66.000,27,79233.40
FFSU,NY,00002150680,MOUNJARO  ,2024,1,false,9875.500,4459,5083534.54
MCOU,OH,00002145780,MOUNJARO 1,2024,4,false,1866.000,931,959978.69
FFSU,OH,00002145780,MOUNJARO 1,2024,4,false,56.000,28,29069.62
FFSU,OH,00002146080,MOUNJARO 1,2024,4,false,38.000,19,19701.14
MCOU,OH,00002146080,MOUNJARO 1,2024,4,false,1344.000,672,687062.55
FFSU,OH,00002147180,MOUNJARO 1,2024,4,false,106.000,53,54956.31
MCOU,OH,00002147180,MOUNJARO 1,2024,4,false,2336.000,1168,1200530.61
MCOU,OH,00002148480,MOUNJARO 7,2024,4,false,2587.000,1299,1331443.35
FFSU,OH,00002148480,MOUNJARO 7,2024,4,false,84.000,40,43433.06
MCOU,OH,00002149501,MOUNJARO 5,2024,4,true,,,
FFSU,OH,00002149580,MOUNJARO 5,2024,4,false,108.000,54,56052.79
MCOU,OH,00002149580,MOUNJARO 5,2024,4,false,2812.500,1405,1447643.69
MCOU,OH,00002150601,MOUNJARO 2,2024,4,true,,,
MCOU,OH,00002150680,MOUNJARO 2,2024,4,false,1321.500,663,680905.03
FFSU,OH,00002150680,MOUNJARO 2,2024,4,false,54.000,27,28020.82
FFSU,OH,00002145701,MOUNJARO 1,2024,3,true,,,
FFSU,OH,00002145780,MOUNJARO 1,2024,3,false,40.000,20,20757.13
MCOU,OH,00002145780,MOUNJARO 1,2024,3,false,1802.500,898,924558.35
MCOU,OH,00002146080,MOUNJARO 1,2024,3,false,1381.500,692,707617.51
FFSU,OH,00002146080,MOUNJARO 1,2024,3,false,40.000,20,20789.89
FFSU,OH,00002147180,MOUNJARO 1,2024,3,false,91.500,46,47450.65
MCOU,OH,00002147180,MOUNJARO 1,2024,3,false,2428.000,1214,1243679.51
MCOU,OH,00002148401,MOUNJARO 7,2024,3,true,,,
MCOU,OH,00002148480,MOUNJARO 7,2024,3,false,3014.000,1507,1548635.79
FFSU,OH,00002148480,MOUNJARO 7,2024,3,false,111.000,57,57259.06
MCOU,OH,00002149501,MOUNJARO 5,2024,3,true,,,
FFSU,OH,00002149580,MOUNJARO 5,2024,3,false,114.500,58,59273.70
MCOU,OH,00002149580,MOUNJARO 5,2024,3,false,3724.000,1860,1918987.12
MCOU,OH,00002150601,MOUNJARO 2,2024,3,true,,,
MCOU,OH,00002150680,MOUNJARO 2,2024,3,false,1758.000,879,906620.62
FFSU,OH,00002150680,MOUNJARO 2,2024,3,false,42.500,22,21986.87
FFSU,OH,00002145701,MOUNJARO 1,2024,2,true,,,
MCOU,OH,00002145780,MOUNJARO 1,2024,2,false,1452.500,646,749783.63
FFSU,OH,00002145780,MOUNJARO 1,2024,2,false,30.000,13,15091.95
MCOU,OH,00002146001,MOUNJARO 1,2024,2,true,,,
MCOU,OH,00002146080,MOUNJARO 1,2024,2,false,1874.000,867,967806.93
FFSU,OH,00002146080,MOUNJARO 1,2024,2,false,44.000,20,22637.77
FFSU,OH,00002147180,MOUNJARO 1,2024,2,false,102.000,43,51627.69
MCOU,OH,00002147180,MOUNJARO 1,2024,2,false,2494.000,1146,1282400.11
MCOU,OH,00002148401,MOUNJARO 7,2024,2,true,,,
MCOU,OH,00002148480,MOUNJARO 7,2024,2,false,2949.500,1352,1525096.23
FFSU,OH,00002148480,MOUNJARO 7,2024,2,false,118.500,57,60154.55
MCOU,OH,00002149501,MOUNJARO 5,2024,2,true,,,
FFSU,OH,00002149580,MOUNJARO 5,2024,2,false,85.500,43,43923.01
MCOU,OH,00002149580,MOUNJARO 5,2024,2,false,3454.000,1575,1782448.58
MCOU,OH,00002150601,MOUNJARO 2,2024,2,true,,,
FFSU,OH,00002150680,MOUNJARO 2,2024,2,false,80.000,43,40474.38
MCOU,OH,00002150680,MOUNJARO 2,2024,2,false,2820.000,1298,1459083.62
FFSU,OH,00002145780,MOUNJARO 1,2024,1,false,26.000,14,13100.17
MCOU,OH,00002145780,MOUNJARO 1,2024,1,false,1288.000,555,662229.47
MCOU,OH,00002146080,MOUNJARO 1,2024,1,false,1152.000,512,590675.64
FFSU,OH,00002146080,MOUNJARO 1,2024,1,false,40.000,20,20045.81
FFSU,OH,00002147180,MOUNJARO 1,2024,1,false,114.000,53,57229.91
MCOU,OH,00002147180,MOUNJARO 1,2024,1,false,2080.000,940,1066628.48
FFSU,OH,00002148480,MOUNJARO 7,2024,1,false,158.000,72,78430.48
MCOU,OH,00002148480,MOUNJARO 7,2024,1,false,3040.500,1365,1562437.02
MCOU,OH,00002149501,MOUNJARO 5,2024,1,true,,,
MCOU,OH,00002149580,MOUNJARO 5,2024,1,false,4752.000,2121,2446550.27
FFSU,OH,00002149580,MOUNJARO 5,2024,1,false,184.000,88,90625.23
FFSU,OH,00002150680,MOUNJARO 2,2024,1,false,149.500,63,72140.19
MCOU,OH,00002150680,MOUNJARO 2,2024,1,false,2256.000,1054,1161776.65
MCOU,OK,00002145780,MOUNJARO 1,2024,4,false,558.000,277,296971.35
FFSU,OK,00002145780,MOUNJARO 1,2024,4,false,284.000,142,147976.65
FFSU,OK,00002146080,MOUNJARO 1,2024,4,false,176.000,88,91738.83
MCOU,OK,00002146080,MOUNJARO 1,2024,4,false,502.000,251,262883.25
MCOU,OK,00002147180,MOUNJARO 1,2024,4,false,710.000,351,385355.47
FFSU,OK,00002147180,MOUNJARO 1,2024,4,false,236.000,118,123061.52
FFSU,OK,00002148480,MOUNJARO 7,2024,4,false,154.000,77,80326.34
MCOU,OK,00002148480,MOUNJARO 7,2024,4,false,1000.000,500,536618.70
MCOU,OK,00002149580,MOUNJARO 5,2024,4,false,1128.000,564,606116.32
FFSU,OK,00002149580,MOUNJARO 5,2024,4,false,138.000,69,71985.39
FFSU,OK,00002150680,MOUNJARO 2,2024,4,false,60.000,30,31292.33
MCOU,OK,00002150680,MOUNJARO 2,2024,4,false,782.000,391,418767.55
MCOU,OK,00002145780,MOUNJARO 1,2024,3,false,430.000,213,242486.74
FFSU,OK,00002145780,MOUNJARO 1,2024,3,false,208.000,104,108360.39
MCOU,OK,00002146080,MOUNJARO 1,2024,3,false,350.000,175,197382.32
FFSU,OK,00002146080,MOUNJARO 1,2024,3,false,190.000,95,99030.94
FFSU,OK,00002147180,MOUNJARO 1,2024,3,false,224.000,112,116792.90
MCOU,OK,00002147180,MOUNJARO 1,2024,3,false,496.000,248,277204.03
MCOU,OK,00002148480,MOUNJARO 7,2024,3,false,804.000,400,462350.77
FFSU,OK,00002148480,MOUNJARO 7,2024,3,false,186.000,93,97008.45
FFSU,OK,00002149580,MOUNJARO 5,2024,3,false,166.000,83,86598.15
MCOU,OK,00002149580,MOUNJARO 5,2024,3,false,1122.000,561,622642.20
MCOU,OK,00002150680,MOUNJARO 2,2024,3,false,906.000,453,502946.71
FFSU,OK,00002150680,MOUNJARO 2,2024,3,false,68.000,34,35462.85
MCOU,OK,00002145780,MOUNJARO 1,2024,2,false,262.000,131,216359.47
FFSU,OK,00002145780,MOUNJARO 1,2024,2,false,120.000,60,62479.28
FFSU,OK,00002146080,MOUNJARO 1,2024,2,false,170.000,85,88539.35
MCOU,OK,00002146080,MOUNJARO 1,2024,2,false,392.000,196,327363.05
FFSU,OK,00002147180,MOUNJARO 1,2024,2,false,140.000,70,72852.23
MCOU,OK,00002147180,MOUNJARO 1,2024,2,false,256.000,128,204053.22
MCOU,OK,00002148480,MOUNJARO 7,2024,2,false,444.000,221,354567.14
FFSU,OK,00002148480,MOUNJARO 7,2024,2,false,162.000,81,84419.92
MCOU,OK,00002149580,MOUNJARO 5,2024,2,false,882.000,439,673122.91
FFSU,OK,00002149580,MOUNJARO 5,2024,2,false,142.000,71,73915.08
FFSU,OK,00002150680,MOUNJARO 2,2024,2,false,64.000,32,33327.80
MCOU,OK,00002150680,MOUNJARO 2,2024,2,false,1461.000,726,1169651.80
FFSU,OK,00002145780,MOUNJARO 1,2024,1,false,448.000,224,231107.16
FFSU,OK,00002146080,MOUNJARO 1,2024,1,false,284.500,143,147268.18
FFSU,OK,00002147180,MOUNJARO 1,2024,1,false,438.000,219,226871.50
FFSU,OK,00002148480,MOUNJARO 7,2024,1,false,464.000,232,239862.48
FFSU,OK,00002149580,MOUNJARO 5,2024,1,false,312.000,154,162207.05
FFSU,OK,00002150680,MOUNJARO 2,2024,1,false,114.000,57,58926.63
MCOU,OR,00002145780,MOUNJARO 1,2024,4,false,214.000,107,107850.47
FFSU,OR,00002145780,MOUNJARO 1,2024,4,false,22.000,11,11381.91
FFSU,OR,00002146080,MOUNJARO 1,2024,4,true,,,
MCOU,OR,00002146080,MOUNJARO 1,2024,4,false,166.000,83,82134.63
FFSU,OR,00002147180,MOUNJARO 1,2024,4,true,,,
MCOU,OR,00002147180,MOUNJARO 1,2024,4,false,216.000,104,108566.69
MCOU,OR,00002148480,MOUNJARO 7,2024,4,false,284.000,141,138622.56
FFSU,OR,00002148480,MOUNJARO 7,2024,4,true,,,
MCOU,OR,00002149580,MOUNJARO 5,2024,4,false,392.000,196,193832.41
FFSU,OR,00002149580,MOUNJARO 5,2024,4,true,,,
MCOU,OR,00002150680,MOUNJARO 2,2024,4,false,240.000,120,119374.42
FFSU,OR,00002150680,MOUNJARO 2,2024,4,false,22.000,11,11444.05
FFSU,OR,00002145780,MOUNJARO 1,2024,3,true,,,
MCOU,OR,00002145780,MOUNJARO 1,2024,3,false,172.000,86,86449.84
MCOU,OR,00002146080,MOUNJARO 1,2024,3,false,108.000,54,52345.29
FFSU,OR,00002146080,MOUNJARO 1,2024,3,true,,,
MCOU,OR,00002147180,MOUNJARO 1,2024,3,false,214.000,105,106779.12
FFSU,OR,00002147180,MOUNJARO 1,2024,3,true,,,
FFSU,OR,00002148480,MOUNJARO 7,2024,3,true,,,
MCOU,OR,00002148480,MOUNJARO 7,2024,3,false,206.000,103,101663.83
MCOU,OR,00002149580,MOUNJARO 5,2024,3,false,320.000,160,162827.13
FFSU,OR,00002149580,MOUNJARO 5,2024,3,true,,,
MCOU,OR,00002150680,MOUNJARO 2,2024,3,false,200.000,100,102051.75
FFSU,OR,00002150680,MOUNJARO 2,2024,3,true,,,
MCOU,OR,00002145780,MOUNJARO 1,2024,2,false,114.000,55,57305.49
FFSU,OR,00002145780,MOUNJARO 1,2024,2,true,,,
FFSU,OR,00002146080,MOUNJARO 1,2024,2,true,,,
MCOU,OR,00002146080,MOUNJARO 1,2024,2,false,134.000,67,64716.81
FFSU,OR,00002147180,MOUNJARO 1,2024,2,false,20.000,12,8203.91
MCOU,OR,00002147180,MOUNJARO 1,2024,2,false,186.000,89,93657.66
FFSU,OR,00002148480,MOUNJARO 7,2024,2,true,,,
MCOU,OR,00002148480,MOUNJARO 7,2024,2,false,168.000,83,84684.77
FFSU,OR,00002149580,MOUNJARO 5,2024,2,true,,,
MCOU,OR,00002149580,MOUNJARO 5,2024,2,false,294.000,143,147881.95
MCOU,OR,00002150680,MOUNJARO 2,2024,2,false,220.000,109,109547.53
FFSU,OR,00002150680,MOUNJARO 2,2024,2,true,,,
FFSU,OR,00002145780,MOUNJARO 1,2024,1,true,,,
MCOU,OR,00002145780,MOUNJARO 1,2024,1,false,54.000,25,27355.59
FFSU,OR,00002146080,MOUNJARO 1,2024,1,true,,,
MCOU,OR,00002146080,MOUNJARO 1,2024,1,false,66.000,33,32497.80
FFSU,OR,00002147180,MOUNJARO 1,2024,1,true,,,
MCOU,OR,00002147180,MOUNJARO 1,2024,1,false,110.500,54,55852.67
FFSU,OR,00002148480,MOUNJARO 7,2024,1,true,,,
MCOU,OR,00002148480,MOUNJARO 7,2024,1,false,172.000,82,84344.63
MCOU,OR,00002149580,MOUNJARO 5,2024,1,false,290.000,143,142398.63
FFSU,OR,00002149580,MOUNJARO 5,2024,1,true,,,
FFSU,OR,00002150680,MOUNJARO 2,2024,1,true,,,
MCOU,OR,00002150680,MOUNJARO 2,2024,1,false,146.000,73,72175.41
MCOU,PA,00002145701,MOUNJARO 1,2024,4,true,,,
FFSU,PA,00002145780,MOUNJARO 1,2024,4,false,74.000,33,38153.22
MCOU,PA,00002145780,MOUNJARO 1,2024,4,false,1862.000,851,956209.39
MCOU,PA,00002146001,MOUNJARO 1,2024,4,true,,,
FFSU,PA,00002146080,MOUNJARO 1,2024,4,false,72.000,34,37144.78
MCOU,PA,00002146080,MOUNJARO 1,2024,4,false,1496.000,710,764659.21
MCOU,PA,00002147180,MOUNJARO 1,2024,4,false,2119.000,1002,1087239.69
FFSU,PA,00002147180,MOUNJARO 1,2024,4,false,76.000,35,39212.47
MCOU,PA,00002148401,MOUNJARO 7,2024,4,true,,,
FFSU,PA,00002148480,MOUNJARO 7,2024,4,false,133.000,57,68638.97
MCOU,PA,00002148480,MOUNJARO 7,2024,4,false,2147.000,1041,1101306.24
MCOU,PA,00002149580,MOUNJARO 5,2024,4,false,2720.000,1315,1396866.69
FFSU,PA,00002149580,MOUNJARO 5,2024,4,false,150.000,69,77422.99
MCOU,PA,00002150601,MOUNJARO 2,2024,4,true,,,
FFSU,PA,00002150680,MOUNJARO 2,2024,4,false,106.000,51,54703.87
MCOU,PA,00002150680,MOUNJARO 2,2024,4,false,1527.500,752,779481.72
MCOU,PA,00002145701,MOUNJARO 1,2024,3,true,,,
MCOU,PA,00002145780,MOUNJARO 1,2024,3,false,1449.000,670,740786.80
FFSU,PA,00002145780,MOUNJARO 1,2024,3,false,38.000,15,19581.83
MCOU,PA,00002146001,MOUNJARO 1,2024,3,true,,,
FFSU,PA,00002146080,MOUNJARO 1,2024,3,false,52.000,26,26822.01
MCOU,PA,00002146080,MOUNJARO 1,2024,3,false,1146.000,525,590628.28
MCOU,PA,00002147101,MOUNJARO 1,2024,3,true,,,
MCOU,PA,00002147180,MOUNJARO 1,2024,3,false,1943.000,916,997863.00
FFSU,PA,00002147180,MOUNJARO 1,2024,3,false,90.000,39,46427.66
MCOU,PA,00002148401,MOUNJARO 7,2024,3,true,,,
MCOU,PA,00002148480,MOUNJARO 7,2024,3,false,1965.000,944,1007108.19
FFSU,PA,00002148480,MOUNJARO 7,2024,3,false,100.000,48,51611.40
MCOU,PA,00002149501,MOUNJARO 5,2024,3,true,,,
FFSU,PA,00002149580,MOUNJARO 5,2024,3,false,130.000,63,67123.06
MCOU,PA,00002149580,MOUNJARO 5,2024,3,false,2582.000,1255,1330469.56
MCOU,PA,00002150601,MOUNJARO 2,2024,3,true,,,
FFSU,PA,00002150680,MOUNJARO 2,2024,3,false,102.000,49,52634.14
MCOU,PA,00002150680,MOUNJARO 2,2024,3,false,1518.000,745,786086.76
MCOU,PA,00002145701,MOUNJARO 1,2024,2,true,,,
FFSU,PA,00002145780,MOUNJARO 1,2024,2,false,38.000,17,19583.64
MCOU,PA,00002145780,MOUNJARO 1,2024,2,false,986.000,439,504047.18
MCOU,PA,00002146001,MOUNJARO 1,2024,2,true,,,
FFSU,PA,00002146080,MOUNJARO 1,2024,2,false,40.000,20,20611.25
MCOU,PA,00002146080,MOUNJARO 1,2024,2,false,1096.000,513,561825.46
MCOU,PA,00002147101,MOUNJARO 1,2024,2,true,,,
FFSU,PA,00002147180,MOUNJARO 1,2024,2,false,98.000,43,50437.55
MCOU,PA,00002147180,MOUNJARO 1,2024,2,false,1686.000,787,863770.00
MCOU,PA,00002148401,MOUNJARO 7,2024,2,true,,,
FFSU,PA,00002148480,MOUNJARO 7,2024,2,false,94.000,40,48413.40
MCOU,PA,00002148480,MOUNJARO 7,2024,2,false,1678.000,790,858488.74
MCOU,PA,00002149501,MOUNJARO 5,2024,2,true,,,
FFSU,PA,00002149580,MOUNJARO 5,2024,2,false,73.000,35,37573.96
MCOU,PA,00002149580,MOUNJARO 5,2024,2,false,1936.000,924,995117.94
MCOU,PA,00002150601,MOUNJARO 2,2024,2,true,,,
FFSU,PA,00002150680,MOUNJARO 2,2024,2,false,96.000,48,49436.94
MCOU,PA,00002150680,MOUNJARO 2,2024,2,false,1642.000,802,847657.48
MCOU,PA,00002145701,MOUNJARO 1,2024,1,true,,,
FFSU,PA,00002145780,MOUNJARO 1,2024,1,false,62.000,27,31404.29
MCOU,PA,00002145780,MOUNJARO 1,2024,1,false,848.000,388,434323.49
MCOU,PA,00002146080,MOUNJARO 1,2024,1,false,664.000,315,342180.49
FFSU,PA,00002146080,MOUNJARO 1,2024,1,false,42.000,17,21445.49
MCOU,PA,00002147101,MOUNJARO 1,2024,1,true,,,
MCOU,PA,00002147180,MOUNJARO 1,2024,1,false,1402.000,662,721020.76
FFSU,PA,00002147180,MOUNJARO 1,2024,1,false,72.000,34,36426.41
MCOU,PA,00002148401,MOUNJARO 7,2024,1,true,,,
FFSU,PA,00002148480,MOUNJARO 7,2024,1,false,86.000,38,43820.70
MCOU,PA,00002148480,MOUNJARO 7,2024,1,false,1642.000,794,833646.14
MCOU,PA,00002149501,MOUNJARO 5,2024,1,true,,,
FFSU,PA,00002149580,MOUNJARO 5,2024,1,false,138.000,62,70456.85
MCOU,PA,00002149580,MOUNJARO 5,2024,1,false,2482.000,1185,1273497.25
MCOU,PA,00002150601,MOUNJARO 2,2024,1,true,,,
MCOU,PA,00002150680,MOUNJARO 2,2024,1,false,1586.000,774,817113.84
FFSU,PA,00002150680,MOUNJARO 2,2024,1,false,54.000,27,27550.55
MCOU,PR,00002146080,MOUNJARO  ,2024,4,true,,,
MCOU,PR,00002147180,MOUNJARO  ,2024,4,true,,,
MCOU,PR,00002148480,MOUNJARO  ,2024,4,false,24.000,12,12948.12
MCOU,PR,00002149501,MOUNJARO 5,2024,4,true,,,
MCOU,PR,00002149580,MOUNJARO  ,2024,4,false,30.000,15,16473.15
MCOU,PR,00002150680,MOUNJARO  ,2024,4,true,,,
MCOU,PR,00002146080,MOUNJARO 1,2024,3,true,,,
MCOU,PR,00002147180,MOUNJARO 1,2024,3,true,,,
MCOU,PR,00002148480,MOUNJARO 7,2024,3,true,,,
MCOU,PR,00002149580,MOUNJARO 5,2024,3,false,38.000,19,20743.71
MCOU,PR,00002146080,MOUNJARO 1,2024,2,true,,,
MCOU,PR,00002147180,MOUNJARO 1,2024,2,true,,,
MCOU,PR,00002148480,MOUNJARO 7,2024,2,true,,,
MCOU,PR,00002149580,MOUNJARO 5,2024,2,false,36.000,18,19791.10
MCOU,PR,00002150680,MOUNJARO 2,2024,2,true,,,
MCOU,PR,00002146080,MOUNJARO 1,2024,1,true,,,
MCOU,PR,00002147180,MOUNJARO 1,2024,1,true,,,
MCOU,PR,00002148480,MOUNJARO 7,2024,1,true,,,
MCOU,PR,00002149580,MOUNJARO 5,2024,1,true,,,
MCOU,PR,00002150680,MOUNJARO 2,2024,1,true,,,
MCOU,RI,00002145780,MOUNJARO 1,2024,4,false,298.000,143,151581.62
MCOU,RI,00002146080,MOUNJARO 1,2024,4,false,216.000,108,111910.63
FFSU,RI,00002146080,MOUNJARO 1,2024,4,true,,,
MCOU,RI,00002147180,MOUNJARO 1,2024,4,false,394.000,185,204254.05
FFSU,RI,00002148480,MOUNJARO 7,2024,4,true,,,
MCOU,RI,00002148480,MOUNJARO 7,2024,4,false,430.000,208,223857.79
FFSU,RI,00002149580,MOUNJARO 5,2024,4,true,,,
MCOU,RI,00002149580,MOUNJARO 5,2024,4,false,557.000,268,290026.51
FFSU,RI,00002150680,MOUNJARO 2,2024,4,true,,,
MCOU,RI,00002150680,MOUNJARO 2,2024,4,false,394.000,195,205220.03
MCOU,RI,00002145780,MOUNJARO 1,2024,3,false,240.000,116,124457.46
MCOU,RI,00002146080,MOUNJARO 1,2024,3,false,162.000,77,80776.41
MCOU,RI,00002147180,MOUNJARO 1,2024,3,false,340.000,160,174732.75
FFSU,RI,00002147180,MOUNJARO 1,2024,3,true,,,
MCOU,RI,00002148480,MOUNJARO 7,2024,3,false,454.000,222,236852.73
MCOU,RI,00002149580,MOUNJARO 5,2024,3,false,536.000,257,279145.63
MCOU,RI,00002150680,MOUNJARO 2,2024,3,false,383.000,191,199698.65
FFSU,RI,00002150680,MOUNJARO 2,2024,3,true,,,
MCOU,RI,00002145780,MOUNJARO 1,2024,2,false,146.000,68,73516.92
FFSU,RI,00002146080,MOUNJARO 1,2024,2,true,,,
MCOU,RI,00002146080,MOUNJARO 1,2024,2,false,120.000,57,61051.45
MCOU,RI,00002147180,MOUNJARO 1,2024,2,false,276.000,133,143316.34
MCOU,RI,00002148480,MOUNJARO 7,2024,2,false,290.000,133,151208.67
FFSU,RI,00002149580,MOUNJARO 5,2024,2,true,,,
MCOU,RI,00002149580,MOUNJARO 5,2024,2,false,488.000,232,253962.60
FFSU,RI,00002150680,MOUNJARO 2,2024,2,true,,,
MCOU,RI,00002150680,MOUNJARO 2,2024,2,false,416.500,205,217135.71
MCOU,RI,00002145780,MOUNJARO 1,2024,1,false,92.000,44,47577.85
MCOU,RI,00002146080,MOUNJARO 1,2024,1,false,102.000,49,48724.65
MCOU,RI,00002147180,MOUNJARO 1,2024,1,false,122.000,57,62143.41
MCOU,RI,00002148480,MOUNJARO 7,2024,1,false,222.000,103,115459.59
MCOU,RI,00002149580,MOUNJARO 5,2024,1,false,538.500,254,279060.04
FFSU,RI,00002149580,MOUNJARO 5,2024,1,true,,,
FFSU,RI,00002150680,MOUNJARO 2,2024,1,true,,,
MCOU,RI,00002150680,MOUNJARO 2,2024,1,false,430.000,207,224466.47
MCOU,SC,00002145701,MOUNJARO  ,2024,4,true,,,
FFSU,SC,00002145780,MOUNJARO  ,2024,4,true,,,
MCOU,SC,00002145780,MOUNJARO  ,2024,4,false,370.000,185,184944.28
FFSU,SC,00002146080,MOUNJARO  ,2024,4,true,,,
MCOU,SC,00002146080,MOUNJARO  ,2024,4,false,398.000,199,189406.08
FFSU,SC,00002147180,MOUNJARO  ,2024,4,false,24.000,12,12469.74
MCOU,SC,00002147180,MOUNJARO  ,2024,4,false,902.000,451,428280.13
MCOU,SC,00002148480,MOUNJARO  ,2024,4,false,1036.000,518,498424.80
FFSU,SC,00002148480,MOUNJARO  ,2024,4,false,30.000,15,15611.58
MCOU,SC,00002149501,MOUNJARO  ,2024,4,true,,,
FFSU,SC,00002149580,MOUNJARO  ,2024,4,false,69.500,38,36138.23
MCOU,SC,00002149580,MOUNJARO  ,2024,4,false,1208.000,604,573730.87
FFSU,SC,00002150680,MOUNJARO  ,2024,4,false,44.000,22,22876.11
MCOU,SC,00002150680,MOUNJARO  ,2024,4,false,712.000,356,345909.87
MCOU,SC,00002145780,MOUNJARO  ,2024,3,false,282.000,141,138794.81
FFSU,SC,00002146080,MOUNJARO  ,2024,3,true,,,
MCOU,SC,00002146080,MOUNJARO  ,2024,3,false,314.000,157,147288.74
MCOU,SC,00002147180,MOUNJARO  ,2024,3,false,758.000,379,356453.01
FFSU,SC,00002147180,MOUNJARO  ,2024,3,true,,,
FFSU,SC,00002148480,MOUNJARO  ,2024,3,true,,,
MCOU,SC,00002148480,MOUNJARO  ,2024,3,false,1088.000,544,535758.71
MCOU,SC,00002149501,MOUNJARO  ,2024,3,true,,,
MCOU,SC,00002149580,MOUNJARO  ,2024,3,false,1368.000,684,661567.09
FFSU,SC,00002149580,MOUNJARO  ,2024,3,false,32.000,17,16643.37
MCOU,SC,00002150601,MOUNJARO  ,2024,3,true,,,
MCOU,SC,00002150680,MOUNJARO  ,2024,3,false,746.000,373,373024.16
FFSU,SC,00002150680,MOUNJARO  ,2024,3,false,26.000,13,13544.77
MCOU,SC,00002145780,MOUNJARO  ,2024,2,false,180.000,90,88269.94
FFSU,SC,00002146080,MOUNJARO  ,2024,2,true,,,
MCOU,SC,00002146080,MOUNJARO  ,2024,2,false,308.000,154,147117.42
MCOU,SC,00002147180,MOUNJARO  ,2024,2,false,628.000,314,302156.93
FFSU,SC,00002147180,MOUNJARO  ,2024,2,true,,,
FFSU,SC,00002148480,MOUNJARO  ,2024,2,true,,,
MCOU,SC,00002148480,MOUNJARO  ,2024,2,false,822.000,411,397495.35
MCOU,SC,00002149580,MOUNJARO  ,2024,2,false,1180.000,590,581870.83
FFSU,SC,00002149580,MOUNJARO  ,2024,2,true,,,
FFSU,SC,00002150680,MOUNJARO  ,2024,2,true,,,
MCOU,SC,00002150680,MOUNJARO  ,2024,2,false,1028.000,513,500597.90
MCOU,SC,00002145780,MOUNJARO  ,2024,1,false,154.000,80,78857.70
MCOU,SC,00002146080,MOUNJARO  ,2024,1,false,170.000,87,87017.41
MCOU,SC,00002147180,MOUNJARO  ,2024,1,false,464.000,233,223960.00
FFSU,SC,00002147180,MOUNJARO  ,2024,1,true,,,
FFSU,SC,00002148480,MOUNJARO  ,2024,1,true,,,
MCOU,SC,00002148480,MOUNJARO  ,2024,1,false,782.000,393,384169.44
MCOU,SC,00002149580,MOUNJARO  ,2024,1,false,1624.000,821,776798.48
FFSU,SC,00002149580,MOUNJARO  ,2024,1,true,,,
FFSU,SC,00002150680,MOUNJARO  ,2024,1,true,,,
MCOU,SC,00002150680,MOUNJARO  ,2024,1,false,990.000,501,491524.99
FFSU,SD,00002145780,MOUNJARO 1,2024,4,false,344.000,172,178776.93
FFSU,SD,00002146080,MOUNJARO 1,2024,4,false,264.000,132,137496.93
FFSU,SD,00002147180,MOUNJARO 1,2024,4,false,520.000,260,270933.65
FFSU,SD,00002148480,MOUNJARO 7,2024,4,false,523.000,265,271625.95
FFSU,SD,00002149580,MOUNJARO 5,2024,4,false,711.500,356,370513.98
FFSU,SD,00002150680,MOUNJARO 2,2024,4,false,364.000,179,189651.37
FFSU,SD,00002145780,MOUNJARO 1,2024,3,false,296.000,148,153422.80
FFSU,SD,00002146080,MOUNJARO 1,2024,3,false,162.500,80,84459.83
FFSU,SD,00002147180,MOUNJARO 1,2024,3,false,392.000,196,204206.79
FFSU,SD,00002148480,MOUNJARO 7,2024,3,false,446.000,224,232429.47
FFSU,SD,00002149580,MOUNJARO 5,2024,3,false,607.000,304,315746.43
FFSU,SD,00002150680,MOUNJARO 2,2024,3,false,366.000,183,189747.35
FFSU,SD,00002145780,MOUNJARO 1,2024,2,false,168.000,85,87108.98
FFSU,SD,00002146080,MOUNJARO 1,2024,2,false,162.000,82,84159.18
FFSU,SD,00002147101,MOUNJARO 1,2024,2,true,,,
FFSU,SD,00002147180,MOUNJARO 1,2024,2,false,326.000,163,169503.18
FFSU,SD,00002148480,MOUNJARO 7,2024,2,false,332.000,164,172883.27
FFSU,SD,00002149580,MOUNJARO 5,2024,2,false,422.000,210,219258.81
FFSU,SD,00002150680,MOUNJARO 2,2024,2,false,282.000,140,145361.68
FFSU,SD,00002145780,MOUNJARO 1,2024,1,false,162.000,81,83866.86
FFSU,SD,00002146001,MOUNJARO 1,2024,1,true,,,
FFSU,SD,00002146080,MOUNJARO 1,2024,1,false,85.000,43,43667.18
FFSU,SD,00002147101,MOUNJARO 1,2024,1,true,,,
FFSU,SD,00002147180,MOUNJARO 1,2024,1,false,219.000,110,113437.80
FFSU,SD,00002148401,MOUNJARO 7,2024,1,true,,,
FFSU,SD,00002148480,MOUNJARO 7,2024,1,false,286.000,143,147922.66
FFSU,SD,00002149580,MOUNJARO 5,2024,1,false,414.000,204,214483.25
FFSU,SD,00002150680,MOUNJARO 2,2024,1,false,272.000,136,140944.21
FFSU,TN,00002145701,MOUNJARO 1,2024,4,true,,,
FFSU,TN,00002145780,MOUNJARO 1,2024,4,false,1312.000,656,682749.72
FFSU,TN,00002146001,MOUNJARO 1,2024,4,true,,,
FFSU,TN,00002146080,MOUNJARO 1,2024,4,false,998.000,499,519446.84
FFSU,TN,00002147180,MOUNJARO 1,2024,4,false,1660.000,828,864366.81
FFSU,TN,00002148401,MOUNJARO 7,2024,4,true,,,
FFSU,TN,00002148480,MOUNJARO 7,2024,4,false,2044.000,1022,1064746.66
FFSU,TN,00002149501,MOUNJARO 5,2024,4,true,,,
FFSU,TN,00002149580,MOUNJARO 5,2024,4,false,2722.000,1361,1417873.94
FFSU,TN,00002150601,MOUNJARO 2,2024,4,true,,,
FFSU,TN,00002150680,MOUNJARO 2,2024,4,false,2215.000,1108,1153330.37
FFSU,TN,00002145780,MOUNJARO 1,2024,3,false,1024.000,512,532796.60
FFSU,TN,00002146001,MOUNJARO 1,2024,3,true,,,
FFSU,TN,00002146080,MOUNJARO 1,2024,3,false,760.000,380,395596.48
FFSU,TN,00002147180,MOUNJARO 1,2024,3,false,1343.500,672,699423.15
FFSU,TN,00002148401,MOUNJARO 7,2024,3,true,,,
FFSU,TN,00002148480,MOUNJARO 7,2024,3,false,1718.000,859,894761.01
FFSU,TN,00002149501,MOUNJARO 5,2024,3,true,,,
FFSU,TN,00002149580,MOUNJARO 5,2024,3,false,2306.000,1152,1201271.65
FFSU,TN,00002150601,MOUNJARO 2,2024,3,true,,,
FFSU,TN,00002150680,MOUNJARO 2,2024,3,false,1654.000,827,861313.36
FFSU,TN,00002145701,MOUNJARO 1,2024,2,true,,,
FFSU,TN,00002145780,MOUNJARO 1,2024,2,false,468.000,234,242862.48
FFSU,TN,00002146001,MOUNJARO 1,2024,2,true,,,
FFSU,TN,00002146080,MOUNJARO 1,2024,2,false,738.000,369,383753.68
FFSU,TN,00002147180,MOUNJARO 1,2024,2,false,1148.000,574,596452.75
FFSU,TN,00002148401,MOUNJARO 7,2024,2,true,,,
FFSU,TN,00002148480,MOUNJARO 7,2024,2,false,1262.000,631,656850.86
FFSU,TN,00002149501,MOUNJARO 5,2024,2,true,,,
FFSU,TN,00002149580,MOUNJARO 5,2024,2,false,1640.000,818,852760.74
FFSU,TN,00002150680,MOUNJARO 2,2024,2,false,1552.000,776,806897.68
FFSU,TN,00002145780,MOUNJARO 1,2024,1,false,680.000,340,349313.94
FFSU,TN,00002146001,MOUNJARO 1,2024,1,true,,,
FFSU,TN,00002146080,MOUNJARO 1,2024,1,false,444.000,222,229445.80
FFSU,TN,00002147180,MOUNJARO 1,2024,1,false,1002.000,501,515613.26
FFSU,TN,00002148480,MOUNJARO 7,2024,1,false,1472.000,736,758623.11
FFSU,TN,00002149501,MOUNJARO 5,2024,1,true,,,
FFSU,TN,00002149580,MOUNJARO 5,2024,1,false,1800.000,898,928760.25
FFSU,TN,00002150680,MOUNJARO 2,2024,1,false,1200.000,600,619390.09
MCOU,TX,00002145701,MOUNJARO 1,2024,4,true,,,
MCOU,TX,00002145780,MOUNJARO 1,2024,4,false,1864.000,825,938930.54
MCOU,TX,00002146001,MOUNJARO 1,2024,4,true,,,
MCOU,TX,00002146080,MOUNJARO 1,2024,4,false,1780.000,829,897521.59
FFSU,TX,00002146080,MOUNJARO 1,2024,4,true,,,
MCOU,TX,00002147101,MOUNJARO 1,2024,4,true,,,
MCOU,TX,00002147180,MOUNJARO 1,2024,4,false,3405.000,1579,1722537.47
FFSU,TX,00002147180,MOUNJARO 1,2024,4,true,,,
MCOU,TX,00002148401,MOUNJARO 7,2024,4,true,,,
MCOU,TX,00002148480,MOUNJARO 7,2024,4,false,3609.000,1635,1824591.99
FFSU,TX,00002148480,MOUNJARO 7,2024,4,true,,,
MCOU,TX,00002149501,MOUNJARO 5,2024,4,true,,,
MCOU,TX,00002149580,MOUNJARO 5,2024,4,false,4742.000,2195,2381518.07
FFSU,TX,00002149580,MOUNJARO 5,2024,4,true,,,
MCOU,TX,00002150601,MOUNJARO 2,2024,4,true,,,
MCOU,TX,00002150680,MOUNJARO 2,2024,4,false,3136.000,1532,1582605.78
FFSU,TX,00002150680,MOUNJARO 2,2024,4,true,,,
MCOU,TX,00002145701,MOUNJARO 1,2024,3,true,,,
MCOU,TX,00002145780,MOUNJARO 1,2024,3,false,1320.000,586,668427.30
MCOU,TX,00002146001,MOUNJARO 1,2024,3,true,,,
MCOU,TX,00002146080,MOUNJARO 1,2024,3,false,1382.000,625,701686.05
MCOU,TX,00002147101,MOUNJARO 1,2024,3,true,,,
MCOU,TX,00002147180,MOUNJARO 1,2024,3,false,2764.000,1263,1400002.06
MCOU,TX,00002148401,MOUNJARO 7,2024,3,true,,,
MCOU,TX,00002148480,MOUNJARO 7,2024,3,false,3436.000,1590,1738594.69
MCOU,TX,00002149501,MOUNJARO 5,2024,3,true,,,
MCOU,TX,00002149580,MOUNJARO 5,2024,3,false,4265.000,1967,2153692.52
FFSU,TX,00002149580,MOUNJARO 5,2024,3,true,,,
MCOU,TX,00002150601,MOUNJARO 2,2024,3,true,,,
MCOU,TX,00002150680,MOUNJARO 2,2024,3,false,3033.500,1478,1534782.56
FFSU,TX,00002150680,MOUNJARO 2,2024,3,true,,,
MCOU,TX,00002145780,MOUNJARO 1,2024,2,false,726.000,331,370220.35
MCOU,TX,00002146001,MOUNJARO 1,2024,2,true,,,
MCOU,TX,00002146080,MOUNJARO 1,2024,2,false,1164.000,539,592350.81
MCOU,TX,00002147101,MOUNJARO 1,2024,2,true,,,
MCOU,TX,00002147180,MOUNJARO 1,2024,2,false,2104.500,978,1068885.64
MCOU,TX,00002148480,MOUNJARO 7,2024,2,false,2560.000,1222,1296102.06
FFSU,TX,00002148480,MOUNJARO 7,2024,2,true,,,
MCOU,TX,00002149501,MOUNJARO 5,2024,2,true,,,
FFSU,TX,00002149580,MOUNJARO 5,2024,2,true,,,
MCOU,TX,00002149580,MOUNJARO 5,2024,2,false,2963.500,1373,1503541.06
MCOU,TX,00002150601,MOUNJARO 2,2024,2,true,,,
FFSU,TX,00002150680,MOUNJARO 2,2024,2,true,,,
MCOU,TX,00002150680,MOUNJARO 2,2024,2,false,3076.500,1501,1567391.65
FFSU,TX,00002145780,MOUNJARO 1,2024,1,true,,,
MCOU,TX,00002145780,MOUNJARO 1,2024,1,false,656.000,298,336085.16
MCOU,TX,00002146001,MOUNJARO 1,2024,1,true,,,
MCOU,TX,00002146080,MOUNJARO 1,2024,1,false,480.000,223,244216.19
MCOU,TX,00002147101,MOUNJARO 1,2024,1,true,,,
FFSU,TX,00002147180,MOUNJARO 1,2024,1,true,,,
MCOU,TX,00002147180,MOUNJARO 1,2024,1,false,1560.000,714,791932.96
MCOU,TX,00002148401,MOUNJARO 7,2024,1,true,,,
FFSU,TX,00002148480,MOUNJARO 7,2024,1,true,,,
MCOU,TX,00002148480,MOUNJARO 7,2024,1,false,2676.000,1221,1357862.51
MCOU,TX,00002149501,MOUNJARO 5,2024,1,true,,,
FFSU,TX,00002149580,MOUNJARO 5,2024,1,true,,,
MCOU,TX,00002149580,MOUNJARO 5,2024,1,false,3570.000,1650,1816258.61
MCOU,TX,00002150601,MOUNJARO 2,2024,1,true,,,
MCOU,TX,00002150680,MOUNJARO 2,2024,1,false,2267.500,1114,1158898.71
FFSU,TX,00002150680,MOUNJARO 2,2024,1,true,,,
MCOU,UT,00002145780,MOUNJARO 1,2024,4,false,406.000,203,210553.07
FFSU,UT,00002145780,MOUNJARO 1,2024,4,false,60.000,30,31134.90
MCOU,UT,00002146080,MOUNJARO 1,2024,4,false,220.000,108,113492.56
FFSU,UT,00002146080,MOUNJARO 1,2024,4,false,38.000,19,19684.35
FFSU,UT,00002147180,MOUNJARO 1,2024,4,false,72.000,36,37369.69
MCOU,UT,00002147180,MOUNJARO 1,2024,4,false,366.000,181,191793.87
MCOU,UT,00002148480,MOUNJARO 7,2024,4,false,408.000,201,218947.63
FFSU,UT,00002148480,MOUNJARO 7,2024,4,false,48.000,24,24873.31
FFSU,UT,00002149580,MOUNJARO 5,2024,4,false,90.000,45,46663.81
MCOU,UT,00002149580,MOUNJARO 5,2024,4,false,422.000,210,219380.66
MCOU,UT,00002150680,MOUNJARO 2,2024,4,false,270.000,135,143897.81
FFSU,UT,00002150680,MOUNJARO 2,2024,4,false,94.500,48,49070.91
FFSU,UT,00002145780,MOUNJARO 1,2024,3,false,100.000,50,51849.13
MCOU,UT,00002145780,MOUNJARO 1,2024,3,false,288.500,145,160784.74
FFSU,UT,00002146001,MOUNJARO 1,2024,3,true,,,
FFSU,UT,00002146080,MOUNJARO 1,2024,3,false,54.000,25,27939.37
MCOU,UT,00002146080,MOUNJARO 1,2024,3,false,162.000,79,96124.86
MCOU,UT,00002147180,MOUNJARO 1,2024,3,false,248.000,124,130974.03
FFSU,UT,00002147180,MOUNJARO 1,2024,3,false,108.000,54,56054.16
FFSU,UT,00002148480,MOUNJARO 7,2024,3,false,124.000,62,64280.61
MCOU,UT,00002148480,MOUNJARO 7,2024,3,false,324.000,162,168966.11
FFSU,UT,00002149501,MOUNJARO 5,2024,3,true,,,
FFSU,UT,00002149580,MOUNJARO 5,2024,3,false,200.000,103,103816.04
MCOU,UT,00002149580,MOUNJARO 5,2024,3,false,358.000,179,190858.33
FFSU,UT,00002150680,MOUNJARO 2,2024,3,false,262.500,129,136368.70
MCOU,UT,00002150680,MOUNJARO 2,2024,3,false,250.000,125,138748.72
FFSU,UT,00002145780,MOUNJARO 1,2024,2,false,52.000,26,26991.24
MCOU,UT,00002145780,MOUNJARO 1,2024,2,false,70.000,35,37314.80
MCOU,UT,00002146080,MOUNJARO 1,2024,2,false,70.000,33,38832.47
FFSU,UT,00002146080,MOUNJARO 1,2024,2,false,66.000,31,34246.72
FFSU,UT,00002147180,MOUNJARO 1,2024,2,false,151.500,74,78557.02
MCOU,UT,00002147180,MOUNJARO 1,2024,2,false,92.000,46,55017.93
MCOU,UT,00002148480,MOUNJARO 7,2024,2,false,104.000,52,56775.87
FFSU,UT,00002148480,MOUNJARO 7,2024,2,false,156.000,76,80928.63
FFSU,UT,00002149580,MOUNJARO 5,2024,2,false,254.000,125,131809.06
MCOU,UT,00002149580,MOUNJARO 5,2024,2,false,90.500,46,54322.04
MCOU,UT,00002150680,MOUNJARO 2,2024,2,false,76.000,38,39534.52
FFSU,UT,00002150680,MOUNJARO 2,2024,2,false,448.000,219,232554.28
FFSU,UT,00002145780,MOUNJARO 1,2024,1,false,26.000,11,13405.19
MCOU,UT,00002145780,MOUNJARO 1,2024,1,false,64.000,32,35928.77
FFSU,UT,00002146080,MOUNJARO 1,2024,1,true,,,
MCOU,UT,00002146080,MOUNJARO 1,2024,1,false,38.000,19,24198.09
MCOU,UT,00002147180,MOUNJARO 1,2024,1,false,80.000,40,47235.16
FFSU,UT,00002147180,MOUNJARO 1,2024,1,false,30.000,14,15425.07
FFSU,UT,00002148480,MOUNJARO 7,2024,1,false,42.000,21,21646.42
MCOU,UT,00002148480,MOUNJARO 7,2024,1,false,102.000,51,56029.31
FFSU,UT,00002149580,MOUNJARO 5,2024,1,false,40.000,20,20708.44
MCOU,UT,00002149580,MOUNJARO 5,2024,1,false,122.000,61,59399.93
MCOU,UT,00002150680,MOUNJARO 2,2024,1,false,76.000,36,40716.01
FFSU,UT,00002150680,MOUNJARO 2,2024,1,false,52.000,26,26971.48
MCOU,VA,00002145780,MOUNJARO  ,2024,4,false,1300.500,644,661961.10
FFSU,VA,00002145780,MOUNJARO  ,2024,4,true,,,
MCOU,VA,00002146001,MOUNJARO  ,2024,4,true,,,
MCOU,VA,00002146080,MOUNJARO  ,2024,4,false,1206.000,597,612494.55
FFSU,VA,00002146080,MOUNJARO  ,2024,4,true,,,
FFSU,VA,00002147180,MOUNJARO  ,2024,4,true,,,
MCOU,VA,00002147180,MOUNJARO  ,2024,4,false,1776.000,878,902533.15
MCOU,VA,00002148480,MOUNJARO  ,2024,4,false,2084.500,1027,1061486.32
FFSU,VA,00002148480,MOUNJARO  ,2024,4,true,,,
MCOU,VA,00002149501,MOUNJARO  ,2024,4,true,,,
MCOU,VA,00002149580,MOUNJARO  ,2024,4,false,2297.000,1141,1168385.41
FFSU,VA,00002149580,MOUNJARO  ,2024,4,true,,,
MCOU,VA,00002150601,MOUNJARO  ,2024,4,true,,,
MCOU,VA,00002150680,MOUNJARO  ,2024,4,false,1378.000,684,704056.78
FFSU,VA,00002150680,MOUNJARO  ,2024,4,true,,,
MCOU,VA,00002145701,MOUNJARO  ,2024,3,true,,,
FFSU,VA,00002145780,MOUNJARO  ,2024,3,true,,,
MCOU,VA,00002145780,MOUNJARO  ,2024,3,false,1034.000,509,527007.11
MCOU,VA,00002146080,MOUNJARO  ,2024,3,false,927.000,460,471711.84
FFSU,VA,00002146080,MOUNJARO  ,2024,3,true,,,
FFSU,VA,00002147180,MOUNJARO  ,2024,3,true,,,
MCOU,VA,00002147180,MOUNJARO  ,2024,3,false,1655.000,814,842307.86
MCOU,VA,00002148480,MOUNJARO  ,2024,3,false,1894.000,938,965008.16
FFSU,VA,00002148480,MOUNJARO  ,2024,3,true,,,
MCOU,VA,00002149501,MOUNJARO  ,2024,3,true,,,
FFSU,VA,00002149580,MOUNJARO  ,2024,3,false,23.500,12,12241.99
MCOU,VA,00002149580,MOUNJARO  ,2024,3,false,2074.500,1033,1055838.15
MCOU,VA,00002150601,MOUNJARO  ,2024,3,true,,,
MCOU,VA,00002150680,MOUNJARO  ,2024,3,false,1230.000,607,625877.06
FFSU,VA,00002150680,MOUNJARO  ,2024,3,true,,,
MCOU,VA,00002145780,MOUNJARO  ,2024,2,false,624.000,308,317687.32
FFSU,VA,00002145780,MOUNJARO  ,2024,2,true,,,
FFSU,VA,00002146080,MOUNJARO  ,2024,2,true,,,
MCOU,VA,00002146080,MOUNJARO  ,2024,2,false,906.000,449,462041.41
MCOU,VA,00002147180,MOUNJARO  ,2024,2,false,1553.500,766,790600.78
FFSU,VA,00002147180,MOUNJARO  ,2024,2,true,,,
MCOU,VA,00002148401,MOUNJARO  ,2024,2,true,,,
FFSU,VA,00002148480,MOUNJARO  ,2024,2,true,,,
MCOU,VA,00002148480,MOUNJARO  ,2024,2,false,1614.000,801,822953.98
MCOU,VA,00002149501,MOUNJARO  ,2024,2,true,,,
FFSU,VA,00002149580,MOUNJARO  ,2024,2,true,,,
MCOU,VA,00002149580,MOUNJARO  ,2024,2,false,1543.000,769,787000.47
FFSU,VA,00002150680,MOUNJARO  ,2024,2,true,,,
MCOU,VA,00002150680,MOUNJARO  ,2024,2,false,1499.000,745,762924.25
MCOU,VA,00002145780,MOUNJARO  ,2024,1,false,642.000,315,330575.90
FFSU,VA,00002146080,MOUNJARO  ,2024,1,true,,,
MCOU,VA,00002146080,MOUNJARO  ,2024,1,false,552.000,274,283965.16
MCOU,VA,00002147101,MOUNJARO  ,2024,1,true,,,
MCOU,VA,00002147180,MOUNJARO  ,2024,1,false,1032.000,506,531814.52
FFSU,VA,00002147180,MOUNJARO  ,2024,1,true,,,
FFSU,VA,00002148480,MOUNJARO  ,2024,1,true,,,
MCOU,VA,00002148480,MOUNJARO  ,2024,1,false,1524.000,751,783587.23
MCOU,VA,00002149501,MOUNJARO  ,2024,1,true,,,
FFSU,VA,00002149580,MOUNJARO  ,2024,1,true,,,
MCOU,VA,00002149580,MOUNJARO  ,2024,1,false,2103.500,1036,1083163.04
MCOU,VA,00002150601,MOUNJARO  ,2024,1,true,,,
MCOU,VA,00002150680,MOUNJARO  ,2024,1,false,1354.500,671,701630.81
FFSU,VA,00002150680,MOUNJARO  ,2024,1,true,,,
FFSU,VT,00002145780,MOUNJARO 1,2024,4,false,44.000,22,21888.86
FFSU,VT,00002146080,MOUNJARO 1,2024,4,false,64.000,32,27564.83
FFSU,VT,00002147180,MOUNJARO 1,2024,4,false,82.000,41,40681.93
FFSU,VT,00002148480,MOUNJARO 7,2024,4,false,102.000,51,53102.21
FFSU,VT,00002149580,MOUNJARO 5,2024,4,false,140.000,70,68130.68
FFSU,VT,00002150680,MOUNJARO 2,2024,4,false,82.000,41,40633.27
FFSU,VT,00002145780,MOUNJARO 1,2024,3,false,54.000,23,28065.01
FFSU,VT,00002146080,MOUNJARO 1,2024,3,false,36.000,14,14673.72
FFSU,VT,00002147180,MOUNJARO 1,2024,3,false,106.000,46,51046.90
FFSU,VT,00002148480,MOUNJARO 7,2024,3,false,96.000,46,47945.50
FFSU,VT,00002149580,MOUNJARO 5,2024,3,false,262.000,121,133806.73
FFSU,VT,00002150680,MOUNJARO 2,2024,3,false,252.000,118,129364.42
FFSU,VT,00002145780,MOUNJARO 1,2024,2,false,28.000,12,14524.67
FFSU,VT,00002146080,MOUNJARO 1,2024,2,false,38.000,13,13645.12
FFSU,VT,00002147180,MOUNJARO 1,2024,2,false,76.000,38,34409.86
FFSU,VT,00002148480,MOUNJARO 7,2024,2,false,90.000,41,43749.17
FFSU,VT,00002149580,MOUNJARO 5,2024,2,false,232.000,102,117413.73
FFSU,VT,00002150680,MOUNJARO 2,2024,2,false,444.000,203,228484.59
FFSU,VT,00002145780,MOUNJARO 1,2024,1,true,,,
FFSU,VT,00002146080,MOUNJARO 1,2024,1,true,,,
FFSU,VT,00002147180,MOUNJARO 1,2024,1,true,,,
FFSU,VT,00002148480,MOUNJARO 7,2024,1,false,26.000,13,12374.93
FFSU,VT,00002149580,MOUNJARO 5,2024,1,false,36.000,18,16425.28
FFSU,VT,00002150680,MOUNJARO 2,2024,1,false,50.000,25,23647.32
MCOU,WA,00002145780,MOUNJARO 1,2024,4,false,1047.000,520,526752.75
MCOU,WA,00002146080,MOUNJARO 1,2024,4,false,726.000,359,364000.44
FFSU,WA,00002146080,MOUNJARO 1,2024,4,true,,,
MCOU,WA,00002147180,MOUNJARO 1,2024,4,false,970.000,479,483835.20
FFSU,WA,00002147180,MOUNJARO 1,2024,4,true,,,
MCOU,WA,00002148401,MOUNJARO 7,2024,4,true,,,
MCOU,WA,00002148480,MOUNJARO 7,2024,4,false,1274.000,627,643773.08
FFSU,WA,00002148480,MOUNJARO 7,2024,4,true,,,
FFSU,WA,00002149580,MOUNJARO 5,2024,4,true,,,
MCOU,WA,00002149580,MOUNJARO 5,2024,4,false,1582.000,782,794153.99
FFSU,WA,00002150680,MOUNJARO 2,2024,4,true,,,
MCOU,WA,00002150680,MOUNJARO 2,2024,4,false,1106.000,536,550968.05
MCOU,WA,00002145780,MOUNJARO 1,2024,3,false,778.000,382,388260.18
FFSU,WA,00002145780,MOUNJARO 1,2024,3,true,,,
FFSU,WA,00002146080,MOUNJARO 1,2024,3,true,,,
MCOU,WA,00002146080,MOUNJARO 1,2024,3,false,562.000,279,277926.25
MCOU,WA,00002147180,MOUNJARO 1,2024,3,false,818.000,405,411274.90
FFSU,WA,00002147180,MOUNJARO 1,2024,3,true,,,
FFSU,WA,00002148480,MOUNJARO 7,2024,3,true,,,
MCOU,WA,00002148480,MOUNJARO 7,2024,3,false,1034.000,510,515528.94
MCOU,WA,00002149580,MOUNJARO 5,2024,3,false,1365.500,676,689097.54
FFSU,WA,00002149580,MOUNJARO 5,2024,3,true,,,
MCOU,WA,00002150680,MOUNJARO 2,2024,3,false,902.000,441,448989.36
FFSU,WA,00002150680,MOUNJARO 2,2024,3,true,,,
FFSU,WA,00002145780,MOUNJARO 1,2024,2,true,,,
MCOU,WA,00002145780,MOUNJARO 1,2024,2,false,558.000,271,291754.21
FFSU,WA,00002146080,MOUNJARO 1,2024,2,true,,,
MCOU,WA,00002146080,MOUNJARO 1,2024,2,false,434.000,215,218701.34
FFSU,WA,00002147180,MOUNJARO 1,2024,2,true,,,
MCOU,WA,00002147180,MOUNJARO 1,2024,2,false,718.500,354,384512.78
FFSU,WA,00002148480,MOUNJARO 7,2024,2,true,,,
MCOU,WA,00002148480,MOUNJARO 7,2024,2,false,756.000,371,391400.10
MCOU,WA,00002149580,MOUNJARO 5,2024,2,false,945.500,460,493339.31
FFSU,WA,00002149580,MOUNJARO 5,2024,2,true,,,
MCOU,WA,00002150680,MOUNJARO 2,2024,2,false,863.000,420,457601.68
FFSU,WA,00002150680,MOUNJARO 2,2024,2,true,,,
FFSU,WA,00002145780,MOUNJARO 1,2024,1,true,,,
MCOU,WA,00002145780,MOUNJARO 1,2024,1,false,398.000,191,197796.26
MCOU,WA,00002146080,MOUNJARO 1,2024,1,false,206.000,101,100805.64
MCOU,WA,00002147180,MOUNJARO 1,2024,1,false,550.000,269,268406.48
FFSU,WA,00002147180,MOUNJARO 1,2024,1,true,,,
FFSU,WA,00002148480,MOUNJARO 7,2024,1,true,,,
MCOU,WA,00002148480,MOUNJARO 7,2024,1,false,588.000,282,285981.27
MCOU,WA,00002149580,MOUNJARO 5,2024,1,false,932.000,451,459752.88
FFSU,WA,00002149580,MOUNJARO 5,2024,1,true,,,
FFSU,WA,00002150680,MOUNJARO 2,2024,1,true,,,
MCOU,WA,00002150680,MOUNJARO 2,2024,1,false,616.500,303,299314.12
FFSU,WI,00002145780,MOUNJARO 1,2024,4,false,254.000,127,134438.11
FFSU,WI,00002146080,MOUNJARO 1,2024,4,false,164.000,82,85221.41
FFSU,WI,00002147180,MOUNJARO 1,2024,4,false,304.000,152,158584.34
FFSU,WI,00002148480,MOUNJARO 7,2024,4,false,338.000,169,176910.64
FFSU,WI,00002149580,MOUNJARO 5,2024,4,false,491.000,244,258452.03
FFSU,WI,00002150680,MOUNJARO 2,2024,4,false,248.000,124,130375.07
FFSU,WI,00002145780,MOUNJARO 1,2024,3,false,186.000,93,99908.47
FFSU,WI,00002146080,MOUNJARO 1,2024,3,false,126.000,63,65310.50
FFSU,WI,00002147180,MOUNJARO 1,2024,3,false,184.000,92,94767.36
FFSU,WI,00002148480,MOUNJARO 7,2024,3,false,266.000,133,137592.61
FFSU,WI,00002149580,MOUNJARO 5,2024,3,false,332.000,166,172494.89
FFSU,WI,00002150680,MOUNJARO 2,2024,3,false,240.000,119,127979.09
FFSU,WI,00002145780,MOUNJARO 1,2024,2,false,94.000,47,48935.08
FFSU,WI,00002146080,MOUNJARO 1,2024,2,false,100.000,50,53182.89
FFSU,WI,00002147180,MOUNJARO 1,2024,2,false,162.000,81,84984.71
FFSU,WI,00002148480,MOUNJARO 7,2024,2,false,198.000,99,103531.05
FFSU,WI,00002149580,MOUNJARO 5,2024,2,false,262.000,131,136825.71
FFSU,WI,00002150680,MOUNJARO 2,2024,2,false,240.000,120,126113.30
FFSU,WI,00002145780,MOUNJARO 1,2024,1,false,50.000,25,26017.36
FFSU,WI,00002146080,MOUNJARO 1,2024,1,false,38.000,19,19614.06
FFSU,WI,00002147180,MOUNJARO 1,2024,1,false,114.000,57,58951.18
FFSU,WI,00002148480,MOUNJARO 7,2024,1,false,176.000,88,93788.35
FFSU,WI,00002149580,MOUNJARO 5,2024,1,false,236.000,118,122223.56
FFSU,WI,00002150680,MOUNJARO 2,2024,1,false,186.000,90,100574.24
FFSU,WV,00002145780,MOUNJARO 1,2024,4,false,142.000,61,73321.01
FFSU,WV,00002146080,MOUNJARO 1,2024,4,false,110.000,51,56577.38
FFSU,WV,00002147180,MOUNJARO 1,2024,4,false,136.000,62,69451.06
FFSU,WV,00002148480,MOUNJARO 7,2024,4,false,226.000,97,115978.87
FFSU,WV,00002149580,MOUNJARO 5,2024,4,false,240.000,112,122926.66
FFSU,WV,00002150680,MOUNJARO 2,2024,4,false,192.000,94,98305.84
FFSU,WV,00002145780,MOUNJARO 1,2024,3,false,128.000,54,65577.89
FFSU,WV,00002146080,MOUNJARO 1,2024,3,false,124.000,60,63720.91
FFSU,WV,00002147180,MOUNJARO 1,2024,3,false,180.000,82,91941.32
FFSU,WV,00002148480,MOUNJARO 7,2024,3,false,224.000,108,114879.32
FFSU,WV,00002149580,MOUNJARO 5,2024,3,false,242.000,117,125320.58
FFSU,WV,00002150680,MOUNJARO 2,2024,3,false,168.000,84,86292.34
FFSU,WV,00002145780,MOUNJARO 1,2024,2,false,54.000,27,27666.04
FFSU,WV,00002146080,MOUNJARO 1,2024,2,false,84.000,42,43303.77
FFSU,WV,00002147180,MOUNJARO 1,2024,2,false,148.000,72,75942.71
FFSU,WV,00002148480,MOUNJARO 7,2024,2,false,142.000,67,71765.66
FFSU,WV,00002149580,MOUNJARO 5,2024,2,false,214.000,105,110167.12
FFSU,WV,00002150680,MOUNJARO 2,2024,2,false,176.000,88,90764.98
FFSU,WV,00002145780,MOUNJARO 1,2024,1,false,94.000,47,48151.94
FFSU,WV,00002146080,MOUNJARO 1,2024,1,false,32.000,16,16184.87
FFSU,WV,00002147180,MOUNJARO 1,2024,1,false,146.000,69,72857.79
FFSU,WV,00002148480,MOUNJARO 7,2024,1,false,180.000,86,90538.96
FFSU,WV,00002149580,MOUNJARO 5,2024,1,false,168.500,81,85388.31
FFSU,WV,00002150680,MOUNJARO 2,2024,1,false,132.000,66,67412.69
FFSU,WY,00002145780,MOUNJARO 1,2024,4,false,74.000,37,38530.56
FFSU,WY,00002146080,MOUNJARO 1,2024,4,false,28.000,14,13562.36
FFSU,WY,00002147180,MOUNJARO 1,2024,4,false,32.000,16,16674.68
FFSU,WY,00002148480,MOUNJARO 7,2024,4,false,54.000,27,27142.44
FFSU,WY,00002149580,MOUNJARO 5,2024,4,false,64.000,32,33360.20
FFSU,WY,00002150680,MOUNJARO 2,2024,4,false,46.000,23,22876.58
FFSU,WY,00002145780,MOUNJARO 1,2024,3,false,60.000,28,31210.46
FFSU,WY,00002146080,MOUNJARO 1,2024,3,false,34.000,17,16691.84
FFSU,WY,00002147180,MOUNJARO 1,2024,3,false,44.000,22,20889.68
FFSU,WY,00002148480,MOUNJARO 7,2024,3,false,42.000,21,20886.01
FFSU,WY,00002149580,MOUNJARO 5,2024,3,false,56.000,28,29192.70
FFSU,WY,00002150680,MOUNJARO 2,2024,3,false,36.000,18,18760.80
FFSU,WY,00002145780,MOUNJARO 1,2024,2,false,22.000,11,11446.58
FFSU,WY,00002146080,MOUNJARO 1,2024,2,false,60.000,28,27130.90
FFSU,WY,00002147180,MOUNJARO 1,2024,2,false,56.000,28,28103.40
FFSU,WY,00002148480,MOUNJARO 7,2024,2,false,68.000,32,27301.47
FFSU,WY,00002149580,MOUNJARO 5,2024,2,false,72.000,30,37385.88
FFSU,WY,00002150680,MOUNJARO 2,2024,2,false,116.500,58,60318.29
FFSU,WY,00002145780,MOUNJARO 1,2024,1,true,,,
FFSU,WY,00002146080,MOUNJARO 1,2024,1,true,,,
FFSU,WY,00002147180,MOUNJARO 1,2024,1,false,50.000,25,25325.35
FFSU,WY,00002148480,MOUNJARO 7,2024,1,false,52.000,24,23689.47
FFSU,WY,00002149580,MOUNJARO 5,2024,1,false,82.000,41,40466.30
FFSU,WY,00002150680,MOUNJARO 2,2024,1,false,48.000,22,22021.79
MCOU,AZ,00002245780,ZEPBOUND  ,2024,3,true,,,
MCOU,AZ,00002246080,ZEPBOUND  ,2024,3,true,,,
MCOU,AZ,00002247180,ZEPBOUND  ,2024,3,true,,,
MCOU,AZ,00002248480,ZEPBOUND  ,2024,3,false,32.000,16,16163.13
MCOU,AZ,00002249580,ZEPBOUND  ,2024,3,false,24.000,12,11998.09
MCOU,AZ,00002250680,ZEPBOUND  ,2024,3,false,32.000,16,16179.12
MCOU,AZ,00002245780,ZEPBOUND  ,2024,2,true,,,
MCOU,AZ,00002247180,ZEPBOUND  ,2024,2,true,,,
MCOU,AZ,00002248480,ZEPBOUND  ,2024,2,true,,,
MCOU,AZ,00002249580,ZEPBOUND  ,2024,2,true,,,
MCOU,AZ,00002250680,ZEPBOUND  ,2024,2,false,32.000,16,16154.20
MCOU,AZ,00002246080,ZEPBOUND  ,2024,1,true,,,
MCOU,AZ,00002250680,ZEPBOUND  ,2024,1,true,,,
FFSU,CA,00002245780,ZEPBOUND  ,2024,4,false,6286.000,3104,3250238.88
FFSU,CA,00002246080,ZEPBOUND  ,2024,4,false,6032.500,3004,3115498.64
FFSU,CA,00002247180,ZEPBOUND  ,2024,4,false,11131.000,5515,5750406.27
FFSU,CA,00002248480,ZEPBOUND  ,2024,4,false,15326.500,7617,7915197.60
FFSU,CA,00002249580,ZEPBOUND  ,2024,4,false,25161.000,12504,12998087.86
FFSU,CA,00002250680,ZEPBOUND  ,2024,4,false,36769.000,18345,19001218.70
MCOU,CA,00002250680,ZEPBOUND  ,2024,4,true,,,
FFSU,CA,00002245780,ZEPBOUND  ,2024,3,false,3603.000,1687,1860985.20
FFSU,CA,00002246080,ZEPBOUND  ,2024,3,false,3660.000,1773,1891267.56
FFSU,CA,00002247180,ZEPBOUND  ,2024,3,false,5871.500,2844,3032172.96
FFSU,CA,00002248480,ZEPBOUND  ,2024,3,false,13161.500,6313,6794696.14
FFSU,CA,00002249580,ZEPBOUND  ,2024,3,false,18066.000,8687,9330070.58
FFSU,CA,00002250680,ZEPBOUND  ,2024,3,false,13078.500,6337,6756679.01
FFSU,CA,00002245780,ZEPBOUND  ,2024,2,false,1065.000,490,549049.49
FFSU,CA,00002246080,ZEPBOUND  ,2024,2,false,1048.500,506,541934.23
FFSU,CA,00002247180,ZEPBOUND  ,2024,2,false,2516.000,1216,1299537.77
FFSU,CA,00002248480,ZEPBOUND  ,2024,2,false,2752.000,1342,1421023.41
FFSU,CA,00002249580,ZEPBOUND  ,2024,2,false,9224.500,4462,4755875.11
FFSU,CA,00002250680,ZEPBOUND  ,2024,2,false,14677.500,7103,7560894.70
FFSU,CA,00002245780,ZEPBOUND  ,2024,1,false,311.000,133,163567.03
FFSU,CA,00002246080,ZEPBOUND  ,2024,1,false,362.000,161,190961.46
FFSU,CA,00002247180,ZEPBOUND  ,2024,1,false,790.500,383,415773.96
FFSU,CA,00002248480,ZEPBOUND  ,2024,1,false,1580.500,753,833689.58
FFSU,CA,00002249580,ZEPBOUND  ,2024,1,false,5318.500,2555,2801571.57
FFSU,CA,00002250680,ZEPBOUND  ,2024,1,false,11867.000,5786,6144117.86
FFSU,CO,00002245780,ZEPBOUND  ,2024,3,true,,,
FFSU,CO,00002246080,ZEPBOUND  ,2024,3,true,,,
FFSU,CO,00002247180,ZEPBOUND  ,2024,3,true,,,
FFSU,CO,00002248480,ZEPBOUND  ,2024,3,true,,,
FFSU,CO,00002249580,ZEPBOUND  ,2024,3,false,26.000,13,13416.03
FFSU,CO,00002250680,ZEPBOUND  ,2024,3,true,,,
FFSU,CO,00002248480,ZEPBOUND  ,2024,2,true,,,
FFSU,CO,00002249580,ZEPBOUND  ,2024,2,true,,,
FFSU,CO,00002250680,ZEPBOUND  ,2024,2,true,,,
FFSU,CO,00002249580,ZEPBOUND  ,2024,1,true,,,
FFSU,CO,00002250680,ZEPBOUND  ,2024,1,true,,,
FFSU,CT,00002250680,ZEPBOUND  ,2024,4,false,22.000,11,11360.80
FFSU,CT,00002247180,ZEPBOUND  ,2024,3,true,,,
MCOU,DC,00002245780,ZEPBOUND 1,2024,4,true,,,
MCOU,DC,00002246080,ZEPBOUND 1,2024,4,true,,,
MCOU,DC,00002247180,ZEPBOUND 1,2024,4,true,,,
MCOU,DC,00002248480,ZEPBOUND 7,2024,4,true,,,
MCOU,DC,00002249580,ZEPBOUND 5,2024,4,true,,,
MCOU,DC,00002250680,ZEPBOUND 2,2024,4,true,,,
MCOU,DC,00002246080,ZEPBOUND 1,2024,3,true,,,
MCOU,DC,00002247180,ZEPBOUND 1,2024,3,true,,,
MCOU,DC,00002248480,ZEPBOUND 7,2024,3,true,,,
MCOU,DC,00002249580,ZEPBOUND 5,2024,3,true,,,
MCOU,DC,00002250680,ZEPBOUND 2,2024,3,true,,,
MCOU,DE,00002245780,ZEPBOUND  ,2024,4,false,150.000,75,4976.74
MCOU,DE,00002246080,ZEPBOUND  ,2024,4,false,204.000,102,5809.76
MCOU,DE,00002247180,ZEPBOUND  ,2024,4,false,324.000,162,4962.08
MCOU,DE,00002248401,ZEPBOUND  ,2024,4,true,,,
MCOU,DE,00002248480,ZEPBOUND  ,2024,4,false,406.000,203,5003.94
FFSU,DE,00002248480,ZEPBOUND  ,2024,4,true,,,
MCOU,DE,00002249501,ZEPBOUND  ,2024,4,true,,,
MCOU,DE,00002249580,ZEPBOUND  ,2024,4,false,638.000,319,8428.82
MCOU,DE,00002250601,ZEPBOUND  ,2024,4,true,,,
MCOU,DE,00002250680,ZEPBOUND  ,2024,4,false,522.000,261,13125.05
MCOU,DE,00002245780,ZEPBOUND  ,2024,3,false,82.000,41,1996.86
MCOU,DE,00002246080,ZEPBOUND  ,2024,3,false,120.000,60,3973.08
MCOU,DE,00002247180,ZEPBOUND  ,2024,3,false,231.000,116,10621.98
MCOU,DE,00002248401,ZEPBOUND  ,2024,3,true,,,
MCOU,DE,00002248480,ZEPBOUND  ,2024,3,false,546.000,273,6797.98
MCOU,DE,00002249501,ZEPBOUND  ,2024,3,true,,,
MCOU,DE,00002249580,ZEPBOUND  ,2024,3,false,726.000,365,13939.68
MCOU,DE,00002250601,ZEPBOUND  ,2024,3,true,,,
MCOU,DE,00002250680,ZEPBOUND  ,2024,3,false,578.000,289,10481.05
MCOU,DE,00002245780,ZEPBOUND  ,2024,2,true,,,
MCOU,DE,00002246080,ZEPBOUND  ,2024,2,false,36.000,18,0.00
MCOU,DE,00002247180,ZEPBOUND  ,2024,2,false,84.000,42,1850.79
MCOU,DE,00002248480,ZEPBOUND  ,2024,2,false,212.000,106,2550.61
MCOU,DE,00002249501,ZEPBOUND  ,2024,2,true,,,
MCOU,DE,00002249580,ZEPBOUND  ,2024,2,false,478.000,240,14157.66
MCOU,DE,00002250601,ZEPBOUND  ,2024,2,true,,,
MCOU,DE,00002250680,ZEPBOUND  ,2024,2,false,853.000,426,11708.46
MCOU,DE,00002246080,ZEPBOUND  ,2024,1,true,,,
MCOU,DE,00002247180,ZEPBOUND  ,2024,1,false,32.000,16,3759.60
MCOU,DE,00002248480,ZEPBOUND  ,2024,1,false,106.000,53,2983.07
MCOU,DE,00002249501,ZEPBOUND  ,2024,1,true,,,
MCOU,DE,00002249580,ZEPBOUND  ,2024,1,false,403.000,202,4647.54
MCOU,DE,00002250601,ZEPBOUND  ,2024,1,true,,,
MCOU,DE,00002250680,ZEPBOUND  ,2024,1,false,720.000,361,12251.97
MCOU,FL,00002248480,ZEPBOUND  ,2024,4,true,,,
MCOU,FL,00002250680,ZEPBOUND  ,2024,4,true,,,
MCOU,FL,00002249580,ZEPBOUND  ,2024,3,true,,,
MCOU,FL,00002249580,ZEPBOUND  ,2024,2,true,,,
MCOU,FL,00002250680,ZEPBOUND  ,2024,1,true,,,
MCOU,GA,00002250680,ZEPBOUND  ,2024,4,true,,,
MCOU,HI,00002015204,ZEPBOUND 2,2024,4,true,,,
MCOU,HI,00002024304,ZEPBOUND 5,2024,4,true,,,
MCOU,HI,00002245780,ZEPBOUND 1,2024,4,true,,,
MCOU,HI,00002247180,ZEPBOUND 1,2024,4,true,,,
MCOU,HI,00002248480,ZEPBOUND 7,2024,4,true,,,
MCOU,HI,00002249580,ZEPBOUND 5,2024,4,true,,,
MCOU,HI,00002250680,ZEPBOUND 2,2024,4,false,28.000,13,1190.82
MCOU,HI,00002246080,ZEPBOUND 1,2024,3,true,,,
MCOU,HI,00002248480,ZEPBOUND 7,2024,3,true,,,
MCOU,HI,00002249580,ZEPBOUND 5,2024,3,true,,,
MCOU,HI,00002250680,ZEPBOUND 2,2024,3,false,42.000,20,0.00
MCOU,HI,00002247180,ZEPBOUND 1,2024,2,true,,,
MCOU,HI,00002249580,ZEPBOUND 5,2024,2,true,,,
MCOU,HI,00002250680,ZEPBOUND 2,2024,2,false,44.500,20,0.00
MCOU,HI,00002247180,ZEPBOUND 1,2024,1,true,,,
MCOU,HI,00002248480,ZEPBOUND 7,2024,1,true,,,
MCOU,HI,00002250680,ZEPBOUND 2,2024,1,false,20.500,11,1059.44
MCOU,IL,00002250680,ZEPBOUND  ,2024,1,true,,,
FFSU,IN,00002250680,ZEPBOUND  ,2024,4,true,,,
MCOU,IN,00002250680,ZEPBOUND  ,2024,1,true,,,
MCOU,KS,00002245780,ZEPBOUND  ,2024,4,false,424.000,212,217690.66
MCOU,KS,00002246080,ZEPBOUND  ,2024,4,false,580.500,297,299485.13
MCOU,KS,00002247180,ZEPBOUND  ,2024,4,false,1140.000,587,588567.19
MCOU,KS,00002248480,ZEPBOUND  ,2024,4,false,1844.000,938,951376.84
MCOU,KS,00002249501,ZEPBOUND  ,2024,4,true,,,
MCOU,KS,00002249580,ZEPBOUND  ,2024,4,false,2514.500,1299,1297719.90
MCOU,KS,00002250601,ZEPBOUND  ,2024,4,true,,,
MCOU,KS,00002250680,ZEPBOUND  ,2024,4,false,2245.000,1163,1159075.16
MCOU,KS,00002245780,ZEPBOUND  ,2024,3,false,94.000,47,48428.79
MCOU,KS,00002246001,ZEPBOUND  ,2024,3,true,,,
MCOU,KS,00002246080,ZEPBOUND  ,2024,3,false,193.000,99,99566.18
MCOU,KS,00002247180,ZEPBOUND  ,2024,3,false,452.000,230,232810.59
MCOU,KS,00002248480,ZEPBOUND  ,2024,3,false,1098.000,563,566443.33
MCOU,KS,00002249501,ZEPBOUND  ,2024,3,true,,,
MCOU,KS,00002249580,ZEPBOUND  ,2024,3,false,1971.500,1020,1017398.93
MCOU,KS,00002250601,ZEPBOUND  ,2024,3,true,,,
MCOU,KS,00002250680,ZEPBOUND  ,2024,3,false,2055.000,1074,1060730.21
MCOU,KS,00002245780,ZEPBOUND  ,2024,2,false,40.000,22,20619.92
MCOU,KS,00002246001,ZEPBOUND  ,2024,2,true,,,
MCOU,KS,00002246080,ZEPBOUND  ,2024,2,false,64.000,32,33030.57
MCOU,KS,00002247180,ZEPBOUND  ,2024,2,false,76.000,39,39195.62
MCOU,KS,00002248401,ZEPBOUND  ,2024,2,true,,,
MCOU,KS,00002248480,ZEPBOUND  ,2024,2,false,274.000,146,141385.41
MCOU,KS,00002249580,ZEPBOUND  ,2024,2,false,836.000,441,431258.43
MCOU,KS,00002250601,ZEPBOUND  ,2024,2,true,,,
MCOU,KS,00002250680,ZEPBOUND  ,2024,2,false,2096.000,1092,1078843.55
MCOU,KS,00002245780,ZEPBOUND  ,2024,1,true,,,
MCOU,KS,00002246080,ZEPBOUND  ,2024,1,true,,,
MCOU,KS,00002247180,ZEPBOUND  ,2024,1,true,,,
MCOU,KS,00002248480,ZEPBOUND  ,2024,1,false,34.000,19,17660.70
MCOU,KS,00002249580,ZEPBOUND  ,2024,1,false,138.000,80,71612.24
MCOU,KS,00002250680,ZEPBOUND  ,2024,1,false,212.000,123,109189.79
MCOU,LA,00002248480,ZEPBOUND  ,2024,4,true,,,
MCOU,LA,00002249580,ZEPBOUND  ,2024,3,true,,,
MCOU,LA,00002250680,ZEPBOUND  ,2024,3,true,,,
MCOU,LA,00002250680,ZEPBOUND  ,2024,2,true,,,
MCOU,MA,00002245780,ZEPBOUND 1,2024,4,false,230.000,113,110551.69
FFSU,MA,00002245780,ZEPBOUND 1,2024,4,false,38.000,19,19548.88
MCOU,MA,00002246080,ZEPBOUND 1,2024,4,false,328.000,164,162142.67
FFSU,MA,00002246080,ZEPBOUND 1,2024,4,false,52.000,26,26531.94
MCOU,MA,00002247180,ZEPBOUND 1,2024,4,false,1120.000,558,551879.76
FFSU,MA,00002247180,ZEPBOUND 1,2024,4,false,158.000,79,80230.22
MCOU,MA,00002248480,ZEPBOUND 7,2024,4,false,2200.000,1100,1093863.49
FFSU,MA,00002248480,ZEPBOUND 7,2024,4,false,278.000,138,142012.62
FFSU,MA,00002249580,ZEPBOUND 5,2024,4,false,866.000,433,442143.20
MCOU,MA,00002249580,ZEPBOUND 5,2024,4,false,6034.000,3015,3000012.34
MCOU,MA,00002250601,ZEPBOUND 2,2024,4,true,,,
FFSU,MA,00002250680,ZEPBOUND 2,2024,4,false,1772.000,886,903998.05
MCOU,MA,00002250680,ZEPBOUND 2,2024,4,false,8490.500,4246,4251363.17
MCOU,MA,00002245780,ZEPBOUND 1,2024,3,false,30.000,15,13450.95
FFSU,MA,00002245780,ZEPBOUND 1,2024,3,true,,,
FFSU,MA,00002246080,ZEPBOUND 1,2024,3,true,,,
MCOU,MA,00002246080,ZEPBOUND 1,2024,3,false,44.000,22,21051.96
MCOU,MA,00002247180,ZEPBOUND 1,2024,3,false,128.000,64,64081.75
FFSU,MA,00002247180,ZEPBOUND 1,2024,3,false,30.000,15,15017.07
FFSU,MA,00002248480,ZEPBOUND 7,2024,3,false,70.000,35,35872.33
MCOU,MA,00002248480,ZEPBOUND 7,2024,3,false,214.000,107,98472.76
MCOU,MA,00002249580,ZEPBOUND 5,2024,3,false,316.000,158,144813.63
FFSU,MA,00002249580,ZEPBOUND 5,2024,3,false,156.000,76,78065.46
FFSU,MA,00002250680,ZEPBOUND 2,2024,3,false,122.000,60,61666.76
MCOU,MA,00002250680,ZEPBOUND 2,2024,3,false,416.000,206,191481.36
MCOU,MA,00002245780,ZEPBOUND 1,2024,2,true,,,
MCOU,MA,00002246080,ZEPBOUND 1,2024,2,true,,,
MCOU,MA,00002247180,ZEPBOUND 1,2024,2,true,,,
FFSU,MA,00002247180,ZEPBOUND 1,2024,2,true,,,
MCOU,MA,00002248480,ZEPBOUND 7,2024,2,false,22.000,11,8495.28
FFSU,MA,00002248480,ZEPBOUND 7,2024,2,true,,,
MCOU,MA,00002249580,ZEPBOUND 5,2024,2,false,76.000,38,31644.30
FFSU,MA,00002249580,ZEPBOUND 5,2024,2,false,22.000,11,11307.65
FFSU,MA,00002250680,ZEPBOUND 2,2024,2,false,56.000,28,30475.32
MCOU,MA,00002250680,ZEPBOUND 2,2024,2,false,210.000,104,93622.36
MCOU,MA,00002246080,ZEPBOUND 1,2024,1,true,,,
MCOU,MA,00002247180,ZEPBOUND 1,2024,1,true,,,
MCOU,MA,00002248480,ZEPBOUND 7,2024,1,true,,,
MCOU,MA,00002249580,ZEPBOUND 5,2024,1,false,74.000,35,26345.31
FFSU,MA,00002249580,ZEPBOUND 5,2024,1,true,,,
MCOU,MA,00002250680,ZEPBOUND 2,2024,1,false,226.000,113,108871.95
FFSU,MA,00002250680,ZEPBOUND 2,2024,1,true,,,
FFSU,MD,00002246080,ZEPBOUND 1,2024,3,true,,,
FFSU,MD,00002247180,ZEPBOUND 1,2024,3,true,,,
FFSU,MD,00002248480,ZEPBOUND 7,2024,3,true,,,
FFSU,MD,00002249580,ZEPBOUND 5,2024,3,true,,,
FFSU,MD,00002250680,ZEPBOUND 2,2024,3,false,28.000,17,14486.34
FFSU,MD,00002246080,ZEPBOUND 1,2024,2,true,,,
FFSU,MD,00002247180,ZEPBOUND 1,2024,2,true,,,
FFSU,MD,00002248480,ZEPBOUND 7,2024,2,true,,,
FFSU,MD,00002249580,ZEPBOUND 5,2024,2,true,,,
FFSU,MD,00002250680,ZEPBOUND 2,2024,2,false,38.000,18,19582.60
FFSU,MD,00002247180,ZEPBOUND 1,2024,1,true,,,
FFSU,MD,00002248480,ZEPBOUND 7,2024,1,true,,,
FFSU,MD,00002249580,ZEPBOUND 5,2024,1,true,,,
FFSU,MD,00002250680,ZEPBOUND 2,2024,1,true,,,
MCOU,MI,00002245780,ZEPBOUND  ,2024,4,false,1414.000,707,703256.94
FFSU,MI,00002245780,ZEPBOUND  ,2024,4,false,98.000,47,49457.01
FFSU,MI,00002246080,ZEPBOUND  ,2024,4,false,194.000,97,97302.08
MCOU,MI,00002246080,ZEPBOUND  ,2024,4,false,1707.000,853,845824.47
MCOU,MI,00002247180,ZEPBOUND  ,2024,4,false,3473.000,1737,1714014.45
FFSU,MI,00002247180,ZEPBOUND  ,2024,4,false,294.000,147,145496.17
MCOU,MI,00002248401,ZEPBOUND  ,2024,4,true,,,
MCOU,MI,00002248480,ZEPBOUND  ,2024,4,false,5261.000,2631,2597530.32
FFSU,MI,00002248480,ZEPBOUND  ,2024,4,false,468.000,232,219638.54
MCOU,MI,00002249501,ZEPBOUND  ,2024,4,true,,,
FFSU,MI,00002249580,ZEPBOUND  ,2024,4,false,812.000,404,404207.30
MCOU,MI,00002249580,ZEPBOUND  ,2024,4,false,7895.500,3942,3883344.33
MCOU,MI,00002250601,ZEPBOUND  ,2024,4,true,,,
MCOU,MI,00002250680,ZEPBOUND  ,2024,4,false,7882.000,3942,3887420.18
FFSU,MI,00002250680,ZEPBOUND  ,2024,4,false,758.000,377,374751.46
FFSU,MI,00002245780,ZEPBOUND  ,2024,3,false,34.000,17,15528.48
MCOU,MI,00002245780,ZEPBOUND  ,2024,3,false,316.000,158,161673.82
MCOU,MI,00002246080,ZEPBOUND  ,2024,3,false,454.000,227,231070.70
FFSU,MI,00002246080,ZEPBOUND  ,2024,3,false,42.000,21,21638.33
FFSU,MI,00002247180,ZEPBOUND  ,2024,3,false,124.000,60,42438.17
MCOU,MI,00002247180,ZEPBOUND  ,2024,3,false,1283.000,641,650520.71
MCOU,MI,00002248401,ZEPBOUND  ,2024,3,true,,,
FFSU,MI,00002248480,ZEPBOUND  ,2024,3,false,278.000,139,106247.40
MCOU,MI,00002248480,ZEPBOUND  ,2024,3,false,2853.000,1426,1443041.51
MCOU,MI,00002249501,ZEPBOUND  ,2024,3,true,,,
MCOU,MI,00002249580,ZEPBOUND  ,2024,3,false,5196.000,2596,2625024.69
FFSU,MI,00002249580,ZEPBOUND  ,2024,3,false,480.000,240,186501.22
MCOU,MI,00002250601,ZEPBOUND  ,2024,3,true,,,
MCOU,MI,00002250680,ZEPBOUND  ,2024,3,false,5670.000,2834,2862339.82
FFSU,MI,00002250680,ZEPBOUND  ,2024,3,false,586.000,293,255079.01
MCOU,MI,00002245780,ZEPBOUND  ,2024,2,false,58.000,29,29830.32
FFSU,MI,00002245780,ZEPBOUND  ,2024,2,true,,,
FFSU,MI,00002246080,ZEPBOUND  ,2024,2,true,,,
MCOU,MI,00002246080,ZEPBOUND  ,2024,2,false,72.000,36,37006.27
MCOU,MI,00002247180,ZEPBOUND  ,2024,2,false,180.000,90,92692.58
FFSU,MI,00002247180,ZEPBOUND  ,2024,2,true,,,
MCOU,MI,00002248480,ZEPBOUND  ,2024,2,false,404.000,202,207058.99
FFSU,MI,00002248480,ZEPBOUND  ,2024,2,false,22.000,11,6400.53
MCOU,MI,00002249580,ZEPBOUND  ,2024,2,false,1434.000,715,732031.30
FFSU,MI,00002249580,ZEPBOUND  ,2024,2,false,108.000,54,37539.87
MCOU,MI,00002250601,ZEPBOUND  ,2024,2,true,,,
MCOU,MI,00002250680,ZEPBOUND  ,2024,2,false,3190.000,1594,1624394.54
FFSU,MI,00002250680,ZEPBOUND  ,2024,2,false,274.000,135,102856.74
MCOU,MI,00002245780,ZEPBOUND  ,2024,1,true,,,
FFSU,MI,00002246080,ZEPBOUND  ,2024,1,true,,,
MCOU,MI,00002246080,ZEPBOUND  ,2024,1,true,,,
MCOU,MI,00002247180,ZEPBOUND  ,2024,1,false,44.000,22,22768.07
MCOU,MI,00002248480,ZEPBOUND  ,2024,1,false,98.000,49,50919.36
FFSU,MI,00002248480,ZEPBOUND  ,2024,1,true,,,
FFSU,MI,00002249580,ZEPBOUND  ,2024,1,true,,,
MCOU,MI,00002249580,ZEPBOUND  ,2024,1,false,366.000,183,189753.18
MCOU,MI,00002250680,ZEPBOUND  ,2024,1,false,834.000,417,431286.58
FFSU,MI,00002250680,ZEPBOUND  ,2024,1,true,,,
MCOU,MN,00002245780,ZEPBOUND  ,2024,4,false,1184.000,582,605621.57
FFSU,MN,00002245780,ZEPBOUND  ,2024,4,false,40.000,20,11944.34
FFSU,MN,00002246080,ZEPBOUND  ,2024,4,true,,,
MCOU,MN,00002246080,ZEPBOUND  ,2024,4,false,936.000,464,478335.57
MCOU,MN,00002247101,ZEPBOUND  ,2024,4,true,,,
MCOU,MN,00002247180,ZEPBOUND  ,2024,4,false,1720.000,854,880173.58
FFSU,MN,00002247180,ZEPBOUND  ,2024,4,false,36.000,18,16875.31
FFSU,MN,00002248480,ZEPBOUND  ,2024,4,false,30.000,15,14709.32
MCOU,MN,00002248480,ZEPBOUND  ,2024,4,false,1864.500,932,956012.57
MCOU,MN,00002249580,ZEPBOUND  ,2024,4,false,1424.500,713,729158.59
FFSU,MN,00002249580,ZEPBOUND  ,2024,4,false,54.000,27,24272.54
MCOU,MN,00002250601,ZEPBOUND  ,2024,4,true,,,
MCOU,MN,00002250680,ZEPBOUND  ,2024,4,false,1628.000,814,834899.98
FFSU,MN,00002250680,ZEPBOUND  ,2024,4,false,114.000,57,55419.26
FFSU,MN,00002245780,ZEPBOUND  ,2024,3,false,22.000,11,11551.20
MCOU,MN,00002245780,ZEPBOUND  ,2024,3,false,666.000,331,341248.03
MCOU,MN,00002246001,ZEPBOUND  ,2024,3,true,,,
MCOU,MN,00002246080,ZEPBOUND  ,2024,3,false,582.000,289,300223.15
FFSU,MN,00002246080,ZEPBOUND  ,2024,3,false,22.000,11,11555.46
FFSU,MN,00002247180,ZEPBOUND  ,2024,3,false,24.000,12,12607.66
MCOU,MN,00002247180,ZEPBOUND  ,2024,3,false,1150.000,573,590743.44
MCOU,MN,00002248480,ZEPBOUND  ,2024,3,false,1562.000,779,803187.69
FFSU,MN,00002248480,ZEPBOUND  ,2024,3,false,28.000,14,14708.92
FFSU,MN,00002249580,ZEPBOUND  ,2024,3,false,38.000,19,20106.06
MCOU,MN,00002249580,ZEPBOUND  ,2024,3,false,2166.500,1078,1113324.34
FFSU,MN,00002250680,ZEPBOUND  ,2024,3,true,,,
MCOU,MN,00002250680,ZEPBOUND  ,2024,3,false,1588.500,795,817080.97
MCOU,MN,00002245780,ZEPBOUND  ,2024,2,false,188.000,94,95160.05
MCOU,MN,00002246080,ZEPBOUND  ,2024,2,false,194.000,95,99586.17
MCOU,MN,00002247180,ZEPBOUND  ,2024,2,false,384.000,190,196910.49
MCOU,MN,00002248480,ZEPBOUND  ,2024,2,false,716.000,354,368528.48
MCOU,MN,00002249501,ZEPBOUND  ,2024,2,true,,,
MCOU,MN,00002249580,ZEPBOUND  ,2024,2,false,1475.000,732,757698.03
FFSU,MN,00002250680,ZEPBOUND  ,2024,2,false,32.000,16,16786.04
MCOU,MN,00002250680,ZEPBOUND  ,2024,2,false,1782.000,889,914682.06
MCOU,MN,00002245780,ZEPBOUND  ,2024,1,false,32.000,16,16441.33
MCOU,MN,00002246080,ZEPBOUND  ,2024,1,false,62.000,31,31898.57
MCOU,MN,00002247180,ZEPBOUND  ,2024,1,false,188.000,92,94453.74
FFSU,MN,00002247180,ZEPBOUND  ,2024,1,true,,,
FFSU,MN,00002248480,ZEPBOUND  ,2024,1,true,,,
MCOU,MN,00002248480,ZEPBOUND  ,2024,1,false,338.000,169,170089.13
FFSU,MN,00002249580,ZEPBOUND  ,2024,1,false,24.000,12,12639.39
MCOU,MN,00002249580,ZEPBOUND  ,2024,1,false,922.000,455,473032.56
FFSU,MN,00002250680,ZEPBOUND  ,2024,1,false,28.000,14,14751.46
MCOU,MN,00002250680,ZEPBOUND  ,2024,1,false,1226.000,610,626305.96
MCOU,XX,00002015204,ZEPBOUND  ,2024,4,true,,,
MCOU,XX,00002024304,ZEPBOUND  ,2024,4,true,,,
MCOU,XX,00002245701,ZEPBOUND  ,2024,4,true,,,
FFSU,XX,00002245780,ZEPBOUND  ,2024,4,false,10798.000,5350,5580056.56
MCOU,XX,00002245780,ZEPBOUND  ,2024,4,false,6543.000,3226,3222925.67
MCOU,XX,00002246001,ZEPBOUND  ,2024,4,true,,,
FFSU,XX,00002246080,ZEPBOUND  ,2024,4,false,7796.000,3886,4024018.08
MCOU,XX,00002246080,ZEPBOUND  ,2024,4,false,7125.500,3538,3500249.49
MCOU,XX,00002247101,ZEPBOUND  ,2024,4,true,,,
FFSU,XX,00002247180,ZEPBOUND  ,2024,4,false,19267.000,9581,9992836.30
MCOU,XX,00002247180,ZEPBOUND  ,2024,4,false,15063.000,7473,7420655.13
MCOU,XX,00002248401,ZEPBOUND  ,2024,4,true,,,
FFSU,XX,00002248480,ZEPBOUND  ,2024,4,false,21329.000,10611,11008335.69
MCOU,XX,00002248480,ZEPBOUND  ,2024,4,false,21771.500,10826,10775028.95
MCOU,XX,00002249501,ZEPBOUND  ,2024,4,false,38.000,19,13520.38
FFSU,XX,00002249580,ZEPBOUND  ,2024,4,false,36889.500,18356,19079709.51
MCOU,XX,00002249580,ZEPBOUND  ,2024,4,false,35436.500,17636,17523998.33
MCOU,XX,00002250601,ZEPBOUND  ,2024,4,false,68.000,35,34081.93
FFSU,XX,00002250680,ZEPBOUND  ,2024,4,false,46026.000,22967,23774663.30
MCOU,XX,00002250680,ZEPBOUND  ,2024,4,false,36957.500,18470,18408055.28
MCOU,XX,00002245701,ZEPBOUND  ,2024,3,true,,,
FFSU,XX,00002245780,ZEPBOUND  ,2024,3,false,5901.500,2833,3048639.60
MCOU,XX,00002245780,ZEPBOUND  ,2024,3,false,2530.000,1253,1244606.25
MCOU,XX,00002246001,ZEPBOUND  ,2024,3,true,,,
FFSU,XX,00002246080,ZEPBOUND  ,2024,3,false,5212.500,2549,2699119.41
MCOU,XX,00002246080,ZEPBOUND  ,2024,3,false,2944.000,1456,1440599.26
MCOU,XX,00002247101,ZEPBOUND  ,2024,3,true,,,
FFSU,XX,00002247180,ZEPBOUND  ,2024,3,false,10498.000,5157,5427732.31
MCOU,XX,00002247180,ZEPBOUND  ,2024,3,false,6508.000,3221,3205450.86
MCOU,XX,00002248401,ZEPBOUND  ,2024,3,true,,,
FFSU,XX,00002248480,ZEPBOUND  ,2024,3,false,18956.500,9207,9777351.06
MCOU,XX,00002248480,ZEPBOUND  ,2024,3,false,13061.500,6505,6362294.63
MCOU,XX,00002249501,ZEPBOUND  ,2024,3,false,24.000,12,10195.67
FFSU,XX,00002249580,ZEPBOUND  ,2024,3,false,26721.000,13011,13766729.19
MCOU,XX,00002249580,ZEPBOUND  ,2024,3,false,20764.000,10345,10193137.84
MCOU,XX,00002250601,ZEPBOUND  ,2024,3,false,34.000,18,13231.43
FFSU,XX,00002250680,ZEPBOUND  ,2024,3,false,20151.000,9870,10370671.49
MCOU,XX,00002250680,ZEPBOUND  ,2024,3,false,21141.000,10560,10444540.05
FFSU,XX,00002245780,ZEPBOUND  ,2024,2,false,1635.000,775,842163.48
MCOU,XX,00002245780,ZEPBOUND  ,2024,2,false,692.000,346,338790.94
MCOU,XX,00002246001,ZEPBOUND  ,2024,2,true,,,
FFSU,XX,00002246080,ZEPBOUND  ,2024,2,false,1882.500,923,972696.79
MCOU,XX,00002246080,ZEPBOUND  ,2024,2,false,982.000,483,482305.52
FFSU,XX,00002247180,ZEPBOUND  ,2024,2,false,4084.500,1998,2111907.63
MCOU,XX,00002247180,ZEPBOUND  ,2024,2,false,1818.000,905,884857.04
MCOU,XX,00002248401,ZEPBOUND  ,2024,2,true,,,
FFSU,XX,00002248480,ZEPBOUND  ,2024,2,false,5964.000,2947,3091234.81
MCOU,XX,00002248480,ZEPBOUND  ,2024,2,false,3646.000,1824,1756885.94
MCOU,XX,00002249501,ZEPBOUND  ,2024,2,true,,,
FFSU,XX,00002249580,ZEPBOUND  ,2024,2,false,15566.000,7624,8045315.70
MCOU,XX,00002249580,ZEPBOUND  ,2024,2,false,9521.500,4749,4609300.62
MCOU,XX,00002250601,ZEPBOUND  ,2024,2,false,23.000,13,5638.70
FFSU,XX,00002250680,ZEPBOUND  ,2024,2,false,23341.000,11399,12018328.76
MCOU,XX,00002250680,ZEPBOUND  ,2024,2,false,17023.500,8485,8218745.49
MCOU,XX,00002245701,ZEPBOUND  ,2024,1,true,,,
FFSU,XX,00002245780,ZEPBOUND  ,2024,1,false,353.000,154,185384.20
MCOU,XX,00002245780,ZEPBOUND  ,2024,1,false,70.000,35,35952.47
FFSU,XX,00002246080,ZEPBOUND  ,2024,1,false,428.000,194,225337.74
MCOU,XX,00002246080,ZEPBOUND  ,2024,1,false,194.000,98,97281.03
FFSU,XX,00002247180,ZEPBOUND  ,2024,1,false,1074.500,525,564688.13
MCOU,XX,00002247180,ZEPBOUND  ,2024,1,false,642.000,314,304158.25
FFSU,XX,00002248480,ZEPBOUND  ,2024,1,false,2153.500,1040,1137808.64
MCOU,XX,00002248480,ZEPBOUND  ,2024,1,false,1236.000,610,566066.67
MCOU,XX,00002249501,ZEPBOUND  ,2024,1,true,,,
FFSU,XX,00002249580,ZEPBOUND  ,2024,1,false,8740.500,4262,4601547.42
MCOU,XX,00002249580,ZEPBOUND  ,2024,1,false,4626.000,2307,2151971.10
MCOU,XX,00002250601,ZEPBOUND  ,2024,1,true,,,
FFSU,XX,00002250680,ZEPBOUND  ,2024,1,false,17488.500,8589,9071254.99
MCOU,XX,00002250680,ZEPBOUND  ,2024,1,false,7937.500,3978,3693761.09
MCOU,NC,00002245780,ZEPBOUND  ,2024,3,false,30.000,13,15384.31
MCOU,NC,00002246080,ZEPBOUND  ,2024,3,true,,,
MCOU,NC,00002247180,ZEPBOUND  ,2024,3,false,61.000,31,31298.41
MCOU,NC,00002248480,ZEPBOUND  ,2024,3,false,108.000,48,55413.36
FFSU,NC,00002248480,ZEPBOUND  ,2024,3,true,,,
MCOU,NC,00002249580,ZEPBOUND  ,2024,3,false,147.000,72,75660.54
MCOU,NC,00002250680,ZEPBOUND  ,2024,3,false,295.000,148,151499.35
FFSU,NC,00002250680,ZEPBOUND  ,2024,3,true,,,
MCOU,NC,00002245780,ZEPBOUND  ,2024,2,true,,,
FFSU,NC,00002250680,ZEPBOUND  ,2024,2,true,,,
MCOU,NC,00002250680,ZEPBOUND  ,2024,2,true,,,
MCOU,NE,00002250680,ZEPBOUND  ,2024,2,true,,,
MCOU,NH,00002245780,ZEPBOUND  ,2024,4,false,90.000,45,44349.39
MCOU,NH,00002246080,ZEPBOUND  ,2024,4,false,110.000,55,53044.88
MCOU,NH,00002247180,ZEPBOUND  ,2024,4,false,226.000,113,100341.84
MCOU,NH,00002248480,ZEPBOUND  ,2024,4,false,372.000,184,177328.87
MCOU,NH,00002249580,ZEPBOUND  ,2024,4,false,476.000,238,226387.62
MCOU,NH,00002250680,ZEPBOUND  ,2024,4,false,356.000,178,165457.21
MCOU,NH,00002245780,ZEPBOUND  ,2024,3,false,26.000,13,11101.70
MCOU,NH,00002246080,ZEPBOUND  ,2024,3,false,46.000,23,22909.39
MCOU,NH,00002247180,ZEPBOUND  ,2024,3,false,88.000,44,42846.25
MCOU,NH,00002248480,ZEPBOUND  ,2024,3,false,228.000,114,108494.26
MCOU,NH,00002249580,ZEPBOUND  ,2024,3,false,318.000,159,153044.38
MCOU,NH,00002250680,ZEPBOUND  ,2024,3,false,226.000,113,105263.54
MCOU,NH,00002245780,ZEPBOUND  ,2024,2,true,,,
MCOU,NH,00002246080,ZEPBOUND  ,2024,2,true,,,
MCOU,NH,00002247180,ZEPBOUND  ,2024,2,true,,,
MCOU,NH,00002248480,ZEPBOUND  ,2024,2,false,56.000,28,28090.20
MCOU,NH,00002249580,ZEPBOUND  ,2024,2,false,192.500,97,86963.59
MCOU,NH,00002250680,ZEPBOUND  ,2024,2,false,202.000,101,92407.16
MCOU,NH,00002247180,ZEPBOUND  ,2024,1,true,,,
MCOU,NH,00002248480,ZEPBOUND  ,2024,1,true,,,
MCOU,NH,00002249580,ZEPBOUND  ,2024,1,false,84.000,42,42300.36
MCOU,NH,00002250680,ZEPBOUND  ,2024,1,false,134.000,66,65638.38
MCOU,NJ,00002248480,ZEPBOUND  ,2024,4,true,,,
MCOU,NJ,00002249580,ZEPBOUND  ,2024,4,true,,,
MCOU,NJ,00002250680,ZEPBOUND  ,2024,4,true,,,
MCOU,NJ,00002246080,ZEPBOUND  ,2024,3,true,,,
MCOU,NJ,00002249580,ZEPBOUND  ,2024,3,true,,,
MCOU,NJ,00002250680,ZEPBOUND  ,2024,3,true,,,
FFSU,NM,00002245780,ZEPBOUND 1,2024,4,true,,,
FFSU,NM,00002246080,ZEPBOUND 1,2024,4,true,,,
FFSU,NM,00002247180,ZEPBOUND 1,2024,4,true,,,
FFSU,NM,00002248480,ZEPBOUND 7,2024,4,true,,,
FFSU,NM,00002249580,ZEPBOUND 5,2024,4,false,26.000,13,13102.83
MCOU,NM,00002249580,ZEPBOUND 5,2024,4,true,,,
FFSU,NM,00002250680,ZEPBOUND 2,2024,4,false,32.000,16,15578.22
FFSU,NM,00002245780,ZEPBOUND 1,2024,3,true,,,
FFSU,NM,00002247180,ZEPBOUND 1,2024,3,true,,,
FFSU,NM,00002248480,ZEPBOUND 7,2024,3,true,,,
FFSU,NM,00002249580,ZEPBOUND 5,2024,3,true,,,
FFSU,NM,00002250680,ZEPBOUND 2,2024,3,true,,,
FFSU,NM,00002245780,ZEPBOUND 1,2024,2,true,,,
FFSU,NM,00002246080,ZEPBOUND 1,2024,2,true,,,
FFSU,NM,00002247180,ZEPBOUND 1,2024,2,true,,,
FFSU,NM,00002248480,ZEPBOUND 7,2024,2,true,,,
FFSU,NM,00002249580,ZEPBOUND 5,2024,2,true,,,
FFSU,NM,00002250680,ZEPBOUND 2,2024,2,true,,,
MCOU,NM,00002245701,ZEPBOUND 1,2024,1,true,,,
FFSU,NM,00002245780,ZEPBOUND 1,2024,1,true,,,
FFSU,NM,00002248480,ZEPBOUND 7,2024,1,true,,,
FFSU,NM,00002249580,ZEPBOUND 5,2024,1,true,,,
FFSU,NM,00002250680,ZEPBOUND 2,2024,1,true,,,
MCOU,OH,00002245780,ZEPBOUND  ,2024,4,true,,,
MCOU,OH,00002248480,ZEPBOUND  ,2024,4,true,,,
MCOU,OH,00002249580,ZEPBOUND  ,2024,4,true,,,
MCOU,OH,00002250680,ZEPBOUND  ,2024,4,false,34.000,17,17487.26
MCOU,OH,00002245780,ZEPBOUND  ,2024,3,true,,,
MCOU,OH,00002246080,ZEPBOUND  ,2024,3,true,,,
MCOU,OH,00002247180,ZEPBOUND  ,2024,3,true,,,
MCOU,OH,00002249580,ZEPBOUND  ,2024,3,true,,,
MCOU,OH,00002250680,ZEPBOUND  ,2024,3,true,,,
MCOU,OH,00002247180,ZEPBOUND  ,2024,2,true,,,
MCOU,OH,00002248480,ZEPBOUND  ,2024,2,true,,,
MCOU,OH,00002249580,ZEPBOUND  ,2024,2,true,,,
MCOU,OH,00002250680,ZEPBOUND  ,2024,2,true,,,
FFSU,OH,00002250680,ZEPBOUND  ,2024,2,true,,,
MCOU,OH,00002249580,ZEPBOUND  ,2024,1,true,,,
MCOU,OH,00002250680,ZEPBOUND  ,2024,1,true,,,
MCOU,OR,00002249580,ZEPBOUND  ,2024,4,true,,,
MCOU,OR,00002250680,ZEPBOUND  ,2024,4,true,,,
MCOU,OR,00002248480,ZEPBOUND  ,2024,3,true,,,
MCOU,OR,00002249580,ZEPBOUND  ,2024,3,true,,,
MCOU,OR,00002250680,ZEPBOUND  ,2024,3,true,,,
MCOU,OR,00002250680,ZEPBOUND  ,2024,2,true,,,
MCOU,OR,00002245780,ZEPBOUND  ,2024,1,true,,,
MCOU,OR,00002247180,ZEPBOUND  ,2024,1,true,,,
MCOU,PA,00002015204,ZEPBOUND  ,2024,4,true,,,
MCOU,PA,00002245701,ZEPBOUND  ,2024,4,true,,,
FFSU,PA,00002245780,ZEPBOUND  ,2024,4,true,,,
MCOU,PA,00002245780,ZEPBOUND  ,2024,4,false,2241.000,1099,1140497.92
MCOU,PA,00002246001,ZEPBOUND  ,2024,4,true,,,
FFSU,PA,00002246080,ZEPBOUND  ,2024,4,false,30.000,15,15344.21
MCOU,PA,00002246080,ZEPBOUND  ,2024,4,false,2640.000,1297,1344479.37
MCOU,PA,00002247101,ZEPBOUND  ,2024,4,true,,,
MCOU,PA,00002247180,ZEPBOUND  ,2024,4,false,5586.000,2735,2840831.15
FFSU,PA,00002247180,ZEPBOUND  ,2024,4,false,84.000,40,43025.61
MCOU,PA,00002248401,ZEPBOUND  ,2024,4,true,,,
FFSU,PA,00002248480,ZEPBOUND  ,2024,4,false,82.000,41,41974.74
MCOU,PA,00002248480,ZEPBOUND  ,2024,4,false,8134.000,3998,4136849.64
MCOU,PA,00002249501,ZEPBOUND  ,2024,4,true,,,
FFSU,PA,00002249580,ZEPBOUND  ,2024,4,false,136.000,62,69538.71
MCOU,PA,00002249580,ZEPBOUND  ,2024,4,false,13481.000,6644,6861924.73
MCOU,PA,00002250601,ZEPBOUND  ,2024,4,true,,,
MCOU,PA,00002250680,ZEPBOUND  ,2024,4,false,12680.500,6294,6464527.06
FFSU,PA,00002250680,ZEPBOUND  ,2024,4,false,114.000,57,58494.35
MCOU,PA,00002245701,ZEPBOUND  ,2024,3,true,,,
MCOU,PA,00002245780,ZEPBOUND  ,2024,3,false,838.000,411,429183.25
MCOU,PA,00002246001,ZEPBOUND  ,2024,3,true,,,
FFSU,PA,00002246080,ZEPBOUND  ,2024,3,true,,,
MCOU,PA,00002246080,ZEPBOUND  ,2024,3,false,1090.000,530,557063.92
MCOU,PA,00002247101,ZEPBOUND  ,2024,3,true,,,
FFSU,PA,00002247180,ZEPBOUND  ,2024,3,true,,,
MCOU,PA,00002247180,ZEPBOUND  ,2024,3,false,2325.000,1127,1186719.64
MCOU,PA,00002248401,ZEPBOUND  ,2024,3,true,,,
FFSU,PA,00002248480,ZEPBOUND  ,2024,3,false,36.000,18,18397.94
MCOU,PA,00002248480,ZEPBOUND  ,2024,3,false,5132.500,2536,2627062.11
MCOU,PA,00002249501,ZEPBOUND  ,2024,3,true,,,
FFSU,PA,00002249580,ZEPBOUND  ,2024,3,false,78.000,39,39761.91
MCOU,PA,00002249580,ZEPBOUND  ,2024,3,false,8434.000,4162,4319407.13
MCOU,PA,00002250601,ZEPBOUND  ,2024,3,true,,,
MCOU,PA,00002250680,ZEPBOUND  ,2024,3,false,9248.000,4575,4741059.23
FFSU,PA,00002250680,ZEPBOUND  ,2024,3,false,68.000,34,34777.18
MCOU,PA,00002245780,ZEPBOUND  ,2024,2,false,168.000,82,86288.80
MCOU,PA,00002246080,ZEPBOUND  ,2024,2,false,384.000,186,197013.82
FFSU,PA,00002247180,ZEPBOUND  ,2024,2,true,,,
MCOU,PA,00002247180,ZEPBOUND  ,2024,2,false,688.000,341,351792.58
MCOU,PA,00002248480,ZEPBOUND  ,2024,2,false,1316.000,656,674388.56
FFSU,PA,00002248480,ZEPBOUND  ,2024,2,true,,,
FFSU,PA,00002249580,ZEPBOUND  ,2024,2,false,36.000,18,18346.50
MCOU,PA,00002249580,ZEPBOUND  ,2024,2,false,3716.000,1836,1902808.06
MCOU,PA,00002250601,ZEPBOUND  ,2024,2,true,,,
MCOU,PA,00002250680,ZEPBOUND  ,2024,2,false,7129.000,3503,3643788.83
FFSU,PA,00002250680,ZEPBOUND  ,2024,2,false,76.000,36,38653.98
MCOU,PA,00002245780,ZEPBOUND  ,2024,1,true,,,
MCOU,PA,00002246080,ZEPBOUND  ,2024,1,false,54.000,27,27660.67
FFSU,PA,00002246080,ZEPBOUND  ,2024,1,true,,,
MCOU,PA,00002247180,ZEPBOUND  ,2024,1,false,156.000,76,79894.07
FFSU,PA,00002248480,ZEPBOUND  ,2024,1,true,,,
MCOU,PA,00002248480,ZEPBOUND  ,2024,1,false,310.000,151,157619.03
FFSU,PA,00002249580,ZEPBOUND  ,2024,1,false,22.000,11,11250.11
MCOU,PA,00002249580,ZEPBOUND  ,2024,1,false,1484.000,733,758565.66
MCOU,PA,00002250680,ZEPBOUND  ,2024,1,false,2613.000,1303,1337922.70
FFSU,PA,00002250680,ZEPBOUND  ,2024,1,false,36.000,18,18372.14
MCOU,PR,00002246080,ZEPBOUND  ,2024,4,true,,,
MCOU,PR,00002247101,ZEPBOUND  ,2024,4,true,,,
MCOU,PR,00002247180,ZEPBOUND  ,2024,4,false,30.000,15,16281.34
MCOU,PR,00002248401,ZEPBOUND  ,2024,4,true,,,
MCOU,PR,00002248480,ZEPBOUND  ,2024,4,false,72.000,36,39169.26
MCOU,PR,00002249501,ZEPBOUND  ,2024,4,true,,,
MCOU,PR,00002249580,ZEPBOUND  ,2024,4,false,876.000,438,476389.98
MCOU,PR,00002250601,ZEPBOUND  ,2024,4,false,47.000,24,25751.83
MCOU,PR,00002250680,ZEPBOUND  ,2024,4,false,1186.000,593,646283.85
MCOU,PR,00002248480,ZEPBOUND  ,2024,3,true,,,
MCOU,PR,00002249580,ZEPBOUND  ,2024,3,true,,,
MCOU,PR,00002250601,ZEPBOUND  ,2024,3,true,,,
MCOU,PR,00002250680,ZEPBOUND  ,2024,3,false,40.000,20,21794.64
FFSU,RI,00002245780,ZEPBOUND  ,2024,4,true,,,
MCOU,RI,00002245780,ZEPBOUND  ,2024,4,false,148.000,72,67374.03
FFSU,RI,00002246080,ZEPBOUND  ,2024,4,true,,,
MCOU,RI,00002246080,ZEPBOUND  ,2024,4,false,110.000,55,54588.04
FFSU,RI,00002247180,ZEPBOUND  ,2024,4,true,,,
MCOU,RI,00002247180,ZEPBOUND  ,2024,4,false,256.000,128,127054.63
FFSU,RI,00002248480,ZEPBOUND  ,2024,4,true,,,
MCOU,RI,00002248480,ZEPBOUND  ,2024,4,false,232.000,116,115699.59
FFSU,RI,00002249580,ZEPBOUND  ,2024,4,true,,,
MCOU,RI,00002249580,ZEPBOUND  ,2024,4,false,230.000,115,102307.22
MCOU,RI,00002250680,ZEPBOUND  ,2024,4,false,172.000,86,85293.73
FFSU,RI,00002250680,ZEPBOUND  ,2024,4,true,,,
MCOU,RI,00002245780,ZEPBOUND  ,2024,3,false,100.000,50,46538.15
MCOU,RI,00002246080,ZEPBOUND  ,2024,3,false,80.000,40,39417.25
MCOU,RI,00002247180,ZEPBOUND  ,2024,3,false,130.000,65,64779.20
FFSU,RI,00002247180,ZEPBOUND  ,2024,3,true,,,
MCOU,RI,00002248480,ZEPBOUND  ,2024,3,false,222.000,110,106709.40
FFSU,RI,00002249580,ZEPBOUND  ,2024,3,true,,,
MCOU,RI,00002249580,ZEPBOUND  ,2024,3,false,210.000,105,99744.45
FFSU,RI,00002250680,ZEPBOUND  ,2024,3,true,,,
MCOU,RI,00002250680,ZEPBOUND  ,2024,3,false,138.000,67,63620.05
MCOU,RI,00002245780,ZEPBOUND  ,2024,2,false,42.000,21,19895.46
MCOU,RI,00002246080,ZEPBOUND  ,2024,2,false,48.000,24,23761.71
MCOU,RI,00002247180,ZEPBOUND  ,2024,2,false,90.000,45,45818.46
MCOU,RI,00002248480,ZEPBOUND  ,2024,2,false,132.000,66,66582.69
MCOU,RI,00002249501,ZEPBOUND  ,2024,2,true,,,
MCOU,RI,00002249580,ZEPBOUND  ,2024,2,false,166.000,82,81051.47
MCOU,RI,00002250680,ZEPBOUND  ,2024,2,false,225.000,112,111056.90
FFSU,RI,00002250680,ZEPBOUND  ,2024,2,true,,,
MCOU,RI,00002245780,ZEPBOUND  ,2024,1,true,,,
MCOU,RI,00002246080,ZEPBOUND  ,2024,1,true,,,
MCOU,RI,00002247180,ZEPBOUND  ,2024,1,false,22.000,11,11216.82
MCOU,RI,00002248480,ZEPBOUND  ,2024,1,false,44.000,22,22384.28
FFSU,RI,00002249580,ZEPBOUND  ,2024,1,true,,,
MCOU,RI,00002249580,ZEPBOUND  ,2024,1,false,166.000,83,84493.60
MCOU,RI,00002250680,ZEPBOUND  ,2024,1,false,280.000,140,142770.09
FFSU,RI,00002250680,ZEPBOUND  ,2024,1,true,,,
MCOU,SC,00002245780,ZEPBOUND  ,2024,4,true,,,
MCOU,SC,00002246080,ZEPBOUND  ,2024,4,true,,,
MCOU,SC,00002247180,ZEPBOUND  ,2024,4,true,,,
MCOU,SC,00002248480,ZEPBOUND  ,2024,4,true,,,
MCOU,SC,00002249580,ZEPBOUND  ,2024,4,true,,,
MCOU,SC,00002250680,ZEPBOUND  ,2024,4,true,,,
MCOU,SC,00002248480,ZEPBOUND  ,2024,3,true,,,
MCOU,SC,00002249580,ZEPBOUND  ,2024,3,true,,,
MCOU,SC,00002250680,ZEPBOUND  ,2024,3,true,,,
MCOU,SC,00002246080,ZEPBOUND  ,2024,2,true,,,
MCOU,SC,00002249580,ZEPBOUND  ,2024,2,true,,,
MCOU,SC,00002250680,ZEPBOUND  ,2024,2,true,,,
MCOU,SC,00002247180,ZEPBOUND  ,2024,1,true,,,
MCOU,SC,00002249580,ZEPBOUND  ,2024,1,true,,,
MCOU,SC,00002250680,ZEPBOUND  ,2024,1,true,,,
FFSU,TN,00002245780,ZEPBOUND  ,2024,4,true,,,
FFSU,TN,00002246080,ZEPBOUND  ,2024,4,true,,,
FFSU,TN,00002247180,ZEPBOUND  ,2024,4,false,42.000,21,21655.58
FFSU,TN,00002248480,ZEPBOUND  ,2024,4,false,38.000,19,19583.46
FFSU,TN,00002249580,ZEPBOUND  ,2024,4,false,86.000,43,44348.22
FFSU,TN,00002250680,ZEPBOUND  ,2024,4,false,116.000,58,59849.92
FFSU,TN,00002245780,ZEPBOUND  ,2024,3,true,,,
FFSU,TN,00002246080,ZEPBOUND  ,2024,3,true,,,
FFSU,TN,00002247180,ZEPBOUND  ,2024,3,true,,,
FFSU,TN,00002248480,ZEPBOUND  ,2024,3,false,30.000,15,15464.86
FFSU,TN,00002249580,ZEPBOUND  ,2024,3,false,89.000,45,45895.11
FFSU,TN,00002250680,ZEPBOUND  ,2024,3,false,80.000,40,41302.57
FFSU,TN,00002245780,ZEPBOUND  ,2024,2,true,,,
FFSU,TN,00002246080,ZEPBOUND  ,2024,2,true,,,
FFSU,TN,00002247180,ZEPBOUND  ,2024,2,true,,,
FFSU,TN,00002248480,ZEPBOUND  ,2024,2,true,,,
FFSU,TN,00002249580,ZEPBOUND  ,2024,2,false,48.000,24,24732.31
FFSU,TN,00002250680,ZEPBOUND  ,2024,2,false,114.000,57,58656.83
FFSU,TN,00002245780,ZEPBOUND  ,2024,1,true,,,
FFSU,TN,00002247180,ZEPBOUND  ,2024,1,true,,,
FFSU,TN,00002248480,ZEPBOUND  ,2024,1,true,,,
FFSU,TN,00002249580,ZEPBOUND  ,2024,1,false,22.000,11,11349.53
FFSU,TN,00002250680,ZEPBOUND  ,2024,1,false,64.000,32,32902.14
MCOU,TX,00002249580,ZEPBOUND 5,2024,4,true,,,
MCOU,VA,00002245780,ZEPBOUND  ,2024,4,false,486.000,243,245473.88
FFSU,VA,00002245780,ZEPBOUND  ,2024,4,true,,,
MCOU,VA,00002246080,ZEPBOUND  ,2024,4,false,402.000,200,203311.30
MCOU,VA,00002247180,ZEPBOUND  ,2024,4,false,822.000,409,415823.97
MCOU,VA,00002248480,ZEPBOUND  ,2024,4,false,844.000,421,426868.76
FFSU,VA,00002248480,ZEPBOUND  ,2024,4,true,,,
FFSU,VA,00002249580,ZEPBOUND  ,2024,4,true,,,
MCOU,VA,00002249580,ZEPBOUND  ,2024,4,false,930.000,461,469577.73
MCOU,VA,00002250680,ZEPBOUND  ,2024,4,false,673.000,333,339312.12
FFSU,VA,00002250680,ZEPBOUND  ,2024,4,true,,,
FFSU,VA,00002245780,ZEPBOUND  ,2024,3,true,,,
MCOU,VA,00002245780,ZEPBOUND  ,2024,3,false,340.000,170,171530.22
MCOU,VA,00002246080,ZEPBOUND  ,2024,3,false,306.000,153,154198.78
MCOU,VA,00002247180,ZEPBOUND  ,2024,3,false,642.000,321,324163.71
FFSU,VA,00002247180,ZEPBOUND  ,2024,3,true,,,
MCOU,VA,00002248480,ZEPBOUND  ,2024,3,false,1048.000,524,528137.74
MCOU,VA,00002249501,ZEPBOUND  ,2024,3,true,,,
FFSU,VA,00002249580,ZEPBOUND  ,2024,3,true,,,
MCOU,VA,00002249580,ZEPBOUND  ,2024,3,false,1187.000,588,599638.12
MCOU,VA,00002250680,ZEPBOUND  ,2024,3,false,762.500,378,384426.38
FFSU,VA,00002250680,ZEPBOUND  ,2024,3,true,,,
MCOU,VA,00002245780,ZEPBOUND  ,2024,2,false,148.000,74,74723.20
MCOU,VA,00002246080,ZEPBOUND  ,2024,2,false,170.000,85,85696.09
FFSU,VA,00002247180,ZEPBOUND  ,2024,2,true,,,
MCOU,VA,00002247180,ZEPBOUND  ,2024,2,false,284.000,142,143041.29
MCOU,VA,00002248480,ZEPBOUND  ,2024,2,false,508.000,252,256764.73
FFSU,VA,00002248480,ZEPBOUND  ,2024,2,true,,,
MCOU,VA,00002249501,ZEPBOUND  ,2024,2,true,,,
FFSU,VA,00002249580,ZEPBOUND  ,2024,2,true,,,
MCOU,VA,00002249580,ZEPBOUND  ,2024,2,false,1102.000,547,555365.28
FFSU,VA,00002250680,ZEPBOUND  ,2024,2,true,,,
MCOU,VA,00002250680,ZEPBOUND  ,2024,2,false,1206.000,601,608488.70
MCOU,VA,00002245780,ZEPBOUND  ,2024,1,true,,,
MCOU,VA,00002246080,ZEPBOUND  ,2024,1,false,48.000,24,24394.72
MCOU,VA,00002247180,ZEPBOUND  ,2024,1,false,144.000,72,73080.30
MCOU,VA,00002248480,ZEPBOUND  ,2024,1,false,252.000,126,128110.38
MCOU,VA,00002249501,ZEPBOUND  ,2024,1,true,,,
FFSU,VA,00002249580,ZEPBOUND  ,2024,1,true,,,
MCOU,VA,00002249580,ZEPBOUND  ,2024,1,false,979.000,489,498847.68
FFSU,VA,00002250680,ZEPBOUND  ,2024,1,true,,,
MCOU,VA,00002250680,ZEPBOUND  ,2024,1,false,1608.000,802,829347.40
FFSU,VT,00002250680,ZEPBOUND  ,2024,4,true,,,
FFSU,VT,00002250680,ZEPBOUND  ,2024,3,true,,,
MCOU,WA,00002248480,ZEPBOUND 7,2024,2,true,,,
MCOU,WA,00002249580,ZEPBOUND 5,2024,2,true,,,
MCOU,WA,00002250680,ZEPBOUND 2,2024,2,true,,,
MCOU,WA,00002249580,ZEPBOUND  ,2024,1,true,,,
MCOU,WA,00002250680,ZEPBOUND  ,2024,1,true,,,
FFSU,WI,00002245780,ZEPBOUND  ,2024,4,false,4264.000,2126,2211761.49
FFSU,WI,00002246080,ZEPBOUND  ,2024,4,false,1447.500,724,750556.13
FFSU,WI,00002247180,ZEPBOUND  ,2024,4,false,7500.000,3750,3923763.82
FFSU,WI,00002248480,ZEPBOUND  ,2024,4,false,5050.500,2524,2626283.01
FFSU,WI,00002249580,ZEPBOUND  ,2024,4,false,9694.500,4843,5056000.27
FFSU,WI,00002250680,ZEPBOUND  ,2024,4,false,6285.000,3138,3271323.16
FFSU,WI,00002245780,ZEPBOUND  ,2024,3,false,2196.500,1095,1136843.88
FFSU,WI,00002246080,ZEPBOUND  ,2024,3,false,1454.500,727,757161.97
FFSU,WI,00002247180,ZEPBOUND  ,2024,3,false,4396.500,2200,2299723.53
FFSU,WI,00002248480,ZEPBOUND  ,2024,3,false,5315.000,2655,2772352.78
FFSU,WI,00002249580,ZEPBOUND  ,2024,3,false,7750.000,3873,4033267.05
FFSU,WI,00002250680,ZEPBOUND  ,2024,3,false,6138.500,3064,3180809.84
FFSU,WI,00002245780,ZEPBOUND  ,2024,2,false,546.000,273,281755.96
FFSU,WI,00002246080,ZEPBOUND  ,2024,2,false,818.000,409,424444.02
FFSU,WI,00002247180,ZEPBOUND  ,2024,2,false,1528.500,762,794844.70
FFSU,WI,00002248480,ZEPBOUND  ,2024,2,false,3130.000,1565,1632928.51
FFSU,WI,00002249580,ZEPBOUND  ,2024,2,false,6089.500,3036,3177912.04
FFSU,WI,00002250680,ZEPBOUND  ,2024,2,false,8033.500,3986,4169800.45
FFSU,WI,00002245780,ZEPBOUND  ,2024,1,false,36.000,18,18720.28
FFSU,WI,00002246080,ZEPBOUND  ,2024,1,false,62.000,31,32331.50
FFSU,WI,00002247180,ZEPBOUND  ,2024,1,false,276.000,138,144741.15
FFSU,WI,00002248480,ZEPBOUND  ,2024,1,false,543.000,272,288281.36
FFSU,WI,00002249580,ZEPBOUND  ,2024,1,false,3318.000,1655,1746478.98
FFSU,WI,00002250680,ZEPBOUND  ,2024,1,false,5427.500,2706,2827849.47
FFSU,AK,00002143380,TRULICITY ,2024,4,false,226.000,108,106607.76
FFSU,AK,00002143480,TRULICITY ,2024,4,false,216.000,108,102247.58
FFSU,AK,00002223680,TRULICITY ,2024,4,false,150.500,76,70955.67
FFSU,AK,00002318280,TRULICITY ,2024,4,false,150.000,75,71046.65
FFSU,AK,00002143380,TRULICITY ,2024,3,false,198.000,99,93322.78
FFSU,AK,00002143480,TRULICITY ,2024,3,false,250.000,125,118050.52
FFSU,AK,00002223680,TRULICITY ,2024,3,false,190.500,96,90024.13
FFSU,AK,00002318280,TRULICITY ,2024,3,false,152.000,76,72321.16
FFSU,AK,00002143380,TRULICITY ,2024,2,false,224.000,110,105429.01
FFSU,AK,00002143480,TRULICITY ,2024,2,false,246.000,123,115684.31
FFSU,AK,00002223680,TRULICITY ,2024,2,false,222.000,109,104008.96
FFSU,AK,00002318280,TRULICITY ,2024,2,false,128.000,64,60465.87
FFSU,AK,00002143380,TRULICITY ,2024,1,false,274.000,140,128387.20
FFSU,AK,00002143480,TRULICITY ,2024,1,false,240.500,121,112448.48
FFSU,AK,00002223680,TRULICITY ,2024,1,false,287.000,145,132574.29
FFSU,AK,00002318280,TRULICITY ,2024,1,false,246.000,123,115635.22
FFSU,AL,00002143301,TRULICITY ,2024,4,true,,,
FFSU,AL,00002143380,TRULICITY ,2024,4,false,2635.000,1320,1286790.82
FFSU,AL,00002143401,TRULICITY ,2024,4,true,,,
FFSU,AL,00002143480,TRULICITY ,2024,4,false,2779.000,1381,1356202.01
FFSU,AL,00002223680,TRULICITY ,2024,4,false,2390.000,1192,1152684.53
FFSU,AL,00002318201,TRULICITY ,2024,4,true,,,
FFSU,AL,00002318280,TRULICITY ,2024,4,false,1420.000,708,691569.74
FFSU,AL,00002143301,TRULICITY ,2024,3,true,,,
FFSU,AL,00002143380,TRULICITY ,2024,3,false,3113.500,1566,1511645.75
FFSU,AL,00002143401,TRULICITY ,2024,3,true,,,
FFSU,AL,00002143480,TRULICITY ,2024,3,false,3228.000,1609,1560003.75
FFSU,AL,00002223680,TRULICITY ,2024,3,false,2068.500,1035,1004291.83
FFSU,AL,00002318201,TRULICITY ,2024,3,true,,,
FFSU,AL,00002318280,TRULICITY ,2024,3,false,1375.000,690,665388.16
FFSU,AL,00002143301,TRULICITY ,2024,2,true,,,
FFSU,AL,00002143380,TRULICITY ,2024,2,false,4651.000,2330,2255400.62
FFSU,AL,00002143401,TRULICITY ,2024,2,true,,,
FFSU,AL,00002143480,TRULICITY ,2024,2,false,3137.500,1574,1521617.60
FFSU,AL,00002223601,TRULICITY ,2024,2,true,,,
FFSU,AL,00002223680,TRULICITY ,2024,2,false,2726.500,1366,1328082.64
FFSU,AL,00002318201,TRULICITY ,2024,2,true,,,
FFSU,AL,00002318280,TRULICITY ,2024,2,false,1066.000,532,532311.17
FFSU,AL,00002143301,TRULICITY ,2024,1,true,,,
FFSU,AL,00002143380,TRULICITY ,2024,1,false,6039.000,3030,2890468.63
FFSU,AL,00002143401,TRULICITY ,2024,1,true,,,
FFSU,AL,00002143480,TRULICITY ,2024,1,false,3112.500,1569,1589737.46
FFSU,AL,00002223601,TRULICITY ,2024,1,true,,,
FFSU,AL,00002223680,TRULICITY ,2024,1,false,3931.000,1970,1887790.57
FFSU,AL,00002318201,TRULICITY ,2024,1,true,,,
FFSU,AL,00002318280,TRULICITY ,2024,1,false,2656.000,1328,1287979.90
MCOU,AR,00002143380,TRULICITY ,2024,4,true,,,
FFSU,AR,00002143380,TRULICITY ,2024,4,false,30.000,15,14278.73
MCOU,AR,00002143480,TRULICITY ,2024,4,false,32.000,16,15434.03
FFSU,AR,00002143480,TRULICITY ,2024,4,false,72.000,36,34267.02
MCOU,AR,00002223680,TRULICITY ,2024,4,true,,,
FFSU,AR,00002223680,TRULICITY ,2024,4,false,70.000,35,33333.07
FFSU,AR,00002318280,TRULICITY ,2024,4,false,50.000,25,23798.31
MCOU,AR,00002318280,TRULICITY ,2024,4,true,,,
FFSU,AR,00002143380,TRULICITY ,2024,3,false,38.000,19,18091.58
MCOU,AR,00002143380,TRULICITY ,2024,3,true,,,
MCOU,AR,00002143480,TRULICITY ,2024,3,false,34.000,17,16324.10
FFSU,AR,00002143480,TRULICITY ,2024,3,false,72.000,36,34276.22
MCOU,AR,00002223680,TRULICITY ,2024,3,true,,,
FFSU,AR,00002223680,TRULICITY ,2024,3,false,58.000,29,27600.44
FFSU,AR,00002318280,TRULICITY ,2024,3,false,22.000,11,10472.07
MCOU,AR,00002318280,TRULICITY ,2024,3,true,,,
MCOU,AR,00002143380,TRULICITY ,2024,2,false,34.000,17,16504.94
FFSU,AR,00002143380,TRULICITY ,2024,2,false,56.000,28,26619.40
FFSU,AR,00002143480,TRULICITY ,2024,2,false,44.000,22,20922.08
MCOU,AR,00002143480,TRULICITY ,2024,2,true,,,
MCOU,AR,00002223680,TRULICITY ,2024,2,true,,,
FFSU,AR,00002223680,TRULICITY ,2024,2,false,56.000,28,26589.53
MCOU,AR,00002318280,TRULICITY ,2024,2,true,,,
FFSU,AR,00002318280,TRULICITY ,2024,2,false,22.000,11,10455.14
MCOU,AR,00002143380,TRULICITY ,2024,1,false,34.000,17,16383.08
FFSU,AR,00002143380,TRULICITY ,2024,1,false,50.000,24,23493.75
MCOU,AR,00002143480,TRULICITY ,2024,1,true,,,
FFSU,AR,00002143480,TRULICITY ,2024,1,false,40.000,20,18823.92
FFSU,AR,00002223680,TRULICITY ,2024,1,false,62.000,31,29280.66
MCOU,AR,00002223680,TRULICITY ,2024,1,false,26.000,13,12457.21
FFSU,AR,00002318280,TRULICITY ,2024,1,false,42.000,21,19854.86
MCOU,AR,00002318280,TRULICITY ,2024,1,true,,,
MCOU,AZ,00002143301,TRULICITY ,2024,4,true,,,
FFSU,AZ,00002143380,TRULICITY ,2024,4,false,132.000,66,59115.72
MCOU,AZ,00002143380,TRULICITY ,2024,4,false,12150.500,5579,5602540.94
MCOU,AZ,00002143401,TRULICITY ,2024,4,true,,,
FFSU,AZ,00002143480,TRULICITY ,2024,4,false,152.000,76,67838.38
MCOU,AZ,00002143480,TRULICITY ,2024,4,false,12186.000,5401,5625321.75
MCOU,AZ,00002223680,TRULICITY ,2024,4,false,8561.000,3775,3952740.99
FFSU,AZ,00002223680,TRULICITY ,2024,4,false,130.000,65,59049.65
MCOU,AZ,00002318201,TRULICITY ,2024,4,true,,,
FFSU,AZ,00002318280,TRULICITY ,2024,4,false,46.000,23,21392.27
MCOU,AZ,00002318280,TRULICITY ,2024,4,false,6906.000,2924,3203135.10
MCOU,AZ,00002143301,TRULICITY ,2024,3,true,,,
FFSU,AZ,00002143380,TRULICITY ,2024,3,false,176.000,91,81710.08
MCOU,AZ,00002143380,TRULICITY ,2024,3,false,13899.000,6416,6475862.11
MCOU,AZ,00002143401,TRULICITY ,2024,3,true,,,
FFSU,AZ,00002143480,TRULICITY ,2024,3,false,182.000,87,79569.03
MCOU,AZ,00002143480,TRULICITY ,2024,3,false,13385.500,5980,6237709.23
MCOU,AZ,00002223601,TRULICITY ,2024,3,true,,,
FFSU,AZ,00002223680,TRULICITY ,2024,3,false,110.000,55,51421.00
MCOU,AZ,00002223680,TRULICITY ,2024,3,false,8093.500,3634,3769463.57
MCOU,AZ,00002318201,TRULICITY ,2024,3,true,,,
FFSU,AZ,00002318280,TRULICITY ,2024,3,false,34.000,17,16060.63
MCOU,AZ,00002318280,TRULICITY ,2024,3,false,6498.000,2840,3031391.19
MCOU,AZ,00002143301,TRULICITY ,2024,2,true,,,
FFSU,AZ,00002143380,TRULICITY ,2024,2,false,64.500,33,31387.99
MCOU,AZ,00002143380,TRULICITY ,2024,2,false,14991.500,6772,6990129.05
MCOU,AZ,00002143401,TRULICITY ,2024,2,true,,,
FFSU,AZ,00002143480,TRULICITY ,2024,2,true,,,
MCOU,AZ,00002143480,TRULICITY ,2024,2,false,10915.000,4779,5088716.01
FFSU,AZ,00002223680,TRULICITY ,2024,2,false,38.000,19,18956.68
MCOU,AZ,00002223680,TRULICITY ,2024,2,false,6883.500,3079,3207389.83
MCOU,AZ,00002318201,TRULICITY ,2024,2,true,,,
MCOU,AZ,00002318280,TRULICITY ,2024,2,false,2743.500,1183,1278319.84
MCOU,AZ,00002143301,TRULICITY ,2024,1,true,,,
FFSU,AZ,00002143301,TRULICITY ,2024,1,true,,,
FFSU,AZ,00002143380,TRULICITY ,2024,1,false,148.000,75,66088.83
MCOU,AZ,00002143380,TRULICITY ,2024,1,false,14166.500,6304,6616201.34
MCOU,AZ,00002143401,TRULICITY ,2024,1,true,,,
MCOU,AZ,00002143480,TRULICITY ,2024,1,false,5485.500,2442,2558012.78
FFSU,AZ,00002143480,TRULICITY ,2024,1,false,118.500,60,50700.54
FFSU,AZ,00002223680,TRULICITY ,2024,1,false,72.000,36,33282.60
MCOU,AZ,00002223680,TRULICITY ,2024,1,false,9311.500,3993,4342003.44
FFSU,AZ,00002318280,TRULICITY ,2024,1,false,28.000,14,13550.62
MCOU,AZ,00002318280,TRULICITY ,2024,1,false,5665.500,2268,2643576.84
MCOU,CA,00002143380,TRULICITY ,2024,4,false,464.500,231,232392.26
FFSU,CA,00002143380,TRULICITY ,2024,4,false,28143.000,11885,13394026.72
FFSU,CA,00002143480,TRULICITY ,2024,4,false,29967.000,12459,14272506.87
MCOU,CA,00002143480,TRULICITY ,2024,4,false,443.500,220,222267.86
MCOU,CA,00002223680,TRULICITY ,2024,4,false,435.500,219,218818.37
FFSU,CA,00002223680,TRULICITY ,2024,4,false,20040.500,8319,9546153.75
MCOU,CA,00002318201,TRULICITY ,2024,4,true,,,
FFSU,CA,00002318280,TRULICITY ,2024,4,false,12906.000,5302,6146766.98
MCOU,CA,00002318280,TRULICITY ,2024,4,false,175.500,89,89047.67
FFSU,CA,00002143301,TRULICITY ,2024,3,true,,,
MCOU,CA,00002143380,TRULICITY ,2024,3,false,634.000,318,316608.86
FFSU,CA,00002143380,TRULICITY ,2024,3,false,39181.000,16157,18658571.40
MCOU,CA,00002143480,TRULICITY ,2024,3,false,549.500,280,276356.79
FFSU,CA,00002143480,TRULICITY ,2024,3,false,38234.500,15747,18209378.66
MCOU,CA,00002223680,TRULICITY ,2024,3,false,473.000,237,237727.84
FFSU,CA,00002223680,TRULICITY ,2024,3,false,22574.500,9188,10753293.77
FFSU,CA,00002318280,TRULICITY ,2024,3,false,14264.500,5638,6791112.95
MCOU,CA,00002318280,TRULICITY ,2024,3,false,158.500,79,80164.04
MCOU,CA,00002143380,TRULICITY ,2024,2,false,691.500,341,344632.61
FFSU,CA,00002143380,TRULICITY ,2024,2,false,36303.500,14791,17249691.47
FFSU,CA,00002143480,TRULICITY ,2024,2,false,23519.000,9453,11177368.57
MCOU,CA,00002143480,TRULICITY ,2024,2,false,572.780,277,288356.86
FFSU,CA,00002223680,TRULICITY ,2024,2,false,16988.000,7061,8069922.83
MCOU,CA,00002223680,TRULICITY ,2024,2,false,429.500,218,215960.23
MCOU,CA,00002318201,TRULICITY ,2024,2,true,,,
FFSU,CA,00002318280,TRULICITY ,2024,2,false,5767.000,2506,2742950.95
MCOU,CA,00002318280,TRULICITY ,2024,2,false,138.000,71,69538.51
MCOU,CA,00002143301,TRULICITY ,2024,1,true,,,
FFSU,CA,00002143301,TRULICITY ,2024,1,true,,,
MCOU,CA,00002143380,TRULICITY ,2024,1,false,644.500,299,321889.58
FFSU,CA,00002143380,TRULICITY ,2024,1,false,43793.500,17597,20572621.59
MCOU,CA,00002143480,TRULICITY ,2024,1,false,511.500,254,257183.74
FFSU,CA,00002143480,TRULICITY ,2024,1,false,29898.000,11941,13981505.92
MCOU,CA,00002223680,TRULICITY ,2024,1,false,415.000,210,209333.73
FFSU,CA,00002223680,TRULICITY ,2024,1,false,26715.000,10301,12557726.18
MCOU,CA,00002318201,TRULICITY ,2024,1,true,,,
MCOU,CA,00002318280,TRULICITY ,2024,1,false,213.500,107,107652.56
FFSU,CA,00002318280,TRULICITY ,2024,1,false,17267.500,6632,8099757.39
MCOU,CO,00002143380,TRULICITY ,2024,4,false,40.000,16,19022.99
FFSU,CO,00002143380,TRULICITY ,2024,4,false,9304.000,3888,4421240.99
FFSU,CO,00002143480,TRULICITY ,2024,4,false,9222.500,3719,4377788.18
MCOU,CO,00002143480,TRULICITY ,2024,4,true,,,
FFSU,CO,00002223680,TRULICITY ,2024,4,false,6874.000,2710,3245535.77
MCOU,CO,00002223680,TRULICITY ,2024,4,false,40.000,20,18923.74
MCOU,CO,00002318280,TRULICITY ,2024,4,true,,,
FFSU,CO,00002318280,TRULICITY ,2024,4,false,5506.000,2126,2614432.34
FFSU,CO,00002143380,TRULICITY ,2024,3,false,10167.000,4183,4834165.97
MCOU,CO,00002143380,TRULICITY ,2024,3,false,82.500,38,39306.78
MCOU,CO,00002143480,TRULICITY ,2024,3,false,66.000,28,31391.07
FFSU,CO,00002143480,TRULICITY ,2024,3,false,9882.000,3912,4694552.65
MCOU,CO,00002223680,TRULICITY ,2024,3,false,46.000,23,21828.91
FFSU,CO,00002223680,TRULICITY ,2024,3,false,6141.000,2483,2910160.37
FFSU,CO,00002318280,TRULICITY ,2024,3,false,4860.000,1875,2301791.11
MCOU,CO,00002318280,TRULICITY ,2024,3,true,,,
MCOU,CO,00002143380,TRULICITY ,2024,2,false,82.000,37,39017.47
FFSU,CO,00002143380,TRULICITY ,2024,2,false,10577.000,4006,5021297.87
MCOU,CO,00002143480,TRULICITY ,2024,2,false,56.000,26,26573.77
FFSU,CO,00002143480,TRULICITY ,2024,2,false,7748.500,2960,3665050.65
MCOU,CO,00002223680,TRULICITY ,2024,2,false,42.000,21,19989.38
FFSU,CO,00002223680,TRULICITY ,2024,2,false,4933.000,1864,2336001.03
MCOU,CO,00002318280,TRULICITY ,2024,2,true,,,
FFSU,CO,00002318280,TRULICITY ,2024,2,false,1726.500,700,819931.27
FFSU,CO,00002143380,TRULICITY ,2024,1,false,10527.500,3942,4965544.76
MCOU,CO,00002143380,TRULICITY ,2024,1,false,342.000,145,162143.87
MCOU,CO,00002143480,TRULICITY ,2024,1,false,204.000,85,96763.00
FFSU,CO,00002143480,TRULICITY ,2024,1,false,3879.000,1495,1820617.67
FFSU,CO,00002223680,TRULICITY ,2024,1,false,7159.000,2441,3374156.30
MCOU,CO,00002223680,TRULICITY ,2024,1,false,332.000,166,157857.20
MCOU,CO,00002318280,TRULICITY ,2024,1,false,180.000,88,85112.04
FFSU,CO,00002318280,TRULICITY ,2024,1,false,5252.500,1675,2458499.88
FFSU,CT,00002143380,TRULICITY ,2024,4,false,2955.000,1231,1406486.88
FFSU,CT,00002143480,TRULICITY ,2024,4,false,3402.000,1334,1618460.78
FFSU,CT,00002223680,TRULICITY ,2024,4,false,2824.000,1094,1343755.05
FFSU,CT,00002318280,TRULICITY ,2024,4,false,1854.000,705,881419.66
FFSU,CT,00002143380,TRULICITY ,2024,3,false,3556.000,1428,1692330.20
FFSU,CT,00002143480,TRULICITY ,2024,3,false,3916.000,1500,1862161.02
FFSU,CT,00002223680,TRULICITY ,2024,3,false,2978.000,1099,1416360.02
FFSU,CT,00002318280,TRULICITY ,2024,3,false,1720.000,657,817980.69
FFSU,CT,00002143380,TRULICITY ,2024,2,false,4292.500,1701,2038951.01
FFSU,CT,00002143480,TRULICITY ,2024,2,false,3836.500,1454,1822083.57
FFSU,CT,00002223680,TRULICITY ,2024,2,false,2969.500,1198,1410076.83
FFSU,CT,00002318280,TRULICITY ,2024,2,false,1137.000,450,540049.80
FFSU,CT,00002143380,TRULICITY ,2024,1,false,4751.500,1891,2240998.73
FFSU,CT,00002143480,TRULICITY ,2024,1,false,2751.500,1067,1279517.08
FFSU,CT,00002223680,TRULICITY ,2024,1,false,4451.000,1598,2099110.03
FFSU,CT,00002318280,TRULICITY ,2024,1,false,2839.000,959,1334439.66
MCOU,DC,00002143301,TRULICITY ,2024,4,false,30.000,11,10420.48
FFSU,DC,00002143380,TRULICITY ,2024,4,true,,,
MCOU,DC,00002143380,TRULICITY ,2024,4,false,1437.000,562,635074.23
MCOU,DC,00002143401,TRULICITY ,2024,4,false,50.000,21,24083.05
MCOU,DC,00002143480,TRULICITY ,2024,4,false,1483.000,588,666134.36
FFSU,DC,00002143480,TRULICITY ,2024,4,true,,,
MCOU,DC,00002223601,TRULICITY ,2024,4,false,34.000,17,16240.89
FFSU,DC,00002223680,TRULICITY ,2024,4,true,,,
MCOU,DC,00002223680,TRULICITY ,2024,4,false,1122.000,494,518127.88
MCOU,DC,00002318201,TRULICITY ,2024,4,false,32.000,14,15141.11
MCOU,DC,00002318280,TRULICITY ,2024,4,false,546.000,239,252489.31
FFSU,DC,00002318280,TRULICITY ,2024,4,true,,,
FFSU,DC,00002143301,TRULICITY ,2024,3,true,,,
MCOU,DC,00002143301,TRULICITY ,2024,3,false,52.000,21,19850.48
FFSU,DC,00002143380,TRULICITY ,2024,3,false,122.500,74,58599.08
MCOU,DC,00002143380,TRULICITY ,2024,3,false,1613.500,639,697174.68
MCOU,DC,00002143401,TRULICITY ,2024,3,false,66.000,31,31706.30
FFSU,DC,00002143401,TRULICITY ,2024,3,true,,,
FFSU,DC,00002143480,TRULICITY ,2024,3,false,157.000,81,74934.09
MCOU,DC,00002143480,TRULICITY ,2024,3,false,1392.000,579,647494.33
FFSU,DC,00002223601,TRULICITY ,2024,3,true,,,
MCOU,DC,00002223601,TRULICITY ,2024,3,false,68.000,32,32588.65
FFSU,DC,00002223680,TRULICITY ,2024,3,false,68.500,34,32687.82
MCOU,DC,00002223680,TRULICITY ,2024,3,false,1147.500,492,517032.05
MCOU,DC,00002318201,TRULICITY ,2024,3,true,,,
FFSU,DC,00002318280,TRULICITY ,2024,3,false,46.000,23,21944.56
MCOU,DC,00002318280,TRULICITY ,2024,3,false,492.000,210,220260.70
FFSU,DC,00002143301,TRULICITY ,2024,2,true,,,
MCOU,DC,00002143301,TRULICITY ,2024,2,false,86.000,31,29723.97
MCOU,DC,00002143380,TRULICITY ,2024,2,false,1585.500,800,897625.37
FFSU,DC,00002143380,TRULICITY ,2024,2,false,160.000,101,76473.36
FFSU,DC,00002143401,TRULICITY ,2024,2,true,,,
MCOU,DC,00002143401,TRULICITY ,2024,2,false,72.000,30,34573.46
MCOU,DC,00002143480,TRULICITY ,2024,2,false,904.000,456,544991.08
FFSU,DC,00002143480,TRULICITY ,2024,2,false,109.000,60,52009.78
FFSU,DC,00002223601,TRULICITY ,2024,2,true,,,
MCOU,DC,00002223601,TRULICITY ,2024,2,false,60.500,27,29257.91
FFSU,DC,00002223680,TRULICITY ,2024,2,false,100.000,50,50448.28
MCOU,DC,00002223680,TRULICITY ,2024,2,false,1020.000,510,547806.83
MCOU,DC,00002318201,TRULICITY ,2024,2,true,,,
FFSU,DC,00002318280,TRULICITY ,2024,2,false,30.000,14,14279.81
MCOU,DC,00002318280,TRULICITY ,2024,2,false,358.000,155,165996.10
MCOU,DC,00002143301,TRULICITY ,2024,1,false,74.000,27,25552.58
MCOU,DC,00002143380,TRULICITY ,2024,1,false,1502.000,667,694458.38
FFSU,DC,00002143380,TRULICITY ,2024,1,false,103.000,52,48736.32
FFSU,DC,00002143401,TRULICITY ,2024,1,true,,,
MCOU,DC,00002143401,TRULICITY ,2024,1,false,52.000,22,24869.95
MCOU,DC,00002143480,TRULICITY ,2024,1,false,853.000,350,339105.15
FFSU,DC,00002143480,TRULICITY ,2024,1,false,74.500,38,34932.87
MCOU,DC,00002223601,TRULICITY ,2024,1,false,78.000,39,37175.88
MCOU,DC,00002223680,TRULICITY ,2024,1,false,1426.000,605,616556.39
FFSU,DC,00002223680,TRULICITY ,2024,1,false,90.000,44,42505.42
MCOU,DC,00002318201,TRULICITY ,2024,1,true,,,
MCOU,DC,00002318280,TRULICITY ,2024,1,false,608.000,260,266785.51
FFSU,DC,00002318280,TRULICITY ,2024,1,false,38.500,23,18280.33
MCOU,DE,00002143380,TRULICITY ,2024,4,false,548.000,276,260024.10
MCOU,DE,00002143480,TRULICITY ,2024,4,false,632.500,317,300147.57
MCOU,DE,00002223601,TRULICITY ,2024,4,true,,,
MCOU,DE,00002223680,TRULICITY ,2024,4,false,510.000,252,241861.26
MCOU,DE,00002318201,TRULICITY ,2024,4,true,,,
MCOU,DE,00002318280,TRULICITY ,2024,4,false,213.500,118,101142.24
FFSU,DE,00002318280,TRULICITY ,2024,4,true,,,
MCOU,DE,00002143380,TRULICITY ,2024,3,false,629.500,314,298684.60
MCOU,DE,00002143480,TRULICITY ,2024,3,false,645.000,323,305809.06
MCOU,DE,00002223601,TRULICITY ,2024,3,true,,,
MCOU,DE,00002223680,TRULICITY ,2024,3,false,492.000,242,233340.25
MCOU,DE,00002318201,TRULICITY ,2024,3,true,,,
MCOU,DE,00002318280,TRULICITY ,2024,3,false,218.000,115,103266.17
MCOU,DE,00002143380,TRULICITY ,2024,2,false,835.000,411,395632.21
MCOU,DE,00002143480,TRULICITY ,2024,2,false,622.500,312,294608.59
FFSU,DE,00002143480,TRULICITY ,2024,2,true,,,
MCOU,DE,00002223601,TRULICITY ,2024,2,true,,,
MCOU,DE,00002223680,TRULICITY ,2024,2,false,490.000,244,231856.54
MCOU,DE,00002318201,TRULICITY ,2024,2,true,,,
MCOU,DE,00002318280,TRULICITY ,2024,2,false,144.500,76,68416.40
MCOU,DE,00002143380,TRULICITY ,2024,1,false,1100.000,552,518930.64
FFSU,DE,00002143380,TRULICITY ,2024,1,true,,,
MCOU,DE,00002143480,TRULICITY ,2024,1,false,511.000,255,240851.95
MCOU,DE,00002223601,TRULICITY ,2024,1,true,,,
MCOU,DE,00002223680,TRULICITY ,2024,1,false,870.000,442,410532.49
MCOU,DE,00002318201,TRULICITY ,2024,1,true,,,
MCOU,DE,00002318280,TRULICITY ,2024,1,false,376.000,187,176959.32
MCOU,FL,00002143301,TRULICITY ,2024,4,false,24.500,13,11511.27
FFSU,FL,00002143380,TRULICITY ,2024,4,false,158.000,80,74462.16
MCOU,FL,00002143380,TRULICITY ,2024,4,false,5216.000,2643,2442163.82
MCOU,FL,00002143401,TRULICITY ,2024,4,true,,,
MCOU,FL,00002143480,TRULICITY ,2024,4,false,5456.500,2769,2554214.61
FFSU,FL,00002143480,TRULICITY ,2024,4,false,180.000,97,84986.77
FFSU,FL,00002223680,TRULICITY ,2024,4,false,152.000,76,72495.11
MCOU,FL,00002223680,TRULICITY ,2024,4,false,3548.500,1814,1662425.61
MCOU,FL,00002318201,TRULICITY ,2024,4,true,,,
MCOU,FL,00002318280,TRULICITY ,2024,4,false,2282.000,1156,1066842.78
FFSU,FL,00002318280,TRULICITY ,2024,4,false,96.000,48,45761.43
MCOU,FL,00002143301,TRULICITY ,2024,3,true,,,
MCOU,FL,00002143380,TRULICITY ,2024,3,false,6076.000,3073,2845649.30
FFSU,FL,00002143380,TRULICITY ,2024,3,false,160.000,80,76276.34
MCOU,FL,00002143401,TRULICITY ,2024,3,true,,,
FFSU,FL,00002143480,TRULICITY ,2024,3,false,204.000,102,94450.76
MCOU,FL,00002143480,TRULICITY ,2024,3,false,6138.000,3118,2874249.70
FFSU,FL,00002223680,TRULICITY ,2024,3,false,175.000,88,83448.08
MCOU,FL,00002223680,TRULICITY ,2024,3,false,3585.500,1837,1678701.85
MCOU,FL,00002318201,TRULICITY ,2024,3,true,,,
MCOU,FL,00002318280,TRULICITY ,2024,3,false,2324.500,1179,1086885.47
FFSU,FL,00002318280,TRULICITY ,2024,3,false,87.000,46,41492.48
MCOU,FL,00002143301,TRULICITY ,2024,2,true,,,
MCOU,FL,00002143380,TRULICITY ,2024,2,false,7430.000,3737,3478088.61
FFSU,FL,00002143380,TRULICITY ,2024,2,false,193.500,105,91251.91
MCOU,FL,00002143401,TRULICITY ,2024,2,true,,,
FFSU,FL,00002143480,TRULICITY ,2024,2,false,161.000,83,73283.08
MCOU,FL,00002143480,TRULICITY ,2024,2,false,5477.500,2760,2562163.65
MCOU,FL,00002223601,TRULICITY ,2024,2,true,,,
FFSU,FL,00002223680,TRULICITY ,2024,2,false,195.500,98,93008.86
MCOU,FL,00002223680,TRULICITY ,2024,2,false,3209.000,1659,1499863.96
FFSU,FL,00002318280,TRULICITY ,2024,2,false,71.000,37,33807.14
MCOU,FL,00002318280,TRULICITY ,2024,2,false,1228.500,623,572893.03
MCOU,FL,00002143301,TRULICITY ,2024,1,true,,,
FFSU,FL,00002143380,TRULICITY ,2024,1,false,188.000,95,83452.41
MCOU,FL,00002143380,TRULICITY ,2024,1,false,7993.000,4025,3745659.85
MCOU,FL,00002143401,TRULICITY ,2024,1,true,,,
MCOU,FL,00002143480,TRULICITY ,2024,1,false,3739.000,1922,1747391.27
FFSU,FL,00002143480,TRULICITY ,2024,1,false,208.500,107,95642.67
MCOU,FL,00002223601,TRULICITY ,2024,1,true,,,
FFSU,FL,00002223680,TRULICITY ,2024,1,false,274.000,142,126538.15
MCOU,FL,00002223680,TRULICITY ,2024,1,false,5694.000,2868,2658565.24
MCOU,FL,00002318201,TRULICITY ,2024,1,true,,,
MCOU,FL,00002318280,TRULICITY ,2024,1,false,3915.000,1967,1833716.83
FFSU,FL,00002318280,TRULICITY ,2024,1,false,136.000,68,63906.59
MCOU,GA,00002143301,TRULICITY ,2024,4,true,,,
FFSU,GA,00002143380,TRULICITY ,2024,4,false,272.000,136,129414.95
MCOU,GA,00002143380,TRULICITY ,2024,4,false,1188.000,596,529948.91
MCOU,GA,00002143480,TRULICITY ,2024,4,false,1214.000,608,537826.18
FFSU,GA,00002143480,TRULICITY ,2024,4,false,406.000,203,193160.69
MCOU,GA,00002223680,TRULICITY ,2024,4,false,628.000,315,283140.17
FFSU,GA,00002223680,TRULICITY ,2024,4,false,367.000,186,174660.98
MCOU,GA,00002318280,TRULICITY ,2024,4,false,258.000,130,119099.46
FFSU,GA,00002318280,TRULICITY ,2024,4,false,268.000,137,127487.78
FFSU,GA,00002143380,TRULICITY ,2024,3,false,406.000,203,193134.10
MCOU,GA,00002143380,TRULICITY ,2024,3,false,1374.000,688,624227.54
FFSU,GA,00002143401,TRULICITY ,2024,3,true,,,
FFSU,GA,00002143480,TRULICITY ,2024,3,false,459.000,232,218948.57
MCOU,GA,00002143480,TRULICITY ,2024,3,false,1274.000,638,579485.36
MCOU,GA,00002223680,TRULICITY ,2024,3,false,506.000,253,240509.50
FFSU,GA,00002223680,TRULICITY ,2024,3,false,327.000,165,156176.45
FFSU,GA,00002318280,TRULICITY ,2024,3,false,280.000,143,132271.47
MCOU,GA,00002318280,TRULICITY ,2024,3,false,236.000,118,110589.05
MCOU,GA,00002143380,TRULICITY ,2024,2,false,1632.000,817,768440.56
FFSU,GA,00002143380,TRULICITY ,2024,2,false,474.000,237,225098.71
FFSU,GA,00002143401,TRULICITY ,2024,2,true,,,
MCOU,GA,00002143480,TRULICITY ,2024,2,false,1028.000,517,493576.88
FFSU,GA,00002143480,TRULICITY ,2024,2,false,404.000,202,191915.50
FFSU,GA,00002223601,TRULICITY ,2024,2,true,,,
FFSU,GA,00002223680,TRULICITY ,2024,2,false,342.000,171,160987.19
MCOU,GA,00002223680,TRULICITY ,2024,2,false,467.000,235,223156.89
MCOU,GA,00002318280,TRULICITY ,2024,2,false,118.000,60,55498.37
FFSU,GA,00002318280,TRULICITY ,2024,2,false,163.000,85,77390.28
MCOU,GA,00002143301,TRULICITY ,2024,1,true,,,
FFSU,GA,00002143380,TRULICITY ,2024,1,false,486.000,243,229839.96
MCOU,GA,00002143380,TRULICITY ,2024,1,false,1676.000,837,790815.86
MCOU,GA,00002143480,TRULICITY ,2024,1,false,648.000,324,306527.97
FFSU,GA,00002143480,TRULICITY ,2024,1,false,276.000,139,129291.77
FFSU,GA,00002223601,TRULICITY ,2024,1,true,,,
FFSU,GA,00002223680,TRULICITY ,2024,1,false,469.000,237,220606.13
MCOU,GA,00002223680,TRULICITY ,2024,1,false,684.000,342,327134.84
FFSU,GA,00002318280,TRULICITY ,2024,1,false,318.000,161,150221.24
MCOU,GA,00002318280,TRULICITY ,2024,1,false,326.000,164,159105.72
MCOU,HI,00002143380,TRULICITY ,2024,4,false,1460.000,655,409351.54
MCOU,HI,00002143401,TRULICITY ,2024,4,true,,,
MCOU,HI,00002143480,TRULICITY ,2024,4,false,1821.000,709,542204.60
MCOU,HI,00002223680,TRULICITY ,2024,4,false,1237.000,467,416281.64
MCOU,HI,00002318280,TRULICITY ,2024,4,false,718.000,281,234852.09
MCOU,HI,00002143380,TRULICITY ,2024,3,false,1717.000,748,494712.84
FFSU,HI,00002143480,TRULICITY ,2024,3,true,,,
MCOU,HI,00002143480,TRULICITY ,2024,3,false,1577.000,623,558112.88
MCOU,HI,00002223680,TRULICITY ,2024,3,false,1045.000,420,362363.48
MCOU,HI,00002318280,TRULICITY ,2024,3,false,916.000,329,273993.81
MCOU,HI,00002143380,TRULICITY ,2024,2,false,1584.000,694,585394.06
MCOU,HI,00002143480,TRULICITY ,2024,2,false,1732.000,661,559566.45
FFSU,HI,00002143480,TRULICITY ,2024,2,true,,,
MCOU,HI,00002223680,TRULICITY ,2024,2,false,1018.000,394,306874.19
MCOU,HI,00002318201,TRULICITY ,2024,2,true,,,
MCOU,HI,00002318280,TRULICITY ,2024,2,false,801.500,285,209388.73
FFSU,HI,00002143380,TRULICITY ,2024,1,true,,,
MCOU,HI,00002143380,TRULICITY ,2024,1,false,1831.500,787,588624.10
MCOU,HI,00002143480,TRULICITY ,2024,1,false,1466.000,546,463068.99
FFSU,HI,00002143480,TRULICITY ,2024,1,true,,,
FFSU,HI,00002223680,TRULICITY ,2024,1,true,,,
MCOU,HI,00002223680,TRULICITY ,2024,1,false,1410.000,505,483580.15
MCOU,HI,00002318280,TRULICITY ,2024,1,false,998.000,381,308184.44
MCOU,IA,00002143380,TRULICITY ,2024,4,false,1697.000,851,799210.71
FFSU,IA,00002143380,TRULICITY ,2024,4,false,26.000,13,9231.55
FFSU,IA,00002143480,TRULICITY ,2024,4,true,,,
MCOU,IA,00002143480,TRULICITY ,2024,4,false,1919.000,956,902226.12
MCOU,IA,00002223680,TRULICITY ,2024,4,false,1644.000,820,774921.31
FFSU,IA,00002223680,TRULICITY ,2024,4,true,,,
MCOU,IA,00002318280,TRULICITY ,2024,4,false,1425.000,714,672162.49
FFSU,IA,00002318280,TRULICITY ,2024,4,true,,,
FFSU,IA,00002143380,TRULICITY ,2024,3,false,46.000,23,16353.47
MCOU,IA,00002143380,TRULICITY ,2024,3,false,1828.500,916,861884.48
FFSU,IA,00002143480,TRULICITY ,2024,3,true,,,
MCOU,IA,00002143480,TRULICITY ,2024,3,false,2016.000,1006,947847.06
MCOU,IA,00002223680,TRULICITY ,2024,3,false,1771.000,886,835639.70
FFSU,IA,00002223680,TRULICITY ,2024,3,true,,,
MCOU,IA,00002318280,TRULICITY ,2024,3,false,1448.000,726,683102.98
FFSU,IA,00002318280,TRULICITY ,2024,3,true,,,
MCOU,IA,00002143301,TRULICITY ,2024,2,true,,,
FFSU,IA,00002143380,TRULICITY ,2024,2,false,52.000,25,20689.61
MCOU,IA,00002143380,TRULICITY ,2024,2,false,2162.500,1073,1013535.55
MCOU,IA,00002143480,TRULICITY ,2024,2,false,2096.000,1039,983252.49
FFSU,IA,00002143480,TRULICITY ,2024,2,true,,,
FFSU,IA,00002223680,TRULICITY ,2024,2,true,,,
MCOU,IA,00002223680,TRULICITY ,2024,2,false,1852.000,930,869095.46
MCOU,IA,00002318280,TRULICITY ,2024,2,false,1053.000,527,494907.76
FFSU,IA,00002318280,TRULICITY ,2024,2,true,,,
MCOU,IA,00002143301,TRULICITY ,2024,1,true,,,
FFSU,IA,00002143380,TRULICITY ,2024,1,true,,,
MCOU,IA,00002143380,TRULICITY ,2024,1,false,2475.000,1229,1159133.87
FFSU,IA,00002143480,TRULICITY ,2024,1,true,,,
MCOU,IA,00002143480,TRULICITY ,2024,1,false,1567.500,782,733424.70
MCOU,IA,00002223601,TRULICITY ,2024,1,true,,,
FFSU,IA,00002223680,TRULICITY ,2024,1,true,,,
MCOU,IA,00002223680,TRULICITY ,2024,1,false,2573.000,1286,1206724.16
MCOU,IA,00002318280,TRULICITY ,2024,1,false,2536.000,1268,1189181.41
FFSU,IA,00002318280,TRULICITY ,2024,1,true,,,
FFSU,ID,00002143380,TRULICITY ,2024,4,false,518.000,255,242236.26
FFSU,ID,00002143480,TRULICITY ,2024,4,false,746.500,365,350664.49
FFSU,ID,00002223680,TRULICITY ,2024,4,false,622.000,304,289840.41
FFSU,ID,00002318280,TRULICITY ,2024,4,false,453.500,221,213897.96
FFSU,ID,00002143380,TRULICITY ,2024,3,false,605.500,294,283084.67
FFSU,ID,00002143480,TRULICITY ,2024,3,false,824.000,402,386140.97
FFSU,ID,00002223680,TRULICITY ,2024,3,false,706.000,345,331338.77
FFSU,ID,00002318280,TRULICITY ,2024,3,false,478.500,240,224432.23
FFSU,ID,00002143380,TRULICITY ,2024,2,false,841.000,418,392825.29
FFSU,ID,00002143480,TRULICITY ,2024,2,false,751.500,383,350836.44
FFSU,ID,00002223680,TRULICITY ,2024,2,false,877.000,427,413317.07
FFSU,ID,00002318280,TRULICITY ,2024,2,false,350.000,173,163879.82
FFSU,ID,00002143301,TRULICITY ,2024,1,true,,,
FFSU,ID,00002143380,TRULICITY ,2024,1,false,981.000,477,452588.34
FFSU,ID,00002143480,TRULICITY ,2024,1,false,656.500,319,303447.20
FFSU,ID,00002223680,TRULICITY ,2024,1,false,1071.000,515,505298.24
FFSU,ID,00002318201,TRULICITY ,2024,1,true,,,
FFSU,ID,00002318280,TRULICITY ,2024,1,false,750.500,360,351554.36
FFSU,IL,00002143301,TRULICITY ,2024,4,true,,,
MCOU,IL,00002143301,TRULICITY ,2024,4,false,22.000,14,10350.07
FFSU,IL,00002143380,TRULICITY ,2024,4,false,1004.500,438,475134.04
MCOU,IL,00002143380,TRULICITY ,2024,4,false,27028.000,12348,13426282.99
MCOU,IL,00002143401,TRULICITY ,2024,4,false,23.000,16,12712.97
FFSU,IL,00002143480,TRULICITY ,2024,4,false,988.500,404,472271.07
MCOU,IL,00002143480,TRULICITY ,2024,4,false,27706.500,12313,13711693.34
FFSU,IL,00002223680,TRULICITY ,2024,4,false,730.000,292,342461.95
MCOU,IL,00002223680,TRULICITY ,2024,4,false,20632.500,9088,10256426.61
MCOU,IL,00002318201,TRULICITY ,2024,4,true,,,
FFSU,IL,00002318280,TRULICITY ,2024,4,false,453.000,185,214701.52
MCOU,IL,00002318280,TRULICITY ,2024,4,false,14920.500,6506,7411580.42
MCOU,IL,00002143301,TRULICITY ,2024,3,false,13.500,11,8028.76
MCOU,IL,00002143380,TRULICITY ,2024,3,false,29586.500,13463,14114111.81
FFSU,IL,00002143380,TRULICITY ,2024,3,false,1192.000,499,540341.04
MCOU,IL,00002143401,TRULICITY ,2024,3,false,24.000,15,11295.77
MCOU,IL,00002143480,TRULICITY ,2024,3,false,29967.500,13341,14630620.73
FFSU,IL,00002143480,TRULICITY ,2024,3,false,1193.000,487,559370.21
MCOU,IL,00002223601,TRULICITY ,2024,3,true,,,
MCOU,IL,00002223680,TRULICITY ,2024,3,false,19074.000,8385,9476753.76
FFSU,IL,00002223680,TRULICITY ,2024,3,false,682.000,282,326286.44
MCOU,IL,00002318201,TRULICITY ,2024,3,true,,,
FFSU,IL,00002318280,TRULICITY ,2024,3,false,444.500,191,214484.22
MCOU,IL,00002318280,TRULICITY ,2024,3,false,13429.500,5848,6573145.57
MCOU,IL,00002143301,TRULICITY ,2024,2,false,44.500,28,21775.26
FFSU,IL,00002143301,TRULICITY ,2024,2,true,,,
MCOU,IL,00002143380,TRULICITY ,2024,2,false,38375.000,17275,18117813.32
FFSU,IL,00002143380,TRULICITY ,2024,2,false,1438.000,619,654730.66
MCOU,IL,00002143401,TRULICITY ,2024,2,false,31.500,18,24170.62
FFSU,IL,00002143480,TRULICITY ,2024,2,false,1006.500,412,475498.92
MCOU,IL,00002143480,TRULICITY ,2024,2,false,27038.500,12076,13499338.48
MCOU,IL,00002223601,TRULICITY ,2024,2,true,,,
FFSU,IL,00002223680,TRULICITY ,2024,2,false,615.500,290,320793.81
MCOU,IL,00002223680,TRULICITY ,2024,2,false,15763.500,7248,8671715.20
MCOU,IL,00002318201,TRULICITY ,2024,2,true,,,
MCOU,IL,00002318280,TRULICITY ,2024,2,false,5872.000,2655,3817557.38
FFSU,IL,00002318280,TRULICITY ,2024,2,false,255.000,120,134418.79
MCOU,IL,00002143301,TRULICITY ,2024,1,false,54.000,29,27839.87
FFSU,IL,00002143380,TRULICITY ,2024,1,false,884.000,385,385838.47
MCOU,IL,00002143380,TRULICITY ,2024,1,false,37855.000,16922,17842083.03
MCOU,IL,00002143401,TRULICITY ,2024,1,true,,,
FFSU,IL,00002143480,TRULICITY ,2024,1,false,350.500,155,155845.26
MCOU,IL,00002143480,TRULICITY ,2024,1,false,11676.500,5371,7756540.39
MCOU,IL,00002223601,TRULICITY ,2024,1,true,,,
FFSU,IL,00002223680,TRULICITY ,2024,1,false,443.500,199,207760.11
MCOU,IL,00002223680,TRULICITY ,2024,1,false,25606.000,11050,12983576.20
MCOU,IL,00002318201,TRULICITY ,2024,1,true,,,
FFSU,IL,00002318280,TRULICITY ,2024,1,false,343.000,145,153422.37
MCOU,IL,00002318280,TRULICITY ,2024,1,false,16974.000,7103,9222952.90
MCOU,IN,00002143380,TRULICITY ,2024,4,false,4868.000,2155,2237717.41
FFSU,IN,00002143380,TRULICITY ,2024,4,false,232.000,122,108759.26
MCOU,IN,00002143401,TRULICITY ,2024,4,true,,,
FFSU,IN,00002143480,TRULICITY ,2024,4,false,365.000,185,171177.01
MCOU,IN,00002143480,TRULICITY ,2024,4,false,5054.500,2205,2321306.43
MCOU,IN,00002223601,TRULICITY ,2024,4,true,,,
FFSU,IN,00002223601,TRULICITY ,2024,4,true,,,
FFSU,IN,00002223680,TRULICITY ,2024,4,false,325.000,148,152042.20
MCOU,IN,00002223680,TRULICITY ,2024,4,false,3441.000,1475,1577021.14
FFSU,IN,00002318280,TRULICITY ,2024,4,false,244.500,111,113542.44
MCOU,IN,00002318280,TRULICITY ,2024,4,false,2620.000,1092,1205452.71
FFSU,IN,00002143380,TRULICITY ,2024,3,false,348.000,175,159312.60
MCOU,IN,00002143380,TRULICITY ,2024,3,false,5379.000,2375,2485425.21
MCOU,IN,00002143401,TRULICITY ,2024,3,true,,,
MCOU,IN,00002143480,TRULICITY ,2024,3,false,5017.500,2221,2319130.35
FFSU,IN,00002143480,TRULICITY ,2024,3,false,350.500,162,166903.49
MCOU,IN,00002223601,TRULICITY ,2024,3,true,,,
FFSU,IN,00002223680,TRULICITY ,2024,3,false,286.000,131,131855.67
MCOU,IN,00002223680,TRULICITY ,2024,3,false,3273.500,1441,1492506.86
MCOU,IN,00002318280,TRULICITY ,2024,3,false,2363.000,1027,1088865.36
FFSU,IN,00002318280,TRULICITY ,2024,3,false,241.000,105,113622.22
FFSU,IN,00002143301,TRULICITY ,2024,2,true,,,
FFSU,IN,00002143380,TRULICITY ,2024,2,false,705.500,344,332462.49
MCOU,IN,00002143380,TRULICITY ,2024,2,false,6774.500,2890,3099477.65
MCOU,IN,00002143401,TRULICITY ,2024,2,true,,,
FFSU,IN,00002143480,TRULICITY ,2024,2,false,448.000,215,210375.03
MCOU,IN,00002143480,TRULICITY ,2024,2,false,4864.000,2085,2201642.90
MCOU,IN,00002223601,TRULICITY ,2024,2,true,,,
MCOU,IN,00002223680,TRULICITY ,2024,2,false,3064.000,1359,1397213.71
FFSU,IN,00002223680,TRULICITY ,2024,2,false,447.500,228,210024.47
MCOU,IN,00002318280,TRULICITY ,2024,2,false,1190.000,506,541698.96
FFSU,IN,00002318280,TRULICITY ,2024,2,false,203.500,97,94916.11
FFSU,IN,00002143380,TRULICITY ,2024,1,false,811.000,385,380971.09
MCOU,IN,00002143380,TRULICITY ,2024,1,false,7638.500,3294,3486844.25
MCOU,IN,00002143401,TRULICITY ,2024,1,true,,,
MCOU,IN,00002143480,TRULICITY ,2024,1,false,2819.500,1256,1285537.05
FFSU,IN,00002143480,TRULICITY ,2024,1,false,347.500,172,162234.53
FFSU,IN,00002223680,TRULICITY ,2024,1,false,698.000,331,318978.82
MCOU,IN,00002223680,TRULICITY ,2024,1,false,5788.000,2441,2635726.26
MCOU,IN,00002318280,TRULICITY ,2024,1,false,3922.000,1620,1779174.00
FFSU,IN,00002318280,TRULICITY ,2024,1,false,481.500,209,224317.10
MCOU,KS,00002143380,TRULICITY ,2024,4,false,428.000,243,204297.05
MCOU,KS,00002143480,TRULICITY ,2024,4,false,544.000,281,258469.91
MCOU,KS,00002223680,TRULICITY ,2024,4,false,430.000,220,205142.19
MCOU,KS,00002318280,TRULICITY ,2024,4,false,318.000,174,151703.24
MCOU,KS,00002143380,TRULICITY ,2024,3,false,426.000,227,203144.85
MCOU,KS,00002143480,TRULICITY ,2024,3,false,610.000,317,290842.43
MCOU,KS,00002223601,TRULICITY ,2024,3,true,,,
MCOU,KS,00002223680,TRULICITY ,2024,3,false,442.000,226,210796.94
MCOU,KS,00002318280,TRULICITY ,2024,3,false,328.000,190,156381.83
MCOU,KS,00002143380,TRULICITY ,2024,2,false,686.000,357,326672.99
MCOU,KS,00002143480,TRULICITY ,2024,2,false,728.000,381,346857.34
MCOU,KS,00002223601,TRULICITY ,2024,2,true,,,
MCOU,KS,00002223680,TRULICITY ,2024,2,false,576.000,304,274148.94
MCOU,KS,00002318280,TRULICITY ,2024,2,false,239.500,131,114020.74
MCOU,KS,00002143380,TRULICITY ,2024,1,false,841.000,462,398103.04
MCOU,KS,00002143401,TRULICITY ,2024,1,true,,,
MCOU,KS,00002143480,TRULICITY ,2024,1,false,549.500,333,259353.67
MCOU,KS,00002223601,TRULICITY ,2024,1,false,14.000,11,6538.89
MCOU,KS,00002223680,TRULICITY ,2024,1,false,872.000,481,413381.88
MCOU,KS,00002318280,TRULICITY ,2024,1,false,648.000,372,307053.48
MCOU,KY,00002143301,TRULICITY ,2024,4,false,26.000,15,12845.04
FFSU,KY,00002143380,TRULICITY ,2024,4,false,107.000,68,49554.21
MCOU,KY,00002143380,TRULICITY ,2024,4,false,1738.000,961,811144.29
FFSU,KY,00002143480,TRULICITY ,2024,4,false,110.000,65,48026.83
MCOU,KY,00002143480,TRULICITY ,2024,4,false,2552.000,1280,1198996.47
MCOU,KY,00002223601,TRULICITY ,2024,4,true,,,
MCOU,KY,00002223680,TRULICITY ,2024,4,false,1223.000,579,564358.82
FFSU,KY,00002223680,TRULICITY ,2024,4,false,78.500,42,36542.96
FFSU,KY,00002318280,TRULICITY ,2024,4,false,54.500,30,25977.00
MCOU,KY,00002318280,TRULICITY ,2024,4,false,1136.000,547,538002.57
MCOU,KY,00002143301,TRULICITY ,2024,3,false,26.000,15,12845.04
MCOU,KY,00002143380,TRULICITY ,2024,3,false,2459.000,1320,1148801.52
FFSU,KY,00002143380,TRULICITY ,2024,3,false,114.000,82,51392.96
FFSU,KY,00002143480,TRULICITY ,2024,3,false,114.500,57,48458.05
MCOU,KY,00002143480,TRULICITY ,2024,3,false,2296.500,1200,1075223.10
MCOU,KY,00002223680,TRULICITY ,2024,3,false,1593.000,795,746879.71
FFSU,KY,00002223680,TRULICITY ,2024,3,false,66.500,33,31667.76
MCOU,KY,00002318201,TRULICITY ,2024,3,true,,,
FFSU,KY,00002318280,TRULICITY ,2024,3,false,69.500,37,32505.59
MCOU,KY,00002318280,TRULICITY ,2024,3,false,1010.000,507,475348.35
MCOU,KY,00002143301,TRULICITY ,2024,2,true,,,
FFSU,KY,00002143380,TRULICITY ,2024,2,false,110.500,67,47253.73
MCOU,KY,00002143380,TRULICITY ,2024,2,false,1936.000,998,895513.45
FFSU,KY,00002143480,TRULICITY ,2024,2,false,110.500,57,46476.35
MCOU,KY,00002143480,TRULICITY ,2024,2,false,106.000,59,50392.59
FFSU,KY,00002223680,TRULICITY ,2024,2,false,55.500,34,24654.84
MCOU,KY,00002223680,TRULICITY ,2024,2,false,1622.000,936,754408.12
MCOU,KY,00002318201,TRULICITY ,2024,2,true,,,
MCOU,KY,00002318280,TRULICITY ,2024,2,false,674.000,550,308353.01
FFSU,KY,00002318280,TRULICITY ,2024,2,false,49.000,32,23338.46
MCOU,KY,00002143301,TRULICITY ,2024,1,true,,,
MCOU,KY,00002143380,TRULICITY ,2024,1,false,2364.000,1308,1089467.95
FFSU,KY,00002143380,TRULICITY ,2024,1,false,83.500,59,33568.46
MCOU,KY,00002143401,TRULICITY ,2024,1,true,,,
MCOU,KY,00002143480,TRULICITY ,2024,1,false,1526.500,1380,697656.30
FFSU,KY,00002143480,TRULICITY ,2024,1,false,66.000,53,28428.68
FFSU,KY,00002223680,TRULICITY ,2024,1,false,87.000,52,40829.52
MCOU,KY,00002223680,TRULICITY ,2024,1,false,2414.000,1263,1103178.90
MCOU,KY,00002318280,TRULICITY ,2024,1,false,1578.000,959,730843.16
FFSU,KY,00002318280,TRULICITY ,2024,1,false,45.500,32,20912.65
MCOU,LA,00002143380,TRULICITY ,2024,4,false,3714.000,1855,1733201.54
FFSU,LA,00002143380,TRULICITY ,2024,4,false,99.000,57,47270.60
FFSU,LA,00002143480,TRULICITY ,2024,4,false,88.000,48,42071.68
MCOU,LA,00002143480,TRULICITY ,2024,4,false,4669.500,2334,2170992.91
MCOU,LA,00002223680,TRULICITY ,2024,4,false,3782.000,1887,1760199.85
FFSU,LA,00002223680,TRULICITY ,2024,4,false,80.500,41,38445.27
MCOU,LA,00002318280,TRULICITY ,2024,4,false,2250.000,1124,1047750.60
FFSU,LA,00002318280,TRULICITY ,2024,4,false,64.000,30,30392.63
MCOU,LA,00002143380,TRULICITY ,2024,3,false,4814.500,2396,2293606.78
FFSU,LA,00002143380,TRULICITY ,2024,3,false,129.000,78,61714.81
MCOU,LA,00002143480,TRULICITY ,2024,3,false,5690.500,2845,2703858.16
FFSU,LA,00002143480,TRULICITY ,2024,3,false,185.000,129,88648.98
MCOU,LA,00002223680,TRULICITY ,2024,3,false,4367.000,2179,2080678.21
FFSU,LA,00002223680,TRULICITY ,2024,3,false,124.500,61,59304.75
FFSU,LA,00002318280,TRULICITY ,2024,3,false,60.500,30,28844.17
MCOU,LA,00002318280,TRULICITY ,2024,3,false,2591.000,1292,1234713.12
MCOU,LA,00002143380,TRULICITY ,2024,2,false,5774.500,2698,2750722.77
FFSU,LA,00002143380,TRULICITY ,2024,2,false,147.500,79,70145.35
MCOU,LA,00002143480,TRULICITY ,2024,2,false,5873.000,2762,2791712.47
FFSU,LA,00002143480,TRULICITY ,2024,2,false,139.500,98,66769.33
MCOU,LA,00002223680,TRULICITY ,2024,2,false,4439.000,2115,2117788.15
FFSU,LA,00002223680,TRULICITY ,2024,2,false,143.000,79,68083.58
MCOU,LA,00002318280,TRULICITY ,2024,2,false,2062.000,979,982675.82
FFSU,LA,00002318280,TRULICITY ,2024,2,false,51.500,30,24500.39
MCOU,LA,00002143380,TRULICITY ,2024,1,false,7570.000,3530,3597987.81
FFSU,LA,00002143380,TRULICITY ,2024,1,false,359.000,194,165895.41
MCOU,LA,00002143480,TRULICITY ,2024,1,false,5470.000,2591,2591003.42
FFSU,LA,00002143480,TRULICITY ,2024,1,false,384.000,213,178173.22
MCOU,LA,00002223680,TRULICITY ,2024,1,false,7793.500,3670,3698955.68
FFSU,LA,00002223680,TRULICITY ,2024,1,false,266.000,147,123397.67
FFSU,LA,00002318280,TRULICITY ,2024,1,false,125.500,65,58115.42
MCOU,LA,00002318280,TRULICITY ,2024,1,false,4232.000,1973,2012112.93
MCOU,MA,00002143301,TRULICITY ,2024,4,false,13.500,13,971.65
MCOU,MA,00002143380,TRULICITY ,2024,4,false,10696.500,5189,5020174.52
FFSU,MA,00002143380,TRULICITY ,2024,4,false,5585.000,2829,2637435.73
FFSU,MA,00002143480,TRULICITY ,2024,4,false,4683.500,2352,2209361.06
MCOU,MA,00002143480,TRULICITY ,2024,4,false,9511.000,4595,4457046.98
FFSU,MA,00002223680,TRULICITY ,2024,4,false,2914.500,1486,1373895.55
MCOU,MA,00002223680,TRULICITY ,2024,4,false,7319.000,3496,3415750.75
FFSU,MA,00002318280,TRULICITY ,2024,4,false,1609.000,808,758293.76
MCOU,MA,00002318280,TRULICITY ,2024,4,false,4611.500,2188,2140957.20
MCOU,MA,00002143301,TRULICITY ,2024,3,true,,,
FFSU,MA,00002143380,TRULICITY ,2024,3,false,7176.000,3586,3344384.61
MCOU,MA,00002143380,TRULICITY ,2024,3,false,13862.500,6286,6513919.85
FFSU,MA,00002143480,TRULICITY ,2024,3,false,5256.000,2615,2472669.88
MCOU,MA,00002143480,TRULICITY ,2024,3,false,11722.500,5301,5505717.37
MCOU,MA,00002223601,TRULICITY ,2024,3,true,,,
MCOU,MA,00002223680,TRULICITY ,2024,3,false,7578.000,3399,3546459.14
FFSU,MA,00002223680,TRULICITY ,2024,3,false,2676.000,1348,1265393.99
FFSU,MA,00002318280,TRULICITY ,2024,3,false,1472.000,730,691681.99
MCOU,MA,00002318280,TRULICITY ,2024,3,false,4768.000,2078,2220751.32
MCOU,MA,00002143301,TRULICITY ,2024,2,true,,,
MCOU,MA,00002143380,TRULICITY ,2024,2,false,17470.000,7994,8233204.61
FFSU,MA,00002143380,TRULICITY ,2024,2,false,7628.000,3783,3565452.45
MCOU,MA,00002143401,TRULICITY ,2024,2,true,,,
FFSU,MA,00002143480,TRULICITY ,2024,2,false,2320.000,1143,1083708.45
MCOU,MA,00002143480,TRULICITY ,2024,2,false,8907.000,4044,4170584.11
MCOU,MA,00002223680,TRULICITY ,2024,2,false,6928.000,3182,3235410.52
FFSU,MA,00002223680,TRULICITY ,2024,2,false,3644.000,1811,1716328.39
MCOU,MA,00002318201,TRULICITY ,2024,2,true,,,
MCOU,MA,00002318280,TRULICITY ,2024,2,false,2206.000,995,1022493.25
FFSU,MA,00002318280,TRULICITY ,2024,2,false,868.000,434,406910.51
MCOU,MA,00002143301,TRULICITY ,2024,1,true,,,
MCOU,MA,00002143380,TRULICITY ,2024,1,false,17668.000,8022,8329356.09
FFSU,MA,00002143380,TRULICITY ,2024,1,false,7824.000,3864,3648154.29
MCOU,MA,00002143401,TRULICITY ,2024,1,true,,,
FFSU,MA,00002143401,TRULICITY ,2024,1,true,,,
FFSU,MA,00002143480,TRULICITY ,2024,1,false,3414.000,1694,1569656.35
MCOU,MA,00002143480,TRULICITY ,2024,1,false,4838.000,2202,2260211.11
MCOU,MA,00002223601,TRULICITY ,2024,1,true,,,
MCOU,MA,00002223680,TRULICITY ,2024,1,false,12770.500,5690,6011624.98
FFSU,MA,00002223680,TRULICITY ,2024,1,false,4758.000,2353,2232798.62
MCOU,MA,00002318201,TRULICITY ,2024,1,true,,,
FFSU,MA,00002318201,TRULICITY ,2024,1,true,,,
MCOU,MA,00002318280,TRULICITY ,2024,1,false,8959.000,3988,4227036.44
FFSU,MA,00002318280,TRULICITY ,2024,1,false,2802.000,1381,1304170.39
MCOU,MD,00002143301,TRULICITY ,2024,4,false,52.000,25,24282.18
FFSU,MD,00002143301,TRULICITY ,2024,4,true,,,
MCOU,MD,00002143380,TRULICITY ,2024,4,false,4947.500,2463,2331267.82
FFSU,MD,00002143380,TRULICITY ,2024,4,false,369.000,248,179305.53
MCOU,MD,00002143401,TRULICITY ,2024,4,false,74.000,38,37344.53
FFSU,MD,00002143401,TRULICITY ,2024,4,true,,,
MCOU,MD,00002143480,TRULICITY ,2024,4,false,5401.500,2685,2548436.75
FFSU,MD,00002143480,TRULICITY ,2024,4,false,293.000,196,141162.58
FFSU,MD,00002223601,TRULICITY ,2024,4,true,,,
MCOU,MD,00002223601,TRULICITY ,2024,4,false,54.000,27,25124.56
MCOU,MD,00002223680,TRULICITY ,2024,4,false,3632.500,1809,1713341.89
FFSU,MD,00002223680,TRULICITY ,2024,4,false,154.500,100,73940.35
MCOU,MD,00002318201,TRULICITY ,2024,4,false,76.000,38,35802.87
FFSU,MD,00002318280,TRULICITY ,2024,4,false,122.500,83,58452.80
MCOU,MD,00002318280,TRULICITY ,2024,4,false,2528.000,1258,1184506.62
MCOU,MD,00002143301,TRULICITY ,2024,3,false,62.000,31,30623.27
MCOU,MD,00002143380,TRULICITY ,2024,3,false,5611.500,2784,2691816.69
FFSU,MD,00002143380,TRULICITY ,2024,3,false,376.000,249,179721.05
FFSU,MD,00002143401,TRULICITY ,2024,3,true,,,
MCOU,MD,00002143401,TRULICITY ,2024,3,false,72.000,36,33128.80
MCOU,MD,00002143480,TRULICITY ,2024,3,false,5415.000,2677,2598526.77
FFSU,MD,00002143480,TRULICITY ,2024,3,false,274.500,166,130894.75
FFSU,MD,00002223601,TRULICITY ,2024,3,true,,,
MCOU,MD,00002223601,TRULICITY ,2024,3,false,42.000,21,19979.42
MCOU,MD,00002223680,TRULICITY ,2024,3,false,3424.500,1697,1629185.03
FFSU,MD,00002223680,TRULICITY ,2024,3,false,126.500,76,60464.56
MCOU,MD,00002318201,TRULICITY ,2024,3,false,60.000,30,28292.74
MCOU,MD,00002318280,TRULICITY ,2024,3,false,2290.000,1133,1082589.80
FFSU,MD,00002318280,TRULICITY ,2024,3,false,82.500,57,39398.88
MCOU,MD,00002143301,TRULICITY ,2024,2,false,66.000,33,32192.69
FFSU,MD,00002143301,TRULICITY ,2024,2,true,,,
MCOU,MD,00002143380,TRULICITY ,2024,2,false,6843.000,3380,3290398.11
FFSU,MD,00002143380,TRULICITY ,2024,2,false,419.500,244,200038.50
MCOU,MD,00002143401,TRULICITY ,2024,2,false,56.000,28,26731.09
MCOU,MD,00002143480,TRULICITY ,2024,2,false,4542.000,2255,2189090.17
FFSU,MD,00002143480,TRULICITY ,2024,2,false,200.000,130,95406.95
MCOU,MD,00002223601,TRULICITY ,2024,2,false,20.500,11,9746.71
MCOU,MD,00002223680,TRULICITY ,2024,2,false,3396.500,1697,1627884.46
FFSU,MD,00002223680,TRULICITY ,2024,2,false,171.500,104,81762.15
MCOU,MD,00002318201,TRULICITY ,2024,2,false,38.000,19,18016.09
FFSU,MD,00002318280,TRULICITY ,2024,2,false,62.500,42,29813.94
MCOU,MD,00002318280,TRULICITY ,2024,2,false,1380.000,680,651880.02
MCOU,MD,00002143301,TRULICITY ,2024,1,false,69.000,34,33649.53
MCOU,MD,00002143380,TRULICITY ,2024,1,false,7679.500,3717,3716049.15
FFSU,MD,00002143380,TRULICITY ,2024,1,false,437.500,258,206836.66
MCOU,MD,00002143401,TRULICITY ,2024,1,false,36.000,18,17303.40
FFSU,MD,00002143480,TRULICITY ,2024,1,false,203.500,145,95988.22
MCOU,MD,00002143480,TRULICITY ,2024,1,false,3543.500,1720,1719634.89
MCOU,MD,00002223601,TRULICITY ,2024,1,false,45.000,22,21662.08
FFSU,MD,00002223601,TRULICITY ,2024,1,true,,,
MCOU,MD,00002223680,TRULICITY ,2024,1,false,5606.000,2673,2700811.13
FFSU,MD,00002223680,TRULICITY ,2024,1,false,194.000,121,91757.12
MCOU,MD,00002318201,TRULICITY ,2024,1,false,32.000,16,15258.98
MCOU,MD,00002318280,TRULICITY ,2024,1,false,3283.500,1557,1583647.56
FFSU,MD,00002318280,TRULICITY ,2024,1,false,110.000,73,51771.13
FFSU,ME,00002143380,TRULICITY ,2024,4,false,4018.500,1995,1912931.24
FFSU,ME,00002143401,TRULICITY ,2024,4,true,,,
FFSU,ME,00002143480,TRULICITY ,2024,4,false,3546.000,1766,1686799.74
FFSU,ME,00002223680,TRULICITY ,2024,4,false,2499.000,1244,1190367.77
FFSU,ME,00002318201,TRULICITY ,2024,4,true,,,
FFSU,ME,00002318280,TRULICITY ,2024,4,false,1572.500,794,749076.62
FFSU,ME,00002143301,TRULICITY ,2024,3,true,,,
FFSU,ME,00002143380,TRULICITY ,2024,3,false,3168.500,1516,1510795.81
FFSU,ME,00002143401,TRULICITY ,2024,3,true,,,
FFSU,ME,00002143480,TRULICITY ,2024,3,false,3016.000,1384,1435694.58
FFSU,ME,00002223680,TRULICITY ,2024,3,false,2011.500,976,959109.23
FFSU,ME,00002318201,TRULICITY ,2024,3,true,,,
FFSU,ME,00002318280,TRULICITY ,2024,3,false,1199.000,560,571712.10
FFSU,ME,00002143380,TRULICITY ,2024,2,false,5344.500,2443,2523826.28
FFSU,ME,00002143480,TRULICITY ,2024,2,false,3089.000,1335,1459474.64
FFSU,ME,00002223601,TRULICITY ,2024,2,true,,,
FFSU,ME,00002223680,TRULICITY ,2024,2,false,3612.500,1702,1714898.59
FFSU,ME,00002318201,TRULICITY ,2024,2,true,,,
FFSU,ME,00002318280,TRULICITY ,2024,2,false,1285.500,615,611161.35
FFSU,ME,00002143380,TRULICITY ,2024,1,false,2276.000,1133,1047814.76
FFSU,ME,00002143480,TRULICITY ,2024,1,false,1579.000,782,719549.05
FFSU,ME,00002223601,TRULICITY ,2024,1,true,,,
FFSU,ME,00002223680,TRULICITY ,2024,1,false,1480.000,733,690275.23
FFSU,ME,00002318280,TRULICITY ,2024,1,false,1042.000,521,487090.57
MCOU,MI,00002143301,TRULICITY ,2024,4,true,,,
FFSU,MI,00002143380,TRULICITY ,2024,4,false,827.500,432,361285.53
MCOU,MI,00002143380,TRULICITY ,2024,4,false,17429.500,8217,7988502.08
MCOU,MI,00002143401,TRULICITY ,2024,4,true,,,
MCOU,MI,00002143480,TRULICITY ,2024,4,false,18456.000,8669,8457178.90
FFSU,MI,00002143480,TRULICITY ,2024,4,false,787.500,391,330645.04
MCOU,MI,00002223601,TRULICITY ,2024,4,true,,,
FFSU,MI,00002223680,TRULICITY ,2024,4,false,460.500,228,192459.31
MCOU,MI,00002223680,TRULICITY ,2024,4,false,15516.000,7239,7119704.11
MCOU,MI,00002318201,TRULICITY ,2024,4,false,28.000,14,13489.62
FFSU,MI,00002318280,TRULICITY ,2024,4,false,350.000,182,143157.87
MCOU,MI,00002318280,TRULICITY ,2024,4,false,12680.500,5833,5828002.20
MCOU,MI,00002143301,TRULICITY ,2024,3,true,,,
FFSU,MI,00002143380,TRULICITY ,2024,3,false,962.500,494,356090.92
MCOU,MI,00002143380,TRULICITY ,2024,3,false,20427.000,9562,9506546.14
MCOU,MI,00002143401,TRULICITY ,2024,3,false,32.000,16,15604.78
MCOU,MI,00002143480,TRULICITY ,2024,3,false,20318.000,9417,9456731.98
FFSU,MI,00002143480,TRULICITY ,2024,3,false,846.500,413,287981.61
MCOU,MI,00002223601,TRULICITY ,2024,3,false,22.000,11,10615.86
FFSU,MI,00002223680,TRULICITY ,2024,3,false,449.000,215,139829.93
MCOU,MI,00002223680,TRULICITY ,2024,3,false,14937.000,6912,6952392.34
MCOU,MI,00002318201,TRULICITY ,2024,3,false,24.000,12,11542.56
MCOU,MI,00002318280,TRULICITY ,2024,3,false,11255.500,5185,5238381.48
FFSU,MI,00002318280,TRULICITY ,2024,3,false,304.000,147,102590.03
MCOU,MI,00002143301,TRULICITY ,2024,2,true,,,
FFSU,MI,00002143380,TRULICITY ,2024,2,false,1219.500,621,436625.05
MCOU,MI,00002143380,TRULICITY ,2024,2,false,23942.000,11132,11167448.93
MCOU,MI,00002143401,TRULICITY ,2024,2,false,22.000,11,10679.28
MCOU,MI,00002143480,TRULICITY ,2024,2,false,17675.500,8102,8246160.05
FFSU,MI,00002143480,TRULICITY ,2024,2,false,607.000,304,183617.13
MCOU,MI,00002223601,TRULICITY ,2024,2,true,,,
MCOU,MI,00002223680,TRULICITY ,2024,2,false,12631.500,5846,5891081.62
FFSU,MI,00002223680,TRULICITY ,2024,2,false,610.000,285,157702.24
MCOU,MI,00002318201,TRULICITY ,2024,2,true,,,
FFSU,MI,00002318280,TRULICITY ,2024,2,false,239.000,119,66684.47
MCOU,MI,00002318280,TRULICITY ,2024,2,false,5761.000,2631,2687705.97
MCOU,MI,00002143301,TRULICITY ,2024,1,true,,,
MCOU,MI,00002143380,TRULICITY ,2024,1,false,25436.000,11721,11853847.35
FFSU,MI,00002143380,TRULICITY ,2024,1,false,1472.500,724,523579.85
MCOU,MI,00002143401,TRULICITY ,2024,1,true,,,
FFSU,MI,00002143480,TRULICITY ,2024,1,false,609.500,299,198236.87
MCOU,MI,00002143480,TRULICITY ,2024,1,false,10498.000,4857,4880361.25
MCOU,MI,00002223601,TRULICITY ,2024,1,true,,,
FFSU,MI,00002223680,TRULICITY ,2024,1,false,957.000,426,304519.29
MCOU,MI,00002223680,TRULICITY ,2024,1,false,20650.000,9084,9605483.77
MCOU,MI,00002318201,TRULICITY ,2024,1,false,26.000,13,12591.72
FFSU,MI,00002318280,TRULICITY ,2024,1,false,693.500,315,206550.72
MCOU,MI,00002318280,TRULICITY ,2024,1,false,14978.500,6498,6967697.08
MCOU,MN,00002143380,TRULICITY ,2024,4,false,134.000,388,406439.81
FFSU,MN,00002143380,TRULICITY ,2024,4,true,,,
FFSU,MN,00002143480,TRULICITY ,2024,4,true,,,
MCOU,MN,00002143480,TRULICITY ,2024,4,false,212.000,106,100745.16
MCOU,MN,00002223680,TRULICITY ,2024,4,false,526.000,227,252256.68
FFSU,MN,00002223680,TRULICITY ,2024,4,false,44.500,27,19758.20
FFSU,MN,00002318280,TRULICITY ,2024,4,true,,,
MCOU,MN,00002318280,TRULICITY ,2024,4,false,214.000,374,399634.24
MCOU,MN,00002143380,TRULICITY ,2024,3,false,301.000,124,142741.88
FFSU,MN,00002143380,TRULICITY ,2024,3,false,26.000,13,11966.50
FFSU,MN,00002143480,TRULICITY ,2024,3,true,,,
MCOU,MN,00002143480,TRULICITY ,2024,3,false,849.000,382,408436.38
FFSU,MN,00002223680,TRULICITY ,2024,3,false,52.500,27,25493.92
MCOU,MN,00002223680,TRULICITY ,2024,3,false,635.000,310,305014.94
FFSU,MN,00002318280,TRULICITY ,2024,3,true,,,
MCOU,MN,00002318280,TRULICITY ,2024,3,false,524.000,234,249860.31
MCOU,MN,00002143380,TRULICITY ,2024,2,false,714.000,330,354133.48
MCOU,MN,00002143480,TRULICITY ,2024,2,false,897.000,398,426346.96
MCOU,MN,00002223680,TRULICITY ,2024,2,false,620.000,312,295927.64
MCOU,MN,00002318280,TRULICITY ,2024,2,false,218.500,107,105338.70
MCOU,MN,00002143380,TRULICITY ,2024,1,false,865.000,422,414481.86
FFSU,MN,00002143380,TRULICITY ,2024,1,true,,,
MCOU,MN,00002143401,TRULICITY ,2024,1,true,,,
MCOU,MN,00002143480,TRULICITY ,2024,1,false,420.000,209,200974.04
FFSU,MN,00002143480,TRULICITY ,2024,1,false,30.000,15,13676.10
MCOU,MN,00002223680,TRULICITY ,2024,1,false,986.000,480,471463.92
FFSU,MN,00002223680,TRULICITY ,2024,1,false,54.000,27,26069.78
FFSU,MN,00002318280,TRULICITY ,2024,1,false,30.000,15,14347.61
MCOU,MN,00002318280,TRULICITY ,2024,1,false,482.000,221,223130.56
FFSU,MO,00002143380,TRULICITY ,2024,4,false,16379.500,8189,7762305.83
FFSU,MO,00002143480,TRULICITY ,2024,4,false,16496.000,8217,7828999.16
FFSU,MO,00002223680,TRULICITY ,2024,4,false,12211.500,6107,5796494.51
FFSU,MO,00002318201,TRULICITY ,2024,4,true,,,
FFSU,MO,00002318280,TRULICITY ,2024,4,false,10283.500,5147,4881152.89
FFSU,MO,00002143301,TRULICITY ,2024,3,true,,,
FFSU,MO,00002143380,TRULICITY ,2024,3,false,18526.500,9279,8772825.31
FFSU,MO,00002143401,TRULICITY ,2024,3,true,,,
FFSU,MO,00002143480,TRULICITY ,2024,3,false,17973.000,8916,8520856.49
FFSU,MO,00002223680,TRULICITY ,2024,3,false,9592.000,4797,4554177.13
FFSU,MO,00002318280,TRULICITY ,2024,3,false,8984.000,4496,4252376.10
FFSU,MO,00002143301,TRULICITY ,2024,2,true,,,
FFSU,MO,00002143380,TRULICITY ,2024,2,false,18243.000,9067,8624432.09
FFSU,MO,00002143401,TRULICITY ,2024,2,true,,,
FFSU,MO,00002143480,TRULICITY ,2024,2,false,10068.000,5020,4759805.27
FFSU,MO,00002223680,TRULICITY ,2024,2,false,10560.000,5296,4989994.53
FFSU,MO,00002318280,TRULICITY ,2024,2,false,3935.000,1970,1858349.67
FFSU,MO,00002143301,TRULICITY ,2024,1,true,,,
FFSU,MO,00002143380,TRULICITY ,2024,1,false,14468.500,7242,6778294.57
FFSU,MO,00002143401,TRULICITY ,2024,1,true,,,
FFSU,MO,00002143480,TRULICITY ,2024,1,false,8053.500,4041,3744934.74
FFSU,MO,00002223601,TRULICITY ,2024,1,true,,,
FFSU,MO,00002223680,TRULICITY ,2024,1,false,9776.000,4892,4579524.40
FFSU,MO,00002318201,TRULICITY ,2024,1,true,,,
FFSU,MO,00002318280,TRULICITY ,2024,1,false,8502.000,4257,3984106.18
MCOU,MS,00002143301,TRULICITY ,2024,4,true,,,
FFSU,MS,00002143380,TRULICITY ,2024,4,false,546.000,274,260517.42
MCOU,MS,00002143380,TRULICITY ,2024,4,false,2689.000,1338,1303112.35
MCOU,MS,00002143480,TRULICITY ,2024,4,false,2721.500,1354,1303735.29
FFSU,MS,00002143480,TRULICITY ,2024,4,false,502.500,261,243761.67
FFSU,MS,00002223680,TRULICITY ,2024,4,false,262.000,144,129437.52
MCOU,MS,00002223680,TRULICITY ,2024,4,false,1684.000,836,804323.74
MCOU,MS,00002318201,TRULICITY ,2024,4,true,,,
FFSU,MS,00002318280,TRULICITY ,2024,4,false,162.500,82,77064.25
MCOU,MS,00002318280,TRULICITY ,2024,4,false,1168.000,574,563762.78
FFSU,MS,00002143301,TRULICITY ,2024,3,true,,,
FFSU,MS,00002143380,TRULICITY ,2024,3,false,553.000,284,263870.65
MCOU,MS,00002143380,TRULICITY ,2024,3,false,2813.500,1407,1367862.18
FFSU,MS,00002143480,TRULICITY ,2024,3,false,490.000,263,233855.11
MCOU,MS,00002143480,TRULICITY ,2024,3,false,2696.000,1340,1292216.04
FFSU,MS,00002223680,TRULICITY ,2024,3,false,191.000,103,91179.43
MCOU,MS,00002223680,TRULICITY ,2024,3,false,1378.000,683,668877.63
MCOU,MS,00002318201,TRULICITY ,2024,3,true,,,
FFSU,MS,00002318280,TRULICITY ,2024,3,false,88.500,45,41757.16
MCOU,MS,00002318280,TRULICITY ,2024,3,false,882.000,431,422842.34
MCOU,MS,00002143301,TRULICITY ,2024,2,true,,,
FFSU,MS,00002143301,TRULICITY ,2024,2,true,,,
FFSU,MS,00002143380,TRULICITY ,2024,2,false,579.000,300,276026.44
MCOU,MS,00002143380,TRULICITY ,2024,2,false,3127.500,1522,1412341.79
MCOU,MS,00002143401,TRULICITY ,2024,2,true,,,
FFSU,MS,00002143401,TRULICITY ,2024,2,true,,,
FFSU,MS,00002143480,TRULICITY ,2024,2,false,339.000,183,161718.78
MCOU,MS,00002143480,TRULICITY ,2024,2,false,2084.500,1010,940557.23
MCOU,MS,00002223601,TRULICITY ,2024,2,true,,,
FFSU,MS,00002223680,TRULICITY ,2024,2,false,220.500,114,105032.42
MCOU,MS,00002223680,TRULICITY ,2024,2,false,1260.000,630,594429.29
MCOU,MS,00002318201,TRULICITY ,2024,2,true,,,
FFSU,MS,00002318201,TRULICITY ,2024,2,true,,,
FFSU,MS,00002318280,TRULICITY ,2024,2,false,64.000,35,30509.93
MCOU,MS,00002318280,TRULICITY ,2024,2,false,548.000,272,257978.17
FFSU,MS,00002143301,TRULICITY ,2024,1,true,,,
MCOU,MS,00002143301,TRULICITY ,2024,1,true,,,
FFSU,MS,00002143380,TRULICITY ,2024,1,false,818.500,416,388712.66
MCOU,MS,00002143380,TRULICITY ,2024,1,false,2867.000,1400,1311091.06
MCOU,MS,00002143401,TRULICITY ,2024,1,true,,,
FFSU,MS,00002143401,TRULICITY ,2024,1,true,,,
MCOU,MS,00002143480,TRULICITY ,2024,1,false,1472.000,714,668359.58
FFSU,MS,00002143480,TRULICITY ,2024,1,false,356.000,181,168292.09
FFSU,MS,00002223680,TRULICITY ,2024,1,false,366.500,184,190314.39
MCOU,MS,00002223680,TRULICITY ,2024,1,false,1482.000,741,702688.25
MCOU,MS,00002318201,TRULICITY ,2024,1,true,,,
FFSU,MS,00002318280,TRULICITY ,2024,1,false,185.500,94,87354.52
MCOU,MS,00002318280,TRULICITY ,2024,1,false,816.000,408,387508.00
FFSU,MT,00002143380,TRULICITY ,2024,4,false,492.000,244,234692.81
FFSU,MT,00002143480,TRULICITY ,2024,4,false,522.000,260,248826.96
FFSU,MT,00002223680,TRULICITY ,2024,4,false,616.000,308,293924.86
FFSU,MT,00002318280,TRULICITY ,2024,4,false,377.000,192,179808.93
FFSU,MT,00002143380,TRULICITY ,2024,3,false,580.000,288,276235.73
FFSU,MT,00002143480,TRULICITY ,2024,3,false,761.500,376,363103.48
FFSU,MT,00002223601,TRULICITY ,2024,3,true,,,
FFSU,MT,00002223680,TRULICITY ,2024,3,false,640.000,320,305151.12
FFSU,MT,00002318280,TRULICITY ,2024,3,false,458.000,230,220449.90
FFSU,MT,00002143380,TRULICITY ,2024,2,false,806.000,390,385314.20
FFSU,MT,00002143480,TRULICITY ,2024,2,false,693.000,338,332024.02
FFSU,MT,00002223601,TRULICITY ,2024,2,true,,,
FFSU,MT,00002223680,TRULICITY ,2024,2,false,771.000,386,368592.62
FFSU,MT,00002318280,TRULICITY ,2024,2,false,360.500,181,172770.04
FFSU,MT,00002143380,TRULICITY ,2024,1,false,867.500,422,411227.53
FFSU,MT,00002143480,TRULICITY ,2024,1,false,606.000,303,286697.34
FFSU,MT,00002223601,TRULICITY ,2024,1,true,,,
FFSU,MT,00002223680,TRULICITY ,2024,1,false,944.000,471,448166.53
FFSU,MT,00002318280,TRULICITY ,2024,1,false,930.000,462,440408.43
FFSU,XX,00002143301,TRULICITY ,2024,4,false,132.500,56,59766.59
MCOU,XX,00002143301,TRULICITY ,2024,4,false,409.500,234,187321.34
FFSU,XX,00002143380,TRULICITY ,2024,4,false,116751.000,53236,55564879.75
MCOU,XX,00002143380,TRULICITY ,2024,4,false,211386.500,101772,99919859.64
FFSU,XX,00002143401,TRULICITY ,2024,4,false,80.500,38,36419.29
MCOU,XX,00002143401,TRULICITY ,2024,4,false,433.000,219,213382.72
FFSU,XX,00002143480,TRULICITY ,2024,4,false,122661.500,54805,58374499.69
MCOU,XX,00002143480,TRULICITY ,2024,4,false,219354.000,103759,103081026.28
FFSU,XX,00002223601,TRULICITY ,2024,4,false,78.000,38,33296.77
MCOU,XX,00002223601,TRULICITY ,2024,4,false,228.000,114,109077.92
FFSU,XX,00002223680,TRULICITY ,2024,4,false,89481.500,40105,42571408.11
MCOU,XX,00002223680,TRULICITY ,2024,4,false,163166.500,77045,76926446.46
FFSU,XX,00002318201,TRULICITY ,2024,4,false,57.500,30,28211.03
MCOU,XX,00002318201,TRULICITY ,2024,4,false,280.000,139,138259.75
FFSU,XX,00002318280,TRULICITY ,2024,4,false,63487.000,28392,30241295.66
MCOU,XX,00002318280,TRULICITY ,2024,4,false,116094.000,54629,55009798.52
FFSU,XX,00002143301,TRULICITY ,2024,3,false,176.500,76,79964.85
MCOU,XX,00002143301,TRULICITY ,2024,3,false,408.500,215,192924.05
FFSU,XX,00002143380,TRULICITY ,2024,3,false,139094.500,62255,66053970.84
MCOU,XX,00002143380,TRULICITY ,2024,3,false,240434.000,114730,113099558.43
FFSU,XX,00002143401,TRULICITY ,2024,3,false,177.000,79,85130.64
MCOU,XX,00002143401,TRULICITY ,2024,3,false,482.000,243,229727.25
FFSU,XX,00002143480,TRULICITY ,2024,3,false,141150.000,62231,67092000.37
MCOU,XX,00002143480,TRULICITY ,2024,3,false,235210.500,111052,110933264.48
FFSU,XX,00002223601,TRULICITY ,2024,3,false,122.500,52,53456.54
MCOU,XX,00002223601,TRULICITY ,2024,3,false,285.000,139,136017.42
FFSU,XX,00002223680,TRULICITY ,2024,3,false,87943.500,38783,41826912.21
MCOU,XX,00002223680,TRULICITY ,2024,3,false,156562.000,73856,74132840.09
FFSU,XX,00002318201,TRULICITY ,2024,3,false,59.500,29,26249.41
MCOU,XX,00002318201,TRULICITY ,2024,3,false,273.500,139,130334.68
FFSU,XX,00002318280,TRULICITY ,2024,3,false,60996.500,26706,29014480.61
MCOU,XX,00002318280,TRULICITY ,2024,3,false,107118.000,49982,50451242.60
FFSU,XX,00002143301,TRULICITY ,2024,2,false,230.500,117,102247.96
MCOU,XX,00002143301,TRULICITY ,2024,2,false,528.500,271,241795.25
FFSU,XX,00002143380,TRULICITY ,2024,2,false,153265.000,67850,72579318.29
MCOU,XX,00002143380,TRULICITY ,2024,2,false,279964.000,132436,133097590.37
FFSU,XX,00002143401,TRULICITY ,2024,2,false,219.000,97,98275.36
MCOU,XX,00002143401,TRULICITY ,2024,2,false,440.500,220,219780.17
FFSU,XX,00002143480,TRULICITY ,2024,2,false,108352.500,47105,51411890.61
MCOU,XX,00002143480,TRULICITY ,2024,2,false,202087.780,94718,96546744.61
FFSU,XX,00002223601,TRULICITY ,2024,2,false,125.500,57,56347.49
MCOU,XX,00002223601,TRULICITY ,2024,2,false,287.000,150,139923.68
FFSU,XX,00002223680,TRULICITY ,2024,2,false,88088.000,39746,41756848.55
MCOU,XX,00002223680,TRULICITY ,2024,2,false,135665.500,64768,65538612.25
FFSU,XX,00002318201,TRULICITY ,2024,2,false,57.000,24,27117.05
MCOU,XX,00002318201,TRULICITY ,2024,2,false,204.000,102,104315.89
FFSU,XX,00002318280,TRULICITY ,2024,2,false,35396.000,16034,16813693.09
MCOU,XX,00002318280,TRULICITY ,2024,2,false,55861.500,26400,27364662.99
FFSU,XX,00002143301,TRULICITY ,2024,1,false,327.000,148,139981.15
MCOU,XX,00002143301,TRULICITY ,2024,1,false,538.000,264,242973.15
FFSU,XX,00002143380,TRULICITY ,2024,1,false,164302.250,71948,77105389.48
MCOU,XX,00002143380,TRULICITY ,2024,1,false,288424.500,134838,135463342.15
FFSU,XX,00002143401,TRULICITY ,2024,1,false,258.500,119,119096.42
MCOU,XX,00002143401,TRULICITY ,2024,1,false,341.500,166,172209.96
FFSU,XX,00002143480,TRULICITY ,2024,1,false,103070.000,44717,48145310.44
MCOU,XX,00002143480,TRULICITY ,2024,1,false,121616.500,57558,59043280.76
FFSU,XX,00002223601,TRULICITY ,2024,1,false,176.000,75,77526.60
MCOU,XX,00002223601,TRULICITY ,2024,1,false,326.000,168,153443.95
FFSU,XX,00002223680,TRULICITY ,2024,1,false,117302.000,50058,55170773.14
MCOU,XX,00002223680,TRULICITY ,2024,1,false,212050.000,97589,100367800.98
FFSU,XX,00002318201,TRULICITY ,2024,1,false,124.000,54,55155.78
MCOU,XX,00002318201,TRULICITY ,2024,1,false,228.500,121,114624.31
FFSU,XX,00002318280,TRULICITY ,2024,1,false,82349.500,34987,38643790.10
MCOU,XX,00002318280,TRULICITY ,2024,1,false,139221.500,63414,66438051.08
MCOU,NC,00002143301,TRULICITY ,2024,4,true,,,
FFSU,NC,00002143380,TRULICITY ,2024,4,false,271.000,200,129707.35
MCOU,NC,00002143380,TRULICITY ,2024,4,false,5272.000,2453,2498336.06
MCOU,NC,00002143401,TRULICITY ,2024,4,true,,,
MCOU,NC,00002143480,TRULICITY ,2024,4,false,5632.000,2580,2668722.07
FFSU,NC,00002143480,TRULICITY ,2024,4,false,261.500,174,124948.70
MCOU,NC,00002223680,TRULICITY ,2024,4,false,4348.500,1938,2060707.40
FFSU,NC,00002223680,TRULICITY ,2024,4,false,190.000,130,90831.00
MCOU,NC,00002318201,TRULICITY ,2024,4,true,,,
MCOU,NC,00002318280,TRULICITY ,2024,4,true,,,
FFSU,NC,00002318280,TRULICITY ,2024,4,false,116.000,93,56508.80
MCOU,NC,00002143301,TRULICITY ,2024,3,true,,,
FFSU,NC,00002143380,TRULICITY ,2024,3,false,415.000,249,197880.83
MCOU,NC,00002143380,TRULICITY ,2024,3,false,5576.500,2617,2643415.91
MCOU,NC,00002143480,TRULICITY ,2024,3,false,5872.000,2712,2780097.62
FFSU,NC,00002143480,TRULICITY ,2024,3,false,456.500,270,217616.19
MCOU,NC,00002223601,TRULICITY ,2024,3,true,,,
MCOU,NC,00002223680,TRULICITY ,2024,3,false,4104.500,1854,1943195.40
FFSU,NC,00002223680,TRULICITY ,2024,3,false,228.500,131,108877.15
MCOU,NC,00002318201,TRULICITY ,2024,3,true,,,
FFSU,NC,00002318280,TRULICITY ,2024,3,false,173.500,127,82944.94
MCOU,NC,00002318280,TRULICITY ,2024,3,false,2547.000,1146,1206367.99
MCOU,NC,00002143301,TRULICITY ,2024,2,true,,,
FFSU,NC,00002143380,TRULICITY ,2024,2,false,1133.000,593,538096.89
MCOU,NC,00002143380,TRULICITY ,2024,2,false,5701.000,2672,2699412.07
MCOU,NC,00002143480,TRULICITY ,2024,2,false,4425.000,2045,2094770.73
FFSU,NC,00002143480,TRULICITY ,2024,2,false,896.500,456,425605.76
MCOU,NC,00002223601,TRULICITY ,2024,2,true,,,
FFSU,NC,00002223680,TRULICITY ,2024,2,false,652.500,325,309462.66
MCOU,NC,00002223680,TRULICITY ,2024,2,false,3217.000,1519,1522019.08
MCOU,NC,00002318201,TRULICITY ,2024,2,true,,,
FFSU,NC,00002318280,TRULICITY ,2024,2,false,345.500,233,164549.39
MCOU,NC,00002318280,TRULICITY ,2024,2,false,1322.000,597,626207.56
MCOU,NC,00002143301,TRULICITY ,2024,1,true,,,
FFSU,NC,00002143380,TRULICITY ,2024,1,false,1319.500,697,621467.87
MCOU,NC,00002143380,TRULICITY ,2024,1,false,6165.500,2726,2918362.52
FFSU,NC,00002143480,TRULICITY ,2024,1,false,963.000,488,450999.74
MCOU,NC,00002143480,TRULICITY ,2024,1,false,2496.500,1145,1176577.84
MCOU,NC,00002223601,TRULICITY ,2024,1,true,,,
MCOU,NC,00002223680,TRULICITY ,2024,1,false,4943.500,2073,2332808.75
FFSU,NC,00002223680,TRULICITY ,2024,1,false,877.000,427,411871.02
MCOU,NC,00002318201,TRULICITY ,2024,1,true,,,
MCOU,NC,00002318280,TRULICITY ,2024,1,false,3260.000,1351,1536949.79
FFSU,NC,00002318280,TRULICITY ,2024,1,false,844.500,430,396827.92
FFSU,ND,00002143380,TRULICITY ,2024,4,true,,,
FFSU,ND,00002143480,TRULICITY ,2024,4,true,,,
FFSU,ND,00002223680,TRULICITY ,2024,4,false,34.000,17,16184.01
FFSU,ND,00002318280,TRULICITY ,2024,4,false,24.000,12,11467.32
FFSU,ND,00002143380,TRULICITY ,2024,3,true,,,
FFSU,ND,00002143480,TRULICITY ,2024,3,false,32.000,16,15254.83
FFSU,ND,00002223680,TRULICITY ,2024,3,false,42.000,21,20072.54
FFSU,ND,00002318280,TRULICITY ,2024,3,false,38.000,19,18153.71
FFSU,ND,00002143380,TRULICITY ,2024,2,false,38.000,19,18133.61
FFSU,ND,00002143480,TRULICITY ,2024,2,false,46.000,23,21947.18
FFSU,ND,00002223680,TRULICITY ,2024,2,false,88.000,44,41973.34
FFSU,ND,00002318280,TRULICITY ,2024,2,false,58.000,29,27658.48
FFSU,ND,00002143301,TRULICITY ,2024,1,true,,,
FFSU,ND,00002143380,TRULICITY ,2024,1,false,40.000,20,18818.20
FFSU,ND,00002143480,TRULICITY ,2024,1,false,56.000,28,26477.26
FFSU,ND,00002223680,TRULICITY ,2024,1,false,56.000,28,26596.94
FFSU,ND,00002318280,TRULICITY ,2024,1,false,118.000,59,55938.18
MCOU,NE,00002143380,TRULICITY ,2024,4,false,986.000,480,441639.55
MCOU,NE,00002143480,TRULICITY ,2024,4,false,1116.000,530,502407.77
MCOU,NE,00002223680,TRULICITY ,2024,4,false,942.000,451,417751.33
MCOU,NE,00002318280,TRULICITY ,2024,4,false,840.000,404,388266.44
MCOU,NE,00002143380,TRULICITY ,2024,3,false,1172.000,581,545160.90
MCOU,NE,00002143480,TRULICITY ,2024,3,false,1332.000,637,626078.96
MCOU,NE,00002223680,TRULICITY ,2024,3,false,1011.000,488,470792.65
MCOU,NE,00002318280,TRULICITY ,2024,3,false,754.500,369,345686.37
MCOU,NE,00002143380,TRULICITY ,2024,2,false,1421.000,688,665196.83
MCOU,NE,00002143480,TRULICITY ,2024,2,false,1307.500,630,609441.05
MCOU,NE,00002223680,TRULICITY ,2024,2,false,1192.000,570,554813.80
MCOU,NE,00002318280,TRULICITY ,2024,2,false,506.000,256,232258.39
MCOU,NE,00002143380,TRULICITY ,2024,1,false,1666.000,810,777283.79
FFSU,NE,00002143380,TRULICITY ,2024,1,true,,,
MCOU,NE,00002143480,TRULICITY ,2024,1,false,1154.000,564,531086.86
MCOU,NE,00002223680,TRULICITY ,2024,1,false,1551.500,749,719648.64
MCOU,NE,00002318280,TRULICITY ,2024,1,false,1203.500,595,558856.67
MCOU,NH,00002143380,TRULICITY ,2024,4,false,513.000,237,229339.37
MCOU,NH,00002143480,TRULICITY ,2024,4,false,590.000,270,263512.37
MCOU,NH,00002223680,TRULICITY ,2024,4,false,580.000,252,258963.35
MCOU,NH,00002318280,TRULICITY ,2024,4,false,332.000,149,149675.62
MCOU,NH,00002143380,TRULICITY ,2024,3,false,598.500,281,267403.58
MCOU,NH,00002143480,TRULICITY ,2024,3,false,688.000,307,306564.47
FFSU,NH,00002223680,TRULICITY ,2024,3,true,,,
MCOU,NH,00002223680,TRULICITY ,2024,3,false,524.000,222,232748.87
MCOU,NH,00002318280,TRULICITY ,2024,3,false,278.000,120,122179.74
MCOU,NH,00002143380,TRULICITY ,2024,2,false,825.000,386,372114.50
FFSU,NH,00002143380,TRULICITY ,2024,2,true,,,
FFSU,NH,00002143480,TRULICITY ,2024,2,true,,,
MCOU,NH,00002143480,TRULICITY ,2024,2,false,640.000,286,288718.11
MCOU,NH,00002223680,TRULICITY ,2024,2,false,486.000,223,215807.03
FFSU,NH,00002223680,TRULICITY ,2024,2,true,,,
MCOU,NH,00002318280,TRULICITY ,2024,2,false,136.000,61,58502.97
MCOU,NH,00002143380,TRULICITY ,2024,1,false,947.000,420,423504.90
MCOU,NH,00002143480,TRULICITY ,2024,1,false,436.000,196,194456.05
MCOU,NH,00002223680,TRULICITY ,2024,1,false,878.000,379,388766.03
FFSU,NH,00002223680,TRULICITY ,2024,1,true,,,
MCOU,NH,00002318280,TRULICITY ,2024,1,false,468.000,202,208083.44
MCOU,NJ,00002143301,TRULICITY ,2024,4,true,,,
MCOU,NJ,00002143380,TRULICITY ,2024,4,false,1530.000,738,723223.92
FFSU,NJ,00002143380,TRULICITY ,2024,4,true,,,
MCOU,NJ,00002143401,TRULICITY ,2024,4,true,,,
FFSU,NJ,00002143480,TRULICITY ,2024,4,false,34.000,17,16109.75
MCOU,NJ,00002143480,TRULICITY ,2024,4,false,2036.000,958,981291.41
FFSU,NJ,00002223680,TRULICITY ,2024,4,false,19.500,29,9506.58
MCOU,NJ,00002223680,TRULICITY ,2024,4,false,1493.500,724,713717.80
FFSU,NJ,00002318280,TRULICITY ,2024,4,true,,,
MCOU,NJ,00002318280,TRULICITY ,2024,4,false,897.000,448,427426.22
MCOU,NJ,00002143301,TRULICITY ,2024,3,true,,,
MCOU,NJ,00002143380,TRULICITY ,2024,3,false,1908.000,916,905750.59
FFSU,NJ,00002143380,TRULICITY ,2024,3,false,30.000,15,14382.83
MCOU,NJ,00002143401,TRULICITY ,2024,3,true,,,
MCOU,NJ,00002143480,TRULICITY ,2024,3,false,2114.000,981,1004105.81
FFSU,NJ,00002143480,TRULICITY ,2024,3,true,,,
MCOU,NJ,00002223601,TRULICITY ,2024,3,true,,,
MCOU,NJ,00002223680,TRULICITY ,2024,3,false,1682.500,791,807788.69
FFSU,NJ,00002223680,TRULICITY ,2024,3,true,,,
FFSU,NJ,00002318280,TRULICITY ,2024,3,true,,,
MCOU,NJ,00002318280,TRULICITY ,2024,3,false,973.500,465,464229.51
MCOU,NJ,00002143301,TRULICITY ,2024,2,true,,,
MCOU,NJ,00002143380,TRULICITY ,2024,2,false,2103.500,1014,992555.01
FFSU,NJ,00002143380,TRULICITY ,2024,2,false,22.000,18,10642.78
MCOU,NJ,00002143401,TRULICITY ,2024,2,true,,,
FFSU,NJ,00002143480,TRULICITY ,2024,2,true,,,
MCOU,NJ,00002143480,TRULICITY ,2024,2,false,2218.500,999,1057615.71
FFSU,NJ,00002223680,TRULICITY ,2024,2,true,,,
MCOU,NJ,00002223680,TRULICITY ,2024,2,false,1621.000,788,771597.79
MCOU,NJ,00002318201,TRULICITY ,2024,2,true,,,
FFSU,NJ,00002318280,TRULICITY ,2024,2,true,,,
MCOU,NJ,00002318280,TRULICITY ,2024,2,false,853.000,406,408388.38
MCOU,NJ,00002143301,TRULICITY ,2024,1,true,,,
MCOU,NJ,00002143380,TRULICITY ,2024,1,false,2613.000,1215,1232452.39
FFSU,NJ,00002143380,TRULICITY ,2024,1,false,26.000,13,12144.48
MCOU,NJ,00002143401,TRULICITY ,2024,1,false,26.000,11,12093.55
MCOU,NJ,00002143480,TRULICITY ,2024,1,false,2013.500,945,968121.08
FFSU,NJ,00002143480,TRULICITY ,2024,1,true,,,
MCOU,NJ,00002223601,TRULICITY ,2024,1,true,,,
MCOU,NJ,00002223680,TRULICITY ,2024,1,false,2135.000,994,1009582.65
FFSU,NJ,00002223680,TRULICITY ,2024,1,true,,,
MCOU,NJ,00002318201,TRULICITY ,2024,1,true,,,
FFSU,NJ,00002318280,TRULICITY ,2024,1,true,,,
MCOU,NJ,00002318280,TRULICITY ,2024,1,false,1426.500,658,678610.55
MCOU,NM,00002143380,TRULICITY ,2024,4,false,1788.000,802,818374.84
FFSU,NM,00002143380,TRULICITY ,2024,4,false,126.000,59,50400.88
FFSU,NM,00002143480,TRULICITY ,2024,4,false,104.000,44,44577.10
MCOU,NM,00002143480,TRULICITY ,2024,4,false,2317.000,1000,1063722.07
MCOU,NM,00002223680,TRULICITY ,2024,4,false,1978.000,858,912825.88
FFSU,NM,00002223680,TRULICITY ,2024,4,false,80.000,38,34377.98
MCOU,NM,00002318201,TRULICITY ,2024,4,true,,,
FFSU,NM,00002318280,TRULICITY ,2024,4,true,,,
MCOU,NM,00002318280,TRULICITY ,2024,4,false,1338.000,563,615769.49
MCOU,NM,00002143380,TRULICITY ,2024,3,false,2894.000,1311,1343070.08
FFSU,NM,00002143380,TRULICITY ,2024,3,false,124.000,59,53223.56
MCOU,NM,00002143401,TRULICITY ,2024,3,true,,,
MCOU,NM,00002143480,TRULICITY ,2024,3,false,3288.000,1428,1536550.83
FFSU,NM,00002143480,TRULICITY ,2024,3,false,78.000,37,33410.35
MCOU,NM,00002223680,TRULICITY ,2024,3,false,2376.000,1031,1102605.57
FFSU,NM,00002223680,TRULICITY ,2024,3,false,84.000,38,36964.43
MCOU,NM,00002318280,TRULICITY ,2024,3,false,1508.000,648,707005.54
FFSU,NM,00002318280,TRULICITY ,2024,3,true,,,
MCOU,NM,00002143380,TRULICITY ,2024,2,false,3296.000,1390,1530046.71
FFSU,NM,00002143380,TRULICITY ,2024,2,false,168.000,80,70295.08
MCOU,NM,00002143480,TRULICITY ,2024,2,false,2953.000,1233,1368387.60
FFSU,NM,00002143480,TRULICITY ,2024,2,false,112.500,50,49077.94
MCOU,NM,00002223601,TRULICITY ,2024,2,true,,,
MCOU,NM,00002223680,TRULICITY ,2024,2,false,2306.000,983,1077260.83
FFSU,NM,00002223680,TRULICITY ,2024,2,false,78.000,38,33561.50
MCOU,NM,00002318201,TRULICITY ,2024,2,true,,,
FFSU,NM,00002318280,TRULICITY ,2024,2,true,,,
MCOU,NM,00002318280,TRULICITY ,2024,2,false,771.000,327,357697.68
MCOU,NM,00002143380,TRULICITY ,2024,1,false,4240.500,1758,1992232.47
FFSU,NM,00002143380,TRULICITY ,2024,1,false,136.500,64,60620.00
FFSU,NM,00002143480,TRULICITY ,2024,1,false,125.000,48,52006.73
MCOU,NM,00002143480,TRULICITY ,2024,1,false,2289.500,943,1082392.03
MCOU,NM,00002223601,TRULICITY ,2024,1,true,,,
MCOU,NM,00002223680,TRULICITY ,2024,1,false,3625.000,1447,1700403.64
FFSU,NM,00002223680,TRULICITY ,2024,1,false,84.000,35,36851.87
MCOU,NM,00002318280,TRULICITY ,2024,1,false,2139.500,817,1000124.01
FFSU,NM,00002318280,TRULICITY ,2024,1,false,32.000,12,14482.20
MCOU,NV,00002143301,TRULICITY ,2024,4,true,,,
MCOU,NV,00002143380,TRULICITY ,2024,4,false,900.000,438,399366.71
FFSU,NV,00002143380,TRULICITY ,2024,4,false,698.000,170,299779.01
FFSU,NV,00002143480,TRULICITY ,2024,4,false,751.000,172,335918.45
MCOU,NV,00002143480,TRULICITY ,2024,4,false,850.000,416,375782.70
FFSU,NV,00002223680,TRULICITY ,2024,4,false,504.500,123,225384.75
MCOU,NV,00002223680,TRULICITY ,2024,4,false,564.000,276,245235.24
MCOU,NV,00002318280,TRULICITY ,2024,4,false,70.000,35,30010.96
FFSU,NV,00002318280,TRULICITY ,2024,4,false,388.000,103,174897.40
MCOU,NV,00002143301,TRULICITY ,2024,3,true,,,
FFSU,NV,00002143380,TRULICITY ,2024,3,false,640.000,164,275317.57
MCOU,NV,00002143380,TRULICITY ,2024,3,false,1000.000,488,452170.07
MCOU,NV,00002143401,TRULICITY ,2024,3,true,,,
MCOU,NV,00002143480,TRULICITY ,2024,3,false,1076.000,525,483366.31
FFSU,NV,00002143480,TRULICITY ,2024,3,false,719.000,189,324011.20
FFSU,NV,00002223680,TRULICITY ,2024,3,false,457.000,117,202001.10
MCOU,NV,00002223680,TRULICITY ,2024,3,false,656.000,320,296640.55
MCOU,NV,00002318201,TRULICITY ,2024,3,true,,,
FFSU,NV,00002318280,TRULICITY ,2024,3,false,424.500,99,193422.65
MCOU,NV,00002318280,TRULICITY ,2024,3,false,90.000,35,40732.52
MCOU,NV,00002143301,TRULICITY ,2024,2,true,,,
FFSU,NV,00002143380,TRULICITY ,2024,2,false,737.000,174,316890.16
MCOU,NV,00002143380,TRULICITY ,2024,2,false,244.000,110,111543.13
MCOU,NV,00002143401,TRULICITY ,2024,2,true,,,
FFSU,NV,00002143480,TRULICITY ,2024,2,false,819.500,224,350550.40
MCOU,NV,00002143480,TRULICITY ,2024,2,false,1026.000,494,451872.44
FFSU,NV,00002223680,TRULICITY ,2024,2,false,478.000,133,211973.47
MCOU,NV,00002223680,TRULICITY ,2024,2,false,562.000,276,246134.42
MCOU,NV,00002318280,TRULICITY ,2024,2,false,104.000,42,38250.15
FFSU,NV,00002318280,TRULICITY ,2024,2,false,307.500,68,137260.08
MCOU,NV,00002143301,TRULICITY ,2024,1,true,,,
FFSU,NV,00002143380,TRULICITY ,2024,1,false,1164.000,285,499526.01
MCOU,NV,00002143380,TRULICITY ,2024,1,false,2182.500,919,992768.28
MCOU,NV,00002143401,TRULICITY ,2024,1,true,,,
MCOU,NV,00002143480,TRULICITY ,2024,1,false,1240.000,350,565712.44
FFSU,NV,00002143480,TRULICITY ,2024,1,false,780.500,197,335834.48
FFSU,NV,00002223680,TRULICITY ,2024,1,false,935.500,216,414337.34
MCOU,NV,00002223680,TRULICITY ,2024,1,false,1436.000,607,659726.85
MCOU,NV,00002318201,TRULICITY ,2024,1,true,,,
FFSU,NV,00002318280,TRULICITY ,2024,1,false,620.500,126,275666.64
MCOU,NV,00002318280,TRULICITY ,2024,1,false,1072.000,490,490412.87
FFSU,NY,00002143301,TRULICITY ,2024,4,false,104.000,40,46412.54
FFSU,NY,00002143380,TRULICITY ,2024,4,false,21522.500,8918,10293851.59
MCOU,NY,00002143380,TRULICITY ,2024,4,false,257.000,119,170669.15
FFSU,NY,00002143401,TRULICITY ,2024,4,false,60.000,26,26831.22
FFSU,NY,00002143480,TRULICITY ,2024,4,false,25091.000,10135,11948833.84
MCOU,NY,00002143480,TRULICITY ,2024,4,false,172.000,80,80579.88
FFSU,NY,00002223601,TRULICITY ,2024,4,false,54.000,23,22285.07
MCOU,NY,00002223680,TRULICITY ,2024,4,false,100.000,40,45908.91
FFSU,NY,00002223680,TRULICITY ,2024,4,false,17453.000,7070,8307905.88
FFSU,NY,00002318201,TRULICITY ,2024,4,true,,,
MCOU,NY,00002318280,TRULICITY ,2024,4,false,52.000,18,32104.80
FFSU,NY,00002318280,TRULICITY ,2024,4,false,10577.000,4210,5046058.15
FFSU,NY,00002143301,TRULICITY ,2024,3,false,138.000,50,61273.74
MCOU,NY,00002143380,TRULICITY ,2024,3,false,208.000,100,140144.92
FFSU,NY,00002143380,TRULICITY ,2024,3,false,26535.500,10891,12667007.45
FFSU,NY,00002143401,TRULICITY ,2024,3,false,133.000,56,61855.16
MCOU,NY,00002143480,TRULICITY ,2024,3,false,222.000,101,103766.10
FFSU,NY,00002143480,TRULICITY ,2024,3,false,29873.500,11996,14252299.34
FFSU,NY,00002223601,TRULICITY ,2024,3,false,96.000,35,40555.76
FFSU,NY,00002223680,TRULICITY ,2024,3,false,19584.000,7944,9319809.41
MCOU,NY,00002223680,TRULICITY ,2024,3,false,96.000,40,44657.23
FFSU,NY,00002318201,TRULICITY ,2024,3,false,48.000,18,20753.47
FFSU,NY,00002318280,TRULICITY ,2024,3,false,11875.000,4663,5655772.19
MCOU,NY,00002318280,TRULICITY ,2024,3,false,34.000,13,15746.60
FFSU,NY,00002143301,TRULICITY ,2024,2,false,172.000,78,74440.11
MCOU,NY,00002143301,TRULICITY ,2024,2,true,,,
MCOU,NY,00002143380,TRULICITY ,2024,2,false,206.000,101,97319.50
FFSU,NY,00002143380,TRULICITY ,2024,2,false,29804.000,12011,14147684.09
FFSU,NY,00002143401,TRULICITY ,2024,2,false,186.000,77,81354.20
MCOU,NY,00002143480,TRULICITY ,2024,2,false,186.000,80,87165.64
FFSU,NY,00002143480,TRULICITY ,2024,2,false,27624.500,11065,13177653.19
FFSU,NY,00002223601,TRULICITY ,2024,2,false,88.000,33,37957.53
FFSU,NY,00002223680,TRULICITY ,2024,2,false,18935.500,7881,8990413.13
MCOU,NY,00002223680,TRULICITY ,2024,2,false,71.000,32,41129.53
FFSU,NY,00002318201,TRULICITY ,2024,2,false,38.000,14,18142.85
MCOU,NY,00002318280,TRULICITY ,2024,2,false,38.000,15,17703.25
FFSU,NY,00002318280,TRULICITY ,2024,2,false,8911.000,3619,4230079.81
MCOU,NY,00002143301,TRULICITY ,2024,1,true,,,
FFSU,NY,00002143301,TRULICITY ,2024,1,false,281.500,113,121699.83
FFSU,NY,00002143380,TRULICITY ,2024,1,false,31689.750,12748,14899801.61
MCOU,NY,00002143380,TRULICITY ,2024,1,false,262.500,108,145895.79
FFSU,NY,00002143401,TRULICITY ,2024,1,false,211.000,84,94701.63
MCOU,NY,00002143480,TRULICITY ,2024,1,false,179.000,84,84404.74
FFSU,NY,00002143480,TRULICITY ,2024,1,false,26231.500,10580,12190826.78
FFSU,NY,00002223601,TRULICITY ,2024,1,false,135.000,54,58312.89
MCOU,NY,00002223680,TRULICITY ,2024,1,false,132.500,55,61982.48
FFSU,NY,00002223680,TRULICITY ,2024,1,false,24373.000,9494,11467499.50
FFSU,NY,00002318201,TRULICITY ,2024,1,false,80.000,32,34613.81
FFSU,NY,00002318280,TRULICITY ,2024,1,false,15921.000,6050,7480596.83
MCOU,NY,00002318280,TRULICITY ,2024,1,false,70.000,27,32500.53
FFSU,OH,00002143301,TRULICITY ,2024,4,true,,,
MCOU,OH,00002143301,TRULICITY ,2024,4,false,19.000,15,8522.84
FFSU,OH,00002143380,TRULICITY ,2024,4,false,2754.500,1526,1312798.87
MCOU,OH,00002143380,TRULICITY ,2024,4,false,44032.500,22095,20819124.89
FFSU,OH,00002143401,TRULICITY ,2024,4,true,,,
MCOU,OH,00002143401,TRULICITY ,2024,4,false,38.000,21,17942.35
FFSU,OH,00002143480,TRULICITY ,2024,4,false,2699.500,1492,1286361.93
MCOU,OH,00002143480,TRULICITY ,2024,4,false,44647.500,22373,21044401.48
FFSU,OH,00002223601,TRULICITY ,2024,4,true,,,
MCOU,OH,00002223601,TRULICITY ,2024,4,true,,,
FFSU,OH,00002223680,TRULICITY ,2024,4,false,2086.000,1136,994819.56
MCOU,OH,00002223680,TRULICITY ,2024,4,false,33670.500,16905,16001717.18
MCOU,OH,00002318201,TRULICITY ,2024,4,false,27.000,14,12800.87
FFSU,OH,00002318201,TRULICITY ,2024,4,false,12.500,11,5904.60
FFSU,OH,00002318280,TRULICITY ,2024,4,false,1522.000,837,725303.13
MCOU,OH,00002318280,TRULICITY ,2024,4,false,26375.000,13206,12471246.44
FFSU,OH,00002143301,TRULICITY ,2024,3,false,16.500,14,7799.27
MCOU,OH,00002143301,TRULICITY ,2024,3,true,,,
MCOU,OH,00002143380,TRULICITY ,2024,3,false,46885.000,23556,22151460.11
FFSU,OH,00002143380,TRULICITY ,2024,3,false,2733.000,1505,1301345.25
FFSU,OH,00002143401,TRULICITY ,2024,3,true,,,
MCOU,OH,00002143401,TRULICITY ,2024,3,false,18.500,12,8699.67
FFSU,OH,00002143480,TRULICITY ,2024,3,false,2673.500,1495,1273749.75
MCOU,OH,00002143480,TRULICITY ,2024,3,false,45214.500,22674,21218554.46
FFSU,OH,00002223601,TRULICITY ,2024,3,true,,,
FFSU,OH,00002223680,TRULICITY ,2024,3,false,1685.000,925,803710.75
MCOU,OH,00002223680,TRULICITY ,2024,3,false,29817.500,14957,14171871.20
MCOU,OH,00002318201,TRULICITY ,2024,3,true,,,
FFSU,OH,00002318201,TRULICITY ,2024,3,true,,,
MCOU,OH,00002318280,TRULICITY ,2024,3,false,20604.000,10331,9729025.46
FFSU,OH,00002318280,TRULICITY ,2024,3,false,1207.500,666,575321.16
FFSU,OH,00002143301,TRULICITY ,2024,2,false,24.000,22,11363.84
MCOU,OH,00002143301,TRULICITY ,2024,2,false,17.000,15,8068.12
FFSU,OH,00002143380,TRULICITY ,2024,2,false,2990.000,1641,1418050.51
MCOU,OH,00002143380,TRULICITY ,2024,2,false,49438.500,24746,23385349.82
MCOU,OH,00002143401,TRULICITY ,2024,2,false,24.500,16,11586.21
FFSU,OH,00002143401,TRULICITY ,2024,2,true,,,
FFSU,OH,00002143480,TRULICITY ,2024,2,false,2031.000,1132,965811.91
MCOU,OH,00002143480,TRULICITY ,2024,2,false,35514.500,17770,16773105.27
MCOU,OH,00002223601,TRULICITY ,2024,2,true,,,
FFSU,OH,00002223601,TRULICITY ,2024,2,true,,,
FFSU,OH,00002223680,TRULICITY ,2024,2,false,1650.000,884,782277.97
MCOU,OH,00002223680,TRULICITY ,2024,2,false,21388.000,10723,10121818.88
FFSU,OH,00002318201,TRULICITY ,2024,2,true,,,
MCOU,OH,00002318201,TRULICITY ,2024,2,true,,,
FFSU,OH,00002318280,TRULICITY ,2024,2,false,637.000,345,302196.53
MCOU,OH,00002318280,TRULICITY ,2024,2,false,8402.500,4210,3970353.91
MCOU,OH,00002143301,TRULICITY ,2024,1,true,,,
FFSU,OH,00002143301,TRULICITY ,2024,1,false,21.500,21,9689.16
MCOU,OH,00002143380,TRULICITY ,2024,1,false,46141.500,22415,21729513.54
FFSU,OH,00002143380,TRULICITY ,2024,1,false,3043.500,1615,1421533.82
FFSU,OH,00002143401,TRULICITY ,2024,1,false,16.500,18,7480.84
MCOU,OH,00002143401,TRULICITY ,2024,1,true,,,
FFSU,OH,00002143480,TRULICITY ,2024,1,false,1517.500,766,708951.77
MCOU,OH,00002143480,TRULICITY ,2024,1,false,16706.000,8007,7767728.94
MCOU,OH,00002223601,TRULICITY ,2024,1,true,,,
FFSU,OH,00002223601,TRULICITY ,2024,1,true,,,
MCOU,OH,00002223680,TRULICITY ,2024,1,false,32348.500,15756,15245084.47
FFSU,OH,00002223680,TRULICITY ,2024,1,false,2048.000,1060,958570.29
MCOU,OH,00002318201,TRULICITY ,2024,1,false,22.000,11,10072.28
FFSU,OH,00002318280,TRULICITY ,2024,1,false,1277.500,633,595135.18
MCOU,OH,00002318280,TRULICITY ,2024,1,false,21205.500,10290,9969136.07
FFSU,OK,00002143380,TRULICITY ,2024,4,false,2815.000,1231,1341679.76
MCOU,OK,00002143380,TRULICITY ,2024,4,false,3996.000,1734,1912241.74
MCOU,OK,00002143480,TRULICITY ,2024,4,false,4068.000,1686,1931445.49
FFSU,OK,00002143480,TRULICITY ,2024,4,false,2875.000,1214,1368752.18
MCOU,OK,00002223680,TRULICITY ,2024,4,false,2701.000,1069,1286518.57
FFSU,OK,00002223680,TRULICITY ,2024,4,false,2371.500,1001,1131258.17
MCOU,OK,00002318280,TRULICITY ,2024,4,false,1888.000,737,913670.03
FFSU,OK,00002318280,TRULICITY ,2024,4,false,2026.000,769,964155.69
MCOU,OK,00002143380,TRULICITY ,2024,3,false,4206.500,1832,2118195.37
FFSU,OK,00002143380,TRULICITY ,2024,3,false,3076.000,1338,1466494.24
MCOU,OK,00002143480,TRULICITY ,2024,3,false,3986.000,1657,1973429.34
FFSU,OK,00002143480,TRULICITY ,2024,3,false,3172.500,1350,1511273.51
FFSU,OK,00002223680,TRULICITY ,2024,3,false,1986.000,862,946642.40
MCOU,OK,00002223680,TRULICITY ,2024,3,false,2361.000,931,1164956.15
MCOU,OK,00002318280,TRULICITY ,2024,3,false,1644.000,629,819582.28
FFSU,OK,00002318280,TRULICITY ,2024,3,false,1611.000,659,767141.02
FFSU,OK,00002143380,TRULICITY ,2024,2,false,3794.500,1646,1805096.41
MCOU,OK,00002143380,TRULICITY ,2024,2,false,5280.000,2306,3856889.90
MCOU,OK,00002143480,TRULICITY ,2024,2,false,3526.000,1524,2618791.75
FFSU,OK,00002143480,TRULICITY ,2024,2,false,2448.000,1053,1164047.84
FFSU,OK,00002223680,TRULICITY ,2024,2,false,2322.000,1034,1102530.96
MCOU,OK,00002223680,TRULICITY ,2024,2,false,2404.000,1045,1685953.56
MCOU,OK,00002318280,TRULICITY ,2024,2,false,920.000,366,662553.40
FFSU,OK,00002318280,TRULICITY ,2024,2,false,1108.000,477,527081.47
FFSU,OK,00002143380,TRULICITY ,2024,1,false,8118.500,3472,3837468.96
FFSU,OK,00002143480,TRULICITY ,2024,1,false,4458.500,1877,2098027.08
FFSU,OK,00002223680,TRULICITY ,2024,1,false,6374.000,2520,3010455.19
FFSU,OK,00002318280,TRULICITY ,2024,1,false,4473.000,1717,2110192.22
MCOU,OR,00002143380,TRULICITY ,2024,4,false,3220.000,1581,1501575.97
FFSU,OR,00002143380,TRULICITY ,2024,4,false,86.000,43,40698.36
MCOU,OR,00002143480,TRULICITY ,2024,4,false,3407.000,1668,1601209.31
FFSU,OR,00002143480,TRULICITY ,2024,4,false,90.000,45,42892.63
FFSU,OR,00002223680,TRULICITY ,2024,4,false,60.000,30,28574.81
MCOU,OR,00002223680,TRULICITY ,2024,4,false,2785.500,1375,1302816.81
MCOU,OR,00002318201,TRULICITY ,2024,4,true,,,
MCOU,OR,00002318280,TRULICITY ,2024,4,false,2428.000,1181,1137537.56
FFSU,OR,00002318280,TRULICITY ,2024,4,false,44.000,22,20934.08
MCOU,OR,00002143380,TRULICITY ,2024,3,false,3162.000,1557,1481195.77
FFSU,OR,00002143380,TRULICITY ,2024,3,false,124.000,61,58791.55
FFSU,OR,00002143480,TRULICITY ,2024,3,false,102.000,49,48499.72
MCOU,OR,00002143480,TRULICITY ,2024,3,false,3327.500,1645,1571882.21
FFSU,OR,00002223680,TRULICITY ,2024,3,false,60.000,31,30443.46
MCOU,OR,00002223680,TRULICITY ,2024,3,false,2406.000,1190,1134838.13
MCOU,OR,00002318201,TRULICITY ,2024,3,true,,,
MCOU,OR,00002318280,TRULICITY ,2024,3,false,2114.000,1047,991238.00
FFSU,OR,00002318280,TRULICITY ,2024,3,false,26.000,17,16164.66
FFSU,OR,00002143380,TRULICITY ,2024,2,false,130.000,62,43335.20
MCOU,OR,00002143380,TRULICITY ,2024,2,false,3360.500,1643,1570254.32
MCOU,OR,00002143480,TRULICITY ,2024,2,false,3221.000,1553,1511926.68
FFSU,OR,00002143480,TRULICITY ,2024,2,false,94.000,47,32093.46
FFSU,OR,00002223680,TRULICITY ,2024,2,false,64.000,35,33151.28
MCOU,OR,00002223680,TRULICITY ,2024,2,false,2289.000,1116,1073243.37
MCOU,OR,00002318201,TRULICITY ,2024,2,true,,,
MCOU,OR,00002318280,TRULICITY ,2024,2,false,1284.000,629,603076.90
FFSU,OR,00002318280,TRULICITY ,2024,2,false,24.000,16,14470.94
MCOU,OR,00002143301,TRULICITY ,2024,1,true,,,
MCOU,OR,00002143380,TRULICITY ,2024,1,false,3499.500,1718,1642920.88
FFSU,OR,00002143380,TRULICITY ,2024,1,false,136.000,68,65297.23
FFSU,OR,00002143480,TRULICITY ,2024,1,false,78.000,39,24460.18
MCOU,OR,00002143480,TRULICITY ,2024,1,false,1907.500,924,888330.24
MCOU,OR,00002223601,TRULICITY ,2024,1,true,,,
FFSU,OR,00002223680,TRULICITY ,2024,1,false,102.000,52,49495.41
MCOU,OR,00002223680,TRULICITY ,2024,1,false,3321.000,1604,1559624.24
MCOU,OR,00002318201,TRULICITY ,2024,1,true,,,
FFSU,OR,00002318280,TRULICITY ,2024,1,false,72.000,37,19164.90
MCOU,OR,00002318280,TRULICITY ,2024,1,false,2780.000,1340,1303968.79
MCOU,PA,00002143301,TRULICITY ,2024,4,true,,,
FFSU,PA,00002143380,TRULICITY ,2024,4,false,145.000,59,68755.50
MCOU,PA,00002143380,TRULICITY ,2024,4,false,19990.000,9466,9430921.95
MCOU,PA,00002143401,TRULICITY ,2024,4,false,54.500,26,25793.24
MCOU,PA,00002143480,TRULICITY ,2024,4,false,22542.500,10426,10625680.77
FFSU,PA,00002143480,TRULICITY ,2024,4,false,177.000,74,83833.07
MCOU,PA,00002223601,TRULICITY ,2024,4,true,,,
MCOU,PA,00002223680,TRULICITY ,2024,4,false,17902.000,8516,8448889.29
FFSU,PA,00002223680,TRULICITY ,2024,4,false,149.500,68,70881.23
MCOU,PA,00002318201,TRULICITY ,2024,4,true,,,
FFSU,PA,00002318280,TRULICITY ,2024,4,false,99.000,42,46903.07
MCOU,PA,00002318280,TRULICITY ,2024,4,false,13436.500,6216,6334130.12
MCOU,PA,00002143301,TRULICITY ,2024,3,true,,,
FFSU,PA,00002143380,TRULICITY ,2024,3,false,181.500,76,86083.01
MCOU,PA,00002143380,TRULICITY ,2024,3,false,25269.500,11971,11981311.51
MCOU,PA,00002143401,TRULICITY ,2024,3,false,46.000,23,21772.05
FFSU,PA,00002143480,TRULICITY ,2024,3,false,190.000,79,89972.30
MCOU,PA,00002143480,TRULICITY ,2024,3,false,26320.000,12304,12471900.40
MCOU,PA,00002223601,TRULICITY ,2024,3,false,26.000,13,12219.10
FFSU,PA,00002223680,TRULICITY ,2024,3,false,124.500,54,58986.16
MCOU,PA,00002223680,TRULICITY ,2024,3,false,19161.000,9110,9081253.41
MCOU,PA,00002318201,TRULICITY ,2024,3,true,,,
FFSU,PA,00002318280,TRULICITY ,2024,3,false,84.000,35,39791.27
MCOU,PA,00002318280,TRULICITY ,2024,3,false,13332.500,6162,6305097.48
MCOU,PA,00002143301,TRULICITY ,2024,2,false,37.000,19,17828.78
FFSU,PA,00002143380,TRULICITY ,2024,2,false,254.000,105,120225.00
MCOU,PA,00002143380,TRULICITY ,2024,2,false,33852.000,15960,16043585.60
MCOU,PA,00002143401,TRULICITY ,2024,2,false,57.000,29,27245.17
MCOU,PA,00002143480,TRULICITY ,2024,2,false,25591.500,11922,12114265.95
FFSU,PA,00002143480,TRULICITY ,2024,2,false,172.000,73,81332.18
MCOU,PA,00002223601,TRULICITY ,2024,2,false,40.500,21,19664.76
MCOU,PA,00002223680,TRULICITY ,2024,2,false,18981.000,9153,8989943.77
FFSU,PA,00002223680,TRULICITY ,2024,2,false,172.000,70,81260.19
MCOU,PA,00002318201,TRULICITY ,2024,2,true,,,
FFSU,PA,00002318280,TRULICITY ,2024,2,false,79.500,33,37583.93
MCOU,PA,00002318280,TRULICITY ,2024,2,false,8771.500,4142,4147730.03
MCOU,PA,00002143301,TRULICITY ,2024,1,false,76.500,39,34621.63
MCOU,PA,00002143380,TRULICITY ,2024,1,false,42031.500,19790,19900357.99
FFSU,PA,00002143380,TRULICITY ,2024,1,false,366.000,148,170885.48
MCOU,PA,00002143401,TRULICITY ,2024,1,false,68.000,32,32215.56
FFSU,PA,00002143480,TRULICITY ,2024,1,false,198.500,86,91952.89
MCOU,PA,00002143480,TRULICITY ,2024,1,false,21111.500,9954,9917110.22
MCOU,PA,00002223601,TRULICITY ,2024,1,false,36.000,18,17443.11
FFSU,PA,00002223680,TRULICITY ,2024,1,false,238.000,105,111270.96
MCOU,PA,00002223680,TRULICITY ,2024,1,false,31472.500,14996,14898921.99
MCOU,PA,00002318201,TRULICITY ,2024,1,true,,,
MCOU,PA,00002318280,TRULICITY ,2024,1,false,20916.000,9762,9893502.52
FFSU,PA,00002318280,TRULICITY ,2024,1,false,144.000,62,67162.35
MCOU,PR,00002143301,TRULICITY ,2024,4,false,110.000,55,55590.55
MCOU,PR,00002143380,TRULICITY ,2024,4,false,4134.000,2061,2082939.21
MCOU,PR,00002143401,TRULICITY ,2024,4,false,116.000,58,58553.26
MCOU,PR,00002143480,TRULICITY ,2024,4,false,3588.000,1792,1807347.10
MCOU,PR,00002223601,TRULICITY ,2024,4,false,58.000,29,29307.09
MCOU,PR,00002223680,TRULICITY ,2024,4,false,1930.000,965,972589.55
MCOU,PR,00002318201,TRULICITY ,2024,4,false,40.000,20,20216.20
MCOU,PR,00002318280,TRULICITY ,2024,4,false,866.000,433,435722.37
MCOU,PR,00002143301,TRULICITY ,2024,3,false,102.000,51,51549.71
MCOU,PR,00002143380,TRULICITY ,2024,3,false,3833.000,1917,1931175.46
MCOU,PR,00002143401,TRULICITY ,2024,3,false,112.000,56,56560.57
MCOU,PR,00002143480,TRULICITY ,2024,3,false,2910.500,1456,1467088.32
MCOU,PR,00002223601,TRULICITY ,2024,3,false,38.000,19,19200.99
MCOU,PR,00002223680,TRULICITY ,2024,3,false,1526.000,761,767743.23
MCOU,PR,00002318201,TRULICITY ,2024,3,false,60.000,30,30320.30
MCOU,PR,00002318280,TRULICITY ,2024,3,false,606.000,303,305120.85
MCOU,PR,00002143301,TRULICITY ,2024,2,false,92.000,46,46509.66
MCOU,PR,00002143380,TRULICITY ,2024,2,false,3667.000,1834,1846865.13
MCOU,PR,00002143401,TRULICITY ,2024,2,false,64.000,32,32335.72
MCOU,PR,00002143480,TRULICITY ,2024,2,false,2042.000,1021,1027855.26
MCOU,PR,00002223601,TRULICITY ,2024,2,false,44.000,22,22232.62
MCOU,PR,00002223680,TRULICITY ,2024,2,false,1200.000,600,604225.89
MCOU,PR,00002318201,TRULICITY ,2024,2,false,46.000,23,23250.83
MCOU,PR,00002318280,TRULICITY ,2024,2,false,334.000,167,167911.56
MCOU,PR,00002143301,TRULICITY ,2024,1,false,76.000,38,38368.04
MCOU,PR,00002143380,TRULICITY ,2024,1,false,2683.000,1340,1350993.04
MCOU,PR,00002143401,TRULICITY ,2024,1,false,44.000,22,22225.62
MCOU,PR,00002143480,TRULICITY ,2024,1,false,1562.000,779,786893.82
MCOU,PR,00002223601,TRULICITY ,2024,1,false,42.000,21,21226.41
MCOU,PR,00002223680,TRULICITY ,2024,1,false,528.000,264,265743.92
MCOU,PR,00002318201,TRULICITY ,2024,1,false,26.000,13,13136.73
MCOU,PR,00002318280,TRULICITY ,2024,1,false,150.000,75,75485.85
FFSU,RI,00002143380,TRULICITY ,2024,4,false,68.000,34,32207.22
MCOU,RI,00002143380,TRULICITY ,2024,4,false,819.500,409,384572.83
FFSU,RI,00002143480,TRULICITY ,2024,4,false,70.000,33,33223.56
MCOU,RI,00002143480,TRULICITY ,2024,4,false,810.500,392,379028.08
MCOU,RI,00002223680,TRULICITY ,2024,4,false,578.000,274,272688.12
FFSU,RI,00002223680,TRULICITY ,2024,4,false,46.000,23,21834.21
FFSU,RI,00002318280,TRULICITY ,2024,4,false,27.000,18,12838.90
MCOU,RI,00002318280,TRULICITY ,2024,4,false,488.000,231,228419.37
MCOU,RI,00002143380,TRULICITY ,2024,3,false,1126.000,549,527879.69
FFSU,RI,00002143380,TRULICITY ,2024,3,false,86.000,44,40815.29
MCOU,RI,00002143480,TRULICITY ,2024,3,false,973.000,456,457596.76
FFSU,RI,00002143480,TRULICITY ,2024,3,false,66.000,35,31323.32
FFSU,RI,00002223680,TRULICITY ,2024,3,false,23.500,13,11162.53
MCOU,RI,00002223680,TRULICITY ,2024,3,false,770.000,367,360722.16
MCOU,RI,00002318280,TRULICITY ,2024,3,false,549.000,254,257186.98
FFSU,RI,00002318280,TRULICITY ,2024,3,false,22.500,15,10705.94
MCOU,RI,00002143380,TRULICITY ,2024,2,false,1500.000,729,702403.04
FFSU,RI,00002143380,TRULICITY ,2024,2,false,131.000,63,62101.56
MCOU,RI,00002143480,TRULICITY ,2024,2,false,942.000,447,439527.40
FFSU,RI,00002143480,TRULICITY ,2024,2,false,45.000,22,21363.68
MCOU,RI,00002223680,TRULICITY ,2024,2,false,716.500,349,336644.21
FFSU,RI,00002223680,TRULICITY ,2024,2,false,31.000,17,14717.84
FFSU,RI,00002318280,TRULICITY ,2024,2,true,,,
MCOU,RI,00002318280,TRULICITY ,2024,2,false,304.000,139,142687.11
FFSU,RI,00002143380,TRULICITY ,2024,1,false,117.000,68,50430.18
MCOU,RI,00002143380,TRULICITY ,2024,1,false,1757.500,858,821947.72
MCOU,RI,00002143480,TRULICITY ,2024,1,false,600.000,289,280407.80
FFSU,RI,00002143480,TRULICITY ,2024,1,false,42.500,23,18277.07
MCOU,RI,00002223680,TRULICITY ,2024,1,false,1407.000,656,656555.64
FFSU,RI,00002223680,TRULICITY ,2024,1,false,39.500,33,17087.10
FFSU,RI,00002318201,TRULICITY ,2024,1,true,,,
MCOU,RI,00002318280,TRULICITY ,2024,1,false,948.500,428,446734.96
FFSU,RI,00002318280,TRULICITY ,2024,1,true,,,
MCOU,SC,00002143380,TRULICITY ,2024,4,false,1228.000,614,574984.32
FFSU,SC,00002143380,TRULICITY ,2024,4,false,164.500,83,78818.67
MCOU,SC,00002143480,TRULICITY ,2024,4,false,1330.500,659,603838.22
FFSU,SC,00002143480,TRULICITY ,2024,4,false,160.500,84,76175.56
MCOU,SC,00002223680,TRULICITY ,2024,4,false,806.000,399,367965.52
FFSU,SC,00002223680,TRULICITY ,2024,4,false,224.500,113,106659.35
MCOU,SC,00002318280,TRULICITY ,2024,4,false,452.500,226,203881.52
FFSU,SC,00002318280,TRULICITY ,2024,4,false,116.000,60,55161.01
FFSU,SC,00002143380,TRULICITY ,2024,3,false,359.500,189,173582.76
MCOU,SC,00002143380,TRULICITY ,2024,3,false,1678.000,836,774805.30
MCOU,SC,00002143480,TRULICITY ,2024,3,false,1430.500,714,658242.49
FFSU,SC,00002143480,TRULICITY ,2024,3,false,298.500,156,144853.73
FFSU,SC,00002223680,TRULICITY ,2024,3,false,228.500,123,109189.14
MCOU,SC,00002223680,TRULICITY ,2024,3,false,793.000,393,360006.27
FFSU,SC,00002318280,TRULICITY ,2024,3,false,130.000,65,61618.40
MCOU,SC,00002318280,TRULICITY ,2024,3,false,395.000,201,180321.40
MCOU,SC,00002143380,TRULICITY ,2024,2,false,2277.000,1137,1032899.27
FFSU,SC,00002143380,TRULICITY ,2024,2,false,543.500,283,257445.31
FFSU,SC,00002143480,TRULICITY ,2024,2,false,300.000,159,140726.42
MCOU,SC,00002143480,TRULICITY ,2024,2,false,1406.500,704,630980.63
MCOU,SC,00002223680,TRULICITY ,2024,2,false,865.000,433,395043.31
FFSU,SC,00002223680,TRULICITY ,2024,2,false,337.500,183,158388.98
FFSU,SC,00002318280,TRULICITY ,2024,2,false,83.000,42,39759.87
MCOU,SC,00002318280,TRULICITY ,2024,2,false,280.000,140,125390.94
MCOU,SC,00002143380,TRULICITY ,2024,1,false,2408.500,1213,1098696.72
FFSU,SC,00002143380,TRULICITY ,2024,1,false,564.500,282,260621.11
FFSU,SC,00002143480,TRULICITY ,2024,1,false,211.000,109,97505.38
MCOU,SC,00002143480,TRULICITY ,2024,1,false,832.000,428,387839.14
MCOU,SC,00002223680,TRULICITY ,2024,1,false,1577.000,794,717975.66
FFSU,SC,00002223680,TRULICITY ,2024,1,false,384.000,209,179396.23
MCOU,SC,00002318201,TRULICITY ,2024,1,true,,,
FFSU,SC,00002318280,TRULICITY ,2024,1,false,223.000,116,104241.10
MCOU,SC,00002318280,TRULICITY ,2024,1,false,1024.500,511,464913.81
FFSU,SD,00002143380,TRULICITY ,2024,4,false,106.000,53,49611.65
FFSU,SD,00002143480,TRULICITY ,2024,4,false,132.000,66,62951.62
FFSU,SD,00002223680,TRULICITY ,2024,4,false,64.000,32,30534.17
FFSU,SD,00002318280,TRULICITY ,2024,4,false,70.000,35,33378.59
FFSU,SD,00002143380,TRULICITY ,2024,3,false,124.000,60,57934.07
FFSU,SD,00002143480,TRULICITY ,2024,3,false,130.000,65,61984.95
FFSU,SD,00002223680,TRULICITY ,2024,3,false,88.000,44,41974.46
FFSU,SD,00002318280,TRULICITY ,2024,3,false,34.000,17,16210.90
FFSU,SD,00002143380,TRULICITY ,2024,2,false,106.000,52,50228.74
FFSU,SD,00002143480,TRULICITY ,2024,2,false,119.000,59,56122.11
FFSU,SD,00002223680,TRULICITY ,2024,2,false,84.000,42,39978.93
FFSU,SD,00002318280,TRULICITY ,2024,2,false,50.000,25,23568.26
FFSU,SD,00002143380,TRULICITY ,2024,1,false,128.000,64,60542.90
FFSU,SD,00002143480,TRULICITY ,2024,1,false,114.000,57,53888.91
FFSU,SD,00002223680,TRULICITY ,2024,1,false,108.000,54,51274.14
FFSU,SD,00002318280,TRULICITY ,2024,1,false,72.000,36,34075.16
FFSU,TN,00002143380,TRULICITY ,2024,4,false,455.000,236,216917.12
FFSU,TN,00002143480,TRULICITY ,2024,4,false,414.000,207,197350.90
FFSU,TN,00002223680,TRULICITY ,2024,4,false,494.000,247,235575.95
FFSU,TN,00002318280,TRULICITY ,2024,4,false,299.500,158,142726.66
FFSU,TN,00002143380,TRULICITY ,2024,3,false,478.000,239,227838.56
FFSU,TN,00002143480,TRULICITY ,2024,3,false,556.500,279,265202.79
FFSU,TN,00002223680,TRULICITY ,2024,3,false,437.000,221,208418.56
FFSU,TN,00002318280,TRULICITY ,2024,3,false,309.500,158,147485.24
FFSU,TN,00002143380,TRULICITY ,2024,2,false,666.500,335,314962.97
FFSU,TN,00002143480,TRULICITY ,2024,2,false,480.500,244,228600.43
FFSU,TN,00002223680,TRULICITY ,2024,2,false,564.000,285,267561.34
FFSU,TN,00002318201,TRULICITY ,2024,2,true,,,
FFSU,TN,00002318280,TRULICITY ,2024,2,false,260.000,131,123105.82
FFSU,TN,00002143380,TRULICITY ,2024,1,false,642.000,321,299549.14
FFSU,TN,00002143480,TRULICITY ,2024,1,false,474.000,237,222121.42
FFSU,TN,00002223601,TRULICITY ,2024,1,true,,,
FFSU,TN,00002223680,TRULICITY ,2024,1,false,732.000,366,343374.10
FFSU,TN,00002318201,TRULICITY ,2024,1,true,,,
FFSU,TN,00002318280,TRULICITY ,2024,1,false,608.000,302,284536.36
FFSU,TX,00002143380,TRULICITY ,2024,4,false,19.000,11,9194.34
MCOU,TX,00002143380,TRULICITY ,2024,4,false,4054.000,1905,1862959.60
MCOU,TX,00002143480,TRULICITY ,2024,4,false,4128.000,1864,1895501.54
FFSU,TX,00002143480,TRULICITY ,2024,4,true,,,
FFSU,TX,00002223680,TRULICITY ,2024,4,true,,,
MCOU,TX,00002223680,TRULICITY ,2024,4,false,2774.500,1264,1278818.40
MCOU,TX,00002318201,TRULICITY ,2024,4,true,,,
MCOU,TX,00002318280,TRULICITY ,2024,4,false,2213.500,970,1023467.15
FFSU,TX,00002143380,TRULICITY ,2024,3,true,,,
MCOU,TX,00002143380,TRULICITY ,2024,3,false,4533.500,2089,2082175.03
FFSU,TX,00002143480,TRULICITY ,2024,3,true,,,
MCOU,TX,00002143480,TRULICITY ,2024,3,false,4177.000,1862,1924622.07
MCOU,TX,00002223601,TRULICITY ,2024,3,true,,,
FFSU,TX,00002223680,TRULICITY ,2024,3,true,,,
MCOU,TX,00002223680,TRULICITY ,2024,3,false,2556.000,1173,1181881.62
MCOU,TX,00002318201,TRULICITY ,2024,3,true,,,
MCOU,TX,00002318280,TRULICITY ,2024,3,false,2011.500,895,925205.61
MCOU,TX,00002143380,TRULICITY ,2024,2,false,5353.500,2466,2468851.45
FFSU,TX,00002143380,TRULICITY ,2024,2,false,7.500,12,3633.48
FFSU,TX,00002143480,TRULICITY ,2024,2,true,,,
MCOU,TX,00002143480,TRULICITY ,2024,2,false,3807.000,1695,1757030.48
MCOU,TX,00002223601,TRULICITY ,2024,2,true,,,
FFSU,TX,00002223680,TRULICITY ,2024,2,true,,,
MCOU,TX,00002223680,TRULICITY ,2024,2,false,2641.500,1236,1215403.55
MCOU,TX,00002318201,TRULICITY ,2024,2,true,,,
MCOU,TX,00002318280,TRULICITY ,2024,2,false,1261.000,582,579909.65
MCOU,TX,00002143380,TRULICITY ,2024,1,false,5642.000,2534,2608427.83
FFSU,TX,00002143380,TRULICITY ,2024,1,true,,,
MCOU,TX,00002143480,TRULICITY ,2024,1,false,2745.000,1238,1274333.71
FFSU,TX,00002143480,TRULICITY ,2024,1,true,,,
MCOU,TX,00002223601,TRULICITY ,2024,1,true,,,
MCOU,TX,00002223680,TRULICITY ,2024,1,false,4171.500,1839,1923382.61
FFSU,TX,00002223680,TRULICITY ,2024,1,true,,,
MCOU,TX,00002318201,TRULICITY ,2024,1,true,,,
MCOU,TX,00002318280,TRULICITY ,2024,1,false,3013.500,1360,1382343.95
FFSU,TX,00002318280,TRULICITY ,2024,1,true,,,
FFSU,UT,00002143380,TRULICITY ,2024,4,false,485.000,248,229202.25
MCOU,UT,00002143380,TRULICITY ,2024,4,false,785.000,383,382724.17
FFSU,UT,00002143480,TRULICITY ,2024,4,false,445.000,234,210653.44
MCOU,UT,00002143480,TRULICITY ,2024,4,false,848.000,420,415673.83
MCOU,UT,00002223680,TRULICITY ,2024,4,false,730.000,361,368752.12
FFSU,UT,00002223680,TRULICITY ,2024,4,false,305.000,154,143407.90
FFSU,UT,00002318280,TRULICITY ,2024,4,false,272.000,136,128315.26
MCOU,UT,00002318280,TRULICITY ,2024,4,false,730.000,350,356017.86
FFSU,UT,00002143380,TRULICITY ,2024,3,false,470.000,244,222188.93
MCOU,UT,00002143380,TRULICITY ,2024,3,false,839.000,411,410884.12
MCOU,UT,00002143480,TRULICITY ,2024,3,false,862.000,426,414004.81
FFSU,UT,00002143480,TRULICITY ,2024,3,false,592.000,298,280317.19
MCOU,UT,00002223680,TRULICITY ,2024,3,false,735.500,360,369759.42
FFSU,UT,00002223680,TRULICITY ,2024,3,false,338.000,167,159661.77
FFSU,UT,00002318280,TRULICITY ,2024,3,false,306.000,153,144534.17
MCOU,UT,00002318280,TRULICITY ,2024,3,false,678.000,327,332643.05
FFSU,UT,00002143380,TRULICITY ,2024,2,false,932.500,436,442785.30
MCOU,UT,00002143380,TRULICITY ,2024,2,false,473.000,230,240123.99
MCOU,UT,00002143480,TRULICITY ,2024,2,false,370.000,179,188631.73
FFSU,UT,00002143480,TRULICITY ,2024,2,false,700.000,335,331958.83
MCOU,UT,00002223680,TRULICITY ,2024,2,false,316.000,150,189204.17
FFSU,UT,00002223680,TRULICITY ,2024,2,false,549.500,261,260087.32
FFSU,UT,00002318201,TRULICITY ,2024,2,true,,,
FFSU,UT,00002318280,TRULICITY ,2024,2,false,291.000,141,138222.54
MCOU,UT,00002318280,TRULICITY ,2024,2,false,238.000,115,144312.99
FFSU,UT,00002143301,TRULICITY ,2024,1,true,,,
FFSU,UT,00002143380,TRULICITY ,2024,1,false,576.000,267,270369.88
MCOU,UT,00002143380,TRULICITY ,2024,1,false,562.000,274,281016.56
FFSU,UT,00002143401,TRULICITY ,2024,1,true,,,
MCOU,UT,00002143480,TRULICITY ,2024,1,false,332.500,169,228473.95
FFSU,UT,00002143480,TRULICITY ,2024,1,false,376.500,203,175890.94
FFSU,UT,00002223601,TRULICITY ,2024,1,true,,,
FFSU,UT,00002223680,TRULICITY ,2024,1,false,398.500,194,187016.28
MCOU,UT,00002223680,TRULICITY ,2024,1,false,530.000,255,279625.33
FFSU,UT,00002318280,TRULICITY ,2024,1,false,320.500,159,150439.55
MCOU,UT,00002318280,TRULICITY ,2024,1,false,534.000,259,276406.61
MCOU,VA,00002143301,TRULICITY ,2024,4,false,72.000,51,33694.04
FFSU,VA,00002143380,TRULICITY ,2024,4,false,130.500,75,62268.71
MCOU,VA,00002143380,TRULICITY ,2024,4,false,19505.000,9446,9067371.80
MCOU,VA,00002143401,TRULICITY ,2024,4,false,32.500,15,14840.20
MCOU,VA,00002143480,TRULICITY ,2024,4,false,18523.000,8903,8617709.02
FFSU,VA,00002143480,TRULICITY ,2024,4,false,105.000,57,50085.14
MCOU,VA,00002223601,TRULICITY ,2024,4,false,33.000,18,15313.88
MCOU,VA,00002223680,TRULICITY ,2024,4,false,12875.000,6102,5984024.54
FFSU,VA,00002223680,TRULICITY ,2024,4,false,53.500,44,25540.66
MCOU,VA,00002318201,TRULICITY ,2024,4,true,,,
MCOU,VA,00002318280,TRULICITY ,2024,4,false,8287.000,3927,3852619.17
FFSU,VA,00002318280,TRULICITY ,2024,4,false,30.500,22,14553.03
MCOU,VA,00002143301,TRULICITY ,2024,3,false,64.000,36,29962.42
FFSU,VA,00002143380,TRULICITY ,2024,3,false,127.000,65,60556.05
MCOU,VA,00002143380,TRULICITY ,2024,3,false,21384.500,10338,9935761.75
MCOU,VA,00002143401,TRULICITY ,2024,3,false,62.000,31,28664.10
FFSU,VA,00002143480,TRULICITY ,2024,3,false,122.500,78,58435.74
MCOU,VA,00002143480,TRULICITY ,2024,3,false,19038.000,9207,8847320.80
MCOU,VA,00002223601,TRULICITY ,2024,3,false,40.500,21,18834.71
FFSU,VA,00002223680,TRULICITY ,2024,3,false,53.000,34,25251.85
MCOU,VA,00002223680,TRULICITY ,2024,3,false,11592.500,5559,5385219.40
MCOU,VA,00002318201,TRULICITY ,2024,3,false,30.000,15,13843.59
FFSU,VA,00002318280,TRULICITY ,2024,3,false,39.500,21,18847.30
MCOU,VA,00002318280,TRULICITY ,2024,3,false,6851.000,3310,3179975.76
MCOU,VA,00002143301,TRULICITY ,2024,2,false,86.000,50,40385.17
FFSU,VA,00002143380,TRULICITY ,2024,2,false,182.500,104,86250.67
MCOU,VA,00002143380,TRULICITY ,2024,2,false,23679.000,11459,11013570.80
MCOU,VA,00002143401,TRULICITY ,2024,2,false,62.000,33,28515.50
FFSU,VA,00002143480,TRULICITY ,2024,2,false,121.500,64,57849.27
MCOU,VA,00002143480,TRULICITY ,2024,2,false,15971.500,7779,7430704.26
MCOU,VA,00002223601,TRULICITY ,2024,2,false,42.500,22,20046.35
FFSU,VA,00002223680,TRULICITY ,2024,2,false,55.500,42,26418.23
MCOU,VA,00002223680,TRULICITY ,2024,2,false,9158.000,4385,4257610.61
MCOU,VA,00002318201,TRULICITY ,2024,2,false,28.000,14,12888.29
FFSU,VA,00002318280,TRULICITY ,2024,2,true,,,
MCOU,VA,00002318280,TRULICITY ,2024,2,false,3330.500,1585,1545947.81
MCOU,VA,00002143301,TRULICITY ,2024,1,false,66.500,34,30898.89
FFSU,VA,00002143380,TRULICITY ,2024,1,false,120.000,72,56896.28
MCOU,VA,00002143380,TRULICITY ,2024,1,false,22376.500,10762,10580593.63
MCOU,VA,00002143401,TRULICITY ,2024,1,false,39.000,18,18042.61
FFSU,VA,00002143480,TRULICITY ,2024,1,false,40.500,23,19102.86
MCOU,VA,00002143480,TRULICITY ,2024,1,false,7682.500,3711,3606815.76
MCOU,VA,00002223601,TRULICITY ,2024,1,false,20.000,11,9709.88
FFSU,VA,00002223680,TRULICITY ,2024,1,false,62.000,40,28149.29
MCOU,VA,00002223680,TRULICITY ,2024,1,false,14483.500,6726,6831496.45
MCOU,VA,00002318201,TRULICITY ,2024,1,true,,,
MCOU,VA,00002318280,TRULICITY ,2024,1,false,7855.000,3632,3696008.99
FFSU,VA,00002318280,TRULICITY ,2024,1,false,41.000,31,19456.78
FFSU,VT,00002143380,TRULICITY ,2024,4,false,500.500,216,236290.31
FFSU,VT,00002143480,TRULICITY ,2024,4,false,450.000,189,214071.31
FFSU,VT,00002223680,TRULICITY ,2024,4,false,484.500,198,228643.85
FFSU,VT,00002318280,TRULICITY ,2024,4,false,492.000,203,231346.13
FFSU,VT,00002143380,TRULICITY ,2024,3,false,571.500,229,268058.98
FFSU,VT,00002143480,TRULICITY ,2024,3,false,602.000,250,283623.98
FFSU,VT,00002223680,TRULICITY ,2024,3,false,530.000,214,249343.51
FFSU,VT,00002318280,TRULICITY ,2024,3,false,510.000,211,240841.48
FFSU,VT,00002143380,TRULICITY ,2024,2,false,1132.000,440,535147.79
FFSU,VT,00002143480,TRULICITY ,2024,2,false,682.000,277,322728.90
FFSU,VT,00002223680,TRULICITY ,2024,2,false,1066.000,411,496050.18
FFSU,VT,00002318280,TRULICITY ,2024,2,false,636.000,245,295887.56
FFSU,VT,00002143380,TRULICITY ,2024,1,false,495.000,193,227153.75
FFSU,VT,00002143480,TRULICITY ,2024,1,false,518.000,202,236244.27
FFSU,VT,00002223680,TRULICITY ,2024,1,false,620.000,222,282110.14
FFSU,VT,00002318280,TRULICITY ,2024,1,false,514.000,193,234019.37
MCOU,WA,00002143380,TRULICITY ,2024,4,false,483.000,235,217942.99
FFSU,WA,00002143380,TRULICITY ,2024,4,true,,,
FFSU,WA,00002143480,TRULICITY ,2024,4,true,,,
MCOU,WA,00002143480,TRULICITY ,2024,4,false,712.000,329,319320.88
MCOU,WA,00002223601,TRULICITY ,2024,4,true,,,
FFSU,WA,00002223680,TRULICITY ,2024,4,true,,,
MCOU,WA,00002223680,TRULICITY ,2024,4,false,486.000,239,225979.63
MCOU,WA,00002318280,TRULICITY ,2024,4,false,418.000,208,193999.03
FFSU,WA,00002318280,TRULICITY ,2024,4,true,,,
MCOU,WA,00002143380,TRULICITY ,2024,3,false,607.500,277,276762.18
FFSU,WA,00002143380,TRULICITY ,2024,3,true,,,
MCOU,WA,00002143480,TRULICITY ,2024,3,false,720.000,327,332009.83
FFSU,WA,00002143480,TRULICITY ,2024,3,true,,,
FFSU,WA,00002223680,TRULICITY ,2024,3,true,,,
MCOU,WA,00002223680,TRULICITY ,2024,3,false,514.000,249,241303.78
MCOU,WA,00002318280,TRULICITY ,2024,3,false,400.000,198,183740.06
FFSU,WA,00002318280,TRULICITY ,2024,3,true,,,
FFSU,WA,00002143380,TRULICITY ,2024,2,true,,,
MCOU,WA,00002143380,TRULICITY ,2024,2,false,616.500,290,291881.77
MCOU,WA,00002143480,TRULICITY ,2024,2,false,802.500,349,382806.89
FFSU,WA,00002143480,TRULICITY ,2024,2,true,,,
FFSU,WA,00002223680,TRULICITY ,2024,2,true,,,
MCOU,WA,00002223680,TRULICITY ,2024,2,false,522.000,259,250090.75
MCOU,WA,00002318280,TRULICITY ,2024,2,false,256.000,128,124401.88
FFSU,WA,00002318280,TRULICITY ,2024,2,false,26.000,13,12363.60
FFSU,WA,00002143380,TRULICITY ,2024,1,true,,,
MCOU,WA,00002143380,TRULICITY ,2024,1,false,697.000,318,312821.94
MCOU,WA,00002143480,TRULICITY ,2024,1,false,514.000,231,232999.51
FFSU,WA,00002143480,TRULICITY ,2024,1,true,,,
MCOU,WA,00002223680,TRULICITY ,2024,1,false,800.000,392,364835.81
FFSU,WA,00002223680,TRULICITY ,2024,1,true,,,
FFSU,WA,00002318280,TRULICITY ,2024,1,false,28.000,14,13176.24
MCOU,WA,00002318280,TRULICITY ,2024,1,false,460.000,226,210641.51
FFSU,WI,00002143380,TRULICITY ,2024,4,false,8941.000,4476,4334551.02
FFSU,WI,00002143480,TRULICITY ,2024,4,false,10387.500,5183,5030616.45
FFSU,WI,00002223601,TRULICITY ,2024,4,true,,,
FFSU,WI,00002223680,TRULICITY ,2024,4,false,8848.000,4419,4286731.52
FFSU,WI,00002318280,TRULICITY ,2024,4,false,7846.500,3914,3800783.21
FFSU,WI,00002143301,TRULICITY ,2024,3,true,,,
FFSU,WI,00002143380,TRULICITY ,2024,3,false,9030.000,4494,4381586.16
FFSU,WI,00002143480,TRULICITY ,2024,3,false,11173.500,5547,5406193.94
FFSU,WI,00002223680,TRULICITY ,2024,3,false,8315.000,4164,4028758.59
FFSU,WI,00002318280,TRULICITY ,2024,3,false,6468.000,3229,3140433.35
FFSU,WI,00002143380,TRULICITY ,2024,2,false,12666.500,6223,6133082.73
FFSU,WI,00002143480,TRULICITY ,2024,2,false,11091.500,5470,5367748.67
FFSU,WI,00002223680,TRULICITY ,2024,2,false,8834.000,4417,4272321.86
FFSU,WI,00002318280,TRULICITY ,2024,2,false,3928.500,1961,1906712.60
FFSU,WI,00002143301,TRULICITY ,2024,1,true,,,
FFSU,WI,00002143380,TRULICITY ,2024,1,false,14898.000,7309,7168218.21
FFSU,WI,00002143480,TRULICITY ,2024,1,false,7698.000,3848,3710016.22
FFSU,WI,00002223680,TRULICITY ,2024,1,false,13092.000,6509,6316923.14
FFSU,WI,00002318201,TRULICITY ,2024,1,true,,,
FFSU,WI,00002318280,TRULICITY ,2024,1,false,10730.000,5348,5170292.88
FFSU,WV,00002143380,TRULICITY ,2024,4,false,3153.000,1577,1486787.61
FFSU,WV,00002143480,TRULICITY ,2024,4,false,2710.500,1372,1281330.22
FFSU,WV,00002223601,TRULICITY ,2024,4,true,,,
FFSU,WV,00002223680,TRULICITY ,2024,4,false,1899.500,954,898268.93
FFSU,WV,00002318280,TRULICITY ,2024,4,false,1431.000,714,676504.10
FFSU,WV,00002143380,TRULICITY ,2024,3,false,2874.500,1478,1363841.48
FFSU,WV,00002143480,TRULICITY ,2024,3,false,2299.000,1174,1090007.55
FFSU,WV,00002223601,TRULICITY ,2024,3,true,,,
FFSU,WV,00002223680,TRULICITY ,2024,3,false,1303.000,653,619868.83
FFSU,WV,00002318280,TRULICITY ,2024,3,false,927.000,464,439115.88
FFSU,WV,00002143301,TRULICITY ,2024,2,true,,,
FFSU,WV,00002143380,TRULICITY ,2024,2,false,3168.500,1649,1494215.84
FFSU,WV,00002143480,TRULICITY ,2024,2,false,1455.500,740,687205.18
FFSU,WV,00002223601,TRULICITY ,2024,2,true,,,
FFSU,WV,00002223680,TRULICITY ,2024,2,false,1746.000,885,828319.82
FFSU,WV,00002318201,TRULICITY ,2024,2,true,,,
FFSU,WV,00002318280,TRULICITY ,2024,2,false,739.500,370,349534.62
FFSU,WV,00002143380,TRULICITY ,2024,1,false,2919.500,1514,1356269.71
FFSU,WV,00002143401,TRULICITY ,2024,1,true,,,
FFSU,WV,00002143480,TRULICITY ,2024,1,false,1856.000,943,859290.77
FFSU,WV,00002223601,TRULICITY ,2024,1,true,,,
FFSU,WV,00002223680,TRULICITY ,2024,1,false,2075.500,1049,969891.73
FFSU,WV,00002318280,TRULICITY ,2024,1,false,1380.000,696,642748.70
FFSU,WY,00002143380,TRULICITY ,2024,4,false,200.000,100,94519.55
FFSU,WY,00002143480,TRULICITY ,2024,4,false,99.000,50,47183.65
FFSU,WY,00002223680,TRULICITY ,2024,4,false,78.000,39,37206.69
FFSU,WY,00002318280,TRULICITY ,2024,4,true,,,
FFSU,WY,00002143380,TRULICITY ,2024,3,false,154.000,75,71913.27
FFSU,WY,00002143480,TRULICITY ,2024,3,false,96.000,45,44044.53
FFSU,WY,00002223680,TRULICITY ,2024,3,false,58.000,29,27648.96
FFSU,WY,00002318280,TRULICITY ,2024,3,false,26.000,13,12398.29
FFSU,WY,00002143380,TRULICITY ,2024,2,false,118.000,57,54835.16
FFSU,WY,00002143480,TRULICITY ,2024,2,false,78.000,36,35780.19
FFSU,WY,00002223680,TRULICITY ,2024,2,false,60.000,28,26665.10
FFSU,WY,00002318280,TRULICITY ,2024,2,true,,,
FFSU,WY,00002143380,TRULICITY ,2024,1,false,88.000,44,41174.35
FFSU,WY,00002143480,TRULICITY ,2024,1,false,30.000,15,13677.40
FFSU,WY,00002223680,TRULICITY ,2024,1,false,56.000,28,25560.23
FFSU,WY,00002318280,TRULICITY ,2024,1,true,,,
FFSU,AK,00169406012,VICTOZA 2-,2024,4,false,198.000,33,16341.31
MCOU,AK,00169406012,VICTOZA 2-,2024,4,true,,,
FFSU,AK,00169406013,VICTOZA 3-,2024,4,false,606.000,68,49676.28
FFSU,AK,00169406012,VICTOZA 2-,2024,3,false,204.000,34,17440.19
FFSU,AK,00169406013,VICTOZA 3-,2024,3,false,411.000,47,34554.65
FFSU,AK,00169406012,VICTOZA 2-,2024,2,false,387.000,60,34017.48
FFSU,AK,00169406013,VICTOZA 3-,2024,2,false,1083.000,126,93116.66
FFSU,AK,00169406012,VICTOZA 2-,2024,1,false,471.000,74,43648.67
FFSU,AK,00169406013,VICTOZA 3-,2024,1,false,1212.000,139,109607.54
FFSU,AL,00169406012,VICTOZA 6M,2024,4,false,372.000,57,32628.21
FFSU,AL,00169406013,VICTOZA 6M,2024,4,false,708.000,82,62945.43
FFSU,AL,00169406012,VICTOZA 6M,2024,3,false,588.000,95,53699.42
FFSU,AL,00169406013,VICTOZA 6M,2024,3,false,891.000,105,79721.22
FFSU,AL,00169406012,VICTOZA 6M,2024,2,false,1422.000,241,130228.68
FFSU,AL,00169406013,VICTOZA 6M,2024,2,false,3030.000,356,278689.53
FFSU,AL,00169406012,VICTOZA 6M,2024,1,false,2337.000,397,236831.04
FFSU,AL,00169406013,VICTOZA 6M,2024,1,false,5361.000,619,531748.94
MCOU,AR,00169406012,VICTOZA 2-,2024,4,false,522.000,90,46742.69
FFSU,AR,00169406012,VICTOZA 2-,2024,4,false,6097.500,1031,543807.23
FFSU,AR,00169406013,VICTOZA 3-,2024,4,false,15562.000,1818,1379840.29
MCOU,AR,00169406013,VICTOZA 3-,2024,4,false,2469.000,286,220344.25
FFSU,AR,00169406012,VICTOZA 2-,2024,3,false,8913.000,1469,795305.93
MCOU,AR,00169406012,VICTOZA 2-,2024,3,false,873.000,143,78093.79
FFSU,AR,00169406013,VICTOZA 3-,2024,3,false,11448.000,1326,1014485.31
MCOU,AR,00169406013,VICTOZA 3-,2024,3,false,2229.000,251,199029.41
MCOU,AR,00169406012,VICTOZA 2-,2024,2,false,1092.000,179,97639.10
FFSU,AR,00169406012,VICTOZA 2-,2024,2,false,8136.000,1358,725193.60
FFSU,AR,00169406013,VICTOZA 3-,2024,2,false,14445.000,1675,1278776.20
MCOU,AR,00169406013,VICTOZA 3-,2024,2,false,2322.000,263,207173.57
MCOU,AR,00169406012,VICTOZA 2-,2024,1,false,828.000,138,78310.91
FFSU,AR,00169406012,VICTOZA 2-,2024,1,false,8033.000,1346,783841.32
MCOU,AR,00169406013,VICTOZA 3-,2024,1,false,2238.000,252,206591.73
FFSU,AR,00169406013,VICTOZA 3-,2024,1,false,15420.000,1768,1486022.42
MCOU,AZ,00169406012,VICTOZA 2-,2024,4,false,1854.000,302,158422.39
FFSU,AZ,00169406012,VICTOZA 2-,2024,4,true,,,
FFSU,AZ,00169406013,VICTOZA 3-,2024,4,false,150.000,14,12785.53
MCOU,AZ,00169406013,VICTOZA 3-,2024,4,false,4674.000,511,398186.11
MCOU,AZ,00169406012,VICTOZA 2-,2024,3,false,4002.000,628,344369.12
FFSU,AZ,00169406012,VICTOZA 2-,2024,3,true,,,
MCOU,AZ,00169406013,VICTOZA 3-,2024,3,false,4935.000,532,426156.42
FFSU,AZ,00169406013,VICTOZA 3-,2024,3,false,657.000,73,59877.38
FFSU,AZ,00169406012,VICTOZA 2-,2024,2,true,,,
MCOU,AZ,00169406012,VICTOZA 2-,2024,2,false,6834.000,1036,590925.40
FFSU,AZ,00169406013,VICTOZA 3-,2024,2,false,390.000,45,35695.56
MCOU,AZ,00169406013,VICTOZA 3-,2024,2,false,11811.000,1210,1021454.18
FFSU,AZ,00169406012,VICTOZA 2-,2024,1,false,78.000,12,7518.46
MCOU,AZ,00169406012,VICTOZA 2-,2024,1,false,5145.000,792,446802.44
FFSU,AZ,00169406013,VICTOZA 3-,2024,1,false,738.000,85,75494.46
MCOU,AZ,00169406013,VICTOZA 3-,2024,1,false,13647.000,1363,1181644.12
MCOU,CA,00169406012,VICTOZA 6M,2024,4,true,,,
FFSU,CA,00169406012,VICTOZA 6M,2024,4,false,16158.000,2474,1438383.29
FFSU,CA,00169406013,VICTOZA 6M,2024,4,false,19785.000,2012,1754027.61
MCOU,CA,00169406013,VICTOZA 6M,2024,4,true,,,
MCOU,CA,00169406012,VICTOZA 6M,2024,3,true,,,
FFSU,CA,00169406012,VICTOZA 6M,2024,3,false,24665.000,3666,2198361.38
MCOU,CA,00169406013,VICTOZA 6M,2024,3,true,,,
FFSU,CA,00169406013,VICTOZA 6M,2024,3,false,21212.000,2119,1882792.10
FFSU,CA,00169406012,VICTOZA 6M,2024,2,false,20625.000,3060,1834153.11
MCOU,CA,00169406012,VICTOZA 6M,2024,2,true,,,
FFSU,CA,00169406013,VICTOZA 6M,2024,2,false,30729.000,2988,2718232.55
MCOU,CA,00169406013,VICTOZA 6M,2024,2,false,183.000,26,17432.68
MCOU,CA,00169406012,VICTOZA 6M,2024,1,true,,,
FFSU,CA,00169406012,VICTOZA 6M,2024,1,false,27858.000,3937,2778305.48
FFSU,CA,00169406013,VICTOZA 6M,2024,1,false,36215.000,3454,3555553.38
MCOU,CA,00169406013,VICTOZA 6M,2024,1,false,240.000,32,22736.92
MCOU,CO,00169406012,VICTOZA 2-,2024,4,true,,,
FFSU,CO,00169406012,VICTOZA 2-,2024,4,false,3567.000,519,318297.71
MCOU,CO,00169406013,VICTOZA 3-,2024,4,false,126.000,14,11170.15
FFSU,CO,00169406013,VICTOZA 3-,2024,4,false,8913.000,861,789319.02
FFSU,CO,00169406012,VICTOZA 2-,2024,3,false,7038.000,919,625528.98
MCOU,CO,00169406012,VICTOZA 2-,2024,3,false,114.000,19,10194.61
MCOU,CO,00169406013,VICTOZA 3-,2024,3,false,216.000,21,19128.30
FFSU,CO,00169406013,VICTOZA 3-,2024,3,false,8382.000,811,741279.68
FFSU,CO,00169406012,VICTOZA 2-,2024,2,false,5214.000,711,463774.64
MCOU,CO,00169406012,VICTOZA 2-,2024,2,false,324.000,46,28805.11
MCOU,CO,00169406013,VICTOZA 3-,2024,2,false,324.000,30,28632.22
FFSU,CO,00169406013,VICTOZA 3-,2024,2,false,10887.000,974,960161.42
FFSU,CO,00169406012,VICTOZA 2-,2024,1,false,6612.000,779,625553.47
MCOU,CO,00169406012,VICTOZA 2-,2024,1,false,438.000,65,38945.72
MCOU,CO,00169406013,VICTOZA 3-,2024,1,false,201.000,20,17774.04
FFSU,CO,00169406013,VICTOZA 3-,2024,1,false,9060.000,784,848851.82
FFSU,CT,00169406012,VICTOZA 6M,2024,4,false,825.000,111,73290.88
FFSU,CT,00169406013,VICTOZA 6M,2024,4,false,2331.000,203,205984.54
FFSU,CT,00169406012,VICTOZA 6M,2024,3,false,1665.000,208,147783.09
FFSU,CT,00169406013,VICTOZA 6M,2024,3,false,2076.000,187,183430.55
FFSU,CT,00169406012,VICTOZA 6M,2024,2,false,1761.000,236,156404.27
FFSU,CT,00169406013,VICTOZA 6M,2024,2,false,4227.000,396,373508.62
FFSU,CT,00169406012,VICTOZA 6M,2024,1,false,2370.000,319,233447.78
FFSU,CT,00169406013,VICTOZA 6M,2024,1,false,5172.000,455,498842.78
MCOU,DC,00169406012,VICTOZA 2-,2024,4,true,,,
FFSU,DC,00169406013,VICTOZA 3-,2024,4,true,,,
MCOU,DC,00169406013,VICTOZA 3-,2024,4,true,,,
MCOU,DC,00169406013,VICTOZA 3-,2024,3,true,,,
MCOU,DC,00169406012,VICTOZA 2-,2024,2,true,,,
FFSU,DC,00169406012,VICTOZA 2-,2024,2,true,,,
FFSU,DC,00169406013,VICTOZA 3-,2024,2,true,,,
MCOU,DC,00169406013,VICTOZA 3-,2024,2,false,147.000,17,12990.21
FFSU,DC,00169406012,VICTOZA 2-,2024,1,true,,,
MCOU,DC,00169406012,VICTOZA 2-,2024,1,true,,,
FFSU,DC,00169406013,VICTOZA 3-,2024,1,false,126.000,15,12045.04
MCOU,DC,00169406013,VICTOZA 3-,2024,1,false,123.000,15,11000.47
MCOU,DE,00169406012,VICTOZA 6M,2024,4,true,,,
MCOU,DE,00169406013,VICTOZA 6M,2024,4,true,,,
MCOU,DE,00169406012,VICTOZA 6M,2024,3,true,,,
MCOU,DE,00169406013,VICTOZA 6M,2024,3,true,,,
MCOU,DE,00169406012,VICTOZA 6M,2024,2,false,168.000,26,14785.27
MCOU,DE,00169406013,VICTOZA 6M,2024,2,false,285.000,34,25082.94
MCOU,DE,00169406012,VICTOZA 6M,2024,1,false,330.000,55,30435.44
MCOU,DE,00169406013,VICTOZA 6M,2024,1,false,501.000,62,46514.71
MCOU,FL,00169406012,VICTOZA 2-,2024,4,false,477.000,83,41512.65
FFSU,FL,00169406012,VICTOZA 2-,2024,4,true,,,
FFSU,FL,00169406013,VICTOZA 3-,2024,4,true,,,
MCOU,FL,00169406013,VICTOZA 3-,2024,4,false,852.000,104,73484.61
FFSU,FL,00169406012,VICTOZA 2-,2024,3,true,,,
MCOU,FL,00169406012,VICTOZA 2-,2024,3,false,864.000,148,74755.16
FFSU,FL,00169406013,VICTOZA 3-,2024,3,true,,,
MCOU,FL,00169406013,VICTOZA 3-,2024,3,false,1047.000,121,90157.34
FFSU,FL,00169406012,VICTOZA 2-,2024,2,true,,,
MCOU,FL,00169406012,VICTOZA 2-,2024,2,false,1149.000,191,99543.87
MCOU,FL,00169406013,VICTOZA 3-,2024,2,false,1815.000,215,156515.69
FFSU,FL,00169406013,VICTOZA 3-,2024,2,true,,,
MCOU,FL,00169406012,VICTOZA 2-,2024,1,false,1242.000,207,108573.08
FFSU,FL,00169406012,VICTOZA 2-,2024,1,false,69.000,11,6693.45
FFSU,FL,00169406013,VICTOZA 3-,2024,1,true,,,
MCOU,FL,00169406013,VICTOZA 3-,2024,1,false,2058.000,235,179084.95
FFSU,GA,00169406012,VICTOZA 2-,2024,4,false,5997.000,1020,525987.99
MCOU,GA,00169406012,VICTOZA 2-,2024,4,false,117.000,17,9758.36
FFSU,GA,00169406013,VICTOZA 3-,2024,4,false,13107.000,1560,1144036.52
MCOU,GA,00169406013,VICTOZA 3-,2024,4,false,171.000,19,14385.84
MCOU,GA,00169406012,VICTOZA 2-,2024,3,false,222.000,34,18331.98
FFSU,GA,00169406012,VICTOZA 2-,2024,3,false,9372.000,1549,821648.72
FFSU,GA,00169406013,VICTOZA 3-,2024,3,false,11964.000,1411,1055844.95
MCOU,GA,00169406013,VICTOZA 3-,2024,3,false,255.000,30,21125.18
MCOU,GA,00169406012,VICTOZA 2-,2024,2,false,309.000,51,26170.70
FFSU,GA,00169406012,VICTOZA 2-,2024,2,false,9693.000,1618,852590.39
FFSU,GA,00169406013,VICTOZA 3-,2024,2,false,13626.000,1615,1199312.70
MCOU,GA,00169406013,VICTOZA 3-,2024,2,false,630.000,71,53886.88
FFSU,GA,00169406012,VICTOZA 2-,2024,1,false,10023.000,1709,932107.05
MCOU,GA,00169406012,VICTOZA 2-,2024,1,false,285.000,44,24309.89
FFSU,GA,00169406013,VICTOZA 3-,2024,1,false,16965.000,1982,1571717.11
MCOU,GA,00169406013,VICTOZA 3-,2024,1,false,690.000,78,59325.36
MCOU,HI,00169406012,VICTOZA 2-,2024,4,false,120.000,20,10343.26
MCOU,HI,00169406013,VICTOZA 3-,2024,4,false,105.000,11,6393.20
MCOU,HI,00169406012,VICTOZA 2-,2024,3,false,315.000,46,24663.89
MCOU,HI,00169406013,VICTOZA 3-,2024,3,false,306.000,19,9774.62
MCOU,HI,00169406012,VICTOZA 2-,2024,2,false,495.000,81,45945.40
MCOU,HI,00169406013,VICTOZA 3-,2024,2,false,1658.000,164,98712.74
MCOU,HI,00169406012,VICTOZA 2-,2024,1,false,450.000,67,37802.57
MCOU,HI,00169406013,VICTOZA 3-,2024,1,false,1374.000,132,94639.45
MCOU,IA,00169406012,VICTOZA 6M,2024,4,false,201.000,34,17600.75
MCOU,IA,00169406013,VICTOZA 6M,2024,4,false,549.000,63,47981.77
MCOU,IA,00169406012,VICTOZA 6M,2024,3,false,624.000,99,54132.62
MCOU,IA,00169406013,VICTOZA 6M,2024,3,false,855.000,99,74805.82
MCOU,IA,00169406012,VICTOZA 6M,2024,2,false,999.000,154,86830.18
FFSU,IA,00169406012,VICTOZA 6M,2024,2,true,,,
MCOU,IA,00169406013,VICTOZA 6M,2024,2,false,2295.000,273,200591.94
MCOU,IA,00169406012,VICTOZA 6M,2024,1,false,1062.000,178,97508.36
MCOU,IA,00169406013,VICTOZA 6M,2024,1,false,3084.000,360,278872.27
FFSU,ID,00169406012,VICTOZA 2-,2024,4,false,351.000,58,30184.66
FFSU,ID,00169406013,VICTOZA 3-,2024,4,false,1002.000,114,84708.92
FFSU,ID,00169406012,VICTOZA 2-,2024,3,false,639.000,101,55879.97
FFSU,ID,00169406013,VICTOZA 3-,2024,3,false,894.000,100,74552.94
FFSU,ID,00169406012,VICTOZA 2-,2024,2,false,615.000,99,54784.50
FFSU,ID,00169406013,VICTOZA 3-,2024,2,false,1650.000,182,145869.57
FFSU,ID,00169406012,VICTOZA 2-,2024,1,false,972.000,158,87720.88
FFSU,ID,00169406013,VICTOZA 3-,2024,1,false,1944.000,216,182772.82
MCOU,IL,00169406012,VICTOZA 6M,2024,4,false,6159.000,904,619950.78
FFSU,IL,00169406012,VICTOZA 6M,2024,4,false,156.000,24,13719.81
FFSU,IL,00169406013,VICTOZA 6M,2024,4,false,651.000,64,56849.27
MCOU,IL,00169406013,VICTOZA 6M,2024,4,false,18150.000,1893,1677456.72
FFSU,IL,00169406012,VICTOZA 6M,2024,3,false,447.000,59,40053.43
MCOU,IL,00169406012,VICTOZA 6M,2024,3,false,16959.000,2437,1631549.98
MCOU,IL,00169406013,VICTOZA 6M,2024,3,false,25425.000,2584,2368212.02
FFSU,IL,00169406013,VICTOZA 6M,2024,3,false,675.000,58,63376.00
FFSU,IL,00169406012,VICTOZA 6M,2024,2,false,939.000,138,88220.71
MCOU,IL,00169406012,VICTOZA 6M,2024,2,false,24306.000,3606,2449287.06
MCOU,IL,00169406013,VICTOZA 6M,2024,2,false,40818.000,4265,3921669.36
FFSU,IL,00169406013,VICTOZA 6M,2024,2,false,1722.000,174,151891.53
MCOU,IL,00169406012,VICTOZA 6M,2024,1,false,30316.000,4257,3084759.60
FFSU,IL,00169406012,VICTOZA 6M,2024,1,false,684.000,89,61315.82
MCOU,IL,00169406013,VICTOZA 6M,2024,1,false,52281.000,5224,4917961.79
FFSU,IL,00169406013,VICTOZA 6M,2024,1,false,1203.000,116,107912.26
FFSU,IN,00169406012,VICTOZA 6M,2024,4,true,,,
MCOU,IN,00169406012,VICTOZA 6M,2024,4,false,549.000,74,45238.46
MCOU,IN,00169406013,VICTOZA 6M,2024,4,false,1524.000,154,127918.19
FFSU,IN,00169406013,VICTOZA 6M,2024,4,false,75.000,12,6653.26
FFSU,IN,00169406012,VICTOZA 6M,2024,3,false,138.000,20,11815.09
MCOU,IN,00169406012,VICTOZA 6M,2024,3,false,1272.000,169,107784.16
MCOU,IN,00169406013,VICTOZA 6M,2024,3,false,1551.000,154,133574.57
FFSU,IN,00169406013,VICTOZA 6M,2024,3,true,,,
FFSU,IN,00169406012,VICTOZA 6M,2024,2,false,342.000,46,29904.39
MCOU,IN,00169406012,VICTOZA 6M,2024,2,false,2079.000,296,177474.75
MCOU,IN,00169406013,VICTOZA 6M,2024,2,false,5316.000,509,447167.27
FFSU,IN,00169406013,VICTOZA 6M,2024,2,false,828.000,82,70900.90
FFSU,IN,00169406012,VICTOZA 6M,2024,1,false,450.000,73,42932.57
MCOU,IN,00169406012,VICTOZA 6M,2024,1,false,2097.000,306,177593.76
FFSU,IN,00169406013,VICTOZA 6M,2024,1,false,1140.000,108,106884.28
MCOU,IN,00169406013,VICTOZA 6M,2024,1,false,7392.000,719,627457.93
MCOU,KS,00169406012,VICTOZA 6M,2024,4,true,,,
MCOU,KS,00169406013,VICTOZA 6M,2024,4,false,207.000,25,18344.28
MCOU,KS,00169406012,VICTOZA 6M,2024,3,false,198.000,32,17618.97
MCOU,KS,00169406013,VICTOZA 6M,2024,3,false,462.000,55,40955.02
MCOU,KS,00169406012,VICTOZA 6M,2024,2,false,678.000,118,60447.95
MCOU,KS,00169406013,VICTOZA 6M,2024,2,false,1146.000,150,101503.72
MCOU,KS,00169406012,VICTOZA 6M,2024,1,false,651.000,145,60981.35
MCOU,KS,00169406013,VICTOZA 6M,2024,1,false,1680.000,224,154360.65
MCOU,KY,00169406012,VICTOZA 6M,2024,4,false,825.000,190,73392.63
FFSU,KY,00169406012,VICTOZA 6M,2024,4,true,,,
MCOU,KY,00169406013,VICTOZA 6M,2024,4,false,1683.000,212,148835.59
FFSU,KY,00169406013,VICTOZA 6M,2024,4,false,246.000,38,21810.83
MCOU,KY,00169406012,VICTOZA 6M,2024,3,false,1803.000,380,159209.30
FFSU,KY,00169406012,VICTOZA 6M,2024,3,false,141.000,25,11318.26
MCOU,KY,00169406013,VICTOZA 6M,2024,3,false,2799.000,332,246722.85
FFSU,KY,00169406013,VICTOZA 6M,2024,3,false,120.000,23,10652.98
MCOU,KY,00169406012,VICTOZA 6M,2024,2,false,2409.000,489,212395.94
FFSU,KY,00169406012,VICTOZA 6M,2024,2,false,150.000,28,12909.38
MCOU,KY,00169406013,VICTOZA 6M,2024,2,false,4788.000,654,420635.58
FFSU,KY,00169406013,VICTOZA 6M,2024,2,false,267.000,45,23239.14
MCOU,KY,00169406012,VICTOZA 6M,2024,1,false,54.000,16,5931.14
FFSU,KY,00169406012,VICTOZA 6M,2024,1,false,177.000,38,15836.07
FFSU,KY,00169406013,VICTOZA 6M,2024,1,false,357.000,52,30867.38
MCOU,KY,00169406013,VICTOZA 6M,2024,1,false,7062.000,856,619365.93
MCOU,LA,00169406012,VICTOZA 2-,2024,4,false,894.000,147,76115.98
FFSU,LA,00169406012,VICTOZA 2-,2024,4,true,,,
MCOU,LA,00169406013,VICTOZA 3-,2024,4,false,2403.000,274,201144.60
FFSU,LA,00169406013,VICTOZA 3-,2024,4,true,,,
FFSU,LA,00169406012,VICTOZA 2-,2024,3,false,63.000,14,5677.12
MCOU,LA,00169406012,VICTOZA 2-,2024,3,false,1632.000,266,144464.06
MCOU,LA,00169406013,VICTOZA 3-,2024,3,false,2064.000,231,182437.18
FFSU,LA,00169406013,VICTOZA 3-,2024,3,true,,,
FFSU,LA,00169406012,VICTOZA 2-,2024,2,false,99.000,21,8903.64
MCOU,LA,00169406012,VICTOZA 2-,2024,2,false,2564.000,382,225798.13
FFSU,LA,00169406013,VICTOZA 3-,2024,2,false,165.000,23,14690.80
MCOU,LA,00169406013,VICTOZA 3-,2024,2,false,4515.000,470,398808.23
FFSU,LA,00169406012,VICTOZA 2-,2024,1,false,294.000,52,32514.63
MCOU,LA,00169406012,VICTOZA 2-,2024,1,false,3516.000,522,314268.74
FFSU,LA,00169406013,VICTOZA 3-,2024,1,false,639.000,84,69918.03
MCOU,LA,00169406013,VICTOZA 3-,2024,1,false,7155.000,748,643791.00
MCOU,MA,00169406012,VICTOZA 2-,2024,4,false,1077.000,176,92422.73
FFSU,MA,00169406012,VICTOZA 2-,2024,4,false,411.000,62,35753.19
MCOU,MA,00169406013,VICTOZA 3-,2024,4,false,3195.000,357,275853.88
FFSU,MA,00169406013,VICTOZA 3-,2024,4,false,906.000,111,78789.54
FFSU,MA,00169406012,VICTOZA 2-,2024,3,false,894.000,141,77641.67
MCOU,MA,00169406012,VICTOZA 2-,2024,3,false,1941.000,291,167939.35
MCOU,MA,00169406013,VICTOZA 3-,2024,3,false,3813.000,386,326193.91
FFSU,MA,00169406013,VICTOZA 3-,2024,3,false,735.000,86,64472.70
MCOU,MA,00169406012,VICTOZA 2-,2024,2,false,1785.000,284,156014.08
FFSU,MA,00169406012,VICTOZA 2-,2024,2,false,834.000,145,74041.21
FFSU,MA,00169406013,VICTOZA 3-,2024,2,false,1905.000,223,168688.30
MCOU,MA,00169406013,VICTOZA 3-,2024,2,false,4806.000,503,419582.73
MCOU,MA,00169406012,VICTOZA 2-,2024,1,false,2838.000,448,250559.42
FFSU,MA,00169406012,VICTOZA 2-,2024,1,false,1200.000,199,116319.84
MCOU,MA,00169406013,VICTOZA 3-,2024,1,false,8415.000,886,736160.15
FFSU,MA,00169406013,VICTOZA 3-,2024,1,false,2304.000,264,222432.04
MCOU,MD,00169406012,VICTOZA 2-,2024,4,false,87.000,15,7948.06
MCOU,MD,00169406013,VICTOZA 3-,2024,4,false,126.000,13,11148.52
FFSU,MD,00169406013,VICTOZA 3-,2024,4,true,,,
FFSU,MD,00169406012,VICTOZA 2-,2024,3,true,,,
MCOU,MD,00169406012,VICTOZA 2-,2024,3,false,546.000,86,49536.28
MCOU,MD,00169406013,VICTOZA 3-,2024,3,false,408.000,44,35756.42
FFSU,MD,00169406013,VICTOZA 3-,2024,3,true,,,
MCOU,MD,00169406012,VICTOZA 2-,2024,2,false,1257.000,202,121425.84
FFSU,MD,00169406012,VICTOZA 2-,2024,2,true,,,
FFSU,MD,00169406013,VICTOZA 3-,2024,2,false,168.000,17,14858.05
MCOU,MD,00169406013,VICTOZA 3-,2024,2,false,2019.000,220,176367.85
MCOU,MD,00169406012,VICTOZA 2-,2024,1,false,1407.000,227,134545.04
FFSU,MD,00169406012,VICTOZA 2-,2024,1,false,57.000,14,5612.39
FFSU,MD,00169406013,VICTOZA 3-,2024,1,false,150.000,15,14424.87
MCOU,MD,00169406013,VICTOZA 3-,2024,1,false,2151.000,232,188096.70
FFSU,ME,00169406012,VICTOZA   ,2024,4,false,1992.000,313,177219.91
FFSU,ME,00169406013,VICTOZA   ,2024,4,false,2826.000,322,250152.43
FFSU,ME,00169406012,VICTOZA   ,2024,3,false,2214.000,337,197522.20
FFSU,ME,00169406013,VICTOZA   ,2024,3,false,1848.000,201,163852.72
FFSU,ME,00169406012,VICTOZA   ,2024,2,false,3108.000,464,276940.00
FFSU,ME,00169406013,VICTOZA   ,2024,2,false,6300.000,670,555609.35
FFSU,ME,00169406012,VICTOZA   ,2024,1,false,1995.000,313,195472.45
FFSU,ME,00169406013,VICTOZA   ,2024,1,false,3030.000,337,292472.37
FFSU,MI,00169406012,VICTOZA 2-,2024,4,false,126.000,20,9611.65
MCOU,MI,00169406012,VICTOZA 2-,2024,4,false,2514.000,401,212695.29
FFSU,MI,00169406013,VICTOZA 3-,2024,4,false,399.000,45,31131.95
MCOU,MI,00169406013,VICTOZA 3-,2024,4,false,9540.000,990,808288.47
FFSU,MI,00169406012,VICTOZA 2-,2024,3,false,357.000,51,25452.59
MCOU,MI,00169406012,VICTOZA 2-,2024,3,false,4359.000,677,375881.94
FFSU,MI,00169406013,VICTOZA 3-,2024,3,false,528.000,56,34513.39
MCOU,MI,00169406013,VICTOZA 3-,2024,3,false,9981.000,1007,855106.33
MCOU,MI,00169406012,VICTOZA 2-,2024,2,false,6453.000,1005,557537.81
FFSU,MI,00169406012,VICTOZA 2-,2024,2,false,225.000,40,15780.62
MCOU,MI,00169406013,VICTOZA 3-,2024,2,false,17466.000,1732,1502007.34
FFSU,MI,00169406013,VICTOZA 3-,2024,2,false,795.000,91,46806.35
FFSU,MI,00169406012,VICTOZA 2-,2024,1,false,390.000,73,28576.37
MCOU,MI,00169406012,VICTOZA 2-,2024,1,false,7194.000,1141,633960.23
MCOU,MI,00169406013,VICTOZA 3-,2024,1,false,24072.000,2387,2099450.18
FFSU,MI,00169406013,VICTOZA 3-,2024,1,false,1539.000,174,100624.81
MCOU,MN,00169406012,VICTOZA 2-,2024,4,false,1344.000,263,140837.75
FFSU,MN,00169406012,VICTOZA 2-,2024,4,false,255.000,45,23481.63
FFSU,MN,00169406013,VICTOZA 3-,2024,4,false,1323.000,157,118361.60
MCOU,MN,00169406013,VICTOZA 3-,2024,4,false,9755.700,1243,957531.66
MCOU,MN,00169406012,VICTOZA 2-,2024,3,false,7200.000,1188,636516.98
FFSU,MN,00169406012,VICTOZA 2-,2024,3,false,1215.000,209,108617.78
FFSU,MN,00169406013,VICTOZA 3-,2024,3,false,2091.000,244,187206.00
MCOU,MN,00169406013,VICTOZA 3-,2024,3,false,6399.000,731,562024.37
FFSU,MN,00169406012,VICTOZA 2-,2024,2,false,1020.000,180,89845.61
MCOU,MN,00169406012,VICTOZA 2-,2024,2,false,10986.000,1830,967428.22
FFSU,MN,00169406013,VICTOZA 3-,2024,2,false,3585.000,422,321189.46
MCOU,MN,00169406013,VICTOZA 3-,2024,2,false,14187.000,1656,1255911.24
FFSU,MN,00169406012,VICTOZA 2-,2024,1,false,1878.000,331,172765.98
MCOU,MN,00169406012,VICTOZA 2-,2024,1,false,7929.000,1350,715342.18
MCOU,MN,00169406013,VICTOZA 3-,2024,1,false,38196.000,4374,3360443.64
FFSU,MN,00169406013,VICTOZA 3-,2024,1,false,4971.000,573,487157.62
FFSU,MO,00169406012,VICTOZA 2-,2024,4,false,7989.000,1247,710494.51
FFSU,MO,00169406013,VICTOZA 3-,2024,4,false,21513.000,2411,1908101.51
FFSU,MO,00169406012,VICTOZA 2-,2024,3,false,13500.000,2076,1201231.25
FFSU,MO,00169406013,VICTOZA 3-,2024,3,false,14838.000,1645,1313157.89
FFSU,MO,00169406012,VICTOZA 2-,2024,2,false,11703.000,1833,1040901.62
FFSU,MO,00169406013,VICTOZA 3-,2024,2,false,24120.000,2638,2117095.21
FFSU,MO,00169406012,VICTOZA 2-,2024,1,false,13887.000,1993,1368871.65
FFSU,MO,00169406013,VICTOZA 3-,2024,1,false,23391.000,2487,2276775.12
FFSU,MS,00169406012,VICTOZA 6M,2024,4,false,204.000,35,18231.05
MCOU,MS,00169406012,VICTOZA 6M,2024,4,false,1412.000,242,126391.55
MCOU,MS,00169406013,VICTOZA 6M,2024,4,false,4773.000,551,423628.00
FFSU,MS,00169406013,VICTOZA 6M,2024,4,false,789.000,95,70070.94
FFSU,MS,00169406012,VICTOZA 6M,2024,3,false,312.000,53,27870.37
MCOU,MS,00169406012,VICTOZA 6M,2024,3,false,2124.000,355,190974.76
FFSU,MS,00169406013,VICTOZA 6M,2024,3,false,666.000,80,59118.67
MCOU,MS,00169406013,VICTOZA 6M,2024,3,false,5388.000,625,479178.05
MCOU,MS,00169406012,VICTOZA 6M,2024,2,false,2952.000,483,232251.54
FFSU,MS,00169406012,VICTOZA 6M,2024,2,false,255.000,44,22790.18
MCOU,MS,00169406013,VICTOZA 6M,2024,2,false,6870.000,752,564005.56
FFSU,MS,00169406013,VICTOZA 6M,2024,2,false,1200.000,140,106721.94
FFSU,MS,00169406012,VICTOZA 6M,2024,1,false,636.000,109,63562.08
MCOU,MS,00169406012,VICTOZA 6M,2024,1,false,3489.000,560,275493.16
FFSU,MS,00169406013,VICTOZA 6M,2024,1,false,1689.000,195,158908.70
MCOU,MS,00169406013,VICTOZA 6M,2024,1,false,7764.000,854,670712.25
FFSU,MT,00169406012,VICTOZA 2-,2024,4,false,348.000,53,31048.87
FFSU,MT,00169406013,VICTOZA 3-,2024,4,false,1116.000,120,98888.32
FFSU,MT,00169406012,VICTOZA 2-,2024,3,false,630.000,104,56464.96
FFSU,MT,00169406013,VICTOZA 3-,2024,3,false,1275.000,136,113102.69
FFSU,MT,00169406012,VICTOZA 2-,2024,2,false,984.000,159,87924.35
FFSU,MT,00169406013,VICTOZA 3-,2024,2,false,2466.000,267,219314.15
FFSU,MT,00169406012,VICTOZA 2-,2024,1,false,1188.000,188,115941.42
FFSU,MT,00169406013,VICTOZA 3-,2024,1,false,2694.000,297,260911.08
FFSU,XX,00169406012,VICTOZA 6M,2024,4,false,56129.500,8882,4993745.03
MCOU,XX,00169406012,VICTOZA 6M,2024,4,false,46286.000,7449,4134717.66
FFSU,XX,00169406013,VICTOZA 6M,2024,4,false,121377.000,13424,10724479.65
MCOU,XX,00169406013,VICTOZA 6M,2024,4,false,138216.050,15502,12201607.55
FFSU,XX,00169406012,VICTOZA 6M,2024,3,false,90462.000,13818,8045871.03
MCOU,XX,00169406012,VICTOZA 6M,2024,3,false,101970.000,16000,9057480.26
FFSU,XX,00169406013,VICTOZA 6M,2024,3,false,109135.000,11745,9657456.42
MCOU,XX,00169406013,VICTOZA 6M,2024,3,false,146274.150,15849,12869256.44
FFSU,XX,00169406012,VICTOZA 6M,2024,2,false,91200.000,14184,8117632.28
MCOU,XX,00169406012,VICTOZA 6M,2024,2,false,166374.000,26440,14950369.37
FFSU,XX,00169406013,VICTOZA 6M,2024,2,false,176904.000,18925,15633952.02
MCOU,XX,00169406013,VICTOZA 6M,2024,2,false,314095.000,34525,27926839.85
FFSU,XX,00169406012,VICTOZA 6M,2024,1,false,110677.000,16769,10744800.61
MCOU,XX,00169406012,VICTOZA 6M,2024,1,false,166482.000,26123,15095578.83
FFSU,XX,00169406013,VICTOZA 6M,2024,1,false,201013.000,21230,19281760.36
MCOU,XX,00169406013,VICTOZA 6M,2024,1,false,409457.250,44013,36282257.91
FFSU,NC,00169406012,VICTOZA 2-,2024,4,true,,,
MCOU,NC,00169406012,VICTOZA 2-,2024,4,false,1158.000,175,100741.00
MCOU,NC,00169406013,VICTOZA 3-,2024,4,false,3570.000,379,309798.32
FFSU,NC,00169406013,VICTOZA 3-,2024,4,false,153.000,20,13548.95
MCOU,NC,00169406012,VICTOZA 2-,2024,3,false,2037.000,296,177797.77
FFSU,NC,00169406012,VICTOZA 2-,2024,3,false,180.000,26,15955.79
FFSU,NC,00169406013,VICTOZA 3-,2024,3,false,192.000,24,16978.17
MCOU,NC,00169406013,VICTOZA 3-,2024,3,false,3627.000,384,316498.39
FFSU,NC,00169406012,VICTOZA 2-,2024,2,false,585.000,86,51282.36
MCOU,NC,00169406012,VICTOZA 2-,2024,2,false,2679.000,398,235744.19
MCOU,NC,00169406013,VICTOZA 3-,2024,2,false,6129.000,657,537479.85
FFSU,NC,00169406013,VICTOZA 3-,2024,2,false,1257.000,141,110864.62
MCOU,NC,00169406012,VICTOZA 2-,2024,1,false,3183.000,451,289197.65
FFSU,NC,00169406012,VICTOZA 2-,2024,1,false,891.000,137,86764.51
FFSU,NC,00169406013,VICTOZA 3-,2024,1,false,2013.000,206,194176.81
MCOU,NC,00169406013,VICTOZA 3-,2024,1,false,7827.000,758,719217.82
FFSU,ND,00169406012,VICTOZA 2-,2024,4,false,2607.000,434,229235.29
FFSU,ND,00169406013,VICTOZA 3-,2024,4,false,7191.000,799,628514.96
MCOU,ND,00169406012,VICTOZA 2-,2024,3,true,,,
FFSU,ND,00169406012,VICTOZA 2-,2024,3,false,3009.000,497,268769.99
FFSU,ND,00169406013,VICTOZA 3-,2024,3,false,5148.000,572,456913.78
MCOU,ND,00169406012,VICTOZA 2-,2024,2,true,,,
FFSU,ND,00169406012,VICTOZA 2-,2024,2,false,2916.000,485,260732.02
FFSU,ND,00169406013,VICTOZA 3-,2024,2,false,6834.000,757,606369.22
FFSU,ND,00169406012,VICTOZA 2-,2024,1,false,2658.000,443,259265.26
FFSU,ND,00169406013,VICTOZA 3-,2024,1,false,7497.000,833,713196.47
MCOU,NE,00169406012,VICTOZA 6M,2024,4,false,198.000,33,15384.79
MCOU,NE,00169406013,VICTOZA 6M,2024,4,false,858.000,93,72501.03
MCOU,NE,00169406012,VICTOZA 6M,2024,3,false,390.000,61,33447.10
MCOU,NE,00169406013,VICTOZA 6M,2024,3,false,912.000,93,80367.67
MCOU,NE,00169406012,VICTOZA 6M,2024,2,false,666.000,106,58420.72
MCOU,NE,00169406013,VICTOZA 6M,2024,2,false,1656.000,178,143058.46
MCOU,NE,00169406012,VICTOZA 6M,2024,1,false,837.000,127,73659.15
MCOU,NE,00169406013,VICTOZA 6M,2024,1,false,2124.000,236,183764.75
MCOU,NH,00169406012,VICTOZA 2-,2024,4,false,222.000,30,18042.94
MCOU,NH,00169406013,VICTOZA 3-,2024,4,false,414.000,44,33834.81
MCOU,NH,00169406012,VICTOZA 2-,2024,3,false,537.000,68,45511.59
MCOU,NH,00169406013,VICTOZA 3-,2024,3,false,618.000,67,51959.73
MCOU,NH,00169406012,VICTOZA 2-,2024,2,false,939.000,132,79185.94
MCOU,NH,00169406013,VICTOZA 3-,2024,2,false,1701.000,181,145386.92
MCOU,NH,00169406012,VICTOZA 2-,2024,1,false,1146.000,152,96897.82
MCOU,NH,00169406013,VICTOZA 3-,2024,1,false,2715.100,290,229729.75
MCOU,NJ,00169406012,VICTOZA 6M,2024,4,false,162.000,28,15477.89
MCOU,NJ,00169406013,VICTOZA 6M,2024,4,false,636.350,75,57519.91
FFSU,NJ,00169406012,VICTOZA 6M,2024,3,true,,,
MCOU,NJ,00169406012,VICTOZA 6M,2024,3,false,837.000,135,74732.58
FFSU,NJ,00169406013,VICTOZA 6M,2024,3,true,,,
MCOU,NJ,00169406013,VICTOZA 6M,2024,3,false,1659.150,201,147347.20
MCOU,NJ,00169406012,VICTOZA 6M,2024,2,false,12186.000,2046,1135710.38
FFSU,NJ,00169406012,VICTOZA 6M,2024,2,true,,,
FFSU,NJ,00169406013,VICTOZA 6M,2024,2,true,,,
MCOU,NJ,00169406013,VICTOZA 6M,2024,2,false,22513.000,2715,2078138.62
MCOU,NJ,00169406012,VICTOZA 6M,2024,1,false,12969.000,2191,1200542.48
FFSU,NJ,00169406012,VICTOZA 6M,2024,1,true,,,
MCOU,NJ,00169406013,VICTOZA 6M,2024,1,false,29204.150,3445,2687038.39
FFSU,NJ,00169406013,VICTOZA 6M,2024,1,true,,,
FFSU,NM,00169406012,VICTOZA 2-,2024,4,true,,,
MCOU,NM,00169406012,VICTOZA 2-,2024,4,false,168.000,23,14062.83
MCOU,NM,00169406013,VICTOZA 3-,2024,4,false,141.000,15,12098.18
FFSU,NM,00169406013,VICTOZA 3-,2024,4,false,162.000,20,14328.23
FFSU,NM,00169406012,VICTOZA 2-,2024,3,false,117.000,19,13477.02
MCOU,NM,00169406012,VICTOZA 2-,2024,3,false,276.000,42,24937.84
FFSU,NM,00169406013,VICTOZA 3-,2024,3,false,492.000,52,38030.51
MCOU,NM,00169406013,VICTOZA 3-,2024,3,false,144.000,16,12377.86
FFSU,NM,00169406012,VICTOZA 2-,2024,2,false,243.000,34,25096.96
MCOU,NM,00169406012,VICTOZA 2-,2024,2,false,285.000,42,26342.84
MCOU,NM,00169406013,VICTOZA 3-,2024,2,false,240.000,27,18247.10
FFSU,NM,00169406013,VICTOZA 3-,2024,2,false,321.000,35,25475.55
FFSU,NM,00169406012,VICTOZA 2-,2024,1,false,198.000,17,17349.17
MCOU,NM,00169406012,VICTOZA 2-,2024,1,false,468.000,64,42583.41
FFSU,NM,00169406013,VICTOZA 3-,2024,1,false,213.000,23,16924.72
MCOU,NM,00169406013,VICTOZA 3-,2024,1,false,837.000,81,72929.09
MCOU,NV,00169406012,VICTOZA 2-,2024,4,false,72.000,12,5892.32
FFSU,NV,00169406012,VICTOZA 2-,2024,4,true,,,
MCOU,NV,00169406013,VICTOZA 3-,2024,4,false,189.000,18,15328.37
FFSU,NV,00169406013,VICTOZA 3-,2024,4,false,327.000,17,21071.78
MCOU,NV,00169406012,VICTOZA 2-,2024,3,false,237.000,38,21452.50
FFSU,NV,00169406012,VICTOZA 2-,2024,3,false,279.000,18,21682.52
MCOU,NV,00169406013,VICTOZA 3-,2024,3,false,219.000,22,19855.86
FFSU,NV,00169406013,VICTOZA 3-,2024,3,false,327.000,18,19665.61
FFSU,NV,00169406012,VICTOZA 2-,2024,2,false,156.000,11,13156.62
MCOU,NV,00169406012,VICTOZA 2-,2024,2,false,708.000,104,59633.63
MCOU,NV,00169406013,VICTOZA 3-,2024,2,false,807.000,83,64555.94
FFSU,NV,00169406013,VICTOZA 3-,2024,2,false,516.000,26,36167.00
FFSU,NV,00169406012,VICTOZA 2-,2024,1,false,330.000,27,29403.66
MCOU,NV,00169406012,VICTOZA 2-,2024,1,false,1065.000,122,91861.91
MCOU,NV,00169406013,VICTOZA 3-,2024,1,false,1080.000,85,90270.40
FFSU,NV,00169406013,VICTOZA 3-,2024,1,false,729.000,40,50989.20
FFSU,NY,00169406012,VICTOZA 2-,2024,4,false,1411.000,206,125435.13
MCOU,NY,00169406012,VICTOZA 2-,2024,4,true,,,
FFSU,NY,00169406013,VICTOZA 3-,2024,4,false,4197.000,393,370845.91
FFSU,NY,00169406012,VICTOZA 2-,2024,3,false,3698.000,516,328470.38
FFSU,NY,00169406013,VICTOZA 3-,2024,3,false,7683.000,678,678400.47
FFSU,NY,00169406012,VICTOZA 2-,2024,2,false,4767.000,695,424181.37
MCOU,NY,00169406013,VICTOZA 3-,2024,2,true,,,
FFSU,NY,00169406013,VICTOZA 3-,2024,2,false,13866.000,1274,1225260.77
MCOU,NY,00169406012,VICTOZA 2-,2024,1,true,,,
FFSU,NY,00169406012,VICTOZA 2-,2024,1,false,5761.000,838,568381.68
MCOU,NY,00169406013,VICTOZA 3-,2024,1,true,,,
FFSU,NY,00169406013,VICTOZA 3-,2024,1,false,17124.000,1551,1658200.68
FFSU,OH,00169406012,VICTOZA 6M,2024,4,false,615.000,120,54824.95
MCOU,OH,00169406012,VICTOZA 6M,2024,4,false,8913.000,1467,792014.32
MCOU,OH,00169406013,VICTOZA 6M,2024,4,false,27252.000,3247,2409510.44
FFSU,OH,00169406013,VICTOZA 6M,2024,4,false,1857.000,296,164707.59
FFSU,OH,00169406012,VICTOZA 6M,2024,3,false,1215.000,233,108380.68
MCOU,OH,00169406012,VICTOZA 6M,2024,3,false,15882.000,2589,1411418.25
MCOU,OH,00169406013,VICTOZA 6M,2024,3,false,19986.000,2332,1767963.93
FFSU,OH,00169406013,VICTOZA 6M,2024,3,false,1392.000,193,123134.78
FFSU,OH,00169406012,VICTOZA 6M,2024,2,false,1242.000,232,110421.56
MCOU,OH,00169406012,VICTOZA 6M,2024,2,false,17043.000,2814,1511710.73
MCOU,OH,00169406013,VICTOZA 6M,2024,2,false,32820.000,3848,2896010.71
FFSU,OH,00169406013,VICTOZA 6M,2024,2,false,2841.000,434,251468.32
FFSU,OH,00169406012,VICTOZA 6M,2024,1,false,1524.000,288,152446.41
MCOU,OH,00169406012,VICTOZA 6M,2024,1,false,14829.000,2395,1359900.00
MCOU,OH,00169406013,VICTOZA 6M,2024,1,false,36327.000,4037,3321106.81
FFSU,OH,00169406013,VICTOZA 6M,2024,1,false,3555.000,486,341996.69
MCOU,OK,00169406012,VICTOZA 6M,2024,4,false,882.000,114,77589.14
FFSU,OK,00169406012,VICTOZA 6M,2024,4,false,540.000,84,48178.18
FFSU,OK,00169406013,VICTOZA 6M,2024,4,false,2103.000,211,186343.44
MCOU,OK,00169406013,VICTOZA 6M,2024,4,false,2211.000,218,193333.89
FFSU,OK,00169406012,VICTOZA 6M,2024,3,false,690.000,108,61576.35
MCOU,OK,00169406012,VICTOZA 6M,2024,3,false,1113.000,146,101764.74
MCOU,OK,00169406013,VICTOZA 6M,2024,3,false,1845.000,172,169573.96
FFSU,OK,00169406013,VICTOZA 6M,2024,3,false,1812.000,165,160334.79
FFSU,OK,00169406012,VICTOZA 6M,2024,2,false,1137.000,171,101331.77
MCOU,OK,00169406012,VICTOZA 6M,2024,2,false,1650.000,233,215126.40
FFSU,OK,00169406013,VICTOZA 6M,2024,2,false,3225.000,319,282755.58
MCOU,OK,00169406013,VICTOZA 6M,2024,2,false,3871.000,389,516418.76
FFSU,OK,00169406012,VICTOZA 6M,2024,1,false,1959.000,297,186513.96
FFSU,OK,00169406013,VICTOZA 6M,2024,1,false,6324.000,628,587343.53
MCOU,OR,00169406012,VICTOZA 6M,2024,4,false,441.000,73,38929.72
FFSU,OR,00169406013,VICTOZA 6M,2024,4,true,,,
MCOU,OR,00169406013,VICTOZA 6M,2024,4,false,1131.000,126,96042.14
MCOU,OR,00169406012,VICTOZA 6M,2024,3,false,891.000,145,78501.10
FFSU,OR,00169406012,VICTOZA 6M,2024,3,true,,,
MCOU,OR,00169406013,VICTOZA 6M,2024,3,false,798.000,89,68544.17
FFSU,OR,00169406013,VICTOZA 6M,2024,3,true,,,
FFSU,OR,00169406012,VICTOZA 6M,2024,2,true,,,
MCOU,OR,00169406012,VICTOZA 6M,2024,2,false,2385.000,378,208073.60
FFSU,OR,00169406013,VICTOZA 6M,2024,2,false,132.000,16,9842.65
MCOU,OR,00169406013,VICTOZA 6M,2024,2,false,4680.000,515,406849.75
FFSU,OR,00169406012,VICTOZA 6M,2024,1,false,72.000,13,4899.27
MCOU,OR,00169406012,VICTOZA 6M,2024,1,false,2118.000,351,186081.09
FFSU,OR,00169406013,VICTOZA 6M,2024,1,false,351.000,32,26870.98
MCOU,OR,00169406013,VICTOZA 6M,2024,1,false,5343.000,583,465988.86
FFSU,PA,00169406012,VICTOZA 6M,2024,4,true,,,
MCOU,PA,00169406012,VICTOZA 6M,2024,4,false,2985.000,479,261448.84
MCOU,PA,00169406013,VICTOZA 6M,2024,4,false,8742.000,903,762704.68
FFSU,PA,00169406013,VICTOZA 6M,2024,4,true,,,
MCOU,PA,00169406012,VICTOZA 6M,2024,3,false,5694.000,901,501712.42
FFSU,PA,00169406012,VICTOZA 6M,2024,3,true,,,
FFSU,PA,00169406013,VICTOZA 6M,2024,3,true,,,
MCOU,PA,00169406013,VICTOZA 6M,2024,3,false,9312.000,928,815005.08
FFSU,PA,00169406012,VICTOZA 6M,2024,2,false,105.000,15,9236.40
MCOU,PA,00169406012,VICTOZA 6M,2024,2,false,9304.000,1499,820978.51
FFSU,PA,00169406013,VICTOZA 6M,2024,2,false,234.000,20,20563.73
MCOU,PA,00169406013,VICTOZA 6M,2024,2,false,20706.000,2119,1814463.53
MCOU,PA,00169406012,VICTOZA 6M,2024,1,false,12418.000,2040,1094615.67
FFSU,PA,00169406012,VICTOZA 6M,2024,1,false,75.000,12,7574.35
MCOU,PA,00169406013,VICTOZA 6M,2024,1,false,31473.000,3210,2761942.38
FFSU,PA,00169406013,VICTOZA 6M,2024,1,false,252.000,25,27070.89
MCOU,PR,00169406012,VICTOZA   ,2024,4,true,,,
MCOU,PR,00169406013,VICTOZA   ,2024,4,true,,,
MCOU,PR,00169406012,VICTOZA 6M,2024,3,true,,,
MCOU,PR,00169406013,VICTOZA 6M,2024,3,true,,,
MCOU,PR,00169406013,VICTOZA 6M,2024,2,true,,,
MCOU,PR,00169406013,VICTOZA 6M,2024,1,true,,,
MCOU,RI,00169406012,VICTOZA 6M,2024,4,true,,,
MCOU,RI,00169406013,VICTOZA 6M,2024,4,true,,,
MCOU,RI,00169406012,VICTOZA 6M,2024,3,false,114.000,19,10188.98
FFSU,RI,00169406012,VICTOZA 6M,2024,3,true,,,
MCOU,RI,00169406013,VICTOZA 6M,2024,3,true,,,
MCOU,RI,00169406012,VICTOZA 6M,2024,2,false,396.000,61,35217.31
FFSU,RI,00169406013,VICTOZA 6M,2024,2,true,,,
MCOU,RI,00169406013,VICTOZA 6M,2024,2,false,309.000,31,27343.22
MCOU,RI,00169406012,VICTOZA 6M,2024,1,false,678.000,107,60544.09
FFSU,RI,00169406012,VICTOZA 6M,2024,1,true,,,
MCOU,RI,00169406013,VICTOZA 6M,2024,1,false,282.000,32,25002.16
MCOU,SC,00169406012,VICTOZA 2-,2024,4,false,75.000,12,6441.96
FFSU,SC,00169406013,VICTOZA 3-,2024,4,true,,,
MCOU,SC,00169406013,VICTOZA 3-,2024,4,false,168.000,19,14598.17
FFSU,SC,00169406012,VICTOZA 2-,2024,3,true,,,
MCOU,SC,00169406012,VICTOZA 2-,2024,3,false,216.000,35,17928.95
MCOU,SC,00169406013,VICTOZA 3-,2024,3,false,300.000,34,25239.68
FFSU,SC,00169406013,VICTOZA 3-,2024,3,false,63.000,11,5801.41
MCOU,SC,00169406012,VICTOZA 2-,2024,2,false,192.000,30,15791.99
FFSU,SC,00169406012,VICTOZA 2-,2024,2,false,75.000,13,6930.38
MCOU,SC,00169406013,VICTOZA 3-,2024,2,false,522.000,58,44072.42
FFSU,SC,00169406013,VICTOZA 3-,2024,2,false,129.000,17,11864.04
FFSU,SC,00169406012,VICTOZA 2-,2024,1,false,66.000,11,6195.26
MCOU,SC,00169406012,VICTOZA 2-,2024,1,false,273.000,46,22961.95
MCOU,SC,00169406013,VICTOZA 3-,2024,1,false,711.000,79,59901.36
FFSU,SC,00169406013,VICTOZA 3-,2024,1,false,246.000,31,23461.33
FFSU,SD,00169406012,VICTOZA 6M,2024,4,true,,,
FFSU,SD,00169406013,VICTOZA 6M,2024,4,true,,,
FFSU,SD,00169406012,VICTOZA 6M,2024,3,false,117.000,19,10458.31
FFSU,SD,00169406013,VICTOZA 6M,2024,3,false,44.000,15,11622.13
FFSU,SD,00169406012,VICTOZA 6M,2024,2,false,240.000,40,21795.96
FFSU,SD,00169406013,VICTOZA 6M,2024,2,false,72.000,28,18934.83
FFSU,SD,00169406012,VICTOZA 6M,2024,1,false,204.000,32,21043.86
FFSU,SD,00169406013,VICTOZA 6M,2024,1,false,119.000,42,32709.26
FFSU,TN,00169406012,VICTOZA 6M,2024,4,false,504.000,84,44979.61
FFSU,TN,00169406013,VICTOZA 6M,2024,4,false,1530.000,178,135615.73
FFSU,TN,00169406012,VICTOZA 6M,2024,3,false,807.000,133,71922.96
FFSU,TN,00169406013,VICTOZA 6M,2024,3,false,1443.000,176,127939.78
FFSU,TN,00169406012,VICTOZA 6M,2024,2,false,2397.000,400,213390.89
FFSU,TN,00169406013,VICTOZA 6M,2024,2,false,5835.000,688,516565.39
FFSU,TN,00169406012,VICTOZA 6M,2024,1,false,3669.000,614,354070.05
FFSU,TN,00169406013,VICTOZA 6M,2024,1,false,7512.000,866,716908.19
MCOU,TX,00169406012,VICTOZA 2-,2024,4,false,2310.000,369,199844.89
MCOU,TX,00169406013,VICTOZA 3-,2024,4,false,5673.000,658,479587.95
MCOU,TX,00169406012,VICTOZA 2-,2024,3,false,4089.000,631,354482.25
FFSU,TX,00169406013,VICTOZA 3-,2024,3,true,,,
MCOU,TX,00169406013,VICTOZA 3-,2024,3,false,6024.000,693,509506.92
MCOU,TX,00169406012,VICTOZA 2-,2024,2,false,4710.000,738,407775.03
FFSU,TX,00169406012,VICTOZA 2-,2024,2,true,,,
MCOU,TX,00169406013,VICTOZA 3-,2024,2,false,9969.000,1129,852896.23
FFSU,TX,00169406013,VICTOZA 3-,2024,2,true,,,
MCOU,TX,00169406012,VICTOZA 2-,2024,1,false,5484.000,843,473213.74
MCOU,TX,00169406013,VICTOZA 3-,2024,1,false,13158.000,1432,1125664.95
FFSU,TX,00169406013,VICTOZA 3-,2024,1,true,,,
MCOU,UT,00169406012,VICTOZA 6M,2024,4,true,,,
FFSU,UT,00169406012,VICTOZA 6M,2024,4,false,168.000,23,13427.73
FFSU,UT,00169406013,VICTOZA 6M,2024,4,false,288.000,35,25131.41
MCOU,UT,00169406013,VICTOZA 6M,2024,4,false,393.000,45,37329.89
MCOU,UT,00169406012,VICTOZA 6M,2024,3,false,87.000,14,6724.13
FFSU,UT,00169406012,VICTOZA 6M,2024,3,false,246.000,37,22535.55
FFSU,UT,00169406013,VICTOZA 6M,2024,3,false,252.000,28,21528.51
MCOU,UT,00169406013,VICTOZA 6M,2024,3,false,462.000,50,34091.06
FFSU,UT,00169406012,VICTOZA 6M,2024,2,false,282.000,47,24986.81
MCOU,UT,00169406012,VICTOZA 6M,2024,2,false,144.000,23,11660.03
MCOU,UT,00169406013,VICTOZA 6M,2024,2,false,261.000,27,26408.46
FFSU,UT,00169406013,VICTOZA 6M,2024,2,false,669.000,71,59042.83
FFSU,UT,00169406012,VICTOZA 6M,2024,1,false,270.000,47,25972.79
MCOU,UT,00169406012,VICTOZA 6M,2024,1,false,129.000,22,10433.56
FFSU,UT,00169406013,VICTOZA 6M,2024,1,false,417.000,47,38731.12
MCOU,UT,00169406013,VICTOZA 6M,2024,1,false,405.000,43,37951.17
MCOU,VA,00169406012,VICTOZA 2-,2024,4,false,4173.000,692,359619.45
FFSU,VA,00169406012,VICTOZA 2-,2024,4,true,,,
MCOU,VA,00169406013,VICTOZA 3-,2024,4,false,10260.000,1156,880676.33
FFSU,VA,00169406013,VICTOZA 3-,2024,4,false,72.000,11,6402.36
MCOU,VA,00169406012,VICTOZA 2-,2024,3,false,7938.000,1285,683898.70
FFSU,VA,00169406012,VICTOZA 2-,2024,3,true,,,
FFSU,VA,00169406013,VICTOZA 3-,2024,3,false,87.000,11,7724.59
MCOU,VA,00169406013,VICTOZA 3-,2024,3,false,10254.000,1129,881639.50
FFSU,VA,00169406012,VICTOZA 2-,2024,2,true,,,
MCOU,VA,00169406012,VICTOZA 2-,2024,2,false,12227.000,1984,1060528.62
FFSU,VA,00169406013,VICTOZA 3-,2024,2,false,90.000,11,7978.55
MCOU,VA,00169406013,VICTOZA 3-,2024,2,false,21441.000,2345,1843736.03
FFSU,VA,00169406012,VICTOZA 2-,2024,1,false,78.000,15,7919.94
MCOU,VA,00169406012,VICTOZA 2-,2024,1,false,11200.000,1825,996774.14
MCOU,VA,00169406013,VICTOZA 3-,2024,1,false,25530.000,2760,2231470.58
FFSU,VA,00169406013,VICTOZA 3-,2024,1,true,,,
FFSU,VT,00169406012,VICTOZA 6M,2024,4,false,249.000,25,21178.81
FFSU,VT,00169406013,VICTOZA 6M,2024,4,false,906.000,77,79955.29
FFSU,VT,00169406012,VICTOZA 6M,2024,3,false,432.000,44,38211.19
FFSU,VT,00169406013,VICTOZA 6M,2024,3,false,675.000,69,59674.93
FFSU,VT,00169406012,VICTOZA 6M,2024,2,false,768.000,84,67909.47
FFSU,VT,00169406013,VICTOZA 6M,2024,2,false,2064.000,166,180269.24
FFSU,VT,00169406012,VICTOZA 6M,2024,1,false,270.000,35,25083.26
FFSU,VT,00169406013,VICTOZA 6M,2024,1,false,978.000,75,93318.78
MCOU,WA,00169406012,VICTOZA 2-,2024,4,false,6093.000,941,524029.96
FFSU,WA,00169406012,VICTOZA 2-,2024,4,true,,,
FFSU,WA,00169406013,VICTOZA 3-,2024,4,false,222.000,26,16821.41
MCOU,WA,00169406013,VICTOZA 3-,2024,4,false,16074.000,1763,1386753.81
FFSU,WA,00169406012,VICTOZA 2-,2024,3,false,195.000,26,17891.35
MCOU,WA,00169406012,VICTOZA 2-,2024,3,false,16495.000,2581,1419490.45
MCOU,WA,00169406013,VICTOZA 3-,2024,3,false,21720.000,2389,1875656.58
FFSU,WA,00169406013,VICTOZA 3-,2024,3,false,156.000,18,13821.91
MCOU,WA,00169406012,VICTOZA 2-,2024,2,false,33972.000,5386,2913508.18
FFSU,WA,00169406012,VICTOZA 2-,2024,2,false,450.000,71,40072.10
FFSU,WA,00169406013,VICTOZA 3-,2024,2,false,783.000,92,69328.17
MCOU,WA,00169406013,VICTOZA 3-,2024,2,false,62994.000,7000,5474838.84
FFSU,WA,00169406012,VICTOZA 6M,2024,1,false,495.000,78,47399.40
MCOU,WA,00169406012,VICTOZA 6M,2024,1,false,30360.000,4861,2575317.85
FFSU,WA,00169406013,VICTOZA 6M,2024,1,false,954.000,112,89549.49
MCOU,WA,00169406013,VICTOZA 6M,2024,1,false,72066.000,7883,6149671.72
FFSU,WI,00169406012,VICTOZA 6M,2024,4,false,2283.000,374,206992.90
FFSU,WI,00169406013,VICTOZA 6M,2024,4,false,6858.000,810,618509.78
FFSU,WI,00169406012,VICTOZA 6M,2024,3,false,4431.000,675,404488.65
FFSU,WI,00169406013,VICTOZA 6M,2024,3,false,6162.000,716,558638.80
FFSU,WI,00169406012,VICTOZA 6M,2024,2,false,6060.000,944,550030.07
FFSU,WI,00169406013,VICTOZA 6M,2024,2,false,10089.000,1178,925170.70
FFSU,WI,00169406012,VICTOZA 6M,2024,1,false,8122.000,1258,756659.20
FFSU,WI,00169406013,VICTOZA 6M,2024,1,false,12840.000,1496,1214941.51
FFSU,WV,00169406012,VICTOZA 2-,2024,4,false,2061.000,331,195146.26
FFSU,WV,00169406013,VICTOZA 3-,2024,4,false,2826.000,342,254042.99
FFSU,WV,00169406012,VICTOZA 2-,2024,3,false,1545.000,252,136505.53
FFSU,WV,00169406013,VICTOZA 3-,2024,3,false,1560.000,191,138166.74
FFSU,WV,00169406012,VICTOZA 2-,2024,2,false,1683.000,281,146507.91
FFSU,WV,00169406013,VICTOZA 3-,2024,2,false,3282.000,391,286345.80
FFSU,WV,00169406012,VICTOZA 2-,2024,1,false,1842.000,308,182651.46
FFSU,WV,00169406013,VICTOZA 3-,2024,1,false,3312.000,385,337499.28
FFSU,WY,00169406012,VICTOZA 6M,2024,4,false,180.000,30,16056.82
FFSU,WY,00169406013,VICTOZA 6M,2024,4,false,387.000,39,34257.97
FFSU,WY,00169406012,VICTOZA 6M,2024,3,false,282.000,45,25139.47
FFSU,WY,00169406013,VICTOZA 6M,2024,3,false,585.000,61,51805.24
FFSU,WY,00169406012,VICTOZA 6M,2024,2,false,312.000,48,27768.65
FFSU,WY,00169406013,VICTOZA 6M,2024,2,false,891.000,89,78786.13
FFSU,WY,00169406012,VICTOZA 6M,2024,1,false,450.000,71,41788.71
FFSU,WY,00169406013,VICTOZA 6M,2024,1,false,999.000,105,93915.60
MCOU,AZ,00169280015,SAXENDA   ,2024,4,false,225.000,15,19246.60
MCOU,AZ,00169280015,SAXENDA   ,2024,3,false,345.000,21,29514.93
MCOU,AZ,00169280015,SAXENDA   ,2024,2,false,300.000,18,25566.99
MCOU,AZ,00169280015,SAXENDA   ,2024,1,false,366.000,24,31297.93
FFSU,CA,00169280015,SAXENDA   ,2024,4,false,68442.000,4962,5987406.81
MCOU,CA,00169280015,SAXENDA   ,2024,4,true,,,
FFSU,CA,00169280015,SAXENDA   ,2024,3,false,65983.000,4689,5767019.24
MCOU,CA,00169280015,SAXENDA   ,2024,3,true,,,
FFSU,CA,00169280015,SAXENDA   ,2024,2,false,37989.000,2692,3315555.74
MCOU,CA,00169280015,SAXENDA   ,2024,2,true,,,
FFSU,CA,00169280015,SAXENDA   ,2024,1,false,37049.000,2626,3232395.75
MCOU,CA,00169280015,SAXENDA   ,2024,1,true,,,
FFSU,CO,00169280015,SAXENDA   ,2024,3,true,,,
FFSU,CO,00169280015,SAXENDA   ,2024,2,true,,,
FFSU,CO,00169280015,SAXENDA   ,2024,1,true,,,
FFSU,CT,00169280015,SAXENDA   ,2024,4,true,,,
MCOU,DE,00169280015,SAXENDA   ,2024,4,false,957.000,70,2015.42
MCOU,DE,00169280015,SAXENDA   ,2024,3,false,576.000,50,5340.38
MCOU,DE,00169280015,SAXENDA   ,2024,2,false,498.000,41,2794.89
MCOU,DE,00169280015,SAXENDA   ,2024,1,false,357.000,28,3523.68
MCOU,FL,00169280015,SAXENDA   ,2024,4,true,,,
MCOU,FL,00169280015,SAXENDA   ,2024,3,true,,,
MCOU,FL,00169280015,SAXENDA   ,2024,2,false,102.000,12,8737.67
MCOU,FL,00169280015,SAXENDA   ,2024,1,true,,,
MCOU,GA,00169280015,SAXENDA   ,2024,4,true,,,
FFSU,GA,00169280015,SAXENDA   ,2024,4,true,,,
MCOU,GA,00169280015,SAXENDA   ,2024,3,true,,,
FFSU,GA,00169280015,SAXENDA   ,2024,3,true,,,
MCOU,GA,00169280015,SAXENDA   ,2024,2,true,,,
FFSU,GA,00169280015,SAXENDA   ,2024,2,true,,,
FFSU,GA,00169280015,SAXENDA   ,2024,1,true,,,
MCOU,HI,00169280015,SAXENDA 18,2024,3,true,,,
MCOU,HI,00169280015,SAXENDA 18,2024,2,true,,,
MCOU,HI,00169280015,SAXENDA 18,2024,1,true,,,
MCOU,IN,00169280015,SAXENDA   ,2024,4,true,,,
FFSU,IN,00169280015,SAXENDA   ,2024,3,true,,,
MCOU,IN,00169280015,SAXENDA   ,2024,3,true,,,
MCOU,IN,00169280015,SAXENDA   ,2024,2,true,,,
MCOU,KS,00169280015,SAXENDA   ,2024,4,false,876.000,71,76629.19
MCOU,KS,00169280015,SAXENDA   ,2024,3,false,993.000,79,86801.54
MCOU,KS,00169280015,SAXENDA   ,2024,2,false,1302.000,98,113591.60
MCOU,KS,00169280015,SAXENDA   ,2024,1,false,999.000,117,85809.69
MCOU,LA,00169280015,SAXENDA   ,2024,4,true,,,
FFSU,MA,00169280015,SAXENDA 18,2024,4,false,699.000,53,60555.99
MCOU,MA,00169280015,SAXENDA 18,2024,4,false,3405.000,233,290204.59
MCOU,MA,00169280015,SAXENDA 18,2024,3,false,4422.000,290,375458.33
FFSU,MA,00169280015,SAXENDA 18,2024,3,false,1245.000,83,99379.67
FFSU,MA,00169280015,SAXENDA 18,2024,2,false,510.000,34,41908.08
MCOU,MA,00169280015,SAXENDA 18,2024,2,false,2727.000,179,231090.81
MCOU,MA,00169280015,SAXENDA 18,2024,1,false,480.000,31,40491.00
FFSU,MA,00169280015,SAXENDA 18,2024,1,true,,,
MCOU,MD,00169280015,SAXENDA 18,2024,3,true,,,
FFSU,MI,00169280015,SAXENDA   ,2024,4,false,1065.000,74,92497.87
MCOU,MI,00169280015,SAXENDA   ,2024,4,false,17649.000,1254,1476756.55
FFSU,MI,00169280015,SAXENDA   ,2024,3,false,1722.000,124,136175.73
MCOU,MI,00169280015,SAXENDA   ,2024,3,false,21987.000,1582,1878324.33
MCOU,MI,00169280015,SAXENDA   ,2024,2,false,22905.000,1697,1962193.18
FFSU,MI,00169280015,SAXENDA   ,2024,2,false,1875.000,135,135694.72
FFSU,MI,00169280015,SAXENDA   ,2024,1,false,1437.000,102,98346.96
MCOU,MI,00169280015,SAXENDA   ,2024,1,false,8661.000,658,742421.73
FFSU,MN,00169280015,SAXENDA   ,2024,4,false,213.000,15,18943.41
MCOU,MN,00169280015,SAXENDA   ,2024,4,false,1728.000,122,149536.18
FFSU,MN,00169280015,SAXENDA   ,2024,3,false,330.000,22,29324.55
MCOU,MN,00169280015,SAXENDA   ,2024,3,false,4467.000,319,389055.42
MCOU,MN,00169280015,SAXENDA   ,2024,2,false,4059.000,292,354935.02
MCOU,MN,00169280015,SAXENDA   ,2024,1,false,2880.000,209,249886.48
FFSU,MN,00169280015,SAXENDA   ,2024,1,false,123.000,11,10936.25
MCOU,MS,00169280015,SAXENDA   ,2024,4,false,672.000,52,61903.62
FFSU,MS,00169280015,SAXENDA   ,2024,4,true,,,
MCOU,MS,00169280015,SAXENDA   ,2024,3,false,630.000,57,55198.56
FFSU,MS,00169280015,SAXENDA   ,2024,3,true,,,
MCOU,MS,00169280015,SAXENDA   ,2024,2,false,750.000,70,65599.94
FFSU,MS,00169280015,SAXENDA   ,2024,2,true,,,
FFSU,MS,00169280015,SAXENDA   ,2024,1,true,,,
MCOU,MS,00169280015,SAXENDA   ,2024,1,false,477.000,51,40809.08
FFSU,XX,00169280015,SAXENDA   ,2024,4,false,80532.000,5888,7052017.06
MCOU,XX,00169280015,SAXENDA   ,2024,4,false,53799.000,3815,4503806.29
FFSU,XX,00169280015,SAXENDA   ,2024,3,false,80770.000,5804,7055620.00
MCOU,XX,00169280015,SAXENDA   ,2024,3,false,57435.000,4128,4891641.23
FFSU,XX,00169280015,SAXENDA   ,2024,2,false,52401.000,3826,4561286.89
MCOU,XX,00169280015,SAXENDA   ,2024,2,false,58017.000,4199,4952419.23
FFSU,XX,00169280015,SAXENDA   ,2024,1,false,46775.000,3375,4069335.54
MCOU,XX,00169280015,SAXENDA   ,2024,1,false,28647.000,2193,2436354.64
MCOU,NC,00169280015,SAXENDA   ,2024,4,false,429.000,33,37401.81
FFSU,NC,00169280015,SAXENDA   ,2024,4,true,,,
MCOU,NC,00169280015,SAXENDA   ,2024,3,false,246.000,17,21447.48
FFSU,NC,00169280015,SAXENDA   ,2024,2,true,,,
MCOU,NC,00169280015,SAXENDA   ,2024,2,true,,,
FFSU,NC,00169280015,SAXENDA   ,2024,1,true,,,
MCOU,NH,00169280015,SAXENDA   ,2024,4,false,1209.000,88,97506.12
MCOU,NH,00169280015,SAXENDA   ,2024,3,false,1041.000,71,83315.99
MCOU,NH,00169280015,SAXENDA   ,2024,2,false,1005.000,68,80269.57
MCOU,NH,00169280015,SAXENDA   ,2024,1,false,312.000,22,24114.29
MCOU,NJ,00169280015,SAXENDA   ,2024,4,true,,,
MCOU,NJ,00169280015,SAXENDA   ,2024,3,true,,,
MCOU,NJ,00169280015,SAXENDA   ,2024,2,true,,,
FFSU,NM,00169280015,SAXENDA 18,2024,3,true,,,
FFSU,NM,00169280015,SAXENDA 18,2024,2,true,,,
FFSU,NM,00169280015,SAXENDA 18,2024,1,true,,,
MCOU,OH,00169280015,SAXENDA   ,2024,4,false,396.000,28,34170.42
MCOU,OH,00169280015,SAXENDA   ,2024,3,false,303.000,27,26186.07
MCOU,OH,00169280015,SAXENDA   ,2024,2,false,384.000,35,33208.84
MCOU,OH,00169280015,SAXENDA   ,2024,1,false,111.000,11,9581.75
MCOU,PA,00169280015,SAXENDA   ,2024,4,false,12345.000,841,1068421.52
FFSU,PA,00169280015,SAXENDA   ,2024,4,true,,,
FFSU,PA,00169280015,SAXENDA   ,2024,3,true,,,
MCOU,PA,00169280015,SAXENDA   ,2024,3,false,14406.000,1026,1251607.19
FFSU,PA,00169280015,SAXENDA   ,2024,2,false,165.000,11,14247.31
MCOU,PA,00169280015,SAXENDA   ,2024,2,false,17118.000,1188,1484235.72
MCOU,PA,00169280015,SAXENDA   ,2024,1,false,9807.000,725,847935.70
FFSU,PA,00169280015,SAXENDA   ,2024,1,true,,,
MCOU,RI,00169280015,SAXENDA   ,2024,4,false,606.000,42,52559.77
MCOU,RI,00169280015,SAXENDA   ,2024,3,false,678.000,50,58788.65
MCOU,RI,00169280015,SAXENDA   ,2024,2,false,426.000,30,36765.48
MCOU,RI,00169280015,SAXENDA   ,2024,1,false,174.000,12,15066.81
MCOU,SC,00169280015,SAXENDA   ,2024,4,true,,,
FFSU,TN,00169280015,SAXENDA   ,2024,4,false,2361.000,189,206420.93
FFSU,TN,00169280015,SAXENDA   ,2024,3,false,2136.000,171,186663.51
FFSU,TN,00169280015,SAXENDA   ,2024,2,false,1845.000,146,161018.96
FFSU,TN,00169280015,SAXENDA   ,2024,1,false,891.000,71,77700.26
MCOU,TX,00169280015,SAXENDA 18,2024,4,true,,,
MCOU,TX,00169280015,SAXENDA 18,2024,3,true,,,
MCOU,TX,00169280015,SAXENDA 18,2024,2,true,,,
MCOU,TX,00169280015,SAXENDA 18,2024,1,true,,,
MCOU,VA,00169280015,SAXENDA   ,2024,4,false,13059.000,947,1116511.01
FFSU,VA,00169280015,SAXENDA   ,2024,4,true,,,
FFSU,VA,00169280015,SAXENDA   ,2024,3,true,,,
MCOU,VA,00169280015,SAXENDA   ,2024,3,false,6867.000,497,590593.27
FFSU,VA,00169280015,SAXENDA   ,2024,2,true,,,
MCOU,VA,00169280015,SAXENDA   ,2024,2,false,6117.000,447,527849.23
FFSU,VA,00169280015,SAXENDA   ,2024,1,true,,,
MCOU,VA,00169280015,SAXENDA   ,2024,1,false,3879.000,292,338329.34
FFSU,VT,00169280015,SAXENDA   ,2024,2,true,,,
FFSU,VT,00169280015,SAXENDA   ,2024,1,true,,,
MCOU,WA,00169280015,SAXENDA 18,2024,2,true,,,
FFSU,WI,00169280015,SAXENDA   ,2024,4,false,7401.000,568,655517.36
FFSU,WI,00169280015,SAXENDA   ,2024,3,false,8868.000,681,794718.66
FFSU,WI,00169280015,SAXENDA   ,2024,2,false,9714.000,786,866439.56
FFSU,WI,00169280015,SAXENDA   ,2024,1,false,6867.000,535,614703.76
FFSU,WV,00169280015,SAXENDA 18,2024,4,true,,,
FFSU,WV,00169280015,SAXENDA 18,2024,3,true,,,
FFSU,WV,00169280015,SAXENDA 18,2024,2,true,,,
FFSU,WV,00169280015,SAXENDA 18,2024,1,true,,,
FFSU,AK,00310651201,BYETTA    ,2024,4,true,,,
FFSU,AK,00310651201,BYETTA    ,2024,3,true,,,
FFSU,AK,00310651201,BYETTA    ,2024,1,true,,,
FFSU,AL,00310651201,BYETTA 250,2024,4,true,,,
FFSU,AL,00310652401,BYETTA 250,2024,4,true,,,
FFSU,AL,00310651201,BYETTA 250,2024,3,true,,,
FFSU,AL,00310652401,BYETTA 250,2024,3,true,,,
FFSU,AL,00310651201,BYETTA 250,2024,2,true,,,
FFSU,AL,00310652401,BYETTA 250,2024,2,true,,,
FFSU,AL,00310651201,BYETTA 250,2024,1,true,,,
FFSU,AL,00310652401,BYETTA 250,2024,1,true,,,
MCOU,AR,00310651201,BYETTA    ,2024,4,false,67.200,54,46700.68
FFSU,AR,00310651201,BYETTA    ,2024,4,false,262.800,219,181227.74
FFSU,AR,00310652401,BYETTA    ,2024,4,false,350.400,146,120664.44
MCOU,AR,00310652401,BYETTA    ,2024,4,false,60.000,25,20896.46
MCOU,AR,00310651201,BYETTA    ,2024,3,false,54.000,45,37604.66
FFSU,AR,00310651201,BYETTA    ,2024,3,false,295.200,246,203818.21
MCOU,AR,00310652401,BYETTA    ,2024,3,false,50.400,21,17517.12
FFSU,AR,00310652401,BYETTA    ,2024,3,false,340.800,142,117133.94
FFSU,AR,00310651201,BYETTA    ,2024,2,false,294.000,245,202967.75
MCOU,AR,00310651201,BYETTA    ,2024,2,false,44.400,37,30867.01
FFSU,AR,00310652401,BYETTA    ,2024,2,false,300.000,125,103360.69
MCOU,AR,00310652401,BYETTA    ,2024,2,true,,,
MCOU,AR,00310651201,BYETTA    ,2024,1,false,20.400,17,14106.06
FFSU,AR,00310651201,BYETTA    ,2024,1,false,157.200,131,107785.38
FFSU,AR,00310652401,BYETTA    ,2024,1,false,168.000,70,57692.30
MCOU,AR,00310652401,BYETTA    ,2024,1,false,26.400,11,9134.53
FFSU,AZ,00310651201,BYETTA    ,2024,4,true,,,
MCOU,AZ,00310651201,BYETTA    ,2024,4,false,158.400,123,105726.82
MCOU,AZ,00310652401,BYETTA    ,2024,4,false,108.000,45,35713.81
MCOU,AZ,00310651201,BYETTA    ,2024,3,false,194.400,142,132369.40
MCOU,AZ,00310652401,BYETTA    ,2024,3,false,139.200,54,47146.36
MCOU,AZ,00310651201,BYETTA    ,2024,2,false,184.800,148,124816.47
MCOU,AZ,00310652401,BYETTA    ,2024,2,false,146.400,57,49485.63
MCOU,AZ,00310651201,BYETTA    ,2024,1,false,151.200,116,102259.03
FFSU,AZ,00310652401,BYETTA    ,2024,1,true,,,
MCOU,AZ,00310652401,BYETTA    ,2024,1,false,117.600,39,39656.43
FFSU,CA,00310651201,BYETTA 250,2024,4,false,24.000,18,16562.18
FFSU,CA,00310652401,BYETTA 250,2024,4,false,40.800,13,14025.64
FFSU,CA,00310651201,BYETTA 250,2024,3,false,21.600,16,14919.48
FFSU,CA,00310652401,BYETTA 250,2024,3,false,81.600,22,27947.96
FFSU,CA,00310651201,BYETTA 250,2024,2,false,24.000,18,16569.45
FFSU,CA,00310652401,BYETTA 250,2024,2,false,67.200,22,23152.01
FFSU,CA,00310651201,BYETTA 250,2024,1,false,28.800,24,19730.05
FFSU,CA,00310652401,BYETTA 250,2024,1,false,112.800,36,38571.94
FFSU,CO,00310651201,BYETTA    ,2024,4,false,102.000,69,70184.18
MCOU,CO,00310652401,BYETTA    ,2024,4,true,,,
FFSU,CO,00310652401,BYETTA    ,2024,4,false,165.600,54,56538.92
FFSU,CO,00310651201,BYETTA    ,2024,3,false,117.600,79,80930.30
FFSU,CO,00310652401,BYETTA    ,2024,3,false,134.400,39,45958.07
FFSU,CO,00310651201,BYETTA    ,2024,2,false,130.800,77,89890.22
FFSU,CO,00310652401,BYETTA    ,2024,2,false,151.200,38,51555.85
FFSU,CO,00310651201,BYETTA    ,2024,1,false,124.800,70,84896.58
FFSU,CO,00310652401,BYETTA    ,2024,1,false,139.200,42,47456.08
FFSU,CT,00310652401,BYETTA 250,2024,4,true,,,
FFSU,CT,00310652401,BYETTA 250,2024,3,true,,,
FFSU,CT,00310651201,BYETTA 250,2024,2,true,,,
FFSU,CT,00310652401,BYETTA 250,2024,2,true,,,
FFSU,CT,00310651201,BYETTA 250,2024,1,true,,,
FFSU,CT,00310652401,BYETTA 250,2024,1,true,,,
MCOU,DC,00310651201,BYETTA 5 M,2024,2,true,,,
MCOU,DC,00310651201,BYETTA 5 M,2024,1,true,,,
MCOU,DE,00310651201,BYETTA 250,2024,3,true,,,
MCOU,FL,00310651201,BYETTA    ,2024,4,false,13.200,11,8997.81
MCOU,FL,00310652401,BYETTA    ,2024,4,false,43.200,18,14638.24
MCOU,FL,00310651201,BYETTA    ,2024,3,false,22.800,19,15426.97
MCOU,FL,00310652401,BYETTA    ,2024,3,false,69.600,29,23540.84
MCOU,FL,00310651201,BYETTA    ,2024,2,false,26.400,22,17917.10
MCOU,FL,00310652401,BYETTA    ,2024,2,false,62.400,26,21153.55
FFSU,FL,00310651201,BYETTA    ,2024,1,true,,,
MCOU,FL,00310651201,BYETTA    ,2024,1,false,48.000,40,32426.91
MCOU,FL,00310652401,BYETTA    ,2024,1,false,151.200,63,51260.91
FFSU,GA,00310651201,BYETTA    ,2024,4,false,235.200,196,162187.94
MCOU,GA,00310651201,BYETTA    ,2024,4,true,,,
MCOU,GA,00310652401,BYETTA    ,2024,4,true,,,
FFSU,GA,00310652401,BYETTA    ,2024,4,false,348.000,145,119258.63
FFSU,GA,00310651201,BYETTA    ,2024,3,false,318.000,264,218781.50
MCOU,GA,00310651201,BYETTA    ,2024,3,true,,,
MCOU,GA,00310652401,BYETTA    ,2024,3,true,,,
FFSU,GA,00310652401,BYETTA    ,2024,3,false,364.800,152,123712.63
FFSU,GA,00310651201,BYETTA    ,2024,2,false,295.200,246,202936.54
MCOU,GA,00310651201,BYETTA    ,2024,2,true,,,
FFSU,GA,00310652401,BYETTA    ,2024,2,false,268.800,112,92009.56
MCOU,GA,00310652401,BYETTA    ,2024,2,true,,,
FFSU,GA,00310651201,BYETTA    ,2024,1,false,206.400,172,141709.85
MCOU,GA,00310651201,BYETTA    ,2024,1,true,,,
MCOU,GA,00310652401,BYETTA    ,2024,1,true,,,
FFSU,GA,00310652401,BYETTA    ,2024,1,false,194.400,81,66824.26
MCOU,IA,00310651201,BYETTA 250,2024,4,true,,,
MCOU,IA,00310652401,BYETTA 250,2024,4,true,,,
MCOU,IA,00310651201,BYETTA 250,2024,3,true,,,
MCOU,IA,00310652401,BYETTA 250,2024,3,true,,,
MCOU,IA,00310652401,BYETTA 250,2024,2,true,,,
MCOU,IA,00310651201,BYETTA 250,2024,1,true,,,
MCOU,IA,00310652401,BYETTA 250,2024,1,true,,,
FFSU,ID,00310651201,BYETTA    ,2024,2,true,,,
FFSU,ID,00310652401,BYETTA    ,2024,1,true,,,
FFSU,IL,00310651201,BYETTA 250,2024,4,true,,,
MCOU,IL,00310651201,BYETTA 250,2024,4,true,,,
MCOU,IL,00310652401,BYETTA 250,2024,4,true,,,
FFSU,IL,00310652401,BYETTA 250,2024,4,true,,,
FFSU,IL,00310651201,BYETTA 250,2024,3,true,,,
MCOU,IL,00310651201,BYETTA 250,2024,3,true,,,
MCOU,IL,00310652401,BYETTA 250,2024,3,true,,,
FFSU,IL,00310652401,BYETTA 250,2024,3,true,,,
MCOU,IL,00310651201,BYETTA 250,2024,2,true,,,
MCOU,IL,00310652401,BYETTA 250,2024,2,true,,,
MCOU,IL,00310651201,BYETTA 250,2024,1,true,,,
MCOU,IL,00310652401,BYETTA 250,2024,1,true,,,
MCOU,IN,00310651201,BYETTA 250,2024,4,false,56.400,39,37491.22
MCOU,IN,00310652401,BYETTA 250,2024,4,false,74.400,27,24954.24
FFSU,IN,00310651201,BYETTA 250,2024,3,true,,,
MCOU,IN,00310651201,BYETTA 250,2024,3,false,56.400,37,36821.47
MCOU,IN,00310652401,BYETTA 250,2024,3,false,67.200,25,22567.91
FFSU,IN,00310652401,BYETTA 250,2024,3,true,,,
FFSU,IN,00310651201,BYETTA 250,2024,2,true,,,
MCOU,IN,00310651201,BYETTA 250,2024,2,false,76.800,49,51343.63
MCOU,IN,00310652401,BYETTA 250,2024,2,false,57.600,22,19337.85
FFSU,IN,00310651201,BYETTA 250,2024,1,true,,,
MCOU,IN,00310651201,BYETTA 250,2024,1,false,115.200,77,76689.29
MCOU,IN,00310652401,BYETTA 250,2024,1,false,76.800,26,25479.38
MCOU,KS,00310651201,BYETTA 250,2024,3,true,,,
FFSU,KY,00310651201,BYETTA 250,2024,4,true,,,
MCOU,KY,00310651201,BYETTA 250,2024,4,false,24.000,18,16529.93
FFSU,KY,00310652401,BYETTA 250,2024,4,true,,,
MCOU,KY,00310652401,BYETTA 250,2024,4,true,,,
FFSU,KY,00310651201,BYETTA 250,2024,3,true,,,
MCOU,KY,00310651201,BYETTA 250,2024,3,true,,,
MCOU,KY,00310652401,BYETTA 250,2024,3,true,,,
FFSU,KY,00310652401,BYETTA 250,2024,3,true,,,
FFSU,KY,00310651201,BYETTA 250,2024,2,true,,,
MCOU,KY,00310651201,BYETTA 250,2024,2,false,19.200,14,13238.25
MCOU,KY,00310652401,BYETTA 250,2024,2,true,,,
FFSU,KY,00310652401,BYETTA 250,2024,2,true,,,
MCOU,KY,00310651201,BYETTA 250,2024,1,false,25.200,19,17313.98
FFSU,KY,00310651201,BYETTA 250,2024,1,true,,,
FFSU,KY,00310652401,BYETTA 250,2024,1,true,,,
MCOU,KY,00310652401,BYETTA 250,2024,1,true,,,
MCOU,LA,00310651201,BYETTA    ,2024,4,true,,,
MCOU,LA,00310652401,BYETTA    ,2024,4,true,,,
FFSU,LA,00310651201,BYETTA    ,2024,3,true,,,
MCOU,LA,00310651201,BYETTA    ,2024,3,true,,,
MCOU,LA,00310652401,BYETTA    ,2024,3,true,,,
FFSU,LA,00310651201,BYETTA    ,2024,2,true,,,
MCOU,LA,00310651201,BYETTA    ,2024,2,true,,,
MCOU,LA,00310652401,BYETTA    ,2024,2,true,,,
FFSU,LA,00310651201,BYETTA    ,2024,1,true,,,
MCOU,LA,00310651201,BYETTA    ,2024,1,true,,,
MCOU,LA,00310652401,BYETTA    ,2024,1,true,,,
MCOU,MA,00310651201,BYETTA 5 M,2024,4,true,,,
FFSU,MA,00310651201,BYETTA 5 M,2024,4,true,,,
FFSU,MA,00310652401,BYETTA 10 ,2024,4,true,,,
MCOU,MA,00310652401,BYETTA 10 ,2024,4,true,,,
FFSU,MA,00310651201,BYETTA 5 M,2024,3,true,,,
MCOU,MA,00310651201,BYETTA 5 M,2024,3,true,,,
FFSU,MA,00310652401,BYETTA 10 ,2024,3,false,28.800,12,9862.51
MCOU,MA,00310652401,BYETTA 10 ,2024,3,true,,,
MCOU,MA,00310651201,BYETTA 5 M,2024,2,true,,,
FFSU,MA,00310651201,BYETTA 5 M,2024,2,true,,,
FFSU,MA,00310652401,BYETTA 10 ,2024,2,false,33.600,14,11588.79
MCOU,MA,00310652401,BYETTA 10 ,2024,2,true,,,
FFSU,MA,00310651201,BYETTA 5 M,2024,1,true,,,
MCOU,MA,00310651201,BYETTA 5 M,2024,1,true,,,
MCOU,MA,00310652401,BYETTA 10 ,2024,1,true,,,
FFSU,MA,00310652401,BYETTA 10 ,2024,1,true,,,
FFSU,MD,00310651201,BYETTA 5 M,2024,4,true,,,
FFSU,MD,00310652401,BYETTA 10 ,2024,1,true,,,
FFSU,ME,00310651201,BYETTA    ,2024,4,false,13.200,11,9092.46
FFSU,ME,00310652401,BYETTA    ,2024,4,true,,,
FFSU,ME,00310651201,BYETTA    ,2024,3,true,,,
FFSU,ME,00310652401,BYETTA    ,2024,3,true,,,
FFSU,ME,00310651201,BYETTA    ,2024,2,false,18.000,15,12448.88
FFSU,ME,00310652401,BYETTA    ,2024,2,true,,,
FFSU,ME,00310651201,BYETTA    ,2024,1,true,,,
FFSU,ME,00310652401,BYETTA    ,2024,1,true,,,
MCOU,MI,00310651201,BYETTA    ,2024,4,false,49.200,37,32817.17
MCOU,MI,00310652401,BYETTA    ,2024,4,false,57.600,24,18456.46
MCOU,MI,00310651201,BYETTA    ,2024,3,false,78.000,57,52735.79
FFSU,MI,00310651201,BYETTA    ,2024,3,true,,,
MCOU,MI,00310652401,BYETTA    ,2024,3,false,69.600,29,23537.58
FFSU,MI,00310651201,BYETTA    ,2024,2,true,,,
MCOU,MI,00310651201,BYETTA    ,2024,2,false,70.800,55,47659.81
MCOU,MI,00310652401,BYETTA    ,2024,2,false,67.200,28,22656.40
FFSU,MI,00310651201,BYETTA    ,2024,1,true,,,
MCOU,MI,00310651201,BYETTA    ,2024,1,false,60.000,47,40583.73
MCOU,MI,00310652401,BYETTA    ,2024,1,false,52.800,20,17708.14
FFSU,MI,00310652401,BYETTA    ,2024,1,true,,,
MCOU,MN,00310651201,BYETTA    ,2024,4,true,,,
MCOU,MN,00310652401,BYETTA    ,2024,4,true,,,
FFSU,MN,00310652401,BYETTA    ,2024,4,true,,,
FFSU,MN,00310651201,BYETTA    ,2024,3,true,,,
MCOU,MN,00310651201,BYETTA    ,2024,3,true,,,
FFSU,MN,00310652401,BYETTA    ,2024,3,true,,,
MCOU,MN,00310652401,BYETTA    ,2024,3,false,28.800,12,10067.19
MCOU,MN,00310651201,BYETTA    ,2024,2,false,33.600,28,23246.72
FFSU,MN,00310652401,BYETTA    ,2024,2,true,,,
MCOU,MN,00310652401,BYETTA    ,2024,2,false,45.600,19,15843.81
MCOU,MN,00310651201,BYETTA    ,2024,1,false,61.200,51,42413.48
FFSU,MN,00310651201,BYETTA    ,2024,1,true,,,
FFSU,MN,00310652401,BYETTA    ,2024,1,false,33.600,14,11268.10
MCOU,MN,00310652401,BYETTA    ,2024,1,false,69.600,29,24095.44
FFSU,MO,00310651201,BYETTA    ,2024,4,false,768.000,635,530818.26
FFSU,MO,00310652401,BYETTA    ,2024,4,false,852.000,352,294033.04
FFSU,MO,00310651201,BYETTA    ,2024,3,false,954.000,791,659423.72
FFSU,MO,00310652401,BYETTA    ,2024,3,false,981.600,403,337574.11
FFSU,MO,00310651201,BYETTA    ,2024,2,false,788.400,652,543379.21
FFSU,MO,00310652401,BYETTA    ,2024,2,false,643.200,265,222239.86
FFSU,MO,00310651201,BYETTA    ,2024,1,false,409.200,338,281100.73
FFSU,MO,00310652401,BYETTA    ,2024,1,false,386.400,161,132744.45
MCOU,MS,00310651201,BYETTA 250,2024,4,false,25.200,21,17396.97
MCOU,MS,00310652401,BYETTA 250,2024,4,false,48.000,20,16551.23
FFSU,MS,00310652401,BYETTA 250,2024,4,true,,,
MCOU,MS,00310651201,BYETTA 250,2024,3,false,38.400,32,30257.78
FFSU,MS,00310651201,BYETTA 250,2024,3,true,,,
FFSU,MS,00310652401,BYETTA 250,2024,3,true,,,
MCOU,MS,00310652401,BYETTA 250,2024,3,false,48.000,20,16534.59
MCOU,MS,00310651201,BYETTA 250,2024,2,false,42.000,33,26552.67
FFSU,MS,00310651201,BYETTA 250,2024,2,true,,,
FFSU,MS,00310652401,BYETTA 250,2024,2,true,,,
MCOU,MS,00310652401,BYETTA 250,2024,2,false,67.200,26,20702.79
MCOU,MS,00310651201,BYETTA 250,2024,1,false,30.000,25,20661.01
FFSU,MS,00310651201,BYETTA 250,2024,1,true,,,
MCOU,MS,00310652401,BYETTA 250,2024,1,false,57.600,24,19856.74
FFSU,MS,00310652401,BYETTA 250,2024,1,true,,,
FFSU,MT,00310651201,BYETTA 5 M,2024,4,true,,,
FFSU,MT,00310652401,BYETTA 10 ,2024,4,true,,,
FFSU,MT,00310651201,BYETTA 5 M,2024,3,true,,,
FFSU,MT,00310652401,BYETTA 10 ,2024,3,true,,,
FFSU,MT,00310652401,BYETTA 10 ,2024,2,true,,,
FFSU,MT,00310652401,BYETTA 10 ,2024,1,true,,,
FFSU,XX,00310651201,Byetta 250,2024,4,false,1534.800,1250,1060052.96
MCOU,XX,00310651201,Byetta 250,2024,4,false,1144.800,910,773453.55
FFSU,XX,00310652401,Byetta 250,2024,4,false,2030.400,816,698821.32
MCOU,XX,00310652401,Byetta 250,2024,4,false,1353.600,542,454163.69
FFSU,XX,00310651201,Byetta 250,2024,3,false,1860.000,1516,1283458.41
MCOU,XX,00310651201,Byetta 250,2024,3,false,1429.200,1129,979576.79
FFSU,XX,00310652401,Byetta 250,2024,3,false,2191.200,872,751502.16
MCOU,XX,00310652401,Byetta 250,2024,3,false,1459.200,587,492015.13
FFSU,XX,00310651201,Byetta 250,2024,2,false,1748.400,1404,1204063.92
MCOU,XX,00310651201,Byetta 250,2024,2,false,1380.000,1068,922271.98
FFSU,XX,00310652401,Byetta 250,2024,2,false,1797.600,707,618678.23
MCOU,XX,00310652401,Byetta 250,2024,2,false,1452.000,572,481753.56
FFSU,XX,00310651201,Byetta 250,2024,1,false,1144.800,905,784893.65
MCOU,XX,00310651201,Byetta 250,2024,1,false,1179.600,907,785832.86
FFSU,XX,00310652401,Byetta 250,2024,1,false,1423.200,555,490812.97
MCOU,XX,00310652401,Byetta 250,2024,1,false,1389.600,539,459832.94
MCOU,NC,00310651201,BYETTA    ,2024,4,true,,,
MCOU,NC,00310652401,BYETTA    ,2024,4,false,33.600,14,11515.88
MCOU,NC,00310651201,BYETTA    ,2024,3,true,,,
FFSU,NC,00310652401,BYETTA    ,2024,3,true,,,
MCOU,NC,00310652401,BYETTA    ,2024,3,false,50.400,19,17243.02
MCOU,NC,00310651201,BYETTA    ,2024,2,true,,,
FFSU,NC,00310651201,BYETTA    ,2024,2,true,,,
FFSU,NC,00310652401,BYETTA    ,2024,2,true,,,
MCOU,NC,00310652401,BYETTA    ,2024,2,false,36.000,12,12316.54
MCOU,NC,00310651201,BYETTA    ,2024,1,true,,,
FFSU,NC,00310651201,BYETTA    ,2024,1,true,,,
MCOU,NC,00310652401,BYETTA    ,2024,1,false,52.800,18,18042.17
FFSU,NC,00310652401,BYETTA    ,2024,1,true,,,
MCOU,NE,00310651201,BYETTA 250,2024,2,true,,,
MCOU,NE,00310652401,BYETTA 250,2024,1,true,,,
MCOU,NH,00310652401,BYETTA    ,2024,3,true,,,
MCOU,NH,00310651201,BYETTA    ,2024,2,true,,,
MCOU,NH,00310652401,BYETTA    ,2024,2,true,,,
MCOU,NH,00310652401,BYETTA    ,2024,1,true,,,
MCOU,NJ,00310651201,BYETTA 250,2024,4,true,,,
MCOU,NJ,00310651201,BYETTA 250,2024,3,true,,,
MCOU,NJ,00310651201,BYETTA 250,2024,2,true,,,
MCOU,NM,00310651201,BYETTA 5 M,2024,3,true,,,
MCOU,NM,00310651201,BYETTA 5 M,2024,2,true,,,
MCOU,NM,00310652401,BYETTA 10 ,2024,2,true,,,
MCOU,NM,00310652401,BYETTA 10 ,2024,1,true,,,
FFSU,NV,00310651201,BYETTA    ,2024,4,true,,,
MCOU,NV,00310651201,BYETTA    ,2024,4,true,,,
MCOU,NV,00310652401,BYETTA    ,2024,4,true,,,
MCOU,NV,00310651201,BYETTA    ,2024,3,false,15.600,11,10526.21
FFSU,NV,00310651201,BYETTA    ,2024,3,true,,,
FFSU,NV,00310651201,BYETTA    ,2024,2,true,,,
MCOU,NV,00310651201,BYETTA    ,2024,2,true,,,
MCOU,NV,00310652401,BYETTA    ,2024,2,true,,,
MCOU,NV,00310652401,BYETTA    ,2024,1,true,,,
FFSU,NY,00310651201,BYETTA    ,2024,4,true,,,
FFSU,NY,00310652401,BYETTA    ,2024,4,true,,,
FFSU,NY,00310651201,BYETTA    ,2024,3,false,18.000,11,12385.39
FFSU,NY,00310652401,BYETTA    ,2024,3,true,,,
FFSU,NY,00310651201,BYETTA    ,2024,2,false,18.000,11,12381.51
FFSU,NY,00310652401,BYETTA    ,2024,2,true,,,
FFSU,NY,00310651201,BYETTA    ,2024,1,false,16.800,12,11526.64
FFSU,NY,00310652401,BYETTA    ,2024,1,true,,,
FFSU,OH,00310651201,BYETTA 250,2024,4,true,,,
MCOU,OH,00310651201,BYETTA 250,2024,4,false,243.600,203,166366.70
MCOU,OH,00310652401,BYETTA 250,2024,4,false,252.000,105,84639.31
FFSU,OH,00310652401,BYETTA 250,2024,4,true,,,
FFSU,OH,00310651201,BYETTA 250,2024,3,true,,,
MCOU,OH,00310651201,BYETTA 250,2024,3,false,300.000,250,204941.97
MCOU,OH,00310652401,BYETTA 250,2024,3,false,268.800,112,89810.38
FFSU,OH,00310652401,BYETTA 250,2024,3,true,,,
MCOU,OH,00310651201,BYETTA 250,2024,2,false,274.800,195,188796.59
FFSU,OH,00310651201,BYETTA 250,2024,2,true,,,
MCOU,OH,00310652401,BYETTA 250,2024,2,false,223.200,83,75944.62
FFSU,OH,00310652401,BYETTA 250,2024,2,true,,,
FFSU,OH,00310651201,BYETTA 250,2024,1,true,,,
MCOU,OH,00310651201,BYETTA 250,2024,1,false,219.600,149,150398.37
MCOU,OH,00310652401,BYETTA 250,2024,1,false,127.200,45,43297.42
FFSU,OH,00310652401,BYETTA 250,2024,1,true,,,
FFSU,OK,00310651201,BYETTA 250,2024,4,false,22.800,19,15742.07
MCOU,OK,00310651201,BYETTA 250,2024,4,true,,,
MCOU,OK,00310652401,BYETTA 250,2024,4,true,,,
FFSU,OK,00310652401,BYETTA 250,2024,4,true,,,
FFSU,OK,00310651201,BYETTA 250,2024,3,false,15.600,11,10764.25
MCOU,OK,00310651201,BYETTA 250,2024,3,false,20.400,12,17205.24
FFSU,OK,00310652401,BYETTA 250,2024,3,true,,,
MCOU,OK,00310652401,BYETTA 250,2024,3,true,,,
MCOU,OK,00310651201,BYETTA 250,2024,2,true,,,
FFSU,OK,00310651201,BYETTA 250,2024,2,false,19.200,12,13226.22
FFSU,OK,00310652401,BYETTA 250,2024,2,true,,,
MCOU,OK,00310652401,BYETTA 250,2024,2,true,,,
FFSU,OK,00310651201,BYETTA 250,2024,1,false,14.400,12,9857.72
FFSU,OK,00310652401,BYETTA 250,2024,1,false,38.400,12,13154.41
MCOU,OR,00310651201,BYETTA 250,2024,4,true,,,
MCOU,OR,00310652401,BYETTA 250,2024,4,true,,,
MCOU,OR,00310651201,BYETTA 250,2024,3,true,,,
MCOU,OR,00310652401,BYETTA 250,2024,3,true,,,
MCOU,OR,00310651201,BYETTA 250,2024,2,true,,,
MCOU,OR,00310652401,BYETTA 250,2024,2,true,,,
MCOU,OR,00310651201,BYETTA 250,2024,1,true,,,
MCOU,OR,00310652401,BYETTA 250,2024,1,true,,,
FFSU,OR,00310652401,BYETTA 250,2024,1,true,,,
MCOU,PA,00310652401,BYETTA 250,2024,4,true,,,
MCOU,PA,00310652401,BYETTA 250,2024,3,true,,,
MCOU,PA,00310651201,BYETTA 250,2024,2,true,,,
MCOU,PA,00310652401,BYETTA 250,2024,2,true,,,
MCOU,PA,00310651201,BYETTA 250,2024,1,true,,,
MCOU,PA,00310652401,BYETTA 250,2024,1,false,26.400,11,9080.13
MCOU,SC,00310651201,BYETTA    ,2024,4,true,,,
MCOU,SC,00310652401,BYETTA    ,2024,4,true,,,
MCOU,SC,00310651201,BYETTA    ,2024,3,true,,,
MCOU,SC,00310652401,BYETTA    ,2024,3,true,,,
MCOU,SC,00310651201,BYETTA    ,2024,2,false,25.200,21,16929.04
MCOU,SC,00310652401,BYETTA    ,2024,2,true,,,
MCOU,SC,00310651201,BYETTA    ,2024,1,false,19.200,16,12803.22
MCOU,SC,00310652401,BYETTA    ,2024,1,true,,,
FFSU,TN,00310651201,BYETTA 250,2024,4,false,25.200,21,17356.87
FFSU,TN,00310652401,BYETTA 250,2024,4,true,,,
FFSU,TN,00310651201,BYETTA 250,2024,3,false,31.200,26,21513.77
FFSU,TN,00310652401,BYETTA 250,2024,3,false,26.400,11,9042.20
FFSU,TN,00310651201,BYETTA 250,2024,2,false,31.200,26,21516.15
FFSU,TN,00310652401,BYETTA 250,2024,2,false,28.800,12,9870.24
FFSU,TN,00310651201,BYETTA 250,2024,1,false,31.200,26,21356.67
FFSU,TN,00310652401,BYETTA 250,2024,1,false,28.800,12,9795.27
MCOU,TX,00310651201,BYETTA 5 M,2024,4,true,,,
MCOU,TX,00310652401,BYETTA 10 ,2024,4,true,,,
MCOU,TX,00310651201,BYETTA 5 M,2024,3,true,,,
MCOU,TX,00310652401,BYETTA 10 ,2024,3,true,,,
MCOU,TX,00310651201,BYETTA 5 M,2024,2,true,,,
MCOU,TX,00310652401,BYETTA 10 ,2024,2,true,,,
MCOU,TX,00310651201,BYETTA 5 M,2024,1,false,14.400,12,9712.68
MCOU,TX,00310652401,BYETTA 10 ,2024,1,true,,,
MCOU,UT,00310651201,BYETTA 250,2024,4,true,,,
MCOU,UT,00310652401,BYETTA 250,2024,4,true,,,
MCOU,UT,00310652401,BYETTA 250,2024,3,true,,,
FFSU,UT,00310651201,BYETTA 250,2024,2,true,,,
MCOU,VA,00310651201,BYETTA    ,2024,4,false,192.000,154,129252.72
FFSU,VA,00310651201,BYETTA    ,2024,4,true,,,
MCOU,VA,00310652401,BYETTA    ,2024,4,false,160.800,65,54201.49
MCOU,VA,00310651201,BYETTA    ,2024,3,false,262.800,212,177185.32
FFSU,VA,00310651201,BYETTA    ,2024,3,true,,,
MCOU,VA,00310652401,BYETTA    ,2024,3,false,199.200,79,66924.27
MCOU,VA,00310651201,BYETTA    ,2024,2,false,256.800,205,172943.14
MCOU,VA,00310652401,BYETTA    ,2024,2,false,199.200,83,67148.43
FFSU,VA,00310652401,BYETTA    ,2024,2,true,,,
MCOU,VA,00310651201,BYETTA    ,2024,1,false,164.400,132,113878.82
MCOU,VA,00310652401,BYETTA    ,2024,1,false,156.000,65,53972.71
FFSU,VT,00310652401,BYETTA 250,2024,4,true,,,
FFSU,VT,00310651201,BYETTA 250,2024,3,true,,,
FFSU,VT,00310652401,BYETTA 250,2024,3,true,,,
FFSU,VT,00310651201,BYETTA 250,2024,2,true,,,
FFSU,VT,00310652401,BYETTA 250,2024,2,true,,,
FFSU,VT,00310652401,BYETTA 250,2024,1,true,,,
FFSU,WA,00310651201,BYETTA 5 M,2024,4,true,,,
MCOU,WA,00310651201,BYETTA 5 M,2024,4,false,207.600,167,139393.21
MCOU,WA,00310652401,BYETTA 10 ,2024,4,false,369.600,146,123784.87
FFSU,WA,00310651201,BYETTA 5 M,2024,3,true,,,
MCOU,WA,00310651201,BYETTA 5 M,2024,3,false,272.400,223,183490.17
MCOU,WA,00310652401,BYETTA 10 ,2024,3,false,340.800,134,114298.05
MCOU,WA,00310651201,BYETTA 5 M,2024,2,false,246.000,200,148949.63
FFSU,WA,00310652401,BYETTA 10 ,2024,2,true,,,
MCOU,WA,00310652401,BYETTA 10 ,2024,2,false,355.200,140,109635.11
MCOU,WA,00310651201,BYETTA 250,2024,1,false,199.200,165,117197.44
FFSU,WA,00310652401,BYETTA 250,2024,1,true,,,
MCOU,WA,00310652401,BYETTA 250,2024,1,false,319.200,127,93655.91
FFSU,WI,00310651201,BYETTA 250,2024,4,false,28.800,24,20679.84
FFSU,WI,00310652401,BYETTA 250,2024,4,false,98.400,41,33904.50
FFSU,WI,00310651201,BYETTA 250,2024,3,false,34.800,29,24042.04
FFSU,WI,00310652401,BYETTA 250,2024,3,false,98.400,41,33875.26
FFSU,WI,00310651201,BYETTA 250,2024,2,false,72.000,59,49708.91
FFSU,WI,00310652401,BYETTA 250,2024,2,false,122.400,51,42230.37
FFSU,WI,00310651201,BYETTA 250,2024,1,false,76.800,57,54335.56
FFSU,WI,00310652401,BYETTA 250,2024,1,false,141.600,56,51757.17
FFSU,WY,00310651201,BYETTA 250,2024,4,true,,,
FFSU,WY,00310652401,BYETTA 250,2024,4,true,,,
FFSU,WY,00310652401,BYETTA 250,2024,2,true,,,
FFSU,WY,00310651201,BYETTA 250,2024,1,true,,,
FFSU,WY,00310652401,BYETTA 250,2024,1,true,,,
FFSU,AK,00310654004,BYDUREON B,2024,4,false,59.250,18,13404.47
FFSU,AK,00310654004,BYDUREON B,2024,3,false,46.750,16,11063.94
FFSU,AK,00310654004,BYDUREON B,2024,2,false,55.250,17,13024.77
FFSU,AK,00310654004,BYDUREON B,2024,1,false,57.800,17,13513.15
FFSU,AL,00310654004,BYDUREON B,2024,4,false,47.600,14,11272.53
FFSU,AL,00310654004,BYDUREON B,2024,3,false,78.200,23,18500.28
FFSU,AL,00310654004,BYDUREON B,2024,2,false,102.000,30,24241.00
FFSU,AL,00310654004,BYDUREON B,2024,1,false,105.400,31,25675.28
MCOU,AR,00310654004,BYDUREON B,2024,4,false,37.400,11,8995.42
MCOU,AR,00310654004,BYDUREON B,2024,3,false,44.200,13,10616.63
MCOU,AR,00310654004,BYDUREON B,2024,2,false,44.200,13,10637.78
MCOU,AR,00310654004,BYDUREON B,2024,1,true,,,
FFSU,AZ,00310654004,BYDUREON B,2024,4,true,,,
MCOU,AZ,00310654004,BYDUREON B,2024,4,false,85.000,25,18899.89
MCOU,AZ,00310654004,BYDUREON B,2024,3,false,132.600,38,30730.55
MCOU,AZ,00310654004,BYDUREON B,2024,2,false,180.200,51,41538.23
MCOU,AZ,00310654004,BYDUREON B,2024,1,false,153.000,45,35331.34
FFSU,CA,00310654004,BYDUREON B,2024,4,false,2414.850,592,572322.01
MCOU,CA,00310654004,BYDUREON B,2024,4,false,57.800,17,14715.41
FFSU,CA,00310654004,BYDUREON B,2024,3,false,3410.200,816,807654.02
MCOU,CA,00310654004,BYDUREON B,2024,3,false,68.000,20,17363.00
FFSU,CA,00310654004,BYDUREON B,2024,2,false,3369.700,809,797915.79
MCOU,CA,00310654004,BYDUREON B,2024,2,false,57.800,17,14753.97
MCOU,CA,00310654004,BYDUREON B,2024,1,false,51.000,15,13030.08
FFSU,CA,00310654004,BYDUREON B,2024,1,false,4422.150,1040,1036454.42
FFSU,CO,00310654004,BYDUREON B,2024,4,false,308.550,74,73037.30
FFSU,CO,00310654004,BYDUREON B,2024,3,false,139.400,33,32987.52
FFSU,CO,00310654004,BYDUREON B,2024,2,false,119.000,27,28084.35
MCOU,CO,00310654004,BYDUREON B,2024,1,true,,,
FFSU,CO,00310654004,BYDUREON B,2024,1,false,139.400,35,32837.20
FFSU,CT,00310654004,BYDUREON B,2024,4,false,61.200,13,14470.90
FFSU,CT,00310654004,BYDUREON B,2024,3,false,119.000,25,28123.78
FFSU,CT,00310654004,BYDUREON B,2024,2,false,175.100,36,41368.76
FFSU,CT,00310654004,BYDUREON B,2024,1,false,130.900,31,30808.13
FFSU,DC,00310654004,BYDUREON B,2024,4,true,,,
MCOU,DC,00310654004,BYDUREON B,2024,4,false,74.800,12,18602.73
FFSU,DC,00310654004,BYDUREON B,2024,3,true,,,
MCOU,DC,00310654004,BYDUREON B,2024,3,false,105.400,21,25750.58
FFSU,DC,00310654004,BYDUREON B,2024,2,true,,,
MCOU,DC,00310654004,BYDUREON B,2024,2,false,139.400,27,34067.76
FFSU,DC,00310654004,BYDUREON B,2024,1,true,,,
MCOU,DC,00310654004,BYDUREON B,2024,1,false,70.000,14,16974.62
MCOU,DE,00310654004,BYDUREON B,2024,4,false,54.400,16,12846.28
MCOU,DE,00310654004,BYDUREON B,2024,3,false,98.600,24,23260.90
MCOU,DE,00310654004,BYDUREON B,2024,2,false,88.400,24,20850.54
MCOU,DE,00310654001,BYDUREON B,2024,1,true,,,
MCOU,DE,00310654004,BYDUREON B,2024,1,false,88.400,26,21802.42
FFSU,FL,00310654004,BYDUREON B,2024,4,true,,,
MCOU,FL,00310654004,BYDUREON B,2024,4,false,164.900,55,38634.21
FFSU,FL,00310654004,BYDUREON B,2024,3,true,,,
MCOU,FL,00310654004,BYDUREON B,2024,3,false,167.450,54,39204.08
MCOU,FL,00310654004,BYDUREON B,2024,2,false,243.950,77,56933.01
FFSU,FL,00310654004,BYDUREON B,2024,2,true,,,
MCOU,FL,00310654004,BYDUREON B,2024,1,false,368.050,112,85956.92
FFSU,FL,00310654004,BYDUREON B,2024,1,true,,,
FFSU,GA,00310654004,BYDUREON B,2024,4,true,,,
MCOU,GA,00310654004,BYDUREON B,2024,4,false,306.000,90,65966.01
MCOU,GA,00310654004,BYDUREON B,2024,3,false,408.000,120,90353.76
FFSU,GA,00310654004,BYDUREON B,2024,3,true,,,
FFSU,GA,00310654004,BYDUREON B,2024,2,false,37.400,11,8846.24
MCOU,GA,00310654004,BYDUREON B,2024,2,false,452.200,133,103041.83
MCOU,GA,00310654004,BYDUREON B,2024,1,false,567.800,167,130352.59
FFSU,GA,00310654004,BYDUREON B,2024,1,false,44.200,13,10377.66
MCOU,HI,00310654004,BYDUREON B,2024,4,false,217.600,64,54305.99
MCOU,HI,00310654004,BYDUREON B,2024,3,false,258.400,76,53233.97
MCOU,HI,00310654004,BYDUREON B,2024,2,false,292.400,70,43320.33
MCOU,HI,00310654004,BYDUREON B,2024,1,false,170.850,49,32887.29
MCOU,IA,00310654004,BYDUREON B,2024,4,false,61.200,18,14354.43
MCOU,IA,00310654004,BYDUREON B,2024,3,false,108.800,32,25543.36
MCOU,IA,00310654004,BYDUREON B,2024,2,false,166.600,49,38766.03
MCOU,IA,00310654004,BYDUREON B,2024,1,false,180.200,53,41846.53
FFSU,ID,00310654004,BYDUREON B,2024,4,false,47.600,14,11254.38
FFSU,ID,00310654004,BYDUREON B,2024,3,false,71.400,21,16843.44
FFSU,ID,00310654004,BYDUREON B,2024,2,false,68.000,18,16045.22
FFSU,ID,00310654004,BYDUREON B,2024,1,false,136.000,40,31988.67
FFSU,IL,00310654004,BYDUREON B,2024,4,true,,,
MCOU,IL,00310654004,BYDUREON B,2024,4,false,71.400,21,16824.49
FFSU,IL,00310654004,BYDUREON B,2024,3,true,,,
MCOU,IL,00310654004,BYDUREON B,2024,3,false,81.600,24,19149.49
MCOU,IL,00310654004,BYDUREON B,2024,2,false,97.750,31,22999.58
FFSU,IL,00310654004,BYDUREON B,2024,2,true,,,
MCOU,IL,00310654004,BYDUREON B,2024,1,false,74.800,24,22206.15
FFSU,IL,00310654004,BYDUREON B,2024,1,true,,,
MCOU,IN,00310654004,BYDUREON B,2024,4,false,357.000,101,82169.50
FFSU,IN,00310654004,BYDUREON B,2024,3,true,,,
MCOU,IN,00310654004,BYDUREON B,2024,3,false,520.200,149,121016.57
MCOU,IN,00310654004,BYDUREON B,2024,2,false,796.450,226,183484.28
FFSU,IN,00310654004,BYDUREON B,2024,2,true,,,
MCOU,IN,00310654004,BYDUREON B,2024,1,false,1034.450,287,239346.22
FFSU,IN,00310654004,BYDUREON B,2024,1,false,61.200,18,14396.60
MCOU,KS,00310654004,BYDUREON B,2024,4,true,,,
MCOU,KS,00310654004,BYDUREON B,2024,3,false,17.000,11,4031.86
MCOU,KS,00310654004,BYDUREON B,2024,2,false,27.200,14,6450.04
MCOU,KS,00310654004,BYDUREON B,2024,1,false,37.400,20,8822.61
FFSU,KY,00310654004,BYDUREON B,2024,4,true,,,
MCOU,KY,00310654004,BYDUREON B,2024,4,false,384.200,115,90430.87
MCOU,KY,00310654001,BYDUREON B,2024,3,true,,,
FFSU,KY,00310654004,BYDUREON B,2024,3,true,,,
MCOU,KY,00310654004,BYDUREON B,2024,3,false,462.400,141,107619.34
MCOU,KY,00310654004,BYDUREON B,2024,2,false,557.600,172,127923.11
FFSU,KY,00310654004,BYDUREON B,2024,2,false,47.600,20,11289.54
MCOU,KY,00310654001,BYDUREON B,2024,1,true,,,
MCOU,KY,00310654004,BYDUREON B,2024,1,false,788.800,252,181930.46
FFSU,KY,00310654004,BYDUREON B,2024,1,false,48.450,21,11466.43
MCOU,LA,00310654004,BYDUREON B,2024,4,false,102.000,30,23335.38
MCOU,LA,00310654004,BYDUREON B,2024,3,false,159.800,47,37861.87
FFSU,LA,00310654004,BYDUREON B,2024,2,true,,,
MCOU,LA,00310654004,BYDUREON B,2024,2,false,210.800,53,49940.24
MCOU,LA,00310654004,BYDUREON B,2024,1,false,292.400,75,69153.16
FFSU,LA,00310654004,BYDUREON B,2024,1,true,,,
MCOU,MA,00310654004,BYDUREON B,2024,4,false,113.050,34,26130.46
FFSU,MA,00310654004,BYDUREON B,2024,4,true,,,
FFSU,MA,00310654004,BYDUREON B,2024,3,false,68.000,20,16082.10
MCOU,MA,00310654004,BYDUREON B,2024,3,false,223.550,64,52160.84
MCOU,MA,00310654004,BYDUREON B,2024,2,false,221.850,64,51774.14
FFSU,MA,00310654004,BYDUREON B,2024,2,false,44.200,13,10475.19
FFSU,MA,00310654004,BYDUREON B,2024,1,false,47.600,14,10569.70
MCOU,MA,00310654004,BYDUREON B,2024,1,false,156.400,38,36433.78
MCOU,MD,00310654004,BYDUREON B,2024,4,false,180.200,53,43495.94
MCOU,MD,00310654004,BYDUREON B,2024,3,false,264.200,77,62935.30
MCOU,MD,00310654004,BYDUREON B,2024,2,false,238.600,68,57071.53
FFSU,MD,00310654004,BYDUREON B,2024,1,true,,,
MCOU,MD,00310654004,BYDUREON B,2024,1,false,166.600,47,39599.55
FFSU,ME,00310654004,BYDUREON B,2024,4,false,156.400,46,37072.01
FFSU,ME,00310654004,BYDUREON B,2024,3,false,149.600,44,35543.48
FFSU,ME,00310654004,BYDUREON B,2024,2,false,302.600,81,71786.38
FFSU,ME,00310654004,BYDUREON B,2024,1,false,98.600,29,23074.44
FFSU,MI,00310654004,BYDUREON B,2024,4,true,,,
MCOU,MI,00310654004,BYDUREON B,2024,4,false,102.000,29,22320.73
FFSU,MI,00310654004,BYDUREON B,2024,3,true,,,
MCOU,MI,00310654004,BYDUREON B,2024,3,false,187.000,51,43603.37
MCOU,MI,00310654004,BYDUREON B,2024,2,false,238.000,62,55024.30
FFSU,MI,00310654004,BYDUREON B,2024,2,true,,,
MCOU,MI,00310654004,BYDUREON B,2024,1,false,224.400,56,51078.65
FFSU,MI,00310654004,BYDUREON B,2024,1,true,,,
MCOU,MN,00310654001,BYDUREON B,2024,4,true,,,
FFSU,MN,00310654004,BYDUREON B,2024,4,false,447.100,133,108109.63
MCOU,MN,00310654004,BYDUREON B,2024,4,false,6054.720,1793,1436238.41
MCOU,MN,00310654001,BYDUREON B,2024,3,true,,,
FFSU,MN,00310654004,BYDUREON B,2024,3,false,799.000,235,192862.77
MCOU,MN,00310654004,BYDUREON B,2024,3,false,4471.170,1343,1066960.51
MCOU,MN,00310654001,BYDUREON B,2024,2,true,,,
MCOU,MN,00310654004,BYDUREON B,2024,2,false,5515.820,1634,1313078.06
FFSU,MN,00310654004,BYDUREON B,2024,2,false,928.200,273,224024.77
MCOU,MN,00310654001,BYDUREON B,2024,1,true,,,
MCOU,MN,00310654004,BYDUREON B,2024,1,false,7119.940,2091,1682240.60
FFSU,MN,00310654004,BYDUREON B,2024,1,false,1311.550,387,315105.21
FFSU,MO,00310654004,BYDUREON B,2024,4,false,190.400,56,45244.55
FFSU,MO,00310654004,BYDUREON B,2024,3,false,217.600,64,51692.25
FFSU,MO,00310654004,BYDUREON B,2024,2,false,204.000,60,46952.04
FFSU,MO,00310654004,BYDUREON B,2024,1,false,217.600,64,50451.28
MCOU,MS,00310654004,BYDUREON B,2024,4,true,,,
FFSU,MS,00310654004,BYDUREON B,2024,4,true,,,
MCOU,MS,00310654004,BYDUREON B,2024,3,true,,,
FFSU,MS,00310654004,BYDUREON B,2024,3,true,,,
MCOU,MS,00310654004,BYDUREON B,2024,2,true,,,
FFSU,MS,00310654004,BYDUREON B,2024,2,true,,,
FFSU,MS,00310654004,BYDUREON B,2024,1,true,,,
MCOU,MS,00310654004,BYDUREON B,2024,1,true,,,
FFSU,MT,00310654004,BYDUREON B,2024,4,true,,,
FFSU,MT,00310654004,BYDUREON B,2024,3,false,40.800,12,9737.30
FFSU,MT,00310654004,BYDUREON B,2024,2,false,57.800,17,13814.66
FFSU,MT,00310654001,BYDUREON B,2024,1,true,,,
FFSU,MT,00310654004,BYDUREON B,2024,1,true,,,
MCOU,XX,00310654001,BYDUREON B,2024,4,false,47.600,14,11530.74
FFSU,XX,00310654004,BYDUREON B,2024,4,false,6495.800,1710,1540527.29
MCOU,XX,00310654004,BYDUREON B,2024,4,false,41916.220,12441,10071636.25
MCOU,XX,00310654001,BYDUREON B,2024,3,false,57.800,17,14057.46
FFSU,XX,00310654004,BYDUREON B,2024,3,false,8678.250,2239,2055620.36
MCOU,XX,00310654004,BYDUREON B,2024,3,false,43043.170,12715,10322631.74
MCOU,XX,00310654001,BYDUREON B,2024,2,false,68.000,21,17214.82
FFSU,XX,00310654004,BYDUREON B,2024,2,false,9956.950,2577,2354228.90
MCOU,XX,00310654004,BYDUREON B,2024,2,false,43884.470,12908,10506010.60
FFSU,XX,00310654001,BYDUREON B,2024,1,true,,,
MCOU,XX,00310654001,BYDUREON B,2024,1,false,74.800,22,17947.97
FFSU,XX,00310654004,BYDUREON B,2024,1,false,11981.200,3093,2815605.31
MCOU,XX,00310654004,BYDUREON B,2024,1,false,42787.690,12498,10269346.19
FFSU,NC,00310654004,BYDUREON B,2024,4,true,,,
MCOU,NC,00310654004,BYDUREON B,2024,4,false,496.400,130,117141.33
FFSU,NC,00310654004,BYDUREON B,2024,3,true,,,
MCOU,NC,00310654004,BYDUREON B,2024,3,false,598.400,151,141309.38
MCOU,NC,00310654004,BYDUREON B,2024,2,false,520.200,131,122601.77
FFSU,NC,00310654004,BYDUREON B,2024,2,false,156.400,42,36934.22
FFSU,NC,00310654004,BYDUREON B,2024,1,false,215.050,58,50384.29
MCOU,NC,00310654004,BYDUREON B,2024,1,false,600.100,141,140921.42
FFSU,ND,00310654004,BYDUREON B,2024,3,true,,,
MCOU,NE,00310654004,BYDUREON B,2024,4,false,68.000,20,15661.01
MCOU,NE,00310654004,BYDUREON B,2024,3,false,91.800,27,21540.28
MCOU,NE,00310654004,BYDUREON B,2024,2,false,119.000,35,27293.56
MCOU,NE,00310654004,BYDUREON B,2024,1,false,95.200,28,22309.75
MCOU,NH,00310654004,BYDUREON B,2024,4,false,44.200,13,7911.17
MCOU,NH,00310654004,BYDUREON B,2024,3,false,44.200,13,10162.07
MCOU,NH,00310654004,BYDUREON B,2024,2,false,68.000,20,15634.30
MCOU,NH,00310654004,BYDUREON B,2024,1,false,54.400,16,12475.38
MCOU,NJ,00310654001,BYDUREON B,2024,4,false,40.800,12,9943.80
FFSU,NJ,00310654004,BYDUREON B,2024,4,false,54.400,16,12898.42
MCOU,NJ,00310654004,BYDUREON B,2024,4,false,20247.000,6088,4964073.52
MCOU,NJ,00310654001,BYDUREON B,2024,3,false,47.600,14,11601.10
FFSU,NJ,00310654004,BYDUREON B,2024,3,false,51.000,15,12101.72
MCOU,NJ,00310654004,BYDUREON B,2024,3,false,21094.450,6319,5163496.58
MCOU,NJ,00310654001,BYDUREON B,2024,2,false,54.400,17,13990.18
FFSU,NJ,00310654004,BYDUREON B,2024,2,true,,,
MCOU,NJ,00310654004,BYDUREON B,2024,2,false,21308.650,6389,5235012.19
MCOU,NJ,00310654001,BYDUREON B,2024,1,false,57.800,17,13990.18
MCOU,NJ,00310654004,BYDUREON B,2024,1,false,20577.650,6112,5049978.44
FFSU,NJ,00310654004,BYDUREON B,2024,1,true,,,
MCOU,NM,00310654004,BYDUREON B,2024,4,true,,,
MCOU,NM,00310654004,BYDUREON B,2024,3,false,71.400,11,9213.73
MCOU,NM,00310654004,BYDUREON B,2024,2,true,,,
MCOU,NM,00310654004,BYDUREON B,2024,1,true,,,
FFSU,NV,00310654004,BYDUREON B,2024,4,true,,,
MCOU,NV,00310654004,BYDUREON B,2024,4,false,142.800,42,29946.65
FFSU,NV,00310654004,BYDUREON B,2024,3,false,71.400,11,15637.07
MCOU,NV,00310654004,BYDUREON B,2024,3,false,187.000,55,42453.88
MCOU,NV,00310654004,BYDUREON B,2024,2,false,231.200,67,53029.88
FFSU,NV,00310654004,BYDUREON B,2024,2,false,88.400,12,19244.82
FFSU,NV,00310654004,BYDUREON B,2024,1,false,85.000,11,19040.84
MCOU,NV,00310654004,BYDUREON B,2024,1,false,265.200,78,60909.86
FFSU,NY,00310654004,BYDUREON B,2024,4,false,1098.550,268,259843.53
MCOU,NY,00310654004,BYDUREON B,2024,4,true,,,
FFSU,NY,00310654004,BYDUREON B,2024,3,false,1656.400,385,390848.91
MCOU,NY,00310654004,BYDUREON B,2024,3,true,,,
FFSU,NY,00310654004,BYDUREON B,2024,2,false,2024.450,469,477157.23
MCOU,NY,00310654004,BYDUREON B,2024,2,true,,,
FFSU,NY,00310654004,BYDUREON B,2024,1,false,2506.650,583,586681.88
MCOU,NY,00310654004,BYDUREON B,2024,1,true,,,
FFSU,OH,00310654004,BYDUREON B,2024,4,true,,,
MCOU,OH,00310654004,BYDUREON B,2024,4,false,261.800,75,61603.21
FFSU,OH,00310654004,BYDUREON B,2024,3,true,,,
MCOU,OH,00310654004,BYDUREON B,2024,3,false,404.600,115,95363.25
MCOU,OH,00310654004,BYDUREON B,2024,2,false,510.000,126,119718.71
FFSU,OH,00310654004,BYDUREON B,2024,2,false,37.400,11,8680.03
FFSU,OH,00310654004,BYDUREON B,2024,1,false,57.800,17,13356.90
MCOU,OH,00310654004,BYDUREON B,2024,1,false,462.400,114,107897.20
MCOU,OK,00310654004,BYDUREON B,2024,4,true,,,
FFSU,OK,00310654004,BYDUREON B,2024,4,false,40.800,12,9690.93
FFSU,OK,00310654004,BYDUREON B,2024,3,true,,,
MCOU,OK,00310654004,BYDUREON B,2024,3,true,,,
MCOU,OK,00310654004,BYDUREON B,2024,2,false,85.000,21,23114.62
FFSU,OK,00310654004,BYDUREON B,2024,2,true,,,
FFSU,OK,00310654004,BYDUREON B,2024,1,true,,,
MCOU,OR,00310654004,BYDUREON B,2024,4,false,1040.400,302,243945.21
FFSU,OR,00310654004,BYDUREON B,2024,4,true,,,
MCOU,OR,00310654004,BYDUREON B,2024,3,false,1281.800,371,301011.68
FFSU,OR,00310654004,BYDUREON B,2024,3,false,40.800,12,8639.90
MCOU,OR,00310654001,BYDUREON B,2024,2,true,,,
FFSU,OR,00310654004,BYDUREON B,2024,2,false,57.800,17,11474.54
MCOU,OR,00310654004,BYDUREON B,2024,2,false,1461.600,428,343396.75
FFSU,OR,00310654004,BYDUREON B,2024,1,false,47.600,14,10137.98
MCOU,OR,00310654004,BYDUREON B,2024,1,false,1435.400,420,337743.15
MCOU,PA,00310654004,BYDUREON B,2024,4,false,71.400,21,16693.34
MCOU,PA,00310654004,BYDUREON B,2024,3,false,102.000,30,24160.10
FFSU,PA,00310654004,BYDUREON B,2024,3,true,,,
FFSU,PA,00310654004,BYDUREON B,2024,2,true,,,
MCOU,PA,00310654004,BYDUREON B,2024,2,false,88.400,26,20913.30
MCOU,PA,00310654004,BYDUREON B,2024,1,false,74.800,22,17677.76
FFSU,PA,00310654004,BYDUREON B,2024,1,true,,,
MCOU,PR,00310654004,BYDUREON B,2024,4,true,,,
MCOU,PR,00310654004,BYDUREON B,2024,3,true,,,
MCOU,PR,00310654004,BYDUREON B,2024,2,true,,,
MCOU,PR,00310654004,BYDUREON B,2024,1,true,,,
MCOU,RI,00310654004,BYDUREON B,2024,2,true,,,
MCOU,RI,00310654004,BYDUREON B,2024,1,true,,,
MCOU,SC,00310654004,BYDUREON B,2024,4,false,251.600,74,60235.55
FFSU,SC,00310654004,BYDUREON B,2024,4,true,,,
MCOU,SC,00310654004,BYDUREON B,2024,3,false,343.400,101,78386.48
FFSU,SC,00310654004,BYDUREON B,2024,3,true,,,
FFSU,SC,00310654004,BYDUREON B,2024,2,false,61.200,18,14486.73
MCOU,SC,00310654004,BYDUREON B,2024,2,false,510.000,150,115792.83
FFSU,SC,00310654004,BYDUREON B,2024,1,false,68.000,20,15936.13
MCOU,SC,00310654004,BYDUREON B,2024,1,false,530.400,156,120075.50
FFSU,SD,00310654004,BYDUREON B,2024,4,false,40.800,12,9680.78
FFSU,SD,00310654004,BYDUREON B,2024,3,false,47.600,14,11289.97
FFSU,SD,00310654004,BYDUREON B,2024,2,false,54.400,16,12813.64
FFSU,SD,00310654004,BYDUREON B,2024,1,false,51.850,16,12211.57
FFSU,TN,00310654004,BYDUREON B,2024,4,false,1059.100,313,251180.92
FFSU,TN,00310654004,BYDUREON B,2024,3,false,1264.800,378,299863.30
FFSU,TN,00310654004,BYDUREON B,2024,2,false,1568.250,471,371433.91
FFSU,TN,00310654004,BYDUREON B,2024,1,false,1812.200,545,425766.73
MCOU,TX,00310654004,BYDUREON B,2024,4,false,838.950,259,193779.42
MCOU,TX,00310654004,BYDUREON B,2024,3,false,952.850,277,219482.64
MCOU,TX,00310654004,BYDUREON B,2024,2,false,1234.200,356,283444.56
MCOU,TX,00310654004,BYDUREON B,2024,1,false,1348.950,372,310108.53
FFSU,TX,00310654004,BYDUREON B,2024,1,true,,,
MCOU,UT,00310654004,BYDUREON B,2024,4,false,187.000,53,44620.18
FFSU,UT,00310654004,BYDUREON B,2024,3,true,,,
MCOU,UT,00310654004,BYDUREON B,2024,3,false,132.600,35,30123.12
MCOU,UT,00310654004,BYDUREON B,2024,2,false,51.000,13,10671.98
FFSU,UT,00310654004,BYDUREON B,2024,2,false,68.000,16,16067.40
MCOU,UT,00310654004,BYDUREON B,2024,1,false,51.000,15,12338.74
FFSU,UT,00310654004,BYDUREON B,2024,1,true,,,
MCOU,VA,00310654004,BYDUREON B,2024,4,false,223.550,68,51624.29
MCOU,VA,00310654004,BYDUREON B,2024,3,false,312.800,90,72239.44
FFSU,VA,00310654004,BYDUREON B,2024,2,true,,,
MCOU,VA,00310654004,BYDUREON B,2024,2,false,374.000,110,86582.95
MCOU,VA,00310654004,BYDUREON B,2024,1,false,404.600,117,95235.60
FFSU,VA,00310654004,BYDUREON B,2024,1,true,,,
FFSU,VT,00310654004,BYDUREON B,2024,4,true,,,
FFSU,VT,00310654004,BYDUREON B,2024,3,true,,,
FFSU,VT,00310654004,BYDUREON B,2024,2,false,44.200,11,10443.70
FFSU,VT,00310654004,BYDUREON B,2024,1,true,,,
MCOU,WA,00310654001,BYDUREON B,2024,4,true,,,
FFSU,WA,00310654004,BYDUREON B,2024,4,false,105.400,29,24998.56
MCOU,WA,00310654004,BYDUREON B,2024,4,false,9514.050,2779,2200344.32
FFSU,WA,00310654004,BYDUREON B,2024,3,false,95.200,28,22578.18
MCOU,WA,00310654004,BYDUREON B,2024,3,false,9548.900,2794,2219772.71
MCOU,WA,00310654004,BYDUREON B,2024,2,false,7692.800,2237,1783086.87
FFSU,WA,00310654004,BYDUREON B,2024,2,false,136.000,40,32252.98
FFSU,WA,00310654004,BYDUREON B,2024,1,false,74.800,22,17653.00
MCOU,WA,00310654004,BYDUREON B,2024,1,false,5196.900,1501,1197319.47
FFSU,WI,00310654004,BYDUREON B,2024,4,true,,,
FFSU,WI,00310654004,BYDUREON B,2024,3,true,,,
FFSU,WI,00310654004,BYDUREON B,2024,2,true,,,
FFSU,WI,00310654004,BYDUREON B,2024,1,true,,,
FFSU,WV,00310654004,BYDUREON B,2024,4,true,,,
FFSU,WV,00310654004,BYDUREON B,2024,3,true,,,
FFSU,WY,00310654004,BYDUREON B,2024,4,true,,,
FFSU,WY,00310654004,BYDUREON B,2024,3,true,,,
FFSU,WY,00310654004,BYDUREON B,2024,2,true,,,
FFSU,WY,00310654004,BYDUREON B,2024,1,true,,,
