utilization_type,state,ndc,product_name,year,quarter,suppression_used,units_reimbursed,number_of_prescriptions,total_amount_reimbursed
FFSU,AK,00002143380,TRULICITY ,2015,4,true,,,
FFSU,AK,00002143480,TRULICITY ,2015,4,true,,,
FFSU,AK,00002143380,TRULICITY ,2015,3,true,,,
FFSU,AK,00002143480,TRULICITY ,2015,3,true,,,
FFSU,AK,00002143380,TRULICITY ,2015,2,true,,,
FFSU,AK,00002143380,TRULICITY ,2015,1,true,,,
FFSU,AL,00002143380,TRULICITY ,2015,4,false,74.500,38,20061.03
FFSU,AL,00002143480,TRULICITY ,2015,4,false,54.000,27,16697.74
FFSU,AL,00002143380,TRULICITY ,2015,3,false,40.500,20,10784.31
FFSU,AL,00002143480,TRULICITY ,2015,3,false,40.000,19,10782.16
FFSU,AL,00002143380,TRULICITY ,2015,2,false,30.000,13,7470.00
FFSU,AL,00002143401,TRULICITY ,2015,2,true,,,
FFSU,AL,00002143480,TRULICITY ,2015,2,false,28.000,13,7590.66
FFSU,AL,00002143380,TRULICITY ,2015,1,true,,,
FFSU,AL,00002143480,TRULICITY ,2015,1,true,,,
MCOU,AZ,00002143380,TRULICITY ,2015,4,false,28.000,13,7541.75
MCOU,AZ,00002143480,TRULICITY ,2015,4,false,22.000,11,5949.39
MCOU,AZ,00002143380,TRULICITY ,2015,3,false,24.000,12,6246.87
MCOU,AZ,00002143480,TRULICITY ,2015,3,true,,,
MCOU,AZ,00002143380,TRULICITY ,2015,2,true,,,
FFSU,CA,00002143301,TRULICITY ,2015,4,true,,,
MCOU,CA,00002143301,TRULICITY ,2015,4,true,,,
MCOU,CA,00002143380,TRULICITY ,2015,4,false,220.000,105,54826.64
FFSU,CA,00002143380,TRULICITY ,2015,4,false,244.500,108,65058.45
FFSU,CA,00002143401,TRULICITY ,2015,4,true,,,
FFSU,CA,00002143480,TRULICITY ,2015,4,false,185.000,90,47895.25
MCOU,CA,00002143480,TRULICITY ,2015,4,false,185.000,89,49342.37
FFSU,CA,00002143301,TRULICITY ,2015,3,true,,,
MCOU,CA,00002143380,TRULICITY ,2015,3,false,136.000,66,32933.02
FFSU,CA,00002143380,TRULICITY ,2015,3,false,185.000,87,49154.15
MCOU,CA,00002143401,TRULICITY ,2015,3,true,,,
FFSU,CA,00002143480,TRULICITY ,2015,3,false,86.000,41,21942.27
MCOU,CA,00002143480,TRULICITY ,2015,3,false,120.000,57,30410.03
FFSU,CA,00002143301,TRULICITY ,2015,2,true,,,
MCOU,CA,00002143380,TRULICITY ,2015,2,false,54.000,26,10381.33
FFSU,CA,00002143380,TRULICITY ,2015,2,false,40.000,19,9994.84
FFSU,CA,00002143480,TRULICITY ,2015,2,false,34.000,15,7612.54
MCOU,CA,00002143480,TRULICITY ,2015,2,false,71.000,34,15716.21
FFSU,CA,00002143301,TRULICITY ,2015,1,true,,,
FFSU,CA,00002143380,TRULICITY ,2015,1,true,,,
MCOU,CA,00002143380,TRULICITY ,2015,1,true,,,
MCOU,CA,00002143480,TRULICITY ,2015,1,true,,,
FFSU,CA,00002143480,TRULICITY ,2015,1,true,,,
FFSU,CO,00002143380,TRULICITY ,2015,4,false,46.000,21,12502.49
FFSU,CO,00002143480,TRULICITY ,2015,4,false,40.000,20,10052.80
FFSU,CO,00002143380,TRULICITY ,2015,3,true,,,
FFSU,CO,00002143480,TRULICITY ,2015,3,true,,,
FFSU,CO,00002143380,TRULICITY ,2015,2,true,,,
FFSU,CO,00002143480,TRULICITY ,2015,2,true,,,
FFSU,CO,00002143380,TRULICITY ,2015,1,true,,,
FFSU,CO,00002143480,TRULICITY ,2015,1,true,,,
FFSU,CT,00002143380,TRULICITY ,2015,4,false,278.000,113,74234.14
FFSU,CT,00002143480,TRULICITY ,2015,4,false,328.000,145,87590.78
FFSU,CT,00002143380,TRULICITY ,2015,3,false,236.000,104,63016.58
FFSU,CT,00002143480,TRULICITY ,2015,3,false,250.000,107,66767.56
FFSU,CT,00002143380,TRULICITY ,2015,2,false,128.000,56,32029.87
FFSU,CT,00002143480,TRULICITY ,2015,2,false,92.500,43,22527.36
FFSU,CT,00002143380,TRULICITY ,2015,1,false,36.000,13,8880.72
FFSU,CT,00002143480,TRULICITY ,2015,1,true,,,
MCOU,DC,00002143380,TRULICITY ,2015,4,true,,,
FFSU,DC,00002143380,TRULICITY ,2015,4,true,,,
FFSU,DC,00002143480,TRULICITY ,2015,4,true,,,
FFSU,DC,00002143380,TRULICITY ,2015,3,true,,,
FFSU,DC,00002143480,TRULICITY ,2015,3,true,,,
FFSU,DC,00002143380,TRULICITY ,2015,2,true,,,
MCOU,DE,00002143380,TRULICITY ,2015,4,true,,,
MCOU,DE,00002143480,TRULICITY ,2015,4,true,,,
MCOU,DE,00002143380,TRULICITY ,2015,3,false,30.000,12,6119.72
MCOU,DE,00002143480,TRULICITY ,2015,3,true,,,
MCOU,DE,00002143380,TRULICITY ,2015,2,true,,,
MCOU,DE,00002143480,TRULICITY ,2015,2,true,,,
MCOU,DE,00002143480,TRULICITY ,2015,1,true,,,
FFSU,FL,00002143380,TRULICITY ,2015,4,true,,,
MCOU,FL,00002143380,TRULICITY ,2015,4,true,,,
MCOU,FL,00002143480,TRULICITY ,2015,4,true,,,
MCOU,FL,00002143301,TRULICITY ,2015,3,true,,,
MCOU,FL,00002143401,TRULICITY ,2015,3,true,,,
MCOU,FL,00002143480,TRULICITY ,2015,3,true,,,
MCOU,FL,00002143301,TRULICITY ,2015,2,true,,,
MCOU,FL,00002143380,TRULICITY ,2015,2,true,,,
FFSU,GA,00002143380,TRULICITY ,2015,4,true,,,
MCOU,GA,00002143380,TRULICITY ,2015,4,true,,,
MCOU,GA,00002143480,TRULICITY ,2015,4,true,,,
FFSU,GA,00002143380,TRULICITY ,2015,3,true,,,
MCOU,GA,00002143380,TRULICITY ,2015,3,true,,,
MCOU,GA,00002143480,TRULICITY ,2015,3,true,,,
FFSU,GA,00002143480,TRULICITY ,2015,3,true,,,
MCOU,GA,00002143380,TRULICITY ,2015,2,true,,,
FFSU,GA,00002143380,TRULICITY ,2015,2,true,,,
MCOU,GA,00002143480,TRULICITY ,2015,2,true,,,
MCOU,GA,00002143380,TRULICITY ,2015,1,true,,,
FFSU,GA,00002143380,TRULICITY ,2015,1,true,,,
MCOU,HI,00002143380,TRULICITY ,2015,4,true,,,
MCOU,HI,00002143480,TRULICITY ,2015,4,true,,,
MCOU,HI,00002143480,TRULICITY ,2015,3,true,,,
MCOU,HI,00002143480,TRULICITY ,2015,2,true,,,
FFSU,IA,00002143480,TRULICITY ,2015,4,true,,,
FFSU,IA,00002143380,TRULICITY ,2015,3,true,,,
FFSU,IA,00002143480,TRULICITY ,2015,3,true,,,
FFSU,ID,00002143380,TRULICITY ,2015,4,true,,,
FFSU,ID,00002143480,TRULICITY ,2015,4,true,,,
FFSU,ID,00002143480,TRULICITY ,2015,3,true,,,
FFSU,ID,00002143380,TRULICITY ,2015,2,true,,,
FFSU,IL,00002143380,TRULICITY ,2015,4,true,,,
MCOU,IL,00002143380,TRULICITY ,2015,4,false,32.000,16,8391.04
MCOU,IL,00002143480,TRULICITY ,2015,4,false,78.000,39,20440.10
FFSU,IL,00002143480,TRULICITY ,2015,4,true,,,
MCOU,IL,00002143380,TRULICITY ,2015,3,false,24.000,12,6318.12
MCOU,IL,00002143480,TRULICITY ,2015,3,false,58.000,25,13849.90
FFSU,IL,00002143480,TRULICITY ,2015,3,true,,,
MCOU,IL,00002143380,TRULICITY ,2015,2,true,,,
FFSU,IL,00002143480,TRULICITY ,2015,2,true,,,
MCOU,IL,00002143380,TRULICITY ,2015,1,true,,,
MCOU,IL,00002143480,TRULICITY ,2015,1,true,,,
FFSU,IL,00002143480,TRULICITY ,2015,1,true,,,
MCOU,IN,00002143380,TRULICITY ,2015,4,false,632.000,313,170550.92
MCOU,IN,00002143401,TRULICITY ,2015,4,true,,,
MCOU,IN,00002143480,TRULICITY ,2015,4,false,664.000,332,179339.79
MCOU,IN,00002143380,TRULICITY ,2015,3,false,370.000,184,99002.66
MCOU,IN,00002143480,TRULICITY ,2015,3,false,382.000,187,102756.03
MCOU,IN,00002143380,TRULICITY ,2015,2,false,142.000,71,35415.14
MCOU,IN,00002143480,TRULICITY ,2015,2,false,105.000,53,26439.18
FFSU,IN,00002143480,TRULICITY ,2015,2,true,,,
FFSU,IN,00002143380,TRULICITY ,2015,1,true,,,
MCOU,IN,00002143380,TRULICITY ,2015,1,true,,,
MCOU,IN,00002143480,TRULICITY ,2015,1,true,,,
FFSU,IN,00002143480,TRULICITY ,2015,1,false,82.000,21,20263.04
MCOU,KS,00002143380,TRULICITY ,2015,4,false,36.000,15,8742.20
MCOU,KS,00002143480,TRULICITY ,2015,4,false,30.000,12,8306.33
MCOU,KS,00002143380,TRULICITY ,2015,3,false,30.000,13,7519.51
MCOU,KS,00002143380,TRULICITY ,2015,2,true,,,
FFSU,KY,00002143380,TRULICITY ,2015,4,true,,,
MCOU,KY,00002143380,TRULICITY ,2015,4,false,68.000,27,14780.10
MCOU,KY,00002143480,TRULICITY ,2015,4,false,116.000,58,31945.89
FFSU,KY,00002143480,TRULICITY ,2015,4,true,,,
MCOU,KY,00002143380,TRULICITY ,2015,3,false,118.000,59,32549.54
FFSU,KY,00002143380,TRULICITY ,2015,3,true,,,
MCOU,KY,00002143480,TRULICITY ,2015,3,false,62.000,31,17009.85
FFSU,KY,00002143380,TRULICITY ,2015,2,true,,,
MCOU,KY,00002143380,TRULICITY ,2015,2,false,120.000,46,23860.51
MCOU,KY,00002143480,TRULICITY ,2015,2,true,,,
MCOU,KY,00002143380,TRULICITY ,2015,1,true,,,
FFSU,LA,00002143380,TRULICITY ,2015,4,true,,,
MCOU,LA,00002143380,TRULICITY ,2015,4,true,,,
MCOU,LA,00002143480,TRULICITY ,2015,4,true,,,
FFSU,LA,00002143480,TRULICITY ,2015,4,true,,,
MCOU,LA,00002143380,TRULICITY ,2015,3,true,,,
MCOU,LA,00002143480,TRULICITY ,2015,3,true,,,
FFSU,LA,00002143480,TRULICITY ,2015,3,true,,,
MCOU,LA,00002143380,TRULICITY ,2015,2,true,,,
MCOU,LA,00002143480,TRULICITY ,2015,2,true,,,
MCOU,LA,00002143380,TRULICITY ,2015,1,true,,,
MCOU,LA,00002143480,TRULICITY ,2015,1,true,,,
MCOU,MA,00002143301,TRULICITY ,2015,4,true,,,
MCOU,MA,00002143380,TRULICITY ,2015,4,false,294.000,135,77834.08
FFSU,MA,00002143380,TRULICITY ,2015,4,false,144.000,71,37490.63
FFSU,MA,00002143480,TRULICITY ,2015,4,false,86.000,43,23548.08
MCOU,MA,00002143480,TRULICITY ,2015,4,false,222.000,103,59286.94
FFSU,MA,00002143380,TRULICITY ,2015,3,false,46.000,23,12688.77
MCOU,MA,00002143380,TRULICITY ,2015,3,false,162.500,76,43362.37
MCOU,MA,00002143401,TRULICITY ,2015,3,true,,,
FFSU,MA,00002143480,TRULICITY ,2015,3,false,43.500,25,11870.69
MCOU,MA,00002143480,TRULICITY ,2015,3,false,48.000,24,12874.44
FFSU,MA,00002143380,TRULICITY ,2015,2,false,48.000,23,11917.38
MCOU,MA,00002143380,TRULICITY ,2015,2,false,58.000,29,13664.16
FFSU,MA,00002143480,TRULICITY ,2015,2,true,,,
MCOU,MA,00002143480,TRULICITY ,2015,2,true,,,
FFSU,MA,00002143380,TRULICITY ,2015,1,true,,,
MCOU,MA,00002143380,TRULICITY ,2015,1,true,,,
MCOU,MD,00002143380,TRULICITY ,2015,4,false,40.500,21,12389.22
MCOU,MD,00002143480,TRULICITY ,2015,4,false,50.000,25,13527.06
MCOU,MD,00002143380,TRULICITY ,2015,3,false,38.500,20,11263.92
FFSU,MD,00002143380,TRULICITY ,2015,3,true,,,
MCOU,MD,00002143480,TRULICITY ,2015,3,true,,,
MCOU,MD,00002143380,TRULICITY ,2015,2,true,,,
MCOU,MD,00002143480,TRULICITY ,2015,2,true,,,
MCOU,MD,00002143480,TRULICITY ,2015,1,true,,,
FFSU,ME,00002143380,TRULICITY ,2015,4,false,94.000,47,25967.29
FFSU,ME,00002143480,TRULICITY ,2015,4,false,92.000,46,24680.86
FFSU,ME,00002143301,TRULICITY ,2015,3,true,,,
FFSU,ME,00002143380,TRULICITY ,2015,3,false,78.000,39,20857.45
FFSU,ME,00002143480,TRULICITY ,2015,3,false,64.000,32,17164.11
FFSU,ME,00002143380,TRULICITY ,2015,2,true,,,
FFSU,ME,00002143480,TRULICITY ,2015,2,true,,,
FFSU,ME,00002143380,TRULICITY ,2015,1,true,,,
FFSU,MI,00002143380,TRULICITY ,2015,4,true,,,
MCOU,MI,00002143380,TRULICITY ,2015,4,false,61.000,31,16864.92
MCOU,MI,00002143480,TRULICITY ,2015,4,false,47.000,24,12924.87
FFSU,MI,00002143480,TRULICITY ,2015,4,true,,,
MCOU,MI,00002143380,TRULICITY ,2015,3,false,50.000,25,13769.14
FFSU,MI,00002143380,TRULICITY ,2015,3,true,,,
MCOU,MI,00002143480,TRULICITY ,2015,3,false,38.000,19,10232.40
FFSU,MI,00002143480,TRULICITY ,2015,3,true,,,
MCOU,MI,00002143380,TRULICITY ,2015,2,false,30.000,15,7832.69
MCOU,MI,00002143480,TRULICITY ,2015,2,true,,,
MCOU,MI,00002143380,TRULICITY ,2015,1,true,,,
MCOU,MI,00002143480,TRULICITY ,2015,1,true,,,
MCOU,MN,00002143301,TRULICITY ,2015,4,true,,,
MCOU,MN,00002143380,TRULICITY ,2015,4,false,200.000,99,54804.97
FFSU,MN,00002143380,TRULICITY ,2015,4,true,,,
MCOU,MN,00002143401,TRULICITY ,2015,4,true,,,
MCOU,MN,00002143480,TRULICITY ,2015,4,false,282.500,137,77712.94
FFSU,MN,00002143480,TRULICITY ,2015,4,true,,,
MCOU,MN,00002143301,TRULICITY ,2015,3,true,,,
MCOU,MN,00002143380,TRULICITY ,2015,3,false,44.000,21,12093.72
FFSU,MN,00002143380,TRULICITY ,2015,3,true,,,
MCOU,MN,00002143401,TRULICITY ,2015,3,true,,,
MCOU,MN,00002143480,TRULICITY ,2015,3,false,42.000,21,11497.79
FFSU,MN,00002143480,TRULICITY ,2015,3,true,,,
FFSU,MN,00002143380,TRULICITY ,2015,2,true,,,
MCOU,MN,00002143380,TRULICITY ,2015,2,true,,,
MCOU,MN,00002143401,TRULICITY ,2015,2,true,,,
MCOU,MN,00002143480,TRULICITY ,2015,2,true,,,
FFSU,MN,00002143380,TRULICITY ,2015,1,true,,,
MCOU,MN,00002143380,TRULICITY ,2015,1,true,,,
FFSU,MO,00002143380,TRULICITY ,2015,4,false,158.000,75,45100.17
FFSU,MO,00002143401,TRULICITY ,2015,4,true,,,
FFSU,MO,00002143480,TRULICITY ,2015,4,false,198.000,96,57106.65
FFSU,MO,00002143380,TRULICITY ,2015,3,false,186.000,89,52445.85
FFSU,MO,00002143401,TRULICITY ,2015,3,true,,,
FFSU,MO,00002143480,TRULICITY ,2015,3,false,104.000,52,30890.35
FFSU,MO,00002143380,TRULICITY ,2015,2,false,64.000,28,15458.64
FFSU,MO,00002143480,TRULICITY ,2015,2,false,34.000,16,8894.12
FFSU,MO,00002143380,TRULICITY ,2015,1,true,,,
FFSU,MO,00002143480,TRULICITY ,2015,1,false,26.000,12,6704.88
MCOU,MS,00002143380,TRULICITY ,2015,4,true,,,
MCOU,MS,00002143480,TRULICITY ,2015,4,true,,,
MCOU,MS,00002143480,TRULICITY ,2015,3,true,,,
MCOU,MS,00002143380,TRULICITY ,2015,1,true,,,
FFSU,MT,00002143480,TRULICITY ,2015,4,true,,,
FFSU,MT,00002143480,TRULICITY ,2015,3,true,,,
FFSU,MT,00002143480,TRULICITY ,2015,2,true,,,
FFSU,XX,00002143301,TRULICITY ,2015,4,true,,,
MCOU,XX,00002143301,TRULICITY ,2015,4,true,,,
FFSU,XX,00002143380,TRULICITY ,2015,4,false,1471.000,686,395152.24
MCOU,XX,00002143380,TRULICITY ,2015,4,false,2859.500,1386,762932.21
FFSU,XX,00002143401,TRULICITY ,2015,4,true,,,
MCOU,XX,00002143401,TRULICITY ,2015,4,true,,,
FFSU,XX,00002143480,TRULICITY ,2015,4,false,1512.500,717,406938.75
MCOU,XX,00002143480,TRULICITY ,2015,4,false,2806.000,1382,751638.03
FFSU,XX,00002143301,TRULICITY ,2015,3,true,,,
MCOU,XX,00002143301,TRULICITY ,2015,3,true,,,
FFSU,XX,00002143380,TRULICITY ,2015,3,false,1155.000,548,309586.51
MCOU,XX,00002143380,TRULICITY ,2015,3,false,2072.500,1021,545905.46
FFSU,XX,00002143401,TRULICITY ,2015,3,true,,,
MCOU,XX,00002143401,TRULICITY ,2015,3,true,,,
FFSU,XX,00002143480,TRULICITY ,2015,3,false,977.500,464,265024.09
MCOU,XX,00002143480,TRULICITY ,2015,3,false,1702.500,834,448891.03
FFSU,XX,00002143301,TRULICITY ,2015,2,true,,,
MCOU,XX,00002143301,TRULICITY ,2015,2,true,,,
FFSU,XX,00002143380,TRULICITY ,2015,2,false,552.000,253,135650.56
MCOU,XX,00002143380,TRULICITY ,2015,2,false,1209.000,573,286778.09
FFSU,XX,00002143401,TRULICITY ,2015,2,true,,,
MCOU,XX,00002143401,TRULICITY ,2015,2,true,,,
FFSU,XX,00002143480,TRULICITY ,2015,2,false,452.500,206,108733.68
MCOU,XX,00002143480,TRULICITY ,2015,2,false,807.500,388,192272.04
FFSU,XX,00002143301,TRULICITY ,2015,1,true,,,
MCOU,XX,00002143301,TRULICITY ,2015,1,true,,,
FFSU,XX,00002143380,TRULICITY ,2015,1,false,152.000,66,35970.36
MCOU,XX,00002143380,TRULICITY ,2015,1,false,245.000,108,54445.67
MCOU,XX,00002143401,TRULICITY ,2015,1,true,,,
FFSU,XX,00002143480,TRULICITY ,2015,1,false,186.500,70,44935.61
MCOU,XX,00002143480,TRULICITY ,2015,1,false,138.500,63,31576.51
FFSU,NC,00002143380,TRULICITY ,2015,4,false,91.000,44,24818.24
FFSU,NC,00002143480,TRULICITY ,2015,4,false,122.000,53,33271.76
FFSU,NC,00002143380,TRULICITY ,2015,3,false,62.500,32,17062.70
FFSU,NC,00002143480,TRULICITY ,2015,3,false,103.000,45,28090.84
FFSU,NC,00002143380,TRULICITY ,2015,2,false,28.000,14,7156.20
FFSU,NC,00002143480,TRULICITY ,2015,2,false,50.000,21,12329.46
FFSU,NC,00002143380,TRULICITY ,2015,1,true,,,
FFSU,NC,00002143480,TRULICITY ,2015,1,true,,,
FFSU,ND,00002143380,TRULICITY ,2015,4,true,,,
MCOU,ND,00002143380,TRULICITY ,2015,4,true,,,
MCOU,ND,00002143480,TRULICITY ,2015,4,true,,,
FFSU,ND,00002143480,TRULICITY ,2015,4,true,,,
FFSU,ND,00002143380,TRULICITY ,2015,3,true,,,
MCOU,ND,00002143380,TRULICITY ,2015,3,true,,,
MCOU,ND,00002143480,TRULICITY ,2015,3,true,,,
FFSU,ND,00002143480,TRULICITY ,2015,3,true,,,
FFSU,ND,00002143380,TRULICITY ,2015,2,true,,,
MCOU,ND,00002143480,TRULICITY ,2015,2,true,,,
FFSU,ND,00002143480,TRULICITY ,2015,2,true,,,
FFSU,ND,00002143380,TRULICITY ,2015,1,true,,,
MCOU,ND,00002143480,TRULICITY ,2015,1,true,,,
FFSU,NE,00002143380,TRULICITY ,2015,4,false,32.000,16,9128.56
FFSU,NE,00002143480,TRULICITY ,2015,4,false,37.500,21,10679.70
FFSU,NE,00002143380,TRULICITY ,2015,3,true,,,
FFSU,NE,00002143480,TRULICITY ,2015,3,false,36.000,19,10253.83
FFSU,NE,00002143380,TRULICITY ,2015,2,true,,,
FFSU,NE,00002143480,TRULICITY ,2015,2,false,30.000,15,8039.42
FFSU,NE,00002143380,TRULICITY ,2015,1,true,,,
FFSU,NE,00002143480,TRULICITY ,2015,1,true,,,
MCOU,NH,00002143380,TRULICITY ,2015,4,true,,,
MCOU,NH,00002143480,TRULICITY ,2015,4,true,,,
MCOU,NH,00002143380,TRULICITY ,2015,3,true,,,
MCOU,NH,00002143480,TRULICITY ,2015,3,true,,,
MCOU,NH,00002143380,TRULICITY ,2015,2,true,,,
MCOU,NH,00002143480,TRULICITY ,2015,2,true,,,
MCOU,NH,00002143380,TRULICITY ,2015,1,true,,,
MCOU,NJ,00002143380,TRULICITY ,2015,4,false,30.000,15,8067.40
MCOU,NJ,00002143480,TRULICITY ,2015,4,false,64.000,29,16801.87
MCOU,NJ,00002143301,TRULICITY ,2015,3,true,,,
MCOU,NJ,00002143380,TRULICITY ,2015,3,true,,,
MCOU,NJ,00002143480,TRULICITY ,2015,3,false,22.000,11,4644.92
MCOU,NJ,00002143301,TRULICITY ,2015,2,true,,,
MCOU,NJ,00002143380,TRULICITY ,2015,2,true,,,
FFSU,NJ,00002143380,TRULICITY ,2015,2,true,,,
FFSU,NJ,00002143480,TRULICITY ,2015,2,true,,,
MCOU,NJ,00002143480,TRULICITY ,2015,2,true,,,
MCOU,NJ,00002143301,TRULICITY ,2015,1,true,,,
MCOU,NJ,00002143380,TRULICITY ,2015,1,true,,,
MCOU,NJ,00002143480,TRULICITY ,2015,1,true,,,
MCOU,NM,00002143480,TRULICITY ,2015,4,true,,,
MCOU,NM,00002143480,TRULICITY ,2015,2,true,,,
FFSU,NV,00002143380,TRULICITY ,2015,4,false,50.500,25,13438.89
MCOU,NV,00002143380,TRULICITY ,2015,4,false,54.000,25,15301.59
MCOU,NV,00002143480,TRULICITY ,2015,4,false,26.000,13,6978.70
FFSU,NV,00002143480,TRULICITY ,2015,4,false,62.000,32,16404.24
FFSU,NV,00002143380,TRULICITY ,2015,3,false,26.000,13,7113.60
MCOU,NV,00002143380,TRULICITY ,2015,3,false,32.000,16,8776.08
MCOU,NV,00002143480,TRULICITY ,2015,3,false,24.000,12,6415.15
FFSU,NV,00002143480,TRULICITY ,2015,3,false,53.500,27,14774.37
MCOU,NV,00002143380,TRULICITY ,2015,2,true,,,
FFSU,NV,00002143380,TRULICITY ,2015,2,true,,,
MCOU,NV,00002143480,TRULICITY ,2015,2,true,,,
FFSU,NV,00002143480,TRULICITY ,2015,2,false,46.000,15,11496.45
MCOU,NV,00002143480,TRULICITY ,2015,1,true,,,
FFSU,NV,00002143480,TRULICITY ,2015,1,true,,,
MCOU,NY,00002143301,TRULICITY ,2015,4,true,,,
MCOU,NY,00002143380,TRULICITY ,2015,4,false,360.000,180,96432.33
FFSU,NY,00002143380,TRULICITY ,2015,4,false,42.000,19,10983.84
MCOU,NY,00002143480,TRULICITY ,2015,4,false,255.000,129,67761.11
FFSU,NY,00002143480,TRULICITY ,2015,4,false,50.000,25,13303.95
MCOU,NY,00002143301,TRULICITY ,2015,3,true,,,
MCOU,NY,00002143380,TRULICITY ,2015,3,false,431.000,221,112752.81
FFSU,NY,00002143380,TRULICITY ,2015,3,false,66.000,31,16122.10
FFSU,NY,00002143480,TRULICITY ,2015,3,false,30.000,15,6622.35
MCOU,NY,00002143480,TRULICITY ,2015,3,false,280.500,136,73138.54
MCOU,NY,00002143380,TRULICITY ,2015,2,false,284.500,143,71035.80
FFSU,NY,00002143380,TRULICITY ,2015,2,false,54.000,25,10802.15
FFSU,NY,00002143480,TRULICITY ,2015,2,false,36.000,18,6719.19
MCOU,NY,00002143480,TRULICITY ,2015,2,false,186.000,88,46460.63
FFSU,NY,00002143380,TRULICITY ,2015,1,true,,,
MCOU,NY,00002143380,TRULICITY ,2015,1,false,86.000,38,19568.74
MCOU,NY,00002143401,TRULICITY ,2015,1,true,,,
MCOU,NY,00002143480,TRULICITY ,2015,1,false,40.500,18,9599.32
FFSU,NY,00002143480,TRULICITY ,2015,1,true,,,
FFSU,OH,00002143380,TRULICITY ,2015,4,false,38.500,16,10084.05
MCOU,OH,00002143380,TRULICITY ,2015,4,false,160.000,80,43004.82
MCOU,OH,00002143480,TRULICITY ,2015,4,false,132.000,64,34114.19
FFSU,OH,00002143480,TRULICITY ,2015,4,false,30.000,15,8520.45
MCOU,OH,00002143380,TRULICITY ,2015,3,false,106.000,53,28115.65
FFSU,OH,00002143380,TRULICITY ,2015,3,false,62.000,28,16315.14
FFSU,OH,00002143480,TRULICITY ,2015,3,false,28.000,14,7949.62
MCOU,OH,00002143480,TRULICITY ,2015,3,false,100.000,48,25901.99
MCOU,OH,00002143301,TRULICITY ,2015,2,true,,,
MCOU,OH,00002143380,TRULICITY ,2015,2,false,56.000,28,13851.58
FFSU,OH,00002143380,TRULICITY ,2015,2,false,24.000,12,6291.60
FFSU,OH,00002143480,TRULICITY ,2015,2,true,,,
MCOU,OH,00002143480,TRULICITY ,2015,2,false,46.000,23,9618.75
MCOU,OH,00002143380,TRULICITY ,2015,1,true,,,
MCOU,OH,00002143480,TRULICITY ,2015,1,true,,,
FFSU,OK,00002143380,TRULICITY ,2015,4,true,,,
FFSU,OK,00002143480,TRULICITY ,2015,4,false,30.000,15,8479.35
FFSU,OK,00002143380,TRULICITY ,2015,3,true,,,
FFSU,OK,00002143480,TRULICITY ,2015,3,true,,,
FFSU,OK,00002143380,TRULICITY ,2015,2,true,,,
FFSU,OR,00002143380,TRULICITY ,2015,4,true,,,
MCOU,OR,00002143380,TRULICITY ,2015,4,true,,,
MCOU,OR,00002143480,TRULICITY ,2015,4,true,,,
MCOU,OR,00002143380,TRULICITY ,2015,3,true,,,
FFSU,OR,00002143380,TRULICITY ,2015,3,true,,,
MCOU,OR,00002143480,TRULICITY ,2015,3,true,,,
MCOU,OR,00002143380,TRULICITY ,2015,2,true,,,
FFSU,OR,00002143380,TRULICITY ,2015,2,true,,,
MCOU,PA,00002143301,TRULICITY ,2015,4,true,,,
FFSU,PA,00002143380,TRULICITY ,2015,4,true,,,
MCOU,PA,00002143380,TRULICITY ,2015,4,false,190.000,86,51961.80
FFSU,PA,00002143480,TRULICITY ,2015,4,true,,,
MCOU,PA,00002143480,TRULICITY ,2015,4,false,91.000,44,24616.87
FFSU,PA,00002143380,TRULICITY ,2015,3,true,,,
MCOU,PA,00002143380,TRULICITY ,2015,3,false,78.000,38,20445.21
MCOU,PA,00002143480,TRULICITY ,2015,3,false,34.000,17,8978.87
FFSU,PA,00002143380,TRULICITY ,2015,2,true,,,
MCOU,PA,00002143380,TRULICITY ,2015,2,false,60.000,30,14688.44
MCOU,PA,00002143480,TRULICITY ,2015,2,false,20.500,11,5016.88
MCOU,PA,00002143380,TRULICITY ,2015,1,true,,,
FFSU,PA,00002143380,TRULICITY ,2015,1,true,,,
MCOU,RI,00002143480,TRULICITY ,2015,2,true,,,
FFSU,RI,00002143480,TRULICITY ,2015,1,true,,,
MCOU,RI,00002143480,TRULICITY ,2015,1,true,,,
MCOU,SC,00002143380,TRULICITY ,2015,4,true,,,
FFSU,SC,00002143480,TRULICITY ,2015,4,true,,,
MCOU,SC,00002143480,TRULICITY ,2015,4,true,,,
MCOU,SC,00002143380,TRULICITY ,2015,3,true,,,
FFSU,SC,00002143480,TRULICITY ,2015,3,true,,,
MCOU,SC,00002143480,TRULICITY ,2015,3,true,,,
MCOU,SC,00002143380,TRULICITY ,2015,2,true,,,
MCOU,SC,00002143480,TRULICITY ,2015,2,true,,,
FFSU,SC,00002143480,TRULICITY ,2015,2,true,,,
MCOU,SC,00002143480,TRULICITY ,2015,1,true,,,
FFSU,SD,00002143380,TRULICITY ,2015,4,false,29.000,17,8102.10
FFSU,SD,00002143480,TRULICITY ,2015,4,false,30.000,11,6759.36
FFSU,SD,00002143380,TRULICITY ,2015,3,false,23.000,12,6365.81
FFSU,SD,00002143480,TRULICITY ,2015,3,true,,,
FFSU,SD,00002143380,TRULICITY ,2015,2,true,,,
FFSU,SD,00002143480,TRULICITY ,2015,2,true,,,
FFSU,TN,00002143380,TRULICITY ,2015,4,true,,,
FFSU,TN,00002143480,TRULICITY ,2015,4,false,42.000,21,11389.74
FFSU,TN,00002143380,TRULICITY ,2015,3,true,,,
FFSU,TN,00002143480,TRULICITY ,2015,3,false,29.000,15,7863.88
FFSU,TN,00002143380,TRULICITY ,2015,2,true,,,
FFSU,TN,00002143480,TRULICITY ,2015,2,true,,,
FFSU,TN,00002143380,TRULICITY ,2015,1,true,,,
MCOU,TX,00002143380,TRULICITY ,2015,4,false,187.000,92,50002.88
MCOU,TX,00002143480,TRULICITY ,2015,4,false,233.000,117,59906.94
MCOU,TX,00002143380,TRULICITY ,2015,3,false,221.500,107,60079.63
FFSU,TX,00002143380,TRULICITY ,2015,3,true,,,
FFSU,TX,00002143480,TRULICITY ,2015,3,true,,,
MCOU,TX,00002143480,TRULICITY ,2015,3,false,269.500,131,71896.68
FFSU,TX,00002143380,TRULICITY ,2015,2,true,,,
MCOU,TX,00002143380,TRULICITY ,2015,2,false,216.500,97,51032.98
MCOU,TX,00002143480,TRULICITY ,2015,2,false,197.500,91,44763.93
FFSU,TX,00002143480,TRULICITY ,2015,2,true,,,
MCOU,TX,00002143380,TRULICITY ,2015,1,false,36.000,16,8574.64
MCOU,TX,00002143480,TRULICITY ,2015,1,true,,,
MCOU,UT,00002143380,TRULICITY ,2015,4,true,,,
MCOU,UT,00002143480,TRULICITY ,2015,4,true,,,
MCOU,UT,00002143380,TRULICITY ,2015,3,true,,,
MCOU,UT,00002143480,TRULICITY ,2015,3,true,,,
FFSU,VA,00002143380,TRULICITY ,2015,4,true,,,
MCOU,VA,00002143380,TRULICITY ,2015,4,false,132.500,67,36021.75
MCOU,VA,00002143480,TRULICITY ,2015,4,false,110.000,55,30100.12
FFSU,VA,00002143480,TRULICITY ,2015,4,true,,,
MCOU,VA,00002143380,TRULICITY ,2015,3,false,79.000,41,21434.19
MCOU,VA,00002143480,TRULICITY ,2015,3,false,66.000,33,18058.09
MCOU,VA,00002143380,TRULICITY ,2015,2,false,39.500,22,10140.44
MCOU,VA,00002143480,TRULICITY ,2015,2,false,28.000,14,7316.14
MCOU,VA,00002143380,TRULICITY ,2015,1,true,,,
MCOU,VA,00002143480,TRULICITY ,2015,1,true,,,
FFSU,VT,00002143380,TRULICITY ,2015,4,true,,,
FFSU,VT,00002143480,TRULICITY ,2015,4,true,,,
FFSU,VT,00002143380,TRULICITY ,2015,3,true,,,
FFSU,VT,00002143380,TRULICITY ,2015,2,true,,,
FFSU,VT,00002143380,TRULICITY ,2015,1,true,,,
MCOU,WA,00002143380,TRULICITY ,2015,4,true,,,
MCOU,WA,00002143480,TRULICITY ,2015,4,false,44.000,22,11622.00
FFSU,WA,00002143480,TRULICITY ,2015,4,true,,,
MCOU,WA,00002143380,TRULICITY ,2015,3,true,,,
MCOU,WA,00002143480,TRULICITY ,2015,3,false,26.000,13,6840.23
MCOU,WA,00002143380,TRULICITY ,2015,2,true,,,
MCOU,WA,00002143480,TRULICITY ,2015,2,true,,,
MCOU,WA,00002143380,TRULICITY ,2015,1,true,,,
MCOU,WA,00002143480,TRULICITY ,2015,1,true,,,
MCOU,WI,00002143380,TRULICITY ,2015,4,true,,,
FFSU,WI,00002143380,TRULICITY ,2015,4,true,,,
FFSU,WI,00002143380,TRULICITY ,2015,3,true,,,
FFSU,WI,00002143380,TRULICITY ,2015,2,true,,,
MCOU,WV,00002143380,TRULICITY ,2015,4,true,,,
FFSU,WV,00002143380,TRULICITY ,2015,4,true,,,
FFSU,WV,00002143480,TRULICITY ,2015,4,true,,,
MCOU,WV,00002143480,TRULICITY ,2015,4,false,22.000,11,5877.24
FFSU,WV,00002143380,TRULICITY ,2015,3,true,,,
MCOU,WV,00002143380,TRULICITY ,2015,3,true,,,
MCOU,WV,00002143480,TRULICITY ,2015,3,true,,,
FFSU,WV,00002143480,TRULICITY ,2015,3,true,,,
FFSU,WV,00002143380,TRULICITY ,2015,2,true,,,
FFSU,WV,00002143480,TRULICITY ,2015,2,true,,,
FFSU,WV,00002143380,TRULICITY ,2015,1,true,,,
FFSU,WY,00002143480,TRULICITY ,2015,4,true,,,
FFSU,WY,00002143480,TRULICITY ,2015,3,true,,,
FFSU,AK,00169406012,VICTOZA 2-,2015,4,false,198.000,34,13647.00
FFSU,AK,00169406013,VICTOZA 3-,2015,4,false,738.000,81,49894.09
FFSU,AK,00169406012,VICTOZA 2-,2015,3,false,303.000,51,20854.13
FFSU,AK,00169406013,VICTOZA 3-,2015,3,false,513.000,59,35223.67
FFSU,AK,00169406012,VICTOZA 2-,2015,2,false,186.000,31,12704.42
FFSU,AK,00169406013,VICTOZA 3-,2015,2,false,489.000,52,33481.85
FFSU,AK,00169406012,VICTOZA 2-,2015,1,false,156.000,23,10230.31
FFSU,AK,00169406013,VICTOZA 3-,2015,1,false,342.000,37,22055.83
FFSU,AL,00169406012,Victoza 6M,2015,4,false,1461.000,239,106000.08
FFSU,AL,00169406013,Victoza 6M,2015,4,false,4017.000,420,286382.57
FFSU,AL,00169406012,Victoza 6M,2015,3,false,1317.000,216,94702.88
FFSU,AL,00169406013,Victoza 6M,2015,3,false,3318.000,360,240935.06
FFSU,AL,00169406012,Victoza 6M,2015,2,false,1392.000,234,100553.79
FFSU,AL,00169406013,Victoza 6M,2015,2,false,3393.000,377,243512.22
FFSU,AL,00169406012,Victoza 6M,2015,1,false,1521.000,251,102197.42
FFSU,AL,00169406013,Victoza 6M,2015,1,false,3168.000,356,208831.99
FFSU,AR,00169406012,VICTOZA 2-,2015,4,false,348.000,58,25723.00
FFSU,AR,00169406013,VICTOZA 3-,2015,4,false,564.000,63,41611.51
FFSU,AR,00169406012,VICTOZA 2-,2015,3,false,240.000,40,17740.00
FFSU,AR,00169406013,VICTOZA 3-,2015,3,false,453.000,51,33368.96
FFSU,AR,00169406012,VICTOZA 2-,2015,2,false,312.000,51,22886.89
FFSU,AR,00169406013,VICTOZA 3-,2015,2,false,441.000,51,32291.11
FFSU,AR,00169406012,VICTOZA 2-,2015,1,false,237.000,39,16336.93
FFSU,AR,00169406013,VICTOZA 3-,2015,1,false,441.000,49,30340.85
MCOU,AZ,00169406012,VICTOZA 2-,2015,4,false,3073.000,521,214892.73
FFSU,AZ,00169406012,VICTOZA 2-,2015,4,true,,,
FFSU,AZ,00169406013,VICTOZA 3-,2015,4,true,,,
MCOU,AZ,00169406013,VICTOZA 3-,2015,4,false,4227.000,466,301525.35
MCOU,AZ,00169406012,VICTOZA 2-,2015,3,false,2724.000,455,189570.39
FFSU,AZ,00169406012,VICTOZA 2-,2015,3,true,,,
FFSU,AZ,00169406013,VICTOZA 3-,2015,3,true,,,
MCOU,AZ,00169406013,VICTOZA 3-,2015,3,false,3768.000,419,268449.08
FFSU,AZ,00169406012,VICTOZA 2-,2015,2,true,,,
MCOU,AZ,00169406012,VICTOZA 2-,2015,2,false,2184.000,359,151966.51
MCOU,AZ,00169406013,VICTOZA 3-,2015,2,false,3300.000,367,229488.63
FFSU,AZ,00169406013,VICTOZA 3-,2015,2,true,,,
MCOU,AZ,00169406012,VICTOZA 2-,2015,1,false,1449.000,239,92072.29
MCOU,AZ,00169406013,VICTOZA 3-,2015,1,false,2508.000,278,162873.69
FFSU,AZ,00169406013,VICTOZA 3-,2015,1,true,,,
FFSU,CA,00169406012,VICTOZA 6M,2015,4,false,3663.000,595,266855.86
MCOU,CA,00169406012,VICTOZA 6M,2015,4,false,9555.000,1560,677002.15
MCOU,CA,00169406013,VICTOZA 6M,2015,4,false,18930.000,2056,1349515.81
FFSU,CA,00169406013,VICTOZA 6M,2015,4,false,8286.000,927,606634.43
FFSU,CA,00169406012,VICTOZA 6M,2015,3,false,3394.000,549,245014.64
MCOU,CA,00169406012,VICTOZA 6M,2015,3,false,8483.000,1372,589095.91
MCOU,CA,00169406013,VICTOZA 6M,2015,3,false,15813.000,1728,1120932.23
FFSU,CA,00169406013,VICTOZA 6M,2015,3,false,6651.000,750,479293.79
FFSU,CA,00169406012,VICTOZA 6M,2015,2,false,3320.000,537,240208.99
MCOU,CA,00169406012,VICTOZA 6M,2015,2,false,7983.000,1282,539621.04
MCOU,CA,00169406013,VICTOZA 6M,2015,2,false,14634.000,1596,1036785.34
FFSU,CA,00169406013,VICTOZA 6M,2015,2,false,6060.000,681,435906.97
MCOU,CA,00169406012,VICTOZA 6M,2015,1,false,6151.000,1002,401928.03
FFSU,CA,00169406012,VICTOZA 6M,2015,1,false,2780.000,446,191187.06
FFSU,CA,00169406013,VICTOZA 6M,2015,1,false,4611.000,515,318341.36
MCOU,CA,00169406013,VICTOZA 6M,2015,1,false,11265.000,1239,752443.48
FFSU,CO,00169406012,VICTOZA   ,2015,4,false,1110.000,156,77431.93
FFSU,CO,00169406013,VICTOZA   ,2015,4,false,3291.000,298,228702.76
FFSU,CO,00169406012,VICTOZA 2-,2015,3,false,963.000,139,67416.13
FFSU,CO,00169406013,VICTOZA   ,2015,3,false,2646.000,237,182965.62
FFSU,CO,00169406012,VICTOZA   ,2015,2,false,951.000,135,64867.01
FFSU,CO,00169406013,VICTOZA   ,2015,2,false,2547.000,208,169843.26
FFSU,CO,00169406012,VICTOZA   ,2015,1,false,1158.000,173,76125.10
FFSU,CO,00169406013,VICTOZA   ,2015,1,false,3390.000,339,222496.39
FFSU,CT,00169406012,VICTOZA 6M,2015,4,false,4542.000,677,325052.75
FFSU,CT,00169406013,VICTOZA 6M,2015,4,false,15375.000,1380,1098325.69
FFSU,CT,00169406012,VICTOZA 6M,2015,3,false,4982.000,757,356829.82
FFSU,CT,00169406013,VICTOZA 6M,2015,3,false,15863.000,1429,1134761.43
FFSU,CT,00169406012,VICTOZA 6M,2015,2,false,5138.000,788,369916.73
FFSU,CT,00169406013,VICTOZA 6M,2015,2,false,14058.000,1287,1010664.01
FFSU,CT,00169406012,VICTOZA 6M,2015,1,false,4209.000,617,281225.52
FFSU,CT,00169406013,VICTOZA 6M,2015,1,false,12639.000,1182,846276.32
MCOU,DC,00169406012,VICTOZA 2-,2015,4,false,393.000,65,27288.75
FFSU,DC,00169406012,VICTOZA 2-,2015,4,false,111.000,20,8232.59
FFSU,DC,00169406013,VICTOZA 3-,2015,4,false,477.000,53,35335.87
MCOU,DC,00169406013,VICTOZA 3-,2015,4,false,789.000,90,56460.97
MCOU,DC,00169406012,VICTOZA 2-,2015,3,false,303.000,52,20998.01
FFSU,DC,00169406012,VICTOZA 2-,2015,3,false,162.000,27,12005.28
MCOU,DC,00169406013,VICTOZA 3-,2015,3,false,771.000,90,54900.75
FFSU,DC,00169406013,VICTOZA 3-,2015,3,false,402.000,45,29691.88
MCOU,DC,00169406012,VICTOZA 2-,2015,2,false,216.000,35,14710.15
FFSU,DC,00169406012,VICTOZA 2-,2015,2,false,231.000,38,17091.57
FFSU,DC,00169406013,VICTOZA 3-,2015,2,false,333.000,37,24594.27
MCOU,DC,00169406013,VICTOZA 3-,2015,2,false,507.000,57,35813.91
MCOU,DC,00169406012,VICTOZA 2-,2015,1,false,258.000,42,15558.88
FFSU,DC,00169406012,VICTOZA 2-,2015,1,false,99.000,16,6776.42
MCOU,DC,00169406013,VICTOZA 3-,2015,1,false,561.000,63,37100.03
FFSU,DC,00169406013,VICTOZA 3-,2015,1,false,216.000,24,14874.04
MCOU,DE,00169406012,Victoza 6M,2015,4,false,276.000,42,19534.22
MCOU,DE,00169406013,Victoza 6M,2015,4,false,1215.000,132,82975.37
FFSU,DE,00169406012,Victoza 6M,2015,3,true,,,
MCOU,DE,00169406012,Victoza 6M,2015,3,false,282.000,46,20810.90
MCOU,DE,00169406013,Victoza 6M,2015,3,false,1170.000,127,75827.32
MCOU,DE,00169406012,Victoza 6M,2015,2,false,294.000,49,20922.54
MCOU,DE,00169406013,Victoza 6M,2015,2,false,1110.000,119,76061.84
FFSU,DE,00169406013,Victoza 6M,2015,2,true,,,
FFSU,DE,00169406012,Victoza 6M,2015,1,true,,,
MCOU,DE,00169406012,Victoza 6M,2015,1,false,324.000,54,22389.71
FFSU,DE,00169406013,Victoza 6M,2015,1,true,,,
MCOU,DE,00169406013,Victoza 6M,2015,1,false,1152.000,124,74837.28
MCOU,FL,00169406012,VICTOZA 2-,2015,4,false,867.000,145,61810.42
FFSU,FL,00169406012,VICTOZA 2-,2015,4,true,,,
MCOU,FL,00169406013,VICTOZA 3-,2015,4,false,1650.000,183,116663.10
FFSU,FL,00169406013,VICTOZA 3-,2015,4,true,,,
MCOU,FL,00169406012,VICTOZA 2-,2015,3,false,795.000,133,56953.16
FFSU,FL,00169406012,VICTOZA 2-,2015,3,true,,,
FFSU,FL,00169406013,VICTOZA 3-,2015,3,true,,,
MCOU,FL,00169406013,VICTOZA 3-,2015,3,false,1422.000,159,102282.84
MCOU,FL,00169406012,VICTOZA 2-,2015,2,false,783.000,129,55820.82
MCOU,FL,00169406013,VICTOZA 3-,2015,2,false,1461.000,164,107034.60
FFSU,FL,00169406013,VICTOZA 3-,2015,2,true,,,
MCOU,FL,00169406012,VICTOZA 2-,2015,1,false,600.000,100,39363.87
MCOU,FL,00169406013,VICTOZA 3-,2015,1,false,1272.000,142,84705.60
FFSU,FL,00169406013,VICTOZA 3-,2015,1,true,,,
FFSU,GA,00169406012,Victoza 6M,2015,4,false,288.000,49,21151.35
MCOU,GA,00169406012,Victoza 6M,2015,4,false,375.000,63,27179.69
MCOU,GA,00169406013,Victoza 6M,2015,4,false,348.000,39,25293.73
FFSU,GA,00169406013,Victoza 6M,2015,4,false,594.000,66,42666.93
FFSU,GA,00169406012,Victoza 6M,2015,3,false,438.000,74,32091.43
MCOU,GA,00169406012,Victoza 6M,2015,3,false,378.000,62,27092.00
MCOU,GA,00169406013,Victoza 6M,2015,3,false,315.000,35,22498.53
FFSU,GA,00169406013,Victoza 6M,2015,3,false,858.000,96,61801.83
FFSU,GA,00169406012,Victoza 6M,2015,2,false,534.000,90,39308.65
MCOU,GA,00169406012,Victoza 6M,2015,2,false,291.000,48,20815.54
MCOU,GA,00169406013,Victoza 6M,2015,2,false,414.000,46,29690.20
FFSU,GA,00169406013,Victoza 6M,2015,2,false,816.000,91,59171.97
MCOU,GA,00169406012,Victoza 6M,2015,1,false,318.000,53,21189.82
FFSU,GA,00169406012,Victoza 6M,2015,1,false,429.000,73,29322.70
MCOU,GA,00169406013,Victoza 6M,2015,1,false,270.000,30,18569.12
FFSU,GA,00169406013,Victoza 6M,2015,1,false,873.000,97,59572.43
MCOU,HI,00169406012,VICTOZA 2-,2015,4,false,1135.000,195,1145882.50
MCOU,HI,00169406013,VICTOZA 3-,2015,4,false,2718.000,304,190706.78
MCOU,HI,00169406012,VICTOZA 2-,2015,3,false,1000.000,170,537064.38
MCOU,HI,00169406013,VICTOZA 3-,2015,3,false,2037.000,228,136914.74
MCOU,HI,00169406012,VICTOZA 2-,2015,2,false,526.000,88,362274.59
MCOU,HI,00169406013,VICTOZA 3-,2015,2,false,1395.000,155,95951.34
MCOU,HI,00169406012,VICTOZA 2-,2015,1,false,346.000,61,365051.18
MCOU,HI,00169406013,VICTOZA 3-,2015,1,false,1209.000,135,82018.37
FFSU,IA,00169406012,Victoza 6M,2015,4,false,411.000,66,25165.29
FFSU,IA,00169406013,Victoza 6M,2015,4,false,1158.000,130,69914.90
FFSU,IA,00169406012,Victoza 6M,2015,3,false,432.000,67,25977.49
FFSU,IA,00169406013,Victoza 6M,2015,3,false,996.000,110,56763.52
FFSU,IA,00169406012,Victoza 6M,2015,2,false,333.000,54,19865.10
FFSU,IA,00169406013,Victoza 6M,2015,2,false,948.000,103,54038.46
FFSU,IA,00169406012,Victoza 6M,2015,1,false,324.000,52,18743.09
FFSU,IA,00169406013,Victoza 6M,2015,1,false,960.000,108,54075.23
FFSU,ID,00169406012,VICTOZA 2-,2015,4,false,324.000,56,23264.36
FFSU,ID,00169406013,VICTOZA 3-,2015,4,false,942.000,106,67103.06
FFSU,ID,00169406012,VICTOZA 2-,2015,3,false,372.000,63,26648.30
FFSU,ID,00169406013,VICTOZA 3-,2015,3,false,783.000,87,55172.13
FFSU,ID,00169406012,VICTOZA 2-,2015,2,false,405.000,68,28730.03
FFSU,ID,00169406013,VICTOZA 3-,2015,2,false,804.000,90,56977.59
FFSU,ID,00169406012,VICTOZA 2-,2015,1,false,420.000,74,28083.64
FFSU,ID,00169406013,VICTOZA 3-,2015,1,false,651.000,73,43319.71
FFSU,IL,00169406012,Victoza 6M,2015,4,false,66.000,11,4684.02
MCOU,IL,00169406012,Victoza 6M,2015,4,false,2763.000,460,191695.94
MCOU,IL,00169406013,Victoza 6M,2015,4,false,4599.000,512,319913.18
FFSU,IL,00169406013,Victoza 6M,2015,4,false,459.000,51,32768.19
FFSU,IL,00169406012,Victoza 6M,2015,3,false,162.000,27,11493.14
MCOU,IL,00169406012,Victoza 6M,2015,3,false,1230.000,203,83581.95
MCOU,IL,00169406013,Victoza 6M,2015,3,false,2745.000,307,187354.41
FFSU,IL,00169406013,Victoza 6M,2015,3,false,531.000,59,37717.32
FFSU,IL,00169406012,Victoza 6M,2015,2,false,144.000,24,10171.76
MCOU,IL,00169406012,Victoza 6M,2015,2,false,150.000,25,10632.50
MCOU,IL,00169406013,Victoza 6M,2015,2,false,396.000,44,26269.80
FFSU,IL,00169406013,Victoza 6M,2015,2,false,360.000,42,25554.31
MCOU,IL,00169406012,Victoza 6M,2015,1,false,432.000,72,25341.74
FFSU,IL,00169406012,Victoza 6M,2015,1,false,177.000,30,11530.80
FFSU,IL,00169406013,Victoza 6M,2015,1,false,612.000,68,39934.50
MCOU,IL,00169406013,Victoza 6M,2015,1,false,801.000,93,46442.11
MCOU,IN,00169406012,Victoza 6M,2015,4,false,5725.000,955,412166.49
FFSU,IN,00169406012,Victoza 6M,2015,4,false,318.000,59,21814.95
FFSU,IN,00169406013,Victoza 6M,2015,4,false,762.000,85,53298.64
MCOU,IN,00169406013,Victoza 6M,2015,4,false,14062.000,1573,1017961.90
FFSU,IN,00169406012,Victoza 6M,2015,3,false,351.000,56,24164.94
MCOU,IN,00169406012,Victoza 6M,2015,3,false,5268.000,885,380646.27
MCOU,IN,00169406013,Victoza 6M,2015,3,false,12798.000,1435,927039.86
FFSU,IN,00169406013,Victoza 6M,2015,3,false,1158.000,118,82923.21
MCOU,IN,00169406012,Victoza 6M,2015,2,false,2814.000,473,202716.18
FFSU,IN,00169406012,Victoza 6M,2015,2,false,1767.000,268,126124.76
FFSU,IN,00169406013,Victoza 6M,2015,2,false,4833.000,478,345239.05
MCOU,IN,00169406013,Victoza 6M,2015,2,false,6519.000,737,469513.86
MCOU,IN,00169406012,Victoza 6M,2015,1,false,663.000,109,44719.62
FFSU,IN,00169406012,Victoza 6M,2015,1,false,2952.000,457,197609.12
FFSU,IN,00169406013,Victoza 6M,2015,1,false,8669.000,822,577972.39
MCOU,IN,00169406013,Victoza 6M,2015,1,false,1413.000,159,94423.88
MCOU,KS,00169406012,Victoza 6M,2015,4,false,1302.000,217,97607.15
MCOU,KS,00169406013,Victoza 6M,2015,4,false,2610.000,295,194311.24
MCOU,KS,00169406012,Victoza 6M,2015,3,false,1041.000,172,78086.95
MCOU,KS,00169406013,Victoza 6M,2015,3,false,1560.000,176,115818.91
MCOU,KS,00169406012,Victoza 6M,2015,2,false,1044.000,176,77688.12
MCOU,KS,00169406013,Victoza 6M,2015,2,false,1638.000,186,121278.39
MCOU,KS,00169406012,Victoza 6M,2015,1,false,804.000,137,54771.08
MCOU,KS,00169406013,Victoza 6M,2015,1,false,1707.000,193,117126.74
MCOU,KY,00169406012,VICTOZA 2-,2015,4,false,192.000,32,14418.06
FFSU,KY,00169406012,VICTOZA 2-,2015,4,true,,,
FFSU,KY,00169406013,VICTOZA 3-,2015,4,true,,,
MCOU,KY,00169406013,VICTOZA 3-,2015,4,false,6714.000,754,493956.34
MCOU,KY,00169406012,VICTOZA 2-,2015,3,false,132.000,23,9519.80
FFSU,KY,00169406012,VICTOZA 2-,2015,3,true,,,
FFSU,KY,00169406013,VICTOZA 3-,2015,3,true,,,
MCOU,KY,00169406013,VICTOZA 3-,2015,3,false,396.000,45,28651.83
FFSU,KY,00169406012,VICTOZA 2-,2015,2,true,,,
MCOU,KY,00169406012,VICTOZA 2-,2015,2,false,612.000,99,44535.91
MCOU,KY,00169406013,VICTOZA 3-,2015,2,false,1461.000,163,105388.74
FFSU,KY,00169406013,VICTOZA 3-,2015,2,false,144.000,14,10479.80
MCOU,KY,00169406012,VICTOZA 2-,2015,1,false,3437.000,560,235967.40
FFSU,KY,00169406012,VICTOZA 2-,2015,1,false,63.000,11,4248.10
MCOU,KY,00169406013,VICTOZA 3-,2015,1,false,1755.000,196,120950.41
FFSU,KY,00169406013,VICTOZA 3-,2015,1,true,,,
MCOU,LA,00169406012,VICTOZA 2-,2015,4,false,2409.000,397,174154.10
FFSU,LA,00169406012,VICTOZA 2-,2015,4,false,252.000,45,18131.67
FFSU,LA,00169406013,VICTOZA 3-,2015,4,false,450.000,51,32083.81
MCOU,LA,00169406013,VICTOZA 3-,2015,4,false,4197.000,475,303261.41
FFSU,LA,00169406012,VICTOZA 2-,2015,3,false,225.000,38,16203.09
MCOU,LA,00169406012,VICTOZA 2-,2015,3,false,2490.000,417,179330.76
MCOU,LA,00169406013,VICTOZA 3-,2015,3,false,4338.000,498,313184.18
FFSU,LA,00169406013,VICTOZA 3-,2015,3,false,438.000,51,31294.79
MCOU,LA,00169406012,VICTOZA 2-,2015,2,false,2279.000,379,164111.10
FFSU,LA,00169406012,VICTOZA 2-,2015,2,false,645.000,106,43553.39
MCOU,LA,00169406013,VICTOZA 3-,2015,2,false,3450.000,390,249040.60
FFSU,LA,00169406013,VICTOZA 3-,2015,2,false,1421.000,151,94530.16
FFSU,LA,00169406012,VICTOZA 2-,2015,1,false,1983.000,312,130161.66
MCOU,LA,00169406012,VICTOZA 2-,2015,1,false,2154.000,357,147368.37
MCOU,LA,00169406013,VICTOZA 3-,2015,1,false,2904.000,329,199623.77
FFSU,LA,00169406013,VICTOZA 3-,2015,1,false,3888.000,426,252945.67
MCOU,MA,00169406012,VICTOZA 2-,2015,4,false,2775.000,436,197620.74
FFSU,MA,00169406012,VICTOZA 2-,2015,4,false,1017.000,166,75027.32
FFSU,MA,00169406013,VICTOZA 3-,2015,4,false,3168.000,342,208940.65
MCOU,MA,00169406013,VICTOZA 3-,2015,4,false,7590.000,754,539795.73
MCOU,MA,00169406012,VICTOZA 2-,2015,3,false,2598.000,410,185611.00
FFSU,MA,00169406012,VICTOZA 2-,2015,3,false,873.000,144,57518.10
FFSU,MA,00169406013,VICTOZA 3-,2015,3,false,2682.000,292,175050.15
MCOU,MA,00169406013,VICTOZA 3-,2015,3,false,7314.000,711,520189.34
MCOU,MA,00169406012,VICTOZA 2-,2015,2,false,2784.000,445,199100.39
FFSU,MA,00169406012,VICTOZA 2-,2015,2,false,1176.000,195,86572.33
MCOU,MA,00169406013,VICTOZA 3-,2015,2,false,5934.000,594,421565.63
FFSU,MA,00169406013,VICTOZA 3-,2015,2,false,2841.000,315,186356.43
FFSU,MA,00169406012,VICTOZA 2-,2015,1,false,1077.000,177,72815.25
MCOU,MA,00169406012,VICTOZA 2-,2015,1,false,2127.000,339,141450.40
MCOU,MA,00169406013,VICTOZA 3-,2015,1,false,4089.000,409,267411.99
FFSU,MA,00169406013,VICTOZA 3-,2015,1,false,2529.000,279,170635.68
MCOU,MD,00169406012,VICTOZA 2-,2015,4,false,2901.000,477,211529.08
FFSU,MD,00169406012,VICTOZA 2-,2015,4,true,,,
FFSU,MD,00169406013,VICTOZA 3-,2015,4,false,219.000,22,16495.12
MCOU,MD,00169406013,VICTOZA 3-,2015,4,false,7992.000,882,582530.25
MCOU,MD,00169406012,VICTOZA 2-,2015,3,false,3018.000,507,218912.55
FFSU,MD,00169406012,VICTOZA 2-,2015,3,false,117.000,16,8821.10
FFSU,MD,00169406013,VICTOZA 3-,2015,3,false,243.000,28,18331.94
MCOU,MD,00169406013,VICTOZA 3-,2015,3,false,8640.000,965,631617.88
FFSU,MD,00169406012,VICTOZA 2-,2015,2,false,93.000,14,6973.16
MCOU,MD,00169406012,VICTOZA 2-,2015,2,false,2339.000,400,173334.23
FFSU,MD,00169406013,VICTOZA 3-,2015,2,false,447.000,44,33670.95
MCOU,MD,00169406013,VICTOZA 3-,2015,2,false,6708.000,748,491269.68
MCOU,MD,00169406012,VICTOZA 2-,2015,1,false,2082.000,347,146124.60
FFSU,MD,00169406012,VICTOZA 2-,2015,1,true,,,
FFSU,MD,00169406013,VICTOZA 3-,2015,1,false,234.000,23,16683.30
MCOU,MD,00169406013,VICTOZA 3-,2015,1,false,5448.000,605,378635.10
FFSU,ME,00169406012,VICTOZA   ,2015,4,false,84.000,14,6047.26
FFSU,ME,00169406013,VICTOZA   ,2015,4,false,963.000,107,69211.35
FFSU,ME,00169406012,VICTOZA   ,2015,3,false,81.000,13,5825.53
FFSU,ME,00169406013,VICTOZA   ,2015,3,false,945.000,101,67947.92
FFSU,ME,00169406012,VICTOZA   ,2015,2,false,132.000,19,9500.90
FFSU,ME,00169406013,VICTOZA   ,2015,2,false,753.000,83,52866.01
FFSU,ME,00169406012,VICTOZA   ,2015,1,false,102.000,18,6441.64
FFSU,ME,00169406013,VICTOZA   ,2015,1,false,693.000,74,43762.93
FFSU,MI,00169406012,VICTOZA 2-,2015,4,false,576.000,93,36722.49
MCOU,MI,00169406012,VICTOZA 2-,2015,4,false,4191.000,706,305796.75
MCOU,MI,00169406013,VICTOZA 3-,2015,4,false,7050.000,790,512733.36
FFSU,MI,00169406013,VICTOZA 3-,2015,4,false,1314.000,129,73706.18
MCOU,MI,00169406012,VICTOZA 2-,2015,3,false,3957.000,658,286771.02
FFSU,MI,00169406012,VICTOZA 2-,2015,3,false,762.000,123,48737.31
FFSU,MI,00169406013,VICTOZA 3-,2015,3,false,1698.000,150,106723.79
MCOU,MI,00169406013,VICTOZA 3-,2015,3,false,6021.000,676,438227.03
FFSU,MI,00169406012,VICTOZA 2-,2015,2,false,774.000,123,51612.49
MCOU,MI,00169406012,VICTOZA 2-,2015,2,false,3732.000,616,248420.13
MCOU,MI,00169406013,VICTOZA 3-,2015,2,false,7215.000,807,462116.19
FFSU,MI,00169406013,VICTOZA 3-,2015,2,false,1686.000,150,105357.14
MCOU,MI,00169406012,VICTOZA 2-,2015,1,false,2661.000,439,150328.66
FFSU,MI,00169406012,VICTOZA 2-,2015,1,false,621.000,96,40828.52
FFSU,MI,00169406013,VICTOZA 3-,2015,1,false,1881.000,155,101863.60
MCOU,MI,00169406013,VICTOZA 3-,2015,1,false,5022.000,560,290109.59
MCOU,MN,00169406012,VICTOZA 2-,2015,4,false,4758.000,793,350826.24
FFSU,MN,00169406012,VICTOZA 2-,2015,4,false,336.000,56,24683.24
FFSU,MN,00169406013,VICTOZA 3-,2015,4,false,726.000,81,45817.81
MCOU,MN,00169406013,VICTOZA 3-,2015,4,false,9384.000,1053,694533.59
FFSU,MN,00169406012,VICTOZA 2-,2015,3,false,216.000,36,15822.72
MCOU,MN,00169406012,VICTOZA 2-,2015,3,false,3784.000,629,274974.22
MCOU,MN,00169406013,VICTOZA 3-,2015,3,false,6741.000,761,495452.20
FFSU,MN,00169406013,VICTOZA 3-,2015,3,false,657.000,73,38745.55
FFSU,MN,00169406012,VICTOZA 2-,2015,2,false,360.000,60,21490.97
MCOU,MN,00169406012,VICTOZA 2-,2015,2,false,3210.000,530,234591.03
MCOU,MN,00169406013,VICTOZA 3-,2015,2,false,6486.000,732,477377.53
FFSU,MN,00169406013,VICTOZA 3-,2015,2,false,756.000,84,44252.77
MCOU,MN,00169406012,VICTOZA 2-,2015,1,false,3231.000,535,224209.72
FFSU,MN,00169406012,VICTOZA 2-,2015,1,false,258.000,43,15074.77
FFSU,MN,00169406013,VICTOZA 3-,2015,1,false,576.000,64,34597.90
MCOU,MN,00169406013,VICTOZA 3-,2015,1,false,5844.000,660,405543.65
FFSU,MO,00169406012,VICTOZA 2-,2015,4,false,5250.000,882,408345.99
FFSU,MO,00169406013,VICTOZA 3-,2015,4,false,9744.000,1090,761917.94
FFSU,MO,00169406012,VICTOZA 2-,2015,3,false,5145.000,857,402433.05
FFSU,MO,00169406013,VICTOZA 3-,2015,3,false,9753.000,1100,767183.19
FFSU,MO,00169406012,VICTOZA 2-,2015,2,false,4400.000,741,345907.99
FFSU,MO,00169406013,VICTOZA 3-,2015,2,false,7851.000,882,619372.42
FFSU,MO,00169406012,VICTOZA 2-,2015,1,false,4488.000,746,324028.81
FFSU,MO,00169406013,VICTOZA 3-,2015,1,false,8763.000,980,629222.87
FFSU,MS,00169406012,VICTOZA 2-,2015,4,true,,,
MCOU,MS,00169406012,VICTOZA 2-,2015,4,false,90.000,15,6894.32
MCOU,MS,00169406013,VICTOZA 3-,2015,4,false,600.000,67,45186.30
FFSU,MS,00169406013,VICTOZA 3-,2015,4,true,,,
MCOU,MS,00169406012,VICTOZA 2-,2015,3,false,66.000,11,4973.76
FFSU,MS,00169406012,VICTOZA 2-,2015,3,true,,,
MCOU,MS,00169406013,VICTOZA 3-,2015,3,false,705.000,79,53094.15
FFSU,MS,00169406013,VICTOZA 3-,2015,3,true,,,
FFSU,MS,00169406012,VICTOZA 2-,2015,2,true,,,
MCOU,MS,00169406012,VICTOZA 2-,2015,2,false,120.000,20,9103.20
MCOU,MS,00169406013,VICTOZA 3-,2015,2,false,696.000,78,52650.37
FFSU,MS,00169406013,VICTOZA 3-,2015,2,true,,,
MCOU,MS,00169406012,VICTOZA 2-,2015,1,false,177.000,29,12632.35
FFSU,MS,00169406012,VICTOZA 2-,2015,1,true,,,
FFSU,MS,00169406013,VICTOZA 3-,2015,1,true,,,
MCOU,MS,00169406013,VICTOZA 3-,2015,1,false,744.000,84,52638.82
FFSU,MT,00169406012,VICTOZA 2-,2015,4,false,312.000,52,22817.35
FFSU,MT,00169406013,VICTOZA 3-,2015,4,false,579.000,65,42019.02
FFSU,MT,00169406012,VICTOZA 2-,2015,3,false,348.000,58,24419.12
FFSU,MT,00169406013,VICTOZA 3-,2015,3,false,459.000,51,31212.78
FFSU,MT,00169406012,VICTOZA 2-,2015,2,false,300.000,50,21928.88
FFSU,MT,00169406013,VICTOZA 3-,2015,2,false,504.000,57,36450.47
FFSU,MT,00169406012,VICTOZA 2-,2015,1,false,261.000,43,17652.66
FFSU,MT,00169406013,VICTOZA 3-,2015,1,false,447.000,51,27928.68
FFSU,XX,00169406012,VICTOZA 6M,2015,4,false,36358.015,5953,2653368.55
MCOU,XX,00169406012,VICTOZA 6M,2015,4,false,137584.000,22846,10961158.37
FFSU,XX,00169406013,VICTOZA 6M,2015,4,false,90618.000,9648,6526810.91
MCOU,XX,00169406013,VICTOZA 6M,2015,4,false,261265.000,29038,18804609.69
FFSU,XX,00169406012,VICTOZA 6M,2015,3,false,38659.000,6299,2812856.82
MCOU,XX,00169406012,VICTOZA 6M,2015,3,false,132577.001,22031,9892279.26
FFSU,XX,00169406013,VICTOZA 6M,2015,3,false,90704.000,9672,6548695.14
MCOU,XX,00169406013,VICTOZA 6M,2015,3,false,236778.001,26350,16813992.67
FFSU,XX,00169406012,VICTOZA 6M,2015,2,false,39705.200,6500,2888285.43
MCOU,XX,00169406012,VICTOZA 6M,2015,2,false,116042.010,19234,8565637.96
FFSU,XX,00169406013,VICTOZA 6M,2015,2,false,88346.000,9421,6354785.62
MCOU,XX,00169406013,VICTOZA 6M,2015,2,false,199320.000,22239,14177231.38
FFSU,XX,00169406012,VICTOZA 6M,2015,1,false,38070.000,6165,2575207.39
MCOU,XX,00169406012,VICTOZA 6M,2015,1,false,97609.000,16179,6846162.76
FFSU,XX,00169406013,VICTOZA 6M,2015,1,false,89623.000,9546,5987304.45
MCOU,XX,00169406013,VICTOZA 6M,2015,1,false,167214.000,18640,11154122.93
FFSU,NC,00169406012,VICTOZA 2-,2015,4,false,2679.000,444,195243.28
FFSU,NC,00169406013,VICTOZA 3-,2015,4,false,8400.000,932,613300.04
FFSU,NC,00169406012,VICTOZA 2-,2015,3,false,2919.000,482,211105.17
FFSU,NC,00169406013,VICTOZA 3-,2015,3,false,9015.000,1008,656822.41
FFSU,NC,00169406012,VICTOZA 2-,2015,2,false,2566.200,424,186796.71
FFSU,NC,00169406013,VICTOZA 3-,2015,2,false,7284.000,822,531123.87
FFSU,NC,00169406012,VICTOZA 2-,2015,1,false,2511.000,413,171633.53
FFSU,NC,00169406013,VICTOZA 3-,2015,1,false,7452.000,831,509916.52
FFSU,ND,00169406012,VICTOZA 2-,2015,4,false,120.000,20,9339.73
MCOU,ND,00169406012,VICTOZA 2-,2015,4,false,372.000,62,27692.04
MCOU,ND,00169406013,VICTOZA 3-,2015,4,false,963.000,107,71474.85
FFSU,ND,00169406013,VICTOZA 3-,2015,4,false,441.000,49,32546.28
MCOU,ND,00169406012,VICTOZA 2-,2015,3,false,360.000,60,26674.74
FFSU,ND,00169406012,VICTOZA 2-,2015,3,false,210.000,34,14877.71
FFSU,ND,00169406013,VICTOZA 3-,2015,3,false,423.000,47,32659.30
MCOU,ND,00169406013,VICTOZA 3-,2015,3,false,639.000,72,47259.41
FFSU,ND,00169406012,VICTOZA 2-,2015,2,false,231.000,39,17705.67
MCOU,ND,00169406012,VICTOZA 2-,2015,2,false,309.000,52,22955.09
FFSU,ND,00169406013,VICTOZA 3-,2015,2,false,465.000,52,35827.41
MCOU,ND,00169406013,VICTOZA 3-,2015,2,false,639.000,71,47208.01
MCOU,ND,00169406012,VICTOZA 2-,2015,1,false,261.000,44,17372.63
FFSU,ND,00169406012,VICTOZA 2-,2015,1,false,231.000,39,16663.81
MCOU,ND,00169406013,VICTOZA 3-,2015,1,false,549.000,61,35030.56
FFSU,ND,00169406013,VICTOZA 3-,2015,1,false,474.000,54,34333.85
FFSU,NE,00169406012,Victoza 6M,2015,4,false,180.000,30,13737.90
FFSU,NE,00169406013,Victoza 6M,2015,4,false,432.000,48,33014.03
FFSU,NE,00169406012,Victoza 6M,2015,3,false,207.000,35,15739.26
FFSU,NE,00169406013,Victoza 6M,2015,3,false,267.000,30,20373.41
FFSU,NE,00169406012,Victoza 6M,2015,2,false,234.000,39,17407.99
FFSU,NE,00169406013,Victoza 6M,2015,2,false,288.000,32,21852.25
FFSU,NE,00169406012,Victoza 6M,2015,1,false,114.000,20,8099.77
FFSU,NE,00169406013,Victoza 6M,2015,1,false,315.000,35,22336.33
MCOU,NH,00169406012,VICTOZA 2-,2015,4,false,216.000,34,15623.93
MCOU,NH,00169406013,VICTOZA 3-,2015,4,false,1212.000,131,87452.43
FFSU,NH,00169406013,VICTOZA 3-,2015,4,true,,,
FFSU,NH,00169406012,VICTOZA 2-,2015,3,true,,,
MCOU,NH,00169406012,VICTOZA 2-,2015,3,false,174.000,28,11952.81
MCOU,NH,00169406013,VICTOZA 3-,2015,3,false,1104.000,124,79381.99
FFSU,NH,00169406013,VICTOZA 3-,2015,3,false,108.000,12,6540.60
FFSU,NH,00169406012,VICTOZA 2-,2015,2,true,,,
MCOU,NH,00169406012,VICTOZA 2-,2015,2,false,147.000,24,9966.81
MCOU,NH,00169406013,VICTOZA 3-,2015,2,false,1008.000,111,71162.90
FFSU,NH,00169406013,VICTOZA 3-,2015,2,true,,,
FFSU,NH,00169406012,VICTOZA 2-,2015,1,true,,,
MCOU,NH,00169406012,VICTOZA 2-,2015,1,false,288.000,44,18955.21
MCOU,NH,00169406013,VICTOZA 3-,2015,1,false,1098.000,124,72851.71
FFSU,NH,00169406013,VICTOZA 3-,2015,1,true,,,
FFSU,NJ,00169406012,Victoza 6M,2015,4,false,141.000,27,10436.45
MCOU,NJ,00169406012,Victoza 6M,2015,4,false,8570.000,1437,628249.01
FFSU,NJ,00169406013,Victoza 6M,2015,4,false,351.000,42,26771.99
MCOU,NJ,00169406013,Victoza 6M,2015,4,false,19425.000,2184,1425054.79
FFSU,NJ,00169406012,Victoza 6M,2015,3,false,252.000,40,17837.44
MCOU,NJ,00169406012,Victoza 6M,2015,3,false,11600.000,1942,847327.12
FFSU,NJ,00169406013,Victoza 6M,2015,3,false,435.000,48,30809.65
MCOU,NJ,00169406013,Victoza 6M,2015,3,false,25278.000,2840,1841210.47
MCOU,NJ,00169406012,Victoza 6M,2015,2,false,6366.000,1053,453888.86
FFSU,NJ,00169406012,Victoza 6M,2015,2,false,297.000,57,20849.60
FFSU,NJ,00169406013,Victoza 6M,2015,2,false,480.000,49,33557.40
MCOU,NJ,00169406013,Victoza 6M,2015,2,false,13893.000,1556,997865.81
FFSU,NJ,00169406012,Victoza 6M,2015,1,false,147.000,30,9768.21
MCOU,NJ,00169406012,Victoza 6M,2015,1,false,9240.000,1532,615024.52
MCOU,NJ,00169406013,Victoza 6M,2015,1,false,20505.000,2290,1368208.02
FFSU,NJ,00169406013,Victoza 6M,2015,1,false,279.000,39,18522.23
MCOU,NM,00169406012,VICTOZA 2-,2015,4,false,2697.000,431,191853.09
FFSU,NM,00169406012,VICTOZA 2-,2015,4,false,138.000,21,10520.50
FFSU,NM,00169406013,VICTOZA 3-,2015,4,true,,,
MCOU,NM,00169406013,VICTOZA 3-,2015,4,false,4614.000,488,333471.57
MCOU,NM,00169406012,VICTOZA 2-,2015,3,false,2478.000,405,174071.11
FFSU,NM,00169406012,VICTOZA 2-,2015,3,true,,,
FFSU,NM,00169406013,VICTOZA 3-,2015,3,true,,,
MCOU,NM,00169406013,VICTOZA 3-,2015,3,false,3396.000,360,238644.97
FFSU,NM,00169406012,VICTOZA 2-,2015,2,true,,,
MCOU,NM,00169406012,VICTOZA 2-,2015,2,false,2160.000,350,153080.13
MCOU,NM,00169406013,VICTOZA 3-,2015,2,false,3273.000,353,234449.18
FFSU,NM,00169406013,VICTOZA 3-,2015,2,false,117.000,11,8860.22
MCOU,NM,00169406012,VICTOZA 2-,2015,1,false,1764.000,286,119108.32
FFSU,NM,00169406012,VICTOZA 2-,2015,1,true,,,
MCOU,NM,00169406013,VICTOZA 3-,2015,1,false,2577.000,283,175359.32
FFSU,NM,00169406013,VICTOZA 3-,2015,1,true,,,
FFSU,NV,00169406012,Victoza 6M,2015,4,false,750.000,119,54059.78
MCOU,NV,00169406012,Victoza 6M,2015,4,false,2841.000,473,207909.27
MCOU,NV,00169406013,Victoza 6M,2015,4,false,1380.000,157,99761.65
FFSU,NV,00169406013,Victoza 6M,2015,4,false,1359.000,142,97087.63
FFSU,NV,00169406012,Victoza 6M,2015,3,false,897.000,132,65686.72
MCOU,NV,00169406012,Victoza 6M,2015,3,false,660.000,124,52711.74
MCOU,NV,00169406013,Victoza 6M,2015,3,false,1173.000,134,84857.66
FFSU,NV,00169406013,Victoza 6M,2015,3,false,1458.000,151,105789.26
FFSU,NV,00169406012,Victoza 6M,2015,2,false,777.000,123,56874.67
MCOU,NV,00169406012,Victoza 6M,2015,2,false,1458.000,244,106632.90
MCOU,NV,00169406013,Victoza 6M,2015,2,false,1197.000,136,86544.15
FFSU,NV,00169406013,Victoza 6M,2015,2,false,1497.000,157,108923.59
FFSU,NV,00169406012,Victoza 6M,2015,1,false,588.000,91,39894.16
MCOU,NV,00169406012,Victoza 6M,2015,1,false,1035.000,173,70095.89
FFSU,NV,00169406013,Victoza 6M,2015,1,false,1341.000,142,90456.72
MCOU,NV,00169406013,Victoza 6M,2015,1,false,1020.000,114,68580.50
MCOU,NY,00169406012,VICTOZA 2-,2015,4,false,24488.000,4073,1751728.92
FFSU,NY,00169406012,VICTOZA 2-,2015,4,false,999.015,173,71334.63
FFSU,NY,00169406013,VICTOZA 3-,2015,4,false,2592.000,296,184391.88
MCOU,NY,00169406013,VICTOZA 3-,2015,4,false,43659.000,4936,3122159.91
MCOU,NY,00169406012,VICTOZA 2-,2015,3,false,29963.000,4981,2065313.90
FFSU,NY,00169406012,VICTOZA 6M,2015,3,false,1044.000,178,74427.81
FFSU,NY,00169406013,VICTOZA 6M,2015,3,false,2748.000,315,195244.20
MCOU,NY,00169406013,VICTOZA 3-,2015,3,false,46449.000,5229,3153843.30
FFSU,NY,00169406012,VICTOZA 6M,2015,2,false,1116.000,191,79097.21
MCOU,NY,00169406012,VICTOZA 2-,2015,2,false,32397.000,5393,2303435.23
FFSU,NY,00169406013,VICTOZA 6M,2015,2,false,2943.000,338,207549.53
MCOU,NY,00169406013,VICTOZA 6M,2015,2,false,46326.000,5226,3295984.17
FFSU,NY,00169406012,VICTOZA 6M,2015,1,false,891.000,153,60042.77
MCOU,NY,00169406012,VICTOZA 6M,2015,1,false,25738.000,4299,1737299.20
MCOU,NY,00169406013,VICTOZA 6M,2015,1,false,39903.000,4481,2685909.92
FFSU,NY,00169406013,VICTOZA 6M,2015,1,false,3014.000,356,198825.97
FFSU,OH,00169406012,Victoza 6M,2015,4,false,1440.000,234,109492.38
MCOU,OH,00169406012,Victoza 6M,2015,4,false,23429.000,3904,1670831.57
MCOU,OH,00169406013,Victoza 6M,2015,4,false,40182.000,4510,2847600.03
FFSU,OH,00169406013,Victoza 6M,2015,4,false,2352.000,266,178229.39
MCOU,OH,00169406012,Victoza 6M,2015,3,false,23854.000,3978,1699282.16
FFSU,OH,00169406012,VICTOZA 2-,2015,3,false,1803.000,301,137710.83
MCOU,OH,00169406013,Victoza 6M,2015,3,false,37158.000,4173,2628394.48
FFSU,OH,00169406013,VICTOZA 3-,2015,3,false,3012.000,344,229256.20
FFSU,OH,00169406012,VICTOZA 2-,2015,2,false,1560.000,266,118588.91
MCOU,OH,00169406012,Victoza 6M,2015,2,false,20823.000,3474,1475391.48
MCOU,OH,00169406013,Victoza 6M,2015,2,false,33117.000,3741,2335604.89
FFSU,OH,00169406013,VICTOZA 3-,2015,2,false,2679.000,312,202142.39
FFSU,OH,00169406012,VICTOZA 2-,2015,1,false,1098.000,195,76878.27
MCOU,OH,00169406012,Victoza 6M,2015,1,false,16185.000,2698,1064628.00
FFSU,OH,00169406013,VICTOZA 3-,2015,1,false,2139.000,249,148992.49
MCOU,OH,00169406013,Victoza 6M,2015,1,false,26202.000,2954,1720270.61
FFSU,OK,00169406012,Victoza 6M,2015,4,false,1099.000,184,80758.03
FFSU,OK,00169406013,Victoza 6M,2015,4,false,3651.000,415,270477.72
FFSU,OK,00169406012,Victoza 6M,2015,3,false,1081.000,182,80170.13
FFSU,OK,00169406013,Victoza 6M,2015,3,false,3930.000,449,291724.42
FFSU,OK,00169406012,Victoza 6M,2015,2,false,1062.000,181,80542.71
FFSU,OK,00169406013,Victoza 6M,2015,2,false,3456.000,395,257323.82
FFSU,OK,00169406012,Victoza 6M,2015,1,false,873.000,148,60735.05
FFSU,OK,00169406013,Victoza 6M,2015,1,false,3240.000,366,223902.56
FFSU,OR,00169406012,Victoza 6M,2015,4,false,105.000,18,7475.04
MCOU,OR,00169406012,Victoza 6M,2015,4,false,2352.000,388,168923.11
MCOU,OR,00169406013,Victoza 6M,2015,4,false,2604.000,290,186975.17
FFSU,OR,00169406013,Victoza 6M,2015,4,true,,,
FFSU,OR,00169406012,Victoza 6M,2015,3,false,156.000,23,11101.52
MCOU,OR,00169406012,Victoza 6M,2015,3,false,2130.000,352,153183.24
FFSU,OR,00169406013,Victoza 6M,2015,3,true,,,
MCOU,OR,00169406013,Victoza 6M,2015,3,false,2460.000,277,176157.99
MCOU,OR,00169406012,Victoza 6M,2015,2,false,1881.000,311,133498.71
FFSU,OR,00169406012,Victoza 6M,2015,2,false,138.000,18,9803.93
MCOU,OR,00169406013,Victoza 6M,2015,2,false,2295.000,258,160987.59
FFSU,OR,00169406013,Victoza 6M,2015,2,false,171.000,19,12119.57
MCOU,OR,00169406012,Victoza 6M,2015,1,false,1869.000,312,124506.45
FFSU,OR,00169406012,Victoza 6M,2015,1,false,96.000,14,6344.27
FFSU,OR,00169406013,Victoza 6M,2015,1,false,123.000,14,8105.23
MCOU,OR,00169406013,Victoza 6M,2015,1,false,2043.000,229,135656.73
MCOU,PA,00169406012,Victoza 6M,2015,4,false,12768.000,2103,930694.11
FFSU,PA,00169406012,VICTOZA 2-,2015,4,false,75.000,13,5520.38
FFSU,PA,00169406013,VICTOZA 3-,2015,4,false,426.000,41,31332.52
MCOU,PA,00169406013,Victoza 6M,2015,4,false,22953.000,2483,1661794.39
MCOU,PA,00169406012,Victoza 6M,2015,3,false,9692.000,1594,702465.56
FFSU,PA,00169406012,VICTOZA 2-,2015,3,false,72.000,12,5297.88
FFSU,PA,00169406013,VICTOZA 3-,2015,3,false,387.000,36,28462.06
MCOU,PA,00169406013,Victoza 6M,2015,3,false,18027.000,1942,1300525.80
MCOU,PA,00169406012,VICTOZA 2-,2015,2,false,7587.010,1241,543962.61
FFSU,PA,00169406012,VICTOZA 2-,2015,2,false,66.000,11,4605.68
FFSU,PA,00169406013,VICTOZA 3-,2015,2,false,276.000,28,19798.22
MCOU,PA,00169406013,VICTOZA 3-,2015,2,false,13590.000,1471,969490.97
MCOU,PA,00169406012,VICTOZA 2-,2015,1,false,5487.000,897,365760.76
FFSU,PA,00169406012,VICTOZA 2-,2015,1,false,96.000,16,6487.36
FFSU,PA,00169406013,VICTOZA 3-,2015,1,false,306.000,31,20668.44
MCOU,PA,00169406013,Victoza 6M,2015,1,false,9378.000,1002,628281.10
MCOU,RI,00169406012,Victoza 6M,2015,4,false,447.000,74,30776.61
FFSU,RI,00169406012,Victoza 6M,2015,4,true,,,
MCOU,RI,00169406013,Victoza 6M,2015,4,false,912.000,102,66857.18
MCOU,RI,00169406012,Victoza 6M,2015,3,false,531.000,84,38279.58
FFSU,RI,00169406012,Victoza 6M,2015,3,true,,,
MCOU,RI,00169406013,Victoza 6M,2015,3,false,855.000,95,60969.18
MCOU,RI,00169406012,Victoza 6M,2015,2,false,435.000,71,30957.52
FFSU,RI,00169406012,Victoza 6M,2015,2,true,,,
MCOU,RI,00169406013,Victoza 6M,2015,2,false,894.000,100,63844.17
MCOU,RI,00169406012,Victoza 6M,2015,1,false,585.000,95,37295.20
FFSU,RI,00169406012,Victoza 6M,2015,1,true,,,
MCOU,RI,00169406013,Victoza 6M,2015,1,false,981.000,109,66471.43
FFSU,SC,00169406012,VICTOZA 2-,2015,4,true,,,
MCOU,SC,00169406012,VICTOZA 2-,2015,4,false,987.000,163,69446.42
MCOU,SC,00169406013,VICTOZA 3-,2015,4,false,3201.000,357,228583.79
FFSU,SC,00169406013,VICTOZA 3-,2015,4,false,123.000,18,8878.17
MCOU,SC,00169406012,VICTOZA 2-,2015,3,false,1221.000,198,84886.40
MCOU,SC,00169406013,VICTOZA 3-,2015,3,false,3237.000,365,230356.23
FFSU,SC,00169406013,VICTOZA 3-,2015,3,false,99.000,13,7139.81
FFSU,SC,00169406012,VICTOZA 2-,2015,2,true,,,
MCOU,SC,00169406012,VICTOZA 2-,2015,2,false,1266.000,204,87365.13
FFSU,SC,00169406013,VICTOZA 3-,2015,2,false,117.000,18,8415.03
MCOU,SC,00169406013,VICTOZA 3-,2015,2,false,2883.000,325,202524.76
MCOU,SC,00169406012,VICTOZA 2-,2015,1,false,1176.000,194,76887.92
FFSU,SC,00169406012,VICTOZA 2-,2015,1,true,,,
FFSU,SC,00169406013,VICTOZA 3-,2015,1,false,108.000,19,7165.32
MCOU,SC,00169406013,VICTOZA 3-,2015,1,false,2454.000,278,164242.30
FFSU,SD,00169406012,Victoza 6M,2015,4,false,276.000,46,20677.31
FFSU,SD,00169406013,Victoza 6M,2015,4,false,756.000,84,56469.56
FFSU,SD,00169406012,Victoza 6M,2015,3,false,288.000,46,21563.36
FFSU,SD,00169406013,Victoza 6M,2015,3,false,792.000,88,58443.36
FFSU,SD,00169406012,Victoza 6M,2015,2,false,225.000,37,16823.00
FFSU,SD,00169406013,Victoza 6M,2015,2,false,558.000,62,41636.56
FFSU,SD,00169406012,Victoza 6M,2015,1,false,350.000,58,23943.70
FFSU,SD,00169406013,Victoza 6M,2015,1,false,567.000,63,38845.50
MCOU,TN,00169406012,VICTOZA 6M,2015,4,true,,,
FFSU,TN,00169406012,VICTOZA 2-,2015,4,false,4473.000,757,318259.48
FFSU,TN,00169406013,VICTOZA 3-,2015,4,false,9867.000,1103,694084.58
FFSU,TN,00169406012,Victoza 6M,2015,3,false,4122.000,698,297774.76
FFSU,TN,00169406013,Victoza 6M,2015,3,false,8841.000,991,632286.20
FFSU,TN,00169406012,VICTOZA 2-,2015,2,false,4076.000,696,293302.75
FFSU,TN,00169406013,Victoza 6M,2015,2,false,8718.000,978,628723.22
FFSU,TN,00169406012,Victoza 6M,2015,1,false,3438.000,588,231991.62
FFSU,TN,00169406013,Victoza 6M,2015,1,false,7413.000,830,491746.72
FFSU,TX,00169406012,VICTOZA 2-,2015,4,false,93.000,16,6961.05
MCOU,TX,00169406012,VICTOZA 2-,2015,4,false,8590.000,1432,617206.81
MCOU,TX,00169406013,VICTOZA 3-,2015,4,false,13665.000,1537,993061.59
FFSU,TX,00169406013,VICTOZA 3-,2015,4,false,225.000,20,16739.41
FFSU,TX,00169406012,VICTOZA 2-,2015,3,false,171.000,29,12690.59
MCOU,TX,00169406012,VICTOZA 2-,2015,3,false,8156.000,1365,590301.54
MCOU,TX,00169406013,VICTOZA 3-,2015,3,false,13155.000,1482,956690.85
FFSU,TX,00169406013,VICTOZA 3-,2015,3,false,249.000,25,15481.72
FFSU,TX,00169406012,VICTOZA 2-,2015,2,false,114.000,20,7149.62
MCOU,TX,00169406012,VICTOZA 2-,2015,2,false,6729.000,1123,493416.89
MCOU,TX,00169406013,VICTOZA 3-,2015,2,false,10995.000,1231,801076.79
FFSU,TX,00169406013,VICTOZA 3-,2015,2,false,177.000,18,13208.43
MCOU,TX,00169406012,VICTOZA 2-,2015,1,false,4080.000,675,277857.65
FFSU,TX,00169406012,VICTOZA 2-,2015,1,false,231.000,38,14556.90
FFSU,TX,00169406013,VICTOZA 3-,2015,1,false,207.000,24,13311.01
MCOU,TX,00169406013,VICTOZA 3-,2015,1,false,7212.000,804,488075.34
MCOU,UT,00169406012,Victoza 6M,2015,4,false,204.000,47,14960.80
FFSU,UT,00169406012,Victoza 6M,2015,4,true,,,
FFSU,UT,00169406013,Victoza 6M,2015,4,false,144.000,16,10222.72
MCOU,UT,00169406013,Victoza 6M,2015,4,false,423.000,58,31017.63
MCOU,UT,00169406012,Victoza 6M,2015,3,false,216.000,47,15806.38
FFSU,UT,00169406012,Victoza 6M,2015,3,true,,,
MCOU,UT,00169406013,Victoza 6M,2015,3,false,369.000,44,26923.62
FFSU,UT,00169406013,Victoza 6M,2015,3,false,135.000,15,8422.34
FFSU,UT,00169406012,Victoza 6M,2015,2,false,96.000,19,6824.54
MCOU,UT,00169406012,Victoza 6M,2015,2,false,201.000,54,14706.24
FFSU,UT,00169406013,Victoza 6M,2015,2,false,153.000,17,10846.96
MCOU,UT,00169406013,Victoza 6M,2015,2,false,369.000,58,27006.70
FFSU,UT,00169406012,Victoza 6M,2015,1,false,108.000,18,7130.97
MCOU,UT,00169406012,Victoza 6M,2015,1,false,102.000,28,7093.70
MCOU,UT,00169406013,Victoza 6M,2015,1,false,282.000,43,19447.89
FFSU,UT,00169406013,VICTOZA   ,2015,1,false,135.000,15,9005.98
MCOU,VA,00169406012,VICTOZA 2-,2015,4,false,1281.000,215,95971.13
FFSU,VA,00169406012,Victoza 6M,2015,4,false,102.000,16,7627.07
FFSU,VA,00169406013,Victoza 6M,2015,4,true,,,
MCOU,VA,00169406013,VICTOZA 3-,2015,4,false,2883.000,320,211345.37
MCOU,VA,00169406012,VICTOZA 2-,2015,3,false,1302.001,217,95114.50
FFSU,VA,00169406012,Victoza 6M,2015,3,false,96.000,16,7183.74
FFSU,VA,00169406013,Victoza 6M,2015,3,true,,,
MCOU,VA,00169406013,VICTOZA 3-,2015,3,false,2817.001,313,205590.57
FFSU,VA,00169406012,Victoza 6M,2015,2,true,,,
MCOU,VA,00169406012,VICTOZA 2-,2015,2,false,930.000,154,67781.69
MCOU,VA,00169406013,VICTOZA 3-,2015,2,false,2142.000,238,156181.00
FFSU,VA,00169406013,Victoza 6M,2015,2,true,,,
FFSU,VA,00169406012,Victoza 6M,2015,1,true,,,
MCOU,VA,00169406012,VICTOZA 2-,2015,1,false,908.000,149,62240.20
MCOU,VA,00169406013,VICTOZA 3-,2015,1,false,2127.000,236,146102.47
FFSU,VA,00169406013,Victoza 6M,2015,1,true,,,
FFSU,VT,00169406012,Victoza 6M,2015,4,false,828.000,139,60742.20
FFSU,VT,00169406013,Victoza 6M,2015,4,false,2007.000,223,144366.96
FFSU,VT,00169406012,Victoza 6M,2015,3,false,702.000,117,51568.28
FFSU,VT,00169406013,Victoza 6M,2015,3,false,1797.000,201,129404.09
FFSU,VT,00169406012,Victoza 6M,2015,2,false,498.000,82,36645.23
FFSU,VT,00169406013,Victoza 6M,2015,2,false,1554.000,173,110026.40
FFSU,VT,00169406012,Victoza 6M,2015,1,false,491.000,67,25090.65
FFSU,VT,00169406013,Victoza 6M,2015,1,false,1563.000,156,77697.14
FFSU,WA,00169406012,Victoza 6M,2015,4,false,90.000,15,6312.84
MCOU,WA,00169406012,Victoza 6M,2015,4,false,2490.000,417,178313.44
MCOU,WA,00169406013,Victoza 6M,2015,4,false,3888.000,436,277510.36
FFSU,WA,00169406013,Victoza 6M,2015,4,false,171.000,19,9459.62
MCOU,WA,00169406012,Victoza 6M,2015,3,false,1779.000,297,127287.43
FFSU,WA,00169406012,Victoza 6M,2015,3,false,66.000,11,4774.22
FFSU,WA,00169406013,Victoza 6M,2015,3,false,213.000,21,12931.65
MCOU,WA,00169406013,Victoza 6M,2015,3,false,2922.000,329,209139.79
MCOU,WA,00169406012,Victoza 6M,2015,2,false,1611.000,269,114334.39
FFSU,WA,00169406012,Victoza 6M,2015,2,false,78.000,13,5249.20
FFSU,WA,00169406013,Victoza 6M,2015,2,false,117.000,13,5901.91
MCOU,WA,00169406013,Victoza 6M,2015,2,false,2835.000,321,202389.07
MCOU,WA,00169406012,Victoza 6M,2015,1,false,1392.000,231,91917.89
FFSU,WA,00169406012,Victoza 6M,2015,1,false,78.000,13,5007.34
FFSU,WA,00169406013,Victoza 6M,2015,1,false,141.000,16,6040.25
MCOU,WA,00169406013,Victoza 6M,2015,1,false,2517.000,288,166673.98
MCOU,WI,00169406012,Victoza 6M,2015,4,true,,,
FFSU,WI,00169406012,Victoza 6M,2015,4,false,132.000,22,9699.88
FFSU,WI,00169406013,Victoza 6M,2015,4,false,690.000,78,51017.26
MCOU,WI,00169406013,Victoza 6M,2015,4,true,,,
FFSU,WI,00169406012,Victoza 6M,2015,3,false,252.000,39,18440.68
MCOU,WI,00169406012,Victoza 6M,2015,3,true,,,
MCOU,WI,00169406013,Victoza 6M,2015,3,true,,,
FFSU,WI,00169406013,Victoza 6M,2015,3,false,828.000,90,61660.53
MCOU,WI,00169406012,Victoza 6M,2015,2,true,,,
FFSU,WI,00169406012,Victoza 6M,2015,2,false,228.000,37,16690.33
FFSU,WI,00169406013,Victoza 6M,2015,2,false,693.000,77,51811.76
MCOU,WI,00169406013,Victoza 6M,2015,2,true,,,
MCOU,WI,00169406012,Victoza 6M,2015,1,true,,,
FFSU,WI,00169406012,Victoza 6M,2015,1,false,252.000,42,17272.12
MCOU,WI,00169406013,Victoza 6M,2015,1,true,,,
FFSU,WI,00169406013,Victoza 6M,2015,1,false,822.000,90,56503.93
MCOU,WV,00169406012,VICTOZA 2-,2015,4,false,3051.000,509,224678.78
FFSU,WV,00169406012,VICTOZA 2-,2015,4,false,1563.000,262,113960.04
FFSU,WV,00169406013,VICTOZA 3-,2015,4,false,2163.000,242,157521.27
MCOU,WV,00169406013,VICTOZA 3-,2015,4,false,4536.000,507,333164.57
MCOU,WV,00169406012,VICTOZA 2-,2015,3,false,864.000,146,63628.02
FFSU,WV,00169406012,VICTOZA 2-,2015,3,false,3066.000,511,222602.76
FFSU,WV,00169406013,VICTOZA 3-,2015,3,false,4140.000,463,301049.09
MCOU,WV,00169406013,VICTOZA 3-,2015,3,false,1104.000,123,81611.08
MCOU,WV,00169406012,VICTOZA 2-,2015,2,false,333.000,56,23900.30
FFSU,WV,00169406012,VICTOZA 2-,2015,2,false,3414.000,569,248179.97
MCOU,WV,00169406013,VICTOZA 3-,2015,2,false,495.000,55,37614.57
FFSU,WV,00169406013,VICTOZA 3-,2015,2,false,4656.000,523,338080.93
MCOU,WV,00169406012,VICTOZA 2-,2015,1,false,237.000,39,16389.36
FFSU,WV,00169406012,VICTOZA 2-,2015,1,false,2814.000,470,189032.56
MCOU,WV,00169406013,VICTOZA 3-,2015,1,false,375.000,42,25682.59
FFSU,WV,00169406013,VICTOZA 3-,2015,1,false,3807.000,426,254550.58
FFSU,WY,00169406012,Victoza 6M,2015,4,false,126.000,21,9659.80
FFSU,WY,00169406013,Victoza 6M,2015,4,false,261.000,28,20015.09
FFSU,WY,00169406012,VICTOZA   ,2015,3,false,126.000,21,9592.06
FFSU,WY,00169406013,VICTOZA   ,2015,3,false,261.000,27,18864.25
FFSU,WY,00169406012,VICTOZA   ,2015,2,false,144.000,20,10966.23
FFSU,WY,00169406013,VICTOZA   ,2015,2,false,219.000,23,16003.95
FFSU,WY,00169406012,VICTOZA   ,2015,1,false,93.000,15,6676.90
FFSU,WY,00169406013,VICTOZA   ,2015,1,false,153.000,17,10804.46
MCOU,AZ,00169280015,SAXENDA   ,2015,4,true,,,
MCOU,AZ,00169280015,SAXENDA   ,2015,3,true,,,
MCOU,CA,00169280015,SAXENDA   ,2015,4,false,600.000,40,43111.92
FFSU,CA,00169280015,SAXENDA   ,2015,4,false,501.000,34,35529.92
MCOU,CA,00169280015,SAXENDA   ,2015,3,false,315.000,21,22570.39
FFSU,CA,00169280015,SAXENDA   ,2015,3,false,285.000,19,20717.10
FFSU,CA,00169280015,SAXENDA   ,2015,2,true,,,
MCOU,CA,00169280015,SAXENDA   ,2015,2,true,,,
MCOU,DE,00169280015,SAXENDA   ,2015,4,true,,,
MCOU,FL,00169280015,SAXENDA   ,2015,4,true,,,
MCOU,FL,00169280015,SAXENDA   ,2015,3,false,165.000,11,11788.59
MCOU,FL,00169280015,SAXENDA   ,2015,2,true,,,
MCOU,HI,00169280015,SAXENDA 18,2015,3,true,,,
MCOU,KS,00169280015,SAXENDA   ,2015,4,false,978.000,66,72833.56
MCOU,KS,00169280015,SAXENDA   ,2015,3,false,495.000,33,36947.14
MCOU,KS,00169280015,SAXENDA   ,2015,2,true,,,
MCOU,KY,00169280015,SAXENDA   ,2015,3,true,,,
FFSU,LA,00169280015,SAXENDA   ,2015,4,true,,,
FFSU,LA,00169280015,SAXENDA   ,2015,3,true,,,
MCOU,MA,00169280015,SAXENDA 18,2015,4,true,,,
MCOU,MD,00169280015,SAXENDA 18,2015,4,true,,,
MCOU,MD,00169280015,SAXENDA 18,2015,3,true,,,
MCOU,MD,00169280015,SAXENDA 18,2015,2,true,,,
MCOU,MI,00169280015,SAXENDA   ,2015,4,true,,,
FFSU,MI,00169280015,SAXENDA   ,2015,4,true,,,
FFSU,MI,00169280015,SAXENDA   ,2015,3,true,,,
FFSU,MI,00169280015,SAXENDA   ,2015,2,true,,,
FFSU,MT,00169280015,SAXENDA 18,2015,4,true,,,
FFSU,MT,00169280015,SAXENDA 18,2015,3,true,,,
FFSU,XX,00169280015,SAXENDA   ,2015,4,false,1044.000,71,67285.10
MCOU,XX,00169280015,SAXENDA   ,2015,4,false,1968.000,132,146106.63
FFSU,XX,00169280015,SAXENDA   ,2015,3,false,735.000,49,46017.92
MCOU,XX,00169280015,SAXENDA   ,2015,3,false,1230.000,82,89733.82
FFSU,XX,00169280015,SAXENDA   ,2015,2,true,,,
MCOU,XX,00169280015,SAXENDA   ,2015,2,true,,,
FFSU,NJ,00169280015,SAXENDA   ,2015,3,true,,,
FFSU,NV,00169280015,SAXENDA   ,2015,4,true,,,
FFSU,NV,00169280015,SAXENDA   ,2015,3,true,,,
FFSU,NV,00169280015,SAXENDA   ,2015,2,true,,,
MCOU,NY,00169280015,SAXENDA   ,2015,4,true,,,
MCOU,NY,00169280015,SAXENDA   ,2015,3,true,,,
MCOU,OH,00169280015,SAXENDA 18,2015,3,true,,,
MCOU,PA,00169280015,SAXENDA 18,2015,4,true,,,
MCOU,PA,00169280015,SAXENDA 18,2015,3,true,,,
FFSU,RI,00169280015,SAXENDA   ,2015,3,true,,,
MCOU,SC,00169280015,SAXENDA   ,2015,3,true,,,
MCOU,VA,00169280015,SAXENDA   ,2015,4,true,,,
MCOU,VA,00169280015,SAXENDA   ,2015,3,true,,,
FFSU,WI,00169280015,SAXENDA   ,2015,4,false,345.000,23,24551.81
FFSU,WI,00169280015,SAXENDA   ,2015,3,false,210.000,14,14944.58
FFSU,AK,00310651201,BYETTA    ,2015,4,true,,,
FFSU,AK,00310652401,BYETTA    ,2015,4,false,43.200,18,9113.12
FFSU,AK,66780021007,BYETTA    ,2015,4,true,,,
FFSU,AK,66780021201,BYETTA    ,2015,4,true,,,
FFSU,AK,00310651201,BYETTA    ,2015,3,false,14.400,12,6024.04
FFSU,AK,00310652401,BYETTA    ,2015,3,false,43.200,18,8915.59
FFSU,AK,66780021201,BYETTA    ,2015,3,true,,,
FFSU,AK,00310651201,BYETTA    ,2015,2,false,14.400,12,5539.96
FFSU,AK,00310652401,BYETTA    ,2015,2,true,,,
FFSU,AK,66780021007,BYETTA    ,2015,2,true,,,
FFSU,AK,66780021201,BYETTA    ,2015,2,true,,,
FFSU,AK,00310651201,BYETTA    ,2015,1,true,,,
FFSU,AK,00310652401,BYETTA    ,2015,1,true,,,
FFSU,AK,66780021201,BYETTA    ,2015,1,true,,,
FFSU,AL,00310651201,Byetta 250,2015,4,false,26.400,22,11384.34
FFSU,AL,00310652401,Byetta 250,2015,4,false,127.200,53,27457.11
FFSU,AL,66780021201,BYETTA (EX,2015,4,true,,,
FFSU,AL,00310651201,Byetta 250,2015,3,false,25.200,21,10722.87
FFSU,AL,00310652401,Byetta 250,2015,3,false,127.200,53,26928.48
FFSU,AL,66780021007,BYETTA (EX,2015,3,true,,,
FFSU,AL,66780021201,BYETTA (EX,2015,3,true,,,
FFSU,AL,00310651201,Byetta 250,2015,2,false,21.600,18,8611.62
FFSU,AL,00310652401,Byetta 250,2015,2,false,124.800,52,26326.38
FFSU,AL,66780021007,BYETTA (EX,2015,2,true,,,
FFSU,AL,66780021201,BYETTA (EX,2015,2,true,,,
FFSU,AL,00310651201,Byetta 250,2015,1,false,14.400,12,5740.44
FFSU,AL,00310652401,Byetta 250,2015,1,false,50.400,21,9991.48
FFSU,AL,66780021007,BYETTA (EX,2015,1,false,14.400,12,5489.84
FFSU,AL,66780021201,BYETTA (EX,2015,1,false,129.600,54,24719.20
FFSU,AR,00310651201,BYETTA    ,2015,4,true,,,
FFSU,AR,00310652401,BYETTA    ,2015,4,true,,,
FFSU,AR,00310651201,BYETTA    ,2015,3,true,,,
FFSU,AR,00310652401,BYETTA    ,2015,3,true,,,
FFSU,AR,66780021007,BYETTA    ,2015,3,true,,,
FFSU,AR,00310651201,BYETTA    ,2015,2,true,,,
FFSU,AR,00310652401,BYETTA    ,2015,2,false,26.400,11,5457.76
FFSU,AR,66780021007,BYETTA    ,2015,2,true,,,
FFSU,AR,00310652401,BYETTA    ,2015,1,true,,,
FFSU,AR,66780021007,BYETTA    ,2015,1,true,,,
MCOU,AZ,00310651201,BYETTA    ,2015,4,false,174.000,140,75222.46
MCOU,AZ,00310652401,BYETTA    ,2015,4,false,518.400,214,109285.22
MCOU,AZ,66780021007,BYETTA    ,2015,4,true,,,
MCOU,AZ,66780021201,BYETTA    ,2015,4,true,,,
FFSU,AZ,00310651201,BYETTA    ,2015,3,true,,,
MCOU,AZ,00310651201,BYETTA    ,2015,3,false,220.600,182,92613.21
MCOU,AZ,00310652401,BYETTA    ,2015,3,false,560.800,236,116974.74
MCOU,AZ,66780021007,BYETTA    ,2015,3,true,,,
MCOU,AZ,66780021201,BYETTA    ,2015,3,false,28.800,12,5155.32
MCOU,AZ,00310651201,BYETTA    ,2015,2,false,185.600,165,81564.31
MCOU,AZ,00310652401,BYETTA    ,2015,2,false,476.800,212,101149.87
MCOU,AZ,66780021007,BYETTA    ,2015,2,false,36.000,29,12435.85
MCOU,AZ,66780021201,BYETTA    ,2015,2,false,182.400,52,28560.81
MCOU,AZ,00310651201,BYETTA    ,2015,1,false,35.000,30,14086.85
FFSU,AZ,00310651201,BYETTA    ,2015,1,true,,,
MCOU,AZ,00310652401,BYETTA    ,2015,1,false,71.200,31,14162.93
MCOU,AZ,66780021007,BYETTA    ,2015,1,false,88.800,72,31038.04
MCOU,AZ,66780021201,BYETTA    ,2015,1,false,273.600,113,48222.91
FFSU,CA,00310651201,BYETTA 250,2015,4,false,183.600,144,79920.27
MCOU,CA,00310651201,BYETTA 250,2015,4,false,247.000,190,104116.97
FFSU,CA,00310652401,BYETTA 250,2015,4,false,535.200,215,117517.13
MCOU,CA,00310652401,BYETTA 250,2015,4,false,883.000,357,184347.19
MCOU,CA,66780021007,BYETTA  EX,2015,4,true,,,
FFSU,CA,66780021007,BYETTA  EX,2015,4,true,,,
FFSU,CA,66780021201,BYETTA  EX,2015,4,true,,,
MCOU,CA,66780021201,BYETTA  EX,2015,4,true,,,
FFSU,CA,00310651201,BYETTA 250,2015,3,false,121.200,94,52428.38
MCOU,CA,00310651201,BYETTA 250,2015,3,false,205.200,156,82248.36
FFSU,CA,00310652401,BYETTA 250,2015,3,false,441.600,175,95819.01
MCOU,CA,00310652401,BYETTA 250,2015,3,false,838.400,346,176758.57
FFSU,CA,66780021007,BYETTA  EX,2015,3,true,,,
MCOU,CA,66780021007,BYETTA  EX,2015,3,true,,,
MCOU,CA,66780021201,BYETTA  EX,2015,3,false,28.800,12,5473.25
FFSU,CA,66780021201,BYETTA  EX,2015,3,false,28.800,12,5452.74
FFSU,CA,00310651201,BYETTA 250,2015,2,false,126.000,102,52094.59
MCOU,CA,00310651201,BYETTA 250,2015,2,false,223.600,181,85610.30
FFSU,CA,00310652401,BYETTA 250,2015,2,false,508.800,203,104156.99
MCOU,CA,00310652401,BYETTA 250,2015,2,false,1076.800,466,222621.92
MCOU,CA,66780021007,BYETTA  EX,2015,2,false,26.800,25,10166.03
FFSU,CA,66780021007,BYETTA  EX,2015,2,true,,,
FFSU,CA,66780021201,BYETTA  EX,2015,2,false,48.000,20,9279.87
MCOU,CA,66780021201,BYETTA  EX,2015,2,false,92.000,36,11355.28
MCOU,CA,00310651201,BYETTA 250,2015,1,false,123.400,94,47004.26
FFSU,CA,00310651201,BYETTA 250,2015,1,false,91.200,74,37855.29
MCOU,CA,00310652401,BYETTA 250,2015,1,false,793.600,335,157339.71
FFSU,CA,00310652401,BYETTA 250,2015,1,false,352.800,141,71379.19
MCOU,CA,66780021007,BYETTA  EX,2015,1,false,84.000,74,33467.75
FFSU,CA,66780021007,BYETTA  EX,2015,1,false,50.400,42,19164.54
FFSU,CA,66780021201,BYETTA  EX,2015,1,false,211.200,85,39338.44
MCOU,CA,66780021201,BYETTA  EX,2015,1,false,313.800,131,58362.65
FFSU,CO,00310651201,BYETTA    ,2015,4,false,564.600,403,235799.85
FFSU,CO,00310652401,BYETTA    ,2015,4,false,974.400,314,202417.99
FFSU,CO,66780021007,BYETTA 5 M,2015,4,true,,,
FFSU,CO,66780021201,BYETTA 10 ,2015,4,true,,,
FFSU,CO,00310651201,BYETTA    ,2015,3,false,441.000,311,181732.85
FFSU,CO,00310652401,BYETTA 10 ,2015,3,false,885.600,296,180526.97
FFSU,CO,66780021007,BYETTA 5 M,2015,3,false,16.800,12,7054.18
FFSU,CO,66780021201,BYETTA 10 ,2015,3,true,,,
FFSU,CO,00310651201,BYETTA    ,2015,2,false,372.600,273,146127.89
FFSU,CO,00310652401,BYETTA    ,2015,2,false,914.400,337,178299.45
FFSU,CO,66780021007,BYETTA 5 M,2015,2,false,27.600,23,10733.44
FFSU,CO,66780021201,BYETTA 10 ,2015,2,false,48.000,18,9352.25
FFSU,CO,00310651201,BYETTA    ,2015,1,false,212.400,158,83458.00
FFSU,CO,00310652401,BYETTA    ,2015,1,false,562.000,205,111724.76
FFSU,CO,66780021007,BYETTA 5 M,2015,1,false,130.800,101,48935.30
FFSU,CO,66780021201,BYETTA    ,2015,1,false,304.800,111,55648.05
FFSU,CT,00310651201,Byetta 250,2015,4,false,48.000,38,20758.80
FFSU,CT,00310652401,BYETTA 250,2015,4,false,134.400,45,29050.84
FFSU,CT,66780021201,BYETTA (EX,2015,4,true,,,
FFSU,CT,00310651201,Byetta 250,2015,3,false,46.800,35,19714.15
FFSU,CT,00310652401,Byetta 250,2015,3,false,144.000,47,30292.55
FFSU,CT,66780021201,BYETTA (EX,2015,3,true,,,
FFSU,CT,00310651201,BYETTA 250,2015,2,false,38.400,30,15480.44
FFSU,CT,00310652401,BYETTA 250,2015,2,false,98.400,35,19828.47
FFSU,CT,66780021007,BYETTA (EX,2015,2,true,,,
FFSU,CT,66780021201,BYETTA (EX,2015,2,true,,,
FFSU,CT,00310651201,Byetta 250,2015,1,false,30.000,22,12091.65
FFSU,CT,00310652401,BYETTA 250,2015,1,false,76.800,27,15475.34
FFSU,CT,66780021007,BYETTA (EX,2015,1,true,,,
FFSU,CT,66780021201,BYETTA (EX,2015,1,false,60.000,20,11416.67
MCOU,DC,00310651201,BYETTA 5 M,2015,4,true,,,
FFSU,DC,00310651201,BYETTA 5 M,2015,4,true,,,
MCOU,DC,00310652401,BYETTA 10 ,2015,4,true,,,
FFSU,DC,00310652401,BYETTA 10 ,2015,4,true,,,
FFSU,DC,66780021201,BYETTA 10 ,2015,4,true,,,
FFSU,DC,00310651201,BYETTA 5 M,2015,3,true,,,
MCOU,DC,00310652401,BYETTA 10 ,2015,3,true,,,
FFSU,DC,00310652401,BYETTA 10 ,2015,3,true,,,
FFSU,DC,00310651201,BYETTA 5 M,2015,2,true,,,
FFSU,DC,00310652401,BYETTA 10 ,2015,2,true,,,
MCOU,DC,00310652401,BYETTA 10 ,2015,2,true,,,
FFSU,DC,66780021201,BYETTA 10 ,2015,2,true,,,
FFSU,DC,00310651201,BYETTA 5 M,2015,1,true,,,
MCOU,DC,00310652401,BYETTA 10 ,2015,1,true,,,
FFSU,DC,66780021007,BYETTA 5 M,2015,1,true,,,
FFSU,DC,66780021201,BYETTA 10 ,2015,1,true,,,
MCOU,DC,66780021201,BYETTA 10 ,2015,1,true,,,
MCOU,DE,00310651201,Byetta 250,2015,4,true,,,
MCOU,DE,00310652401,Byetta 250,2015,4,false,72.000,30,15893.64
MCOU,DE,66780021007,BYETTA (EX,2015,4,true,,,
MCOU,DE,66780021201,BYETTA (EX,2015,4,true,,,
MCOU,DE,00310651201,Byetta 250,2015,3,true,,,
MCOU,DE,00310652401,Byetta 250,2015,3,false,64.800,27,14159.62
FFSU,DE,00310652401,Byetta 250,2015,3,true,,,
MCOU,DE,66780021007,BYETTA (EX,2015,3,true,,,
MCOU,DE,66780021201,BYETTA (EX,2015,3,true,,,
MCOU,DE,00310651201,Byetta 250,2015,2,true,,,
MCOU,DE,00310652401,Byetta 250,2015,2,false,64.800,24,12018.38
MCOU,DE,00310651201,Byetta 250,2015,1,true,,,
MCOU,DE,00310652401,Byetta 250,2015,1,false,45.600,19,9309.96
MCOU,DE,66780021007,BYETTA (EX,2015,1,true,,,
MCOU,DE,66780021201,BYETTA (EX,2015,1,true,,,
FFSU,DE,66780021201,BYETTA (EX,2015,1,true,,,
FFSU,FL,00310651201,BYETTA    ,2015,4,false,55.200,46,24292.14
MCOU,FL,00310651201,BYETTA    ,2015,4,false,452.700,370,196197.75
MCOU,FL,00310652401,BYETTA    ,2015,4,false,1084.800,451,234406.32
FFSU,FL,00310652401,BYETTA    ,2015,4,false,199.800,82,42549.04
MCOU,FL,66780021007,BYETTA    ,2015,4,false,21.600,18,8225.28
FFSU,FL,66780021007,BYETTA    ,2015,4,true,,,
FFSU,FL,66780021201,BYETTA    ,2015,4,true,,,
MCOU,FL,66780021201,BYETTA    ,2015,4,false,62.400,26,11399.73
MCOU,FL,00310651201,BYETTA    ,2015,3,false,477.600,386,201946.90
FFSU,FL,00310651201,BYETTA    ,2015,3,false,74.400,59,32225.46
MCOU,FL,00310652401,BYETTA    ,2015,3,false,1239.000,512,265286.17
FFSU,FL,00310652401,BYETTA    ,2015,3,false,216.600,90,43736.97
FFSU,FL,66780021007,BYETTA    ,2015,3,true,,,
MCOU,FL,66780021007,BYETTA    ,2015,3,false,15.600,13,6018.74
FFSU,FL,66780021201,BYETTA    ,2015,3,true,,,
MCOU,FL,66780021201,BYETTA    ,2015,3,false,43.200,18,8434.78
MCOU,FL,00310651201,BYETTA    ,2015,2,false,393.600,323,155939.78
FFSU,FL,00310651201,BYETTA    ,2015,2,false,64.800,52,26412.02
MCOU,FL,00310652401,BYETTA    ,2015,2,false,1245.600,511,251611.28
FFSU,FL,00310652401,BYETTA    ,2015,2,false,235.200,98,45484.35
MCOU,FL,66780021007,BYETTA    ,2015,2,false,48.000,40,18264.09
FFSU,FL,66780021007,BYETTA    ,2015,2,true,,,
FFSU,FL,66780021201,BYETTA    ,2015,2,true,,,
MCOU,FL,66780021201,BYETTA    ,2015,2,false,108.000,45,19631.55
MCOU,FL,00310651201,BYETTA    ,2015,1,false,193.200,154,77328.40
FFSU,FL,00310651201,BYETTA    ,2015,1,false,46.800,38,19077.01
MCOU,FL,00310652401,BYETTA    ,2015,1,false,530.400,217,110345.35
FFSU,FL,00310652401,BYETTA    ,2015,1,false,158.400,65,31847.51
MCOU,FL,66780021007,BYETTA    ,2015,1,false,230.400,188,86225.26
FFSU,FL,66780021007,BYETTA    ,2015,1,false,20.400,17,8005.13
FFSU,FL,66780021201,BYETTA    ,2015,1,false,139.200,55,26836.93
MCOU,FL,66780021201,BYETTA    ,2015,1,false,801.600,334,143795.21
MCOU,GA,00310651201,Byetta 250,2015,4,true,,,
FFSU,GA,00310651201,Byetta 250,2015,4,true,,,
MCOU,GA,00310652401,Byetta 250,2015,4,true,,,
FFSU,GA,00310652401,Byetta 250,2015,4,true,,,
FFSU,GA,66780021201,BYETTA (EX,2015,4,true,,,
FFSU,GA,00310651201,Byetta 250,2015,3,false,16.800,14,7144.09
MCOU,GA,00310651201,Byetta 250,2015,3,true,,,
FFSU,GA,00310652401,Byetta 250,2015,3,true,,,
MCOU,GA,00310652401,Byetta 250,2015,3,false,26.400,11,5689.62
MCOU,GA,66780021007,BYETTA (EX,2015,3,true,,,
FFSU,GA,00310651201,Byetta 250,2015,2,true,,,
MCOU,GA,00310651201,Byetta 250,2015,2,true,,,
MCOU,GA,00310652401,Byetta 250,2015,2,false,38.400,16,7609.39
FFSU,GA,00310652401,Byetta 250,2015,2,true,,,
MCOU,GA,66780021007,BYETTA (EX,2015,2,true,,,
FFSU,GA,66780021007,BYETTA (EX,2015,2,false,13.200,11,4719.82
FFSU,GA,66780021201,BYETTA (EX,2015,2,true,,,
MCOU,GA,66780021201,BYETTA (EX,2015,2,true,,,
MCOU,GA,00310652401,Byetta 250,2015,1,true,,,
FFSU,GA,66780021007,BYETTA (EX,2015,1,false,24.000,20,8767.32
MCOU,GA,66780021007,BYETTA (EX,2015,1,true,,,
FFSU,GA,66780021201,BYETTA (EX,2015,1,true,,,
MCOU,GA,66780021201,BYETTA (EX,2015,1,true,,,
MCOU,HI,00310651201,BYETTA 5 M,2015,4,true,,,
MCOU,HI,00310652401,BYETTA 10 ,2015,4,false,42.000,20,10718.28
MCOU,HI,66780021201,BYETTA 10 ,2015,4,true,,,
MCOU,HI,00310651201,BYETTA 5 M,2015,3,false,12.200,12,6289.83
MCOU,HI,00310652401,BYETTA 10 ,2015,3,false,41.600,20,10529.22
MCOU,HI,66780021007,BYETTA 5 M,2015,3,true,,,
MCOU,HI,66780021201,BYETTA 10 ,2015,3,true,,,
MCOU,HI,00310651201,BYETTA 5 M,2015,2,false,14.400,14,6902.96
MCOU,HI,00310652401,BYETTA 10 ,2015,2,false,80.800,38,18284.56
MCOU,HI,66780021007,BYETTA 5 M,2015,2,true,,,
MCOU,HI,66780021201,BYETTA 10 ,2015,2,true,,,
MCOU,HI,00310651201,BYETTA 5 M,2015,1,true,,,
MCOU,HI,00310652401,BYETTA 10 ,2015,1,false,41.200,20,9861.78
MCOU,HI,66780021007,BYETTA 5 M,2015,1,true,,,
MCOU,HI,66780021201,BYETTA 10 ,2015,1,false,59.200,27,11546.80
FFSU,IA,00310651201,Byetta 250,2015,4,false,169.200,141,71009.11
FFSU,IA,00310652401,Byetta 250,2015,4,false,573.600,238,122832.66
FFSU,IA,66780021007,BYETTA (EX,2015,4,true,,,
FFSU,IA,66780021201,BYETTA (EX,2015,4,true,,,
FFSU,IA,00310651201,Byetta 250,2015,3,false,136.800,113,56951.09
FFSU,IA,00310652401,Byetta 250,2015,3,false,590.399,246,124943.41
FFSU,IA,66780021007,BYETTA (EX,2015,3,true,,,
FFSU,IA,66780021201,BYETTA (EX,2015,3,false,33.600,14,7149.51
FFSU,IA,00310651201,Byetta 250,2015,2,false,177.400,148,69661.43
FFSU,IA,00310652401,Byetta 250,2015,2,false,528.000,220,102511.54
FFSU,IA,66780021007,BYETTA (EX,2015,2,true,,,
FFSU,IA,66780021201,BYETTA (EX,2015,2,false,45.600,19,9075.34
FFSU,IA,00310651201,Byetta 250,2015,1,false,106.800,87,40099.08
FFSU,IA,00310652401,Byetta 250,2015,1,false,237.600,99,45068.40
FFSU,IA,66780021007,BYETTA (EX,2015,1,false,52.800,44,19131.70
FFSU,IA,66780021201,BYETTA (EX,2015,1,false,247.200,103,46750.75
FFSU,ID,00310651201,BYETTA    ,2015,4,false,62.400,52,26880.77
FFSU,ID,00310652401,BYETTA    ,2015,4,false,249.600,104,53496.49
FFSU,ID,66780021201,BYETTA    ,2015,4,true,,,
FFSU,ID,00310651201,BYETTA    ,2015,3,false,81.600,68,34039.07
FFSU,ID,00310652401,BYETTA    ,2015,3,false,280.800,117,58658.76
FFSU,ID,66780021201,BYETTA    ,2015,3,true,,,
FFSU,ID,00310651201,BYETTA    ,2015,2,false,94.800,79,37934.36
FFSU,ID,00310652401,BYETTA    ,2015,2,false,288.000,120,57503.77
FFSU,ID,66780021007,BYETTA    ,2015,2,false,13.200,11,5265.80
FFSU,ID,66780021201,BYETTA    ,2015,2,false,26.400,11,5278.35
FFSU,ID,00310651201,BYETTA    ,2015,1,false,50.400,42,20083.10
FFSU,ID,00310652401,BYETTA    ,2015,1,false,149.200,64,29824.37
FFSU,ID,66780021007,BYETTA    ,2015,1,false,46.800,39,18295.03
FFSU,ID,66780021201,BYETTA    ,2015,1,false,105.600,44,20184.24
MCOU,IL,00310651201,Byetta 250,2015,4,false,235.200,193,97677.58
FFSU,IL,00310651201,Byetta 250,2015,4,false,184.800,154,79123.45
MCOU,IL,00310652401,Byetta 250,2015,4,false,823.200,343,173532.60
FFSU,IL,00310652401,Byetta 250,2015,4,false,648.000,270,139079.70
MCOU,IL,66780021007,BYETTA (EX,2015,4,false,56.400,47,20244.69
FFSU,IL,66780021007,BYETTA (EX,2015,4,true,,,
MCOU,IL,66780021201,BYETTA (EX,2015,4,false,168.000,70,30128.00
FFSU,IL,66780021201,BYETTA (EX,2015,4,false,28.800,12,5749.38
FFSU,IL,00310651201,Byetta 250,2015,3,false,186.000,155,78608.21
MCOU,IL,00310651201,Byetta 250,2015,3,false,206.400,168,82013.51
FFSU,IL,00310652401,Byetta 250,2015,3,false,561.600,234,118528.24
MCOU,IL,00310652401,Byetta 250,2015,3,false,667.200,278,136132.64
FFSU,IL,66780021007,BYETTA (EX,2015,3,true,,,
MCOU,IL,66780021007,BYETTA (EX,2015,3,false,80.400,66,28503.48
MCOU,IL,66780021201,BYETTA (EX,2015,3,false,240.000,100,43104.71
FFSU,IL,66780021201,BYETTA (EX,2015,3,false,36.000,15,7179.90
FFSU,IL,00310651201,Byetta 250,2015,2,false,169.200,141,67172.84
MCOU,IL,00310651201,Byetta 250,2015,2,false,45.400,36,17081.78
FFSU,IL,00310652401,Byetta 250,2015,2,false,549.600,229,109076.16
MCOU,IL,00310652401,Byetta 250,2015,2,false,225.600,94,44808.84
MCOU,IL,66780021007,BYETTA (EX,2015,2,true,,,
FFSU,IL,66780021007,BYETTA (EX,2015,2,false,25.200,21,10019.24
FFSU,IL,66780021201,BYETTA (EX,2015,2,false,72.000,30,14318.60
MCOU,IL,66780021201,BYETTA (EX,2015,2,false,45.600,19,8387.81
FFSU,IL,00310651201,Byetta 250,2015,1,false,43.200,36,17114.99
MCOU,IL,00310651201,Byetta 250,2015,1,true,,,
MCOU,IL,00310652401,Byetta 250,2015,1,false,136.800,57,27164.73
FFSU,IL,00310652401,Byetta 250,2015,1,false,136.800,57,26879.20
MCOU,IL,66780021007,BYETTA (EX,2015,1,false,32.400,27,11560.24
FFSU,IL,66780021007,BYETTA (EX,2015,1,false,111.600,93,41281.97
FFSU,IL,66780021201,BYETTA (EX,2015,1,false,453.600,189,83739.91
MCOU,IL,66780021201,BYETTA (EX,2015,1,false,220.800,90,37748.96
MCOU,IN,00310651201,Byetta 250,2015,4,false,34.800,29,15156.94
FFSU,IN,00310651201,Byetta 250,2015,4,true,,,
MCOU,IN,00310652401,Byetta 250,2015,4,false,136.800,57,29763.01
FFSU,IN,00310652401,Byetta 250,2015,4,true,,,
MCOU,IN,66780021007,BYETTA (EX,2015,4,true,,,
MCOU,IN,66780021201,BYETTA (EX,2015,4,true,,,
MCOU,IN,00310651201,Byetta 250,2015,3,false,48.000,39,20498.85
FFSU,IN,00310651201,Byetta 250,2015,3,true,,,
MCOU,IN,00310652401,Byetta 250,2015,3,false,165.600,67,35299.97
FFSU,IN,00310652401,Byetta 250,2015,3,true,,,
MCOU,IN,66780021201,BYETTA (EX,2015,3,true,,,
MCOU,IN,00310651201,Byetta 250,2015,2,false,32.400,27,13055.80
FFSU,IN,00310651201,Byetta 250,2015,2,false,16.800,12,6797.18
MCOU,IN,00310652401,Byetta 250,2015,2,false,136.800,57,28123.28
FFSU,IN,00310652401,Byetta 250,2015,2,false,74.400,30,15064.27
FFSU,IN,66780021007,BYETTA (EX,2015,2,true,,,
MCOU,IN,66780021007,BYETTA (EX,2015,2,true,,,
MCOU,IN,66780021201,BYETTA (EX,2015,2,true,,,
FFSU,IN,66780021201,BYETTA (EX,2015,2,true,,,
FFSU,IN,00310651201,Byetta 250,2015,1,false,18.000,12,6937.51
MCOU,IN,00310651201,Byetta 250,2015,1,true,,,
FFSU,IN,00310652401,Byetta 250,2015,1,false,62.400,26,12637.82
MCOU,IN,00310652401,Byetta 250,2015,1,false,31.200,13,6285.75
FFSU,IN,66780021007,BYETTA (EX,2015,1,false,21.600,17,8022.12
MCOU,IN,66780021007,BYETTA (EX,2015,1,true,,,
MCOU,IN,66780021201,BYETTA (EX,2015,1,true,,,
FFSU,IN,66780021201,BYETTA (EX,2015,1,false,105.600,38,19090.64
MCOU,KS,00310651201,Byetta 250,2015,4,false,19.200,16,8409.90
MCOU,KS,00310652401,Byetta 250,2015,4,true,,,
MCOU,KS,00310651201,Byetta 250,2015,3,false,14.400,12,6431.91
MCOU,KS,00310652401,Byetta 250,2015,3,true,,,
MCOU,KS,66780021201,BYETTA (EX,2015,3,true,,,
MCOU,KS,00310651201,Byetta 250,2015,2,false,15.600,13,6535.73
MCOU,KS,00310652401,Byetta 250,2015,2,true,,,
MCOU,KS,66780021007,BYETTA (EX,2015,2,true,,,
MCOU,KS,00310651201,Byetta 250,2015,1,false,13.200,11,5544.73
MCOU,KS,00310652401,Byetta 250,2015,1,true,,,
MCOU,KS,66780021007,BYETTA (EX,2015,1,true,,,
MCOU,KS,66780021201,BYETTA (EX,2015,1,true,,,
MCOU,KY,00310651201,BYETTA    ,2015,4,true,,,
FFSU,KY,00310651201,BYETTA    ,2015,4,false,24.000,20,10588.80
MCOU,KY,00310652401,BYETTA    ,2015,4,true,,,
FFSU,KY,00310652401,BYETTA    ,2015,4,false,55.200,20,12169.63
MCOU,KY,66780021007,BYETTA    ,2015,4,true,,,
MCOU,KY,66780021201,BYETTA    ,2015,4,true,,,
MCOU,KY,00310651201,BYETTA    ,2015,3,true,,,
FFSU,KY,00310651201,BYETTA    ,2015,3,false,20.400,17,8815.33
FFSU,KY,00310652401,BYETTA    ,2015,3,false,43.200,13,9437.38
MCOU,KY,00310652401,BYETTA    ,2015,3,true,,,
MCOU,KY,66780021007,BYETTA    ,2015,3,false,19.200,15,7783.46
MCOU,KY,66780021201,BYETTA    ,2015,3,true,,,
FFSU,KY,66780021201,BYETTA    ,2015,3,true,,,
MCOU,KY,00310651201,BYETTA    ,2015,2,false,13.200,11,5332.53
FFSU,KY,00310651201,BYETTA    ,2015,2,false,26.400,20,10783.51
MCOU,KY,00310652401,BYETTA    ,2015,2,false,595.200,248,122740.11
FFSU,KY,00310652401,BYETTA    ,2015,2,false,40.800,15,8325.96
FFSU,KY,66780021007,BYETTA    ,2015,2,true,,,
FFSU,KY,66780021201,BYETTA    ,2015,2,true,,,
MCOU,KY,66780021201,BYETTA    ,2015,2,false,26.400,11,4868.85
MCOU,KY,00310651201,BYETTA    ,2015,1,true,,,
FFSU,KY,00310651201,BYETTA    ,2015,1,true,,,
MCOU,KY,00310652401,BYETTA    ,2015,1,false,33.600,14,6775.87
FFSU,KY,00310652401,BYETTA    ,2015,1,false,40.800,12,8324.45
FFSU,KY,66780021007,BYETTA    ,2015,1,false,15.600,13,6058.55
MCOU,KY,66780021007,BYETTA    ,2015,1,false,54.000,45,21116.49
FFSU,KY,66780021201,BYETTA    ,2015,1,true,,,
MCOU,KY,66780021201,BYETTA    ,2015,1,false,566.400,236,103626.98
FFSU,LA,00310651201,BYETTA    ,2015,4,true,,,
MCOU,LA,00310651201,BYETTA    ,2015,4,false,27.600,21,12084.94
FFSU,LA,00310652401,BYETTA    ,2015,4,true,,,
MCOU,LA,00310652401,BYETTA    ,2015,4,false,100.800,42,22054.10
FFSU,LA,00310651201,BYETTA    ,2015,3,true,,,
MCOU,LA,00310651201,BYETTA    ,2015,3,false,26.400,21,11516.95
FFSU,LA,00310652401,BYETTA    ,2015,3,true,,,
MCOU,LA,00310652401,BYETTA    ,2015,3,false,98.400,41,21308.10
MCOU,LA,66780021007,BYETTA    ,2015,3,true,,,
MCOU,LA,66780021201,BYETTA    ,2015,3,true,,,
FFSU,LA,66780021201,BYETTA    ,2015,3,true,,,
MCOU,LA,00310651201,BYETTA    ,2015,2,false,31.200,26,12651.12
FFSU,LA,00310651201,BYETTA    ,2015,2,true,,,
MCOU,LA,00310652401,BYETTA    ,2015,2,false,112.800,46,22770.29
FFSU,LA,00310652401,BYETTA    ,2015,2,true,,,
MCOU,LA,66780021007,BYETTA    ,2015,2,true,,,
FFSU,LA,66780021007,BYETTA    ,2015,2,true,,,
MCOU,LA,66780021201,BYETTA    ,2015,2,true,,,
FFSU,LA,66780021201,BYETTA    ,2015,2,false,28.800,12,5306.83
FFSU,LA,00310651201,BYETTA    ,2015,1,true,,,
MCOU,LA,00310651201,BYETTA    ,2015,1,false,15.600,13,6413.05
MCOU,LA,00310652401,BYETTA    ,2015,1,false,79.200,32,16233.80
FFSU,LA,00310652401,BYETTA    ,2015,1,true,,,
FFSU,LA,66780021007,BYETTA    ,2015,1,false,25.200,19,9093.36
MCOU,LA,66780021007,BYETTA    ,2015,1,true,,,
MCOU,LA,66780021201,BYETTA    ,2015,1,false,38.400,16,6946.18
FFSU,LA,66780021201,BYETTA    ,2015,1,false,86.400,36,15634.96
MCOU,MA,00310651201,BYETTA 5 M,2015,4,false,74.400,60,32133.04
FFSU,MA,00310651201,BYETTA 5 M,2015,4,false,28.800,23,12825.78
MCOU,MA,00310652401,BYETTA 10 ,2015,4,false,360.000,141,78242.81
FFSU,MA,00310652401,BYETTA 10 ,2015,4,false,120.000,50,26642.86
MCOU,MA,66780021007,BYETTA 5 M,2015,4,true,,,
FFSU,MA,66780021201,BYETTA 10 ,2015,4,true,,,
FFSU,MA,00310651201,BYETTA 5 M,2015,3,false,28.800,24,12640.28
MCOU,MA,00310651201,BYETTA 5 M,2015,3,false,58.800,45,24677.83
FFSU,MA,00310652401,BYETTA 10 ,2015,3,false,112.800,47,24637.53
MCOU,MA,00310652401,BYETTA 10 ,2015,3,false,348.000,136,74074.80
MCOU,MA,66780021007,BYETTA 5 M,2015,3,true,,,
MCOU,MA,66780021201,BYETTA 10 ,2015,3,true,,,
FFSU,MA,66780021201,BYETTA 10 ,2015,3,true,,,
FFSU,MA,00310651201,BYETTA 5 M,2015,2,true,,,
MCOU,MA,00310651201,BYETTA 5 M,2015,2,false,68.400,55,27622.40
FFSU,MA,00310652401,BYETTA 10 ,2015,2,false,165.600,69,34151.24
MCOU,MA,00310652401,BYETTA 10 ,2015,2,false,369.600,151,74831.59
MCOU,MA,66780021007,BYETTA 5 M,2015,2,true,,,
FFSU,MA,66780021007,BYETTA 5 M,2015,2,true,,,
FFSU,MA,66780021201,BYETTA 10 ,2015,2,true,,,
MCOU,MA,66780021201,BYETTA 10 ,2015,2,false,45.600,13,7888.43
FFSU,MA,00310651201,BYETTA 5 M,2015,1,true,,,
MCOU,MA,00310651201,BYETTA 5 M,2015,1,false,39.600,33,16071.47
FFSU,MA,00310652401,BYETTA 10 ,2015,1,false,84.000,35,17309.67
MCOU,MA,00310652401,BYETTA 10 ,2015,1,false,153.600,58,30786.82
FFSU,MA,66780021007,BYETTA 5 M,2015,1,true,,,
MCOU,MA,66780021007,BYETTA 5 M,2015,1,false,24.000,20,8896.22
MCOU,MA,66780021201,BYETTA 10 ,2015,1,false,206.400,82,37053.93
FFSU,MA,66780021201,BYETTA 10 ,2015,1,false,163.200,66,30803.32
FFSU,MD,00310651201,BYETTA 5 M,2015,4,true,,,
MCOU,MD,00310651201,BYETTA 5 M,2015,4,false,121.200,89,52881.30
FFSU,MD,00310652401,BYETTA 10 ,2015,4,true,,,
MCOU,MD,00310652401,BYETTA 10 ,2015,4,false,312.000,108,67980.67
MCOU,MD,66780021007,BYETTA 5 M,2015,4,true,,,
MCOU,MD,66780021201,BYETTA 10 ,2015,4,false,26.400,11,4748.41
MCOU,MD,00310651201,BYETTA 5 M,2015,3,false,112.800,78,49311.90
FFSU,MD,00310651201,BYETTA 5 M,2015,3,true,,,
MCOU,MD,00310652401,BYETTA 10 ,2015,3,false,264.000,93,57497.52
FFSU,MD,00310652401,BYETTA 10 ,2015,3,true,,,
FFSU,MD,66780021007,BYETTA 5 M,2015,3,true,,,
MCOU,MD,66780021007,BYETTA 5 M,2015,3,true,,,
FFSU,MD,66780021201,BYETTA 10 ,2015,3,true,,,
MCOU,MD,66780021201,BYETTA 10 ,2015,3,false,38.400,14,6889.86
FFSU,MD,00310651201,BYETTA 5 M,2015,2,true,,,
MCOU,MD,00310651201,BYETTA 5 M,2015,2,false,75.600,55,30523.78
MCOU,MD,00310652401,BYETTA 10 ,2015,2,false,228.000,83,45864.38
FFSU,MD,00310652401,BYETTA 10 ,2015,2,true,,,
FFSU,MD,66780021007,BYETTA 5 M,2015,2,true,,,
MCOU,MD,66780021007,BYETTA 5 M,2015,2,true,,,
MCOU,MD,66780021201,BYETTA 10 ,2015,2,false,48.000,18,8629.09
FFSU,MD,66780021201,BYETTA 10 ,2015,2,true,,,
MCOU,MD,00310651201,BYETTA 5 M,2015,1,false,58.800,45,24189.77
FFSU,MD,00310651201,BYETTA 5 M,2015,1,true,,,
MCOU,MD,00310652401,BYETTA 10 ,2015,1,false,163.200,57,33003.15
MCOU,MD,66780021007,BYETTA 5 M,2015,1,false,33.600,26,12299.23
FFSU,MD,66780021007,BYETTA 5 M,2015,1,true,,,
FFSU,MD,66780021201,BYETTA 10 ,2015,1,true,,,
MCOU,MD,66780021201,BYETTA 10 ,2015,1,false,132.000,47,23806.03
FFSU,ME,00310651201,BYETTA    ,2015,4,false,31.200,24,13580.64
FFSU,ME,00310652401,BYETTA    ,2015,4,false,139.200,54,30144.74
FFSU,ME,66780021201,BYETTA    ,2015,4,true,,,
FFSU,ME,00310651201,BYETTA    ,2015,3,false,36.000,28,15415.58
FFSU,ME,00310652401,BYETTA    ,2015,3,false,146.400,61,31193.37
FFSU,ME,66780021201,BYETTA    ,2015,3,true,,,
FFSU,ME,00310651201,BYETTA    ,2015,2,false,30.000,23,12071.49
FFSU,ME,00310652401,BYETTA    ,2015,2,false,139.200,58,28004.35
FFSU,ME,66780021007,BYETTA    ,2015,2,true,,,
FFSU,ME,66780021201,BYETTA    ,2015,2,true,,,
FFSU,ME,00310651201,BYETTA    ,2015,1,true,,,
FFSU,ME,00310652401,BYETTA    ,2015,1,false,84.000,35,16888.39
FFSU,ME,66780021007,BYETTA    ,2015,1,true,,,
FFSU,ME,66780021201,BYETTA    ,2015,1,false,67.200,28,12079.08
FFSU,MI,00310651201,BYETTA    ,2015,4,false,26.400,17,11684.74
MCOU,MI,00310651201,BYETTA    ,2015,4,false,291.600,243,128291.56
FFSU,MI,00310652401,BYETTA    ,2015,4,false,50.400,21,10639.50
MCOU,MI,00310652401,BYETTA    ,2015,4,false,698.400,291,152844.95
FFSU,MI,66780021007,BYETTA    ,2015,4,true,,,
MCOU,MI,66780021007,BYETTA    ,2015,4,false,21.600,18,8537.78
MCOU,MI,66780021201,BYETTA    ,2015,4,true,,,
FFSU,MI,66780021201,BYETTA    ,2015,4,true,,,
MCOU,MI,00310651201,BYETTA    ,2015,3,false,204.000,169,88648.21
FFSU,MI,00310651201,BYETTA    ,2015,3,false,22.800,15,9283.24
FFSU,MI,00310652401,BYETTA    ,2015,3,false,50.400,18,11085.13
MCOU,MI,00310652401,BYETTA    ,2015,3,false,592.800,247,128532.39
FFSU,MI,66780021007,BYETTA    ,2015,3,true,,,
MCOU,MI,66780021007,BYETTA    ,2015,3,false,18.000,15,7355.99
MCOU,MI,66780021201,BYETTA    ,2015,3,false,40.800,17,6825.67
MCOU,MI,00310651201,BYETTA    ,2015,2,false,244.800,202,97963.57
FFSU,MI,00310651201,BYETTA    ,2015,2,false,15.600,13,6378.86
MCOU,MI,00310652401,BYETTA    ,2015,2,false,568.800,237,114390.78
FFSU,MI,00310652401,BYETTA    ,2015,2,false,57.600,19,11783.51
MCOU,MI,66780021007,BYETTA    ,2015,2,false,22.800,19,9272.78
FFSU,MI,66780021007,BYETTA    ,2015,2,true,,,
MCOU,MI,66780021201,BYETTA    ,2015,2,false,43.200,18,7828.20
FFSU,MI,66780021201,BYETTA    ,2015,2,true,,,
MCOU,MI,00310651201,BYETTA    ,2015,1,false,108.000,90,42332.07
FFSU,MI,00310651201,BYETTA    ,2015,1,false,20.400,13,8325.20
MCOU,MI,00310652401,BYETTA    ,2015,1,false,256.800,107,51033.45
FFSU,MI,00310652401,BYETTA    ,2015,1,false,33.600,14,6423.48
MCOU,MI,66780021007,BYETTA    ,2015,1,false,65.600,54,24621.05
FFSU,MI,66780021007,BYETTA    ,2015,1,true,,,
MCOU,MI,66780021201,BYETTA    ,2015,1,false,220.800,92,38955.43
FFSU,MI,66780021201,BYETTA    ,2015,1,false,43.200,14,8663.42
MCOU,MN,00310651201,BYETTA    ,2015,4,false,55.600,48,24820.74
FFSU,MN,00310651201,BYETTA    ,2015,4,false,75.600,63,32626.81
MCOU,MN,00310652401,BYETTA    ,2015,4,false,356.000,151,79631.42
FFSU,MN,00310652401,BYETTA    ,2015,4,false,240.000,100,52878.41
FFSU,MN,66780021007,BYETTA    ,2015,4,true,,,
MCOU,MN,66780021007,BYETTA    ,2015,4,true,,,
FFSU,MN,66780021201,BYETTA    ,2015,4,true,,,
MCOU,MN,66780021201,BYETTA    ,2015,4,true,,,
MCOU,MN,00310651201,BYETTA    ,2015,3,false,106.600,91,47649.51
FFSU,MN,00310651201,BYETTA    ,2015,3,false,74.400,62,32286.84
MCOU,MN,00310652401,BYETTA    ,2015,3,false,589.600,250,130131.17
FFSU,MN,00310652401,BYETTA    ,2015,3,false,211.200,88,46226.01
MCOU,MN,66780021007,BYETTA    ,2015,3,true,,,
FFSU,MN,66780021007,BYETTA    ,2015,3,true,,,
FFSU,MN,66780021201,BYETTA    ,2015,3,true,,,
MCOU,MN,66780021201,BYETTA    ,2015,3,true,,,
FFSU,MN,00310651201,BYETTA    ,2015,2,false,82.800,68,32123.83
MCOU,MN,00310651201,BYETTA    ,2015,2,false,119.600,102,49257.60
FFSU,MN,00310652401,BYETTA    ,2015,2,false,232.800,97,47299.44
MCOU,MN,00310652401,BYETTA    ,2015,2,false,619.200,264,130263.66
MCOU,MN,66780021007,BYETTA    ,2015,2,true,,,
FFSU,MN,66780021007,BYETTA    ,2015,2,true,,,
FFSU,MN,66780021201,BYETTA    ,2015,2,true,,,
MCOU,MN,66780021201,BYETTA    ,2015,2,false,44.800,19,8422.49
MCOU,MN,00310651201,BYETTA    ,2015,1,false,85.600,71,35929.07
FFSU,MN,00310651201,BYETTA    ,2015,1,false,37.200,31,13605.04
MCOU,MN,00310652401,BYETTA    ,2015,1,false,332.800,142,70652.08
FFSU,MN,00310652401,BYETTA    ,2015,1,false,93.600,39,18710.75
FFSU,MN,66780021007,BYETTA    ,2015,1,false,30.000,25,11778.43
MCOU,MN,66780021007,BYETTA    ,2015,1,false,48.600,41,19631.56
MCOU,MN,66780021201,BYETTA    ,2015,1,false,323.198,139,61274.15
FFSU,MN,66780021201,BYETTA    ,2015,1,false,117.600,49,23087.82
FFSU,MO,00310651201,BYETTA    ,2015,4,false,135.600,112,62276.65
FFSU,MO,00310652401,BYETTA    ,2015,4,false,410.400,171,98811.06
FFSU,MO,66780021007,BYETTA    ,2015,4,true,,,
FFSU,MO,66780021201,BYETTA    ,2015,4,true,,,
FFSU,MO,00310651201,BYETTA    ,2015,3,false,128.800,105,57852.63
FFSU,MO,00310652401,BYETTA    ,2015,3,false,475.200,198,110792.07
FFSU,MO,66780021007,BYETTA    ,2015,3,true,,,
FFSU,MO,66780021201,BYETTA    ,2015,3,false,26.400,11,5879.72
FFSU,MO,00310651201,BYETTA    ,2015,2,false,108.000,83,46609.26
FFSU,MO,00310652401,BYETTA    ,2015,2,false,439.200,183,96864.32
FFSU,MO,66780021007,BYETTA    ,2015,2,false,14.400,12,6281.34
FFSU,MO,66780021201,BYETTA    ,2015,2,false,31.200,13,6476.36
FFSU,MO,00310651201,BYETTA    ,2015,1,false,50.000,39,21891.06
FFSU,MO,00310652401,BYETTA    ,2015,1,false,218.400,91,47248.76
FFSU,MO,66780021007,BYETTA    ,2015,1,false,68.400,55,28247.95
FFSU,MO,66780021008,BYETTA    ,2015,1,true,,,
FFSU,MO,66780021201,BYETTA    ,2015,1,false,348.000,143,70578.08
MCOU,MS,00310651201,BYETTA 5 M,2015,4,true,,,
FFSU,MS,00310651201,BYETTA 5 M,2015,4,true,,,
MCOU,MS,00310652401,BYETTA 10 ,2015,4,false,36.000,15,8196.75
MCOU,MS,00310651201,BYETTA 5 M,2015,3,false,14.400,12,6552.99
FFSU,MS,00310651201,BYETTA 5 M,2015,3,true,,,
MCOU,MS,00310652401,BYETTA 10 ,2015,3,false,57.600,24,13074.39
FFSU,MS,00310652401,BYETTA 10 ,2015,3,true,,,
MCOU,MS,00310651201,BYETTA 5 M,2015,2,false,27.600,23,11707.92
FFSU,MS,00310651201,BYETTA 5 M,2015,2,true,,,
MCOU,MS,00310652401,BYETTA 10 ,2015,2,false,60.000,25,12726.00
FFSU,MS,00310652401,BYETTA 10 ,2015,2,true,,,
FFSU,MS,66780021007,BYETTA 5 M,2015,2,true,,,
FFSU,MS,66780021201,BYETTA 10 ,2015,2,true,,,
MCOU,MS,00310651201,BYETTA 5 M,2015,1,false,31.200,26,13224.93
FFSU,MS,00310651201,BYETTA 5 M,2015,1,true,,,
MCOU,MS,00310652401,BYETTA 10 ,2015,1,false,74.400,31,15606.58
FFSU,MS,00310652401,BYETTA 10 ,2015,1,false,26.400,11,5599.44
FFSU,MS,66780021007,BYETTA 5 M,2015,1,true,,,
MCOU,MS,66780021007,BYETTA 5 M,2015,1,true,,,
MCOU,MS,66780021201,BYETTA 10 ,2015,1,true,,,
FFSU,MS,66780021201,BYETTA 10 ,2015,1,true,,,
FFSU,MT,00310651201,BYETTA 5 M,2015,4,false,31.200,26,13789.66
FFSU,MT,00310652401,BYETTA 10 ,2015,4,false,146.400,61,32414.48
FFSU,MT,66780021201,BYETTA 10 ,2015,4,true,,,
FFSU,MT,00310651201,BYETTA 5 M,2015,3,false,44.400,35,19410.16
FFSU,MT,00310652401,BYETTA 10 ,2015,3,false,134.400,56,29332.07
FFSU,MT,66780021007,BYETTA 5 M,2015,3,true,,,
FFSU,MT,00310651201,BYETTA 5 M,2015,2,false,38.400,30,15644.54
FFSU,MT,00310652401,BYETTA 10 ,2015,2,false,163.200,68,33460.24
FFSU,MT,66780021007,BYETTA 5 M,2015,2,true,,,
FFSU,MT,66780021201,BYETTA 10 ,2015,2,true,,,
FFSU,MT,00310651201,BYETTA 5 M,2015,1,false,31.200,23,12834.13
FFSU,MT,00310652401,BYETTA 10 ,2015,1,false,93.600,39,19050.48
FFSU,MT,66780021007,BYETTA 5 M,2015,1,false,15.600,13,5869.64
FFSU,MT,66780021201,BYETTA 10 ,2015,1,false,84.000,35,15064.93
FFSU,XX,00310651201,Byetta 250,2015,4,false,2767.800,2186,1198767.93
MCOU,XX,00310651201,Byetta 250,2015,4,false,3022.278,2453,1300818.54
FFSU,XX,00310652401,Byetta 250,2015,4,false,7918.600,3145,1720694.80
MCOU,XX,00310652401,Byetta 250,2015,4,false,10297.580,4251,2220531.94
FFSU,XX,66780021007,BYETTA (EX,2015,4,false,72.800,58,29603.55
MCOU,XX,66780021007,BYETTA (EX,2015,4,false,170.200,145,61717.97
FFSU,XX,66780021201,BYETTA (EX,2015,4,false,300.000,121,60100.48
MCOU,XX,66780021201,BYETTA (EX,2015,4,false,496.800,203,87701.84
FFSU,XX,00310651201,Byetta 250,2015,3,false,2764.600,2201,1185371.08
MCOU,XX,00310651201,Byetta 250,2015,3,false,3022.789,2443,1276370.93
FFSU,XX,00310652401,Byetta 250,2015,3,false,8047.799,3208,1728902.32
MCOU,XX,00310652401,Byetta 250,2015,3,false,10964.600,4517,2336384.70
FFSU,XX,66780021007,BYETTA (EX,2015,3,false,162.400,129,65267.29
MCOU,XX,66780021007,BYETTA (EX,2015,3,false,251.999,209,91297.58
FFSU,XX,66780021201,BYETTA (EX,2015,3,false,458.400,183,91730.87
MCOU,XX,66780021201,BYETTA (EX,2015,3,false,786.797,321,137359.34
FFSU,XX,00310651201,Byetta 250,2015,2,false,2385.600,1899,963603.54
MCOU,XX,00310651201,Byetta 250,2015,2,false,3048.200,2516,1225357.16
FFSU,XX,00310652401,Byetta 250,2015,2,false,7652.400,3070,1548808.68
MCOU,XX,00310652401,Byetta 250,2015,2,false,12001.800,4998,2432697.58
FFSU,XX,66780021007,BYETTA (EX,2015,2,false,320.400,263,126506.12
MCOU,XX,66780021007,BYETTA (EX,2015,2,false,479.800,407,184085.02
FFSU,XX,66780021008,BYETTA (EX,2015,2,true,,,
FFSU,XX,66780021201,BYETTA (EX,2015,2,false,921.600,370,179907.36
MCOU,XX,66780021201,BYETTA (EX,2015,2,false,1598.040,640,278877.77
FFSU,XX,00310651201,Byetta 250,2015,1,false,1407.000,1104,563027.74
MCOU,XX,00310651201,Byetta 250,2015,1,false,1615.200,1324,647909.71
FFSU,XX,00310652401,Byetta 250,2015,1,false,4279.200,1693,853937.29
MCOU,XX,00310652401,Byetta 250,2015,1,false,6083.400,2518,1227747.28
FFSU,XX,66780021007,BYETTA (EX,2015,1,false,1108.800,901,422649.94
MCOU,XX,66780021007,BYETTA (EX,2015,1,false,1509.600,1249,564920.19
FFSU,XX,66780021008,BYETTA (EX,2015,1,true,,,
FFSU,XX,66780021201,BYETTA (EX,2015,1,false,4426.400,1784,833477.77
MCOU,XX,66780021201,BYETTA (EX,2015,1,false,7053.838,2928,1270824.47
FFSU,NC,00310651201,BYETTA    ,2015,4,false,534.000,432,233550.54
FFSU,NC,00310652401,BYETTA    ,2015,4,false,1308.000,541,283565.27
FFSU,NC,66780021007,BYETTA    ,2015,4,false,24.000,20,9805.06
FFSU,NC,66780021201,BYETTA    ,2015,4,false,45.600,19,9298.73
FFSU,NC,00310651201,BYETTA    ,2015,3,false,607.200,501,263894.98
FFSU,NC,00310652401,BYETTA    ,2015,3,false,1490.400,617,322265.85
FFSU,NC,66780021007,BYETTA    ,2015,3,false,66.000,52,26498.14
FFSU,NC,66780021201,BYETTA    ,2015,3,false,69.600,29,14215.80
FFSU,NC,00310651201,BYETTA    ,2015,2,false,421.200,344,171204.55
FFSU,NC,00310652401,BYETTA    ,2015,2,false,1183.200,489,241430.05
FFSU,NC,66780021007,BYETTA    ,2015,2,false,79.200,64,32360.42
FFSU,NC,66780021201,BYETTA    ,2015,2,false,182.400,76,37195.86
FFSU,NC,00310651201,BYETTA    ,2015,1,false,285.600,230,115782.19
FFSU,NC,00310652401,BYETTA    ,2015,1,false,726.000,302,147061.52
FFSU,NC,66780021007,BYETTA    ,2015,1,false,184.800,153,72747.83
FFSU,NC,66780021201,BYETTA    ,2015,1,false,612.000,253,120099.55
FFSU,ND,00310651201,BYETTA 5 M,2015,4,true,,,
FFSU,ND,00310652401,BYETTA 10 ,2015,4,true,,,
MCOU,ND,00310652401,BYETTA 10 ,2015,4,true,,,
MCOU,ND,00310651201,BYETTA 5 M,2015,3,true,,,
FFSU,ND,00310652401,BYETTA 10 ,2015,3,true,,,
MCOU,ND,00310652401,BYETTA 10 ,2015,3,true,,,
FFSU,ND,00310652401,BYETTA 10 ,2015,2,true,,,
MCOU,ND,00310652401,BYETTA 10 ,2015,2,true,,,
FFSU,ND,66780021201,BYETTA 10 ,2015,2,true,,,
MCOU,ND,00310651201,BYETTA 5 M,2015,1,true,,,
MCOU,ND,00310652401,BYETTA 10 ,2015,1,true,,,
FFSU,ND,00310652401,BYETTA 10 ,2015,1,true,,,
MCOU,ND,66780021007,BYETTA 5 M,2015,1,true,,,
MCOU,ND,66780021201,BYETTA 10 ,2015,1,true,,,
FFSU,ND,66780021201,BYETTA 10 ,2015,1,true,,,
FFSU,NE,00310651201,Byetta 250,2015,4,false,39.600,33,18246.83
FFSU,NE,00310652401,Byetta 250,2015,4,false,91.200,36,21026.07
FFSU,NE,00310651201,Byetta 250,2015,3,false,30.000,25,13750.21
FFSU,NE,00310652401,Byetta 250,2015,3,false,64.800,27,14898.26
FFSU,NE,66780021201,BYETTA (EX,2015,3,true,,,
FFSU,NE,00310651201,Byetta 250,2015,2,false,26.400,22,11276.98
FFSU,NE,00310652401,Byetta 250,2015,2,false,81.600,32,17412.38
FFSU,NE,66780021007,BYETTA (EX,2015,2,true,,,
FFSU,NE,00310651201,Byetta 250,2015,1,false,26.400,22,11213.24
FFSU,NE,00310652401,Byetta 250,2015,1,false,40.800,17,8708.06
FFSU,NE,66780021007,BYETTA (EX,2015,1,false,14.400,12,5885.99
FFSU,NE,66780021201,BYETTA (EX,2015,1,false,26.400,11,5531.07
MCOU,NH,00310651201,BYETTA    ,2015,4,false,15.600,13,6823.44
MCOU,NH,00310652401,BYETTA    ,2015,4,false,48.000,20,10454.75
MCOU,NH,00310651201,BYETTA    ,2015,3,false,15.600,13,6790.91
MCOU,NH,00310652401,BYETTA    ,2015,3,false,55.200,23,12024.33
MCOU,NH,00310651201,BYETTA    ,2015,2,false,15.600,13,6297.23
FFSU,NH,00310652401,BYETTA    ,2015,2,true,,,
MCOU,NH,00310652401,BYETTA    ,2015,2,false,57.600,24,11594.55
FFSU,NH,66780021201,BYETTA    ,2015,2,true,,,
MCOU,NH,00310651201,BYETTA    ,2015,1,true,,,
FFSU,NH,00310652401,BYETTA    ,2015,1,true,,,
MCOU,NH,00310652401,BYETTA    ,2015,1,false,57.600,24,11537.88
MCOU,NH,66780021007,BYETTA    ,2015,1,true,,,
MCOU,NH,66780021201,BYETTA    ,2015,1,true,,,
FFSU,NJ,00310651201,Byetta 250,2015,4,true,,,
MCOU,NJ,00310651201,Byetta 250,2015,4,true,,,
FFSU,NJ,00310652401,Byetta 250,2015,4,true,,,
MCOU,NJ,00310652401,Byetta 250,2015,4,false,55.200,23,11925.04
MCOU,NJ,66780021201,BYETTA (EX,2015,4,true,,,
MCOU,NJ,00310651201,Byetta 250,2015,3,true,,,
FFSU,NJ,00310651201,Byetta 250,2015,3,true,,,
MCOU,NJ,00310652401,Byetta 250,2015,3,false,43.200,18,9207.80
FFSU,NJ,00310652401,Byetta 250,2015,3,true,,,
MCOU,NJ,66780021201,BYETTA (EX,2015,3,true,,,
MCOU,NJ,00310651201,Byetta 250,2015,2,false,14.400,12,5897.98
FFSU,NJ,00310651201,Byetta 250,2015,2,true,,,
MCOU,NJ,00310652401,Byetta 250,2015,2,false,55.200,23,11214.94
FFSU,NJ,66780021007,BYETTA (EX,2015,2,true,,,
MCOU,NJ,66780021007,BYETTA (EX,2015,2,true,,,
MCOU,NJ,66780021201,BYETTA (EX,2015,2,false,33.600,14,5860.34
FFSU,NJ,66780021201,BYETTA (EX,2015,2,true,,,
MCOU,NJ,00310651201,Byetta 250,2015,1,true,,,
FFSU,NJ,00310651201,Byetta 250,2015,1,true,,,
MCOU,NJ,00310652401,Byetta 250,2015,1,true,,,
MCOU,NJ,66780021007,BYETTA (EX,2015,1,false,18.000,15,6421.63
MCOU,NJ,66780021201,BYETTA (EX,2015,1,false,108.000,45,19513.07
MCOU,NM,00310651201,BYETTA 5 M,2015,4,false,57.600,39,24888.42
MCOU,NM,00310652401,BYETTA 10 ,2015,4,false,175.200,68,37760.04
FFSU,NM,00310652401,BYETTA 10 ,2015,4,true,,,
MCOU,NM,66780021201,BYETTA 10 ,2015,4,true,,,
FFSU,NM,00310651201,BYETTA 5 M,2015,3,true,,,
FFSU,NM,00310652401,BYETTA 10 ,2015,3,true,,,
MCOU,NM,00310651201,BYETTA 5 M,2015,2,false,46.800,39,18818.32
MCOU,NM,00310652401,BYETTA 10 ,2015,2,false,115.200,44,23081.46
MCOU,NM,66780021007,BYETTA 5 M,2015,2,true,,,
FFSU,NM,66780021201,BYETTA 10 ,2015,2,true,,,
MCOU,NM,66780021201,BYETTA 10 ,2015,2,true,,,
MCOU,NM,00310651201,BYETTA 5 M,2015,1,false,27.600,21,10703.63
MCOU,NM,00310652401,BYETTA 10 ,2015,1,false,76.800,31,15334.74
MCOU,NM,66780021007,BYETTA 5 M,2015,1,false,24.000,20,9374.99
MCOU,NM,66780021201,BYETTA 10 ,2015,1,false,69.600,29,12670.23
FFSU,NV,00310651201,Byetta 250,2015,4,true,,,
MCOU,NV,00310651201,Byetta 250,2015,4,true,,,
FFSU,NV,00310652401,Byetta 250,2015,4,true,,,
MCOU,NV,00310652401,Byetta 250,2015,4,true,,,
FFSU,NV,00310651201,Byetta 250,2015,3,false,27.600,13,12094.01
MCOU,NV,00310651201,Byetta 250,2015,3,false,13.200,11,4840.40
MCOU,NV,00310652401,Byetta 250,2015,3,true,,,
FFSU,NV,00310652401,Byetta 250,2015,3,true,,,
MCOU,NV,66780021007,BYETTA (EX,2015,3,true,,,
MCOU,NV,00310651201,Byetta 250,2015,2,false,21.600,18,8849.51
FFSU,NV,00310651201,Byetta 250,2015,2,false,22.800,13,9279.19
FFSU,NV,00310652401,Byetta 250,2015,2,false,40.800,15,8243.84
MCOU,NV,00310652401,Byetta 250,2015,2,true,,,
MCOU,NV,66780021007,BYETTA (EX,2015,2,true,,,
FFSU,NV,66780021007,BYETTA (EX,2015,2,true,,,
FFSU,NV,66780021201,BYETTA (EX,2015,2,true,,,
FFSU,NV,00310651201,Byetta 250,2015,1,true,,,
MCOU,NV,00310651201,Byetta 250,2015,1,true,,,
MCOU,NV,00310652401,Byetta 250,2015,1,true,,,
FFSU,NV,00310652401,Byetta 250,2015,1,true,,,
FFSU,NV,66780021007,BYETTA (EX,2015,1,true,,,
MCOU,NV,66780021007,BYETTA (EX,2015,1,true,,,
MCOU,NV,66780021201,BYETTA (EX,2015,1,true,,,
FFSU,NV,66780021201,BYETTA (EX,2015,1,true,,,
MCOU,NY,00310651201,BYETTA 250,2015,4,false,122.400,105,52346.99
FFSU,NY,00310651201,BYETTA 250,2015,4,false,31.200,26,13468.04
MCOU,NY,00310652401,BYETTA 250,2015,4,false,633.600,266,134780.83
FFSU,NY,00310652401,BYETTA 250,2015,4,false,260.400,102,53560.94
FFSU,NY,66780021007,BYETTA 5 M,2015,4,true,,,
MCOU,NY,66780021007,BYETTA 5 M,2015,4,true,,,
FFSU,NY,66780021201,BYETTA 10 ,2015,4,false,38.400,14,6822.58
MCOU,NY,66780021201,BYETTA 10 ,2015,4,false,45.600,19,6785.08
MCOU,NY,00310651201,BYETTA 250,2015,3,false,241.200,200,101214.66
FFSU,NY,00310651201,BYETTA 250,2015,3,false,51.600,43,22073.17
MCOU,NY,00310652401,BYETTA 250,2015,3,false,1053.600,432,221761.99
FFSU,NY,00310652401,BYETTA 250,2015,3,false,249.600,104,52713.93
FFSU,NY,66780021007,BYETTA (EX,2015,3,true,,,
MCOU,NY,66780021007,BYETTA (EX,2015,3,false,30.000,25,9300.98
FFSU,NY,66780021201,BYETTA (EX,2015,3,false,43.200,14,7704.86
MCOU,NY,66780021201,BYETTA (EX,2015,3,false,132.000,53,19578.16
FFSU,NY,00310651201,BYETTA 250,2015,2,false,39.200,33,15664.87
MCOU,NY,00310651201,BYETTA 250,2015,2,false,338.400,278,134584.21
MCOU,NY,00310652401,BYETTA 250,2015,2,false,1514.400,625,300382.73
FFSU,NY,00310652401,BYETTA 250,2015,2,false,280.800,107,54741.09
FFSU,NY,66780021007,BYETTA (EX,2015,2,true,,,
MCOU,NY,66780021007,BYETTA (EX,2015,2,false,66.000,55,24200.61
MCOU,NY,66780021201,BYETTA (EX,2015,2,false,379.040,158,67192.77
FFSU,NY,66780021201,BYETTA (EX,2015,2,false,60.000,23,10490.88
FFSU,NY,00310651201,BYETTA 250,2015,1,false,15.400,13,6157.18
MCOU,NY,00310651201,BYETTA 250,2015,1,false,294.000,244,117465.75
MCOU,NY,00310652401,BYETTA 250,2015,1,false,1305.600,538,261483.05
FFSU,NY,00310652401,BYETTA 250,2015,1,false,187.200,77,36907.38
MCOU,NY,66780021007,BYETTA 5 M,2015,1,false,176.400,143,66499.09
FFSU,NY,66780021007,BYETTA 5 M,2015,1,true,,,
MCOU,NY,66780021201,BYETTA 10 ,2015,1,false,1094.240,456,193542.74
FFSU,NY,66780021201,BYETTA 10 ,2015,1,false,148.800,58,25800.78
FFSU,OH,00310651201,Byetta 250,2015,4,false,27.600,23,12685.68
MCOU,OH,00310651201,BYETTA 5 M,2015,4,false,213.600,177,90462.60
FFSU,OH,00310652401,BYETTA 10 ,2015,4,false,76.800,32,17742.64
MCOU,OH,00310652401,Byetta 250,2015,4,false,926.400,386,198316.70
MCOU,OH,66780021007,BYETTA (EX,2015,4,true,,,
MCOU,OH,66780021201,BYETTA 10 ,2015,4,true,,,
FFSU,OH,00310651201,BYETTA 5 M,2015,3,false,26.400,22,11831.99
MCOU,OH,00310651201,BYETTA 5 M,2015,3,false,212.400,173,89033.07
FFSU,OH,00310652401,BYETTA 10 ,2015,3,false,76.400,32,17201.86
MCOU,OH,00310652401,Byetta 250,2015,3,false,957.600,399,197989.66
MCOU,OH,66780021007,BYETTA 5 M,2015,3,true,,,
FFSU,OH,66780021007,BYETTA 5 M,2015,3,true,,,
FFSU,OH,66780021201,BYETTA 10 ,2015,3,true,,,
MCOU,OH,66780021201,BYETTA 10 ,2015,3,false,48.000,20,8617.04
FFSU,OH,00310651201,BYETTA 5 M,2015,2,false,22.800,18,9755.19
MCOU,OH,00310651201,BYETTA 5 M,2015,2,false,216.000,175,85060.23
MCOU,OH,00310652401,Byetta 250,2015,2,false,1069.800,442,208113.89
FFSU,OH,00310652401,BYETTA 10 ,2015,2,false,108.000,45,23109.30
MCOU,OH,66780021007,BYETTA (EX,2015,2,false,37.200,31,13237.43
FFSU,OH,66780021007,BYETTA 5 M,2015,2,true,,,
FFSU,OH,66780021008,BYETTA 10 ,2015,2,true,,,
FFSU,OH,66780021201,BYETTA 10 ,2015,2,true,,,
MCOU,OH,66780021201,BYETTA (EX,2015,2,false,132.000,55,23597.82
MCOU,OH,00310651201,BYETTA 5 M,2015,1,false,87.600,73,34363.56
FFSU,OH,00310651201,BYETTA 5 M,2015,1,true,,,
MCOU,OH,00310652401,Byetta 250,2015,1,false,513.600,214,100995.42
FFSU,OH,00310652401,BYETTA 10 ,2015,1,false,38.400,16,8193.92
MCOU,OH,66780021007,BYETTA (EX,2015,1,false,114.000,95,41456.08
FFSU,OH,66780021007,BYETTA 5 M,2015,1,false,27.600,21,11261.36
FFSU,OH,66780021008,BYETTA 10 ,2015,1,true,,,
MCOU,OH,66780021201,BYETTA (EX,2015,1,false,745.200,310,131148.12
FFSU,OH,66780021201,BYETTA 10 ,2015,1,false,69.600,29,13871.55
FFSU,OK,00310651201,Byetta 250,2015,4,false,18.000,15,7231.57
FFSU,OK,00310652401,Byetta 250,2015,4,false,36.000,13,8231.33
FFSU,OK,00310651201,Byetta 250,2015,3,true,,,
FFSU,OK,00310652401,Byetta 250,2015,3,false,36.000,13,8110.10
FFSU,OK,66780021007,BYETTA (EX,2015,3,true,,,
FFSU,OK,00310651201,Byetta 250,2015,2,true,,,
FFSU,OK,00310652401,Byetta 250,2015,2,false,40.800,13,8596.92
FFSU,OK,66780021007,BYETTA (EX,2015,2,true,,,
FFSU,OK,00310651201,Byetta 250,2015,1,true,,,
FFSU,OK,00310652401,Byetta 250,2015,1,true,,,
FFSU,OK,66780021007,BYETTA (EX,2015,1,true,,,
FFSU,OK,66780021201,BYETTA (EX,2015,1,true,,,
FFSU,OR,00310651201,Byetta 250,2015,4,true,,,
MCOU,OR,00310651201,Byetta 250,2015,4,false,125.978,102,54573.63
MCOU,OR,00310652401,Byetta 250,2015,4,false,371.980,155,81580.91
FFSU,OR,00310652401,Byetta 250,2015,4,true,,,
MCOU,OR,66780021007,BYETTA (EX,2015,4,true,,,
MCOU,OR,66780021201,BYETTA (EX,2015,4,true,,,
FFSU,OR,00310651201,Byetta 250,2015,3,true,,,
MCOU,OR,00310651201,Byetta 250,2015,3,false,115.189,95,49784.65
MCOU,OR,00310652401,BYETTA 250,2015,3,false,374.400,156,78501.93
FFSU,OR,00310652401,Byetta 250,2015,3,true,,,
MCOU,OR,66780021007,BYETTA (EX,2015,3,true,,,
MCOU,OR,66780021201,BYETTA (EX,2015,3,true,,,
FFSU,OR,00310651201,Byetta 250,2015,2,true,,,
MCOU,OR,00310651201,Byetta 250,2015,2,false,99.400,83,41156.26
MCOU,OR,00310652401,Byetta 250,2015,2,false,337.800,144,69415.24
FFSU,OR,00310652401,Byetta 250,2015,2,true,,,
MCOU,OR,66780021007,BYETTA (EX,2015,2,false,18.600,16,7007.05
FFSU,OR,66780021007,BYETTA (EX,2015,2,true,,,
FFSU,OR,66780021201,BYETTA (EX,2015,2,true,,,
MCOU,OR,66780021201,BYETTA (EX,2015,2,false,67.000,28,12113.58
FFSU,OR,00310651201,Byetta 250,2015,1,true,,,
MCOU,OR,00310651201,Byetta 250,2015,1,false,36.600,31,15034.21
FFSU,OR,00310652401,Byetta 250,2015,1,true,,,
MCOU,OR,00310652401,Byetta 250,2015,1,false,136.800,58,27987.66
MCOU,OR,66780021007,BYETTA (EX,2015,1,false,85.200,72,31494.01
MCOU,OR,66780021201,BYETTA (EX,2015,1,false,254.000,108,46736.64
FFSU,OR,66780021201,BYETTA (EX,2015,1,true,,,
FFSU,PA,00310651201,BYETTA 5 M,2015,4,true,,,
MCOU,PA,00310651201,BYETTA 5 M,2015,4,false,169.200,131,72781.08
FFSU,PA,00310652401,BYETTA 10 ,2015,4,true,,,
MCOU,PA,00310652401,BYETTA 10 ,2015,4,false,583.200,241,125548.31
MCOU,PA,66780021007,BYETTA 5 M,2015,4,true,,,
MCOU,PA,66780021201,BYETTA 10 ,2015,4,false,50.400,21,9182.29
FFSU,PA,66780021201,BYETTA 10 ,2015,4,true,,,
MCOU,PA,00310651201,Byetta 250,2015,3,false,154.800,122,64478.38
FFSU,PA,00310651201,BYETTA 5 M,2015,3,true,,,
MCOU,PA,00310652401,BYETTA 10 ,2015,3,false,686.400,276,146178.07
FFSU,PA,00310652401,BYETTA 10 ,2015,3,true,,,
MCOU,PA,66780021007,BYETTA 5 M,2015,3,false,15.600,13,5826.73
FFSU,PA,66780021007,BYETTA 5 M,2015,3,true,,,
MCOU,PA,66780021201,BYETTA 10 ,2015,3,false,43.200,18,8029.11
FFSU,PA,66780021201,BYETTA 10 ,2015,3,true,,,
MCOU,PA,00310651201,Byetta 250,2015,2,false,126.000,100,50003.33
FFSU,PA,00310651201,BYETTA 5 M,2015,2,true,,,
MCOU,PA,00310652401,BYETTA 10 ,2015,2,false,645.600,264,132568.00
FFSU,PA,00310652401,BYETTA 10 ,2015,2,true,,,
FFSU,PA,66780021007,BYETTA 5 M,2015,2,true,,,
MCOU,PA,66780021007,BYETTA 5 M,2015,2,false,25.200,21,9343.96
MCOU,PA,66780021201,BYETTA 10 ,2015,2,false,136.800,57,26124.05
FFSU,PA,66780021201,BYETTA 10 ,2015,2,true,,,
MCOU,PA,00310651201,BYETTA 5 M,2015,1,false,39.600,30,15899.06
FFSU,PA,00310651201,BYETTA 5 M,2015,1,true,,,
MCOU,PA,00310652401,BYETTA 10 ,2015,1,false,144.000,58,29648.70
MCOU,PA,66780021007,BYETTA 5 M,2015,1,false,100.800,81,36715.55
FFSU,PA,66780021007,BYETTA 5 M,2015,1,true,,,
FFSU,PA,66780021201,BYETTA 10 ,2015,1,true,,,
MCOU,PA,66780021201,BYETTA 10 ,2015,1,false,451.200,183,81796.04
FFSU,RI,00310651201,Byetta 250,2015,4,true,,,
MCOU,RI,00310651201,Byetta 250,2015,4,true,,,
MCOU,RI,00310652401,Byetta 250,2015,4,false,57.600,24,12678.21
MCOU,RI,00310651201,Byetta 250,2015,3,true,,,
FFSU,RI,00310651201,Byetta 250,2015,3,true,,,
MCOU,RI,00310652401,Byetta 250,2015,3,false,74.400,31,16184.20
FFSU,RI,00310652401,Byetta 250,2015,3,true,,,
FFSU,RI,00310651201,Byetta 250,2015,2,true,,,
MCOU,RI,00310651201,Byetta 250,2015,2,false,14.400,12,5915.52
MCOU,RI,00310652401,Byetta 250,2015,2,false,69.600,29,14182.33
FFSU,RI,66780021007,BYETTA (EX,2015,2,true,,,
MCOU,RI,00310651201,Byetta 250,2015,1,true,,,
MCOU,RI,00310652401,Byetta 250,2015,1,false,26.400,11,5382.39
MCOU,RI,66780021007,BYETTA (EX,2015,1,true,,,
MCOU,RI,66780021201,BYETTA (EX,2015,1,true,,,
FFSU,SC,00310651201,BYETTA    ,2015,4,true,,,
MCOU,SC,00310651201,BYETTA    ,2015,4,false,55.600,43,21488.71
FFSU,SC,00310652401,BYETTA    ,2015,4,false,31.200,13,6805.62
MCOU,SC,00310652401,BYETTA    ,2015,4,false,130.200,52,28022.27
MCOU,SC,66780021007,BYETTA    ,2015,4,true,,,
FFSU,SC,66780021007,BYETTA    ,2015,4,true,,,
FFSU,SC,00310651201,BYETTA    ,2015,3,true,,,
MCOU,SC,00310651201,BYETTA    ,2015,3,false,62.800,45,22740.19
FFSU,SC,00310652401,BYETTA    ,2015,3,false,43.200,17,9256.83
MCOU,SC,00310652401,BYETTA    ,2015,3,false,162.000,60,30633.92
MCOU,SC,66780021007,BYETTA    ,2015,3,true,,,
MCOU,SC,66780021201,BYETTA    ,2015,3,true,,,
FFSU,SC,00310651201,BYETTA    ,2015,2,false,14.400,12,5781.64
MCOU,SC,00310651201,BYETTA    ,2015,2,false,71.000,53,25455.63
MCOU,SC,00310652401,BYETTA    ,2015,2,false,132.600,53,25535.36
FFSU,SC,00310652401,BYETTA    ,2015,2,true,,,
MCOU,SC,66780021007,BYETTA    ,2015,2,true,,,
FFSU,SC,66780021007,BYETTA    ,2015,2,true,,,
MCOU,SC,66780021201,BYETTA    ,2015,2,true,,,
FFSU,SC,66780021201,BYETTA    ,2015,2,true,,,
MCOU,SC,00310651201,BYETTA    ,2015,1,false,26.600,22,10574.31
FFSU,SC,00310651201,BYETTA    ,2015,1,true,,,
MCOU,SC,00310652401,BYETTA    ,2015,1,false,67.400,30,14442.56
FFSU,SC,00310652401,BYETTA    ,2015,1,true,,,
MCOU,SC,66780021007,BYETTA    ,2015,1,false,13.200,11,4774.12
FFSU,SC,66780021007,BYETTA    ,2015,1,true,,,
MCOU,SC,66780021201,BYETTA    ,2015,1,false,66.600,30,12960.86
FFSU,SC,66780021201,BYETTA    ,2015,1,true,,,
FFSU,SD,00310652401,Byetta 250,2015,4,true,,,
FFSU,SD,66780021007,BYETTA (EX,2015,4,true,,,
FFSU,SD,00310652401,Byetta 250,2015,3,false,22.000,11,5887.03
FFSU,SD,66780021007,BYETTA (EX,2015,3,true,,,
FFSU,SD,00310652401,Byetta 250,2015,2,true,,,
FFSU,SD,00310652401,Byetta 250,2015,1,true,,,
FFSU,SD,66780021201,BYETTA (EX,2015,1,true,,,
FFSU,TN,00310651201,BYETTA    ,2015,4,false,79.200,66,34764.54
FFSU,TN,00310652401,BYETTA    ,2015,4,false,333.600,139,70841.97
FFSU,TN,66780021007,BYETTA    ,2015,4,true,,,
FFSU,TN,66780021201,BYETTA    ,2015,4,true,,,
FFSU,TN,00310651201,BYETTA    ,2015,3,false,87.600,73,37455.55
FFSU,TN,00310652401,Byetta 250,2015,3,false,355.200,148,76583.25
FFSU,TN,66780021007,BYETTA    ,2015,3,true,,,
FFSU,TN,66780021201,BYETTA    ,2015,3,true,,,
FFSU,TN,00310651201,BYETTA    ,2015,2,false,63.600,53,25852.73
FFSU,TN,00310652401,BYETTA    ,2015,2,false,319.200,133,64867.53
FFSU,TN,66780021007,BYETTA    ,2015,2,true,,,
FFSU,TN,66780021201,BYETTA    ,2015,2,false,43.200,18,7854.24
FFSU,TN,00310651201,BYETTA    ,2015,1,false,27.600,23,11213.43
FFSU,TN,00310652401,Byetta 250,2015,1,false,141.600,59,28498.78
FFSU,TN,66780021007,BYETTA    ,2015,1,false,30.000,25,11624.17
FFSU,TN,66780021201,BYETTA    ,2015,1,false,225.600,94,40687.44
MCOU,TX,00310651201,BYETTA 5 M,2015,4,false,265.400,219,114494.69
FFSU,TX,00310651201,BYETTA 5 M,2015,4,true,,,
MCOU,TX,00310652401,BYETTA 10 ,2015,4,false,1007.200,420,220750.21
FFSU,TX,00310652401,BYETTA 10 ,2015,4,true,,,
MCOU,TX,66780021007,BYETTA 5 M,2015,4,true,,,
MCOU,TX,66780021201,BYETTA 10 ,2015,4,true,,,
FFSU,TX,00310651201,BYETTA 5 M,2015,3,true,,,
MCOU,TX,00310651201,BYETTA 5 M,2015,3,false,316.800,264,138100.14
FFSU,TX,00310652401,BYETTA 10 ,2015,3,true,,,
MCOU,TX,00310652401,BYETTA 10 ,2015,3,false,1240.400,517,273351.76
MCOU,TX,66780021007,BYETTA 5 M,2015,3,true,,,
MCOU,TX,66780021201,BYETTA 10 ,2015,3,false,26.400,11,4823.23
FFSU,TX,00310651201,BYETTA 5 M,2015,2,true,,,
MCOU,TX,00310651201,BYETTA 5 M,2015,2,false,392.400,325,161085.67
FFSU,TX,00310652401,BYETTA 10 ,2015,2,true,,,
MCOU,TX,00310652401,BYETTA 10 ,2015,2,false,1284.000,533,261881.29
MCOU,TX,66780021007,BYETTA 5 M,2015,2,false,19.200,16,8054.11
MCOU,TX,66780021201,BYETTA 10 ,2015,2,false,57.600,24,10509.06
MCOU,TX,00310651201,BYETTA 5 M,2015,1,false,208.800,171,84752.76
FFSU,TX,00310651201,BYETTA 5 M,2015,1,true,,,
MCOU,TX,00310652401,BYETTA 10 ,2015,1,false,524.400,216,106169.47
FFSU,TX,00310652401,BYETTA 10 ,2015,1,true,,,
FFSU,TX,66780021007,BYETTA 5 M,2015,1,false,18.000,15,7042.29
MCOU,TX,66780021007,BYETTA 5 M,2015,1,false,160.800,134,61498.64
MCOU,TX,66780021201,BYETTA 10 ,2015,1,false,525.600,219,96817.36
FFSU,TX,66780021201,BYETTA 10 ,2015,1,false,62.400,25,11606.90
MCOU,UT,00310651201,Byetta 250,2015,4,false,14.400,17,6184.40
MCOU,UT,00310652401,Byetta 250,2015,4,false,52.800,29,11299.42
FFSU,UT,00310652401,Byetta 250,2015,4,true,,,
MCOU,UT,66780021007,BYETTA (EX,2015,4,true,,,
MCOU,UT,66780021201,BYETTA (EX,2015,4,true,,,
MCOU,UT,00310651201,Byetta 250,2015,3,true,,,
MCOU,UT,00310652401,Byetta 250,2015,3,false,31.200,13,6647.48
FFSU,UT,00310652401,Byetta 250,2015,3,true,,,
MCOU,UT,00310651201,Byetta 250,2015,2,false,19.200,28,7613.97
MCOU,UT,00310652401,Byetta 250,2015,2,false,43.200,21,8576.30
FFSU,UT,00310652401,Byetta 250,2015,2,true,,,
MCOU,UT,66780021007,BYETTA (EX,2015,2,true,,,
FFSU,UT,66780021201,BYETTA (EX,2015,2,true,,,
MCOU,UT,66780021201,BYETTA (EX,2015,2,true,,,
MCOU,UT,00310651201,BYETTA    ,2015,1,false,10.800,16,4263.18
MCOU,UT,00310652401,BYETTA    ,2015,1,true,,,
MCOU,UT,66780021007,BYETTA    ,2015,1,true,,,
FFSU,UT,66780021201,BYETTA    ,2015,1,true,,,
MCOU,UT,66780021201,BYETTA    ,2015,1,true,,,
FFSU,VA,00310651201,Byetta 250,2015,4,false,21.600,18,9764.46
MCOU,VA,00310651201,Byetta 250,2015,4,false,66.000,55,28941.76
MCOU,VA,00310652401,BYETTA    ,2015,4,false,276.000,115,60508.95
FFSU,VA,00310652401,Byetta 250,2015,4,false,31.200,13,7052.11
FFSU,VA,66780021007,BYETTA (EX,2015,4,true,,,
MCOU,VA,66780021007,BYETTA (EX,2015,4,true,,,
MCOU,VA,66780021201,BYETTA (EX,2015,4,true,,,
FFSU,VA,00310651201,Byetta 250,2015,3,true,,,
MCOU,VA,00310651201,Byetta 250,2015,3,false,66.000,55,28959.02
FFSU,VA,00310652401,Byetta 250,2015,3,false,28.800,12,6386.16
MCOU,VA,00310652401,BYETTA    ,2015,3,false,326.400,136,71336.08
MCOU,VA,66780021007,BYETTA (EX,2015,3,true,,,
MCOU,VA,66780021201,BYETTA (EX,2015,3,true,,,
MCOU,VA,00310651201,Byetta 250,2015,2,false,82.800,67,33730.61
FFSU,VA,00310651201,Byetta 250,2015,2,true,,,
FFSU,VA,00310652401,Byetta 250,2015,2,true,,,
MCOU,VA,00310652401,BYETTA    ,2015,2,false,343.200,143,69582.56
MCOU,VA,66780021007,BYETTA (EX,2015,2,false,16.800,14,6256.24
FFSU,VA,66780021007,BYETTA (EX,2015,2,true,,,
MCOU,VA,66780021201,BYETTA (EX,2015,2,false,55.200,23,10036.97
MCOU,VA,00310651201,BYETTA    ,2015,1,false,64.600,53,26248.23
FFSU,VA,00310651201,Byetta 250,2015,1,true,,,
MCOU,VA,00310652401,BYETTA    ,2015,1,false,182.400,76,36793.51
FFSU,VA,00310652401,Byetta 250,2015,1,true,,,
MCOU,VA,66780021007,BYETTA    ,2015,1,false,33.600,28,12725.98
MCOU,VA,66780021201,BYETTA    ,2015,1,false,187.200,75,33966.81
FFSU,VA,66780021201,BYETTA (EX,2015,1,true,,,
FFSU,VT,00310651201,Byetta 250,2015,4,false,16.800,12,6950.95
FFSU,VT,00310652401,Byetta 250,2015,4,false,112.800,26,24578.15
FFSU,VT,66780021007,BYETTA (EX,2015,4,true,,,
FFSU,VT,00310651201,Byetta 250,2015,3,false,18.000,13,6622.72
FFSU,VT,00310652401,Byetta 250,2015,3,false,172.800,39,36429.70
FFSU,VT,66780021201,BYETTA (EX,2015,3,true,,,
FFSU,VT,00310651201,Byetta 250,2015,2,false,20.400,13,8395.25
FFSU,VT,00310652401,Byetta 250,2015,2,false,127.200,25,24964.00
FFSU,VT,66780021007,BYETTA (EX,2015,2,true,,,
FFSU,VT,66780021201,BYETTA (EX,2015,2,true,,,
FFSU,VT,00310651201,Byetta 250,2015,1,true,,,
FFSU,VT,00310652401,Byetta 250,2015,1,false,184.800,36,27811.23
FFSU,VT,66780021007,BYETTA (EX,2015,1,true,,,
FFSU,VT,66780021201,BYETTA (EX,2015,1,false,50.400,17,6312.89
FFSU,WA,00310651201,Byetta 250,2015,4,false,18.000,15,7874.70
MCOU,WA,00310651201,Byetta 250,2015,4,false,97.200,81,41711.10
MCOU,WA,00310652401,Byetta 250,2015,4,false,393.600,164,83974.94
FFSU,WA,00310652401,Byetta 250,2015,4,false,26.400,11,5324.80
MCOU,WA,66780021007,BYETTA (EX,2015,4,true,,,
MCOU,WA,66780021201,BYETTA (EX,2015,4,true,,,
MCOU,WA,00310651201,Byetta 250,2015,3,false,63.600,49,26611.61
FFSU,WA,00310651201,Byetta 250,2015,3,true,,,
MCOU,WA,00310652401,Byetta 250,2015,3,false,309.600,128,65254.79
FFSU,WA,00310652401,Byetta 250,2015,3,true,,,
MCOU,WA,66780021007,BYETTA (EX,2015,3,true,,,
FFSU,WA,66780021007,BYETTA (EX,2015,3,true,,,
MCOU,WA,66780021201,BYETTA (EX,2015,3,true,,,
MCOU,WA,00310651201,Byetta 250,2015,2,false,81.600,67,31751.63
MCOU,WA,00310652401,Byetta 250,2015,2,false,350.400,146,69474.12
FFSU,WA,00310652401,Byetta 250,2015,2,true,,,
MCOU,WA,66780021007,BYETTA (EX,2015,2,false,19.200,16,6905.12
MCOU,WA,66780021201,BYETTA (EX,2015,2,false,31.200,13,5576.21
FFSU,WA,66780021201,BYETTA (EX,2015,2,true,,,
MCOU,WA,00310651201,Byetta 250,2015,1,false,48.000,40,18816.64
FFSU,WA,00310652401,Byetta 250,2015,1,true,,,
MCOU,WA,00310652401,Byetta 250,2015,1,false,196.800,82,38900.02
MCOU,WA,66780021007,BYETTA (EX,2015,1,false,44.400,37,15345.73
MCOU,WA,66780021201,BYETTA (EX,2015,1,false,206.400,86,36405.17
FFSU,WA,66780021201,BYETTA (EX,2015,1,true,,,
FFSU,WI,00310651201,Byetta 250,2015,4,false,208.800,166,92344.02
FFSU,WI,00310652401,Byetta 250,2015,4,false,703.200,293,156616.94
FFSU,WI,66780021007,BYETTA (EX,2015,4,true,,,
FFSU,WI,66780021201,BYETTA (EX,2015,4,false,38.400,16,7921.60
MCOU,WI,00310651201,Byetta 250,2015,3,true,,,
FFSU,WI,00310651201,BYETTA 250,2015,3,false,247.200,202,109983.47
FFSU,WI,00310652401,Byetta 250,2015,3,false,703.200,293,154279.93
FFSU,WI,66780021007,BYETTA (EX,2015,3,false,14.400,11,5952.75
FFSU,WI,66780021201,BYETTA (EX,2015,3,false,57.600,24,11528.46
FFSU,WI,00310651201,Byetta 250,2015,2,false,194.400,156,79933.38
MCOU,WI,00310651201,Byetta 250,2015,2,true,,,
FFSU,WI,00310652401,Byetta 250,2015,2,false,530.400,221,108599.32
FFSU,WI,66780021007,BYETTA (EX,2015,2,true,,,
FFSU,WI,66780021201,BYETTA (EX,2015,2,false,40.800,13,8042.62
FFSU,WI,00310651201,Byetta 250,2015,1,false,118.800,93,47721.01
FFSU,WI,00310652401,Byetta 250,2015,1,false,302.400,124,61863.74
FFSU,WI,66780021007,BYETTA (EX,2015,1,false,61.200,50,24035.73
FFSU,WI,66780021201,BYETTA (EX,2015,1,false,213.600,89,41395.75
FFSU,WV,00310651201,BYETTA    ,2015,4,false,31.200,26,13708.41
MCOU,WV,00310651201,BYETTA    ,2015,4,false,28.800,24,14281.51
MCOU,WV,00310652401,BYETTA    ,2015,4,false,72.000,30,15789.47
FFSU,WV,00310652401,BYETTA    ,2015,4,false,69.600,29,15242.70
MCOU,WV,66780021007,BYETTA    ,2015,4,true,,,
MCOU,WV,00310651201,BYETTA    ,2015,3,true,,,
FFSU,WV,00310651201,BYETTA 5 M,2015,3,false,60.000,50,25697.46
FFSU,WV,00310652401,BYETTA 10 ,2015,3,false,98.400,41,21319.80
MCOU,WV,00310652401,BYETTA    ,2015,3,true,,,
FFSU,WV,66780021007,BYETTA 5 M,2015,3,true,,,
FFSU,WV,66780021201,BYETTA 10 ,2015,3,true,,,
MCOU,WV,00310651201,BYETTA 5 M,2015,2,true,,,
FFSU,WV,00310651201,BYETTA 5 M,2015,2,false,69.600,58,28380.78
FFSU,WV,00310652401,BYETTA 10 ,2015,2,false,105.600,44,21521.04
MCOU,WV,00310652401,BYETTA 10 ,2015,2,true,,,
MCOU,WV,66780021007,BYETTA 5 M,2015,2,true,,,
FFSU,WV,66780021007,BYETTA 5 M,2015,2,true,,,
FFSU,WV,66780021201,BYETTA 10 ,2015,2,false,28.800,12,5254.56
MCOU,WV,00310651201,BYETTA 5 M,2015,1,true,,,
FFSU,WV,00310651201,BYETTA 5 M,2015,1,false,28.800,24,11751.84
FFSU,WV,00310652401,BYETTA 10 ,2015,1,false,38.400,16,7828.56
FFSU,WV,66780021007,BYETTA 5 M,2015,1,false,37.200,31,13810.43
MCOU,WV,66780021007,BYETTA 5 M,2015,1,true,,,
FFSU,WV,66780021201,BYETTA 10 ,2015,1,false,91.200,38,16600.94
MCOU,WV,66780021201,BYETTA 10 ,2015,1,true,,,
FFSU,WY,00310651201,Byetta 250,2015,4,true,,,
FFSU,WY,00310652401,Byetta 250,2015,4,true,,,
FFSU,WY,00310651201,BYETTA    ,2015,3,true,,,
FFSU,WY,00310652401,BYETTA    ,2015,3,true,,,
FFSU,WY,00310651201,BYETTA    ,2015,2,true,,,
FFSU,WY,00310652401,BYETTA    ,2015,2,true,,,
FFSU,WY,66780021201,BYETTA    ,2015,2,true,,,
FFSU,WY,00310652401,BYETTA    ,2015,1,true,,,
FFSU,WY,66780021007,BYETTA    ,2015,1,true,,,
FFSU,WY,66780021201,BYETTA    ,2015,1,true,,,
FFSU,AK,00310652004,BYDUREON  ,2015,4,true,,,
FFSU,AK,00310653004,BYDUREON P,2015,4,true,,,
FFSU,AK,00310652004,BYDUREON  ,2015,3,true,,,
FFSU,AK,00310653004,BYDUREON P,2015,3,true,,,
FFSU,AK,00310652004,BYDUREON  ,2015,2,true,,,
FFSU,AK,00310653004,BYDUREON P,2015,2,true,,,
FFSU,AK,66780021904,BYDUREON  ,2015,1,false,44.000,11,5131.25
FFSU,AL,00310652004,Bydureon 2,2015,4,false,228.000,57,29791.79
FFSU,AL,00310653004,Bydureon P,2015,4,false,368.000,92,48024.85
FFSU,AL,66780021904,BYDUREON  ,2015,4,true,,,
FFSU,AL,00310652004,Bydureon 2,2015,3,false,232.000,58,29465.18
FFSU,AL,00310653004,Bydureon P,2015,3,false,268.000,67,34799.22
FFSU,AL,66780021904,BYDUREON  ,2015,3,true,,,
FFSU,AL,00310652004,Bydureon 2,2015,2,false,192.000,48,22873.08
FFSU,AL,00310653004,Bydureon P,2015,2,false,176.000,44,22197.04
FFSU,AL,66780021904,BYDUREON  ,2015,2,false,154.000,39,18328.81
FFSU,AL,00310652004,Bydureon 2,2015,1,true,,,
FFSU,AL,00310653004,Bydureon P,2015,1,false,48.000,12,6210.97
FFSU,AL,66780021904,BYDUREON  ,2015,1,false,421.000,104,48762.57
FFSU,AR,00310652004,BYDUREON  ,2015,3,true,,,
FFSU,AR,00310652004,BYDUREON  ,2015,2,true,,,
MCOU,AZ,00310652004,BYDUREON  ,2015,4,false,268.000,67,34040.70
FFSU,AZ,00310653004,BYDUREON P,2015,4,true,,,
MCOU,AZ,00310653004,BYDUREON P,2015,4,false,380.000,95,47246.66
MCOU,AZ,66780021904,BYDUREON  ,2015,4,true,,,
MCOU,AZ,00310652004,BYDUREON  ,2015,3,false,324.000,81,39924.95
FFSU,AZ,00310653004,BYDUREON P,2015,3,true,,,
MCOU,AZ,00310653004,BYDUREON P,2015,3,false,376.000,94,45909.24
MCOU,AZ,66780021904,BYDUREON  ,2015,3,false,44.000,11,4607.08
MCOU,AZ,00310652004,BYDUREON  ,2015,2,false,164.000,41,19429.88
MCOU,AZ,00310653004,BYDUREON P,2015,2,false,281.000,71,33597.25
MCOU,AZ,66780021904,BYDUREON  ,2015,2,false,180.000,45,20670.44
MCOU,AZ,00310652004,BYDUREON  ,2015,1,true,,,
MCOU,AZ,00310653004,BYDUREON P,2015,1,false,144.000,36,16608.58
MCOU,AZ,66780021904,BYDUREON  ,2015,1,false,284.000,71,31247.78
MCOU,CA,00310652004,BYDUREON 2,2015,4,false,1560.000,378,200063.42
FFSU,CA,00310652004,BYDUREON 2,2015,4,false,881.000,215,115237.40
MCOU,CA,00310653004,BYDUREON P,2015,4,false,5544.000,1332,704043.56
FFSU,CA,00310653004,BYDUREON P,2015,4,false,2897.000,705,377391.03
FFSU,CA,66780021904,BYDUREON  ,2015,4,false,56.000,14,6921.56
MCOU,CA,66780021904,BYDUREON  ,2015,4,true,,,
MCOU,CA,00310652004,BYDUREON 2,2015,3,false,1450.000,360,185761.60
FFSU,CA,00310652004,BYDUREON 2,2015,3,false,676.000,161,86784.19
MCOU,CA,00310653004,BYDUREON P,2015,3,false,3928.000,962,503242.37
FFSU,CA,00310653004,BYDUREON P,2015,3,false,1628.000,401,209787.82
FFSU,CA,66780021904,BYDUREON  ,2015,3,false,44.000,11,5392.71
MCOU,CA,66780021904,BYDUREON  ,2015,3,false,84.000,21,10144.39
MCOU,CA,66780022601,BYDUREON  ,2015,3,true,,,
MCOU,CA,00310652004,BYDUREON 2,2015,2,false,1456.000,360,173909.26
FFSU,CA,00310652004,BYDUREON 2,2015,2,false,524.000,131,64066.88
MCOU,CA,00310653004,BYDUREON P,2015,2,false,2509.000,603,295398.99
FFSU,CA,00310653004,BYDUREON P,2015,2,false,1048.000,259,123942.16
MCOU,CA,66780021904,BYDUREON  ,2015,2,false,368.000,90,43785.53
FFSU,CA,66780021904,BYDUREON  ,2015,2,false,140.000,33,17045.80
MCOU,CA,66780022601,BYDUREON  ,2015,2,true,,,
FFSU,CA,00310652004,BYDUREON 2,2015,1,false,100.000,25,12185.54
MCOU,CA,00310652004,BYDUREON 2,2015,1,false,212.000,53,25234.54
FFSU,CA,00310653004,BYDUREON P,2015,1,false,292.000,73,34970.20
MCOU,CA,00310653004,BYDUREON P,2015,1,false,904.000,219,106705.70
MCOU,CA,66780021904,BYDUREON  ,2015,1,false,1206.000,300,144857.12
FFSU,CA,66780021904,BYDUREON  ,2015,1,false,728.000,178,87048.27
MCOU,CA,66780022601,BYDUREON  ,2015,1,true,,,
FFSU,CO,00310652004,BYDUREON 2,2015,4,false,136.000,28,16818.73
FFSU,CO,00310653004,BYDUREON 2,2015,4,false,472.000,101,59261.91
FFSU,CO,00310652004,BYDUREON 2,2015,3,false,124.000,27,15223.61
FFSU,CO,00310653004,BYDUREON 2,2015,3,false,180.000,43,22340.80
FFSU,CO,66780021904,BYDUREON 2,2015,3,true,,,
FFSU,CO,00310652004,BYDUREON 2,2015,2,false,120.000,28,13963.28
FFSU,CO,00310653004,BYDUREON 2,2015,2,false,144.000,30,16745.47
FFSU,CO,66780021904,BYDUREON 2,2015,2,true,,,
FFSU,CO,00310652004,BYDUREON 2,2015,1,true,,,
FFSU,CO,00310653004,BYDUREON P,2015,1,false,120.000,24,13823.91
FFSU,CO,66780021904,BYDUREON 2,2015,1,false,208.000,52,23993.85
FFSU,CT,00310652004,Bydureon 2,2015,4,false,568.000,112,72508.81
FFSU,CT,00310653004,BYDUREON P,2015,4,false,872.000,183,111325.52
FFSU,CT,66780021904,BYDUREON  ,2015,4,true,,,
FFSU,CT,00310652004,Bydureon 2,2015,3,false,692.000,144,86924.05
FFSU,CT,00310653004,Bydureon P,2015,3,false,746.000,159,94385.52
FFSU,CT,66780021904,BYDUREON  ,2015,3,false,60.000,14,7175.20
FFSU,CT,00310652004,BYDUREON 2,2015,2,false,484.000,106,58140.22
FFSU,CT,00310653004,Bydureon P,2015,2,false,460.000,103,55255.71
FFSU,CT,66780021904,BYDUREON  ,2015,2,false,228.000,47,27385.80
FFSU,CT,00310652004,BYDUREON 2,2015,1,false,52.000,11,6246.36
FFSU,CT,00310653004,BYDUREON P,2015,1,false,332.000,74,39236.43
FFSU,CT,66780021904,BYDUREON  ,2015,1,false,540.000,123,63738.75
MCOU,DE,00310652004,Bydureon 2,2015,4,false,56.000,14,7331.36
MCOU,DE,00310653004,Bydureon P,2015,4,false,292.000,71,36528.87
MCOU,DE,66780021904,BYDUREON  ,2015,4,true,,,
MCOU,DE,00310652004,Bydureon 2,2015,3,false,48.000,12,6215.26
FFSU,DE,00310653004,Bydureon P,2015,3,true,,,
MCOU,DE,00310653004,Bydureon P,2015,3,false,152.000,36,18384.25
MCOU,DE,66780021904,BYDUREON  ,2015,3,true,,,
MCOU,DE,00310652004,Bydureon 2,2015,2,true,,,
MCOU,DE,00310653004,Bydureon P,2015,2,false,72.000,18,8852.00
MCOU,DE,66780021904,BYDUREON  ,2015,2,true,,,
FFSU,DE,00310653004,Bydureon P,2015,1,true,,,
MCOU,DE,00310653004,Bydureon P,2015,1,false,52.000,13,6372.16
MCOU,DE,66780021904,BYDUREON  ,2015,1,false,44.000,11,5364.13
FFSU,DE,66780021904,BYDUREON  ,2015,1,true,,,
FFSU,FL,00310652004,BYDUREON  ,2015,4,false,333.000,84,43282.81
MCOU,FL,00310652004,BYDUREON  ,2015,4,false,2204.000,550,282319.39
MCOU,FL,00310653004,BYDUREON P,2015,4,false,5952.000,1484,758703.26
FFSU,FL,00310653004,BYDUREON P,2015,4,false,732.000,183,93689.95
MCOU,FL,66780021904,BYDUREON  ,2015,4,false,152.000,38,17912.45
FFSU,FL,66780021904,BYDUREON  ,2015,4,true,,,
FFSU,FL,00310652004,BYDUREON  ,2015,3,false,424.000,106,54702.04
MCOU,FL,00310652004,BYDUREON  ,2015,3,false,2339.000,583,297409.24
FFSU,FL,00310653004,BYDUREON P,2015,3,false,669.000,168,83562.75
MCOU,FL,00310653004,BYDUREON P,2015,3,false,4648.000,1162,589308.36
MCOU,FL,66780021904,BYDUREON  ,2015,3,false,204.000,48,24395.75
FFSU,FL,66780021904,BYDUREON  ,2015,3,false,44.000,11,5347.21
FFSU,FL,00310652004,BYDUREON  ,2015,2,false,292.000,73,35074.92
MCOU,FL,00310652004,BYDUREON  ,2015,2,false,2133.000,533,255927.12
FFSU,FL,00310653004,BYDUREON P,2015,2,false,500.000,125,59714.18
MCOU,FL,00310653004,BYDUREON P,2015,2,false,3243.000,812,388129.17
MCOU,FL,66780021904,BYDUREON  ,2015,2,false,700.000,175,84275.70
FFSU,FL,66780021904,BYDUREON  ,2015,2,false,148.000,37,17986.07
FFSU,FL,00310652004,BYDUREON  ,2015,1,true,,,
MCOU,FL,00310652004,BYDUREON  ,2015,1,false,209.000,53,25221.58
FFSU,FL,00310653004,BYDUREON P,2015,1,false,124.000,31,15069.41
MCOU,FL,00310653004,BYDUREON P,2015,1,false,1032.000,256,120886.90
FFSU,FL,66780021904,BYDUREON  ,2015,1,false,432.000,108,51928.20
MCOU,FL,66780021904,BYDUREON  ,2015,1,false,3192.000,803,372633.82
MCOU,FL,66780022601,BYDUREON  ,2015,1,true,,,
FFSU,GA,00310652004,Bydureon 2,2015,4,false,116.000,29,14981.75
MCOU,GA,00310652004,Bydureon 2,2015,4,false,124.000,31,16582.28
FFSU,GA,00310653004,BYDUREON P,2015,4,false,232.000,58,29881.31
MCOU,GA,00310653004,Bydureon P,2015,4,false,420.000,105,55546.43
MCOU,GA,00310652004,Bydureon 2,2015,3,false,120.000,30,15825.01
FFSU,GA,00310652004,Bydureon 2,2015,3,false,64.000,16,8275.86
MCOU,GA,00310653004,Bydureon P,2015,3,false,256.000,64,34508.50
FFSU,GA,00310653004,Bydureon P,2015,3,false,120.000,30,15390.99
MCOU,GA,66780021904,BYDUREON  ,2015,3,true,,,
MCOU,GA,00310652004,Bydureon 2,2015,2,false,124.000,31,15426.51
FFSU,GA,00310653004,Bydureon P,2015,2,true,,,
MCOU,GA,00310653004,Bydureon P,2015,2,false,176.000,44,21769.80
MCOU,GA,66780021904,BYDUREON  ,2015,2,true,,,
FFSU,GA,66780021904,BYDUREON  ,2015,2,true,,,
MCOU,GA,00310652004,Bydureon 2,2015,1,true,,,
MCOU,GA,00310653004,Bydureon P,2015,1,false,64.000,16,7793.81
FFSU,GA,00310653004,Bydureon P,2015,1,true,,,
MCOU,GA,66780021904,BYDUREON  ,2015,1,false,152.000,38,18830.35
FFSU,GA,66780021904,BYDUREON  ,2015,1,false,48.000,12,5779.90
MCOU,HI,00310652004,BYDUREON 2,2015,4,false,120.000,30,14792.74
MCOU,HI,00310653004,BYDUREON 2,2015,4,false,344.000,86,46618.00
MCOU,HI,66780021904,BYDUREON 2,2015,4,true,,,
MCOU,HI,00310652004,BYDUREON 2,2015,3,false,136.000,34,16635.17
MCOU,HI,00310653004,BYDUREON 2,2015,3,false,272.000,68,35791.64
MCOU,HI,66780021904,BYDUREON 2,2015,3,true,,,
MCOU,HI,00310652004,BYDUREON 2,2015,2,false,248.000,62,29460.20
MCOU,HI,00310653004,BYDUREON 2,2015,2,false,536.000,133,63787.85
MCOU,HI,66780021904,BYDUREON 2,2015,2,false,45.000,12,5573.66
MCOU,HI,00310652004,BYDUREON 2,2015,1,true,,,
MCOU,HI,00310653004,BYDUREON 2,2015,1,false,332.000,83,40432.38
MCOU,HI,66780021904,BYDUREON 2,2015,1,false,354.000,90,41925.86
FFSU,IA,00310652004,Bydureon 2,2015,4,false,96.000,24,10399.71
FFSU,IA,00310653004,Bydureon P,2015,4,false,60.000,13,3705.48
FFSU,IA,66780021904,BYDUREON  ,2015,4,true,,,
FFSU,IA,00310652004,Bydureon 2,2015,3,false,96.000,24,9439.97
FFSU,IA,00310653004,Bydureon P,2015,3,false,52.000,11,3598.04
FFSU,IA,66780021904,BYDUREON  ,2015,3,true,,,
FFSU,IA,00310652004,Bydureon 2,2015,2,false,80.000,20,7218.28
FFSU,IA,00310653004,Bydureon P,2015,2,false,72.000,16,4520.41
FFSU,IA,66780021904,BYDUREON  ,2015,2,true,,,
FFSU,IA,00310652004,Bydureon 2,2015,1,true,,,
FFSU,IA,00310653004,Bydureon P,2015,1,false,112.000,26,8042.14
FFSU,IA,66780021904,BYDUREON  ,2015,1,false,108.000,27,9696.06
FFSU,ID,00310652004,BYDUREON  ,2015,4,false,44.000,11,5616.76
FFSU,ID,00310653004,BYDUREON P,2015,4,false,224.000,56,28593.86
FFSU,ID,66780021904,BYDUREON  ,2015,4,true,,,
FFSU,ID,00310652004,BYDUREON  ,2015,3,false,48.000,12,5861.76
FFSU,ID,00310653004,BYDUREON P,2015,3,false,176.000,44,22684.33
FFSU,ID,00310652004,BYDUREON  ,2015,2,false,48.000,12,5720.05
FFSU,ID,00310653004,BYDUREON P,2015,2,false,72.000,18,8786.40
FFSU,ID,66780021904,BYDUREON  ,2015,2,true,,,
FFSU,ID,00310652004,BYDUREON  ,2015,1,true,,,
FFSU,ID,00310653004,BYDUREON P,2015,1,false,48.000,12,5824.52
FFSU,ID,66780021904,BYDUREON  ,2015,1,false,44.000,11,5106.38
FFSU,IL,00310652004,Bydureon 2,2015,4,true,,,
MCOU,IL,00310652004,Bydureon 2,2015,4,false,220.000,55,27580.67
FFSU,IL,00310653004,Bydureon P,2015,4,false,64.000,16,8112.32
MCOU,IL,00310653004,Bydureon P,2015,4,false,644.000,161,80850.90
MCOU,IL,66780021904,BYDUREON  ,2015,4,false,128.000,32,14417.18
MCOU,IL,00310652004,Bydureon 2,2015,3,false,100.000,25,12298.45
FFSU,IL,00310652004,Bydureon 2,2015,3,false,52.000,13,6488.45
MCOU,IL,00310653004,Bydureon P,2015,3,false,384.000,96,47192.61
FFSU,IL,00310653004,Bydureon P,2015,3,true,,,
FFSU,IL,66780021904,BYDUREON  ,2015,3,true,,,
MCOU,IL,66780021904,BYDUREON  ,2015,3,false,60.000,15,6923.49
MCOU,IL,00310652004,Bydureon 2,2015,2,false,72.000,18,8518.50
FFSU,IL,00310652004,Bydureon 2,2015,2,false,84.000,21,9937.75
MCOU,IL,00310653004,Bydureon P,2015,2,false,184.000,46,21703.10
FFSU,IL,00310653004,Bydureon P,2015,2,false,52.000,13,6151.75
MCOU,IL,66780021904,BYDUREON  ,2015,2,true,,,
FFSU,IL,66780021904,BYDUREON  ,2015,2,true,,,
MCOU,IL,00310652004,Bydureon 2,2015,1,true,,,
FFSU,IL,00310653004,Bydureon P,2015,1,true,,,
MCOU,IL,00310653004,Bydureon P,2015,1,false,80.000,20,9404.60
MCOU,IL,66780021904,BYDUREON  ,2015,1,false,132.000,33,14078.09
FFSU,IL,66780021904,BYDUREON  ,2015,1,false,48.000,12,5509.00
FFSU,IN,00310652004,Bydureon 2,2015,4,false,88.000,22,10849.68
MCOU,IN,00310652004,Bydureon 2,2015,4,false,774.000,193,100202.73
FFSU,IN,00310653004,Bydureon P,2015,4,false,172.000,37,20647.23
MCOU,IN,00310653004,Bydureon P,2015,4,false,1324.000,329,170495.17
FFSU,IN,66780021904,BYDUREON  ,2015,4,true,,,
FFSU,IN,00310652004,Bydureon 2,2015,3,false,112.000,28,14293.79
MCOU,IN,00310652004,Bydureon 2,2015,3,false,1028.000,255,130976.08
FFSU,IN,00310653004,Bydureon P,2015,3,false,192.000,40,23639.28
MCOU,IN,00310653004,Bydureon P,2015,3,false,1364.000,341,175307.37
FFSU,IN,66780021904,BYDUREON  ,2015,3,true,,,
MCOU,IN,66780021904,BYDUREON  ,2015,3,true,,,
FFSU,IN,00310652004,Bydureon 2,2015,2,false,516.000,116,61324.01
MCOU,IN,00310652004,Bydureon 2,2015,2,false,724.000,181,87152.69
FFSU,IN,00310653004,Bydureon P,2015,2,false,652.000,153,77873.15
MCOU,IN,00310653004,Bydureon P,2015,2,false,752.000,188,90974.53
FFSU,IN,66780021904,BYDUREON  ,2015,2,false,124.000,27,14492.92
MCOU,IN,66780021904,BYDUREON  ,2015,2,false,196.000,49,23567.73
MCOU,IN,00310652004,Bydureon 2,2015,1,false,56.000,14,6752.66
FFSU,IN,00310652004,Bydureon 2,2015,1,false,92.000,21,11100.06
MCOU,IN,00310653004,Bydureon P,2015,1,false,192.000,46,23114.58
FFSU,IN,00310653004,Bydureon P,2015,1,false,753.000,171,88268.41
FFSU,IN,66780021904,BYDUREON  ,2015,1,false,1244.000,280,146844.56
MCOU,IN,66780021904,BYDUREON  ,2015,1,false,212.000,53,25488.84
MCOU,KS,00310652004,Bydureon 2,2015,4,false,48.000,12,6316.84
MCOU,KS,00310653004,Bydureon P,2015,4,false,204.000,51,26972.68
MCOU,KS,00310652004,Bydureon 2,2015,3,true,,,
MCOU,KS,00310653004,Bydureon P,2015,3,false,148.000,37,19426.33
MCOU,KS,00310652004,Bydureon 2,2015,2,true,,,
MCOU,KS,00310653004,Bydureon P,2015,2,false,84.000,21,10496.40
MCOU,KS,66780021904,BYDUREON  ,2015,2,true,,,
MCOU,KS,00310652004,Bydureon 2,2015,1,true,,,
MCOU,KS,00310653004,Bydureon P,2015,1,false,68.000,17,8373.23
MCOU,KS,66780021904,BYDUREON  ,2015,1,false,80.000,20,9724.12
FFSU,KY,00310652004,BYDUREON  ,2015,4,false,56.000,14,7280.66
MCOU,KY,00310652004,BYDUREON  ,2015,4,false,2448.000,610,321084.41
FFSU,KY,00310653004,BYDUREON P,2015,4,true,,,
MCOU,KY,00310653004,BYDUREON P,2015,4,false,5633.000,1407,742138.10
MCOU,KY,66780021904,BYDUREON  ,2015,4,false,100.000,25,12255.70
FFSU,KY,00310652004,BYDUREON  ,2015,3,false,52.000,13,6651.68
MCOU,KY,00310652004,BYDUREON  ,2015,3,false,2092.000,523,273503.35
FFSU,KY,00310653004,BYDUREON P,2015,3,true,,,
MCOU,KY,00310653004,BYDUREON P,2015,3,false,4385.000,1097,573101.38
MCOU,KY,66780021904,BYDUREON  ,2015,3,false,232.000,58,28492.76
FFSU,KY,00310652004,BYDUREON  ,2015,2,false,52.000,13,6308.38
MCOU,KY,00310652004,BYDUREON  ,2015,2,false,2135.000,536,262457.69
FFSU,KY,00310653004,BYDUREON P,2015,2,false,44.000,11,5345.86
MCOU,KY,00310653004,BYDUREON P,2015,2,false,3657.000,913,447641.96
FFSU,KY,66780021904,BYDUREON  ,2015,2,true,,,
MCOU,KY,66780021904,BYDUREON  ,2015,2,false,620.000,155,76139.41
MCOU,KY,00310652004,BYDUREON  ,2015,1,false,52.000,13,6259.08
FFSU,KY,00310652004,BYDUREON  ,2015,1,true,,,
FFSU,KY,00310653004,BYDUREON P,2015,1,true,,,
MCOU,KY,00310653004,BYDUREON P,2015,1,false,2244.000,557,273185.80
FFSU,KY,66780021904,BYDUREON  ,2015,1,false,52.000,11,6275.46
MCOU,KY,66780021904,BYDUREON  ,2015,1,false,272.000,68,33037.26
MCOU,LA,00310652004,BYDUREON  ,2015,4,true,,,
FFSU,LA,00310652004,BYDUREON  ,2015,4,false,56.000,14,7140.98
MCOU,LA,00310653004,BYDUREON P,2015,4,false,268.000,67,34608.58
FFSU,LA,00310653004,BYDUREON P,2015,4,false,64.000,16,8157.60
MCOU,LA,00310652004,BYDUREON  ,2015,3,false,88.000,22,11352.24
FFSU,LA,00310652004,BYDUREON  ,2015,3,false,52.000,11,6516.12
MCOU,LA,00310653004,BYDUREON P,2015,3,false,240.000,60,30450.00
FFSU,LA,00310653004,BYDUREON P,2015,3,false,68.000,17,8584.56
FFSU,LA,66780021904,BYDUREON  ,2015,3,true,,,
MCOU,LA,00310652004,BYDUREON  ,2015,2,false,156.000,38,18835.94
FFSU,LA,00310652004,BYDUREON  ,2015,2,true,,,
FFSU,LA,00310653004,BYDUREON P,2015,2,false,60.000,15,7098.69
MCOU,LA,00310653004,BYDUREON P,2015,2,false,224.000,56,26130.05
FFSU,LA,66780021904,BYDUREON  ,2015,2,false,128.000,32,14368.20
MCOU,LA,66780021904,BYDUREON  ,2015,2,true,,,
MCOU,LA,00310652004,BYDUREON  ,2015,1,false,68.000,16,8228.12
FFSU,LA,00310653004,BYDUREON P,2015,1,false,108.000,27,12473.70
MCOU,LA,00310653004,BYDUREON P,2015,1,false,176.000,44,21375.20
FFSU,LA,66780021904,BYDUREON  ,2015,1,false,532.000,131,59656.37
MCOU,LA,66780021904,BYDUREON  ,2015,1,false,148.000,37,18086.57
FFSU,MA,00310652004,BYDUREON 2,2015,4,false,188.000,45,24529.45
MCOU,MA,00310652004,BYDUREON 2,2015,4,false,556.000,125,70781.03
FFSU,MA,00310653004,BYDUREON 2,2015,4,false,384.000,92,50025.44
MCOU,MA,00310653004,BYDUREON 2,2015,4,false,924.000,196,116707.34
FFSU,MA,66780021904,BYDUREON 2,2015,4,true,,,
MCOU,MA,66780021904,BYDUREON 2,2015,4,true,,,
MCOU,MA,00310652004,BYDUREON 2,2015,3,false,545.000,124,67887.45
FFSU,MA,00310652004,BYDUREON 2,2015,3,false,245.000,58,31611.61
MCOU,MA,00310653004,BYDUREON 2,2015,3,false,916.000,195,114063.45
FFSU,MA,00310653004,BYDUREON 2,2015,3,false,292.000,71,34173.31
FFSU,MA,66780021904,BYDUREON 2,2015,3,true,,,
MCOU,MA,66780021904,BYDUREON 2,2015,3,true,,,
MCOU,MA,00310652004,BYDUREON 2,2015,2,false,384.000,83,45527.16
FFSU,MA,00310652004,BYDUREON 2,2015,2,false,232.000,58,22361.27
MCOU,MA,00310653004,BYDUREON 2,2015,2,false,721.000,163,85527.46
FFSU,MA,00310653004,BYDUREON 2,2015,2,false,376.000,90,46079.28
MCOU,MA,66780021904,BYDUREON 2,2015,2,false,164.000,35,19554.71
FFSU,MA,66780021904,BYDUREON 2,2015,2,false,97.000,23,11727.68
MCOU,MA,00310652004,BYDUREON 2,2015,1,true,,,
FFSU,MA,00310652004,BYDUREON 2,2015,1,true,,,
MCOU,MA,00310653004,BYDUREON 2,2015,1,false,392.000,88,45551.76
FFSU,MA,00310653004,BYDUREON 2,2015,1,false,236.000,59,28141.59
MCOU,MA,66780021904,BYDUREON 2,2015,1,false,544.000,120,63098.53
FFSU,MA,66780021904,BYDUREON 2,2015,1,false,356.000,87,32237.49
MCOU,MD,00310652004,BYDUREON 2,2015,4,false,108.000,27,13905.58
FFSU,MD,00310652004,BYDUREON 2,2015,4,true,,,
MCOU,MD,00310653004,BYDUREON 2,2015,4,false,120.000,30,15303.79
FFSU,MD,00310653004,BYDUREON 2,2015,4,true,,,
MCOU,MD,66780021904,BYDUREON 2,2015,4,true,,,
FFSU,MD,00310652004,BYDUREON 2,2015,3,true,,,
MCOU,MD,00310652004,BYDUREON 2,2015,3,false,112.000,28,14209.71
FFSU,MD,00310653004,BYDUREON 2,2015,3,true,,,
MCOU,MD,00310653004,BYDUREON 2,2015,3,false,172.000,39,21935.25
MCOU,MD,66780021904,BYDUREON 2,2015,3,true,,,
MCOU,MD,00310652004,BYDUREON 2,2015,2,false,76.000,19,9127.64
FFSU,MD,00310652004,BYDUREON 2,2015,2,true,,,
FFSU,MD,00310653004,BYDUREON 2,2015,2,true,,,
MCOU,MD,00310653004,BYDUREON 2,2015,2,false,124.000,29,15319.97
MCOU,MD,66780021904,BYDUREON 2,2015,2,true,,,
FFSU,MD,66780021904,BYDUREON 2,2015,2,true,,,
MCOU,MD,00310652004,BYDUREON 2,2015,1,true,,,
MCOU,MD,00310653004,BYDUREON 2,2015,1,false,72.000,18,8629.34
FFSU,MD,66780021904,BYDUREON 2,2015,1,true,,,
MCOU,MD,66780021904,BYDUREON 2,2015,1,false,156.000,39,18705.00
FFSU,ME,00310652004,BYDUREON  ,2015,4,false,76.000,17,9759.98
FFSU,ME,00310653004,BYDUREON  ,2015,4,false,240.000,60,30834.43
FFSU,ME,66780021904,BYDUREON  ,2015,4,true,,,
FFSU,ME,00310652004,BYDUREON  ,2015,3,false,100.000,23,12678.91
FFSU,ME,00310653004,BYDUREON  ,2015,3,false,312.000,78,39541.32
FFSU,ME,66780021904,BYDUREON  ,2015,3,true,,,
FFSU,ME,00310652004,BYDUREON  ,2015,2,false,84.000,19,10078.71
FFSU,ME,00310653004,BYDUREON P,2015,2,false,248.000,61,29773.45
FFSU,ME,66780021904,BYDUREON  ,2015,2,true,,,
FFSU,ME,00310653004,BYDUREON  ,2015,1,false,192.000,42,22700.80
FFSU,ME,66780021904,BYDUREON  ,2015,1,false,204.000,49,24073.95
MCOU,MI,00310652004,BYDUREON  ,2015,4,false,444.000,111,57932.75
FFSU,MI,00310652004,BYDUREON  ,2015,4,false,136.000,28,15905.28
FFSU,MI,00310653004,BYDUREON P,2015,4,false,145.000,35,14605.70
MCOU,MI,00310653004,BYDUREON P,2015,4,false,676.000,169,87607.34
MCOU,MI,66780021904,BYDUREON  ,2015,4,true,,,
FFSU,MI,66780021904,BYDUREON  ,2015,4,true,,,
MCOU,MI,00310652004,BYDUREON  ,2015,3,false,532.000,133,68541.23
FFSU,MI,00310652004,BYDUREON  ,2015,3,false,144.000,30,15327.80
MCOU,MI,00310653004,BYDUREON P,2015,3,false,488.000,122,63203.24
FFSU,MI,00310653004,BYDUREON P,2015,3,false,140.000,33,14362.65
MCOU,MI,66780021904,BYDUREON  ,2015,3,true,,,
FFSU,MI,66780021904,BYDUREON  ,2015,3,true,,,
FFSU,MI,00310652004,BYDUREON  ,2015,2,false,152.000,30,17474.29
MCOU,MI,00310652004,BYDUREON  ,2015,2,false,624.000,156,66985.76
FFSU,MI,00310653004,BYDUREON P,2015,2,false,152.000,34,14247.44
MCOU,MI,00310653004,BYDUREON P,2015,2,false,732.000,182,70103.15
FFSU,MI,66780021904,BYDUREON  ,2015,2,true,,,
MCOU,MI,66780021904,BYDUREON  ,2015,2,false,180.000,45,19422.62
FFSU,MI,00310652004,BYDUREON  ,2015,1,true,,,
MCOU,MI,00310652004,BYDUREON  ,2015,1,false,82.000,21,7909.82
FFSU,MI,00310653004,BYDUREON P,2015,1,false,120.000,28,10983.52
MCOU,MI,00310653004,BYDUREON P,2015,1,false,364.000,91,34174.94
MCOU,MI,66780021904,BYDUREON  ,2015,1,false,688.000,172,66898.74
FFSU,MI,66780021904,BYDUREON  ,2015,1,false,172.000,37,19249.76
FFSU,MN,00310652004,BYDUREON  ,2015,4,false,156.000,39,14443.53
MCOU,MN,00310652004,BYDUREON  ,2015,4,false,632.000,158,83104.52
FFSU,MN,00310653004,BYDUREON P,2015,4,false,96.000,24,12536.16
MCOU,MN,00310653004,BYDUREON P,2015,4,false,1000.000,250,131067.43
MCOU,MN,66780021904,BYDUREON  ,2015,4,true,,,
FFSU,MN,00310652004,BYDUREON  ,2015,3,false,120.000,30,15432.69
MCOU,MN,00310652004,BYDUREON  ,2015,3,false,992.000,248,129356.96
FFSU,MN,00310653004,BYDUREON P,2015,3,true,,,
MCOU,MN,00310653004,BYDUREON P,2015,3,false,1324.000,331,173019.32
MCOU,MN,66780021904,BYDUREON  ,2015,3,true,,,
FFSU,MN,66780021904,BYDUREON  ,2015,3,true,,,
MCOU,MN,00310652004,BYDUREON  ,2015,2,false,816.000,204,100049.57
FFSU,MN,00310652004,BYDUREON  ,2015,2,false,112.000,28,9574.94
MCOU,MN,00310653004,BYDUREON P,2015,2,false,1192.000,298,145650.66
FFSU,MN,00310653004,BYDUREON P,2015,2,false,44.000,11,5372.51
MCOU,MN,66780021904,BYDUREON  ,2015,2,false,65.000,56,26864.15
FFSU,MN,66780021904,BYDUREON  ,2015,2,false,16.000,16,7814.56
FFSU,MN,00310652004,BYDUREON  ,2015,1,true,,,
MCOU,MN,00310652004,BYDUREON  ,2015,1,false,108.000,27,13210.87
FFSU,MN,00310653004,BYDUREON P,2015,1,true,,,
MCOU,MN,00310653004,BYDUREON P,2015,1,false,728.000,182,89034.99
MCOU,MN,66780021904,BYDUREON  ,2015,1,false,314.000,269,129948.96
FFSU,MN,66780021904,BYDUREON  ,2015,1,false,38.000,38,13226.51
FFSU,MO,00310652004,BYDUREON  ,2015,4,false,446.000,112,59608.81
FFSU,MO,00310653004,BYDUREON P,2015,4,false,712.000,178,100073.83
FFSU,MO,66780021904,BYDUREON  ,2015,4,true,,,
FFSU,MO,00310652004,BYDUREON  ,2015,3,false,360.000,90,46625.93
FFSU,MO,00310653004,BYDUREON P,2015,3,false,384.000,96,53492.04
FFSU,MO,66780021904,BYDUREON  ,2015,3,true,,,
FFSU,MO,00310652004,BYDUREON  ,2015,2,false,232.000,58,28580.87
FFSU,MO,00310653004,BYDUREON P,2015,2,false,369.000,93,49124.83
FFSU,MO,66780021904,BYDUREON  ,2015,2,false,84.000,21,10792.23
FFSU,MO,00310652004,BYDUREON  ,2015,1,true,,,
FFSU,MO,00310653004,BYDUREON P,2015,1,false,386.000,98,49847.25
FFSU,MO,66780021904,BYDUREON  ,2015,1,false,508.000,127,60788.12
FFSU,MS,00310652004,BYDUREON 2,2015,4,false,116.000,29,15686.10
MCOU,MS,00310652004,BYDUREON 2,2015,4,false,360.000,90,48411.00
MCOU,MS,00310653004,BYDUREON 2,2015,4,false,1438.000,361,193406.42
FFSU,MS,00310653004,BYDUREON 2,2015,4,false,252.000,63,33890.70
MCOU,MS,66780021904,BYDUREON 2,2015,4,true,,,
FFSU,MS,66780021904,BYDUREON 2,2015,4,true,,,
MCOU,MS,00310652004,BYDUREON 2,2015,3,false,360.000,90,48106.83
FFSU,MS,00310652004,BYDUREON 2,2015,3,false,108.000,27,14356.65
FFSU,MS,00310653004,BYDUREON 2,2015,3,false,204.000,51,27550.77
MCOU,MS,00310653004,BYDUREON 2,2015,3,false,1164.000,290,155820.27
FFSU,MS,66780021904,BYDUREON 2,2015,3,true,,,
MCOU,MS,00310652004,BYDUREON 2,2015,2,false,168.000,42,21242.34
FFSU,MS,00310652004,BYDUREON 2,2015,2,false,52.000,13,6575.01
MCOU,MS,00310653004,BYDUREON 2,2015,2,false,456.000,114,57657.78
FFSU,MS,00310653004,BYDUREON 2,2015,2,false,132.000,33,15658.34
MCOU,MS,66780021904,BYDUREON 2,2015,2,true,,,
FFSU,MS,66780021904,BYDUREON 2,2015,2,true,,,
MCOU,MS,00310652004,BYDUREON 2,2015,1,true,,,
MCOU,MS,00310653004,BYDUREON 2,2015,1,true,,,
MCOU,MS,66780021904,BYDUREON 2,2015,1,true,,,
FFSU,MT,00310652004,BYDUREON 2,2015,4,false,108.000,27,13672.36
FFSU,MT,00310653004,BYDUREON 2,2015,4,false,264.000,66,32875.37
FFSU,MT,66780021904,BYDUREON 2,2015,4,true,,,
FFSU,MT,00310652004,BYDUREON 2,2015,3,false,121.000,31,14097.40
FFSU,MT,00310653004,BYDUREON 2,2015,3,false,124.000,31,14535.80
FFSU,MT,66780021904,BYDUREON 2,2015,3,true,,,
FFSU,MT,00310652004,BYDUREON 2,2015,2,false,96.000,24,11638.51
FFSU,MT,00310653004,BYDUREON 2,2015,2,false,60.000,15,7287.02
FFSU,MT,66780021904,BYDUREON 2,2015,2,true,,,
FFSU,MT,00310652004,BYDUREON 2,2015,1,true,,,
FFSU,MT,00310653004,BYDUREON 2,2015,1,true,,,
FFSU,MT,66780021904,BYDUREON 2,2015,1,true,,,
FFSU,XX,00310652004,Bydureon 2,2015,4,false,7313.000,1768,938699.18
MCOU,XX,00310652004,Bydureon 2,2015,4,false,19041.000,4736,2451761.13
FFSU,XX,00310653004,Bydureon P,2015,4,false,17394.000,4251,2247946.00
MCOU,XX,00310653004,Bydureon P,2015,4,false,40520.000,10064,5192975.49
FFSU,XX,66780021904,BYDUREON  ,2015,4,false,296.000,73,36443.63
MCOU,XX,66780021904,BYDUREON  ,2015,4,false,1135.000,292,135576.61
FFSU,XX,00310652004,Bydureon 2,2015,3,false,7383.000,1785,938450.33
MCOU,XX,00310652004,Bydureon 2,2015,3,false,22488.000,5601,2844236.39
FFSU,XX,00310653004,Bydureon P,2015,3,false,11969.000,2925,1534011.15
MCOU,XX,00310653004,Bydureon P,2015,3,false,34649.000,8607,4404277.42
FFSU,XX,66780021904,BYDUREON  ,2015,3,false,588.000,148,72758.53
MCOU,XX,66780021904,BYDUREON  ,2015,3,false,1845.000,466,214909.31
MCOU,XX,66780022601,BYDUREON  ,2015,3,true,,,
FFSU,XX,00310652004,Bydureon 2,2015,2,false,6225.000,1515,738468.05
MCOU,XX,00310652004,Bydureon 2,2015,2,false,19572.000,4878,2334383.47
FFSU,XX,00310653004,Bydureon P,2015,2,false,8667.000,2110,1040361.46
MCOU,XX,00310653004,Bydureon P,2015,2,false,26590.000,6609,3166145.26
FFSU,XX,66780021904,BYDUREON  ,2015,2,false,2443.000,605,299825.91
MCOU,XX,66780021904,BYDUREON  ,2015,2,false,7107.000,1800,861581.05
FFSU,XX,66780022601,BYDUREON  ,2015,2,true,,,
MCOU,XX,66780022601,BYDUREON  ,2015,2,true,,,
FFSU,XX,00310652004,Bydureon 2,2015,1,false,825.000,201,99731.40
MCOU,XX,00310652004,Bydureon 2,2015,1,false,2431.000,611,290443.58
FFSU,XX,00310653004,Bydureon P,2015,1,false,5236.000,1263,615589.21
MCOU,XX,00310653004,Bydureon P,2015,1,false,13373.000,3321,1578238.41
FFSU,XX,66780021904,BYDUREON  ,2015,1,false,10124.000,2497,1188645.75
MCOU,XX,66780021904,BYDUREON  ,2015,1,false,23383.004,6035,2820493.16
MCOU,XX,66780022601,BYDUREON  ,2015,1,true,,,
FFSU,NC,00310652004,BYDUREON  ,2015,4,false,568.000,142,73310.80
FFSU,NC,00310653004,BYDUREON P,2015,4,false,2068.000,512,267512.77
FFSU,NC,66780021904,BYDUREON  ,2015,4,true,,,
FFSU,NC,00310652004,BYDUREON  ,2015,3,false,560.000,140,72284.69
FFSU,NC,00310653004,BYDUREON P,2015,3,false,1164.000,288,150282.64
FFSU,NC,66780021904,BYDUREON  ,2015,3,true,,,
FFSU,NC,00310652004,BYDUREON  ,2015,2,false,510.000,129,62103.18
FFSU,NC,00310653004,BYDUREON P,2015,2,false,832.000,207,101323.64
FFSU,NC,66780021904,BYDUREON  ,2015,2,false,129.000,33,15724.66
FFSU,NC,00310652004,BYDUREON  ,2015,1,false,108.000,27,13159.60
FFSU,NC,00310653004,BYDUREON P,2015,1,false,525.000,132,63514.96
FFSU,NC,66780021904,BYDUREON  ,2015,1,false,752.000,186,90694.67
FFSU,ND,00310652004,BYDUREON 2,2015,4,true,,,
MCOU,ND,00310652004,BYDUREON 2,2015,4,true,,,
MCOU,ND,00310653004,BYDUREON 2,2015,4,true,,,
MCOU,ND,00310652004,BYDUREON 2,2015,3,true,,,
FFSU,ND,00310652004,BYDUREON 2,2015,3,true,,,
MCOU,ND,00310653004,BYDUREON 2,2015,3,true,,,
FFSU,ND,00310652004,BYDUREON 2,2015,2,true,,,
MCOU,ND,00310652004,BYDUREON 2,2015,2,true,,,
MCOU,ND,00310653004,BYDUREON 2,2015,2,true,,,
FFSU,ND,00310653004,BYDUREON 2,2015,2,true,,,
MCOU,ND,66780021904,BYDUREON 2,2015,2,true,,,
FFSU,ND,66780021904,BYDUREON 2,2015,2,true,,,
MCOU,ND,00310652004,BYDUREON 2,2015,1,true,,,
MCOU,ND,00310653004,BYDUREON 2,2015,1,true,,,
MCOU,ND,66780021904,BYDUREON 2,2015,1,true,,,
FFSU,ND,66780021904,BYDUREON 2,2015,1,true,,,
FFSU,NE,00310652004,Bydureon 2,2015,4,false,192.000,48,26142.77
FFSU,NE,00310653004,Bydureon P,2015,4,false,316.000,79,43043.45
FFSU,NE,00310652004,Bydureon 2,2015,3,false,292.000,73,39385.32
FFSU,NE,00310653004,Bydureon P,2015,3,false,228.000,57,31034.86
FFSU,NE,66780021904,BYDUREON  ,2015,3,true,,,
FFSU,NE,00310652004,Bydureon 2,2015,2,false,232.000,58,29544.16
FFSU,NE,00310653004,Bydureon P,2015,2,false,120.000,30,15282.60
FFSU,NE,66780021904,BYDUREON  ,2015,2,false,64.000,16,8147.32
FFSU,NE,00310652004,Bydureon 2,2015,1,true,,,
FFSU,NE,00310653004,Bydureon P,2015,1,false,60.000,15,7641.30
FFSU,NE,66780021904,BYDUREON  ,2015,1,false,296.000,74,37101.88
MCOU,NH,00310652004,BYDUREON  ,2015,4,false,44.000,11,5605.27
FFSU,NH,00310652004,BYDUREON  ,2015,4,true,,,
MCOU,NH,00310653004,BYDUREON P,2015,4,false,180.000,45,23127.14
FFSU,NH,00310653004,BYDUREON P,2015,4,true,,,
MCOU,NH,00310652004,BYDUREON  ,2015,3,false,48.000,12,6138.65
MCOU,NH,00310653004,BYDUREON P,2015,3,false,124.000,31,15954.78
MCOU,NH,00310652004,BYDUREON  ,2015,2,true,,,
MCOU,NH,00310653004,BYDUREON P,2015,2,false,84.000,21,10111.01
MCOU,NH,00310652004,BYDUREON  ,2015,1,true,,,
FFSU,NH,00310653004,BYDUREON P,2015,1,true,,,
MCOU,NH,00310653004,BYDUREON P,2015,1,false,56.000,14,6687.03
FFSU,NH,66780021904,BYDUREON  ,2015,1,true,,,
MCOU,NH,66780021904,BYDUREON  ,2015,1,false,52.000,13,6177.59
MCOU,NJ,00310652004,Bydureon 2,2015,4,false,1516.000,381,196870.90
FFSU,NJ,00310652004,Bydureon 2,2015,4,true,,,
MCOU,NJ,00310653004,Bydureon P,2015,4,false,1737.000,433,223827.63
FFSU,NJ,00310653004,Bydureon P,2015,4,false,36.000,11,5575.25
MCOU,NJ,66780021904,BYDUREON  ,2015,4,false,76.000,19,9337.05
FFSU,NJ,66780021904,BYDUREON  ,2015,4,true,,,
FFSU,NJ,00310652004,Bydureon 2,2015,3,true,,,
MCOU,NJ,00310652004,Bydureon 2,2015,3,false,3466.000,870,432289.46
FFSU,NJ,00310653004,Bydureon P,2015,3,true,,,
MCOU,NJ,00310653004,Bydureon P,2015,3,false,1357.000,340,172927.05
MCOU,NJ,66780021904,BYDUREON  ,2015,3,false,48.000,12,5897.02
MCOU,NJ,00310652004,Bydureon 2,2015,2,false,1990.000,499,237823.10
FFSU,NJ,00310652004,Bydureon 2,2015,2,true,,,
MCOU,NJ,00310653004,Bydureon P,2015,2,false,508.000,127,60080.00
FFSU,NJ,00310653004,Bydureon P,2015,2,true,,,
MCOU,NJ,66780021904,BYDUREON  ,2015,2,false,260.000,65,28746.04
FFSU,NJ,66780021904,BYDUREON  ,2015,2,true,,,
FFSU,NJ,00310652004,Bydureon 2,2015,1,true,,,
MCOU,NJ,00310652004,Bydureon 2,2015,1,false,416.000,104,50599.72
MCOU,NJ,00310653004,Bydureon P,2015,1,false,356.000,89,42056.75
FFSU,NJ,00310653004,Bydureon P,2015,1,true,,,
MCOU,NJ,66780021904,BYDUREON  ,2015,1,false,3590.000,900,414831.21
FFSU,NJ,66780021904,BYDUREON  ,2015,1,true,,,
MCOU,NM,00310652004,BYDUREON 2,2015,4,true,,,
FFSU,NM,00310653004,BYDUREON 2,2015,4,true,,,
MCOU,NM,00310653004,BYDUREON 2,2015,4,true,,,
FFSU,NM,00310653004,BYDUREON 2,2015,3,true,,,
MCOU,NM,00310652004,BYDUREON 2,2015,2,true,,,
MCOU,NM,00310653004,BYDUREON 2,2015,2,true,,,
MCOU,NM,66780021904,BYDUREON 2,2015,2,true,,,
MCOU,NM,00310653004,BYDUREON 2,2015,1,true,,,
MCOU,NM,66780021904,BYDUREON 2,2015,1,true,,,
FFSU,NV,00310652004,Bydureon 2,2015,4,false,76.000,19,9701.47
MCOU,NV,00310652004,Bydureon 2,2015,4,false,56.000,14,7317.28
FFSU,NV,00310653004,Bydureon P,2015,4,false,368.000,86,47098.05
MCOU,NV,00310653004,Bydureon P,2015,4,false,76.000,19,9804.29
FFSU,NV,66780021904,BYDUREON  ,2015,4,true,,,
MCOU,NV,00310652004,Bydureon 2,2015,3,false,56.000,14,7247.98
FFSU,NV,00310652004,Bydureon 2,2015,3,false,140.000,33,18073.91
FFSU,NV,00310653004,Bydureon P,2015,3,false,319.000,76,41460.10
MCOU,NV,00310653004,Bydureon P,2015,3,false,68.000,17,8649.88
MCOU,NV,66780021904,BYDUREON  ,2015,3,true,,,
FFSU,NV,66780021904,BYDUREON  ,2015,3,true,,,
FFSU,NV,00310652004,Bydureon 2,2015,2,false,188.000,43,22863.65
MCOU,NV,00310652004,Bydureon 2,2015,2,true,,,
MCOU,NV,00310653004,Bydureon P,2015,2,false,48.000,12,5816.64
FFSU,NV,00310653004,Bydureon P,2015,2,false,216.000,50,26401.58
FFSU,NV,66780021904,BYDUREON  ,2015,2,false,55.000,14,6703.43
MCOU,NV,66780021904,BYDUREON  ,2015,2,true,,,
FFSU,NV,00310652004,Bydureon 2,2015,1,true,,,
FFSU,NV,00310653004,Bydureon P,2015,1,false,44.000,11,5315.20
MCOU,NV,00310653004,Bydureon P,2015,1,true,,,
MCOU,NV,66780021904,BYDUREON  ,2015,1,false,68.000,17,8201.60
FFSU,NV,66780021904,BYDUREON  ,2015,1,false,144.000,34,17230.34
FFSU,NY,00310652004,BYDUREON  ,2015,4,false,192.000,46,22528.58
MCOU,NY,00310652004,BYDUREON  ,2015,4,false,2116.000,533,269601.04
MCOU,NY,00310653004,BYDUREON P,2015,4,false,4722.000,1196,596237.05
FFSU,NY,00310653004,BYDUREON P,2015,4,false,448.000,110,49255.39
FFSU,NY,66780021904,BYDUREON  ,2015,4,true,,,
MCOU,NY,66780021904,BYDUREON  ,2015,4,false,376.000,99,43463.64
MCOU,NY,00310652004,BYDUREON 2,2015,3,false,2888.000,721,359594.21
FFSU,NY,00310652004,BYDUREON 2,2015,3,false,244.000,59,28027.30
MCOU,NY,00310653004,BYDUREON P,2015,3,false,5514.000,1378,691860.19
FFSU,NY,00310653004,BYDUREON P,2015,3,false,452.000,107,56518.77
FFSU,NY,66780021904,BYDUREON  ,2015,3,true,,,
MCOU,NY,66780021904,BYDUREON 2,2015,3,false,617.000,154,65120.62
MCOU,NY,66780022601,BYDUREON  ,2015,3,true,,,
MCOU,NY,00310652004,BYDUREON 2,2015,2,false,3241.000,809,385828.06
FFSU,NY,00310652004,BYDUREON 2,2015,2,false,174.000,45,19366.88
FFSU,NY,00310653004,BYDUREON P,2015,2,false,352.000,84,41825.57
MCOU,NY,00310653004,BYDUREON P,2015,2,false,5696.000,1421,677283.27
FFSU,NY,66780021904,BYDUREON  ,2015,2,false,56.000,14,6217.97
MCOU,NY,66780021904,BYDUREON  ,2015,2,false,1816.000,450,214292.74
FFSU,NY,00310652004,BYDUREON 2,2015,1,true,,,
MCOU,NY,00310652004,BYDUREON 2,2015,1,false,688.000,172,81818.59
FFSU,NY,00310653004,BYDUREON P,2015,1,false,212.000,53,21750.79
MCOU,NY,00310653004,BYDUREON P,2015,1,false,3252.000,811,385000.40
FFSU,NY,66780021904,BYDUREON 2,2015,1,false,308.000,79,32715.73
MCOU,NY,66780021904,BYDUREON 2,2015,1,false,5067.004,1266,600994.25
MCOU,NY,66780022601,BYDUREON 2,2015,1,true,,,
MCOU,OH,00310652004,Bydureon 2,2015,4,false,2821.000,701,358400.81
FFSU,OH,00310652004,Bydureon 2,2015,4,false,196.000,43,26536.41
MCOU,OH,00310653004,Bydureon P,2015,4,false,4728.000,1182,593515.78
FFSU,OH,00310653004,Bydureon P,2015,4,false,436.000,109,59180.58
MCOU,OH,66780021904,BYDUREON 2,2015,4,false,101.000,26,12145.42
FFSU,OH,66780021904,BYDUREON 2,2015,4,true,,,
FFSU,OH,00310652004,BYDUREON 2,2015,3,false,192.000,43,25736.83
MCOU,OH,00310652004,Bydureon 2,2015,3,false,3048.000,756,379665.62
MCOU,OH,00310653004,Bydureon P,2015,3,false,3765.000,940,463481.19
FFSU,OH,00310653004,BYDUREON 2,2015,3,false,452.000,113,60405.56
MCOU,OH,66780021904,BYDUREON  ,2015,3,false,173.000,44,20400.35
FFSU,OH,66780021904,BYDUREON 2,2015,3,true,,,
FFSU,OH,00310652004,BYDUREON 2,2015,2,true,,,
MCOU,OH,00310652004,Bydureon 2,2015,2,false,2372.000,593,277715.81
MCOU,OH,00310653004,Bydureon P,2015,2,false,2533.000,632,296617.06
FFSU,OH,00310653004,BYDUREON 2,2015,2,false,380.000,95,48210.23
MCOU,OH,66780021904,BYDUREON  ,2015,2,false,1148.000,287,132957.29
FFSU,OH,66780021904,BYDUREON 2,2015,2,false,116.000,29,14797.48
MCOU,OH,00310652004,BYDUREON 2,2015,1,false,64.000,16,7388.57
FFSU,OH,00310653004,BYDUREON 2,2015,1,false,152.000,38,19128.47
MCOU,OH,00310653004,Bydureon P,2015,1,false,1168.000,292,134456.82
MCOU,OH,66780021904,BYDUREON  ,2015,1,false,3066.000,766,351941.59
FFSU,OH,66780021904,BYDUREON 2,2015,1,false,200.000,50,24641.26
FFSU,OK,00310652004,Bydureon 2,2015,4,false,243.000,63,32688.42
FFSU,OK,00310653004,Bydureon P,2015,4,false,340.000,85,45227.46
FFSU,OK,66780021904,BYDUREON  ,2015,4,true,,,
FFSU,OK,00310652004,Bydureon 2,2015,3,false,246.000,63,32717.98
FFSU,OK,00310653004,Bydureon P,2015,3,false,252.000,63,33521.93
FFSU,OK,66780021904,BYDUREON  ,2015,3,true,,,
FFSU,OK,00310652004,Bydureon 2,2015,2,false,168.000,42,21059.72
FFSU,OK,00310653004,Bydureon P,2015,2,false,164.000,41,20586.87
FFSU,OK,66780021904,BYDUREON  ,2015,2,false,56.000,14,7035.48
FFSU,OK,00310652004,Bydureon 2,2015,1,true,,,
FFSU,OK,00310653004,Bydureon P,2015,1,false,116.000,29,14344.01
FFSU,OK,66780021904,BYDUREON  ,2015,1,false,219.000,57,27007.81
MCOU,OR,00310652004,BYDUREON 2,2015,4,false,404.000,101,51516.79
MCOU,OR,00310653004,Bydureon P,2015,4,false,548.000,137,70192.97
FFSU,OR,00310653004,BYDUREON P,2015,4,true,,,
MCOU,OR,66780021904,BYDUREON  ,2015,4,true,,,
MCOU,OR,00310652004,Bydureon 2,2015,3,false,444.000,111,55352.17
MCOU,OR,00310653004,Bydureon P,2015,3,false,528.000,132,65837.56
FFSU,OR,00310653004,Bydureon P,2015,3,true,,,
MCOU,OR,66780021904,BYDUREON  ,2015,3,false,68.000,17,7965.91
MCOU,OR,00310652004,Bydureon 2,2015,2,false,314.000,79,37448.13
FFSU,OR,00310652004,Bydureon 2,2015,2,true,,,
MCOU,OR,00310653004,Bydureon P,2015,2,false,292.000,73,34975.48
FFSU,OR,00310653004,Bydureon P,2015,2,true,,,
MCOU,OR,66780021904,BYDUREON  ,2015,2,false,241.000,61,28700.26
FFSU,OR,66780021904,BYDUREON  ,2015,2,true,,,
MCOU,OR,00310652004,Bydureon 2,2015,1,true,,,
FFSU,OR,00310652004,Bydureon 2,2015,1,true,,,
MCOU,OR,00310653004,Bydureon P,2015,1,false,160.000,40,18547.32
FFSU,OR,00310653004,Bydureon P,2015,1,false,44.000,11,5299.03
FFSU,OR,66780021904,BYDUREON  ,2015,1,true,,,
MCOU,OR,66780021904,BYDUREON  ,2015,1,false,606.000,156,68574.58
MCOU,PA,00310652004,BYDUREON 2,2015,4,false,392.000,92,49691.17
FFSU,PA,00310652004,BYDUREON 2,2015,4,true,,,
MCOU,PA,00310653004,BYDUREON 2,2015,4,false,968.000,242,122519.73
FFSU,PA,00310653004,BYDUREON 2,2015,4,false,52.000,11,6741.83
MCOU,PA,66780021904,BYDUREON 2,2015,4,true,,,
FFSU,PA,00310652004,BYDUREON 2,2015,3,true,,,
MCOU,PA,00310652004,BYDUREON 2,2015,3,false,432.000,106,53774.01
FFSU,PA,00310653004,BYDUREON 2,2015,3,false,52.000,11,6741.93
MCOU,PA,00310653004,BYDUREON 2,2015,3,false,808.000,202,100606.75
MCOU,PA,66780021904,BYDUREON 2,2015,3,false,48.000,12,5591.89
FFSU,PA,66780021904,BYDUREON 2,2015,3,true,,,
FFSU,PA,00310652004,BYDUREON 2,2015,2,true,,,
MCOU,PA,00310652004,BYDUREON 2,2015,2,false,312.000,78,36786.72
FFSU,PA,00310653004,BYDUREON 2,2015,2,true,,,
MCOU,PA,00310653004,BYDUREON 2,2015,2,false,676.000,169,81095.35
FFSU,PA,66780021904,BYDUREON 2,2015,2,true,,,
MCOU,PA,66780021904,BYDUREON 2,2015,2,false,384.000,96,46229.87
MCOU,PA,00310653004,BYDUREON 2,2015,1,false,312.000,78,36478.67
FFSU,PA,00310653004,BYDUREON 2,2015,1,true,,,
FFSU,PA,66780021904,BYDUREON 2,2015,1,true,,,
MCOU,PA,66780021904,BYDUREON 2,2015,1,false,760.000,190,88958.93
MCOU,RI,00310652004,Bydureon 2,2015,4,true,,,
MCOU,RI,00310653004,Bydureon P,2015,4,true,,,
FFSU,RI,00310653004,Bydureon P,2015,4,true,,,
MCOU,RI,00310653004,Bydureon P,2015,3,true,,,
MCOU,RI,00310652004,Bydureon 2,2015,2,true,,,
MCOU,RI,00310653004,Bydureon P,2015,1,true,,,
MCOU,RI,66780021904,BYDUREON  ,2015,1,true,,,
FFSU,RI,66780021904,BYDUREON  ,2015,1,true,,,
FFSU,SC,00310652004,BYDUREON  ,2015,4,true,,,
MCOU,SC,00310652004,BYDUREON  ,2015,4,false,192.000,48,24651.12
MCOU,SC,00310653004,BYDUREON P,2015,4,false,354.000,90,44932.17
FFSU,SC,00310653004,BYDUREON P,2015,4,false,44.000,11,5179.90
FFSU,SC,00310652004,BYDUREON  ,2015,3,true,,,
MCOU,SC,00310652004,BYDUREON  ,2015,3,false,228.000,57,28902.51
MCOU,SC,00310653004,BYDUREON P,2015,3,false,332.000,83,40802.77
FFSU,SC,00310653004,BYDUREON P,2015,3,true,,,
MCOU,SC,66780021904,BYDUREON  ,2015,3,true,,,
MCOU,SC,00310652004,BYDUREON  ,2015,2,false,208.000,52,24990.00
FFSU,SC,00310652004,BYDUREON  ,2015,2,true,,,
MCOU,SC,00310653004,BYDUREON P,2015,2,false,220.000,54,25802.33
FFSU,SC,00310653004,BYDUREON P,2015,2,true,,,
FFSU,SC,66780021904,BYDUREON  ,2015,2,true,,,
MCOU,SC,66780021904,BYDUREON  ,2015,2,false,48.000,12,5762.91
MCOU,SC,00310652004,BYDUREON  ,2015,1,true,,,
FFSU,SC,00310653004,BYDUREON P,2015,1,true,,,
MCOU,SC,00310653004,BYDUREON P,2015,1,false,132.000,33,15631.40
MCOU,SC,66780021904,BYDUREON  ,2015,1,false,256.000,64,30483.19
FFSU,SD,00310652004,Bydureon 2,2015,4,true,,,
FFSU,SD,00310653004,Bydureon P,2015,4,false,60.000,15,7989.75
FFSU,SD,00310652004,Bydureon 2,2015,3,true,,,
FFSU,SD,00310653004,Bydureon P,2015,3,false,76.000,19,10006.92
FFSU,SD,00310652004,Bydureon 2,2015,2,true,,,
FFSU,SD,00310653004,Bydureon P,2015,2,true,,,
FFSU,SD,66780021904,BYDUREON  ,2015,2,true,,,
FFSU,SD,00310652004,Bydureon 2,2015,1,true,,,
FFSU,SD,00310653004,Bydureon P,2015,1,false,44.000,11,5322.86
FFSU,SD,66780021904,BYDUREON  ,2015,1,false,72.000,18,8753.28
FFSU,TN,00310652004,BYDUREON  ,2015,4,false,1426.000,358,182783.39
FFSU,TN,00310653004,BYDUREON P,2015,4,false,2432.000,608,311341.61
FFSU,TN,66780021904,BYDUREON  ,2015,4,true,,,
FFSU,TN,00310652004,Bydureon 2,2015,3,false,1357.000,340,173355.42
FFSU,TN,00310653004,Bydureon P,2015,3,false,1815.000,454,232930.33
FFSU,TN,66780021904,BYDUREON  ,2015,3,false,96.000,24,11625.24
FFSU,TN,00310652004,BYDUREON  ,2015,2,false,1288.000,323,154384.46
FFSU,TN,00310653004,BYDUREON P,2015,2,false,1397.000,350,165833.17
FFSU,TN,66780021904,BYDUREON  ,2015,2,false,516.000,129,61999.73
FFSU,TN,66780022601,BYDUREON  ,2015,2,true,,,
FFSU,TN,00310652004,Bydureon 2,2015,1,false,158.000,40,19248.02
FFSU,TN,00310653004,BYDUREON P,2015,1,false,796.000,199,93756.12
FFSU,TN,66780021904,BYDUREON  ,2015,1,false,1872.000,470,219309.57
FFSU,TX,00310652004,BYDUREON 2,2015,4,true,,,
MCOU,TX,00310652004,BYDUREON 2,2015,4,false,824.000,206,105087.46
FFSU,TX,00310653004,BYDUREON 2,2015,4,true,,,
MCOU,TX,00310653004,BYDUREON 2,2015,4,false,1144.000,286,142287.68
MCOU,TX,66780021904,BYDUREON 2,2015,4,true,,,
MCOU,TX,00310652004,BYDUREON 2,2015,3,false,1040.000,260,133246.98
FFSU,TX,00310652004,BYDUREON 2,2015,3,true,,,
MCOU,TX,00310653004,BYDUREON 2,2015,3,false,1144.000,286,142138.75
FFSU,TX,00310653004,BYDUREON 2,2015,3,true,,,
MCOU,TX,66780021904,BYDUREON 2,2015,3,false,84.000,21,10167.40
MCOU,TX,00310652004,BYDUREON 2,2015,2,false,1133.000,280,136893.81
FFSU,TX,00310652004,BYDUREON 2,2015,2,true,,,
MCOU,TX,00310653004,BYDUREON 2,2015,2,false,828.000,206,99378.87
FFSU,TX,00310653004,BYDUREON 2,2015,2,true,,,
MCOU,TX,66780021904,BYDUREON 2,2015,2,false,252.000,57,31611.34
MCOU,TX,00310652004,BYDUREON 2,2015,1,false,204.000,51,24855.12
FFSU,TX,00310653004,BYDUREON 2,2015,1,true,,,
MCOU,TX,00310653004,BYDUREON 2,2015,1,false,524.000,131,62195.65
FFSU,TX,66780021904,BYDUREON 2,2015,1,true,,,
MCOU,TX,66780021904,BYDUREON 2,2015,1,false,1272.000,318,153727.13
MCOU,UT,00310652004,Bydureon 2,2015,4,false,44.000,19,5726.62
FFSU,UT,00310653004,Bydureon P,2015,4,true,,,
MCOU,UT,00310653004,Bydureon P,2015,4,false,76.000,34,9998.46
MCOU,UT,00310652004,Bydureon 2,2015,3,false,44.000,13,5667.28
MCOU,UT,00310653004,Bydureon P,2015,3,false,84.000,27,10991.18
MCOU,UT,00310652004,Bydureon 2,2015,2,false,48.000,17,5853.00
MCOU,UT,00310653004,Bydureon P,2015,2,false,84.000,33,10316.75
MCOU,UT,00310652004,BYDUREON  ,2015,1,true,,,
MCOU,UT,00310653004,Bydureon P,2015,1,false,44.000,15,5372.77
MCOU,UT,66780021904,BYDUREON  ,2015,1,false,44.000,17,5298.01
FFSU,UT,66780021904,BYDUREON  ,2015,1,true,,,
MCOU,VA,00310652004,BYDUREON  ,2015,4,false,244.000,61,31512.68
FFSU,VA,00310653004,Bydureon P,2015,4,false,48.000,12,6404.61
MCOU,VA,00310653004,BYDUREON P,2015,4,false,316.000,79,41019.89
MCOU,VA,66780021904,BYDUREON  ,2015,4,true,,,
MCOU,VA,00310652004,BYDUREON  ,2015,3,false,236.000,59,30410.26
FFSU,VA,00310652004,Bydureon 2,2015,3,true,,,
MCOU,VA,00310653004,BYDUREON P,2015,3,false,376.000,94,48550.64
FFSU,VA,00310653004,Bydureon P,2015,3,true,,,
MCOU,VA,66780021904,BYDUREON  ,2015,3,true,,,
MCOU,VA,00310652004,BYDUREON  ,2015,2,false,272.000,68,31271.26
MCOU,VA,00310653004,BYDUREON P,2015,2,false,348.000,87,42329.27
FFSU,VA,00310653004,Bydureon P,2015,2,true,,,
MCOU,VA,66780021904,BYDUREON  ,2015,2,false,100.000,25,12214.20
FFSU,VA,66780021904,BYDUREON  ,2015,2,true,,,
MCOU,VA,00310652004,BYDUREON  ,2015,1,false,52.000,13,5679.72
FFSU,VA,00310653004,Bydureon P,2015,1,true,,,
MCOU,VA,00310653004,BYDUREON P,2015,1,false,160.000,40,19342.63
MCOU,VA,66780021904,BYDUREON  ,2015,1,false,360.000,90,42943.65
FFSU,VT,00310652004,Bydureon 2,2015,4,true,,,
FFSU,VT,00310653004,Bydureon P,2015,4,true,,,
FFSU,VT,00310652004,Bydureon 2,2015,3,true,,,
FFSU,VT,00310653004,Bydureon P,2015,3,true,,,
FFSU,VT,00310652004,Bydureon 2,2015,2,true,,,
FFSU,VT,00310653004,Bydureon P,2015,2,true,,,
FFSU,WA,00310652004,Bydureon 2,2015,4,true,,,
MCOU,WA,00310652004,Bydureon 2,2015,4,false,246.000,63,29367.07
FFSU,WA,00310653004,Bydureon P,2015,4,false,116.000,29,12623.68
MCOU,WA,00310653004,Bydureon P,2015,4,false,352.000,88,44706.09
MCOU,WA,66780021904,BYDUREON  ,2015,4,true,,,
FFSU,WA,00310652004,Bydureon 2,2015,3,true,,,
MCOU,WA,00310652004,Bydureon 2,2015,3,false,212.000,54,24267.60
FFSU,WA,00310653004,Bydureon P,2015,3,false,136.000,34,15520.86
MCOU,WA,00310653004,Bydureon P,2015,3,false,280.000,70,35180.18
MCOU,WA,66780021904,BYDUREON  ,2015,3,true,,,
FFSU,WA,00310652004,Bydureon 2,2015,2,true,,,
MCOU,WA,00310652004,Bydureon 2,2015,2,false,210.000,53,23673.59
FFSU,WA,00310653004,Bydureon P,2015,2,false,104.000,26,12118.58
MCOU,WA,00310653004,Bydureon P,2015,2,false,262.000,66,30808.12
MCOU,WA,66780021904,BYDUREON  ,2015,2,false,88.000,22,10508.95
MCOU,WA,00310652004,Bydureon 2,2015,1,true,,,
FFSU,WA,00310652004,Bydureon 2,2015,1,true,,,
MCOU,WA,00310653004,Bydureon P,2015,1,false,205.000,52,24071.49
FFSU,WA,00310653004,Bydureon P,2015,1,false,68.000,17,8145.29
MCOU,WA,66780021904,BYDUREON  ,2015,1,false,284.000,71,32514.11
FFSU,WA,66780021904,BYDUREON  ,2015,1,true,,,
MCOU,WI,00310652004,Bydureon 2,2015,4,true,,,
FFSU,WI,00310652004,Bydureon 2,2015,4,false,260.000,65,34470.07
FFSU,WI,00310653004,BYDUREON P,2015,4,false,2128.000,532,284385.47
MCOU,WI,00310653004,Bydureon P,2015,4,true,,,
FFSU,WI,66780021904,BYDUREON  ,2015,4,true,,,
FFSU,WI,00310652004,Bydureon 2,2015,3,false,220.000,55,28615.36
MCOU,WI,00310652004,Bydureon 2,2015,3,true,,,
MCOU,WI,00310653004,Bydureon P,2015,3,true,,,
FFSU,WI,00310653004,Bydureon P,2015,3,false,1036.000,257,137999.42
FFSU,WI,66780021904,BYDUREON  ,2015,3,true,,,
MCOU,WI,00310652004,Bydureon 2,2015,2,true,,,
FFSU,WI,00310652004,Bydureon 2,2015,2,true,,,
FFSU,WI,00310653004,Bydureon P,2015,2,true,,,
FFSU,WI,66780021904,BYDUREON  ,2015,2,true,,,
FFSU,WI,00310653004,Bydureon P,2015,1,true,,,
MCOU,WI,66780021904,BYDUREON  ,2015,1,true,,,
FFSU,WI,66780021904,BYDUREON  ,2015,1,true,,,
MCOU,WV,00310652004,BYDUREON  ,2015,4,false,120.000,30,19977.32
FFSU,WV,00310652004,BYDUREON  ,2015,4,false,48.000,12,6248.28
FFSU,WV,00310653004,BYDUREON P,2015,4,true,,,
MCOU,WV,00310653004,BYDUREON P,2015,4,false,72.000,18,11901.14
FFSU,WV,00310652004,BYDUREON 2,2015,3,false,122.000,32,15577.93
MCOU,WV,00310652004,BYDUREON  ,2015,3,true,,,
MCOU,WV,00310653004,BYDUREON P,2015,3,true,,,
FFSU,WV,00310653004,BYDUREON 2,2015,3,false,116.000,29,14755.88
FFSU,WV,66780021904,BYDUREON 2,2015,3,true,,,
FFSU,WV,00310652004,BYDUREON 2,2015,2,false,121.000,31,14686.84
MCOU,WV,00310652004,BYDUREON 2,2015,2,true,,,
FFSU,WV,00310653004,BYDUREON 2,2015,2,false,128.000,32,15411.76
MCOU,WV,00310653004,BYDUREON 2,2015,2,true,,,
FFSU,WV,66780021904,BYDUREON 2,2015,2,false,52.000,13,6312.82
MCOU,WV,66780021904,BYDUREON 2,2015,2,true,,,
FFSU,WV,00310652004,BYDUREON 2,2015,1,true,,,
MCOU,WV,00310653004,BYDUREON 2,2015,1,true,,,
FFSU,WV,00310653004,BYDUREON 2,2015,1,false,56.000,14,6660.00
FFSU,WV,66780021904,BYDUREON 2,2015,1,false,310.000,79,36702.40
MCOU,WV,66780021904,BYDUREON 2,2015,1,false,56.000,14,6964.97
FFSU,WY,00310653004,Bydureon P,2015,4,true,,,
FFSU,WY,00310653004,BYDUREON  ,2015,3,true,,,
FFSU,WY,00310653004,BYDUREON  ,2015,2,true,,,
FFSU,WY,00310653004,BYDUREON  ,2015,1,true,,,
FFSU,WY,66780021904,BYDUREON  ,2015,1,true,,,
FFSU,AK,00173086635,TANZEUM   ,2015,2,true,,,
FFSU,AK,00173086635,TANZEUM   ,2015,1,true,,,
FFSU,AL,00173086635,TANZEUM (A,2015,4,false,141.000,36,14037.90
FFSU,AL,00173086735,TANZEUM (A,2015,4,true,,,
FFSU,AL,00173086635,TANZEUM (A,2015,3,false,112.000,28,10100.72
FFSU,AL,00173086735,TANZEUM (A,2015,3,true,,,
FFSU,AL,00173086635,TANZEUM (A,2015,2,false,108.000,27,9731.56
FFSU,AL,00173086735,TANZEUM (A,2015,2,true,,,
FFSU,AL,00173086635,TANZEUM (A,2015,1,false,56.000,14,4712.40
FFSU,AL,00173086735,TANZEUM (A,2015,1,true,,,
FFSU,AR,00173086635,TANZEUM   ,2015,4,true,,,
FFSU,AR,00173086735,TANZEUM   ,2015,4,true,,,
FFSU,AR,00173086635,TANZEUM   ,2015,3,true,,,
MCOU,AZ,00173086635,TANZEUM   ,2015,4,false,384.000,96,37545.33
MCOU,AZ,00173086735,TANZEUM   ,2015,4,false,120.000,30,11868.78
MCOU,AZ,00173086635,TANZEUM   ,2015,3,false,180.000,45,16078.15
MCOU,AZ,00173086735,TANZEUM   ,2015,3,false,44.000,11,3937.75
MCOU,AZ,00173086635,TANZEUM   ,2015,2,true,,,
MCOU,AZ,00173086735,TANZEUM   ,2015,2,true,,,
FFSU,CA,00173086635,TANZEUM  A,2015,4,false,436.000,110,44757.69
MCOU,CA,00173086635,TANZEUM  A,2015,4,false,1455.000,375,153071.28
MCOU,CA,00173086735,TANZEUM  A,2015,4,false,445.000,112,46744.53
FFSU,CA,00173086735,TANZEUM  A,2015,4,false,172.000,39,15900.21
MCOU,CA,00173086635,TANZEUM  A,2015,3,false,787.000,199,74136.55
FFSU,CA,00173086635,TANZEUM  A,2015,3,false,379.000,99,33596.66
FFSU,CA,00173086735,TANZEUM  A,2015,3,false,92.000,23,7002.32
MCOU,CA,00173086735,TANZEUM  A,2015,3,false,261.000,66,24986.16
MCOU,CA,00173086635,TANZEUM  A,2015,2,false,436.000,107,41024.57
FFSU,CA,00173086635,TANZEUM  A,2015,2,false,210.000,54,18441.86
FFSU,CA,00173086735,TANZEUM  A,2015,2,false,77.000,20,5941.97
MCOU,CA,00173086735,TANZEUM  A,2015,2,false,88.000,22,8218.59
FFSU,CA,00173086635,TANZEUM  A,2015,1,false,86.000,23,7022.11
MCOU,CA,00173086635,TANZEUM  A,2015,1,false,148.000,37,12910.93
MCOU,CA,00173086735,TANZEUM  A,2015,1,true,,,
FFSU,CA,00173086735,TANZEUM  A,2015,1,false,44.000,11,3096.58
FFSU,CO,00173086635,TANZEUM 30,2015,4,false,68.000,15,7008.85
FFSU,CO,00173086735,TANZEUM 50,2015,4,true,,,
FFSU,CO,00173086635,TANZEUM 30,2015,3,true,,,
FFSU,CO,00173086735,TANZEUM 50,2015,3,true,,,
FFSU,CO,00173086635,TANZEUM 30,2015,2,true,,,
FFSU,CO,00173086735,TANZEUM 50,2015,2,true,,,
FFSU,CO,00173086635,TANZEUM 30,2015,1,true,,,
FFSU,CT,00173086635,TANZEUM (A,2015,4,false,443.000,95,44247.98
FFSU,CT,00173086735,TANZEUM (A,2015,4,false,152.000,27,15502.63
FFSU,CT,00173086635,TANZEUM (A,2015,3,false,313.000,61,27955.38
FFSU,CT,00173086735,TANZEUM (A,2015,3,false,87.000,15,7767.35
FFSU,CT,00173086635,TANZEUM (A,2015,2,false,64.000,16,5639.64
FFSU,CT,00173086735,TANZEUM (A,2015,2,true,,,
FFSU,CT,00173086635,TANZEUM (A,2015,1,false,52.000,13,4291.81
FFSU,CT,00173086735,TANZEUM (A,2015,1,true,,,
MCOU,DC,00173086635,TANZEUM 30,2015,4,true,,,
MCOU,DE,00173086635,TANZEUM (A,2015,4,false,128.000,32,13347.01
MCOU,DE,00173086735,TANZEUM (A,2015,4,false,44.000,11,4584.59
MCOU,DE,00173086635,TANZEUM (A,2015,3,false,48.000,12,4382.60
MCOU,DE,00173086735,TANZEUM (A,2015,3,true,,,
MCOU,DE,00173086635,TANZEUM (A,2015,2,true,,,
MCOU,DE,00173086635,TANZEUM (A,2015,1,true,,,
MCOU,FL,00173086635,TANZEUM   ,2015,4,false,132.000,33,13046.55
MCOU,FL,00173086735,TANZEUM   ,2015,4,true,,,
MCOU,FL,00173086635,TANZEUM   ,2015,3,false,120.000,30,10763.99
MCOU,FL,00173086735,TANZEUM   ,2015,3,false,44.000,11,3904.39
MCOU,FL,00173086635,TANZEUM   ,2015,2,false,79.000,20,6960.94
MCOU,FL,00173086735,TANZEUM   ,2015,2,true,,,
MCOU,FL,00173086635,TANZEUM   ,2015,1,true,,,
MCOU,FL,00173086735,TANZEUM   ,2015,1,true,,,
MCOU,GA,00173086635,TANZEUM (A,2015,4,false,68.000,17,6839.91
FFSU,GA,00173086635,TANZEUM (A,2015,4,false,151.000,40,15741.31
FFSU,GA,00173086735,TANZEUM (A,2015,4,false,44.000,11,4512.85
MCOU,GA,00173086735,TANZEUM (A,2015,4,true,,,
MCOU,GA,00173086635,TANZEUM (A,2015,3,true,,,
FFSU,GA,00173086635,TANZEUM (A,2015,3,false,49.000,13,4478.03
FFSU,GA,00173086735,TANZEUM (A,2015,3,true,,,
MCOU,GA,00173086735,TANZEUM (A,2015,3,true,,,
MCOU,GA,00173086735,TANZEUM (A,2015,2,true,,,
FFSU,GA,00173086735,TANZEUM (A,2015,2,true,,,
MCOU,GA,00173086635,TANZEUM (A,2015,1,true,,,
FFSU,GA,00173086635,TANZEUM (A,2015,1,true,,,
MCOU,GA,00173086735,TANZEUM (A,2015,1,true,,,
MCOU,HI,00173086635,TANZEUM 30,2015,4,false,538.000,135,52993.86
MCOU,HI,00173086735,TANZEUM 50,2015,4,false,395.000,101,40214.69
MCOU,HI,00173086635,TANZEUM 30,2015,3,false,436.000,109,37410.95
MCOU,HI,00173086735,TANZEUM 50,2015,3,false,210.000,54,19118.32
MCOU,HI,00173086635,TANZEUM 30,2015,2,false,52.000,13,4701.29
MCOU,HI,00173086635,TANZEUM 30,2015,1,true,,,
FFSU,IA,00173086635,TANZEUM (A,2015,4,false,634.000,159,64131.18
FFSU,IA,00173086735,TANZEUM (A,2015,4,false,328.000,82,32395.80
FFSU,IA,00173086635,TANZEUM (A,2015,3,false,320.000,83,28752.55
FFSU,IA,00173086735,TANZEUM (A,2015,3,false,120.000,30,10084.48
FFSU,IA,00173086635,TANZEUM (A,2015,2,false,60.000,15,5185.42
FFSU,IA,00173086735,TANZEUM (A,2015,2,true,,,
FFSU,ID,00173086635,TANZEUM   ,2015,4,false,101.000,26,10382.98
FFSU,ID,00173086735,TANZEUM   ,2015,4,false,48.000,12,4882.08
FFSU,ID,00173086635,TANZEUM   ,2015,3,true,,,
FFSU,ID,00173086735,TANZEUM   ,2015,3,true,,,
FFSU,ID,00173086635,TANZEUM   ,2015,2,true,,,
MCOU,IL,00173086635,TANZEUM (A,2015,4,false,112.000,28,10805.12
MCOU,IL,00173086735,TANZEUM (A,2015,4,false,100.000,25,9524.92
FFSU,IL,00173086635,TANZEUM (A,2015,3,true,,,
MCOU,IL,00173086635,TANZEUM (A,2015,3,false,120.000,30,10398.43
MCOU,IL,00173086735,TANZEUM (A,2015,3,true,,,
MCOU,IL,00173086635,TANZEUM (A,2015,2,true,,,
MCOU,IL,00173086735,TANZEUM (A,2015,2,true,,,
FFSU,IL,00173086635,TANZEUM (A,2015,1,true,,,
MCOU,IL,00173086635,TANZEUM (A,2015,1,true,,,
MCOU,IN,00173086635,TANZEUM (A,2015,4,false,1327.000,337,132465.01
FFSU,IN,00173086635,TANZEUM (A,2015,4,false,84.000,21,8641.44
FFSU,IN,00173086735,TANZEUM (A,2015,4,false,72.000,18,7347.60
MCOU,IN,00173086735,TANZEUM (A,2015,4,false,574.000,147,57881.27
MCOU,IN,00173086635,TANZEUM (A,2015,3,false,835.000,212,75468.79
FFSU,IN,00173086635,TANZEUM (A,2015,3,false,92.000,23,8323.02
FFSU,IN,00173086735,TANZEUM (A,2015,3,true,,,
MCOU,IN,00173086735,TANZEUM (A,2015,3,false,363.000,97,32844.06
FFSU,IN,00173086635,TANZEUM (A,2015,2,false,241.000,53,21152.22
MCOU,IN,00173086635,TANZEUM (A,2015,2,false,262.000,68,23251.15
MCOU,IN,00173086735,TANZEUM (A,2015,2,false,94.000,25,8230.98
FFSU,IN,00173086735,TANZEUM (A,2015,2,false,116.000,29,9643.65
FFSU,IN,00173086635,TANZEUM (A,2015,1,false,300.000,67,24900.10
MCOU,IN,00173086635,TANZEUM (A,2015,1,true,,,
MCOU,IN,00173086735,TANZEUM (A,2015,1,true,,,
FFSU,IN,00173086735,TANZEUM (A,2015,1,false,84.000,19,6974.06
MCOU,KS,00173086635,TANZEUM (A,2015,4,true,,,
MCOU,KS,00173086735,TANZEUM (A,2015,4,true,,,
MCOU,KS,00173086635,TANZEUM (A,2015,3,true,,,
MCOU,KS,00173086635,TANZEUM (A,2015,2,true,,,
MCOU,KS,00173086635,TANZEUM (A,2015,1,true,,,
MCOU,KY,00173086635,TANZEUM   ,2015,4,false,362.000,91,37538.71
MCOU,KY,00173086735,TANZEUM   ,2015,4,false,122.000,32,12722.51
MCOU,KY,00173086635,TANZEUM   ,2015,3,false,181.000,46,16434.76
MCOU,KY,00173086735,TANZEUM   ,2015,3,false,74.000,20,6760.69
MCOU,KY,00173086635,TANZEUM   ,2015,2,false,173.000,44,15430.65
MCOU,KY,00173086735,TANZEUM   ,2015,2,false,60.000,15,5389.34
MCOU,KY,00173086635,TANZEUM   ,2015,1,false,80.000,20,6696.35
MCOU,LA,00173086635,TANZEUM   ,2015,4,false,256.000,64,26068.69
MCOU,LA,00173086735,TANZEUM   ,2015,4,false,146.000,39,14954.98
MCOU,LA,00173086635,TANZEUM   ,2015,3,false,227.000,59,20346.76
MCOU,LA,00173086735,TANZEUM   ,2015,3,false,52.000,13,4666.18
FFSU,LA,00173086635,TANZEUM   ,2015,2,true,,,
MCOU,LA,00173086635,TANZEUM   ,2015,2,false,49.000,13,4402.05
MCOU,LA,00173086735,TANZEUM   ,2015,2,true,,,
MCOU,LA,00173086635,TANZEUM   ,2015,1,true,,,
FFSU,LA,00173086635,TANZEUM   ,2015,1,true,,,
MCOU,MA,00173086635,TANZEUM 30,2015,4,false,180.000,41,17945.19
FFSU,MA,00173086635,TANZEUM 30,2015,4,false,84.000,21,8504.67
FFSU,MA,00173086735,TANZEUM 50,2015,4,true,,,
MCOU,MA,00173086735,TANZEUM 50,2015,4,true,,,
MCOU,MA,00173086635,TANZEUM 30,2015,3,false,84.000,19,7504.44
FFSU,MA,00173086635,TANZEUM 30,2015,3,false,48.000,14,4346.24
FFSU,MA,00173086735,TANZEUM 50,2015,3,true,,,
MCOU,MA,00173086735,TANZEUM 50,2015,3,true,,,
MCOU,MA,00173086635,TANZEUM 30,2015,2,false,60.000,15,5318.97
FFSU,MA,00173086635,TANZEUM 30,2015,2,true,,,
MCOU,MA,00173086735,TANZEUM 50,2015,2,true,,,
FFSU,MA,00173086735,TANZEUM 50,2015,2,true,,,
MCOU,MA,00173086635,TANZEUM 30,2015,1,true,,,
FFSU,MA,00173086635,TANZEUM 30,2015,1,true,,,
MCOU,MD,00173086635,TANZEUM 30,2015,4,false,655.000,167,67185.51
MCOU,MD,00173086735,TANZEUM 50,2015,4,false,364.000,92,37487.37
MCOU,MD,00173086635,TANZEUM 30,2015,3,false,562.000,143,50149.49
FFSU,MD,00173086635,TANZEUM 30,2015,3,true,,,
MCOU,MD,00173086735,TANZEUM 50,2015,3,false,157.000,40,14058.48
MCOU,MD,00173086635,TANZEUM 30,2015,2,false,197.000,51,17395.52
FFSU,MD,00173086735,TANZEUM 50,2015,2,true,,,
MCOU,MD,00173086735,TANZEUM 50,2015,2,false,68.000,17,6036.95
MCOU,MD,00173086635,TANZEUM 30,2015,1,false,81.000,21,6718.83
FFSU,MD,00173086635,TANZEUM 30,2015,1,true,,,
FFSU,MD,00173086735,TANZEUM 50,2015,1,true,,,
MCOU,MD,00173086735,TANZEUM 50,2015,1,true,,,
FFSU,ME,00173086635,TANZEUM   ,2015,4,false,88.000,22,8909.45
FFSU,ME,00173086735,TANZEUM   ,2015,4,true,,,
FFSU,ME,00173086635,TANZEUM   ,2015,3,false,52.000,13,4672.37
FFSU,ME,00173086735,TANZEUM   ,2015,3,true,,,
FFSU,ME,00173086635,TANZEUM   ,2015,2,true,,,
FFSU,MI,00173086635,TANZEUM   ,2015,4,true,,,
MCOU,MI,00173086635,TANZEUM   ,2015,4,false,226.000,59,22818.14
MCOU,MI,00173086735,TANZEUM   ,2015,4,false,104.000,26,10516.75
FFSU,MI,00173086735,TANZEUM   ,2015,4,true,,,
MCOU,MI,00173086635,TANZEUM   ,2015,3,false,122.000,32,10993.79
MCOU,MI,00173086735,TANZEUM   ,2015,3,true,,,
FFSU,MI,00173086735,TANZEUM   ,2015,3,true,,,
MCOU,MI,00173086635,TANZEUM   ,2015,2,true,,,
FFSU,MI,00173086635,TANZEUM   ,2015,2,true,,,
MCOU,MI,00173086735,TANZEUM   ,2015,2,true,,,
MCOU,MI,00173086635,TANZEUM   ,2015,1,true,,,
MCOU,MN,00173086635,TANZEUM   ,2015,4,true,,,
MCOU,MN,00173086635,TANZEUM   ,2015,3,true,,,
FFSU,MN,00173086635,TANZEUM   ,2015,2,true,,,
MCOU,MN,00173086635,TANZEUM   ,2015,2,true,,,
FFSU,MO,00173086635,TANZEUM   ,2015,4,false,112.000,28,12235.04
FFSU,MO,00173086735,TANZEUM   ,2015,4,false,88.000,22,9660.83
FFSU,MO,00173086635,TANZEUM   ,2015,3,false,144.000,36,14323.81
FFSU,MO,00173086735,TANZEUM   ,2015,3,false,68.000,17,6808.33
FFSU,MO,00173086635,TANZEUM   ,2015,2,false,108.000,27,10358.20
FFSU,MO,00173086735,TANZEUM   ,2015,2,true,,,
FFSU,MO,00173086635,TANZEUM   ,2015,1,false,116.000,29,10581.84
FFSU,MO,00173086735,TANZEUM   ,2015,1,true,,,
FFSU,MS,00173086635,TANZEUM 30,2015,4,true,,,
MCOU,MS,00173086635,TANZEUM 30,2015,4,false,224.000,56,24120.56
MCOU,MS,00173086735,TANZEUM 50,2015,4,false,157.000,40,16901.20
FFSU,MS,00173086735,TANZEUM 50,2015,4,true,,,
FFSU,MS,00173086635,TANZEUM 30,2015,3,true,,,
MCOU,MS,00173086635,TANZEUM 30,2015,3,true,,,
FFSU,MS,00173086635,TANZEUM 30,2015,2,true,,,
MCOU,MS,00173086635,TANZEUM 30,2015,2,true,,,
MCOU,MS,00173086735,TANZEUM 50,2015,2,true,,,
MCOU,MS,00173086635,TANZEUM 30,2015,1,true,,,
FFSU,MS,00173086635,TANZEUM 30,2015,1,true,,,
MCOU,MS,00173086735,TANZEUM 50,2015,1,true,,,
FFSU,MT,00173086635,TANZEUM 30,2015,4,false,48.000,14,5019.86
FFSU,MT,00173086735,TANZEUM 50,2015,4,true,,,
FFSU,MT,00173086635,TANZEUM 30,2015,3,true,,,
FFSU,MT,00173086735,TANZEUM 50,2015,3,true,,,
FFSU,MT,00173086635,TANZEUM 30,2015,2,true,,,
FFSU,XX,00173086635,TANZEUM (A,2015,4,false,3716.000,919,378243.91
MCOU,XX,00173086635,TANZEUM (A,2015,4,false,13321.000,3367,1349210.42
FFSU,XX,00173086735,TANZEUM (A,2015,4,false,1697.000,409,171881.41
MCOU,XX,00173086735,TANZEUM (A,2015,4,false,5918.000,1504,602933.07
MCOU,XX,00173086601,TANZEUM (A,2015,3,true,,,
FFSU,XX,00173086635,TANZEUM (A,2015,3,false,2253.000,555,203441.29
MCOU,XX,00173086635,TANZEUM (A,2015,3,false,8515.000,2146,753202.53
FFSU,XX,00173086735,TANZEUM (A,2015,3,false,798.000,195,70001.50
MCOU,XX,00173086735,TANZEUM (A,2015,3,false,3222.000,825,284893.19
FFSU,XX,00173086635,TANZEUM (A,2015,2,false,1187.000,289,103399.79
MCOU,XX,00173086635,TANZEUM (A,2015,2,false,3973.000,1000,354394.32
FFSU,XX,00173086735,TANZEUM (A,2015,2,false,360.000,92,30762.66
MCOU,XX,00173086735,TANZEUM (A,2015,2,false,1276.000,320,112895.61
FFSU,XX,00173086635,TANZEUM (A,2015,1,false,902.000,218,74728.75
MCOU,XX,00173086635,TANZEUM (A,2015,1,false,1086.000,281,88721.44
FFSU,XX,00173086735,TANZEUM (A,2015,1,false,212.000,51,17323.31
MCOU,XX,00173086735,TANZEUM (A,2015,1,false,214.000,54,17806.83
FFSU,NC,00173086635,TANZEUM   ,2015,4,false,420.000,105,43238.92
FFSU,NC,00173086735,TANZEUM   ,2015,4,false,162.000,42,16755.23
FFSU,NC,00173086635,TANZEUM   ,2015,3,false,84.000,21,7319.03
FFSU,NC,00173086735,TANZEUM   ,2015,3,false,38.000,11,3452.87
FFSU,NC,00173086635,TANZEUM   ,2015,2,true,,,
FFSU,NC,00173086735,TANZEUM   ,2015,2,true,,,
FFSU,NC,00173086635,TANZEUM   ,2015,1,true,,,
FFSU,NC,00173086735,TANZEUM   ,2015,1,true,,,
MCOU,ND,00173086635,TANZEUM 30,2015,4,true,,,
MCOU,ND,00173086635,TANZEUM 30,2015,3,true,,,
FFSU,ND,00173086635,TANZEUM 30,2015,1,true,,,
FFSU,NE,00173086635,TANZEUM (A,2015,4,false,57.000,15,6206.51
FFSU,NE,00173086735,TANZEUM (A,2015,4,true,,,
FFSU,NE,00173086635,TANZEUM (A,2015,3,true,,,
FFSU,NE,00173086735,TANZEUM (A,2015,3,true,,,
FFSU,NE,00173086635,TANZEUM (A,2015,2,true,,,
FFSU,NE,00173086635,TANZEUM (A,2015,1,true,,,
MCOU,NH,00173086635,TANZEUM   ,2015,4,true,,,
MCOU,NH,00173086735,TANZEUM   ,2015,4,true,,,
MCOU,NH,00173086635,TANZEUM   ,2015,3,true,,,
FFSU,NH,00173086735,TANZEUM   ,2015,3,true,,,
MCOU,NH,00173086635,TANZEUM   ,2015,2,true,,,
MCOU,NH,00173086635,TANZEUM   ,2015,1,true,,,
MCOU,NJ,00173086635,TANZEUM (A,2015,4,false,704.000,181,72092.83
FFSU,NJ,00173086635,TANZEUM (A,2015,4,true,,,
FFSU,NJ,00173086735,TANZEUM (A,2015,4,true,,,
MCOU,NJ,00173086735,TANZEUM (A,2015,4,false,316.000,79,32056.86
MCOU,NJ,00173086635,TANZEUM (A,2015,3,false,274.000,67,23330.50
FFSU,NJ,00173086635,TANZEUM (A,2015,3,true,,,
FFSU,NJ,00173086735,TANZEUM (A,2015,3,true,,,
MCOU,NJ,00173086735,TANZEUM (A,2015,3,false,124.000,31,11322.01
FFSU,NJ,00173086635,TANZEUM (A,2015,2,true,,,
MCOU,NJ,00173086635,TANZEUM (A,2015,2,false,66.000,18,5428.09
FFSU,NJ,00173086735,TANZEUM (A,2015,2,true,,,
MCOU,NJ,00173086735,TANZEUM (A,2015,2,true,,,
FFSU,NJ,00173086635,TANZEUM (A,2015,1,true,,,
MCOU,NJ,00173086635,TANZEUM (A,2015,1,false,50.000,14,4162.65
FFSU,NJ,00173086735,TANZEUM (A,2015,1,true,,,
MCOU,NM,00173086635,TANZEUM 30,2015,4,true,,,
MCOU,NM,00173086735,TANZEUM 50,2015,4,false,68.000,17,7154.97
MCOU,NM,00173086635,TANZEUM 30,2015,2,true,,,
MCOU,NM,00173086735,TANZEUM 50,2015,2,true,,,
MCOU,NM,00173086635,TANZEUM 30,2015,1,true,,,
MCOU,NM,00173086735,TANZEUM 50,2015,1,true,,,
MCOU,NV,00173086635,TANZEUM (A,2015,4,false,426.000,107,43494.52
FFSU,NV,00173086635,TANZEUM (A,2015,4,false,65.000,15,6642.76
FFSU,NV,00173086735,TANZEUM (A,2015,4,true,,,
MCOU,NV,00173086735,TANZEUM (A,2015,4,false,176.000,47,18000.87
MCOU,NV,00173086635,TANZEUM (A,2015,3,false,152.000,38,13746.03
FFSU,NV,00173086635,TANZEUM (A,2015,3,true,,,
MCOU,NV,00173086735,TANZEUM (A,2015,3,true,,,
MCOU,NV,00173086635,TANZEUM (A,2015,2,true,,,
FFSU,NV,00173086635,TANZEUM (A,2015,2,true,,,
FFSU,NV,00173086635,TANZEUM (A,2015,1,true,,,
MCOU,NY,00173086635,TANZEUM   ,2015,4,false,4376.000,1101,443194.13
FFSU,NY,00173086635,TANZEUM (A,2015,4,false,169.000,43,15922.38
FFSU,NY,00173086735,TANZEUM (A,2015,4,false,78.000,21,7866.09
MCOU,NY,00173086735,TANZEUM   ,2015,4,false,1883.000,481,191100.94
MCOU,NY,00173086635,TANZEUM (A,2015,3,false,3267.000,821,280240.61
FFSU,NY,00173086635,TANZEUM (A,2015,3,false,112.000,28,9653.56
FFSU,NY,00173086735,TANZEUM (A,2015,3,false,60.000,15,5352.70
MCOU,NY,00173086735,TANZEUM (A,2015,3,false,1402.000,357,119046.13
FFSU,NY,00173086635,TANZEUM (A,2015,2,false,56.000,14,4894.63
MCOU,NY,00173086635,TANZEUM (A,2015,2,false,1992.000,499,177171.28
MCOU,NY,00173086735,TANZEUM (A,2015,2,false,708.000,178,63012.38
FFSU,NY,00173086735,TANZEUM (A,2015,2,true,,,
MCOU,NY,00173086635,TANZEUM (A,2015,1,false,457.000,118,37412.17
FFSU,NY,00173086635,TANZEUM (A,2015,1,true,,,
MCOU,NY,00173086735,TANZEUM (A,2015,1,false,108.000,27,8850.52
MCOU,OH,00173086635,TANZEUM 30,2015,4,false,462.000,120,45402.64
FFSU,OH,00173086635,TANZEUM (A,2015,4,true,,,
FFSU,OH,00173086735,TANZEUM 50,2015,4,true,,,
MCOU,OH,00173086735,TANZEUM 50,2015,4,false,172.000,43,17136.34
MCOU,OH,00173086635,TANZEUM 30,2015,3,false,308.000,77,27584.28
FFSU,OH,00173086635,TANZEUM 30,2015,3,true,,,
FFSU,OH,00173086735,TANZEUM 50,2015,3,true,,,
MCOU,OH,00173086735,TANZEUM 50,2015,3,false,144.000,36,12895.84
MCOU,OH,00173086635,TANZEUM 30,2015,2,false,148.000,37,12970.22
FFSU,OH,00173086635,TANZEUM 30,2015,2,true,,,
FFSU,OH,00173086735,TANZEUM 50,2015,2,true,,,
MCOU,OH,00173086735,TANZEUM 50,2015,2,true,,,
MCOU,OH,00173086635,TANZEUM 30,2015,1,false,61.000,16,4754.31
FFSU,OH,00173086635,TANZEUM 30,2015,1,true,,,
FFSU,OH,00173086735,TANZEUM 50,2015,1,true,,,
FFSU,OK,00173086635,TANZEUM (A,2015,4,true,,,
FFSU,OK,00173086735,TANZEUM (A,2015,4,true,,,
FFSU,OK,00173086635,TANZEUM (A,2015,3,true,,,
FFSU,OK,00173086735,TANZEUM (A,2015,3,true,,,
FFSU,OK,00173086635,TANZEUM (A,2015,2,true,,,
FFSU,OK,00173086735,TANZEUM (A,2015,2,true,,,
FFSU,OK,00173086635,TANZEUM (A,2015,1,true,,,
FFSU,OR,00173086635,TANZEUM (A,2015,4,true,,,
MCOU,OR,00173086635,TANZEUM (A,2015,4,true,,,
MCOU,OR,00173086735,TANZEUM (A,2015,4,false,64.000,16,6440.00
FFSU,OR,00173086635,TANZEUM (A,2015,3,true,,,
MCOU,OR,00173086635,TANZEUM (A,2015,3,true,,,
MCOU,OR,00173086635,TANZEUM (A,2015,2,true,,,
FFSU,OR,00173086635,TANZEUM (A,2015,2,true,,,
FFSU,OR,00173086635,TANZEUM (A,2015,1,true,,,
MCOU,OR,00173086635,TANZEUM (A,2015,1,true,,,
MCOU,PA,00173086635,TANZEUM 30,2015,4,false,469.000,115,45017.60
FFSU,PA,00173086635,TANZEUM 30,2015,4,true,,,
MCOU,PA,00173086735,TANZEUM 50,2015,4,false,144.000,34,14029.18
MCOU,PA,00173086601,TANZEUM (A,2015,3,true,,,
MCOU,PA,00173086635,TANZEUM 30,2015,3,false,293.000,75,26284.26
FFSU,PA,00173086635,TANZEUM 30,2015,3,true,,,
MCOU,PA,00173086735,TANZEUM 50,2015,3,false,48.000,12,4267.83
MCOU,PA,00173086635,TANZEUM 30,2015,2,false,180.000,45,15467.49
FFSU,PA,00173086635,TANZEUM 30,2015,2,true,,,
MCOU,PA,00173086735,TANZEUM 50,2015,2,true,,,
MCOU,PA,00173086635,TANZEUM 30,2015,1,true,,,
FFSU,PA,00173086635,TANZEUM 30,2015,1,true,,,
FFSU,PA,00173086735,TANZEUM 50,2015,1,true,,,
MCOU,RI,00173086635,TANZEUM (A,2015,1,true,,,
FFSU,SC,00173086635,TANZEUM   ,2015,4,true,,,
MCOU,SC,00173086635,TANZEUM   ,2015,4,false,49.000,13,3892.21
FFSU,SC,00173086735,TANZEUM   ,2015,4,true,,,
MCOU,SC,00173086735,TANZEUM   ,2015,4,true,,,
FFSU,SC,00173086635,TANZEUM   ,2015,3,true,,,
MCOU,SC,00173086635,TANZEUM   ,2015,3,true,,,
MCOU,SC,00173086735,TANZEUM   ,2015,3,true,,,
MCOU,SC,00173086635,TANZEUM   ,2015,2,true,,,
MCOU,SC,00173086735,TANZEUM   ,2015,2,true,,,
FFSU,SD,00173086635,TANZEUM (A,2015,4,true,,,
FFSU,SD,00173086735,TANZEUM (A,2015,4,true,,,
FFSU,SD,00173086635,TANZEUM (A,2015,3,true,,,
FFSU,SD,00173086735,TANZEUM (A,2015,3,true,,,
FFSU,SD,00173086635,TANZEUM (A,2015,2,true,,,
FFSU,SD,00173086735,TANZEUM (A,2015,2,true,,,
FFSU,SD,00173086635,TANZEUM (A,2015,1,true,,,
FFSU,SD,00173086735,TANZEUM (A,2015,1,true,,,
FFSU,TN,00173086635,TANZEUM   ,2015,4,true,,,
FFSU,TN,00173086635,TANZEUM   ,2015,3,true,,,
FFSU,TN,00173086635,TANZEUM   ,2015,2,true,,,
FFSU,TN,00173086635,TANZEUM   ,2015,1,true,,,
MCOU,TX,00173086635,TANZEUM 30,2015,4,false,223.000,57,22380.32
MCOU,TX,00173086735,TANZEUM 50,2015,4,false,86.000,22,8790.45
FFSU,TX,00173086735,TANZEUM 50,2015,4,true,,,
MCOU,TX,00173086635,TANZEUM 30,2015,3,false,159.000,42,15129.81
FFSU,TX,00173086635,TANZEUM 30,2015,3,true,,,
FFSU,TX,00173086735,TANZEUM 50,2015,3,true,,,
MCOU,TX,00173086735,TANZEUM 50,2015,3,false,64.000,16,5808.70
MCOU,TX,00173086635,TANZEUM 30,2015,2,false,69.000,16,6092.59
MCOU,TX,00173086735,TANZEUM 50,2015,2,true,,,
FFSU,UT,00173086735,TANZEUM (A,2015,4,true,,,
MCOU,UT,00173086635,TANZEUM (A,2015,3,true,,,
MCOU,VA,00173086635,TANZEUM   ,2015,4,false,305.000,77,31836.51
MCOU,VA,00173086735,TANZEUM   ,2015,4,false,164.000,41,17061.28
MCOU,VA,00173086635,TANZEUM   ,2015,3,false,144.000,36,13185.97
MCOU,VA,00173086735,TANZEUM (A,2015,3,false,44.000,11,4048.51
MCOU,VA,00173086635,TANZEUM (A,2015,2,true,,,
MCOU,VA,00173086735,TANZEUM (A,2015,2,true,,,
MCOU,VA,00173086735,TANZEUM (A,2015,1,true,,,
FFSU,VT,00173086635,TANZEUM (A,2015,4,false,52.000,11,5351.60
FFSU,VT,00173086735,TANZEUM (A,2015,4,true,,,
FFSU,VT,00173086635,TANZEUM (A,2015,3,false,52.000,11,4765.90
FFSU,VT,00173086635,TANZEUM (A,2015,2,true,,,
FFSU,VT,00173086635,TANZEUM (A,2015,1,true,,,
MCOU,WA,00173086635,TANZEUM (A,2015,4,false,116.000,29,11580.81
MCOU,WA,00173086735,TANZEUM (A,2015,4,false,100.000,25,10233.53
MCOU,WA,00173086635,TANZEUM (A,2015,3,false,104.000,26,9384.04
MCOU,WA,00173086735,TANZEUM (A,2015,3,false,44.000,11,3970.60
MCOU,WA,00173086635,TANZEUM (A,2015,2,true,,,
FFSU,WA,00173086635,TANZEUM (A,2015,2,true,,,
MCOU,WA,00173086735,TANZEUM (A,2015,2,true,,,
FFSU,WA,00173086635,TANZEUM (A,2015,1,true,,,
MCOU,WA,00173086635,TANZEUM (A,2015,1,true,,,
FFSU,WI,00173086635,TANZEUM (A,2015,4,false,346.000,88,36575.45
FFSU,WI,00173086735,TANZEUM (A,2015,4,false,212.000,53,21912.45
FFSU,WI,00173086635,TANZEUM (A,2015,3,false,156.000,39,14405.41
FFSU,WI,00173086735,TANZEUM (A,2015,3,false,104.000,26,9512.10
FFSU,WI,00173086635,TANZEUM (A,2015,2,true,,,
FFSU,WI,00173086735,TANZEUM (A,2015,2,true,,,
FFSU,WV,00173086635,TANZEUM   ,2015,4,true,,,
MCOU,WV,00173086635,TANZEUM   ,2015,4,true,,,
FFSU,WV,00173086735,TANZEUM   ,2015,4,true,,,
FFSU,WV,00173086635,TANZEUM 30,2015,3,true,,,
FFSU,WV,00173086635,TANZEUM 30,2015,2,true,,,
FFSU,WV,00173086635,TANZEUM 30,2015,1,true,,,
FFSU,WY,00173086635,TANZEUM (A,2015,4,true,,,
FFSU,WY,00173086735,TANZEUM (A,2015,4,true,,,
FFSU,WY,00173086635,TANZEUM   ,2015,3,true,,,
FFSU,WY,00173086735,TANZEUM   ,2015,3,true,,,
FFSU,WY,00173086635,TANZEUM   ,2015,2,true,,,
FFSU,WY,00173086735,TANZEUM   ,2015,2,true,,,
FFSU,WY,00173086635,TANZEUM   ,2015,1,true,,,
