utilization_type,state,ndc,product_name,year,quarter,suppression_used,units_reimbursed,number_of_prescriptions,total_amount_reimbursed
FFSU,AK,00169413013,OZEMPIC   ,2021,4,false,2383.000,705,619793.39
FFSU,AK,00169413212,OZEMPIC   ,2021,4,false,1294.500,804,676022.53
FFSU,AK,00169413602,OZEMPIC   ,2021,4,true,,,
FFSU,AK,00169413013,OZEMPIC   ,2021,3,false,1983.000,582,513337.48
FFSU,AK,00169413212,OZEMPIC   ,2021,3,false,1092.000,667,568494.21
FFSU,AK,00169413602,OZEMPIC   ,2021,3,false,90.000,28,24152.78
FFSU,AK,00169413013,OZEMPIC   ,2021,2,false,651.000,179,169098.41
FFSU,AK,00169413212,OZEMPIC   ,2021,2,false,880.500,526,455770.98
FFSU,AK,00169413602,OZEMPIC   ,2021,2,false,1024.500,305,267510.89
FFSU,AK,00169413013,OZEMPIC   ,2021,1,true,,,
FFSU,AK,00169413212,OZEMPIC   ,2021,1,false,787.500,482,401467.03
FFSU,AK,00169413602,OZEMPIC   ,2021,1,false,1333.500,390,339588.68
FFSU,AL,00169413001,OZEMPIC 1M,2021,4,true,,,
FFSU,AL,00169413013,OZEMPIC 1M,2021,4,false,1695.000,556,475138.37
FFSU,AL,00169413211,OZEMPIC 0.,2021,4,true,,,
FFSU,AL,00169413212,OZEMPIC 0.,2021,4,false,1431.000,951,813618.41
FFSU,AL,00169413602,OZEMPIC 1M,2021,4,false,145.500,49,40502.82
FFSU,AL,00169413013,OZEMPIC 1M,2021,3,false,753.000,250,209516.38
FFSU,AL,00169413211,OZEMPIC 0.,2021,3,true,,,
FFSU,AL,00169413212,OZEMPIC 0.,2021,3,false,1020.000,674,582524.35
FFSU,AL,00169413602,OZEMPIC 1M,2021,3,false,400.500,132,113125.18
FFSU,AL,00169413013,OZEMPIC 1M,2021,2,false,195.000,65,53831.05
FFSU,AL,00169413212,OZEMPIC 0.,2021,2,false,1125.000,749,641241.72
FFSU,AL,00169413602,OZEMPIC 1M,2021,2,false,1114.500,374,313058.67
FFSU,AL,00169413212,OZEMPIC 0.,2021,1,false,1086.250,725,601873.54
FFSU,AL,00169413602,OZEMPIC 1M,2021,1,false,1224.000,412,340182.59
FFSU,AR,00169413013,OZEMPIC   ,2021,4,true,,,
MCOU,AR,00169413013,OZEMPIC   ,2021,4,false,33.000,11,9318.54
FFSU,AR,00169413212,OZEMPIC   ,2021,4,true,,,
MCOU,AR,00169413212,OZEMPIC   ,2021,4,false,25.500,17,14335.18
FFSU,AR,00169413013,OZEMPIC   ,2021,3,true,,,
MCOU,AR,00169413013,OZEMPIC   ,2021,3,true,,,
MCOU,AR,00169413212,OZEMPIC   ,2021,3,false,19.500,13,10948.60
FFSU,AR,00169413212,OZEMPIC   ,2021,3,true,,,
MCOU,AR,00169413602,OZEMPIC   ,2021,3,true,,,
FFSU,AR,00169413602,OZEMPIC   ,2021,3,true,,,
FFSU,AR,00169413212,OZEMPIC   ,2021,2,true,,,
MCOU,AR,00169413212,OZEMPIC   ,2021,2,true,,,
FFSU,AR,00169413602,OZEMPIC   ,2021,2,true,,,
MCOU,AR,00169413602,OZEMPIC   ,2021,2,true,,,
MCOU,AR,00169413212,OZEMPIC   ,2021,1,true,,,
FFSU,AR,00169413212,OZEMPIC   ,2021,1,true,,,
MCOU,AR,00169413602,OZEMPIC   ,2021,1,true,,,
FFSU,AR,00169413602,OZEMPIC   ,2021,1,true,,,
MCOU,AZ,00169413001,OZEMPIC   ,2021,4,true,,,
MCOU,AZ,00169413013,OZEMPIC   ,2021,4,false,570.000,153,156488.55
FFSU,AZ,00169413013,OZEMPIC   ,2021,4,true,,,
MCOU,AZ,00169413212,OZEMPIC   ,2021,4,false,234.000,142,129309.87
FFSU,AZ,00169413212,OZEMPIC   ,2021,4,false,36.000,24,16911.36
MCOU,AZ,00169413602,OZEMPIC   ,2021,4,true,,,
FFSU,AZ,00169413602,OZEMPIC   ,2021,4,true,,,
FFSU,AZ,00169413013,OZEMPIC   ,2021,3,true,,,
MCOU,AZ,00169413013,OZEMPIC   ,2021,3,false,384.000,98,104824.38
FFSU,AZ,00169413212,OZEMPIC   ,2021,3,false,49.500,33,22893.96
MCOU,AZ,00169413212,OZEMPIC   ,2021,3,false,193.500,116,106634.05
FFSU,AZ,00169413602,OZEMPIC   ,2021,3,true,,,
MCOU,AZ,00169413602,OZEMPIC   ,2021,3,false,57.000,17,15714.99
MCOU,AZ,00169413013,OZEMPIC   ,2021,2,false,99.000,22,27384.47
FFSU,AZ,00169413212,OZEMPIC   ,2021,2,true,,,
MCOU,AZ,00169413212,OZEMPIC   ,2021,2,false,174.000,94,95882.93
FFSU,AZ,00169413602,OZEMPIC   ,2021,2,true,,,
MCOU,AZ,00169413602,OZEMPIC   ,2021,2,false,300.000,82,82390.57
MCOU,AZ,00169413013,OZEMPIC   ,2021,1,true,,,
MCOU,AZ,00169413212,OZEMPIC   ,2021,1,false,157.500,87,86102.06
FFSU,AZ,00169413212,OZEMPIC   ,2021,1,true,,,
MCOU,AZ,00169413602,OZEMPIC   ,2021,1,false,346.500,96,94111.10
FFSU,AZ,00169413602,OZEMPIC   ,2021,1,true,,,
FFSU,CA,00169413001,OZEMPIC 1M,2021,4,true,,,
MCOU,CA,00169413001,OZEMPIC 1M,2021,4,true,,,
FFSU,CA,00169413013,OZEMPIC 1M,2021,4,false,6003.000,1635,1688344.24
MCOU,CA,00169413013,OZEMPIC 1M,2021,4,false,29912.000,8627,8194643.59
MCOU,CA,00169413211,OZEMPIC 0.,2021,4,true,,,
FFSU,CA,00169413211,OZEMPIC 0.,2021,4,true,,,
FFSU,CA,00169413212,OZEMPIC 0.,2021,4,false,4147.500,2346,2326742.36
MCOU,CA,00169413212,OZEMPIC 0.,2021,4,false,23552.000,13585,12826957.46
FFSU,CA,00169413602,OZEMPIC 1M,2021,4,false,208.500,65,60427.36
MCOU,CA,00169413602,OZEMPIC 1M,2021,4,false,1306.500,394,356239.97
MCOU,CA,00169413001,OZEMPIC 1M,2021,3,true,,,
FFSU,CA,00169413001,OZEMPIC 1M,2021,3,true,,,
FFSU,CA,00169413013,OZEMPIC 1M,2021,3,false,4402.000,1219,1249923.93
MCOU,CA,00169413013,OZEMPIC 1M,2021,3,false,23395.000,6646,6472278.32
MCOU,CA,00169413211,OZEMPIC 0.,2021,3,true,,,
FFSU,CA,00169413211,OZEMPIC 0.,2021,3,true,,,
FFSU,CA,00169413212,OZEMPIC 0.,2021,3,false,3637.500,2125,2026096.99
MCOU,CA,00169413212,OZEMPIC 0.,2021,3,false,21807.000,12544,11904290.83
MCOU,CA,00169413602,OZEMPIC 1M,2021,3,false,3420.000,1002,930952.48
FFSU,CA,00169413602,OZEMPIC 1M,2021,3,false,637.500,204,180575.53
MCOU,CA,00169413611,OZEMPIC 1M,2021,3,true,,,
FFSU,CA,00169413001,OZEMPIC 1M,2021,2,true,,,
FFSU,CA,00169413013,OZEMPIC 1M,2021,2,false,769.000,210,217668.20
MCOU,CA,00169413013,OZEMPIC 1M,2021,2,false,4749.000,1282,1268222.32
FFSU,CA,00169413211,OZEMPIC 0.,2021,2,true,,,
MCOU,CA,00169413211,OZEMPIC 0.,2021,2,false,24.000,15,12468.67
FFSU,CA,00169413212,OZEMPIC 0.,2021,2,false,2604.000,1536,1451101.51
MCOU,CA,00169413212,OZEMPIC 0.,2021,2,false,19759.000,11274,10825965.25
MCOU,CA,00169413602,OZEMPIC 1M,2021,2,false,19257.000,5522,5309361.23
FFSU,CA,00169413602,OZEMPIC 1M,2021,2,false,3051.000,911,862026.66
MCOU,CA,00169413611,OZEMPIC 1M,2021,2,false,48.000,16,13124.55
MCOU,CA,00169413013,OZEMPIC 1M,2021,1,true,,,
MCOU,CA,00169413211,OZEMPIC 0.,2021,1,true,,,
FFSU,CA,00169413211,OZEMPIC 0.,2021,1,true,,,
MCOU,CA,00169413212,OZEMPIC 0.,2021,1,false,17163.500,9812,9394219.54
FFSU,CA,00169413212,OZEMPIC 0.,2021,1,false,1656.750,985,908170.12
FFSU,CA,00169413602,OZEMPIC 1M,2021,1,false,2803.500,836,780163.61
MCOU,CA,00169413602,OZEMPIC 1M,2021,1,false,22337.000,6224,6082885.69
MCOU,CA,00169413611,OZEMPIC 1M,2021,1,false,45.000,15,9771.30
FFSU,CO,00169413013,OZEMPIC   ,2021,4,false,651.000,140,179226.60
MCOU,CO,00169413013,OZEMPIC   ,2021,4,false,57.000,19,15759.87
MCOU,CO,00169413212,OZEMPIC   ,2021,4,false,24.000,13,13224.61
FFSU,CO,00169413212,OZEMPIC   ,2021,4,false,304.500,163,165302.36
FFSU,CO,00169413602,OZEMPIC   ,2021,4,true,,,
FFSU,CO,00169413013,OZEMPIC   ,2021,3,false,483.000,109,133385.70
MCOU,CO,00169413013,OZEMPIC   ,2021,3,false,57.000,19,15805.77
MCOU,CO,00169413212,OZEMPIC   ,2021,3,false,34.500,18,18966.38
FFSU,CO,00169413212,OZEMPIC   ,2021,3,false,275.000,141,150957.25
MCOU,CO,00169413602,OZEMPIC   ,2021,3,true,,,
FFSU,CO,00169413602,OZEMPIC   ,2021,3,false,59.000,14,16203.85
FFSU,CO,00169413013,OZEMPIC   ,2021,2,false,96.000,17,26589.19
MCOU,CO,00169413013,OZEMPIC   ,2021,2,true,,,
FFSU,CO,00169413212,OZEMPIC   ,2021,2,false,224.000,108,120790.27
MCOU,CO,00169413212,OZEMPIC   ,2021,2,false,76.500,45,42082.72
MCOU,CO,00169413602,OZEMPIC   ,2021,2,false,93.000,29,25585.93
FFSU,CO,00169413602,OZEMPIC   ,2021,2,false,339.000,75,93046.36
FFSU,CO,00169413212,OZEMPIC   ,2021,1,false,172.500,87,90994.98
MCOU,CO,00169413212,OZEMPIC   ,2021,1,false,100.500,63,54559.41
MCOU,CO,00169413602,OZEMPIC   ,2021,1,false,81.000,25,22054.96
FFSU,CO,00169413602,OZEMPIC   ,2021,1,false,337.500,71,91134.69
FFSU,CT,00169413013,OZEMPIC 1M,2021,4,false,10284.000,2156,2839196.53
FFSU,CT,00169413212,OZEMPIC 0.,2021,4,false,5644.500,2727,3106071.87
FFSU,CT,00169413602,OZEMPIC 1M,2021,4,false,195.000,39,53506.36
FFSU,CT,00169413013,OZEMPIC 1M,2021,3,false,7784.500,1592,2155817.69
FFSU,CT,00169413212,OZEMPIC 0.,2021,3,false,5445.000,2697,2994684.05
FFSU,CT,00169413602,OZEMPIC 1M,2021,3,false,1011.000,249,277354.30
FFSU,CT,00169413013,OZEMPIC 1M,2021,2,false,1779.000,325,508449.55
FFSU,CT,00169413212,OZEMPIC 0.,2021,2,false,5872.500,2832,3229283.69
FFSU,CT,00169413602,OZEMPIC 1M,2021,2,false,7348.500,1645,2018231.58
FFSU,CT,00169413013,OZEMPIC 1M,2021,1,true,,,
FFSU,CT,00169413212,OZEMPIC 0.,2021,1,false,5560.500,2606,2999994.30
FFSU,CT,00169413602,OZEMPIC 1M,2021,1,false,8727.000,1923,2354350.64
MCOU,DC,00169413001,OZEMPIC 1 ,2021,4,true,,,
MCOU,DC,00169413013,OZEMPIC 1 ,2021,4,false,1395.000,442,376990.46
FFSU,DC,00169413013,OZEMPIC 1 ,2021,4,true,,,
MCOU,DC,00169413211,OZEMPIC 0.,2021,4,false,24.000,16,13328.18
MCOU,DC,00169413212,OZEMPIC 0.,2021,4,false,1033.000,548,483058.49
FFSU,DC,00169413212,OZEMPIC 0.,2021,4,true,,,
FFSU,DC,00169413602,OZEMPIC 1 ,2021,4,true,,,
MCOU,DC,00169413602,OZEMPIC 1 ,2021,4,false,85.500,29,23849.07
MCOU,DC,00169413611,OZEMPIC 1 ,2021,4,true,,,
MCOU,DC,00169413001,OZEMPIC 1 ,2021,3,true,,,
MCOU,DC,00169413013,OZEMPIC 1 ,2021,3,false,810.000,260,220774.38
FFSU,DC,00169413013,OZEMPIC 1 ,2021,3,true,,,
MCOU,DC,00169413211,OZEMPIC 0.,2021,3,false,19.500,13,10872.21
MCOU,DC,00169413212,OZEMPIC 0.,2021,3,false,713.000,442,376421.30
FFSU,DC,00169413212,OZEMPIC 0.,2021,3,true,,,
FFSU,DC,00169413602,OZEMPIC 1 ,2021,3,true,,,
MCOU,DC,00169413602,OZEMPIC 1 ,2021,3,false,237.000,74,62411.43
MCOU,DC,00169413611,OZEMPIC 1 ,2021,3,true,,,
FFSU,DC,00169413013,OZEMPIC 1 ,2021,2,true,,,
MCOU,DC,00169413013,OZEMPIC 1 ,2021,2,false,72.000,20,19700.69
MCOU,DC,00169413211,OZEMPIC 0.,2021,2,true,,,
MCOU,DC,00169413212,OZEMPIC 0.,2021,2,false,658.000,404,347729.39
FFSU,DC,00169413212,OZEMPIC 0.,2021,2,true,,,
FFSU,DC,00169413602,OZEMPIC 1 ,2021,2,true,,,
MCOU,DC,00169413602,OZEMPIC 1 ,2021,2,false,1005.500,311,263068.47
MCOU,DC,00169413611,OZEMPIC 1 ,2021,2,true,,,
MCOU,DC,00169413211,OZEMPIC 0.,2021,1,true,,,
MCOU,DC,00169413212,OZEMPIC 0.,2021,1,false,644.000,364,310139.04
FFSU,DC,00169413212,OZEMPIC 0.,2021,1,true,,,
FFSU,DC,00169413602,OZEMPIC 1 ,2021,1,true,,,
MCOU,DC,00169413602,OZEMPIC 1 ,2021,1,false,970.500,292,246487.40
MCOU,DC,00169413611,OZEMPIC 1 ,2021,1,true,,,
MCOU,DE,00169413013,OZEMPIC 1M,2021,4,false,2550.000,828,707573.17
FFSU,DE,00169413212,OZEMPIC 0.,2021,4,true,,,
MCOU,DE,00169413212,OZEMPIC 0.,2021,4,false,1578.500,1045,869459.95
MCOU,DE,00169413602,OZEMPIC 1M,2021,4,false,84.000,26,23066.23
MCOU,DE,00169413013,OZEMPIC 1M,2021,3,false,1911.000,628,530559.13
FFSU,DE,00169413013,OZEMPIC 1M,2021,3,true,,,
MCOU,DE,00169413212,OZEMPIC 0.,2021,3,false,1507.500,993,829960.76
FFSU,DE,00169413212,OZEMPIC 0.,2021,3,true,,,
MCOU,DE,00169413602,OZEMPIC 1M,2021,3,false,234.000,78,64321.79
MCOU,DE,00169413611,OZEMPIC 1M,2021,3,true,,,
MCOU,DE,00169413013,OZEMPIC 1M,2021,2,false,462.000,150,128637.77
MCOU,DE,00169413212,OZEMPIC 0.,2021,2,false,1360.500,891,748907.61
FFSU,DE,00169413212,OZEMPIC 0.,2021,2,true,,,
MCOU,DE,00169413602,OZEMPIC 1M,2021,2,false,1045.500,346,287640.53
MCOU,DE,00169413212,OZEMPIC 0.,2021,1,false,1260.000,827,683684.97
FFSU,DE,00169413212,OZEMPIC 0.,2021,1,true,,,
MCOU,DE,00169413602,OZEMPIC 1M,2021,1,false,1285.500,424,348771.88
FFSU,FL,00169413013,OZEMPIC   ,2021,4,false,108.000,36,24325.39
MCOU,FL,00169413013,OZEMPIC   ,2021,4,false,1617.000,535,435982.31
FFSU,FL,00169413212,OZEMPIC   ,2021,4,false,93.000,62,45055.32
MCOU,FL,00169413212,OZEMPIC   ,2021,4,false,1662.000,1077,899675.32
MCOU,FL,00169413602,OZEMPIC   ,2021,4,false,30.000,11,8075.17
MCOU,FL,00169413013,OZEMPIC   ,2021,3,false,840.000,278,224044.45
FFSU,FL,00169413013,OZEMPIC   ,2021,3,false,114.000,38,23019.56
MCOU,FL,00169413211,OZEMPIC   ,2021,3,true,,,
FFSU,FL,00169413212,OZEMPIC   ,2021,3,false,79.500,53,35462.26
MCOU,FL,00169413212,OZEMPIC   ,2021,3,false,825.000,516,429899.75
MCOU,FL,00169413602,OZEMPIC   ,2021,3,false,150.000,48,39686.84
FFSU,FL,00169413602,OZEMPIC   ,2021,3,true,,,
MCOU,FL,00169413013,OZEMPIC   ,2021,2,false,171.000,57,45450.29
FFSU,FL,00169413013,OZEMPIC   ,2021,2,true,,,
MCOU,FL,00169413212,OZEMPIC   ,2021,2,false,756.000,476,399675.50
FFSU,FL,00169413212,OZEMPIC   ,2021,2,false,94.500,63,44342.89
MCOU,FL,00169413602,OZEMPIC   ,2021,2,false,727.500,227,193822.84
FFSU,FL,00169413602,OZEMPIC   ,2021,2,false,93.000,31,21660.38
MCOU,FL,00169413013,OZEMPIC   ,2021,1,true,,,
MCOU,FL,00169413212,OZEMPIC   ,2021,1,false,616.500,399,323268.33
FFSU,FL,00169413212,OZEMPIC   ,2021,1,false,66.000,44,29115.90
MCOU,FL,00169413602,OZEMPIC   ,2021,1,false,804.000,254,212120.90
FFSU,FL,00169413602,OZEMPIC   ,2021,1,false,129.000,43,24965.15
FFSU,GA,00169413013,OZEMPIC   ,2021,4,false,669.000,223,185628.95
MCOU,GA,00169413013,OZEMPIC   ,2021,4,false,1161.000,382,327215.86
FFSU,GA,00169413211,OZEMPIC   ,2021,4,true,,,
FFSU,GA,00169413212,OZEMPIC   ,2021,4,false,396.000,263,218681.80
MCOU,GA,00169413212,OZEMPIC   ,2021,4,false,862.500,570,495233.76
FFSU,GA,00169413602,OZEMPIC   ,2021,4,false,45.000,15,12412.80
MCOU,GA,00169413602,OZEMPIC   ,2021,4,false,67.000,22,18603.43
FFSU,GA,00169413013,OZEMPIC   ,2021,3,false,414.000,138,114898.50
MCOU,GA,00169413013,OZEMPIC   ,2021,3,false,939.000,308,263337.81
FFSU,GA,00169413212,OZEMPIC   ,2021,3,false,328.500,219,181288.44
MCOU,GA,00169413212,OZEMPIC   ,2021,3,false,819.000,542,469015.75
MCOU,GA,00169413602,OZEMPIC   ,2021,3,false,180.000,59,49749.11
FFSU,GA,00169413602,OZEMPIC   ,2021,3,false,93.000,31,25652.54
FFSU,GA,00169413001,OZEMPIC   ,2021,2,true,,,
FFSU,GA,00169413013,OZEMPIC   ,2021,2,true,,,
MCOU,GA,00169413013,OZEMPIC   ,2021,2,false,210.000,68,57783.77
MCOU,GA,00169413212,OZEMPIC   ,2021,2,false,937.500,619,526928.89
FFSU,GA,00169413212,OZEMPIC   ,2021,2,false,276.000,177,152242.58
MCOU,GA,00169413602,OZEMPIC   ,2021,2,false,786.000,236,221370.19
FFSU,GA,00169413602,OZEMPIC   ,2021,2,false,306.000,100,84385.78
FFSU,GA,00169413212,OZEMPIC   ,2021,1,false,240.000,152,130418.53
MCOU,GA,00169413212,OZEMPIC   ,2021,1,false,727.500,477,409558.17
FFSU,GA,00169413602,OZEMPIC   ,2021,1,false,306.000,92,82978.16
MCOU,GA,00169413602,OZEMPIC   ,2021,1,false,817.500,242,226415.40
MCOU,HI,00169413013,OZEMPIC 1 ,2021,4,false,3117.000,732,769549.64
MCOU,HI,00169413212,OZEMPIC 0.,2021,4,false,1381.500,725,697365.39
MCOU,HI,00169413013,OZEMPIC 1 ,2021,3,false,2460.000,619,605331.39
MCOU,HI,00169413212,OZEMPIC 0.,2021,3,false,1231.500,700,627467.48
MCOU,HI,00169413602,OZEMPIC 1 ,2021,3,false,198.000,63,50651.79
MCOU,HI,00169413013,OZEMPIC 1 ,2021,2,false,846.000,261,216673.11
MCOU,HI,00169413212,OZEMPIC 0.,2021,2,false,1603.500,997,854865.26
MCOU,HI,00169413602,OZEMPIC 1 ,2021,2,false,2374.500,766,621828.24
MCOU,HI,00169413212,OZEMPIC 0.,2021,1,false,1491.000,939,788051.06
MCOU,HI,00169413602,OZEMPIC 1 ,2021,1,false,2640.000,844,691068.26
FFSU,IA,00169413013,OZEMPIC 1M,2021,4,false,57.000,19,10238.81
MCOU,IA,00169413013,OZEMPIC 1M,2021,4,false,5991.000,1665,1638094.46
FFSU,IA,00169413212,OZEMPIC 0.,2021,4,false,33.000,22,14353.85
MCOU,IA,00169413212,OZEMPIC 0.,2021,4,false,2106.000,1216,1152730.97
MCOU,IA,00169413602,OZEMPIC 1M,2021,4,false,60.000,17,16408.48
MCOU,IA,00169413611,OZEMPIC 1M,2021,4,true,,,
MCOU,IA,00169413013,OZEMPIC 1M,2021,3,false,5698.500,1586,1560912.37
FFSU,IA,00169413013,OZEMPIC 1M,2021,3,false,81.000,27,14580.94
MCOU,IA,00169413211,OZEMPIC 0.,2021,3,true,,,
FFSU,IA,00169413212,OZEMPIC 0.,2021,3,false,33.000,21,11658.39
MCOU,IA,00169413212,OZEMPIC 0.,2021,3,false,2376.000,1359,1303501.40
MCOU,IA,00169413602,OZEMPIC 1M,2021,3,false,330.000,99,90495.90
FFSU,IA,00169413602,OZEMPIC 1M,2021,3,true,,,
MCOU,IA,00169413611,OZEMPIC 1M,2021,3,true,,,
MCOU,IA,00169413013,OZEMPIC 1M,2021,2,false,1517.000,433,442080.00
FFSU,IA,00169413013,OZEMPIC 1M,2021,2,true,,,
FFSU,IA,00169413212,OZEMPIC 0.,2021,2,false,30.000,19,9345.21
MCOU,IA,00169413212,OZEMPIC 0.,2021,2,false,2651.250,1541,1494230.30
MCOU,IA,00169413602,OZEMPIC 1M,2021,2,false,4534.500,1289,1279603.97
FFSU,IA,00169413602,OZEMPIC 1M,2021,2,false,63.000,21,13424.82
MCOU,IA,00169413611,OZEMPIC 1M,2021,2,true,,,
MCOU,IA,00169413013,OZEMPIC 1M,2021,1,true,,,
FFSU,IA,00169413212,OZEMPIC 0.,2021,1,false,45.000,28,14421.68
MCOU,IA,00169413212,OZEMPIC 0.,2021,1,false,3340.500,1963,1831144.39
MCOU,IA,00169413602,OZEMPIC 1M,2021,1,false,6220.500,1839,1708194.88
FFSU,IA,00169413602,OZEMPIC 1M,2021,1,false,96.000,32,21053.52
FFSU,ID,00169413013,OZEMPIC   ,2021,4,false,4353.000,1442,1247173.67
FFSU,ID,00169413211,OZEMPIC   ,2021,4,true,,,
FFSU,ID,00169413212,OZEMPIC   ,2021,4,false,3095.250,2003,1713616.32
FFSU,ID,00169413602,OZEMPIC   ,2021,4,true,,,
FFSU,ID,00169413013,OZEMPIC   ,2021,3,false,3015.000,999,864628.39
FFSU,ID,00169413211,OZEMPIC   ,2021,3,true,,,
FFSU,ID,00169413212,OZEMPIC   ,2021,3,false,2820.500,1810,1561299.46
FFSU,ID,00169413602,OZEMPIC   ,2021,3,false,330.000,110,91140.20
FFSU,ID,00169413013,OZEMPIC   ,2021,2,false,519.000,173,148843.54
FFSU,ID,00169413211,OZEMPIC   ,2021,2,true,,,
FFSU,ID,00169413212,OZEMPIC   ,2021,2,false,2272.500,1462,1257947.64
FFSU,ID,00169413602,OZEMPIC   ,2021,2,false,1633.500,540,450624.71
FFSU,ID,00169413211,OZEMPIC   ,2021,1,true,,,
FFSU,ID,00169413212,OZEMPIC   ,2021,1,false,1854.750,1178,1010863.70
FFSU,ID,00169413602,OZEMPIC   ,2021,1,false,1622.500,538,442636.42
MCOU,IL,00169413013,OZEMPIC 1M,2021,4,false,4554.000,1074,1604870.84
FFSU,IL,00169413013,OZEMPIC 1M,2021,4,false,276.000,69,84825.55
FFSU,IL,00169413212,OZEMPIC 0.,2021,4,false,120.000,65,87107.10
MCOU,IL,00169413212,OZEMPIC 0.,2021,4,false,2193.000,1147,1782620.99
FFSU,IL,00169413602,OZEMPIC 1M,2021,4,true,,,
MCOU,IL,00169413602,OZEMPIC 1M,2021,4,false,51.000,13,24702.80
FFSU,IL,00169413013,OZEMPIC 1M,2021,3,false,204.000,58,62417.40
MCOU,IL,00169413013,OZEMPIC 1M,2021,3,false,2865.000,713,958118.25
FFSU,IL,00169413212,OZEMPIC 0.,2021,3,false,105.000,53,71521.29
MCOU,IL,00169413212,OZEMPIC 0.,2021,3,false,1657.500,873,1207503.26
FFSU,IL,00169413602,OZEMPIC 1M,2021,3,false,42.000,12,15523.50
MCOU,IL,00169413602,OZEMPIC 1M,2021,3,false,226.500,60,101454.54
MCOU,IL,00169413013,OZEMPIC 1M,2021,2,false,1056.000,267,336649.54
FFSU,IL,00169413013,OZEMPIC 1M,2021,2,false,45.000,15,17839.57
FFSU,IL,00169413212,OZEMPIC 0.,2021,2,false,108.000,57,63873.00
MCOU,IL,00169413212,OZEMPIC 0.,2021,2,false,1266.000,662,820734.50
MCOU,IL,00169413602,OZEMPIC 1M,2021,2,false,1222.500,330,416606.47
FFSU,IL,00169413602,OZEMPIC 1M,2021,2,false,138.000,38,47446.03
MCOU,IL,00169413212,OZEMPIC 0.,2021,1,false,1088.000,577,671528.33
FFSU,IL,00169413212,OZEMPIC 0.,2021,1,false,88.500,48,52940.14
FFSU,IL,00169413602,OZEMPIC 1M,2021,1,false,231.000,59,62837.81
MCOU,IL,00169413602,OZEMPIC 1M,2021,1,false,2056.500,548,628334.82
FFSU,IN,00169413013,OZEMPIC 1M,2021,4,false,93.000,27,25764.32
MCOU,IN,00169413013,OZEMPIC 1M,2021,4,false,19450.500,5458,5173585.89
MCOU,IN,00169413211,OZEMPIC 0.,2021,4,true,,,
MCOU,IN,00169413212,OZEMPIC 0.,2021,4,false,10204.500,6244,5433351.58
FFSU,IN,00169413212,OZEMPIC 0.,2021,4,false,19.500,11,10749.77
MCOU,IN,00169413602,OZEMPIC 1M,2021,4,false,222.000,56,58154.41
MCOU,IN,00169413611,OZEMPIC 1M,2021,4,true,,,
FFSU,IN,00169413013,OZEMPIC 1M,2021,3,false,54.000,16,14963.31
MCOU,IN,00169413013,OZEMPIC 1M,2021,3,false,16173.000,4427,4309683.57
MCOU,IN,00169413211,OZEMPIC 0.,2021,3,true,,,
MCOU,IN,00169413212,OZEMPIC 0.,2021,3,false,9889.500,5969,5281581.54
FFSU,IN,00169413212,OZEMPIC 0.,2021,3,false,27.000,16,14876.91
FFSU,IN,00169413602,OZEMPIC 1M,2021,3,true,,,
MCOU,IN,00169413602,OZEMPIC 1M,2021,3,false,1488.000,431,392164.08
MCOU,IN,00169413611,OZEMPIC 1M,2021,3,true,,,
MCOU,IN,00169413013,OZEMPIC 1M,2021,2,false,2981.000,821,794034.89
MCOU,IN,00169413211,OZEMPIC 0.,2021,2,true,,,
FFSU,IN,00169413212,OZEMPIC 0.,2021,2,false,33.000,18,18166.58
MCOU,IN,00169413212,OZEMPIC 0.,2021,2,false,9144.500,5472,4848830.08
MCOU,IN,00169413602,OZEMPIC 1M,2021,2,false,12796.500,3733,3417015.19
FFSU,IN,00169413602,OZEMPIC 1M,2021,2,false,57.000,17,15699.07
MCOU,IN,00169413611,OZEMPIC 1M,2021,2,true,,,
MCOU,IN,00169413013,OZEMPIC 1M,2021,1,true,,,
MCOU,IN,00169413211,OZEMPIC 0.,2021,1,true,,,
FFSU,IN,00169413212,OZEMPIC 0.,2021,1,false,37.500,22,20309.78
MCOU,IN,00169413212,OZEMPIC 0.,2021,1,false,7625.500,4612,4080718.99
MCOU,IN,00169413602,OZEMPIC 1M,2021,1,false,12784.500,3770,3410446.51
FFSU,IN,00169413602,OZEMPIC 1M,2021,1,false,66.000,18,17965.72
MCOU,IN,00169413611,OZEMPIC 1M,2021,1,true,,,
MCOU,KS,00169413013,OZEMPIC 1M,2021,4,false,366.000,114,76590.85
MCOU,KS,00169413212,OZEMPIC 0.,2021,4,false,138.000,92,58138.81
MCOU,KS,00169413602,OZEMPIC 1M,2021,4,true,,,
MCOU,KS,00169413013,OZEMPIC 1M,2021,3,false,270.000,88,75145.19
MCOU,KS,00169413212,OZEMPIC 0.,2021,3,false,109.500,73,60625.67
MCOU,KS,00169413602,OZEMPIC 1M,2021,3,false,36.000,12,9964.68
MCOU,KS,00169413013,OZEMPIC 1M,2021,2,false,72.000,24,21029.82
MCOU,KS,00169413212,OZEMPIC 0.,2021,2,false,90.000,60,49828.80
MCOU,KS,00169413602,OZEMPIC 1M,2021,2,false,243.000,79,67228.59
MCOU,KS,00169413212,OZEMPIC 0.,2021,1,false,100.500,67,54853.80
MCOU,KS,00169413602,OZEMPIC 1M,2021,1,false,297.000,99,81099.24
MCOU,KY,00169413013,OZEMPIC   ,2021,4,false,285.000,83,79648.80
FFSU,KY,00169413013,OZEMPIC   ,2021,4,false,138.000,40,38215.37
FFSU,KY,00169413212,OZEMPIC   ,2021,4,false,36.000,21,19858.06
MCOU,KY,00169413212,OZEMPIC   ,2021,4,false,3891.000,2333,2163314.11
FFSU,KY,00169413602,OZEMPIC   ,2021,4,true,,,
MCOU,KY,00169413602,OZEMPIC   ,2021,4,false,201.000,58,56964.54
FFSU,KY,00169413013,OZEMPIC   ,2021,3,false,114.000,38,31666.88
MCOU,KY,00169413013,OZEMPIC   ,2021,3,false,6828.000,1882,1890219.47
MCOU,KY,00169413211,OZEMPIC   ,2021,3,true,,,
MCOU,KY,00169413212,OZEMPIC   ,2021,3,false,3549.000,2086,1965633.84
FFSU,KY,00169413212,OZEMPIC   ,2021,3,false,37.500,21,20652.91
FFSU,KY,00169413602,OZEMPIC   ,2021,3,true,,,
MCOU,KY,00169413602,OZEMPIC   ,2021,3,false,717.000,230,197409.25
MCOU,KY,00169413611,OZEMPIC   ,2021,3,true,,,
MCOU,KY,00169413013,OZEMPIC   ,2021,2,false,123.000,33,33963.11
FFSU,KY,00169413013,OZEMPIC   ,2021,2,true,,,
MCOU,KY,00169413211,OZEMPIC   ,2021,2,true,,,
FFSU,KY,00169413212,OZEMPIC   ,2021,2,false,43.500,25,23942.91
MCOU,KY,00169413212,OZEMPIC   ,2021,2,false,3370.500,2074,1763730.16
FFSU,KY,00169413602,OZEMPIC   ,2021,2,false,87.000,32,23966.48
MCOU,KY,00169413602,OZEMPIC   ,2021,2,false,5437.000,1678,1394067.47
MCOU,KY,00169413212,OZEMPIC   ,2021,1,false,393.000,229,219024.86
FFSU,KY,00169413212,OZEMPIC   ,2021,1,false,57.000,32,30487.55
MCOU,KY,00169413602,OZEMPIC   ,2021,1,false,2352.000,742,653680.77
FFSU,KY,00169413602,OZEMPIC   ,2021,1,false,154.500,51,41434.84
MCOU,LA,00169413013,OZEMPIC   ,2021,4,false,3831.000,1195,1067475.17
FFSU,LA,00169413013,OZEMPIC   ,2021,4,false,36.000,12,9996.14
MCOU,LA,00169413211,OZEMPIC   ,2021,4,true,,,
MCOU,LA,00169413212,OZEMPIC   ,2021,4,false,1843.500,1128,1024994.43
FFSU,LA,00169413212,OZEMPIC   ,2021,4,false,24.000,15,13254.36
MCOU,LA,00169413602,OZEMPIC   ,2021,4,false,204.500,65,56944.64
MCOU,LA,00169413611,OZEMPIC   ,2021,4,true,,,
MCOU,LA,00169413013,OZEMPIC   ,2021,3,false,2628.500,816,731636.60
FFSU,LA,00169413013,OZEMPIC   ,2021,3,true,,,
MCOU,LA,00169413211,OZEMPIC   ,2021,3,true,,,
FFSU,LA,00169413212,OZEMPIC   ,2021,3,true,,,
MCOU,LA,00169413212,OZEMPIC   ,2021,3,false,1576.000,956,873839.62
MCOU,LA,00169413602,OZEMPIC   ,2021,3,false,363.000,123,100991.69
FFSU,LA,00169413602,OZEMPIC   ,2021,3,true,,,
MCOU,LA,00169413611,OZEMPIC   ,2021,3,true,,,
FFSU,LA,00169413013,OZEMPIC   ,2021,2,true,,,
MCOU,LA,00169413013,OZEMPIC   ,2021,2,false,757.000,230,213337.85
MCOU,LA,00169413211,OZEMPIC   ,2021,2,true,,,
FFSU,LA,00169413212,OZEMPIC   ,2021,2,true,,,
MCOU,LA,00169413212,OZEMPIC   ,2021,2,false,1449.000,886,806081.44
MCOU,LA,00169413602,OZEMPIC   ,2021,2,false,1789.500,559,499398.99
FFSU,LA,00169413602,OZEMPIC   ,2021,2,true,,,
FFSU,LA,00169413212,OZEMPIC   ,2021,1,true,,,
MCOU,LA,00169413212,OZEMPIC   ,2021,1,false,1189.000,728,656828.89
MCOU,LA,00169413602,OZEMPIC   ,2021,1,false,2190.000,674,606246.26
FFSU,LA,00169413602,OZEMPIC   ,2021,1,true,,,
MCOU,MA,00169413013,OZEMPIC 1 ,2021,4,false,1482.000,446,404301.16
FFSU,MA,00169413013,OZEMPIC 1 ,2021,4,false,1845.000,414,505822.43
FFSU,MA,00169413212,OZEMPIC 0.,2021,4,false,553.500,285,303529.62
MCOU,MA,00169413212,OZEMPIC 0.,2021,4,false,477.000,303,265139.43
MCOU,MA,00169413602,OZEMPIC 1 ,2021,4,false,39.000,13,10856.66
FFSU,MA,00169413602,OZEMPIC 1 ,2021,4,true,,,
MCOU,MA,00169413013,OZEMPIC 1 ,2021,3,false,999.000,309,277001.92
FFSU,MA,00169413013,OZEMPIC 1 ,2021,3,false,1737.000,404,478365.97
FFSU,MA,00169413212,OZEMPIC 0.,2021,3,false,495.000,259,271279.81
MCOU,MA,00169413212,OZEMPIC 0.,2021,3,false,462.000,289,256169.30
MCOU,MA,00169413602,OZEMPIC 1 ,2021,3,false,213.000,65,59263.14
FFSU,MA,00169413602,OZEMPIC 1 ,2021,3,false,123.000,31,35594.03
MCOU,MA,00169413013,OZEMPIC 1 ,2021,2,false,198.000,47,54670.34
FFSU,MA,00169413013,OZEMPIC 1 ,2021,2,false,405.000,98,114729.65
MCOU,MA,00169413212,OZEMPIC 0.,2021,2,false,401.000,250,221904.08
FFSU,MA,00169413212,OZEMPIC 0.,2021,2,false,561.000,294,311385.52
FFSU,MA,00169413602,OZEMPIC 1 ,2021,2,false,1374.000,345,374163.75
MCOU,MA,00169413602,OZEMPIC 1 ,2021,2,false,983.000,304,272581.50
FFSU,MA,00169413212,OZEMPIC 0.,2021,1,false,474.000,255,253750.65
MCOU,MA,00169413212,OZEMPIC 0.,2021,1,false,387.000,242,212954.62
MCOU,MA,00169413602,OZEMPIC 1 ,2021,1,false,961.500,298,262968.28
FFSU,MA,00169413602,OZEMPIC 1 ,2021,1,false,1711.500,435,457893.62
MCOU,MD,00169413001,OZEMPIC 1 ,2021,4,true,,,
FFSU,MD,00169413013,OZEMPIC 1 ,2021,4,false,72.000,19,19921.55
MCOU,MD,00169413013,OZEMPIC 1 ,2021,4,false,9830.000,3091,2748509.03
MCOU,MD,00169413211,OZEMPIC 0.,2021,4,true,,,
FFSU,MD,00169413212,OZEMPIC 0.,2021,4,false,55.500,30,30568.66
MCOU,MD,00169413212,OZEMPIC 0.,2021,4,false,6420.000,4077,3558001.33
FFSU,MD,00169413602,OZEMPIC 1 ,2021,4,true,,,
MCOU,MD,00169413602,OZEMPIC 1 ,2021,4,false,366.000,118,100245.66
MCOU,MD,00169413611,OZEMPIC 1 ,2021,4,true,,,
MCOU,MD,00169413001,OZEMPIC 1 ,2021,3,true,,,
MCOU,MD,00169413013,OZEMPIC 1 ,2021,3,false,7556.000,2341,2091867.69
FFSU,MD,00169413013,OZEMPIC 1 ,2021,3,false,72.000,21,19952.56
MCOU,MD,00169413211,OZEMPIC 0.,2021,3,true,,,
FFSU,MD,00169413212,OZEMPIC 0.,2021,3,false,75.000,43,41295.76
MCOU,MD,00169413212,OZEMPIC 0.,2021,3,false,6151.500,3894,3419339.40
MCOU,MD,00169413602,OZEMPIC 1 ,2021,3,false,1289.000,419,357409.76
FFSU,MD,00169413602,OZEMPIC 1 ,2021,3,true,,,
MCOU,MD,00169413611,OZEMPIC 1 ,2021,3,true,,,
MCOU,MD,00169413001,OZEMPIC 1 ,2021,2,true,,,
MCOU,MD,00169413013,OZEMPIC 1 ,2021,2,false,1401.000,436,392068.97
FFSU,MD,00169413013,OZEMPIC 1 ,2021,2,true,,,
MCOU,MD,00169413211,OZEMPIC 0.,2021,2,true,,,
FFSU,MD,00169413212,OZEMPIC 0.,2021,2,false,102.000,59,56185.38
MCOU,MD,00169413212,OZEMPIC 0.,2021,2,false,5527.500,3452,3068094.64
MCOU,MD,00169413602,OZEMPIC 1 ,2021,2,false,6417.000,2025,1788797.62
FFSU,MD,00169413602,OZEMPIC 1 ,2021,2,false,85.500,25,23549.13
MCOU,MD,00169413611,OZEMPIC 1 ,2021,2,true,,,
MCOU,MD,00169413013,OZEMPIC 1 ,2021,1,true,,,
MCOU,MD,00169413211,OZEMPIC 0.,2021,1,false,21.000,14,11437.30
FFSU,MD,00169413212,OZEMPIC 0.,2021,1,false,66.000,42,35743.63
MCOU,MD,00169413212,OZEMPIC 0.,2021,1,false,4843.500,3009,2659855.79
MCOU,MD,00169413602,OZEMPIC 1 ,2021,1,false,6861.000,2173,1901510.80
FFSU,MD,00169413602,OZEMPIC 1 ,2021,1,false,91.500,27,24929.70
MCOU,MD,00169413611,OZEMPIC 1 ,2021,1,true,,,
FFSU,ME,00169413013,OZEMPIC   ,2021,4,false,327.000,105,89224.91
FFSU,ME,00169413212,OZEMPIC   ,2021,4,false,93.000,59,50900.42
FFSU,ME,00169413013,OZEMPIC   ,2021,3,false,192.000,64,53359.50
FFSU,ME,00169413212,OZEMPIC   ,2021,3,false,117.000,70,63036.57
FFSU,ME,00169413602,OZEMPIC   ,2021,3,true,,,
FFSU,ME,00169413013,OZEMPIC   ,2021,2,true,,,
FFSU,ME,00169413212,OZEMPIC   ,2021,2,false,117.000,72,63476.47
FFSU,ME,00169413602,OZEMPIC   ,2021,2,false,183.000,59,49540.80
FFSU,ME,00169413212,OZEMPIC   ,2021,1,false,81.000,49,42350.62
FFSU,ME,00169413602,OZEMPIC   ,2021,1,false,195.000,63,51766.72
MCOU,MI,00169413001,OZEMPIC   ,2021,4,true,,,
MCOU,MI,00169413013,OZEMPIC   ,2021,4,false,5715.000,1685,1562527.81
FFSU,MI,00169413013,OZEMPIC   ,2021,4,false,789.000,196,195664.44
FFSU,MI,00169413212,OZEMPIC   ,2021,4,false,444.000,258,216080.16
MCOU,MI,00169413212,OZEMPIC   ,2021,4,false,1922.530,1133,1056186.98
MCOU,MI,00169413602,OZEMPIC   ,2021,4,false,73.500,26,20025.09
MCOU,MI,00169413001,OZEMPIC   ,2021,3,true,,,
MCOU,MI,00169413013,OZEMPIC   ,2021,3,false,4836.000,1443,1324572.02
FFSU,MI,00169413013,OZEMPIC   ,2021,3,false,522.000,133,129436.46
MCOU,MI,00169413212,OZEMPIC   ,2021,3,false,2028.030,1217,1113585.71
FFSU,MI,00169413212,OZEMPIC   ,2021,3,false,349.500,203,170739.71
MCOU,MI,00169413602,OZEMPIC   ,2021,3,false,415.500,137,113927.85
FFSU,MI,00169413602,OZEMPIC   ,2021,3,false,45.000,12,11668.24
MCOU,MI,00169413013,OZEMPIC   ,2021,2,false,1151.000,347,316891.52
FFSU,MI,00169413013,OZEMPIC   ,2021,2,false,141.000,35,36634.45
MCOU,MI,00169413212,OZEMPIC   ,2021,2,false,1966.800,1197,1095629.72
FFSU,MI,00169413212,OZEMPIC   ,2021,2,false,327.000,175,165590.58
FFSU,MI,00169413602,OZEMPIC   ,2021,2,false,423.000,111,106563.46
MCOU,MI,00169413602,OZEMPIC   ,2021,2,false,3607.533,1135,997411.88
FFSU,MI,00169413212,OZEMPIC   ,2021,1,false,222.000,130,109374.39
MCOU,MI,00169413212,OZEMPIC   ,2021,1,false,1989.045,1232,1086289.80
MCOU,MI,00169413602,OZEMPIC   ,2021,1,false,4408.503,1378,1200131.08
FFSU,MI,00169413602,OZEMPIC   ,2021,1,false,436.500,115,107774.99
FFSU,MN,00169413013,OZEMPIC   ,2021,4,false,111.000,37,31348.62
MCOU,MN,00169413013,OZEMPIC   ,2021,4,false,2265.000,614,636660.59
FFSU,MN,00169413212,OZEMPIC   ,2021,4,false,69.000,46,38785.56
MCOU,MN,00169413212,OZEMPIC   ,2021,4,false,778.500,449,440869.59
MCOU,MN,00169413602,OZEMPIC   ,2021,4,true,,,
FFSU,MN,00169413602,OZEMPIC   ,2021,4,true,,,
FFSU,MN,00169413013,OZEMPIC   ,2021,3,false,132.000,33,36875.24
MCOU,MN,00169413013,OZEMPIC   ,2021,3,false,1812.000,507,511451.43
MCOU,MN,00169413212,OZEMPIC   ,2021,3,false,738.000,427,414767.11
FFSU,MN,00169413212,OZEMPIC   ,2021,3,false,82.500,52,46298.89
MCOU,MN,00169413602,OZEMPIC   ,2021,3,false,85.500,43,48160.29
FFSU,MN,00169413602,OZEMPIC   ,2021,3,true,,,
MCOU,MN,00169413013,OZEMPIC   ,2021,2,false,525.000,151,148543.23
FFSU,MN,00169413013,OZEMPIC   ,2021,2,true,,,
FFSU,MN,00169413212,OZEMPIC   ,2021,2,false,64.500,39,36179.97
MCOU,MN,00169413212,OZEMPIC   ,2021,2,false,715.500,413,406804.30
MCOU,MN,00169413602,OZEMPIC   ,2021,2,false,558.000,323,316527.71
FFSU,MN,00169413602,OZEMPIC   ,2021,2,false,49.500,29,27637.23
MCOU,MN,00169413212,OZEMPIC   ,2021,1,false,574.500,331,324134.51
FFSU,MN,00169413212,OZEMPIC   ,2021,1,false,58.500,35,31978.51
FFSU,MN,00169413602,OZEMPIC   ,2021,1,false,39.000,22,21192.56
MCOU,MN,00169413602,OZEMPIC   ,2021,1,false,733.500,413,414373.28
FFSU,MO,00169413013,OZEMPIC   ,2021,4,false,972.000,322,245761.12
FFSU,MO,00169413212,OZEMPIC   ,2021,4,false,345.000,214,172898.95
FFSU,MO,00169413602,OZEMPIC   ,2021,4,true,,,
FFSU,MO,00169413013,OZEMPIC   ,2021,3,false,693.000,228,170852.84
FFSU,MO,00169413212,OZEMPIC   ,2021,3,false,420.000,252,210448.20
FFSU,MO,00169413602,OZEMPIC   ,2021,3,false,234.000,76,62541.68
FFSU,MO,00169413013,OZEMPIC   ,2021,2,false,135.000,45,32780.83
FFSU,MO,00169413212,OZEMPIC   ,2021,2,false,327.000,194,161400.70
FFSU,MO,00169413602,OZEMPIC   ,2021,2,false,609.000,203,164762.91
FFSU,MO,00169413212,OZEMPIC   ,2021,1,false,295.500,181,151706.57
FFSU,MO,00169413602,OZEMPIC   ,2021,1,false,676.500,226,177255.82
MCOU,MS,00169413013,OZEMPIC 1 ,2021,4,false,483.000,159,134133.88
FFSU,MS,00169413013,OZEMPIC 1 ,2021,4,false,63.000,21,17498.67
FFSU,MS,00169413212,OZEMPIC 0.,2021,4,false,19.500,13,10782.51
MCOU,MS,00169413212,OZEMPIC 0.,2021,4,false,177.000,113,97699.75
MCOU,MS,00169413602,OZEMPIC 1 ,2021,4,false,48.000,16,13250.88
MCOU,MS,00169413013,OZEMPIC 1 ,2021,3,false,324.000,108,89993.16
FFSU,MS,00169413013,OZEMPIC 1 ,2021,3,false,36.000,12,9999.24
MCOU,MS,00169413212,OZEMPIC 0.,2021,3,false,154.500,103,85332.41
FFSU,MS,00169413212,OZEMPIC 0.,2021,3,false,19.500,13,10770.11
FFSU,MS,00169413602,OZEMPIC 1 ,2021,3,true,,,
MCOU,MS,00169413602,OZEMPIC 1 ,2021,3,false,82.500,28,22780.60
MCOU,MS,00169413013,OZEMPIC 1 ,2021,2,false,54.000,18,15443.16
FFSU,MS,00169413013,OZEMPIC 1 ,2021,2,true,,,
FFSU,MS,00169413212,OZEMPIC 0.,2021,2,false,19.500,13,10770.11
MCOU,MS,00169413212,OZEMPIC 0.,2021,2,false,112.500,75,62135.25
MCOU,MS,00169413602,OZEMPIC 1 ,2021,2,false,249.000,83,68722.42
FFSU,MS,00169413602,OZEMPIC 1 ,2021,2,true,,,
FFSU,MS,00169413212,OZEMPIC 0.,2021,1,true,,,
MCOU,MS,00169413212,OZEMPIC 0.,2021,1,false,70.500,47,38354.29
FFSU,MS,00169413602,OZEMPIC 1 ,2021,1,false,33.000,11,8993.28
MCOU,MS,00169413602,OZEMPIC 1 ,2021,1,false,255.000,85,69734.00
FFSU,MT,00169413013,OZEMPIC 1 ,2021,4,false,1014.000,289,281917.80
FFSU,MT,00169413212,OZEMPIC 0.,2021,4,false,514.000,324,285228.74
FFSU,MT,00169413602,OZEMPIC 1 ,2021,4,false,43.500,15,12120.78
FFSU,MT,00169413013,OZEMPIC 1 ,2021,3,false,639.000,183,179521.76
FFSU,MT,00169413212,OZEMPIC 0.,2021,3,false,451.000,288,250421.54
FFSU,MT,00169413602,OZEMPIC 1 ,2021,3,false,178.500,58,49653.44
FFSU,MT,00169413013,OZEMPIC 1 ,2021,2,false,66.000,17,18863.64
FFSU,MT,00169413212,OZEMPIC 0.,2021,2,false,394.500,240,218935.25
FFSU,MT,00169413602,OZEMPIC 1 ,2021,2,false,635.500,205,176703.43
FFSU,MT,00169413212,OZEMPIC 0.,2021,1,false,317.500,197,173365.31
FFSU,MT,00169413602,OZEMPIC 1 ,2021,1,false,593.000,186,162364.94
FFSU,XX,00169413001,OZEMPIC 1M,2021,4,true,,,
MCOU,XX,00169413001,OZEMPIC 1M,2021,4,false,195.000,62,53835.45
FFSU,XX,00169413013,OZEMPIC 1M,2021,4,false,49892.000,13706,13667450.13
MCOU,XX,00169413013,OZEMPIC 1M,2021,4,false,186221.500,55745,51075116.37
FFSU,XX,00169413211,OZEMPIC 0.,2021,4,false,40.500,27,22742.30
MCOU,XX,00169413211,OZEMPIC 0.,2021,4,false,161.000,104,86139.90
FFSU,XX,00169413212,OZEMPIC 0.,2021,4,false,31359.250,18593,17023929.86
MCOU,XX,00169413212,OZEMPIC 0.,2021,4,false,118147.030,72475,64875800.30
FFSU,XX,00169413602,OZEMPIC 1M,2021,4,false,1348.500,397,383432.43
MCOU,XX,00169413602,OZEMPIC 1M,2021,4,false,6524.500,2079,1819089.42
MCOU,XX,00169413611,OZEMPIC 1M,2021,4,false,55.500,19,14450.77
FFSU,XX,00169413001,OZEMPIC 1M,2021,3,true,,,
MCOU,XX,00169413001,OZEMPIC 1M,2021,3,false,135.000,43,37365.93
FFSU,XX,00169413013,OZEMPIC 1M,2021,3,false,35530.000,9670,9765787.95
MCOU,XX,00169413013,OZEMPIC 1M,2021,3,false,149847.000,44099,40971140.96
FFSU,XX,00169413211,OZEMPIC 0.,2021,3,false,33.000,22,18425.78
MCOU,XX,00169413211,OZEMPIC 0.,2021,3,false,143.000,92,77303.86
FFSU,XX,00169413212,OZEMPIC 0.,2021,3,false,27942.000,16549,15127674.36
MCOU,XX,00169413212,OZEMPIC 0.,2021,3,false,108345.030,66309,59257245.65
FFSU,XX,00169413602,OZEMPIC 1M,2021,3,false,6561.500,1979,1797649.10
MCOU,XX,00169413602,OZEMPIC 1M,2021,3,false,19367.000,6116,5343518.41
FFSU,XX,00169413611,OZEMPIC 1M,2021,3,true,,,
MCOU,XX,00169413611,OZEMPIC 1M,2021,3,false,79.500,27,21232.83
FFSU,XX,00169413001,OZEMPIC 1M,2021,2,true,,,
MCOU,XX,00169413001,OZEMPIC 1M,2021,2,true,,,
FFSU,XX,00169413013,OZEMPIC 1M,2021,2,false,7708.000,1981,2162697.21
MCOU,XX,00169413013,OZEMPIC 1M,2021,2,false,25923.000,7352,7099402.07
FFSU,XX,00169413211,OZEMPIC 0.,2021,2,false,16.500,11,9153.28
MCOU,XX,00169413211,OZEMPIC 0.,2021,2,false,111.000,70,59406.19
FFSU,XX,00169413212,OZEMPIC 0.,2021,2,false,25588.000,14937,13920872.39
MCOU,XX,00169413212,OZEMPIC 0.,2021,2,false,94434.300,57678,51517240.79
FFSU,XX,00169413602,OZEMPIC 1M,2021,2,false,30977.500,8776,8475007.25
MCOU,XX,00169413602,OZEMPIC 1M,2021,2,false,117644.033,36114,32196523.58
MCOU,XX,00169413611,OZEMPIC 1M,2021,2,false,117.000,39,32146.00
FFSU,XX,00169413013,OZEMPIC 1M,2021,1,true,,,
MCOU,XX,00169413013,OZEMPIC 1M,2021,1,false,154.000,38,42796.58
FFSU,XX,00169413211,OZEMPIC 0.,2021,1,true,,,
MCOU,XX,00169413211,OZEMPIC 0.,2021,1,false,90.000,60,46460.21
FFSU,XX,00169413212,OZEMPIC 0.,2021,1,false,21758.750,12659,11665340.39
MCOU,XX,00169413212,OZEMPIC 0.,2021,1,false,77376.345,47238,41990213.34
FFSU,XX,00169413602,OZEMPIC 1M,2021,1,false,34334.000,9606,9207933.83
MCOU,XX,00169413602,OZEMPIC 1M,2021,1,false,118573.503,36158,32364182.09
MCOU,XX,00169413611,OZEMPIC 1M,2021,1,false,127.500,33,24168.31
MCOU,NC,00169413013,OZEMPIC   ,2021,4,false,4212.000,1115,1150703.68
FFSU,NC,00169413013,OZEMPIC   ,2021,4,false,1161.000,317,317162.87
FFSU,NC,00169413212,OZEMPIC   ,2021,4,false,552.000,306,301465.91
MCOU,NC,00169413212,OZEMPIC   ,2021,4,false,1773.000,987,965546.13
FFSU,NC,00169413602,OZEMPIC   ,2021,4,false,33.000,11,8998.77
MCOU,NC,00169413602,OZEMPIC   ,2021,4,false,120.000,31,32931.62
MCOU,NC,00169413001,OZEMPIC   ,2021,3,true,,,
FFSU,NC,00169413013,OZEMPIC   ,2021,3,false,1269.500,348,349773.88
MCOU,NC,00169413013,OZEMPIC   ,2021,3,false,3516.000,965,959232.28
MCOU,NC,00169413211,OZEMPIC   ,2021,3,true,,,
FFSU,NC,00169413212,OZEMPIC   ,2021,3,false,862.500,486,470507.90
MCOU,NC,00169413212,OZEMPIC   ,2021,3,false,1729.500,1028,940446.87
MCOU,NC,00169413602,OZEMPIC   ,2021,3,false,327.000,96,89829.51
FFSU,NC,00169413602,OZEMPIC   ,2021,3,false,346.500,103,94398.38
MCOU,NC,00169413611,OZEMPIC   ,2021,3,true,,,
FFSU,NC,00169413013,OZEMPIC   ,2021,2,false,1048.000,257,297416.51
FFSU,NC,00169413211,OZEMPIC   ,2021,2,true,,,
FFSU,NC,00169413212,OZEMPIC   ,2021,2,false,1965.000,1126,1070799.45
FFSU,NC,00169413602,OZEMPIC   ,2021,2,false,2763.000,781,750267.48
FFSU,NC,00169413013,OZEMPIC   ,2021,1,true,,,
FFSU,NC,00169413212,OZEMPIC   ,2021,1,false,1941.000,1108,1040216.96
FFSU,NC,00169413602,OZEMPIC   ,2021,1,false,3930.000,1096,1049152.69
FFSU,ND,00169413013,OZEMPIC 1 ,2021,4,false,144.000,48,40053.12
FFSU,ND,00169413212,OZEMPIC 0.,2021,4,false,33.000,22,18269.44
FFSU,ND,00169413013,OZEMPIC 1 ,2021,3,false,108.000,36,30039.84
FFSU,ND,00169413212,OZEMPIC 0.,2021,3,false,49.500,33,27315.12
FFSU,ND,00169413602,OZEMPIC 1 ,2021,3,true,,,
FFSU,ND,00169413013,OZEMPIC 1 ,2021,2,false,33.000,11,9504.66
FFSU,ND,00169413212,OZEMPIC 0.,2021,2,false,64.500,43,35613.46
FFSU,ND,00169413602,OZEMPIC 1 ,2021,2,false,87.000,29,24051.15
FFSU,ND,00169413013,OZEMPIC 1 ,2021,1,true,,,
FFSU,ND,00169413212,OZEMPIC 0.,2021,1,false,51.000,34,27795.39
FFSU,ND,00169413602,OZEMPIC 1 ,2021,1,false,46.500,17,12698.58
MCOU,NE,00169413013,OZEMPIC 1M,2021,4,false,501.000,167,130599.93
MCOU,NE,00169413212,OZEMPIC 0.,2021,4,false,139.000,142,110697.69
MCOU,NE,00169413602,OZEMPIC 1M,2021,4,true,,,
MCOU,NE,00169413013,OZEMPIC 1M,2021,3,false,390.000,126,101041.26
MCOU,NE,00169413212,OZEMPIC 0.,2021,3,false,146.000,149,121973.93
MCOU,NE,00169413602,OZEMPIC 1M,2021,3,false,69.000,22,18809.77
MCOU,NE,00169413013,OZEMPIC 1M,2021,2,false,78.000,26,21705.61
MCOU,NE,00169413212,OZEMPIC 0.,2021,2,false,132.000,125,107209.65
MCOU,NE,00169413602,OZEMPIC 1M,2021,2,false,294.000,93,82053.80
MCOU,NE,00169413212,OZEMPIC 0.,2021,1,false,93.000,86,75425.28
MCOU,NE,00169413602,OZEMPIC 1M,2021,1,false,321.000,99,85685.45
MCOU,NH,00169413013,OZEMPIC   ,2021,4,false,474.000,131,122153.60
MCOU,NH,00169413212,OZEMPIC   ,2021,4,false,180.000,114,92132.80
FFSU,NH,00169413212,OZEMPIC   ,2021,4,true,,,
MCOU,NH,00169413602,OZEMPIC   ,2021,4,true,,,
MCOU,NH,00169413013,OZEMPIC   ,2021,3,false,360.000,103,87709.84
FFSU,NH,00169413212,OZEMPIC   ,2021,3,true,,,
MCOU,NH,00169413212,OZEMPIC   ,2021,3,false,174.000,114,86497.67
MCOU,NH,00169413602,OZEMPIC   ,2021,3,false,49.500,14,10893.15
MCOU,NH,00169413013,OZEMPIC   ,2021,2,false,39.000,11,10135.39
FFSU,NH,00169413212,OZEMPIC   ,2021,2,true,,,
MCOU,NH,00169413212,OZEMPIC   ,2021,2,false,158.250,101,80713.96
MCOU,NH,00169413602,OZEMPIC   ,2021,2,false,328.500,100,81997.05
MCOU,NH,00169413212,OZEMPIC   ,2021,1,false,130.500,83,62733.62
MCOU,NH,00169413602,OZEMPIC   ,2021,1,false,324.000,102,81946.87
MCOU,NJ,00169413001,OZEMPIC 1M,2021,4,true,,,
MCOU,NJ,00169413013,OZEMPIC 1M,2021,4,false,4521.000,1251,1240050.24
FFSU,NJ,00169413013,OZEMPIC 1M,2021,4,true,,,
MCOU,NJ,00169413211,OZEMPIC 0.,2021,4,true,,,
FFSU,NJ,00169413212,OZEMPIC 0.,2021,4,true,,,
MCOU,NJ,00169413212,OZEMPIC 0.,2021,4,false,2580.500,1531,1428080.71
MCOU,NJ,00169413602,OZEMPIC 1M,2021,4,false,433.500,132,121265.66
MCOU,NJ,00169413611,OZEMPIC 1M,2021,4,true,,,
MCOU,NJ,00169413013,OZEMPIC 1M,2021,3,false,3309.000,893,829717.38
FFSU,NJ,00169413013,OZEMPIC 1M,2021,3,true,,,
MCOU,NJ,00169413211,OZEMPIC 0.,2021,3,true,,,
FFSU,NJ,00169413212,OZEMPIC 0.,2021,3,true,,,
MCOU,NJ,00169413212,OZEMPIC 0.,2021,3,false,2503.500,1493,1272811.61
FFSU,NJ,00169413602,OZEMPIC 1M,2021,3,true,,,
MCOU,NJ,00169413602,OZEMPIC 1M,2021,3,false,771.000,242,187678.51
FFSU,NJ,00169413013,OZEMPIC 1M,2021,2,true,,,
MCOU,NJ,00169413013,OZEMPIC 1M,2021,2,false,655.500,149,154542.39
MCOU,NJ,00169413211,OZEMPIC 0.,2021,2,true,,,
FFSU,NJ,00169413212,OZEMPIC 0.,2021,2,false,18.000,12,9937.20
MCOU,NJ,00169413212,OZEMPIC 0.,2021,2,false,2387.000,1414,1205734.89
FFSU,NJ,00169413602,OZEMPIC 1M,2021,2,true,,,
MCOU,NJ,00169413602,OZEMPIC 1M,2021,2,false,2754.000,813,690340.35
MCOU,NJ,00169413211,OZEMPIC 0.,2021,1,true,,,
FFSU,NJ,00169413212,OZEMPIC 0.,2021,1,true,,,
MCOU,NJ,00169413212,OZEMPIC 0.,2021,1,false,2055.500,1205,1023872.43
MCOU,NJ,00169413602,OZEMPIC 1M,2021,1,false,2815.500,799,695233.54
FFSU,NJ,00169413602,OZEMPIC 1M,2021,1,true,,,
MCOU,NM,00169413013,OZEMPIC 1 ,2021,4,false,843.000,228,139698.64
FFSU,NM,00169413013,OZEMPIC 1 ,2021,4,false,738.000,216,118447.15
FFSU,NM,00169413212,OZEMPIC 0.,2021,4,false,1016.500,614,330180.02
MCOU,NM,00169413212,OZEMPIC 0.,2021,4,false,895.500,528,303581.54
FFSU,NM,00169413602,OZEMPIC 1 ,2021,4,true,,,
MCOU,NM,00169413013,OZEMPIC 1 ,2021,3,false,522.000,140,85595.52
FFSU,NM,00169413013,OZEMPIC 1 ,2021,3,false,294.000,90,48609.00
FFSU,NM,00169413212,OZEMPIC 0.,2021,3,false,765.000,454,247677.14
MCOU,NM,00169413212,OZEMPIC 0.,2021,3,false,805.500,480,273292.25
MCOU,NM,00169413602,OZEMPIC 1 ,2021,3,false,88.500,25,15542.45
FFSU,NM,00169413602,OZEMPIC 1 ,2021,3,false,145.500,37,19826.82
FFSU,NM,00169413013,OZEMPIC 1 ,2021,2,true,,,
MCOU,NM,00169413013,OZEMPIC 1 ,2021,2,false,69.000,15,17881.40
MCOU,NM,00169413212,OZEMPIC 0.,2021,2,false,493.500,293,164359.04
FFSU,NM,00169413212,OZEMPIC 0.,2021,2,false,471.500,282,160421.18
FFSU,NM,00169413602,OZEMPIC 1 ,2021,2,false,279.000,78,43964.55
MCOU,NM,00169413602,OZEMPIC 1 ,2021,2,false,354.000,87,49954.34
MCOU,NM,00169413211,OZEMPIC 0.,2021,1,true,,,
MCOU,NM,00169413212,OZEMPIC 0.,2021,1,false,250.500,154,119772.82
FFSU,NM,00169413212,OZEMPIC 0.,2021,1,false,220.500,138,104149.54
MCOU,NM,00169413602,OZEMPIC 1 ,2021,1,false,235.500,60,51407.03
FFSU,NM,00169413602,OZEMPIC 1 ,2021,1,false,216.000,63,44674.13
FFSU,NV,00169413013,OZEMPIC 1M,2021,4,false,891.000,149,245438.66
MCOU,NV,00169413013,OZEMPIC 1M,2021,4,false,1848.000,614,530503.59
FFSU,NV,00169413212,OZEMPIC 0.,2021,4,false,661.500,248,363296.79
MCOU,NV,00169413212,OZEMPIC 0.,2021,4,false,1023.000,674,582362.71
FFSU,NV,00169413602,OZEMPIC 1M,2021,4,true,,,
MCOU,NV,00169413602,OZEMPIC 1M,2021,4,false,96.000,32,26733.44
MCOU,NV,00169413013,OZEMPIC 1M,2021,3,false,1860.000,609,517322.11
FFSU,NV,00169413013,OZEMPIC 1M,2021,3,false,597.000,113,164748.25
MCOU,NV,00169413212,OZEMPIC 0.,2021,3,false,1510.500,996,836476.69
FFSU,NV,00169413212,OZEMPIC 0.,2021,3,false,594.000,219,325826.77
FFSU,NV,00169413602,OZEMPIC 1M,2021,3,true,,,
MCOU,NV,00169413602,OZEMPIC 1M,2021,3,false,283.500,95,78739.33
FFSU,NV,00169413013,OZEMPIC 1M,2021,2,false,138.000,23,39407.51
MCOU,NV,00169413013,OZEMPIC 1M,2021,2,false,129.000,43,37444.04
FFSU,NV,00169413211,OZEMPIC 0.,2021,2,true,,,
FFSU,NV,00169413212,OZEMPIC 0.,2021,2,false,447.000,192,245466.99
MCOU,NV,00169413212,OZEMPIC 0.,2021,2,false,1029.000,681,585785.49
MCOU,NV,00169413602,OZEMPIC 1M,2021,2,false,1945.500,647,542755.58
FFSU,NV,00169413602,OZEMPIC 1M,2021,2,false,375.000,85,103131.29
MCOU,NV,00169413013,OZEMPIC 1M,2021,1,true,,,
FFSU,NV,00169413212,OZEMPIC 0.,2021,1,false,237.000,107,128334.35
MCOU,NV,00169413212,OZEMPIC 0.,2021,1,false,1147.500,758,621996.31
MCOU,NV,00169413602,OZEMPIC 1M,2021,1,false,1926.500,634,531586.81
FFSU,NV,00169413602,OZEMPIC 1M,2021,1,false,493.500,103,132352.92
FFSU,NY,00169413001,OZEMPIC   ,2021,4,true,,,
MCOU,NY,00169413001,OZEMPIC   ,2021,4,false,84.000,27,23101.97
MCOU,NY,00169413013,OZEMPIC   ,2021,4,false,40162.500,12923,10929450.48
FFSU,NY,00169413013,OZEMPIC   ,2021,4,false,1363.000,354,373319.57
FFSU,NY,00169413211,OZEMPIC   ,2021,4,true,,,
MCOU,NY,00169413211,OZEMPIC   ,2021,4,false,97.000,62,51442.94
MCOU,NY,00169413212,OZEMPIC   ,2021,4,false,26594.000,17228,14478163.70
FFSU,NY,00169413212,OZEMPIC   ,2021,4,false,821.000,459,450491.02
MCOU,NY,00169413602,OZEMPIC   ,2021,4,false,2227.000,748,608375.61
FFSU,NY,00169413602,OZEMPIC   ,2021,4,false,123.000,35,33828.49
MCOU,NY,00169413611,OZEMPIC   ,2021,4,true,,,
MCOU,NY,00169413001,OZEMPIC   ,2021,3,false,78.000,26,21609.04
FFSU,NY,00169413013,OZEMPIC   ,2021,3,false,867.000,232,237911.33
MCOU,NY,00169413013,OZEMPIC   ,2021,3,false,30980.500,9913,8436876.49
MCOU,NY,00169413211,OZEMPIC   ,2021,3,false,68.000,44,35938.13
FFSU,NY,00169413212,OZEMPIC   ,2021,3,false,671.500,375,366814.38
MCOU,NY,00169413212,OZEMPIC   ,2021,3,false,24067.000,15542,13101722.06
MCOU,NY,00169413602,OZEMPIC   ,2021,3,false,4885.500,1616,1332754.67
FFSU,NY,00169413602,OZEMPIC   ,2021,3,false,268.500,82,73474.70
MCOU,NY,00169413611,OZEMPIC   ,2021,3,true,,,
MCOU,NY,00169413001,OZEMPIC   ,2021,2,true,,,
FFSU,NY,00169413013,OZEMPIC   ,2021,2,false,111.000,25,30216.00
MCOU,NY,00169413013,OZEMPIC   ,2021,2,false,3927.500,1188,1070383.15
MCOU,NY,00169413211,OZEMPIC   ,2021,2,false,35.000,23,18830.99
FFSU,NY,00169413212,OZEMPIC   ,2021,2,false,579.000,326,314772.76
MCOU,NY,00169413212,OZEMPIC   ,2021,2,false,21158.500,13718,11518439.12
MCOU,NY,00169413602,OZEMPIC   ,2021,2,false,27179.500,8846,7400489.88
FFSU,NY,00169413602,OZEMPIC   ,2021,2,false,907.500,261,247959.02
MCOU,NY,00169413611,OZEMPIC   ,2021,2,true,,,
MCOU,NY,00169413013,OZEMPIC   ,2021,1,false,63.000,15,17291.72
MCOU,NY,00169413211,OZEMPIC   ,2021,1,false,31.500,21,16984.40
MCOU,NY,00169413212,OZEMPIC   ,2021,1,false,17530.500,11339,9468611.20
FFSU,NY,00169413212,OZEMPIC   ,2021,1,false,493.500,290,264406.19
MCOU,NY,00169413602,OZEMPIC   ,2021,1,false,24893.500,8082,6730196.66
FFSU,NY,00169413602,OZEMPIC   ,2021,1,false,943.500,266,254085.65
MCOU,NY,00169413611,OZEMPIC   ,2021,1,true,,,
FFSU,OH,00169413013,OZEMPIC 1M,2021,4,false,135.000,41,33230.98
MCOU,OH,00169413013,OZEMPIC 1M,2021,4,false,7356.000,2388,2008861.27
MCOU,OH,00169413211,OZEMPIC 0.,2021,4,true,,,
MCOU,OH,00169413212,OZEMPIC 0.,2021,4,false,3461.000,2237,1892076.05
FFSU,OH,00169413212,OZEMPIC 0.,2021,4,false,66.000,42,36276.65
FFSU,OH,00169413602,OZEMPIC 1M,2021,4,true,,,
MCOU,OH,00169413602,OZEMPIC 1M,2021,4,false,136.500,44,36130.76
MCOU,OH,00169413611,OZEMPIC 1M,2021,4,true,,,
FFSU,OH,00169413013,OZEMPIC 1M,2021,3,false,90.000,30,22473.32
MCOU,OH,00169413013,OZEMPIC 1M,2021,3,false,5605.500,1803,1525221.86
MCOU,OH,00169413212,OZEMPIC 0.,2021,3,false,3052.500,1983,1668656.54
FFSU,OH,00169413212,OZEMPIC 0.,2021,3,false,63.000,38,33786.03
FFSU,OH,00169413602,OZEMPIC 1M,2021,3,true,,,
MCOU,OH,00169413602,OZEMPIC 1M,2021,3,false,702.000,236,191452.37
MCOU,OH,00169413611,OZEMPIC 1M,2021,3,true,,,
MCOU,OH,00169413001,OZEMPIC 1M,2021,2,true,,,
MCOU,OH,00169413013,OZEMPIC 1M,2021,2,false,717.000,201,194558.83
FFSU,OH,00169413013,OZEMPIC 1M,2021,2,true,,,
MCOU,OH,00169413211,OZEMPIC 0.,2021,2,true,,,
FFSU,OH,00169413212,OZEMPIC 0.,2021,2,false,75.000,45,38145.66
MCOU,OH,00169413212,OZEMPIC 0.,2021,2,false,2683.500,1649,1475202.49
FFSU,OH,00169413602,OZEMPIC 1M,2021,2,false,90.000,28,22696.08
MCOU,OH,00169413602,OZEMPIC 1M,2021,2,false,5136.000,1614,1410157.10
MCOU,OH,00169413013,OZEMPIC 1M,2021,1,true,,,
MCOU,OH,00169413211,OZEMPIC 0.,2021,1,true,,,
FFSU,OH,00169413212,OZEMPIC 0.,2021,1,false,69.000,44,35583.51
MCOU,OH,00169413212,OZEMPIC 0.,2021,1,false,2266.500,1424,1235129.94
FFSU,OH,00169413602,OZEMPIC 1M,2021,1,false,57.000,17,13196.63
MCOU,OH,00169413602,OZEMPIC 1M,2021,1,false,4940.000,1566,1349557.31
FFSU,OK,00169413013,OZEMPIC 1M,2021,4,false,774.000,258,212826.28
FFSU,OK,00169413212,OZEMPIC 0.,2021,4,false,351.000,234,190201.90
FFSU,OK,00169413602,OZEMPIC 1M,2021,4,true,,,
FFSU,OK,00169413013,OZEMPIC 1M,2021,3,false,450.000,150,123137.44
FFSU,OK,00169413212,OZEMPIC 0.,2021,3,false,262.500,175,141724.03
FFSU,OK,00169413602,OZEMPIC 1M,2021,3,false,90.000,30,24849.00
FFSU,OK,00169413013,OZEMPIC 1M,2021,2,false,102.000,34,28195.21
FFSU,OK,00169413212,OZEMPIC 0.,2021,2,false,201.000,134,109848.97
FFSU,OK,00169413602,OZEMPIC 1M,2021,2,false,342.000,115,92601.99
FFSU,OK,00169413212,OZEMPIC 0.,2021,1,false,169.500,113,91869.13
FFSU,OK,00169413602,OZEMPIC 1M,2021,1,false,305.000,102,79592.75
FFSU,OR,00169413013,OZEMPIC 1M,2021,4,false,75.000,25,15244.70
MCOU,OR,00169413013,OZEMPIC 1M,2021,4,false,1194.000,367,325240.12
FFSU,OR,00169413212,OZEMPIC 0.,2021,4,false,40.500,27,22310.81
MCOU,OR,00169413212,OZEMPIC 0.,2021,4,false,651.000,408,356968.84
MCOU,OR,00169413602,OZEMPIC   ,2021,4,true,,,
FFSU,OR,00169413013,OZEMPIC 1M,2021,3,false,36.000,12,6765.68
MCOU,OR,00169413013,OZEMPIC 1M,2021,3,false,741.000,214,199914.57
MCOU,OR,00169413212,OZEMPIC 0.,2021,3,false,453.000,280,249351.20
FFSU,OR,00169413212,OZEMPIC 0.,2021,3,false,30.000,19,9948.50
FFSU,OR,00169413602,OZEMPIC 1M,2021,3,true,,,
MCOU,OR,00169413602,OZEMPIC 1M,2021,3,false,42.000,14,10168.65
MCOU,OR,00169413013,OZEMPIC 1M,2021,2,false,123.000,32,33781.76
FFSU,OR,00169413212,OZEMPIC 0.,2021,2,true,,,
MCOU,OR,00169413212,OZEMPIC 0.,2021,2,false,384.000,235,212549.57
MCOU,OR,00169413602,OZEMPIC 1M,2021,2,false,561.000,168,152734.74
FFSU,OR,00169413602,OZEMPIC 1M,2021,2,false,63.000,21,17337.83
MCOU,OR,00169413013,OZEMPIC   ,2021,1,true,,,
MCOU,OR,00169413212,OZEMPIC 0.,2021,1,false,321.000,205,176405.84
FFSU,OR,00169413212,OZEMPIC 0.,2021,1,true,,,
MCOU,OR,00169413602,OZEMPIC 1M,2021,1,false,615.000,189,167342.50
FFSU,OR,00169413602,OZEMPIC 1M,2021,1,false,96.000,29,25896.69
MCOU,PA,00169413001,OZEMPIC 1M,2021,4,true,,,
FFSU,PA,00169413013,OZEMPIC 1M,2021,4,false,465.000,122,127591.21
MCOU,PA,00169413013,OZEMPIC 1M,2021,4,false,14253.000,4015,3922985.65
MCOU,PA,00169413211,OZEMPIC 0.,2021,4,true,,,
FFSU,PA,00169413212,OZEMPIC 0.,2021,4,false,216.000,120,118048.17
MCOU,PA,00169413212,OZEMPIC 0.,2021,4,false,11470.500,7023,6306768.66
MCOU,PA,00169413602,OZEMPIC 1M,2021,4,false,205.500,65,54005.75
FFSU,PA,00169413602,OZEMPIC 1M,2021,4,true,,,
FFSU,PA,00169413013,OZEMPIC 1M,2021,3,false,357.000,98,100122.10
MCOU,PA,00169413013,OZEMPIC 1M,2021,3,false,9998.000,2758,2747298.05
MCOU,PA,00169413211,OZEMPIC 0.,2021,3,true,,,
MCOU,PA,00169413212,OZEMPIC 0.,2021,3,false,10010.500,6160,5514580.94
FFSU,PA,00169413212,OZEMPIC 0.,2021,3,false,177.000,98,105165.79
MCOU,PA,00169413602,OZEMPIC 1M,2021,3,false,907.500,284,249309.55
FFSU,PA,00169413602,OZEMPIC 1M,2021,3,false,42.000,12,12022.91
MCOU,PA,00169413611,OZEMPIC 1M,2021,3,true,,,
FFSU,PA,00169413013,OZEMPIC 1M,2021,2,true,,,
MCOU,PA,00169413013,OZEMPIC 1M,2021,2,false,1772.000,443,482193.87
MCOU,PA,00169413211,OZEMPIC 0.,2021,2,true,,,
FFSU,PA,00169413212,OZEMPIC 0.,2021,2,false,142.500,72,77829.48
MCOU,PA,00169413212,OZEMPIC 0.,2021,2,false,7300.500,4487,4017036.74
MCOU,PA,00169413602,OZEMPIC 1M,2021,2,false,6143.000,1805,1685393.97
FFSU,PA,00169413602,OZEMPIC 1M,2021,2,false,322.500,90,87908.18
MCOU,PA,00169413013,OZEMPIC 1M,2021,1,true,,,
MCOU,PA,00169413211,OZEMPIC 0.,2021,1,true,,,
FFSU,PA,00169413212,OZEMPIC 0.,2021,1,false,111.000,60,58737.70
MCOU,PA,00169413212,OZEMPIC 0.,2021,1,false,4003.300,2442,2176341.56
FFSU,PA,00169413602,OZEMPIC 1M,2021,1,false,246.000,67,65354.42
MCOU,PA,00169413602,OZEMPIC 1M,2021,1,false,5097.000,1480,1380039.42
FFSU,RI,00169413013,OZEMPIC 1M,2021,4,true,,,
MCOU,RI,00169413013,OZEMPIC 1M,2021,4,false,720.000,222,190487.36
MCOU,RI,00169413212,OZEMPIC 0.,2021,4,false,571.500,377,306048.90
FFSU,RI,00169413212,OZEMPIC 0.,2021,4,true,,,
MCOU,RI,00169413602,OZEMPIC 1M,2021,4,true,,,
MCOU,RI,00169413013,OZEMPIC 1M,2021,3,false,537.000,169,142534.23
FFSU,RI,00169413212,OZEMPIC 0.,2021,3,true,,,
MCOU,RI,00169413212,OZEMPIC 0.,2021,3,false,439.500,289,240124.88
MCOU,RI,00169413602,OZEMPIC 1M,2021,3,false,81.000,25,22533.21
MCOU,RI,00169413013,OZEMPIC 1M,2021,2,false,141.000,41,39826.36
FFSU,RI,00169413212,OZEMPIC 0.,2021,2,true,,,
MCOU,RI,00169413212,OZEMPIC 0.,2021,2,false,219.000,146,120642.90
MCOU,RI,00169413602,OZEMPIC 1M,2021,2,false,250.500,77,64069.74
MCOU,RI,00169413212,OZEMPIC 0.,2021,1,false,274.500,179,145032.60
FFSU,RI,00169413212,OZEMPIC 0.,2021,1,true,,,
MCOU,RI,00169413602,OZEMPIC 1M,2021,1,false,393.000,123,103423.75
MCOU,SC,00169413013,OZEMPIC   ,2021,4,false,4039.500,1371,1101409.74
FFSU,SC,00169413013,OZEMPIC   ,2021,4,false,78.000,26,21558.31
MCOU,SC,00169413212,OZEMPIC   ,2021,4,false,2403.000,1653,1335455.83
FFSU,SC,00169413212,OZEMPIC   ,2021,4,false,36.000,24,20566.89
MCOU,SC,00169413602,OZEMPIC   ,2021,4,false,105.000,38,28315.89
MCOU,SC,00169413013,OZEMPIC   ,2021,3,false,2595.000,869,679312.42
FFSU,SC,00169413013,OZEMPIC   ,2021,3,false,48.000,16,13287.72
MCOU,SC,00169413212,OZEMPIC   ,2021,3,false,2145.000,1481,1171217.19
FFSU,SC,00169413212,OZEMPIC   ,2021,3,false,37.500,25,20363.57
MCOU,SC,00169413602,OZEMPIC   ,2021,3,false,414.000,146,112679.73
FFSU,SC,00169413602,OZEMPIC   ,2021,3,true,,,
MCOU,SC,00169413013,OZEMPIC   ,2021,2,false,423.000,141,109672.49
FFSU,SC,00169413013,OZEMPIC   ,2021,2,true,,,
MCOU,SC,00169413212,OZEMPIC   ,2021,2,false,1816.500,1242,984424.38
FFSU,SC,00169413212,OZEMPIC   ,2021,2,false,33.000,22,17584.78
FFSU,SC,00169413602,OZEMPIC   ,2021,2,false,84.000,28,23206.28
MCOU,SC,00169413602,OZEMPIC   ,2021,2,false,2697.000,908,705962.01
MCOU,SC,00169413013,OZEMPIC   ,2021,1,true,,,
FFSU,SC,00169413212,OZEMPIC   ,2021,1,false,40.500,27,21346.93
MCOU,SC,00169413212,OZEMPIC   ,2021,1,false,1623.000,1077,846180.58
FFSU,SC,00169413602,OZEMPIC   ,2021,1,false,70.500,24,18950.23
MCOU,SC,00169413602,OZEMPIC   ,2021,1,false,2398.500,794,625925.43
FFSU,SD,00169413013,OZEMPIC 1M,2021,4,false,564.000,188,156515.64
FFSU,SD,00169413212,OZEMPIC 0.,2021,4,false,289.500,187,159857.20
FFSU,SD,00169413013,OZEMPIC 1M,2021,3,false,462.000,153,126629.96
FFSU,SD,00169413212,OZEMPIC 0.,2021,3,false,318.000,208,171112.83
FFSU,SD,00169413602,OZEMPIC 1M,2021,3,true,,,
FFSU,SD,00169413013,OZEMPIC 1M,2021,2,false,72.000,23,20620.66
FFSU,SD,00169413212,OZEMPIC 0.,2021,2,false,282.000,175,150837.01
FFSU,SD,00169413602,OZEMPIC 1M,2021,2,false,339.000,105,92138.87
FFSU,SD,00169413212,OZEMPIC 0.,2021,1,false,216.000,140,112420.06
FFSU,SD,00169413602,OZEMPIC 1M,2021,1,false,357.000,114,94272.71
FFSU,TN,00169413001,OZEMPIC 1M,2021,4,true,,,
FFSU,TN,00169413013,OZEMPIC 1M,2021,4,false,4461.000,1487,1235766.82
FFSU,TN,00169413211,OZEMPIC 0.,2021,4,true,,,
FFSU,TN,00169413212,OZEMPIC 0.,2021,4,false,3304.500,2198,1822087.95
FFSU,TN,00169413602,OZEMPIC 1M,2021,4,false,78.000,27,21515.68
FFSU,TN,00169413013,OZEMPIC 1M,2021,3,false,2619.000,873,725717.89
FFSU,TN,00169413211,OZEMPIC 0.,2021,3,false,19.500,13,10775.47
FFSU,TN,00169413212,OZEMPIC 0.,2021,3,false,1902.000,1265,1047657.79
FFSU,TN,00169413602,OZEMPIC 1M,2021,3,false,447.000,152,123172.82
FFSU,TN,00169413611,OZEMPIC 1M,2021,3,true,,,
FFSU,TN,00169413013,OZEMPIC 1M,2021,2,false,621.000,207,172818.80
FFSU,TN,00169413211,OZEMPIC 0.,2021,2,true,,,
FFSU,TN,00169413212,OZEMPIC 0.,2021,2,false,1350.000,897,743673.81
MCOU,TN,00169413602,OZEMPIC 1M,2021,2,true,,,
FFSU,TN,00169413602,OZEMPIC 1M,2021,2,false,1669.500,562,459855.61
FFSU,TN,00169413211,OZEMPIC 0.,2021,1,true,,,
FFSU,TN,00169413212,OZEMPIC 0.,2021,1,false,1099.500,730,593424.44
FFSU,TN,00169413602,OZEMPIC 1M,2021,1,false,2061.000,691,556462.70
FFSU,TX,00169413013,OZEMPIC 1 ,2021,4,true,,,
MCOU,TX,00169413013,OZEMPIC 1 ,2021,4,false,5169.000,1653,1412969.05
FFSU,TX,00169413212,OZEMPIC 0.,2021,4,false,27.000,11,15107.76
MCOU,TX,00169413212,OZEMPIC 0.,2021,4,false,2965.500,1749,1619458.94
MCOU,TX,00169413602,OZEMPIC 1 ,2021,4,false,142.500,48,39076.03
FFSU,TX,00169413602,OZEMPIC 1 ,2021,4,true,,,
FFSU,TX,00169413013,OZEMPIC 1 ,2021,3,true,,,
MCOU,TX,00169413013,OZEMPIC 1 ,2021,3,false,3486.000,1107,952371.71
MCOU,TX,00169413212,OZEMPIC 0.,2021,3,false,2678.000,1574,1461484.79
FFSU,TX,00169413212,OZEMPIC 0.,2021,3,true,,,
MCOU,TX,00169413602,OZEMPIC 1 ,2021,3,false,435.000,142,118773.59
FFSU,TX,00169413013,OZEMPIC 1 ,2021,2,true,,,
MCOU,TX,00169413013,OZEMPIC 1 ,2021,2,false,538.000,158,146958.70
MCOU,TX,00169413212,OZEMPIC 0.,2021,2,false,2223.000,1334,1213124.04
FFSU,TX,00169413212,OZEMPIC 0.,2021,2,true,,,
FFSU,TX,00169413602,OZEMPIC 1 ,2021,2,true,,,
MCOU,TX,00169413602,OZEMPIC 1 ,2021,2,false,2911.500,883,794799.85
FFSU,TX,00169413212,OZEMPIC 0.,2021,1,true,,,
MCOU,TX,00169413212,OZEMPIC 0.,2021,1,false,1855.500,1117,1009020.20
MCOU,TX,00169413602,OZEMPIC 1 ,2021,1,false,2691.500,821,732441.46
FFSU,TX,00169413602,OZEMPIC 1 ,2021,1,true,,,
FFSU,UT,00169413013,OZEMPIC 1M,2021,4,false,66.000,22,18257.76
MCOU,UT,00169413013,OZEMPIC 1M,2021,4,false,777.000,249,255105.96
MCOU,UT,00169413212,OZEMPIC 0.,2021,4,false,382.500,245,263471.31
FFSU,UT,00169413212,OZEMPIC 0.,2021,4,false,34.500,20,18659.31
MCOU,UT,00169413602,OZEMPIC 1M,2021,4,true,,,
FFSU,UT,00169413602,OZEMPIC 1M,2021,4,true,,,
FFSU,UT,00169413013,OZEMPIC 1M,2021,3,true,,,
MCOU,UT,00169413013,OZEMPIC 1M,2021,3,false,591.000,187,218077.05
FFSU,UT,00169413212,OZEMPIC 0.,2021,3,false,31.500,16,15927.96
MCOU,UT,00169413212,OZEMPIC 0.,2021,3,false,304.500,196,228410.83
MCOU,UT,00169413602,OZEMPIC 1M,2021,3,false,40.500,14,46554.94
FFSU,UT,00169413602,OZEMPIC 1M,2021,3,true,,,
MCOU,UT,00169413013,OZEMPIC 1M,2021,2,false,99.000,33,39581.39
FFSU,UT,00169413212,OZEMPIC 0.,2021,2,false,27.000,16,14499.13
MCOU,UT,00169413212,OZEMPIC 0.,2021,2,false,291.000,186,201313.27
MCOU,UT,00169413602,OZEMPIC 1M,2021,2,false,403.500,129,134008.32
FFSU,UT,00169413602,OZEMPIC 1M,2021,2,false,48.000,16,11964.18
MCOU,UT,00169413212,OZEMPIC 0.,2021,1,false,267.000,164,178454.90
FFSU,UT,00169413212,OZEMPIC 0.,2021,1,false,84.000,55,42045.07
MCOU,UT,00169413602,OZEMPIC 1M,2021,1,false,358.500,120,116828.56
FFSU,UT,00169413602,OZEMPIC 1M,2021,1,false,130.500,44,31606.60
MCOU,VA,00169413001,OZEMPIC   ,2021,4,true,,,
MCOU,VA,00169413013,OZEMPIC   ,2021,4,false,3810.000,1212,1050555.90
FFSU,VA,00169413013,OZEMPIC   ,2021,4,true,,,
FFSU,VA,00169413212,OZEMPIC   ,2021,4,true,,,
MCOU,VA,00169413212,OZEMPIC   ,2021,4,false,1806.000,1160,987333.85
MCOU,VA,00169413602,OZEMPIC   ,2021,4,false,124.500,40,34372.60
FFSU,VA,00169413013,OZEMPIC   ,2021,3,true,,,
MCOU,VA,00169413013,OZEMPIC   ,2021,3,false,3367.000,797,917033.78
MCOU,VA,00169413212,OZEMPIC   ,2021,3,false,1882.500,1033,1025488.73
FFSU,VA,00169413212,OZEMPIC   ,2021,3,true,,,
MCOU,VA,00169413602,OZEMPIC   ,2021,3,false,468.000,131,128250.95
MCOU,VA,00169413611,OZEMPIC   ,2021,3,true,,,
MCOU,VA,00169413013,OZEMPIC   ,2021,2,false,600.000,149,164578.96
MCOU,VA,00169413211,OZEMPIC   ,2021,2,true,,,
FFSU,VA,00169413212,OZEMPIC   ,2021,2,true,,,
MCOU,VA,00169413212,OZEMPIC   ,2021,2,false,1683.000,900,917435.31
MCOU,VA,00169413602,OZEMPIC   ,2021,2,false,2377.500,612,648685.80
MCOU,VA,00169413611,OZEMPIC   ,2021,2,true,,,
MCOU,VA,00169413013,OZEMPIC   ,2021,1,true,,,
FFSU,VA,00169413212,OZEMPIC   ,2021,1,true,,,
MCOU,VA,00169413212,OZEMPIC   ,2021,1,false,1447.000,783,788009.86
MCOU,VA,00169413602,OZEMPIC   ,2021,1,false,2335.500,615,640940.27
FFSU,VA,00169413602,OZEMPIC   ,2021,1,true,,,
MCOU,VA,00169413611,OZEMPIC   ,2021,1,true,,,
FFSU,VT,00169413013,OZEMPIC 1M,2021,4,false,735.000,239,203337.14
FFSU,VT,00169413212,OZEMPIC 0.,2021,4,false,193.500,125,101718.99
FFSU,VT,00169413013,OZEMPIC 1M,2021,3,false,543.000,173,143051.88
FFSU,VT,00169413212,OZEMPIC 0.,2021,3,false,162.000,108,87551.86
FFSU,VT,00169413602,OZEMPIC 1M,2021,3,false,87.000,27,19956.48
FFSU,VT,00169413013,OZEMPIC 1M,2021,2,false,75.000,23,20072.09
FFSU,VT,00169413212,OZEMPIC 0.,2021,2,false,169.500,109,88742.65
FFSU,VT,00169413602,OZEMPIC 1M,2021,2,false,540.000,178,145257.52
FFSU,VT,00169413212,OZEMPIC 0.,2021,1,false,175.500,113,91966.53
FFSU,VT,00169413602,OZEMPIC 1M,2021,1,false,565.500,183,147652.66
MCOU,WA,00169413013,OZEMPIC 1M,2021,4,false,1677.000,526,444420.69
FFSU,WA,00169413013,OZEMPIC 1M,2021,4,false,48.000,16,12569.63
FFSU,WA,00169413212,OZEMPIC 0.,2021,4,false,28.500,19,13128.10
MCOU,WA,00169413212,OZEMPIC 0.,2021,4,false,747.000,462,385984.64
MCOU,WA,00169413602,OZEMPIC 1M,2021,4,true,,,
MCOU,WA,00169413013,OZEMPIC 1M,2021,3,false,1185.000,364,309242.27
FFSU,WA,00169413013,OZEMPIC 1M,2021,3,false,102.000,34,28120.82
MCOU,WA,00169413212,OZEMPIC 0.,2021,3,false,601.500,381,309225.31
FFSU,WA,00169413212,OZEMPIC 0.,2021,3,false,142.500,86,51445.63
MCOU,WA,00169413602,OZEMPIC 1M,2021,3,false,66.000,21,17862.60
FFSU,WA,00169413602,OZEMPIC 1M,2021,3,false,33.000,11,8954.63
MCOU,WA,00169413013,OZEMPIC 1M,2021,2,false,156.000,51,40251.03
FFSU,WA,00169413013,OZEMPIC 1M,2021,2,true,,,
MCOU,WA,00169413212,OZEMPIC 0.,2021,2,false,444.000,277,226491.52
FFSU,WA,00169413212,OZEMPIC 0.,2021,2,false,60.000,36,31515.99
MCOU,WA,00169413602,OZEMPIC 1M,2021,2,false,861.000,266,224719.84
FFSU,WA,00169413602,OZEMPIC 1M,2021,2,false,63.000,21,17243.73
FFSU,WA,00169413212,OZEMPIC 0.,2021,1,false,24.000,16,12948.12
MCOU,WA,00169413212,OZEMPIC 0.,2021,1,false,340.500,211,172982.33
FFSU,WA,00169413602,OZEMPIC 1M,2021,1,false,48.000,16,12711.89
MCOU,WA,00169413602,OZEMPIC 1M,2021,1,false,814.500,250,207663.99
FFSU,WI,00169413013,OZEMPIC 1M,2021,4,false,195.000,47,53548.71
FFSU,WI,00169413212,OZEMPIC 0.,2021,4,false,88.500,45,48766.88
FFSU,WI,00169413602,OZEMPIC 1M,2021,4,true,,,
FFSU,WI,00169413013,OZEMPIC 1M,2021,3,false,123.000,27,34065.00
FFSU,WI,00169413212,OZEMPIC 0.,2021,3,false,69.000,34,37960.10
FFSU,WI,00169413602,OZEMPIC 1M,2021,3,true,,,
FFSU,WI,00169413013,OZEMPIC 1M,2021,2,true,,,
FFSU,WI,00169413212,OZEMPIC 0.,2021,2,false,37.500,21,20655.37
FFSU,WI,00169413602,OZEMPIC 1M,2021,2,false,123.000,35,33431.58
FFSU,WI,00169413212,OZEMPIC 0.,2021,1,false,51.000,27,27727.95
FFSU,WI,00169413602,OZEMPIC 1M,2021,1,false,159.000,45,42933.06
FFSU,WV,00169413013,OZEMPIC 1 ,2021,4,false,5862.000,1634,1618048.90
FFSU,WV,00169413211,OZEMPIC 0.,2021,4,true,,,
FFSU,WV,00169413212,OZEMPIC 0.,2021,4,false,4746.000,3135,2611413.35
FFSU,WV,00169413602,OZEMPIC 1 ,2021,4,false,204.000,65,56167.37
FFSU,WV,00169413013,OZEMPIC 1 ,2021,3,false,3951.000,1082,1093950.12
FFSU,WV,00169413211,OZEMPIC 0.,2021,3,true,,,
FFSU,WV,00169413212,OZEMPIC 0.,2021,3,false,4729.500,3133,2599701.34
FFSU,WV,00169413602,OZEMPIC 1 ,2021,3,false,1519.500,456,416858.73
FFSU,WV,00169413013,OZEMPIC 1 ,2021,2,false,494.000,132,140691.24
FFSU,WV,00169413211,OZEMPIC 0.,2021,2,true,,,
FFSU,WV,00169413212,OZEMPIC 0.,2021,2,false,4050.000,2692,2225282.15
FFSU,WV,00169413602,OZEMPIC 1 ,2021,2,false,4113.000,1227,1127259.25
FFSU,WV,00169413211,OZEMPIC 0.,2021,1,true,,,
FFSU,WV,00169413212,OZEMPIC 0.,2021,1,false,3453.000,2293,1842274.09
FFSU,WV,00169413602,OZEMPIC 1 ,2021,1,false,3685.500,1142,983274.32
FFSU,WY,00169413013,OZEMPIC 1M,2021,4,false,51.000,15,9183.12
FFSU,WY,00169413212,OZEMPIC 0.,2021,4,false,25.500,17,13203.35
FFSU,WY,00169413013,OZEMPIC 1M,2021,3,false,36.000,12,9140.13
FFSU,WY,00169413212,OZEMPIC 0.,2021,3,false,34.500,19,15738.07
FFSU,WY,00169413602,OZEMPIC 1M,2021,3,true,,,
FFSU,WY,00169413013,OZEMPIC 1M,2021,2,true,,,
FFSU,WY,00169413212,OZEMPIC 0.,2021,2,false,30.000,17,15659.75
FFSU,WY,00169413602,OZEMPIC 1M,2021,2,true,,,
FFSU,WY,00169413212,OZEMPIC 0.,2021,1,false,30.000,16,12925.32
FFSU,WY,00169413602,OZEMPIC 1M,2021,1,true,,,
MCOU,AZ,00169450114,WEGOVY    ,2021,4,false,36.000,18,23769.98
MCOU,AZ,00169450514,WEGOVY    ,2021,4,false,38.000,18,25133.38
MCOU,AZ,00169451714,WEGOVY    ,2021,4,true,,,
MCOU,AZ,00169452414,WEGOVY    ,2021,4,false,51.000,15,22107.55
MCOU,AZ,00169452514,WEGOVY    ,2021,4,false,77.500,38,50806.27
MCOU,AZ,00169450114,WEGOVY    ,2021,3,true,,,
MCOU,AZ,00169450514,WEGOVY    ,2021,3,false,28.000,13,18379.57
MCOU,AZ,00169452514,WEGOVY    ,2021,3,false,24.000,12,15629.76
MCOU,CA,00169450114,WEGOVY 1MG,2021,4,false,250.000,121,158255.35
FFSU,CA,00169450114,WEGOVY 1MG,2021,4,false,46.000,24,33482.39
MCOU,CA,00169450514,WEGOVY 0.5,2021,4,false,424.000,208,266133.83
FFSU,CA,00169450514,WEGOVY 0.5,2021,4,false,70.000,35,47486.74
MCOU,CA,00169451714,WEGOVY 1.7,2021,4,false,295.000,95,112339.74
FFSU,CA,00169451714,WEGOVY 1.7,2021,4,false,51.000,18,24620.74
MCOU,CA,00169452414,WEGOVY 2.4,2021,4,false,366.000,110,127908.82
FFSU,CA,00169452414,WEGOVY 2.4,2021,4,false,30.000,11,14917.63
FFSU,CA,00169452514,WEGOVY 0.2,2021,4,false,57.000,28,38958.25
MCOU,CA,00169452514,WEGOVY 0.2,2021,4,false,563.500,280,345710.64
FFSU,CA,00169450114,WEGOVY 1MG,2021,3,true,,,
MCOU,CA,00169450114,WEGOVY 1MG,2021,3,false,36.000,17,21069.89
FFSU,CA,00169450514,WEGOVY 0.5,2021,3,false,30.000,15,21155.55
MCOU,CA,00169450514,WEGOVY 0.5,2021,3,false,110.000,49,65666.77
MCOU,CA,00169451714,WEGOVY 1.7,2021,3,false,63.000,21,22536.38
FFSU,CA,00169451714,WEGOVY 1.7,2021,3,true,,,
MCOU,CA,00169452414,WEGOVY 2.4,2021,3,false,123.000,37,46457.16
FFSU,CA,00169452414,WEGOVY 2.4,2021,3,true,,,
FFSU,CA,00169452514,WEGOVY 0.2,2021,3,true,,,
MCOU,CA,00169452514,WEGOVY 0.2,2021,3,false,138.000,67,86478.93
FFSU,CA,00169452514,WEGOVY 0.2,2021,2,true,,,
MCOU,CA,00169452514,WEGOVY 0.2,2021,2,true,,,
FFSU,CT,00169450114,WEGOVY 1MG,2021,3,true,,,
FFSU,CT,00169450514,WEGOVY 0.5,2021,3,true,,,
FFSU,CT,00169451714,WEGOVY 1.7,2021,3,true,,,
FFSU,CT,00169452414,WEGOVY 2.4,2021,3,true,,,
FFSU,CT,00169452514,WEGOVY 0.2,2021,3,false,37.000,16,25129.08
MCOU,DE,00169450114,WEGOVY 1MG,2021,4,false,56.000,28,0.00
MCOU,DE,00169450514,WEGOVY 0.5,2021,4,false,112.000,55,0.00
MCOU,DE,00169451714,WEGOVY 1.7,2021,4,true,,,
MCOU,DE,00169452414,WEGOVY 2.4,2021,4,true,,,
MCOU,DE,00169452514,WEGOVY 0.2,2021,4,false,152.000,76,0.00
MCOU,DE,00169450114,WEGOVY 1MG,2021,3,true,,,
MCOU,DE,00169450514,WEGOVY 0.5,2021,3,false,24.000,12,0.00
MCOU,DE,00169451714,WEGOVY 1.7,2021,3,true,,,
MCOU,DE,00169452414,WEGOVY 2.4,2021,3,true,,,
MCOU,DE,00169452514,WEGOVY 0.2,2021,3,true,,,
MCOU,FL,00169450514,WEGOVY    ,2021,4,true,,,
MCOU,IL,00169450514,WEGOVY 0.5,2021,4,true,,,
MCOU,IL,00169451714,WEGOVY 1.7,2021,4,true,,,
MCOU,IL,00169452414,WEGOVY 2.4,2021,4,true,,,
MCOU,IL,00169452514,WEGOVY 0.2,2021,4,true,,,
MCOU,IL,00169452414,WEGOVY 2.4,2021,3,true,,,
MCOU,IN,00169452514,WEGOVY 0.2,2021,3,true,,,
MCOU,KS,00169450114,WEGOVY 1MG,2021,4,false,54.000,27,18337.92
MCOU,KS,00169450514,WEGOVY 0.5,2021,4,false,99.000,49,36443.61
MCOU,KS,00169451714,WEGOVY 1.7,2021,4,true,,,
MCOU,KS,00169452414,WEGOVY 2.4,2021,4,true,,,
MCOU,KS,00169452514,WEGOVY 0.2,2021,4,false,143.000,72,58739.24
MCOU,KS,00169450114,WEGOVY 1MG,2021,3,true,,,
MCOU,KS,00169450514,WEGOVY 0.5,2021,3,true,,,
MCOU,KS,00169451714,WEGOVY 1.7,2021,3,true,,,
MCOU,KS,00169452414,WEGOVY 2.4,2021,3,true,,,
MCOU,KS,00169452514,WEGOVY 0.2,2021,3,true,,,
MCOU,KY,00169450514,WEGOVY    ,2021,3,true,,,
MCOU,LA,00169451714,WEGOVY    ,2021,2,true,,,
MCOU,MA,00169450114,WEGOVY 1 M,2021,4,true,,,
MCOU,MA,00169450514,WEGOVY 0.5,2021,4,true,,,
MCOU,MA,00169451714,WEGOVY 1.7,2021,4,true,,,
MCOU,MA,00169452414,WEGOVY 2.4,2021,4,true,,,
MCOU,MA,00169452514,WEGOVY 0.2,2021,4,true,,,
MCOU,MA,00169450514,WEGOVY 0.5,2021,3,true,,,
MCOU,MI,00169450114,WEGOVY    ,2021,4,true,,,
MCOU,MI,00169450514,WEGOVY    ,2021,4,true,,,
MCOU,MI,00169451714,WEGOVY    ,2021,4,true,,,
FFSU,MI,00169451714,WEGOVY    ,2021,4,true,,,
MCOU,MI,00169452514,WEGOVY    ,2021,4,true,,,
FFSU,MI,00169452514,WEGOVY    ,2021,3,true,,,
MCOU,MN,00169450114,WEGOVY    ,2021,4,false,30.000,15,19614.35
MCOU,MN,00169450514,WEGOVY    ,2021,4,false,54.000,27,35934.61
FFSU,MN,00169450514,WEGOVY    ,2021,4,true,,,
FFSU,MN,00169451714,WEGOVY    ,2021,4,true,,,
MCOU,MN,00169451714,WEGOVY    ,2021,4,true,,,
MCOU,MN,00169452414,WEGOVY    ,2021,4,true,,,
FFSU,MN,00169452514,WEGOVY    ,2021,4,true,,,
MCOU,MN,00169452514,WEGOVY    ,2021,4,false,122.000,59,81116.42
MCOU,MN,00169450514,WEGOVY    ,2021,3,true,,,
FFSU,MN,00169450514,WEGOVY    ,2021,3,true,,,
FFSU,MN,00169451714,WEGOVY    ,2021,3,true,,,
FFSU,MN,00169452514,WEGOVY    ,2021,3,true,,,
MCOU,MN,00169452514,WEGOVY    ,2021,3,true,,,
FFSU,XX,00169450114,WEGOVY 1MG,2021,4,false,140.000,69,94922.39
MCOU,XX,00169450114,WEGOVY 1MG,2021,4,false,553.000,272,301189.10
FFSU,XX,00169450514,WEGOVY 0.5,2021,4,false,277.000,139,183080.29
MCOU,XX,00169450514,WEGOVY 0.5,2021,4,false,908.000,448,483017.92
FFSU,XX,00169451714,WEGOVY 1.7,2021,4,false,114.000,39,52172.74
MCOU,XX,00169451714,WEGOVY 1.7,2021,4,false,511.750,167,191724.16
FFSU,XX,00169452414,WEGOVY 2.4,2021,4,false,60.000,21,29570.55
MCOU,XX,00169452414,WEGOVY 2.4,2021,4,false,598.000,188,209219.62
FFSU,XX,00169452514,WEGOVY 0.2,2021,4,false,531.000,250,351664.53
MCOU,XX,00169452514,WEGOVY 0.2,2021,4,false,1259.500,625,667678.88
FFSU,XX,00169450114,WEGOVY 1MG,2021,3,true,,,
MCOU,XX,00169450114,WEGOVY 1MG,2021,3,false,62.000,30,35795.57
FFSU,XX,00169450514,WEGOVY 0.5,2021,3,false,44.000,22,30670.55
MCOU,XX,00169450514,WEGOVY 0.5,2021,3,false,240.500,113,135236.89
FFSU,XX,00169451714,WEGOVY 1.7,2021,3,true,,,
MCOU,XX,00169451714,WEGOVY 1.7,2021,3,false,93.750,32,31749.50
FFSU,XX,00169452414,WEGOVY 2.4,2021,3,true,,,
MCOU,XX,00169452414,WEGOVY 2.4,2021,3,false,178.000,54,64931.17
FFSU,XX,00169452514,WEGOVY 0.2,2021,3,false,59.000,25,40175.81
MCOU,XX,00169452514,WEGOVY 0.2,2021,3,false,254.500,126,150971.51
MCOU,XX,00169451714,WEGOVY 1.7,2021,2,true,,,
FFSU,XX,00169452514,WEGOVY 0.2,2021,2,true,,,
MCOU,XX,00169452514,WEGOVY 0.2,2021,2,true,,,
MCOU,NC,00169450114,WEGOVY    ,2021,4,true,,,
MCOU,NC,00169450514,WEGOVY    ,2021,4,true,,,
MCOU,NC,00169452514,WEGOVY    ,2021,4,true,,,
MCOU,NH,00169450114,WEGOVY    ,2021,4,true,,,
MCOU,NH,00169450514,WEGOVY    ,2021,4,true,,,
MCOU,NH,00169451714,WEGOVY    ,2021,4,true,,,
MCOU,NH,00169452414,WEGOVY    ,2021,4,true,,,
MCOU,NH,00169452514,WEGOVY    ,2021,4,true,,,
MCOU,NH,00169450114,WEGOVY    ,2021,3,true,,,
MCOU,NH,00169450514,WEGOVY    ,2021,3,true,,,
MCOU,NH,00169451714,WEGOVY    ,2021,3,true,,,
MCOU,NH,00169452514,WEGOVY    ,2021,3,true,,,
MCOU,NJ,00169452414,WEGOVY 2.4,2021,4,true,,,
MCOU,NJ,00169451714,WEGOVY 1.7,2021,3,true,,,
MCOU,NJ,00169452414,WEGOVY 2.4,2021,3,true,,,
FFSU,NM,00169450114,WEGOVY 1 M,2021,4,true,,,
FFSU,NM,00169452514,WEGOVY 0.2,2021,4,true,,,
MCOU,NM,00169452514,WEGOVY 0.2,2021,4,true,,,
MCOU,NY,00169452514,WEGOVY    ,2021,4,true,,,
MCOU,OH,00169452514,WEGOVY 0.2,2021,4,true,,,
MCOU,OR,00169450114,WEGOVY 1MG,2021,4,true,,,
MCOU,OR,00169450514,WEGOVY    ,2021,3,true,,,
MCOU,OR,00169452514,WEGOVY 0.2,2021,3,true,,,
MCOU,PA,00169450114,WEGOVY 1MG,2021,4,true,,,
MCOU,PA,00169450514,WEGOVY 0.5,2021,4,true,,,
MCOU,PA,00169451714,WEGOVY 1.7,2021,4,true,,,
MCOU,PA,00169452414,WEGOVY 2.4,2021,4,true,,,
MCOU,PA,00169452514,WEGOVY 0.2,2021,4,true,,,
MCOU,PA,00169450514,WEGOVY 0.5,2021,3,true,,,
MCOU,PA,00169452514,WEGOVY 0.2,2021,3,true,,,
MCOU,RI,00169450114,WEGOVY 1MG,2021,4,true,,,
FFSU,RI,00169450514,WEGOVY 0.5,2021,4,true,,,
MCOU,RI,00169450514,WEGOVY 0.5,2021,4,true,,,
MCOU,RI,00169451714,WEGOVY 1.7,2021,4,true,,,
MCOU,RI,00169452414,WEGOVY 2.4,2021,4,true,,,
MCOU,RI,00169452514,WEGOVY 0.2,2021,4,true,,,
MCOU,RI,00169450114,WEGOVY 1MG,2021,3,true,,,
MCOU,RI,00169450514,WEGOVY 0.5,2021,3,true,,,
FFSU,TN,00169450114,WEGOVY 1MG,2021,4,true,,,
FFSU,TN,00169450514,WEGOVY 0.5,2021,4,true,,,
FFSU,TN,00169451714,WEGOVY 1.7,2021,4,true,,,
FFSU,TN,00169452414,WEGOVY 2.4,2021,4,true,,,
FFSU,TN,00169452514,WEGOVY 0.2,2021,4,true,,,
FFSU,TN,00169450114,WEGOVY 1MG,2021,3,true,,,
FFSU,TN,00169452414,WEGOVY 2.4,2021,3,true,,,
MCOU,TX,00169450114,WEGOVY 1 M,2021,4,true,,,
MCOU,VA,00169450114,WEGOVY    ,2021,4,false,80.000,39,52224.16
MCOU,VA,00169450514,WEGOVY    ,2021,4,false,126.000,65,84057.31
MCOU,VA,00169451714,WEGOVY    ,2021,4,false,83.250,28,37068.96
MCOU,VA,00169452414,WEGOVY    ,2021,4,false,64.000,24,27308.99
FFSU,VA,00169452514,WEGOVY    ,2021,4,true,,,
MCOU,VA,00169452514,WEGOVY    ,2021,4,false,134.500,67,88968.20
MCOU,VA,00169450114,WEGOVY    ,2021,3,true,,,
MCOU,VA,00169450514,WEGOVY    ,2021,3,false,34.500,18,23192.99
MCOU,VA,00169451714,WEGOVY    ,2021,3,true,,,
FFSU,VA,00169451714,WEGOVY    ,2021,3,true,,,
MCOU,VA,00169452414,WEGOVY    ,2021,3,true,,,
MCOU,VA,00169452514,WEGOVY    ,2021,3,false,30.000,15,20050.43
MCOU,VA,00169452514,WEGOVY    ,2021,2,true,,,
MCOU,WA,00169450514,WEGOVY 0.5,2021,4,true,,,
MCOU,WA,00169452414,WEGOVY 2.4,2021,4,true,,,
MCOU,WA,00169452514,WEGOVY 0.2,2021,4,true,,,
MCOU,WA,00169452414,WEGOVY 2.4,2021,3,true,,,
FFSU,WI,00169450114,WEGOVY 1MG,2021,4,false,90.000,43,58827.77
FFSU,WI,00169450514,WEGOVY 0.5,2021,4,false,196.000,97,128382.12
FFSU,WI,00169451714,WEGOVY 1.7,2021,4,false,45.000,15,19673.94
FFSU,WI,00169452414,WEGOVY 2.4,2021,4,true,,,
FFSU,WI,00169452514,WEGOVY 0.2,2021,4,false,452.000,213,298282.92
FFSU,AK,00169430313,RYBELSUS  ,2021,4,false,570.000,19,15683.87
FFSU,AK,00169430330,RYBELSUS  ,2021,4,true,,,
FFSU,AK,00169430713,RYBELSUS  ,2021,4,false,1350.000,41,36605.09
FFSU,AK,00169430730,RYBELSUS  ,2021,4,true,,,
FFSU,AK,00169431413,RYBELSUS  ,2021,4,false,450.000,13,12349.42
FFSU,AK,00169431430,RYBELSUS  ,2021,4,true,,,
FFSU,AK,00169430313,RYBELSUS  ,2021,3,false,480.000,15,12877.95
FFSU,AK,00169430713,RYBELSUS  ,2021,3,false,1320.000,40,35216.35
FFSU,AK,00169431413,RYBELSUS  ,2021,3,false,660.000,19,17939.12
FFSU,AK,00169430313,RYBELSUS  ,2021,2,false,420.000,12,11101.44
FFSU,AK,00169430713,RYBELSUS  ,2021,2,false,960.000,30,25294.60
FFSU,AK,00169431413,RYBELSUS  ,2021,2,false,480.000,14,12372.08
FFSU,AK,00169430313,RYBELSUS  ,2021,1,false,492.000,20,13098.07
FFSU,AK,00169430713,RYBELSUS  ,2021,1,false,960.000,29,25347.21
FFSU,AK,00169431413,RYBELSUS  ,2021,1,false,540.000,15,14163.08
FFSU,AL,00169430313,RYBELSUS 3,2021,4,false,1978.000,66,56097.53
FFSU,AL,00169430330,RYBELSUS 3,2021,4,true,,,
FFSU,AL,00169430713,RYBELSUS 7,2021,4,false,3986.000,129,110982.67
FFSU,AL,00169430730,RYBELSUS 7,2021,4,false,690.000,23,19261.98
FFSU,AL,00169431413,RYBELSUS 1,2021,4,false,1680.000,52,46893.55
FFSU,AL,00169431430,RYBELSUS 1,2021,4,true,,,
FFSU,AL,00169430313,RYBELSUS 3,2021,3,false,1625.000,55,44867.33
FFSU,AL,00169430713,RYBELSUS 7,2021,3,false,2580.000,83,73665.04
FFSU,AL,00169431413,RYBELSUS 1,2021,3,false,1500.000,48,42228.52
FFSU,AL,00169430313,RYBELSUS 3,2021,2,false,1456.000,50,39158.31
FFSU,AL,00169430713,RYBELSUS 7,2021,2,false,2100.000,68,57150.91
FFSU,AL,00169431413,RYBELSUS 1,2021,2,false,1200.000,40,32512.64
FFSU,AL,00169430313,RYBELSUS 3,2021,1,false,870.000,29,23402.71
FFSU,AL,00169430713,RYBELSUS 7,2021,1,false,1440.000,50,38736.64
FFSU,AL,00169431413,RYBELSUS 1,2021,1,false,750.000,25,20420.50
MCOU,AR,00169431413,RYBELSUS  ,2021,4,true,,,
MCOU,AR,00169431430,RYBELSUS  ,2021,4,true,,,
MCOU,AR,00169430713,RYBELSUS  ,2021,3,true,,,
MCOU,AR,00169431413,RYBELSUS  ,2021,3,true,,,
MCOU,AR,00169430713,RYBELSUS  ,2021,2,true,,,
MCOU,AR,00169431413,RYBELSUS  ,2021,2,true,,,
MCOU,AR,00169430313,RYBELSUS  ,2021,1,true,,,
MCOU,AR,00169430713,RYBELSUS  ,2021,1,true,,,
MCOU,AZ,00169430313,RYBELSUS  ,2021,4,false,360.000,12,9946.98
MCOU,AZ,00169430330,RYBELSUS  ,2021,4,true,,,
MCOU,AZ,00169430713,RYBELSUS  ,2021,4,false,1260.000,38,34824.81
FFSU,AZ,00169430713,RYBELSUS  ,2021,4,true,,,
MCOU,AZ,00169430730,RYBELSUS  ,2021,4,true,,,
MCOU,AZ,00169431413,RYBELSUS  ,2021,4,true,,,
MCOU,AZ,00169431430,RYBELSUS  ,2021,4,true,,,
MCOU,AZ,00169430313,RYBELSUS  ,2021,3,false,690.000,21,19025.85
FFSU,AZ,00169430713,RYBELSUS  ,2021,3,true,,,
MCOU,AZ,00169430713,RYBELSUS  ,2021,3,false,1230.000,37,33857.09
MCOU,AZ,00169431413,RYBELSUS  ,2021,3,false,335.000,12,9223.63
MCOU,AZ,00169430313,RYBELSUS  ,2021,2,false,660.000,20,18834.87
MCOU,AZ,00169430713,RYBELSUS  ,2021,2,false,510.000,15,13566.44
FFSU,AZ,00169430713,RYBELSUS  ,2021,2,true,,,
MCOU,AZ,00169431413,RYBELSUS  ,2021,2,false,420.000,12,11186.55
MCOU,AZ,00169430313,RYBELSUS  ,2021,1,true,,,
FFSU,AZ,00169430713,RYBELSUS  ,2021,1,true,,,
MCOU,AZ,00169430713,RYBELSUS  ,2021,1,false,450.000,11,11844.99
MCOU,AZ,00169431413,RYBELSUS  ,2021,1,true,,,
MCOU,CA,00169430313,RYBELSUS 3,2021,4,false,34562.000,1050,951647.62
FFSU,CA,00169430313,RYBELSUS 3,2021,4,false,9473.000,295,262626.36
MCOU,CA,00169430330,RYBELSUS 3,2021,4,false,8154.000,235,224398.73
FFSU,CA,00169430330,RYBELSUS 3,2021,4,false,2430.000,71,67791.52
MCOU,CA,00169430713,RYBELSUS 7,2021,4,false,66134.000,1889,1801406.49
FFSU,CA,00169430713,RYBELSUS 7,2021,4,false,16532.000,471,465291.49
MCOU,CA,00169430730,RYBELSUS 7,2021,4,false,15960.000,459,430681.62
FFSU,CA,00169430730,RYBELSUS 7,2021,4,false,4590.000,127,132005.68
MCOU,CA,00169431413,RYBELSUS 1,2021,4,false,24007.000,672,655664.99
FFSU,CA,00169431413,RYBELSUS 1,2021,4,false,6330.000,167,175859.38
MCOU,CA,00169431430,RYBELSUS 1,2021,4,false,6240.000,170,167910.60
FFSU,CA,00169431430,RYBELSUS 1,2021,4,false,2430.000,57,69890.49
FFSU,CA,00169430313,RYBELSUS 3,2021,3,false,9238.000,273,261859.62
MCOU,CA,00169430313,RYBELSUS 3,2021,3,false,39738.000,1200,1096092.33
MCOU,CA,00169430713,RYBELSUS 7,2021,3,false,69698.000,1951,1898871.39
FFSU,CA,00169430713,RYBELSUS 7,2021,3,false,19860.000,555,557362.47
FFSU,CA,00169431413,RYBELSUS 1,2021,3,false,6120.000,167,171953.81
MCOU,CA,00169431413,RYBELSUS 1,2021,3,false,23286.000,651,638411.73
MCOU,CA,00169430313,RYBELSUS 3,2021,2,false,32651.000,986,860895.41
FFSU,CA,00169430313,RYBELSUS 3,2021,2,false,8160.000,241,221269.40
MCOU,CA,00169430713,RYBELSUS 7,2021,2,false,51064.000,1411,1337883.84
FFSU,CA,00169430713,RYBELSUS 7,2021,2,false,13875.000,388,374332.52
FFSU,CA,00169431413,RYBELSUS 1,2021,2,false,4170.000,112,111037.64
MCOU,CA,00169431413,RYBELSUS 1,2021,2,false,15856.000,410,410431.69
FFSU,CA,00169430313,RYBELSUS 3,2021,1,false,5100.000,158,138252.97
MCOU,CA,00169430313,RYBELSUS 3,2021,1,false,21438.000,638,565460.10
MCOU,CA,00169430713,RYBELSUS 7,2021,1,false,32369.000,931,847271.90
FFSU,CA,00169430713,RYBELSUS 7,2021,1,false,7470.000,207,201011.87
FFSU,CA,00169431413,RYBELSUS 1,2021,1,false,3060.000,79,79526.82
MCOU,CA,00169431413,RYBELSUS 1,2021,1,false,8068.000,198,207580.82
FFSU,CO,00169430313,RYBELSUS  ,2021,4,false,330.000,11,9124.76
FFSU,CO,00169430330,RYBELSUS  ,2021,4,true,,,
MCOU,CO,00169430713,RYBELSUS  ,2021,4,true,,,
FFSU,CO,00169430713,RYBELSUS  ,2021,4,false,330.000,11,9144.31
MCOU,CO,00169430730,RYBELSUS  ,2021,4,true,,,
FFSU,CO,00169430730,RYBELSUS  ,2021,4,true,,,
FFSU,CO,00169431413,RYBELSUS  ,2021,4,true,,,
MCOU,CO,00169431413,RYBELSUS  ,2021,4,true,,,
MCOU,CO,00169431430,RYBELSUS  ,2021,4,true,,,
FFSU,CO,00169431430,RYBELSUS  ,2021,4,true,,,
MCOU,CO,00169430313,RYBELSUS  ,2021,3,true,,,
FFSU,CO,00169430313,RYBELSUS  ,2021,3,false,360.000,12,9811.12
MCOU,CO,00169430713,RYBELSUS  ,2021,3,true,,,
FFSU,CO,00169430713,RYBELSUS  ,2021,3,false,450.000,15,12365.87
FFSU,CO,00169431413,RYBELSUS  ,2021,3,true,,,
MCOU,CO,00169431413,RYBELSUS  ,2021,3,true,,,
FFSU,CO,00169430313,RYBELSUS  ,2021,2,false,450.000,11,11906.77
MCOU,CO,00169430313,RYBELSUS  ,2021,2,true,,,
MCOU,CO,00169430713,RYBELSUS  ,2021,2,true,,,
FFSU,CO,00169430713,RYBELSUS  ,2021,2,true,,,
FFSU,CO,00169431413,RYBELSUS  ,2021,2,true,,,
MCOU,CO,00169431413,RYBELSUS  ,2021,2,true,,,
MCOU,CO,00169430313,RYBELSUS  ,2021,1,true,,,
FFSU,CO,00169430313,RYBELSUS  ,2021,1,true,,,
MCOU,CO,00169430713,RYBELSUS  ,2021,1,true,,,
FFSU,CO,00169430713,RYBELSUS  ,2021,1,true,,,
FFSU,CO,00169431413,RYBELSUS  ,2021,1,true,,,
FFSU,CT,00169430313,RYBELSUS 3,2021,4,false,5579.000,169,153711.82
FFSU,CT,00169430330,RYBELSUS 3,2021,4,false,1641.000,40,46991.01
FFSU,CT,00169430713,RYBELSUS 7,2021,4,false,8940.000,182,246194.76
FFSU,CT,00169430730,RYBELSUS 7,2021,4,false,1720.000,34,49179.82
FFSU,CT,00169431413,RYBELSUS 1,2021,4,false,5188.000,112,142810.37
FFSU,CT,00169431430,RYBELSUS 1,2021,4,false,1590.000,33,45468.05
FFSU,CT,00169430313,RYBELSUS 3,2021,3,false,6931.000,198,188719.46
FFSU,CT,00169430713,RYBELSUS 7,2021,3,false,12610.000,277,343695.09
FFSU,CT,00169431413,RYBELSUS 1,2021,3,false,7110.000,142,192893.58
FFSU,CT,00169430313,RYBELSUS 3,2021,2,false,7452.000,202,197077.77
FFSU,CT,00169430713,RYBELSUS 7,2021,2,false,10256.000,203,271268.13
FFSU,CT,00169431413,RYBELSUS 1,2021,2,false,4590.000,88,120558.02
FFSU,CT,00169430313,RYBELSUS 3,2021,1,false,6378.000,186,168793.80
FFSU,CT,00169430713,RYBELSUS 7,2021,1,false,8220.000,173,217559.59
FFSU,CT,00169431413,RYBELSUS 1,2021,1,false,3780.000,77,99321.04
FFSU,DC,00169430313,RYBELSUS 3,2021,4,true,,,
MCOU,DC,00169430313,RYBELSUS 3,2021,4,false,480.000,20,16480.64
MCOU,DC,00169430330,RYBELSUS 3,2021,4,true,,,
MCOU,DC,00169430713,RYBELSUS 7,2021,4,false,390.000,11,10752.96
MCOU,DC,00169430730,RYBELSUS 7,2021,4,true,,,
FFSU,DC,00169430730,RYBELSUS 7,2021,4,true,,,
MCOU,DC,00169431413,RYBELSUS 1,2021,4,true,,,
MCOU,DC,00169430313,RYBELSUS 3,2021,3,true,,,
MCOU,DC,00169430713,RYBELSUS 7,2021,3,false,480.000,16,13242.75
FFSU,DC,00169430313,RYBELSUS 3,2021,2,true,,,
MCOU,DC,00169430313,RYBELSUS 3,2021,2,true,,,
MCOU,DC,00169430713,RYBELSUS 7,2021,2,false,420.000,12,11009.05
MCOU,DC,00169430313,RYBELSUS 3,2021,1,true,,,
MCOU,DC,00169430713,RYBELSUS 7,2021,1,false,330.000,11,8754.79
MCOU,DE,00169430313,RYBELSUS 3,2021,4,false,510.000,17,14036.87
MCOU,DE,00169430330,RYBELSUS 3,2021,4,true,,,
MCOU,DE,00169430713,RYBELSUS 7,2021,4,false,1597.000,54,44059.34
MCOU,DE,00169430730,RYBELSUS 7,2021,4,true,,,
MCOU,DE,00169431413,RYBELSUS 1,2021,4,true,,,
MCOU,DE,00169431430,RYBELSUS 1,2021,4,true,,,
MCOU,DE,00169430313,RYBELSUS 3,2021,3,false,450.000,15,12338.00
MCOU,DE,00169430713,RYBELSUS 7,2021,3,false,1380.000,46,37922.66
MCOU,DE,00169431413,RYBELSUS 1,2021,3,false,360.000,12,9854.61
MCOU,DE,00169430313,RYBELSUS 3,2021,2,false,360.000,12,9533.07
MCOU,DE,00169430713,RYBELSUS 7,2021,2,false,930.000,31,24646.93
MCOU,DE,00169431413,RYBELSUS 1,2021,2,true,,,
MCOU,DE,00169430313,RYBELSUS 3,2021,1,true,,,
MCOU,DE,00169430713,RYBELSUS 7,2021,1,false,390.000,13,10301.93
MCOU,DE,00169431413,RYBELSUS 1,2021,1,true,,,
MCOU,FL,00169430313,RYBELSUS  ,2021,4,false,1950.000,66,53150.32
FFSU,FL,00169430313,RYBELSUS  ,2021,4,true,,,
MCOU,FL,00169430330,RYBELSUS  ,2021,4,false,510.000,17,13880.95
FFSU,FL,00169430713,RYBELSUS  ,2021,4,false,330.000,11,9130.11
MCOU,FL,00169430713,RYBELSUS  ,2021,4,false,5370.000,170,146098.13
FFSU,FL,00169430730,RYBELSUS  ,2021,4,true,,,
MCOU,FL,00169430730,RYBELSUS  ,2021,4,false,1590.000,52,43408.10
MCOU,FL,00169431413,RYBELSUS  ,2021,4,false,690.000,23,18853.51
MCOU,FL,00169431430,RYBELSUS  ,2021,4,false,510.000,17,13886.33
MCOU,FL,00169430313,RYBELSUS  ,2021,3,false,870.000,29,22317.76
FFSU,FL,00169430313,RYBELSUS  ,2021,3,true,,,
FFSU,FL,00169430713,RYBELSUS  ,2021,3,true,,,
MCOU,FL,00169430713,RYBELSUS  ,2021,3,false,4170.000,111,106307.14
MCOU,FL,00169431413,RYBELSUS  ,2021,3,false,900.000,24,24077.20
MCOU,FL,00169430313,RYBELSUS  ,2021,2,false,810.000,25,19914.71
FFSU,FL,00169430713,RYBELSUS  ,2021,2,true,,,
MCOU,FL,00169430713,RYBELSUS  ,2021,2,false,2700.000,74,65943.70
MCOU,FL,00169431413,RYBELSUS  ,2021,2,false,600.000,20,15572.23
MCOU,FL,00169430313,RYBELSUS  ,2021,1,false,540.000,18,13764.93
MCOU,FL,00169430713,RYBELSUS  ,2021,1,false,1620.000,46,38192.48
MCOU,FL,00169431413,RYBELSUS  ,2021,1,true,,,
MCOU,GA,00169430313,RYBELSUS  ,2021,4,false,1170.000,39,31800.71
FFSU,GA,00169430313,RYBELSUS  ,2021,4,false,390.000,13,10761.66
MCOU,GA,00169430330,RYBELSUS  ,2021,4,false,330.000,11,9033.74
MCOU,GA,00169430713,RYBELSUS  ,2021,4,false,1920.000,64,52199.57
FFSU,GA,00169430713,RYBELSUS  ,2021,4,false,1290.000,43,35760.72
FFSU,GA,00169430730,RYBELSUS  ,2021,4,true,,,
MCOU,GA,00169430730,RYBELSUS  ,2021,4,false,660.000,22,17998.03
MCOU,GA,00169431413,RYBELSUS  ,2021,4,false,540.000,18,14719.24
FFSU,GA,00169431413,RYBELSUS  ,2021,4,false,480.000,16,13275.68
MCOU,GA,00169431430,RYBELSUS  ,2021,4,true,,,
MCOU,GA,00169430313,RYBELSUS  ,2021,3,false,960.000,32,26220.04
FFSU,GA,00169430313,RYBELSUS  ,2021,3,false,420.000,14,11489.19
MCOU,GA,00169430713,RYBELSUS  ,2021,3,false,2250.000,74,62286.76
FFSU,GA,00169430713,RYBELSUS  ,2021,3,false,1470.000,49,40429.26
MCOU,GA,00169431413,RYBELSUS  ,2021,3,false,750.000,25,20967.05
FFSU,GA,00169431413,RYBELSUS  ,2021,3,true,,,
FFSU,GA,00169430313,RYBELSUS  ,2021,2,false,540.000,18,14320.44
MCOU,GA,00169430313,RYBELSUS  ,2021,2,false,1170.000,39,31185.90
MCOU,GA,00169430713,RYBELSUS  ,2021,2,false,2430.000,77,61283.86
FFSU,GA,00169430713,RYBELSUS  ,2021,2,false,1440.000,38,38200.15
FFSU,GA,00169431413,RYBELSUS  ,2021,2,true,,,
MCOU,GA,00169431413,RYBELSUS  ,2021,2,false,810.000,23,22088.06
MCOU,GA,00169430313,RYBELSUS  ,2021,1,false,510.000,17,13425.39
FFSU,GA,00169430313,RYBELSUS  ,2021,1,true,,,
MCOU,GA,00169430713,RYBELSUS  ,2021,1,false,1260.000,40,33303.84
FFSU,GA,00169430713,RYBELSUS  ,2021,1,false,930.000,27,24697.05
MCOU,GA,00169431413,RYBELSUS  ,2021,1,true,,,
MCOU,HI,00169430313,RYBELSUS 3,2021,4,false,1860.000,56,46699.97
MCOU,HI,00169430330,RYBELSUS 3,2021,4,false,510.000,13,13928.96
MCOU,HI,00169430713,RYBELSUS 7,2021,4,false,2110.000,46,47824.78
MCOU,HI,00169430730,RYBELSUS 7,2021,4,false,780.000,16,18701.08
MCOU,HI,00169431413,RYBELSUS 1,2021,4,false,930.000,19,21406.02
MCOU,HI,00169431430,RYBELSUS 1,2021,4,true,,,
MCOU,HI,00169430313,RYBELSUS 3,2021,3,false,1740.000,54,40654.69
MCOU,HI,00169430713,RYBELSUS 7,2021,3,false,1740.000,38,36456.69
MCOU,HI,00169431413,RYBELSUS 1,2021,3,false,570.000,13,11685.15
MCOU,HI,00169430313,RYBELSUS 3,2021,2,false,600.000,20,14480.86
MCOU,HI,00169430713,RYBELSUS 7,2021,2,false,720.000,22,19491.25
MCOU,HI,00169431413,RYBELSUS 1,2021,2,true,,,
MCOU,HI,00169430313,RYBELSUS 3,2021,1,false,360.000,12,8935.79
MCOU,HI,00169430713,RYBELSUS 7,2021,1,false,540.000,14,14501.21
MCOU,HI,00169431413,RYBELSUS 1,2021,1,true,,,
MCOU,IA,00169430313,RYBELSUS 3,2021,4,false,720.000,22,19817.24
FFSU,IA,00169430313,RYBELSUS 3,2021,4,true,,,
MCOU,IA,00169430330,RYBELSUS 3,2021,4,true,,,
MCOU,IA,00169430713,RYBELSUS 7,2021,4,false,1200.000,32,32926.90
FFSU,IA,00169430730,RYBELSUS 7,2021,4,true,,,
MCOU,IA,00169430730,RYBELSUS 7,2021,4,false,540.000,14,14738.40
MCOU,IA,00169431413,RYBELSUS 1,2021,4,false,1200.000,32,32929.29
MCOU,IA,00169431430,RYBELSUS 1,2021,4,false,540.000,16,14767.02
MCOU,IA,00169430313,RYBELSUS 3,2021,3,false,930.000,27,25620.57
MCOU,IA,00169430713,RYBELSUS 7,2021,3,false,1560.000,41,42725.52
MCOU,IA,00169431413,RYBELSUS 1,2021,3,false,1350.000,36,36890.33
MCOU,IA,00169430313,RYBELSUS 3,2021,2,false,870.000,27,26162.00
MCOU,IA,00169430713,RYBELSUS 7,2021,2,false,1890.000,48,54572.47
MCOU,IA,00169431413,RYBELSUS 1,2021,2,false,1320.000,36,35601.47
MCOU,IA,00169430313,RYBELSUS 3,2021,1,false,600.000,18,15917.61
MCOU,IA,00169430713,RYBELSUS 7,2021,1,false,1680.000,39,47533.70
MCOU,IA,00169431413,RYBELSUS 1,2021,1,false,780.000,16,22819.23
FFSU,ID,00169430313,RYBELSUS  ,2021,4,false,909.000,31,25153.23
FFSU,ID,00169430330,RYBELSUS  ,2021,4,true,,,
FFSU,ID,00169430713,RYBELSUS  ,2021,4,false,1710.000,57,47289.50
FFSU,ID,00169430730,RYBELSUS  ,2021,4,true,,,
FFSU,ID,00169431413,RYBELSUS  ,2021,4,false,330.000,11,9153.70
FFSU,ID,00169431430,RYBELSUS  ,2021,4,true,,,
FFSU,ID,00169430313,RYBELSUS  ,2021,3,false,1020.000,34,27970.37
FFSU,ID,00169430713,RYBELSUS  ,2021,3,false,1950.000,65,53625.21
FFSU,ID,00169431413,RYBELSUS  ,2021,3,false,330.000,11,9060.22
FFSU,ID,00169430313,RYBELSUS  ,2021,2,false,690.000,23,18369.62
FFSU,ID,00169430713,RYBELSUS  ,2021,2,false,1530.000,51,40686.12
FFSU,ID,00169431413,RYBELSUS  ,2021,2,true,,,
FFSU,ID,00169430313,RYBELSUS  ,2021,1,false,510.000,17,13903.16
FFSU,ID,00169430713,RYBELSUS  ,2021,1,false,690.000,23,18569.81
FFSU,ID,00169431413,RYBELSUS  ,2021,1,true,,,
FFSU,IL,00169430313,RYBELSUS 3,2021,4,true,,,
MCOU,IL,00169430313,RYBELSUS 3,2021,4,false,2437.000,65,102910.80
FFSU,IL,00169430330,RYBELSUS 3,2021,4,true,,,
MCOU,IL,00169430330,RYBELSUS 3,2021,4,false,1440.000,33,55154.00
FFSU,IL,00169430713,RYBELSUS 7,2021,4,true,,,
MCOU,IL,00169430713,RYBELSUS 7,2021,4,false,3255.000,83,187790.83
FFSU,IL,00169430730,RYBELSUS 7,2021,4,true,,,
MCOU,IL,00169430730,RYBELSUS 7,2021,4,false,2340.000,49,102476.22
MCOU,IL,00169431413,RYBELSUS 1,2021,4,false,1620.000,41,67797.94
FFSU,IL,00169431413,RYBELSUS 1,2021,4,true,,,
FFSU,IL,00169431430,RYBELSUS 1,2021,4,true,,,
MCOU,IL,00169431430,RYBELSUS 1,2021,4,false,960.000,20,44803.08
FFSU,IL,00169430313,RYBELSUS 3,2021,3,true,,,
MCOU,IL,00169430313,RYBELSUS 3,2021,3,false,2550.000,67,96119.06
MCOU,IL,00169430713,RYBELSUS 7,2021,3,false,3990.000,98,170699.67
FFSU,IL,00169430713,RYBELSUS 7,2021,3,true,,,
FFSU,IL,00169431413,RYBELSUS 1,2021,3,true,,,
MCOU,IL,00169431413,RYBELSUS 1,2021,3,false,1350.000,33,53624.69
FFSU,IL,00169430313,RYBELSUS 3,2021,2,true,,,
MCOU,IL,00169430313,RYBELSUS 3,2021,2,false,1827.000,49,59407.54
MCOU,IL,00169430713,RYBELSUS 7,2021,2,false,2570.000,65,79542.29
FFSU,IL,00169430713,RYBELSUS 7,2021,2,true,,,
MCOU,IL,00169431413,RYBELSUS 1,2021,2,false,450.000,13,11887.35
FFSU,IL,00169431413,RYBELSUS 1,2021,2,true,,,
MCOU,IL,00169430313,RYBELSUS 3,2021,1,false,1601.000,47,43005.14
FFSU,IL,00169430313,RYBELSUS 3,2021,1,true,,,
MCOU,IL,00169430713,RYBELSUS 7,2021,1,false,1470.000,33,39182.96
FFSU,IL,00169430713,RYBELSUS 7,2021,1,true,,,
MCOU,IN,00169430313,RYBELSUS 3,2021,4,false,5340.000,170,142500.57
FFSU,IN,00169430313,RYBELSUS 3,2021,4,true,,,
MCOU,IN,00169430330,RYBELSUS 3,2021,4,false,1874.000,61,51061.00
MCOU,IN,00169430713,RYBELSUS 7,2021,4,false,11370.000,335,307300.29
FFSU,IN,00169430713,RYBELSUS 7,2021,4,true,,,
FFSU,IN,00169430730,RYBELSUS 7,2021,4,true,,,
MCOU,IN,00169430730,RYBELSUS 7,2021,4,false,4920.000,136,134392.77
MCOU,IN,00169431413,RYBELSUS 1,2021,4,false,6900.000,198,188402.56
FFSU,IN,00169431413,RYBELSUS 1,2021,4,true,,,
MCOU,IN,00169431430,RYBELSUS 1,2021,4,false,2670.000,73,74647.61
MCOU,IN,00169430313,RYBELSUS 3,2021,3,false,6460.000,206,171962.16
FFSU,IN,00169430313,RYBELSUS 3,2021,3,true,,,
MCOU,IN,00169430713,RYBELSUS 7,2021,3,false,14940.000,431,399560.81
FFSU,IN,00169430713,RYBELSUS 7,2021,3,true,,,
MCOU,IN,00169431413,RYBELSUS 1,2021,3,false,7620.000,214,207534.35
MCOU,IN,00169430313,RYBELSUS 3,2021,2,false,6040.000,192,156446.61
FFSU,IN,00169430313,RYBELSUS 3,2021,2,true,,,
MCOU,IN,00169430713,RYBELSUS 7,2021,2,false,12900.000,388,333339.51
FFSU,IN,00169430713,RYBELSUS 7,2021,2,true,,,
MCOU,IN,00169431413,RYBELSUS 1,2021,2,false,5430.000,156,141689.79
MCOU,IN,00169430313,RYBELSUS 3,2021,1,false,4004.000,128,105158.39
MCOU,IN,00169430713,RYBELSUS 7,2021,1,false,8232.000,250,215888.75
FFSU,IN,00169430713,RYBELSUS 7,2021,1,true,,,
FFSU,IN,00169431413,RYBELSUS 1,2021,1,true,,,
MCOU,IN,00169431413,RYBELSUS 1,2021,1,false,3150.000,88,82452.65
MCOU,KS,00169430313,RYBELSUS 3,2021,4,true,,,
MCOU,KS,00169430713,RYBELSUS 7,2021,4,false,570.000,17,12443.48
MCOU,KS,00169430730,RYBELSUS 7,2021,4,true,,,
MCOU,KS,00169430313,RYBELSUS 3,2021,3,true,,,
MCOU,KS,00169430713,RYBELSUS 7,2021,3,false,630.000,19,17246.56
MCOU,KS,00169431413,RYBELSUS 1,2021,3,true,,,
MCOU,KS,00169430313,RYBELSUS 3,2021,2,true,,,
MCOU,KS,00169430713,RYBELSUS 7,2021,2,true,,,
MCOU,KS,00169430313,RYBELSUS 3,2021,1,true,,,
MCOU,KS,00169430713,RYBELSUS 7,2021,1,true,,,
FFSU,KY,00169430313,RYBELSUS  ,2021,4,true,,,
MCOU,KY,00169430313,RYBELSUS  ,2021,4,false,5540.000,173,152140.72
MCOU,KY,00169430330,RYBELSUS  ,2021,4,true,,,
FFSU,KY,00169430330,RYBELSUS  ,2021,4,true,,,
MCOU,KY,00169430713,RYBELSUS  ,2021,4,false,7530.000,209,208780.47
FFSU,KY,00169430713,RYBELSUS  ,2021,4,true,,,
MCOU,KY,00169430730,RYBELSUS  ,2021,4,false,2820.000,79,80854.33
MCOU,KY,00169431413,RYBELSUS  ,2021,4,false,600.000,16,16381.98
MCOU,KY,00169431430,RYBELSUS  ,2021,4,false,1840.000,52,52231.47
FFSU,KY,00169431430,RYBELSUS  ,2021,4,true,,,
FFSU,KY,00169430313,RYBELSUS  ,2021,3,true,,,
MCOU,KY,00169430313,RYBELSUS  ,2021,3,false,2910.000,90,79853.13
MCOU,KY,00169430713,RYBELSUS  ,2021,3,false,7207.000,190,197789.37
FFSU,KY,00169430713,RYBELSUS  ,2021,3,true,,,
MCOU,KY,00169431413,RYBELSUS  ,2021,3,false,3210.000,87,87852.03
FFSU,KY,00169430313,RYBELSUS  ,2021,2,true,,,
MCOU,KY,00169430313,RYBELSUS  ,2021,2,true,,,
FFSU,KY,00169430713,RYBELSUS  ,2021,2,true,,,
MCOU,KY,00169430713,RYBELSUS  ,2021,2,false,7440.000,202,166893.04
MCOU,KY,00169431413,RYBELSUS  ,2021,2,false,3570.000,101,93311.77
MCOU,KY,00169430313,RYBELSUS  ,2021,1,false,930.000,27,24717.18
FFSU,KY,00169430313,RYBELSUS  ,2021,1,true,,,
FFSU,KY,00169430713,RYBELSUS  ,2021,1,false,390.000,13,10243.20
MCOU,KY,00169430713,RYBELSUS  ,2021,1,true,,,
MCOU,KY,00169431413,RYBELSUS  ,2021,1,true,,,
FFSU,KY,00169431413,RYBELSUS  ,2021,1,true,,,
MCOU,LA,00169430313,RYBELSUS  ,2021,4,false,3840.000,123,105270.50
MCOU,LA,00169430330,RYBELSUS  ,2021,4,false,750.000,25,21011.66
MCOU,LA,00169430713,RYBELSUS  ,2021,4,false,6780.000,208,189017.50
FFSU,LA,00169430713,RYBELSUS  ,2021,4,true,,,
FFSU,LA,00169430730,RYBELSUS  ,2021,4,true,,,
MCOU,LA,00169430730,RYBELSUS  ,2021,4,false,1770.000,57,49509.93
MCOU,LA,00169431413,RYBELSUS  ,2021,4,false,2664.000,85,72427.90
MCOU,LA,00169431430,RYBELSUS  ,2021,4,false,778.000,26,21732.27
MCOU,LA,00169430313,RYBELSUS  ,2021,3,false,4320.000,140,118284.35
MCOU,LA,00169430713,RYBELSUS  ,2021,3,false,6930.000,209,192270.73
FFSU,LA,00169430713,RYBELSUS  ,2021,3,true,,,
FFSU,LA,00169431413,RYBELSUS  ,2021,3,true,,,
MCOU,LA,00169431413,RYBELSUS  ,2021,3,false,3054.000,100,83229.85
FFSU,LA,00169430313,RYBELSUS  ,2021,2,true,,,
MCOU,LA,00169430313,RYBELSUS  ,2021,2,false,3480.000,110,91499.32
MCOU,LA,00169430713,RYBELSUS  ,2021,2,false,5100.000,166,136992.30
FFSU,LA,00169430713,RYBELSUS  ,2021,2,true,,,
FFSU,LA,00169431413,RYBELSUS  ,2021,2,true,,,
MCOU,LA,00169431413,RYBELSUS  ,2021,2,false,2274.000,76,60609.44
MCOU,LA,00169430313,RYBELSUS  ,2021,1,false,2460.000,82,66012.76
MCOU,LA,00169430713,RYBELSUS  ,2021,1,false,3870.000,125,103802.45
MCOU,LA,00169431413,RYBELSUS  ,2021,1,false,1462.000,45,38884.13
MCOU,MA,00169430313,RYBELSUS 3,2021,4,false,600.000,20,16980.80
FFSU,MA,00169430313,RYBELSUS 3,2021,4,false,570.000,17,15696.96
FFSU,MA,00169430330,RYBELSUS 3,2021,4,true,,,
MCOU,MA,00169430330,RYBELSUS 3,2021,4,true,,,
MCOU,MA,00169430713,RYBELSUS 7,2021,4,false,870.000,25,24437.03
FFSU,MA,00169430713,RYBELSUS 7,2021,4,false,840.000,24,23194.06
MCOU,MA,00169430730,RYBELSUS 7,2021,4,false,390.000,13,11093.61
FFSU,MA,00169430730,RYBELSUS 7,2021,4,true,,,
MCOU,MA,00169431413,RYBELSUS 1,2021,4,false,630.000,17,17578.20
FFSU,MA,00169431413,RYBELSUS 1,2021,4,false,630.000,15,17351.37
FFSU,MA,00169431430,RYBELSUS 1,2021,4,true,,,
MCOU,MA,00169431430,RYBELSUS 1,2021,4,true,,,
FFSU,MA,00169430313,RYBELSUS 3,2021,3,false,718.000,20,19593.08
MCOU,MA,00169430313,RYBELSUS 3,2021,3,false,840.000,26,23557.68
MCOU,MA,00169430713,RYBELSUS 7,2021,3,false,1020.000,28,28456.61
FFSU,MA,00169430713,RYBELSUS 7,2021,3,false,1260.000,36,34661.69
MCOU,MA,00169431413,RYBELSUS 1,2021,3,false,600.000,12,16479.23
FFSU,MA,00169431413,RYBELSUS 1,2021,3,false,690.000,15,18529.09
FFSU,MA,00169430313,RYBELSUS 3,2021,2,false,600.000,18,15879.36
MCOU,MA,00169430313,RYBELSUS 3,2021,2,false,720.000,24,19571.87
FFSU,MA,00169430713,RYBELSUS 7,2021,2,false,1440.000,40,38197.00
MCOU,MA,00169430713,RYBELSUS 7,2021,2,false,690.000,21,18380.65
MCOU,MA,00169431413,RYBELSUS 1,2021,2,true,,,
FFSU,MA,00169431413,RYBELSUS 1,2021,2,true,,,
MCOU,MA,00169430313,RYBELSUS 3,2021,1,false,630.000,19,16698.58
FFSU,MA,00169430313,RYBELSUS 3,2021,1,false,660.000,16,17429.22
FFSU,MA,00169430713,RYBELSUS 7,2021,1,false,570.000,18,15139.41
MCOU,MA,00169430713,RYBELSUS 7,2021,1,false,390.000,12,10556.29
FFSU,MA,00169431413,RYBELSUS 1,2021,1,true,,,
MCOU,MA,00169431413,RYBELSUS 1,2021,1,true,,,
MCOU,MD,00169430313,RYBELSUS 3,2021,4,false,4260.000,137,117827.88
FFSU,MD,00169430313,RYBELSUS 3,2021,4,true,,,
MCOU,MD,00169430330,RYBELSUS 3,2021,4,false,1170.000,35,32185.35
FFSU,MD,00169430330,RYBELSUS 3,2021,4,true,,,
FFSU,MD,00169430713,RYBELSUS 7,2021,4,true,,,
MCOU,MD,00169430713,RYBELSUS 7,2021,4,false,7920.000,237,217026.87
MCOU,MD,00169430730,RYBELSUS 7,2021,4,false,2465.000,80,68089.33
MCOU,MD,00169431413,RYBELSUS 1,2021,4,false,2040.000,64,58537.72
MCOU,MD,00169431430,RYBELSUS 1,2021,4,false,1500.000,50,42642.24
MCOU,MD,00169430313,RYBELSUS 3,2021,3,false,5410.000,169,154011.76
FFSU,MD,00169430313,RYBELSUS 3,2021,3,true,,,
FFSU,MD,00169430713,RYBELSUS 7,2021,3,true,,,
MCOU,MD,00169430713,RYBELSUS 7,2021,3,false,7730.000,242,218537.49
MCOU,MD,00169431413,RYBELSUS 1,2021,3,false,1800.000,60,53381.99
MCOU,MD,00169430313,RYBELSUS 3,2021,2,false,3990.000,125,106439.02
FFSU,MD,00169430313,RYBELSUS 3,2021,2,true,,,
FFSU,MD,00169430713,RYBELSUS 7,2021,2,true,,,
MCOU,MD,00169430713,RYBELSUS 7,2021,2,false,4470.000,138,123394.54
MCOU,MD,00169431413,RYBELSUS 1,2021,2,false,1020.000,32,27600.34
MCOU,MD,00169430313,RYBELSUS 3,2021,1,false,1858.000,61,49414.14
FFSU,MD,00169430313,RYBELSUS 3,2021,1,true,,,
MCOU,MD,00169430713,RYBELSUS 7,2021,1,false,2790.000,91,75307.85
FFSU,MD,00169430713,RYBELSUS 7,2021,1,true,,,
FFSU,MD,00169431413,RYBELSUS 1,2021,1,true,,,
MCOU,MD,00169431413,RYBELSUS 1,2021,1,false,510.000,17,13529.40
FFSU,ME,00169430313,RYBELSUS  ,2021,4,false,810.000,27,22385.16
FFSU,ME,00169430330,RYBELSUS  ,2021,4,true,,,
FFSU,ME,00169430713,RYBELSUS  ,2021,4,false,600.000,20,16633.20
FFSU,ME,00169430730,RYBELSUS  ,2021,4,true,,,
FFSU,ME,00169431413,RYBELSUS  ,2021,4,false,390.000,13,10802.87
FFSU,ME,00169431430,RYBELSUS  ,2021,4,true,,,
FFSU,ME,00169430313,RYBELSUS  ,2021,3,false,870.000,29,23747.73
FFSU,ME,00169430713,RYBELSUS  ,2021,3,false,870.000,29,23728.92
FFSU,ME,00169431413,RYBELSUS  ,2021,3,false,450.000,15,12246.99
FFSU,ME,00169430313,RYBELSUS  ,2021,2,false,600.000,20,15936.80
FFSU,ME,00169430713,RYBELSUS  ,2021,2,false,930.000,31,24589.31
FFSU,ME,00169431413,RYBELSUS  ,2021,2,true,,,
FFSU,ME,00169430313,RYBELSUS  ,2021,1,false,330.000,11,8765.24
FFSU,ME,00169430713,RYBELSUS  ,2021,1,false,810.000,27,21392.07
FFSU,ME,00169431413,RYBELSUS  ,2021,1,true,,,
MCOU,MI,00169430313,RYBELSUS  ,2021,4,false,1470.000,45,39931.28
FFSU,MI,00169430313,RYBELSUS  ,2021,4,true,,,
FFSU,MI,00169430330,RYBELSUS  ,2021,4,true,,,
MCOU,MI,00169430330,RYBELSUS  ,2021,4,false,660.000,16,18478.25
MCOU,MI,00169430713,RYBELSUS  ,2021,4,false,2070.000,64,56860.14
FFSU,MI,00169430713,RYBELSUS  ,2021,4,false,660.000,17,16777.00
FFSU,MI,00169430730,RYBELSUS  ,2021,4,true,,,
MCOU,MI,00169430730,RYBELSUS  ,2021,4,false,960.000,24,26244.14
MCOU,MI,00169431413,RYBELSUS  ,2021,4,false,1110.000,29,30361.30
FFSU,MI,00169431413,RYBELSUS  ,2021,4,false,750.000,17,20027.42
FFSU,MI,00169431430,RYBELSUS  ,2021,4,true,,,
MCOU,MI,00169431430,RYBELSUS  ,2021,4,false,540.000,16,14823.31
FFSU,MI,00169430313,RYBELSUS  ,2021,3,false,330.000,11,8062.73
MCOU,MI,00169430313,RYBELSUS  ,2021,3,false,1860.000,55,50664.66
FFSU,MI,00169430713,RYBELSUS  ,2021,3,false,1140.000,30,25992.10
MCOU,MI,00169430713,RYBELSUS  ,2021,3,false,2615.000,84,71428.55
MCOU,MI,00169431413,RYBELSUS  ,2021,3,false,1230.000,33,33637.16
FFSU,MI,00169431413,RYBELSUS  ,2021,3,false,570.000,15,13493.05
FFSU,MI,00169430313,RYBELSUS  ,2021,2,true,,,
MCOU,MI,00169430313,RYBELSUS  ,2021,2,false,1380.000,45,36378.16
FFSU,MI,00169430713,RYBELSUS  ,2021,2,false,960.000,22,21491.40
MCOU,MI,00169430713,RYBELSUS  ,2021,2,false,1740.060,60,47385.49
FFSU,MI,00169431413,RYBELSUS  ,2021,2,false,750.000,17,18529.81
MCOU,MI,00169431413,RYBELSUS  ,2021,2,false,690.000,23,18311.10
FFSU,MI,00169430313,RYBELSUS  ,2021,1,true,,,
MCOU,MI,00169430313,RYBELSUS  ,2021,1,false,750.000,25,19949.04
MCOU,MI,00169430713,RYBELSUS  ,2021,1,false,1080.000,34,28707.76
FFSU,MI,00169430713,RYBELSUS  ,2021,1,false,1050.000,26,26153.42
MCOU,MI,00169431413,RYBELSUS  ,2021,1,true,,,
FFSU,MI,00169431413,RYBELSUS  ,2021,1,true,,,
MCOU,MN,00169430313,RYBELSUS  ,2021,4,false,1170.000,28,32399.03
FFSU,MN,00169430313,RYBELSUS  ,2021,4,true,,,
MCOU,MN,00169430330,RYBELSUS  ,2021,4,true,,,
FFSU,MN,00169430713,RYBELSUS  ,2021,4,true,,,
MCOU,MN,00169430713,RYBELSUS  ,2021,4,false,1980.000,58,53874.37
MCOU,MN,00169430730,RYBELSUS  ,2021,4,false,810.000,15,22781.39
MCOU,MN,00169431413,RYBELSUS  ,2021,4,false,1860.000,46,52677.03
FFSU,MN,00169431413,RYBELSUS  ,2021,4,true,,,
FFSU,MN,00169431430,RYBELSUS  ,2021,4,true,,,
MCOU,MN,00169431430,RYBELSUS  ,2021,4,false,480.000,12,13431.65
MCOU,MN,00169430313,RYBELSUS  ,2021,3,false,1560.000,40,44263.09
FFSU,MN,00169430313,RYBELSUS  ,2021,3,true,,,
MCOU,MN,00169430713,RYBELSUS  ,2021,3,false,2760.000,78,74717.45
FFSU,MN,00169430713,RYBELSUS  ,2021,3,true,,,
MCOU,MN,00169431413,RYBELSUS  ,2021,3,false,2250.000,53,63976.68
FFSU,MN,00169431413,RYBELSUS  ,2021,3,true,,,
FFSU,MN,00169430313,RYBELSUS  ,2021,2,true,,,
MCOU,MN,00169430313,RYBELSUS  ,2021,2,false,1684.000,45,45983.84
FFSU,MN,00169430713,RYBELSUS  ,2021,2,true,,,
MCOU,MN,00169430713,RYBELSUS  ,2021,2,false,2010.000,61,52680.13
FFSU,MN,00169431413,RYBELSUS  ,2021,2,true,,,
MCOU,MN,00169431413,RYBELSUS  ,2021,2,false,1860.000,48,50859.06
MCOU,MN,00169430313,RYBELSUS  ,2021,1,false,1380.000,44,37738.89
FFSU,MN,00169430313,RYBELSUS  ,2021,1,true,,,
FFSU,MN,00169430713,RYBELSUS  ,2021,1,true,,,
MCOU,MN,00169430713,RYBELSUS  ,2021,1,false,1620.000,44,43808.24
MCOU,MN,00169431413,RYBELSUS  ,2021,1,false,1560.000,34,42678.91
FFSU,MN,00169431413,RYBELSUS  ,2021,1,true,,,
FFSU,MO,00169430313,RYBELSUS  ,2021,4,true,,,
FFSU,MO,00169430713,RYBELSUS  ,2021,4,true,,,
FFSU,MO,00169430730,RYBELSUS  ,2021,4,true,,,
FFSU,MO,00169431413,RYBELSUS  ,2021,4,true,,,
FFSU,MO,00169431430,RYBELSUS  ,2021,4,true,,,
FFSU,MO,00169430313,RYBELSUS  ,2021,3,true,,,
FFSU,MO,00169430713,RYBELSUS  ,2021,3,true,,,
FFSU,MO,00169431413,RYBELSUS  ,2021,3,true,,,
FFSU,MO,00169430313,RYBELSUS  ,2021,2,false,420.000,13,10410.91
FFSU,MO,00169430713,RYBELSUS  ,2021,2,true,,,
FFSU,MO,00169431413,RYBELSUS  ,2021,2,true,,,
FFSU,MO,00169430313,RYBELSUS  ,2021,1,true,,,
FFSU,MO,00169430713,RYBELSUS  ,2021,1,true,,,
FFSU,MO,00169431413,RYBELSUS  ,2021,1,true,,,
MCOU,MS,00169430313,RYBELSUS 3,2021,4,false,480.000,12,13210.62
FFSU,MS,00169430313,RYBELSUS 3,2021,4,true,,,
MCOU,MS,00169430330,RYBELSUS 3,2021,4,true,,,
FFSU,MS,00169430713,RYBELSUS 7,2021,4,true,,,
MCOU,MS,00169430713,RYBELSUS 7,2021,4,false,720.000,24,19945.44
MCOU,MS,00169430730,RYBELSUS 7,2021,4,true,,,
FFSU,MS,00169431413,RYBELSUS 1,2021,4,true,,,
MCOU,MS,00169431413,RYBELSUS 1,2021,4,true,,,
MCOU,MS,00169431430,RYBELSUS 1,2021,4,true,,,
FFSU,MS,00169430313,RYBELSUS 3,2021,3,true,,,
MCOU,MS,00169430313,RYBELSUS 3,2021,3,false,360.000,11,9898.31
FFSU,MS,00169430713,RYBELSUS 7,2021,3,true,,,
MCOU,MS,00169430713,RYBELSUS 7,2021,3,false,540.000,18,14926.74
MCOU,MS,00169431413,RYBELSUS 1,2021,3,true,,,
MCOU,MS,00169430313,RYBELSUS 3,2021,2,true,,,
MCOU,MS,00169430713,RYBELSUS 7,2021,2,false,450.000,15,11980.75
MCOU,MS,00169431413,RYBELSUS 1,2021,2,true,,,
MCOU,MS,00169430313,RYBELSUS 3,2021,1,true,,,
MCOU,MS,00169430713,RYBELSUS 7,2021,1,true,,,
MCOU,MS,00169431413,RYBELSUS 1,2021,1,true,,,
FFSU,MT,00169430313,RYBELSUS 3,2021,4,false,450.000,13,12499.74
FFSU,MT,00169430713,RYBELSUS 7,2021,4,false,570.000,17,15708.95
FFSU,MT,00169431413,RYBELSUS 1,2021,4,false,450.000,13,12339.74
FFSU,MT,00169431430,RYBELSUS 1,2021,4,true,,,
FFSU,MT,00169430313,RYBELSUS 3,2021,3,false,600.000,14,16589.04
FFSU,MT,00169430713,RYBELSUS 7,2021,3,false,810.000,25,22240.03
FFSU,MT,00169431413,RYBELSUS 1,2021,3,true,,,
FFSU,MT,00169430313,RYBELSUS 3,2021,2,false,450.000,13,12200.12
FFSU,MT,00169430713,RYBELSUS 7,2021,2,false,510.000,15,13385.60
FFSU,MT,00169431413,RYBELSUS 1,2021,2,true,,,
FFSU,MT,00169430313,RYBELSUS 3,2021,1,true,,,
FFSU,MT,00169430713,RYBELSUS 7,2021,1,true,,,
FFSU,MT,00169431413,RYBELSUS 1,2021,1,true,,,
FFSU,XX,00169430313,RYBELSUS 3,2021,4,false,27840.000,880,765705.47
MCOU,XX,00169430313,RYBELSUS 3,2021,4,false,138335.000,4391,3856757.53
FFSU,XX,00169430330,RYBELSUS 3,2021,4,false,5721.000,160,161276.72
MCOU,XX,00169430330,RYBELSUS 3,2021,4,false,33708.000,1047,948017.28
FFSU,XX,00169430713,RYBELSUS 7,2021,4,false,53647.000,1512,1485756.93
MCOU,XX,00169430713,RYBELSUS 7,2021,4,false,244590.000,7447,6766589.53
FFSU,XX,00169430730,RYBELSUS 7,2021,4,false,11530.000,312,324469.32
MCOU,XX,00169430730,RYBELSUS 7,2021,4,false,75090.000,2243,2099811.79
FFSU,XX,00169431413,RYBELSUS 1,2021,4,false,24088.000,652,669712.95
MCOU,XX,00169431413,RYBELSUS 1,2021,4,false,97366.000,2911,2691988.93
FFSU,XX,00169431430,RYBELSUS 1,2021,4,false,7475.000,187,210869.59
MCOU,XX,00169431430,RYBELSUS 1,2021,4,false,36876.000,1080,1030187.23
FFSU,XX,00169430313,RYBELSUS 3,2021,3,false,30810.000,936,847154.23
MCOU,XX,00169430313,RYBELSUS 3,2021,3,false,156399.000,4953,4291234.63
FFSU,XX,00169430713,RYBELSUS 7,2021,3,false,60928.000,1692,1672185.68
MCOU,XX,00169430713,RYBELSUS 7,2021,3,false,266757.000,7973,7269727.29
FFSU,XX,00169431413,RYBELSUS 1,2021,3,false,25616.000,662,700585.54
MCOU,XX,00169431413,RYBELSUS 1,2021,3,false,102397.000,3044,2806083.64
FFSU,XX,00169430313,RYBELSUS 3,2021,2,false,30248.000,892,804542.41
MCOU,XX,00169430313,RYBELSUS 3,2021,2,false,121472.000,3839,3209829.23
FFSU,XX,00169430713,RYBELSUS 7,2021,2,false,51191.000,1373,1361201.79
MCOU,XX,00169430713,RYBELSUS 7,2021,2,false,191198.060,5706,4977355.43
FFSU,XX,00169431413,RYBELSUS 1,2021,2,false,19527.000,493,513308.02
MCOU,XX,00169431413,RYBELSUS 1,2021,2,false,70256.000,2026,1826422.37
FFSU,XX,00169430313,RYBELSUS 3,2021,1,false,22738.000,687,604030.06
MCOU,XX,00169430313,RYBELSUS 3,2021,1,false,82114.000,2608,2155655.43
FFSU,XX,00169430713,RYBELSUS 7,2021,1,false,35550.000,969,941301.84
MCOU,XX,00169430713,RYBELSUS 7,2021,1,false,120947.000,3669,3161641.30
FFSU,XX,00169431413,RYBELSUS 1,2021,1,false,14160.000,358,369338.75
MCOU,XX,00169431413,RYBELSUS 1,2021,1,false,38042.000,1069,993200.26
FFSU,NC,00169430313,RYBELSUS  ,2021,4,false,630.000,21,17190.59
MCOU,NC,00169430313,RYBELSUS  ,2021,4,false,1770.000,59,58622.56
MCOU,NC,00169430330,RYBELSUS  ,2021,4,false,330.000,11,12458.35
FFSU,NC,00169430330,RYBELSUS  ,2021,4,true,,,
MCOU,NC,00169430713,RYBELSUS  ,2021,4,false,4920.000,123,135432.48
FFSU,NC,00169430713,RYBELSUS  ,2021,4,false,2250.000,65,61538.61
FFSU,NC,00169430730,RYBELSUS  ,2021,4,false,480.000,12,13638.58
MCOU,NC,00169430730,RYBELSUS  ,2021,4,false,2010.000,47,56127.97
FFSU,NC,00169431413,RYBELSUS  ,2021,4,false,570.000,13,15578.21
MCOU,NC,00169431413,RYBELSUS  ,2021,4,false,2940.000,68,80844.89
FFSU,NC,00169431430,RYBELSUS  ,2021,4,true,,,
MCOU,NC,00169431430,RYBELSUS  ,2021,4,false,1170.000,23,32717.11
FFSU,NC,00169430313,RYBELSUS  ,2021,3,false,1050.000,29,27994.40
MCOU,NC,00169430313,RYBELSUS  ,2021,3,false,2710.000,87,73923.20
MCOU,NC,00169430713,RYBELSUS  ,2021,3,false,6380.000,176,174377.73
FFSU,NC,00169430713,RYBELSUS  ,2021,3,false,2880.000,80,77383.46
MCOU,NC,00169431413,RYBELSUS  ,2021,3,false,2730.000,69,72895.93
FFSU,NC,00169431413,RYBELSUS  ,2021,3,false,1440.000,30,38546.25
FFSU,NC,00169430313,RYBELSUS  ,2021,2,false,3270.000,95,85573.55
FFSU,NC,00169430713,RYBELSUS  ,2021,2,false,6750.000,180,177404.42
FFSU,NC,00169431413,RYBELSUS  ,2021,2,false,2250.000,54,58698.40
FFSU,NC,00169430313,RYBELSUS  ,2021,1,false,3088.000,86,80914.64
FFSU,NC,00169430713,RYBELSUS  ,2021,1,false,5190.000,143,136418.47
FFSU,NC,00169431413,RYBELSUS  ,2021,1,false,2130.000,57,55586.21
MCOU,NE,00169430313,RYBELSUS 3,2021,4,true,,,
MCOU,NE,00169430330,RYBELSUS 3,2021,4,true,,,
MCOU,NE,00169430713,RYBELSUS 7,2021,4,false,690.000,19,16302.12
MCOU,NE,00169430730,RYBELSUS 7,2021,4,true,,,
MCOU,NE,00169431413,RYBELSUS 1,2021,4,false,600.000,20,16835.31
MCOU,NE,00169431430,RYBELSUS 1,2021,4,false,330.000,11,8734.64
MCOU,NE,00169430313,RYBELSUS 3,2021,3,true,,,
MCOU,NE,00169430713,RYBELSUS 7,2021,3,false,1050.000,35,27328.46
MCOU,NE,00169431413,RYBELSUS 1,2021,3,false,690.000,23,19335.89
MCOU,NE,00169430313,RYBELSUS 3,2021,2,false,510.000,14,11017.01
MCOU,NE,00169430713,RYBELSUS 7,2021,2,false,660.000,22,17197.75
MCOU,NE,00169431413,RYBELSUS 1,2021,2,false,630.000,21,17081.70
MCOU,NE,00169430313,RYBELSUS 3,2021,1,false,420.000,14,9817.82
MCOU,NE,00169430713,RYBELSUS 7,2021,1,false,690.000,21,18147.38
MCOU,NE,00169431413,RYBELSUS 1,2021,1,false,600.000,18,16109.68
MCOU,NH,00169430313,RYBELSUS  ,2021,4,true,,,
MCOU,NH,00169430330,RYBELSUS  ,2021,4,true,,,
MCOU,NH,00169430713,RYBELSUS  ,2021,4,true,,,
FFSU,NH,00169430713,RYBELSUS  ,2021,4,true,,,
MCOU,NH,00169430730,RYBELSUS  ,2021,4,true,,,
MCOU,NH,00169431413,RYBELSUS  ,2021,4,true,,,
MCOU,NH,00169431430,RYBELSUS  ,2021,4,true,,,
MCOU,NH,00169430313,RYBELSUS  ,2021,3,true,,,
MCOU,NH,00169430713,RYBELSUS  ,2021,3,false,420.000,12,11280.09
MCOU,NH,00169431413,RYBELSUS  ,2021,3,true,,,
MCOU,NH,00169430313,RYBELSUS  ,2021,2,true,,,
MCOU,NH,00169430713,RYBELSUS  ,2021,2,false,510.000,13,12886.23
MCOU,NH,00169431413,RYBELSUS  ,2021,2,true,,,
MCOU,NH,00169430313,RYBELSUS  ,2021,1,true,,,
MCOU,NH,00169430713,RYBELSUS  ,2021,1,false,360.000,12,8545.77
MCOU,NH,00169431413,RYBELSUS  ,2021,1,true,,,
MCOU,NJ,00169430313,RYBELSUS 3,2021,4,false,1860.000,57,53486.74
MCOU,NJ,00169430330,RYBELSUS 3,2021,4,false,450.000,13,13077.49
MCOU,NJ,00169430713,RYBELSUS 7,2021,4,false,6570.000,208,186332.43
FFSU,NJ,00169430713,RYBELSUS 7,2021,4,true,,,
MCOU,NJ,00169430730,RYBELSUS 7,2021,4,false,1590.000,43,45125.88
MCOU,NJ,00169431413,RYBELSUS 1,2021,4,false,2130.000,62,59707.23
FFSU,NJ,00169431430,RYBELSUS 1,2021,4,true,,,
MCOU,NJ,00169431430,RYBELSUS 1,2021,4,false,1020.000,34,28655.67
MCOU,NJ,00169430313,RYBELSUS 3,2021,3,false,2954.000,95,61517.28
FFSU,NJ,00169430313,RYBELSUS 3,2021,3,true,,,
FFSU,NJ,00169430713,RYBELSUS 7,2021,3,true,,,
MCOU,NJ,00169430713,RYBELSUS 7,2021,3,false,7740.000,232,183405.96
MCOU,NJ,00169431413,RYBELSUS 1,2021,3,false,1920.000,56,46136.12
MCOU,NJ,00169430313,RYBELSUS 3,2021,2,false,1710.000,55,34747.37
MCOU,NJ,00169430713,RYBELSUS 7,2021,2,false,5220.000,147,117898.98
MCOU,NJ,00169431413,RYBELSUS 1,2021,2,false,1410.000,37,32479.34
FFSU,NJ,00169430313,RYBELSUS 3,2021,1,true,,,
MCOU,NJ,00169430313,RYBELSUS 3,2021,1,false,1147.000,39,25009.81
FFSU,NJ,00169430713,RYBELSUS 7,2021,1,true,,,
MCOU,NJ,00169430713,RYBELSUS 7,2021,1,false,3540.000,104,87362.02
FFSU,NJ,00169431413,RYBELSUS 1,2021,1,true,,,
MCOU,NJ,00169431413,RYBELSUS 1,2021,1,false,1020.000,28,24658.02
MCOU,NM,00169430313,RYBELSUS 3,2021,4,true,,,
FFSU,NM,00169430313,RYBELSUS 3,2021,4,true,,,
MCOU,NM,00169430713,RYBELSUS 7,2021,4,false,540.000,12,14925.85
MCOU,NM,00169430730,RYBELSUS 7,2021,4,true,,,
FFSU,NM,00169431413,RYBELSUS 1,2021,4,true,,,
MCOU,NM,00169431413,RYBELSUS 1,2021,4,true,,,
MCOU,NM,00169431430,RYBELSUS 1,2021,4,true,,,
MCOU,NM,00169430313,RYBELSUS 3,2021,3,true,,,
MCOU,NM,00169430713,RYBELSUS 7,2021,3,true,,,
FFSU,NM,00169430713,RYBELSUS 7,2021,3,true,,,
FFSU,NM,00169431413,RYBELSUS 1,2021,3,true,,,
MCOU,NM,00169431413,RYBELSUS 1,2021,3,true,,,
MCOU,NM,00169430313,RYBELSUS 3,2021,2,true,,,
MCOU,NM,00169430713,RYBELSUS 7,2021,2,true,,,
FFSU,NM,00169430713,RYBELSUS 7,2021,2,true,,,
MCOU,NM,00169431413,RYBELSUS 1,2021,2,true,,,
FFSU,NM,00169431413,RYBELSUS 1,2021,2,true,,,
FFSU,NM,00169430313,RYBELSUS 3,2021,1,true,,,
MCOU,NM,00169430313,RYBELSUS 3,2021,1,true,,,
MCOU,NM,00169430713,RYBELSUS 7,2021,1,true,,,
MCOU,NM,00169431413,RYBELSUS 1,2021,1,true,,,
FFSU,NV,00169430313,RYBELSUS 3,2021,4,false,390.000,11,10735.35
MCOU,NV,00169430313,RYBELSUS 3,2021,4,false,420.000,14,9272.28
MCOU,NV,00169430330,RYBELSUS 3,2021,4,true,,,
FFSU,NV,00169430330,RYBELSUS 3,2021,4,true,,,
MCOU,NV,00169430713,RYBELSUS 7,2021,4,false,1710.000,57,46999.23
FFSU,NV,00169430713,RYBELSUS 7,2021,4,false,960.000,22,26669.98
MCOU,NV,00169430730,RYBELSUS 7,2021,4,true,,,
FFSU,NV,00169430730,RYBELSUS 7,2021,4,true,,,
FFSU,NV,00169431413,RYBELSUS 1,2021,4,true,,,
MCOU,NV,00169431413,RYBELSUS 1,2021,4,false,330.000,11,7259.89
MCOU,NV,00169431430,RYBELSUS 1,2021,4,true,,,
FFSU,NV,00169430313,RYBELSUS 3,2021,3,false,390.000,13,10721.06
MCOU,NV,00169430313,RYBELSUS 3,2021,3,false,660.000,22,15822.51
FFSU,NV,00169430713,RYBELSUS 7,2021,3,false,660.000,16,18132.22
MCOU,NV,00169430713,RYBELSUS 7,2021,3,false,1650.000,55,46815.69
MCOU,NV,00169431413,RYBELSUS 1,2021,3,false,450.000,13,8261.02
FFSU,NV,00169431413,RYBELSUS 1,2021,3,true,,,
FFSU,NV,00169430313,RYBELSUS 3,2021,2,true,,,
MCOU,NV,00169430313,RYBELSUS 3,2021,2,false,630.000,19,16789.24
MCOU,NV,00169430713,RYBELSUS 7,2021,2,false,1200.000,40,32239.34
FFSU,NV,00169430713,RYBELSUS 7,2021,2,false,450.000,11,11923.19
FFSU,NV,00169431413,RYBELSUS 1,2021,2,true,,,
MCOU,NV,00169431413,RYBELSUS 1,2021,2,true,,,
FFSU,NV,00169430313,RYBELSUS 3,2021,1,true,,,
MCOU,NV,00169430313,RYBELSUS 3,2021,1,false,450.000,13,12013.66
MCOU,NV,00169430713,RYBELSUS 7,2021,1,false,900.000,28,21352.51
FFSU,NV,00169430713,RYBELSUS 7,2021,1,false,390.000,13,10368.67
FFSU,NV,00169431413,RYBELSUS 1,2021,1,true,,,
MCOU,NV,00169431413,RYBELSUS 1,2021,1,true,,,
FFSU,NY,00169430313,RYBELSUS  ,2021,4,false,963.000,31,26135.32
MCOU,NY,00169430313,RYBELSUS  ,2021,4,false,46655.000,1534,1272113.07
MCOU,NY,00169430330,RYBELSUS  ,2021,4,false,12310.000,407,336705.57
FFSU,NY,00169430330,RYBELSUS  ,2021,4,true,,,
MCOU,NY,00169430713,RYBELSUS  ,2021,4,false,73148.000,2397,1992560.17
FFSU,NY,00169430713,RYBELSUS  ,2021,4,false,2229.000,67,61202.36
MCOU,NY,00169430730,RYBELSUS  ,2021,4,false,24296.000,787,662937.42
FFSU,NY,00169430730,RYBELSUS  ,2021,4,true,,,
FFSU,NY,00169431413,RYBELSUS  ,2021,4,false,1110.000,29,30590.50
MCOU,NY,00169431413,RYBELSUS  ,2021,4,false,28494.000,925,774166.51
FFSU,NY,00169431430,RYBELSUS  ,2021,4,true,,,
MCOU,NY,00169431430,RYBELSUS  ,2021,4,false,10558.000,344,288249.05
MCOU,NY,00169430313,RYBELSUS  ,2021,3,false,55250.000,1821,1501249.48
FFSU,NY,00169430313,RYBELSUS  ,2021,3,false,988.000,35,26736.36
FFSU,NY,00169430713,RYBELSUS  ,2021,3,false,1971.000,62,53461.00
MCOU,NY,00169430713,RYBELSUS  ,2021,3,false,79517.000,2590,2153372.66
FFSU,NY,00169431413,RYBELSUS  ,2021,3,false,870.000,25,23761.18
MCOU,NY,00169431413,RYBELSUS  ,2021,3,false,28624.000,921,771491.74
MCOU,NY,00169430313,RYBELSUS  ,2021,2,false,44297.000,1459,1160933.23
FFSU,NY,00169430313,RYBELSUS  ,2021,2,false,1140.000,32,30147.66
FFSU,NY,00169430713,RYBELSUS  ,2021,2,false,1230.000,33,32613.90
MCOU,NY,00169430713,RYBELSUS  ,2021,2,false,57033.000,1854,1493666.38
MCOU,NY,00169431413,RYBELSUS  ,2021,2,false,18134.000,575,472988.27
FFSU,NY,00169431413,RYBELSUS  ,2021,2,false,1020.000,24,26813.39
MCOU,NY,00169430313,RYBELSUS  ,2021,1,false,30560.000,1006,801333.29
FFSU,NY,00169430313,RYBELSUS  ,2021,1,false,870.000,25,23009.55
FFSU,NY,00169430713,RYBELSUS  ,2021,1,false,990.000,31,26071.70
MCOU,NY,00169430713,RYBELSUS  ,2021,1,false,36298.000,1184,952623.87
FFSU,NY,00169431413,RYBELSUS  ,2021,1,false,630.000,12,16538.30
MCOU,NY,00169431413,RYBELSUS  ,2021,1,false,9260.000,301,241345.36
FFSU,OH,00169430313,RYBELSUS 3,2021,4,true,,,
MCOU,OH,00169430313,RYBELSUS 3,2021,4,false,4290.000,139,118202.66
MCOU,OH,00169430330,RYBELSUS 3,2021,4,false,1380.000,46,37448.21
FFSU,OH,00169430713,RYBELSUS 7,2021,4,false,410.000,13,11283.98
MCOU,OH,00169430713,RYBELSUS 7,2021,4,false,6300.000,206,172343.29
MCOU,OH,00169430730,RYBELSUS 7,2021,4,false,2664.000,87,73441.53
FFSU,OH,00169430730,RYBELSUS 7,2021,4,true,,,
MCOU,OH,00169431413,RYBELSUS 1,2021,4,false,4286.000,143,114485.60
MCOU,OH,00169431430,RYBELSUS 1,2021,4,false,1980.000,64,54249.34
MCOU,OH,00169430313,RYBELSUS 3,2021,3,false,4207.000,141,114812.64
FFSU,OH,00169430313,RYBELSUS 3,2021,3,true,,,
FFSU,OH,00169430713,RYBELSUS 7,2021,3,true,,,
MCOU,OH,00169430713,RYBELSUS 7,2021,3,false,7990.000,257,215256.96
MCOU,OH,00169431413,RYBELSUS 1,2021,3,false,5749.000,189,154270.25
FFSU,OH,00169431413,RYBELSUS 1,2021,3,true,,,
MCOU,OH,00169430313,RYBELSUS 3,2021,2,false,3780.000,124,99732.47
FFSU,OH,00169430313,RYBELSUS 3,2021,2,true,,,
FFSU,OH,00169430713,RYBELSUS 7,2021,2,true,,,
MCOU,OH,00169430713,RYBELSUS 7,2021,2,false,6721.000,205,176719.00
MCOU,OH,00169431413,RYBELSUS 1,2021,2,false,4158.000,122,106683.48
FFSU,OH,00169431413,RYBELSUS 1,2021,2,true,,,
MCOU,OH,00169430313,RYBELSUS 3,2021,1,false,2580.000,86,68821.96
FFSU,OH,00169430713,RYBELSUS 7,2021,1,true,,,
MCOU,OH,00169430713,RYBELSUS 7,2021,1,false,5154.000,162,136221.48
MCOU,OH,00169431413,RYBELSUS 1,2021,1,false,2370.000,63,59578.68
FFSU,OK,00169430313,RYBELSUS 3,2021,4,true,,,
FFSU,OK,00169430330,RYBELSUS 3,2021,4,true,,,
FFSU,OK,00169430713,RYBELSUS 7,2021,4,false,450.000,15,11651.90
FFSU,OK,00169430730,RYBELSUS 7,2021,4,true,,,
FFSU,OK,00169431413,RYBELSUS 1,2021,4,false,960.000,32,26487.52
FFSU,OK,00169431430,RYBELSUS 1,2021,4,true,,,
FFSU,OK,00169430313,RYBELSUS 3,2021,3,true,,,
FFSU,OK,00169430713,RYBELSUS 7,2021,3,false,870.000,29,23779.77
FFSU,OK,00169431413,RYBELSUS 1,2021,3,false,960.000,32,26238.99
FFSU,OK,00169430313,RYBELSUS 3,2021,2,false,390.000,13,10308.68
FFSU,OK,00169430713,RYBELSUS 7,2021,2,false,1230.000,41,32602.03
FFSU,OK,00169431413,RYBELSUS 1,2021,2,false,570.000,19,14999.11
FFSU,OK,00169430313,RYBELSUS 3,2021,1,false,780.000,26,20609.86
FFSU,OK,00169430713,RYBELSUS 7,2021,1,false,480.000,16,12733.28
FFSU,OK,00169431413,RYBELSUS 1,2021,1,false,570.000,19,15006.61
FFSU,OR,00169430313,RYBELSUS 3,2021,4,true,,,
MCOU,OR,00169430313,RYBELSUS 3,2021,4,false,630.000,19,17512.75
MCOU,OR,00169430330,RYBELSUS 3,2021,4,true,,,
FFSU,OR,00169430713,RYBELSUS 7,2021,4,true,,,
MCOU,OR,00169430713,RYBELSUS 7,2021,4,false,720.000,20,19695.48
MCOU,OR,00169430730,RYBELSUS 7,2021,4,false,570.000,13,15442.20
FFSU,OR,00169430730,RYBELSUS 7,2021,4,true,,,
MCOU,OR,00169431413,RYBELSUS 1,2021,4,false,690.000,17,18779.29
FFSU,OR,00169431413,RYBELSUS 1,2021,4,true,,,
FFSU,OR,00169431430,RYBELSUS 1,2021,4,true,,,
MCOU,OR,00169431430,RYBELSUS 1,2021,4,true,,,
MCOU,OR,00169430313,RYBELSUS 3,2021,3,false,1050.000,27,28686.47
FFSU,OR,00169430313,RYBELSUS 3,2021,3,true,,,
FFSU,OR,00169430713,RYBELSUS 7,2021,3,true,,,
MCOU,OR,00169430713,RYBELSUS 7,2021,3,false,1320.000,29,32571.63
MCOU,OR,00169431413,RYBELSUS 1,2021,3,false,750.000,19,20595.05
FFSU,OR,00169431413,RYBELSUS 1,2021,3,true,,,
MCOU,OR,00169430313,RYBELSUS 3,2021,2,false,870.000,25,22918.52
FFSU,OR,00169430313,RYBELSUS 3,2021,2,true,,,
FFSU,OR,00169430713,RYBELSUS 7,2021,2,true,,,
MCOU,OR,00169430713,RYBELSUS 7,2021,2,false,1260.000,30,30669.28
MCOU,OR,00169431413,RYBELSUS 1,2021,2,false,600.000,12,15720.08
FFSU,OR,00169431413,RYBELSUS 1,2021,2,true,,,
MCOU,OR,00169430313,RYBELSUS 3,2021,1,false,690.000,23,18479.48
FFSU,OR,00169430313,RYBELSUS 3,2021,1,true,,,
MCOU,OR,00169430713,RYBELSUS 7,2021,1,false,690.000,17,18161.12
FFSU,OR,00169430713,RYBELSUS 7,2021,1,true,,,
FFSU,OR,00169431413,RYBELSUS 1,2021,1,true,,,
MCOU,OR,00169431413,RYBELSUS 1,2021,1,true,,,
MCOU,PA,00169430313,RYBELSUS 3,2021,4,false,2815.000,92,78239.72
FFSU,PA,00169430313,RYBELSUS 3,2021,4,true,,,
MCOU,PA,00169430330,RYBELSUS 3,2021,4,false,930.000,29,25890.01
FFSU,PA,00169430713,RYBELSUS 7,2021,4,true,,,
MCOU,PA,00169430713,RYBELSUS 7,2021,4,false,3675.000,103,100744.51
MCOU,PA,00169430730,RYBELSUS 7,2021,4,false,1175.000,38,32688.85
FFSU,PA,00169431413,RYBELSUS 1,2021,4,true,,,
MCOU,PA,00169431413,RYBELSUS 1,2021,4,false,2217.000,64,60991.27
FFSU,PA,00169431430,RYBELSUS 1,2021,4,true,,,
MCOU,PA,00169431430,RYBELSUS 1,2021,4,false,1260.000,34,34707.82
MCOU,PA,00169430313,RYBELSUS 3,2021,3,false,3505.000,115,93066.46
FFSU,PA,00169430313,RYBELSUS 3,2021,3,true,,,
FFSU,PA,00169430713,RYBELSUS 7,2021,3,false,577.000,14,15795.28
MCOU,PA,00169430713,RYBELSUS 7,2021,3,false,4890.000,138,133358.16
FFSU,PA,00169431413,RYBELSUS 1,2021,3,true,,,
MCOU,PA,00169431413,RYBELSUS 1,2021,3,false,2589.000,76,71310.37
MCOU,PA,00169430313,RYBELSUS 3,2021,2,false,2713.000,88,71600.76
FFSU,PA,00169430313,RYBELSUS 3,2021,2,true,,,
MCOU,PA,00169430713,RYBELSUS 7,2021,2,false,3460.000,106,88620.32
FFSU,PA,00169430713,RYBELSUS 7,2021,2,true,,,
MCOU,PA,00169431413,RYBELSUS 1,2021,2,false,1994.000,64,52008.62
FFSU,PA,00169431413,RYBELSUS 1,2021,2,true,,,
FFSU,PA,00169430313,RYBELSUS 3,2021,1,true,,,
MCOU,PA,00169430313,RYBELSUS 3,2021,1,false,1588.000,54,41750.69
FFSU,PA,00169430713,RYBELSUS 7,2021,1,true,,,
MCOU,PA,00169430713,RYBELSUS 7,2021,1,false,2324.000,75,57737.94
MCOU,PA,00169431413,RYBELSUS 1,2021,1,false,1762.000,53,46606.53
FFSU,PA,00169431413,RYBELSUS 1,2021,1,true,,,
MCOU,RI,00169430313,RYBELSUS 3,2021,4,false,1228.000,41,33058.08
MCOU,RI,00169430330,RYBELSUS 3,2021,4,false,360.000,12,9934.27
MCOU,RI,00169430713,RYBELSUS 7,2021,4,false,2398.000,80,63116.27
MCOU,RI,00169430730,RYBELSUS 7,2021,4,false,1410.000,47,38003.51
MCOU,RI,00169431413,RYBELSUS 1,2021,4,false,1290.000,41,35768.49
MCOU,RI,00169431430,RYBELSUS 1,2021,4,false,330.000,11,9099.86
MCOU,RI,00169430313,RYBELSUS 3,2021,3,false,1355.000,48,35543.49
MCOU,RI,00169430713,RYBELSUS 7,2021,3,false,2700.000,90,74849.40
MCOU,RI,00169431413,RYBELSUS 1,2021,3,false,1260.000,42,35356.64
MCOU,RI,00169430313,RYBELSUS 3,2021,2,false,660.000,22,17835.08
MCOU,RI,00169430713,RYBELSUS 7,2021,2,false,1380.000,46,35557.95
MCOU,RI,00169431413,RYBELSUS 1,2021,2,false,540.000,18,14623.42
MCOU,RI,00169430313,RYBELSUS 3,2021,1,false,808.000,25,21715.39
MCOU,RI,00169430713,RYBELSUS 7,2021,1,false,900.000,30,24237.60
MCOU,RI,00169431413,RYBELSUS 1,2021,1,false,480.000,16,12905.54
FFSU,SC,00169430313,RYBELSUS  ,2021,4,true,,,
MCOU,SC,00169430313,RYBELSUS  ,2021,4,false,1050.000,35,28197.29
MCOU,SC,00169430330,RYBELSUS  ,2021,4,true,,,
MCOU,SC,00169430713,RYBELSUS  ,2021,4,false,2550.000,85,67578.56
FFSU,SC,00169430713,RYBELSUS  ,2021,4,true,,,
MCOU,SC,00169430730,RYBELSUS  ,2021,4,false,960.000,28,25754.81
FFSU,SC,00169430730,RYBELSUS  ,2021,4,true,,,
FFSU,SC,00169431413,RYBELSUS  ,2021,4,true,,,
MCOU,SC,00169431413,RYBELSUS  ,2021,4,false,360.000,12,9075.88
MCOU,SC,00169431430,RYBELSUS  ,2021,4,true,,,
MCOU,SC,00169430313,RYBELSUS  ,2021,3,false,1410.000,47,37821.74
MCOU,SC,00169430713,RYBELSUS  ,2021,3,false,2610.000,83,67834.87
MCOU,SC,00169431413,RYBELSUS  ,2021,3,false,570.000,19,15193.97
FFSU,SC,00169431413,RYBELSUS  ,2021,3,true,,,
MCOU,SC,00169430313,RYBELSUS  ,2021,2,false,720.000,24,17420.42
MCOU,SC,00169430713,RYBELSUS  ,2021,2,false,1230.000,39,29769.06
FFSU,SC,00169431413,RYBELSUS  ,2021,2,true,,,
MCOU,SC,00169431413,RYBELSUS  ,2021,2,false,450.000,13,9564.14
MCOU,SC,00169430313,RYBELSUS  ,2021,1,false,480.000,16,12228.98
FFSU,SC,00169430313,RYBELSUS  ,2021,1,true,,,
MCOU,SC,00169430713,RYBELSUS  ,2021,1,false,870.000,29,21225.91
FFSU,SC,00169431413,RYBELSUS  ,2021,1,true,,,
MCOU,SC,00169431413,RYBELSUS  ,2021,1,true,,,
FFSU,SD,00169430313,RYBELSUS 3,2021,4,true,,,
FFSU,SD,00169430330,RYBELSUS 3,2021,4,true,,,
FFSU,SD,00169430713,RYBELSUS 7,2021,4,false,570.000,19,15776.08
FFSU,SD,00169430730,RYBELSUS 7,2021,4,true,,,
FFSU,SD,00169431413,RYBELSUS 1,2021,4,true,,,
FFSU,SD,00169431430,RYBELSUS 1,2021,4,true,,,
FFSU,SD,00169430313,RYBELSUS 3,2021,3,false,540.000,17,14727.52
FFSU,SD,00169430713,RYBELSUS 7,2021,3,false,510.000,17,14018.39
FFSU,SD,00169431413,RYBELSUS 1,2021,3,true,,,
FFSU,SD,00169430313,RYBELSUS 3,2021,2,true,,,
FFSU,SD,00169430713,RYBELSUS 7,2021,2,false,390.000,12,10362.47
FFSU,SD,00169431413,RYBELSUS 1,2021,2,true,,,
FFSU,SD,00169430313,RYBELSUS 3,2021,1,true,,,
FFSU,SD,00169430713,RYBELSUS 7,2021,1,false,450.000,15,11968.80
FFSU,SD,00169431413,RYBELSUS 1,2021,1,true,,,
FFSU,TN,00169430313,RYBELSUS 3,2021,4,false,2370.000,79,65273.39
FFSU,TN,00169430330,RYBELSUS 3,2021,4,true,,,
FFSU,TN,00169430713,RYBELSUS 7,2021,4,false,5820.000,194,160821.61
FFSU,TN,00169430730,RYBELSUS 7,2021,4,false,1260.000,42,34973.02
FFSU,TN,00169431413,RYBELSUS 1,2021,4,false,2880.000,96,79527.37
FFSU,TN,00169431430,RYBELSUS 1,2021,4,false,630.000,21,17555.91
FFSU,TN,00169430313,RYBELSUS 3,2021,3,false,2760.000,92,74837.85
FFSU,TN,00169430713,RYBELSUS 7,2021,3,false,4980.000,166,136241.25
FFSU,TN,00169431413,RYBELSUS 1,2021,3,false,1920.000,64,52351.62
FFSU,TN,00169430313,RYBELSUS 3,2021,2,false,1840.000,62,48731.13
FFSU,TN,00169430713,RYBELSUS 7,2021,2,false,3660.000,122,97140.53
FFSU,TN,00169431413,RYBELSUS 1,2021,2,false,1559.000,52,41115.89
FFSU,TN,00169430313,RYBELSUS 3,2021,1,false,1350.000,45,35760.77
FFSU,TN,00169430713,RYBELSUS 7,2021,1,false,2490.000,83,66093.89
FFSU,TN,00169431413,RYBELSUS 1,2021,1,false,750.000,26,19791.00
MCOU,TX,00169430313,RYBELSUS 3,2021,4,false,5190.000,163,141236.07
FFSU,TX,00169430313,RYBELSUS 3,2021,4,true,,,
MCOU,TX,00169430713,RYBELSUS 7,2021,4,false,11073.000,345,301366.96
MCOU,TX,00169431413,RYBELSUS 1,2021,4,false,4380.000,142,119054.21
MCOU,TX,00169430313,RYBELSUS 3,2021,3,false,4782.000,156,130580.68
FFSU,TX,00169430313,RYBELSUS 3,2021,3,true,,,
FFSU,TX,00169430713,RYBELSUS 7,2021,3,true,,,
MCOU,TX,00169430713,RYBELSUS 7,2021,3,false,9060.000,286,247038.77
MCOU,TX,00169431413,RYBELSUS 1,2021,3,false,3630.000,117,98788.74
MCOU,TX,00169430313,RYBELSUS 3,2021,2,false,3890.000,127,102087.15
MCOU,TX,00169430713,RYBELSUS 7,2021,2,false,6480.000,186,169573.42
MCOU,TX,00169431413,RYBELSUS 1,2021,2,false,2790.000,79,72823.96
FFSU,TX,00169430313,RYBELSUS 3,2021,1,true,,,
MCOU,TX,00169430313,RYBELSUS 3,2021,1,false,2010.000,65,52839.13
MCOU,TX,00169430713,RYBELSUS 7,2021,1,false,4890.000,141,128864.63
FFSU,TX,00169430713,RYBELSUS 7,2021,1,true,,,
MCOU,TX,00169431413,RYBELSUS 1,2021,1,false,2400.000,66,63060.54
MCOU,UT,00169430313,RYBELSUS 3,2021,4,false,690.000,23,48107.23
MCOU,UT,00169430330,RYBELSUS 3,2021,4,true,,,
MCOU,UT,00169430713,RYBELSUS 7,2021,4,false,360.000,12,11775.05
MCOU,UT,00169430730,RYBELSUS 7,2021,4,true,,,
MCOU,UT,00169431413,RYBELSUS 1,2021,4,false,480.000,16,29951.85
MCOU,UT,00169431430,RYBELSUS 1,2021,4,true,,,
MCOU,UT,00169430313,RYBELSUS 3,2021,3,false,900.000,30,44691.19
MCOU,UT,00169430713,RYBELSUS 7,2021,3,false,510.000,17,14072.32
MCOU,UT,00169431413,RYBELSUS 1,2021,3,false,390.000,13,22531.22
MCOU,UT,00169430313,RYBELSUS 3,2021,2,true,,,
MCOU,UT,00169430713,RYBELSUS 7,2021,2,false,420.000,14,21361.15
FFSU,UT,00169430713,RYBELSUS 7,2021,2,true,,,
MCOU,UT,00169431413,RYBELSUS 1,2021,2,true,,,
MCOU,UT,00169430313,RYBELSUS 3,2021,1,true,,,
MCOU,UT,00169430713,RYBELSUS 7,2021,1,true,,,
FFSU,UT,00169430713,RYBELSUS 7,2021,1,true,,,
MCOU,UT,00169431413,RYBELSUS 1,2021,1,true,,,
MCOU,VA,00169430313,RYBELSUS  ,2021,4,false,2825.000,92,78316.71
MCOU,VA,00169430330,RYBELSUS  ,2021,4,false,780.000,26,21774.95
MCOU,VA,00169430713,RYBELSUS  ,2021,4,false,4760.000,153,132015.47
MCOU,VA,00169430730,RYBELSUS  ,2021,4,false,1920.000,61,53428.52
FFSU,VA,00169431413,RYBELSUS  ,2021,4,true,,,
MCOU,VA,00169431413,RYBELSUS  ,2021,4,false,1920.000,60,52395.11
MCOU,VA,00169431430,RYBELSUS  ,2021,4,false,930.000,27,25665.95
FFSU,VA,00169430313,RYBELSUS  ,2021,3,true,,,
MCOU,VA,00169430313,RYBELSUS  ,2021,3,false,3628.000,106,100316.52
MCOU,VA,00169430713,RYBELSUS  ,2021,3,false,7140.000,174,195189.57
MCOU,VA,00169431413,RYBELSUS  ,2021,3,false,2610.000,69,71325.48
MCOU,VA,00169430313,RYBELSUS  ,2021,2,false,2750.000,77,72801.56
MCOU,VA,00169430713,RYBELSUS  ,2021,2,false,4950.000,123,130503.43
MCOU,VA,00169431413,RYBELSUS  ,2021,2,false,2100.000,48,54837.85
MCOU,VA,00169430313,RYBELSUS  ,2021,1,false,2250.000,65,59438.88
MCOU,VA,00169430713,RYBELSUS  ,2021,1,false,4080.000,102,103709.35
MCOU,VA,00169431413,RYBELSUS  ,2021,1,false,1080.000,26,28148.09
FFSU,VT,00169430313,RYBELSUS 3,2021,4,true,,,
FFSU,VT,00169430330,RYBELSUS 3,2021,4,true,,,
FFSU,VT,00169430713,RYBELSUS 7,2021,4,false,540.000,12,14853.45
FFSU,VT,00169430730,RYBELSUS 7,2021,4,true,,,
FFSU,VT,00169431413,RYBELSUS 1,2021,4,true,,,
FFSU,VT,00169431430,RYBELSUS 1,2021,4,true,,,
FFSU,VT,00169430313,RYBELSUS 3,2021,3,true,,,
FFSU,VT,00169430713,RYBELSUS 7,2021,3,false,390.000,11,10617.05
FFSU,VT,00169431413,RYBELSUS 1,2021,3,true,,,
FFSU,VT,00169430313,RYBELSUS 3,2021,2,true,,,
FFSU,VT,00169430713,RYBELSUS 7,2021,2,true,,,
FFSU,VT,00169431413,RYBELSUS 1,2021,2,true,,,
FFSU,VT,00169430313,RYBELSUS 3,2021,1,true,,,
FFSU,VT,00169430713,RYBELSUS 7,2021,1,true,,,
FFSU,VT,00169431413,RYBELSUS 1,2021,1,true,,,
MCOU,WA,00169430313,RYBELSUS 3,2021,4,false,1500.000,47,38512.89
MCOU,WA,00169430330,RYBELSUS 3,2021,4,true,,,
MCOU,WA,00169430713,RYBELSUS 7,2021,4,false,1800.000,52,49014.97
FFSU,WA,00169430713,RYBELSUS 7,2021,4,true,,,
MCOU,WA,00169430730,RYBELSUS 7,2021,4,false,930.000,25,25659.59
MCOU,WA,00169431413,RYBELSUS 1,2021,4,false,778.000,24,21149.75
MCOU,WA,00169431430,RYBELSUS 1,2021,4,false,720.000,20,19589.40
MCOU,WA,00169430313,RYBELSUS 3,2021,3,false,1320.000,44,34202.64
FFSU,WA,00169430713,RYBELSUS 7,2021,3,true,,,
MCOU,WA,00169430713,RYBELSUS 7,2021,3,false,2340.000,72,62047.23
MCOU,WA,00169431413,RYBELSUS 1,2021,3,false,810.000,25,21363.06
MCOU,WA,00169430313,RYBELSUS 3,2021,2,false,1260.000,40,31352.03
FFSU,WA,00169430313,RYBELSUS 3,2021,2,true,,,
FFSU,WA,00169430713,RYBELSUS 7,2021,2,true,,,
MCOU,WA,00169430713,RYBELSUS 7,2021,2,false,1620.000,49,37925.64
MCOU,WA,00169431413,RYBELSUS 1,2021,2,false,660.000,20,14595.14
MCOU,WA,00169430313,RYBELSUS 3,2021,1,false,540.000,16,11728.30
FFSU,WA,00169430313,RYBELSUS 3,2021,1,true,,,
MCOU,WA,00169430713,RYBELSUS 7,2021,1,false,1200.000,40,29005.32
FFSU,WA,00169430713,RYBELSUS 7,2021,1,true,,,
MCOU,WA,00169431413,RYBELSUS 1,2021,1,true,,,
FFSU,WI,00169430313,RYBELSUS 3,2021,4,true,,,
FFSU,WI,00169430330,RYBELSUS 3,2021,4,true,,,
FFSU,WI,00169430713,RYBELSUS 7,2021,4,false,690.000,15,19061.26
FFSU,WI,00169430730,RYBELSUS 7,2021,4,true,,,
FFSU,WI,00169431430,RYBELSUS 1,2021,4,true,,,
FFSU,WI,00169430313,RYBELSUS 3,2021,3,false,420.000,12,11534.55
FFSU,WI,00169430713,RYBELSUS 7,2021,3,true,,,
FFSU,WI,00169431413,RYBELSUS 1,2021,3,true,,,
FFSU,WI,00169430313,RYBELSUS 3,2021,2,true,,,
FFSU,WI,00169430713,RYBELSUS 7,2021,2,true,,,
FFSU,WI,00169431413,RYBELSUS 1,2021,2,true,,,
FFSU,WI,00169430313,RYBELSUS 3,2021,1,true,,,
FFSU,WI,00169430713,RYBELSUS 7,2021,1,true,,,
FFSU,WI,00169431413,RYBELSUS 1,2021,1,true,,,
FFSU,WV,00169430313,RYBELSUS 3,2021,4,true,,,
FFSU,WV,00169430713,RYBELSUS 7,2021,4,true,,,
FFSU,WV,00169430730,RYBELSUS 7,2021,4,true,,,
FFSU,WV,00169431413,RYBELSUS 1,2021,4,true,,,
FFSU,WV,00169430313,RYBELSUS 3,2021,3,true,,,
FFSU,WV,00169430713,RYBELSUS 7,2021,3,true,,,
FFSU,WV,00169431413,RYBELSUS 1,2021,3,true,,,
FFSU,WV,00169430313,RYBELSUS 3,2021,2,true,,,
FFSU,WV,00169430713,RYBELSUS 7,2021,2,true,,,
FFSU,WV,00169430313,RYBELSUS 3,2021,1,true,,,
FFSU,WV,00169430713,RYBELSUS 7,2021,1,true,,,
FFSU,WY,00169430313,RYBELSUS 3,2021,4,true,,,
FFSU,WY,00169430713,RYBELSUS 7,2021,4,true,,,
FFSU,WY,00169430730,RYBELSUS 7,2021,4,true,,,
FFSU,WY,00169430313,RYBELSUS 3,2021,3,true,,,
FFSU,WY,00169430713,RYBELSUS 7,2021,3,true,,,
FFSU,WY,00169430313,RYBELSUS 3,2021,2,true,,,
FFSU,WY,00169430713,RYBELSUS 7,2021,2,true,,,
FFSU,WY,00169430713,RYBELSUS 7,2021,1,true,,,
FFSU,AK,00002143380,TRULICITY ,2021,4,false,544.000,222,220042.29
FFSU,AK,00002143480,TRULICITY ,2021,4,false,706.000,275,286542.68
FFSU,AK,00002223680,TRULICITY ,2021,4,false,150.000,60,61204.95
FFSU,AK,00002318280,TRULICITY ,2021,4,false,50.000,20,20279.38
FFSU,AK,00002143380,TRULICITY ,2021,3,false,563.000,228,229342.02
FFSU,AK,00002143480,TRULICITY ,2021,3,false,698.000,264,282247.66
FFSU,AK,00002223680,TRULICITY ,2021,3,false,134.000,51,54097.67
FFSU,AK,00002318280,TRULICITY ,2021,3,false,28.000,11,11423.28
FFSU,AK,00002143380,TRULICITY ,2021,2,false,510.000,217,207197.30
FFSU,AK,00002143480,TRULICITY ,2021,2,false,590.000,230,237884.49
FFSU,AK,00002223680,TRULICITY ,2021,2,false,88.000,34,35494.94
FFSU,AK,00002318280,TRULICITY ,2021,2,false,22.000,11,9024.36
FFSU,AK,00002143380,TRULICITY ,2021,1,false,532.000,234,213990.77
FFSU,AK,00002143480,TRULICITY ,2021,1,false,528.000,192,209243.01
FFSU,AK,00002223680,TRULICITY ,2021,1,false,54.000,23,21687.19
FFSU,AK,00002318280,TRULICITY ,2021,1,true,,,
FFSU,AL,00002143301,TRULICITY ,2021,4,true,,,
FFSU,AL,00002143380,TRULICITY ,2021,4,false,5195.000,2606,2160933.59
FFSU,AL,00002143401,TRULICITY ,2021,4,true,,,
FFSU,AL,00002143480,TRULICITY ,2021,4,false,5691.000,2851,2360890.98
FFSU,AL,00002223601,TRULICITY ,2021,4,true,,,
FFSU,AL,00002223680,TRULICITY ,2021,4,false,1914.000,959,796933.55
FFSU,AL,00002318201,TRULICITY ,2021,4,true,,,
FFSU,AL,00002318280,TRULICITY ,2021,4,false,749.000,376,311931.59
FFSU,AL,00002143301,TRULICITY ,2021,3,true,,,
FFSU,AL,00002143380,TRULICITY ,2021,3,false,3798.000,1906,1589733.04
FFSU,AL,00002143401,TRULICITY ,2021,3,true,,,
FFSU,AL,00002143480,TRULICITY ,2021,3,false,4102.500,2054,1716933.35
FFSU,AL,00002223601,TRULICITY ,2021,3,true,,,
FFSU,AL,00002223680,TRULICITY ,2021,3,false,1166.500,587,491652.38
FFSU,AL,00002318201,TRULICITY ,2021,3,true,,,
FFSU,AL,00002318280,TRULICITY ,2021,3,false,320.000,160,133871.50
FFSU,AL,00002143301,TRULICITY ,2021,2,true,,,
FFSU,AL,00002143380,TRULICITY ,2021,2,false,3391.500,1695,1417643.99
FFSU,AL,00002143401,TRULICITY ,2021,2,true,,,
FFSU,AL,00002143480,TRULICITY ,2021,2,false,3711.500,1858,1550815.32
FFSU,AL,00002223680,TRULICITY ,2021,2,false,907.000,455,380700.51
FFSU,AL,00002318201,TRULICITY ,2021,2,true,,,
FFSU,AL,00002318280,TRULICITY ,2021,2,false,148.500,75,61487.25
FFSU,AL,00002143301,TRULICITY ,2021,1,true,,,
FFSU,AL,00002143380,TRULICITY ,2021,1,false,2672.500,1339,1100674.29
FFSU,AL,00002143401,TRULICITY ,2021,1,true,,,
FFSU,AL,00002143480,TRULICITY ,2021,1,false,2927.000,1464,1206974.24
FFSU,AL,00002223601,TRULICITY ,2021,1,true,,,
FFSU,AL,00002223680,TRULICITY ,2021,1,false,384.500,193,159488.04
FFSU,AL,00002318201,TRULICITY ,2021,1,true,,,
FFSU,AL,00002318280,TRULICITY ,2021,1,true,,,
FFSU,AR,00002143380,TRULICITY ,2021,4,false,34.000,17,13921.35
MCOU,AR,00002143380,TRULICITY ,2021,4,true,,,
MCOU,AR,00002143480,TRULICITY ,2021,4,false,22.000,11,9306.83
FFSU,AR,00002143480,TRULICITY ,2021,4,false,28.000,14,11465.15
FFSU,AR,00002223680,TRULICITY ,2021,4,true,,,
MCOU,AR,00002223680,TRULICITY ,2021,4,true,,,
MCOU,AR,00002143380,TRULICITY ,2021,3,true,,,
FFSU,AR,00002143380,TRULICITY ,2021,3,false,26.000,13,10611.12
MCOU,AR,00002143480,TRULICITY ,2021,3,false,24.000,12,10228.14
FFSU,AR,00002143480,TRULICITY ,2021,3,false,28.000,14,11427.92
MCOU,AR,00002223680,TRULICITY ,2021,3,true,,,
FFSU,AR,00002223680,TRULICITY ,2021,3,true,,,
FFSU,AR,00002143380,TRULICITY ,2021,2,false,22.000,11,8978.64
MCOU,AR,00002143380,TRULICITY ,2021,2,false,32.000,16,13501.52
FFSU,AR,00002143480,TRULICITY ,2021,2,false,30.000,15,12244.20
MCOU,AR,00002143480,TRULICITY ,2021,2,true,,,
FFSU,AR,00002223680,TRULICITY ,2021,2,true,,,
MCOU,AR,00002143380,TRULICITY ,2021,1,false,28.000,14,11605.76
FFSU,AR,00002143380,TRULICITY ,2021,1,true,,,
FFSU,AR,00002143480,TRULICITY ,2021,1,false,36.000,18,14422.08
MCOU,AR,00002143480,TRULICITY ,2021,1,true,,,
FFSU,AZ,00002143380,TRULICITY ,2021,4,false,34.000,14,11580.74
MCOU,AZ,00002143380,TRULICITY ,2021,4,false,6180.000,2878,2517151.59
MCOU,AZ,00002143401,TRULICITY ,2021,4,true,,,
FFSU,AZ,00002143480,TRULICITY ,2021,4,false,36.000,16,11392.63
MCOU,AZ,00002143480,TRULICITY ,2021,4,false,6554.500,2913,2671617.47
MCOU,AZ,00002223680,TRULICITY ,2021,4,false,1852.000,799,753803.72
FFSU,AZ,00002223680,TRULICITY ,2021,4,true,,,
MCOU,AZ,00002318201,TRULICITY ,2021,4,true,,,
MCOU,AZ,00002318280,TRULICITY ,2021,4,false,570.500,246,232286.70
MCOU,AZ,00002143301,TRULICITY ,2021,3,true,,,
FFSU,AZ,00002143380,TRULICITY ,2021,3,false,148.000,66,48484.37
MCOU,AZ,00002143380,TRULICITY ,2021,3,false,5407.000,2524,2204548.66
FFSU,AZ,00002143401,TRULICITY ,2021,3,true,,,
MCOU,AZ,00002143401,TRULICITY ,2021,3,true,,,
MCOU,AZ,00002143480,TRULICITY ,2021,3,false,5052.500,2260,2057200.42
FFSU,AZ,00002143480,TRULICITY ,2021,3,false,473.000,217,133754.59
FFSU,AZ,00002223680,TRULICITY ,2021,3,true,,,
MCOU,AZ,00002223680,TRULICITY ,2021,3,false,1064.000,473,431732.20
MCOU,AZ,00002318280,TRULICITY ,2021,3,false,248.500,110,101501.10
MCOU,AZ,00002143380,TRULICITY ,2021,2,false,3119.500,1329,1272325.62
FFSU,AZ,00002143380,TRULICITY ,2021,2,false,32.000,12,10763.95
MCOU,AZ,00002143401,TRULICITY ,2021,2,true,,,
FFSU,AZ,00002143480,TRULICITY ,2021,2,false,94.000,28,34703.62
MCOU,AZ,00002143480,TRULICITY ,2021,2,false,2828.500,1140,1151924.71
MCOU,AZ,00002223680,TRULICITY ,2021,2,false,418.500,159,169491.94
MCOU,AZ,00002318280,TRULICITY ,2021,2,false,92.000,38,37747.38
FFSU,AZ,00002143380,TRULICITY ,2021,1,false,56.000,20,15372.45
MCOU,AZ,00002143380,TRULICITY ,2021,1,false,503.000,210,205400.06
MCOU,AZ,00002143480,TRULICITY ,2021,1,false,693.000,278,283036.50
FFSU,AZ,00002143480,TRULICITY ,2021,1,false,102.000,34,30302.29
MCOU,AZ,00002223680,TRULICITY ,2021,1,false,100.000,35,40765.97
MCOU,AZ,00002318280,TRULICITY ,2021,1,false,36.000,14,14620.96
MCOU,CA,00002143301,TRULICITY ,2021,4,false,355.500,115,106676.88
FFSU,CA,00002143301,TRULICITY ,2021,4,false,59.500,25,25892.26
MCOU,CA,00002143380,TRULICITY ,2021,4,false,25333.000,11540,10306148.86
FFSU,CA,00002143380,TRULICITY ,2021,4,false,14398.000,6222,6067568.67
MCOU,CA,00002143401,TRULICITY ,2021,4,false,433.500,136,118603.32
FFSU,CA,00002143401,TRULICITY ,2021,4,false,84.000,40,36203.07
FFSU,CA,00002143480,TRULICITY ,2021,4,false,15994.000,6831,6723151.02
MCOU,CA,00002143480,TRULICITY ,2021,4,false,27159.000,11995,11013998.66
MCOU,CA,00002223601,TRULICITY ,2021,4,false,140.000,40,37872.37
FFSU,CA,00002223601,TRULICITY ,2021,4,false,12.000,11,5255.97
FFSU,CA,00002223680,TRULICITY ,2021,4,false,5559.500,2370,2345885.72
MCOU,CA,00002223680,TRULICITY ,2021,4,false,7485.000,3284,3012546.35
MCOU,CA,00002318201,TRULICITY ,2021,4,false,28.000,11,11717.10
FFSU,CA,00002318201,TRULICITY ,2021,4,true,,,
FFSU,CA,00002318280,TRULICITY ,2021,4,false,2475.000,941,1055871.80
MCOU,CA,00002318280,TRULICITY ,2021,4,false,3139.000,1355,1262713.65
MCOU,CA,00002143301,TRULICITY ,2021,3,false,382.500,126,105215.52
FFSU,CA,00002143301,TRULICITY ,2021,3,false,70.500,38,30476.52
FFSU,CA,00002143380,TRULICITY ,2021,3,false,14500.500,6322,6117959.16
MCOU,CA,00002143380,TRULICITY ,2021,3,false,22850.500,10449,9254310.32
MCOU,CA,00002143401,TRULICITY ,2021,3,false,395.500,125,104615.22
FFSU,CA,00002143401,TRULICITY ,2021,3,false,63.000,30,27035.12
FFSU,CA,00002143480,TRULICITY ,2021,3,false,16843.000,7251,7100838.27
MCOU,CA,00002143480,TRULICITY ,2021,3,false,25543.000,11368,10337764.68
MCOU,CA,00002223601,TRULICITY ,2021,3,false,99.000,31,24842.80
FFSU,CA,00002223601,TRULICITY ,2021,3,true,,,
MCOU,CA,00002223680,TRULICITY ,2021,3,false,6097.500,2660,2457465.21
FFSU,CA,00002223680,TRULICITY ,2021,3,false,4847.000,2089,2040375.37
MCOU,CA,00002318201,TRULICITY ,2021,3,true,,,
FFSU,CA,00002318201,TRULICITY ,2021,3,true,,,
FFSU,CA,00002318280,TRULICITY ,2021,3,false,1718.000,662,737783.12
MCOU,CA,00002318280,TRULICITY ,2021,3,false,2082.000,871,834084.28
FFSU,CA,00002143301,TRULICITY ,2021,2,false,73.500,43,32096.22
MCOU,CA,00002143301,TRULICITY ,2021,2,false,425.000,140,111619.72
MCOU,CA,00002143380,TRULICITY ,2021,2,false,20132.500,9156,8109875.65
FFSU,CA,00002143380,TRULICITY ,2021,2,false,13275.500,5931,5592548.93
MCOU,CA,00002143401,TRULICITY ,2021,2,false,369.000,123,95965.57
FFSU,CA,00002143401,TRULICITY ,2021,2,false,61.500,35,26484.94
FFSU,CA,00002143480,TRULICITY ,2021,2,false,15857.500,6821,6686628.66
MCOU,CA,00002143480,TRULICITY ,2021,2,false,23965.500,10659,9643236.98
FFSU,CA,00002223601,TRULICITY ,2021,2,true,,,
MCOU,CA,00002223601,TRULICITY ,2021,2,false,38.000,12,10533.76
MCOU,CA,00002223680,TRULICITY ,2021,2,false,4244.500,1809,1695969.77
FFSU,CA,00002223680,TRULICITY ,2021,2,false,3589.500,1502,1514461.55
FFSU,CA,00002318201,TRULICITY ,2021,2,true,,,
MCOU,CA,00002318201,TRULICITY ,2021,2,true,,,
MCOU,CA,00002318280,TRULICITY ,2021,2,false,983.000,421,395003.19
FFSU,CA,00002318280,TRULICITY ,2021,2,false,888.000,326,379920.21
FFSU,CA,00002143301,TRULICITY ,2021,1,false,66.500,43,28944.48
MCOU,CA,00002143301,TRULICITY ,2021,1,false,286.000,101,76259.69
FFSU,CA,00002143380,TRULICITY ,2021,1,false,10496.500,4677,4393336.91
MCOU,CA,00002143380,TRULICITY ,2021,1,false,17988.000,8184,7243371.05
MCOU,CA,00002143401,TRULICITY ,2021,1,false,310.500,101,81631.56
FFSU,CA,00002143401,TRULICITY ,2021,1,false,32.000,25,13862.70
MCOU,CA,00002143480,TRULICITY ,2021,1,false,22350.500,9864,8982655.72
FFSU,CA,00002143480,TRULICITY ,2021,1,false,13364.000,5685,5591734.10
MCOU,CA,00002223601,TRULICITY ,2021,1,true,,,
FFSU,CA,00002223601,TRULICITY ,2021,1,true,,,
FFSU,CA,00002223680,TRULICITY ,2021,1,false,1663.500,688,706107.01
MCOU,CA,00002223680,TRULICITY ,2021,1,false,2333.000,960,938610.10
MCOU,CA,00002318201,TRULICITY ,2021,1,true,,,
MCOU,CA,00002318280,TRULICITY ,2021,1,false,388.500,150,156043.34
FFSU,CA,00002318280,TRULICITY ,2021,1,false,256.000,90,109595.78
FFSU,CO,00002143301,TRULICITY ,2021,4,true,,,
MCOU,CO,00002143380,TRULICITY ,2021,4,false,498.000,207,203925.20
FFSU,CO,00002143380,TRULICITY ,2021,4,false,5759.000,2046,2359917.59
MCOU,CO,00002143480,TRULICITY ,2021,4,false,507.000,217,207417.27
FFSU,CO,00002143480,TRULICITY ,2021,4,false,5910.500,1957,2424200.98
MCOU,CO,00002223680,TRULICITY ,2021,4,false,157.000,77,64454.23
FFSU,CO,00002223680,TRULICITY ,2021,4,false,2112.000,728,863902.85
MCOU,CO,00002318201,TRULICITY ,2021,4,true,,,
MCOU,CO,00002318280,TRULICITY ,2021,4,false,86.000,43,35276.55
FFSU,CO,00002318280,TRULICITY ,2021,4,false,1013.500,311,409597.60
FFSU,CO,00002143380,TRULICITY ,2021,3,false,4952.500,1806,2027924.48
MCOU,CO,00002143380,TRULICITY ,2021,3,false,443.000,189,181298.94
FFSU,CO,00002143480,TRULICITY ,2021,3,false,5072.000,1695,2076499.92
MCOU,CO,00002143480,TRULICITY ,2021,3,false,512.500,209,209524.22
FFSU,CO,00002223680,TRULICITY ,2021,3,false,1453.500,520,590777.48
MCOU,CO,00002223680,TRULICITY ,2021,3,false,120.000,58,49240.34
MCOU,CO,00002318280,TRULICITY ,2021,3,false,66.000,33,27082.79
FFSU,CO,00002318280,TRULICITY ,2021,3,false,518.000,160,209380.22
MCOU,CO,00002143380,TRULICITY ,2021,2,false,368.000,158,144548.31
FFSU,CO,00002143380,TRULICITY ,2021,2,false,3555.500,1276,1447320.33
FFSU,CO,00002143401,TRULICITY ,2021,2,true,,,
MCOU,CO,00002143480,TRULICITY ,2021,2,false,475.000,195,186095.70
FFSU,CO,00002143480,TRULICITY ,2021,2,false,3374.500,1097,1386484.10
MCOU,CO,00002223680,TRULICITY ,2021,2,false,106.000,53,41131.81
FFSU,CO,00002223680,TRULICITY ,2021,2,false,615.000,216,251445.46
MCOU,CO,00002318280,TRULICITY ,2021,2,false,46.000,20,17967.85
FFSU,CO,00002318280,TRULICITY ,2021,2,false,164.000,52,67048.70
MCOU,CO,00002143380,TRULICITY ,2021,1,false,297.000,127,111174.80
FFSU,CO,00002143380,TRULICITY ,2021,1,false,230.000,94,92833.02
FFSU,CO,00002143480,TRULICITY ,2021,1,false,686.000,218,275700.67
MCOU,CO,00002143480,TRULICITY ,2021,1,false,338.000,149,135425.92
MCOU,CO,00002223680,TRULICITY ,2021,1,false,46.000,23,17986.56
FFSU,CO,00002223680,TRULICITY ,2021,1,false,104.000,34,42023.90
MCOU,CO,00002318201,TRULICITY ,2021,1,true,,,
FFSU,CO,00002318280,TRULICITY ,2021,1,true,,,
MCOU,CO,00002318280,TRULICITY ,2021,1,true,,,
FFSU,CT,00002143380,TRULICITY ,2021,4,false,6943.000,2805,2843776.65
FFSU,CT,00002143480,TRULICITY ,2021,4,false,7548.500,2678,3087717.04
FFSU,CT,00002223680,TRULICITY ,2021,4,false,2784.000,960,1140086.65
FFSU,CT,00002318280,TRULICITY ,2021,4,false,872.000,274,356624.09
FFSU,CT,00002143380,TRULICITY ,2021,3,false,6352.500,2445,2599116.31
FFSU,CT,00002143480,TRULICITY ,2021,3,false,7327.500,2608,2994816.70
FFSU,CT,00002223680,TRULICITY ,2021,3,false,2509.500,838,1027521.96
FFSU,CT,00002318280,TRULICITY ,2021,3,false,574.000,176,234317.30
FFSU,CT,00002143380,TRULICITY ,2021,2,false,4325.500,1666,1768044.85
FFSU,CT,00002143480,TRULICITY ,2021,2,false,5694.000,2036,2328356.37
FFSU,CT,00002223680,TRULICITY ,2021,2,false,1477.500,468,604683.12
FFSU,CT,00002318280,TRULICITY ,2021,2,false,251.500,72,102793.44
FFSU,CT,00002143380,TRULICITY ,2021,1,false,4694.500,1821,1894780.81
FFSU,CT,00002143480,TRULICITY ,2021,1,false,6532.500,2278,2629838.35
FFSU,CT,00002223680,TRULICITY ,2021,1,false,786.500,247,318463.62
FFSU,CT,00002318280,TRULICITY ,2021,1,false,118.000,33,48572.21
MCOU,DC,00002143301,TRULICITY ,2021,4,false,55.000,28,21771.37
MCOU,DC,00002143380,TRULICITY ,2021,4,false,2669.000,1121,990330.91
FFSU,DC,00002143380,TRULICITY ,2021,4,false,164.000,71,67263.80
MCOU,DC,00002143401,TRULICITY ,2021,4,false,64.000,32,26311.36
FFSU,DC,00002143401,TRULICITY ,2021,4,true,,,
MCOU,DC,00002143480,TRULICITY ,2021,4,false,3009.000,1287,1123626.42
FFSU,DC,00002143480,TRULICITY ,2021,4,false,98.000,45,40221.43
FFSU,DC,00002223601,TRULICITY ,2021,4,true,,,
MCOU,DC,00002223601,TRULICITY ,2021,4,false,68.000,31,25565.10
MCOU,DC,00002223680,TRULICITY ,2021,4,false,571.000,241,201846.94
FFSU,DC,00002223680,TRULICITY ,2021,4,false,30.000,15,12343.02
MCOU,DC,00002318201,TRULICITY ,2021,4,true,,,
FFSU,DC,00002318280,TRULICITY ,2021,4,true,,,
MCOU,DC,00002318280,TRULICITY ,2021,4,false,118.000,54,48485.58
MCOU,DC,00002143301,TRULICITY ,2021,3,false,34.000,16,13257.54
FFSU,DC,00002143380,TRULICITY ,2021,3,false,114.000,55,46796.93
MCOU,DC,00002143380,TRULICITY ,2021,3,false,1798.000,786,682405.32
MCOU,DC,00002143401,TRULICITY ,2021,3,false,32.000,16,13224.16
FFSU,DC,00002143401,TRULICITY ,2021,3,true,,,
FFSU,DC,00002143480,TRULICITY ,2021,3,false,98.000,47,40227.77
MCOU,DC,00002143480,TRULICITY ,2021,3,false,2264.500,953,805399.97
MCOU,DC,00002223601,TRULICITY ,2021,3,false,26.500,11,9150.46
FFSU,DC,00002223680,TRULICITY ,2021,3,false,30.000,15,12345.30
MCOU,DC,00002223680,TRULICITY ,2021,3,false,301.000,137,115004.09
MCOU,DC,00002318201,TRULICITY ,2021,3,true,,,
FFSU,DC,00002318280,TRULICITY ,2021,3,true,,,
MCOU,DC,00002318280,TRULICITY ,2021,3,false,40.000,18,16451.00
MCOU,DC,00002143301,TRULICITY ,2021,2,true,,,
FFSU,DC,00002143380,TRULICITY ,2021,2,false,61.500,29,26858.71
MCOU,DC,00002143380,TRULICITY ,2021,2,false,1574.500,677,591082.83
MCOU,DC,00002143401,TRULICITY ,2021,2,true,,,
FFSU,DC,00002143401,TRULICITY ,2021,2,true,,,
FFSU,DC,00002143480,TRULICITY ,2021,2,false,90.000,41,36919.75
MCOU,DC,00002143480,TRULICITY ,2021,2,false,1981.500,827,694418.86
MCOU,DC,00002223601,TRULICITY ,2021,2,true,,,
FFSU,DC,00002223680,TRULICITY ,2021,2,true,,,
MCOU,DC,00002223680,TRULICITY ,2021,2,false,188.000,92,75090.61
MCOU,DC,00002318280,TRULICITY ,2021,2,false,34.000,15,13961.54
MCOU,DC,00002143301,TRULICITY ,2021,1,true,,,
MCOU,DC,00002143380,TRULICITY ,2021,1,false,1212.000,558,481808.84
FFSU,DC,00002143380,TRULICITY ,2021,1,true,,,
MCOU,DC,00002143401,TRULICITY ,2021,1,true,,,
FFSU,DC,00002143480,TRULICITY ,2021,1,false,24.500,13,9924.11
MCOU,DC,00002143480,TRULICITY ,2021,1,false,1959.500,765,646814.01
MCOU,DC,00002223601,TRULICITY ,2021,1,true,,,
MCOU,DC,00002223680,TRULICITY ,2021,1,false,102.500,49,39839.73
MCOU,DC,00002318280,TRULICITY ,2021,1,true,,,
MCOU,DE,00002143301,TRULICITY ,2021,4,true,,,
MCOU,DE,00002143380,TRULICITY ,2021,4,false,863.000,426,353324.43
FFSU,DE,00002143380,TRULICITY ,2021,4,true,,,
MCOU,DE,00002143480,TRULICITY ,2021,4,false,1054.000,521,431409.84
MCOU,DE,00002223601,TRULICITY ,2021,4,true,,,
MCOU,DE,00002223680,TRULICITY ,2021,4,false,226.000,109,92481.67
MCOU,DE,00002318280,TRULICITY ,2021,4,false,70.000,35,28682.32
MCOU,DE,00002143301,TRULICITY ,2021,3,true,,,
FFSU,DE,00002143380,TRULICITY ,2021,3,true,,,
MCOU,DE,00002143380,TRULICITY ,2021,3,false,729.500,360,298530.15
MCOU,DE,00002143480,TRULICITY ,2021,3,false,999.000,494,408943.23
MCOU,DE,00002223680,TRULICITY ,2021,3,false,170.000,85,69607.87
MCOU,DE,00002318280,TRULICITY ,2021,3,false,47.000,24,19235.37
MCOU,DE,00002143301,TRULICITY ,2021,2,true,,,
FFSU,DE,00002143380,TRULICITY ,2021,2,true,,,
MCOU,DE,00002143380,TRULICITY ,2021,2,false,706.500,347,289162.59
MCOU,DE,00002143480,TRULICITY ,2021,2,false,748.000,362,305840.84
MCOU,DE,00002223680,TRULICITY ,2021,2,false,100.000,50,40927.73
MCOU,DE,00002318280,TRULICITY ,2021,2,false,22.000,11,9004.28
MCOU,DE,00002143380,TRULICITY ,2021,1,false,412.000,204,167594.25
MCOU,DE,00002143480,TRULICITY ,2021,1,false,434.000,209,176466.91
FFSU,DE,00002143480,TRULICITY ,2021,1,true,,,
MCOU,DE,00002223680,TRULICITY ,2021,1,false,38.000,19,15523.12
MCOU,FL,00002143301,TRULICITY ,2021,4,false,50.000,25,20308.39
FFSU,FL,00002143301,TRULICITY ,2021,4,true,,,
MCOU,FL,00002143380,TRULICITY ,2021,4,false,11675.500,5857,4735031.87
FFSU,FL,00002143380,TRULICITY ,2021,4,false,453.000,230,184371.06
FFSU,FL,00002143401,TRULICITY ,2021,4,true,,,
MCOU,FL,00002143401,TRULICITY ,2021,4,false,26.000,13,10640.02
FFSU,FL,00002143480,TRULICITY ,2021,4,false,409.500,209,164390.68
MCOU,FL,00002143480,TRULICITY ,2021,4,false,10886.000,5420,4408769.09
MCOU,FL,00002223601,TRULICITY ,2021,4,true,,,
MCOU,FL,00002223680,TRULICITY ,2021,4,false,3148.000,1589,1276613.22
FFSU,FL,00002223680,TRULICITY ,2021,4,false,119.000,60,48911.35
MCOU,FL,00002318201,TRULICITY ,2021,4,true,,,
FFSU,FL,00002318280,TRULICITY ,2021,4,false,26.000,13,10679.89
MCOU,FL,00002318280,TRULICITY ,2021,4,false,962.500,487,391373.19
MCOU,FL,00002143301,TRULICITY ,2021,3,false,38.000,19,15368.23
FFSU,FL,00002143301,TRULICITY ,2021,3,true,,,
MCOU,FL,00002143380,TRULICITY ,2021,3,false,10260.500,5140,4108770.16
FFSU,FL,00002143380,TRULICITY ,2021,3,false,492.000,247,198707.15
FFSU,FL,00002143401,TRULICITY ,2021,3,true,,,
MCOU,FL,00002143401,TRULICITY ,2021,3,true,,,
MCOU,FL,00002143480,TRULICITY ,2021,3,false,9093.000,4517,3631958.74
FFSU,FL,00002143480,TRULICITY ,2021,3,false,398.500,208,155713.01
MCOU,FL,00002223601,TRULICITY ,2021,3,true,,,
MCOU,FL,00002223680,TRULICITY ,2021,3,false,2022.500,1022,810954.00
FFSU,FL,00002223680,TRULICITY ,2021,3,false,62.000,31,25485.41
MCOU,FL,00002318201,TRULICITY ,2021,3,true,,,
MCOU,FL,00002318280,TRULICITY ,2021,3,false,453.000,234,180196.98
FFSU,FL,00002318280,TRULICITY ,2021,3,true,,,
MCOU,FL,00002143301,TRULICITY ,2021,2,false,28.000,14,11368.98
FFSU,FL,00002143301,TRULICITY ,2021,2,true,,,
FFSU,FL,00002143380,TRULICITY ,2021,2,false,399.000,201,160569.20
MCOU,FL,00002143380,TRULICITY ,2021,2,false,7566.500,3792,3032008.43
MCOU,FL,00002143401,TRULICITY ,2021,2,true,,,
FFSU,FL,00002143480,TRULICITY ,2021,2,false,312.000,162,123434.44
MCOU,FL,00002143480,TRULICITY ,2021,2,false,6153.000,3049,2454533.34
MCOU,FL,00002223601,TRULICITY ,2021,2,true,,,
MCOU,FL,00002223680,TRULICITY ,2021,2,false,1060.000,542,422475.25
FFSU,FL,00002223680,TRULICITY ,2021,2,false,26.000,13,10687.43
MCOU,FL,00002318201,TRULICITY ,2021,2,true,,,
FFSU,FL,00002318280,TRULICITY ,2021,2,true,,,
MCOU,FL,00002318280,TRULICITY ,2021,2,false,170.000,85,65177.40
MCOU,FL,00002143301,TRULICITY ,2021,1,true,,,
FFSU,FL,00002143380,TRULICITY ,2021,1,false,138.000,69,51912.59
MCOU,FL,00002143380,TRULICITY ,2021,1,false,2467.500,1221,984506.52
MCOU,FL,00002143401,TRULICITY ,2021,1,true,,,
FFSU,FL,00002143480,TRULICITY ,2021,1,false,146.000,73,56006.29
MCOU,FL,00002143480,TRULICITY ,2021,1,false,2364.500,1136,936219.31
FFSU,FL,00002223680,TRULICITY ,2021,1,true,,,
MCOU,FL,00002223680,TRULICITY ,2021,1,false,306.500,158,120225.05
MCOU,FL,00002318201,TRULICITY ,2021,1,true,,,
MCOU,FL,00002318280,TRULICITY ,2021,1,false,70.000,35,27204.36
FFSU,FL,00002318280,TRULICITY ,2021,1,true,,,
MCOU,GA,00002143380,TRULICITY ,2021,4,false,805.000,403,330435.28
FFSU,GA,00002143380,TRULICITY ,2021,4,false,435.000,221,176445.86
FFSU,GA,00002143480,TRULICITY ,2021,4,false,522.000,261,214345.40
MCOU,GA,00002143480,TRULICITY ,2021,4,false,885.500,447,365830.52
FFSU,GA,00002223601,TRULICITY ,2021,4,true,,,
MCOU,GA,00002223601,TRULICITY ,2021,4,true,,,
FFSU,GA,00002223680,TRULICITY ,2021,4,false,209.000,105,85938.51
MCOU,GA,00002223680,TRULICITY ,2021,4,false,224.500,113,91875.05
FFSU,GA,00002318280,TRULICITY ,2021,4,false,74.000,37,30333.86
MCOU,GA,00002318280,TRULICITY ,2021,4,false,110.000,56,45854.68
MCOU,GA,00002143380,TRULICITY ,2021,3,false,670.000,335,278984.97
FFSU,GA,00002143380,TRULICITY ,2021,3,false,371.500,188,152471.12
MCOU,GA,00002143480,TRULICITY ,2021,3,false,834.000,419,342615.83
FFSU,GA,00002143480,TRULICITY ,2021,3,false,464.000,232,190449.36
MCOU,GA,00002223680,TRULICITY ,2021,3,false,216.000,108,87934.24
FFSU,GA,00002223680,TRULICITY ,2021,3,false,148.000,74,60864.30
FFSU,GA,00002318280,TRULICITY ,2021,3,false,28.000,14,11506.88
MCOU,GA,00002318280,TRULICITY ,2021,3,false,71.000,35,29541.59
FFSU,GA,00002143380,TRULICITY ,2021,2,false,307.000,152,125985.06
MCOU,GA,00002143380,TRULICITY ,2021,2,false,636.000,309,253805.34
MCOU,GA,00002143480,TRULICITY ,2021,2,false,720.000,353,296031.55
FFSU,GA,00002143480,TRULICITY ,2021,2,false,432.000,202,177088.90
FFSU,GA,00002223680,TRULICITY ,2021,2,false,92.000,44,37822.45
MCOU,GA,00002223680,TRULICITY ,2021,2,false,174.500,88,71399.48
FFSU,GA,00002318280,TRULICITY ,2021,2,true,,,
MCOU,GA,00002318280,TRULICITY ,2021,2,false,32.000,16,10628.17
MCOU,GA,00002143301,TRULICITY ,2021,1,true,,,
FFSU,GA,00002143380,TRULICITY ,2021,1,false,248.000,107,100297.54
MCOU,GA,00002143380,TRULICITY ,2021,1,false,474.000,227,196534.83
MCOU,GA,00002143480,TRULICITY ,2021,1,false,656.000,319,268530.94
FFSU,GA,00002143480,TRULICITY ,2021,1,false,458.500,192,185454.08
MCOU,GA,00002223601,TRULICITY ,2021,1,true,,,
FFSU,GA,00002223680,TRULICITY ,2021,1,false,42.000,15,17210.28
MCOU,GA,00002223680,TRULICITY ,2021,1,false,82.000,41,33709.56
FFSU,GA,00002318280,TRULICITY ,2021,1,true,,,
MCOU,GA,00002318280,TRULICITY ,2021,1,true,,,
MCOU,HI,00002143380,TRULICITY ,2021,4,false,939.000,422,365564.40
MCOU,HI,00002143480,TRULICITY ,2021,4,false,2088.000,666,611660.06
MCOU,HI,00002223680,TRULICITY ,2021,4,false,644.000,267,251875.89
MCOU,HI,00002318280,TRULICITY ,2021,4,false,270.000,95,102418.12
MCOU,HI,00002143380,TRULICITY ,2021,3,false,804.500,376,312469.88
MCOU,HI,00002143401,TRULICITY ,2021,3,true,,,
MCOU,HI,00002143480,TRULICITY ,2021,3,false,2172.000,760,649502.69
MCOU,HI,00002223680,TRULICITY ,2021,3,false,581.000,259,221333.30
MCOU,HI,00002318280,TRULICITY ,2021,3,false,140.000,58,54973.33
MCOU,HI,00002143380,TRULICITY ,2021,2,false,1086.000,540,429318.05
MCOU,HI,00002143480,TRULICITY ,2021,2,false,2250.000,850,677991.29
MCOU,HI,00002223680,TRULICITY ,2021,2,false,408.000,197,151274.49
MCOU,HI,00002318280,TRULICITY ,2021,2,false,92.000,46,38519.11
MCOU,HI,00002143380,TRULICITY ,2021,1,false,978.000,484,386905.17
MCOU,HI,00002143480,TRULICITY ,2021,1,false,1802.000,814,643816.14
MCOU,HI,00002223680,TRULICITY ,2021,1,false,171.500,85,67837.79
MCOU,HI,00002318280,TRULICITY ,2021,1,false,40.000,20,16753.16
MCOU,IA,00002143301,TRULICITY ,2021,4,true,,,
FFSU,IA,00002143380,TRULICITY ,2021,4,false,26.000,13,10740.37
MCOU,IA,00002143380,TRULICITY ,2021,4,false,3915.000,1785,1597055.60
MCOU,IA,00002143401,TRULICITY ,2021,4,true,,,
MCOU,IA,00002143480,TRULICITY ,2021,4,false,4316.000,1834,1759365.65
FFSU,IA,00002143480,TRULICITY ,2021,4,false,40.000,20,15715.43
MCOU,IA,00002223601,TRULICITY ,2021,4,true,,,
MCOU,IA,00002223680,TRULICITY ,2021,4,false,1379.500,590,563317.24
FFSU,IA,00002223680,TRULICITY ,2021,4,true,,,
FFSU,IA,00002318280,TRULICITY ,2021,4,true,,,
MCOU,IA,00002318280,TRULICITY ,2021,4,false,635.500,271,259350.40
MCOU,IA,00002143301,TRULICITY ,2021,3,true,,,
FFSU,IA,00002143380,TRULICITY ,2021,3,false,24.000,12,9908.16
MCOU,IA,00002143380,TRULICITY ,2021,3,false,3715.500,1700,1515020.58
MCOU,IA,00002143401,TRULICITY ,2021,3,true,,,
FFSU,IA,00002143480,TRULICITY ,2021,3,false,32.000,16,13182.88
MCOU,IA,00002143480,TRULICITY ,2021,3,false,3676.000,1565,1496472.76
MCOU,IA,00002223680,TRULICITY ,2021,3,false,1093.000,474,445873.16
FFSU,IA,00002223680,TRULICITY ,2021,3,true,,,
MCOU,IA,00002318280,TRULICITY ,2021,3,false,381.000,171,155396.29
MCOU,IA,00002143301,TRULICITY ,2021,2,true,,,
FFSU,IA,00002143380,TRULICITY ,2021,2,false,28.000,14,11518.08
MCOU,IA,00002143380,TRULICITY ,2021,2,false,2961.000,1367,1221700.44
MCOU,IA,00002143401,TRULICITY ,2021,2,true,,,
FFSU,IA,00002143480,TRULICITY ,2021,2,true,,,
MCOU,IA,00002143480,TRULICITY ,2021,2,false,963.500,434,392097.61
MCOU,IA,00002223601,TRULICITY ,2021,2,true,,,
FFSU,IA,00002223680,TRULICITY ,2021,2,true,,,
MCOU,IA,00002223680,TRULICITY ,2021,2,false,344.000,141,148580.89
MCOU,IA,00002318280,TRULICITY ,2021,2,false,134.500,63,59696.80
MCOU,IA,00002143301,TRULICITY ,2021,1,true,,,
FFSU,IA,00002143380,TRULICITY ,2021,1,true,,,
MCOU,IA,00002143380,TRULICITY ,2021,1,false,1431.000,656,587835.47
MCOU,IA,00002143401,TRULICITY ,2021,1,true,,,
FFSU,IA,00002143480,TRULICITY ,2021,1,true,,,
MCOU,IA,00002143480,TRULICITY ,2021,1,false,1303.000,561,533819.18
MCOU,IA,00002223601,TRULICITY ,2021,1,true,,,
MCOU,IA,00002223680,TRULICITY ,2021,1,false,188.500,87,80348.64
MCOU,IA,00002318280,TRULICITY ,2021,1,false,44.000,15,18575.92
FFSU,ID,00002143380,TRULICITY ,2021,4,false,1261.500,617,514138.08
FFSU,ID,00002143480,TRULICITY ,2021,4,false,1572.000,744,645001.54
FFSU,ID,00002223680,TRULICITY ,2021,4,false,531.500,258,217838.22
FFSU,ID,00002318280,TRULICITY ,2021,4,false,254.500,127,108251.60
FFSU,ID,00002143301,TRULICITY ,2021,3,true,,,
FFSU,ID,00002143380,TRULICITY ,2021,3,false,794.000,390,325066.38
FFSU,ID,00002143480,TRULICITY ,2021,3,false,1375.000,659,563933.51
FFSU,ID,00002223680,TRULICITY ,2021,3,false,378.000,184,154781.51
FFSU,ID,00002318280,TRULICITY ,2021,3,false,156.000,78,66441.28
FFSU,ID,00002143380,TRULICITY ,2021,2,false,510.000,242,209269.81
FFSU,ID,00002143480,TRULICITY ,2021,2,false,1074.000,512,441163.32
FFSU,ID,00002223680,TRULICITY ,2021,2,false,204.000,102,83371.01
FFSU,ID,00002318280,TRULICITY ,2021,2,false,45.000,22,19247.01
FFSU,ID,00002143380,TRULICITY ,2021,1,false,518.000,251,210574.35
FFSU,ID,00002143480,TRULICITY ,2021,1,false,1278.000,594,519692.08
FFSU,ID,00002223680,TRULICITY ,2021,1,false,118.000,59,48958.74
FFSU,ID,00002318280,TRULICITY ,2021,1,true,,,
MCOU,IL,00002143301,TRULICITY ,2021,4,true,,,
MCOU,IL,00002143380,TRULICITY ,2021,4,false,7363.500,3288,3696453.87
FFSU,IL,00002143380,TRULICITY ,2021,4,false,328.000,140,126478.48
MCOU,IL,00002143401,TRULICITY ,2021,4,true,,,
FFSU,IL,00002143480,TRULICITY ,2021,4,false,307.000,120,115755.97
MCOU,IL,00002143480,TRULICITY ,2021,4,false,6571.500,2732,3490894.48
MCOU,IL,00002223601,TRULICITY ,2021,4,true,,,
FFSU,IL,00002223680,TRULICITY ,2021,4,false,64.500,30,26145.29
MCOU,IL,00002223680,TRULICITY ,2021,4,false,1884.000,798,1030057.33
FFSU,IL,00002318280,TRULICITY ,2021,4,false,40.000,12,16238.20
MCOU,IL,00002318280,TRULICITY ,2021,4,false,735.000,332,404547.23
FFSU,IL,00002143380,TRULICITY ,2021,3,false,78.000,35,31097.83
MCOU,IL,00002143380,TRULICITY ,2021,3,false,1424.500,620,740108.99
MCOU,IL,00002143401,TRULICITY ,2021,3,true,,,
FFSU,IL,00002143480,TRULICITY ,2021,3,false,68.000,24,27466.58
MCOU,IL,00002143480,TRULICITY ,2021,3,false,2535.000,1104,1336816.11
FFSU,IL,00002223680,TRULICITY ,2021,3,true,,,
MCOU,IL,00002223680,TRULICITY ,2021,3,false,883.000,368,456652.53
MCOU,IL,00002318280,TRULICITY ,2021,3,false,354.000,164,177787.71
FFSU,IL,00002318280,TRULICITY ,2021,3,true,,,
FFSU,IL,00002143380,TRULICITY ,2021,2,false,72.000,32,27302.36
MCOU,IL,00002143380,TRULICITY ,2021,2,false,1350.500,604,617266.64
MCOU,IL,00002143480,TRULICITY ,2021,2,false,2328.500,1034,1050462.73
FFSU,IL,00002143480,TRULICITY ,2021,2,false,66.500,24,24330.71
FFSU,IL,00002223680,TRULICITY ,2021,2,true,,,
MCOU,IL,00002223680,TRULICITY ,2021,2,false,712.000,306,348806.79
FFSU,IL,00002318280,TRULICITY ,2021,2,true,,,
MCOU,IL,00002318280,TRULICITY ,2021,2,false,200.000,85,99580.46
MCOU,IL,00002143301,TRULICITY ,2021,1,true,,,
FFSU,IL,00002143380,TRULICITY ,2021,1,false,84.000,33,35795.74
MCOU,IL,00002143380,TRULICITY ,2021,1,false,1477.500,672,644617.08
MCOU,IL,00002143401,TRULICITY ,2021,1,true,,,
FFSU,IL,00002143480,TRULICITY ,2021,1,false,64.000,26,27376.76
MCOU,IL,00002143480,TRULICITY ,2021,1,false,2783.000,1235,1189182.40
MCOU,IL,00002223601,TRULICITY ,2021,1,true,,,
FFSU,IL,00002223680,TRULICITY ,2021,1,true,,,
MCOU,IL,00002223680,TRULICITY ,2021,1,false,526.000,231,233940.22
MCOU,IL,00002318280,TRULICITY ,2021,1,false,80.000,32,42413.55
FFSU,IN,00002143301,TRULICITY ,2021,4,true,,,
MCOU,IN,00002143301,TRULICITY ,2021,4,true,,,
MCOU,IN,00002143380,TRULICITY ,2021,4,false,6338.500,2875,2517347.09
FFSU,IN,00002143380,TRULICITY ,2021,4,false,840.500,420,343857.48
FFSU,IN,00002143480,TRULICITY ,2021,4,false,810.000,361,331964.11
MCOU,IN,00002143480,TRULICITY ,2021,4,false,8650.500,3789,3437593.41
MCOU,IN,00002223680,TRULICITY ,2021,4,false,3190.000,1371,1263269.77
FFSU,IN,00002223680,TRULICITY ,2021,4,false,263.500,117,108006.86
FFSU,IN,00002318280,TRULICITY ,2021,4,false,133.000,65,53843.19
MCOU,IN,00002318280,TRULICITY ,2021,4,false,1558.500,680,623015.46
MCOU,IN,00002143301,TRULICITY ,2021,3,true,,,
FFSU,IN,00002143301,TRULICITY ,2021,3,true,,,
MCOU,IN,00002143380,TRULICITY ,2021,3,false,5229.500,2390,2087783.46
FFSU,IN,00002143380,TRULICITY ,2021,3,false,776.000,363,314640.28
MCOU,IN,00002143401,TRULICITY ,2021,3,true,,,
MCOU,IN,00002143480,TRULICITY ,2021,3,false,7726.500,3390,3082976.40
FFSU,IN,00002143480,TRULICITY ,2021,3,false,678.000,318,274501.06
MCOU,IN,00002223680,TRULICITY ,2021,3,false,2396.500,1058,959212.97
FFSU,IN,00002223680,TRULICITY ,2021,3,false,229.500,106,94189.26
FFSU,IN,00002318280,TRULICITY ,2021,3,false,86.000,37,35273.20
MCOU,IN,00002318280,TRULICITY ,2021,3,false,1128.000,499,451356.80
MCOU,IN,00002143301,TRULICITY ,2021,2,true,,,
MCOU,IN,00002143380,TRULICITY ,2021,2,false,4557.500,2096,1839913.73
FFSU,IN,00002143380,TRULICITY ,2021,2,false,504.000,246,205115.20
MCOU,IN,00002143401,TRULICITY ,2021,2,true,,,
MCOU,IN,00002143480,TRULICITY ,2021,2,false,7342.500,3198,2950679.11
FFSU,IN,00002143480,TRULICITY ,2021,2,false,649.000,295,265764.91
FFSU,IN,00002223680,TRULICITY ,2021,2,false,148.500,71,61004.54
MCOU,IN,00002223680,TRULICITY ,2021,2,false,1675.000,749,670713.55
MCOU,IN,00002318280,TRULICITY ,2021,2,false,730.000,310,296681.95
FFSU,IN,00002318280,TRULICITY ,2021,2,false,26.000,13,10683.01
MCOU,IN,00002143301,TRULICITY ,2021,1,true,,,
MCOU,IN,00002143380,TRULICITY ,2021,1,false,4159.000,1935,1685212.34
FFSU,IN,00002143380,TRULICITY ,2021,1,false,266.000,128,108340.51
FFSU,IN,00002143480,TRULICITY ,2021,1,false,274.500,116,108345.84
MCOU,IN,00002143480,TRULICITY ,2021,1,false,6874.500,3061,2779743.78
MCOU,IN,00002223680,TRULICITY ,2021,1,false,975.500,436,395575.71
FFSU,IN,00002223680,TRULICITY ,2021,1,false,50.000,21,20372.84
MCOU,IN,00002318280,TRULICITY ,2021,1,false,272.000,116,110540.84
FFSU,IN,00002318280,TRULICITY ,2021,1,true,,,
MCOU,KS,00002143380,TRULICITY ,2021,4,false,1224.000,605,345588.39
MCOU,KS,00002143480,TRULICITY ,2021,4,false,1384.000,687,376556.08
MCOU,KS,00002223601,TRULICITY ,2021,4,true,,,
MCOU,KS,00002223680,TRULICITY ,2021,4,false,574.500,291,163163.20
MCOU,KS,00002318280,TRULICITY ,2021,4,false,214.000,107,59357.88
MCOU,KS,00002143301,TRULICITY ,2021,3,true,,,
MCOU,KS,00002143380,TRULICITY ,2021,3,false,1217.000,603,499793.06
MCOU,KS,00002143480,TRULICITY ,2021,3,false,1322.000,657,541815.84
MCOU,KS,00002223680,TRULICITY ,2021,3,false,438.000,219,179863.96
MCOU,KS,00002318280,TRULICITY ,2021,3,false,128.000,64,52771.56
MCOU,KS,00002143301,TRULICITY ,2021,2,true,,,
MCOU,KS,00002143380,TRULICITY ,2021,2,false,987.000,495,405762.68
MCOU,KS,00002143480,TRULICITY ,2021,2,false,1117.000,556,457333.29
MCOU,KS,00002223680,TRULICITY ,2021,2,false,338.000,169,139430.56
MCOU,KS,00002318280,TRULICITY ,2021,2,false,56.000,28,23091.12
MCOU,KS,00002143301,TRULICITY ,2021,1,true,,,
MCOU,KS,00002143380,TRULICITY ,2021,1,false,826.000,407,337673.63
MCOU,KS,00002143480,TRULICITY ,2021,1,false,792.000,395,323803.15
MCOU,KS,00002223680,TRULICITY ,2021,1,false,127.000,64,52097.81
MCOU,KS,00002318280,TRULICITY ,2021,1,true,,,
MCOU,KY,00002143301,TRULICITY ,2021,4,true,,,
FFSU,KY,00002143301,TRULICITY ,2021,4,true,,,
FFSU,KY,00002143380,TRULICITY ,2021,4,false,684.000,368,280476.00
MCOU,KY,00002143380,TRULICITY ,2021,4,false,13333.000,5942,5449614.40
MCOU,KY,00002143401,TRULICITY ,2021,4,false,28.000,14,11821.04
FFSU,KY,00002143401,TRULICITY ,2021,4,true,,,
FFSU,KY,00002143480,TRULICITY ,2021,4,false,447.000,230,183354.26
MCOU,KY,00002143480,TRULICITY ,2021,4,false,14767.000,6309,6036089.92
MCOU,KY,00002223601,TRULICITY ,2021,4,false,66.000,33,27863.88
FFSU,KY,00002223680,TRULICITY ,2021,4,false,142.000,68,58360.24
MCOU,KY,00002223680,TRULICITY ,2021,4,false,4991.500,2102,2053876.07
MCOU,KY,00002318201,TRULICITY ,2021,4,false,60.000,30,25330.80
FFSU,KY,00002318201,TRULICITY ,2021,4,true,,,
MCOU,KY,00002318280,TRULICITY ,2021,4,false,1657.000,677,679729.82
FFSU,KY,00002318280,TRULICITY ,2021,4,false,52.000,22,21327.60
MCOU,KY,00002143301,TRULICITY ,2021,3,true,,,
FFSU,KY,00002143301,TRULICITY ,2021,3,true,,,
MCOU,KY,00002143380,TRULICITY ,2021,3,false,12708.000,5678,5178872.52
FFSU,KY,00002143380,TRULICITY ,2021,3,false,322.000,165,131970.16
MCOU,KY,00002143401,TRULICITY ,2021,3,false,22.000,11,9287.96
FFSU,KY,00002143480,TRULICITY ,2021,3,false,229.000,116,93830.42
MCOU,KY,00002143480,TRULICITY ,2021,3,false,13388.500,5797,5480251.98
MCOU,KY,00002223601,TRULICITY ,2021,3,false,20.000,11,8443.60
MCOU,KY,00002223680,TRULICITY ,2021,3,false,1194.000,506,484686.86
FFSU,KY,00002223680,TRULICITY ,2021,3,false,61.000,26,25006.79
MCOU,KY,00002318201,TRULICITY ,2021,3,true,,,
FFSU,KY,00002318201,TRULICITY ,2021,3,true,,,
FFSU,KY,00002318280,TRULICITY ,2021,3,true,,,
MCOU,KY,00002318280,TRULICITY ,2021,3,false,64.500,31,26164.09
MCOU,KY,00002143301,TRULICITY ,2021,2,true,,,
FFSU,KY,00002143301,TRULICITY ,2021,2,true,,,
MCOU,KY,00002143380,TRULICITY ,2021,2,false,10283.000,4760,4134078.86
FFSU,KY,00002143380,TRULICITY ,2021,2,false,222.000,115,90915.52
MCOU,KY,00002143401,TRULICITY ,2021,2,true,,,
FFSU,KY,00002143480,TRULICITY ,2021,2,false,140.500,85,57656.33
MCOU,KY,00002143480,TRULICITY ,2021,2,false,10851.000,4907,4327291.03
MCOU,KY,00002223601,TRULICITY ,2021,2,false,22.000,11,9054.30
MCOU,KY,00002223680,TRULICITY ,2021,2,false,2236.500,1039,899480.80
FFSU,KY,00002223680,TRULICITY ,2021,2,false,36.000,21,14805.19
FFSU,KY,00002318201,TRULICITY ,2021,2,true,,,
MCOU,KY,00002318201,TRULICITY ,2021,2,true,,,
MCOU,KY,00002318280,TRULICITY ,2021,2,false,517.000,240,206878.39
FFSU,KY,00002318280,TRULICITY ,2021,2,true,,,
MCOU,KY,00002143301,TRULICITY ,2021,1,true,,,
MCOU,KY,00002143380,TRULICITY ,2021,1,false,6127.500,2923,2606474.35
FFSU,KY,00002143380,TRULICITY ,2021,1,false,176.000,96,70855.28
MCOU,KY,00002143401,TRULICITY ,2021,1,true,,,
FFSU,KY,00002143480,TRULICITY ,2021,1,false,189.500,86,75232.72
MCOU,KY,00002143480,TRULICITY ,2021,1,false,7933.500,3515,3245425.75
MCOU,KY,00002223601,TRULICITY ,2021,1,true,,,
MCOU,KY,00002223680,TRULICITY ,2021,1,false,953.000,433,386058.80
FFSU,KY,00002223680,TRULICITY ,2021,1,false,32.000,14,12954.69
FFSU,KY,00002318201,TRULICITY ,2021,1,true,,,
MCOU,KY,00002318201,TRULICITY ,2021,1,true,,,
MCOU,KY,00002318280,TRULICITY ,2021,1,false,148.000,18,18162.15
MCOU,LA,00002143301,TRULICITY ,2021,4,false,44.000,18,18506.23
MCOU,LA,00002143380,TRULICITY ,2021,4,false,11012.000,5192,4567344.42
FFSU,LA,00002143380,TRULICITY ,2021,4,false,125.500,61,51538.68
MCOU,LA,00002143401,TRULICITY ,2021,4,false,28.000,14,11717.99
MCOU,LA,00002143480,TRULICITY ,2021,4,false,14238.000,6631,5904809.53
FFSU,LA,00002143480,TRULICITY ,2021,4,false,112.000,56,50631.77
MCOU,LA,00002223601,TRULICITY ,2021,4,false,42.000,21,17637.27
MCOU,LA,00002223680,TRULICITY ,2021,4,false,4502.500,2141,1864149.14
FFSU,LA,00002223680,TRULICITY ,2021,4,false,66.000,33,27151.78
MCOU,LA,00002318201,TRULICITY ,2021,4,true,,,
MCOU,LA,00002318280,TRULICITY ,2021,4,false,1548.000,736,642017.85
FFSU,LA,00002318280,TRULICITY ,2021,4,true,,,
MCOU,LA,00002143301,TRULICITY ,2021,3,true,,,
FFSU,LA,00002143380,TRULICITY ,2021,3,false,112.500,55,45927.14
MCOU,LA,00002143380,TRULICITY ,2021,3,false,8684.500,4113,3600505.98
MCOU,LA,00002143401,TRULICITY ,2021,3,true,,,
MCOU,LA,00002143480,TRULICITY ,2021,3,false,11660.500,5403,4838390.60
FFSU,LA,00002143480,TRULICITY ,2021,3,false,156.500,69,65607.40
MCOU,LA,00002223601,TRULICITY ,2021,3,true,,,
MCOU,LA,00002223680,TRULICITY ,2021,3,false,2914.500,1379,1206255.45
FFSU,LA,00002223680,TRULICITY ,2021,3,false,52.500,27,21610.72
MCOU,LA,00002318201,TRULICITY ,2021,3,true,,,
FFSU,LA,00002318280,TRULICITY ,2021,3,true,,,
MCOU,LA,00002318280,TRULICITY ,2021,3,false,858.000,404,355427.12
MCOU,LA,00002143301,TRULICITY ,2021,2,true,,,
FFSU,LA,00002143380,TRULICITY ,2021,2,false,63.500,31,25760.68
MCOU,LA,00002143380,TRULICITY ,2021,2,false,5576.000,2609,2310313.95
MCOU,LA,00002143401,TRULICITY ,2021,2,true,,,
FFSU,LA,00002143480,TRULICITY ,2021,2,false,108.000,48,43953.10
MCOU,LA,00002143480,TRULICITY ,2021,2,false,7701.000,3529,3191046.41
MCOU,LA,00002223601,TRULICITY ,2021,2,true,,,
FFSU,LA,00002223680,TRULICITY ,2021,2,false,28.000,14,11519.27
MCOU,LA,00002223680,TRULICITY ,2021,2,false,1735.500,833,717005.43
FFSU,LA,00002318280,TRULICITY ,2021,2,true,,,
MCOU,LA,00002318280,TRULICITY ,2021,2,false,362.000,171,149815.42
MCOU,LA,00002143301,TRULICITY ,2021,1,true,,,
FFSU,LA,00002143380,TRULICITY ,2021,1,true,,,
MCOU,LA,00002143380,TRULICITY ,2021,1,false,1619.000,762,662037.53
MCOU,LA,00002143401,TRULICITY ,2021,1,true,,,
FFSU,LA,00002143480,TRULICITY ,2021,1,false,111.000,53,44993.41
MCOU,LA,00002143480,TRULICITY ,2021,1,false,3703.500,1707,1528656.47
FFSU,LA,00002223680,TRULICITY ,2021,1,true,,,
MCOU,LA,00002223680,TRULICITY ,2021,1,false,505.000,241,206111.05
MCOU,LA,00002318280,TRULICITY ,2021,1,false,82.000,39,33380.79
FFSU,LA,00002318280,TRULICITY ,2021,1,true,,,
MCOU,MA,00002143301,TRULICITY ,2021,4,true,,,
FFSU,MA,00002143301,TRULICITY ,2021,4,true,,,
FFSU,MA,00002143380,TRULICITY ,2021,4,false,9417.000,3801,3851086.50
MCOU,MA,00002143380,TRULICITY ,2021,4,false,9998.500,4278,4118553.67
FFSU,MA,00002143401,TRULICITY ,2021,4,true,,,
MCOU,MA,00002143480,TRULICITY ,2021,4,false,11362.000,4612,4660269.28
FFSU,MA,00002143480,TRULICITY ,2021,4,false,9923.000,3653,4053777.07
FFSU,MA,00002223601,TRULICITY ,2021,4,true,,,
MCOU,MA,00002223601,TRULICITY ,2021,4,false,22.000,11,9057.32
FFSU,MA,00002223680,TRULICITY ,2021,4,false,3465.500,1255,1416361.18
MCOU,MA,00002223680,TRULICITY ,2021,4,false,3814.000,1526,1564506.86
MCOU,MA,00002318201,TRULICITY ,2021,4,true,,,
FFSU,MA,00002318201,TRULICITY ,2021,4,true,,,
FFSU,MA,00002318280,TRULICITY ,2021,4,false,1139.000,410,465668.91
MCOU,MA,00002318280,TRULICITY ,2021,4,false,1705.000,690,700222.22
FFSU,MA,00002143301,TRULICITY ,2021,3,true,,,
MCOU,MA,00002143380,TRULICITY ,2021,3,false,9421.000,4035,3880404.71
FFSU,MA,00002143380,TRULICITY ,2021,3,false,8523.000,3465,3489838.54
FFSU,MA,00002143401,TRULICITY ,2021,3,true,,,
FFSU,MA,00002143480,TRULICITY ,2021,3,false,9514.000,3552,3884037.38
MCOU,MA,00002143480,TRULICITY ,2021,3,false,10748.000,4379,4410963.83
MCOU,MA,00002223601,TRULICITY ,2021,3,true,,,
FFSU,MA,00002223601,TRULICITY ,2021,3,true,,,
MCOU,MA,00002223680,TRULICITY ,2021,3,false,3146.500,1261,1289440.46
FFSU,MA,00002223680,TRULICITY ,2021,3,false,2799.500,1016,1144376.26
MCOU,MA,00002318201,TRULICITY ,2021,3,true,,,
FFSU,MA,00002318201,TRULICITY ,2021,3,true,,,
FFSU,MA,00002318280,TRULICITY ,2021,3,false,632.500,247,258580.15
MCOU,MA,00002318280,TRULICITY ,2021,3,false,1124.000,465,462005.10
FFSU,MA,00002143301,TRULICITY ,2021,2,true,,,
FFSU,MA,00002143380,TRULICITY ,2021,2,false,8541.000,3473,3488475.46
MCOU,MA,00002143380,TRULICITY ,2021,2,false,8905.500,3868,3670567.16
FFSU,MA,00002143401,TRULICITY ,2021,2,true,,,
MCOU,MA,00002143401,TRULICITY ,2021,2,true,,,
FFSU,MA,00002143480,TRULICITY ,2021,2,false,10384.500,3926,4227396.15
MCOU,MA,00002143480,TRULICITY ,2021,2,false,10617.000,4335,4352393.81
FFSU,MA,00002223601,TRULICITY ,2021,2,true,,,
MCOU,MA,00002223601,TRULICITY ,2021,2,true,,,
FFSU,MA,00002223680,TRULICITY ,2021,2,false,2013.000,713,822646.70
MCOU,MA,00002223680,TRULICITY ,2021,2,false,2224.500,887,913235.80
FFSU,MA,00002318201,TRULICITY ,2021,2,true,,,
MCOU,MA,00002318201,TRULICITY ,2021,2,true,,,
FFSU,MA,00002318280,TRULICITY ,2021,2,false,324.000,117,133164.54
MCOU,MA,00002318280,TRULICITY ,2021,2,false,670.000,262,273459.45
MCOU,MA,00002143301,TRULICITY ,2021,1,true,,,
FFSU,MA,00002143301,TRULICITY ,2021,1,true,,,
MCOU,MA,00002143380,TRULICITY ,2021,1,false,7913.000,3466,3261017.35
FFSU,MA,00002143380,TRULICITY ,2021,1,false,6182.000,2519,2475352.25
MCOU,MA,00002143401,TRULICITY ,2021,1,true,,,
FFSU,MA,00002143401,TRULICITY ,2021,1,true,,,
FFSU,MA,00002143480,TRULICITY ,2021,1,false,8338.500,3192,3330336.71
MCOU,MA,00002143480,TRULICITY ,2021,1,false,9564.500,3962,3919220.18
FFSU,MA,00002223601,TRULICITY ,2021,1,true,,,
MCOU,MA,00002223601,TRULICITY ,2021,1,true,,,
FFSU,MA,00002223680,TRULICITY ,2021,1,false,622.500,205,250658.29
MCOU,MA,00002223680,TRULICITY ,2021,1,false,1088.000,451,449068.53
MCOU,MA,00002318201,TRULICITY ,2021,1,true,,,
FFSU,MA,00002318280,TRULICITY ,2021,1,false,46.000,13,18940.17
MCOU,MA,00002318280,TRULICITY ,2021,1,false,194.000,75,78730.96
MCOU,MD,00002143301,TRULICITY ,2021,4,false,38.500,20,15743.72
FFSU,MD,00002143301,TRULICITY ,2021,4,true,,,
MCOU,MD,00002143380,TRULICITY ,2021,4,false,6997.500,3194,2946417.88
FFSU,MD,00002143380,TRULICITY ,2021,4,false,193.500,106,79472.02
MCOU,MD,00002143401,TRULICITY ,2021,4,false,58.000,23,22332.67
FFSU,MD,00002143401,TRULICITY ,2021,4,true,,,
FFSU,MD,00002143480,TRULICITY ,2021,4,false,274.000,129,112347.49
MCOU,MD,00002143480,TRULICITY ,2021,4,false,9113.000,3906,3770533.52
MCOU,MD,00002223601,TRULICITY ,2021,4,true,,,
FFSU,MD,00002223601,TRULICITY ,2021,4,true,,,
FFSU,MD,00002223680,TRULICITY ,2021,4,false,52.000,21,21300.47
MCOU,MD,00002223680,TRULICITY ,2021,4,false,3231.000,1395,1331076.71
MCOU,MD,00002318201,TRULICITY ,2021,4,false,30.000,14,12341.26
FFSU,MD,00002318280,TRULICITY ,2021,4,true,,,
MCOU,MD,00002318280,TRULICITY ,2021,4,false,917.500,407,379094.99
FFSU,MD,00002143301,TRULICITY ,2021,3,true,,,
MCOU,MD,00002143301,TRULICITY ,2021,3,false,30.000,15,12320.82
MCOU,MD,00002143380,TRULICITY ,2021,3,false,6854.000,2984,2827076.43
FFSU,MD,00002143380,TRULICITY ,2021,3,false,222.500,97,91151.18
MCOU,MD,00002143401,TRULICITY ,2021,3,false,68.000,31,26045.24
FFSU,MD,00002143401,TRULICITY ,2021,3,false,12.500,13,5210.34
FFSU,MD,00002143480,TRULICITY ,2021,3,false,230.500,115,94484.44
MCOU,MD,00002143480,TRULICITY ,2021,3,false,9349.000,3823,3831812.12
MCOU,MD,00002223601,TRULICITY ,2021,3,true,,,
FFSU,MD,00002223680,TRULICITY ,2021,3,false,41.000,14,16794.76
MCOU,MD,00002223680,TRULICITY ,2021,3,false,2780.500,1126,1149273.82
MCOU,MD,00002318201,TRULICITY ,2021,3,true,,,
FFSU,MD,00002318280,TRULICITY ,2021,3,true,,,
MCOU,MD,00002318280,TRULICITY ,2021,3,false,684.000,290,298910.94
MCOU,MD,00002143301,TRULICITY ,2021,2,false,29.000,12,11781.79
FFSU,MD,00002143301,TRULICITY ,2021,2,false,11.000,11,4603.44
FFSU,MD,00002143380,TRULICITY ,2021,2,false,144.500,69,59199.03
MCOU,MD,00002143380,TRULICITY ,2021,2,false,6597.500,2826,2713422.18
MCOU,MD,00002143401,TRULICITY ,2021,2,false,76.000,34,33184.90
FFSU,MD,00002143401,TRULICITY ,2021,2,false,13.500,15,5659.10
MCOU,MD,00002143480,TRULICITY ,2021,2,false,8933.500,3757,3709868.87
FFSU,MD,00002143480,TRULICITY ,2021,2,false,183.000,77,74941.20
MCOU,MD,00002223601,TRULICITY ,2021,2,true,,,
FFSU,MD,00002223680,TRULICITY ,2021,2,true,,,
MCOU,MD,00002223680,TRULICITY ,2021,2,false,2036.000,853,838651.79
MCOU,MD,00002318201,TRULICITY ,2021,2,true,,,
FFSU,MD,00002318280,TRULICITY ,2021,2,true,,,
MCOU,MD,00002318280,TRULICITY ,2021,2,false,346.000,136,139915.36
MCOU,MD,00002143301,TRULICITY ,2021,1,false,32.000,18,13064.05
FFSU,MD,00002143301,TRULICITY ,2021,1,false,12.500,15,5200.30
FFSU,MD,00002143380,TRULICITY ,2021,1,false,126.000,57,51109.42
MCOU,MD,00002143380,TRULICITY ,2021,1,false,6060.000,2603,2486903.96
MCOU,MD,00002143401,TRULICITY ,2021,1,false,52.000,23,22321.13
MCOU,MD,00002143480,TRULICITY ,2021,1,false,9041.500,3726,3705052.80
FFSU,MD,00002143480,TRULICITY ,2021,1,false,168.500,77,68341.01
FFSU,MD,00002223680,TRULICITY ,2021,1,true,,,
MCOU,MD,00002223680,TRULICITY ,2021,1,false,992.500,401,405173.59
FFSU,MD,00002318280,TRULICITY ,2021,1,true,,,
MCOU,MD,00002318280,TRULICITY ,2021,1,false,102.000,39,41671.89
FFSU,ME,00002143301,TRULICITY ,2021,4,true,,,
FFSU,ME,00002143380,TRULICITY ,2021,4,false,2128.000,1075,861133.86
FFSU,ME,00002143480,TRULICITY ,2021,4,false,2567.500,1278,1051603.19
FFSU,ME,00002223601,TRULICITY ,2021,4,true,,,
FFSU,ME,00002223680,TRULICITY ,2021,4,false,879.000,445,360852.54
FFSU,ME,00002318201,TRULICITY ,2021,4,true,,,
FFSU,ME,00002318280,TRULICITY ,2021,4,false,366.000,174,149713.12
FFSU,ME,00002143380,TRULICITY ,2021,3,false,2084.500,1046,847342.75
FFSU,ME,00002143480,TRULICITY ,2021,3,false,2370.500,1163,966297.36
FFSU,ME,00002223680,TRULICITY ,2021,3,false,718.500,348,294640.25
FFSU,ME,00002318201,TRULICITY ,2021,3,true,,,
FFSU,ME,00002318280,TRULICITY ,2021,3,false,178.000,89,72921.28
FFSU,ME,00002143380,TRULICITY ,2021,2,false,1845.500,926,747517.77
FFSU,ME,00002143480,TRULICITY ,2021,2,false,2148.000,1064,878262.64
FFSU,ME,00002223680,TRULICITY ,2021,2,false,446.000,215,183072.94
FFSU,ME,00002318280,TRULICITY ,2021,2,false,86.000,43,35270.24
FFSU,ME,00002143380,TRULICITY ,2021,1,false,1501.500,740,594720.48
FFSU,ME,00002143480,TRULICITY ,2021,1,false,1891.000,926,759641.00
FFSU,ME,00002223680,TRULICITY ,2021,1,false,224.000,106,90805.36
FFSU,ME,00002318280,TRULICITY ,2021,1,false,30.000,13,12246.04
FFSU,MI,00002143301,TRULICITY ,2021,4,true,,,
MCOU,MI,00002143301,TRULICITY ,2021,4,true,,,
FFSU,MI,00002143380,TRULICITY ,2021,4,false,928.500,412,365254.10
MCOU,MI,00002143380,TRULICITY ,2021,4,false,14516.004,6485,5885547.60
FFSU,MI,00002143401,TRULICITY ,2021,4,true,,,
MCOU,MI,00002143401,TRULICITY ,2021,4,true,,,
FFSU,MI,00002143480,TRULICITY ,2021,4,false,1018.500,422,401887.89
MCOU,MI,00002143480,TRULICITY ,2021,4,false,13809.012,5948,5615093.03
FFSU,MI,00002223601,TRULICITY ,2021,4,true,,,
MCOU,MI,00002223601,TRULICITY ,2021,4,true,,,
MCOU,MI,00002223680,TRULICITY ,2021,4,false,4547.000,1895,1843424.50
FFSU,MI,00002223680,TRULICITY ,2021,4,false,454.500,185,174966.15
MCOU,MI,00002318201,TRULICITY ,2021,4,true,,,
MCOU,MI,00002318280,TRULICITY ,2021,4,false,1907.500,798,770131.90
FFSU,MI,00002318280,TRULICITY ,2021,4,false,152.000,62,59454.16
MCOU,MI,00002143301,TRULICITY ,2021,3,true,,,
MCOU,MI,00002143380,TRULICITY ,2021,3,false,10190.002,4666,4144959.61
FFSU,MI,00002143380,TRULICITY ,2021,3,false,731.000,330,283059.34
MCOU,MI,00002143401,TRULICITY ,2021,3,true,,,
FFSU,MI,00002143401,TRULICITY ,2021,3,true,,,
FFSU,MI,00002143480,TRULICITY ,2021,3,false,715.500,312,272156.77
MCOU,MI,00002143480,TRULICITY ,2021,3,false,9424.500,4187,3830379.26
MCOU,MI,00002223680,TRULICITY ,2021,3,false,2557.000,1095,1038874.21
FFSU,MI,00002223680,TRULICITY ,2021,3,false,287.500,119,105809.34
MCOU,MI,00002318201,TRULICITY ,2021,3,true,,,
MCOU,MI,00002318280,TRULICITY ,2021,3,false,992.500,426,397287.64
FFSU,MI,00002318280,TRULICITY ,2021,3,false,98.000,35,38280.90
MCOU,MI,00002143301,TRULICITY ,2021,2,true,,,
FFSU,MI,00002143380,TRULICITY ,2021,2,false,450.000,195,176921.16
MCOU,MI,00002143380,TRULICITY ,2021,2,false,4093.012,1891,1669938.46
FFSU,MI,00002143401,TRULICITY ,2021,2,true,,,
MCOU,MI,00002143401,TRULICITY ,2021,2,true,,,
MCOU,MI,00002143480,TRULICITY ,2021,2,false,4032.522,1845,1649952.08
FFSU,MI,00002143480,TRULICITY ,2021,2,false,595.500,258,225156.91
MCOU,MI,00002223601,TRULICITY ,2021,2,true,,,
FFSU,MI,00002223680,TRULICITY ,2021,2,false,169.000,65,64950.55
MCOU,MI,00002223680,TRULICITY ,2021,2,false,898.506,418,365839.13
MCOU,MI,00002318201,TRULICITY ,2021,2,true,,,
FFSU,MI,00002318280,TRULICITY ,2021,2,false,42.000,17,16954.63
MCOU,MI,00002318280,TRULICITY ,2021,2,false,338.000,153,136665.53
MCOU,MI,00002143301,TRULICITY ,2021,1,true,,,
FFSU,MI,00002143380,TRULICITY ,2021,1,false,211.500,102,77095.50
MCOU,MI,00002143380,TRULICITY ,2021,1,false,1042.000,484,426449.66
FFSU,MI,00002143480,TRULICITY ,2021,1,false,449.500,207,173123.92
MCOU,MI,00002143480,TRULICITY ,2021,1,false,1912.002,902,782011.00
MCOU,MI,00002223680,TRULICITY ,2021,1,false,308.000,140,125932.29
FFSU,MI,00002223680,TRULICITY ,2021,1,false,87.000,32,32127.86
MCOU,MI,00002318280,TRULICITY ,2021,1,false,82.000,40,33709.58
FFSU,MI,00002318280,TRULICITY ,2021,1,true,,,
MCOU,MN,00002143380,TRULICITY ,2021,4,false,796.000,325,334164.55
FFSU,MN,00002143380,TRULICITY ,2021,4,false,26.000,13,9910.42
MCOU,MN,00002143401,TRULICITY ,2021,4,true,,,
MCOU,MN,00002143480,TRULICITY ,2021,4,false,1568.500,624,655954.80
FFSU,MN,00002143480,TRULICITY ,2021,4,false,66.000,33,26429.70
MCOU,MN,00002223680,TRULICITY ,2021,4,false,534.000,222,225178.53
FFSU,MN,00002223680,TRULICITY ,2021,4,false,42.000,21,17573.50
MCOU,MN,00002318280,TRULICITY ,2021,4,false,252.000,113,105032.77
FFSU,MN,00002318280,TRULICITY ,2021,4,true,,,
MCOU,MN,00002143380,TRULICITY ,2021,3,false,770.000,313,325400.79
FFSU,MN,00002143380,TRULICITY ,2021,3,false,44.000,18,16729.60
MCOU,MN,00002143401,TRULICITY ,2021,3,true,,,
FFSU,MN,00002143480,TRULICITY ,2021,3,false,98.000,39,39139.25
MCOU,MN,00002143480,TRULICITY ,2021,3,false,1610.000,647,674054.48
FFSU,MN,00002223680,TRULICITY ,2021,3,false,38.000,19,15902.24
MCOU,MN,00002223680,TRULICITY ,2021,3,false,498.000,214,210142.89
FFSU,MN,00002318280,TRULICITY ,2021,3,true,,,
MCOU,MN,00002318280,TRULICITY ,2021,3,false,160.000,66,66481.96
MCOU,MN,00002143301,TRULICITY ,2021,2,true,,,
FFSU,MN,00002143380,TRULICITY ,2021,2,false,42.000,17,15967.26
MCOU,MN,00002143380,TRULICITY ,2021,2,false,735.500,312,312996.64
MCOU,MN,00002143401,TRULICITY ,2021,2,true,,,
FFSU,MN,00002143480,TRULICITY ,2021,2,false,88.000,32,34160.77
MCOU,MN,00002143480,TRULICITY ,2021,2,false,1631.500,644,688639.92
FFSU,MN,00002223680,TRULICITY ,2021,2,true,,,
MCOU,MN,00002223680,TRULICITY ,2021,2,false,317.500,131,134092.18
MCOU,MN,00002318280,TRULICITY ,2021,2,false,119.000,48,49818.50
FFSU,MN,00002318280,TRULICITY ,2021,2,true,,,
FFSU,MN,00002143380,TRULICITY ,2021,1,false,56.000,22,21282.70
MCOU,MN,00002143380,TRULICITY ,2021,1,false,674.000,278,285317.39
MCOU,MN,00002143401,TRULICITY ,2021,1,true,,,
FFSU,MN,00002143480,TRULICITY ,2021,1,false,108.000,43,40546.92
MCOU,MN,00002143480,TRULICITY ,2021,1,false,1557.000,638,657051.85
FFSU,MN,00002223680,TRULICITY ,2021,1,true,,,
MCOU,MN,00002223680,TRULICITY ,2021,1,false,171.000,72,71695.94
FFSU,MN,00002318280,TRULICITY ,2021,1,true,,,
MCOU,MN,00002318280,TRULICITY ,2021,1,false,42.000,19,17673.88
FFSU,MO,00002143301,TRULICITY ,2021,4,true,,,
FFSU,MO,00002143380,TRULICITY ,2021,4,false,1317.500,665,535093.67
FFSU,MO,00002143480,TRULICITY ,2021,4,false,1074.500,538,426237.85
FFSU,MO,00002223680,TRULICITY ,2021,4,false,445.000,220,178078.26
FFSU,MO,00002318280,TRULICITY ,2021,4,false,76.000,38,30503.34
FFSU,MO,00002143380,TRULICITY ,2021,3,false,312.500,163,120660.94
FFSU,MO,00002143401,TRULICITY ,2021,3,true,,,
FFSU,MO,00002143480,TRULICITY ,2021,3,false,636.500,317,247347.30
FFSU,MO,00002223680,TRULICITY ,2021,3,false,200.000,100,79727.53
FFSU,MO,00002318280,TRULICITY ,2021,3,false,24.000,12,8578.06
FFSU,MO,00002143380,TRULICITY ,2021,2,false,298.000,149,114556.62
FFSU,MO,00002143480,TRULICITY ,2021,2,false,620.000,306,242074.12
FFSU,MO,00002223680,TRULICITY ,2021,2,false,114.000,57,46432.62
FFSU,MO,00002318280,TRULICITY ,2021,2,true,,,
FFSU,MO,00002143380,TRULICITY ,2021,1,false,251.000,125,96921.81
FFSU,MO,00002143480,TRULICITY ,2021,1,false,605.000,300,237165.33
FFSU,MO,00002223680,TRULICITY ,2021,1,false,36.000,18,14131.86
FFSU,MS,00002143380,TRULICITY ,2021,4,true,,,
MCOU,MS,00002143380,TRULICITY ,2021,4,false,134.000,67,54227.25
MCOU,MS,00002143480,TRULICITY ,2021,4,false,148.000,72,60784.41
FFSU,MS,00002143480,TRULICITY ,2021,4,false,52.000,26,21368.81
FFSU,MS,00002223680,TRULICITY ,2021,4,true,,,
MCOU,MS,00002223680,TRULICITY ,2021,4,false,124.000,62,51531.19
FFSU,MS,00002318280,TRULICITY ,2021,4,true,,,
MCOU,MS,00002318280,TRULICITY ,2021,4,false,42.000,21,17274.52
MCOU,MS,00002143380,TRULICITY ,2021,3,false,122.000,61,50113.33
FFSU,MS,00002143380,TRULICITY ,2021,3,true,,,
MCOU,MS,00002143480,TRULICITY ,2021,3,false,186.000,87,76338.27
FFSU,MS,00002143480,TRULICITY ,2021,3,false,40.000,20,16431.40
MCOU,MS,00002223680,TRULICITY ,2021,3,false,92.000,46,37865.36
FFSU,MS,00002223680,TRULICITY ,2021,3,true,,,
MCOU,MS,00002318201,TRULICITY ,2021,3,true,,,
MCOU,MS,00002318280,TRULICITY ,2021,3,false,32.000,16,13161.28
MCOU,MS,00002143380,TRULICITY ,2021,2,false,114.000,57,46827.21
FFSU,MS,00002143380,TRULICITY ,2021,2,true,,,
FFSU,MS,00002143480,TRULICITY ,2021,2,false,46.000,23,18896.11
MCOU,MS,00002143480,TRULICITY ,2021,2,false,164.000,80,67346.16
MCOU,MS,00002223680,TRULICITY ,2021,2,false,70.500,36,29024.86
MCOU,MS,00002318201,TRULICITY ,2021,2,true,,,
MCOU,MS,00002318280,TRULICITY ,2021,2,true,,,
MCOU,MS,00002143380,TRULICITY ,2021,1,false,104.000,52,42538.96
FFSU,MS,00002143380,TRULICITY ,2021,1,true,,,
FFSU,MS,00002143480,TRULICITY ,2021,1,false,24.000,12,9768.52
MCOU,MS,00002143480,TRULICITY ,2021,1,false,170.000,85,69291.53
MCOU,MS,00002223680,TRULICITY ,2021,1,false,39.000,20,16005.12
MCOU,MS,00002318280,TRULICITY ,2021,1,true,,,
FFSU,MT,00002143380,TRULICITY ,2021,4,false,1432.000,626,587179.99
FFSU,MT,00002143480,TRULICITY ,2021,4,false,1425.000,595,585066.11
FFSU,MT,00002223680,TRULICITY ,2021,4,false,671.000,283,274657.04
FFSU,MT,00002318280,TRULICITY ,2021,4,false,136.000,50,55641.20
FFSU,MT,00002143380,TRULICITY ,2021,3,false,1168.500,521,479309.70
FFSU,MT,00002143480,TRULICITY ,2021,3,false,1210.643,501,496892.48
FFSU,MT,00002223680,TRULICITY ,2021,3,false,380.500,160,156400.92
FFSU,MT,00002318280,TRULICITY ,2021,3,false,58.000,22,23783.18
FFSU,MT,00002143380,TRULICITY ,2021,2,false,542.500,231,223393.07
FFSU,MT,00002143480,TRULICITY ,2021,2,false,708.000,281,291635.76
FFSU,MT,00002223680,TRULICITY ,2021,2,false,146.500,60,62478.99
FFSU,MT,00002318280,TRULICITY ,2021,2,true,,,
FFSU,MT,00002143380,TRULICITY ,2021,1,false,182.000,76,74167.92
FFSU,MT,00002143480,TRULICITY ,2021,1,false,492.000,195,200184.09
FFSU,MT,00002223680,TRULICITY ,2021,1,false,32.000,12,13565.43
FFSU,MT,00002318280,TRULICITY ,2021,1,true,,,
FFSU,XX,00002143301,TRULICITY ,2021,4,false,205.000,109,86283.72
MCOU,XX,00002143301,TRULICITY ,2021,4,false,1087.000,500,406175.61
FFSU,XX,00002143380,TRULICITY ,2021,4,false,82584.500,35301,33995709.99
MCOU,XX,00002143380,TRULICITY ,2021,4,false,255431.004,118753,104837885.89
FFSU,XX,00002143401,TRULICITY ,2021,4,false,226.000,116,96937.51
MCOU,XX,00002143401,TRULICITY ,2021,4,false,1252.500,531,447738.33
FFSU,XX,00002143480,TRULICITY ,2021,4,false,91968.000,37069,37836803.77
MCOU,XX,00002143480,TRULICITY ,2021,4,false,300974.012,136309,123146951.40
FFSU,XX,00002223601,TRULICITY ,2021,4,false,73.500,44,31112.83
MCOU,XX,00002223601,TRULICITY ,2021,4,false,764.500,343,292239.54
FFSU,XX,00002223680,TRULICITY ,2021,4,false,33163.000,13266,13670352.07
MCOU,XX,00002223680,TRULICITY ,2021,4,false,99298.500,45003,40680870.60
FFSU,XX,00002318201,TRULICITY ,2021,4,false,74.000,35,31009.94
MCOU,XX,00002318201,TRULICITY ,2021,4,false,310.500,152,127773.98
FFSU,XX,00002318280,TRULICITY ,2021,4,false,13213.000,4947,5467699.65
MCOU,XX,00002318280,TRULICITY ,2021,4,false,38127.500,17183,15622892.91
FFSU,XX,00002143301,TRULICITY ,2021,3,false,225.000,127,94325.12
MCOU,XX,00002143301,TRULICITY ,2021,3,false,1123.500,501,405823.68
FFSU,XX,00002143380,TRULICITY ,2021,3,false,73888.000,31394,30364040.45
MCOU,XX,00002143380,TRULICITY ,2021,3,false,225023.502,104765,91773995.42
FFSU,XX,00002143401,TRULICITY ,2021,3,false,214.000,100,91736.78
MCOU,XX,00002143401,TRULICITY ,2021,3,false,1080.000,458,375783.06
FFSU,XX,00002143480,TRULICITY ,2021,3,false,84836.643,34362,34759133.77
MCOU,XX,00002143480,TRULICITY ,2021,3,false,276878.000,125745,112690377.91
FFSU,XX,00002223601,TRULICITY ,2021,3,false,54.000,34,21577.67
MCOU,XX,00002223601,TRULICITY ,2021,3,false,515.500,233,193972.91
FFSU,XX,00002223680,TRULICITY ,2021,3,false,25435.000,10167,10492687.02
MCOU,XX,00002223680,TRULICITY ,2021,3,false,74620.000,33821,30497049.30
FFSU,XX,00002318201,TRULICITY ,2021,3,false,50.000,23,20976.57
MCOU,XX,00002318201,TRULICITY ,2021,3,false,165.500,83,67074.84
FFSU,XX,00002318280,TRULICITY ,2021,3,false,8010.000,2992,3321249.90
MCOU,XX,00002318280,TRULICITY ,2021,3,false,23379.000,10562,9561181.45
FFSU,XX,00002143301,TRULICITY ,2021,2,false,182.000,103,77337.91
MCOU,XX,00002143301,TRULICITY ,2021,2,false,1111.000,477,389959.76
FFSU,XX,00002143380,TRULICITY ,2021,2,false,63794.000,27415,26271082.41
MCOU,XX,00002143380,TRULICITY ,2021,2,false,189040.512,88022,77108370.34
FFSU,XX,00002143401,TRULICITY ,2021,2,false,152.000,88,64698.80
MCOU,XX,00002143401,TRULICITY ,2021,2,false,1023.500,445,357620.46
FFSU,XX,00002143480,TRULICITY ,2021,2,false,77288.500,31466,31757096.78
MCOU,XX,00002143480,TRULICITY ,2021,2,false,243094.022,110430,98742304.29
FFSU,XX,00002223601,TRULICITY ,2021,2,false,52.500,27,21109.04
MCOU,XX,00002223601,TRULICITY ,2021,2,false,389.000,188,154602.59
FFSU,XX,00002223680,TRULICITY ,2021,2,false,17631.000,6945,7252609.19
MCOU,XX,00002223680,TRULICITY ,2021,2,false,51667.006,23207,21109789.05
FFSU,XX,00002318201,TRULICITY ,2021,2,false,36.000,18,15306.19
MCOU,XX,00002318201,TRULICITY ,2021,2,false,100.000,48,40889.71
FFSU,XX,00002318280,TRULICITY ,2021,2,false,3804.500,1414,1574855.79
MCOU,XX,00002318280,TRULICITY ,2021,2,false,12687.500,5517,5176540.16
FFSU,XX,00002143301,TRULICITY ,2021,1,false,187.500,104,78625.77
MCOU,XX,00002143301,TRULICITY ,2021,1,false,1081.500,505,397457.53
FFSU,XX,00002143380,TRULICITY ,2021,1,false,48698.000,21110,19800987.90
MCOU,XX,00002143380,TRULICITY ,2021,1,false,155476.000,72712,63542084.58
FFSU,XX,00002143401,TRULICITY ,2021,1,false,111.000,56,46554.12
MCOU,XX,00002143401,TRULICITY ,2021,1,false,936.500,407,336361.68
FFSU,XX,00002143480,TRULICITY ,2021,1,false,65443.500,26543,26459169.06
MCOU,XX,00002143480,TRULICITY ,2021,1,false,219543.002,100174,89317017.89
FFSU,XX,00002223601,TRULICITY ,2021,1,false,33.500,14,12899.11
MCOU,XX,00002223601,TRULICITY ,2021,1,false,218.000,105,98674.04
FFSU,XX,00002223680,TRULICITY ,2021,1,false,8070.000,3144,3315059.39
MCOU,XX,00002223680,TRULICITY ,2021,1,false,26759.500,11918,10922273.64
FFSU,XX,00002318201,TRULICITY ,2021,1,true,,,
MCOU,XX,00002318201,TRULICITY ,2021,1,false,52.000,24,20495.96
FFSU,XX,00002318280,TRULICITY ,2021,1,false,1073.500,368,447730.04
MCOU,XX,00002318280,TRULICITY ,2021,1,false,4149.000,1705,1653944.05
FFSU,NC,00002143301,TRULICITY ,2021,4,false,16.000,12,6784.68
MCOU,NC,00002143301,TRULICITY ,2021,4,true,,,
FFSU,NC,00002143380,TRULICITY ,2021,4,false,1278.000,584,518820.50
MCOU,NC,00002143380,TRULICITY ,2021,4,false,5415.500,2349,2244059.28
MCOU,NC,00002143401,TRULICITY ,2021,4,true,,,
FFSU,NC,00002143480,TRULICITY ,2021,4,false,1336.000,592,540789.65
MCOU,NC,00002143480,TRULICITY ,2021,4,false,5114.000,2066,2086270.35
MCOU,NC,00002223601,TRULICITY ,2021,4,true,,,
FFSU,NC,00002223601,TRULICITY ,2021,4,true,,,
MCOU,NC,00002223680,TRULICITY ,2021,4,false,1666.500,707,690235.52
FFSU,NC,00002223680,TRULICITY ,2021,4,false,397.000,164,161420.70
FFSU,NC,00002318201,TRULICITY ,2021,4,true,,,
MCOU,NC,00002318201,TRULICITY ,2021,4,true,,,
MCOU,NC,00002318280,TRULICITY ,2021,4,false,605.000,244,245657.19
FFSU,NC,00002318280,TRULICITY ,2021,4,false,146.000,58,59033.31
FFSU,NC,00002143301,TRULICITY ,2021,3,false,15.500,12,6574.23
MCOU,NC,00002143301,TRULICITY ,2021,3,true,,,
FFSU,NC,00002143380,TRULICITY ,2021,3,false,1552.000,702,627306.85
MCOU,NC,00002143380,TRULICITY ,2021,3,false,3906.000,1707,1592052.58
MCOU,NC,00002143401,TRULICITY ,2021,3,true,,,
MCOU,NC,00002143480,TRULICITY ,2021,3,false,4010.000,1632,1633787.76
FFSU,NC,00002143480,TRULICITY ,2021,3,false,1458.500,625,589902.72
FFSU,NC,00002223601,TRULICITY ,2021,3,true,,,
MCOU,NC,00002223601,TRULICITY ,2021,3,true,,,
MCOU,NC,00002223680,TRULICITY ,2021,3,false,1048.000,432,431124.24
FFSU,NC,00002223680,TRULICITY ,2021,3,false,339.000,134,137810.26
FFSU,NC,00002318280,TRULICITY ,2021,3,false,98.000,36,39817.26
MCOU,NC,00002318280,TRULICITY ,2021,3,false,284.000,122,116050.16
FFSU,NC,00002143301,TRULICITY ,2021,2,true,,,
FFSU,NC,00002143380,TRULICITY ,2021,2,false,1670.500,727,674740.98
FFSU,NC,00002143401,TRULICITY ,2021,2,true,,,
FFSU,NC,00002143480,TRULICITY ,2021,2,false,2339.500,985,948748.93
FFSU,NC,00002223601,TRULICITY ,2021,2,true,,,
FFSU,NC,00002223680,TRULICITY ,2021,2,false,473.000,206,191338.86
FFSU,NC,00002318280,TRULICITY ,2021,2,false,88.000,38,35751.21
FFSU,NC,00002143301,TRULICITY ,2021,1,true,,,
FFSU,NC,00002143380,TRULICITY ,2021,1,false,1449.500,649,578706.61
FFSU,NC,00002143480,TRULICITY ,2021,1,false,2390.500,1014,953959.39
FFSU,NC,00002223601,TRULICITY ,2021,1,true,,,
FFSU,NC,00002223680,TRULICITY ,2021,1,false,292.000,125,116747.20
FFSU,NC,00002318280,TRULICITY ,2021,1,false,40.000,16,16397.84
FFSU,ND,00002143380,TRULICITY ,2021,4,false,52.000,26,21400.46
FFSU,ND,00002143480,TRULICITY ,2021,4,false,50.000,25,20576.96
FFSU,ND,00002223680,TRULICITY ,2021,4,true,,,
FFSU,ND,00002318280,TRULICITY ,2021,4,true,,,
FFSU,ND,00002143380,TRULICITY ,2021,3,false,48.000,24,19744.80
FFSU,ND,00002143480,TRULICITY ,2021,3,false,36.000,18,14809.32
FFSU,ND,00002223680,TRULICITY ,2021,3,true,,,
FFSU,ND,00002143380,TRULICITY ,2021,2,true,,,
FFSU,ND,00002143480,TRULICITY ,2021,2,false,30.000,15,12341.10
FFSU,ND,00002143380,TRULICITY ,2021,1,true,,,
FFSU,ND,00002143480,TRULICITY ,2021,1,true,,,
MCOU,NE,00002143380,TRULICITY ,2021,4,false,1496.000,721,602703.97
FFSU,NE,00002143380,TRULICITY ,2021,4,true,,,
MCOU,NE,00002143480,TRULICITY ,2021,4,false,1405.000,664,564360.26
MCOU,NE,00002223680,TRULICITY ,2021,4,false,494.000,232,191923.94
MCOU,NE,00002318280,TRULICITY ,2021,4,false,164.000,75,64153.47
MCOU,NE,00002143380,TRULICITY ,2021,3,false,857.000,417,343035.04
MCOU,NE,00002143480,TRULICITY ,2021,3,false,880.000,414,350463.57
FFSU,NE,00002143480,TRULICITY ,2021,3,true,,,
MCOU,NE,00002223680,TRULICITY ,2021,3,false,204.000,96,78174.07
MCOU,NE,00002318280,TRULICITY ,2021,3,false,38.000,16,15095.33
MCOU,NE,00002143380,TRULICITY ,2021,2,false,268.000,128,102327.81
MCOU,NE,00002143480,TRULICITY ,2021,2,false,450.000,216,181641.63
MCOU,NE,00002223680,TRULICITY ,2021,2,false,76.000,34,31824.84
MCOU,NE,00002318280,TRULICITY ,2021,2,true,,,
MCOU,NE,00002143380,TRULICITY ,2021,1,false,218.000,109,81585.45
MCOU,NE,00002143480,TRULICITY ,2021,1,false,400.000,196,158657.66
MCOU,NE,00002223680,TRULICITY ,2021,1,false,48.000,20,17530.86
MCOU,NE,00002318280,TRULICITY ,2021,1,true,,,
MCOU,NH,00002143380,TRULICITY ,2021,4,false,350.500,161,132744.49
MCOU,NH,00002143480,TRULICITY ,2021,4,false,496.000,211,175939.56
MCOU,NH,00002223680,TRULICITY ,2021,4,false,246.500,101,91564.05
MCOU,NH,00002318280,TRULICITY ,2021,4,false,96.000,40,38288.36
MCOU,NH,00002143380,TRULICITY ,2021,3,false,410.000,188,153588.14
MCOU,NH,00002143480,TRULICITY ,2021,3,false,490.000,218,182841.91
MCOU,NH,00002223680,TRULICITY ,2021,3,false,198.000,80,76211.87
MCOU,NH,00002318280,TRULICITY ,2021,3,false,78.000,37,27627.02
MCOU,NH,00002143380,TRULICITY ,2021,2,false,436.000,204,164203.02
MCOU,NH,00002143480,TRULICITY ,2021,2,false,513.000,231,190970.77
FFSU,NH,00002143480,TRULICITY ,2021,2,true,,,
MCOU,NH,00002223680,TRULICITY ,2021,2,false,156.000,59,60167.38
MCOU,NH,00002318280,TRULICITY ,2021,2,false,56.000,25,17406.42
MCOU,NH,00002143380,TRULICITY ,2021,1,false,323.000,147,119823.28
MCOU,NH,00002143480,TRULICITY ,2021,1,false,490.500,224,180448.39
MCOU,NH,00002223680,TRULICITY ,2021,1,false,98.000,40,33313.47
MCOU,NH,00002318280,TRULICITY ,2021,1,true,,,
MCOU,NJ,00002143301,TRULICITY ,2021,4,false,30.000,15,12131.26
FFSU,NJ,00002143380,TRULICITY ,2021,4,false,12.000,15,5027.50
MCOU,NJ,00002143380,TRULICITY ,2021,4,false,4185.000,1746,1750098.05
MCOU,NJ,00002143401,TRULICITY ,2021,4,false,53.500,23,21764.22
FFSU,NJ,00002143480,TRULICITY ,2021,4,true,,,
MCOU,NJ,00002143480,TRULICITY ,2021,4,false,5970.000,2370,2469019.00
MCOU,NJ,00002223601,TRULICITY ,2021,4,false,38.000,15,15544.97
FFSU,NJ,00002223680,TRULICITY ,2021,4,true,,,
MCOU,NJ,00002223680,TRULICITY ,2021,4,false,1691.000,658,700515.58
MCOU,NJ,00002318201,TRULICITY ,2021,4,false,30.000,11,12116.78
FFSU,NJ,00002318280,TRULICITY ,2021,4,true,,,
MCOU,NJ,00002318280,TRULICITY ,2021,4,false,781.000,310,325204.56
MCOU,NJ,00002143301,TRULICITY ,2021,3,false,36.000,13,14697.34
MCOU,NJ,00002143380,TRULICITY ,2021,3,false,3784.000,1567,1454914.24
FFSU,NJ,00002143380,TRULICITY ,2021,3,false,28.500,17,11705.79
MCOU,NJ,00002143401,TRULICITY ,2021,3,false,34.000,12,13754.48
FFSU,NJ,00002143480,TRULICITY ,2021,3,false,54.000,30,22160.27
MCOU,NJ,00002143480,TRULICITY ,2021,3,false,5714.000,2277,2187162.98
MCOU,NJ,00002223601,TRULICITY ,2021,3,false,36.000,16,14543.58
MCOU,NJ,00002223680,TRULICITY ,2021,3,false,1362.000,525,542827.19
FFSU,NJ,00002223680,TRULICITY ,2021,3,true,,,
MCOU,NJ,00002318201,TRULICITY ,2021,3,true,,,
MCOU,NJ,00002318280,TRULICITY ,2021,3,false,612.000,245,235721.78
MCOU,NJ,00002143301,TRULICITY ,2021,2,true,,,
FFSU,NJ,00002143380,TRULICITY ,2021,2,false,32.500,20,17638.56
MCOU,NJ,00002143380,TRULICITY ,2021,2,false,3465.500,1438,1335655.86
FFSU,NJ,00002143401,TRULICITY ,2021,2,true,,,
MCOU,NJ,00002143401,TRULICITY ,2021,2,true,,,
FFSU,NJ,00002143480,TRULICITY ,2021,2,false,55.000,42,32103.72
MCOU,NJ,00002143480,TRULICITY ,2021,2,false,5325.500,2120,2044252.84
MCOU,NJ,00002223601,TRULICITY ,2021,2,true,,,
FFSU,NJ,00002223680,TRULICITY ,2021,2,false,20.000,31,14153.52
MCOU,NJ,00002223680,TRULICITY ,2021,2,false,1088.000,409,433032.78
MCOU,NJ,00002318280,TRULICITY ,2021,2,false,313.000,113,118823.96
MCOU,NJ,00002143301,TRULICITY ,2021,1,false,38.000,16,15279.09
MCOU,NJ,00002143380,TRULICITY ,2021,1,false,3132.500,1323,1179613.11
FFSU,NJ,00002143380,TRULICITY ,2021,1,false,75.500,38,30093.73
MCOU,NJ,00002143401,TRULICITY ,2021,1,false,32.000,12,12091.64
MCOU,NJ,00002143480,TRULICITY ,2021,1,false,5006.500,1983,1918641.86
FFSU,NJ,00002143480,TRULICITY ,2021,1,false,58.000,31,23543.10
MCOU,NJ,00002223601,TRULICITY ,2021,1,true,,,
FFSU,NJ,00002223680,TRULICITY ,2021,1,true,,,
MCOU,NJ,00002223680,TRULICITY ,2021,1,false,675.500,268,271077.47
MCOU,NJ,00002318280,TRULICITY ,2021,1,false,91.000,27,35344.26
MCOU,NM,00002143301,TRULICITY ,2021,4,true,,,
MCOU,NM,00002143380,TRULICITY ,2021,4,false,3486.500,1477,1408679.75
FFSU,NM,00002143380,TRULICITY ,2021,4,false,228.500,108,87989.66
MCOU,NM,00002143401,TRULICITY ,2021,4,true,,,
FFSU,NM,00002143480,TRULICITY ,2021,4,false,224.000,96,84422.88
MCOU,NM,00002143480,TRULICITY ,2021,4,false,4408.500,1764,1767762.56
MCOU,NM,00002223680,TRULICITY ,2021,4,false,1637.500,697,664797.06
FFSU,NM,00002223680,TRULICITY ,2021,4,true,,,
MCOU,NM,00002318280,TRULICITY ,2021,4,false,485.000,194,196267.48
FFSU,NM,00002318280,TRULICITY ,2021,4,false,28.000,14,11503.28
MCOU,NM,00002143301,TRULICITY ,2021,3,true,,,
FFSU,NM,00002143380,TRULICITY ,2021,3,false,234.000,95,83885.34
MCOU,NM,00002143380,TRULICITY ,2021,3,false,3986.500,1677,1602645.51
MCOU,NM,00002143401,TRULICITY ,2021,3,true,,,
MCOU,NM,00002143480,TRULICITY ,2021,3,false,5344.000,2127,2152647.26
FFSU,NM,00002143480,TRULICITY ,2021,3,false,254.000,103,84894.12
FFSU,NM,00002223680,TRULICITY ,2021,3,true,,,
MCOU,NM,00002223680,TRULICITY ,2021,3,false,1528.500,632,619112.07
FFSU,NM,00002318280,TRULICITY ,2021,3,true,,,
MCOU,NM,00002318280,TRULICITY ,2021,3,false,384.000,166,150714.14
MCOU,NM,00002143380,TRULICITY ,2021,2,false,2820.000,1200,1158345.66
FFSU,NM,00002143380,TRULICITY ,2021,2,false,302.000,124,106786.98
FFSU,NM,00002143480,TRULICITY ,2021,2,false,316.000,133,106212.34
MCOU,NM,00002143480,TRULICITY ,2021,2,false,3985.000,1589,1608678.41
MCOU,NM,00002223601,TRULICITY ,2021,2,true,,,
MCOU,NM,00002223680,TRULICITY ,2021,2,false,934.000,385,383075.06
FFSU,NM,00002223680,TRULICITY ,2021,2,true,,,
MCOU,NM,00002318280,TRULICITY ,2021,2,false,167.000,72,68267.61
FFSU,NM,00002318280,TRULICITY ,2021,2,true,,,
MCOU,NM,00002143301,TRULICITY ,2021,1,true,,,
FFSU,NM,00002143380,TRULICITY ,2021,1,false,360.000,151,138717.86
MCOU,NM,00002143380,TRULICITY ,2021,1,false,3986.000,1674,1633345.83
MCOU,NM,00002143401,TRULICITY ,2021,1,true,,,
MCOU,NM,00002143480,TRULICITY ,2021,1,false,5542.500,2227,2278290.80
FFSU,NM,00002143480,TRULICITY ,2021,1,false,322.000,131,120421.64
FFSU,NM,00002223680,TRULICITY ,2021,1,true,,,
MCOU,NM,00002223680,TRULICITY ,2021,1,false,744.000,294,300537.82
MCOU,NM,00002318280,TRULICITY ,2021,1,false,62.000,25,25557.26
MCOU,NV,00002143301,TRULICITY ,2021,4,false,28.000,14,11758.52
FFSU,NV,00002143301,TRULICITY ,2021,4,true,,,
MCOU,NV,00002143380,TRULICITY ,2021,4,false,2837.000,1368,1180611.17
FFSU,NV,00002143380,TRULICITY ,2021,4,false,955.500,248,390548.98
FFSU,NV,00002143401,TRULICITY ,2021,4,true,,,
MCOU,NV,00002143401,TRULICITY ,2021,4,true,,,
FFSU,NV,00002143480,TRULICITY ,2021,4,false,1737.500,408,708361.60
MCOU,NV,00002143480,TRULICITY ,2021,4,false,3655.500,1720,1534106.88
FFSU,NV,00002223601,TRULICITY ,2021,4,true,,,
MCOU,NV,00002223680,TRULICITY ,2021,4,false,1222.500,576,500386.30
FFSU,NV,00002223680,TRULICITY ,2021,4,false,534.500,149,218448.10
MCOU,NV,00002318201,TRULICITY ,2021,4,true,,,
FFSU,NV,00002318280,TRULICITY ,2021,4,false,312.000,71,127284.23
MCOU,NV,00002318280,TRULICITY ,2021,4,false,536.000,265,221307.10
FFSU,NV,00002143301,TRULICITY ,2021,3,true,,,
MCOU,NV,00002143301,TRULICITY ,2021,3,false,62.000,25,25748.73
MCOU,NV,00002143380,TRULICITY ,2021,3,false,2738.000,1331,1139863.31
FFSU,NV,00002143380,TRULICITY ,2021,3,false,942.500,223,384086.48
MCOU,NV,00002143401,TRULICITY ,2021,3,false,28.000,11,11688.16
FFSU,NV,00002143401,TRULICITY ,2021,3,true,,,
FFSU,NV,00002143480,TRULICITY ,2021,3,false,1700.000,413,687305.94
MCOU,NV,00002143480,TRULICITY ,2021,3,false,3408.000,1588,1409752.96
FFSU,NV,00002223601,TRULICITY ,2021,3,true,,,
MCOU,NV,00002223601,TRULICITY ,2021,3,true,,,
FFSU,NV,00002223680,TRULICITY ,2021,3,false,468.000,112,191116.36
MCOU,NV,00002223680,TRULICITY ,2021,3,false,1105.000,523,456905.57
FFSU,NV,00002318280,TRULICITY ,2021,3,false,194.000,42,79120.77
MCOU,NV,00002318280,TRULICITY ,2021,3,false,364.000,182,152822.34
FFSU,NV,00002143301,TRULICITY ,2021,2,true,,,
MCOU,NV,00002143301,TRULICITY ,2021,2,false,50.000,21,20720.57
MCOU,NV,00002143380,TRULICITY ,2021,2,false,2677.000,1280,1112375.54
FFSU,NV,00002143380,TRULICITY ,2021,2,false,1004.000,234,409999.24
FFSU,NV,00002143401,TRULICITY ,2021,2,true,,,
MCOU,NV,00002143401,TRULICITY ,2021,2,true,,,
MCOU,NV,00002143480,TRULICITY ,2021,2,false,3355.500,1556,1391814.00
FFSU,NV,00002143480,TRULICITY ,2021,2,false,1830.500,449,746175.10
FFSU,NV,00002223601,TRULICITY ,2021,2,true,,,
MCOU,NV,00002223680,TRULICITY ,2021,2,false,813.000,392,337693.90
FFSU,NV,00002223680,TRULICITY ,2021,2,false,364.000,84,148615.12
FFSU,NV,00002318280,TRULICITY ,2021,2,false,128.000,28,52207.13
MCOU,NV,00002318280,TRULICITY ,2021,2,false,200.000,100,81919.26
FFSU,NV,00002143301,TRULICITY ,2021,1,true,,,
MCOU,NV,00002143301,TRULICITY ,2021,1,false,72.000,34,28977.81
MCOU,NV,00002143380,TRULICITY ,2021,1,false,2213.000,1056,917206.88
FFSU,NV,00002143380,TRULICITY ,2021,1,false,888.000,225,354875.15
MCOU,NV,00002143401,TRULICITY ,2021,1,true,,,
FFSU,NV,00002143401,TRULICITY ,2021,1,true,,,
FFSU,NV,00002143480,TRULICITY ,2021,1,false,1924.500,450,775257.90
MCOU,NV,00002143480,TRULICITY ,2021,1,false,3370.500,1578,1400020.93
FFSU,NV,00002223601,TRULICITY ,2021,1,true,,,
MCOU,NV,00002223601,TRULICITY ,2021,1,true,,,
FFSU,NV,00002223680,TRULICITY ,2021,1,false,207.000,52,84161.05
MCOU,NV,00002223680,TRULICITY ,2021,1,false,429.500,203,175427.80
FFSU,NV,00002318201,TRULICITY ,2021,1,true,,,
FFSU,NV,00002318280,TRULICITY ,2021,1,false,60.000,12,24777.39
MCOU,NV,00002318280,TRULICITY ,2021,1,false,62.000,31,25761.56
FFSU,NY,00002143301,TRULICITY ,2021,4,false,33.000,16,13610.04
MCOU,NY,00002143301,TRULICITY ,2021,4,false,314.500,156,127251.54
FFSU,NY,00002143380,TRULICITY ,2021,4,false,2951.000,1267,1207752.39
MCOU,NY,00002143380,TRULICITY ,2021,4,false,36816.500,17507,14932226.48
MCOU,NY,00002143401,TRULICITY ,2021,4,false,326.000,152,132661.36
FFSU,NY,00002143401,TRULICITY ,2021,4,false,32.000,12,14817.92
MCOU,NY,00002143480,TRULICITY ,2021,4,false,48262.000,22691,19559532.53
FFSU,NY,00002143480,TRULICITY ,2021,4,false,3356.500,1383,1372053.56
MCOU,NY,00002223601,TRULICITY ,2021,4,false,198.000,97,80780.11
FFSU,NY,00002223601,TRULICITY ,2021,4,true,,,
FFSU,NY,00002223680,TRULICITY ,2021,4,false,910.500,352,372236.64
MCOU,NY,00002223680,TRULICITY ,2021,4,false,15346.500,7151,6217606.73
MCOU,NY,00002318201,TRULICITY ,2021,4,false,77.000,39,31131.89
FFSU,NY,00002318201,TRULICITY ,2021,4,false,22.000,11,9092.38
MCOU,NY,00002318280,TRULICITY ,2021,4,false,5357.000,2475,2175804.55
FFSU,NY,00002318280,TRULICITY ,2021,4,false,361.000,149,146703.34
FFSU,NY,00002143301,TRULICITY ,2021,3,false,55.500,27,22903.53
MCOU,NY,00002143301,TRULICITY ,2021,3,false,366.500,182,148447.88
FFSU,NY,00002143380,TRULICITY ,2021,3,false,2549.000,1145,1042557.32
MCOU,NY,00002143380,TRULICITY ,2021,3,false,35429.000,16879,14373628.08
FFSU,NY,00002143401,TRULICITY ,2021,3,false,26.000,12,12368.43
MCOU,NY,00002143401,TRULICITY ,2021,3,false,282.000,131,114601.34
MCOU,NY,00002143480,TRULICITY ,2021,3,false,47713.500,22615,19342698.44
FFSU,NY,00002143480,TRULICITY ,2021,3,false,3282.500,1342,1340725.27
MCOU,NY,00002223601,TRULICITY ,2021,3,false,178.000,85,72462.69
FFSU,NY,00002223601,TRULICITY ,2021,3,true,,,
MCOU,NY,00002223680,TRULICITY ,2021,3,false,12866.500,5979,5218461.46
FFSU,NY,00002223680,TRULICITY ,2021,3,false,635.500,262,260435.07
MCOU,NY,00002318201,TRULICITY ,2021,3,false,34.000,17,13676.50
FFSU,NY,00002318201,TRULICITY ,2021,3,true,,,
FFSU,NY,00002318280,TRULICITY ,2021,3,false,184.000,78,75209.84
MCOU,NY,00002318280,TRULICITY ,2021,3,false,3518.000,1607,1431777.75
FFSU,NY,00002143301,TRULICITY ,2021,2,false,51.500,24,21166.39
MCOU,NY,00002143301,TRULICITY ,2021,2,false,350.000,170,142648.49
MCOU,NY,00002143380,TRULICITY ,2021,2,false,33606.500,16153,13637205.40
FFSU,NY,00002143380,TRULICITY ,2021,2,false,2451.500,1114,1002689.44
MCOU,NY,00002143401,TRULICITY ,2021,2,false,348.000,161,141450.96
FFSU,NY,00002143401,TRULICITY ,2021,2,true,,,
MCOU,NY,00002143480,TRULICITY ,2021,2,false,46646.500,22281,18928508.44
FFSU,NY,00002143480,TRULICITY ,2021,2,false,2931.500,1251,1197056.83
FFSU,NY,00002223601,TRULICITY ,2021,2,true,,,
MCOU,NY,00002223601,TRULICITY ,2021,2,false,175.000,88,71340.00
MCOU,NY,00002223680,TRULICITY ,2021,2,false,9224.000,4306,3744770.74
FFSU,NY,00002223680,TRULICITY ,2021,2,false,499.000,195,203783.32
MCOU,NY,00002318201,TRULICITY ,2021,2,true,,,
FFSU,NY,00002318280,TRULICITY ,2021,2,false,94.000,33,38285.14
MCOU,NY,00002318280,TRULICITY ,2021,2,false,1859.000,852,757714.18
MCOU,NY,00002143301,TRULICITY ,2021,1,false,445.000,223,181158.52
FFSU,NY,00002143301,TRULICITY ,2021,1,false,53.500,26,21902.12
MCOU,NY,00002143380,TRULICITY ,2021,1,false,30440.500,14696,12339906.86
FFSU,NY,00002143380,TRULICITY ,2021,1,false,2048.000,936,826387.36
FFSU,NY,00002143401,TRULICITY ,2021,1,false,24.000,12,9827.98
MCOU,NY,00002143401,TRULICITY ,2021,1,false,336.000,167,136676.41
FFSU,NY,00002143480,TRULICITY ,2021,1,false,2716.500,1160,1093882.15
MCOU,NY,00002143480,TRULICITY ,2021,1,false,43124.000,20756,17493153.79
FFSU,NY,00002223601,TRULICITY ,2021,1,true,,,
MCOU,NY,00002223601,TRULICITY ,2021,1,false,130.000,63,52978.26
MCOU,NY,00002223680,TRULICITY ,2021,1,false,4705.000,2210,1907693.63
FFSU,NY,00002223680,TRULICITY ,2021,1,false,211.500,79,85643.45
MCOU,NY,00002318201,TRULICITY ,2021,1,true,,,
FFSU,NY,00002318280,TRULICITY ,2021,1,true,,,
MCOU,NY,00002318280,TRULICITY ,2021,1,false,580.000,262,235056.70
FFSU,OH,00002143301,TRULICITY ,2021,4,false,9.500,15,3891.97
MCOU,OH,00002143301,TRULICITY ,2021,4,true,,,
FFSU,OH,00002143380,TRULICITY ,2021,4,false,1182.000,593,481866.54
MCOU,OH,00002143380,TRULICITY ,2021,4,false,27690.000,13587,11287159.13
MCOU,OH,00002143401,TRULICITY ,2021,4,false,33.000,24,13592.76
FFSU,OH,00002143401,TRULICITY ,2021,4,false,31.000,26,12740.79
FFSU,OH,00002143480,TRULICITY ,2021,4,false,1391.000,620,567973.37
MCOU,OH,00002143480,TRULICITY ,2021,4,false,33661.000,16354,13721163.33
MCOU,OH,00002223601,TRULICITY ,2021,4,false,39.000,20,16183.75
FFSU,OH,00002223680,TRULICITY ,2021,4,false,387.500,192,157860.57
MCOU,OH,00002223680,TRULICITY ,2021,4,false,12223.500,5916,4977463.82
MCOU,OH,00002318201,TRULICITY ,2021,4,true,,,
MCOU,OH,00002318280,TRULICITY ,2021,4,false,5265.000,2550,2141028.24
FFSU,OH,00002318280,TRULICITY ,2021,4,false,174.000,77,70916.23
MCOU,OH,00002143301,TRULICITY ,2021,3,false,28.000,13,11505.26
FFSU,OH,00002143301,TRULICITY ,2021,3,false,7.500,12,3079.90
MCOU,OH,00002143380,TRULICITY ,2021,3,false,26950.000,13219,10968946.94
FFSU,OH,00002143380,TRULICITY ,2021,3,false,1143.500,586,465227.38
MCOU,OH,00002143401,TRULICITY ,2021,3,false,40.500,29,16550.28
FFSU,OH,00002143401,TRULICITY ,2021,3,true,,,
FFSU,OH,00002143480,TRULICITY ,2021,3,false,1315.500,630,529489.10
MCOU,OH,00002143480,TRULICITY ,2021,3,false,32938.500,15927,13391969.50
MCOU,OH,00002223601,TRULICITY ,2021,3,false,23.000,12,9525.77
FFSU,OH,00002223601,TRULICITY ,2021,3,true,,,
MCOU,OH,00002223680,TRULICITY ,2021,3,false,9997.000,4844,4061044.13
FFSU,OH,00002223680,TRULICITY ,2021,3,false,314.000,145,128410.37
MCOU,OH,00002318201,TRULICITY ,2021,3,false,13.500,12,5762.48
MCOU,OH,00002318280,TRULICITY ,2021,3,false,3352.000,1620,1358318.41
FFSU,OH,00002318280,TRULICITY ,2021,3,false,108.000,48,44191.03
MCOU,OH,00002143301,TRULICITY ,2021,2,false,27.000,12,11230.70
FFSU,OH,00002143301,TRULICITY ,2021,2,true,,,
FFSU,OH,00002143380,TRULICITY ,2021,2,false,1212.000,589,493479.20
MCOU,OH,00002143380,TRULICITY ,2021,2,false,25605.500,12146,10497194.70
FFSU,OH,00002143401,TRULICITY ,2021,2,true,,,
MCOU,OH,00002143401,TRULICITY ,2021,2,false,28.500,15,11681.05
FFSU,OH,00002143480,TRULICITY ,2021,2,false,1413.000,676,570765.57
MCOU,OH,00002143480,TRULICITY ,2021,2,false,32297.000,15054,13230984.11
MCOU,OH,00002223601,TRULICITY ,2021,2,false,32.000,16,13174.48
FFSU,OH,00002223680,TRULICITY ,2021,2,false,224.000,120,91720.10
MCOU,OH,00002223680,TRULICITY ,2021,2,false,7641.000,3399,3128920.82
MCOU,OH,00002318201,TRULICITY ,2021,2,true,,,
MCOU,OH,00002318280,TRULICITY ,2021,2,false,2089.500,853,852306.48
FFSU,OH,00002318280,TRULICITY ,2021,2,false,50.000,20,20426.65
MCOU,OH,00002143301,TRULICITY ,2021,1,false,38.000,18,15744.53
FFSU,OH,00002143301,TRULICITY ,2021,1,true,,,
FFSU,OH,00002143380,TRULICITY ,2021,1,false,816.000,397,321650.29
MCOU,OH,00002143380,TRULICITY ,2021,1,false,22772.000,10990,9340723.97
MCOU,OH,00002143401,TRULICITY ,2021,1,false,46.000,23,18964.59
FFSU,OH,00002143401,TRULICITY ,2021,1,true,,,
FFSU,OH,00002143480,TRULICITY ,2021,1,false,897.500,436,353034.99
MCOU,OH,00002143480,TRULICITY ,2021,1,false,30813.500,14580,12627874.87
MCOU,OH,00002223601,TRULICITY ,2021,1,false,22.000,11,9083.59
MCOU,OH,00002223680,TRULICITY ,2021,1,false,4097.000,1813,1678711.56
FFSU,OH,00002223680,TRULICITY ,2021,1,false,92.000,40,37190.47
MCOU,OH,00002318201,TRULICITY ,2021,1,true,,,
MCOU,OH,00002318280,TRULICITY ,2021,1,false,677.500,265,277519.64
FFSU,OK,00002143380,TRULICITY ,2021,4,false,2591.500,1058,1062474.54
FFSU,OK,00002143480,TRULICITY ,2021,4,false,3053.000,1169,1250768.60
FFSU,OK,00002223680,TRULICITY ,2021,4,false,1017.000,356,416845.36
FFSU,OK,00002318280,TRULICITY ,2021,4,false,444.000,144,181654.33
FFSU,OK,00002143380,TRULICITY ,2021,3,false,1758.000,724,720489.80
FFSU,OK,00002143480,TRULICITY ,2021,3,false,2129.000,801,871713.97
FFSU,OK,00002223680,TRULICITY ,2021,3,false,695.000,264,285054.82
FFSU,OK,00002318280,TRULICITY ,2021,3,false,248.000,89,101627.27
FFSU,OK,00002143380,TRULICITY ,2021,2,false,1215.500,511,489560.93
FFSU,OK,00002143480,TRULICITY ,2021,2,false,1536.500,608,615730.08
FFSU,OK,00002223680,TRULICITY ,2021,2,false,362.000,141,146143.41
FFSU,OK,00002318280,TRULICITY ,2021,2,false,94.000,39,37687.28
FFSU,OK,00002143380,TRULICITY ,2021,1,false,759.000,332,302351.22
FFSU,OK,00002143480,TRULICITY ,2021,1,false,1133.500,511,452348.22
FFSU,OK,00002223680,TRULICITY ,2021,1,false,144.500,57,58778.34
FFSU,OK,00002318280,TRULICITY ,2021,1,false,36.000,16,15008.93
FFSU,OR,00002143380,TRULICITY ,2021,4,false,140.000,70,57479.77
MCOU,OR,00002143380,TRULICITY ,2021,4,false,2748.000,1350,1113644.16
MCOU,OR,00002143401,TRULICITY ,2021,4,true,,,
MCOU,OR,00002143480,TRULICITY ,2021,4,false,4676.000,2298,1900421.55
FFSU,OR,00002143480,TRULICITY ,2021,4,false,162.000,81,51286.03
FFSU,OR,00002223680,TRULICITY ,2021,4,false,88.000,47,36068.38
MCOU,OR,00002223680,TRULICITY ,2021,4,false,1849.500,913,756455.13
MCOU,OR,00002318280,TRULICITY ,2021,4,false,1160.500,568,473433.23
FFSU,OR,00002318280,TRULICITY ,2021,4,true,,,
FFSU,OR,00002143380,TRULICITY ,2021,3,false,136.000,68,55760.57
MCOU,OR,00002143380,TRULICITY ,2021,3,false,3147.500,1547,1267776.37
MCOU,OR,00002143401,TRULICITY ,2021,3,true,,,
FFSU,OR,00002143480,TRULICITY ,2021,3,false,210.000,105,85957.16
MCOU,OR,00002143480,TRULICITY ,2021,3,false,5110.000,2513,2100922.25
MCOU,OR,00002223680,TRULICITY ,2021,3,false,1662.000,818,679866.86
FFSU,OR,00002223680,TRULICITY ,2021,3,false,52.000,26,21354.02
FFSU,OR,00002318280,TRULICITY ,2021,3,true,,,
MCOU,OR,00002318280,TRULICITY ,2021,3,false,865.000,429,356091.15
MCOU,OR,00002143301,TRULICITY ,2021,2,true,,,
MCOU,OR,00002143380,TRULICITY ,2021,2,false,3169.000,1563,1292368.40
FFSU,OR,00002143380,TRULICITY ,2021,2,false,120.000,60,49150.25
MCOU,OR,00002143401,TRULICITY ,2021,2,true,,,
MCOU,OR,00002143480,TRULICITY ,2021,2,false,4707.000,2299,1937614.42
FFSU,OR,00002143480,TRULICITY ,2021,2,false,212.000,104,86740.30
MCOU,OR,00002223601,TRULICITY ,2021,2,true,,,
MCOU,OR,00002223680,TRULICITY ,2021,2,false,1247.500,612,510600.16
FFSU,OR,00002223680,TRULICITY ,2021,2,false,29.000,15,11949.80
MCOU,OR,00002318280,TRULICITY ,2021,2,false,537.000,262,217325.95
MCOU,OR,00002143301,TRULICITY ,2021,1,true,,,
FFSU,OR,00002143380,TRULICITY ,2021,1,false,84.000,42,33910.47
MCOU,OR,00002143380,TRULICITY ,2021,1,false,2781.000,1357,1136855.13
MCOU,OR,00002143401,TRULICITY ,2021,1,true,,,
MCOU,OR,00002143480,TRULICITY ,2021,1,false,4545.500,2209,1864228.85
FFSU,OR,00002143480,TRULICITY ,2021,1,false,226.000,113,91857.30
MCOU,OR,00002223601,TRULICITY ,2021,1,true,,,
FFSU,OR,00002223680,TRULICITY ,2021,1,true,,,
MCOU,OR,00002223680,TRULICITY ,2021,1,false,687.000,342,279282.72
FFSU,OR,00002318280,TRULICITY ,2021,1,true,,,
MCOU,OR,00002318280,TRULICITY ,2021,1,false,202.000,101,79798.72
MCOU,PA,00002143301,TRULICITY ,2021,4,false,61.500,42,25367.82
MCOU,PA,00002143380,TRULICITY ,2021,4,false,25145.500,11722,10352846.04
FFSU,PA,00002143380,TRULICITY ,2021,4,false,324.000,135,131893.53
MCOU,PA,00002143401,TRULICITY ,2021,4,false,74.000,37,24113.70
MCOU,PA,00002143480,TRULICITY ,2021,4,false,33109.500,15311,13633078.48
FFSU,PA,00002143480,TRULICITY ,2021,4,false,260.000,103,105722.29
MCOU,PA,00002223601,TRULICITY ,2021,4,false,52.500,27,21988.13
MCOU,PA,00002223680,TRULICITY ,2021,4,false,12899.000,5966,5310479.12
FFSU,PA,00002223680,TRULICITY ,2021,4,false,80.000,36,32530.06
MCOU,PA,00002318201,TRULICITY ,2021,4,true,,,
MCOU,PA,00002318280,TRULICITY ,2021,4,false,5156.500,2299,2117500.02
FFSU,PA,00002318280,TRULICITY ,2021,4,false,38.000,17,15461.00
MCOU,PA,00002143301,TRULICITY ,2021,3,false,66.500,40,26063.77
FFSU,PA,00002143380,TRULICITY ,2021,3,false,247.000,108,112974.05
MCOU,PA,00002143380,TRULICITY ,2021,3,false,25050.000,11758,10312625.09
MCOU,PA,00002143401,TRULICITY ,2021,3,false,84.500,42,28422.10
FFSU,PA,00002143480,TRULICITY ,2021,3,false,259.000,106,108688.72
MCOU,PA,00002143480,TRULICITY ,2021,3,false,34800.000,16205,14326557.34
MCOU,PA,00002223601,TRULICITY ,2021,3,false,38.000,19,15926.04
FFSU,PA,00002223680,TRULICITY ,2021,3,false,76.000,34,33399.13
MCOU,PA,00002223680,TRULICITY ,2021,3,false,11270.000,5194,4639234.49
MCOU,PA,00002318201,TRULICITY ,2021,3,true,,,
FFSU,PA,00002318280,TRULICITY ,2021,3,false,28.000,12,11373.55
MCOU,PA,00002318280,TRULICITY ,2021,3,false,3551.500,1588,1460112.47
MCOU,PA,00002143301,TRULICITY ,2021,2,false,104.000,54,42343.46
FFSU,PA,00002143380,TRULICITY ,2021,2,false,266.500,110,108411.49
MCOU,PA,00002143380,TRULICITY ,2021,2,false,25607.500,12099,10554791.49
MCOU,PA,00002143401,TRULICITY ,2021,2,false,56.500,32,17571.24
MCOU,PA,00002143480,TRULICITY ,2021,2,false,36309.000,16902,14963058.47
FFSU,PA,00002143480,TRULICITY ,2021,2,false,266.000,111,108060.24
MCOU,PA,00002223601,TRULICITY ,2021,2,false,42.000,21,17470.04
FFSU,PA,00002223680,TRULICITY ,2021,2,false,60.000,20,24366.15
MCOU,PA,00002223680,TRULICITY ,2021,2,false,8772.500,3985,3603980.11
MCOU,PA,00002318201,TRULICITY ,2021,2,true,,,
MCOU,PA,00002318280,TRULICITY ,2021,2,false,2026.500,877,832241.14
FFSU,PA,00002318280,TRULICITY ,2021,2,true,,,
MCOU,PA,00002143301,TRULICITY ,2021,1,false,66.500,40,27611.27
FFSU,PA,00002143380,TRULICITY ,2021,1,false,206.000,81,81129.15
MCOU,PA,00002143380,TRULICITY ,2021,1,false,25604.500,12104,10537876.63
MCOU,PA,00002143401,TRULICITY ,2021,1,false,64.500,34,26460.77
FFSU,PA,00002143480,TRULICITY ,2021,1,false,225.500,103,88369.37
MCOU,PA,00002143480,TRULICITY ,2021,1,false,36162.500,16896,14876070.01
MCOU,PA,00002223601,TRULICITY ,2021,1,true,,,
MCOU,PA,00002223680,TRULICITY ,2021,1,false,5116.500,2286,2099446.21
FFSU,PA,00002223680,TRULICITY ,2021,1,true,,,
MCOU,PA,00002318201,TRULICITY ,2021,1,true,,,
MCOU,PA,00002318280,TRULICITY ,2021,1,false,696.000,293,286483.36
FFSU,RI,00002143380,TRULICITY ,2021,4,false,38.000,19,15542.15
MCOU,RI,00002143380,TRULICITY ,2021,4,false,2192.000,1057,894201.18
FFSU,RI,00002143480,TRULICITY ,2021,4,false,38.000,19,15543.26
MCOU,RI,00002143480,TRULICITY ,2021,4,false,2573.000,1210,1045751.83
MCOU,RI,00002223680,TRULICITY ,2021,4,false,836.500,383,343228.94
FFSU,RI,00002223680,TRULICITY ,2021,4,true,,,
MCOU,RI,00002318280,TRULICITY ,2021,4,false,202.000,93,83169.74
MCOU,RI,00002143380,TRULICITY ,2021,3,false,2160.500,1043,880956.20
FFSU,RI,00002143380,TRULICITY ,2021,3,false,29.500,17,11871.00
MCOU,RI,00002143480,TRULICITY ,2021,3,false,2541.500,1194,1037740.11
FFSU,RI,00002143480,TRULICITY ,2021,3,false,28.000,14,11433.52
FFSU,RI,00002223680,TRULICITY ,2021,3,true,,,
MCOU,RI,00002223680,TRULICITY ,2021,3,false,682.000,316,278793.55
MCOU,RI,00002318280,TRULICITY ,2021,3,false,144.000,69,59526.38
FFSU,RI,00002143380,TRULICITY ,2021,2,true,,,
MCOU,RI,00002143380,TRULICITY ,2021,2,false,2076.500,995,855413.13
MCOU,RI,00002143480,TRULICITY ,2021,2,false,2021.000,923,821290.81
FFSU,RI,00002143480,TRULICITY ,2021,2,true,,,
MCOU,RI,00002223680,TRULICITY ,2021,2,false,370.000,173,151498.67
MCOU,RI,00002318280,TRULICITY ,2021,2,false,52.000,25,21504.68
FFSU,RI,00002143380,TRULICITY ,2021,1,true,,,
MCOU,RI,00002143380,TRULICITY ,2021,1,false,1686.500,810,687686.55
MCOU,RI,00002143480,TRULICITY ,2021,1,false,2370.000,1120,965469.34
FFSU,RI,00002143480,TRULICITY ,2021,1,true,,,
MCOU,RI,00002223680,TRULICITY ,2021,1,false,227.000,101,93886.07
MCOU,RI,00002318280,TRULICITY ,2021,1,true,,,
MCOU,SC,00002143301,TRULICITY ,2021,4,true,,,
MCOU,SC,00002143380,TRULICITY ,2021,4,false,1574.000,815,648046.65
FFSU,SC,00002143380,TRULICITY ,2021,4,false,187.500,102,77097.46
MCOU,SC,00002143401,TRULICITY ,2021,4,true,,,
MCOU,SC,00002143480,TRULICITY ,2021,4,false,2210.500,1138,917907.10
FFSU,SC,00002143480,TRULICITY ,2021,4,false,243.500,132,99941.09
MCOU,SC,00002223680,TRULICITY ,2021,4,false,769.000,389,309228.37
FFSU,SC,00002223680,TRULICITY ,2021,4,false,88.000,44,36275.40
MCOU,SC,00002318201,TRULICITY ,2021,4,true,,,
FFSU,SC,00002318201,TRULICITY ,2021,4,true,,,
MCOU,SC,00002318280,TRULICITY ,2021,4,false,292.000,151,121860.00
FFSU,SC,00002318280,TRULICITY ,2021,4,false,28.000,14,11555.84
FFSU,SC,00002143380,TRULICITY ,2021,3,false,129.500,70,53249.13
MCOU,SC,00002143380,TRULICITY ,2021,3,false,1468.000,732,577339.80
MCOU,SC,00002143401,TRULICITY ,2021,3,true,,,
MCOU,SC,00002143480,TRULICITY ,2021,3,false,2103.500,1048,835854.51
FFSU,SC,00002143480,TRULICITY ,2021,3,false,158.500,94,65262.70
FFSU,SC,00002223680,TRULICITY ,2021,3,false,60.500,34,24994.38
MCOU,SC,00002223680,TRULICITY ,2021,3,false,606.500,302,239244.93
MCOU,SC,00002318201,TRULICITY ,2021,3,true,,,
MCOU,SC,00002318280,TRULICITY ,2021,3,false,202.000,101,81394.42
FFSU,SC,00002318280,TRULICITY ,2021,3,true,,,
FFSU,SC,00002143380,TRULICITY ,2021,2,false,32.500,19,13393.94
MCOU,SC,00002143380,TRULICITY ,2021,2,false,1264.500,627,496292.72
MCOU,SC,00002143480,TRULICITY ,2021,2,false,2002.000,993,795908.44
FFSU,SC,00002143480,TRULICITY ,2021,2,false,126.500,83,52007.20
MCOU,SC,00002223601,TRULICITY ,2021,2,true,,,
MCOU,SC,00002223680,TRULICITY ,2021,2,false,396.500,199,157945.97
FFSU,SC,00002223680,TRULICITY ,2021,2,false,26.000,14,10649.52
FFSU,SC,00002318280,TRULICITY ,2021,2,true,,,
MCOU,SC,00002318280,TRULICITY ,2021,2,false,72.000,36,29335.10
MCOU,SC,00002143301,TRULICITY ,2021,1,true,,,
FFSU,SC,00002143380,TRULICITY ,2021,1,false,51.000,34,19961.20
MCOU,SC,00002143380,TRULICITY ,2021,1,false,981.000,488,386252.22
MCOU,SC,00002143401,TRULICITY ,2021,1,true,,,
FFSU,SC,00002143480,TRULICITY ,2021,1,false,127.000,65,49642.04
MCOU,SC,00002143480,TRULICITY ,2021,1,false,1706.500,844,681639.09
FFSU,SC,00002223680,TRULICITY ,2021,1,true,,,
MCOU,SC,00002223680,TRULICITY ,2021,1,false,184.500,93,72958.55
MCOU,SC,00002318280,TRULICITY ,2021,1,false,22.000,11,8999.08
FFSU,SD,00002143380,TRULICITY ,2021,4,false,158.000,79,64574.25
FFSU,SD,00002143480,TRULICITY ,2021,4,false,248.000,124,101826.63
FFSU,SD,00002223680,TRULICITY ,2021,4,false,88.000,43,36168.72
FFSU,SD,00002318280,TRULICITY ,2021,4,false,58.000,29,23833.70
FFSU,SD,00002143380,TRULICITY ,2021,3,false,164.000,80,67283.53
FFSU,SD,00002143480,TRULICITY ,2021,3,false,246.500,125,101185.61
FFSU,SD,00002223680,TRULICITY ,2021,3,false,80.000,40,32896.75
FFSU,SD,00002318280,TRULICITY ,2021,3,false,24.000,12,9862.08
FFSU,SD,00002143380,TRULICITY ,2021,2,false,166.000,80,67788.18
FFSU,SD,00002143480,TRULICITY ,2021,2,false,288.500,139,118255.60
FFSU,SD,00002223680,TRULICITY ,2021,2,false,62.000,31,25493.47
FFSU,SD,00002318280,TRULICITY ,2021,2,true,,,
FFSU,SD,00002143380,TRULICITY ,2021,1,false,168.000,83,66069.35
FFSU,SD,00002143480,TRULICITY ,2021,1,false,264.000,132,104118.45
FFSU,SD,00002223680,TRULICITY ,2021,1,false,32.000,16,13108.47
FFSU,SD,00002318280,TRULICITY ,2021,1,true,,,
FFSU,TN,00002143380,TRULICITY ,2021,4,false,2001.500,1004,820078.13
FFSU,TN,00002143401,TRULICITY ,2021,4,true,,,
FFSU,TN,00002143480,TRULICITY ,2021,4,false,2802.500,1407,1148622.59
FFSU,TN,00002223601,TRULICITY ,2021,4,true,,,
FFSU,TN,00002223680,TRULICITY ,2021,4,false,1136.000,568,465921.85
FFSU,TN,00002318280,TRULICITY ,2021,4,false,446.000,223,183007.61
FFSU,TN,00002143301,TRULICITY ,2021,3,true,,,
FFSU,TN,00002143380,TRULICITY ,2021,3,false,1789.000,901,733053.60
FFSU,TN,00002143401,TRULICITY ,2021,3,true,,,
FFSU,TN,00002143480,TRULICITY ,2021,3,false,2444.000,1229,1000649.12
FFSU,TN,00002223680,TRULICITY ,2021,3,false,854.500,428,350809.11
FFSU,TN,00002318280,TRULICITY ,2021,3,false,314.000,157,128837.25
FFSU,TN,00002143301,TRULICITY ,2021,2,true,,,
FFSU,TN,00002143380,TRULICITY ,2021,2,false,1560.000,787,639278.34
FFSU,TN,00002143401,TRULICITY ,2021,2,true,,,
FFSU,TN,00002143480,TRULICITY ,2021,2,false,2224.000,1114,911232.77
FFSU,TN,00002223680,TRULICITY ,2021,2,false,661.500,331,271592.49
FFSU,TN,00002318201,TRULICITY ,2021,2,true,,,
FFSU,TN,00002318280,TRULICITY ,2021,2,false,176.000,87,72179.46
FFSU,TN,00002143301,TRULICITY ,2021,1,true,,,
FFSU,TN,00002143380,TRULICITY ,2021,1,false,1320.500,663,532707.98
FFSU,TN,00002143401,TRULICITY ,2021,1,true,,,
FFSU,TN,00002143480,TRULICITY ,2021,1,false,2132.500,1065,860149.72
FFSU,TN,00002223680,TRULICITY ,2021,1,false,306.000,153,124350.94
FFSU,TN,00002318201,TRULICITY ,2021,1,true,,,
FFSU,TN,00002318280,TRULICITY ,2021,1,false,48.000,24,19711.33
MCOU,TX,00002143380,TRULICITY ,2021,4,false,6093.500,2861,2477564.29
FFSU,TX,00002143380,TRULICITY ,2021,4,false,26.000,13,10853.32
MCOU,TX,00002143480,TRULICITY ,2021,4,false,7009.000,3264,2849351.99
FFSU,TX,00002143480,TRULICITY ,2021,4,false,32.000,16,13359.19
MCOU,TX,00002223601,TRULICITY ,2021,4,true,,,
FFSU,TX,00002223601,TRULICITY ,2021,4,true,,,
MCOU,TX,00002223680,TRULICITY ,2021,4,false,1968.000,905,801089.56
FFSU,TX,00002223680,TRULICITY ,2021,4,true,,,
MCOU,TX,00002318201,TRULICITY ,2021,4,true,,,
MCOU,TX,00002318280,TRULICITY ,2021,4,false,436.000,202,177320.14
FFSU,TX,00002143380,TRULICITY ,2021,3,false,32.000,16,13352.77
MCOU,TX,00002143380,TRULICITY ,2021,3,false,3764.000,1783,1529389.09
FFSU,TX,00002143480,TRULICITY ,2021,3,false,18.500,13,7685.44
MCOU,TX,00002143480,TRULICITY ,2021,3,false,5355.000,2468,2175988.92
MCOU,TX,00002223601,TRULICITY ,2021,3,true,,,
MCOU,TX,00002223680,TRULICITY ,2021,3,false,1062.000,488,431800.22
MCOU,TX,00002318201,TRULICITY ,2021,3,true,,,
MCOU,TX,00002318280,TRULICITY ,2021,3,false,198.000,89,80173.71
MCOU,TX,00002143380,TRULICITY ,2021,2,false,2821.000,1272,1146436.88
FFSU,TX,00002143380,TRULICITY ,2021,2,true,,,
FFSU,TX,00002143480,TRULICITY ,2021,2,false,20.000,11,8333.90
MCOU,TX,00002143480,TRULICITY ,2021,2,false,4747.000,2028,1929067.58
MCOU,TX,00002223680,TRULICITY ,2021,2,false,200.500,84,81978.98
MCOU,TX,00002318201,TRULICITY ,2021,2,true,,,
MCOU,TX,00002318280,TRULICITY ,2021,2,false,40.000,14,16207.80
FFSU,TX,00002143380,TRULICITY ,2021,1,true,,,
MCOU,TX,00002143380,TRULICITY ,2021,1,false,2325.000,1041,950074.34
MCOU,TX,00002143480,TRULICITY ,2021,1,false,4163.000,1815,1698354.04
FFSU,TX,00002143480,TRULICITY ,2021,1,true,,,
FFSU,UT,00002143380,TRULICITY ,2021,4,false,299.000,147,121377.30
MCOU,UT,00002143380,TRULICITY ,2021,4,false,913.500,441,443440.81
FFSU,UT,00002143480,TRULICITY ,2021,4,false,322.000,157,131751.15
MCOU,UT,00002143480,TRULICITY ,2021,4,false,1563.000,756,732101.03
FFSU,UT,00002223601,TRULICITY ,2021,4,true,,,
MCOU,UT,00002223680,TRULICITY ,2021,4,false,694.000,340,341823.40
FFSU,UT,00002223680,TRULICITY ,2021,4,false,80.000,40,32804.24
FFSU,UT,00002318201,TRULICITY ,2021,4,true,,,
MCOU,UT,00002318280,TRULICITY ,2021,4,false,238.000,119,107718.11
FFSU,UT,00002318280,TRULICITY ,2021,4,false,38.000,18,15541.79
FFSU,UT,00002143380,TRULICITY ,2021,3,false,242.000,124,98328.30
MCOU,UT,00002143380,TRULICITY ,2021,3,false,920.500,444,477114.48
FFSU,UT,00002143401,TRULICITY ,2021,3,true,,,
FFSU,UT,00002143480,TRULICITY ,2021,3,false,324.500,160,132464.15
MCOU,UT,00002143480,TRULICITY ,2021,3,false,1544.000,756,742272.69
FFSU,UT,00002223680,TRULICITY ,2021,3,false,54.000,26,22141.13
MCOU,UT,00002223680,TRULICITY ,2021,3,false,581.000,290,283794.04
FFSU,UT,00002318201,TRULICITY ,2021,3,true,,,
MCOU,UT,00002318280,TRULICITY ,2021,3,false,180.000,88,95214.84
FFSU,UT,00002318280,TRULICITY ,2021,3,false,24.000,12,9808.82
FFSU,UT,00002143380,TRULICITY ,2021,2,false,210.500,113,86020.11
MCOU,UT,00002143380,TRULICITY ,2021,2,false,847.000,410,467266.87
MCOU,UT,00002143480,TRULICITY ,2021,2,false,1478.000,729,682771.41
FFSU,UT,00002143480,TRULICITY ,2021,2,false,279.500,147,114001.82
FFSU,UT,00002223680,TRULICITY ,2021,2,false,48.000,24,19665.23
MCOU,UT,00002223680,TRULICITY ,2021,2,false,374.000,185,172966.04
MCOU,UT,00002318280,TRULICITY ,2021,2,false,76.000,38,38329.33
FFSU,UT,00002318280,TRULICITY ,2021,2,true,,,
FFSU,UT,00002143380,TRULICITY ,2021,1,false,155.000,84,62909.84
MCOU,UT,00002143380,TRULICITY ,2021,1,false,662.000,319,374236.12
MCOU,UT,00002143480,TRULICITY ,2021,1,false,1403.000,693,672882.21
FFSU,UT,00002143480,TRULICITY ,2021,1,false,117.500,63,47415.56
MCOU,UT,00002223601,TRULICITY ,2021,1,true,,,
MCOU,UT,00002223680,TRULICITY ,2021,1,false,174.000,83,87746.07
FFSU,UT,00002223680,TRULICITY ,2021,1,true,,,
MCOU,UT,00002318280,TRULICITY ,2021,1,true,,,
FFSU,UT,00002318280,TRULICITY ,2021,1,true,,,
MCOU,VA,00002143301,TRULICITY ,2021,4,false,20.500,17,8535.15
FFSU,VA,00002143380,TRULICITY ,2021,4,false,42.500,22,17439.72
MCOU,VA,00002143380,TRULICITY ,2021,4,false,9081.500,4325,3731773.41
MCOU,VA,00002143401,TRULICITY ,2021,4,false,35.000,15,12859.12
FFSU,VA,00002143480,TRULICITY ,2021,4,false,26.500,12,10856.30
MCOU,VA,00002143480,TRULICITY ,2021,4,false,7765.500,3422,3177385.37
MCOU,VA,00002223601,TRULICITY ,2021,4,true,,,
FFSU,VA,00002223680,TRULICITY ,2021,4,true,,,
MCOU,VA,00002223680,TRULICITY ,2021,4,false,2292.500,1014,933599.57
MCOU,VA,00002318201,TRULICITY ,2021,4,true,,,
FFSU,VA,00002318280,TRULICITY ,2021,4,true,,,
MCOU,VA,00002318280,TRULICITY ,2021,4,false,653.000,297,267084.63
MCOU,VA,00002143301,TRULICITY ,2021,3,false,21.000,18,8704.72
MCOU,VA,00002143380,TRULICITY ,2021,3,false,6429.500,2815,2640757.97
FFSU,VA,00002143380,TRULICITY ,2021,3,false,57.000,23,23336.79
MCOU,VA,00002143401,TRULICITY ,2021,3,true,,,
MCOU,VA,00002143480,TRULICITY ,2021,3,false,5845.000,2292,2383692.16
FFSU,VA,00002143480,TRULICITY ,2021,3,true,,,
MCOU,VA,00002223601,TRULICITY ,2021,3,true,,,
FFSU,VA,00002223680,TRULICITY ,2021,3,true,,,
MCOU,VA,00002223680,TRULICITY ,2021,3,false,1591.500,612,641694.49
MCOU,VA,00002318280,TRULICITY ,2021,3,false,424.500,160,170301.72
FFSU,VA,00002318280,TRULICITY ,2021,3,true,,,
MCOU,VA,00002143301,TRULICITY ,2021,2,true,,,
MCOU,VA,00002143380,TRULICITY ,2021,2,false,2282.000,967,929530.66
FFSU,VA,00002143380,TRULICITY ,2021,2,true,,,
MCOU,VA,00002143401,TRULICITY ,2021,2,false,23.000,16,9394.15
FFSU,VA,00002143480,TRULICITY ,2021,2,true,,,
MCOU,VA,00002143480,TRULICITY ,2021,2,false,3487.500,1316,1409132.10
MCOU,VA,00002223601,TRULICITY ,2021,2,true,,,
MCOU,VA,00002223680,TRULICITY ,2021,2,false,907.500,345,366212.13
FFSU,VA,00002223680,TRULICITY ,2021,2,true,,,
FFSU,VA,00002318280,TRULICITY ,2021,2,true,,,
MCOU,VA,00002318280,TRULICITY ,2021,2,false,158.000,57,63888.16
MCOU,VA,00002143380,TRULICITY ,2021,1,false,2005.000,877,827427.66
FFSU,VA,00002143380,TRULICITY ,2021,1,true,,,
MCOU,VA,00002143401,TRULICITY ,2021,1,true,,,
FFSU,VA,00002143480,TRULICITY ,2021,1,true,,,
MCOU,VA,00002143480,TRULICITY ,2021,1,false,3301.000,1313,1336451.03
FFSU,VA,00002223680,TRULICITY ,2021,1,true,,,
MCOU,VA,00002223680,TRULICITY ,2021,1,false,388.500,155,156848.92
MCOU,VA,00002318280,TRULICITY ,2021,1,false,70.000,27,28812.63
FFSU,VT,00002143301,TRULICITY ,2021,4,true,,,
FFSU,VT,00002143380,TRULICITY ,2021,4,false,1342.000,551,534463.05
FFSU,VT,00002143480,TRULICITY ,2021,4,false,1558.500,562,634631.43
FFSU,VT,00002223680,TRULICITY ,2021,4,false,638.500,229,258930.06
FFSU,VT,00002318201,TRULICITY ,2021,4,true,,,
FFSU,VT,00002318280,TRULICITY ,2021,4,false,246.000,95,100563.88
FFSU,VT,00002143380,TRULICITY ,2021,3,false,1209.000,507,485441.31
FFSU,VT,00002143480,TRULICITY ,2021,3,false,1372.000,492,553683.15
FFSU,VT,00002223680,TRULICITY ,2021,3,false,466.000,168,190532.76
FFSU,VT,00002318201,TRULICITY ,2021,3,true,,,
FFSU,VT,00002318280,TRULICITY ,2021,3,false,138.000,51,56393.55
FFSU,VT,00002143380,TRULICITY ,2021,2,false,1052.500,430,424394.74
FFSU,VT,00002143480,TRULICITY ,2021,2,false,1234.000,439,498941.11
FFSU,VT,00002223680,TRULICITY ,2021,2,false,290.000,108,118602.39
FFSU,VT,00002318280,TRULICITY ,2021,2,false,58.500,24,23925.32
FFSU,VT,00002143301,TRULICITY ,2021,1,true,,,
FFSU,VT,00002143380,TRULICITY ,2021,1,false,714.000,299,281675.49
FFSU,VT,00002143480,TRULICITY ,2021,1,false,912.000,340,365010.74
FFSU,VT,00002223680,TRULICITY ,2021,1,false,132.000,52,53401.55
FFSU,VT,00002318280,TRULICITY ,2021,1,true,,,
MCOU,WA,00002143301,TRULICITY ,2021,4,true,,,
MCOU,WA,00002143380,TRULICITY ,2021,4,false,795.500,366,315504.63
FFSU,WA,00002143380,TRULICITY ,2021,4,true,,,
MCOU,WA,00002143480,TRULICITY ,2021,4,false,1003.000,449,401219.31
FFSU,WA,00002143480,TRULICITY ,2021,4,false,34.000,17,13856.05
MCOU,WA,00002223601,TRULICITY ,2021,4,true,,,
MCOU,WA,00002223680,TRULICITY ,2021,4,false,378.500,181,149752.84
FFSU,WA,00002223680,TRULICITY ,2021,4,true,,,
MCOU,WA,00002318280,TRULICITY ,2021,4,false,202.500,98,80230.26
MCOU,WA,00002143380,TRULICITY ,2021,3,false,712.000,330,282986.32
FFSU,WA,00002143380,TRULICITY ,2021,3,true,,,
FFSU,WA,00002143480,TRULICITY ,2021,3,false,46.000,23,18736.99
MCOU,WA,00002143480,TRULICITY ,2021,3,false,960.500,440,382615.98
MCOU,WA,00002223601,TRULICITY ,2021,3,true,,,
FFSU,WA,00002223680,TRULICITY ,2021,3,true,,,
MCOU,WA,00002223680,TRULICITY ,2021,3,false,289.000,141,116510.47
MCOU,WA,00002318280,TRULICITY ,2021,3,false,130.500,64,50422.90
MCOU,WA,00002143380,TRULICITY ,2021,2,false,712.500,331,280545.91
FFSU,WA,00002143380,TRULICITY ,2021,2,true,,,
FFSU,WA,00002143480,TRULICITY ,2021,2,false,48.000,24,17991.46
MCOU,WA,00002143480,TRULICITY ,2021,2,false,946.500,429,371035.17
MCOU,WA,00002223601,TRULICITY ,2021,2,true,,,
MCOU,WA,00002223680,TRULICITY ,2021,2,false,179.000,88,72498.61
MCOU,WA,00002318280,TRULICITY ,2021,2,false,66.000,29,24358.78
MCOU,WA,00002143301,TRULICITY ,2021,1,true,,,
MCOU,WA,00002143380,TRULICITY ,2021,1,false,553.500,254,214491.55
FFSU,WA,00002143380,TRULICITY ,2021,1,true,,,
MCOU,WA,00002143401,TRULICITY ,2021,1,true,,,
FFSU,WA,00002143480,TRULICITY ,2021,1,false,46.000,19,17025.51
MCOU,WA,00002143480,TRULICITY ,2021,1,false,892.000,409,350345.52
MCOU,WA,00002223680,TRULICITY ,2021,1,false,132.000,64,51306.91
MCOU,WA,00002318280,TRULICITY ,2021,1,true,,,
FFSU,WI,00002143301,TRULICITY ,2021,4,true,,,
FFSU,WI,00002143380,TRULICITY ,2021,4,false,13035.500,5078,5391280.42
FFSU,WI,00002143480,TRULICITY ,2021,4,false,16054.500,5793,6638713.69
FFSU,WI,00002223601,TRULICITY ,2021,4,true,,,
FFSU,WI,00002223680,TRULICITY ,2021,4,false,6945.500,2450,2874464.55
FFSU,WI,00002318201,TRULICITY ,2021,4,true,,,
FFSU,WI,00002318280,TRULICITY ,2021,4,false,3048.500,986,1267293.38
FFSU,WI,00002143301,TRULICITY ,2021,3,true,,,
FFSU,WI,00002143380,TRULICITY ,2021,3,false,12159.500,4726,4952148.73
FFSU,WI,00002143480,TRULICITY ,2021,3,false,14555.500,5330,5924123.78
FFSU,WI,00002223601,TRULICITY ,2021,3,true,,,
FFSU,WI,00002223680,TRULICITY ,2021,3,false,5206.500,1866,2153472.43
FFSU,WI,00002318280,TRULICITY ,2021,3,false,2059.500,672,852248.04
FFSU,WI,00002143301,TRULICITY ,2021,2,true,,,
FFSU,WI,00002143380,TRULICITY ,2021,2,false,10639.000,4350,4418272.21
FFSU,WI,00002143480,TRULICITY ,2021,2,false,13501.500,5026,5545687.16
FFSU,WI,00002223601,TRULICITY ,2021,2,true,,,
FFSU,WI,00002223680,TRULICITY ,2021,2,false,4036.500,1390,1633442.23
FFSU,WI,00002318280,TRULICITY ,2021,2,false,974.000,334,399195.84
FFSU,WI,00002143380,TRULICITY ,2021,1,false,8920.000,3632,3665944.49
FFSU,WI,00002143480,TRULICITY ,2021,1,false,11989.000,4437,4797267.25
FFSU,WI,00002223601,TRULICITY ,2021,1,true,,,
FFSU,WI,00002223680,TRULICITY ,2021,1,false,2181.000,796,893627.32
FFSU,WI,00002318280,TRULICITY ,2021,1,false,312.000,96,129699.81
FFSU,WV,00002143301,TRULICITY ,2021,4,true,,,
FFSU,WV,00002143380,TRULICITY ,2021,4,false,3045.000,1397,1244366.93
FFSU,WV,00002143480,TRULICITY ,2021,4,false,2338.500,983,953358.03
FFSU,WV,00002223680,TRULICITY ,2021,4,false,656.500,326,268467.10
FFSU,WV,00002318201,TRULICITY ,2021,4,true,,,
FFSU,WV,00002318280,TRULICITY ,2021,4,false,177.500,90,72625.42
FFSU,WV,00002143380,TRULICITY ,2021,3,false,2901.500,1289,1183743.05
FFSU,WV,00002143480,TRULICITY ,2021,3,false,2018.000,868,823043.17
FFSU,WV,00002223680,TRULICITY ,2021,3,false,459.000,240,187698.20
FFSU,WV,00002318280,TRULICITY ,2021,3,false,80.000,40,32723.89
FFSU,WV,00002143380,TRULICITY ,2021,2,false,2634.500,1178,1074126.91
FFSU,WV,00002143480,TRULICITY ,2021,2,false,1550.000,646,630538.30
FFSU,WV,00002223680,TRULICITY ,2021,2,false,251.000,127,102555.41
FFSU,WV,00002318280,TRULICITY ,2021,2,true,,,
FFSU,WV,00002143380,TRULICITY ,2021,1,false,1936.000,894,773708.48
FFSU,WV,00002143401,TRULICITY ,2021,1,true,,,
FFSU,WV,00002143480,TRULICITY ,2021,1,false,1059.500,433,420138.56
FFSU,WV,00002223680,TRULICITY ,2021,1,false,90.000,45,36379.29
FFSU,WV,00002318280,TRULICITY ,2021,1,true,,,
FFSU,WY,00002143380,TRULICITY ,2021,4,true,,,
FFSU,WY,00002143480,TRULICITY ,2021,4,false,50.000,21,19558.00
FFSU,WY,00002223680,TRULICITY ,2021,4,false,24.000,12,9827.43
FFSU,WY,00002143480,TRULICITY ,2021,3,false,46.000,21,18005.12
FFSU,WY,00002223680,TRULICITY ,2021,3,false,26.000,11,10634.97
FFSU,WY,00002318280,TRULICITY ,2021,3,true,,,
FFSU,WY,00002143380,TRULICITY ,2021,2,true,,,
FFSU,WY,00002143480,TRULICITY ,2021,2,false,36.000,17,14094.92
FFSU,WY,00002223680,TRULICITY ,2021,2,true,,,
FFSU,WY,00002318280,TRULICITY ,2021,2,true,,,
FFSU,WY,00002143380,TRULICITY ,2021,1,true,,,
FFSU,WY,00002143480,TRULICITY ,2021,1,false,38.000,17,14576.40
FFSU,WY,00002223680,TRULICITY ,2021,1,true,,,
FFSU,AK,00169406012,VICTOZA 2-,2021,4,false,1392.000,169,146923.40
FFSU,AK,00169406013,VICTOZA 3-,2021,4,false,2688.000,265,278490.55
FFSU,AK,00169406012,VICTOZA 2-,2021,3,false,1644.000,209,172609.44
FFSU,AK,00169406013,VICTOZA 3-,2021,3,false,3198.000,316,331873.33
FFSU,AK,00169406012,VICTOZA 2-,2021,2,false,1602.000,211,166617.38
FFSU,AK,00169406013,VICTOZA 3-,2021,2,false,3072.000,304,319013.28
FFSU,AK,00169406012,VICTOZA 2-,2021,1,false,1551.000,220,158456.70
FFSU,AK,00169406013,VICTOZA 3-,2021,1,false,3546.000,354,362034.95
FFSU,AL,00169406012,VICTOZA 6M,2021,4,false,3192.000,522,357358.03
FFSU,AL,00169406013,VICTOZA 6M,2021,4,false,7860.000,886,877406.48
FFSU,AL,00169406012,VICTOZA 6M,2021,3,false,3066.000,492,342971.51
FFSU,AL,00169406013,VICTOZA 6M,2021,3,false,6537.000,735,734713.48
FFSU,AL,00169406012,VICTOZA 6M,2021,2,false,3414.000,554,385687.41
FFSU,AL,00169406013,VICTOZA 6M,2021,2,false,7186.000,809,800186.99
FFSU,AL,00169406012,Victoza 6M,2021,1,false,4149.000,678,454510.53
FFSU,AL,00169406013,Victoza 6M,2021,1,false,7464.000,847,813783.82
MCOU,AR,00169406012,VICTOZA 2-,2021,4,false,693.000,115,77408.74
FFSU,AR,00169406012,VICTOZA 2-,2021,4,false,3630.000,606,399487.18
MCOU,AR,00169406013,VICTOZA 3-,2021,4,false,1320.000,149,147543.56
FFSU,AR,00169406013,VICTOZA 3-,2021,4,false,6573.000,756,719701.24
MCOU,AR,00169406012,VICTOZA 2-,2021,3,false,627.000,106,70250.58
FFSU,AR,00169406012,VICTOZA 2-,2021,3,false,3663.000,610,401466.27
FFSU,AR,00169406013,VICTOZA 3-,2021,3,false,6132.000,699,669735.15
MCOU,AR,00169406013,VICTOZA 3-,2021,3,false,1101.000,124,123277.49
MCOU,AR,00169406012,VICTOZA 2-,2021,2,false,570.000,96,63998.97
FFSU,AR,00169406012,VICTOZA 2-,2021,2,false,2996.000,491,328311.30
MCOU,AR,00169406013,VICTOZA 3-,2021,2,false,915.000,104,102699.55
FFSU,AR,00169406013,VICTOZA 3-,2021,2,false,5031.000,582,549517.13
MCOU,AR,00169406012,VICTOZA 2-,2021,1,false,513.000,85,56699.39
FFSU,AR,00169406012,VICTOZA 2-,2021,1,false,2253.000,375,242619.79
FFSU,AR,00169406013,VICTOZA 3-,2021,1,false,4302.000,498,461811.48
MCOU,AR,00169406013,VICTOZA 3-,2021,1,false,747.000,84,82672.81
MCOU,AZ,00169406012,VICTOZA 2-,2021,4,false,11536.000,1736,1258456.46
FFSU,AZ,00169406012,VICTOZA 2-,2021,4,false,120.000,21,13316.44
FFSU,AZ,00169406013,VICTOZA 3-,2021,4,false,312.000,36,26645.73
MCOU,AZ,00169406013,VICTOZA 3-,2021,4,false,24816.000,2516,2699860.19
FFSU,AZ,00169406012,VICTOZA 2-,2021,3,false,504.000,80,49264.40
MCOU,AZ,00169406012,VICTOZA 2-,2021,3,false,13218.000,2029,1443263.71
FFSU,AZ,00169406013,VICTOZA 3-,2021,3,false,1950.000,219,138841.70
MCOU,AZ,00169406013,VICTOZA 3-,2021,3,false,26841.000,2744,2919016.47
MCOU,AZ,00169406012,VICTOZA 2-,2021,2,false,13317.000,2106,1454753.83
FFSU,AZ,00169406012,VICTOZA 2-,2021,2,false,288.000,50,28543.22
FFSU,AZ,00169406013,VICTOZA 3-,2021,2,false,615.000,68,48093.67
MCOU,AZ,00169406013,VICTOZA 3-,2021,2,false,28500.000,2837,3101135.74
MCOU,AZ,00169406012,VICTOZA 2-,2021,1,false,13710.000,2143,1485889.48
FFSU,AZ,00169406012,VICTOZA 2-,2021,1,false,381.000,59,34594.24
MCOU,AZ,00169406013,VICTOZA 3-,2021,1,false,27378.000,2696,2957777.62
FFSU,AZ,00169406013,VICTOZA 3-,2021,1,false,2943.000,326,202468.50
FFSU,CA,00169406012,VICTOZA 6M,2021,4,false,6987.000,1104,771349.85
MCOU,CA,00169406012,VICTOZA 6M,2021,4,false,19575.000,2717,1409478.92
MCOU,CA,00169406013,VICTOZA 6M,2021,4,false,34851.000,3496,3290324.33
FFSU,CA,00169406013,VICTOZA 6M,2021,4,false,15876.000,1676,1742889.86
MCOU,CA,00169406012,VICTOZA 6M,2021,3,false,19924.000,2901,1564521.54
FFSU,CA,00169406012,VICTOZA 6M,2021,3,false,7605.000,1209,845056.65
FFSU,CA,00169406013,VICTOZA 6M,2021,3,false,17685.000,1857,1947319.03
MCOU,CA,00169406013,VICTOZA 6M,2021,3,false,37315.000,3853,3651561.79
FFSU,CA,00169406012,VICTOZA 6M,2021,2,false,7695.000,1236,847522.23
MCOU,CA,00169406012,VICTOZA 6M,2021,2,false,19390.000,2865,1656955.98
FFSU,CA,00169406013,VICTOZA 6M,2021,2,false,17058.000,1799,1880397.48
MCOU,CA,00169406013,VICTOZA 6M,2021,2,false,38286.000,3939,3804115.69
FFSU,CA,00169406012,VICTOZA 6M,2021,1,false,6650.000,1064,722887.95
MCOU,CA,00169406012,VICTOZA 6M,2021,1,false,19056.000,2800,1632225.05
MCOU,CA,00169406013,VICTOZA 6M,2021,1,false,38024.000,3934,3792862.92
FFSU,CA,00169406013,VICTOZA 6M,2021,1,false,14683.500,1544,1563049.78
MCOU,CO,00169406012,VICTOZA 2-,2021,4,false,525.000,81,57562.71
FFSU,CO,00169406012,VICTOZA 2-,2021,4,false,6207.000,737,677057.44
FFSU,CO,00169406013,VICTOZA 3-,2021,4,false,12765.000,999,1384977.60
MCOU,CO,00169406013,VICTOZA 3-,2021,4,false,261.000,27,28661.52
MCOU,CO,00169406012,VICTOZA 2-,2021,3,false,498.000,83,54628.41
FFSU,CO,00169406012,VICTOZA 2-,2021,3,false,5961.000,760,650388.80
MCOU,CO,00169406013,VICTOZA 3-,2021,3,false,405.000,37,44342.79
FFSU,CO,00169406013,VICTOZA 3-,2021,3,false,13722.000,1072,1493708.79
MCOU,CO,00169406012,VICTOZA 2-,2021,2,false,612.000,93,54123.77
FFSU,CO,00169406012,VICTOZA 2-,2021,2,false,6888.000,867,748868.89
FFSU,CO,00169406013,VICTOZA 3-,2021,2,false,15156.000,1186,1623636.14
MCOU,CO,00169406013,VICTOZA 3-,2021,2,false,1152.000,87,71998.40
MCOU,CO,00169406012,VICTOZA 2-,2021,1,false,573.000,88,51737.53
FFSU,CO,00169406012,VICTOZA 2-,2021,1,false,6135.000,772,652824.82
MCOU,CO,00169406013,VICTOZA 3-,2021,1,false,1122.000,88,77475.12
FFSU,CO,00169406013,VICTOZA 3-,2021,1,false,15093.000,1164,1596527.63
FFSU,CT,00169406012,VICTOZA 6M,2021,4,false,6189.000,818,679522.13
FFSU,CT,00169406013,VICTOZA 6M,2021,4,false,17271.000,1293,1885176.30
FFSU,CT,00169406012,VICTOZA 6M,2021,3,false,7923.000,1021,869122.71
FFSU,CT,00169406013,VICTOZA 6M,2021,3,false,20994.000,1580,2291535.49
FFSU,CT,00169406012,VICTOZA 6M,2021,2,false,6924.000,919,759790.97
FFSU,CT,00169406013,VICTOZA 6M,2021,2,false,18792.000,1420,2051175.48
FFSU,CT,00169406012,Victoza 6M,2021,1,false,8247.000,1127,888719.43
FFSU,CT,00169406013,Victoza 6M,2021,1,false,24129.000,1794,2579708.21
FFSU,DC,00169406012,VICTOZA 2-,2021,4,false,99.000,15,10898.74
MCOU,DC,00169406012,VICTOZA 2-,2021,4,false,542.000,86,54182.26
FFSU,DC,00169406013,VICTOZA 3-,2021,4,false,234.000,24,25623.09
MCOU,DC,00169406013,VICTOZA 3-,2021,4,false,1896.000,187,201661.36
FFSU,DC,00169406012,VICTOZA 2-,2021,3,false,81.000,13,8920.09
MCOU,DC,00169406012,VICTOZA 2-,2021,3,false,596.000,92,60250.88
FFSU,DC,00169406013,VICTOZA 3-,2021,3,false,390.000,41,42714.94
MCOU,DC,00169406013,VICTOZA 3-,2021,3,false,1737.000,182,186408.71
MCOU,DC,00169406012,VICTOZA 2-,2021,2,false,621.000,92,66251.47
FFSU,DC,00169406012,VICTOZA 2-,2021,2,false,84.000,13,9245.10
FFSU,DC,00169406013,VICTOZA 3-,2021,2,false,513.000,61,56265.40
MCOU,DC,00169406013,VICTOZA 3-,2021,2,false,2166.000,230,234790.08
MCOU,DC,00169406012,VICTOZA 2-,2021,1,false,759.000,113,78004.36
FFSU,DC,00169406012,VICTOZA 2-,2021,1,true,,,
FFSU,DC,00169406013,VICTOZA 3-,2021,1,false,408.000,50,43438.89
MCOU,DC,00169406013,VICTOZA 3-,2021,1,false,2100.000,231,226568.50
MCOU,DE,00169406012,VICTOZA 6M,2021,4,false,717.000,107,78596.31
MCOU,DE,00169406013,VICTOZA 6M,2021,4,false,2109.000,243,230711.59
MCOU,DE,00169406012,VICTOZA 6M,2021,3,false,828.000,123,90762.16
MCOU,DE,00169406013,VICTOZA 6M,2021,3,false,2328.000,262,254621.04
MCOU,DE,00169406012,VICTOZA 6M,2021,2,false,732.000,117,80258.86
FFSU,DE,00169406012,VICTOZA 6M,2021,2,true,,,
MCOU,DE,00169406013,VICTOZA 6M,2021,2,false,2400.000,271,262461.20
MCOU,DE,00169406012,Victoza 6M,2021,1,false,729.000,118,78795.62
MCOU,DE,00169406013,Victoza 6M,2021,1,false,2439.000,278,262837.94
FFSU,FL,00169406012,VICTOZA 2-,2021,4,true,,,
MCOU,FL,00169406012,VICTOZA 2-,2021,4,false,1035.000,174,112457.79
MCOU,FL,00169406013,VICTOZA 3-,2021,4,false,2535.000,276,274238.30
FFSU,FL,00169406013,VICTOZA 3-,2021,4,true,,,
FFSU,FL,00169406012,VICTOZA 2-,2021,3,true,,,
MCOU,FL,00169406012,VICTOZA 2-,2021,3,false,942.000,160,101050.60
FFSU,FL,00169406013,VICTOZA 3-,2021,3,true,,,
MCOU,FL,00169406013,VICTOZA 3-,2021,3,false,2166.000,234,230699.70
MCOU,FL,00169406012,VICTOZA 2-,2021,2,false,993.000,168,106629.15
FFSU,FL,00169406012,VICTOZA 2-,2021,2,true,,,
MCOU,FL,00169406013,VICTOZA 3-,2021,2,false,2172.000,235,230641.35
FFSU,FL,00169406013,VICTOZA 3-,2021,2,true,,,
MCOU,FL,00169406012,VICTOZA 2-,2021,1,false,843.000,145,89474.59
FFSU,FL,00169406012,VICTOZA 2-,2021,1,true,,,
FFSU,FL,00169406013,VICTOZA 3-,2021,1,true,,,
MCOU,FL,00169406013,VICTOZA 3-,2021,1,false,2661.000,291,280947.47
MCOU,GA,00169406012,VICTOZA 2-,2021,4,false,1335.000,221,145720.24
FFSU,GA,00169406012,VICTOZA 2-,2021,4,false,7515.000,1270,827810.98
FFSU,GA,00169406013,VICTOZA 3-,2021,4,false,12486.000,1457,1367163.39
MCOU,GA,00169406013,VICTOZA 3-,2021,4,false,4035.000,452,438435.63
MCOU,GA,00169406012,VICTOZA 2-,2021,3,false,1434.000,238,156502.96
FFSU,GA,00169406012,VICTOZA 2-,2021,3,false,5781.000,967,636367.68
MCOU,GA,00169406013,VICTOZA 3-,2021,3,false,3819.000,425,417607.20
FFSU,GA,00169406013,VICTOZA 3-,2021,3,false,11178.000,1310,1223627.20
FFSU,GA,00169406012,VICTOZA 2-,2021,2,false,4479.000,714,492660.68
MCOU,GA,00169406012,VICTOZA 2-,2021,2,false,1965.000,327,213030.99
FFSU,GA,00169406013,VICTOZA 3-,2021,2,false,8604.000,950,942011.60
MCOU,GA,00169406013,VICTOZA 3-,2021,2,false,5550.000,603,598606.74
FFSU,GA,00169406012,VICTOZA 2-,2021,1,false,3078.000,468,332456.44
MCOU,GA,00169406012,VICTOZA 2-,2021,1,false,1761.000,292,192571.33
MCOU,GA,00169406013,VICTOZA 3-,2021,1,false,4848.000,523,524479.42
FFSU,GA,00169406013,VICTOZA 3-,2021,1,false,6978.000,709,749827.42
MCOU,HI,00169406012,VICTOZA 2-,2021,4,false,843.000,100,91351.74
MCOU,HI,00169406013,VICTOZA 3-,2021,4,false,2547.000,188,247479.56
MCOU,HI,00169406012,VICTOZA 2-,2021,3,false,1206.000,161,132519.43
MCOU,HI,00169406013,VICTOZA 3-,2021,3,false,4344.000,371,437112.72
MCOU,HI,00169406012,VICTOZA 2-,2021,2,false,1662.000,220,181163.11
MCOU,HI,00169406013,VICTOZA 3-,2021,2,false,5850.000,533,578308.92
MCOU,HI,00169406012,VICTOZA 2-,2021,1,false,1701.000,234,181403.61
MCOU,HI,00169406013,VICTOZA 3-,2021,1,false,6471.000,599,630727.82
FFSU,IA,00169406012,VICTOZA 6M,2021,4,true,,,
MCOU,IA,00169406012,VICTOZA 6M,2021,4,false,3558.000,536,387735.23
FFSU,IA,00169406013,VICTOZA 6M,2021,4,true,,,
MCOU,IA,00169406013,VICTOZA 6M,2021,4,false,9720.000,1002,1059077.86
MCOU,IA,00169406012,VICTOZA 6M,2021,3,false,4083.000,610,445351.34
FFSU,IA,00169406012,VICTOZA 6M,2021,3,true,,,
FFSU,IA,00169406013,VICTOZA 6M,2021,3,false,108.000,12,3828.49
MCOU,IA,00169406013,VICTOZA 6M,2021,3,false,9648.000,985,1052360.92
MCOU,IA,00169406012,VICTOZA 6M,2021,2,false,3975.000,605,440485.89
FFSU,IA,00169406012,VICTOZA 6M,2021,2,true,,,
FFSU,IA,00169406013,VICTOZA 6M,2021,2,false,108.000,12,2939.51
MCOU,IA,00169406013,VICTOZA 6M,2021,2,false,9258.000,961,1036269.85
FFSU,IA,00169406012,Victoza 6M,2021,1,true,,,
MCOU,IA,00169406012,Victoza 6M,2021,1,false,3576.000,559,387867.27
MCOU,IA,00169406013,Victoza 6M,2021,1,false,8835.000,937,963428.67
FFSU,IA,00169406013,Victoza 6M,2021,1,false,135.000,15,8358.92
FFSU,ID,00169406012,VICTOZA 2-,2021,4,false,2440.000,406,268420.90
FFSU,ID,00169406013,VICTOZA 3-,2021,4,false,4632.000,505,507091.85
FFSU,ID,00169406012,VICTOZA 2-,2021,3,false,3033.000,493,333985.38
FFSU,ID,00169406013,VICTOZA 3-,2021,3,false,4800.000,525,526088.00
FFSU,ID,00169406012,VICTOZA 2-,2021,2,false,2814.000,458,308646.83
FFSU,ID,00169406013,VICTOZA 3-,2021,2,false,4848.000,529,529386.55
FFSU,ID,00169406012,VICTOZA 2-,2021,1,false,2892.000,474,313392.29
FFSU,ID,00169406013,VICTOZA 3-,2021,1,false,5430.000,581,586400.40
MCOU,IL,00169406012,VICTOZA 6M,2021,4,false,51936.000,7423,6920074.46
FFSU,IL,00169406012,VICTOZA 6M,2021,4,false,1020.000,149,115133.39
FFSU,IL,00169406013,VICTOZA 6M,2021,4,false,2463.000,229,271795.02
MCOU,IL,00169406013,VICTOZA 6M,2021,4,false,109108.500,10439,13876291.77
MCOU,IL,00169406012,VICTOZA 6M,2021,3,false,50489.000,7372,6528088.36
FFSU,IL,00169406012,VICTOZA 6M,2021,3,false,1110.000,156,124223.72
MCOU,IL,00169406013,VICTOZA 6M,2021,3,false,106224.000,10251,13429774.43
FFSU,IL,00169406013,VICTOZA 6M,2021,3,false,2517.000,226,274733.05
MCOU,IL,00169406012,VICTOZA 6M,2021,2,false,41041.000,6050,5106664.89
FFSU,IL,00169406012,VICTOZA 6M,2021,2,false,1356.000,181,154260.32
FFSU,IL,00169406013,VICTOZA 6M,2021,2,false,2547.000,215,281782.12
MCOU,IL,00169406013,VICTOZA 6M,2021,2,false,86244.000,8389,10556128.11
FFSU,IL,00169406012,Victoza 6M,2021,1,false,1305.000,175,140569.31
MCOU,IL,00169406012,Victoza 6M,2021,1,false,35649.000,5325,4402993.99
MCOU,IL,00169406013,Victoza 6M,2021,1,false,78555.000,7688,9457191.15
FFSU,IL,00169406013,Victoza 6M,2021,1,false,2349.000,202,252791.59
MCOU,IN,00169406012,VICTOZA 6M,2021,4,false,7103.000,1093,751628.35
FFSU,IN,00169406012,VICTOZA 6M,2021,4,false,882.000,150,96967.59
FFSU,IN,00169406013,VICTOZA 6M,2021,4,false,2475.000,232,266580.20
MCOU,IN,00169406013,VICTOZA 6M,2021,4,false,30384.000,3044,3210351.70
FFSU,IN,00169406012,VICTOZA 6M,2021,3,false,1029.000,167,112965.18
MCOU,IN,00169406012,VICTOZA 6M,2021,3,false,8340.000,1282,880753.05
MCOU,IN,00169406013,VICTOZA 6M,2021,3,false,36267.000,3607,3811212.56
FFSU,IN,00169406013,VICTOZA 6M,2021,3,false,2994.000,273,325317.26
FFSU,IN,00169406012,VICTOZA 6M,2021,2,false,1092.000,172,119895.07
MCOU,IN,00169406012,VICTOZA 6M,2021,2,false,8100.000,1246,858896.82
FFSU,IN,00169406013,VICTOZA 6M,2021,2,false,3141.000,297,338708.03
MCOU,IN,00169406013,VICTOZA 6M,2021,2,false,38385.000,3791,4060014.12
FFSU,IN,00169406012,Victoza 6M,2021,1,false,1230.000,195,130783.53
MCOU,IN,00169406012,Victoza 6M,2021,1,false,8058.000,1243,855948.41
MCOU,IN,00169406013,Victoza 6M,2021,1,false,36996.000,3697,3930778.07
FFSU,IN,00169406013,Victoza 6M,2021,1,false,3183.000,297,336609.80
MCOU,KS,00169406012,VICTOZA 6M,2021,4,false,1911.000,305,145856.23
MCOU,KS,00169406013,VICTOZA 6M,2021,4,false,4386.000,498,337390.75
MCOU,KS,00169406012,VICTOZA 6M,2021,3,false,2052.000,337,226584.52
MCOU,KS,00169406013,VICTOZA 6M,2021,3,false,4935.000,556,541974.70
MCOU,KS,00169406012,VICTOZA 6M,2021,2,false,2430.000,402,266453.56
MCOU,KS,00169406013,VICTOZA 6M,2021,2,false,5685.000,641,624323.49
MCOU,KS,00169406012,Victoza 6M,2021,1,false,2451.000,406,267230.66
MCOU,KS,00169406013,Victoza 6M,2021,1,false,5925.000,672,636624.86
FFSU,KY,00169406012,VICTOZA 2-,2021,4,false,279.000,43,30656.40
MCOU,KY,00169406012,VICTOZA 2-,2021,4,false,5517.000,823,604215.51
FFSU,KY,00169406013,VICTOZA 3-,2021,4,false,537.000,64,58772.94
MCOU,KY,00169406013,VICTOZA 3-,2021,4,false,13548.000,1295,1498206.86
FFSU,KY,00169406012,VICTOZA 2-,2021,3,false,288.000,46,31636.80
MCOU,KY,00169406012,VICTOZA 2-,2021,3,false,2532.000,399,276424.37
FFSU,KY,00169406013,VICTOZA 3-,2021,3,false,657.000,74,70534.73
MCOU,KY,00169406013,VICTOZA 3-,2021,3,false,21342.000,2086,2341211.76
FFSU,KY,00169406012,VICTOZA 2-,2021,2,false,231.000,41,25162.58
MCOU,KY,00169406012,VICTOZA 2-,2021,2,false,10046.000,1547,1082192.07
MCOU,KY,00169406013,VICTOZA 3-,2021,2,false,23673.000,2304,2547032.20
FFSU,KY,00169406013,VICTOZA 3-,2021,2,false,606.000,78,66362.17
FFSU,KY,00169406012,VICTOZA 2-,2021,1,false,306.000,54,32788.87
MCOU,KY,00169406012,VICTOZA 2-,2021,1,false,651.000,96,71330.04
MCOU,KY,00169406013,VICTOZA 3-,2021,1,false,22647.000,2256,2474078.37
FFSU,KY,00169406013,VICTOZA 3-,2021,1,false,699.000,86,74261.68
FFSU,LA,00169406012,VICTOZA 2-,2021,4,false,192.000,32,21163.91
MCOU,LA,00169406012,VICTOZA 2-,2021,4,false,19665.000,2942,2187934.09
FFSU,LA,00169406013,VICTOZA 3-,2021,4,false,714.000,87,78347.18
MCOU,LA,00169406013,VICTOZA 3-,2021,4,false,37905.000,3795,4193514.60
FFSU,LA,00169406012,VICTOZA 2-,2021,3,false,285.000,47,31396.74
MCOU,LA,00169406012,VICTOZA 2-,2021,3,false,22368.000,3380,2486971.43
FFSU,LA,00169406013,VICTOZA 3-,2021,3,false,816.000,111,89661.51
MCOU,LA,00169406013,VICTOZA 3-,2021,3,false,40341.000,4049,4461803.73
MCOU,LA,00169406012,VICTOZA 2-,2021,2,false,25714.000,3939,2857482.09
FFSU,LA,00169406012,VICTOZA 2-,2021,2,false,327.000,52,36002.27
FFSU,LA,00169406013,VICTOZA 3-,2021,2,false,720.000,92,79049.39
MCOU,LA,00169406013,VICTOZA 3-,2021,2,false,45630.000,4577,5046843.76
FFSU,LA,00169406012,VICTOZA 2-,2021,1,false,278.000,47,30087.24
MCOU,LA,00169406012,VICTOZA 2-,2021,1,false,25132.000,3887,2773114.22
FFSU,LA,00169406013,VICTOZA 3-,2021,1,false,735.000,94,79225.33
MCOU,LA,00169406013,VICTOZA 3-,2021,1,false,44370.000,4521,4863471.52
FFSU,MA,00169406012,VICTOZA 2-,2021,4,false,1626.000,221,178158.21
MCOU,MA,00169406012,VICTOZA 2-,2021,4,false,2268.000,325,247875.62
FFSU,MA,00169406013,VICTOZA 3-,2021,4,false,6111.000,531,667202.40
MCOU,MA,00169406013,VICTOZA 3-,2021,4,false,9504.000,901,1046402.39
MCOU,MA,00169406012,VICTOZA 2-,2021,3,false,2493.000,362,275251.77
FFSU,MA,00169406012,VICTOZA 2-,2021,3,false,1689.000,241,184673.47
FFSU,MA,00169406013,VICTOZA 3-,2021,3,false,6387.000,538,696646.16
MCOU,MA,00169406013,VICTOZA 3-,2021,3,false,10425.000,1004,1146799.53
FFSU,MA,00169406012,VICTOZA 2-,2021,2,false,1977.000,278,215375.92
MCOU,MA,00169406012,VICTOZA 2-,2021,2,false,2487.000,371,275571.46
MCOU,MA,00169406013,VICTOZA 3-,2021,2,false,11028.000,1061,1211098.89
FFSU,MA,00169406013,VICTOZA 3-,2021,2,false,8031.000,674,876877.25
FFSU,MA,00169406012,VICTOZA 2-,2021,1,false,1638.000,229,174546.61
MCOU,MA,00169406012,VICTOZA 2-,2021,1,false,2538.000,368,279072.29
MCOU,MA,00169406013,VICTOZA 3-,2021,1,false,10659.000,1091,1164590.85
FFSU,MA,00169406013,VICTOZA 3-,2021,1,false,6849.000,594,727459.33
FFSU,MD,00169406012,VICTOZA 2-,2021,4,false,171.000,30,18829.41
MCOU,MD,00169406012,VICTOZA 2-,2021,4,false,3261.000,501,357805.95
MCOU,MD,00169406013,VICTOZA 3-,2021,4,false,7776.000,837,846246.37
FFSU,MD,00169406013,VICTOZA 3-,2021,4,false,285.000,33,30889.32
FFSU,MD,00169406012,VICTOZA 2-,2021,3,false,132.000,22,14535.00
MCOU,MD,00169406012,VICTOZA 2-,2021,3,false,3714.000,591,407956.95
FFSU,MD,00169406013,VICTOZA 3-,2021,3,false,327.000,48,35879.01
MCOU,MD,00169406013,VICTOZA 3-,2021,3,false,9282.000,974,1018066.04
FFSU,MD,00169406012,VICTOZA 2-,2021,2,false,126.000,20,13863.63
MCOU,MD,00169406012,VICTOZA 2-,2021,2,false,3870.000,596,427153.75
FFSU,MD,00169406013,VICTOZA 3-,2021,2,false,348.000,51,38196.11
MCOU,MD,00169406013,VICTOZA 3-,2021,2,false,10563.000,1114,1160139.39
FFSU,MD,00169406012,VICTOZA 2-,2021,1,false,96.000,19,10384.46
MCOU,MD,00169406012,VICTOZA 2-,2021,1,false,4006.000,630,439174.89
FFSU,MD,00169406013,VICTOZA 3-,2021,1,false,414.000,55,44718.77
MCOU,MD,00169406013,VICTOZA 3-,2021,1,false,11760.000,1236,1284956.11
FFSU,ME,00169406012,VICTOZA   ,2021,4,false,2346.000,358,257196.16
FFSU,ME,00169406013,VICTOZA   ,2021,4,false,5697.000,634,622872.75
FFSU,ME,00169406012,VICTOZA   ,2021,3,false,2310.000,364,253464.22
FFSU,ME,00169406013,VICTOZA   ,2021,3,false,5628.000,628,615135.61
FFSU,ME,00169406012,VICTOZA   ,2021,2,false,2349.000,360,257315.88
FFSU,ME,00169406013,VICTOZA   ,2021,2,false,5394.000,600,590881.01
FFSU,ME,00169406012,VICTOZA   ,2021,1,false,2040.000,328,218594.91
FFSU,ME,00169406013,VICTOZA   ,2021,1,false,5442.000,615,583169.00
FFSU,MI,00169406012,VICTOZA 2-,2021,4,false,1452.000,253,151406.97
MCOU,MI,00169406012,VICTOZA 2-,2021,4,false,26680.000,3877,2892266.89
MCOU,MI,00169406013,VICTOZA 3-,2021,4,false,67260.000,6574,7292398.94
FFSU,MI,00169406013,VICTOZA 3-,2021,4,false,3717.000,363,377009.32
FFSU,MI,00169406012,VICTOZA 2-,2021,3,false,1605.000,268,169827.54
MCOU,MI,00169406012,VICTOZA 2-,2021,3,false,29165.024,4419,3174182.97
FFSU,MI,00169406013,VICTOZA 3-,2021,3,false,3585.000,357,373979.77
MCOU,MI,00169406013,VICTOZA 3-,2021,3,false,70332.027,7119,7646400.34
FFSU,MI,00169406012,VICTOZA 2-,2021,2,false,1407.000,246,150166.69
MCOU,MI,00169406012,VICTOZA 2-,2021,2,false,30500.171,4835,3346116.45
MCOU,MI,00169406013,VICTOZA 3-,2021,2,false,67821.279,7083,7401617.36
FFSU,MI,00169406013,VICTOZA 3-,2021,2,false,3930.000,386,418792.41
FFSU,MI,00169406012,VICTOZA 2-,2021,1,false,1272.000,212,135732.85
MCOU,MI,00169406012,VICTOZA 2-,2021,1,false,24822.030,3939,2685847.93
MCOU,MI,00169406013,VICTOZA 3-,2021,1,false,55141.036,5800,5953889.71
FFSU,MI,00169406013,VICTOZA 3-,2021,1,false,3504.000,340,368041.55
FFSU,MN,00169406012,VICTOZA 2-,2021,4,false,1646.000,281,180007.71
MCOU,MN,00169406012,VICTOZA 2-,2021,4,false,18378.000,2714,2057574.93
MCOU,MN,00169406013,VICTOZA 3-,2021,4,false,49965.000,4585,5587001.09
FFSU,MN,00169406013,VICTOZA 3-,2021,4,false,3978.000,450,426879.60
FFSU,MN,00169406012,VICTOZA 2-,2021,3,false,1863.000,291,204359.80
MCOU,MN,00169406012,VICTOZA 2-,2021,3,false,19056.000,2913,2132531.77
MCOU,MN,00169406013,VICTOZA 3-,2021,3,false,49207.000,4587,5511326.82
FFSU,MN,00169406013,VICTOZA 3-,2021,3,false,4683.000,470,505497.20
MCOU,MN,00169406012,VICTOZA 2-,2021,2,false,18441.000,2850,2080746.47
FFSU,MN,00169406012,VICTOZA 2-,2021,2,false,1581.000,239,173293.29
FFSU,MN,00169406013,VICTOZA 3-,2021,2,false,3960.000,392,430278.48
MCOU,MN,00169406013,VICTOZA 3-,2021,2,false,46644.000,4388,5261645.81
FFSU,MN,00169406012,VICTOZA 2-,2021,1,false,1530.000,236,162040.65
MCOU,MN,00169406012,VICTOZA 2-,2021,1,false,13998.000,2159,1567941.69
MCOU,MN,00169406013,VICTOZA 3-,2021,1,false,39393.000,3768,4407058.65
FFSU,MN,00169406013,VICTOZA 3-,2021,1,false,4362.000,415,460620.52
FFSU,MO,00169406012,VICTOZA 2-,2021,4,false,17283.000,2617,1899791.17
FFSU,MO,00169406013,VICTOZA 3-,2021,4,false,32457.000,3450,3547265.36
FFSU,MO,00169406012,VICTOZA 2-,2021,3,false,17394.000,2656,1915149.37
FFSU,MO,00169406013,VICTOZA 3-,2021,3,false,32250.000,3442,3521733.10
FFSU,MO,00169406012,VICTOZA 2-,2021,2,false,13977.000,2143,1539401.36
FFSU,MO,00169406013,VICTOZA 3-,2021,2,false,25767.000,2747,2806932.18
FFSU,MO,00169406012,VICTOZA 2-,2021,1,false,11718.000,1792,1261408.03
FFSU,MO,00169406013,VICTOZA 3-,2021,1,false,23478.000,2519,2507987.95
MCOU,MS,00169406012,VICTOZA 2-,2021,4,false,6383.000,1080,700124.99
FFSU,MS,00169406012,VICTOZA 2-,2021,4,false,1670.400,291,185226.47
MCOU,MS,00169406013,VICTOZA 3-,2021,4,false,11661.000,1336,1271101.02
FFSU,MS,00169406013,VICTOZA 3-,2021,4,false,3429.000,408,383295.20
FFSU,MS,00169406012,VICTOZA 2-,2021,3,false,1239.000,210,136586.71
MCOU,MS,00169406012,VICTOZA 2-,2021,3,false,6511.000,1104,715060.99
MCOU,MS,00169406013,VICTOZA 3-,2021,3,false,6219.000,694,677133.79
FFSU,MS,00169406013,VICTOZA 3-,2021,3,false,2763.000,329,302936.61
FFSU,MS,00169406012,VICTOZA 2-,2021,2,false,1161.000,194,127955.91
MCOU,MS,00169406012,VICTOZA 2-,2021,2,false,6128.000,1037,675487.99
MCOU,MS,00169406013,VICTOZA 3-,2021,2,false,11454.000,1283,1254581.82
FFSU,MS,00169406013,VICTOZA 3-,2021,2,false,2463.000,292,270035.46
FFSU,MS,00169406012,VICTOZA 2-,2021,1,false,783.000,131,85117.91
MCOU,MS,00169406012,VICTOZA 2-,2021,1,false,4881.000,826,531764.12
FFSU,MS,00169406013,VICTOZA 3-,2021,1,false,2253.000,269,243057.50
MCOU,MS,00169406013,VICTOZA 3-,2021,1,false,10038.000,1127,1087026.60
FFSU,MT,00169406012,VICTOZA 2-,2021,4,false,3654.000,520,402256.17
FFSU,MT,00169406013,VICTOZA 3-,2021,4,false,8205.000,776,899740.30
FFSU,MT,00169406012,VICTOZA 2-,2021,3,false,4089.000,592,450349.66
FFSU,MT,00169406013,VICTOZA 3-,2021,3,false,8724.000,862,956769.17
FFSU,MT,00169406012,VICTOZA 2-,2021,2,false,4326.000,646,478680.34
FFSU,MT,00169406013,VICTOZA 3-,2021,2,false,8325.000,822,915916.80
FFSU,MT,00169406012,VICTOZA 2-,2021,1,false,3795.000,568,412787.67
FFSU,MT,00169406013,VICTOZA 3-,2021,1,false,7749.000,773,838184.20
FFSU,XX,00169406012,VICTOZA 6M,2021,4,false,110573.400,16607,12119356.74
MCOU,XX,00169406012,VICTOZA 6M,2021,4,false,324579.000,49239,35935037.62
FFSU,XX,00169406013,VICTOZA 6M,2021,4,false,242173.000,24209,26424018.06
MCOU,XX,00169406013,VICTOZA 6M,2021,4,false,799647.800,80601,88398943.62
FFSU,XX,00169406012,VICTOZA 6M,2021,3,false,113195.000,17025,12398253.12
MCOU,XX,00169406012,VICTOZA 6M,2021,3,false,341639.424,52643,37777971.26
FFSU,XX,00169406013,VICTOZA 6M,2021,3,false,253252.000,25153,27518405.84
MCOU,XX,00169406013,VICTOZA 6M,2021,3,false,842039.027,85524,93135012.18
FFSU,XX,00169406012,VICTOZA 6M,2021,2,false,115648.000,17277,12659396.39
MCOU,XX,00169406012,VICTOZA 6M,2021,2,false,332013.971,51709,36536840.37
FFSU,XX,00169406013,VICTOZA 6M,2021,2,false,262015.000,25731,28494527.21
MCOU,XX,00169406013,VICTOZA 6M,2021,2,false,827908.279,84144,90991493.03
FFSU,XX,00169406012,VICTOZA 6M,2021,1,false,106915.000,15957,11474108.91
MCOU,XX,00169406012,VICTOZA 6M,2021,1,false,291424.130,45547,31797351.50
FFSU,XX,00169406013,VICTOZA 6M,2021,1,false,261554.590,25458,27847256.11
MCOU,XX,00169406013,VICTOZA 6M,2021,1,false,778134.036,79946,84882449.94
MCOU,NC,00169406012,VICTOZA 2-,2021,4,false,9549.000,1241,1038703.04
FFSU,NC,00169406012,VICTOZA 2-,2021,4,false,2985.000,427,323523.99
FFSU,NC,00169406013,VICTOZA 3-,2021,4,false,7386.000,757,798595.56
MCOU,NC,00169406013,VICTOZA 3-,2021,4,false,24957.000,2299,2717941.59
MCOU,NC,00169406012,VICTOZA 2-,2021,3,false,10182.000,1380,1109660.85
FFSU,NC,00169406012,VICTOZA 2-,2021,3,false,4743.000,686,513429.45
MCOU,NC,00169406013,VICTOZA 3-,2021,3,false,25161.000,2373,2734996.07
FFSU,NC,00169406013,VICTOZA 3-,2021,3,false,13143.000,1297,1418321.60
FFSU,NC,00169406012,VICTOZA 2-,2021,2,false,12906.000,1831,1397709.70
FFSU,NC,00169406013,VICTOZA 3-,2021,2,false,32874.000,3146,3553756.47
FFSU,NC,00169406012,VICTOZA 2-,2021,1,false,12891.000,1848,1371412.08
FFSU,NC,00169406013,VICTOZA 3-,2021,1,false,35973.000,3424,3813717.58
FFSU,ND,00169406012,VICTOZA 2-,2021,4,false,2382.000,397,263077.84
FFSU,ND,00169406013,VICTOZA 3-,2021,4,false,5364.000,596,588631.40
FFSU,ND,00169406012,VICTOZA 2-,2021,3,false,2520.000,420,277905.10
FFSU,ND,00169406013,VICTOZA 3-,2021,3,false,5031.000,559,551987.85
FFSU,ND,00169406012,VICTOZA 2-,2021,2,false,2172.000,362,239780.92
FFSU,ND,00169406013,VICTOZA 3-,2021,2,false,4617.000,512,506501.58
FFSU,ND,00169406012,VICTOZA 2-,2021,1,false,1662.000,277,179953.87
FFSU,ND,00169406013,VICTOZA 3-,2021,1,false,4071.000,453,438981.11
MCOU,NE,00169406012,VICTOZA 6M,2021,4,false,3504.000,558,386095.32
MCOU,NE,00169406013,VICTOZA 6M,2021,4,false,6483.000,685,709670.90
MCOU,NE,00169406012,VICTOZA 6M,2021,3,false,4329.000,702,477817.21
MCOU,NE,00169406013,VICTOZA 6M,2021,3,false,6423.000,697,706398.93
MCOU,NE,00169406012,VICTOZA 6M,2021,2,false,4120.000,678,469605.12
MCOU,NE,00169406013,VICTOZA 6M,2021,2,false,5970.000,638,675141.29
MCOU,NE,00169406012,Victoza 6M,2021,1,false,2694.000,432,298133.12
MCOU,NE,00169406013,Victoza 6M,2021,1,false,4218.000,448,470882.65
MCOU,NH,00169406012,VICTOZA 2-,2021,4,false,2447.000,364,254253.95
MCOU,NH,00169406013,VICTOZA 3-,2021,4,false,6579.300,690,678209.17
FFSU,NH,00169406012,VICTOZA 2-,2021,3,true,,,
MCOU,NH,00169406012,VICTOZA 2-,2021,3,false,2393.000,364,248844.01
FFSU,NH,00169406013,VICTOZA 3-,2021,3,true,,,
MCOU,NH,00169406013,VICTOZA 3-,2021,3,false,6231.000,654,645875.61
FFSU,NH,00169406012,VICTOZA 2-,2021,2,true,,,
MCOU,NH,00169406012,VICTOZA 2-,2021,2,false,2250.000,346,236548.12
MCOU,NH,00169406013,VICTOZA 3-,2021,2,false,5689.000,593,590366.69
FFSU,NH,00169406013,VICTOZA 3-,2021,2,true,,,
FFSU,NH,00169406012,VICTOZA 2-,2021,1,true,,,
MCOU,NH,00169406012,VICTOZA 2-,2021,1,false,1890.000,293,199994.13
MCOU,NH,00169406013,VICTOZA 3-,2021,1,false,5007.000,528,513364.48
MCOU,NJ,00169406012,VICTOZA 6M,2021,4,false,13057.000,2149,1485964.73
FFSU,NJ,00169406012,VICTOZA 6M,2021,4,false,48.000,13,5345.08
MCOU,NJ,00169406013,VICTOZA 6M,2021,4,false,37572.000,4196,4287941.90
FFSU,NJ,00169406013,VICTOZA 6M,2021,4,true,,,
FFSU,NJ,00169406012,VICTOZA 6M,2021,3,false,42.000,11,4670.23
MCOU,NJ,00169406012,VICTOZA 6M,2021,3,false,12498.000,2099,1422293.49
MCOU,NJ,00169406013,VICTOZA 6M,2021,3,false,38823.000,4363,4318465.10
FFSU,NJ,00169406013,VICTOZA 6M,2021,3,true,,,
MCOU,NJ,00169406012,VICTOZA 6M,2021,2,false,11751.000,1946,1318622.93
FFSU,NJ,00169406012,VICTOZA 6M,2021,2,false,84.000,19,9307.69
FFSU,NJ,00169406013,VICTOZA 6M,2021,2,false,78.000,11,8571.67
MCOU,NJ,00169406013,VICTOZA 6M,2021,2,false,38577.000,4294,4255526.43
MCOU,NJ,00169406012,Victoza 6M,2021,1,false,11352.000,1891,1263650.33
FFSU,NJ,00169406012,Victoza 6M,2021,1,false,51.000,13,5558.75
MCOU,NJ,00169406013,Victoza 6M,2021,1,false,37842.000,4212,4125003.45
FFSU,NJ,00169406013,Victoza 6M,2021,1,false,114.000,20,12230.12
MCOU,NM,00169406012,VICTOZA 2-,2021,4,false,1311.000,179,119938.57
FFSU,NM,00169406012,VICTOZA 2-,2021,4,false,831.000,117,64191.94
FFSU,NM,00169406013,VICTOZA 3-,2021,4,false,1281.000,141,82834.49
MCOU,NM,00169406013,VICTOZA 3-,2021,4,false,2457.000,246,216243.88
MCOU,NM,00169406012,VICTOZA 2-,2021,3,false,1227.000,175,108035.24
FFSU,NM,00169406012,VICTOZA 2-,2021,3,false,861.000,128,69484.31
FFSU,NM,00169406013,VICTOZA 3-,2021,3,false,1449.000,144,85467.89
MCOU,NM,00169406013,VICTOZA 3-,2021,3,false,2712.000,273,236254.49
FFSU,NM,00169406012,VICTOZA 2-,2021,2,false,735.000,104,56997.53
MCOU,NM,00169406012,VICTOZA 2-,2021,2,false,1116.000,151,102137.90
MCOU,NM,00169406013,VICTOZA 3-,2021,2,false,2439.000,234,203847.14
FFSU,NM,00169406013,VICTOZA 3-,2021,2,false,1560.000,147,91067.97
MCOU,NM,00169406012,VICTOZA 2-,2021,1,false,1359.000,173,137027.20
FFSU,NM,00169406012,VICTOZA 2-,2021,1,false,819.000,106,80004.88
FFSU,NM,00169406013,VICTOZA 3-,2021,1,false,1452.000,138,137801.78
MCOU,NM,00169406013,VICTOZA 3-,2021,1,false,3061.000,301,309843.09
FFSU,NV,00169406012,VICTOZA 6M,2021,4,false,591.000,53,64600.29
MCOU,NV,00169406012,VICTOZA 6M,2021,4,false,615.000,101,69833.76
FFSU,NV,00169406013,VICTOZA 6M,2021,4,false,1965.000,123,215116.69
MCOU,NV,00169406013,VICTOZA 6M,2021,4,true,,,
FFSU,NV,00169406012,VICTOZA 6M,2021,3,false,567.000,56,61994.10
MCOU,NV,00169406012,VICTOZA 6M,2021,3,false,2436.000,396,268598.97
FFSU,NV,00169406013,VICTOZA 6M,2021,3,false,1725.000,99,187909.42
MCOU,NV,00169406013,VICTOZA 6M,2021,3,false,3159.000,334,353623.61
FFSU,NV,00169406012,VICTOZA 6M,2021,2,false,480.000,47,52479.01
MCOU,NV,00169406012,VICTOZA 6M,2021,2,false,834.000,139,92383.56
MCOU,NV,00169406013,VICTOZA 6M,2021,2,false,3699.000,393,410158.94
FFSU,NV,00169406013,VICTOZA 6M,2021,2,false,2232.000,123,243094.83
MCOU,NV,00169406012,Victoza 6M,2021,1,false,1275.000,211,139427.76
FFSU,NV,00169406012,Victoza 6M,2021,1,false,360.000,37,37844.91
FFSU,NV,00169406013,Victoza 6M,2021,1,false,1935.000,113,209453.63
MCOU,NV,00169406013,Victoza 6M,2021,1,false,4158.000,447,459882.62
MCOU,NY,00169406012,VICTOZA 2-,2021,4,false,13935.000,2164,1520362.65
FFSU,NY,00169406012,VICTOZA 2-,2021,4,false,1875.000,284,205831.48
FFSU,NY,00169406013,VICTOZA 3-,2021,4,false,5784.000,580,632138.72
MCOU,NY,00169406013,VICTOZA 3-,2021,4,false,33212.000,3480,3618679.22
MCOU,NY,00169406012,VICTOZA 2-,2021,3,false,17223.400,2755,1863052.54
FFSU,NY,00169406012,VICTOZA 2-,2021,3,false,2065.000,312,226670.23
FFSU,NY,00169406013,VICTOZA 3-,2021,3,false,5928.000,599,646367.80
MCOU,NY,00169406013,VICTOZA 3-,2021,3,false,41382.000,4426,4480603.02
FFSU,NY,00169406012,VICTOZA 2-,2021,2,false,2378.000,352,260562.72
MCOU,NY,00169406012,VICTOZA 2-,2021,2,false,19191.000,3102,2095322.58
MCOU,NY,00169406013,VICTOZA 3-,2021,2,false,47559.000,5141,5185106.10
FFSU,NY,00169406013,VICTOZA 3-,2021,2,false,6084.000,626,663363.26
FFSU,NY,00169406012,VICTOZA 2-,2021,1,false,2538.000,375,272912.27
MCOU,NY,00169406012,VICTOZA 2-,2021,1,false,18663.100,3012,2014931.27
MCOU,NY,00169406013,VICTOZA 3-,2021,1,false,50457.000,5456,5452530.23
FFSU,NY,00169406013,VICTOZA 3-,2021,1,false,6339.000,636,677892.40
FFSU,OH,00169406012,VICTOZA 6M,2021,4,false,1656.000,286,181274.03
MCOU,OH,00169406012,VICTOZA 6M,2021,4,false,19302.000,3178,2105128.85
MCOU,OH,00169406013,VICTOZA 6M,2021,4,false,60486.000,6688,6586281.97
FFSU,OH,00169406013,VICTOZA 6M,2021,4,false,3591.000,432,389953.98
MCOU,OH,00169406012,VICTOZA 6M,2021,3,false,20238.000,3318,2204994.28
FFSU,OH,00169406012,VICTOZA 6M,2021,3,false,1443.000,258,157457.90
FFSU,OH,00169406013,VICTOZA 6M,2021,3,false,4032.000,475,429831.88
MCOU,OH,00169406013,VICTOZA 6M,2021,3,false,64653.000,7069,7025981.30
MCOU,OH,00169406012,VICTOZA 6M,2021,2,false,20412.000,3281,2236450.52
FFSU,OH,00169406012,VICTOZA 6M,2021,2,false,1827.000,311,199406.57
MCOU,OH,00169406013,VICTOZA 6M,2021,2,false,70227.000,7461,7670780.95
FFSU,OH,00169406013,VICTOZA 6M,2021,2,false,4905.000,603,528576.89
FFSU,OH,00169406012,Victoza 6M,2021,1,false,1551.000,261,163931.92
MCOU,OH,00169406012,Victoza 6M,2021,1,false,19616.000,3209,2135983.61
MCOU,OH,00169406013,Victoza 6M,2021,1,false,70407.000,7647,7642404.54
FFSU,OH,00169406013,Victoza 6M,2021,1,false,3825.000,465,402725.39
FFSU,OK,00169406012,VICTOZA 6M,2021,4,false,2022.000,308,216207.11
FFSU,OK,00169406013,VICTOZA 6M,2021,4,false,8909.000,792,952077.29
FFSU,OK,00169406012,VICTOZA 6M,2021,3,false,2154.000,321,233362.65
FFSU,OK,00169406013,VICTOZA 6M,2021,3,false,8196.000,743,883697.38
FFSU,OK,00169406012,VICTOZA 6M,2021,2,false,2307.000,352,246413.29
FFSU,OK,00169406013,VICTOZA 6M,2021,2,false,8385.000,768,902627.78
FFSU,OK,00169406012,Victoza 6M,2021,1,false,2148.000,331,229564.92
FFSU,OK,00169406013,Victoza 6M,2021,1,false,8028.000,743,853533.09
FFSU,OR,00169406012,VICTOZA 6M,2021,4,false,144.000,21,15747.82
MCOU,OR,00169406012,VICTOZA 6M,2021,4,false,3558.000,581,385818.69
MCOU,OR,00169406013,VICTOZA 6M,2021,4,false,10920.000,1162,1183150.56
FFSU,OR,00169406013,VICTOZA 6M,2021,4,false,321.000,35,35144.13
MCOU,OR,00169406012,VICTOZA 6M,2021,3,false,3960.000,634,429455.61
FFSU,OR,00169406012,VICTOZA 6M,2021,3,false,141.000,22,15490.40
MCOU,OR,00169406013,VICTOZA 6M,2021,3,false,11253.000,1209,1206247.71
FFSU,OR,00169406013,VICTOZA 6M,2021,3,false,372.000,40,27372.29
MCOU,OR,00169406012,VICTOZA 6M,2021,2,false,4014.000,647,437180.35
FFSU,OR,00169406012,VICTOZA 6M,2021,2,false,180.000,31,19802.28
MCOU,OR,00169406013,VICTOZA 6M,2021,2,false,11886.000,1247,1301101.02
FFSU,OR,00169406013,VICTOZA 6M,2021,2,false,405.000,39,44067.48
MCOU,OR,00169406012,Victoza 6M,2021,1,false,4404.000,706,475247.72
FFSU,OR,00169406012,Victoza 6M,2021,1,false,189.000,30,20469.77
FFSU,OR,00169406013,Victoza 6M,2021,1,false,558.090,57,59984.93
MCOU,OR,00169406013,Victoza 6M,2021,1,false,11508.000,1203,1242565.51
FFSU,PA,00169406012,VICTOZA 6M,2021,4,false,138.000,21,15013.18
MCOU,PA,00169406012,VICTOZA 6M,2021,4,false,10879.000,1720,1190895.77
FFSU,PA,00169406013,VICTOZA 6M,2021,4,false,639.000,49,69330.10
MCOU,PA,00169406013,VICTOZA 6M,2021,4,false,38835.000,3748,4247661.32
MCOU,PA,00169406012,VICTOZA 6M,2021,3,false,11223.000,1803,1230135.04
FFSU,PA,00169406012,VICTOZA 6M,2021,3,false,213.000,29,23678.30
FFSU,PA,00169406013,VICTOZA 6M,2021,3,false,684.000,59,74762.69
MCOU,PA,00169406013,VICTOZA 6M,2021,3,false,43851.000,4223,4795677.43
FFSU,PA,00169406012,VICTOZA 6M,2021,2,false,162.000,23,17580.79
MCOU,PA,00169406012,VICTOZA 6M,2021,2,false,12335.800,1976,1352208.41
MCOU,PA,00169406013,VICTOZA 6M,2021,2,false,47601.000,4614,5208424.29
FFSU,PA,00169406013,VICTOZA 6M,2021,2,false,681.000,61,73895.03
FFSU,PA,00169406012,Victoza 6M,2021,1,false,105.000,18,11091.23
MCOU,PA,00169406012,Victoza 6M,2021,1,false,12747.000,2035,1387064.79
MCOU,PA,00169406013,Victoza 6M,2021,1,false,47881.000,4709,5195178.82
FFSU,PA,00169406013,Victoza 6M,2021,1,false,639.000,51,66849.45
FFSU,RI,00169406012,VICTOZA 6M,2021,4,true,,,
MCOU,RI,00169406012,VICTOZA 6M,2021,4,false,1095.000,184,117707.50
MCOU,RI,00169406013,VICTOZA 6M,2021,4,false,1389.000,149,152626.71
FFSU,RI,00169406012,VICTOZA 6M,2021,3,true,,,
MCOU,RI,00169406012,VICTOZA 6M,2021,3,false,1131.000,185,123101.48
MCOU,RI,00169406013,VICTOZA 6M,2021,3,false,1578.000,169,171952.85
MCOU,RI,00169406012,VICTOZA 6M,2021,2,false,819.000,131,90621.42
FFSU,RI,00169406012,VICTOZA 6M,2021,2,true,,,
MCOU,RI,00169406013,VICTOZA 6M,2021,2,false,1053.000,110,110935.38
FFSU,RI,00169406013,VICTOZA 6M,2021,2,true,,,
MCOU,RI,00169406012,Victoza 6M,2021,1,false,1152.000,189,126835.79
FFSU,RI,00169406012,Victoza 6M,2021,1,true,,,
FFSU,RI,00169406013,Victoza 6M,2021,1,true,,,
MCOU,RI,00169406013,Victoza 6M,2021,1,false,1452.000,157,151116.91
FFSU,SC,00169406012,VICTOZA 2-,2021,4,false,327.000,54,37271.25
MCOU,SC,00169406012,VICTOZA 2-,2021,4,false,2505.000,416,273514.07
FFSU,SC,00169406013,VICTOZA 3-,2021,4,false,624.000,71,70910.82
MCOU,SC,00169406013,VICTOZA 3-,2021,4,false,5211.000,591,569045.34
FFSU,SC,00169406012,VICTOZA 2-,2021,3,false,378.000,63,42910.96
MCOU,SC,00169406012,VICTOZA 2-,2021,3,false,2951.000,492,317816.53
MCOU,SC,00169406013,VICTOZA 3-,2021,3,false,6543.000,741,695488.62
FFSU,SC,00169406013,VICTOZA 3-,2021,3,false,546.000,62,61733.43
FFSU,SC,00169406012,VICTOZA 2-,2021,2,false,321.000,53,36334.27
MCOU,SC,00169406012,VICTOZA 2-,2021,2,false,3075.000,515,327914.61
FFSU,SC,00169406013,VICTOZA 3-,2021,2,false,528.000,60,59615.56
MCOU,SC,00169406013,VICTOZA 3-,2021,2,false,7794.000,875,828067.56
FFSU,SC,00169406012,VICTOZA 2-,2021,1,false,324.000,54,35990.42
MCOU,SC,00169406012,VICTOZA 2-,2021,1,false,2904.000,472,303585.33
MCOU,SC,00169406013,VICTOZA 3-,2021,1,false,6819.000,766,718027.58
FFSU,SC,00169406013,VICTOZA 3-,2021,1,false,474.000,56,52754.89
FFSU,SD,00169406012,VICTOZA 6M,2021,4,false,156.000,26,17183.91
FFSU,SD,00169406013,VICTOZA 6M,2021,4,false,191.000,64,62297.87
FFSU,SD,00169406012,VICTOZA 6M,2021,3,false,246.000,38,24859.75
FFSU,SD,00169406013,VICTOZA 6M,2021,3,false,157.000,52,50647.63
FFSU,SD,00169406012,VICTOZA 6M,2021,2,false,232.000,40,25126.42
FFSU,SD,00169406013,VICTOZA 6M,2021,2,false,153.000,50,50205.81
FFSU,SD,00169406012,Victoza 6M,2021,1,false,312.000,45,30262.63
FFSU,SD,00169406013,Victoza 6M,2021,1,false,148.000,49,45591.97
FFSU,TN,00169406012,VICTOZA 6M,2021,4,false,12693.000,2006,1393267.21
FFSU,TN,00169406013,VICTOZA 6M,2021,4,false,23316.000,2644,2550709.91
FFSU,TN,00169406012,VICTOZA 6M,2021,3,false,11268.000,1792,1236950.38
FFSU,TN,00169406013,VICTOZA 6M,2021,3,false,22563.000,2558,2468398.27
FFSU,TN,00169406012,VICTOZA 6M,2021,2,false,10836.000,1737,1189674.97
FFSU,TN,00169406013,VICTOZA 6M,2021,2,false,22056.000,2495,2412883.05
FFSU,TN,00169406012,Victoza 6M,2021,1,false,9753.000,1559,1048314.03
FFSU,TN,00169406013,Victoza 6M,2021,1,false,21744.000,2463,2329308.64
MCOU,TX,00169406012,VICTOZA 2-,2021,4,false,14753.000,2398,1603622.64
FFSU,TX,00169406012,VICTOZA 2-,2021,4,true,,,
FFSU,TX,00169406013,VICTOZA 3-,2021,4,true,,,
MCOU,TX,00169406013,VICTOZA 3-,2021,4,false,33657.000,3630,3652602.82
FFSU,TX,00169406012,VICTOZA 2-,2021,3,true,,,
MCOU,TX,00169406012,VICTOZA 2-,2021,3,false,15912.000,2546,1729961.92
MCOU,TX,00169406013,VICTOZA 3-,2021,3,false,34404.000,3726,3730767.63
FFSU,TX,00169406013,VICTOZA 3-,2021,3,false,153.000,14,17022.96
FFSU,TX,00169406012,VICTOZA 2-,2021,2,true,,,
MCOU,TX,00169406012,VICTOZA 2-,2021,2,false,14988.000,2347,1629632.68
MCOU,TX,00169406013,VICTOZA 3-,2021,2,false,35481.000,3624,3849742.70
FFSU,TX,00169406013,VICTOZA 3-,2021,2,true,,,
FFSU,TX,00169406012,VICTOZA 2-,2021,1,true,,,
MCOU,TX,00169406012,VICTOZA 2-,2021,1,false,12621.000,1968,1365275.87
MCOU,TX,00169406013,VICTOZA 3-,2021,1,false,32305.000,3353,3491258.01
FFSU,TX,00169406013,VICTOZA 3-,2021,1,false,243.000,20,26544.71
FFSU,UT,00169406012,VICTOZA 6M,2021,4,false,540.000,91,59251.81
MCOU,UT,00169406012,VICTOZA 6M,2021,4,false,471.000,78,70270.80
MCOU,UT,00169406013,VICTOZA 6M,2021,4,false,1896.000,214,238898.62
FFSU,UT,00169406013,VICTOZA 6M,2021,4,false,495.000,55,54127.35
FFSU,UT,00169406012,VICTOZA 6M,2021,3,false,573.000,95,62789.69
MCOU,UT,00169406012,VICTOZA 6M,2021,3,false,618.000,100,104042.55
FFSU,UT,00169406013,VICTOZA 6M,2021,3,false,498.000,53,54418.48
MCOU,UT,00169406013,VICTOZA 6M,2021,3,false,1875.000,209,261843.83
FFSU,UT,00169406012,VICTOZA 6M,2021,2,false,576.000,99,63171.06
MCOU,UT,00169406012,VICTOZA 6M,2021,2,false,642.000,106,105920.86
MCOU,UT,00169406013,VICTOZA 6M,2021,2,false,2016.000,229,254863.38
FFSU,UT,00169406013,VICTOZA 6M,2021,2,false,627.000,70,68533.75
MCOU,UT,00169406012,Victoza 6M,2021,1,false,687.000,114,117554.08
FFSU,UT,00169406012,Victoza 6M,2021,1,false,501.000,81,54095.56
MCOU,UT,00169406013,Victoza 6M,2021,1,false,2346.000,255,326368.56
FFSU,UT,00169406013,Victoza 6M,2021,1,false,543.000,62,58431.01
MCOU,VA,00169406012,VICTOZA 2-,2021,4,false,16642.000,2566,1841051.89
FFSU,VA,00169406012,VICTOZA 2-,2021,4,false,63.000,11,6946.11
MCOU,VA,00169406013,VICTOZA 3-,2021,4,false,49596.000,4807,5412826.59
FFSU,VA,00169406013,VICTOZA 3-,2021,4,true,,,
MCOU,VA,00169406012,VICTOZA 2-,2021,3,false,18566.000,2726,2067887.06
FFSU,VA,00169406012,VICTOZA 2-,2021,3,false,66.000,11,7267.26
MCOU,VA,00169406013,VICTOZA 3-,2021,3,false,55023.000,5172,6014130.50
FFSU,VA,00169406013,VICTOZA 3-,2021,3,true,,,
MCOU,VA,00169406012,VICTOZA 2-,2021,2,false,19677.000,2916,2167882.91
FFSU,VA,00169406012,VICTOZA 2-,2021,2,true,,,
MCOU,VA,00169406013,VICTOZA 3-,2021,2,false,56976.000,5238,6211192.20
FFSU,VA,00169406013,VICTOZA 3-,2021,2,false,135.000,15,14787.45
MCOU,VA,00169406012,VICTOZA 2-,2021,1,false,15486.000,2297,1697915.00
FFSU,VA,00169406012,VICTOZA 2-,2021,1,false,75.000,12,8020.80
FFSU,VA,00169406013,VICTOZA 3-,2021,1,false,141.000,20,15015.77
MCOU,VA,00169406013,VICTOZA 3-,2021,1,false,48801.000,4495,5296354.34
FFSU,VT,00169406012,VICTOZA 6M,2021,4,false,1539.000,188,165481.03
FFSU,VT,00169406013,VICTOZA 6M,2021,4,false,4443.000,311,479546.21
FFSU,VT,00169406012,VICTOZA 6M,2021,3,false,1263.000,163,135780.02
FFSU,VT,00169406013,VICTOZA 6M,2021,3,false,4461.000,323,476545.44
FFSU,VT,00169406012,VICTOZA 6M,2021,2,false,1254.000,158,136188.72
FFSU,VT,00169406013,VICTOZA 6M,2021,2,false,4845.000,343,523997.03
FFSU,VT,00169406012,Victoza 6M,2021,1,false,1320.000,165,141202.41
FFSU,VT,00169406013,Victoza 6M,2021,1,false,4686.000,332,495654.26
FFSU,WA,00169406012,VICTOZA 6M,2021,4,false,474.000,77,51712.15
MCOU,WA,00169406012,VICTOZA 6M,2021,4,false,27495.000,4406,2933567.97
FFSU,WA,00169406013,VICTOZA 6M,2021,4,false,978.000,112,106449.70
MCOU,WA,00169406013,VICTOZA 6M,2021,4,false,59475.000,6174,6348932.38
MCOU,WA,00169406012,VICTOZA 6M,2021,3,false,26676.000,4306,2849366.69
FFSU,WA,00169406012,VICTOZA 6M,2021,3,false,558.000,92,60841.93
MCOU,WA,00169406013,VICTOZA 6M,2021,3,false,54690.000,5742,5853992.95
FFSU,WA,00169406013,VICTOZA 6M,2021,3,false,1044.000,119,113630.89
MCOU,WA,00169406012,VICTOZA 6M,2021,2,false,24195.000,3866,2579990.83
FFSU,WA,00169406012,VICTOZA 6M,2021,2,false,504.000,82,54949.51
MCOU,WA,00169406013,VICTOZA 6M,2021,2,false,47565.000,5022,5091786.49
FFSU,WA,00169406013,VICTOZA 6M,2021,2,false,1164.000,130,126683.08
MCOU,WA,00169406012,Victoza 6M,2021,1,false,19167.000,3089,2025639.03
FFSU,WA,00169406012,Victoza 6M,2021,1,false,381.000,60,40820.49
MCOU,WA,00169406013,Victoza 6M,2021,1,false,41763.000,4452,4428224.97
FFSU,WA,00169406013,Victoza 6M,2021,1,false,783.000,89,83594.97
FFSU,WI,00169406012,VICTOZA 6M,2021,4,false,9162.000,1159,1020662.95
FFSU,WI,00169406013,VICTOZA 6M,2021,4,false,20466.000,1750,2282773.09
FFSU,WI,00169406012,VICTOZA 6M,2021,3,false,8356.000,1089,926460.60
FFSU,WI,00169406013,VICTOZA 6M,2021,3,false,19761.000,1713,2203406.12
FFSU,WI,00169406012,VICTOZA 6M,2021,2,false,8174.000,1060,911878.26
FFSU,WI,00169406013,VICTOZA 6M,2021,2,false,18864.000,1647,2096981.75
FFSU,WI,00169406012,Victoza 6M,2021,1,false,7416.000,963,807561.57
FFSU,WI,00169406013,Victoza 6M,2021,1,false,18465.000,1622,2025767.89
FFSU,WV,00169406012,VICTOZA 2-,2021,4,false,2259.000,345,247441.55
FFSU,WV,00169406013,VICTOZA 3-,2021,4,false,4083.000,387,444418.64
FFSU,WV,00169406012,VICTOZA 2-,2021,3,false,2718.000,407,297220.11
FFSU,WV,00169406013,VICTOZA 3-,2021,3,false,4251.000,398,461378.26
FFSU,WV,00169406012,VICTOZA 2-,2021,2,false,2856.000,436,311967.49
FFSU,WV,00169406013,VICTOZA 3-,2021,2,false,4371.000,398,475652.28
FFSU,WV,00169406012,VICTOZA 2-,2021,1,false,2562.000,396,272311.85
FFSU,WV,00169406013,VICTOZA 3-,2021,1,false,4323.000,416,457741.12
FFSU,WY,00169406012,VICTOZA 6M,2021,4,false,576.000,92,63103.17
FFSU,WY,00169406013,VICTOZA 6M,2021,4,false,1146.000,115,122179.51
FFSU,WY,00169406012,VICTOZA 6M,2021,3,false,564.000,94,61762.59
FFSU,WY,00169406013,VICTOZA 6M,2021,3,false,1038.000,99,111324.85
FFSU,WY,00169406012,VICTOZA 6M,2021,2,false,360.000,60,39427.90
FFSU,WY,00169406013,VICTOZA 6M,2021,2,false,1029.000,103,111304.81
FFSU,WY,00169406012,Victoza 6M,2021,1,false,411.000,68,44327.22
FFSU,WY,00169406013,Victoza 6M,2021,1,false,888.000,82,95364.12
MCOU,AZ,00169280015,SAXENDA   ,2021,4,false,4305.000,297,371958.66
MCOU,AZ,00169280015,SAXENDA   ,2021,3,false,4155.000,290,357538.10
MCOU,AZ,00169280015,SAXENDA   ,2021,2,false,2652.000,180,228066.16
MCOU,AZ,00169280015,SAXENDA   ,2021,1,false,1623.000,110,138853.38
FFSU,CA,00169280015,SAXENDA   ,2021,4,false,3783.000,252,336391.47
MCOU,CA,00169280015,SAXENDA   ,2021,4,false,25272.000,1716,2113170.86
MCOU,CA,00169280015,SAXENDA   ,2021,3,false,24207.000,1658,2034305.71
FFSU,CA,00169280015,SAXENDA   ,2021,3,false,4536.000,303,409905.50
MCOU,CA,00169280015,SAXENDA   ,2021,2,false,21474.000,1441,1811755.59
FFSU,CA,00169280015,SAXENDA   ,2021,2,false,4206.000,277,377829.20
MCOU,CA,00169280015,SAXENDA   ,2021,1,false,19515.000,1319,1612052.01
FFSU,CA,00169280015,SAXENDA   ,2021,1,false,4017.000,262,360421.39
MCOU,DC,00169280015,SAXENDA 18,2021,1,true,,,
MCOU,DE,00169280015,SAXENDA   ,2021,4,false,2403.000,181,5924.70
MCOU,DE,00169280015,SAXENDA   ,2021,3,false,2295.000,169,2260.60
MCOU,DE,00169280015,SAXENDA   ,2021,2,false,2112.000,153,2517.39
FFSU,DE,00169280015,SAXENDA   ,2021,2,true,,,
MCOU,DE,00169280015,SAXENDA   ,2021,1,false,1599.000,115,767.42
MCOU,FL,00169280015,SAXENDA   ,2021,4,false,465.000,31,40420.84
MCOU,FL,00169280015,SAXENDA   ,2021,3,false,420.000,28,36307.64
MCOU,FL,00169280015,SAXENDA   ,2021,2,false,255.000,17,22214.68
MCOU,FL,00169280015,SAXENDA   ,2021,1,true,,,
FFSU,GA,00169280015,SAXENDA   ,2021,4,true,,,
MCOU,HI,00169280015,SAXENDA 18,2021,4,true,,,
MCOU,HI,00169280015,SAXENDA 18,2021,3,true,,,
MCOU,HI,00169280015,SAXENDA 18,2021,2,true,,,
MCOU,IL,00169280015,SAXENDA   ,2021,4,true,,,
MCOU,IL,00169280015,SAXENDA   ,2021,3,true,,,
MCOU,IL,00169280015,SAXENDA   ,2021,2,true,,,
MCOU,IL,00169280015,SAXENDA   ,2021,1,true,,,
MCOU,KS,00169280015,SAXENDA   ,2021,4,false,8925.000,630,552936.38
MCOU,KS,00169280015,SAXENDA   ,2021,3,false,9078.000,651,792577.17
MCOU,KS,00169280015,SAXENDA   ,2021,2,false,7593.000,538,662817.85
MCOU,KS,00169280015,SAXENDA   ,2021,1,false,5967.000,421,514986.11
MCOU,KY,00169280015,SAXENDA   ,2021,4,true,,,
MCOU,KY,00169280015,SAXENDA   ,2021,3,false,375.000,25,35012.69
MCOU,KY,00169280015,SAXENDA   ,2021,2,true,,,
MCOU,KY,00169280015,SAXENDA   ,2021,1,true,,,
MCOU,MA,00169280015,SAXENDA 18,2021,4,true,,,
MCOU,MA,00169280015,SAXENDA 18,2021,2,true,,,
MCOU,MA,00169280015,SAXENDA 18,2021,1,true,,,
MCOU,MD,00169280015,SAXENDA 18,2021,4,false,282.000,20,24671.54
MCOU,MD,00169280015,SAXENDA 18,2021,3,false,432.000,30,37844.25
MCOU,MD,00169280015,SAXENDA 18,2021,2,false,267.000,19,23316.42
MCOU,MD,00169280015,SAXENDA 18,2021,1,false,210.000,14,18277.56
MCOU,MI,00169280015,SAXENDA   ,2021,4,false,201.000,17,17378.30
FFSU,MI,00169280015,SAXENDA   ,2021,4,true,,,
MCOU,MI,00169280015,SAXENDA   ,2021,3,false,84.000,13,7311.20
FFSU,MI,00169280015,SAXENDA   ,2021,3,false,180.000,12,13065.68
FFSU,MI,00169280015,SAXENDA   ,2021,2,true,,,
MCOU,MI,00169280015,SAXENDA   ,2021,2,true,,,
MCOU,MI,00169280015,SAXENDA   ,2021,1,true,,,
MCOU,MN,00169280015,SAXENDA   ,2021,4,false,798.000,58,70878.80
FFSU,MN,00169280015,SAXENDA   ,2021,4,false,180.000,12,15951.46
FFSU,MN,00169280015,SAXENDA   ,2021,3,true,,,
MCOU,MN,00169280015,SAXENDA   ,2021,3,true,,,
FFSU,MS,00169280015,SAXENDA 18,2021,4,true,,,
FFSU,XX,00169280015,SAXENDA   ,2021,4,false,27054.000,1833,2442186.53
MCOU,XX,00169280015,SAXENDA   ,2021,4,false,54357.000,3760,4214920.58
FFSU,XX,00169280015,SAXENDA   ,2021,3,false,24417.000,1650,2207533.90
MCOU,XX,00169280015,SAXENDA   ,2021,3,false,51342.000,3561,4198053.22
FFSU,XX,00169280015,SAXENDA   ,2021,2,false,17952.000,1242,1613830.59
MCOU,XX,00169280015,SAXENDA   ,2021,2,false,42951.000,2911,3488927.83
FFSU,XX,00169280015,SAXENDA   ,2021,1,false,13872.000,945,1243472.42
MCOU,XX,00169280015,SAXENDA   ,2021,1,false,35910.000,2442,2880841.22
MCOU,NC,00169280015,SAXENDA   ,2021,4,false,165.000,11,14368.68
FFSU,NC,00169280015,SAXENDA   ,2021,3,true,,,
MCOU,NC,00169280015,SAXENDA   ,2021,3,false,162.000,11,14103.97
FFSU,NC,00169280015,SAXENDA   ,2021,2,true,,,
FFSU,NC,00169280015,SAXENDA   ,2021,1,true,,,
MCOU,NE,00169280015,SAXENDA   ,2021,3,true,,,
MCOU,NE,00169280015,SAXENDA   ,2021,2,true,,,
MCOU,NE,00169280015,SAXENDA   ,2021,1,true,,,
MCOU,NH,00169280015,SAXENDA   ,2021,4,false,1584.000,117,132819.14
MCOU,NH,00169280015,SAXENDA   ,2021,3,false,1185.000,83,96734.27
MCOU,NH,00169280015,SAXENDA   ,2021,2,false,846.000,57,71904.65
MCOU,NH,00169280015,SAXENDA   ,2021,1,false,474.000,32,39968.87
MCOU,NJ,00169280015,SAXENDA   ,2021,4,true,,,
MCOU,NJ,00169280015,SAXENDA   ,2021,3,true,,,
MCOU,NJ,00169280015,SAXENDA   ,2021,2,true,,,
MCOU,NJ,00169280015,SAXENDA   ,2021,1,true,,,
FFSU,NM,00169280015,SAXENDA 18,2021,4,true,,,
FFSU,NM,00169280015,SAXENDA 18,2021,3,true,,,
FFSU,NM,00169280015,SAXENDA 18,2021,2,true,,,
FFSU,NM,00169280015,SAXENDA 18,2021,1,true,,,
FFSU,NV,00169280015,SAXENDA   ,2021,4,true,,,
FFSU,NV,00169280015,SAXENDA   ,2021,3,true,,,
MCOU,NV,00169280015,SAXENDA   ,2021,1,true,,,
MCOU,NY,00169280015,SAXENDA   ,2021,4,true,,,
MCOU,NY,00169280015,SAXENDA   ,2021,3,true,,,
MCOU,NY,00169280015,SAXENDA   ,2021,1,true,,,
MCOU,OH,00169280015,SAXENDA   ,2021,4,true,,,
MCOU,OR,00169280015,SAXENDA   ,2021,4,true,,,
MCOU,OR,00169280015,SAXENDA   ,2021,1,true,,,
MCOU,PA,00169280015,SAXENDA   ,2021,4,false,333.000,26,28965.76
MCOU,PA,00169280015,SAXENDA   ,2021,3,false,258.000,16,22536.29
MCOU,PA,00169280015,SAXENDA   ,2021,2,false,213.000,13,17596.12
MCOU,PA,00169280015,SAXENDA   ,2021,1,true,,,
MCOU,RI,00169280015,SAXENDA   ,2021,4,false,1380.000,99,120638.51
FFSU,RI,00169280015,SAXENDA   ,2021,4,true,,,
MCOU,RI,00169280015,SAXENDA   ,2021,3,false,1185.000,89,104878.96
MCOU,RI,00169280015,SAXENDA   ,2021,2,false,525.000,35,46503.14
MCOU,RI,00169280015,SAXENDA   ,2021,1,false,498.000,34,43920.82
MCOU,SC,00169280015,SAXENDA   ,2021,4,true,,,
MCOU,SC,00169280015,SAXENDA   ,2021,3,true,,,
MCOU,SC,00169280015,SAXENDA   ,2021,2,false,216.000,14,12061.04
MCOU,SC,00169280015,SAXENDA   ,2021,1,false,318.000,23,18909.80
FFSU,TN,00169280015,SAXENDA   ,2021,4,false,4227.000,303,367838.73
FFSU,TN,00169280015,SAXENDA   ,2021,3,false,2835.000,201,246711.92
FFSU,TN,00169280015,SAXENDA   ,2021,2,false,1614.000,118,140502.22
FFSU,TN,00169280015,SAXENDA   ,2021,1,false,363.000,28,31259.04
MCOU,TX,00169280015,SAXENDA 18,2021,4,true,,,
MCOU,VA,00169280015,SAXENDA   ,2021,4,false,7530.000,515,661433.77
FFSU,VA,00169280015,SAXENDA   ,2021,3,true,,,
MCOU,VA,00169280015,SAXENDA   ,2021,3,false,7128.000,474,624167.71
MCOU,VA,00169280015,SAXENDA   ,2021,2,false,6243.000,409,546431.55
FFSU,VA,00169280015,SAXENDA   ,2021,2,true,,,
MCOU,VA,00169280015,SAXENDA   ,2021,1,false,5130.000,336,448398.02
FFSU,VA,00169280015,SAXENDA   ,2021,1,true,,,
MCOU,WA,00169280015,SAXENDA   ,2021,4,true,,,
MCOU,WA,00169280015,SAXENDA   ,2021,3,true,,,
MCOU,WA,00169280015,SAXENDA   ,2021,2,true,,,
MCOU,WA,00169280015,SAXENDA   ,2021,1,true,,,
FFSU,WI,00169280015,SAXENDA   ,2021,4,false,18519.000,1240,1692558.91
FFSU,WI,00169280015,SAXENDA   ,2021,3,false,16677.000,1121,1521579.56
FFSU,WI,00169280015,SAXENDA   ,2021,2,false,11823.000,824,1072354.22
FFSU,WI,00169280015,SAXENDA   ,2021,1,false,9456.000,651,849444.08
FFSU,WV,00169280015,SAXENDA 18,2021,4,true,,,
FFSU,AK,00310651201,BYETTA    ,2021,4,true,,,
FFSU,AK,00310652401,BYETTA    ,2021,4,true,,,
FFSU,AK,00310651201,BYETTA    ,2021,3,true,,,
FFSU,AK,00310652401,BYETTA    ,2021,3,true,,,
FFSU,AK,00310651201,BYETTA    ,2021,2,true,,,
FFSU,AK,00310652401,BYETTA    ,2021,2,false,31.200,13,9846.17
FFSU,AK,00310651201,BYETTA    ,2021,1,true,,,
FFSU,AK,00310652401,BYETTA    ,2021,1,false,40.800,17,12753.69
FFSU,AL,00310651201,BYETTA 250,2021,4,true,,,
FFSU,AL,00310652401,BYETTA 250,2021,4,true,,,
FFSU,AL,00310651201,BYETTA 250,2021,3,true,,,
FFSU,AL,00310652401,BYETTA 250,2021,3,true,,,
FFSU,AL,00310651201,BYETTA 250,2021,2,false,15.600,13,9943.18
FFSU,AL,00310652401,BYETTA 250,2021,2,false,26.400,11,8368.74
FFSU,AL,00310651201,Byetta 250,2021,1,false,18.000,15,11421.88
FFSU,AL,00310652401,Byetta 250,2021,1,true,,,
MCOU,AR,00310651201,BYETTA    ,2021,4,true,,,
FFSU,AR,00310651201,BYETTA    ,2021,4,false,18.000,15,11354.71
MCOU,AR,00310652401,BYETTA    ,2021,4,true,,,
FFSU,AR,00310652401,BYETTA    ,2021,4,false,31.200,13,9835.03
MCOU,AR,00310651201,BYETTA    ,2021,3,true,,,
FFSU,AR,00310651201,BYETTA    ,2021,3,false,20.400,17,12820.21
MCOU,AR,00310652401,BYETTA    ,2021,3,true,,,
FFSU,AR,00310652401,BYETTA    ,2021,3,true,,,
MCOU,AR,00310651201,BYETTA    ,2021,2,true,,,
FFSU,AR,00310651201,BYETTA    ,2021,2,true,,,
FFSU,AR,00310652401,BYETTA    ,2021,2,true,,,
MCOU,AR,00310651201,BYETTA    ,2021,1,true,,,
FFSU,AR,00310651201,BYETTA    ,2021,1,true,,,
FFSU,AR,00310652401,BYETTA    ,2021,1,true,,,
MCOU,AZ,00310651201,BYETTA    ,2021,4,false,33.600,28,20870.84
MCOU,AZ,00310652401,BYETTA    ,2021,4,false,117.600,41,36775.92
FFSU,AZ,00310651201,BYETTA    ,2021,3,true,,,
MCOU,AZ,00310651201,BYETTA    ,2021,3,false,46.800,39,29234.08
MCOU,AZ,00310652401,BYETTA    ,2021,3,false,146.400,57,45716.09
MCOU,AZ,00310651201,BYETTA    ,2021,2,false,56.400,43,35075.25
MCOU,AZ,00310652401,BYETTA    ,2021,2,false,141.600,51,44318.92
MCOU,AZ,00310651201,BYETTA    ,2021,1,false,76.800,51,47973.58
MCOU,AZ,00310652401,BYETTA    ,2021,1,false,170.400,58,53444.91
FFSU,CA,00310651201,BYETTA 250,2021,4,false,44.400,35,27596.57
MCOU,CA,00310651201,BYETTA 250,2021,4,false,50.400,36,27193.49
FFSU,CA,00310652401,BYETTA 250,2021,4,false,96.000,40,31374.49
MCOU,CA,00310652401,BYETTA 250,2021,4,false,165.600,68,49025.22
MCOU,CA,00310651201,BYETTA 250,2021,3,false,46.800,36,27182.30
FFSU,CA,00310651201,BYETTA 250,2021,3,false,40.800,34,25831.34
FFSU,CA,00310652401,BYETTA 250,2021,3,false,136.800,57,44611.57
MCOU,CA,00310652401,BYETTA 250,2021,3,false,208.800,86,62867.33
FFSU,CA,00310651201,BYETTA 250,2021,2,false,48.000,38,30841.24
MCOU,CA,00310651201,BYETTA 250,2021,2,false,78.000,59,47196.90
MCOU,CA,00310652401,BYETTA 250,2021,2,false,225.600,94,67534.17
FFSU,CA,00310652401,BYETTA 250,2021,2,false,148.800,60,48505.97
FFSU,CA,00310651201,BYETTA 250,2021,1,false,43.200,34,27015.81
MCOU,CA,00310651201,BYETTA 250,2021,1,false,67.200,54,43483.22
MCOU,CA,00310652401,BYETTA 250,2021,1,false,243.000,101,74403.31
FFSU,CA,00310652401,BYETTA 250,2021,1,false,165.600,67,52712.47
FFSU,CO,00310651201,BYETTA    ,2021,4,false,108.000,64,67451.37
MCOU,CO,00310652401,BYETTA    ,2021,4,true,,,
FFSU,CO,00310652401,BYETTA    ,2021,4,false,412.800,122,129720.88
FFSU,CO,00310651201,BYETTA    ,2021,3,false,124.800,70,78263.49
FFSU,CO,00310652401,BYETTA    ,2021,3,false,415.200,120,130219.97
MCOU,CO,00310652401,BYETTA    ,2021,3,true,,,
MCOU,CO,00310651201,BYETTA    ,2021,2,true,,,
FFSU,CO,00310651201,BYETTA    ,2021,2,false,151.200,94,94933.85
FFSU,CO,00310652401,BYETTA    ,2021,2,false,573.600,148,171884.59
MCOU,CO,00310652401,BYETTA    ,2021,2,false,69.600,17,9113.92
FFSU,CO,00310651201,BYETTA    ,2021,1,false,171.600,104,105331.15
MCOU,CO,00310651201,BYETTA    ,2021,1,true,,,
MCOU,CO,00310652401,BYETTA    ,2021,1,false,67.200,14,6820.87
FFSU,CO,00310652401,BYETTA    ,2021,1,false,651.600,167,192968.23
FFSU,CT,00310651201,BYETTA 250,2021,4,true,,,
FFSU,CT,00310652401,BYETTA 250,2021,4,false,36.000,13,11337.13
FFSU,CT,00310651201,BYETTA 250,2021,3,true,,,
FFSU,CT,00310652401,BYETTA 250,2021,3,false,52.800,20,16598.68
FFSU,CT,00310651201,BYETTA 250,2021,2,true,,,
FFSU,CT,00310652401,BYETTA 250,2021,2,false,57.600,19,18068.55
FFSU,CT,00310651201,Byetta 250,2021,1,false,15.600,13,9719.69
FFSU,CT,00310652401,Byetta 250,2021,1,false,62.400,21,19466.08
MCOU,DC,00310651201,BYETTA 5 M,2021,4,false,332.200,28,21378.18
MCOU,DC,00310652401,BYETTA 10 ,2021,4,true,,,
MCOU,DC,00310651201,BYETTA 5 M,2021,3,false,45.400,36,27307.59
MCOU,DC,00310652401,BYETTA 10 ,2021,3,true,,,
MCOU,DC,00310651201,BYETTA 5 M,2021,2,false,56.400,35,26755.05
MCOU,DC,00310652401,BYETTA 10 ,2021,2,false,28.200,11,8418.87
MCOU,DC,00310651201,BYETTA 5 M,2021,1,false,39.200,28,21536.95
MCOU,DC,00310652401,BYETTA 10 ,2021,1,true,,,
MCOU,DE,00310651201,BYETTA 250,2021,4,true,,,
MCOU,DE,00310651201,BYETTA 250,2021,3,true,,,
MCOU,DE,00310651201,BYETTA 250,2021,2,true,,,
MCOU,DE,00310651201,Byetta 250,2021,1,true,,,
FFSU,FL,00310651201,BYETTA    ,2021,4,false,27.600,23,17414.59
MCOU,FL,00310651201,BYETTA    ,2021,4,false,380.400,311,237985.48
MCOU,FL,00310652401,BYETTA    ,2021,4,false,820.800,340,256637.64
FFSU,FL,00310652401,BYETTA    ,2021,4,true,,,
FFSU,FL,00310651201,BYETTA    ,2021,3,false,37.200,31,23438.23
MCOU,FL,00310651201,BYETTA    ,2021,3,false,523.600,418,324256.92
FFSU,FL,00310652401,BYETTA    ,2021,3,false,28.800,12,9071.16
MCOU,FL,00310652401,BYETTA    ,2021,3,false,888.000,365,275413.25
FFSU,FL,00310651201,BYETTA    ,2021,2,false,40.800,34,25733.58
MCOU,FL,00310651201,BYETTA    ,2021,2,false,560.400,444,347699.84
FFSU,FL,00310652401,BYETTA    ,2021,2,false,31.200,13,9827.09
MCOU,FL,00310652401,BYETTA    ,2021,2,false,842.400,347,261684.10
FFSU,FL,00310651201,BYETTA    ,2021,1,false,37.200,31,23311.47
MCOU,FL,00310651201,BYETTA    ,2021,1,false,571.200,459,353043.11
MCOU,FL,00310652401,BYETTA    ,2021,1,false,972.000,397,301119.58
FFSU,FL,00310652401,BYETTA    ,2021,1,true,,,
FFSU,GA,00310651201,BYETTA    ,2021,4,false,110.400,92,69698.94
MCOU,GA,00310651201,BYETTA    ,2021,4,true,,,
FFSU,GA,00310652401,BYETTA    ,2021,4,false,28.800,12,9092.40
FFSU,GA,00310651201,BYETTA    ,2021,3,false,76.800,64,48463.98
MCOU,GA,00310651201,BYETTA    ,2021,3,true,,,
FFSU,GA,00310652401,BYETTA    ,2021,3,true,,,
FFSU,GA,00310651201,BYETTA    ,2021,2,false,34.800,27,21939.28
MCOU,GA,00310652401,BYETTA    ,2021,2,true,,,
FFSU,GA,00310652401,BYETTA    ,2021,2,true,,,
MCOU,GA,00310651201,BYETTA    ,2021,1,true,,,
FFSU,GA,00310651201,BYETTA    ,2021,1,true,,,
FFSU,GA,00310652401,BYETTA    ,2021,1,true,,,
MCOU,GA,00310652401,BYETTA    ,2021,1,true,,,
MCOU,IA,00310651201,BYETTA 250,2021,4,false,30.000,22,18715.01
MCOU,IA,00310652401,BYETTA 250,2021,4,false,88.800,33,27732.15
MCOU,IA,00310651201,BYETTA 250,2021,3,false,27.600,20,17217.81
MCOU,IA,00310652401,BYETTA 250,2021,3,false,124.800,46,38938.68
MCOU,IA,00310651201,BYETTA 250,2021,2,false,42.000,30,26420.84
MCOU,IA,00310652401,BYETTA 250,2021,2,false,129.600,46,40376.14
MCOU,IA,00310651201,Byetta 250,2021,1,false,33.600,25,21025.41
MCOU,IA,00310652401,Byetta 250,2021,1,false,115.200,42,35735.07
FFSU,ID,00310652401,BYETTA    ,2021,4,true,,,
FFSU,ID,00310651201,BYETTA    ,2021,3,true,,,
FFSU,ID,00310652401,BYETTA    ,2021,3,false,38.400,16,12155.60
FFSU,ID,00310651201,BYETTA    ,2021,2,true,,,
FFSU,ID,00310652401,BYETTA    ,2021,2,false,40.800,17,12920.05
FFSU,ID,00310651201,BYETTA    ,2021,1,true,,,
FFSU,ID,00310652401,BYETTA    ,2021,1,false,62.400,24,19578.11
FFSU,IL,00310651201,BYETTA 250,2021,4,true,,,
MCOU,IL,00310651201,BYETTA 250,2021,4,false,332.400,241,263471.39
FFSU,IL,00310652401,BYETTA 250,2021,4,true,,,
MCOU,IL,00310652401,BYETTA 250,2021,4,false,1120.800,372,420819.71
FFSU,IL,00310651201,BYETTA 250,2021,3,true,,,
MCOU,IL,00310651201,BYETTA 250,2021,3,false,649.200,477,527380.56
MCOU,IL,00310652401,BYETTA 250,2021,3,false,1644.000,581,642541.92
FFSU,IL,00310652401,BYETTA 250,2021,3,true,,,
FFSU,IL,00310651201,BYETTA 250,2021,2,false,15.600,13,9779.70
MCOU,IL,00310651201,BYETTA 250,2021,2,false,610.800,439,458626.85
MCOU,IL,00310652401,BYETTA 250,2021,2,false,1567.200,549,599485.61
FFSU,IL,00310652401,BYETTA 250,2021,2,true,,,
FFSU,IL,00310651201,Byetta 250,2021,1,false,19.200,12,11944.66
MCOU,IL,00310651201,Byetta 250,2021,1,false,636.000,453,507009.83
FFSU,IL,00310652401,Byetta 250,2021,1,true,,,
MCOU,IL,00310652401,Byetta 250,2021,1,false,1704.000,573,649374.05
MCOU,IN,00310651201,BYETTA 250,2021,4,false,20.400,17,12814.23
FFSU,IN,00310651201,BYETTA 250,2021,4,false,16.800,13,10572.80
FFSU,IN,00310652401,BYETTA 250,2021,4,true,,,
MCOU,IN,00310652401,BYETTA 250,2021,4,false,38.400,16,11870.45
MCOU,IN,00310651201,BYETTA 250,2021,3,true,,,
FFSU,IN,00310651201,BYETTA 250,2021,3,true,,,
FFSU,IN,00310652401,BYETTA 250,2021,3,true,,,
MCOU,IN,00310652401,BYETTA 250,2021,3,false,33.600,14,10421.52
MCOU,IN,00310651201,BYETTA 250,2021,2,true,,,
FFSU,IN,00310651201,BYETTA 250,2021,2,true,,,
MCOU,IN,00310652401,BYETTA 250,2021,2,false,33.600,14,10430.95
FFSU,IN,00310652401,BYETTA 250,2021,2,true,,,
FFSU,IN,00310651201,Byetta 250,2021,1,true,,,
MCOU,IN,00310651201,Byetta 250,2021,1,false,18.000,12,9665.14
FFSU,IN,00310652401,Byetta 250,2021,1,true,,,
MCOU,IN,00310652401,Byetta 250,2021,1,false,31.200,13,9726.16
MCOU,KS,00310651201,BYETTA 250,2021,4,true,,,
MCOU,KS,00310652401,BYETTA 250,2021,4,true,,,
MCOU,KS,00310651201,BYETTA 250,2021,3,true,,,
MCOU,KS,00310652401,BYETTA 250,2021,3,true,,,
MCOU,KS,00310651201,BYETTA 250,2021,2,true,,,
MCOU,KS,00310652401,BYETTA 250,2021,2,true,,,
MCOU,KS,00310651201,Byetta 250,2021,1,true,,,
MCOU,KS,00310652401,Byetta 250,2021,1,true,,,
MCOU,KY,00310651201,BYETTA    ,2021,4,true,,,
FFSU,KY,00310651201,BYETTA    ,2021,4,true,,,
FFSU,KY,00310652401,BYETTA    ,2021,4,true,,,
MCOU,KY,00310652401,BYETTA    ,2021,4,false,96.000,40,29889.70
MCOU,KY,00310651201,BYETTA    ,2021,3,false,69.600,39,29665.68
FFSU,KY,00310651201,BYETTA    ,2021,3,true,,,
MCOU,KY,00310652401,BYETTA    ,2021,3,false,81.600,34,25353.46
FFSU,KY,00310652401,BYETTA    ,2021,3,false,26.400,11,8319.63
FFSU,KY,00310651201,BYETTA    ,2021,2,true,,,
MCOU,KY,00310651201,BYETTA    ,2021,2,false,31.200,26,19718.54
FFSU,KY,00310652401,BYETTA    ,2021,2,false,26.400,11,8308.99
MCOU,KY,00310652401,BYETTA    ,2021,2,false,74.400,31,23523.92
MCOU,KY,00310651201,BYETTA    ,2021,1,false,24.000,18,13058.92
FFSU,KY,00310651201,BYETTA    ,2021,1,true,,,
FFSU,KY,00310652401,BYETTA    ,2021,1,true,,,
MCOU,KY,00310652401,BYETTA    ,2021,1,false,64.800,27,20555.77
MCOU,LA,00310651201,BYETTA    ,2021,4,false,33.600,26,21447.84
FFSU,LA,00310651201,BYETTA    ,2021,4,true,,,
MCOU,LA,00310652401,BYETTA    ,2021,4,false,88.000,35,28424.16
MCOU,LA,00310651201,BYETTA    ,2021,3,false,28.800,24,18329.41
FFSU,LA,00310651201,BYETTA    ,2021,3,true,,,
MCOU,LA,00310652401,BYETTA    ,2021,3,false,69.600,29,22256.78
MCOU,LA,00310651201,BYETTA    ,2021,2,false,39.600,33,25199.94
FFSU,LA,00310651201,BYETTA    ,2021,2,true,,,
MCOU,LA,00310652401,BYETTA    ,2021,2,false,91.200,34,29047.28
MCOU,LA,00310651201,BYETTA    ,2021,1,false,31.200,26,19768.17
FFSU,LA,00310651201,BYETTA    ,2021,1,true,,,
MCOU,LA,00310652401,BYETTA    ,2021,1,false,60.000,22,19086.11
FFSU,MA,00310651201,BYETTA 5 M,2021,4,false,28.800,17,17883.68
MCOU,MA,00310651201,BYETTA 5 M,2021,4,true,,,
MCOU,MA,00310652401,BYETTA 10 ,2021,4,false,36.000,13,11399.24
FFSU,MA,00310652401,BYETTA 10 ,2021,4,false,69.600,25,21921.06
MCOU,MA,00310651201,BYETTA 5 M,2021,3,true,,,
FFSU,MA,00310651201,BYETTA 5 M,2021,3,false,24.000,18,15036.28
FFSU,MA,00310652401,BYETTA 10 ,2021,3,false,79.200,30,24908.37
MCOU,MA,00310652401,BYETTA 10 ,2021,3,false,31.200,11,9926.74
FFSU,MA,00310651201,BYETTA 5 M,2021,2,false,34.800,21,21778.07
MCOU,MA,00310651201,BYETTA 5 M,2021,2,true,,,
MCOU,MA,00310652401,BYETTA 10 ,2021,2,false,55.200,17,17412.97
FFSU,MA,00310652401,BYETTA 10 ,2021,2,false,93.600,35,29432.61
FFSU,MA,00310651201,BYETTA 5 M,2021,1,false,25.200,15,15627.54
MCOU,MA,00310651201,BYETTA 5 M,2021,1,false,13.200,11,8568.87
FFSU,MA,00310652401,BYETTA 10 ,2021,1,false,100.800,31,31377.41
MCOU,MA,00310652401,BYETTA 10 ,2021,1,false,36.000,13,11349.42
MCOU,MD,00310652401,BYETTA 10 ,2021,4,true,,,
FFSU,MD,00310652401,BYETTA 10 ,2021,4,true,,,
MCOU,MD,00310652401,BYETTA 10 ,2021,3,true,,,
FFSU,MD,00310652401,BYETTA 10 ,2021,3,true,,,
MCOU,MD,00310652401,BYETTA 10 ,2021,2,true,,,
MCOU,MD,00310651201,BYETTA 5 M,2021,1,true,,,
FFSU,MD,00310652401,BYETTA 10 ,2021,1,true,,,
MCOU,MD,00310652401,BYETTA 10 ,2021,1,true,,,
FFSU,ME,00310651201,BYETTA    ,2021,4,true,,,
FFSU,ME,00310652401,BYETTA    ,2021,4,true,,,
FFSU,ME,00310651201,BYETTA    ,2021,3,false,13.200,11,8343.72
FFSU,ME,00310652401,BYETTA    ,2021,3,false,31.200,13,9848.54
FFSU,ME,00310651201,BYETTA    ,2021,2,false,16.800,14,10619.28
FFSU,ME,00310652401,BYETTA    ,2021,2,false,31.200,13,9848.54
FFSU,ME,00310651201,BYETTA    ,2021,1,true,,,
FFSU,ME,00310652401,BYETTA    ,2021,1,false,26.400,11,8257.72
MCOU,MI,00310651201,BYETTA    ,2021,4,false,111.600,77,70274.19
FFSU,MI,00310651201,BYETTA    ,2021,4,true,,,
FFSU,MI,00310652401,BYETTA    ,2021,4,true,,,
MCOU,MI,00310652401,BYETTA    ,2021,4,false,184.800,70,58010.76
FFSU,MI,00310651201,BYETTA    ,2021,3,true,,,
MCOU,MI,00310651201,BYETTA    ,2021,3,false,129.600,101,81032.23
FFSU,MI,00310652401,BYETTA    ,2021,3,true,,,
MCOU,MI,00310652401,BYETTA    ,2021,3,false,189.600,72,59575.84
FFSU,MI,00310651201,BYETTA    ,2021,2,true,,,
MCOU,MI,00310651201,BYETTA    ,2021,2,false,158.412,120,99680.87
FFSU,MI,00310652401,BYETTA    ,2021,2,true,,,
MCOU,MI,00310652401,BYETTA    ,2021,2,false,206.400,82,64909.56
FFSU,MI,00310651201,BYETTA    ,2021,1,true,,,
MCOU,MI,00310651201,BYETTA    ,2021,1,false,87.600,66,54979.12
FFSU,MI,00310652401,BYETTA    ,2021,1,true,,,
MCOU,MI,00310652401,BYETTA    ,2021,1,false,151.200,61,45839.90
MCOU,MN,00310651201,BYETTA    ,2021,4,false,66.000,47,42276.01
FFSU,MN,00310651201,BYETTA    ,2021,4,false,26.400,22,16032.06
MCOU,MN,00310652401,BYETTA    ,2021,4,false,184.800,57,59658.89
FFSU,MN,00310652401,BYETTA    ,2021,4,false,57.600,24,17069.84
MCOU,MN,00310651201,BYETTA    ,2021,3,false,99.600,67,63564.70
FFSU,MN,00310651201,BYETTA    ,2021,3,false,31.200,22,18905.04
FFSU,MN,00310652401,BYETTA    ,2021,3,false,86.400,34,26212.97
MCOU,MN,00310652401,BYETTA    ,2021,3,false,182.400,66,59490.76
FFSU,MN,00310651201,BYETTA    ,2021,2,false,27.600,19,16288.85
MCOU,MN,00310651201,BYETTA    ,2021,2,false,122.400,82,79470.68
MCOU,MN,00310652401,BYETTA    ,2021,2,false,175.200,63,56953.60
FFSU,MN,00310652401,BYETTA    ,2021,2,false,72.000,26,21819.70
MCOU,MN,00310651201,BYETTA    ,2021,1,false,44.400,33,28860.53
FFSU,MN,00310651201,BYETTA    ,2021,1,false,31.200,22,18655.31
FFSU,MN,00310652401,BYETTA    ,2021,1,false,103.200,37,31022.39
MCOU,MN,00310652401,BYETTA    ,2021,1,false,134.400,46,44034.03
FFSU,MO,00310651201,BYETTA    ,2021,4,false,200.400,165,126785.19
FFSU,MO,00310652401,BYETTA    ,2021,4,false,242.400,101,75244.67
FFSU,MO,00310651201,BYETTA    ,2021,3,false,201.600,167,126978.28
FFSU,MO,00310652401,BYETTA    ,2021,3,false,254.400,106,80404.73
FFSU,MO,00310651201,BYETTA    ,2021,2,false,135.600,112,85900.44
FFSU,MO,00310652401,BYETTA    ,2021,2,false,168.000,70,53157.12
FFSU,MO,00310651201,BYETTA    ,2021,1,false,62.400,52,39089.88
FFSU,MO,00310652401,BYETTA    ,2021,1,false,139.200,58,43446.39
FFSU,MS,00310651201,BYETTA 5 M,2021,4,false,14.400,12,9099.74
MCOU,MS,00310651201,BYETTA 5 M,2021,4,false,69.600,58,43969.70
FFSU,MS,00310652401,BYETTA 10 ,2021,4,true,,,
MCOU,MS,00310652401,BYETTA 10 ,2021,4,false,50.400,21,15911.07
FFSU,MS,00310651201,BYETTA 5 M,2021,3,false,16.800,14,10610.88
MCOU,MS,00310651201,BYETTA 5 M,2021,3,false,67.200,56,42443.52
FFSU,MS,00310652401,BYETTA 10 ,2021,3,true,,,
MCOU,MS,00310652401,BYETTA 10 ,2021,3,false,38.400,16,12111.68
MCOU,MS,00310651201,BYETTA 5 M,2021,2,false,57.600,48,36380.16
FFSU,MS,00310651201,BYETTA 5 M,2021,2,false,15.600,13,9852.96
MCOU,MS,00310652401,BYETTA 10 ,2021,2,false,31.200,13,9840.74
FFSU,MS,00310652401,BYETTA 10 ,2021,2,true,,,
MCOU,MS,00310651201,BYETTA 5 M,2021,1,false,34.800,29,21979.68
FFSU,MS,00310651201,BYETTA 5 M,2021,1,true,,,
MCOU,MS,00310652401,BYETTA 10 ,2021,1,true,,,
FFSU,MT,00310651201,BYETTA 5 M,2021,4,false,18.000,15,11571.09
FFSU,MT,00310652401,BYETTA 10 ,2021,4,false,96.000,32,30278.29
FFSU,MT,00310651201,BYETTA 5 M,2021,3,false,18.000,15,11578.44
FFSU,MT,00310652401,BYETTA 10 ,2021,3,false,117.600,43,37151.12
FFSU,MT,00310651201,BYETTA 5 M,2021,2,false,20.400,17,13094.36
FFSU,MT,00310652401,BYETTA 10 ,2021,2,false,136.800,43,42983.95
FFSU,MT,00310651201,BYETTA 5 M,2021,1,false,21.600,18,13772.50
FFSU,MT,00310652401,BYETTA 10 ,2021,1,false,115.200,42,36215.67
FFSU,XX,00310651201,Byetta 250,2021,4,false,798.000,611,503746.47
MCOU,XX,00310651201,Byetta 250,2021,4,false,2093.400,1391,1169076.46
FFSU,XX,00310652401,Byetta 250,2021,4,false,1749.600,646,548864.85
MCOU,XX,00310652401,Byetta 250,2021,4,false,4322.000,1614,1412629.67
FFSU,XX,00310651201,Byetta 250,2021,3,false,866.400,656,545167.97
MCOU,XX,00310651201,Byetta 250,2021,3,false,2545.800,1946,1684936.19
FFSU,XX,00310652401,Byetta 250,2021,3,false,1965.600,730,620328.46
MCOU,XX,00310652401,Byetta 250,2021,3,false,5127.800,1932,1721912.17
FFSU,XX,00310651201,Byetta 250,2021,2,false,885.600,640,556082.65
MCOU,XX,00310651201,Byetta 250,2021,2,false,2487.612,1879,1613109.38
FFSU,XX,00310652401,Byetta 250,2021,2,false,2133.600,741,662387.61
MCOU,XX,00310652401,Byetta 250,2021,2,false,4889.600,1837,1617655.60
FFSU,XX,00310651201,Byetta 250,2021,1,false,782.400,549,484901.60
MCOU,XX,00310651201,Byetta 250,2021,1,false,2132.400,1611,1430124.93
FFSU,XX,00310652401,Byetta 250,2021,1,false,2401.200,814,735929.32
MCOU,XX,00310652401,Byetta 250,2021,1,false,4945.200,1834,1637177.98
MCOU,NC,00310651201,BYETTA    ,2021,4,false,69.600,52,43767.80
FFSU,NC,00310651201,BYETTA    ,2021,4,true,,,
MCOU,NC,00310652401,BYETTA    ,2021,4,false,136.800,51,43014.08
FFSU,NC,00310652401,BYETTA    ,2021,4,false,86.400,34,26930.25
FFSU,NC,00310651201,BYETTA    ,2021,3,false,46.800,31,26199.59
MCOU,NC,00310651201,BYETTA    ,2021,3,false,82.800,66,52055.47
MCOU,NC,00310652401,BYETTA    ,2021,3,false,160.800,55,50406.73
FFSU,NC,00310652401,BYETTA    ,2021,3,false,122.400,47,38073.75
FFSU,NC,00310651201,BYETTA    ,2021,2,false,93.600,70,56097.70
FFSU,NC,00310652401,BYETTA    ,2021,2,false,240.000,94,74670.16
FFSU,NC,00310651201,BYETTA    ,2021,1,false,105.600,77,65289.95
FFSU,NC,00310652401,BYETTA    ,2021,1,false,352.800,126,107950.42
FFSU,ND,00310652401,BYETTA 10 ,2021,4,true,,,
FFSU,ND,00310652401,BYETTA 10 ,2021,3,true,,,
FFSU,ND,00310652401,BYETTA 10 ,2021,2,true,,,
FFSU,ND,00310652401,BYETTA 10 ,2021,1,true,,,
MCOU,NE,00310651201,BYETTA 250,2021,4,false,14.000,12,9317.58
MCOU,NE,00310652401,BYETTA 250,2021,4,false,22.000,11,8474.52
MCOU,NE,00310651201,BYETTA 250,2021,3,false,22.000,22,13945.68
MCOU,NE,00310652401,BYETTA 250,2021,3,false,47.000,21,17609.50
MCOU,NE,00310651201,BYETTA 250,2021,2,false,24.000,24,16632.35
MCOU,NE,00310652401,BYETTA 250,2021,2,false,47.000,21,17538.28
MCOU,NE,00310651201,Byetta 250,2021,1,true,,,
MCOU,NE,00310652401,Byetta 250,2021,1,true,,,
MCOU,NH,00310651201,BYETTA    ,2021,4,true,,,
MCOU,NH,00310652401,BYETTA    ,2021,4,false,31.200,11,9704.45
MCOU,NH,00310651201,BYETTA    ,2021,3,false,14.400,12,9187.15
MCOU,NH,00310652401,BYETTA    ,2021,3,true,,,
MCOU,NH,00310651201,BYETTA    ,2021,2,true,,,
MCOU,NH,00310652401,BYETTA    ,2021,2,true,,,
MCOU,NH,00310651201,BYETTA    ,2021,1,true,,,
FFSU,NH,00310652401,BYETTA    ,2021,1,true,,,
MCOU,NH,00310652401,BYETTA    ,2021,1,true,,,
MCOU,NJ,00310652401,BYETTA 250,2021,4,true,,,
MCOU,NJ,00310652401,BYETTA 250,2021,3,true,,,
MCOU,NJ,00310652401,BYETTA 250,2021,2,true,,,
MCOU,NJ,00310652401,Byetta 250,2021,1,true,,,
MCOU,NM,00310651201,BYETTA 5 M,2021,4,true,,,
MCOU,NM,00310652401,BYETTA 10 ,2021,4,true,,,
MCOU,NM,00310651201,BYETTA 5 M,2021,3,true,,,
MCOU,NM,00310652401,BYETTA 10 ,2021,3,true,,,
MCOU,NM,00310651201,BYETTA 5 M,2021,2,true,,,
MCOU,NM,00310652401,BYETTA 10 ,2021,2,true,,,
MCOU,NM,00310651201,BYETTA 5 M,2021,1,true,,,
MCOU,NM,00310652401,BYETTA 10 ,2021,1,true,,,
FFSU,NV,00310651201,BYETTA 250,2021,4,true,,,
FFSU,NV,00310651201,BYETTA 250,2021,3,true,,,
FFSU,NV,00310651201,BYETTA 250,2021,2,true,,,
FFSU,NV,00310652401,BYETTA 250,2021,2,true,,,
FFSU,NV,00310651201,Byetta 250,2021,1,true,,,
FFSU,NV,00310652401,Byetta 250,2021,1,true,,,
MCOU,NY,00310651201,BYETTA    ,2021,4,false,14.400,12,9124.74
MCOU,NY,00310652401,BYETTA    ,2021,4,false,60.000,25,18777.69
FFSU,NY,00310652401,BYETTA    ,2021,4,false,26.400,11,8327.96
MCOU,NY,00310651201,BYETTA    ,2021,3,true,,,
FFSU,NY,00310651201,BYETTA    ,2021,3,true,,,
FFSU,NY,00310652401,BYETTA    ,2021,3,false,26.400,11,8271.59
MCOU,NY,00310652401,BYETTA    ,2021,3,false,50.400,21,15730.96
MCOU,NY,00310651201,BYETTA    ,2021,2,true,,,
FFSU,NY,00310652401,BYETTA    ,2021,2,false,40.800,17,12848.09
MCOU,NY,00310652401,BYETTA    ,2021,2,false,43.200,18,13621.08
MCOU,NY,00310651201,BYETTA    ,2021,1,false,18.000,15,11342.71
FFSU,NY,00310652401,BYETTA    ,2021,1,false,57.600,22,17852.84
MCOU,NY,00310652401,BYETTA    ,2021,1,false,67.200,28,21064.08
FFSU,OH,00310651201,BYETTA 250,2021,4,true,,,
MCOU,OH,00310651201,BYETTA 250,2021,4,true,,,
FFSU,OH,00310652401,BYETTA 250,2021,4,true,,,
MCOU,OH,00310652401,BYETTA 250,2021,4,false,48.000,18,15208.60
MCOU,OH,00310651201,BYETTA 250,2021,3,true,,,
FFSU,OH,00310651201,BYETTA 250,2021,3,true,,,
FFSU,OH,00310652401,BYETTA 250,2021,3,true,,,
MCOU,OH,00310652401,BYETTA 250,2021,3,false,55.200,23,17419.96
FFSU,OH,00310651201,BYETTA 250,2021,2,true,,,
MCOU,OH,00310651201,BYETTA 250,2021,2,true,,,
FFSU,OH,00310652401,BYETTA 250,2021,2,true,,,
MCOU,OH,00310652401,BYETTA 250,2021,2,false,74.400,29,23540.46
MCOU,OH,00310651201,Byetta 250,2021,1,false,26.400,22,16882.63
FFSU,OH,00310651201,Byetta 250,2021,1,true,,,
MCOU,OH,00310652401,Byetta 250,2021,1,false,64.800,25,20554.66
FFSU,OH,00310652401,Byetta 250,2021,1,true,,,
FFSU,OK,00310651201,BYETTA 250,2021,4,true,,,
FFSU,OK,00310652401,BYETTA 250,2021,4,false,28.800,12,9068.83
FFSU,OK,00310651201,BYETTA 250,2021,3,true,,,
FFSU,OK,00310652401,BYETTA 250,2021,3,true,,,
FFSU,OK,00310651201,BYETTA 250,2021,2,true,,,
FFSU,OK,00310652401,BYETTA 250,2021,2,true,,,
FFSU,OK,00310651201,Byetta 250,2021,1,true,,,
FFSU,OK,00310652401,Byetta 250,2021,1,true,,,
FFSU,OR,00310651201,BYETTA 250,2021,4,true,,,
MCOU,OR,00310651201,BYETTA 250,2021,4,false,9.600,11,8167.64
MCOU,OR,00310652401,BYETTA 250,2021,4,true,,,
MCOU,OR,00310651201,BYETTA 250,2021,3,false,25.200,21,15862.10
FFSU,OR,00310651201,BYETTA 250,2021,3,true,,,
MCOU,OR,00310652401,BYETTA 250,2021,3,false,31.200,13,9884.57
MCOU,OR,00310651201,BYETTA 250,2021,2,false,32.400,27,20373.18
FFSU,OR,00310651201,BYETTA 250,2021,2,true,,,
MCOU,OR,00310652401,BYETTA 250,2021,2,false,33.600,14,10716.69
MCOU,OR,00310651201,Byetta 250,2021,1,false,28.800,24,18108.72
MCOU,OR,00310652401,Byetta 250,2021,1,false,57.600,24,18366.94
MCOU,PA,00310651201,BYETTA 250,2021,4,true,,,
MCOU,PA,00310652401,BYETTA 250,2021,4,false,33.600,14,10695.86
MCOU,PA,00310651201,BYETTA 250,2021,3,true,,,
MCOU,PA,00310652401,BYETTA 250,2021,3,false,33.600,14,10649.48
MCOU,PA,00310651201,BYETTA 250,2021,2,true,,,
MCOU,PA,00310652401,BYETTA 250,2021,2,false,38.400,16,12184.75
MCOU,PA,00310651201,Byetta 250,2021,1,true,,,
MCOU,PA,00310652401,Byetta 250,2021,1,false,60.000,23,18915.93
MCOU,RI,00310651201,BYETTA 250,2021,4,true,,,
MCOU,RI,00310652401,BYETTA 250,2021,4,true,,,
MCOU,RI,00310651201,BYETTA 250,2021,3,true,,,
MCOU,RI,00310652401,BYETTA 250,2021,3,true,,,
MCOU,RI,00310652401,BYETTA 250,2021,2,true,,,
MCOU,RI,00310651201,Byetta 250,2021,1,true,,,
MCOU,RI,00310652401,Byetta 250,2021,1,true,,,
MCOU,SC,00310651201,BYETTA    ,2021,4,true,,,
MCOU,SC,00310652401,BYETTA    ,2021,4,true,,,
MCOU,SC,00310651201,BYETTA    ,2021,3,true,,,
FFSU,SC,00310651201,BYETTA    ,2021,3,true,,,
MCOU,SC,00310652401,BYETTA    ,2021,3,true,,,
FFSU,SC,00310651201,BYETTA    ,2021,2,true,,,
MCOU,SC,00310652401,BYETTA    ,2021,2,true,,,
FFSU,SC,00310651201,BYETTA    ,2021,1,true,,,
MCOU,SC,00310651201,BYETTA    ,2021,1,true,,,
MCOU,SC,00310652401,BYETTA    ,2021,1,true,,,
FFSU,SD,00310652401,BYETTA 250,2021,4,true,,,
FFSU,SD,00310652401,BYETTA 250,2021,3,true,,,
FFSU,SD,00310652401,BYETTA 250,2021,2,true,,,
FFSU,SD,00310652401,Byetta 250,2021,1,true,,,
FFSU,TN,00310651201,BYETTA 250,2021,4,false,48.000,40,30099.74
FFSU,TN,00310652401,BYETTA 250,2021,4,false,156.000,65,49042.31
FFSU,TN,00310651201,BYETTA 250,2021,3,false,48.000,40,30253.71
FFSU,TN,00310652401,BYETTA 250,2021,3,false,144.000,60,45168.13
FFSU,TN,00310651201,BYETTA 250,2021,2,false,37.200,31,23459.15
FFSU,TN,00310652401,BYETTA 250,2021,2,false,108.000,45,33934.12
FFSU,TN,00310651201,Byetta 250,2021,1,false,33.600,28,20966.90
FFSU,TN,00310652401,Byetta 250,2021,1,false,141.600,59,44133.00
MCOU,TX,00310651201,BYETTA 5 M,2021,4,false,82.800,65,51693.16
MCOU,TX,00310652401,BYETTA 10 ,2021,4,false,208.800,83,64943.64
MCOU,TX,00310651201,BYETTA 5 M,2021,3,false,123.600,95,77007.56
MCOU,TX,00310652401,BYETTA 10 ,2021,3,false,240.000,98,74738.85
MCOU,TX,00310651201,BYETTA 5 M,2021,2,false,88.800,70,55251.20
MCOU,TX,00310652401,BYETTA 10 ,2021,2,false,196.800,76,61385.74
MCOU,TX,00310651201,BYETTA 5 M,2021,1,false,64.800,47,40456.07
FFSU,TX,00310651201,BYETTA 5 M,2021,1,true,,,
MCOU,TX,00310652401,BYETTA 10 ,2021,1,false,211.200,84,66158.04
MCOU,UT,00310651201,BYETTA 250,2021,2,true,,,
MCOU,VA,00310651201,BYETTA    ,2021,4,false,124.800,90,78636.39
MCOU,VA,00310652401,BYETTA    ,2021,4,false,211.200,76,66440.35
FFSU,VA,00310651201,BYETTA    ,2021,3,true,,,
MCOU,VA,00310651201,BYETTA    ,2021,3,false,190.800,137,120534.29
MCOU,VA,00310652401,BYETTA    ,2021,3,false,283.200,90,89241.20
MCOU,VA,00310651201,BYETTA    ,2021,2,false,231.600,168,146351.72
MCOU,VA,00310652401,BYETTA    ,2021,2,false,259.200,95,82206.39
MCOU,VA,00310651201,BYETTA    ,2021,1,false,138.000,96,86549.15
MCOU,VA,00310652401,BYETTA    ,2021,1,false,170.400,63,54059.95
FFSU,VT,00310652401,BYETTA 250,2021,4,true,,,
FFSU,VT,00310651201,BYETTA 250,2021,3,true,,,
FFSU,VT,00310652401,BYETTA 250,2021,3,false,33.600,12,10537.22
FFSU,VT,00310652401,BYETTA 250,2021,2,true,,,
FFSU,VT,00310652401,Byetta 250,2021,1,true,,,
FFSU,WA,00310651201,BYETTA 250,2021,4,true,,,
MCOU,WA,00310651201,BYETTA 250,2021,4,false,254.400,209,148986.19
FFSU,WA,00310652401,BYETTA 250,2021,4,true,,,
MCOU,WA,00310652401,BYETTA 250,2021,4,false,451.200,172,131719.63
MCOU,WA,00310651201,BYETTA 250,2021,3,false,271.200,217,158730.27
FFSU,WA,00310651201,BYETTA 250,2021,3,true,,,
MCOU,WA,00310652401,BYETTA 250,2021,3,false,448.800,166,130853.86
FFSU,WA,00310652401,BYETTA 250,2021,3,true,,,
MCOU,WA,00310651201,BYETTA 250,2021,2,false,220.800,172,127933.21
FFSU,WA,00310651201,BYETTA 250,2021,2,true,,,
FFSU,WA,00310652401,BYETTA 250,2021,2,true,,,
MCOU,WA,00310652401,BYETTA 250,2021,2,false,417.600,158,120986.76
FFSU,WA,00310651201,Byetta 250,2021,1,true,,,
MCOU,WA,00310651201,Byetta 250,2021,1,false,109.200,90,63957.94
FFSU,WA,00310652401,Byetta 250,2021,1,true,,,
MCOU,WA,00310652401,Byetta 250,2021,1,false,391.200,151,114138.40
FFSU,WI,00310651201,BYETTA 250,2021,4,false,43.200,28,27998.77
FFSU,WI,00310652401,BYETTA 250,2021,4,false,175.200,57,54773.31
FFSU,WI,00310651201,BYETTA 250,2021,3,false,46.800,26,31792.59
FFSU,WI,00310652401,BYETTA 250,2021,3,false,168.000,58,54912.83
FFSU,WI,00310651201,BYETTA 250,2021,2,false,81.600,39,52789.99
FFSU,WI,00310652401,BYETTA 250,2021,2,false,172.800,52,54262.10
FFSU,WI,00310651201,Byetta 250,2021,1,false,75.600,32,46968.91
FFSU,WI,00310652401,Byetta 250,2021,1,false,187.200,57,57753.75
FFSU,WV,00310651201,BYETTA 5 M,2021,4,true,,,
FFSU,WV,00310651201,BYETTA 5 M,2021,3,true,,,
FFSU,WV,00310651201,BYETTA 5 M,2021,2,true,,,
FFSU,WV,00310651201,BYETTA 5 M,2021,1,true,,,
FFSU,WY,00310651201,BYETTA 250,2021,4,true,,,
FFSU,WY,00310652401,BYETTA 250,2021,4,true,,,
FFSU,WY,00310651201,BYETTA 250,2021,3,true,,,
FFSU,WY,00310651201,BYETTA 250,2021,2,true,,,
FFSU,WY,00310651201,Byetta 250,2021,1,true,,,
FFSU,AK,00310654004,BYDUREON B,2021,4,false,176.800,45,38059.87
FFSU,AK,00310654004,BYDUREON B,2021,3,false,268.600,66,56808.81
FFSU,AK,00310653004,BYDUREON P,2021,2,true,,,
FFSU,AK,00310654004,BYDUREON B,2021,2,false,238.000,58,49974.27
FFSU,AK,00310653004,BYDUREON P,2021,1,false,148.000,33,26821.55
FFSU,AK,00310654004,BYDUREON B,2021,1,false,193.800,47,40036.78
FFSU,AL,00310653004,BYDUREON P,2021,4,true,,,
FFSU,AL,00310654004,BYDUREON B,2021,4,false,460.700,137,100696.47
FFSU,AL,00310653004,BYDUREON P,2021,3,true,,,
FFSU,AL,00310654004,BYDUREON B,2021,3,false,425.850,126,96229.83
FFSU,AL,00310653004,BYDUREON P,2021,2,false,100.000,25,19369.22
FFSU,AL,00310654004,BYDUREON B,2021,2,false,536.350,160,117229.52
FFSU,AL,00310653004,Bydureon P,2021,1,false,276.000,69,51018.09
FFSU,AL,00310654004,BYDUREON B,2021,1,false,612.000,180,135509.40
FFSU,AR,00310653004,BYDUREON P,2021,4,true,,,
MCOU,AR,00310654004,BYDUREON B,2021,4,false,68.000,20,14985.62
FFSU,AR,00310653004,BYDUREON P,2021,3,true,,,
FFSU,AR,00310654004,BYDUREON B,2021,3,true,,,
MCOU,AR,00310654004,BYDUREON B,2021,3,false,81.600,24,17987.88
FFSU,AR,00310653004,BYDUREON P,2021,2,false,244.000,61,44794.03
MCOU,AR,00310653004,BYDUREON P,2021,2,true,,,
FFSU,AR,00310654004,BYDUREON B,2021,2,true,,,
MCOU,AR,00310654004,BYDUREON B,2021,2,false,57.800,17,12760.17
MCOU,AR,00310653004,BYDUREON P,2021,1,false,76.000,19,14173.47
FFSU,AR,00310653004,BYDUREON P,2021,1,false,876.000,219,159700.23
MCOU,AR,00310654004,BYDUREON B,2021,1,true,,,
MCOU,AZ,00310653004,BYDUREON P,2021,4,true,,,
FFSU,AZ,00310654004,BYDUREON B,2021,4,true,,,
MCOU,AZ,00310654004,BYDUREON B,2021,4,false,633.250,175,135533.79
FFSU,AZ,00310653004,BYDUREON P,2021,3,true,,,
MCOU,AZ,00310653004,BYDUREON P,2021,3,false,88.000,19,15991.85
FFSU,AZ,00310654004,BYDUREON B,2021,3,true,,,
MCOU,AZ,00310654004,BYDUREON B,2021,3,false,717.400,195,153235.56
MCOU,AZ,00310653004,BYDUREON P,2021,2,false,944.000,221,172809.69
FFSU,AZ,00310653004,BYDUREON P,2021,2,true,,,
FFSU,AZ,00310654004,BYDUREON B,2021,2,true,,,
MCOU,AZ,00310654004,BYDUREON B,2021,2,false,819.400,207,175208.76
MCOU,AZ,00310653001,BYDUREON P,2021,1,true,,,
FFSU,AZ,00310653004,BYDUREON P,2021,1,false,68.000,17,12393.56
MCOU,AZ,00310653004,BYDUREON P,2021,1,false,8770.600,1936,1601820.79
FFSU,AZ,00310654004,BYDUREON B,2021,1,true,,,
MCOU,AZ,00310654004,BYDUREON B,2021,1,false,499.800,122,106853.99
MCOU,CA,00310653004,BYDUREON P,2021,4,false,68.000,17,13133.45
FFSU,CA,00310653004,BYDUREON P,2021,4,false,144.000,28,27014.04
MCOU,CA,00310654001,BYDUREON B,2021,4,false,169.600,42,34509.99
FFSU,CA,00310654004,BYDUREON B,2021,4,false,4766.800,1091,1087039.89
MCOU,CA,00310654004,BYDUREON B,2021,4,false,7369.050,2087,1509800.96
MCOU,CA,00310653001,BYDUREON P,2021,3,true,,,
MCOU,CA,00310653004,BYDUREON P,2021,3,false,128.000,32,23857.60
FFSU,CA,00310653004,BYDUREON P,2021,3,false,192.000,45,36507.43
MCOU,CA,00310654001,BYDUREON B,2021,3,false,128.400,33,26255.14
FFSU,CA,00310654001,BYDUREON B,2021,3,true,,,
MCOU,CA,00310654004,BYDUREON B,2021,3,false,7839.600,2245,1626141.41
FFSU,CA,00310654004,BYDUREON B,2021,3,false,5522.450,1269,1273173.58
MCOU,CA,00310653004,BYDUREON P,2021,2,false,573.000,140,100400.40
FFSU,CA,00310653004,BYDUREON P,2021,2,false,968.000,212,183753.54
MCOU,CA,00310654001,BYDUREON B,2021,2,false,135.400,34,27193.59
FFSU,CA,00310654001,BYDUREON B,2021,2,true,,,
FFSU,CA,00310654004,BYDUREON B,2021,2,false,5512.250,1275,1269451.15
MCOU,CA,00310654004,BYDUREON B,2021,2,false,7468.600,2164,1558538.77
MCOU,CA,00310653004,BYDUREON P,2021,1,false,4674.000,1167,817940.08
FFSU,CA,00310653004,BYDUREON P,2021,1,false,5063.000,973,956836.18
FFSU,CA,00310654001,BYDUREON B,2021,1,true,,,
MCOU,CA,00310654001,BYDUREON B,2021,1,false,100.000,25,18970.91
FFSU,CA,00310654004,BYDUREON B,2021,1,false,4675.000,1061,1081445.90
MCOU,CA,00310654004,BYDUREON B,2021,1,false,5803.650,1635,1207090.46
FFSU,CO,00310653004,BYDUREON P,2021,4,false,76.000,19,14007.64
FFSU,CO,00310654004,BYDUREON B,2021,4,false,714.000,141,153867.94
FFSU,CO,00310653004,BYDUREON P,2021,3,false,80.000,20,14749.79
MCOU,CO,00310654004,BYDUREON B,2021,3,true,,,
FFSU,CO,00310654004,BYDUREON B,2021,3,false,728.450,158,157226.07
MCOU,CO,00310653004,BYDUREON P,2021,2,true,,,
FFSU,CO,00310653004,BYDUREON P,2021,2,false,1406.000,281,258985.31
MCOU,CO,00310654004,BYDUREON B,2021,2,false,85.000,25,18399.80
FFSU,CO,00310654004,BYDUREON B,2021,2,false,630.700,146,135703.56
FFSU,CO,00310653004,BYDUREON P,2021,1,false,10928.000,2007,1983777.85
MCOU,CO,00310653004,BYDUREON P,2021,1,false,168.000,34,30719.21
MCOU,CO,00310654004,BYDUREON B,2021,1,false,54.400,16,11718.47
FFSU,CO,00310654004,BYDUREON B,2021,1,false,159.800,42,34464.40
FFSU,CT,00310653001,BYDUREON P,2021,4,true,,,
FFSU,CT,00310653004,BYDUREON P,2021,4,true,,,
FFSU,CT,00310654004,BYDUREON B,2021,4,false,612.000,141,132330.84
FFSU,CT,00310653004,BYDUREON P,2021,3,false,60.000,13,11040.70
FFSU,CT,00310654004,BYDUREON B,2021,3,false,812.600,189,175622.51
FFSU,CT,00310653004,BYDUREON P,2021,2,false,176.000,41,32406.11
FFSU,CT,00310654004,BYDUREON B,2021,2,false,714.000,150,154121.45
FFSU,CT,00310653004,Bydureon P,2021,1,false,1532.000,309,279616.21
FFSU,CT,00310654004,BYDUREON B,2021,1,false,537.200,104,114733.59
MCOU,DC,00310653004,BYDUREON 2,2021,4,true,,,
FFSU,DC,00310654004,BYDUREON B,2021,4,true,,,
MCOU,DC,00310654004,BYDUREON B,2021,4,false,150.200,41,31891.18
FFSU,DC,00310653004,BYDUREON 2,2021,3,true,,,
MCOU,DC,00310653004,BYDUREON 2,2021,3,true,,,
MCOU,DC,00310654004,BYDUREON B,2021,3,false,148.750,41,29727.84
FFSU,DC,00310654004,BYDUREON B,2021,3,true,,,
MCOU,DC,00310652004,BYDUREON 2,2021,2,true,,,
MCOU,DC,00310653004,BYDUREON 2,2021,2,false,140.000,31,23056.10
FFSU,DC,00310653004,BYDUREON 2,2021,2,false,98.000,23,18061.32
MCOU,DC,00310654001,BYDUREON B,2021,2,true,,,
FFSU,DC,00310654004,BYDUREON B,2021,2,true,,,
MCOU,DC,00310654004,BYDUREON B,2021,2,false,138.400,32,24737.65
MCOU,DC,00310652004,BYDUREON 2,2021,1,true,,,
MCOU,DC,00310653004,BYDUREON 2,2021,1,false,786.000,171,133706.50
FFSU,DC,00310653004,BYDUREON 2,2021,1,false,200.000,48,36776.44
MCOU,DC,00310654004,BYDUREON B,2021,1,false,86.400,22,16853.52
MCOU,DE,00310653004,BYDUREON P,2021,4,false,64.000,16,11739.28
MCOU,DE,00310654004,BYDUREON B,2021,4,false,357.850,99,77338.88
MCOU,DE,00310653004,BYDUREON P,2021,3,false,84.000,21,15394.28
MCOU,DE,00310654004,BYDUREON B,2021,3,false,452.200,133,97656.47
MCOU,DE,00310653004,BYDUREON P,2021,2,false,245.000,62,44923.40
MCOU,DE,00310654001,BYDUREON B,2021,2,true,,,
MCOU,DE,00310654004,BYDUREON B,2021,2,false,413.100,120,89168.10
MCOU,DE,00310653004,Bydureon P,2021,1,false,1592.000,397,291040.64
FFSU,DE,00310654004,BYDUREON B,2021,1,true,,,
MCOU,DE,00310654004,BYDUREON B,2021,1,false,261.800,75,56286.22
MCOU,FL,00310653004,BYDUREON P,2021,4,false,58.000,15,10620.70
FFSU,FL,00310653004,BYDUREON P,2021,4,true,,,
MCOU,FL,00310654001,BYDUREON B,2021,4,true,,,
MCOU,FL,00310654004,BYDUREON B,2021,4,false,1892.650,552,401759.30
FFSU,FL,00310654004,BYDUREON B,2021,4,false,98.600,29,21376.17
MCOU,FL,00310653004,BYDUREON P,2021,3,false,138.000,35,25220.06
FFSU,FL,00310653004,BYDUREON P,2021,3,true,,,
FFSU,FL,00310654004,BYDUREON B,2021,3,false,108.800,32,23578.56
MCOU,FL,00310654004,BYDUREON B,2021,3,false,1439.500,412,298807.41
MCOU,FL,00310653004,BYDUREON P,2021,2,false,1922.000,487,349225.68
FFSU,FL,00310653004,BYDUREON P,2021,2,false,312.000,78,57483.66
MCOU,FL,00310654001,BYDUREON B,2021,2,true,,,
FFSU,FL,00310654004,BYDUREON B,2021,2,false,64.600,19,13342.94
MCOU,FL,00310654004,BYDUREON B,2021,2,false,1351.450,389,280041.60
MCOU,FL,00310653001,BYDUREON P,2021,1,true,,,
MCOU,FL,00310653004,BYDUREON P,2021,1,false,18206.000,4515,3280183.71
FFSU,FL,00310653004,BYDUREON P,2021,1,false,910.000,229,165496.98
MCOU,FL,00310654004,BYDUREON B,2021,1,false,712.650,199,148594.33
FFSU,FL,00310654004,BYDUREON B,2021,1,true,,,
MCOU,GA,00310653001,BYDUREON P,2021,4,true,,,
MCOU,GA,00310653004,BYDUREON P,2021,4,true,,,
FFSU,GA,00310653004,BYDUREON P,2021,4,false,70.800,18,13054.46
MCOU,GA,00310654004,BYDUREON B,2021,4,false,826.200,243,174521.20
FFSU,GA,00310654004,BYDUREON B,2021,4,false,147.900,45,32096.94
FFSU,GA,00310653004,BYDUREON P,2021,3,false,178.800,45,32962.52
MCOU,GA,00310653004,BYDUREON P,2021,3,true,,,
FFSU,GA,00310654004,BYDUREON B,2021,3,false,176.800,52,38335.42
MCOU,GA,00310654004,BYDUREON B,2021,3,false,717.400,211,152962.07
MCOU,GA,00310653004,BYDUREON P,2021,2,false,132.000,33,23970.93
FFSU,GA,00310653004,BYDUREON P,2021,2,false,808.000,196,147395.18
MCOU,GA,00310654001,BYDUREON B,2021,2,true,,,
FFSU,GA,00310654001,BYDUREON B,2021,2,true,,,
FFSU,GA,00310654004,BYDUREON B,2021,2,false,166.600,47,35819.65
MCOU,GA,00310654004,BYDUREON B,2021,2,false,960.500,282,203002.81
FFSU,GA,00310653001,BYDUREON P,2021,1,true,,,
FFSU,GA,00310653004,BYDUREON P,2021,1,false,2757.000,642,504612.26
MCOU,GA,00310653004,BYDUREON P,2021,1,false,576.000,142,105195.37
MCOU,GA,00310654004,BYDUREON B,2021,1,false,676.600,197,147207.19
FFSU,GA,00310654004,BYDUREON B,2021,1,false,136.000,36,29213.64
MCOU,HI,00310654004,BYDUREON B,2021,4,false,387.600,112,83845.72
MCOU,HI,00310653004,BYDUREON 2,2021,3,true,,,
MCOU,HI,00310654004,BYDUREON B,2021,3,false,370.600,107,81375.02
MCOU,HI,00310653004,BYDUREON 2,2021,2,false,52.000,13,8986.01
MCOU,HI,00310654001,BYDUREON B,2021,2,true,,,
MCOU,HI,00310654004,BYDUREON B,2021,2,false,255.000,75,56437.04
MCOU,HI,00310653004,BYDUREON 2,2021,1,false,204.000,51,36167.16
MCOU,HI,00310654004,BYDUREON B,2021,1,false,210.800,62,44707.25
MCOU,IA,00310654001,BYDUREON B,2021,4,true,,,
MCOU,IA,00310654004,BYDUREON B,2021,4,false,1212.200,300,259935.55
MCOU,IA,00310654001,BYDUREON B,2021,3,true,,,
MCOU,IA,00310654004,BYDUREON B,2021,3,false,1461.600,378,313581.84
FFSU,IA,00310653004,BYDUREON P,2021,2,true,,,
MCOU,IA,00310653004,BYDUREON P,2021,2,false,240.000,55,44549.98
MCOU,IA,00310654001,BYDUREON B,2021,2,true,,,
MCOU,IA,00310654004,BYDUREON B,2021,2,false,1377.200,351,301117.86
MCOU,IA,00310653004,Bydureon P,2021,1,false,2386.000,539,435227.00
FFSU,IA,00310653004,Bydureon P,2021,1,true,,,
MCOU,IA,00310654004,BYDUREON B,2021,1,false,811.250,210,175310.85
FFSU,ID,00310653004,BYDUREON P,2021,4,true,,,
FFSU,ID,00310654004,BYDUREON B,2021,4,false,683.400,195,148427.01
FFSU,ID,00310653004,BYDUREON P,2021,3,true,,,
FFSU,ID,00310654004,BYDUREON B,2021,3,false,980.900,288,213531.90
FFSU,ID,00310653004,BYDUREON P,2021,2,false,161.000,41,29720.66
FFSU,ID,00310654004,BYDUREON B,2021,2,false,1022.550,300,222139.23
FFSU,ID,00310653004,BYDUREON P,2021,1,false,1510.000,378,277206.78
FFSU,ID,00310654004,BYDUREON B,2021,1,false,385.900,112,83349.77
MCOU,IL,00310653004,BYDUREON P,2021,4,true,,,
MCOU,IL,00310654004,BYDUREON B,2021,4,false,1663.450,379,502638.03
FFSU,IL,00310654004,BYDUREON B,2021,4,true,,,
MCOU,IL,00310653004,BYDUREON P,2021,3,true,,,
MCOU,IL,00310654004,BYDUREON B,2021,3,false,1440.750,346,358093.93
FFSU,IL,00310654004,BYDUREON B,2021,3,false,54.400,12,11851.32
MCOU,IL,00310653004,BYDUREON P,2021,2,false,172.000,41,56424.17
FFSU,IL,00310654004,BYDUREON B,2021,2,false,37.400,11,7568.62
MCOU,IL,00310654004,BYDUREON B,2021,2,false,1291.750,320,316661.19
FFSU,IL,00310653004,Bydureon P,2021,1,true,,,
MCOU,IL,00310653004,Bydureon P,2021,1,false,1194.000,249,241093.55
FFSU,IL,00310654004,BYDUREON B,2021,1,true,,,
MCOU,IL,00310654004,BYDUREON B,2021,1,false,926.500,241,213985.44
MCOU,IN,00310653004,BYDUREON P,2021,4,true,,,
FFSU,IN,00310654004,BYDUREON B,2021,4,false,47.600,14,10323.03
MCOU,IN,00310654004,BYDUREON B,2021,4,false,4808.450,1392,1016148.00
FFSU,IN,00310653004,BYDUREON P,2021,3,true,,,
MCOU,IN,00310653004,BYDUREON P,2021,3,true,,,
MCOU,IN,00310654004,BYDUREON B,2021,3,false,3968.650,1129,838927.78
FFSU,IN,00310654004,BYDUREON B,2021,3,false,57.800,17,12530.18
FFSU,IN,00310653004,BYDUREON P,2021,2,false,80.000,21,14733.70
MCOU,IN,00310653004,BYDUREON P,2021,2,false,244.000,55,44227.07
FFSU,IN,00310654004,BYDUREON B,2021,2,false,51.000,15,11056.05
MCOU,IN,00310654004,BYDUREON B,2021,2,false,3543.650,1006,750235.40
FFSU,IN,00310653004,Bydureon P,2021,1,false,775.000,180,141600.63
MCOU,IN,00310653004,Bydureon P,2021,1,false,1632.000,393,295936.15
FFSU,IN,00310654004,BYDUREON B,2021,1,false,47.600,14,10255.53
MCOU,IN,00310654004,BYDUREON B,2021,1,false,2846.400,813,603946.43
MCOU,KS,00310654004,BYDUREON B,2021,4,false,125.800,37,20713.07
MCOU,KS,00310653004,BYDUREON P,2021,3,true,,,
MCOU,KS,00310654004,BYDUREON B,2021,3,false,139.400,41,30310.69
MCOU,KS,00310653004,BYDUREON P,2021,2,false,100.000,25,18493.75
MCOU,KS,00310654004,BYDUREON B,2021,2,false,149.600,44,32521.96
MCOU,KS,00310653004,Bydureon P,2021,1,false,648.000,160,119095.97
MCOU,KS,00310654004,BYDUREON B,2021,1,false,81.600,24,17596.26
MCOU,KY,00310653004,BYDUREON P,2021,4,false,56.000,13,10174.22
MCOU,KY,00310654001,BYDUREON B,2021,4,true,,,
FFSU,KY,00310654004,BYDUREON B,2021,4,false,129.200,38,28014.00
MCOU,KY,00310654004,BYDUREON B,2021,4,false,3598.050,959,770746.95
MCOU,KY,00310653004,BYDUREON P,2021,3,false,232.000,57,42150.34
MCOU,KY,00310654001,BYDUREON B,2021,3,true,,,
FFSU,KY,00310654004,BYDUREON B,2021,3,false,193.800,55,41979.56
MCOU,KY,00310654004,BYDUREON B,2021,3,false,3779.950,1015,810574.68
MCOU,KY,00310653001,BYDUREON P,2021,2,true,,,
FFSU,KY,00310653004,BYDUREON P,2021,2,false,97.000,23,17857.27
MCOU,KY,00310653004,BYDUREON P,2021,2,false,915.600,229,170538.09
MCOU,KY,00310654001,BYDUREON B,2021,2,true,,,
FFSU,KY,00310654004,BYDUREON B,2021,2,false,129.200,38,27993.46
MCOU,KY,00310654004,BYDUREON B,2021,2,false,3426.350,925,726736.81
MCOU,KY,00310653001,BYDUREON P,2021,1,true,,,
FFSU,KY,00310653004,BYDUREON P,2021,1,false,384.000,92,69961.54
MCOU,KY,00310653004,BYDUREON P,2021,1,false,2213.000,538,410576.68
MCOU,KY,00310654001,BYDUREON B,2021,1,true,,,
FFSU,KY,00310654004,BYDUREON B,2021,1,false,91.800,25,19693.59
MCOU,KY,00310654004,BYDUREON B,2021,1,false,1904.000,536,417392.03
MCOU,LA,00310653004,BYDUREON P,2021,4,true,,,
MCOU,LA,00310654001,BYDUREON B,2021,4,true,,,
MCOU,LA,00310654004,BYDUREON B,2021,4,false,2451.050,691,535235.93
FFSU,LA,00310654004,BYDUREON B,2021,4,false,40.800,12,8855.76
MCOU,LA,00310653004,BYDUREON P,2021,3,false,68.000,16,12594.95
FFSU,LA,00310653004,BYDUREON P,2021,3,true,,,
MCOU,LA,00310654004,BYDUREON B,2021,3,false,2860.800,804,621828.08
FFSU,LA,00310654004,BYDUREON B,2021,3,false,47.600,14,10327.52
MCOU,LA,00310653001,BYDUREON P,2021,2,true,,,
FFSU,LA,00310653004,BYDUREON P,2021,2,true,,,
MCOU,LA,00310653004,BYDUREON P,2021,2,false,1393.600,337,259030.46
MCOU,LA,00310654001,BYDUREON B,2021,2,true,,,
FFSU,LA,00310654004,BYDUREON B,2021,2,false,47.600,14,10327.42
MCOU,LA,00310654004,BYDUREON B,2021,2,false,2883.300,835,625581.54
FFSU,LA,00310653004,BYDUREON P,2021,1,false,92.000,23,16821.74
MCOU,LA,00310653004,BYDUREON P,2021,1,false,10990.800,2575,2043681.13
MCOU,LA,00310654001,BYDUREON B,2021,1,true,,,
MCOU,LA,00310654004,BYDUREON B,2021,1,false,992.400,282,215484.34
FFSU,LA,00310654004,BYDUREON B,2021,1,true,,,
FFSU,MA,00310653004,BYDUREON 2,2021,4,true,,,
MCOU,MA,00310653004,BYDUREON 2,2021,4,true,,,
MCOU,MA,00310654004,BYDUREON B,2021,4,false,125.800,31,27214.60
FFSU,MA,00310654004,BYDUREON B,2021,4,false,149.600,40,32385.18
FFSU,MA,00310653004,BYDUREON 2,2021,3,true,,,
MCOU,MA,00310653004,BYDUREON 2,2021,3,true,,,
FFSU,MA,00310654004,BYDUREON B,2021,3,false,180.200,50,39010.29
MCOU,MA,00310654004,BYDUREON B,2021,3,false,125.800,29,26959.36
MCOU,MA,00310653004,BYDUREON 2,2021,2,false,52.000,13,9726.65
FFSU,MA,00310653004,BYDUREON 2,2021,2,false,196.000,49,36104.40
MCOU,MA,00310654004,BYDUREON B,2021,2,false,98.600,23,20966.42
FFSU,MA,00310654004,BYDUREON B,2021,2,false,258.400,60,55552.09
MCOU,MA,00310653004,BYDUREON 2,2021,1,false,256.000,60,47230.77
FFSU,MA,00310653004,BYDUREON 2,2021,1,false,908.000,194,165329.12
FFSU,MA,00310654004,BYDUREON B,2021,1,false,112.200,31,23957.98
MCOU,MA,00310654004,BYDUREON B,2021,1,false,64.600,19,14245.62
FFSU,MD,00310653004,BYDUREON 2,2021,4,true,,,
MCOU,MD,00310654004,BYDUREON B,2021,4,false,180.200,53,40785.99
FFSU,MD,00310654004,BYDUREON B,2021,4,true,,,
FFSU,MD,00310653004,BYDUREON 2,2021,3,true,,,
MCOU,MD,00310654001,BYDUREON B,2021,3,true,,,
MCOU,MD,00310654004,BYDUREON B,2021,3,false,193.800,57,44620.35
FFSU,MD,00310654004,BYDUREON B,2021,3,true,,,
FFSU,MD,00310653004,BYDUREON 2,2021,2,true,,,
MCOU,MD,00310653004,BYDUREON 2,2021,2,true,,,
MCOU,MD,00310654001,BYDUREON B,2021,2,true,,,
MCOU,MD,00310654004,BYDUREON B,2021,2,false,187.000,55,42722.66
FFSU,MD,00310654004,BYDUREON B,2021,2,true,,,
MCOU,MD,00310653004,BYDUREON 2,2021,1,false,100.000,24,18576.64
FFSU,MD,00310653004,BYDUREON 2,2021,1,false,56.000,12,10260.21
MCOU,MD,00310654001,BYDUREON B,2021,1,true,,,
FFSU,MD,00310654004,BYDUREON B,2021,1,true,,,
MCOU,MD,00310654004,BYDUREON B,2021,1,false,166.600,49,36738.94
FFSU,ME,00310653004,BYDUREON P,2021,4,true,,,
FFSU,ME,00310654004,BYDUREON B,2021,4,false,333.200,103,72456.49
FFSU,ME,00310653004,BYDUREON P,2021,3,true,,,
FFSU,ME,00310654004,BYDUREON B,2021,3,false,396.950,120,86256.21
FFSU,ME,00310653004,BYDUREON P,2021,2,false,130.000,34,24013.79
FFSU,ME,00310654004,BYDUREON B,2021,2,false,326.400,97,70428.56
FFSU,ME,00310653004,BYDUREON P,2021,1,false,1034.000,260,187988.05
FFSU,ME,00310654004,BYDUREON B,2021,1,false,78.200,23,16142.01
MCOU,MI,00310653004,BYDUREON P,2021,4,false,44.000,11,8026.91
FFSU,MI,00310654004,BYDUREON B,2021,4,false,108.800,29,22729.50
MCOU,MI,00310654004,BYDUREON B,2021,4,false,1049.750,291,223638.73
MCOU,MI,00310653004,BYDUREON P,2021,3,false,96.000,23,17472.32
FFSU,MI,00310653004,BYDUREON P,2021,3,true,,,
FFSU,MI,00310654004,BYDUREON B,2021,3,false,132.600,33,28576.78
MCOU,MI,00310654004,BYDUREON B,2021,3,false,1364.250,382,291901.76
FFSU,MI,00310653004,BYDUREON P,2021,2,false,84.000,21,15460.32
MCOU,MI,00310653004,BYDUREON P,2021,2,false,960.000,236,175521.39
FFSU,MI,00310654004,BYDUREON B,2021,2,false,136.850,39,29487.97
MCOU,MI,00310654004,BYDUREON B,2021,2,false,1405.900,397,301340.43
FFSU,MI,00310653004,BYDUREON P,2021,1,false,456.000,93,83183.09
MCOU,MI,00310653004,BYDUREON P,2021,1,false,8054.628,1981,1479649.77
MCOU,MI,00310654004,BYDUREON B,2021,1,false,268.600,73,57930.67
FFSU,MI,00310654004,BYDUREON B,2021,1,true,,,
FFSU,MN,00310653004,BYDUREON P,2021,4,true,,,
MCOU,MN,00310653004,BYDUREON P,2021,4,true,,,
FFSU,MN,00310654004,BYDUREON B,2021,4,false,309.400,91,68291.71
MCOU,MN,00310654004,BYDUREON B,2021,4,false,7473.600,1836,1656446.67
MCOU,MN,00310653004,BYDUREON P,2021,3,true,,,
FFSU,MN,00310654004,BYDUREON B,2021,3,false,229.500,64,50598.47
MCOU,MN,00310654004,BYDUREON B,2021,3,false,5541.150,1329,1230013.15
MCOU,MN,00310653004,BYDUREON P,2021,2,false,900.000,211,170260.19
FFSU,MN,00310653004,BYDUREON P,2021,2,false,60.000,15,11297.85
FFSU,MN,00310654004,BYDUREON B,2021,2,false,40.800,12,9001.80
MCOU,MN,00310654004,BYDUREON B,2021,2,false,2306.050,556,515788.54
FFSU,MN,00310653004,BYDUREON P,2021,1,false,536.000,134,98704.59
MCOU,MN,00310653004,BYDUREON P,2021,1,false,8360.000,1827,1585342.59
FFSU,MN,00310654004,BYDUREON B,2021,1,true,,,
MCOU,MN,00310654004,BYDUREON B,2021,1,false,476.000,106,107758.73
FFSU,MO,00310653004,BYDUREON P,2021,4,false,60.000,15,10375.73
FFSU,MO,00310654004,BYDUREON B,2021,4,false,1730.600,510,370316.05
FFSU,MO,00310652004,BYDUREON  ,2021,3,true,,,
FFSU,MO,00310653004,BYDUREON P,2021,3,false,68.000,17,12578.09
FFSU,MO,00310654004,BYDUREON B,2021,3,false,2419.950,713,519013.70
FFSU,MO,00310653004,BYDUREON P,2021,2,false,1652.000,414,304127.99
FFSU,MO,00310654004,BYDUREON B,2021,2,false,2158.150,644,469245.60
FFSU,MO,00310652004,BYDUREON  ,2021,1,true,,,
FFSU,MO,00310653004,BYDUREON P,2021,1,false,7684.000,1921,1408876.97
FFSU,MO,00310654004,BYDUREON B,2021,1,false,421.600,126,88936.09
MCOU,MS,00310653004,BYDUREON 2,2021,4,true,,,
FFSU,MS,00310653004,BYDUREON 2,2021,4,true,,,
FFSU,MS,00310654004,BYDUREON B,2021,4,true,,,
MCOU,MS,00310654004,BYDUREON B,2021,4,false,374.000,110,80458.35
FFSU,MS,00310653004,BYDUREON 2,2021,3,true,,,
MCOU,MS,00310653004,BYDUREON 2,2021,3,false,92.000,23,16974.46
FFSU,MS,00310654004,BYDUREON B,2021,3,true,,,
MCOU,MS,00310654004,BYDUREON B,2021,3,false,277.950,84,60347.84
FFSU,MS,00310653004,BYDUREON 2,2021,2,false,56.000,14,10332.28
MCOU,MS,00310653004,BYDUREON 2,2021,2,false,260.000,65,47971.30
MCOU,MS,00310654004,BYDUREON B,2021,2,false,286.450,85,62175.58
FFSU,MS,00310654004,BYDUREON B,2021,2,true,,,
FFSU,MS,00310653004,BYDUREON 2,2021,1,false,192.000,48,35084.98
MCOU,MS,00310653004,BYDUREON 2,2021,1,false,588.000,147,108213.86
FFSU,MS,00310654004,BYDUREON B,2021,1,true,,,
MCOU,MS,00310654004,BYDUREON B,2021,1,false,197.200,56,42669.16
FFSU,MT,00310654004,BYDUREON B,2021,4,false,129.200,36,28012.20
FFSU,MT,00310653004,BYDUREON 2,2021,3,true,,,
FFSU,MT,00310654004,BYDUREON B,2021,3,false,115.600,32,25001.34
FFSU,MT,00310653004,BYDUREON 2,2021,2,false,336.000,79,62013.63
FFSU,MT,00310654004,BYDUREON B,2021,2,false,112.800,33,24279.94
FFSU,MT,00310653004,BYDUREON 2,2021,1,false,3624.000,810,664160.92
FFSU,MT,00310654004,BYDUREON B,2021,1,false,55.600,16,11766.51
MCOU,XX,00310652004,Bydureon 2,2021,4,true,,,
FFSU,XX,00310653001,Bydureon P,2021,4,true,,,
MCOU,XX,00310653001,Bydureon P,2021,4,true,,,
FFSU,XX,00310653004,Bydureon P,2021,4,false,586.800,139,107902.30
MCOU,XX,00310653004,Bydureon P,2021,4,false,1027.400,251,189387.72
FFSU,XX,00310654001,BYDUREON B,2021,4,true,,,
MCOU,XX,00310654001,BYDUREON B,2021,4,false,290.050,77,61083.09
FFSU,XX,00310654004,BYDUREON B,2021,4,false,21529.650,5841,4697394.46
MCOU,XX,00310654004,BYDUREON B,2021,4,false,80580.450,22450,17574596.44
FFSU,XX,00310652004,Bydureon 2,2021,3,true,,,
MCOU,XX,00310653001,Bydureon P,2021,3,true,,,
FFSU,XX,00310653004,Bydureon P,2021,3,false,1242.800,296,229706.55
MCOU,XX,00310653004,Bydureon P,2021,3,false,2053.200,496,375778.36
FFSU,XX,00310654001,BYDUREON B,2021,3,true,,,
MCOU,XX,00310654001,BYDUREON B,2021,3,false,258.500,77,53452.55
FFSU,XX,00310654004,BYDUREON B,2021,3,false,25203.350,6810,5515531.89
MCOU,XX,00310654004,BYDUREON B,2021,3,false,80930.000,22551,17485191.66
MCOU,XX,00310652004,Bydureon 2,2021,2,true,,,
FFSU,XX,00310653001,Bydureon P,2021,2,true,,,
MCOU,XX,00310653001,Bydureon P,2021,2,true,,,
FFSU,XX,00310653004,Bydureon P,2021,2,false,12669.000,2958,2329562.88
MCOU,XX,00310653004,Bydureon P,2021,2,false,15177.800,3651,2829399.70
FFSU,XX,00310654001,BYDUREON B,2021,2,true,,,
MCOU,XX,00310654001,BYDUREON B,2021,2,false,1324.050,100,67422.09
FFSU,XX,00310654004,BYDUREON B,2021,2,false,26515.500,7051,5789137.95
MCOU,XX,00310654004,BYDUREON B,2021,2,false,68649.750,19282,14805396.56
FFSU,XX,00310652004,Bydureon 2,2021,1,true,,,
MCOU,XX,00310652004,Bydureon 2,2021,1,true,,,
FFSU,XX,00310653001,Bydureon P,2021,1,true,,,
MCOU,XX,00310653001,Bydureon P,2021,1,false,53.000,20,8120.37
FFSU,XX,00310653004,Bydureon P,2021,1,false,67680.200,14964,12362110.24
MCOU,XX,00310653004,Bydureon P,2021,1,false,113273.828,26611,20772065.70
FFSU,XX,00310654001,BYDUREON B,2021,1,true,,,
MCOU,XX,00310654001,BYDUREON B,2021,1,false,2196.800,59,39030.78
FFSU,XX,00310654004,BYDUREON B,2021,1,false,13164.050,3345,2896134.85
MCOU,XX,00310654004,BYDUREON B,2021,1,false,42327.850,11912,9115202.82
MCOU,NC,00310653004,BYDUREON P,2021,4,true,,,
FFSU,NC,00310653004,BYDUREON P,2021,4,true,,,
MCOU,NC,00310654004,BYDUREON B,2021,4,false,3422.100,839,737976.80
FFSU,NC,00310654004,BYDUREON B,2021,4,false,1335.350,340,285953.40
MCOU,NC,00310653004,BYDUREON P,2021,3,false,72.000,18,13221.89
FFSU,NC,00310653004,BYDUREON P,2021,3,false,152.000,32,27654.11
MCOU,NC,00310654004,BYDUREON B,2021,3,false,4103.800,1043,884111.17
FFSU,NC,00310654004,BYDUREON B,2021,3,false,2469.250,633,528156.71
FFSU,NC,00310653004,BYDUREON P,2021,2,false,1992.000,447,362401.81
FFSU,NC,00310654004,BYDUREON B,2021,2,false,5971.250,1508,1277033.58
FFSU,NC,00310653004,BYDUREON P,2021,1,false,11292.000,2514,2035743.69
FFSU,NC,00310654004,BYDUREON B,2021,1,false,2211.700,555,470056.96
FFSU,ND,00310653004,BYDUREON 2,2021,3,true,,,
FFSU,ND,00310653004,BYDUREON 2,2021,2,false,80.000,20,14783.80
FFSU,ND,00310654004,BYDUREON B,2021,2,true,,,
FFSU,ND,00310653004,BYDUREON 2,2021,1,false,908.000,227,166757.20
MCOU,NE,00310653001,BYDUREON P,2021,4,true,,,
MCOU,NE,00310654004,BYDUREON B,2021,4,false,699.000,229,169822.82
MCOU,NE,00310653001,BYDUREON P,2021,3,true,,,
MCOU,NE,00310653004,BYDUREON P,2021,3,false,45.000,12,8735.28
MCOU,NE,00310654004,BYDUREON B,2021,3,false,850.000,283,207312.28
MCOU,NE,00310653004,BYDUREON P,2021,2,false,312.000,79,58934.61
MCOU,NE,00310654004,BYDUREON B,2021,2,false,787.000,260,192584.29
MCOU,NE,00310653001,Bydureon P,2021,1,true,,,
MCOU,NE,00310653004,Bydureon P,2021,1,false,2512.000,600,469215.91
MCOU,NE,00310654004,BYDUREON B,2021,1,false,182.000,56,43579.96
MCOU,NH,00310654004,BYDUREON B,2021,4,false,567.800,156,116520.60
MCOU,NH,00310653004,BYDUREON P,2021,3,true,,,
MCOU,NH,00310654004,BYDUREON B,2021,3,false,567.800,157,115735.30
MCOU,NH,00310653004,BYDUREON P,2021,2,false,76.000,19,13695.14
MCOU,NH,00310654004,BYDUREON B,2021,2,false,540.600,150,108798.06
MCOU,NH,00310653004,BYDUREON P,2021,1,false,648.000,156,116411.49
MCOU,NH,00310654004,BYDUREON B,2021,1,false,387.600,104,79383.85
MCOU,NJ,00310653004,BYDUREON P,2021,4,false,48.000,12,8880.22
MCOU,NJ,00310654001,BYDUREON B,2021,4,false,57.800,17,12985.14
FFSU,NJ,00310654004,BYDUREON B,2021,4,true,,,
MCOU,NJ,00310654004,BYDUREON B,2021,4,false,17379.950,5121,3911852.92
MCOU,NJ,00310653004,BYDUREON P,2021,3,false,76.000,19,12964.95
MCOU,NJ,00310654001,BYDUREON B,2021,3,false,40.800,12,9198.72
MCOU,NJ,00310654004,BYDUREON B,2021,3,false,16246.050,4803,3610563.64
FFSU,NJ,00310654004,BYDUREON B,2021,3,true,,,
MCOU,NJ,00310653004,BYDUREON P,2021,2,false,131.400,33,20057.44
MCOU,NJ,00310654001,BYDUREON B,2021,2,false,54.400,19,13035.02
MCOU,NJ,00310654004,BYDUREON B,2021,2,false,14431.300,4229,3168465.29
FFSU,NJ,00310654004,BYDUREON B,2021,2,true,,,
MCOU,NJ,00310653001,Bydureon P,2021,1,true,,,
MCOU,NJ,00310653004,Bydureon P,2021,1,false,3691.400,923,687987.47
MCOU,NJ,00310654001,BYDUREON B,2021,1,false,51.000,15,11398.77
MCOU,NJ,00310654004,BYDUREON B,2021,1,false,10132.950,2976,2223814.53
FFSU,NJ,00310654004,BYDUREON B,2021,1,true,,,
FFSU,NM,00310654004,BYDUREON B,2021,4,false,81.600,24,12674.34
MCOU,NM,00310654004,BYDUREON B,2021,4,false,122.400,32,19495.02
MCOU,NM,00310654004,BYDUREON B,2021,3,false,102.000,26,16695.98
FFSU,NM,00310654004,BYDUREON B,2021,3,false,85.000,23,13762.52
FFSU,NM,00310654004,BYDUREON B,2021,2,false,78.200,23,11937.00
MCOU,NM,00310654004,BYDUREON B,2021,2,false,40.800,12,6332.64
FFSU,NM,00310653004,BYDUREON 2,2021,1,true,,,
MCOU,NM,00310653004,BYDUREON 2,2021,1,true,,,
MCOU,NM,00310654004,BYDUREON B,2021,1,false,68.000,16,11692.94
FFSU,NM,00310654004,BYDUREON B,2021,1,true,,,
FFSU,NV,00310653004,BYDUREON P,2021,4,true,,,
FFSU,NV,00310654004,BYDUREON B,2021,4,false,142.800,26,30793.43
MCOU,NV,00310654004,BYDUREON B,2021,4,false,47.600,14,10399.90
FFSU,NV,00310653004,BYDUREON P,2021,3,true,,,
MCOU,NV,00310654004,BYDUREON B,2021,3,false,282.200,83,62319.69
FFSU,NV,00310654004,BYDUREON B,2021,3,false,163.200,30,35181.45
MCOU,NV,00310653004,BYDUREON P,2021,2,true,,,
FFSU,NV,00310653004,BYDUREON P,2021,2,true,,,
FFSU,NV,00310654004,BYDUREON B,2021,2,false,119.000,23,25664.62
MCOU,NV,00310654004,BYDUREON B,2021,2,false,309.400,91,57930.01
FFSU,NV,00310653004,Bydureon P,2021,1,false,160.000,15,28798.43
MCOU,NV,00310653004,Bydureon P,2021,1,false,76.000,17,15264.40
FFSU,NV,00310654004,BYDUREON B,2021,1,false,102.000,16,21897.03
MCOU,NV,00310654004,BYDUREON B,2021,1,false,350.200,103,67777.99
FFSU,NY,00310653004,BYDUREON P,2021,4,true,,,
MCOU,NY,00310653004,BYDUREON P,2021,4,false,52.000,12,9151.81
MCOU,NY,00310654001,BYDUREON B,2021,4,true,,,
FFSU,NY,00310654004,BYDUREON B,2021,4,false,496.400,128,108008.73
MCOU,NY,00310654004,BYDUREON B,2021,4,false,8370.800,2244,1759303.37
MCOU,NY,00310653004,BYDUREON P,2021,3,false,92.000,22,16189.36
FFSU,NY,00310653004,BYDUREON P,2021,3,true,,,
MCOU,NY,00310654001,BYDUREON B,2021,3,true,,,
FFSU,NY,00310654004,BYDUREON B,2021,3,false,632.400,176,138113.53
MCOU,NY,00310654004,BYDUREON B,2021,3,false,8211.000,2196,1704983.78
MCOU,NY,00310652004,BYDUREON  ,2021,2,true,,,
FFSU,NY,00310653004,BYDUREON P,2021,2,false,107.000,26,19702.09
MCOU,NY,00310653004,BYDUREON P,2021,2,false,392.000,96,71176.42
MCOU,NY,00310654001,BYDUREON B,2021,2,true,,,
FFSU,NY,00310654004,BYDUREON B,2021,2,false,683.400,185,149669.89
MCOU,NY,00310654004,BYDUREON B,2021,2,false,7642.350,2043,1613104.36
MCOU,NY,00310653004,BYDUREON P,2021,1,false,2536.000,564,452895.70
FFSU,NY,00310653004,BYDUREON P,2021,1,false,712.000,171,129937.95
MCOU,NY,00310654001,BYDUREON B,2021,1,true,,,
FFSU,NY,00310654004,BYDUREON B,2021,1,false,276.250,72,58999.14
MCOU,NY,00310654004,BYDUREON B,2021,1,false,5363.500,1461,1133006.83
MCOU,OH,00310653004,BYDUREON P,2021,4,true,,,
MCOU,OH,00310654001,BYDUREON B,2021,4,true,,,
FFSU,OH,00310654004,BYDUREON B,2021,4,false,85.000,25,18364.32
MCOU,OH,00310654004,BYDUREON B,2021,4,false,1407.600,415,305774.83
MCOU,OH,00310653004,BYDUREON P,2021,3,true,,,
MCOU,OH,00310654001,BYDUREON B,2021,3,true,,,
FFSU,OH,00310654004,BYDUREON B,2021,3,false,119.000,29,24331.60
MCOU,OH,00310654004,BYDUREON B,2021,3,false,1476.450,433,320559.85
FFSU,OH,00310653004,BYDUREON P,2021,2,false,76.000,18,13676.81
MCOU,OH,00310653004,BYDUREON P,2021,2,false,160.000,38,29630.27
MCOU,OH,00310654001,BYDUREON B,2021,2,true,,,
MCOU,OH,00310654004,BYDUREON B,2021,2,false,1483.250,420,322879.17
FFSU,OH,00310654004,BYDUREON B,2021,2,false,88.400,22,17729.88
MCOU,OH,00310653004,Bydureon P,2021,1,false,1385.000,331,257461.59
FFSU,OH,00310653004,Bydureon P,2021,1,false,192.000,42,33910.56
MCOU,OH,00310654004,BYDUREON B,2021,1,false,1288.600,354,279939.32
FFSU,OH,00310654004,BYDUREON B,2021,1,true,,,
FFSU,OK,00310653004,BYDUREON P,2021,4,true,,,
FFSU,OK,00310654004,BYDUREON B,2021,4,true,,,
FFSU,OK,00310653004,BYDUREON P,2021,3,true,,,
FFSU,OK,00310654004,BYDUREON B,2021,3,true,,,
FFSU,OK,00310653004,BYDUREON P,2021,2,false,192.000,47,35419.28
FFSU,OK,00310654004,BYDUREON B,2021,2,true,,,
FFSU,OK,00310653004,Bydureon P,2021,1,false,780.000,170,142431.53
FFSU,OK,00310654004,BYDUREON B,2021,1,false,40.800,12,8792.55
FFSU,OR,00310654004,BYDUREON B,2021,4,false,108.800,32,23415.24
MCOU,OR,00310654004,BYDUREON B,2021,4,false,1628.700,478,351301.63
MCOU,OR,00310653001,BYDUREON P,2021,3,true,,,
MCOU,OR,00310653004,BYDUREON P,2021,3,true,,,
MCOU,OR,00310654001,BYDUREON B,2021,3,true,,,
MCOU,OR,00310654004,BYDUREON B,2021,3,false,1898.900,560,410481.34
FFSU,OR,00310654004,BYDUREON B,2021,3,false,85.000,25,18388.36
MCOU,OR,00310653001,BYDUREON P,2021,2,true,,,
MCOU,OR,00310653004,BYDUREON P,2021,2,false,96.000,24,17057.44
FFSU,OR,00310653004,BYDUREON P,2021,2,true,,,
MCOU,OR,00310654001,BYDUREON B,2021,2,true,,,
FFSU,OR,00310654004,BYDUREON B,2021,2,false,61.200,18,13239.36
MCOU,OR,00310654004,BYDUREON B,2021,2,false,1805.200,525,389653.32
MCOU,OR,00310653001,Bydureon P,2021,1,true,,,
MCOU,OR,00310653004,Bydureon P,2021,1,false,1237.000,297,227454.36
FFSU,OR,00310653004,Bydureon P,2021,1,false,44.000,11,8074.57
MCOU,OR,00310654001,BYDUREON B,2021,1,true,,,
MCOU,OR,00310654004,BYDUREON B,2021,1,false,1162.800,338,251751.50
FFSU,OR,00310654004,BYDUREON B,2021,1,true,,,
MCOU,PA,00310653004,BYDUREON P,2021,4,true,,,
MCOU,PA,00310654001,BYDUREON B,2021,4,true,,,
FFSU,PA,00310654004,BYDUREON B,2021,4,true,,,
MCOU,PA,00310654004,BYDUREON B,2021,4,false,310.600,85,65707.58
MCOU,PA,00310653004,BYDUREON P,2021,3,true,,,
MCOU,PA,00310654001,BYDUREON B,2021,3,true,,,
MCOU,PA,00310654004,BYDUREON B,2021,3,false,316.300,87,66889.42
FFSU,PA,00310654004,BYDUREON B,2021,3,true,,,
FFSU,PA,00310653004,BYDUREON P,2021,2,true,,,
MCOU,PA,00310653004,BYDUREON P,2021,2,false,120.000,30,22117.70
MCOU,PA,00310654001,BYDUREON B,2021,2,true,,,
FFSU,PA,00310654004,BYDUREON B,2021,2,true,,,
MCOU,PA,00310654004,BYDUREON B,2021,2,false,272.100,77,59398.84
MCOU,PA,00310653004,Bydureon P,2021,1,false,901.000,226,166203.48
FFSU,PA,00310653004,Bydureon P,2021,1,true,,,
MCOU,PA,00310654004,BYDUREON B,2021,1,false,176.800,50,38590.63
FFSU,PA,00310654004,BYDUREON B,2021,1,true,,,
FFSU,RI,00310654004,BYDUREON B,2021,4,true,,,
MCOU,RI,00310654004,BYDUREON B,2021,4,false,91.800,27,19824.54
MCOU,RI,00310653004,BYDUREON P,2021,3,true,,,
FFSU,RI,00310654004,BYDUREON B,2021,3,true,,,
MCOU,RI,00310654004,BYDUREON B,2021,3,false,85.000,25,18563.57
MCOU,RI,00310653004,BYDUREON P,2021,2,true,,,
MCOU,RI,00310654004,BYDUREON B,2021,2,false,40.800,12,8938.77
FFSU,RI,00310654004,BYDUREON B,2021,2,true,,,
MCOU,RI,00310653004,Bydureon P,2021,1,false,84.000,21,14992.90
FFSU,RI,00310653004,Bydureon P,2021,1,true,,,
MCOU,RI,00310654004,BYDUREON B,2021,1,true,,,
FFSU,RI,00310654004,BYDUREON B,2021,1,true,,,
FFSU,SC,00310654004,BYDUREON B,2021,4,false,289.000,94,62624.05
MCOU,SC,00310654004,BYDUREON B,2021,4,false,853.400,251,178694.49
MCOU,SC,00310653004,BYDUREON P,2021,3,true,,,
FFSU,SC,00310653004,BYDUREON P,2021,3,true,,,
FFSU,SC,00310654004,BYDUREON B,2021,3,false,279.650,89,60847.45
MCOU,SC,00310654004,BYDUREON B,2021,3,false,876.600,260,183543.29
MCOU,SC,00310653001,BYDUREON P,2021,2,true,,,
FFSU,SC,00310653004,BYDUREON P,2021,2,false,80.000,20,14756.85
MCOU,SC,00310653004,BYDUREON P,2021,2,false,124.000,31,21937.57
FFSU,SC,00310654004,BYDUREON B,2021,2,false,220.150,67,47856.80
MCOU,SC,00310654004,BYDUREON B,2021,2,false,873.800,252,179147.40
MCOU,SC,00310653001,BYDUREON P,2021,1,true,,,
MCOU,SC,00310653004,BYDUREON P,2021,1,false,368.000,92,66419.64
FFSU,SC,00310653004,BYDUREON P,2021,1,false,120.000,30,21058.76
MCOU,SC,00310654001,BYDUREON B,2021,1,true,,,
MCOU,SC,00310654004,BYDUREON B,2021,1,false,680.000,200,143285.71
FFSU,SC,00310654004,BYDUREON B,2021,1,false,126.650,38,26851.29
FFSU,SD,00310654004,BYDUREON B,2021,4,false,214.200,63,44492.76
FFSU,SD,00310654004,BYDUREON B,2021,3,false,244.800,72,51328.82
FFSU,SD,00310653004,BYDUREON P,2021,2,true,,,
FFSU,SD,00310654004,BYDUREON B,2021,2,false,244.800,70,51740.96
FFSU,SD,00310653004,Bydureon P,2021,1,false,144.000,34,24311.91
FFSU,SD,00310654004,BYDUREON B,2021,1,false,173.400,49,37316.80
FFSU,TN,00310653004,BYDUREON P,2021,4,true,,,
FFSU,TN,00310654001,BYDUREON B,2021,4,true,,,
FFSU,TN,00310654004,BYDUREON B,2021,4,false,7624.500,2267,1648675.81
FFSU,TN,00310653004,BYDUREON P,2021,3,false,112.000,28,20606.42
FFSU,TN,00310654001,BYDUREON B,2021,3,true,,,
FFSU,TN,00310654004,BYDUREON B,2021,3,false,7717.150,2292,1670528.82
FFSU,TN,00310653001,BYDUREON P,2021,2,true,,,
FFSU,TN,00310653004,BYDUREON P,2021,2,false,1974.000,494,363209.23
FFSU,TN,00310654001,BYDUREON B,2021,2,true,,,
FFSU,TN,00310654004,BYDUREON B,2021,2,false,6341.850,1879,1372746.54
FFSU,TN,00310653004,Bydureon P,2021,1,false,6885.000,1722,1255969.23
FFSU,TN,00310654001,BYDUREON B,2021,1,true,,,
FFSU,TN,00310654004,BYDUREON B,2021,1,false,2314.550,681,497226.22
MCOU,TX,00310653004,BYDUREON 2,2021,4,false,172.000,43,31127.14
MCOU,TX,00310654004,BYDUREON B,2021,4,false,6708.300,1958,1440444.93
FFSU,TX,00310654004,BYDUREON B,2021,4,true,,,
MCOU,TX,00310653004,BYDUREON 2,2021,3,false,272.000,66,49545.15
FFSU,TX,00310654004,BYDUREON B,2021,3,true,,,
MCOU,TX,00310654004,BYDUREON B,2021,3,false,7976.800,2292,1709207.13
MCOU,TX,00310653004,BYDUREON 2,2021,2,false,2011.000,466,366439.00
FFSU,TX,00310653004,BYDUREON 2,2021,2,true,,,
MCOU,TX,00310654004,BYDUREON B,2021,2,false,7063.600,1988,1515967.95
FFSU,TX,00310654004,BYDUREON B,2021,2,true,,,
FFSU,TX,00310653004,BYDUREON 2,2021,1,true,,,
MCOU,TX,00310653004,BYDUREON 2,2021,1,false,9248.000,2103,1692656.18
MCOU,TX,00310654004,BYDUREON B,2021,1,false,3282.450,917,705023.13
FFSU,TX,00310654004,BYDUREON B,2021,1,true,,,
FFSU,UT,00310653004,BYDUREON P,2021,4,true,,,
MCOU,UT,00310654004,BYDUREON B,2021,4,false,302.600,89,92054.53
MCOU,UT,00310653004,BYDUREON P,2021,3,true,,,
FFSU,UT,00310653004,BYDUREON P,2021,3,true,,,
MCOU,UT,00310654004,BYDUREON B,2021,3,false,350.200,103,98014.50
MCOU,UT,00310653004,BYDUREON P,2021,2,false,44.000,11,35333.89
FFSU,UT,00310653004,BYDUREON P,2021,2,true,,,
FFSU,UT,00310654004,BYDUREON B,2021,2,true,,,
MCOU,UT,00310654004,BYDUREON B,2021,2,false,329.800,97,101375.69
MCOU,UT,00310653004,Bydureon P,2021,1,false,320.000,78,84063.86
FFSU,UT,00310653004,Bydureon P,2021,1,false,124.000,31,22668.54
MCOU,UT,00310654004,BYDUREON B,2021,1,false,156.400,46,52300.33
FFSU,UT,00310654004,BYDUREON B,2021,1,false,65.200,19,14009.23
MCOU,VA,00310652004,BYDUREON  ,2021,4,true,,,
MCOU,VA,00310653004,BYDUREON P,2021,4,false,120.000,27,21994.62
MCOU,VA,00310654001,BYDUREON B,2021,4,true,,,
MCOU,VA,00310654004,BYDUREON B,2021,4,false,1553.400,448,336856.33
MCOU,VA,00310653004,BYDUREON P,2021,3,false,224.000,50,41036.23
MCOU,VA,00310654001,BYDUREON B,2021,3,true,,,
MCOU,VA,00310654004,BYDUREON B,2021,3,false,2064.750,495,443135.91
FFSU,VA,00310654004,BYDUREON B,2021,3,true,,,
FFSU,VA,00310653004,BYDUREON P,2021,2,true,,,
MCOU,VA,00310653004,BYDUREON P,2021,2,false,1464.000,326,270149.87
MCOU,VA,00310654001,BYDUREON B,2021,2,true,,,
MCOU,VA,00310654004,BYDUREON B,2021,2,false,1985.700,500,427528.61
FFSU,VA,00310654004,BYDUREON B,2021,2,true,,,
MCOU,VA,00310653004,BYDUREON P,2021,1,false,9424.400,2012,1735559.95
FFSU,VA,00310653004,BYDUREON P,2021,1,true,,,
MCOU,VA,00310654001,BYDUREON B,2021,1,true,,,
MCOU,VA,00310654004,BYDUREON B,2021,1,false,924.800,236,202180.07
FFSU,VT,00310653004,BYDUREON P,2021,4,true,,,
FFSU,VT,00310654004,BYDUREON B,2021,4,false,115.600,34,24996.38
FFSU,VT,00310653004,BYDUREON P,2021,3,true,,,
FFSU,VT,00310654004,BYDUREON B,2021,3,false,91.800,27,19826.31
FFSU,VT,00310653004,BYDUREON P,2021,2,false,96.000,18,17587.83
FFSU,VT,00310654004,BYDUREON B,2021,2,false,102.000,30,20626.16
FFSU,VT,00310653004,Bydureon P,2021,1,false,476.000,93,86263.49
FFSU,VT,00310654004,BYDUREON B,2021,1,true,,,
MCOU,WA,00310653001,BYDUREON P,2021,4,true,,,
MCOU,WA,00310653004,BYDUREON P,2021,4,false,95.400,24,17210.82
MCOU,WA,00310654004,BYDUREON B,2021,4,false,2367.250,656,494927.63
FFSU,WA,00310654004,BYDUREON B,2021,4,false,85.000,25,14742.45
MCOU,WA,00310653001,BYDUREON P,2021,3,true,,,
MCOU,WA,00310653004,BYDUREON P,2021,3,false,134.200,34,24262.92
MCOU,WA,00310654001,BYDUREON B,2021,3,true,,,
FFSU,WA,00310654004,BYDUREON B,2021,3,false,71.400,21,11112.44
MCOU,WA,00310654004,BYDUREON B,2021,3,false,2590.800,740,545817.69
MCOU,WA,00310653004,BYDUREON P,2021,2,false,946.200,231,171031.91
FFSU,WA,00310653004,BYDUREON P,2021,2,false,48.000,12,8770.51
MCOU,WA,00310654001,BYDUREON B,2021,2,true,,,
FFSU,WA,00310654004,BYDUREON B,2021,2,false,61.200,18,10341.62
MCOU,WA,00310654004,BYDUREON B,2021,2,false,2538.950,718,539149.07
MCOU,WA,00310653004,Bydureon P,2021,1,false,9312.000,2256,1679213.47
FFSU,WA,00310653004,Bydureon P,2021,1,false,221.200,56,40204.59
MCOU,WA,00310654001,BYDUREON B,2021,1,true,,,
FFSU,WA,00310654004,BYDUREON B,2021,1,false,47.600,14,7352.17
MCOU,WA,00310654004,BYDUREON B,2021,1,false,1086.300,305,230788.86
FFSU,WI,00310653004,BYDUREON P,2021,4,true,,,
FFSU,WI,00310654004,BYDUREON B,2021,4,true,,,
FFSU,WI,00310653004,BYDUREON P,2021,3,false,72.000,16,13259.65
FFSU,WI,00310654004,BYDUREON B,2021,3,true,,,
FFSU,WI,00310653004,BYDUREON P,2021,2,false,732.000,152,132167.75
FFSU,WI,00310654004,BYDUREON B,2021,2,true,,,
FFSU,WI,00310653004,Bydureon P,2021,1,false,5040.000,1029,926764.26
FFSU,WI,00310654004,BYDUREON B,2021,1,true,,,
FFSU,WV,00310653004,BYDUREON 2,2021,4,true,,,
FFSU,WV,00310654004,BYDUREON B,2021,4,false,71.400,21,15396.99
FFSU,WV,00310653004,BYDUREON 2,2021,3,true,,,
FFSU,WV,00310654004,BYDUREON B,2021,3,false,95.200,28,20593.24
FFSU,WV,00310653004,BYDUREON 2,2021,2,false,80.000,20,14652.65
FFSU,WV,00310654004,BYDUREON B,2021,2,false,51.000,15,10914.98
FFSU,WV,00310653004,BYDUREON 2,2021,1,false,272.000,60,48427.20
FFSU,WV,00310654004,BYDUREON B,2021,1,true,,,
FFSU,WY,00310654004,BYDUREON B,2021,4,true,,,
FFSU,WY,00310654004,BYDUREON B,2021,3,true,,,
FFSU,WY,00310653004,BYDUREON P,2021,2,true,,,
FFSU,WY,00310654004,BYDUREON B,2021,2,false,44.200,11,9522.68
FFSU,WY,00310653004,Bydureon P,2021,1,false,192.000,44,34877.27
MCOU,CA,00024574502,ADLYXIN 10,2021,4,false,189.000,33,22509.57
MCOU,CA,00024574702,ADLYXIN 20,2021,4,false,1971.000,328,232648.29
MCOU,CA,00024574502,ADLYXIN 10,2021,3,false,243.000,42,29082.54
MCOU,CA,00024574702,ADLYXIN 20,2021,3,false,1810.000,302,212526.52
MCOU,CA,00024574502,ADLYXIN 10,2021,2,false,234.000,43,27737.09
MCOU,CA,00024574702,ADLYXIN 20,2021,2,false,1550.000,261,180754.01
MCOU,CA,00024574502,ADLYXIN 10,2021,1,false,226.000,40,26630.94
MCOU,CA,00024574702,ADLYXIN 20,2021,1,false,1190.000,199,137951.04
MCOU,CO,00024574502,ADLYXIN   ,2021,4,true,,,
MCOU,CO,00024574702,ADLYXIN   ,2021,4,true,,,
MCOU,CO,00024574502,ADLYXIN   ,2021,3,true,,,
MCOU,CO,00024574702,ADLYXIN   ,2021,3,true,,,
MCOU,IN,00024574702,ADLYXIN 20,2021,4,true,,,
MCOU,IN,00024574702,ADLYXIN 20,2021,3,true,,,
MCOU,IN,00024574502,ADLYXIN 10,2021,2,true,,,
MCOU,IN,00024574702,ADLYXIN 20,2021,1,true,,,
MCOU,LA,00024574702,ADLYXIN   ,2021,4,true,,,
MCOU,MD,00024574702,ADLYXIN 20,2021,4,true,,,
MCOU,MD,00024574702,ADLYXIN 20,2021,3,true,,,
MCOU,MD,00024574702,ADLYXIN 20,2021,2,true,,,
MCOU,MD,00024574702,ADLYXIN 20,2021,1,true,,,
FFSU,XX,00024574502,ADLYXIN 10,2021,4,true,,,
MCOU,XX,00024574502,ADLYXIN 10,2021,4,false,207.000,36,24512.62
FFSU,XX,00024574702,ADLYXIN 20,2021,4,true,,,
MCOU,XX,00024574702,ADLYXIN 20,2021,4,false,2331.000,384,272046.51
MCOU,XX,00024574502,ADLYXIN 10,2021,3,false,282.000,49,33346.10
FFSU,XX,00024574702,ADLYXIN 20,2021,3,true,,,
MCOU,XX,00024574702,ADLYXIN 20,2021,3,false,2218.000,362,256927.67
MCOU,XX,00024574502,ADLYXIN 10,2021,2,false,261.000,48,30763.49
FFSU,XX,00024574702,ADLYXIN 20,2021,2,true,,,
MCOU,XX,00024574702,ADLYXIN 20,2021,2,false,2000.000,328,227619.27
MCOU,XX,00024574502,ADLYXIN 10,2021,1,false,253.000,45,29627.29
FFSU,XX,00024574702,ADLYXIN 20,2021,1,true,,,
MCOU,XX,00024574702,ADLYXIN 20,2021,1,false,1823.000,288,205315.21
FFSU,NJ,00024574502,ADLYXIN 10,2021,4,true,,,
MCOU,NJ,00024574702,ADLYXIN 20,2021,4,true,,,
MCOU,NJ,00024574702,ADLYXIN 20,2021,3,true,,,
MCOU,NJ,00024574502,ADLYXIN 10,2021,2,true,,,
MCOU,NJ,00024574702,ADLYXIN 20,2021,2,true,,,
MCOU,NJ,00024574702,ADLYXIN 20,2021,1,false,78.000,11,8662.15
MCOU,NV,00024574502,ADLYXIN 10,2021,4,true,,,
MCOU,NV,00024574702,ADLYXIN 20,2021,4,true,,,
MCOU,NV,00024574702,ADLYXIN 20,2021,3,true,,,
MCOU,NV,00024574702,ADLYXIN 20,2021,2,true,,,
MCOU,NV,00024574502,ADLYXIN 10,2021,1,true,,,
MCOU,NV,00024574702,ADLYXIN 20,2021,1,false,96.000,16,10910.56
MCOU,NY,00024574502,ADLYXIN   ,2021,4,true,,,
MCOU,NY,00024574702,ADLYXIN   ,2021,4,true,,,
MCOU,NY,00024574502,ADLYXIN   ,2021,3,true,,,
MCOU,NY,00024574702,ADLYXIN   ,2021,3,true,,,
MCOU,NY,00024574702,ADLYXIN   ,2021,2,false,114.000,15,11509.59
MCOU,NY,00024574702,ADLYXIN   ,2021,1,false,135.000,20,14007.50
MCOU,OH,00024574702,ADLYXIN 20,2021,3,true,,,
MCOU,OH,00024574702,ADLYXIN 20,2021,2,true,,,
MCOU,OH,00024574702,ADLYXIN 20,2021,1,false,108.000,12,11946.20
MCOU,OR,00024574502,ADLYXIN 10,2021,4,true,,,
MCOU,OR,00024574702,ADLYXIN 20,2021,4,false,114.000,19,12490.40
MCOU,OR,00024574502,ADLYXIN 10,2021,3,true,,,
MCOU,OR,00024574702,ADLYXIN 20,2021,3,false,102.000,17,11178.71
MCOU,OR,00024574502,ADLYXIN 10,2021,2,true,,,
MCOU,OR,00024574702,ADLYXIN 20,2021,2,false,120.000,20,13144.32
MCOU,OR,00024574502,ADLYXIN 10,2021,1,true,,,
MCOU,OR,00024574702,ADLYXIN 20,2021,1,false,132.000,22,14397.45
MCOU,PA,00024574702,ADLYXIN 20,2021,2,true,,,
MCOU,PA,00024574702,ADLYXIN 20,2021,1,true,,,
MCOU,RI,00024574702,ADLYXIN 20,2021,4,true,,,
MCOU,RI,00024574702,ADLYXIN 20,2021,3,true,,,
MCOU,RI,00024574702,ADLYXIN 20,2021,2,true,,,
MCOU,RI,00024574502,ADLYXIN 10,2021,1,true,,,
MCOU,RI,00024574702,ADLYXIN 20,2021,1,true,,,
MCOU,UT,00024574702,ADLYXIN 20,2021,4,true,,,
MCOU,UT,00024574702,ADLYXIN 20,2021,3,true,,,
MCOU,UT,00024574702,ADLYXIN 20,2021,2,true,,,
FFSU,WI,00024574702,ADLYXIN 20,2021,4,true,,,
FFSU,WI,00024574702,ADLYXIN 20,2021,3,true,,,
FFSU,WI,00024574702,ADLYXIN 20,2021,2,true,,,
FFSU,WI,00024574702,ADLYXIN 20,2021,1,true,,,
