utilization_type,state,ndc,product_name,year,quarter,suppression_used,units_reimbursed,number_of_prescriptions,total_amount_reimbursed
FFSU,AK,00169413001,OZEMPIC   ,2022,4,true,,,
FFSU,AK,00169413013,OZEMPIC   ,2022,4,false,5148.000,1544,1420415.78
FFSU,AK,00169413211,OZEMPIC   ,2022,4,true,,,
FFSU,AK,00169413212,OZEMPIC   ,2022,4,false,2332.500,1462,1291065.57
FFSU,AK,00169477212,OZEMPIC   ,2022,4,false,957.000,309,264072.00
FFSU,AK,00169413013,OZEMPIC   ,2022,3,false,5004.000,1454,1376338.59
FFSU,AK,00169413212,OZEMPIC   ,2022,3,false,2406.000,1482,1324401.97
FFSU,AK,00169477212,OZEMPIC   ,2022,3,false,639.000,209,178495.07
FFSU,AK,00169413013,OZEMPIC   ,2022,2,false,4092.000,1201,1124155.28
FFSU,AK,00169413212,OZEMPIC   ,2022,2,false,2287.500,1415,1254399.30
FFSU,AK,00169477212,OZEMPIC   ,2022,2,false,159.000,53,45051.99
FFSU,AK,00169413013,OZEMPIC   ,2022,1,false,3219.000,956,874594.36
FFSU,AK,00169413212,OZEMPIC   ,2022,1,false,1860.000,1157,1009697.29
FFSU,AL,00169413001,OZEMPIC 1M,2022,4,true,,,
FFSU,AL,00169413013,OZEMPIC 1M,2022,4,false,3061.000,1004,906388.19
FFSU,AL,00169413212,OZEMPIC 0.,2022,4,false,1816.500,1208,1085068.51
FFSU,AL,00169413602,OZEMPIC 1M,2022,4,true,,,
FFSU,AL,00169477212,OZEMPIC 2M,2022,4,false,527.000,176,157704.25
FFSU,AL,00169413001,OZEMPIC 1M,2022,3,true,,,
FFSU,AL,00169413013,OZEMPIC 1M,2022,3,false,2976.000,977,872925.14
FFSU,AL,00169413211,OZEMPIC 0.,2022,3,true,,,
FFSU,AL,00169413212,OZEMPIC 0.,2022,3,false,1807.500,1201,1061316.76
FFSU,AL,00169413602,OZEMPIC 1M,2022,3,true,,,
FFSU,AL,00169477212,OZEMPIC 2M,2022,3,false,338.000,113,99371.77
FFSU,AL,00169413001,OZEMPIC 1M,2022,2,true,,,
FFSU,AL,00169413013,OZEMPIC 1M,2022,2,false,2631.000,864,774969.29
FFSU,AL,00169413212,OZEMPIC 0.,2022,2,false,1761.000,1168,1044370.45
FFSU,AL,00169413602,OZEMPIC 1M,2022,2,true,,,
FFSU,AL,00169477212,OZEMPIC 2M,2022,2,false,102.000,34,29478.34
FFSU,AL,00169413001,OZEMPIC 1M,2022,1,true,,,
FFSU,AL,00169413013,OZEMPIC 1M,2022,1,false,1987.500,658,580824.52
FFSU,AL,00169413211,OZEMPIC 0.,2022,1,true,,,
FFSU,AL,00169413212,OZEMPIC 0.,2022,1,false,1306.500,871,774755.38
FFSU,AL,00169413602,OZEMPIC 1M,2022,1,false,96.000,33,32773.59
FFSU,AR,00169413013,OZEMPIC   ,2022,4,false,66.000,22,19140.66
MCOU,AR,00169413013,OZEMPIC   ,2022,4,false,96.000,32,28281.87
MCOU,AR,00169413212,OZEMPIC   ,2022,4,false,48.000,32,28098.88
FFSU,AR,00169413212,OZEMPIC   ,2022,4,false,31.500,21,18192.30
FFSU,AR,00169477212,OZEMPIC   ,2022,4,false,36.000,12,10314.93
MCOU,AR,00169477212,OZEMPIC   ,2022,4,true,,,
MCOU,AR,00169413013,OZEMPIC   ,2022,3,false,57.000,19,16780.85
FFSU,AR,00169413013,OZEMPIC   ,2022,3,false,57.000,19,16530.57
MCOU,AR,00169413212,OZEMPIC   ,2022,3,false,55.500,37,32603.36
FFSU,AR,00169413212,OZEMPIC   ,2022,3,false,33.000,22,19058.60
MCOU,AR,00169477212,OZEMPIC   ,2022,3,true,,,
FFSU,AR,00169477212,OZEMPIC   ,2022,3,true,,,
FFSU,AR,00169413013,OZEMPIC   ,2022,2,false,39.000,13,11247.71
MCOU,AR,00169413013,OZEMPIC   ,2022,2,false,36.000,12,10648.32
MCOU,AR,00169413212,OZEMPIC   ,2022,2,false,42.000,28,24668.90
FFSU,AR,00169413212,OZEMPIC   ,2022,2,true,,,
MCOU,AR,00169477212,OZEMPIC   ,2022,2,true,,,
MCOU,AR,00169413013,OZEMPIC   ,2022,1,false,45.000,15,13189.74
FFSU,AR,00169413013,OZEMPIC   ,2022,1,false,33.000,11,9399.70
FFSU,AR,00169413212,OZEMPIC   ,2022,1,true,,,
MCOU,AR,00169413212,OZEMPIC   ,2022,1,false,24.000,16,14096.27
MCOU,AZ,00169413013,OZEMPIC   ,2022,4,false,786.000,220,224611.74
FFSU,AZ,00169413013,OZEMPIC   ,2022,4,true,,,
FFSU,AZ,00169413212,OZEMPIC   ,2022,4,false,18.000,12,9726.97
MCOU,AZ,00169413212,OZEMPIC   ,2022,4,false,450.000,279,258494.47
FFSU,AZ,00169413602,OZEMPIC   ,2022,4,true,,,
MCOU,AZ,00169477212,OZEMPIC   ,2022,4,false,315.000,92,90430.31
FFSU,AZ,00169413013,OZEMPIC   ,2022,3,false,33.000,11,8845.98
MCOU,AZ,00169413013,OZEMPIC   ,2022,3,false,936.000,245,267586.90
FFSU,AZ,00169413212,OZEMPIC   ,2022,3,false,33.000,22,16411.82
MCOU,AZ,00169413212,OZEMPIC   ,2022,3,false,538.500,312,307960.01
MCOU,AZ,00169477212,OZEMPIC   ,2022,3,false,123.000,35,34464.84
FFSU,AZ,00169413013,OZEMPIC   ,2022,2,true,,,
MCOU,AZ,00169413013,OZEMPIC   ,2022,2,false,1029.000,252,293362.58
MCOU,AZ,00169413212,OZEMPIC   ,2022,2,false,472.500,268,271605.88
FFSU,AZ,00169413212,OZEMPIC   ,2022,2,false,43.500,28,23262.97
MCOU,AZ,00169477212,OZEMPIC   ,2022,2,false,63.000,14,18011.35
MCOU,AZ,00169413013,OZEMPIC   ,2022,1,false,759.000,188,213563.89
FFSU,AZ,00169413013,OZEMPIC   ,2022,1,true,,,
FFSU,AZ,00169413212,OZEMPIC   ,2022,1,false,43.500,29,22956.21
MCOU,AZ,00169413212,OZEMPIC   ,2022,1,false,349.500,197,199394.04
FFSU,AZ,00169413602,OZEMPIC   ,2022,1,true,,,
FFSU,CA,00169413001,OZEMPIC 1M,2022,4,false,162.000,52,47169.42
FFSU,CA,00169413013,OZEMPIC 1M,2022,4,false,74481.500,19704,21587744.21
MCOU,CA,00169413013,OZEMPIC 1M,2022,4,false,321.750,94,99627.04
FFSU,CA,00169413211,OZEMPIC 0.,2022,4,false,88.500,55,51275.20
MCOU,CA,00169413212,OZEMPIC 0.,2022,4,false,144.000,93,88496.66
FFSU,CA,00169413212,OZEMPIC 0.,2022,4,false,57378.250,32283,33123818.03
FFSU,CA,00169413602,OZEMPIC 1M,2022,4,false,264.000,78,76296.57
FFSU,CA,00169477211,OZEMPIC 2M,2022,4,false,81.000,23,23431.98
FFSU,CA,00169477212,OZEMPIC 2M,2022,4,false,10615.500,2987,3071155.92
MCOU,CA,00169477212,OZEMPIC 2M,2022,4,true,,,
FFSU,CA,00169413001,OZEMPIC 1M,2022,3,false,94.000,30,27362.34
MCOU,CA,00169413013,OZEMPIC 1M,2022,3,false,270.000,83,83592.42
FFSU,CA,00169413013,OZEMPIC 1M,2022,3,false,76448.500,19921,22159455.90
FFSU,CA,00169413211,OZEMPIC 0.,2022,3,false,69.500,44,40280.32
MCOU,CA,00169413212,OZEMPIC 0.,2022,3,false,156.000,104,95963.12
FFSU,CA,00169413212,OZEMPIC 0.,2022,3,false,67420.250,37035,38925450.75
FFSU,CA,00169413602,OZEMPIC 1M,2022,3,false,393.000,127,113706.96
MCOU,CA,00169413602,OZEMPIC 1M,2022,3,true,,,
FFSU,CA,00169477211,OZEMPIC 2M,2022,3,false,33.000,11,9565.54
MCOU,CA,00169477212,OZEMPIC 2M,2022,3,true,,,
FFSU,CA,00169477212,OZEMPIC 2M,2022,3,false,8532.000,2193,2515996.19
FFSU,CA,00169413001,OZEMPIC 1M,2022,2,false,47.000,16,13595.01
FFSU,CA,00169413013,OZEMPIC 1M,2022,2,false,52416.500,13661,15202000.59
MCOU,CA,00169413013,OZEMPIC 1M,2022,2,false,213.000,68,65920.01
FFSU,CA,00169413211,OZEMPIC 0.,2022,2,false,55.500,35,32175.80
FFSU,CA,00169413212,OZEMPIC 0.,2022,2,false,41573.500,22995,24018798.18
MCOU,CA,00169413212,OZEMPIC 0.,2022,2,false,120.000,76,73969.06
FFSU,CA,00169413602,OZEMPIC 1M,2022,2,false,553.000,175,159760.39
MCOU,CA,00169413602,OZEMPIC 1M,2022,2,true,,,
MCOU,CA,00169477212,OZEMPIC 2M,2022,2,true,,,
FFSU,CA,00169477212,OZEMPIC 2M,2022,2,false,1335.000,294,400147.32
FFSU,CA,00169413001,OZEMPIC 1M,2022,1,false,48.000,14,13703.74
MCOU,CA,00169413013,OZEMPIC 1M,2022,1,false,110.000,38,33375.52
FFSU,CA,00169413013,OZEMPIC 1M,2022,1,false,34604.500,9370,9972259.11
FFSU,CA,00169413211,OZEMPIC 0.,2022,1,false,43.500,29,25090.06
FFSU,CA,00169413212,OZEMPIC 0.,2022,1,false,26850.500,14934,15408534.67
MCOU,CA,00169413212,OZEMPIC 0.,2022,1,false,122.000,74,74304.27
FFSU,CA,00169413602,OZEMPIC 1M,2022,1,false,801.000,236,228295.57
MCOU,CO,00169413001,OZEMPIC   ,2022,4,true,,,
MCOU,CO,00169413013,OZEMPIC   ,2022,4,false,87.000,29,25072.29
FFSU,CO,00169413013,OZEMPIC   ,2022,4,false,1095.000,230,313401.77
MCOU,CO,00169413212,OZEMPIC   ,2022,4,false,36.000,22,20687.67
FFSU,CO,00169413212,OZEMPIC   ,2022,4,false,547.500,292,313106.69
FFSU,CO,00169413602,OZEMPIC   ,2022,4,true,,,
MCOU,CO,00169413602,OZEMPIC   ,2022,4,true,,,
MCOU,CO,00169477212,OZEMPIC   ,2022,4,true,,,
FFSU,CO,00169477212,OZEMPIC   ,2022,4,false,348.000,82,99917.15
FFSU,CO,00169413013,OZEMPIC   ,2022,3,false,1188.000,234,335210.45
MCOU,CO,00169413013,OZEMPIC   ,2022,3,false,60.000,20,17325.91
MCOU,CO,00169413212,OZEMPIC   ,2022,3,false,33.000,20,18960.50
FFSU,CO,00169413212,OZEMPIC   ,2022,3,false,564.000,279,321100.18
MCOU,CO,00169413602,OZEMPIC   ,2022,3,true,,,
FFSU,CO,00169413602,OZEMPIC   ,2022,3,true,,,
MCOU,CO,00169477212,OZEMPIC   ,2022,3,true,,,
FFSU,CO,00169477212,OZEMPIC   ,2022,3,false,174.000,39,50033.94
FFSU,CO,00169413013,OZEMPIC   ,2022,2,false,887.000,193,249740.79
MCOU,CO,00169413013,OZEMPIC   ,2022,2,false,51.000,17,14778.26
MCOU,CO,00169413212,OZEMPIC   ,2022,2,false,22.500,11,12967.63
FFSU,CO,00169413212,OZEMPIC   ,2022,2,false,504.000,248,287363.69
FFSU,CO,00169413602,OZEMPIC   ,2022,2,true,,,
FFSU,CO,00169477212,OZEMPIC   ,2022,2,false,75.000,16,21804.93
FFSU,CO,00169413013,OZEMPIC   ,2022,1,false,903.000,185,258062.99
MCOU,CO,00169413013,OZEMPIC   ,2022,1,false,54.000,18,15580.80
FFSU,CO,00169413212,OZEMPIC   ,2022,1,false,376.500,199,211375.99
MCOU,CO,00169413212,OZEMPIC   ,2022,1,true,,,
FFSU,CO,00169413602,OZEMPIC   ,2022,1,true,,,
FFSU,CT,00169413013,OZEMPIC 1M,2022,4,false,21195.500,4661,6132286.29
FFSU,CT,00169413212,OZEMPIC 0.,2022,4,false,12340.500,6572,7122613.35
FFSU,CT,00169413602,OZEMPIC 1M,2022,4,false,78.000,13,22388.00
FFSU,CT,00169477212,OZEMPIC 2M,2022,4,false,3226.500,805,930852.01
FFSU,CT,00169413013,OZEMPIC 1M,2022,3,false,17701.000,3853,5120730.12
FFSU,CT,00169413212,OZEMPIC 0.,2022,3,false,11781.000,6063,6797093.32
FFSU,CT,00169413602,OZEMPIC 1M,2022,3,false,87.000,16,24987.35
FFSU,CT,00169477212,OZEMPIC 2M,2022,3,false,2633.000,631,773937.36
FFSU,CT,00169413013,OZEMPIC 1M,2022,2,false,14895.000,3155,4307866.98
FFSU,CT,00169413212,OZEMPIC 0.,2022,2,false,8254.000,4119,4759885.32
FFSU,CT,00169413602,OZEMPIC 1M,2022,2,false,63.000,12,18098.74
FFSU,CT,00169477212,OZEMPIC 2M,2022,2,false,1232.000,235,368778.71
FFSU,CT,00169413013,OZEMPIC 1M,2022,1,false,12561.000,2631,3584959.27
FFSU,CT,00169413212,OZEMPIC 0.,2022,1,false,6930.000,3367,3944041.61
FFSU,CT,00169413602,OZEMPIC 1M,2022,1,false,123.000,27,34714.22
MCOU,DC,00169413001,OZEMPIC 1 ,2022,4,false,36.000,12,10620.26
FFSU,DC,00169413013,OZEMPIC 1 ,2022,4,false,99.000,31,28759.64
MCOU,DC,00169413013,OZEMPIC 1 ,2022,4,false,1960.000,557,527425.36
MCOU,DC,00169413211,OZEMPIC 0.,2022,4,false,21.000,14,12231.34
FFSU,DC,00169413211,OZEMPIC 0.,2022,4,true,,,
FFSU,DC,00169413212,OZEMPIC 0.,2022,4,false,69.000,45,39937.55
MCOU,DC,00169413212,OZEMPIC 0.,2022,4,false,1113.000,597,592702.34
MCOU,DC,00169413602,OZEMPIC 1 ,2022,4,true,,,
MCOU,DC,00169413611,OZEMPIC 1 ,2022,4,true,,,
MCOU,DC,00169477211,OZEMPIC 2 ,2022,4,true,,,
MCOU,DC,00169477212,OZEMPIC 2 ,2022,4,false,240.000,74,69686.09
FFSU,DC,00169477212,OZEMPIC 2 ,2022,4,true,,,
MCOU,DC,00169413001,OZEMPIC 1 ,2022,3,true,,,
FFSU,DC,00169413013,OZEMPIC 1 ,2022,3,false,63.000,19,18293.48
MCOU,DC,00169413013,OZEMPIC 1 ,2022,3,false,1905.000,565,542495.26
MCOU,DC,00169413211,OZEMPIC 0.,2022,3,true,,,
FFSU,DC,00169413212,OZEMPIC 0.,2022,3,false,52.500,35,30395.75
MCOU,DC,00169413212,OZEMPIC 0.,2022,3,false,1135.500,614,635571.32
MCOU,DC,00169413602,OZEMPIC 1 ,2022,3,true,,,
MCOU,DC,00169413611,OZEMPIC 1 ,2022,3,true,,,
FFSU,DC,00169477211,OZEMPIC 2 ,2022,3,true,,,
FFSU,DC,00169477212,OZEMPIC 2 ,2022,3,true,,,
MCOU,DC,00169477212,OZEMPIC 2 ,2022,3,false,153.000,51,44603.20
MCOU,DC,00169413001,OZEMPIC 1 ,2022,2,true,,,
MCOU,DC,00169413013,OZEMPIC 1 ,2022,2,false,2085.000,591,596220.32
FFSU,DC,00169413013,OZEMPIC 1 ,2022,2,false,63.000,19,18293.48
MCOU,DC,00169413211,OZEMPIC 0.,2022,2,true,,,
MCOU,DC,00169413212,OZEMPIC 0.,2022,2,false,1121.000,669,651883.73
FFSU,DC,00169413212,OZEMPIC 0.,2022,2,false,28.500,19,16500.55
MCOU,DC,00169413602,OZEMPIC 1 ,2022,2,false,34.500,12,10016.03
MCOU,DC,00169413611,OZEMPIC 1 ,2022,2,true,,,
FFSU,DC,00169477211,OZEMPIC 2 ,2022,2,true,,,
FFSU,DC,00169477212,OZEMPIC 2 ,2022,2,true,,,
MCOU,DC,00169477212,OZEMPIC 2 ,2022,2,false,66.000,22,19271.92
MCOU,DC,00169413001,OZEMPIC 1 ,2022,1,true,,,
FFSU,DC,00169413013,OZEMPIC 1 ,2022,1,false,39.000,12,11249.09
MCOU,DC,00169413013,OZEMPIC 1 ,2022,1,false,1567.500,477,454622.25
MCOU,DC,00169413211,OZEMPIC 0.,2022,1,true,,,
FFSU,DC,00169413212,OZEMPIC 0.,2022,1,true,,,
MCOU,DC,00169413212,OZEMPIC 0.,2022,1,false,883.500,521,502045.28
MCOU,DC,00169413602,OZEMPIC 1 ,2022,1,false,69.000,24,20049.30
MCOU,DC,00169413611,OZEMPIC 1 ,2022,1,true,,,
FFSU,DE,00169413013,OZEMPIC 1M,2022,4,true,,,
MCOU,DE,00169413013,OZEMPIC 1M,2022,4,false,3477.000,1097,1002417.65
MCOU,DE,00169413212,OZEMPIC 0.,2022,4,false,2034.000,1331,1168256.39
FFSU,DE,00169413212,OZEMPIC 0.,2022,4,true,,,
MCOU,DE,00169413602,OZEMPIC 1M,2022,4,true,,,
MCOU,DE,00169477212,OZEMPIC 2M,2022,4,false,590.000,197,169713.57
MCOU,DE,00169413013,OZEMPIC 1M,2022,3,false,3345.000,1081,964776.12
FFSU,DE,00169413013,OZEMPIC 1M,2022,3,true,,,
MCOU,DE,00169413211,OZEMPIC 0.,2022,3,true,,,
MCOU,DE,00169413212,OZEMPIC 0.,2022,3,false,1828.500,1202,1052427.79
MCOU,DE,00169413602,OZEMPIC 1M,2022,3,true,,,
MCOU,DE,00169477212,OZEMPIC 2M,2022,3,false,285.000,93,82495.26
FFSU,DE,00169413013,OZEMPIC 1M,2022,2,true,,,
MCOU,DE,00169413013,OZEMPIC 1M,2022,2,false,3141.000,1020,906283.77
MCOU,DE,00169413212,OZEMPIC 0.,2022,2,false,1801.500,1184,1035114.55
MCOU,DE,00169413602,OZEMPIC 1M,2022,2,true,,,
MCOU,DE,00169477212,OZEMPIC 2M,2022,2,false,105.000,33,31067.45
MCOU,DE,00169413013,OZEMPIC 1M,2022,1,false,2820.000,925,813776.52
MCOU,DE,00169413211,OZEMPIC 0.,2022,1,true,,,
MCOU,DE,00169413212,OZEMPIC 0.,2022,1,false,1708.500,1131,969235.22
MCOU,DE,00169413602,OZEMPIC 1M,2022,1,false,39.000,12,10899.58
MCOU,FL,00169413001,OZEMPIC   ,2022,4,true,,,
FFSU,FL,00169413013,OZEMPIC   ,2022,4,false,207.000,65,39015.58
MCOU,FL,00169413013,OZEMPIC   ,2022,4,false,2727.000,904,769427.75
MCOU,FL,00169413211,OZEMPIC   ,2022,4,true,,,
FFSU,FL,00169413212,OZEMPIC   ,2022,4,false,87.000,58,39977.37
MCOU,FL,00169413212,OZEMPIC   ,2022,4,false,1558.500,992,880175.86
MCOU,FL,00169413602,OZEMPIC   ,2022,4,true,,,
FFSU,FL,00169477212,OZEMPIC   ,2022,4,true,,,
MCOU,FL,00169477212,OZEMPIC   ,2022,4,false,444.000,148,125272.40
FFSU,FL,00169413013,OZEMPIC   ,2022,3,false,159.000,52,35713.63
MCOU,FL,00169413013,OZEMPIC   ,2022,3,false,2436.000,801,684126.26
MCOU,FL,00169413211,OZEMPIC   ,2022,3,true,,,
FFSU,FL,00169413212,OZEMPIC   ,2022,3,false,118.500,79,50354.46
MCOU,FL,00169413212,OZEMPIC   ,2022,3,false,1962.000,1237,1111394.18
MCOU,FL,00169413602,OZEMPIC   ,2022,3,true,,,
FFSU,FL,00169477212,OZEMPIC   ,2022,3,true,,,
MCOU,FL,00169477212,OZEMPIC   ,2022,3,false,294.000,98,83664.85
FFSU,FL,00169413013,OZEMPIC   ,2022,2,false,141.000,47,29703.34
MCOU,FL,00169413013,OZEMPIC   ,2022,2,false,2100.000,689,592625.11
MCOU,FL,00169413212,OZEMPIC   ,2022,2,false,1630.500,1027,910829.13
FFSU,FL,00169413212,OZEMPIC   ,2022,2,false,103.500,69,53108.97
FFSU,FL,00169413602,OZEMPIC   ,2022,2,true,,,
MCOU,FL,00169413602,OZEMPIC   ,2022,2,true,,,
MCOU,FL,00169477212,OZEMPIC   ,2022,2,false,83.000,28,23576.91
FFSU,FL,00169477212,OZEMPIC   ,2022,2,true,,,
MCOU,FL,00169413013,OZEMPIC   ,2022,1,false,2022.000,664,571507.87
FFSU,FL,00169413013,OZEMPIC   ,2022,1,false,135.000,45,26713.88
FFSU,FL,00169413212,OZEMPIC   ,2022,1,false,99.000,66,48779.72
MCOU,FL,00169413212,OZEMPIC   ,2022,1,false,1837.500,1173,1039829.60
MCOU,FL,00169413602,OZEMPIC   ,2022,1,true,,,
FFSU,GA,00169413001,OZEMPIC   ,2022,4,true,,,
MCOU,GA,00169413013,OZEMPIC   ,2022,4,false,2914.500,967,864199.99
FFSU,GA,00169413013,OZEMPIC   ,2022,4,false,996.000,332,287707.80
MCOU,GA,00169413211,OZEMPIC   ,2022,4,true,,,
FFSU,GA,00169413212,OZEMPIC   ,2022,4,false,459.000,306,265570.31
MCOU,GA,00169413212,OZEMPIC   ,2022,4,false,1426.500,949,863071.01
MCOU,GA,00169413602,OZEMPIC   ,2022,4,true,,,
MCOU,GA,00169477211,OZEMPIC   ,2022,4,true,,,
MCOU,GA,00169477212,OZEMPIC   ,2022,4,false,576.000,192,170445.30
FFSU,GA,00169477212,OZEMPIC   ,2022,4,false,63.000,21,18231.57
MCOU,GA,00169413013,OZEMPIC   ,2022,3,false,2721.000,900,814304.10
FFSU,GA,00169413013,OZEMPIC   ,2022,3,false,1035.000,345,300722.70
MCOU,GA,00169413211,OZEMPIC   ,2022,3,true,,,
FFSU,GA,00169413212,OZEMPIC   ,2022,3,false,529.500,348,305533.21
MCOU,GA,00169413212,OZEMPIC   ,2022,3,false,1647.000,1095,998131.11
MCOU,GA,00169413602,OZEMPIC   ,2022,3,true,,,
FFSU,GA,00169477212,OZEMPIC   ,2022,3,true,,,
MCOU,GA,00169477212,OZEMPIC   ,2022,3,false,261.000,87,75227.20
MCOU,GA,00169413013,OZEMPIC   ,2022,2,false,1980.000,656,592879.85
FFSU,GA,00169413013,OZEMPIC   ,2022,2,false,969.000,323,280679.52
MCOU,GA,00169413211,OZEMPIC   ,2022,2,true,,,
MCOU,GA,00169413212,OZEMPIC   ,2022,2,false,1239.000,819,752451.57
FFSU,GA,00169413212,OZEMPIC   ,2022,2,false,487.500,325,281744.56
FFSU,GA,00169413602,OZEMPIC   ,2022,2,true,,,
MCOU,GA,00169413602,OZEMPIC   ,2022,2,true,,,
MCOU,GA,00169477212,OZEMPIC   ,2022,2,false,129.000,43,36618.50
FFSU,GA,00169477212,OZEMPIC   ,2022,2,true,,,
MCOU,GA,00169413013,OZEMPIC   ,2022,1,false,1782.000,590,530900.23
FFSU,GA,00169413013,OZEMPIC   ,2022,1,false,792.000,264,228439.09
MCOU,GA,00169413211,OZEMPIC   ,2022,1,true,,,
FFSU,GA,00169413212,OZEMPIC   ,2022,1,false,397.500,264,228262.34
MCOU,GA,00169413212,OZEMPIC   ,2022,1,false,1027.500,680,614422.80
MCOU,GA,00169413602,OZEMPIC   ,2022,1,false,60.000,20,16967.43
FFSU,GA,00169413602,OZEMPIC   ,2022,1,true,,,
MCOU,HI,00169413013,OZEMPIC 1 ,2022,4,false,3246.000,766,807539.06
MCOU,HI,00169413212,OZEMPIC 0.,2022,4,false,1441.500,683,742150.97
FFSU,HI,00169413212,OZEMPIC 0.,2022,4,true,,,
MCOU,HI,00169477212,OZEMPIC 2 ,2022,4,false,909.000,215,232477.13
MCOU,HI,00169413013,OZEMPIC 1 ,2022,3,false,6342.000,1507,1234269.22
FFSU,HI,00169413212,OZEMPIC 0.,2022,3,true,,,
MCOU,HI,00169413212,OZEMPIC 0.,2022,3,false,3432.000,1593,1111493.59
MCOU,HI,00169413602,OZEMPIC 1 ,2022,3,true,,,
MCOU,HI,00169477212,OZEMPIC 2 ,2022,3,false,858.000,192,147370.62
MCOU,HI,00169413001,OZEMPIC 1 ,2022,2,true,,,
MCOU,HI,00169413013,OZEMPIC 1 ,2022,2,false,6438.000,1468,1223484.50
MCOU,HI,00169413212,OZEMPIC 0.,2022,2,false,3394.500,1623,1086713.72
FFSU,HI,00169413212,OZEMPIC 0.,2022,2,true,,,
MCOU,HI,00169413602,OZEMPIC 1 ,2022,2,true,,,
MCOU,HI,00169477211,OZEMPIC 2 ,2022,2,true,,,
MCOU,HI,00169477212,OZEMPIC 2 ,2022,2,false,453.000,95,64681.55
MCOU,HI,00169413013,OZEMPIC 1 ,2022,1,false,3291.000,766,817373.70
FFSU,HI,00169413212,OZEMPIC 0.,2022,1,true,,,
MCOU,HI,00169413212,OZEMPIC 0.,2022,1,false,1407.000,680,719732.39
MCOU,HI,00169413602,OZEMPIC 1 ,2022,1,true,,,
FFSU,IA,00169413013,OZEMPIC 1M,2022,4,false,66.000,20,14891.86
MCOU,IA,00169413013,OZEMPIC 1M,2022,4,false,5751.000,1612,1643395.66
MCOU,IA,00169413211,OZEMPIC 0.,2022,4,true,,,
MCOU,IA,00169413212,OZEMPIC 0.,2022,4,false,2055.000,1192,1174898.76
FFSU,IA,00169413212,OZEMPIC 0.,2022,4,false,27.000,18,6596.82
MCOU,IA,00169413602,OZEMPIC 1M,2022,4,true,,,
MCOU,IA,00169477212,OZEMPIC 2M,2022,4,false,1296.000,391,377247.15
FFSU,IA,00169477212,OZEMPIC 2M,2022,4,true,,,
MCOU,IA,00169413001,OZEMPIC 1M,2022,3,true,,,
FFSU,IA,00169413013,OZEMPIC 1M,2022,3,false,72.000,22,12528.74
MCOU,IA,00169413013,OZEMPIC 1M,2022,3,false,6471.000,1730,1847795.87
FFSU,IA,00169413212,OZEMPIC 0.,2022,3,false,27.000,18,9402.68
MCOU,IA,00169413212,OZEMPIC 0.,2022,3,false,2196.000,1251,1254499.15
MCOU,IA,00169413602,OZEMPIC 1M,2022,3,true,,,
MCOU,IA,00169477212,OZEMPIC 2M,2022,3,false,921.000,251,274246.79
FFSU,IA,00169477212,OZEMPIC 2M,2022,3,true,,,
MCOU,IA,00169413001,OZEMPIC 1M,2022,2,true,,,
FFSU,IA,00169413013,OZEMPIC 1M,2022,2,false,66.000,22,12481.54
MCOU,IA,00169413013,OZEMPIC 1M,2022,2,false,6623.250,1775,1892459.57
FFSU,IA,00169413212,OZEMPIC 0.,2022,2,false,31.500,21,13724.46
MCOU,IA,00169413212,OZEMPIC 0.,2022,2,false,2122.500,1212,1214149.08
MCOU,IA,00169413602,OZEMPIC 1M,2022,2,true,,,
FFSU,IA,00169477212,OZEMPIC 2M,2022,2,true,,,
MCOU,IA,00169477212,OZEMPIC 2M,2022,2,false,411.000,103,122243.36
MCOU,IA,00169413013,OZEMPIC 1M,2022,1,false,6432.000,1725,1828365.63
FFSU,IA,00169413013,OZEMPIC 1M,2022,1,false,66.000,22,9922.07
FFSU,IA,00169413212,OZEMPIC 0.,2022,1,false,36.000,24,15744.82
MCOU,IA,00169413212,OZEMPIC 0.,2022,1,false,2217.000,1261,1261184.00
MCOU,IA,00169413602,OZEMPIC 1M,2022,1,true,,,
MCOU,IA,00169413611,OZEMPIC 1M,2022,1,true,,,
FFSU,ID,00169413013,OZEMPIC   ,2022,4,false,8414.500,2776,2440108.98
FFSU,ID,00169413211,OZEMPIC   ,2022,4,true,,,
FFSU,ID,00169413212,OZEMPIC   ,2022,4,false,4691.000,3065,2676318.97
FFSU,ID,00169413602,OZEMPIC   ,2022,4,true,,,
FFSU,ID,00169477212,OZEMPIC   ,2022,4,false,1599.000,535,482161.19
FFSU,ID,00169413013,OZEMPIC   ,2022,3,false,7429.500,2449,2152144.30
FFSU,ID,00169413212,OZEMPIC   ,2022,3,false,5143.500,3359,2967459.49
FFSU,ID,00169413602,OZEMPIC   ,2022,3,true,,,
FFSU,ID,00169477212,OZEMPIC   ,2022,3,false,1119.000,370,335206.27
FFSU,ID,00169413013,OZEMPIC   ,2022,2,false,6785.000,2240,1964359.66
FFSU,ID,00169413212,OZEMPIC   ,2022,2,false,4344.000,2819,2505278.58
FFSU,ID,00169413602,OZEMPIC   ,2022,2,true,,,
FFSU,ID,00169477212,OZEMPIC   ,2022,2,false,279.000,93,82916.79
FFSU,ID,00169413013,OZEMPIC   ,2022,1,false,5637.000,1843,1633047.40
FFSU,ID,00169413212,OZEMPIC   ,2022,1,false,3543.500,2273,2031249.63
FFSU,ID,00169413602,OZEMPIC   ,2022,1,true,,,
MCOU,IL,00169413001,OZEMPIC 1M,2022,4,true,,,
MCOU,IL,00169413013,OZEMPIC 1M,2022,4,false,4624.500,1173,1800914.65
FFSU,IL,00169413013,OZEMPIC 1M,2022,4,false,501.000,133,156063.88
MCOU,IL,00169413211,OZEMPIC 0.,2022,4,true,,,
FFSU,IL,00169413212,OZEMPIC 0.,2022,4,false,306.000,157,218390.97
MCOU,IL,00169413212,OZEMPIC 0.,2022,4,false,1914.000,1064,1732301.82
MCOU,IL,00169413602,OZEMPIC 1M,2022,4,true,,,
MCOU,IL,00169477212,OZEMPIC 2M,2022,4,false,990.000,291,464344.31
FFSU,IL,00169477212,OZEMPIC 2M,2022,4,false,123.000,28,38220.74
FFSU,IL,00169413013,OZEMPIC 1M,2022,3,false,495.000,138,164219.29
MCOU,IL,00169413013,OZEMPIC 1M,2022,3,false,4602.000,1107,1836025.06
MCOU,IL,00169413212,OZEMPIC 0.,2022,3,false,2088.000,1079,1825318.80
FFSU,IL,00169413212,OZEMPIC 0.,2022,3,false,355.500,181,236521.18
MCOU,IL,00169413602,OZEMPIC 1M,2022,3,true,,,
MCOU,IL,00169477211,OZEMPIC 2M,2022,3,true,,,
FFSU,IL,00169477212,OZEMPIC 2M,2022,3,false,66.000,20,40315.90
MCOU,IL,00169477212,OZEMPIC 2M,2022,3,false,696.000,187,356556.05
MCOU,IL,00169413013,OZEMPIC 1M,2022,2,false,3831.000,948,1638832.71
FFSU,IL,00169413013,OZEMPIC 1M,2022,2,false,516.000,131,163225.23
MCOU,IL,00169413212,OZEMPIC 0.,2022,2,false,1726.500,886,1584172.09
FFSU,IL,00169413212,OZEMPIC 0.,2022,2,false,223.500,124,143658.59
MCOU,IL,00169413602,OZEMPIC 1M,2022,2,true,,,
FFSU,IL,00169477212,OZEMPIC 2M,2022,2,true,,,
MCOU,IL,00169477212,OZEMPIC 2M,2022,2,false,243.000,57,111457.38
MCOU,IL,00169413001,OZEMPIC 1M,2022,1,true,,,
MCOU,IL,00169413013,OZEMPIC 1M,2022,1,false,4536.000,1102,2273240.02
FFSU,IL,00169413013,OZEMPIC 1M,2022,1,false,480.000,122,150115.23
FFSU,IL,00169413212,OZEMPIC 0.,2022,1,false,201.000,115,130541.85
MCOU,IL,00169413212,OZEMPIC 0.,2022,1,false,2029.500,1059,2017523.38
MCOU,IL,00169413602,OZEMPIC 1M,2022,1,true,,,
FFSU,IL,00169413602,OZEMPIC 1M,2022,1,true,,,
FFSU,IN,00169413013,OZEMPIC 1M,2022,4,false,381.000,112,108775.50
MCOU,IN,00169413013,OZEMPIC 1M,2022,4,false,24471.000,7002,6730746.41
MCOU,IN,00169413211,OZEMPIC 0.,2022,4,true,,,
MCOU,IN,00169413212,OZEMPIC 0.,2022,4,false,13562.000,8250,7474349.20
FFSU,IN,00169413212,OZEMPIC 0.,2022,4,false,177.000,97,101311.38
MCOU,IN,00169477212,OZEMPIC 2M,2022,4,false,6945.000,1984,1902429.15
FFSU,IN,00169477212,OZEMPIC 2M,2022,4,false,93.000,30,26050.12
MCOU,IN,00169413001,OZEMPIC 1M,2022,3,true,,,
FFSU,IN,00169413013,OZEMPIC 1M,2022,3,false,516.000,144,142104.65
MCOU,IN,00169413013,OZEMPIC 1M,2022,3,false,26361.000,7406,7288927.39
MCOU,IN,00169413211,OZEMPIC 0.,2022,3,true,,,
FFSU,IN,00169413212,OZEMPIC 0.,2022,3,false,271.500,151,154211.40
MCOU,IN,00169413212,OZEMPIC 0.,2022,3,false,14137.500,8574,7847029.17
MCOU,IN,00169413602,OZEMPIC 1M,2022,3,true,,,
MCOU,IN,00169477212,OZEMPIC 2M,2022,3,false,4093.000,1137,1129992.57
FFSU,IN,00169477212,OZEMPIC 2M,2022,3,false,39.000,11,11401.38
MCOU,IN,00169413001,OZEMPIC 1M,2022,2,true,,,
FFSU,IN,00169413013,OZEMPIC 1M,2022,2,false,564.000,153,155368.02
MCOU,IN,00169413013,OZEMPIC 1M,2022,2,false,26071.000,7241,7215092.58
MCOU,IN,00169413211,OZEMPIC 0.,2022,2,true,,,
FFSU,IN,00169413212,OZEMPIC 0.,2022,2,false,472.500,284,267983.24
MCOU,IN,00169413212,OZEMPIC 0.,2022,2,false,13341.500,8193,7417737.39
MCOU,IN,00169413602,OZEMPIC 1M,2022,2,true,,,
FFSU,IN,00169477212,OZEMPIC 2M,2022,2,true,,,
MCOU,IN,00169477212,OZEMPIC 2M,2022,2,false,2172.000,529,600606.02
FFSU,IN,00169413013,OZEMPIC 1M,2022,1,false,306.000,80,82814.39
MCOU,IN,00169413013,OZEMPIC 1M,2022,1,false,22548.000,6297,6237549.29
MCOU,IN,00169413211,OZEMPIC 0.,2022,1,true,,,
FFSU,IN,00169413212,OZEMPIC 0.,2022,1,false,240.000,141,132398.23
MCOU,IN,00169413212,OZEMPIC 0.,2022,1,false,11297.000,6872,6273534.87
FFSU,IN,00169413602,OZEMPIC 1M,2022,1,true,,,
MCOU,IN,00169413602,OZEMPIC 1M,2022,1,false,90.000,27,25629.73
MCOU,KS,00169413013,OZEMPIC 1M,2022,4,false,474.000,160,137646.68
MCOU,KS,00169413212,OZEMPIC 0.,2022,4,false,208.500,147,120498.84
MCOU,KS,00169477212,OZEMPIC 2M,2022,4,false,93.000,30,26898.74
MCOU,KS,00169413013,OZEMPIC 1M,2022,3,false,462.000,155,134342.33
MCOU,KS,00169413212,OZEMPIC 0.,2022,3,false,259.500,170,144264.58
MCOU,KS,00169477212,OZEMPIC 2M,2022,3,false,108.000,36,31387.52
MCOU,KS,00169413013,OZEMPIC 1M,2022,2,false,504.000,162,146384.80
MCOU,KS,00169413212,OZEMPIC 0.,2022,2,false,210.000,147,117134.94
MCOU,KS,00169477212,OZEMPIC 2M,2022,2,false,30.000,11,9025.60
MCOU,KS,00169413013,OZEMPIC 1M,2022,1,false,366.000,112,49670.20
MCOU,KS,00169413212,OZEMPIC 0.,2022,1,false,144.000,102,40079.66
MCOU,KY,00169413001,OZEMPIC   ,2022,4,true,,,
MCOU,KY,00169413013,OZEMPIC   ,2022,4,false,28257.000,7928,8404514.30
FFSU,KY,00169413013,OZEMPIC   ,2022,4,false,459.000,140,133173.99
MCOU,KY,00169413211,OZEMPIC   ,2022,4,false,18.000,12,10972.36
FFSU,KY,00169413212,OZEMPIC   ,2022,4,false,366.000,244,211670.96
MCOU,KY,00169413212,OZEMPIC   ,2022,4,false,18610.500,11425,10948654.03
FFSU,KY,00169413602,OZEMPIC   ,2022,4,true,,,
MCOU,KY,00169413602,OZEMPIC   ,2022,4,false,42.000,16,11979.80
MCOU,KY,00169413611,OZEMPIC   ,2022,4,true,,,
MCOU,KY,00169477211,OZEMPIC   ,2022,4,true,,,
MCOU,KY,00169477212,OZEMPIC   ,2022,4,false,6108.000,1760,1797605.32
FFSU,KY,00169477212,OZEMPIC   ,2022,4,false,108.000,33,31190.64
MCOU,KY,00169413001,OZEMPIC   ,2022,3,true,,,
MCOU,KY,00169413013,OZEMPIC   ,2022,3,false,1515.000,412,457696.01
FFSU,KY,00169413013,OZEMPIC   ,2022,3,false,411.000,115,119110.23
MCOU,KY,00169413211,OZEMPIC   ,2022,3,false,18.000,12,11790.92
MCOU,KY,00169413212,OZEMPIC   ,2022,3,false,1048.500,617,618613.63
FFSU,KY,00169413212,OZEMPIC   ,2022,3,false,409.500,259,236670.98
MCOU,KY,00169413602,OZEMPIC   ,2022,3,false,54.000,19,17056.11
MCOU,KY,00169413611,OZEMPIC   ,2022,3,true,,,
MCOU,KY,00169477211,OZEMPIC   ,2022,3,true,,,
FFSU,KY,00169477212,OZEMPIC   ,2022,3,false,42.750,13,12599.91
MCOU,KY,00169477212,OZEMPIC   ,2022,3,false,165.000,47,50161.90
MCOU,KY,00169413001,OZEMPIC   ,2022,2,true,,,
FFSU,KY,00169413013,OZEMPIC   ,2022,2,false,285.000,87,82670.33
MCOU,KY,00169413013,OZEMPIC   ,2022,2,false,20022.000,5372,5941383.31
MCOU,KY,00169413211,OZEMPIC   ,2022,2,true,,,
FFSU,KY,00169413212,OZEMPIC   ,2022,2,false,295.500,182,170760.74
MCOU,KY,00169413212,OZEMPIC   ,2022,2,false,15667.500,9394,9220150.22
FFSU,KY,00169413602,OZEMPIC   ,2022,2,true,,,
MCOU,KY,00169413602,OZEMPIC   ,2022,2,false,97.500,33,30314.33
MCOU,KY,00169413611,OZEMPIC   ,2022,2,true,,,
MCOU,KY,00169477211,OZEMPIC   ,2022,2,true,,,
MCOU,KY,00169477212,OZEMPIC   ,2022,2,false,90.000,26,29203.95
FFSU,KY,00169477212,OZEMPIC   ,2022,2,true,,,
MCOU,KY,00169413001,OZEMPIC   ,2022,1,true,,,
MCOU,KY,00169413013,OZEMPIC   ,2022,1,false,399.000,109,115696.78
FFSU,KY,00169413013,OZEMPIC   ,2022,1,false,189.000,55,54269.24
MCOU,KY,00169413211,OZEMPIC   ,2022,1,true,,,
FFSU,KY,00169413212,OZEMPIC   ,2022,1,false,132.000,82,76021.44
MCOU,KY,00169413212,OZEMPIC   ,2022,1,false,8772.000,5161,5132620.09
FFSU,KY,00169413602,OZEMPIC   ,2022,1,true,,,
MCOU,KY,00169413602,OZEMPIC   ,2022,1,false,154.500,48,47205.27
MCOU,KY,00169413611,OZEMPIC   ,2022,1,true,,,
MCOU,LA,00169413001,OZEMPIC   ,2022,4,true,,,
MCOU,LA,00169413013,OZEMPIC   ,2022,4,false,16462.500,5359,4802993.16
FFSU,LA,00169413013,OZEMPIC   ,2022,4,false,123.000,38,35722.65
MCOU,LA,00169413211,OZEMPIC   ,2022,4,false,34.500,21,19973.69
FFSU,LA,00169413212,OZEMPIC   ,2022,4,false,72.000,47,41992.14
MCOU,LA,00169413212,OZEMPIC   ,2022,4,false,14091.500,9031,8217864.56
MCOU,LA,00169413602,OZEMPIC   ,2022,4,false,70.500,25,20386.20
MCOU,LA,00169477211,OZEMPIC   ,2022,4,true,,,
MCOU,LA,00169477212,OZEMPIC   ,2022,4,false,3604.000,1189,1049111.95
FFSU,LA,00169477212,OZEMPIC   ,2022,4,true,,,
MCOU,LA,00169413001,OZEMPIC   ,2022,3,true,,,
FFSU,LA,00169413013,OZEMPIC   ,2022,3,false,72.000,22,20908.10
MCOU,LA,00169413013,OZEMPIC   ,2022,3,false,9379.000,2934,2707495.03
MCOU,LA,00169413211,OZEMPIC   ,2022,3,true,,,
FFSU,LA,00169413212,OZEMPIC   ,2022,3,false,64.500,42,37328.18
MCOU,LA,00169413212,OZEMPIC   ,2022,3,false,8612.000,5308,4979437.59
MCOU,LA,00169413602,OZEMPIC   ,2022,3,false,51.000,16,14724.34
FFSU,LA,00169477212,OZEMPIC   ,2022,3,true,,,
MCOU,LA,00169477212,OZEMPIC   ,2022,3,false,1415.000,466,402450.88
MCOU,LA,00169413001,OZEMPIC   ,2022,2,true,,,
MCOU,LA,00169413013,OZEMPIC   ,2022,2,false,6165.000,1918,1770502.15
FFSU,LA,00169413013,OZEMPIC   ,2022,2,false,57.000,17,16547.60
MCOU,LA,00169413211,OZEMPIC   ,2022,2,true,,,
FFSU,LA,00169413212,OZEMPIC   ,2022,2,false,34.500,23,19971.87
MCOU,LA,00169413212,OZEMPIC   ,2022,2,false,3045.000,1853,1749901.17
MCOU,LA,00169413602,OZEMPIC   ,2022,2,false,49.000,18,13903.90
MCOU,LA,00169413611,OZEMPIC   ,2022,2,true,,,
MCOU,LA,00169477212,OZEMPIC   ,2022,2,false,550.000,179,161951.85
FFSU,LA,00169477212,OZEMPIC   ,2022,2,true,,,
FFSU,LA,00169413013,OZEMPIC   ,2022,1,false,42.000,12,12108.80
MCOU,LA,00169413013,OZEMPIC   ,2022,1,false,4997.000,1560,1439476.21
MCOU,LA,00169413211,OZEMPIC   ,2022,1,true,,,
FFSU,LA,00169413212,OZEMPIC   ,2022,1,false,30.000,19,17200.59
MCOU,LA,00169413212,OZEMPIC   ,2022,1,false,2215.500,1344,1267067.00
MCOU,LA,00169413602,OZEMPIC   ,2022,1,false,73.500,24,21130.22
MCOU,MA,00169413001,OZEMPIC 1 ,2022,4,true,,,
MCOU,MA,00169413013,OZEMPIC 1 ,2022,4,false,2196.000,651,643350.07
FFSU,MA,00169413013,OZEMPIC 1 ,2022,4,false,1866.000,546,535706.28
MCOU,MA,00169413212,OZEMPIC 0.,2022,4,false,840.000,535,492671.17
FFSU,MA,00169413212,OZEMPIC 0.,2022,4,false,558.000,349,320306.36
MCOU,MA,00169413602,OZEMPIC 1 ,2022,4,true,,,
FFSU,MA,00169477212,OZEMPIC 2 ,2022,4,false,423.000,128,120483.57
MCOU,MA,00169477212,OZEMPIC 2 ,2022,4,false,540.000,156,154703.86
MCOU,MA,00169413001,OZEMPIC 1 ,2022,3,true,,,
FFSU,MA,00169413013,OZEMPIC 1 ,2022,3,false,2079.000,487,593290.30
MCOU,MA,00169413013,OZEMPIC 1 ,2022,3,false,2259.000,635,658791.29
MCOU,MA,00169413212,OZEMPIC 0.,2022,3,false,850.500,511,494628.95
FFSU,MA,00169413212,OZEMPIC 0.,2022,3,false,693.000,348,394370.40
FFSU,MA,00169413602,OZEMPIC 1 ,2022,3,true,,,
MCOU,MA,00169413602,OZEMPIC 1 ,2022,3,true,,,
FFSU,MA,00169477212,OZEMPIC 2 ,2022,3,false,441.000,112,125961.76
MCOU,MA,00169477212,OZEMPIC 2 ,2022,3,false,330.000,102,96356.76
FFSU,MA,00169413013,OZEMPIC 1 ,2022,2,false,2223.000,508,633805.38
MCOU,MA,00169413013,OZEMPIC 1 ,2022,2,false,2361.000,627,677854.12
FFSU,MA,00169413212,OZEMPIC 0.,2022,2,false,702.000,352,401018.82
MCOU,MA,00169413212,OZEMPIC 0.,2022,2,false,723.000,437,419010.94
FFSU,MA,00169413602,OZEMPIC 1 ,2022,2,true,,,
MCOU,MA,00169413602,OZEMPIC 1 ,2022,2,true,,,
MCOU,MA,00169477212,OZEMPIC 2 ,2022,2,false,135.000,37,39371.72
FFSU,MA,00169477212,OZEMPIC 2 ,2022,2,false,153.000,29,43854.20
FFSU,MA,00169413013,OZEMPIC 1 ,2022,1,false,1695.000,381,482930.09
MCOU,MA,00169413013,OZEMPIC 1 ,2022,1,false,2019.000,535,559897.34
MCOU,MA,00169413212,OZEMPIC 0.,2022,1,false,592.500,358,329638.29
FFSU,MA,00169413212,OZEMPIC 0.,2022,1,false,486.000,259,276129.98
FFSU,MA,00169413602,OZEMPIC 1 ,2022,1,true,,,
MCOU,MA,00169413602,OZEMPIC 1 ,2022,1,true,,,
MCOU,MD,00169413001,OZEMPIC 1 ,2022,4,false,33.000,11,9476.96
FFSU,MD,00169413013,OZEMPIC 1 ,2022,4,false,144.000,43,41788.25
MCOU,MD,00169413013,OZEMPIC 1 ,2022,4,false,15119.000,4638,4335624.02
MCOU,MD,00169413211,OZEMPIC 0.,2022,4,false,78.000,52,45118.22
FFSU,MD,00169413212,OZEMPIC 0.,2022,4,false,195.000,130,112832.43
MCOU,MD,00169413212,OZEMPIC 0.,2022,4,false,8983.000,5708,5131545.16
FFSU,MD,00169413602,OZEMPIC 1 ,2022,4,true,,,
MCOU,MD,00169413602,OZEMPIC 1 ,2022,4,false,81.000,20,23507.69
MCOU,MD,00169413611,OZEMPIC 1 ,2022,4,true,,,
MCOU,MD,00169477211,OZEMPIC 2 ,2022,4,true,,,
FFSU,MD,00169477212,OZEMPIC 2 ,2022,4,true,,,
MCOU,MD,00169477212,OZEMPIC 2 ,2022,4,false,3106.000,983,891450.26
MCOU,MD,00169413001,OZEMPIC 1 ,2022,3,false,42.000,12,12071.07
FFSU,MD,00169413013,OZEMPIC 1 ,2022,3,false,135.000,43,40930.22
MCOU,MD,00169413013,OZEMPIC 1 ,2022,3,false,14060.500,4295,4031888.27
MCOU,MD,00169413211,OZEMPIC 0.,2022,3,false,31.500,19,18148.16
MCOU,MD,00169413212,OZEMPIC 0.,2022,3,false,8745.000,5500,4991136.06
FFSU,MD,00169413212,OZEMPIC 0.,2022,3,false,187.500,119,108435.56
MCOU,MD,00169413602,OZEMPIC 1 ,2022,3,false,66.000,22,19073.58
FFSU,MD,00169413602,OZEMPIC 1 ,2022,3,true,,,
MCOU,MD,00169477211,OZEMPIC 2 ,2022,3,true,,,
MCOU,MD,00169477212,OZEMPIC 2 ,2022,3,false,1890.000,591,540264.16
FFSU,MD,00169477212,OZEMPIC 2 ,2022,3,true,,,
MCOU,MD,00169413001,OZEMPIC 1 ,2022,2,true,,,
FFSU,MD,00169413013,OZEMPIC 1 ,2022,2,false,72.000,24,20925.80
MCOU,MD,00169413013,OZEMPIC 1 ,2022,2,false,13089.000,4094,3826642.09
MCOU,MD,00169413211,OZEMPIC 0.,2022,2,false,28.500,19,16393.79
MCOU,MD,00169413212,OZEMPIC 0.,2022,2,false,7842.000,4980,4601358.93
FFSU,MD,00169413212,OZEMPIC 0.,2022,2,false,75.000,48,43323.94
FFSU,MD,00169413602,OZEMPIC 1 ,2022,2,true,,,
MCOU,MD,00169413602,OZEMPIC 1 ,2022,2,false,96.000,30,27674.72
MCOU,MD,00169477211,OZEMPIC 2 ,2022,2,true,,,
FFSU,MD,00169477212,OZEMPIC 2 ,2022,2,true,,,
MCOU,MD,00169477212,OZEMPIC 2 ,2022,2,false,844.500,248,245620.36
MCOU,MD,00169413001,OZEMPIC 1 ,2022,1,false,45.000,15,12896.10
MCOU,MD,00169413013,OZEMPIC 1 ,2022,1,false,11464.000,3609,3339978.60
FFSU,MD,00169413013,OZEMPIC 1 ,2022,1,false,78.000,26,22627.15
MCOU,MD,00169413211,OZEMPIC 0.,2022,1,true,,,
FFSU,MD,00169413212,OZEMPIC 0.,2022,1,false,51.000,30,28987.38
MCOU,MD,00169413212,OZEMPIC 0.,2022,1,false,7093.500,4524,4145145.43
FFSU,MD,00169413602,OZEMPIC 1 ,2022,1,true,,,
MCOU,MD,00169413602,OZEMPIC 1 ,2022,1,false,252.500,78,72359.37
MCOU,MD,00169413611,OZEMPIC 1 ,2022,1,true,,,
FFSU,ME,00169413001,OZEMPIC   ,2022,4,true,,,
FFSU,ME,00169413013,OZEMPIC   ,2022,4,false,531.000,153,151165.89
FFSU,ME,00169413212,OZEMPIC   ,2022,4,false,189.000,118,105687.13
FFSU,ME,00169477212,OZEMPIC   ,2022,4,false,162.000,54,46269.34
FFSU,ME,00169413013,OZEMPIC   ,2022,3,false,504.000,150,143604.34
FFSU,ME,00169413212,OZEMPIC   ,2022,3,false,175.500,108,99368.53
FFSU,ME,00169477212,OZEMPIC   ,2022,3,false,147.000,47,43089.58
FFSU,ME,00169413013,OZEMPIC   ,2022,2,false,444.000,133,127532.37
FFSU,ME,00169413212,OZEMPIC   ,2022,2,false,165.000,97,92419.27
FFSU,ME,00169413602,OZEMPIC   ,2022,2,true,,,
FFSU,ME,00169477212,OZEMPIC   ,2022,2,false,33.000,11,9943.45
FFSU,ME,00169413013,OZEMPIC   ,2022,1,false,360.000,117,102798.84
FFSU,ME,00169413212,OZEMPIC   ,2022,1,false,135.000,78,75225.67
FFSU,ME,00169413602,OZEMPIC   ,2022,1,true,,,
MCOU,MI,00169413001,OZEMPIC   ,2022,4,true,,,
MCOU,MI,00169413013,OZEMPIC   ,2022,4,false,6351.000,1740,1819904.15
FFSU,MI,00169413013,OZEMPIC   ,2022,4,false,1315.500,342,318255.99
FFSU,MI,00169413212,OZEMPIC   ,2022,4,false,753.000,428,351137.45
MCOU,MI,00169413212,OZEMPIC   ,2022,4,false,2545.500,1485,1458680.31
MCOU,MI,00169413602,OZEMPIC   ,2022,4,true,,,
FFSU,MI,00169413602,OZEMPIC   ,2022,4,true,,,
MCOU,MI,00169477211,OZEMPIC   ,2022,4,true,,,
MCOU,MI,00169477212,OZEMPIC   ,2022,4,false,1869.000,543,535333.72
FFSU,MI,00169477212,OZEMPIC   ,2022,4,false,429.000,111,104006.97
MCOU,MI,00169413001,OZEMPIC   ,2022,3,true,,,
MCOU,MI,00169413013,OZEMPIC   ,2022,3,false,6228.000,1702,1781384.13
FFSU,MI,00169413013,OZEMPIC   ,2022,3,false,1365.000,355,337443.21
MCOU,MI,00169413211,OZEMPIC   ,2022,3,true,,,
FFSU,MI,00169413212,OZEMPIC   ,2022,3,false,733.500,409,367478.21
MCOU,MI,00169413212,OZEMPIC   ,2022,3,false,2583.000,1464,1484302.28
MCOU,MI,00169413602,OZEMPIC   ,2022,3,true,,,
FFSU,MI,00169477212,OZEMPIC   ,2022,3,false,258.000,72,63441.00
MCOU,MI,00169477212,OZEMPIC   ,2022,3,false,1100.000,326,316826.07
MCOU,MI,00169413001,OZEMPIC   ,2022,2,true,,,
MCOU,MI,00169413013,OZEMPIC   ,2022,2,false,6741.000,1840,1929895.60
FFSU,MI,00169413013,OZEMPIC   ,2022,2,false,1338.000,335,345013.46
MCOU,MI,00169413211,OZEMPIC   ,2022,2,true,,,
FFSU,MI,00169413212,OZEMPIC   ,2022,2,false,696.000,386,338628.09
MCOU,MI,00169413212,OZEMPIC   ,2022,2,false,2310.000,1293,1323178.41
MCOU,MI,00169413602,OZEMPIC   ,2022,2,false,33.000,11,9414.06
FFSU,MI,00169477212,OZEMPIC   ,2022,2,false,168.000,28,40983.03
MCOU,MI,00169477212,OZEMPIC   ,2022,2,false,573.000,140,164193.01
MCOU,MI,00169413001,OZEMPIC   ,2022,1,true,,,
FFSU,MI,00169413013,OZEMPIC   ,2022,1,false,1098.000,271,279338.91
MCOU,MI,00169413013,OZEMPIC   ,2022,1,false,6621.000,1836,1888112.31
MCOU,MI,00169413211,OZEMPIC   ,2022,1,true,,,
FFSU,MI,00169413212,OZEMPIC   ,2022,1,false,528.000,297,264534.83
MCOU,MI,00169413212,OZEMPIC   ,2022,1,false,2072.000,1161,1182668.69
MCOU,MI,00169413602,OZEMPIC   ,2022,1,false,81.000,25,22884.32
FFSU,MI,00169413602,OZEMPIC   ,2022,1,true,,,
MCOU,MN,00169413013,OZEMPIC   ,2022,4,false,3381.000,1074,993727.26
FFSU,MN,00169413013,OZEMPIC   ,2022,4,false,261.000,87,77036.10
FFSU,MN,00169413212,OZEMPIC   ,2022,4,false,90.000,60,53010.00
MCOU,MN,00169413212,OZEMPIC   ,2022,4,false,666.000,440,394372.64
MCOU,MN,00169477212,OZEMPIC   ,2022,4,false,453.000,147,134961.45
FFSU,MN,00169477212,OZEMPIC   ,2022,4,false,51.000,17,15023.75
FFSU,MN,00169413013,OZEMPIC   ,2022,3,false,276.000,91,81579.06
MCOU,MN,00169413013,OZEMPIC   ,2022,3,false,1431.000,461,421659.40
FFSU,MN,00169413212,OZEMPIC   ,2022,3,false,115.500,77,68029.50
MCOU,MN,00169413212,OZEMPIC   ,2022,3,false,630.000,407,372977.02
MCOU,MN,00169413602,OZEMPIC   ,2022,3,true,,,
MCOU,MN,00169477212,OZEMPIC   ,2022,3,false,324.000,105,97957.37
FFSU,MN,00169477212,OZEMPIC   ,2022,3,false,42.000,14,12457.40
FFSU,MN,00169413013,OZEMPIC   ,2022,2,false,285.000,92,84135.88
MCOU,MN,00169413013,OZEMPIC   ,2022,2,false,1446.000,468,428070.71
MCOU,MN,00169413212,OZEMPIC   ,2022,2,false,550.500,359,328520.44
FFSU,MN,00169413212,OZEMPIC   ,2022,2,false,94.500,63,55660.50
MCOU,MN,00169413602,OZEMPIC   ,2022,2,true,,,
FFSU,MN,00169477212,OZEMPIC   ,2022,2,true,,,
MCOU,MN,00169477212,OZEMPIC   ,2022,2,false,234.000,75,69077.26
FFSU,MN,00169413013,OZEMPIC   ,2022,1,false,222.000,74,65022.17
MCOU,MN,00169413013,OZEMPIC   ,2022,1,false,1257.000,409,370339.25
MCOU,MN,00169413212,OZEMPIC   ,2022,1,false,502.500,327,297648.80
FFSU,MN,00169413212,OZEMPIC   ,2022,1,false,100.500,67,58361.00
FFSU,MN,00169413602,OZEMPIC   ,2022,1,true,,,
FFSU,MO,00169413013,OZEMPIC   ,2022,4,false,1410.000,462,333590.43
FFSU,MO,00169413212,OZEMPIC   ,2022,4,false,478.500,301,213156.63
FFSU,MO,00169477212,OZEMPIC   ,2022,4,false,264.000,88,63246.96
FFSU,MO,00169413013,OZEMPIC   ,2022,3,false,1236.000,405,290993.75
FFSU,MO,00169413211,OZEMPIC   ,2022,3,true,,,
FFSU,MO,00169413212,OZEMPIC   ,2022,3,false,501.000,310,196915.55
FFSU,MO,00169477212,OZEMPIC   ,2022,3,false,159.000,53,33211.12
FFSU,MO,00169413013,OZEMPIC   ,2022,2,false,1185.000,393,290706.36
FFSU,MO,00169413212,OZEMPIC   ,2022,2,false,424.500,259,182207.39
FFSU,MO,00169477212,OZEMPIC   ,2022,2,false,33.000,11,5060.09
FFSU,MO,00169413013,OZEMPIC   ,2022,1,false,1026.000,342,255026.89
FFSU,MO,00169413212,OZEMPIC   ,2022,1,false,346.500,210,165661.70
FFSU,MO,00169413602,OZEMPIC   ,2022,1,true,,,
MCOU,MS,00169413013,OZEMPIC   ,2022,4,false,612.000,197,167829.89
FFSU,MS,00169413013,OZEMPIC 1M,2022,4,false,330.000,97,95872.10
MCOU,MS,00169413211,OZEMPIC   ,2022,4,true,,,
MCOU,MS,00169413212,OZEMPIC   ,2022,4,false,141.000,94,82847.46
FFSU,MS,00169413212,OZEMPIC 0.,2022,4,false,84.000,56,48697.11
MCOU,MS,00169413602,OZEMPIC   ,2022,4,true,,,
FFSU,MS,00169477212,OZEMPIC 2M,2022,4,false,84.000,28,39671.26
MCOU,MS,00169477212,OZEMPIC   ,2022,4,false,141.000,47,40892.01
MCOU,MS,00169413013,OZEMPIC 1M,2022,3,false,692.000,229,197821.21
FFSU,MS,00169413013,OZEMPIC 1M,2022,3,false,249.000,83,72402.56
FFSU,MS,00169413212,OZEMPIC 0.,2022,3,false,88.500,59,51207.93
MCOU,MS,00169413212,OZEMPIC 0.,2022,3,false,204.000,136,118434.24
MCOU,MS,00169413602,OZEMPIC 1M,2022,3,false,33.000,11,9539.89
FFSU,MS,00169477212,OZEMPIC 2M,2022,3,true,,,
MCOU,MS,00169477212,OZEMPIC 2M,2022,3,false,105.000,35,30763.25
MCOU,MS,00169413013,OZEMPIC 1 ,2022,2,false,630.000,208,176520.33
FFSU,MS,00169413013,OZEMPIC 1 ,2022,2,false,141.000,45,40976.46
FFSU,MS,00169413212,OZEMPIC 0.,2022,2,false,61.500,41,35612.19
MCOU,MS,00169413212,OZEMPIC 0.,2022,2,false,234.000,154,131385.20
MCOU,MS,00169413602,OZEMPIC 1 ,2022,2,true,,,
FFSU,MS,00169477212,OZEMPIC 2 ,2022,2,true,,,
MCOU,MS,00169477212,OZEMPIC 2 ,2022,2,false,66.000,20,19851.12
MCOU,MS,00169413013,OZEMPIC 1 ,2022,1,false,597.000,195,166665.92
FFSU,MS,00169413013,OZEMPIC 1 ,2022,1,false,99.000,31,28568.73
FFSU,MS,00169413212,OZEMPIC 0.,2022,1,false,34.500,23,19938.69
MCOU,MS,00169413212,OZEMPIC 0.,2022,1,false,210.000,133,117397.38
MCOU,MS,00169413602,OZEMPIC 1 ,2022,1,false,39.000,13,10960.39
FFSU,MT,00169413013,OZEMPIC 1 ,2022,4,false,2034.000,573,591918.42
FFSU,MT,00169413212,OZEMPIC 0.,2022,4,false,1186.500,741,691190.36
FFSU,MT,00169413602,OZEMPIC 1 ,2022,4,true,,,
FFSU,MT,00169477212,OZEMPIC 2 ,2022,4,false,381.000,108,110459.44
FFSU,MT,00169413013,OZEMPIC 1 ,2022,3,false,1623.000,462,471302.87
FFSU,MT,00169413212,OZEMPIC 0.,2022,3,false,915.000,575,531844.87
FFSU,MT,00169413602,OZEMPIC 1 ,2022,3,true,,,
FFSU,MT,00169477212,OZEMPIC 2 ,2022,3,false,156.000,45,46332.20
FFSU,MT,00169413013,OZEMPIC 1 ,2022,2,false,1339.500,382,389133.12
FFSU,MT,00169413212,OZEMPIC 0.,2022,2,false,708.000,435,411382.90
FFSU,MT,00169413602,OZEMPIC 1 ,2022,2,true,,,
FFSU,MT,00169477212,OZEMPIC 2 ,2022,2,false,45.000,13,13475.63
FFSU,MT,00169413013,OZEMPIC 1 ,2022,1,false,1110.000,327,319444.40
FFSU,MT,00169413212,OZEMPIC 0.,2022,1,false,675.000,423,387033.80
FFSU,MT,00169413602,OZEMPIC 1 ,2022,1,true,,,
FFSU,XX,00169413001,OZEMPIC 1M,2022,4,false,222.000,68,64546.31
MCOU,XX,00169413001,OZEMPIC 1M,2022,4,false,687.000,227,196004.38
FFSU,XX,00169413013,OZEMPIC 1M,2022,4,false,162677.000,44526,46630455.78
MCOU,XX,00169413013,OZEMPIC 1M,2022,4,false,259547.250,78448,74232858.36
FFSU,XX,00169413211,OZEMPIC 0.,2022,4,false,103.500,65,59936.13
MCOU,XX,00169413211,OZEMPIC 0.,2022,4,false,425.000,277,245584.57
FFSU,XX,00169413212,OZEMPIC 0.,2022,4,false,108449.250,63471,62128272.54
MCOU,XX,00169413212,OZEMPIC 0.,2022,4,false,153021.500,96247,87804897.89
FFSU,XX,00169413602,OZEMPIC 1M,2022,4,false,469.000,126,135723.32
MCOU,XX,00169413602,OZEMPIC 1M,2022,4,false,874.500,287,248916.91
MCOU,XX,00169413611,OZEMPIC 1M,2022,4,true,,,
FFSU,XX,00169477211,OZEMPIC 2M,2022,4,false,87.000,25,25167.41
MCOU,XX,00169477211,OZEMPIC 2M,2022,4,false,114.000,34,29231.07
FFSU,XX,00169477212,OZEMPIC 2M,2022,4,false,26650.000,7723,7676347.08
MCOU,XX,00169477212,OZEMPIC 2M,2022,4,false,57039.000,17521,16411271.15
FFSU,XX,00169413001,OZEMPIC 1M,2022,3,false,160.000,48,46401.24
MCOU,XX,00169413001,OZEMPIC 1M,2022,3,false,526.000,175,150779.30
FFSU,XX,00169413013,OZEMPIC 1M,2022,3,false,154614.000,41729,44332363.42
MCOU,XX,00169413013,OZEMPIC 1M,2022,3,false,216441.000,65248,61239586.55
FFSU,XX,00169413211,OZEMPIC 0.,2022,3,false,75.500,48,43747.30
MCOU,XX,00169413211,OZEMPIC 0.,2022,3,false,281.500,181,162106.99
FFSU,XX,00169413212,OZEMPIC 0.,2022,3,false,117600.750,67250,67359712.83
MCOU,XX,00169413212,OZEMPIC 0.,2022,3,false,123913.500,77103,70149283.30
FFSU,XX,00169413602,OZEMPIC 1M,2022,3,false,636.000,186,183632.19
MCOU,XX,00169413602,OZEMPIC 1M,2022,3,false,963.250,323,277673.00
MCOU,XX,00169413611,OZEMPIC 1M,2022,3,true,,,
FFSU,XX,00169477211,OZEMPIC 2M,2022,3,false,42.000,14,12597.47
MCOU,XX,00169477211,OZEMPIC 2M,2022,3,false,69.000,23,19690.34
FFSU,XX,00169477212,OZEMPIC 2M,2022,3,false,19677.750,5380,5747050.63
MCOU,XX,00169477212,OZEMPIC 2M,2022,3,false,29706.500,9087,8519783.16
FFSU,XX,00169413001,OZEMPIC 1M,2022,2,false,80.000,27,23181.19
MCOU,XX,00169413001,OZEMPIC 1M,2022,2,false,366.000,115,104400.06
FFSU,XX,00169413013,OZEMPIC 1M,2022,2,false,120392.500,32472,34494232.45
MCOU,XX,00169413013,OZEMPIC 1M,2022,2,false,220651.750,65819,62915197.88
FFSU,XX,00169413211,OZEMPIC 0.,2022,2,false,57.000,36,33045.08
MCOU,XX,00169413211,OZEMPIC 0.,2022,2,false,265.000,166,150808.27
FFSU,XX,00169413212,OZEMPIC 0.,2022,2,false,83246.000,48002,47561106.09
MCOU,XX,00169413212,OZEMPIC 0.,2022,2,false,122454.000,76069,69825970.96
FFSU,XX,00169413602,OZEMPIC 1M,2022,2,false,930.250,280,271642.69
MCOU,XX,00169413602,OZEMPIC 1M,2022,2,false,1559.000,518,461709.28
FFSU,XX,00169413611,OZEMPIC 1M,2022,2,true,,,
MCOU,XX,00169413611,OZEMPIC 1M,2022,2,false,28.500,11,8299.17
FFSU,XX,00169477211,OZEMPIC 2M,2022,2,true,,,
MCOU,XX,00169477211,OZEMPIC 2M,2022,2,false,51.000,15,10478.08
FFSU,XX,00169477212,OZEMPIC 2M,2022,2,false,4940.000,1201,1451530.99
MCOU,XX,00169477212,OZEMPIC 2M,2022,2,false,12458.500,3536,3549353.30
FFSU,XX,00169413001,OZEMPIC 1M,2022,1,false,81.000,25,23264.87
MCOU,XX,00169413001,OZEMPIC 1M,2022,1,false,246.000,83,70867.15
FFSU,XX,00169413013,OZEMPIC 1M,2022,1,false,89014.000,24287,25313851.09
MCOU,XX,00169413013,OZEMPIC 1M,2022,1,false,171477.500,52104,49481198.49
FFSU,XX,00169413211,OZEMPIC 0.,2022,1,false,55.500,37,31858.18
MCOU,XX,00169413211,OZEMPIC 0.,2022,1,false,165.500,110,95656.07
FFSU,XX,00169413212,OZEMPIC 0.,2022,1,false,59550.500,34428,33805716.73
MCOU,XX,00169413212,OZEMPIC 0.,2022,1,false,101597.500,63280,58547706.68
FFSU,XX,00169413602,OZEMPIC 1M,2022,1,false,1543.000,461,447069.72
MCOU,XX,00169413602,OZEMPIC 1M,2022,1,false,3055.500,993,909683.76
MCOU,XX,00169413611,OZEMPIC 1M,2022,1,false,39.000,16,11195.27
MCOU,NC,00169413001,OZEMPIC   ,2022,4,true,,,
FFSU,NC,00169413013,OZEMPIC   ,2022,4,false,1503.000,391,431013.65
MCOU,NC,00169413013,OZEMPIC   ,2022,4,false,7462.500,1955,2118963.36
MCOU,NC,00169413211,OZEMPIC   ,2022,4,true,,,
FFSU,NC,00169413211,OZEMPIC   ,2022,4,true,,,
FFSU,NC,00169413212,OZEMPIC   ,2022,4,false,859.500,509,491358.74
MCOU,NC,00169413212,OZEMPIC   ,2022,4,false,4245.500,2420,2410878.88
FFSU,NC,00169413602,OZEMPIC   ,2022,4,true,,,
MCOU,NC,00169477211,OZEMPIC   ,2022,4,true,,,
FFSU,NC,00169477212,OZEMPIC   ,2022,4,false,252.000,69,71586.20
MCOU,NC,00169477212,OZEMPIC   ,2022,4,false,1489.000,409,423751.90
MCOU,NC,00169413001,OZEMPIC   ,2022,3,true,,,
FFSU,NC,00169413013,OZEMPIC   ,2022,3,false,1515.000,401,433355.19
MCOU,NC,00169413013,OZEMPIC   ,2022,3,false,5793.000,1538,1635119.75
FFSU,NC,00169413211,OZEMPIC   ,2022,3,true,,,
MCOU,NC,00169413212,OZEMPIC   ,2022,3,false,2542.500,1338,1434881.46
FFSU,NC,00169413212,OZEMPIC   ,2022,3,false,735.000,410,420268.38
FFSU,NC,00169413602,OZEMPIC   ,2022,3,true,,,
MCOU,NC,00169413602,OZEMPIC   ,2022,3,true,,,
FFSU,NC,00169477212,OZEMPIC   ,2022,3,false,279.000,81,80858.76
MCOU,NC,00169477212,OZEMPIC   ,2022,3,false,904.000,243,261331.53
FFSU,NC,00169413013,OZEMPIC   ,2022,2,false,1383.000,370,395869.13
MCOU,NC,00169413013,OZEMPIC   ,2022,2,false,5604.000,1470,1592986.13
MCOU,NC,00169413212,OZEMPIC   ,2022,2,false,2262.000,1236,1279402.30
FFSU,NC,00169413212,OZEMPIC   ,2022,2,false,634.500,359,363065.78
FFSU,NC,00169413602,OZEMPIC   ,2022,2,true,,,
MCOU,NC,00169413602,OZEMPIC   ,2022,2,true,,,
FFSU,NC,00169477212,OZEMPIC   ,2022,2,false,114.000,30,33950.70
MCOU,NC,00169477212,OZEMPIC   ,2022,2,false,315.000,83,92567.11
MCOU,NC,00169413001,OZEMPIC   ,2022,1,true,,,
FFSU,NC,00169413013,OZEMPIC   ,2022,1,false,1716.000,441,485898.31
MCOU,NC,00169413013,OZEMPIC   ,2022,1,false,4984.000,1349,1414720.23
MCOU,NC,00169413212,OZEMPIC   ,2022,1,false,2047.500,1136,1149928.98
FFSU,NC,00169413212,OZEMPIC   ,2022,1,false,738.000,423,416840.25
FFSU,NC,00169413602,OZEMPIC   ,2022,1,true,,,
MCOU,NC,00169413602,OZEMPIC   ,2022,1,false,33.000,11,9386.67
FFSU,ND,00169413013,OZEMPIC 1 ,2022,4,false,126.000,41,36674.12
FFSU,ND,00169413212,OZEMPIC 0.,2022,4,false,21.000,14,12176.64
FFSU,ND,00169477212,OZEMPIC 2 ,2022,4,true,,,
FFSU,ND,00169413013,OZEMPIC 1 ,2022,3,false,123.000,41,34944.60
FFSU,ND,00169413212,OZEMPIC 0.,2022,3,false,19.500,13,11306.88
FFSU,ND,00169477212,OZEMPIC 2 ,2022,3,true,,,
FFSU,ND,00169413013,OZEMPIC 1 ,2022,2,false,129.000,43,37542.75
FFSU,ND,00169413212,OZEMPIC 0.,2022,2,false,22.500,15,13046.40
FFSU,ND,00169477212,OZEMPIC 2 ,2022,2,true,,,
FFSU,ND,00169413013,OZEMPIC 1 ,2022,1,false,156.000,52,44857.46
FFSU,ND,00169413212,OZEMPIC 0.,2022,1,false,21.000,14,11993.29
MCOU,NE,00169413013,OZEMPIC 1M,2022,4,false,1424.000,495,414243.89
MCOU,NE,00169413212,OZEMPIC 0.,2022,4,false,729.000,729,637117.96
MCOU,NE,00169413602,OZEMPIC 1M,2022,4,true,,,
MCOU,NE,00169477212,OZEMPIC 2M,2022,4,false,372.000,124,103719.31
MCOU,NE,00169413013,OZEMPIC 1M,2022,3,false,825.000,275,228271.57
MCOU,NE,00169413212,OZEMPIC 0.,2022,3,false,454.000,433,369521.71
MCOU,NE,00169413602,OZEMPIC 1M,2022,3,true,,,
MCOU,NE,00169477212,OZEMPIC 2M,2022,3,false,168.000,56,45987.44
MCOU,NE,00169413013,OZEMPIC 1M,2022,2,false,771.000,246,203214.50
MCOU,NE,00169413212,OZEMPIC 0.,2022,2,false,180.000,172,140943.79
MCOU,NE,00169413602,OZEMPIC 1M,2022,2,true,,,
MCOU,NE,00169477212,OZEMPIC 2M,2022,2,false,87.000,25,21510.84
MCOU,NE,00169413013,OZEMPIC 1M,2022,1,false,762.000,248,203569.19
MCOU,NE,00169413212,OZEMPIC 0.,2022,1,false,194.000,184,143927.20
MCOU,NE,00169413602,OZEMPIC 1M,2022,1,true,,,
MCOU,NH,00169413013,OZEMPIC   ,2022,4,false,812.000,233,200709.88
MCOU,NH,00169413212,OZEMPIC   ,2022,4,false,196.500,121,77946.67
MCOU,NH,00169477212,OZEMPIC   ,2022,4,false,129.000,43,33328.66
FFSU,NH,00169477212,OZEMPIC   ,2022,4,true,,,
FFSU,NH,00169413013,OZEMPIC   ,2022,3,true,,,
MCOU,NH,00169413013,OZEMPIC   ,2022,3,false,790.000,222,198069.14
MCOU,NH,00169413212,OZEMPIC   ,2022,3,false,294.000,178,131073.17
FFSU,NH,00169413212,OZEMPIC   ,2022,3,true,,,
FFSU,NH,00169477212,OZEMPIC   ,2022,3,true,,,
MCOU,NH,00169477212,OZEMPIC   ,2022,3,false,60.000,18,13662.01
MCOU,NH,00169413013,OZEMPIC   ,2022,2,false,750.000,201,181550.14
FFSU,NH,00169413013,OZEMPIC   ,2022,2,true,,,
FFSU,NH,00169413212,OZEMPIC   ,2022,2,true,,,
MCOU,NH,00169413212,OZEMPIC   ,2022,2,false,256.500,166,117310.68
MCOU,NH,00169413602,OZEMPIC   ,2022,2,true,,,
MCOU,NH,00169477212,OZEMPIC   ,2022,2,true,,,
FFSU,NH,00169413013,OZEMPIC   ,2022,1,true,,,
MCOU,NH,00169413013,OZEMPIC   ,2022,1,false,591.000,162,150209.14
MCOU,NH,00169413212,OZEMPIC   ,2022,1,false,211.500,135,103403.34
FFSU,NH,00169413212,OZEMPIC   ,2022,1,true,,,
MCOU,NH,00169413602,OZEMPIC   ,2022,1,true,,,
MCOU,NJ,00169413001,OZEMPIC 1M,2022,4,false,60.000,20,17859.48
FFSU,NJ,00169413013,OZEMPIC 1M,2022,4,true,,,
MCOU,NJ,00169413013,OZEMPIC 1M,2022,4,false,7547.000,2228,2187040.80
MCOU,NJ,00169413211,OZEMPIC 0.,2022,4,false,19.500,14,12237.45
MCOU,NJ,00169413212,OZEMPIC 0.,2022,4,false,4253.500,2546,2495389.03
FFSU,NJ,00169413212,OZEMPIC 0.,2022,4,true,,,
MCOU,NJ,00169413602,OZEMPIC 1M,2022,4,true,,,
MCOU,NJ,00169477212,OZEMPIC 2M,2022,4,false,2187.000,669,654640.18
MCOU,NJ,00169413001,OZEMPIC 1M,2022,3,true,,,
MCOU,NJ,00169413013,OZEMPIC 1M,2022,3,false,6913.500,1952,1998319.93
FFSU,NJ,00169413013,OZEMPIC 1M,2022,3,true,,,
MCOU,NJ,00169413211,OZEMPIC 0.,2022,3,false,27.000,16,16075.54
FFSU,NJ,00169413212,OZEMPIC 0.,2022,3,true,,,
MCOU,NJ,00169413212,OZEMPIC 0.,2022,3,false,4105.500,2461,2411232.59
MCOU,NJ,00169413602,OZEMPIC 1M,2022,3,true,,,
FFSU,NJ,00169477212,OZEMPIC 2M,2022,3,true,,,
MCOU,NJ,00169477212,OZEMPIC 2M,2022,3,false,1389.000,405,404320.52
MCOU,NJ,00169413001,OZEMPIC 1M,2022,2,false,48.000,15,13631.52
FFSU,NJ,00169413013,OZEMPIC 1M,2022,2,true,,,
MCOU,NJ,00169413013,OZEMPIC 1M,2022,2,false,6331.000,1799,1812084.47
MCOU,NJ,00169413211,OZEMPIC 0.,2022,2,true,,,
FFSU,NJ,00169413212,OZEMPIC 0.,2022,2,false,24.000,11,13836.92
MCOU,NJ,00169413212,OZEMPIC 0.,2022,2,false,3442.500,2083,2030969.24
MCOU,NJ,00169413602,OZEMPIC 1M,2022,2,false,54.000,14,17397.27
MCOU,NJ,00169477212,OZEMPIC 2M,2022,2,false,528.000,149,148890.71
FFSU,NJ,00169477212,OZEMPIC 2M,2022,2,true,,,
MCOU,NJ,00169413001,OZEMPIC 1M,2022,1,true,,,
MCOU,NJ,00169413013,OZEMPIC 1M,2022,1,false,5445.000,1517,1555492.90
FFSU,NJ,00169413013,OZEMPIC 1M,2022,1,true,,,
MCOU,NJ,00169413211,OZEMPIC 0.,2022,1,true,,,
MCOU,NJ,00169413212,OZEMPIC 0.,2022,1,false,2914.500,1770,1713688.90
FFSU,NJ,00169413212,OZEMPIC 0.,2022,1,true,,,
MCOU,NJ,00169413602,OZEMPIC 1M,2022,1,false,195.000,52,56871.08
FFSU,NJ,00169413602,OZEMPIC 1M,2022,1,true,,,
MCOU,NJ,00169413611,OZEMPIC 1M,2022,1,true,,,
FFSU,NM,00169413013,OZEMPIC 1 ,2022,4,false,1785.000,508,335375.44
MCOU,NM,00169413013,OZEMPIC 1 ,2022,4,false,2256.000,638,521133.59
FFSU,NM,00169413212,OZEMPIC 0.,2022,4,false,1057.500,663,431799.96
MCOU,NM,00169413212,OZEMPIC 0.,2022,4,false,1144.500,716,561528.75
MCOU,NM,00169477212,OZEMPIC 2 ,2022,4,false,201.000,61,53676.05
FFSU,NM,00169477212,OZEMPIC 2 ,2022,4,true,,,
FFSU,NM,00169413013,OZEMPIC 1 ,2022,3,false,1710.000,500,332902.82
MCOU,NM,00169413013,OZEMPIC 1 ,2022,3,false,1842.000,530,434806.79
FFSU,NM,00169413212,OZEMPIC 0.,2022,3,false,1483.000,914,593538.88
MCOU,NM,00169413212,OZEMPIC 0.,2022,3,false,1134.000,688,542868.70
FFSU,NM,00169477212,OZEMPIC 2 ,2022,3,true,,,
MCOU,NM,00169477212,OZEMPIC 2 ,2022,3,false,63.000,16,17483.17
FFSU,NM,00169413013,OZEMPIC 1 ,2022,2,false,1284.000,373,246032.44
MCOU,NM,00169413013,OZEMPIC 1 ,2022,2,false,1689.000,468,415787.33
MCOU,NM,00169413212,OZEMPIC 0.,2022,2,false,1180.500,714,567983.35
FFSU,NM,00169413212,OZEMPIC 0.,2022,2,false,1316.500,784,513653.24
MCOU,NM,00169413602,OZEMPIC 1 ,2022,2,true,,,
MCOU,NM,00169477212,OZEMPIC 2 ,2022,2,true,,,
MCOU,NM,00169413013,OZEMPIC 1 ,2022,1,false,1290.000,358,260859.60
FFSU,NM,00169413013,OZEMPIC 1 ,2022,1,false,989.500,285,220295.46
FFSU,NM,00169413212,OZEMPIC 0.,2022,1,false,1105.500,646,507209.08
MCOU,NM,00169413212,OZEMPIC 0.,2022,1,false,1069.500,635,430644.47
MCOU,NM,00169413602,OZEMPIC 1 ,2022,1,true,,,
MCOU,NV,00169413001,OZEMPIC   ,2022,4,true,,,
FFSU,NV,00169413013,OZEMPIC   ,2022,4,false,1523.000,204,422753.81
MCOU,NV,00169413013,OZEMPIC   ,2022,4,false,3725.000,1215,1021946.19
MCOU,NV,00169413212,OZEMPIC   ,2022,4,false,2304.000,1512,1264555.03
FFSU,NV,00169413212,OZEMPIC   ,2022,4,false,894.000,284,471363.73
FFSU,NV,00169477212,OZEMPIC   ,2022,4,false,351.000,54,98577.56
MCOU,NV,00169477212,OZEMPIC   ,2022,4,false,627.000,209,174222.46
MCOU,NV,00169413001,OZEMPIC   ,2022,3,true,,,
MCOU,NV,00169413013,OZEMPIC   ,2022,3,false,3686.000,1201,989903.20
FFSU,NV,00169413013,OZEMPIC   ,2022,3,false,1335.000,168,373954.77
FFSU,NV,00169413212,OZEMPIC   ,2022,3,false,814.500,234,459083.64
MCOU,NV,00169413212,OZEMPIC   ,2022,3,false,2257.500,1479,1187473.63
FFSU,NV,00169477212,OZEMPIC   ,2022,3,false,192.000,29,53779.75
MCOU,NV,00169477212,OZEMPIC   ,2022,3,false,417.000,139,115299.40
MCOU,NV,00169413001,OZEMPIC   ,2022,2,true,,,
FFSU,NV,00169413013,OZEMPIC   ,2022,2,false,1656.000,279,457907.86
MCOU,NV,00169413013,OZEMPIC   ,2022,2,false,3234.000,1056,907131.14
MCOU,NV,00169413211,OZEMPIC   ,2022,2,true,,,
MCOU,NV,00169413212,OZEMPIC   ,2022,2,false,1863.000,1230,1046671.72
FFSU,NV,00169413212,OZEMPIC   ,2022,2,false,1182.000,444,645430.86
FFSU,NV,00169413602,OZEMPIC   ,2022,2,true,,,
MCOU,NV,00169413602,OZEMPIC   ,2022,2,true,,,
FFSU,NV,00169477212,OZEMPIC   ,2022,2,true,,,
MCOU,NV,00169477212,OZEMPIC   ,2022,2,false,139.500,47,39769.24
FFSU,NV,00169413013,OZEMPIC 1M,2022,1,false,1020.000,155,291547.16
MCOU,NV,00169413013,OZEMPIC 1M,2022,1,false,550.000,326,270654.37
MCOU,NV,00169413211,OZEMPIC 0.,2022,1,true,,,
FFSU,NV,00169413211,OZEMPIC 0.,2022,1,true,,,
FFSU,NV,00169413212,OZEMPIC 0.,2022,1,false,703.500,241,401168.90
MCOU,NV,00169413212,OZEMPIC 0.,2022,1,false,1558.500,1030,896985.38
MCOU,NV,00169413602,OZEMPIC 1M,2022,1,false,78.000,25,22301.83
MCOU,NY,00169413001,OZEMPIC   ,2022,4,false,450.000,150,127090.46
FFSU,NY,00169413001,OZEMPIC   ,2022,4,true,,,
FFSU,NY,00169413013,OZEMPIC   ,2022,4,false,2813.000,772,810865.10
MCOU,NY,00169413013,OZEMPIC   ,2022,4,false,62681.000,20145,17685805.08
FFSU,NY,00169413211,OZEMPIC   ,2022,4,true,,,
MCOU,NY,00169413211,OZEMPIC   ,2022,4,false,205.500,135,115852.65
FFSU,NY,00169413212,OZEMPIC   ,2022,4,false,2133.000,1201,1224842.73
MCOU,NY,00169413212,OZEMPIC   ,2022,4,false,40604.500,26349,22861317.59
FFSU,NY,00169413602,OZEMPIC   ,2022,4,true,,,
MCOU,NY,00169413602,OZEMPIC   ,2022,4,false,473.000,154,132922.59
MCOU,NY,00169477211,OZEMPIC   ,2022,4,false,36.000,12,10289.14
MCOU,NY,00169477212,OZEMPIC   ,2022,4,false,13199.500,4291,3726328.75
FFSU,NY,00169477212,OZEMPIC   ,2022,4,false,502.500,140,144182.61
FFSU,NY,00169413001,OZEMPIC   ,2022,3,true,,,
MCOU,NY,00169413001,OZEMPIC   ,2022,3,false,325.000,109,91644.57
MCOU,NY,00169413013,OZEMPIC   ,2022,3,false,59158.000,19070,16696427.69
FFSU,NY,00169413013,OZEMPIC   ,2022,3,false,2206.000,586,635147.33
MCOU,NY,00169413211,OZEMPIC   ,2022,3,false,143.500,93,80615.19
FFSU,NY,00169413211,OZEMPIC   ,2022,3,true,,,
FFSU,NY,00169413212,OZEMPIC   ,2022,3,false,1653.000,920,948623.65
MCOU,NY,00169413212,OZEMPIC   ,2022,3,false,38343.500,24879,21613319.30
FFSU,NY,00169413602,OZEMPIC   ,2022,3,true,,,
MCOU,NY,00169413602,OZEMPIC   ,2022,3,false,498.000,164,140189.52
MCOU,NY,00169477211,OZEMPIC   ,2022,3,true,,,
MCOU,NY,00169477212,OZEMPIC   ,2022,3,false,7845.500,2537,2217318.28
FFSU,NY,00169477212,OZEMPIC   ,2022,3,false,246.000,65,70464.19
MCOU,NY,00169413001,OZEMPIC   ,2022,2,false,177.000,59,49918.04
FFSU,NY,00169413001,OZEMPIC   ,2022,2,true,,,
MCOU,NY,00169413013,OZEMPIC   ,2022,2,false,53811.500,17376,15203890.19
FFSU,NY,00169413013,OZEMPIC   ,2022,2,false,1943.500,541,555316.75
MCOU,NY,00169413211,OZEMPIC   ,2022,2,false,152.500,97,84822.85
FFSU,NY,00169413212,OZEMPIC   ,2022,2,false,1213.000,674,694030.19
MCOU,NY,00169413212,OZEMPIC   ,2022,2,false,34572.500,22407,19500586.88
FFSU,NY,00169413602,OZEMPIC   ,2022,2,true,,,
MCOU,NY,00169413602,OZEMPIC   ,2022,2,false,804.000,268,225407.48
MCOU,NY,00169477211,OZEMPIC   ,2022,2,true,,,
FFSU,NY,00169477212,OZEMPIC   ,2022,2,true,,,
MCOU,NY,00169477212,OZEMPIC   ,2022,2,false,2486.500,761,704384.91
FFSU,NY,00169413001,OZEMPIC   ,2022,1,true,,,
MCOU,NY,00169413001,OZEMPIC   ,2022,1,false,129.000,43,36358.58
MCOU,NY,00169413013,OZEMPIC   ,2022,1,false,46458.000,14997,13097900.63
FFSU,NY,00169413013,OZEMPIC   ,2022,1,false,1709.000,461,483879.71
MCOU,NY,00169413211,OZEMPIC   ,2022,1,false,102.500,68,57484.78
FFSU,NY,00169413212,OZEMPIC   ,2022,1,false,920.500,511,522893.72
MCOU,NY,00169413212,OZEMPIC   ,2022,1,false,29456.500,19081,16589379.54
MCOU,NY,00169413602,OZEMPIC   ,2022,1,false,1373.500,459,384363.02
FFSU,NY,00169413602,OZEMPIC   ,2022,1,false,63.000,19,17967.18
MCOU,NY,00169413611,OZEMPIC   ,2022,1,true,,,
MCOU,OH,00169413001,OZEMPIC 1M,2022,4,true,,,
MCOU,OH,00169413013,OZEMPIC 1M,2022,4,false,11514.000,3482,3143965.62
FFSU,OH,00169413013,OZEMPIC 1M,2022,4,false,393.000,118,92049.45
MCOU,OH,00169413211,OZEMPIC 0.,2022,4,true,,,
FFSU,OH,00169413212,OZEMPIC 0.,2022,4,false,142.500,93,71148.59
MCOU,OH,00169413212,OZEMPIC 0.,2022,4,false,9865.500,6115,5381652.99
MCOU,OH,00169413602,OZEMPIC 1M,2022,4,true,,,
MCOU,OH,00169477211,OZEMPIC 2M,2022,4,true,,,
MCOU,OH,00169477212,OZEMPIC 2M,2022,4,false,3192.000,957,864932.62
FFSU,OH,00169477212,OZEMPIC 2M,2022,4,false,87.000,27,22710.91
MCOU,OH,00169413001,OZEMPIC 1M,2022,3,true,,,
FFSU,OH,00169413013,OZEMPIC 1M,2022,3,false,276.000,78,63613.51
MCOU,OH,00169413013,OZEMPIC 1M,2022,3,false,8649.000,2800,2461492.18
MCOU,OH,00169413212,OZEMPIC 0.,2022,3,false,3826.500,2506,2163410.88
FFSU,OH,00169413212,OZEMPIC 0.,2022,3,false,123.000,76,60753.89
MCOU,OH,00169413602,OZEMPIC 1M,2022,3,true,,,
MCOU,OH,00169477211,OZEMPIC 2M,2022,3,true,,,
MCOU,OH,00169477212,OZEMPIC 2M,2022,3,false,1590.000,528,449501.03
FFSU,OH,00169477212,OZEMPIC 2M,2022,3,false,78.000,17,18818.20
FFSU,OH,00169413013,OZEMPIC 1M,2022,2,false,237.000,72,56177.71
MCOU,OH,00169413013,OZEMPIC 1M,2022,2,false,9372.000,3033,2675548.15
MCOU,OH,00169413212,OZEMPIC 0.,2022,2,false,3874.500,2527,2200435.79
FFSU,OH,00169413212,OZEMPIC 0.,2022,2,false,87.000,47,39611.06
MCOU,OH,00169413602,OZEMPIC 1M,2022,2,true,,,
MCOU,OH,00169477211,OZEMPIC 2M,2022,2,true,,,
MCOU,OH,00169477212,OZEMPIC 2M,2022,2,false,771.000,255,214499.46
FFSU,OH,00169477212,OZEMPIC 2M,2022,2,true,,,
MCOU,OH,00169413013,OZEMPIC 1M,2022,1,false,8316.000,2694,2362255.22
FFSU,OH,00169413013,OZEMPIC 1M,2022,1,false,141.000,43,34193.02
FFSU,OH,00169413212,OZEMPIC 0.,2022,1,false,52.500,30,29768.08
MCOU,OH,00169413212,OZEMPIC 0.,2022,1,false,3860.000,2515,2187457.07
MCOU,OH,00169413602,OZEMPIC 1M,2022,1,false,72.000,24,21100.58
FFSU,OH,00169413602,OZEMPIC 1M,2022,1,true,,,
FFSU,OK,00169413013,OZEMPIC 1M,2022,4,false,1840.000,611,535109.41
FFSU,OK,00169413212,OZEMPIC 0.,2022,4,false,903.000,602,509013.47
FFSU,OK,00169477212,OZEMPIC 2M,2022,4,false,761.000,254,220443.45
FFSU,OK,00169413013,OZEMPIC 1M,2022,3,false,1752.000,581,509486.73
FFSU,OK,00169413212,OZEMPIC 0.,2022,3,false,798.000,532,446686.12
FFSU,OK,00169477212,OZEMPIC 2M,2022,3,false,375.000,125,109834.95
FFSU,OK,00169413013,OZEMPIC 1M,2022,2,false,1674.000,555,472397.97
FFSU,OK,00169413212,OZEMPIC 0.,2022,2,false,693.000,462,388211.67
FFSU,OK,00169477212,OZEMPIC 2M,2022,2,false,102.000,34,30643.48
FFSU,OK,00169413013,OZEMPIC 1M,2022,1,false,1053.000,351,296736.46
FFSU,OK,00169413212,OZEMPIC 0.,2022,1,false,526.500,351,296448.48
FFSU,OK,00169413602,OZEMPIC 1M,2022,1,true,,,
MCOU,OR,00169413013,OZEMPIC 1M,2022,4,false,2629.500,817,749637.84
FFSU,OR,00169413013,OZEMPIC 1M,2022,4,false,150.000,50,25290.81
MCOU,OR,00169413211,OZEMPIC 0.,2022,4,true,,,
MCOU,OR,00169413212,OZEMPIC 0.,2022,4,false,1294.500,832,718088.60
FFSU,OR,00169413212,OZEMPIC 0.,2022,4,false,64.500,43,18852.63
FFSU,OR,00169477212,OZEMPIC 2M,2022,4,true,,,
MCOU,OR,00169477212,OZEMPIC 2M,2022,4,false,753.000,241,215594.63
FFSU,OR,00169413013,OZEMPIC 1M,2022,3,false,123.000,41,21711.61
MCOU,OR,00169413013,OZEMPIC 1M,2022,3,false,2367.000,723,679380.40
FFSU,OR,00169413212,OZEMPIC 0.,2022,3,false,67.500,45,39069.28
MCOU,OR,00169413212,OZEMPIC 0.,2022,3,false,1365.000,861,784548.67
FFSU,OR,00169477212,OZEMPIC 2M,2022,3,true,,,
MCOU,OR,00169477212,OZEMPIC 2M,2022,3,false,441.000,135,125160.00
MCOU,OR,00169413013,OZEMPIC 1M,2022,2,false,2274.000,696,652627.59
FFSU,OR,00169413013,OZEMPIC 1M,2022,2,false,120.000,40,25811.97
FFSU,OR,00169413212,OZEMPIC 0.,2022,2,false,63.000,42,36430.37
MCOU,OR,00169413212,OZEMPIC 0.,2022,2,false,1095.000,688,631966.85
MCOU,OR,00169477212,OZEMPIC 2M,2022,2,false,195.000,59,56116.77
FFSU,OR,00169477212,OZEMPIC 2M,2022,2,true,,,
MCOU,OR,00169413013,OZEMPIC 1M,2022,1,false,1695.000,518,486681.63
FFSU,OR,00169413013,OZEMPIC 1M,2022,1,false,93.000,31,18642.25
MCOU,OR,00169413212,OZEMPIC 0.,2022,1,false,862.500,535,495777.35
FFSU,OR,00169413212,OZEMPIC 0.,2022,1,false,40.500,27,23317.37
MCOU,OR,00169413602,OZEMPIC 1M,2022,1,true,,,
MCOU,PA,00169413001,OZEMPIC 1M,2022,4,true,,,
MCOU,PA,00169413013,OZEMPIC 1M,2022,4,false,6272.000,1827,1798344.92
FFSU,PA,00169413013,OZEMPIC 1M,2022,4,false,573.000,166,164423.54
MCOU,PA,00169413212,OZEMPIC 0.,2022,4,false,2743.500,1676,1574203.25
FFSU,PA,00169413212,OZEMPIC 0.,2022,4,false,264.000,152,151008.30
MCOU,PA,00169413602,OZEMPIC 1M,2022,4,false,25.500,11,7493.91
MCOU,PA,00169477212,OZEMPIC 2M,2022,4,false,1362.000,403,397744.49
FFSU,PA,00169477212,OZEMPIC 2M,2022,4,false,141.000,41,40307.72
MCOU,PA,00169413001,OZEMPIC 1M,2022,3,true,,,
FFSU,PA,00169413013,OZEMPIC 1M,2022,3,false,624.000,157,179006.50
MCOU,PA,00169413013,OZEMPIC 1M,2022,3,false,6700.500,1887,1911794.37
MCOU,PA,00169413211,OZEMPIC 0.,2022,3,true,,,
FFSU,PA,00169413212,OZEMPIC 0.,2022,3,false,310.500,177,177597.10
MCOU,PA,00169413212,OZEMPIC 0.,2022,3,false,3259.000,1949,1869004.00
MCOU,PA,00169413602,OZEMPIC 1M,2022,3,false,48.000,18,14107.06
MCOU,PA,00169477212,OZEMPIC 2M,2022,3,false,933.000,261,271275.96
FFSU,PA,00169477212,OZEMPIC 2M,2022,3,false,111.000,29,31813.36
MCOU,PA,00169413013,OZEMPIC 1M,2022,2,false,7533.000,2144,2210422.07
FFSU,PA,00169413013,OZEMPIC 1M,2022,2,false,552.000,137,158413.33
MCOU,PA,00169413211,OZEMPIC 0.,2022,2,true,,,
MCOU,PA,00169413212,OZEMPIC 0.,2022,2,false,3842.500,2313,2245095.84
FFSU,PA,00169413212,OZEMPIC 0.,2022,2,false,270.000,156,154353.62
FFSU,PA,00169413602,OZEMPIC 1M,2022,2,true,,,
MCOU,PA,00169413602,OZEMPIC 1M,2022,2,false,43.000,15,12599.01
FFSU,PA,00169477212,OZEMPIC 2M,2022,2,true,,,
MCOU,PA,00169477212,OZEMPIC 2M,2022,2,false,477.000,114,134638.88
FFSU,PA,00169413013,OZEMPIC 1M,2022,1,false,444.000,126,124546.59
MCOU,PA,00169413013,OZEMPIC 1M,2022,1,false,7512.000,2179,2139127.69
MCOU,PA,00169413211,OZEMPIC 0.,2022,1,true,,,
MCOU,PA,00169413212,OZEMPIC 0.,2022,1,false,4617.000,2830,2641384.46
FFSU,PA,00169413212,OZEMPIC 0.,2022,1,false,204.000,122,113980.16
MCOU,PA,00169413602,OZEMPIC 1M,2022,1,false,90.000,30,26079.63
FFSU,PA,00169413602,OZEMPIC 1M,2022,1,true,,,
FFSU,RI,00169413013,OZEMPIC 1M,2022,4,true,,,
MCOU,RI,00169413013,OZEMPIC 1M,2022,4,false,1613.000,523,452878.04
MCOU,RI,00169413211,OZEMPIC 0.,2022,4,true,,,
FFSU,RI,00169413212,OZEMPIC 0.,2022,4,false,24.000,16,13683.43
MCOU,RI,00169413212,OZEMPIC 0.,2022,4,false,1128.000,744,638029.03
MCOU,RI,00169413602,OZEMPIC 1M,2022,4,true,,,
MCOU,RI,00169477212,OZEMPIC 2M,2022,4,false,198.000,66,56309.07
MCOU,RI,00169413013,OZEMPIC 1M,2022,3,false,1572.000,505,429743.02
FFSU,RI,00169413013,OZEMPIC 1M,2022,3,true,,,
FFSU,RI,00169413212,OZEMPIC 0.,2022,3,true,,,
MCOU,RI,00169413212,OZEMPIC 0.,2022,3,false,1291.500,849,738639.46
MCOU,RI,00169477212,OZEMPIC 2M,2022,3,false,156.000,52,43556.10
MCOU,RI,00169413013,OZEMPIC 1M,2022,2,false,1248.000,400,345549.88
FFSU,RI,00169413013,OZEMPIC 1M,2022,2,true,,,
FFSU,RI,00169413212,OZEMPIC 0.,2022,2,true,,,
MCOU,RI,00169413212,OZEMPIC 0.,2022,2,false,979.500,651,556734.46
MCOU,RI,00169477212,OZEMPIC 2M,2022,2,false,54.000,18,15611.92
FFSU,RI,00169413013,OZEMPIC 1M,2022,1,true,,,
MCOU,RI,00169413013,OZEMPIC 1M,2022,1,false,876.000,284,240567.52
MCOU,RI,00169413212,OZEMPIC 0.,2022,1,false,772.500,511,439103.07
FFSU,RI,00169413212,OZEMPIC 0.,2022,1,true,,,
MCOU,SC,00169413001,OZEMPIC   ,2022,4,true,,,
FFSU,SC,00169413013,OZEMPIC   ,2022,4,false,141.000,46,40431.84
MCOU,SC,00169413013,OZEMPIC   ,2022,4,false,6519.000,2197,1907289.97
MCOU,SC,00169413211,OZEMPIC   ,2022,4,true,,,
FFSU,SC,00169413212,OZEMPIC   ,2022,4,false,75.000,50,43278.80
MCOU,SC,00169413212,OZEMPIC   ,2022,4,false,3282.000,2306,1958916.96
MCOU,SC,00169477211,OZEMPIC   ,2022,4,true,,,
FFSU,SC,00169477212,OZEMPIC   ,2022,4,true,,,
MCOU,SC,00169477212,OZEMPIC   ,2022,4,false,1170.000,401,340834.71
MCOU,SC,00169413001,OZEMPIC   ,2022,3,true,,,
FFSU,SC,00169413013,OZEMPIC   ,2022,3,false,177.000,59,50660.65
MCOU,SC,00169413013,OZEMPIC   ,2022,3,false,6045.000,2043,1736253.91
MCOU,SC,00169413211,OZEMPIC   ,2022,3,true,,,
FFSU,SC,00169413212,OZEMPIC   ,2022,3,false,87.000,58,51230.32
MCOU,SC,00169413212,OZEMPIC   ,2022,3,false,3355.500,2362,1980660.45
MCOU,SC,00169413602,OZEMPIC   ,2022,3,true,,,
MCOU,SC,00169477211,OZEMPIC   ,2022,3,true,,,
MCOU,SC,00169477212,OZEMPIC   ,2022,3,false,812.000,273,228970.58
FFSU,SC,00169477212,OZEMPIC   ,2022,3,true,,,
FFSU,SC,00169413013,OZEMPIC   ,2022,2,false,138.000,46,39617.01
MCOU,SC,00169413013,OZEMPIC   ,2022,2,false,5619.000,1915,1622521.65
MCOU,SC,00169413212,OZEMPIC   ,2022,2,false,2977.500,2070,1742046.59
FFSU,SC,00169413212,OZEMPIC   ,2022,2,false,70.500,47,40143.83
MCOU,SC,00169413602,OZEMPIC   ,2022,2,false,33.000,12,9449.47
MCOU,SC,00169477212,OZEMPIC   ,2022,2,false,324.000,110,92241.03
MCOU,SC,00169413013,OZEMPIC   ,2022,1,false,4713.000,1611,1365153.49
FFSU,SC,00169413013,OZEMPIC   ,2022,1,false,84.000,28,23977.98
MCOU,SC,00169413212,OZEMPIC   ,2022,1,false,2738.000,1891,1594737.44
FFSU,SC,00169413212,OZEMPIC   ,2022,1,false,51.000,34,28508.15
MCOU,SC,00169413602,OZEMPIC   ,2022,1,false,48.000,16,13572.79
FFSU,SD,00169413013,OZEMPIC 1M,2022,4,false,1170.000,373,332696.94
FFSU,SD,00169413212,OZEMPIC 0.,2022,4,false,442.500,293,254266.29
FFSU,SD,00169477212,OZEMPIC 2M,2022,4,false,279.000,93,80732.37
FFSU,SD,00169413013,OZEMPIC 1M,2022,3,false,930.000,291,262381.05
FFSU,SD,00169413212,OZEMPIC 0.,2022,3,false,442.500,289,255487.27
FFSU,SD,00169477212,OZEMPIC 2M,2022,3,false,207.000,68,60750.66
FFSU,SD,00169413013,OZEMPIC 1M,2022,2,false,966.000,313,279247.49
FFSU,SD,00169413212,OZEMPIC 0.,2022,2,false,384.000,254,221872.29
FFSU,SD,00169413602,OZEMPIC 1M,2022,2,true,,,
FFSU,SD,00169477212,OZEMPIC 2M,2022,2,false,81.000,27,24370.47
FFSU,SD,00169413013,OZEMPIC 1M,2022,1,false,753.000,250,215624.00
FFSU,SD,00169413212,OZEMPIC 0.,2022,1,false,367.500,241,210940.32
FFSU,TN,00169413001,OZEMPIC 1M,2022,4,true,,,
FFSU,TN,00169413013,OZEMPIC 1M,2022,4,false,14325.000,4757,4144350.91
FFSU,TN,00169413211,OZEMPIC 0.,2022,4,true,,,
MCOU,TN,00169413212,OZEMPIC 0.,2022,4,true,,,
FFSU,TN,00169413212,OZEMPIC 0.,2022,4,false,8376.000,5583,4837833.20
MCOU,TN,00169413602,OZEMPIC 1M,2022,4,true,,,
FFSU,TN,00169413602,OZEMPIC 1M,2022,4,true,,,
FFSU,TN,00169477211,OZEMPIC 2M,2022,4,true,,,
FFSU,TN,00169477212,OZEMPIC 2M,2022,4,false,2565.000,855,741368.00
FFSU,TN,00169413001,OZEMPIC 1M,2022,3,true,,,
FFSU,TN,00169413013,OZEMPIC 1M,2022,3,false,12831.000,4272,3711155.07
FFSU,TN,00169413211,OZEMPIC 0.,2022,3,true,,,
FFSU,TN,00169413212,OZEMPIC 0.,2022,3,false,8535.000,5686,4929845.52
MCOU,TN,00169413602,OZEMPIC 1M,2022,3,true,,,
FFSU,TN,00169413602,OZEMPIC 1M,2022,3,false,36.000,12,10401.33
FFSU,TN,00169477212,OZEMPIC 2M,2022,3,false,1842.000,614,534220.62
FFSU,TN,00169413001,OZEMPIC 1M,2022,2,true,,,
FFSU,TN,00169413013,OZEMPIC 1M,2022,2,false,8853.000,2948,2564483.52
FFSU,TN,00169413211,OZEMPIC 0.,2022,2,true,,,
FFSU,TN,00169413212,OZEMPIC 0.,2022,2,false,6782.500,4519,3915416.61
FFSU,TN,00169413602,OZEMPIC 1M,2022,2,false,70.500,25,20372.35
FFSU,TN,00169413611,OZEMPIC 1M,2022,2,true,,,
FFSU,TN,00169477211,OZEMPIC 2M,2022,2,true,,,
FFSU,TN,00169477212,OZEMPIC 2M,2022,2,false,489.000,163,142559.83
FFSU,TN,00169413001,OZEMPIC 1M,2022,1,true,,,
FFSU,TN,00169413013,OZEMPIC 1M,2022,1,false,5598.000,1864,1607544.83
FFSU,TN,00169413211,OZEMPIC 0.,2022,1,true,,,
FFSU,TN,00169413212,OZEMPIC 0.,2022,1,false,4312.500,2872,2466884.02
FFSU,TN,00169413602,OZEMPIC 1M,2022,1,false,64.500,23,18508.38
FFSU,TX,00169413013,OZEMPIC 1 ,2022,4,true,,,
MCOU,TX,00169413013,OZEMPIC 1 ,2022,4,false,9875.000,2743,2822070.46
MCOU,TX,00169413212,OZEMPIC 0.,2022,4,false,4579.500,2732,2614617.48
FFSU,TX,00169413212,OZEMPIC 0.,2022,4,true,,,
MCOU,TX,00169413602,OZEMPIC 1 ,2022,4,true,,,
MCOU,TX,00169477212,OZEMPIC 2 ,2022,4,false,964.500,258,274838.89
FFSU,TX,00169413013,OZEMPIC 1 ,2022,3,true,,,
MCOU,TX,00169413013,OZEMPIC 1 ,2022,3,false,9448.000,2681,2700861.89
MCOU,TX,00169413212,OZEMPIC 0.,2022,3,false,4759.500,2817,2721781.45
FFSU,TX,00169413212,OZEMPIC 0.,2022,3,false,30.000,14,17602.68
MCOU,TX,00169413602,OZEMPIC 1 ,2022,3,false,36.000,12,10383.88
FFSU,TX,00169413013,OZEMPIC 1 ,2022,2,true,,,
MCOU,TX,00169413013,OZEMPIC 1 ,2022,2,false,7909.000,2408,2261264.45
FFSU,TX,00169413212,OZEMPIC 0.,2022,2,false,24.000,11,14079.96
MCOU,TX,00169413212,OZEMPIC 0.,2022,2,false,4152.000,2532,2374804.70
FFSU,TX,00169413602,OZEMPIC 1 ,2022,2,true,,,
MCOU,TX,00169413602,OZEMPIC 1 ,2022,2,false,69.000,23,19740.72
MCOU,TX,00169413013,OZEMPIC 1 ,2022,1,false,6333.000,2062,1806959.86
FFSU,TX,00169413013,OZEMPIC 1 ,2022,1,true,,,
MCOU,TX,00169413212,OZEMPIC 0.,2022,1,false,3307.500,1993,1890838.16
FFSU,TX,00169413212,OZEMPIC 0.,2022,1,true,,,
MCOU,TX,00169413602,OZEMPIC 1 ,2022,1,false,111.000,37,31663.89
MCOU,UT,00169413013,OZEMPIC 1M,2022,4,false,1176.000,390,360986.92
FFSU,UT,00169413013,OZEMPIC 1M,2022,4,false,123.000,41,35542.38
FFSU,UT,00169413212,OZEMPIC 0.,2022,4,false,37.500,25,21623.16
MCOU,UT,00169413212,OZEMPIC 0.,2022,4,false,448.500,297,309475.33
FFSU,UT,00169477212,OZEMPIC 2M,2022,4,true,,,
MCOU,UT,00169477212,OZEMPIC 2M,2022,4,false,333.000,111,108926.22
FFSU,UT,00169413013,OZEMPIC 1M,2022,3,false,75.000,25,21716.31
MCOU,UT,00169413013,OZEMPIC 1M,2022,3,false,1065.000,353,326876.95
FFSU,UT,00169413212,OZEMPIC 0.,2022,3,false,42.000,27,24225.67
MCOU,UT,00169413212,OZEMPIC 0.,2022,3,false,499.500,330,319199.48
FFSU,UT,00169477212,OZEMPIC 2M,2022,3,true,,,
MCOU,UT,00169477212,OZEMPIC 2M,2022,3,false,156.000,50,59506.77
FFSU,UT,00169413013,OZEMPIC 1M,2022,2,false,96.000,32,27824.34
MCOU,UT,00169413013,OZEMPIC 1M,2022,2,false,897.000,299,345466.06
MCOU,UT,00169413212,OZEMPIC 0.,2022,2,false,427.500,285,380606.46
FFSU,UT,00169413212,OZEMPIC 0.,2022,2,false,43.500,27,25066.03
MCOU,UT,00169413602,OZEMPIC 1M,2022,2,true,,,
FFSU,UT,00169477212,OZEMPIC 2M,2022,2,true,,,
MCOU,UT,00169477212,OZEMPIC 2M,2022,2,false,75.000,21,53570.66
MCOU,UT,00169413013,OZEMPIC 1M,2022,1,false,828.000,277,307767.27
FFSU,UT,00169413013,OZEMPIC 1M,2022,1,false,96.000,32,27393.56
FFSU,UT,00169413212,OZEMPIC 0.,2022,1,false,34.500,20,19048.27
MCOU,UT,00169413212,OZEMPIC 0.,2022,1,false,351.000,234,319462.77
MCOU,UT,00169413602,OZEMPIC 1M,2022,1,true,,,
MCOU,VA,00169413001,OZEMPIC   ,2022,4,true,,,
MCOU,VA,00169413013,OZEMPIC   ,2022,4,false,6854.000,2169,1971291.99
FFSU,VA,00169413013,OZEMPIC   ,2022,4,true,,,
MCOU,VA,00169413211,OZEMPIC   ,2022,4,true,,,
FFSU,VA,00169413212,OZEMPIC   ,2022,4,true,,,
MCOU,VA,00169413212,OZEMPIC   ,2022,4,false,2914.000,1920,1673889.70
MCOU,VA,00169413602,OZEMPIC   ,2022,4,true,,,
FFSU,VA,00169477212,OZEMPIC   ,2022,4,true,,,
MCOU,VA,00169477212,OZEMPIC   ,2022,4,false,1767.000,575,505101.02
MCOU,VA,00169413001,OZEMPIC   ,2022,3,true,,,
FFSU,VA,00169413013,OZEMPIC   ,2022,3,true,,,
MCOU,VA,00169413013,OZEMPIC   ,2022,3,false,6409.500,2063,1841131.96
MCOU,VA,00169413212,OZEMPIC   ,2022,3,false,2812.500,1836,1615220.69
FFSU,VA,00169413212,OZEMPIC   ,2022,3,true,,,
MCOU,VA,00169413602,OZEMPIC   ,2022,3,true,,,
MCOU,VA,00169477212,OZEMPIC   ,2022,3,false,1105.000,367,317169.61
MCOU,VA,00169413001,OZEMPIC   ,2022,2,true,,,
FFSU,VA,00169413013,OZEMPIC   ,2022,2,true,,,
MCOU,VA,00169413013,OZEMPIC   ,2022,2,false,6056.000,1959,1744757.24
MCOU,VA,00169413212,OZEMPIC   ,2022,2,false,2580.500,1679,1482611.80
FFSU,VA,00169413212,OZEMPIC   ,2022,2,true,,,
MCOU,VA,00169413602,OZEMPIC   ,2022,2,true,,,
MCOU,VA,00169477212,OZEMPIC   ,2022,2,false,489.000,159,140640.41
MCOU,VA,00169413001,OZEMPIC   ,2022,1,true,,,
FFSU,VA,00169413013,OZEMPIC   ,2022,1,true,,,
MCOU,VA,00169413013,OZEMPIC   ,2022,1,false,4990.000,1594,1433237.11
MCOU,VA,00169413212,OZEMPIC   ,2022,1,false,2215.500,1448,1272175.21
FFSU,VA,00169413212,OZEMPIC   ,2022,1,true,,,
MCOU,VA,00169413602,OZEMPIC   ,2022,1,false,57.000,19,16272.18
FFSU,VT,00169413013,OZEMPIC 1M,2022,4,false,909.000,221,254654.51
FFSU,VT,00169413212,OZEMPIC 0.,2022,4,false,250.500,145,133588.36
FFSU,VT,00169477212,OZEMPIC 2M,2022,4,false,247.000,71,69600.02
FFSU,VT,00169413013,OZEMPIC 1M,2022,3,false,945.000,250,264871.61
FFSU,VT,00169413212,OZEMPIC 0.,2022,3,false,310.500,168,160319.70
FFSU,VT,00169477212,OZEMPIC 2M,2022,3,false,129.000,27,36399.14
FFSU,VT,00169413013,OZEMPIC 1M,2022,2,false,957.000,272,267006.26
FFSU,VT,00169413212,OZEMPIC 0.,2022,2,false,267.000,140,145494.32
FFSU,VT,00169477212,OZEMPIC 2M,2022,2,true,,,
FFSU,VT,00169413013,OZEMPIC 1M,2022,1,false,804.000,250,223244.11
FFSU,VT,00169413212,OZEMPIC 0.,2022,1,false,253.500,143,137113.49
MCOU,WA,00169413013,OZEMPIC 1M,2022,4,false,3873.000,1191,1047300.81
FFSU,WA,00169413013,OZEMPIC 1M,2022,4,false,126.000,36,32968.98
MCOU,WA,00169413212,OZEMPIC 0.,2022,4,false,1419.000,882,756460.15
FFSU,WA,00169413212,OZEMPIC 0.,2022,4,false,48.000,30,24317.59
MCOU,WA,00169477212,OZEMPIC 2M,2022,4,false,831.000,249,230911.56
FFSU,WA,00169477212,OZEMPIC 2M,2022,4,false,39.000,13,8687.80
FFSU,WA,00169413013,OZEMPIC 1M,2022,3,false,105.000,30,26056.90
MCOU,WA,00169413013,OZEMPIC 1M,2022,3,false,3645.000,1118,982050.77
MCOU,WA,00169413212,OZEMPIC 0.,2022,3,false,1471.500,906,771301.21
FFSU,WA,00169413212,OZEMPIC 0.,2022,3,false,49.500,30,28418.10
MCOU,WA,00169413602,OZEMPIC 1M,2022,3,true,,,
MCOU,WA,00169477212,OZEMPIC 2M,2022,3,false,519.000,159,146424.07
FFSU,WA,00169477212,OZEMPIC 2M,2022,3,true,,,
FFSU,WA,00169413013,OZEMPIC 1M,2022,2,false,93.000,25,25117.39
MCOU,WA,00169413013,OZEMPIC 1M,2022,2,false,2997.000,923,800556.20
MCOU,WA,00169413212,OZEMPIC 0.,2022,2,false,1152.000,703,600897.53
FFSU,WA,00169413212,OZEMPIC 0.,2022,2,false,54.000,36,26872.42
MCOU,WA,00169413602,OZEMPIC 1M,2022,2,true,,,
MCOU,WA,00169413611,OZEMPIC 1M,2022,2,true,,,
MCOU,WA,00169477212,OZEMPIC 2M,2022,2,false,210.000,56,54380.90
MCOU,WA,00169413013,OZEMPIC 1M,2022,1,false,2448.000,758,653160.57
FFSU,WA,00169413013,OZEMPIC 1M,2022,1,false,48.000,14,12961.52
FFSU,WA,00169413212,OZEMPIC 0.,2022,1,false,34.500,22,19674.27
MCOU,WA,00169413212,OZEMPIC 0.,2022,1,false,900.000,568,471701.31
FFSU,WI,00169413013,OZEMPIC 1M,2022,4,false,234.000,56,67789.52
FFSU,WI,00169413212,OZEMPIC 0.,2022,4,false,96.000,57,55507.71
FFSU,WI,00169413602,OZEMPIC 1M,2022,4,true,,,
FFSU,WI,00169477212,OZEMPIC 2M,2022,4,false,90.000,23,25666.35
FFSU,WI,00169413013,OZEMPIC 1M,2022,3,false,252.000,58,73117.78
FFSU,WI,00169413212,OZEMPIC 0.,2022,3,false,111.000,62,64102.18
FFSU,WI,00169477212,OZEMPIC 2M,2022,3,false,39.000,11,10945.81
FFSU,WI,00169413013,OZEMPIC 1M,2022,2,false,318.000,63,93520.61
FFSU,WI,00169413212,OZEMPIC 0.,2022,2,false,87.000,50,50254.08
FFSU,WI,00169477212,OZEMPIC 2M,2022,2,true,,,
FFSU,WI,00169413013,OZEMPIC 1M,2022,1,false,222.000,46,63857.63
FFSU,WI,00169413212,OZEMPIC 0.,2022,1,false,79.500,46,45352.68
FFSU,WV,00169413001,OZEMPIC 1 ,2022,4,true,,,
FFSU,WV,00169413013,OZEMPIC 1 ,2022,4,false,10557.000,2960,3048241.07
FFSU,WV,00169413212,OZEMPIC 0.,2022,4,false,8424.000,5594,4855039.88
FFSU,WV,00169413602,OZEMPIC 1 ,2022,4,true,,,
FFSU,WV,00169477212,OZEMPIC 2 ,2022,4,false,1584.500,444,456349.84
FFSU,WV,00169413001,OZEMPIC 1 ,2022,3,true,,,
FFSU,WV,00169413013,OZEMPIC 1 ,2022,3,false,8334.000,2292,2404290.42
FFSU,WV,00169413212,OZEMPIC 0.,2022,3,false,7467.000,4955,4305839.91
FFSU,WV,00169413602,OZEMPIC 1 ,2022,3,true,,,
FFSU,WV,00169477212,OZEMPIC 2 ,2022,3,false,1139.000,292,335370.42
FFSU,WV,00169413013,OZEMPIC 1 ,2022,2,false,8316.000,2268,2401240.86
FFSU,WV,00169413211,OZEMPIC 0.,2022,2,true,,,
FFSU,WV,00169413212,OZEMPIC 0.,2022,2,false,6580.500,4353,3796537.02
FFSU,WV,00169413602,OZEMPIC 1 ,2022,2,false,72.000,22,20700.00
FFSU,WV,00169477212,OZEMPIC 2 ,2022,2,false,195.000,47,58422.93
FFSU,WV,00169413001,OZEMPIC 1 ,2022,1,true,,,
FFSU,WV,00169413013,OZEMPIC 1 ,2022,1,false,7234.500,1974,2051026.01
FFSU,WV,00169413211,OZEMPIC 0.,2022,1,true,,,
FFSU,WV,00169413212,OZEMPIC 0.,2022,1,false,5605.500,3700,3172954.49
FFSU,WV,00169413602,OZEMPIC 1 ,2022,1,false,190.500,60,53806.57
FFSU,WY,00169413013,OZEMPIC 1M,2022,4,false,141.000,42,33913.30
FFSU,WY,00169413212,OZEMPIC 0.,2022,4,false,45.000,30,23409.33
FFSU,WY,00169477212,OZEMPIC 2M,2022,4,true,,,
FFSU,WY,00169413013,OZEMPIC 1M,2022,3,false,126.000,34,33540.16
FFSU,WY,00169413212,OZEMPIC 0.,2022,3,false,39.000,26,22501.00
FFSU,WY,00169477212,OZEMPIC 2M,2022,3,true,,,
FFSU,WY,00169413013,OZEMPIC 1M,2022,2,false,132.000,32,33115.13
FFSU,WY,00169413212,OZEMPIC 0.,2022,2,false,42.000,28,22742.94
FFSU,WY,00169477212,OZEMPIC 2M,2022,2,true,,,
FFSU,WY,00169413013,OZEMPIC 1M,2022,1,false,60.000,20,13141.48
FFSU,WY,00169413212,OZEMPIC 0.,2022,1,false,37.500,24,19784.59
MCOU,AZ,00169450114,WEGOVY    ,2022,4,true,,,
MCOU,AZ,00169450514,WEGOVY    ,2022,4,true,,,
MCOU,AZ,00169451714,WEGOVY    ,2022,4,true,,,
MCOU,AZ,00169452414,WEGOVY    ,2022,4,false,249.000,75,106891.88
MCOU,AZ,00169452514,WEGOVY    ,2022,4,false,19.500,11,12627.59
MCOU,AZ,00169450114,WEGOVY    ,2022,3,true,,,
MCOU,AZ,00169450514,WEGOVY    ,2022,3,true,,,
MCOU,AZ,00169451714,WEGOVY    ,2022,3,false,33.000,11,14307.11
MCOU,AZ,00169452414,WEGOVY    ,2022,3,false,312.750,98,134708.57
MCOU,AZ,00169452514,WEGOVY    ,2022,3,true,,,
MCOU,AZ,00169450114,WEGOVY    ,2022,2,false,34.000,16,22181.87
MCOU,AZ,00169450514,WEGOVY    ,2022,2,false,26.000,13,16900.03
MCOU,AZ,00169451714,WEGOVY    ,2022,2,false,78.000,26,33665.98
MCOU,AZ,00169452414,WEGOVY    ,2022,2,false,246.000,76,106016.17
MCOU,AZ,00169452514,WEGOVY    ,2022,2,false,56.500,27,36540.55
MCOU,AZ,00169450114,WEGOVY    ,2022,1,false,80.500,38,52321.53
MCOU,AZ,00169450514,WEGOVY    ,2022,1,false,84.000,42,54028.12
MCOU,AZ,00169451714,WEGOVY    ,2022,1,false,48.000,16,20846.94
MCOU,AZ,00169452414,WEGOVY    ,2022,1,false,114.000,33,49321.25
MCOU,AZ,00169452514,WEGOVY    ,2022,1,false,105.000,51,68346.30
FFSU,CA,00169450114,WEGOVY 1MG,2022,4,false,56.000,26,37970.33
FFSU,CA,00169450514,WEGOVY 0.5,2022,4,false,32.500,18,21646.28
MCOU,CA,00169451714,WEGOVY 1.7,2022,4,true,,,
FFSU,CA,00169451714,WEGOVY 1.7,2022,4,false,4323.750,1303,1881313.85
MCOU,CA,00169452414,WEGOVY 2.4,2022,4,false,75.750,24,28753.18
FFSU,CA,00169452414,WEGOVY 2.4,2022,4,false,8836.750,2581,3845738.83
FFSU,CA,00169452514,WEGOVY 0.2,2022,4,false,66.500,34,44114.44
FFSU,CA,00169450114,WEGOVY 1MG,2022,3,false,211.000,100,137991.74
FFSU,CA,00169450514,WEGOVY 0.5,2022,3,false,86.500,42,56476.05
MCOU,CA,00169450514,WEGOVY 0.5,2022,3,true,,,
FFSU,CA,00169451714,WEGOVY 1.7,2022,3,false,4889.250,1492,2131684.37
FFSU,CA,00169452414,WEGOVY 2.4,2022,3,false,9051.500,2658,3948477.72
MCOU,CA,00169452414,WEGOVY 2.4,2022,3,false,86.000,28,35206.83
MCOU,CA,00169452514,WEGOVY 0.2,2022,3,true,,,
FFSU,CA,00169452514,WEGOVY 0.2,2022,3,false,242.500,110,159097.01
FFSU,CA,00169450114,WEGOVY 1MG,2022,2,false,1816.000,843,1187487.50
MCOU,CA,00169450114,WEGOVY 1MG,2022,2,true,,,
MCOU,CA,00169450514,WEGOVY 0.5,2022,2,false,22.000,11,15021.72
FFSU,CA,00169450514,WEGOVY 0.5,2022,2,false,1609.500,772,1050882.96
MCOU,CA,00169451714,WEGOVY 1.7,2022,2,false,42.000,14,18973.55
FFSU,CA,00169451714,WEGOVY 1.7,2022,2,false,2737.500,878,1196757.37
FFSU,CA,00169452414,WEGOVY 2.4,2022,2,false,3376.750,1006,1477337.78
MCOU,CA,00169452414,WEGOVY 2.4,2022,2,false,42.000,14,18391.86
MCOU,CA,00169452514,WEGOVY 0.2,2022,2,true,,,
FFSU,CA,00169452514,WEGOVY 0.2,2022,2,false,2495.000,1185,1630021.53
FFSU,CA,00169450114,WEGOVY 1MG,2022,1,false,695.000,318,453851.40
MCOU,CA,00169450114,WEGOVY 1MG,2022,1,false,22.000,11,14704.69
MCOU,CA,00169450514,WEGOVY 0.5,2022,1,false,26.000,13,17247.81
FFSU,CA,00169450514,WEGOVY 0.5,2022,1,false,986.500,464,644073.42
FFSU,CA,00169451714,WEGOVY 1.7,2022,1,false,997.500,320,436865.77
MCOU,CA,00169451714,WEGOVY 1.7,2022,1,true,,,
MCOU,CA,00169452414,WEGOVY 2.4,2022,1,true,,,
FFSU,CA,00169452414,WEGOVY 2.4,2022,1,false,1192.750,343,521747.23
MCOU,CA,00169452514,WEGOVY 0.2,2022,1,false,22.000,11,15296.24
FFSU,CA,00169452514,WEGOVY 0.2,2022,1,false,1801.500,836,1177448.76
MCOU,DC,00169452514,WEGOVY 0.2,2022,1,true,,,
MCOU,DE,00169450514,WEGOVY    ,2022,4,true,,,
MCOU,DE,00169451714,WEGOVY 1.7,2022,4,false,87.000,29,0.00
MCOU,DE,00169452414,WEGOVY 2.4,2022,4,false,393.000,131,0.00
MCOU,DE,00169452514,WEGOVY 0.2,2022,4,true,,,
MCOU,DE,00169450114,WEGOVY 1MG,2022,3,true,,,
MCOU,DE,00169451714,WEGOVY 1.7,2022,3,false,129.000,43,0.00
MCOU,DE,00169452414,WEGOVY 2.4,2022,3,false,465.000,155,0.00
MCOU,DE,00169452514,WEGOVY 0.2,2022,3,true,,,
MCOU,DE,00169450114,WEGOVY 1MG,2022,2,false,74.000,37,0.00
MCOU,DE,00169450514,WEGOVY 0.5,2022,2,false,46.000,23,1236.00
MCOU,DE,00169451714,WEGOVY 1.7,2022,2,false,210.000,70,0.00
MCOU,DE,00169452414,WEGOVY 2.4,2022,2,false,336.000,112,0.00
MCOU,DE,00169452514,WEGOVY 0.2,2022,2,false,87.000,44,1286.78
MCOU,DE,00169450114,WEGOVY 1MG,2022,1,false,116.000,58,0.00
MCOU,DE,00169450514,WEGOVY 0.5,2022,1,false,138.000,69,0.00
FFSU,DE,00169450514,WEGOVY 0.5,2022,1,true,,,
MCOU,DE,00169451714,WEGOVY 1.7,2022,1,false,147.000,49,0.00
MCOU,DE,00169452414,WEGOVY 2.4,2022,1,false,135.000,45,0.00
MCOU,DE,00169452514,WEGOVY 0.2,2022,1,false,168.000,84,1149.31
MCOU,FL,00169452514,WEGOVY    ,2022,3,true,,,
MCOU,FL,00169450514,WEGOVY    ,2022,2,true,,,
MCOU,FL,00169450514,WEGOVY    ,2022,1,true,,,
MCOU,HI,00169452414,WEGOVY 2.4,2022,4,true,,,
MCOU,HI,00169450114,WEGOVY 1 M,2022,3,false,32.000,16,0.00
MCOU,HI,00169450514,WEGOVY 0.5,2022,3,false,28.000,13,3999.89
MCOU,HI,00169451714,WEGOVY 1.7,2022,3,true,,,
MCOU,HI,00169452414,WEGOVY 2.4,2022,3,false,87.000,29,5393.92
MCOU,HI,00169452514,WEGOVY 0.2,2022,3,false,62.250,31,2664.01
MCOU,HI,00169450114,WEGOVY 1 M,2022,2,true,,,
MCOU,HI,00169450514,WEGOVY 0.5,2022,2,true,,,
MCOU,HI,00169451714,WEGOVY 1.7,2022,2,true,,,
MCOU,HI,00169452414,WEGOVY 2.4,2022,2,true,,,
MCOU,HI,00169452514,WEGOVY 0.2,2022,2,false,58.500,35,2671.76
MCOU,IL,00169452514,WEGOVY 0.2,2022,2,true,,,
MCOU,IN,00169451714,WEGOVY 1.7,2022,2,true,,,
MCOU,IN,00169450114,WEGOVY 1MG,2022,1,true,,,
MCOU,IN,00169450514,WEGOVY 0.5,2022,1,true,,,
MCOU,IN,00169451714,WEGOVY 1.7,2022,1,true,,,
MCOU,IN,00169452514,WEGOVY 0.2,2022,1,true,,,
MCOU,KS,00169450114,WEGOVY 1MG,2022,4,true,,,
MCOU,KS,00169450514,WEGOVY 0.5,2022,4,true,,,
MCOU,KS,00169451714,WEGOVY 1.7,2022,4,false,264.000,86,114869.17
MCOU,KS,00169452414,WEGOVY 2.4,2022,4,false,711.000,240,309495.93
MCOU,KS,00169452514,WEGOVY 0.2,2022,4,false,56.000,34,36086.08
MCOU,KS,00169450114,WEGOVY 1MG,2022,3,true,,,
MCOU,KS,00169450514,WEGOVY 0.5,2022,3,true,,,
MCOU,KS,00169451714,WEGOVY 1.7,2022,3,false,320.250,109,139499.94
MCOU,KS,00169452414,WEGOVY 2.4,2022,3,false,644.250,222,280712.54
MCOU,KS,00169452514,WEGOVY 0.2,2022,3,false,26.000,17,17172.28
MCOU,KS,00169450114,WEGOVY 1MG,2022,2,false,106.000,54,69296.34
MCOU,KS,00169450514,WEGOVY 0.5,2022,2,false,74.000,38,48290.68
MCOU,KS,00169451714,WEGOVY 1.7,2022,2,false,207.000,69,90427.95
MCOU,KS,00169452414,WEGOVY 2.4,2022,2,false,414.000,138,181079.46
MCOU,KS,00169452514,WEGOVY 0.2,2022,2,false,137.000,69,89504.61
MCOU,KS,00169450114,WEGOVY 1MG,2022,1,false,136.000,68,20916.48
MCOU,KS,00169450514,WEGOVY 0.5,2022,1,false,144.000,73,33724.62
MCOU,KS,00169451714,WEGOVY 1.7,2022,1,false,114.750,39,17070.00
MCOU,KS,00169452414,WEGOVY 2.4,2022,1,false,111.000,38,15746.04
MCOU,KS,00169452514,WEGOVY 0.2,2022,1,false,186.000,100,49649.28
MCOU,MA,00169451714,WEGOVY 1.7,2022,4,true,,,
MCOU,MA,00169451714,WEGOVY 1.7,2022,3,true,,,
MCOU,MA,00169452414,WEGOVY 2.4,2022,3,true,,,
MCOU,MA,00169450114,WEGOVY 1 M,2022,2,true,,,
MCOU,MA,00169451714,WEGOVY 1.7,2022,2,true,,,
MCOU,MA,00169452414,WEGOVY 2.4,2022,2,true,,,
MCOU,MA,00169450114,WEGOVY 1 M,2022,1,true,,,
MCOU,MA,00169450514,WEGOVY 0.5,2022,1,true,,,
MCOU,MA,00169452414,WEGOVY 2.4,2022,1,true,,,
MCOU,MA,00169452514,WEGOVY 0.2,2022,1,true,,,
MCOU,MI,00169450114,WEGOVY    ,2022,4,true,,,
FFSU,MI,00169450114,WEGOVY    ,2022,4,true,,,
MCOU,MI,00169450514,WEGOVY    ,2022,4,false,36.000,17,23605.63
MCOU,MI,00169451714,WEGOVY    ,2022,4,false,946.500,316,413580.21
FFSU,MI,00169451714,WEGOVY    ,2022,4,false,120.000,38,46514.02
MCOU,MI,00169452414,WEGOVY    ,2022,4,false,1932.750,646,840059.88
FFSU,MI,00169452414,WEGOVY    ,2022,4,false,370.500,120,148363.37
FFSU,MI,00169452514,WEGOVY    ,2022,4,true,,,
MCOU,MI,00169452514,WEGOVY    ,2022,4,false,217.000,109,141562.35
FFSU,MI,00169450114,WEGOVY    ,2022,3,true,,,
MCOU,MI,00169450114,WEGOVY    ,2022,3,false,24.000,12,15523.50
FFSU,MI,00169450514,WEGOVY    ,2022,3,true,,,
MCOU,MI,00169450514,WEGOVY    ,2022,3,true,,,
MCOU,MI,00169451714,WEGOVY    ,2022,3,false,704.700,237,307005.73
FFSU,MI,00169451714,WEGOVY    ,2022,3,false,138.000,46,49753.66
FFSU,MI,00169452414,WEGOVY    ,2022,3,false,318.000,102,128223.83
MCOU,MI,00169452414,WEGOVY    ,2022,3,false,1562.200,527,677725.92
FFSU,MI,00169452514,WEGOVY    ,2022,3,true,,,
MCOU,MI,00169452514,WEGOVY    ,2022,3,false,24.000,12,15650.07
FFSU,MI,00169450114,WEGOVY    ,2022,2,false,108.000,53,65162.64
MCOU,MI,00169450114,WEGOVY    ,2022,2,false,472.000,238,307335.17
FFSU,MI,00169450514,WEGOVY    ,2022,2,false,46.000,22,28089.73
MCOU,MI,00169450514,WEGOVY    ,2022,2,false,242.500,123,158088.44
MCOU,MI,00169451714,WEGOVY    ,2022,2,false,784.000,264,340265.22
FFSU,MI,00169451714,WEGOVY    ,2022,2,false,172.500,58,71872.36
FFSU,MI,00169452414,WEGOVY    ,2022,2,false,132.000,40,54234.67
MCOU,MI,00169452414,WEGOVY    ,2022,2,false,567.000,188,246056.88
MCOU,MI,00169452514,WEGOVY    ,2022,2,false,356.000,182,231979.53
FFSU,MI,00169452514,WEGOVY    ,2022,2,false,92.000,43,57571.77
FFSU,MI,00169450114,WEGOVY    ,2022,1,true,,,
MCOU,MI,00169450114,WEGOVY    ,2022,1,false,80.000,40,51965.38
MCOU,MI,00169450514,WEGOVY    ,2022,1,false,246.000,122,160290.37
FFSU,MI,00169450514,WEGOVY    ,2022,1,false,46.000,23,28624.96
FFSU,MI,00169451714,WEGOVY    ,2022,1,true,,,
MCOU,MI,00169451714,WEGOVY    ,2022,1,false,63.750,22,27564.59
FFSU,MI,00169452414,WEGOVY    ,2022,1,true,,,
MCOU,MI,00169452414,WEGOVY    ,2022,1,false,45.000,15,19425.59
MCOU,MI,00169452514,WEGOVY    ,2022,1,false,715.500,358,467477.06
FFSU,MI,00169452514,WEGOVY    ,2022,1,false,96.000,47,57790.30
MCOU,MN,00169450114,WEGOVY    ,2022,4,true,,,
MCOU,MN,00169450514,WEGOVY    ,2022,4,true,,,
FFSU,MN,00169451714,WEGOVY    ,2022,4,true,,,
MCOU,MN,00169451714,WEGOVY    ,2022,4,false,312.000,104,138961.70
FFSU,MN,00169452414,WEGOVY    ,2022,4,true,,,
MCOU,MN,00169452414,WEGOVY    ,2022,4,false,936.000,310,413504.55
MCOU,MN,00169452514,WEGOVY    ,2022,4,false,78.000,39,52056.72
MCOU,MN,00169450114,WEGOVY    ,2022,3,true,,,
MCOU,MN,00169450514,WEGOVY    ,2022,3,true,,,
MCOU,MN,00169451714,WEGOVY    ,2022,3,false,261.000,87,117010.25
FFSU,MN,00169452414,WEGOVY    ,2022,3,true,,,
MCOU,MN,00169452414,WEGOVY    ,2022,3,false,861.000,283,378551.95
MCOU,MN,00169452514,WEGOVY    ,2022,3,true,,,
MCOU,MN,00169450114,WEGOVY    ,2022,2,false,163.000,82,108636.15
FFSU,MN,00169450114,WEGOVY    ,2022,2,true,,,
FFSU,MN,00169450514,WEGOVY    ,2022,2,true,,,
MCOU,MN,00169450514,WEGOVY    ,2022,2,false,58.000,30,38554.70
MCOU,MN,00169451714,WEGOVY    ,2022,2,false,393.000,131,176376.04
FFSU,MN,00169451714,WEGOVY    ,2022,2,true,,,
MCOU,MN,00169452414,WEGOVY    ,2022,2,false,534.000,170,235888.33
FFSU,MN,00169452414,WEGOVY    ,2022,2,true,,,
MCOU,MN,00169452514,WEGOVY    ,2022,2,false,143.000,72,95840.95
FFSU,MN,00169452514,WEGOVY    ,2022,2,true,,,
MCOU,MN,00169450114,WEGOVY    ,2022,1,false,150.000,75,99765.71
FFSU,MN,00169450114,WEGOVY    ,2022,1,true,,,
MCOU,MN,00169450514,WEGOVY    ,2022,1,false,215.000,108,143368.74
FFSU,MN,00169450514,WEGOVY    ,2022,1,true,,,
MCOU,MN,00169451714,WEGOVY    ,2022,1,false,146.250,49,64608.12
FFSU,MN,00169451714,WEGOVY    ,2022,1,true,,,
MCOU,MN,00169452414,WEGOVY    ,2022,1,false,150.000,50,65945.57
FFSU,MN,00169452414,WEGOVY    ,2022,1,true,,,
FFSU,MN,00169452514,WEGOVY    ,2022,1,true,,,
MCOU,MN,00169452514,WEGOVY    ,2022,1,false,304.000,153,203212.20
MCOU,MS,00169450114,WEGOVY    ,2022,4,true,,,
MCOU,MS,00169450514,WEGOVY    ,2022,4,true,,,
MCOU,MS,00169451714,WEGOVY    ,2022,4,true,,,
MCOU,MS,00169452414,WEGOVY    ,2022,4,true,,,
MCOU,MS,00169452514,WEGOVY    ,2022,4,false,22.500,12,14926.53
MCOU,MS,00169451714,WEGOVY 1.7,2022,3,true,,,
MCOU,MS,00169452514,WEGOVY    ,2022,3,true,,,
FFSU,XX,00169450114,WEGOVY 1MG,2022,4,false,62.000,29,41947.25
MCOU,XX,00169450114,WEGOVY 1MG,2022,4,false,62.000,30,42187.34
FFSU,XX,00169450514,WEGOVY 0.5,2022,4,false,34.500,19,23086.54
MCOU,XX,00169450514,WEGOVY 0.5,2022,4,false,73.000,36,44622.21
FFSU,XX,00169451714,WEGOVY 1.7,2022,4,false,4521.750,1367,1957798.76
MCOU,XX,00169451714,WEGOVY 1.7,2022,4,false,2065.500,686,868087.39
FFSU,XX,00169452414,WEGOVY 2.4,2022,4,false,10643.500,3129,4643148.19
MCOU,XX,00169452414,WEGOVY 2.4,2022,4,false,5777.250,1917,2345227.63
FFSU,XX,00169452514,WEGOVY 0.2,2022,4,false,72.500,37,48073.80
MCOU,XX,00169452514,WEGOVY 0.2,2022,4,false,491.000,255,296816.96
FFSU,XX,00169450114,WEGOVY 1MG,2022,3,false,221.000,105,144473.05
MCOU,XX,00169450114,WEGOVY 1MG,2022,3,false,84.000,42,32591.02
FFSU,XX,00169450514,WEGOVY 0.5,2022,3,false,92.500,45,60329.74
MCOU,XX,00169450514,WEGOVY 0.5,2022,3,false,72.000,37,32545.53
FFSU,XX,00169451714,WEGOVY 1.7,2022,3,false,5319.750,1633,2308442.50
MCOU,XX,00169451714,WEGOVY 1.7,2022,3,false,1807.950,607,735209.78
FFSU,XX,00169452414,WEGOVY 2.4,2022,3,false,11368.250,3355,4963988.51
MCOU,XX,00169452414,WEGOVY 2.4,2022,3,false,5486.700,1827,2150594.62
FFSU,XX,00169452514,WEGOVY 0.2,2022,3,false,264.500,121,171378.87
MCOU,XX,00169452514,WEGOVY 0.2,2022,3,false,182.250,99,73677.49
FFSU,XX,00169450114,WEGOVY 1MG,2022,2,false,2424.000,1134,1582097.30
MCOU,XX,00169450114,WEGOVY 1MG,2022,2,false,1158.000,578,704169.52
FFSU,XX,00169450514,WEGOVY 0.5,2022,2,false,1940.500,935,1265053.04
MCOU,XX,00169450514,WEGOVY 0.5,2022,2,false,654.500,332,397489.73
FFSU,XX,00169451714,WEGOVY 1.7,2022,2,false,3753.750,1212,1643497.25
MCOU,XX,00169451714,WEGOVY 1.7,2022,2,false,2374.750,797,942194.05
FFSU,XX,00169452414,WEGOVY 2.4,2022,2,false,4810.750,1432,2106613.65
MCOU,XX,00169452414,WEGOVY 2.4,2022,2,false,3033.000,993,1174644.61
FFSU,XX,00169452514,WEGOVY 0.2,2022,2,false,2997.500,1430,1959062.23
MCOU,XX,00169452514,WEGOVY 0.2,2022,2,false,1059.000,542,600360.68
FFSU,XX,00169450114,WEGOVY 1MG,2022,1,false,1124.000,523,736861.95
MCOU,XX,00169450114,WEGOVY 1MG,2022,1,false,806.000,399,384919.19
FFSU,XX,00169450514,WEGOVY 0.5,2022,1,false,1588.000,759,1040107.53
MCOU,XX,00169450514,WEGOVY 0.5,2022,1,false,1161.000,581,611686.00
FFSU,XX,00169451714,WEGOVY 1.7,2022,1,false,1494.000,479,656031.05
MCOU,XX,00169451714,WEGOVY 1.7,2022,1,false,858.750,290,278644.63
FFSU,XX,00169452414,WEGOVY 2.4,2022,1,false,1645.750,477,719623.85
MCOU,XX,00169452414,WEGOVY 2.4,2022,1,false,986.250,325,332138.37
FFSU,XX,00169452514,WEGOVY 0.2,2022,1,false,2652.500,1245,1737355.04
MCOU,XX,00169452514,WEGOVY 0.2,2022,1,false,1999.500,1010,1130892.78
MCOU,NC,00169451714,WEGOVY    ,2022,4,true,,,
MCOU,NC,00169452414,WEGOVY    ,2022,4,true,,,
MCOU,NC,00169451714,WEGOVY    ,2022,3,true,,,
MCOU,NC,00169450114,WEGOVY    ,2022,1,true,,,
MCOU,NC,00169451714,WEGOVY    ,2022,1,true,,,
MCOU,NC,00169452414,WEGOVY    ,2022,1,true,,,
MCOU,NH,00169450114,WEGOVY    ,2022,4,true,,,
MCOU,NH,00169451714,WEGOVY    ,2022,4,false,42.000,14,18022.06
MCOU,NH,00169452414,WEGOVY    ,2022,4,false,141.000,45,54402.49
MCOU,NH,00169451714,WEGOVY    ,2022,3,true,,,
MCOU,NH,00169452414,WEGOVY    ,2022,3,false,132.000,42,51024.93
MCOU,NH,00169452514,WEGOVY    ,2022,3,true,,,
MCOU,NH,00169450114,WEGOVY    ,2022,2,false,21.000,11,12009.18
MCOU,NH,00169450514,WEGOVY    ,2022,2,true,,,
MCOU,NH,00169451714,WEGOVY    ,2022,2,false,56.250,19,22201.41
MCOU,NH,00169452414,WEGOVY    ,2022,2,false,102.000,34,39778.01
FFSU,NH,00169452514,WEGOVY    ,2022,2,true,,,
MCOU,NH,00169452514,WEGOVY    ,2022,2,true,,,
MCOU,NH,00169450114,WEGOVY    ,2022,1,true,,,
MCOU,NH,00169450514,WEGOVY    ,2022,1,false,30.000,15,17539.10
MCOU,NH,00169451714,WEGOVY    ,2022,1,true,,,
MCOU,NH,00169452414,WEGOVY    ,2022,1,false,43.500,16,17123.39
MCOU,NH,00169452514,WEGOVY    ,2022,1,false,34.000,17,19770.93
MCOU,NJ,00169452414,WEGOVY 2.4,2022,4,true,,,
MCOU,NJ,00169452414,WEGOVY 2.4,2022,3,true,,,
MCOU,NJ,00169450114,WEGOVY 1MG,2022,2,true,,,
MCOU,NJ,00169450514,WEGOVY 0.5,2022,2,true,,,
MCOU,NJ,00169451714,WEGOVY 1.7,2022,2,true,,,
MCOU,NJ,00169452414,WEGOVY 2.4,2022,2,true,,,
MCOU,NJ,00169450114,WEGOVY 1MG,2022,1,true,,,
MCOU,NJ,00169450514,WEGOVY 0.5,2022,1,true,,,
MCOU,NJ,00169452414,WEGOVY 2.4,2022,1,false,42.000,12,12029.84
MCOU,NJ,00169452514,WEGOVY 0.2,2022,1,true,,,
FFSU,NM,00169450514,WEGOVY 0.5,2022,4,true,,,
FFSU,NM,00169451714,WEGOVY 1.7,2022,4,true,,,
FFSU,NM,00169452414,WEGOVY 2.4,2022,4,true,,,
FFSU,NM,00169452514,WEGOVY 0.2,2022,4,true,,,
FFSU,NM,00169451714,WEGOVY 1.7,2022,3,true,,,
FFSU,NM,00169452414,WEGOVY 2.4,2022,3,true,,,
FFSU,NM,00169452414,WEGOVY 2.4,2022,2,true,,,
FFSU,NM,00169452514,WEGOVY 0.2,2022,2,true,,,
FFSU,NM,00169450514,WEGOVY 0.5,2022,1,true,,,
FFSU,NM,00169451714,WEGOVY 1.7,2022,1,true,,,
FFSU,NM,00169452414,WEGOVY 2.4,2022,1,true,,,
MCOU,NY,00169452414,WEGOVY    ,2022,4,true,,,
MCOU,NY,00169452414,WEGOVY    ,2022,3,true,,,
MCOU,NY,00169450114,WEGOVY    ,2022,2,true,,,
MCOU,NY,00169451714,WEGOVY    ,2022,2,true,,,
MCOU,NY,00169452414,WEGOVY    ,2022,2,true,,,
MCOU,NY,00169452514,WEGOVY    ,2022,2,true,,,
MCOU,NY,00169450514,WEGOVY    ,2022,1,true,,,
MCOU,NY,00169451714,WEGOVY    ,2022,1,true,,,
MCOU,NY,00169452514,WEGOVY    ,2022,1,true,,,
MCOU,OH,00169450514,WEGOVY 0.5,2022,4,true,,,
MCOU,OH,00169452514,WEGOVY 0.2,2022,4,false,32.000,17,1296.09
MCOU,OH,00169451714,WEGOVY 1.7,2022,3,true,,,
MCOU,OH,00169450514,WEGOVY 0.5,2022,2,true,,,
MCOU,OH,00169451714,WEGOVY 1.7,2022,2,true,,,
MCOU,OH,00169452514,WEGOVY 0.2,2022,2,true,,,
MCOU,OH,00169450114,WEGOVY 1MG,2022,1,true,,,
MCOU,OH,00169450514,WEGOVY 0.5,2022,1,true,,,
MCOU,OH,00169451714,WEGOVY 1.7,2022,1,true,,,
MCOU,OH,00169452514,WEGOVY 0.2,2022,1,true,,,
MCOU,OR,00169450514,WEGOVY    ,2022,2,true,,,
MCOU,OR,00169452414,WEGOVY 2.4,2022,2,true,,,
MCOU,OR,00169452514,WEGOVY 0.2,2022,2,true,,,
MCOU,OR,00169452414,WEGOVY    ,2022,1,true,,,
MCOU,PA,00169451714,WEGOVY 1.7,2022,4,true,,,
MCOU,PA,00169452414,WEGOVY 2.4,2022,4,false,51.000,15,22399.50
MCOU,PA,00169452514,WEGOVY 0.2,2022,4,true,,,
MCOU,PA,00169451714,WEGOVY 1.7,2022,3,false,45.000,13,19992.24
MCOU,PA,00169452414,WEGOVY 2.4,2022,3,false,84.000,24,36774.86
MCOU,PA,00169452514,WEGOVY 0.2,2022,3,true,,,
MCOU,PA,00169450114,WEGOVY 1MG,2022,2,true,,,
MCOU,PA,00169450514,WEGOVY 0.5,2022,2,true,,,
MCOU,PA,00169451714,WEGOVY 1.7,2022,2,false,40.500,14,17965.12
MCOU,PA,00169452414,WEGOVY 2.4,2022,2,false,60.000,18,26333.52
MCOU,PA,00169452514,WEGOVY 0.2,2022,2,true,,,
MCOU,PA,00169450114,WEGOVY 1MG,2022,1,true,,,
MCOU,PA,00169450514,WEGOVY 0.5,2022,1,true,,,
MCOU,PA,00169451714,WEGOVY 1.7,2022,1,true,,,
MCOU,PA,00169452414,WEGOVY 2.4,2022,1,true,,,
MCOU,PA,00169452514,WEGOVY 0.2,2022,1,false,41.500,20,27449.89
MCOU,RI,00169450114,WEGOVY 1MG,2022,4,true,,,
MCOU,RI,00169451714,WEGOVY 1.7,2022,4,false,54.000,18,23462.79
FFSU,RI,00169452414,WEGOVY 2.4,2022,4,true,,,
MCOU,RI,00169452414,WEGOVY 2.4,2022,4,false,201.750,68,88145.35
MCOU,RI,00169452514,WEGOVY 0.2,2022,4,true,,,
MCOU,RI,00169451714,WEGOVY 1.7,2022,3,false,30.750,11,13351.60
FFSU,RI,00169451714,WEGOVY 1.7,2022,3,true,,,
FFSU,RI,00169452414,WEGOVY 2.4,2022,3,true,,,
MCOU,RI,00169452414,WEGOVY 2.4,2022,3,false,201.000,67,87929.39
MCOU,RI,00169452514,WEGOVY 0.2,2022,3,true,,,
MCOU,RI,00169450114,WEGOVY 1MG,2022,2,false,26.000,13,16928.36
MCOU,RI,00169450514,WEGOVY 0.5,2022,2,true,,,
FFSU,RI,00169451714,WEGOVY 1.7,2022,2,true,,,
MCOU,RI,00169451714,WEGOVY 1.7,2022,2,false,78.000,26,34001.25
MCOU,RI,00169452414,WEGOVY 2.4,2022,2,false,102.000,34,44438.99
FFSU,RI,00169452514,WEGOVY 0.2,2022,2,true,,,
MCOU,RI,00169452514,WEGOVY 0.2,2022,2,false,36.000,18,22350.57
MCOU,RI,00169450114,WEGOVY 1MG,2022,1,true,,,
FFSU,RI,00169450114,WEGOVY 1MG,2022,1,true,,,
MCOU,RI,00169450514,WEGOVY 0.5,2022,1,false,46.000,23,29951.84
FFSU,RI,00169450514,WEGOVY 0.5,2022,1,true,,,
MCOU,RI,00169451714,WEGOVY 1.7,2022,1,true,,,
MCOU,RI,00169452414,WEGOVY 2.4,2022,1,false,31.500,11,13735.84
MCOU,RI,00169452514,WEGOVY 0.2,2022,1,false,80.000,40,52147.92
FFSU,RI,00169452514,WEGOVY 0.2,2022,1,true,,,
FFSU,TN,00169450114,WEGOVY 1MG,2022,4,true,,,
FFSU,TN,00169451714,WEGOVY 1.7,2022,4,true,,,
FFSU,TN,00169452414,WEGOVY 2.4,2022,4,true,,,
FFSU,TN,00169450114,WEGOVY 1MG,2022,3,true,,,
FFSU,TN,00169451714,WEGOVY 1.7,2022,3,true,,,
FFSU,TN,00169452414,WEGOVY 2.4,2022,3,true,,,
FFSU,TN,00169452514,WEGOVY 0.2,2022,3,true,,,
FFSU,TN,00169450114,WEGOVY 1MG,2022,2,true,,,
FFSU,TN,00169451714,WEGOVY 1.7,2022,2,true,,,
FFSU,TN,00169452414,WEGOVY 2.4,2022,2,false,36.000,12,15667.03
FFSU,TN,00169452514,WEGOVY 0.2,2022,2,true,,,
FFSU,TN,00169450114,WEGOVY 1MG,2022,1,true,,,
FFSU,TN,00169450514,WEGOVY 0.5,2022,1,true,,,
FFSU,TN,00169451714,WEGOVY 1.7,2022,1,true,,,
FFSU,TN,00169452414,WEGOVY 2.4,2022,1,true,,,
FFSU,TN,00169452514,WEGOVY 0.2,2022,1,true,,,
MCOU,TX,00169450114,WEGOVY 1 M,2022,2,true,,,
MCOU,TX,00169450114,WEGOVY 1 M,2022,1,true,,,
MCOU,TX,00169450514,WEGOVY 0.5,2022,1,true,,,
MCOU,VA,00169450114,WEGOVY    ,2022,4,true,,,
MCOU,VA,00169450514,WEGOVY    ,2022,4,true,,,
MCOU,VA,00169451714,WEGOVY    ,2022,4,false,267.000,90,118208.93
MCOU,VA,00169452414,WEGOVY    ,2022,4,false,1011.000,338,449582.85
MCOU,VA,00169452514,WEGOVY    ,2022,4,false,36.000,18,23858.91
MCOU,VA,00169450114,WEGOVY    ,2022,3,true,,,
MCOU,VA,00169450514,WEGOVY    ,2022,3,true,,,
MCOU,VA,00169451714,WEGOVY    ,2022,3,false,245.250,82,108492.91
MCOU,VA,00169452414,WEGOVY    ,2022,3,false,988.500,331,435999.01
MCOU,VA,00169452514,WEGOVY    ,2022,3,true,,,
MCOU,VA,00169450114,WEGOVY    ,2022,2,false,204.000,102,134580.31
MCOU,VA,00169450514,WEGOVY    ,2022,2,false,128.000,65,84441.19
MCOU,VA,00169451714,WEGOVY    ,2022,2,false,442.500,149,195331.61
MCOU,VA,00169452414,WEGOVY    ,2022,2,false,561.000,188,248578.00
MCOU,VA,00169452514,WEGOVY    ,2022,2,false,142.000,72,93604.89
MCOU,VA,00169450114,WEGOVY    ,2022,1,false,151.500,77,100260.10
FFSU,VA,00169450514,WEGOVY    ,2022,1,true,,,
MCOU,VA,00169450514,WEGOVY    ,2022,1,false,190.000,95,129414.83
MCOU,VA,00169451714,WEGOVY    ,2022,1,false,237.000,81,104450.69
MCOU,VA,00169452414,WEGOVY    ,2022,1,false,236.250,79,104500.30
MCOU,VA,00169452514,WEGOVY    ,2022,1,false,313.500,160,210197.38
MCOU,WA,00169452414,WEGOVY 2.4,2022,4,true,,,
MCOU,WA,00169452414,WEGOVY 2.4,2022,3,true,,,
MCOU,WA,00169452514,WEGOVY 0.2,2022,3,true,,,
MCOU,WA,00169452414,WEGOVY 2.4,2022,2,true,,,
MCOU,WA,00169452514,WEGOVY 0.2,2022,2,true,,,
MCOU,WA,00169452414,WEGOVY 2.4,2022,1,true,,,
FFSU,WI,00169451714,WEGOVY 1.7,2022,4,false,51.000,17,22194.86
FFSU,WI,00169452414,WEGOVY 2.4,2022,4,false,1367.250,405,619487.23
FFSU,WI,00169450114,WEGOVY 1MG,2022,3,true,,,
FFSU,WI,00169450514,WEGOVY 0.5,2022,3,true,,,
FFSU,WI,00169451714,WEGOVY 1.7,2022,3,false,277.500,90,121135.22
FFSU,WI,00169452414,WEGOVY 2.4,2022,3,false,1938.000,574,862645.55
FFSU,WI,00169452514,WEGOVY 0.2,2022,3,true,,,
FFSU,WI,00169450114,WEGOVY 1MG,2022,2,false,492.000,234,324171.47
FFSU,WI,00169450514,WEGOVY 0.5,2022,2,false,281.000,139,183423.47
FFSU,WI,00169451714,WEGOVY 1.7,2022,2,false,804.750,263,357735.15
FFSU,WI,00169452414,WEGOVY 2.4,2022,2,false,1242.000,366,550786.82
FFSU,WI,00169452514,WEGOVY 0.2,2022,2,false,378.500,186,250464.77
FFSU,WI,00169450114,WEGOVY 1MG,2022,1,false,395.000,188,261447.62
FFSU,WI,00169450514,WEGOVY 0.5,2022,1,false,535.500,262,354316.70
FFSU,WI,00169451714,WEGOVY 1.7,2022,1,false,448.500,143,198837.07
FFSU,WI,00169452414,WEGOVY 2.4,2022,1,false,393.000,116,173284.57
FFSU,WI,00169452514,WEGOVY 0.2,2022,1,false,729.000,349,485051.27
FFSU,AK,00169430313,RYBELSUS  ,2022,4,true,,,
FFSU,AK,00169430330,RYBELSUS  ,2022,4,false,2622.000,77,75123.56
FFSU,AK,00169430713,RYBELSUS  ,2022,4,true,,,
FFSU,AK,00169430730,RYBELSUS  ,2022,4,false,3712.000,101,106781.79
FFSU,AK,00169431430,RYBELSUS  ,2022,4,false,2550.000,67,73322.21
FFSU,AK,00169430313,RYBELSUS  ,2022,3,true,,,
FFSU,AK,00169430330,RYBELSUS  ,2022,3,false,2160.000,65,62298.25
FFSU,AK,00169430730,RYBELSUS  ,2022,3,false,3294.000,87,94680.99
FFSU,AK,00169431430,RYBELSUS  ,2022,3,false,1770.000,48,50688.99
FFSU,AK,00169430313,RYBELSUS  ,2022,2,true,,,
FFSU,AK,00169430330,RYBELSUS  ,2022,2,false,1830.000,56,52867.50
FFSU,AK,00169430730,RYBELSUS  ,2022,2,false,2574.000,74,73529.70
FFSU,AK,00169431413,RYBELSUS  ,2022,2,true,,,
FFSU,AK,00169431430,RYBELSUS  ,2022,2,false,1470.000,38,42112.91
FFSU,AK,00169430313,RYBELSUS  ,2022,1,true,,,
FFSU,AK,00169430330,RYBELSUS  ,2022,1,false,1020.000,32,30689.42
FFSU,AK,00169430713,RYBELSUS  ,2022,1,false,450.000,14,12627.54
FFSU,AK,00169430730,RYBELSUS  ,2022,1,false,1669.000,48,50145.69
FFSU,AK,00169431413,RYBELSUS  ,2022,1,true,,,
FFSU,AK,00169431430,RYBELSUS  ,2022,1,false,1380.000,37,41585.62
FFSU,AL,00169430313,RYBELSUS 3,2022,4,true,,,
FFSU,AL,00169430330,RYBELSUS 3,2022,4,false,1562.000,52,47391.46
FFSU,AL,00169430713,RYBELSUS 7,2022,4,true,,,
FFSU,AL,00169430730,RYBELSUS 7,2022,4,false,5161.000,172,152078.20
FFSU,AL,00169431413,RYBELSUS 1,2022,4,true,,,
FFSU,AL,00169431430,RYBELSUS 1,2022,4,false,2640.000,88,80367.90
FFSU,AL,00169430313,RYBELSUS 3,2022,3,true,,,
FFSU,AL,00169430330,RYBELSUS 3,2022,3,false,1742.000,58,51965.55
FFSU,AL,00169430713,RYBELSUS 7,2022,3,false,390.000,13,11391.77
FFSU,AL,00169430730,RYBELSUS 7,2022,3,false,5580.000,181,166441.90
FFSU,AL,00169431413,RYBELSUS 1,2022,3,true,,,
FFSU,AL,00169431430,RYBELSUS 1,2022,3,false,2400.000,80,71868.90
FFSU,AL,00169430313,RYBELSUS 3,2022,2,true,,,
FFSU,AL,00169430330,RYBELSUS 3,2022,2,false,1290.000,43,37862.29
FFSU,AL,00169430713,RYBELSUS 7,2022,2,false,540.000,18,16658.95
FFSU,AL,00169430730,RYBELSUS 7,2022,2,false,4944.000,163,147068.80
FFSU,AL,00169431413,RYBELSUS 1,2022,2,true,,,
FFSU,AL,00169431430,RYBELSUS 1,2022,2,false,1770.000,59,53538.89
FFSU,AL,00169430313,RYBELSUS 3,2022,1,false,510.000,17,14772.61
FFSU,AL,00169430330,RYBELSUS 3,2022,1,false,1140.000,38,33267.78
FFSU,AL,00169430713,RYBELSUS 7,2022,1,false,1078.000,36,31117.03
FFSU,AL,00169430730,RYBELSUS 7,2022,1,false,3476.000,113,102577.91
FFSU,AL,00169431413,RYBELSUS 1,2022,1,true,,,
FFSU,AL,00169431430,RYBELSUS 1,2022,1,false,1380.000,46,40116.69
MCOU,AR,00169430730,RYBELSUS  ,2022,4,true,,,
FFSU,AR,00169430730,RYBELSUS  ,2022,4,true,,,
MCOU,AR,00169430330,RYBELSUS  ,2022,3,true,,,
MCOU,AR,00169430730,RYBELSUS  ,2022,3,true,,,
FFSU,AR,00169430730,RYBELSUS  ,2022,3,true,,,
MCOU,AR,00169431430,RYBELSUS  ,2022,3,true,,,
MCOU,AR,00169430713,RYBELSUS  ,2022,2,true,,,
MCOU,AR,00169430730,RYBELSUS  ,2022,2,true,,,
MCOU,AR,00169431430,RYBELSUS  ,2022,2,true,,,
MCOU,AR,00169430330,RYBELSUS  ,2022,1,true,,,
MCOU,AR,00169430730,RYBELSUS  ,2022,1,true,,,
MCOU,AR,00169431430,RYBELSUS  ,2022,1,true,,,
MCOU,AZ,00169430330,RYBELSUS  ,2022,4,false,660.000,22,19125.24
MCOU,AZ,00169430730,RYBELSUS  ,2022,4,false,2490.000,69,71170.49
MCOU,AZ,00169431413,RYBELSUS  ,2022,4,true,,,
MCOU,AZ,00169431430,RYBELSUS  ,2022,4,false,1110.000,33,31689.55
MCOU,AZ,00169430330,RYBELSUS  ,2022,3,false,720.000,22,20463.70
MCOU,AZ,00169430713,RYBELSUS  ,2022,3,true,,,
MCOU,AZ,00169430730,RYBELSUS  ,2022,3,false,2880.000,82,81749.96
MCOU,AZ,00169431430,RYBELSUS  ,2022,3,false,1020.000,28,29136.73
MCOU,AZ,00169430313,RYBELSUS  ,2022,2,true,,,
MCOU,AZ,00169430330,RYBELSUS  ,2022,2,false,635.000,22,18287.04
MCOU,AZ,00169430713,RYBELSUS  ,2022,2,true,,,
MCOU,AZ,00169430730,RYBELSUS  ,2022,2,false,2190.000,61,63042.86
MCOU,AZ,00169431430,RYBELSUS  ,2022,2,false,960.000,26,27403.98
MCOU,AZ,00169430313,RYBELSUS  ,2022,1,true,,,
MCOU,AZ,00169430330,RYBELSUS  ,2022,1,false,600.000,18,16814.62
MCOU,AZ,00169430713,RYBELSUS  ,2022,1,true,,,
MCOU,AZ,00169430730,RYBELSUS  ,2022,1,false,1920.000,52,55075.74
MCOU,AZ,00169431430,RYBELSUS  ,2022,1,false,1020.000,28,29062.02
FFSU,CA,00169430313,RYBELSUS 3,2022,4,false,7110.000,225,206067.54
FFSU,CA,00169430330,RYBELSUS 3,2022,4,false,179606.000,5339,5191608.63
MCOU,CA,00169430330,RYBELSUS 3,2022,4,false,1043.000,36,32100.73
FFSU,CA,00169430713,RYBELSUS 7,2022,4,false,8735.000,242,252551.23
MCOU,CA,00169430730,RYBELSUS 7,2022,4,false,2533.000,75,77324.58
FFSU,CA,00169430730,RYBELSUS 7,2022,4,false,323036.000,7994,9319153.77
FFSU,CA,00169431413,RYBELSUS 1,2022,4,false,4320.000,125,125022.81
FFSU,CA,00169431430,RYBELSUS 1,2022,4,false,159964.000,3563,4615507.54
MCOU,CA,00169431430,RYBELSUS 1,2022,4,false,955.000,32,29488.65
FFSU,CA,00169430313,RYBELSUS 3,2022,3,false,9990.000,323,289438.22
MCOU,CA,00169430330,RYBELSUS 3,2022,3,false,635.000,21,19521.26
FFSU,CA,00169430330,RYBELSUS 3,2022,3,false,186901.000,5594,5403152.16
FFSU,CA,00169430713,RYBELSUS 7,2022,3,false,14431.000,399,417186.76
MCOU,CA,00169430730,RYBELSUS 7,2022,3,false,1466.000,46,44740.17
FFSU,CA,00169430730,RYBELSUS 7,2022,3,false,320863.000,8214,9261576.64
FFSU,CA,00169431413,RYBELSUS 1,2022,3,false,6510.000,169,188126.84
FFSU,CA,00169431430,RYBELSUS 1,2022,3,false,149049.000,3392,4301883.38
MCOU,CA,00169431430,RYBELSUS 1,2022,3,false,660.000,22,20595.80
FFSU,CA,00169430313,RYBELSUS 3,2022,2,false,11864.000,389,343330.01
FFSU,CA,00169430330,RYBELSUS 3,2022,2,false,126521.000,3872,3686539.19
MCOU,CA,00169430330,RYBELSUS 3,2022,2,false,922.000,31,28276.21
MCOU,CA,00169430713,RYBELSUS 7,2022,2,true,,,
FFSU,CA,00169430713,RYBELSUS 7,2022,2,false,14790.000,442,428324.86
FFSU,CA,00169430730,RYBELSUS 7,2022,2,false,195710.000,5246,5694856.11
MCOU,CA,00169430730,RYBELSUS 7,2022,2,false,1072.000,33,29565.89
FFSU,CA,00169431413,RYBELSUS 1,2022,2,false,6680.000,191,193252.94
MCOU,CA,00169431413,RYBELSUS 1,2022,2,true,,,
MCOU,CA,00169431430,RYBELSUS 1,2022,2,false,350.000,12,11025.68
FFSU,CA,00169431430,RYBELSUS 1,2022,2,false,80441.000,1802,2337474.21
FFSU,CA,00169430313,RYBELSUS 3,2022,1,false,13383.000,418,382763.98
FFSU,CA,00169430330,RYBELSUS 3,2022,1,false,66425.000,1996,1992769.30
MCOU,CA,00169430330,RYBELSUS 3,2022,1,false,608.000,21,18745.91
FFSU,CA,00169430713,RYBELSUS 7,2022,1,false,15161.000,449,434654.23
MCOU,CA,00169430730,RYBELSUS 7,2022,1,false,622.000,19,14326.52
FFSU,CA,00169430730,RYBELSUS 7,2022,1,false,106576.000,2806,3192304.30
FFSU,CA,00169431413,RYBELSUS 1,2022,1,false,7918.000,225,228391.98
MCOU,CA,00169431413,RYBELSUS 1,2022,1,true,,,
FFSU,CA,00169431430,RYBELSUS 1,2022,1,false,39990.000,912,1195635.31
MCOU,CA,00169431430,RYBELSUS 1,2022,1,true,,,
FFSU,CO,00169430330,RYBELSUS  ,2022,4,false,1110.000,37,32114.46
FFSU,CO,00169430713,RYBELSUS  ,2022,4,true,,,
MCOU,CO,00169430730,RYBELSUS  ,2022,4,true,,,
FFSU,CO,00169430730,RYBELSUS  ,2022,4,false,2368.000,54,68230.67
MCOU,CO,00169431430,RYBELSUS  ,2022,4,false,390.000,13,11264.36
FFSU,CO,00169431430,RYBELSUS  ,2022,4,false,1140.000,24,32838.21
FFSU,CO,00169430313,RYBELSUS  ,2022,3,true,,,
MCOU,CO,00169430330,RYBELSUS  ,2022,3,true,,,
FFSU,CO,00169430330,RYBELSUS  ,2022,3,false,780.000,26,22557.74
MCOU,CO,00169430730,RYBELSUS  ,2022,3,false,330.000,11,9530.88
FFSU,CO,00169430730,RYBELSUS  ,2022,3,false,2230.000,49,64213.72
MCOU,CO,00169431430,RYBELSUS  ,2022,3,true,,,
FFSU,CO,00169431430,RYBELSUS  ,2022,3,false,1260.000,22,36259.75
MCOU,CO,00169430313,RYBELSUS  ,2022,2,true,,,
FFSU,CO,00169430313,RYBELSUS  ,2022,2,true,,,
FFSU,CO,00169430330,RYBELSUS  ,2022,2,false,518.000,18,14951.50
FFSU,CO,00169430713,RYBELSUS  ,2022,2,true,,,
FFSU,CO,00169430730,RYBELSUS  ,2022,2,false,1551.000,35,44697.75
MCOU,CO,00169430730,RYBELSUS  ,2022,2,true,,,
MCOU,CO,00169431430,RYBELSUS  ,2022,2,true,,,
FFSU,CO,00169431430,RYBELSUS  ,2022,2,false,1050.000,21,30274.89
FFSU,CO,00169430313,RYBELSUS  ,2022,1,true,,,
FFSU,CO,00169430330,RYBELSUS  ,2022,1,true,,,
FFSU,CO,00169430713,RYBELSUS  ,2022,1,true,,,
MCOU,CO,00169430730,RYBELSUS  ,2022,1,true,,,
FFSU,CO,00169430730,RYBELSUS  ,2022,1,false,990.000,24,28577.76
MCOU,CO,00169431413,RYBELSUS  ,2022,1,true,,,
FFSU,CO,00169431430,RYBELSUS  ,2022,1,false,480.000,12,14034.97
MCOU,CO,00169431430,RYBELSUS  ,2022,1,true,,,
FFSU,CT,00169430313,RYBELSUS 3,2022,4,true,,,
FFSU,CT,00169430330,RYBELSUS 3,2022,4,false,7944.000,274,229896.45
FFSU,CT,00169430713,RYBELSUS 7,2022,4,true,,,
FFSU,CT,00169430730,RYBELSUS 7,2022,4,false,18009.000,361,518252.11
FFSU,CT,00169431413,RYBELSUS 1,2022,4,true,,,
FFSU,CT,00169431430,RYBELSUS 1,2022,4,false,13634.000,266,392450.18
FFSU,CT,00169430313,RYBELSUS 3,2022,3,true,,,
FFSU,CT,00169430330,RYBELSUS 3,2022,3,false,8202.000,284,237323.81
FFSU,CT,00169430713,RYBELSUS 7,2022,3,false,690.000,16,19885.49
FFSU,CT,00169430730,RYBELSUS 7,2022,3,false,18612.000,396,535920.84
FFSU,CT,00169431413,RYBELSUS 1,2022,3,true,,,
FFSU,CT,00169431430,RYBELSUS 1,2022,3,false,10784.000,203,310331.63
FFSU,CT,00169430313,RYBELSUS 3,2022,2,false,702.000,24,20283.81
FFSU,CT,00169430330,RYBELSUS 3,2022,2,false,7007.000,246,203351.95
FFSU,CT,00169430713,RYBELSUS 7,2022,2,false,764.000,20,22067.63
FFSU,CT,00169430730,RYBELSUS 7,2022,2,false,14539.000,313,420755.66
FFSU,CT,00169431413,RYBELSUS 1,2022,2,false,556.000,12,16023.64
FFSU,CT,00169431430,RYBELSUS 1,2022,2,false,9120.000,174,263568.65
FFSU,CT,00169430313,RYBELSUS 3,2022,1,false,1302.000,44,37110.46
FFSU,CT,00169430330,RYBELSUS 3,2022,1,false,6914.000,186,205113.08
FFSU,CT,00169430713,RYBELSUS 7,2022,1,false,2400.000,57,68382.27
FFSU,CT,00169430730,RYBELSUS 7,2022,1,false,11418.000,239,336321.60
FFSU,CT,00169431413,RYBELSUS 1,2022,1,false,1244.000,30,35162.00
FFSU,CT,00169431430,RYBELSUS 1,2022,1,false,7440.000,143,220731.42
MCOU,DC,00169430313,RYBELSUS 3,2022,4,true,,,
MCOU,DC,00169430330,RYBELSUS 3,2022,4,false,900.000,22,23842.28
FFSU,DC,00169430330,RYBELSUS 3,2022,4,true,,,
MCOU,DC,00169430713,RYBELSUS 7,2022,4,true,,,
FFSU,DC,00169430730,RYBELSUS 7,2022,4,true,,,
MCOU,DC,00169430730,RYBELSUS 7,2022,4,false,1905.000,37,52790.13
MCOU,DC,00169431430,RYBELSUS 1,2022,4,false,544.000,14,16005.87
FFSU,DC,00169431430,RYBELSUS 1,2022,4,true,,,
MCOU,DC,00169430313,RYBELSUS 3,2022,3,true,,,
MCOU,DC,00169430330,RYBELSUS 3,2022,3,false,660.000,18,19881.01
FFSU,DC,00169430330,RYBELSUS 3,2022,3,true,,,
FFSU,DC,00169430713,RYBELSUS 7,2022,3,true,,,
MCOU,DC,00169430730,RYBELSUS 7,2022,3,false,1500.000,27,39796.22
FFSU,DC,00169430730,RYBELSUS 7,2022,3,true,,,
MCOU,DC,00169431413,RYBELSUS 1,2022,3,true,,,
MCOU,DC,00169431430,RYBELSUS 1,2022,3,false,750.000,17,22717.72
FFSU,DC,00169431430,RYBELSUS 1,2022,3,true,,,
MCOU,DC,00169430313,RYBELSUS 3,2022,2,true,,,
MCOU,DC,00169430330,RYBELSUS 3,2022,2,false,480.000,14,14318.72
MCOU,DC,00169430713,RYBELSUS 7,2022,2,true,,,
FFSU,DC,00169430713,RYBELSUS 7,2022,2,true,,,
FFSU,DC,00169430730,RYBELSUS 7,2022,2,true,,,
MCOU,DC,00169430730,RYBELSUS 7,2022,2,false,1500.000,27,45101.96
MCOU,DC,00169431430,RYBELSUS 1,2022,2,false,690.000,19,21282.25
FFSU,DC,00169431430,RYBELSUS 1,2022,2,true,,,
MCOU,DC,00169430313,RYBELSUS 3,2022,1,true,,,
MCOU,DC,00169430330,RYBELSUS 3,2022,1,false,420.000,12,12785.40
FFSU,DC,00169430330,RYBELSUS 3,2022,1,true,,,
FFSU,DC,00169430713,RYBELSUS 7,2022,1,true,,,
MCOU,DC,00169430713,RYBELSUS 7,2022,1,true,,,
MCOU,DC,00169430730,RYBELSUS 7,2022,1,false,870.000,19,26289.90
FFSU,DC,00169430730,RYBELSUS 7,2022,1,true,,,
MCOU,DC,00169431413,RYBELSUS 1,2022,1,true,,,
MCOU,DC,00169431430,RYBELSUS 1,2022,1,false,518.000,13,16018.91
MCOU,DE,00169430330,RYBELSUS 3,2022,4,false,750.000,23,21518.51
MCOU,DE,00169430713,RYBELSUS 7,2022,4,true,,,
MCOU,DE,00169430730,RYBELSUS 7,2022,4,false,1260.000,36,36231.84
MCOU,DE,00169431430,RYBELSUS 1,2022,4,false,630.000,21,18156.69
MCOU,DE,00169430330,RYBELSUS 3,2022,3,false,630.000,19,18048.95
MCOU,DE,00169430713,RYBELSUS 7,2022,3,true,,,
MCOU,DE,00169430730,RYBELSUS 7,2022,3,false,1500.000,46,43137.47
MCOU,DE,00169431430,RYBELSUS 1,2022,3,false,570.000,19,16412.16
MCOU,DE,00169430313,RYBELSUS 3,2022,2,true,,,
MCOU,DE,00169430330,RYBELSUS 3,2022,2,false,510.000,13,14663.91
MCOU,DE,00169430713,RYBELSUS 7,2022,2,true,,,
MCOU,DE,00169430730,RYBELSUS 7,2022,2,false,1560.000,50,44908.51
MCOU,DE,00169431413,RYBELSUS 1,2022,2,true,,,
MCOU,DE,00169431430,RYBELSUS 1,2022,2,false,480.000,16,13803.23
MCOU,DE,00169430313,RYBELSUS 3,2022,1,true,,,
MCOU,DE,00169430330,RYBELSUS 3,2022,1,true,,,
MCOU,DE,00169430713,RYBELSUS 7,2022,1,false,570.000,19,16070.98
MCOU,DE,00169430730,RYBELSUS 7,2022,1,false,1530.000,51,44425.22
MCOU,DE,00169431413,RYBELSUS 1,2022,1,true,,,
MCOU,DE,00169431430,RYBELSUS 1,2022,1,true,,,
MCOU,FL,00169430313,RYBELSUS  ,2022,4,true,,,
FFSU,FL,00169430330,RYBELSUS  ,2022,4,true,,,
MCOU,FL,00169430330,RYBELSUS  ,2022,4,false,1207.000,41,34470.95
MCOU,FL,00169430713,RYBELSUS  ,2022,4,true,,,
MCOU,FL,00169430730,RYBELSUS  ,2022,4,false,5610.000,187,160371.60
FFSU,FL,00169430730,RYBELSUS  ,2022,4,true,,,
MCOU,FL,00169431413,RYBELSUS  ,2022,4,true,,,
MCOU,FL,00169431430,RYBELSUS  ,2022,4,false,3330.000,105,91871.10
FFSU,FL,00169431430,RYBELSUS  ,2022,4,false,330.000,11,9455.49
MCOU,FL,00169430313,RYBELSUS  ,2022,3,true,,,
MCOU,FL,00169430330,RYBELSUS  ,2022,3,false,1260.000,40,36039.45
MCOU,FL,00169430713,RYBELSUS  ,2022,3,true,,,
FFSU,FL,00169430713,RYBELSUS  ,2022,3,true,,,
FFSU,FL,00169430730,RYBELSUS  ,2022,3,true,,,
MCOU,FL,00169430730,RYBELSUS  ,2022,3,false,4770.000,159,136281.29
MCOU,FL,00169431413,RYBELSUS  ,2022,3,true,,,
FFSU,FL,00169431430,RYBELSUS  ,2022,3,true,,,
MCOU,FL,00169431430,RYBELSUS  ,2022,3,false,2824.000,88,75415.97
MCOU,FL,00169430313,RYBELSUS  ,2022,2,true,,,
MCOU,FL,00169430330,RYBELSUS  ,2022,2,false,1410.000,44,40306.04
MCOU,FL,00169430713,RYBELSUS  ,2022,2,true,,,
FFSU,FL,00169430713,RYBELSUS  ,2022,2,true,,,
FFSU,FL,00169430730,RYBELSUS  ,2022,2,false,420.000,14,11538.64
MCOU,FL,00169430730,RYBELSUS  ,2022,2,false,4710.000,155,131997.03
MCOU,FL,00169431413,RYBELSUS  ,2022,2,true,,,
MCOU,FL,00169431430,RYBELSUS  ,2022,2,false,2164.000,72,61760.04
FFSU,FL,00169431430,RYBELSUS  ,2022,2,true,,,
FFSU,FL,00169430313,RYBELSUS  ,2022,1,true,,,
MCOU,FL,00169430313,RYBELSUS  ,2022,1,false,480.000,16,13672.01
MCOU,FL,00169430330,RYBELSUS  ,2022,1,false,1860.000,60,53018.07
MCOU,FL,00169430713,RYBELSUS  ,2022,1,false,903.000,31,25971.06
FFSU,FL,00169430713,RYBELSUS  ,2022,1,true,,,
MCOU,FL,00169430730,RYBELSUS  ,2022,1,false,5700.000,188,161405.61
FFSU,FL,00169430730,RYBELSUS  ,2022,1,false,660.000,22,18414.23
MCOU,FL,00169431413,RYBELSUS  ,2022,1,true,,,
FFSU,FL,00169431430,RYBELSUS  ,2022,1,true,,,
MCOU,FL,00169431430,RYBELSUS  ,2022,1,false,2133.000,68,58989.35
MCOU,GA,00169430313,RYBELSUS  ,2022,4,true,,,
FFSU,GA,00169430313,RYBELSUS  ,2022,4,true,,,
MCOU,GA,00169430330,RYBELSUS  ,2022,4,false,1803.000,61,50656.77
FFSU,GA,00169430330,RYBELSUS  ,2022,4,false,480.000,16,13888.32
MCOU,GA,00169430713,RYBELSUS  ,2022,4,true,,,
FFSU,GA,00169430713,RYBELSUS  ,2022,4,true,,,
FFSU,GA,00169430730,RYBELSUS  ,2022,4,false,1800.000,55,52011.22
MCOU,GA,00169430730,RYBELSUS  ,2022,4,false,4740.000,158,135485.42
FFSU,GA,00169431413,RYBELSUS  ,2022,4,true,,,
MCOU,GA,00169431413,RYBELSUS  ,2022,4,true,,,
FFSU,GA,00169431430,RYBELSUS  ,2022,4,false,1230.000,41,34978.10
MCOU,GA,00169431430,RYBELSUS  ,2022,4,false,2160.000,72,64179.84
MCOU,GA,00169430313,RYBELSUS  ,2022,3,true,,,
FFSU,GA,00169430313,RYBELSUS  ,2022,3,true,,,
MCOU,GA,00169430330,RYBELSUS  ,2022,3,false,1560.000,52,45417.03
FFSU,GA,00169430330,RYBELSUS  ,2022,3,false,420.000,14,12152.28
FFSU,GA,00169430713,RYBELSUS  ,2022,3,true,,,
MCOU,GA,00169430713,RYBELSUS  ,2022,3,true,,,
MCOU,GA,00169430730,RYBELSUS  ,2022,3,false,3570.000,119,104361.75
FFSU,GA,00169430730,RYBELSUS  ,2022,3,false,1728.000,56,49954.17
FFSU,GA,00169431413,RYBELSUS  ,2022,3,true,,,
MCOU,GA,00169431413,RYBELSUS  ,2022,3,true,,,
FFSU,GA,00169431430,RYBELSUS  ,2022,3,false,1260.000,42,36456.84
MCOU,GA,00169431430,RYBELSUS  ,2022,3,false,1680.000,56,50238.03
FFSU,GA,00169430313,RYBELSUS  ,2022,2,true,,,
MCOU,GA,00169430313,RYBELSUS  ,2022,2,true,,,
FFSU,GA,00169430330,RYBELSUS  ,2022,2,true,,,
MCOU,GA,00169430330,RYBELSUS  ,2022,2,false,1260.000,42,37502.29
FFSU,GA,00169430713,RYBELSUS  ,2022,2,false,450.000,15,12332.77
MCOU,GA,00169430713,RYBELSUS  ,2022,2,true,,,
FFSU,GA,00169430730,RYBELSUS  ,2022,2,false,750.000,23,21680.29
MCOU,GA,00169430730,RYBELSUS  ,2022,2,false,3090.000,103,89524.62
MCOU,GA,00169431413,RYBELSUS  ,2022,2,true,,,
FFSU,GA,00169431413,RYBELSUS  ,2022,2,true,,,
MCOU,GA,00169431430,RYBELSUS  ,2022,2,false,1080.000,36,31493.45
FFSU,GA,00169431430,RYBELSUS  ,2022,2,false,540.000,18,15625.60
MCOU,GA,00169430313,RYBELSUS  ,2022,1,true,,,
FFSU,GA,00169430313,RYBELSUS  ,2022,1,true,,,
MCOU,GA,00169430330,RYBELSUS  ,2022,1,false,1230.000,41,35906.72
FFSU,GA,00169430330,RYBELSUS  ,2022,1,true,,,
FFSU,GA,00169430713,RYBELSUS  ,2022,1,false,630.000,21,18178.45
MCOU,GA,00169430713,RYBELSUS  ,2022,1,false,660.000,22,18649.78
MCOU,GA,00169430730,RYBELSUS  ,2022,1,false,2550.000,85,72518.43
FFSU,GA,00169430730,RYBELSUS  ,2022,1,true,,,
MCOU,GA,00169431413,RYBELSUS  ,2022,1,true,,,
FFSU,GA,00169431413,RYBELSUS  ,2022,1,false,360.000,12,10306.95
MCOU,GA,00169431430,RYBELSUS  ,2022,1,false,510.000,17,14514.14
FFSU,GA,00169431430,RYBELSUS  ,2022,1,true,,,
MCOU,HI,00169430330,RYBELSUS 3,2022,4,false,3540.000,92,93722.26
MCOU,HI,00169430713,RYBELSUS 7,2022,4,true,,,
MCOU,HI,00169430730,RYBELSUS 7,2022,4,false,6430.000,128,153069.33
MCOU,HI,00169431430,RYBELSUS 1,2022,4,false,5100.000,116,122949.94
MCOU,HI,00169430313,RYBELSUS 3,2022,3,true,,,
MCOU,HI,00169430330,RYBELSUS 3,2022,3,false,5340.000,148,81007.86
MCOU,HI,00169430713,RYBELSUS 7,2022,3,true,,,
MCOU,HI,00169430730,RYBELSUS 7,2022,3,false,8950.000,178,131278.91
MCOU,HI,00169431430,RYBELSUS 1,2022,3,false,4432.000,114,102960.24
MCOU,HI,00169430313,RYBELSUS 3,2022,2,true,,,
MCOU,HI,00169430330,RYBELSUS 3,2022,2,false,6704.000,202,89040.99
MCOU,HI,00169430713,RYBELSUS 7,2022,2,false,570.000,17,6894.29
MCOU,HI,00169430730,RYBELSUS 7,2022,2,false,8200.000,191,130180.21
MCOU,HI,00169431413,RYBELSUS 1,2022,2,true,,,
MCOU,HI,00169431430,RYBELSUS 1,2022,2,false,4710.000,112,76149.94
MCOU,HI,00169430313,RYBELSUS 3,2022,1,true,,,
MCOU,HI,00169430330,RYBELSUS 3,2022,1,false,2310.000,67,63171.61
MCOU,HI,00169430713,RYBELSUS 7,2022,1,true,,,
MCOU,HI,00169430730,RYBELSUS 7,2022,1,false,3900.000,92,93501.65
MCOU,HI,00169431413,RYBELSUS 1,2022,1,true,,,
MCOU,HI,00169431430,RYBELSUS 1,2022,1,false,1680.000,34,38412.22
MCOU,IA,00169430330,RYBELSUS 3,2022,4,false,2190.000,60,62367.61
MCOU,IA,00169430730,RYBELSUS 7,2022,4,false,3630.000,86,103679.17
MCOU,IA,00169431430,RYBELSUS 1,2022,4,false,3575.000,88,101928.31
MCOU,IA,00169430330,RYBELSUS 3,2022,3,false,1710.000,48,48504.13
MCOU,IA,00169430713,RYBELSUS 7,2022,3,true,,,
MCOU,IA,00169430730,RYBELSUS 7,2022,3,false,3607.000,90,102875.98
MCOU,IA,00169431413,RYBELSUS 1,2022,3,true,,,
MCOU,IA,00169431430,RYBELSUS 1,2022,3,false,2760.000,72,78382.70
MCOU,IA,00169430330,RYBELSUS 3,2022,2,false,1470.000,45,42056.73
MCOU,IA,00169430730,RYBELSUS 7,2022,2,false,3593.000,87,102719.41
MCOU,IA,00169431413,RYBELSUS 1,2022,2,true,,,
MCOU,IA,00169431430,RYBELSUS 1,2022,2,false,2220.000,58,63545.03
MCOU,IA,00169430313,RYBELSUS 3,2022,1,true,,,
MCOU,IA,00169430330,RYBELSUS 3,2022,1,false,1410.000,39,40265.53
FFSU,IA,00169430330,RYBELSUS 3,2022,1,true,,,
MCOU,IA,00169430713,RYBELSUS 7,2022,1,true,,,
FFSU,IA,00169430730,RYBELSUS 7,2022,1,true,,,
MCOU,IA,00169430730,RYBELSUS 7,2022,1,false,2190.000,53,62300.98
MCOU,IA,00169431413,RYBELSUS 1,2022,1,false,390.000,11,11129.85
MCOU,IA,00169431430,RYBELSUS 1,2022,1,false,2070.000,51,59124.79
FFSU,IA,00169431430,RYBELSUS 1,2022,1,true,,,
FFSU,ID,00169430313,RYBELSUS  ,2022,4,true,,,
FFSU,ID,00169430330,RYBELSUS  ,2022,4,false,1652.000,56,47808.65
FFSU,ID,00169430713,RYBELSUS  ,2022,4,true,,,
FFSU,ID,00169430730,RYBELSUS  ,2022,4,false,3190.000,107,92362.20
FFSU,ID,00169431413,RYBELSUS  ,2022,4,true,,,
FFSU,ID,00169431430,RYBELSUS  ,2022,4,false,1680.000,56,48718.52
FFSU,ID,00169430313,RYBELSUS  ,2022,3,true,,,
FFSU,ID,00169430330,RYBELSUS  ,2022,3,false,990.000,33,28661.16
FFSU,ID,00169430713,RYBELSUS  ,2022,3,true,,,
FFSU,ID,00169430730,RYBELSUS  ,2022,3,false,3000.000,101,86861.64
FFSU,ID,00169431413,RYBELSUS  ,2022,3,true,,,
FFSU,ID,00169431430,RYBELSUS  ,2022,3,false,1230.000,41,35660.80
FFSU,ID,00169430313,RYBELSUS  ,2022,2,true,,,
FFSU,ID,00169430330,RYBELSUS  ,2022,2,false,1080.000,36,31269.60
FFSU,ID,00169430713,RYBELSUS  ,2022,2,true,,,
FFSU,ID,00169430730,RYBELSUS  ,2022,2,false,2463.000,83,71305.72
FFSU,ID,00169431430,RYBELSUS  ,2022,2,false,1020.000,34,29605.12
FFSU,ID,00169430313,RYBELSUS  ,2022,1,false,420.000,14,11233.43
FFSU,ID,00169430330,RYBELSUS  ,2022,1,false,540.000,18,15486.90
FFSU,ID,00169430713,RYBELSUS  ,2022,1,true,,,
FFSU,ID,00169430730,RYBELSUS  ,2022,1,false,1787.000,60,51247.35
FFSU,ID,00169431413,RYBELSUS  ,2022,1,true,,,
FFSU,ID,00169431430,RYBELSUS  ,2022,1,false,780.000,26,22550.16
MCOU,IL,00169430313,RYBELSUS 3,2022,4,false,480.000,16,24294.49
MCOU,IL,00169430330,RYBELSUS 3,2022,4,false,19929.000,610,739699.25
FFSU,IL,00169430330,RYBELSUS 3,2022,4,true,,,
FFSU,IL,00169430713,RYBELSUS 7,2022,4,true,,,
MCOU,IL,00169430713,RYBELSUS 7,2022,4,false,630.000,17,38688.74
FFSU,IL,00169430730,RYBELSUS 7,2022,4,false,750.000,17,21291.89
MCOU,IL,00169430730,RYBELSUS 7,2022,4,false,42526.000,1048,1488233.56
FFSU,IL,00169431413,RYBELSUS 1,2022,4,true,,,
MCOU,IL,00169431413,RYBELSUS 1,2022,4,false,835.000,22,58051.76
FFSU,IL,00169431430,RYBELSUS 1,2022,4,false,840.000,20,27808.71
MCOU,IL,00169431430,RYBELSUS 1,2022,4,false,22320.000,488,823206.38
MCOU,IL,00169430313,RYBELSUS 3,2022,3,false,420.000,14,20782.03
FFSU,IL,00169430313,RYBELSUS 3,2022,3,true,,,
FFSU,IL,00169430330,RYBELSUS 3,2022,3,true,,,
MCOU,IL,00169430330,RYBELSUS 3,2022,3,false,15809.000,496,561438.70
MCOU,IL,00169430713,RYBELSUS 7,2022,3,false,852.000,21,41564.69
FFSU,IL,00169430713,RYBELSUS 7,2022,3,true,,,
FFSU,IL,00169430730,RYBELSUS 7,2022,3,false,938.000,20,30903.30
MCOU,IL,00169430730,RYBELSUS 7,2022,3,false,32668.000,816,1223189.04
MCOU,IL,00169431413,RYBELSUS 1,2022,3,true,,,
FFSU,IL,00169431413,RYBELSUS 1,2022,3,true,,,
FFSU,IL,00169431430,RYBELSUS 1,2022,3,false,810.000,23,22232.18
MCOU,IL,00169431430,RYBELSUS 1,2022,3,false,17190.000,386,639599.83
MCOU,IL,00169430313,RYBELSUS 3,2022,2,false,630.000,17,20005.98
FFSU,IL,00169430330,RYBELSUS 3,2022,2,false,480.000,12,12617.08
MCOU,IL,00169430330,RYBELSUS 3,2022,2,false,10578.000,316,388777.70
MCOU,IL,00169430713,RYBELSUS 7,2022,2,false,1055.000,26,59999.58
FFSU,IL,00169430730,RYBELSUS 7,2022,2,false,900.000,18,30417.31
MCOU,IL,00169430730,RYBELSUS 7,2022,2,false,23657.000,590,890397.20
MCOU,IL,00169431413,RYBELSUS 1,2022,2,true,,,
MCOU,IL,00169431430,RYBELSUS 1,2022,2,false,8910.000,209,335328.17
FFSU,IL,00169431430,RYBELSUS 1,2022,2,false,630.000,17,18696.13
MCOU,IL,00169430313,RYBELSUS 3,2022,1,false,1650.000,49,79535.17
MCOU,IL,00169430330,RYBELSUS 3,2022,1,false,9095.000,255,359689.76
FFSU,IL,00169430330,RYBELSUS 3,2022,1,true,,,
MCOU,IL,00169430713,RYBELSUS 7,2022,1,false,1878.000,47,101212.63
MCOU,IL,00169430730,RYBELSUS 7,2022,1,false,14209.000,325,598828.14
FFSU,IL,00169430730,RYBELSUS 7,2022,1,false,540.000,12,21309.55
FFSU,IL,00169431413,RYBELSUS 1,2022,1,true,,,
MCOU,IL,00169431413,RYBELSUS 1,2022,1,false,480.000,11,13701.54
FFSU,IL,00169431430,RYBELSUS 1,2022,1,false,600.000,14,22674.73
MCOU,IL,00169431430,RYBELSUS 1,2022,1,false,4408.000,101,194885.44
MCOU,IN,00169430313,RYBELSUS 3,2022,4,true,,,
MCOU,IN,00169430330,RYBELSUS 3,2022,4,false,9913.000,331,284822.12
FFSU,IN,00169430330,RYBELSUS 3,2022,4,true,,,
MCOU,IN,00169430713,RYBELSUS 7,2022,4,true,,,
MCOU,IN,00169430730,RYBELSUS 7,2022,4,false,29699.000,821,839304.54
FFSU,IN,00169430730,RYBELSUS 7,2022,4,false,600.000,18,17330.83
MCOU,IN,00169431413,RYBELSUS 1,2022,4,true,,,
FFSU,IN,00169431430,RYBELSUS 1,2022,4,true,,,
MCOU,IN,00169431430,RYBELSUS 1,2022,4,false,19260.000,519,546680.74
MCOU,IN,00169430313,RYBELSUS 3,2022,3,true,,,
MCOU,IN,00169430330,RYBELSUS 3,2022,3,false,9992.000,335,286087.89
FFSU,IN,00169430330,RYBELSUS 3,2022,3,true,,,
FFSU,IN,00169430713,RYBELSUS 7,2022,3,true,,,
MCOU,IN,00169430713,RYBELSUS 7,2022,3,true,,,
FFSU,IN,00169430730,RYBELSUS 7,2022,3,false,480.000,14,13860.47
MCOU,IN,00169430730,RYBELSUS 7,2022,3,false,26457.000,756,746633.38
MCOU,IN,00169431413,RYBELSUS 1,2022,3,true,,,
FFSU,IN,00169431430,RYBELSUS 1,2022,3,true,,,
MCOU,IN,00169431430,RYBELSUS 1,2022,3,false,16766.000,457,473080.83
MCOU,IN,00169430313,RYBELSUS 3,2022,2,true,,,
FFSU,IN,00169430313,RYBELSUS 3,2022,2,true,,,
FFSU,IN,00169430330,RYBELSUS 3,2022,2,true,,,
MCOU,IN,00169430330,RYBELSUS 3,2022,2,false,9912.000,332,282443.43
MCOU,IN,00169430713,RYBELSUS 7,2022,2,false,450.000,15,12847.81
FFSU,IN,00169430713,RYBELSUS 7,2022,2,true,,,
MCOU,IN,00169430730,RYBELSUS 7,2022,2,false,23853.000,676,676572.75
FFSU,IN,00169430730,RYBELSUS 7,2022,2,false,420.000,12,12131.73
MCOU,IN,00169431413,RYBELSUS 1,2022,2,false,360.000,12,10229.46
MCOU,IN,00169431430,RYBELSUS 1,2022,2,false,13032.000,362,373302.50
FFSU,IN,00169431430,RYBELSUS 1,2022,2,true,,,
MCOU,IN,00169430313,RYBELSUS 3,2022,1,false,1180.000,40,34065.96
MCOU,IN,00169430330,RYBELSUS 3,2022,1,false,7288.000,232,204636.00
FFSU,IN,00169430713,RYBELSUS 7,2022,1,true,,,
MCOU,IN,00169430713,RYBELSUS 7,2022,1,false,1470.000,39,41680.93
MCOU,IN,00169430730,RYBELSUS 7,2022,1,false,17700.000,508,499787.61
FFSU,IN,00169430730,RYBELSUS 7,2022,1,true,,,
MCOU,IN,00169431413,RYBELSUS 1,2022,1,false,930.000,29,26267.61
MCOU,IN,00169431430,RYBELSUS 1,2022,1,false,10410.000,267,298290.58
FFSU,IN,00169431430,RYBELSUS 1,2022,1,true,,,
MCOU,KS,00169430313,RYBELSUS 3,2022,4,true,,,
MCOU,KS,00169430330,RYBELSUS 3,2022,4,false,270.000,11,7811.01
MCOU,KS,00169430713,RYBELSUS 7,2022,4,true,,,
MCOU,KS,00169430730,RYBELSUS 7,2022,4,false,660.000,23,19087.42
MCOU,KS,00169431430,RYBELSUS 1,2022,4,false,508.000,20,14696.97
MCOU,KS,00169430330,RYBELSUS 3,2022,3,true,,,
MCOU,KS,00169430730,RYBELSUS 7,2022,3,false,570.000,19,16463.58
MCOU,KS,00169431430,RYBELSUS 1,2022,3,false,240.000,13,6943.12
MCOU,KS,00169430330,RYBELSUS 3,2022,2,true,,,
MCOU,KS,00169430730,RYBELSUS 7,2022,2,false,480.000,18,13884.98
MCOU,KS,00169431430,RYBELSUS 1,2022,2,true,,,
MCOU,KS,00169430330,RYBELSUS 3,2022,1,true,,,
MCOU,KS,00169430713,RYBELSUS 7,2022,1,true,,,
MCOU,KS,00169430730,RYBELSUS 7,2022,1,false,570.000,19,11210.40
MCOU,KS,00169431413,RYBELSUS 1,2022,1,true,,,
MCOU,KS,00169431430,RYBELSUS 1,2022,1,true,,,
MCOU,KY,00169430313,RYBELSUS  ,2022,4,false,570.000,19,16290.41
MCOU,KY,00169430330,RYBELSUS  ,2022,4,false,8940.000,297,262833.65
FFSU,KY,00169430330,RYBELSUS  ,2022,4,false,360.000,12,10416.36
MCOU,KY,00169430713,RYBELSUS  ,2022,4,false,720.000,22,20570.63
MCOU,KY,00169430730,RYBELSUS  ,2022,4,false,1800.000,50,52295.40
FFSU,KY,00169430730,RYBELSUS  ,2022,4,false,510.000,15,14731.06
FFSU,KY,00169431413,RYBELSUS  ,2022,4,true,,,
MCOU,KY,00169431413,RYBELSUS  ,2022,4,true,,,
MCOU,KY,00169431430,RYBELSUS  ,2022,4,false,10620.000,268,317498.81
FFSU,KY,00169431430,RYBELSUS  ,2022,4,false,420.000,12,12131.14
MCOU,KY,00169430313,RYBELSUS  ,2022,3,false,870.000,29,25690.99
MCOU,KY,00169430330,RYBELSUS  ,2022,3,false,8730.000,289,260462.83
FFSU,KY,00169430330,RYBELSUS  ,2022,3,true,,,
MCOU,KY,00169430713,RYBELSUS  ,2022,3,false,780.000,20,23117.91
MCOU,KY,00169430730,RYBELSUS  ,2022,3,false,1710.000,37,48855.17
FFSU,KY,00169430730,RYBELSUS  ,2022,3,false,870.000,23,25101.48
FFSU,KY,00169431413,RYBELSUS  ,2022,3,true,,,
MCOU,KY,00169431413,RYBELSUS  ,2022,3,false,450.000,11,13727.66
MCOU,KY,00169431430,RYBELSUS  ,2022,3,false,570.000,17,16290.41
FFSU,KY,00169431430,RYBELSUS  ,2022,3,true,,,
MCOU,KY,00169430313,RYBELSUS  ,2022,2,false,1140.000,38,33338.26
FFSU,KY,00169430313,RYBELSUS  ,2022,2,true,,,
FFSU,KY,00169430330,RYBELSUS  ,2022,2,true,,,
MCOU,KY,00169430330,RYBELSUS  ,2022,2,false,7530.000,250,220833.66
MCOU,KY,00169430713,RYBELSUS  ,2022,2,false,1080.000,30,32520.56
FFSU,KY,00169430713,RYBELSUS  ,2022,2,true,,,
MCOU,KY,00169430730,RYBELSUS  ,2022,2,false,1140.000,30,32584.64
FFSU,KY,00169430730,RYBELSUS  ,2022,2,true,,,
MCOU,KY,00169431413,RYBELSUS  ,2022,2,false,690.000,17,20581.87
FFSU,KY,00169431413,RYBELSUS  ,2022,2,true,,,
FFSU,KY,00169431430,RYBELSUS  ,2022,2,true,,,
MCOU,KY,00169431430,RYBELSUS  ,2022,2,false,450.000,11,12864.57
MCOU,KY,00169430313,RYBELSUS  ,2022,1,false,1680.000,56,50497.14
FFSU,KY,00169430313,RYBELSUS  ,2022,1,true,,,
MCOU,KY,00169430330,RYBELSUS  ,2022,1,false,450.000,15,13268.36
FFSU,KY,00169430330,RYBELSUS  ,2022,1,true,,,
MCOU,KY,00169430713,RYBELSUS  ,2022,1,false,1890.000,49,55880.87
FFSU,KY,00169430713,RYBELSUS  ,2022,1,true,,,
FFSU,KY,00169430730,RYBELSUS  ,2022,1,true,,,
MCOU,KY,00169430730,RYBELSUS  ,2022,1,true,,,
MCOU,KY,00169431413,RYBELSUS  ,2022,1,false,990.000,29,28119.78
MCOU,KY,00169431430,RYBELSUS  ,2022,1,true,,,
FFSU,KY,00169431430,RYBELSUS  ,2022,1,true,,,
MCOU,LA,00169430313,RYBELSUS  ,2022,4,true,,,
MCOU,LA,00169430330,RYBELSUS  ,2022,4,false,7260.000,223,208146.01
MCOU,LA,00169430713,RYBELSUS  ,2022,4,false,360.000,12,10433.22
FFSU,LA,00169430730,RYBELSUS  ,2022,4,false,330.000,11,9550.10
MCOU,LA,00169430730,RYBELSUS  ,2022,4,false,13650.000,424,392975.10
MCOU,LA,00169431413,RYBELSUS  ,2022,4,true,,,
FFSU,LA,00169431413,RYBELSUS  ,2022,4,true,,,
MCOU,LA,00169431430,RYBELSUS  ,2022,4,false,10342.000,301,300388.38
FFSU,LA,00169431430,RYBELSUS  ,2022,4,true,,,
MCOU,LA,00169430313,RYBELSUS  ,2022,3,false,480.000,14,13918.89
FFSU,LA,00169430330,RYBELSUS  ,2022,3,true,,,
MCOU,LA,00169430330,RYBELSUS  ,2022,3,false,6150.000,199,178250.89
MCOU,LA,00169430713,RYBELSUS  ,2022,3,true,,,
FFSU,LA,00169430730,RYBELSUS  ,2022,3,true,,,
MCOU,LA,00169430730,RYBELSUS  ,2022,3,false,12573.000,383,356896.72
MCOU,LA,00169431413,RYBELSUS  ,2022,3,true,,,
MCOU,LA,00169431430,RYBELSUS  ,2022,3,false,8904.000,259,258359.96
FFSU,LA,00169431430,RYBELSUS  ,2022,3,true,,,
MCOU,LA,00169430313,RYBELSUS  ,2022,2,false,570.000,17,16647.83
FFSU,LA,00169430313,RYBELSUS  ,2022,2,true,,,
FFSU,LA,00169430330,RYBELSUS  ,2022,2,true,,,
MCOU,LA,00169430330,RYBELSUS  ,2022,2,false,4950.000,161,143432.82
MCOU,LA,00169430713,RYBELSUS  ,2022,2,false,450.000,15,13113.82
FFSU,LA,00169430713,RYBELSUS  ,2022,2,true,,,
MCOU,LA,00169430730,RYBELSUS  ,2022,2,false,10380.000,310,298536.93
FFSU,LA,00169430730,RYBELSUS  ,2022,2,true,,,
MCOU,LA,00169431413,RYBELSUS  ,2022,2,true,,,
MCOU,LA,00169431430,RYBELSUS  ,2022,2,false,6324.000,191,182017.03
MCOU,LA,00169430313,RYBELSUS  ,2022,1,false,1410.000,45,40889.79
MCOU,LA,00169430330,RYBELSUS  ,2022,1,false,3900.000,126,112804.13
FFSU,LA,00169430713,RYBELSUS  ,2022,1,true,,,
MCOU,LA,00169430713,RYBELSUS  ,2022,1,false,960.000,32,27715.96
MCOU,LA,00169430730,RYBELSUS  ,2022,1,false,9120.000,266,261884.39
FFSU,LA,00169430730,RYBELSUS  ,2022,1,true,,,
MCOU,LA,00169431413,RYBELSUS  ,2022,1,false,600.000,20,17297.70
MCOU,LA,00169431430,RYBELSUS  ,2022,1,false,4794.000,146,137124.30
MCOU,MA,00169430313,RYBELSUS 3,2022,4,true,,,
FFSU,MA,00169430330,RYBELSUS 3,2022,4,false,1770.000,59,50434.55
MCOU,MA,00169430330,RYBELSUS 3,2022,4,false,2520.000,78,74613.34
MCOU,MA,00169430713,RYBELSUS 7,2022,4,true,,,
FFSU,MA,00169430730,RYBELSUS 7,2022,4,false,2550.000,79,71707.33
MCOU,MA,00169430730,RYBELSUS 7,2022,4,false,2898.000,83,86295.94
FFSU,MA,00169431413,RYBELSUS 1,2022,4,true,,,
FFSU,MA,00169431430,RYBELSUS 1,2022,4,false,2220.000,58,61988.58
MCOU,MA,00169431430,RYBELSUS 1,2022,4,false,1830.000,39,51652.80
FFSU,MA,00169430313,RYBELSUS 3,2022,3,true,,,
MCOU,MA,00169430330,RYBELSUS 3,2022,3,false,2340.000,68,68771.25
FFSU,MA,00169430330,RYBELSUS 3,2022,3,false,1634.000,48,46679.56
FFSU,MA,00169430713,RYBELSUS 7,2022,3,true,,,
FFSU,MA,00169430730,RYBELSUS 7,2022,3,false,2924.000,69,82034.79
MCOU,MA,00169430730,RYBELSUS 7,2022,3,false,2040.000,54,60453.66
MCOU,MA,00169431413,RYBELSUS 1,2022,3,true,,,
FFSU,MA,00169431430,RYBELSUS 1,2022,3,false,1500.000,40,42729.77
MCOU,MA,00169431430,RYBELSUS 1,2022,3,false,1860.000,36,53219.46
MCOU,MA,00169430313,RYBELSUS 3,2022,2,true,,,
FFSU,MA,00169430313,RYBELSUS 3,2022,2,true,,,
MCOU,MA,00169430330,RYBELSUS 3,2022,2,false,1890.000,55,54615.59
FFSU,MA,00169430330,RYBELSUS 3,2022,2,false,1650.000,48,47698.20
FFSU,MA,00169430713,RYBELSUS 7,2022,2,true,,,
FFSU,MA,00169430730,RYBELSUS 7,2022,2,false,2190.000,48,61304.51
MCOU,MA,00169430730,RYBELSUS 7,2022,2,false,2130.000,55,62270.85
MCOU,MA,00169431413,RYBELSUS 1,2022,2,true,,,
FFSU,MA,00169431413,RYBELSUS 1,2022,2,true,,,
MCOU,MA,00169431430,RYBELSUS 1,2022,2,false,1500.000,35,42206.26
FFSU,MA,00169431430,RYBELSUS 1,2022,2,false,1200.000,28,34381.56
MCOU,MA,00169430313,RYBELSUS 3,2022,1,true,,,
FFSU,MA,00169430313,RYBELSUS 3,2022,1,true,,,
MCOU,MA,00169430330,RYBELSUS 3,2022,1,false,1230.000,35,34313.53
FFSU,MA,00169430330,RYBELSUS 3,2022,1,false,570.000,17,16737.50
FFSU,MA,00169430713,RYBELSUS 7,2022,1,true,,,
MCOU,MA,00169430713,RYBELSUS 7,2022,1,true,,,
MCOU,MA,00169430730,RYBELSUS 7,2022,1,false,1410.000,39,39576.61
FFSU,MA,00169430730,RYBELSUS 7,2022,1,false,1470.000,33,42508.83
FFSU,MA,00169431413,RYBELSUS 1,2022,1,true,,,
MCOU,MA,00169431413,RYBELSUS 1,2022,1,true,,,
FFSU,MA,00169431430,RYBELSUS 1,2022,1,false,780.000,16,23083.66
MCOU,MA,00169431430,RYBELSUS 1,2022,1,false,1020.000,24,27547.80
FFSU,MD,00169430313,RYBELSUS 3,2022,4,true,,,
MCOU,MD,00169430313,RYBELSUS 3,2022,4,false,846.000,29,24224.98
MCOU,MD,00169430330,RYBELSUS 3,2022,4,false,9570.000,304,276666.73
FFSU,MD,00169430330,RYBELSUS 3,2022,4,false,284.000,11,8226.33
FFSU,MD,00169430713,RYBELSUS 7,2022,4,true,,,
MCOU,MD,00169430713,RYBELSUS 7,2022,4,false,1410.000,38,40570.52
FFSU,MD,00169430730,RYBELSUS 7,2022,4,false,330.000,11,9546.58
MCOU,MD,00169430730,RYBELSUS 7,2022,4,false,18961.000,574,540993.42
MCOU,MD,00169431413,RYBELSUS 1,2022,4,true,,,
FFSU,MD,00169431430,RYBELSUS 1,2022,4,true,,,
MCOU,MD,00169431430,RYBELSUS 1,2022,4,false,10295.000,298,292626.58
MCOU,MD,00169430313,RYBELSUS 3,2022,3,false,690.000,23,19778.80
MCOU,MD,00169430330,RYBELSUS 3,2022,3,false,8230.000,263,237644.01
FFSU,MD,00169430330,RYBELSUS 3,2022,3,false,360.000,12,10413.05
MCOU,MD,00169430713,RYBELSUS 7,2022,3,false,942.000,26,27087.21
MCOU,MD,00169430730,RYBELSUS 7,2022,3,false,15420.000,482,444079.67
FFSU,MD,00169430730,RYBELSUS 7,2022,3,true,,,
MCOU,MD,00169431413,RYBELSUS 1,2022,3,true,,,
MCOU,MD,00169431430,RYBELSUS 1,2022,3,false,7600.000,234,218454.22
FFSU,MD,00169431430,RYBELSUS 1,2022,3,true,,,
MCOU,MD,00169430313,RYBELSUS 3,2022,2,false,600.000,18,17256.13
MCOU,MD,00169430330,RYBELSUS 3,2022,2,false,7386.000,233,215085.05
FFSU,MD,00169430330,RYBELSUS 3,2022,2,true,,,
MCOU,MD,00169430713,RYBELSUS 7,2022,2,false,1260.000,36,34275.18
MCOU,MD,00169430730,RYBELSUS 7,2022,2,false,13590.000,425,393396.12
FFSU,MD,00169430730,RYBELSUS 7,2022,2,true,,,
MCOU,MD,00169431413,RYBELSUS 1,2022,2,true,,,
MCOU,MD,00169431430,RYBELSUS 1,2022,2,false,5970.000,191,184286.73
FFSU,MD,00169430313,RYBELSUS 3,2022,1,true,,,
MCOU,MD,00169430313,RYBELSUS 3,2022,1,false,1080.000,34,30998.11
MCOU,MD,00169430330,RYBELSUS 3,2022,1,false,5857.000,188,170512.93
FFSU,MD,00169430330,RYBELSUS 3,2022,1,true,,,
FFSU,MD,00169430713,RYBELSUS 7,2022,1,true,,,
MCOU,MD,00169430713,RYBELSUS 7,2022,1,false,1803.000,53,51612.33
MCOU,MD,00169430730,RYBELSUS 7,2022,1,false,9567.000,301,273527.67
MCOU,MD,00169431413,RYBELSUS 1,2022,1,true,,,
MCOU,MD,00169431430,RYBELSUS 1,2022,1,false,4260.000,134,129471.65
FFSU,ME,00169430330,RYBELSUS  ,2022,4,false,742.000,25,21303.06
FFSU,ME,00169430730,RYBELSUS  ,2022,4,false,1230.000,39,35520.27
FFSU,ME,00169431430,RYBELSUS  ,2022,4,false,720.000,22,20567.10
FFSU,ME,00169430330,RYBELSUS  ,2022,3,false,864.000,27,24482.11
FFSU,ME,00169430730,RYBELSUS  ,2022,3,false,720.000,24,20840.79
FFSU,ME,00169431413,RYBELSUS  ,2022,3,true,,,
FFSU,ME,00169431430,RYBELSUS  ,2022,3,false,810.000,27,23463.31
FFSU,ME,00169430330,RYBELSUS  ,2022,2,false,442.000,15,12707.72
FFSU,ME,00169430730,RYBELSUS  ,2022,2,false,540.000,16,15393.81
FFSU,ME,00169431430,RYBELSUS  ,2022,2,false,720.000,24,20869.54
FFSU,ME,00169430313,RYBELSUS  ,2022,1,true,,,
FFSU,ME,00169430330,RYBELSUS  ,2022,1,false,328.000,11,9373.45
FFSU,ME,00169430713,RYBELSUS  ,2022,1,true,,,
FFSU,ME,00169430730,RYBELSUS  ,2022,1,false,720.000,24,20699.89
FFSU,ME,00169431430,RYBELSUS  ,2022,1,false,600.000,20,17242.36
FFSU,MI,00169430313,RYBELSUS  ,2022,4,true,,,
MCOU,MI,00169430313,RYBELSUS  ,2022,4,true,,,
MCOU,MI,00169430330,RYBELSUS  ,2022,4,false,3840.000,104,109906.36
FFSU,MI,00169430330,RYBELSUS  ,2022,4,false,510.000,17,13557.91
MCOU,MI,00169430713,RYBELSUS  ,2022,4,true,,,
FFSU,MI,00169430713,RYBELSUS  ,2022,4,true,,,
MCOU,MI,00169430730,RYBELSUS  ,2022,4,false,6570.000,167,188233.72
FFSU,MI,00169430730,RYBELSUS  ,2022,4,false,1230.000,29,28916.10
MCOU,MI,00169431413,RYBELSUS  ,2022,4,true,,,
MCOU,MI,00169431430,RYBELSUS  ,2022,4,false,4770.000,106,135825.77
FFSU,MI,00169431430,RYBELSUS  ,2022,4,false,660.000,18,15608.95
MCOU,MI,00169430313,RYBELSUS  ,2022,3,true,,,
FFSU,MI,00169430313,RYBELSUS  ,2022,3,true,,,
FFSU,MI,00169430330,RYBELSUS  ,2022,3,false,540.000,18,13153.27
MCOU,MI,00169430330,RYBELSUS  ,2022,3,false,3600.000,100,102870.74
MCOU,MI,00169430713,RYBELSUS  ,2022,3,true,,,
FFSU,MI,00169430713,RYBELSUS  ,2022,3,true,,,
FFSU,MI,00169430730,RYBELSUS  ,2022,3,false,1830.000,35,40371.41
MCOU,MI,00169430730,RYBELSUS  ,2022,3,false,5460.000,143,156264.11
FFSU,MI,00169431413,RYBELSUS  ,2022,3,true,,,
MCOU,MI,00169431430,RYBELSUS  ,2022,3,false,4260.000,108,121986.61
FFSU,MI,00169431430,RYBELSUS  ,2022,3,false,930.000,25,18054.08
MCOU,MI,00169430313,RYBELSUS  ,2022,2,false,330.000,11,9441.86
FFSU,MI,00169430313,RYBELSUS  ,2022,2,true,,,
MCOU,MI,00169430330,RYBELSUS  ,2022,2,false,2640.000,78,75763.90
FFSU,MI,00169430330,RYBELSUS  ,2022,2,false,1020.000,32,26930.73
MCOU,MI,00169430713,RYBELSUS  ,2022,2,true,,,
FFSU,MI,00169430713,RYBELSUS  ,2022,2,true,,,
FFSU,MI,00169430730,RYBELSUS  ,2022,2,false,1260.000,31,26937.88
MCOU,MI,00169430730,RYBELSUS  ,2022,2,false,4710.000,127,134919.55
FFSU,MI,00169431413,RYBELSUS  ,2022,2,true,,,
MCOU,MI,00169431413,RYBELSUS  ,2022,2,true,,,
FFSU,MI,00169431430,RYBELSUS  ,2022,2,false,720.000,20,15502.83
MCOU,MI,00169431430,RYBELSUS  ,2022,2,false,3450.000,83,98373.51
MCOU,MI,00169430313,RYBELSUS  ,2022,1,true,,,
FFSU,MI,00169430313,RYBELSUS  ,2022,1,true,,,
FFSU,MI,00169430330,RYBELSUS  ,2022,1,true,,,
MCOU,MI,00169430330,RYBELSUS  ,2022,1,false,2340.000,71,67189.91
FFSU,MI,00169430713,RYBELSUS  ,2022,1,true,,,
MCOU,MI,00169430713,RYBELSUS  ,2022,1,false,480.000,16,13605.91
FFSU,MI,00169430730,RYBELSUS  ,2022,1,false,990.000,25,27742.68
MCOU,MI,00169430730,RYBELSUS  ,2022,1,false,3180.000,84,91214.01
MCOU,MI,00169431413,RYBELSUS  ,2022,1,true,,,
FFSU,MI,00169431413,RYBELSUS  ,2022,1,true,,,
MCOU,MI,00169431430,RYBELSUS  ,2022,1,false,2280.000,58,64850.47
FFSU,MI,00169431430,RYBELSUS  ,2022,1,false,390.000,11,8436.33
MCOU,MN,00169430313,RYBELSUS  ,2022,4,true,,,
MCOU,MN,00169430330,RYBELSUS  ,2022,4,false,1980.000,62,58249.67
FFSU,MN,00169430330,RYBELSUS  ,2022,4,true,,,
MCOU,MN,00169430713,RYBELSUS  ,2022,4,true,,,
MCOU,MN,00169430730,RYBELSUS  ,2022,4,false,4046.000,128,120406.64
FFSU,MN,00169430730,RYBELSUS  ,2022,4,true,,,
MCOU,MN,00169431413,RYBELSUS  ,2022,4,true,,,
FFSU,MN,00169431430,RYBELSUS  ,2022,4,true,,,
MCOU,MN,00169431430,RYBELSUS  ,2022,4,false,3837.000,121,111027.68
MCOU,MN,00169430330,RYBELSUS  ,2022,3,false,1710.000,57,50785.40
FFSU,MN,00169430330,RYBELSUS  ,2022,3,true,,,
FFSU,MN,00169430713,RYBELSUS  ,2022,3,true,,,
MCOU,MN,00169430713,RYBELSUS  ,2022,3,false,390.000,13,11455.30
FFSU,MN,00169430730,RYBELSUS  ,2022,3,true,,,
MCOU,MN,00169430730,RYBELSUS  ,2022,3,false,3886.000,116,114573.28
MCOU,MN,00169431413,RYBELSUS  ,2022,3,true,,,
MCOU,MN,00169431430,RYBELSUS  ,2022,3,false,3502.000,109,101291.62
FFSU,MN,00169431430,RYBELSUS  ,2022,3,true,,,
FFSU,MN,00169430313,RYBELSUS  ,2022,2,true,,,
MCOU,MN,00169430313,RYBELSUS  ,2022,2,true,,,
MCOU,MN,00169430330,RYBELSUS  ,2022,2,false,2068.000,65,61720.41
FFSU,MN,00169430330,RYBELSUS  ,2022,2,true,,,
MCOU,MN,00169430713,RYBELSUS  ,2022,2,true,,,
FFSU,MN,00169430713,RYBELSUS  ,2022,2,true,,,
FFSU,MN,00169430730,RYBELSUS  ,2022,2,true,,,
MCOU,MN,00169430730,RYBELSUS  ,2022,2,false,3538.000,116,103167.49
MCOU,MN,00169431413,RYBELSUS  ,2022,2,true,,,
MCOU,MN,00169431430,RYBELSUS  ,2022,2,false,2970.000,93,85675.57
FFSU,MN,00169431430,RYBELSUS  ,2022,2,true,,,
MCOU,MN,00169430313,RYBELSUS  ,2022,1,false,480.000,16,13837.89
MCOU,MN,00169430330,RYBELSUS  ,2022,1,false,900.000,30,25618.95
FFSU,MN,00169430330,RYBELSUS  ,2022,1,true,,,
MCOU,MN,00169430713,RYBELSUS  ,2022,1,false,660.000,22,17792.26
FFSU,MN,00169430713,RYBELSUS  ,2022,1,true,,,
FFSU,MN,00169430730,RYBELSUS  ,2022,1,true,,,
MCOU,MN,00169430730,RYBELSUS  ,2022,1,false,2070.000,63,59277.67
MCOU,MN,00169431413,RYBELSUS  ,2022,1,false,360.000,12,10478.28
MCOU,MN,00169431430,RYBELSUS  ,2022,1,false,2730.000,85,80515.54
FFSU,MN,00169431430,RYBELSUS  ,2022,1,true,,,
FFSU,MO,00169430330,RYBELSUS  ,2022,4,true,,,
FFSU,MO,00169430713,RYBELSUS  ,2022,4,true,,,
FFSU,MO,00169430730,RYBELSUS  ,2022,4,false,510.000,17,12316.87
FFSU,MO,00169431430,RYBELSUS  ,2022,4,false,480.000,16,13918.08
FFSU,MO,00169430330,RYBELSUS  ,2022,3,false,330.000,11,8203.73
FFSU,MO,00169430730,RYBELSUS  ,2022,3,false,540.000,18,10979.17
FFSU,MO,00169431430,RYBELSUS  ,2022,3,false,510.000,17,13961.88
FFSU,MO,00169430330,RYBELSUS  ,2022,2,false,330.000,11,7424.12
FFSU,MO,00169430730,RYBELSUS  ,2022,2,true,,,
FFSU,MO,00169431430,RYBELSUS  ,2022,2,false,360.000,12,10582.02
FFSU,MO,00169430313,RYBELSUS  ,2022,1,true,,,
FFSU,MO,00169430330,RYBELSUS  ,2022,1,true,,,
FFSU,MO,00169430713,RYBELSUS  ,2022,1,true,,,
FFSU,MO,00169430730,RYBELSUS  ,2022,1,true,,,
FFSU,MO,00169431430,RYBELSUS  ,2022,1,true,,,
MCOU,MS,00169430313,RYBELSUS  ,2022,4,true,,,
MCOU,MS,00169430330,RYBELSUS  ,2022,4,true,,,
MCOU,MS,00169430713,RYBELSUS  ,2022,4,true,,,
FFSU,MS,00169430713,RYBELSUS 7,2022,4,true,,,
FFSU,MS,00169430730,RYBELSUS 7,2022,4,true,,,
MCOU,MS,00169430730,RYBELSUS  ,2022,4,false,990.000,32,28804.90
MCOU,MS,00169431413,RYBELSUS  ,2022,4,true,,,
MCOU,MS,00169431430,RYBELSUS  ,2022,4,false,570.000,17,16494.34
FFSU,MS,00169431430,RYBELSUS 1,2022,4,true,,,
MCOU,MS,00169430313,RYBELSUS 3,2022,3,true,,,
MCOU,MS,00169430330,RYBELSUS 3,2022,3,true,,,
FFSU,MS,00169430713,RYBELSUS 7,2022,3,true,,,
MCOU,MS,00169430713,RYBELSUS 7,2022,3,true,,,
FFSU,MS,00169430730,RYBELSUS 7,2022,3,true,,,
MCOU,MS,00169430730,RYBELSUS 7,2022,3,false,1200.000,33,34665.92
MCOU,MS,00169431430,RYBELSUS 1,2022,3,false,540.000,16,15616.67
FFSU,MS,00169431430,RYBELSUS 1,2022,3,true,,,
MCOU,MS,00169430313,RYBELSUS 3,2022,2,true,,,
FFSU,MS,00169430313,RYBELSUS 3,2022,2,true,,,
MCOU,MS,00169430330,RYBELSUS 3,2022,2,false,570.000,13,16418.00
MCOU,MS,00169430713,RYBELSUS 7,2022,2,true,,,
FFSU,MS,00169430713,RYBELSUS 7,2022,2,true,,,
FFSU,MS,00169430730,RYBELSUS 7,2022,2,true,,,
MCOU,MS,00169430730,RYBELSUS 7,2022,2,false,1080.000,26,31184.92
MCOU,MS,00169431413,RYBELSUS 1,2022,2,true,,,
MCOU,MS,00169431430,RYBELSUS 1,2022,2,false,450.000,13,13011.34
FFSU,MS,00169430313,RYBELSUS 3,2022,1,true,,,
MCOU,MS,00169430313,RYBELSUS 3,2022,1,true,,,
MCOU,MS,00169430330,RYBELSUS 3,2022,1,true,,,
MCOU,MS,00169430713,RYBELSUS 7,2022,1,true,,,
FFSU,MS,00169430713,RYBELSUS 7,2022,1,true,,,
MCOU,MS,00169430730,RYBELSUS 7,2022,1,false,510.000,17,15128.43
MCOU,MS,00169431413,RYBELSUS 1,2022,1,true,,,
FFSU,MS,00169431413,RYBELSUS 1,2022,1,true,,,
FFSU,MS,00169431430,RYBELSUS 1,2022,1,true,,,
MCOU,MS,00169431430,RYBELSUS 1,2022,1,false,420.000,14,12149.66
FFSU,MT,00169430330,RYBELSUS 3,2022,4,true,,,
FFSU,MT,00169430730,RYBELSUS 7,2022,4,false,480.000,12,13903.69
FFSU,MT,00169431430,RYBELSUS 1,2022,4,false,1320.000,32,38045.74
FFSU,MT,00169430313,RYBELSUS 3,2022,3,true,,,
FFSU,MT,00169430330,RYBELSUS 3,2022,3,true,,,
FFSU,MT,00169430730,RYBELSUS 7,2022,3,false,510.000,13,14781.10
FFSU,MT,00169431430,RYBELSUS 1,2022,3,false,960.000,28,27630.30
FFSU,MT,00169430330,RYBELSUS 3,2022,2,true,,,
FFSU,MT,00169430730,RYBELSUS 7,2022,2,false,600.000,16,17405.89
FFSU,MT,00169431430,RYBELSUS 1,2022,2,false,840.000,24,24147.68
FFSU,MT,00169430313,RYBELSUS 3,2022,1,true,,,
FFSU,MT,00169430330,RYBELSUS 3,2022,1,true,,,
FFSU,MT,00169430713,RYBELSUS 7,2022,1,true,,,
FFSU,MT,00169430730,RYBELSUS 7,2022,1,false,420.000,14,12123.38
FFSU,MT,00169431430,RYBELSUS 1,2022,1,false,630.000,19,18000.19
FFSU,XX,00169430313,RYBELSUS 3,2022,4,false,8505.000,270,245920.39
MCOU,XX,00169430313,RYBELSUS 3,2022,4,false,12111.000,400,353870.90
FFSU,XX,00169430330,RYBELSUS 3,2022,4,false,211254.000,6356,6100309.13
MCOU,XX,00169430330,RYBELSUS 3,2022,4,false,212253.000,6759,6197431.50
FFSU,XX,00169430713,RYBELSUS 7,2022,4,false,11000.000,307,320321.30
MCOU,XX,00169430713,RYBELSUS 7,2022,4,false,16258.000,511,485451.45
FFSU,XX,00169430730,RYBELSUS 7,2022,4,false,395352.000,9940,11381803.17
MCOU,XX,00169430730,RYBELSUS 7,2022,4,false,411718.000,12247,11957214.91
FFSU,XX,00169431413,RYBELSUS 1,2022,4,false,5310.000,148,153357.13
MCOU,XX,00169431413,RYBELSUS 1,2022,4,false,9860.000,310,314522.92
FFSU,XX,00169431430,RYBELSUS 1,2022,4,false,211570.000,4898,6097852.00
MCOU,XX,00169431430,RYBELSUS 1,2022,4,false,264597.000,7627,7690006.98
FFSU,XX,00169430313,RYBELSUS 3,2022,3,false,12272.000,393,355284.63
MCOU,XX,00169430313,RYBELSUS 3,2022,3,false,14724.000,465,421110.65
FFSU,XX,00169430330,RYBELSUS 3,2022,3,false,216571.000,6550,6257730.20
MCOU,XX,00169430330,RYBELSUS 3,2022,3,false,181999.000,5813,5252151.18
FFSU,XX,00169430713,RYBELSUS 7,2022,3,false,17762.000,494,518262.21
MCOU,XX,00169430713,RYBELSUS 7,2022,3,false,19440.000,614,569902.88
FFSU,XX,00169430730,RYBELSUS 7,2022,3,false,391025.000,10098,11261719.69
MCOU,XX,00169430730,RYBELSUS 7,2022,3,false,362851.000,10816,10479051.58
FFSU,XX,00169431413,RYBELSUS 1,2022,3,false,8054.000,209,232478.71
MCOU,XX,00169431413,RYBELSUS 1,2022,3,false,9734.000,301,284894.45
FFSU,XX,00169431430,RYBELSUS 1,2022,3,false,192797.000,4546,5551508.99
MCOU,XX,00169431430,RYBELSUS 1,2022,3,false,207849.000,6096,6042439.70
FFSU,XX,00169430313,RYBELSUS 3,2022,2,false,15432.000,503,448541.65
MCOU,XX,00169430313,RYBELSUS 3,2022,2,false,18789.000,607,536880.57
FFSU,XX,00169430330,RYBELSUS 3,2022,2,false,152705.000,4712,4432395.26
MCOU,XX,00169430330,RYBELSUS 3,2022,2,false,160686.000,5124,4608569.44
FFSU,XX,00169430713,RYBELSUS 7,2022,2,false,19307.000,579,556253.17
MCOU,XX,00169430713,RYBELSUS 7,2022,2,false,25896.000,818,755988.65
FFSU,XX,00169430730,RYBELSUS 7,2022,2,false,251056.000,6727,7263851.86
MCOU,XX,00169430730,RYBELSUS 7,2022,2,false,311923.000,9390,9003615.92
FFSU,XX,00169431413,RYBELSUS 1,2022,2,false,9396.000,263,271600.85
MCOU,XX,00169431413,RYBELSUS 1,2022,2,false,12922.000,409,370040.70
FFSU,XX,00169431430,RYBELSUS 1,2022,2,false,115477.000,2714,3345098.83
MCOU,XX,00169431430,RYBELSUS 1,2022,2,false,164939.000,4885,4741968.07
FFSU,XX,00169430313,RYBELSUS 3,2022,1,false,19382.000,617,552361.70
MCOU,XX,00169430313,RYBELSUS 3,2022,1,false,31590.000,1020,961933.71
FFSU,XX,00169430330,RYBELSUS 3,2022,1,false,84407.000,2519,2516743.76
MCOU,XX,00169430330,RYBELSUS 3,2022,1,false,117299.000,3726,3455544.42
FFSU,XX,00169430713,RYBELSUS 7,2022,1,false,24349.000,723,696646.30
MCOU,XX,00169430713,RYBELSUS 7,2022,1,false,46970.000,1478,1382678.82
FFSU,XX,00169430730,RYBELSUS 7,2022,1,false,147401.000,3908,4379683.79
MCOU,XX,00169430730,RYBELSUS 7,2022,1,false,228186.000,6947,6675489.90
FFSU,XX,00169431413,RYBELSUS 1,2022,1,false,12160.000,345,348899.37
MCOU,XX,00169431413,RYBELSUS 1,2022,1,false,20972.000,677,591872.44
FFSU,XX,00169431430,RYBELSUS 1,2022,1,false,64800.000,1555,1926398.74
MCOU,XX,00169431430,RYBELSUS 1,2022,1,false,116753.000,3458,3392260.87
FFSU,NC,00169430313,RYBELSUS  ,2022,4,true,,,
MCOU,NC,00169430313,RYBELSUS  ,2022,4,true,,,
FFSU,NC,00169430330,RYBELSUS  ,2022,4,false,658.000,20,18808.07
MCOU,NC,00169430330,RYBELSUS  ,2022,4,false,4125.000,112,114850.07
MCOU,NC,00169430713,RYBELSUS  ,2022,4,true,,,
FFSU,NC,00169430713,RYBELSUS  ,2022,4,true,,,
FFSU,NC,00169430730,RYBELSUS  ,2022,4,false,2401.000,62,68608.08
MCOU,NC,00169430730,RYBELSUS  ,2022,4,false,9738.000,214,278173.30
MCOU,NC,00169431413,RYBELSUS  ,2022,4,false,420.000,12,12098.34
FFSU,NC,00169431413,RYBELSUS  ,2022,4,true,,,
FFSU,NC,00169431430,RYBELSUS  ,2022,4,false,2220.000,58,63440.78
MCOU,NC,00169431430,RYBELSUS  ,2022,4,false,8756.000,177,248964.71
FFSU,NC,00169430313,RYBELSUS  ,2022,3,true,,,
MCOU,NC,00169430313,RYBELSUS  ,2022,3,true,,,
MCOU,NC,00169430330,RYBELSUS  ,2022,3,false,3450.000,98,98527.61
FFSU,NC,00169430330,RYBELSUS  ,2022,3,false,866.000,25,24767.51
FFSU,NC,00169430713,RYBELSUS  ,2022,3,true,,,
MCOU,NC,00169430713,RYBELSUS  ,2022,3,true,,,
MCOU,NC,00169430730,RYBELSUS  ,2022,3,false,8784.000,202,246566.94
FFSU,NC,00169430730,RYBELSUS  ,2022,3,false,2852.000,76,81925.39
MCOU,NC,00169431413,RYBELSUS  ,2022,3,false,660.000,14,18961.94
FFSU,NC,00169431413,RYBELSUS  ,2022,3,true,,,
MCOU,NC,00169431430,RYBELSUS  ,2022,3,false,7644.000,165,216268.96
FFSU,NC,00169431430,RYBELSUS  ,2022,3,false,2430.000,67,69460.29
FFSU,NC,00169430313,RYBELSUS  ,2022,2,false,325.000,11,9289.99
MCOU,NC,00169430313,RYBELSUS  ,2022,2,true,,,
MCOU,NC,00169430330,RYBELSUS  ,2022,2,false,3164.000,86,87802.62
FFSU,NC,00169430330,RYBELSUS  ,2022,2,true,,,
MCOU,NC,00169430713,RYBELSUS  ,2022,2,false,550.000,19,15813.87
FFSU,NC,00169430713,RYBELSUS  ,2022,2,true,,,
FFSU,NC,00169430730,RYBELSUS  ,2022,2,false,2218.000,63,63796.15
MCOU,NC,00169430730,RYBELSUS  ,2022,2,false,7590.000,183,214987.94
FFSU,NC,00169431413,RYBELSUS  ,2022,2,true,,,
MCOU,NC,00169431413,RYBELSUS  ,2022,2,false,720.000,20,20730.02
FFSU,NC,00169431430,RYBELSUS  ,2022,2,false,1920.000,50,54944.04
MCOU,NC,00169431430,RYBELSUS  ,2022,2,false,6240.000,140,179359.80
FFSU,NC,00169430313,RYBELSUS  ,2022,1,false,419.000,13,11786.73
MCOU,NC,00169430313,RYBELSUS  ,2022,1,false,690.000,19,19711.29
FFSU,NC,00169430330,RYBELSUS  ,2022,1,false,810.000,19,23995.06
MCOU,NC,00169430330,RYBELSUS  ,2022,1,false,2010.000,57,60730.03
FFSU,NC,00169430713,RYBELSUS  ,2022,1,false,390.000,12,10947.04
MCOU,NC,00169430713,RYBELSUS  ,2022,1,false,1260.000,34,35989.33
MCOU,NC,00169430730,RYBELSUS  ,2022,1,false,7410.000,179,213346.29
FFSU,NC,00169430730,RYBELSUS  ,2022,1,false,2356.000,70,69704.20
MCOU,NC,00169431413,RYBELSUS  ,2022,1,false,1050.000,28,29826.05
FFSU,NC,00169431413,RYBELSUS  ,2022,1,true,,,
FFSU,NC,00169431430,RYBELSUS  ,2022,1,false,1500.000,34,44316.64
MCOU,NC,00169431430,RYBELSUS  ,2022,1,false,4200.000,87,121427.58
FFSU,ND,00169430330,RYBELSUS 3,2022,3,true,,,
FFSU,ND,00169430330,RYBELSUS 3,2022,2,true,,,
FFSU,ND,00169430330,RYBELSUS 3,2022,1,true,,,
FFSU,ND,00169430730,RYBELSUS 7,2022,1,true,,,
MCOU,NE,00169430313,RYBELSUS 3,2022,4,true,,,
MCOU,NE,00169430330,RYBELSUS 3,2022,4,false,1200.000,40,33424.79
MCOU,NE,00169430730,RYBELSUS 7,2022,4,false,1410.000,46,43950.41
MCOU,NE,00169431430,RYBELSUS 1,2022,4,false,2034.000,58,56167.45
MCOU,NE,00169430313,RYBELSUS 3,2022,3,true,,,
MCOU,NE,00169430330,RYBELSUS 3,2022,3,false,840.000,28,23989.19
MCOU,NE,00169430713,RYBELSUS 7,2022,3,true,,,
MCOU,NE,00169430730,RYBELSUS 7,2022,3,false,1290.000,37,33392.70
MCOU,NE,00169431430,RYBELSUS 1,2022,3,false,1918.000,56,52227.48
MCOU,NE,00169430313,RYBELSUS 3,2022,2,true,,,
MCOU,NE,00169430330,RYBELSUS 3,2022,2,false,510.000,17,14957.07
MCOU,NE,00169430713,RYBELSUS 7,2022,2,true,,,
MCOU,NE,00169430730,RYBELSUS 7,2022,2,false,1500.000,44,42107.13
MCOU,NE,00169431430,RYBELSUS 1,2022,2,false,1500.000,46,41893.02
MCOU,NE,00169430313,RYBELSUS 3,2022,1,true,,,
MCOU,NE,00169430330,RYBELSUS 3,2022,1,false,330.000,11,8811.55
MCOU,NE,00169430713,RYBELSUS 7,2022,1,true,,,
MCOU,NE,00169430730,RYBELSUS 7,2022,1,false,960.000,26,26240.70
MCOU,NE,00169431413,RYBELSUS 1,2022,1,true,,,
MCOU,NE,00169431430,RYBELSUS 1,2022,1,false,1140.000,34,32413.98
MCOU,NH,00169430330,RYBELSUS  ,2022,4,false,1020.000,28,20421.10
MCOU,NH,00169430730,RYBELSUS  ,2022,4,false,390.000,11,6166.26
MCOU,NH,00169431430,RYBELSUS  ,2022,4,false,510.000,15,9625.98
MCOU,NH,00169430330,RYBELSUS  ,2022,3,false,780.000,24,16540.72
MCOU,NH,00169430730,RYBELSUS  ,2022,3,false,690.000,21,16167.86
MCOU,NH,00169431413,RYBELSUS  ,2022,3,true,,,
MCOU,NH,00169431430,RYBELSUS  ,2022,3,false,720.000,20,13579.44
MCOU,NH,00169430313,RYBELSUS  ,2022,2,true,,,
MCOU,NH,00169430330,RYBELSUS  ,2022,2,false,810.000,23,15570.64
MCOU,NH,00169430730,RYBELSUS  ,2022,2,false,540.000,18,14586.38
MCOU,NH,00169431413,RYBELSUS  ,2022,2,true,,,
MCOU,NH,00169431430,RYBELSUS  ,2022,2,true,,,
FFSU,NH,00169430330,RYBELSUS  ,2022,1,true,,,
MCOU,NH,00169430330,RYBELSUS  ,2022,1,false,540.000,14,10535.24
MCOU,NH,00169430730,RYBELSUS  ,2022,1,false,510.000,17,12584.89
MCOU,NH,00169431413,RYBELSUS  ,2022,1,true,,,
MCOU,NH,00169431430,RYBELSUS  ,2022,1,true,,,
MCOU,NJ,00169430313,RYBELSUS 3,2022,4,true,,,
MCOU,NJ,00169430330,RYBELSUS 3,2022,4,false,3345.000,108,100813.75
MCOU,NJ,00169430713,RYBELSUS 7,2022,4,false,570.000,20,20299.71
MCOU,NJ,00169430730,RYBELSUS 7,2022,4,false,13440.000,386,404904.17
MCOU,NJ,00169431413,RYBELSUS 1,2022,4,true,,,
MCOU,NJ,00169431430,RYBELSUS 1,2022,4,false,7030.000,192,212312.60
MCOU,NJ,00169430313,RYBELSUS 3,2022,3,false,390.000,11,11968.24
MCOU,NJ,00169430330,RYBELSUS 3,2022,3,false,3405.000,110,103886.95
FFSU,NJ,00169430330,RYBELSUS 3,2022,3,true,,,
MCOU,NJ,00169430713,RYBELSUS 7,2022,3,false,630.000,19,20984.67
FFSU,NJ,00169430730,RYBELSUS 7,2022,3,true,,,
MCOU,NJ,00169430730,RYBELSUS 7,2022,3,false,11490.000,343,342560.64
MCOU,NJ,00169431413,RYBELSUS 1,2022,3,true,,,
MCOU,NJ,00169431430,RYBELSUS 1,2022,3,false,5490.000,154,167959.24
MCOU,NJ,00169430313,RYBELSUS 3,2022,2,false,360.000,11,12035.93
FFSU,NJ,00169430330,RYBELSUS 3,2022,2,true,,,
MCOU,NJ,00169430330,RYBELSUS 3,2022,2,false,3120.000,98,95320.14
MCOU,NJ,00169430713,RYBELSUS 7,2022,2,false,960.000,29,30605.79
FFSU,NJ,00169430730,RYBELSUS 7,2022,2,true,,,
MCOU,NJ,00169430730,RYBELSUS 7,2022,2,false,9390.000,286,280190.63
MCOU,NJ,00169431413,RYBELSUS 1,2022,2,true,,,
FFSU,NJ,00169431430,RYBELSUS 1,2022,2,true,,,
MCOU,NJ,00169431430,RYBELSUS 1,2022,2,false,4536.000,124,139407.15
MCOU,NJ,00169430313,RYBELSUS 3,2022,1,false,600.000,19,19016.51
MCOU,NJ,00169430330,RYBELSUS 3,2022,1,false,2160.000,70,64486.14
MCOU,NJ,00169430713,RYBELSUS 7,2022,1,false,2490.000,73,74178.96
FFSU,NJ,00169430730,RYBELSUS 7,2022,1,true,,,
MCOU,NJ,00169430730,RYBELSUS 7,2022,1,false,6480.000,197,200706.42
MCOU,NJ,00169431413,RYBELSUS 1,2022,1,false,660.000,18,17767.78
MCOU,NJ,00169431430,RYBELSUS 1,2022,1,false,2730.000,83,80422.15
FFSU,NM,00169430313,RYBELSUS 3,2022,4,true,,,
MCOU,NM,00169430313,RYBELSUS 3,2022,4,true,,,
MCOU,NM,00169430330,RYBELSUS 3,2022,4,true,,,
FFSU,NM,00169430330,RYBELSUS 3,2022,4,true,,,
MCOU,NM,00169430713,RYBELSUS 7,2022,4,true,,,
MCOU,NM,00169430730,RYBELSUS 7,2022,4,false,1980.000,66,55056.78
FFSU,NM,00169430730,RYBELSUS 7,2022,4,false,1290.000,41,28863.85
MCOU,NM,00169431430,RYBELSUS 1,2022,4,false,1800.000,44,48843.20
FFSU,NM,00169431430,RYBELSUS 1,2022,4,false,690.000,21,15610.17
MCOU,NM,00169430330,RYBELSUS 3,2022,3,true,,,
FFSU,NM,00169430330,RYBELSUS 3,2022,3,true,,,
FFSU,NM,00169430730,RYBELSUS 7,2022,3,true,,,
MCOU,NM,00169430730,RYBELSUS 7,2022,3,false,780.000,21,22924.05
FFSU,NM,00169431430,RYBELSUS 1,2022,3,true,,,
MCOU,NM,00169431430,RYBELSUS 1,2022,3,false,540.000,12,12935.06
MCOU,NM,00169430313,RYBELSUS 3,2022,2,true,,,
FFSU,NM,00169430330,RYBELSUS 3,2022,2,true,,,
MCOU,NM,00169430330,RYBELSUS 3,2022,2,true,,,
MCOU,NM,00169430713,RYBELSUS 7,2022,2,true,,,
MCOU,NM,00169430730,RYBELSUS 7,2022,2,false,870.000,21,25812.24
FFSU,NM,00169430730,RYBELSUS 7,2022,2,true,,,
MCOU,NM,00169431430,RYBELSUS 1,2022,2,false,660.000,15,16272.28
FFSU,NM,00169431430,RYBELSUS 1,2022,2,true,,,
MCOU,NM,00169430330,RYBELSUS 3,2022,1,true,,,
MCOU,NM,00169430713,RYBELSUS 7,2022,1,true,,,
FFSU,NM,00169430730,RYBELSUS 7,2022,1,true,,,
MCOU,NM,00169430730,RYBELSUS 7,2022,1,false,810.000,19,23352.71
MCOU,NM,00169431413,RYBELSUS 1,2022,1,true,,,
MCOU,NM,00169431430,RYBELSUS 1,2022,1,false,540.000,12,12790.22
FFSU,NV,00169430313,RYBELSUS  ,2022,4,true,,,
FFSU,NV,00169430330,RYBELSUS  ,2022,4,false,1380.000,32,38979.08
MCOU,NV,00169430330,RYBELSUS  ,2022,4,false,1230.000,41,34414.56
MCOU,NV,00169430713,RYBELSUS  ,2022,4,true,,,
MCOU,NV,00169430730,RYBELSUS  ,2022,4,false,4920.000,164,135282.45
FFSU,NV,00169430730,RYBELSUS  ,2022,4,false,3960.000,61,113089.27
FFSU,NV,00169431413,RYBELSUS  ,2022,4,true,,,
MCOU,NV,00169431430,RYBELSUS  ,2022,4,false,2250.000,75,60539.70
FFSU,NV,00169431430,RYBELSUS  ,2022,4,false,1950.000,27,54362.02
FFSU,NV,00169430313,RYBELSUS  ,2022,3,true,,,
FFSU,NV,00169430330,RYBELSUS  ,2022,3,false,780.000,14,22404.01
MCOU,NV,00169430330,RYBELSUS  ,2022,3,false,1320.000,44,36310.64
MCOU,NV,00169430713,RYBELSUS  ,2022,3,true,,,
FFSU,NV,00169430713,RYBELSUS  ,2022,3,true,,,
FFSU,NV,00169430730,RYBELSUS  ,2022,3,false,2280.000,36,60198.55
MCOU,NV,00169430730,RYBELSUS  ,2022,3,false,4920.000,164,134502.21
MCOU,NV,00169431413,RYBELSUS  ,2022,3,true,,,
FFSU,NV,00169431413,RYBELSUS  ,2022,3,true,,,
FFSU,NV,00169431430,RYBELSUS  ,2022,3,false,960.000,12,25915.60
MCOU,NV,00169431430,RYBELSUS  ,2022,3,false,1530.000,51,40178.24
MCOU,NV,00169430313,RYBELSUS  ,2022,2,true,,,
FFSU,NV,00169430313,RYBELSUS  ,2022,2,true,,,
MCOU,NV,00169430330,RYBELSUS  ,2022,2,false,1020.000,32,29138.51
FFSU,NV,00169430330,RYBELSUS  ,2022,2,false,1110.000,23,26198.27
FFSU,NV,00169430713,RYBELSUS  ,2022,2,false,540.000,14,12956.82
MCOU,NV,00169430713,RYBELSUS  ,2022,2,true,,,
MCOU,NV,00169430730,RYBELSUS  ,2022,2,false,4140.000,136,114798.89
FFSU,NV,00169430730,RYBELSUS  ,2022,2,false,1830.000,35,36537.66
MCOU,NV,00169431413,RYBELSUS  ,2022,2,true,,,
FFSU,NV,00169431413,RYBELSUS  ,2022,2,true,,,
MCOU,NV,00169431430,RYBELSUS  ,2022,2,false,750.000,25,19049.53
FFSU,NV,00169431430,RYBELSUS  ,2022,2,false,750.000,15,21487.98
MCOU,NV,00169430313,RYBELSUS 3,2022,1,true,,,
FFSU,NV,00169430313,RYBELSUS 3,2022,1,true,,,
MCOU,NV,00169430330,RYBELSUS 3,2022,1,false,360.000,20,20794.56
MCOU,NV,00169430713,RYBELSUS 7,2022,1,true,,,
FFSU,NV,00169430713,RYBELSUS 7,2022,1,false,660.000,18,18919.10
FFSU,NV,00169430730,RYBELSUS 7,2022,1,true,,,
MCOU,NV,00169430730,RYBELSUS 7,2022,1,false,404.000,27,22104.78
FFSU,NV,00169431413,RYBELSUS 1,2022,1,true,,,
MCOU,NV,00169431413,RYBELSUS 1,2022,1,true,,,
MCOU,NV,00169431430,RYBELSUS 1,2022,1,false,270.000,16,13664.29
FFSU,NV,00169431430,RYBELSUS 1,2022,1,true,,,
MCOU,NY,00169430313,RYBELSUS  ,2022,4,false,7530.000,247,212290.86
FFSU,NY,00169430313,RYBELSUS  ,2022,4,true,,,
FFSU,NY,00169430330,RYBELSUS  ,2022,4,false,1884.000,50,54177.29
MCOU,NY,00169430330,RYBELSUS  ,2022,4,false,79038.000,2575,2235779.86
MCOU,NY,00169430713,RYBELSUS  ,2022,4,false,9510.000,301,268026.71
FFSU,NY,00169430713,RYBELSUS  ,2022,4,false,390.000,11,11222.27
FFSU,NY,00169430730,RYBELSUS  ,2022,4,false,3988.000,104,114003.10
MCOU,NY,00169430730,RYBELSUS  ,2022,4,false,149729.000,4802,4238402.33
FFSU,NY,00169431413,RYBELSUS  ,2022,4,true,,,
MCOU,NY,00169431413,RYBELSUS  ,2022,4,false,6150.000,199,173207.29
FFSU,NY,00169431430,RYBELSUS  ,2022,4,false,3144.000,78,90602.80
MCOU,NY,00169431430,RYBELSUS  ,2022,4,false,88348.000,2843,2500309.76
FFSU,NY,00169430313,RYBELSUS  ,2022,3,true,,,
MCOU,NY,00169430313,RYBELSUS  ,2022,3,false,9462.000,300,266444.90
FFSU,NY,00169430330,RYBELSUS  ,2022,3,false,1329.000,41,38152.77
MCOU,NY,00169430330,RYBELSUS  ,2022,3,false,71491.000,2330,2024850.69
MCOU,NY,00169430713,RYBELSUS  ,2022,3,false,11550.000,379,325122.72
FFSU,NY,00169430713,RYBELSUS  ,2022,3,true,,,
MCOU,NY,00169430730,RYBELSUS  ,2022,3,false,137571.000,4435,3893735.49
FFSU,NY,00169430730,RYBELSUS  ,2022,3,false,3720.000,104,106678.67
MCOU,NY,00169431413,RYBELSUS  ,2022,3,false,5490.000,177,154690.04
FFSU,NY,00169431413,RYBELSUS  ,2022,3,true,,,
FFSU,NY,00169431430,RYBELSUS  ,2022,3,false,2154.000,54,61850.23
MCOU,NY,00169431430,RYBELSUS  ,2022,3,false,71274.000,2308,2017810.22
MCOU,NY,00169430313,RYBELSUS  ,2022,2,false,11009.000,360,310336.33
FFSU,NY,00169430313,RYBELSUS  ,2022,2,false,540.000,16,15562.08
MCOU,NY,00169430330,RYBELSUS  ,2022,2,false,64029.000,2089,1812358.80
FFSU,NY,00169430330,RYBELSUS  ,2022,2,false,1650.000,48,47543.07
FFSU,NY,00169430713,RYBELSUS  ,2022,2,true,,,
MCOU,NY,00169430713,RYBELSUS  ,2022,2,false,15020.000,485,423287.66
MCOU,NY,00169430730,RYBELSUS  ,2022,2,false,116767.000,3779,3301713.76
FFSU,NY,00169430730,RYBELSUS  ,2022,2,false,3300.000,92,94690.90
FFSU,NY,00169431413,RYBELSUS  ,2022,2,true,,,
MCOU,NY,00169431413,RYBELSUS  ,2022,2,false,7050.000,231,195185.69
FFSU,NY,00169431430,RYBELSUS  ,2022,2,false,1856.000,43,53261.01
MCOU,NY,00169431430,RYBELSUS  ,2022,2,false,57790.000,1866,1633575.62
MCOU,NY,00169430313,RYBELSUS  ,2022,1,false,14671.000,481,411633.73
FFSU,NY,00169430313,RYBELSUS  ,2022,1,false,600.000,20,17209.70
FFSU,NY,00169430330,RYBELSUS  ,2022,1,false,990.000,28,28376.51
MCOU,NY,00169430330,RYBELSUS  ,2022,1,false,51543.000,1681,1453022.32
MCOU,NY,00169430713,RYBELSUS  ,2022,1,false,22079.000,733,620397.08
FFSU,NY,00169430713,RYBELSUS  ,2022,1,false,630.000,21,17912.30
MCOU,NY,00169430730,RYBELSUS  ,2022,1,false,90396.000,2946,2549137.48
FFSU,NY,00169430730,RYBELSUS  ,2022,1,false,2640.000,63,75980.13
MCOU,NY,00169431413,RYBELSUS  ,2022,1,false,9450.000,315,262038.96
FFSU,NY,00169431413,RYBELSUS  ,2022,1,false,510.000,11,14502.49
MCOU,NY,00169431430,RYBELSUS  ,2022,1,false,43106.000,1388,1215745.41
FFSU,NY,00169431430,RYBELSUS  ,2022,1,false,930.000,23,26283.25
MCOU,OH,00169430313,RYBELSUS 3,2022,4,false,540.000,18,13856.83
FFSU,OH,00169430330,RYBELSUS 3,2022,4,false,510.000,11,14656.19
MCOU,OH,00169430330,RYBELSUS 3,2022,4,false,19279.000,642,530982.28
MCOU,OH,00169430713,RYBELSUS 7,2022,4,false,510.000,17,13827.48
MCOU,OH,00169430730,RYBELSUS 7,2022,4,false,22846.000,744,619550.20
FFSU,OH,00169430730,RYBELSUS 7,2022,4,false,900.000,30,23414.38
MCOU,OH,00169431413,RYBELSUS 1,2022,4,true,,,
MCOU,OH,00169431430,RYBELSUS 1,2022,4,false,13530.000,446,358724.22
FFSU,OH,00169431430,RYBELSUS 1,2022,4,false,810.000,23,23284.27
MCOU,OH,00169430313,RYBELSUS 3,2022,3,true,,,
FFSU,OH,00169430330,RYBELSUS 3,2022,3,true,,,
MCOU,OH,00169430330,RYBELSUS 3,2022,3,false,6148.000,203,175161.82
FFSU,OH,00169430713,RYBELSUS 7,2022,3,true,,,
MCOU,OH,00169430713,RYBELSUS 7,2022,3,true,,,
FFSU,OH,00169430730,RYBELSUS 7,2022,3,false,870.000,29,19098.76
MCOU,OH,00169430730,RYBELSUS 7,2022,3,false,12090.000,392,342873.08
MCOU,OH,00169431413,RYBELSUS 1,2022,3,true,,,
MCOU,OH,00169431430,RYBELSUS 1,2022,3,false,9154.000,303,256360.28
FFSU,OH,00169431430,RYBELSUS 1,2022,3,false,480.000,13,13794.64
MCOU,OH,00169430313,RYBELSUS 3,2022,2,false,330.000,11,9591.11
FFSU,OH,00169430313,RYBELSUS 3,2022,2,true,,,
FFSU,OH,00169430330,RYBELSUS 3,2022,2,true,,,
MCOU,OH,00169430330,RYBELSUS 3,2022,2,false,5020.000,165,143137.64
MCOU,OH,00169430713,RYBELSUS 7,2022,2,false,420.000,14,11198.74
MCOU,OH,00169430730,RYBELSUS 7,2022,2,false,11883.000,387,336280.72
FFSU,OH,00169430730,RYBELSUS 7,2022,2,false,870.000,25,20207.95
FFSU,OH,00169431413,RYBELSUS 1,2022,2,true,,,
MCOU,OH,00169431413,RYBELSUS 1,2022,2,false,474.000,16,13544.36
MCOU,OH,00169431430,RYBELSUS 1,2022,2,false,9442.000,304,267095.81
FFSU,OH,00169431430,RYBELSUS 1,2022,2,true,,,
FFSU,OH,00169430313,RYBELSUS 3,2022,1,true,,,
MCOU,OH,00169430313,RYBELSUS 3,2022,1,false,930.000,31,25795.40
MCOU,OH,00169430330,RYBELSUS 3,2022,1,false,4447.000,145,127544.34
FFSU,OH,00169430330,RYBELSUS 3,2022,1,false,450.000,13,11087.62
FFSU,OH,00169430713,RYBELSUS 7,2022,1,true,,,
MCOU,OH,00169430713,RYBELSUS 7,2022,1,false,1260.000,40,36007.42
MCOU,OH,00169430730,RYBELSUS 7,2022,1,false,10392.000,345,294784.28
FFSU,OH,00169430730,RYBELSUS 7,2022,1,false,480.000,16,9109.58
MCOU,OH,00169431413,RYBELSUS 1,2022,1,false,674.000,24,19234.41
MCOU,OH,00169431430,RYBELSUS 1,2022,1,false,7476.000,236,211001.00
FFSU,OH,00169431430,RYBELSUS 1,2022,1,true,,,
FFSU,OK,00169430330,RYBELSUS 3,2022,4,true,,,
FFSU,OK,00169430730,RYBELSUS 7,2022,4,false,690.000,23,19975.96
FFSU,OK,00169431430,RYBELSUS 1,2022,4,false,762.000,26,22074.37
FFSU,OK,00169430313,RYBELSUS 3,2022,3,true,,,
FFSU,OK,00169430330,RYBELSUS 3,2022,3,true,,,
FFSU,OK,00169430713,RYBELSUS 7,2022,3,true,,,
FFSU,OK,00169430730,RYBELSUS 7,2022,3,false,810.000,27,23450.04
FFSU,OK,00169431413,RYBELSUS 1,2022,3,true,,,
FFSU,OK,00169431430,RYBELSUS 1,2022,3,false,840.000,28,24326.40
FFSU,OK,00169430713,RYBELSUS 7,2022,2,true,,,
FFSU,OK,00169430730,RYBELSUS 7,2022,2,false,630.000,21,18250.19
FFSU,OK,00169431413,RYBELSUS 1,2022,2,true,,,
FFSU,OK,00169431430,RYBELSUS 1,2022,2,false,990.000,33,28715.89
FFSU,OK,00169430313,RYBELSUS 3,2022,1,true,,,
FFSU,OK,00169430330,RYBELSUS 3,2022,1,true,,,
FFSU,OK,00169430713,RYBELSUS 7,2022,1,true,,,
FFSU,OK,00169430730,RYBELSUS 7,2022,1,false,480.000,16,14455.52
FFSU,OK,00169431413,RYBELSUS 1,2022,1,true,,,
FFSU,OK,00169431430,RYBELSUS 1,2022,1,false,930.000,31,27764.81
FFSU,OR,00169430330,RYBELSUS 3,2022,4,true,,,
MCOU,OR,00169430330,RYBELSUS 3,2022,4,false,1470.000,39,42095.27
MCOU,OR,00169430713,RYBELSUS 7,2022,4,true,,,
MCOU,OR,00169430730,RYBELSUS 7,2022,4,false,2850.000,66,78597.80
MCOU,OR,00169431430,RYBELSUS 1,2022,4,false,2220.000,60,63323.04
MCOU,OR,00169430313,RYBELSUS 3,2022,3,true,,,
FFSU,OR,00169430330,RYBELSUS 3,2022,3,true,,,
MCOU,OR,00169430330,RYBELSUS 3,2022,3,false,1198.000,34,34396.24
FFSU,OR,00169430730,RYBELSUS 7,2022,3,true,,,
MCOU,OR,00169430730,RYBELSUS 7,2022,3,false,2670.000,61,75552.62
MCOU,OR,00169431430,RYBELSUS 1,2022,3,false,1410.000,37,39267.21
MCOU,OR,00169430313,RYBELSUS 3,2022,2,true,,,
MCOU,OR,00169430330,RYBELSUS 3,2022,2,false,1320.000,37,38018.32
FFSU,OR,00169430330,RYBELSUS 3,2022,2,true,,,
MCOU,OR,00169430730,RYBELSUS 7,2022,2,false,2640.000,60,74654.38
MCOU,OR,00169431413,RYBELSUS 1,2022,2,true,,,
MCOU,OR,00169431430,RYBELSUS 1,2022,2,false,1290.000,33,35776.02
FFSU,OR,00169431430,RYBELSUS 1,2022,2,true,,,
MCOU,OR,00169430313,RYBELSUS 3,2022,1,true,,,
FFSU,OR,00169430330,RYBELSUS 3,2022,1,true,,,
MCOU,OR,00169430330,RYBELSUS 3,2022,1,false,840.000,26,24233.80
MCOU,OR,00169430713,RYBELSUS 7,2022,1,true,,,
MCOU,OR,00169430730,RYBELSUS 7,2022,1,false,1470.000,32,41590.03
FFSU,OR,00169430730,RYBELSUS 7,2022,1,true,,,
MCOU,OR,00169431413,RYBELSUS 1,2022,1,true,,,
MCOU,OR,00169431430,RYBELSUS 1,2022,1,false,1170.000,29,32556.45
FFSU,OR,00169431430,RYBELSUS 1,2022,1,true,,,
MCOU,PA,00169430313,RYBELSUS 3,2022,4,true,,,
FFSU,PA,00169430330,RYBELSUS 3,2022,4,true,,,
MCOU,PA,00169430330,RYBELSUS 3,2022,4,false,4769.000,156,139365.72
MCOU,PA,00169430713,RYBELSUS 7,2022,4,true,,,
MCOU,PA,00169430730,RYBELSUS 7,2022,4,false,9824.000,289,281931.18
FFSU,PA,00169430730,RYBELSUS 7,2022,4,false,390.000,13,11148.93
MCOU,PA,00169431413,RYBELSUS 1,2022,4,true,,,
MCOU,PA,00169431430,RYBELSUS 1,2022,4,false,6939.000,188,199267.27
FFSU,PA,00169431430,RYBELSUS 1,2022,4,true,,,
FFSU,PA,00169430313,RYBELSUS 3,2022,3,true,,,
MCOU,PA,00169430313,RYBELSUS 3,2022,3,true,,,
FFSU,PA,00169430330,RYBELSUS 3,2022,3,true,,,
MCOU,PA,00169430330,RYBELSUS 3,2022,3,false,4534.000,145,130753.33
MCOU,PA,00169430713,RYBELSUS 7,2022,3,true,,,
FFSU,PA,00169430730,RYBELSUS 7,2022,3,true,,,
MCOU,PA,00169430730,RYBELSUS 7,2022,3,false,8660.000,253,245899.61
MCOU,PA,00169431413,RYBELSUS 1,2022,3,true,,,
MCOU,PA,00169431430,RYBELSUS 1,2022,3,false,5287.000,141,153535.76
FFSU,PA,00169431430,RYBELSUS 1,2022,3,true,,,
MCOU,PA,00169430313,RYBELSUS 3,2022,2,false,420.000,14,12287.34
FFSU,PA,00169430330,RYBELSUS 3,2022,2,true,,,
MCOU,PA,00169430330,RYBELSUS 3,2022,2,false,4080.000,128,116890.74
MCOU,PA,00169430713,RYBELSUS 7,2022,2,true,,,
MCOU,PA,00169430730,RYBELSUS 7,2022,2,false,8623.000,247,245447.74
FFSU,PA,00169430730,RYBELSUS 7,2022,2,true,,,
MCOU,PA,00169431413,RYBELSUS 1,2022,2,true,,,
MCOU,PA,00169431430,RYBELSUS 1,2022,2,false,5096.000,125,146743.88
FFSU,PA,00169431430,RYBELSUS 1,2022,2,false,510.000,13,14658.54
MCOU,PA,00169430313,RYBELSUS 3,2022,1,false,840.000,28,24441.82
MCOU,PA,00169430330,RYBELSUS 3,2022,1,false,3585.000,108,103378.77
FFSU,PA,00169430330,RYBELSUS 3,2022,1,true,,,
MCOU,PA,00169430713,RYBELSUS 7,2022,1,false,660.000,22,19265.59
MCOU,PA,00169430730,RYBELSUS 7,2022,1,false,5490.000,153,156640.84
FFSU,PA,00169430730,RYBELSUS 7,2022,1,true,,,
FFSU,PA,00169431413,RYBELSUS 1,2022,1,true,,,
MCOU,PA,00169431413,RYBELSUS 1,2022,1,false,510.000,17,14763.15
MCOU,PA,00169431430,RYBELSUS 1,2022,1,false,3918.000,104,111848.18
FFSU,PA,00169431430,RYBELSUS 1,2022,1,true,,,
MCOU,RI,00169430313,RYBELSUS 3,2022,4,true,,,
MCOU,RI,00169430330,RYBELSUS 3,2022,4,false,2274.000,78,64608.66
FFSU,RI,00169430330,RYBELSUS 3,2022,4,true,,,
MCOU,RI,00169430713,RYBELSUS 7,2022,4,true,,,
MCOU,RI,00169430730,RYBELSUS 7,2022,4,false,5853.000,196,167031.92
MCOU,RI,00169431413,RYBELSUS 1,2022,4,true,,,
MCOU,RI,00169431430,RYBELSUS 1,2022,4,false,3386.000,111,95792.40
MCOU,RI,00169430313,RYBELSUS 3,2022,3,true,,,
MCOU,RI,00169430330,RYBELSUS 3,2022,3,false,1918.000,62,54605.66
MCOU,RI,00169430713,RYBELSUS 7,2022,3,true,,,
FFSU,RI,00169430730,RYBELSUS 7,2022,3,true,,,
MCOU,RI,00169430730,RYBELSUS 7,2022,3,false,5280.000,172,149860.85
MCOU,RI,00169431413,RYBELSUS 1,2022,3,true,,,
MCOU,RI,00169431430,RYBELSUS 1,2022,3,false,3056.000,100,88480.58
MCOU,RI,00169430313,RYBELSUS 3,2022,2,true,,,
MCOU,RI,00169430330,RYBELSUS 3,2022,2,false,1071.000,36,30892.49
MCOU,RI,00169430713,RYBELSUS 7,2022,2,false,360.000,12,10421.13
MCOU,RI,00169430730,RYBELSUS 7,2022,2,false,4590.000,151,127433.30
MCOU,RI,00169431413,RYBELSUS 1,2022,2,true,,,
MCOU,RI,00169431430,RYBELSUS 1,2022,2,false,2036.000,66,58895.91
MCOU,RI,00169430313,RYBELSUS 3,2022,1,false,330.000,11,9446.01
MCOU,RI,00169430330,RYBELSUS 3,2022,1,false,1221.000,41,35220.93
MCOU,RI,00169430713,RYBELSUS 7,2022,1,false,450.000,15,12937.85
MCOU,RI,00169430730,RYBELSUS 7,2022,1,false,3810.000,125,102153.61
MCOU,RI,00169431413,RYBELSUS 1,2022,1,true,,,
MCOU,RI,00169431430,RYBELSUS 1,2022,1,false,1740.000,56,48604.93
MCOU,SC,00169430313,RYBELSUS  ,2022,4,true,,,
MCOU,SC,00169430330,RYBELSUS  ,2022,4,false,1710.000,57,48355.34
FFSU,SC,00169430330,RYBELSUS  ,2022,4,true,,,
MCOU,SC,00169430713,RYBELSUS  ,2022,4,true,,,
FFSU,SC,00169430713,RYBELSUS  ,2022,4,true,,,
FFSU,SC,00169430730,RYBELSUS  ,2022,4,true,,,
MCOU,SC,00169430730,RYBELSUS  ,2022,4,false,4410.000,139,125640.37
MCOU,SC,00169431413,RYBELSUS  ,2022,4,true,,,
FFSU,SC,00169431430,RYBELSUS  ,2022,4,true,,,
MCOU,SC,00169431430,RYBELSUS  ,2022,4,false,2430.000,86,76152.05
FFSU,SC,00169430313,RYBELSUS  ,2022,3,true,,,
MCOU,SC,00169430313,RYBELSUS  ,2022,3,true,,,
MCOU,SC,00169430330,RYBELSUS  ,2022,3,false,1108.000,37,30372.19
FFSU,SC,00169430330,RYBELSUS  ,2022,3,true,,,
MCOU,SC,00169430713,RYBELSUS  ,2022,3,true,,,
FFSU,SC,00169430713,RYBELSUS  ,2022,3,true,,,
FFSU,SC,00169430730,RYBELSUS  ,2022,3,true,,,
MCOU,SC,00169430730,RYBELSUS  ,2022,3,false,3840.000,126,104900.58
MCOU,SC,00169431413,RYBELSUS  ,2022,3,true,,,
MCOU,SC,00169431430,RYBELSUS  ,2022,3,false,2640.000,86,77308.59
FFSU,SC,00169431430,RYBELSUS  ,2022,3,true,,,
MCOU,SC,00169430313,RYBELSUS  ,2022,2,true,,,
FFSU,SC,00169430313,RYBELSUS  ,2022,2,true,,,
FFSU,SC,00169430330,RYBELSUS  ,2022,2,true,,,
MCOU,SC,00169430330,RYBELSUS  ,2022,2,false,1050.000,34,28143.37
MCOU,SC,00169430713,RYBELSUS  ,2022,2,true,,,
FFSU,SC,00169430730,RYBELSUS  ,2022,2,true,,,
MCOU,SC,00169430730,RYBELSUS  ,2022,2,false,3600.000,117,100921.50
MCOU,SC,00169431413,RYBELSUS  ,2022,2,true,,,
FFSU,SC,00169431430,RYBELSUS  ,2022,2,true,,,
MCOU,SC,00169431430,RYBELSUS  ,2022,2,false,2010.000,69,59656.74
MCOU,SC,00169430313,RYBELSUS  ,2022,1,true,,,
MCOU,SC,00169430330,RYBELSUS  ,2022,1,false,900.000,30,25297.41
FFSU,SC,00169430330,RYBELSUS  ,2022,1,true,,,
MCOU,SC,00169430713,RYBELSUS  ,2022,1,false,540.000,18,13387.70
FFSU,SC,00169430730,RYBELSUS  ,2022,1,true,,,
MCOU,SC,00169430730,RYBELSUS  ,2022,1,false,3570.000,111,98587.24
MCOU,SC,00169431413,RYBELSUS  ,2022,1,true,,,
FFSU,SC,00169431430,RYBELSUS  ,2022,1,true,,,
MCOU,SC,00169431430,RYBELSUS  ,2022,1,false,1440.000,44,40388.46
FFSU,SD,00169430330,RYBELSUS 3,2022,4,false,540.000,18,15622.92
FFSU,SD,00169430713,RYBELSUS 7,2022,4,true,,,
FFSU,SD,00169430730,RYBELSUS 7,2022,4,false,690.000,23,19941.34
FFSU,SD,00169431430,RYBELSUS 1,2022,4,false,780.000,26,22566.44
FFSU,SD,00169430313,RYBELSUS 3,2022,3,true,,,
FFSU,SD,00169430330,RYBELSUS 3,2022,3,true,,,
FFSU,SD,00169430713,RYBELSUS 7,2022,3,true,,,
FFSU,SD,00169430730,RYBELSUS 7,2022,3,false,780.000,26,22559.16
FFSU,SD,00169431413,RYBELSUS 1,2022,3,true,,,
FFSU,SD,00169431430,RYBELSUS 1,2022,3,false,630.000,21,18226.74
FFSU,SD,00169430313,RYBELSUS 3,2022,2,true,,,
FFSU,SD,00169430330,RYBELSUS 3,2022,2,false,690.000,23,19953.03
FFSU,SD,00169430713,RYBELSUS 7,2022,2,true,,,
FFSU,SD,00169430730,RYBELSUS 7,2022,2,false,720.000,24,20831.89
FFSU,SD,00169431413,RYBELSUS 1,2022,2,true,,,
FFSU,SD,00169431430,RYBELSUS 1,2022,2,false,600.000,20,17362.52
FFSU,SD,00169430313,RYBELSUS 3,2022,1,true,,,
FFSU,SD,00169430330,RYBELSUS 3,2022,1,false,600.000,20,17975.70
FFSU,SD,00169430713,RYBELSUS 7,2022,1,true,,,
FFSU,SD,00169430730,RYBELSUS 7,2022,1,false,780.000,26,23279.80
FFSU,SD,00169431430,RYBELSUS 1,2022,1,false,570.000,19,16960.11
FFSU,TN,00169430313,RYBELSUS 3,2022,4,true,,,
FFSU,TN,00169430330,RYBELSUS 3,2022,4,false,5136.000,172,148304.17
FFSU,TN,00169430713,RYBELSUS 7,2022,4,false,450.000,15,13021.91
FFSU,TN,00169430730,RYBELSUS 7,2022,4,false,12457.000,416,359830.82
FFSU,TN,00169431413,RYBELSUS 1,2022,4,true,,,
FFSU,TN,00169431430,RYBELSUS 1,2022,4,false,7740.000,258,223600.73
FFSU,TN,00169430313,RYBELSUS 3,2022,3,true,,,
FFSU,TN,00169430330,RYBELSUS 3,2022,3,false,4955.000,166,143027.64
FFSU,TN,00169430713,RYBELSUS 7,2022,3,false,630.000,21,18225.62
FFSU,TN,00169430730,RYBELSUS 7,2022,3,false,11760.000,392,339682.78
FFSU,TN,00169431413,RYBELSUS 1,2022,3,true,,,
FFSU,TN,00169431430,RYBELSUS 1,2022,3,false,7950.000,265,229596.07
FFSU,TN,00169430313,RYBELSUS 3,2022,2,false,540.000,18,15587.79
FFSU,TN,00169430330,RYBELSUS 3,2022,2,false,4050.000,135,116971.98
FFSU,TN,00169430713,RYBELSUS 7,2022,2,false,633.000,22,18331.96
FFSU,TN,00169430730,RYBELSUS 7,2022,2,false,8067.000,269,233219.95
FFSU,TN,00169431413,RYBELSUS 1,2022,2,false,390.000,13,11286.24
FFSU,TN,00169431430,RYBELSUS 1,2022,2,false,5850.000,195,169180.60
FFSU,TN,00169430313,RYBELSUS 3,2022,1,false,960.000,32,27276.67
FFSU,TN,00169430330,RYBELSUS 3,2022,1,false,1830.000,61,53168.90
FFSU,TN,00169430713,RYBELSUS 7,2022,1,false,1090.000,37,31103.82
FFSU,TN,00169430730,RYBELSUS 7,2022,1,false,5580.000,186,160965.27
FFSU,TN,00169431413,RYBELSUS 1,2022,1,false,690.000,23,19640.73
FFSU,TN,00169431430,RYBELSUS 1,2022,1,false,3330.000,111,96721.85
MCOU,TX,00169430313,RYBELSUS 3,2022,4,false,474.000,16,13737.37
MCOU,TX,00169430330,RYBELSUS 3,2022,4,false,6541.000,196,186551.40
FFSU,TX,00169430330,RYBELSUS 3,2022,4,true,,,
FFSU,TX,00169430713,RYBELSUS 7,2022,4,true,,,
MCOU,TX,00169430713,RYBELSUS 7,2022,4,true,,,
MCOU,TX,00169430730,RYBELSUS 7,2022,4,false,15720.000,429,449602.12
FFSU,TX,00169430730,RYBELSUS 7,2022,4,true,,,
MCOU,TX,00169431413,RYBELSUS 1,2022,4,true,,,
MCOU,TX,00169431430,RYBELSUS 1,2022,4,false,9990.000,244,284955.74
MCOU,TX,00169430313,RYBELSUS 3,2022,3,false,822.000,25,23351.28
MCOU,TX,00169430330,RYBELSUS 3,2022,3,false,5744.000,170,164403.52
FFSU,TX,00169430330,RYBELSUS 3,2022,3,true,,,
MCOU,TX,00169430713,RYBELSUS 7,2022,3,false,750.000,21,21336.72
FFSU,TX,00169430713,RYBELSUS 7,2022,3,true,,,
FFSU,TX,00169430730,RYBELSUS 7,2022,3,true,,,
MCOU,TX,00169430730,RYBELSUS 7,2022,3,false,16671.000,448,476033.74
MCOU,TX,00169431413,RYBELSUS 1,2022,3,false,390.000,11,11239.89
FFSU,TX,00169431430,RYBELSUS 1,2022,3,true,,,
MCOU,TX,00169431430,RYBELSUS 1,2022,3,false,9480.000,240,270034.92
FFSU,TX,00169430313,RYBELSUS 3,2022,2,true,,,
MCOU,TX,00169430313,RYBELSUS 3,2022,2,false,660.000,20,18866.71
MCOU,TX,00169430330,RYBELSUS 3,2022,2,false,5957.000,182,170457.46
FFSU,TX,00169430330,RYBELSUS 3,2022,2,true,,,
MCOU,TX,00169430713,RYBELSUS 7,2022,2,false,751.000,23,21325.38
FFSU,TX,00169430730,RYBELSUS 7,2022,2,true,,,
MCOU,TX,00169430730,RYBELSUS 7,2022,2,false,14766.000,436,419790.16
MCOU,TX,00169431413,RYBELSUS 1,2022,2,false,600.000,18,17236.23
MCOU,TX,00169431430,RYBELSUS 1,2022,2,false,8133.000,224,231859.93
FFSU,TX,00169431430,RYBELSUS 1,2022,2,true,,,
MCOU,TX,00169430313,RYBELSUS 3,2022,1,false,2086.000,66,59470.59
FFSU,TX,00169430330,RYBELSUS 3,2022,1,true,,,
MCOU,TX,00169430330,RYBELSUS 3,2022,1,false,3150.000,101,90333.32
MCOU,TX,00169430713,RYBELSUS 7,2022,1,false,3990.000,126,113414.99
MCOU,TX,00169430730,RYBELSUS 7,2022,1,false,6930.000,221,197416.18
FFSU,TX,00169430730,RYBELSUS 7,2022,1,true,,,
MCOU,TX,00169431413,RYBELSUS 1,2022,1,false,1930.000,63,54831.10
MCOU,TX,00169431430,RYBELSUS 1,2022,1,false,2850.000,89,81729.13
MCOU,UT,00169430330,RYBELSUS 3,2022,4,false,1620.000,54,52469.27
MCOU,UT,00169430713,RYBELSUS 7,2022,4,true,,,
FFSU,UT,00169430713,RYBELSUS 7,2022,4,true,,,
MCOU,UT,00169430730,RYBELSUS 7,2022,4,false,1920.000,62,59390.51
MCOU,UT,00169431413,RYBELSUS 1,2022,4,true,,,
MCOU,UT,00169431430,RYBELSUS 1,2022,4,false,1260.000,42,39334.19
FFSU,UT,00169431430,RYBELSUS 1,2022,4,true,,,
MCOU,UT,00169430313,RYBELSUS 3,2022,3,true,,,
MCOU,UT,00169430330,RYBELSUS 3,2022,3,false,1324.000,45,54433.73
MCOU,UT,00169430713,RYBELSUS 7,2022,3,true,,,
MCOU,UT,00169430730,RYBELSUS 7,2022,3,false,2040.000,64,58413.27
FFSU,UT,00169430730,RYBELSUS 7,2022,3,true,,,
MCOU,UT,00169431430,RYBELSUS 1,2022,3,false,930.000,31,34717.11
MCOU,UT,00169430313,RYBELSUS 3,2022,2,true,,,
MCOU,UT,00169430330,RYBELSUS 3,2022,2,false,840.000,28,61657.74
MCOU,UT,00169430730,RYBELSUS 7,2022,2,false,1140.000,36,51513.79
FFSU,UT,00169430730,RYBELSUS 7,2022,2,true,,,
MCOU,UT,00169431413,RYBELSUS 1,2022,2,true,,,
MCOU,UT,00169431430,RYBELSUS 1,2022,2,false,870.000,29,31114.66
FFSU,UT,00169431430,RYBELSUS 1,2022,2,true,,,
MCOU,UT,00169430313,RYBELSUS 3,2022,1,true,,,
MCOU,UT,00169430330,RYBELSUS 3,2022,1,false,660.000,22,33211.09
MCOU,UT,00169430713,RYBELSUS 7,2022,1,true,,,
MCOU,UT,00169430730,RYBELSUS 7,2022,1,false,750.000,25,39464.03
MCOU,UT,00169431413,RYBELSUS 1,2022,1,true,,,
MCOU,UT,00169431430,RYBELSUS 1,2022,1,false,750.000,25,26719.90
MCOU,VA,00169430313,RYBELSUS  ,2022,4,true,,,
MCOU,VA,00169430330,RYBELSUS  ,2022,4,false,5550.000,177,160806.68
FFSU,VA,00169430330,RYBELSUS  ,2022,4,true,,,
MCOU,VA,00169430713,RYBELSUS  ,2022,4,true,,,
FFSU,VA,00169430730,RYBELSUS  ,2022,4,true,,,
MCOU,VA,00169430730,RYBELSUS  ,2022,4,false,11220.000,366,324605.72
MCOU,VA,00169431413,RYBELSUS  ,2022,4,true,,,
MCOU,VA,00169431430,RYBELSUS  ,2022,4,false,7470.000,247,214461.98
FFSU,VA,00169431430,RYBELSUS  ,2022,4,true,,,
MCOU,VA,00169430313,RYBELSUS  ,2022,3,true,,,
FFSU,VA,00169430330,RYBELSUS  ,2022,3,true,,,
MCOU,VA,00169430330,RYBELSUS  ,2022,3,false,5730.000,187,165220.42
MCOU,VA,00169430713,RYBELSUS  ,2022,3,false,420.000,14,12046.76
FFSU,VA,00169430730,RYBELSUS  ,2022,3,true,,,
MCOU,VA,00169430730,RYBELSUS  ,2022,3,false,10263.000,336,297003.68
MCOU,VA,00169431430,RYBELSUS  ,2022,3,false,6808.000,227,194338.07
FFSU,VA,00169431430,RYBELSUS  ,2022,3,true,,,
MCOU,VA,00169430313,RYBELSUS  ,2022,2,false,460.000,16,13098.84
MCOU,VA,00169430330,RYBELSUS  ,2022,2,false,5220.000,171,150958.40
MCOU,VA,00169430713,RYBELSUS  ,2022,2,false,600.000,20,17097.24
MCOU,VA,00169430730,RYBELSUS  ,2022,2,false,8671.000,285,250056.50
MCOU,VA,00169431413,RYBELSUS  ,2022,2,true,,,
FFSU,VA,00169431430,RYBELSUS  ,2022,2,true,,,
MCOU,VA,00169431430,RYBELSUS  ,2022,2,false,5428.000,181,155795.21
MCOU,VA,00169430313,RYBELSUS  ,2022,1,false,870.000,27,25791.83
MCOU,VA,00169430330,RYBELSUS  ,2022,1,false,3780.000,121,109816.41
MCOU,VA,00169430713,RYBELSUS  ,2022,1,false,960.000,32,27414.48
MCOU,VA,00169430730,RYBELSUS  ,2022,1,false,6986.000,225,200348.50
FFSU,VA,00169431413,RYBELSUS  ,2022,1,true,,,
MCOU,VA,00169431413,RYBELSUS  ,2022,1,false,510.000,17,14625.69
FFSU,VA,00169431430,RYBELSUS  ,2022,1,true,,,
MCOU,VA,00169431430,RYBELSUS  ,2022,1,false,3780.000,120,108231.63
FFSU,VT,00169430330,RYBELSUS 3,2022,4,true,,,
FFSU,VT,00169430730,RYBELSUS 7,2022,4,false,870.000,17,24151.10
FFSU,VT,00169431430,RYBELSUS 1,2022,4,false,1140.000,18,32727.16
FFSU,VT,00169430330,RYBELSUS 3,2022,3,false,704.000,22,20298.96
FFSU,VT,00169430730,RYBELSUS 7,2022,3,false,870.000,19,25010.61
FFSU,VT,00169431430,RYBELSUS 1,2022,3,false,1020.000,20,29313.86
FFSU,VT,00169430313,RYBELSUS 3,2022,2,true,,,
FFSU,VT,00169430330,RYBELSUS 3,2022,2,false,330.000,11,9516.61
FFSU,VT,00169430730,RYBELSUS 7,2022,2,false,750.000,13,21552.73
FFSU,VT,00169431430,RYBELSUS 1,2022,2,true,,,
FFSU,VT,00169430330,RYBELSUS 3,2022,1,true,,,
FFSU,VT,00169430713,RYBELSUS 7,2022,1,true,,,
FFSU,VT,00169430730,RYBELSUS 7,2022,1,false,570.000,13,15308.88
FFSU,VT,00169431430,RYBELSUS 1,2022,1,true,,,
MCOU,WA,00169430330,RYBELSUS 3,2022,4,false,2377.000,68,62553.14
FFSU,WA,00169430330,RYBELSUS 3,2022,4,true,,,
MCOU,WA,00169430713,RYBELSUS 7,2022,4,true,,,
FFSU,WA,00169430730,RYBELSUS 7,2022,4,true,,,
MCOU,WA,00169430730,RYBELSUS 7,2022,4,false,4770.000,131,133479.29
MCOU,WA,00169431413,RYBELSUS 1,2022,4,true,,,
MCOU,WA,00169431430,RYBELSUS 1,2022,4,false,4498.000,128,123599.93
FFSU,WA,00169431430,RYBELSUS 1,2022,4,true,,,
MCOU,WA,00169430313,RYBELSUS 3,2022,3,true,,,
MCOU,WA,00169430330,RYBELSUS 3,2022,3,false,2970.000,94,77811.50
MCOU,WA,00169430713,RYBELSUS 7,2022,3,true,,,
MCOU,WA,00169430730,RYBELSUS 7,2022,3,false,5165.000,141,140187.14
FFSU,WA,00169430730,RYBELSUS 7,2022,3,true,,,
MCOU,WA,00169431413,RYBELSUS 1,2022,3,true,,,
MCOU,WA,00169431430,RYBELSUS 1,2022,3,false,3600.000,106,99791.41
FFSU,WA,00169431430,RYBELSUS 1,2022,3,true,,,
MCOU,WA,00169430313,RYBELSUS 3,2022,2,true,,,
FFSU,WA,00169430330,RYBELSUS 3,2022,2,true,,,
MCOU,WA,00169430330,RYBELSUS 3,2022,2,false,2200.000,70,58988.24
MCOU,WA,00169430713,RYBELSUS 7,2022,2,true,,,
FFSU,WA,00169430730,RYBELSUS 7,2022,2,true,,,
MCOU,WA,00169430730,RYBELSUS 7,2022,2,false,4380.000,112,118931.98
MCOU,WA,00169431413,RYBELSUS 1,2022,2,true,,,
MCOU,WA,00169431430,RYBELSUS 1,2022,2,false,2818.000,80,77222.60
FFSU,WA,00169431430,RYBELSUS 1,2022,2,true,,,
MCOU,WA,00169430313,RYBELSUS 3,2022,1,true,,,
FFSU,WA,00169430313,RYBELSUS 3,2022,1,true,,,
MCOU,WA,00169430330,RYBELSUS 3,2022,1,false,1645.000,50,41775.57
FFSU,WA,00169430713,RYBELSUS 7,2022,1,true,,,
MCOU,WA,00169430713,RYBELSUS 7,2022,1,true,,,
FFSU,WA,00169430730,RYBELSUS 7,2022,1,true,,,
MCOU,WA,00169430730,RYBELSUS 7,2022,1,false,3600.000,102,99062.84
MCOU,WA,00169431413,RYBELSUS 1,2022,1,true,,,
FFSU,WA,00169431430,RYBELSUS 1,2022,1,true,,,
MCOU,WA,00169431430,RYBELSUS 1,2022,1,false,2010.000,59,55920.37
FFSU,WI,00169430313,RYBELSUS 3,2022,4,true,,,
FFSU,WI,00169430330,RYBELSUS 3,2022,4,true,,,
FFSU,WI,00169430730,RYBELSUS 7,2022,4,true,,,
FFSU,WI,00169431430,RYBELSUS 1,2022,4,true,,,
FFSU,WI,00169430313,RYBELSUS 3,2022,3,true,,,
FFSU,WI,00169430330,RYBELSUS 3,2022,3,true,,,
FFSU,WI,00169430713,RYBELSUS 7,2022,3,true,,,
FFSU,WI,00169430730,RYBELSUS 7,2022,3,true,,,
FFSU,WI,00169431430,RYBELSUS 1,2022,3,false,570.000,13,16476.58
FFSU,WI,00169430313,RYBELSUS 3,2022,2,true,,,
FFSU,WI,00169430330,RYBELSUS 3,2022,2,true,,,
FFSU,WI,00169430730,RYBELSUS 7,2022,2,false,780.000,16,22498.22
FFSU,WI,00169431430,RYBELSUS 1,2022,2,false,450.000,11,13031.91
FFSU,WI,00169430313,RYBELSUS 3,2022,1,true,,,
FFSU,WI,00169430330,RYBELSUS 3,2022,1,true,,,
FFSU,WI,00169430730,RYBELSUS 7,2022,1,false,690.000,13,20679.91
FFSU,WI,00169431430,RYBELSUS 1,2022,1,true,,,
FFSU,WV,00169430313,RYBELSUS 3,2022,4,true,,,
FFSU,WV,00169430330,RYBELSUS 3,2022,4,true,,,
FFSU,WV,00169430713,RYBELSUS 7,2022,4,true,,,
FFSU,WV,00169430730,RYBELSUS 7,2022,4,true,,,
FFSU,WV,00169431430,RYBELSUS 1,2022,4,true,,,
FFSU,WV,00169430313,RYBELSUS 3,2022,3,true,,,
FFSU,WV,00169430330,RYBELSUS 3,2022,3,true,,,
FFSU,WV,00169430730,RYBELSUS 7,2022,3,true,,,
FFSU,WV,00169431430,RYBELSUS 1,2022,3,true,,,
FFSU,WV,00169430330,RYBELSUS 3,2022,2,true,,,
FFSU,WV,00169430730,RYBELSUS 7,2022,2,false,690.000,11,19242.26
FFSU,WV,00169431413,RYBELSUS 1,2022,2,true,,,
FFSU,WV,00169431430,RYBELSUS 1,2022,2,true,,,
FFSU,WV,00169430330,RYBELSUS 3,2022,1,true,,,
FFSU,WV,00169430713,RYBELSUS 7,2022,1,true,,,
FFSU,WV,00169430730,RYBELSUS 7,2022,1,true,,,
FFSU,WV,00169431413,RYBELSUS 1,2022,1,true,,,
FFSU,WV,00169431430,RYBELSUS 1,2022,1,true,,,
FFSU,WY,00169430330,RYBELSUS 3,2022,4,true,,,
FFSU,WY,00169430730,RYBELSUS 7,2022,4,true,,,
FFSU,WY,00169431430,RYBELSUS 1,2022,4,true,,,
FFSU,WY,00169430713,RYBELSUS 7,2022,3,true,,,
FFSU,WY,00169430730,RYBELSUS 7,2022,3,false,330.000,11,9505.21
FFSU,WY,00169431430,RYBELSUS 1,2022,3,true,,,
FFSU,WY,00169430330,RYBELSUS 3,2022,2,true,,,
FFSU,WY,00169430730,RYBELSUS 7,2022,2,true,,,
FFSU,WY,00169430730,RYBELSUS 7,2022,1,true,,,
FFSU,AK,00002145780,MOUNJARO  ,2022,4,true,,,
FFSU,AK,00002146080,MOUNJARO  ,2022,4,true,,,
FFSU,AK,00002147180,MOUNJARO  ,2022,4,false,26.000,12,12214.55
FFSU,AK,00002148480,MOUNJARO  ,2022,4,true,,,
FFSU,AK,00002149580,MOUNJARO  ,2022,4,false,76.000,37,35377.69
FFSU,AK,00002150680,MOUNJARO  ,2022,4,false,34.000,17,15728.86
FFSU,AK,00002147180,MOUNJARO  ,2022,3,true,,,
FFSU,AK,00002148480,MOUNJARO  ,2022,3,true,,,
FFSU,AK,00002149580,MOUNJARO  ,2022,3,true,,,
FFSU,AK,00002150680,MOUNJARO  ,2022,3,true,,,
FFSU,AK,00002150680,MOUNJARO  ,2022,2,true,,,
FFSU,AL,00002146080,MOUNJARO 1,2022,4,true,,,
FFSU,AL,00002147180,MOUNJARO 1,2022,4,false,34.000,17,17915.51
FFSU,AL,00002148480,MOUNJARO 7,2022,4,false,34.000,17,16994.37
FFSU,AL,00002149580,MOUNJARO 5,2022,4,false,272.500,139,132024.06
FFSU,AL,00002150680,MOUNJARO 2,2022,4,false,439.000,220,208112.54
FFSU,AL,00002147180,MOUNJARO 1,2022,3,true,,,
FFSU,AL,00002148480,MOUNJARO 7,2022,3,true,,,
FFSU,AL,00002149580,MOUNJARO 5,2022,3,false,46.000,23,23639.12
FFSU,AL,00002150680,MOUNJARO 2,2022,3,false,76.000,38,36192.09
FFSU,AR,00002147180,MOUNJARO  ,2022,4,true,,,
MCOU,AR,00002147180,MOUNJARO  ,2022,4,true,,,
MCOU,AR,00002148480,MOUNJARO  ,2022,4,true,,,
FFSU,AR,00002148480,MOUNJARO  ,2022,4,true,,,
MCOU,AR,00002149580,MOUNJARO  ,2022,4,false,24.000,12,11532.64
MCOU,AR,00002150680,MOUNJARO  ,2022,4,false,32.000,16,15373.24
FFSU,AR,00002150680,MOUNJARO  ,2022,4,true,,,
MCOU,AR,00002149580,MOUNJARO  ,2022,3,true,,,
MCOU,AR,00002150680,MOUNJARO  ,2022,3,true,,,
MCOU,AZ,00002145780,MOUNJARO  ,2022,4,true,,,
MCOU,AZ,00002146080,MOUNJARO  ,2022,4,true,,,
MCOU,AZ,00002147180,MOUNJARO  ,2022,4,false,30.000,13,14276.42
MCOU,AZ,00002148480,MOUNJARO  ,2022,4,false,41.000,19,19266.64
MCOU,AZ,00002149580,MOUNJARO  ,2022,4,false,110.000,46,51727.56
MCOU,AZ,00002150680,MOUNJARO  ,2022,4,false,140.000,67,66075.42
MCOU,AZ,00002145780,MOUNJARO  ,2022,3,true,,,
MCOU,AZ,00002147180,MOUNJARO  ,2022,3,true,,,
MCOU,AZ,00002148480,MOUNJARO  ,2022,3,true,,,
MCOU,AZ,00002149580,MOUNJARO  ,2022,3,false,38.000,16,17987.45
MCOU,AZ,00002150680,MOUNJARO  ,2022,3,false,46.000,23,21579.82
MCOU,AZ,00002150680,MOUNJARO  ,2022,2,true,,,
FFSU,CA,00002145780,MOUNJARO 1,2022,4,false,326.500,141,156449.38
FFSU,CA,00002146080,MOUNJARO 1,2022,4,false,320.500,150,156259.32
FFSU,CA,00002147180,MOUNJARO 1,2022,4,false,1160.500,516,548573.15
FFSU,CA,00002148480,MOUNJARO 7,2022,4,false,1286.500,576,609207.16
FFSU,CA,00002149580,MOUNJARO 5,2022,4,false,3633.000,1561,1713812.02
MCOU,CA,00002149580,MOUNJARO 5,2022,4,true,,,
MCOU,CA,00002150680,MOUNJARO 2,2022,4,true,,,
FFSU,CA,00002150680,MOUNJARO 2,2022,4,false,2665.000,1207,1259572.76
FFSU,CA,00002145780,MOUNJARO 1,2022,3,false,50.000,23,24642.95
FFSU,CA,00002146080,MOUNJARO 1,2022,3,true,,,
FFSU,CA,00002147180,MOUNJARO 1,2022,3,false,162.500,68,79951.66
FFSU,CA,00002148480,MOUNJARO 7,2022,3,false,298.000,118,147572.47
FFSU,CA,00002149580,MOUNJARO 5,2022,3,false,1466.000,587,704928.00
FFSU,CA,00002150680,MOUNJARO 2,2022,3,false,2005.500,894,969567.79
FFSU,CO,00002145780,MOUNJARO  ,2022,4,true,,,
MCOU,CO,00002145780,MOUNJARO  ,2022,4,true,,,
FFSU,CO,00002146080,MOUNJARO  ,2022,4,true,,,
MCOU,CO,00002146080,MOUNJARO  ,2022,4,true,,,
FFSU,CO,00002147180,MOUNJARO  ,2022,4,false,42.000,17,19809.48
MCOU,CO,00002147180,MOUNJARO  ,2022,4,true,,,
FFSU,CO,00002148480,MOUNJARO  ,2022,4,false,60.000,27,28325.46
FFSU,CO,00002149580,MOUNJARO  ,2022,4,false,234.000,96,110160.34
MCOU,CO,00002149580,MOUNJARO  ,2022,4,true,,,
FFSU,CO,00002150680,MOUNJARO  ,2022,4,false,180.000,88,84314.62
MCOU,CO,00002150680,MOUNJARO  ,2022,4,true,,,
FFSU,CO,00002145780,MOUNJARO  ,2022,3,true,,,
FFSU,CO,00002146080,MOUNJARO  ,2022,3,true,,,
MCOU,CO,00002147180,MOUNJARO  ,2022,3,true,,,
FFSU,CO,00002147180,MOUNJARO  ,2022,3,true,,,
MCOU,CO,00002148480,MOUNJARO  ,2022,3,true,,,
FFSU,CO,00002148480,MOUNJARO  ,2022,3,true,,,
FFSU,CO,00002149580,MOUNJARO  ,2022,3,false,40.000,20,19877.32
FFSU,CO,00002150680,MOUNJARO  ,2022,3,false,39.000,18,18508.43
MCOU,CO,00002150680,MOUNJARO  ,2022,3,true,,,
FFSU,CO,00002150680,MOUNJARO  ,2022,2,true,,,
FFSU,CT,00002145780,MOUNJARO 1,2022,4,false,46.000,14,21739.26
FFSU,CT,00002146080,MOUNJARO 1,2022,4,false,110.000,45,52936.77
FFSU,CT,00002147180,MOUNJARO 1,2022,4,false,280.000,123,132163.55
FFSU,CT,00002148480,MOUNJARO 7,2022,4,false,296.000,133,140007.35
FFSU,CT,00002149580,MOUNJARO 5,2022,4,false,1013.500,438,477877.50
FFSU,CT,00002150680,MOUNJARO 2,2022,4,false,707.500,347,334294.24
FFSU,CT,00002146080,MOUNJARO 1,2022,3,true,,,
FFSU,CT,00002147180,MOUNJARO 1,2022,3,false,29.000,14,14278.30
FFSU,CT,00002148480,MOUNJARO 7,2022,3,false,92.000,44,45281.44
FFSU,CT,00002149580,MOUNJARO 5,2022,3,false,305.000,122,146730.91
FFSU,CT,00002150680,MOUNJARO 2,2022,3,false,210.000,98,101219.78
FFSU,CT,00002149580,MOUNJARO 5,2022,2,true,,,
FFSU,CT,00002150680,MOUNJARO 2,2022,2,true,,,
MCOU,DC,00002145780,MOUNJARO 1,2022,4,true,,,
MCOU,DC,00002148480,MOUNJARO 7,2022,4,true,,,
MCOU,DC,00002149580,MOUNJARO 5,2022,4,false,22.000,11,9878.81
FFSU,DC,00002149580,MOUNJARO 5,2022,4,true,,,
FFSU,DC,00002150680,MOUNJARO 2,2022,4,true,,,
MCOU,DC,00002150680,MOUNJARO 2,2022,4,false,26.000,13,11465.74
MCOU,DC,00002145780,MOUNJARO 1,2022,3,true,,,
MCOU,DC,00002149580,MOUNJARO 5,2022,3,true,,,
MCOU,DC,00002150680,MOUNJARO 2,2022,3,true,,,
FFSU,DC,00002150680,MOUNJARO 2,2022,3,true,,,
MCOU,DE,00002145780,MOUNJARO 1,2022,4,true,,,
MCOU,DE,00002146080,MOUNJARO 1,2022,4,true,,,
MCOU,DE,00002147180,MOUNJARO 1,2022,4,true,,,
MCOU,DE,00002148480,MOUNJARO 7,2022,4,true,,,
MCOU,DE,00002149580,MOUNJARO 5,2022,4,false,44.000,20,6378.41
MCOU,DE,00002150680,MOUNJARO 2,2022,4,false,20.500,11,1160.62
MCOU,DE,00002148480,MOUNJARO 7,2022,3,true,,,
MCOU,DE,00002149580,MOUNJARO 5,2022,3,true,,,
MCOU,DE,00002150680,MOUNJARO 2,2022,3,true,,,
MCOU,FL,00002145780,MOUNJARO  ,2022,4,true,,,
MCOU,FL,00002146080,MOUNJARO  ,2022,4,true,,,
MCOU,FL,00002147180,MOUNJARO  ,2022,4,false,30.000,15,13887.73
MCOU,FL,00002148480,MOUNJARO  ,2022,4,false,70.000,35,32469.02
MCOU,FL,00002149580,MOUNJARO  ,2022,4,false,342.000,171,157490.96
FFSU,FL,00002149580,MOUNJARO  ,2022,4,true,,,
MCOU,FL,00002150601,MOUNJARO  ,2022,4,true,,,
MCOU,FL,00002150680,MOUNJARO  ,2022,4,false,321.500,162,145813.19
FFSU,FL,00002150680,MOUNJARO  ,2022,4,true,,,
MCOU,FL,00002145780,MOUNJARO  ,2022,3,true,,,
MCOU,FL,00002146080,MOUNJARO  ,2022,3,true,,,
MCOU,FL,00002147180,MOUNJARO  ,2022,3,true,,,
MCOU,FL,00002148480,MOUNJARO  ,2022,3,true,,,
MCOU,FL,00002149580,MOUNJARO  ,2022,3,false,64.000,32,28992.97
FFSU,FL,00002149580,MOUNJARO  ,2022,3,true,,,
MCOU,FL,00002150601,MOUNJARO  ,2022,3,true,,,
MCOU,FL,00002150680,MOUNJARO  ,2022,3,false,67.000,34,31225.92
FFSU,FL,00002150680,MOUNJARO  ,2022,3,true,,,
MCOU,GA,00002145780,MOUNJARO  ,2022,4,true,,,
MCOU,GA,00002146080,MOUNJARO  ,2022,4,true,,,
MCOU,GA,00002147180,MOUNJARO  ,2022,4,false,36.000,18,19330.59
MCOU,GA,00002148480,MOUNJARO  ,2022,4,false,72.000,36,36154.28
MCOU,GA,00002149501,MOUNJARO  ,2022,4,true,,,
FFSU,GA,00002149580,MOUNJARO  ,2022,4,true,,,
MCOU,GA,00002149580,MOUNJARO  ,2022,4,false,216.000,109,111739.44
FFSU,GA,00002150680,MOUNJARO  ,2022,4,true,,,
MCOU,GA,00002150680,MOUNJARO  ,2022,4,false,180.000,90,85633.08
MCOU,GA,00002148480,MOUNJARO  ,2022,3,true,,,
MCOU,GA,00002149580,MOUNJARO  ,2022,3,false,34.000,17,16684.62
MCOU,GA,00002150680,MOUNJARO  ,2022,3,false,42.000,21,19597.85
MCOU,GA,00002150680,MOUNJARO  ,2022,2,true,,,
MCOU,HI,00002145780,MOUNJARO 1,2022,4,true,,,
MCOU,HI,00002147180,MOUNJARO 1,2022,4,true,,,
MCOU,HI,00002148480,MOUNJARO 7,2022,4,true,,,
MCOU,HI,00002149580,MOUNJARO 5,2022,4,false,46.000,20,22129.85
MCOU,HI,00002150680,MOUNJARO 2,2022,4,true,,,
MCOU,HI,00002145780,MOUNJARO 1,2022,3,true,,,
MCOU,HI,00002147180,MOUNJARO 1,2022,3,true,,,
MCOU,HI,00002148480,MOUNJARO 7,2022,3,true,,,
MCOU,HI,00002149580,MOUNJARO 5,2022,3,false,44.000,21,6020.67
MCOU,HI,00002150680,MOUNJARO 2,2022,3,false,54.000,27,2880.68
MCOU,IA,00002145780,MOUNJARO 1,2022,4,true,,,
MCOU,IA,00002146080,MOUNJARO 1,2022,4,true,,,
MCOU,IA,00002147180,MOUNJARO 1,2022,4,false,105.000,49,51193.85
MCOU,IA,00002148480,MOUNJARO 7,2022,4,false,90.000,45,43357.80
MCOU,IA,00002149580,MOUNJARO 5,2022,4,false,414.500,199,198070.50
MCOU,IA,00002150680,MOUNJARO 2,2022,4,false,540.000,252,258358.98
MCOU,IA,00002146080,MOUNJARO 1,2022,3,true,,,
MCOU,IA,00002147180,MOUNJARO 1,2022,3,true,,,
MCOU,IA,00002148480,MOUNJARO 7,2022,3,false,27.000,14,13153.46
MCOU,IA,00002149580,MOUNJARO 5,2022,3,false,70.000,31,34122.31
MCOU,IA,00002150601,MOUNJARO 2,2022,3,true,,,
MCOU,IA,00002150680,MOUNJARO 2,2022,3,false,146.000,69,70858.13
MCOU,IA,00002149580,MOUNJARO 5,2022,2,true,,,
MCOU,IA,00002150680,MOUNJARO 2,2022,2,true,,,
FFSU,ID,00002146080,MOUNJARO  ,2022,4,true,,,
FFSU,ID,00002147180,MOUNJARO  ,2022,4,true,,,
FFSU,ID,00002148480,MOUNJARO  ,2022,4,true,,,
FFSU,ID,00002149580,MOUNJARO  ,2022,4,false,78.000,39,38441.18
FFSU,ID,00002150680,MOUNJARO  ,2022,4,false,36.000,18,17761.20
FFSU,ID,00002148480,MOUNJARO  ,2022,3,true,,,
FFSU,ID,00002149580,MOUNJARO  ,2022,3,false,40.000,20,19700.74
FFSU,ID,00002150680,MOUNJARO  ,2022,3,false,32.000,16,15685.44
FFSU,ID,00002149580,MOUNJARO  ,2022,2,true,,,
FFSU,IL,00002145780,MOUNJARO 1,2022,4,true,,,
MCOU,IL,00002146080,MOUNJARO 1,2022,4,true,,,
FFSU,IL,00002146080,MOUNJARO 1,2022,4,true,,,
MCOU,IL,00002147180,MOUNJARO 1,2022,4,false,46.000,21,31444.03
FFSU,IL,00002147180,MOUNJARO 1,2022,4,true,,,
MCOU,IL,00002148480,MOUNJARO 7,2022,4,false,76.000,38,37755.81
FFSU,IL,00002148480,MOUNJARO 7,2022,4,true,,,
FFSU,IL,00002149580,MOUNJARO 5,2022,4,false,36.000,16,21961.83
MCOU,IL,00002149580,MOUNJARO 5,2022,4,false,162.000,77,107597.32
MCOU,IL,00002150680,MOUNJARO 2,2022,4,false,200.500,95,129625.04
FFSU,IL,00002150680,MOUNJARO 2,2022,4,true,,,
MCOU,IL,00002147180,MOUNJARO 1,2022,3,true,,,
MCOU,IL,00002148480,MOUNJARO 7,2022,3,true,,,
FFSU,IL,00002148480,MOUNJARO 7,2022,3,true,,,
FFSU,IL,00002149580,MOUNJARO 5,2022,3,true,,,
MCOU,IL,00002149580,MOUNJARO 5,2022,3,false,50.000,20,30968.80
MCOU,IL,00002150680,MOUNJARO 2,2022,3,false,78.000,39,40485.84
MCOU,IL,00002150680,MOUNJARO 2,2022,2,true,,,
MCOU,IN,00002145780,MOUNJARO 1,2022,4,false,196.000,72,91446.56
MCOU,IN,00002146080,MOUNJARO 1,2022,4,false,154.000,75,72088.58
MCOU,IN,00002147180,MOUNJARO 1,2022,4,false,595.000,290,282211.30
FFSU,IN,00002147180,MOUNJARO 1,2022,4,true,,,
FFSU,IN,00002148480,MOUNJARO 7,2022,4,false,26.000,11,12263.95
MCOU,IN,00002148480,MOUNJARO 7,2022,4,false,642.500,306,301905.07
MCOU,IN,00002149580,MOUNJARO 5,2022,4,false,2173.500,1022,1017538.99
FFSU,IN,00002149580,MOUNJARO 5,2022,4,false,180.000,84,84918.30
MCOU,IN,00002150680,MOUNJARO 2,2022,4,false,1411.500,712,656621.81
FFSU,IN,00002150680,MOUNJARO 2,2022,4,false,203.500,103,94596.74
MCOU,IN,00002145780,MOUNJARO 1,2022,3,true,,,
MCOU,IN,00002146080,MOUNJARO 1,2022,3,true,,,
MCOU,IN,00002147180,MOUNJARO 1,2022,3,false,120.000,54,55894.44
FFSU,IN,00002147180,MOUNJARO 1,2022,3,true,,,
MCOU,IN,00002148480,MOUNJARO 7,2022,3,false,191.000,93,91362.35
MCOU,IN,00002149501,MOUNJARO 5,2022,3,true,,,
MCOU,IN,00002149580,MOUNJARO 5,2022,3,false,686.500,319,319300.66
FFSU,IN,00002149580,MOUNJARO 5,2022,3,false,39.000,19,18719.58
MCOU,IN,00002150680,MOUNJARO 2,2022,3,false,548.000,281,253964.61
FFSU,IN,00002150680,MOUNJARO 2,2022,3,false,44.000,22,21151.02
FFSU,IN,00002147180,MOUNJARO 1,2022,2,true,,,
MCOU,IN,00002147180,MOUNJARO 1,2022,2,true,,,
MCOU,IN,00002149580,MOUNJARO 5,2022,2,true,,,
MCOU,IN,00002150680,MOUNJARO 2,2022,2,false,23.000,12,10740.47
MCOU,KS,00002146080,MOUNJARO 1,2022,4,true,,,
MCOU,KS,00002147180,MOUNJARO 1,2022,4,false,24.000,12,11448.08
MCOU,KS,00002148480,MOUNJARO 7,2022,4,false,34.000,18,16162.53
MCOU,KS,00002149580,MOUNJARO 5,2022,4,false,92.000,47,43560.20
MCOU,KS,00002150680,MOUNJARO 2,2022,4,false,80.000,42,37776.19
MCOU,KS,00002147180,MOUNJARO 1,2022,3,true,,,
MCOU,KS,00002148480,MOUNJARO 7,2022,3,true,,,
MCOU,KS,00002149580,MOUNJARO 5,2022,3,true,,,
MCOU,KS,00002150680,MOUNJARO 2,2022,3,false,22.000,11,10516.33
MCOU,KY,00002145701,MOUNJARO  ,2022,4,true,,,
FFSU,KY,00002145780,MOUNJARO  ,2022,4,true,,,
MCOU,KY,00002145780,MOUNJARO  ,2022,4,false,77.000,39,37937.06
MCOU,KY,00002146080,MOUNJARO  ,2022,4,false,143.000,70,69721.28
FFSU,KY,00002146080,MOUNJARO  ,2022,4,true,,,
MCOU,KY,00002147101,MOUNJARO  ,2022,4,true,,,
MCOU,KY,00002147180,MOUNJARO  ,2022,4,false,551.000,272,270418.18
FFSU,KY,00002147180,MOUNJARO  ,2022,4,true,,,
MCOU,KY,00002148401,MOUNJARO  ,2022,4,true,,,
FFSU,KY,00002148480,MOUNJARO  ,2022,4,true,,,
MCOU,KY,00002148480,MOUNJARO  ,2022,4,false,671.500,322,336233.22
MCOU,KY,00002149501,MOUNJARO  ,2022,4,false,40.000,20,20925.99
MCOU,KY,00002149580,MOUNJARO  ,2022,4,false,2873.000,1359,1411683.02
FFSU,KY,00002149580,MOUNJARO  ,2022,4,true,,,
MCOU,KY,00002150601,MOUNJARO  ,2022,4,true,,,
MCOU,KY,00002150680,MOUNJARO  ,2022,4,false,2438.500,1220,1185560.60
FFSU,KY,00002150680,MOUNJARO  ,2022,4,true,,,
MCOU,KY,00002145780,MOUNJARO  ,2022,3,true,,,
MCOU,KY,00002146001,MOUNJARO  ,2022,3,true,,,
MCOU,KY,00002146080,MOUNJARO  ,2022,3,false,22.000,12,10717.64
MCOU,KY,00002147101,MOUNJARO  ,2022,3,true,,,
MCOU,KY,00002147180,MOUNJARO  ,2022,3,false,65.000,32,31402.25
MCOU,KY,00002148401,MOUNJARO  ,2022,3,true,,,
MCOU,KY,00002148480,MOUNJARO  ,2022,3,false,86.000,43,43477.61
FFSU,KY,00002148480,MOUNJARO  ,2022,3,true,,,
MCOU,KY,00002149501,MOUNJARO  ,2022,3,true,,,
MCOU,KY,00002149580,MOUNJARO  ,2022,3,false,579.500,273,294189.79
FFSU,KY,00002149580,MOUNJARO  ,2022,3,true,,,
MCOU,KY,00002150601,MOUNJARO  ,2022,3,true,,,
MCOU,KY,00002150680,MOUNJARO  ,2022,3,false,785.500,384,391262.59
FFSU,KY,00002150680,MOUNJARO  ,2022,3,true,,,
MCOU,KY,00002147180,MOUNJARO  ,2022,2,true,,,
MCOU,KY,00002149580,MOUNJARO  ,2022,2,true,,,
MCOU,KY,00002150680,MOUNJARO  ,2022,2,false,30.000,15,14614.95
MCOU,LA,00002145701,MOUNJARO  ,2022,4,true,,,
MCOU,LA,00002145780,MOUNJARO  ,2022,4,false,66.000,33,31828.78
MCOU,LA,00002146080,MOUNJARO  ,2022,4,false,80.000,40,37515.01
FFSU,LA,00002146080,MOUNJARO  ,2022,4,true,,,
FFSU,LA,00002147180,MOUNJARO  ,2022,4,true,,,
MCOU,LA,00002147180,MOUNJARO  ,2022,4,false,424.000,212,202689.67
MCOU,LA,00002148401,MOUNJARO  ,2022,4,true,,,
FFSU,LA,00002148480,MOUNJARO  ,2022,4,true,,,
MCOU,LA,00002148480,MOUNJARO  ,2022,4,false,482.000,243,228540.75
MCOU,LA,00002149501,MOUNJARO  ,2022,4,true,,,
FFSU,LA,00002149580,MOUNJARO  ,2022,4,true,,,
MCOU,LA,00002149580,MOUNJARO  ,2022,4,false,2069.500,1028,988321.75
MCOU,LA,00002150601,MOUNJARO  ,2022,4,true,,,
FFSU,LA,00002150680,MOUNJARO  ,2022,4,true,,,
MCOU,LA,00002150680,MOUNJARO  ,2022,4,false,1403.500,700,668287.73
MCOU,LA,00002145780,MOUNJARO  ,2022,3,true,,,
MCOU,LA,00002147180,MOUNJARO  ,2022,3,false,24.000,12,10777.46
MCOU,LA,00002148480,MOUNJARO  ,2022,3,false,53.000,27,25477.18
FFSU,LA,00002148480,MOUNJARO  ,2022,3,true,,,
MCOU,LA,00002149580,MOUNJARO  ,2022,3,false,454.000,226,213281.64
FFSU,LA,00002149580,MOUNJARO  ,2022,3,true,,,
MCOU,LA,00002150601,MOUNJARO  ,2022,3,true,,,
MCOU,LA,00002150680,MOUNJARO  ,2022,3,false,408.500,206,197163.60
FFSU,LA,00002150680,MOUNJARO  ,2022,3,true,,,
MCOU,LA,00002149580,MOUNJARO  ,2022,2,true,,,
MCOU,LA,00002150680,MOUNJARO  ,2022,2,true,,,
FFSU,MA,00002145780,MOUNJARO 1,2022,4,true,,,
MCOU,MA,00002146080,MOUNJARO 1,2022,4,true,,,
FFSU,MA,00002146080,MOUNJARO 1,2022,4,true,,,
MCOU,MA,00002147180,MOUNJARO 1,2022,4,true,,,
FFSU,MA,00002147180,MOUNJARO 1,2022,4,false,54.000,27,25313.23
FFSU,MA,00002148480,MOUNJARO 7,2022,4,false,36.000,18,16792.88
MCOU,MA,00002148480,MOUNJARO 7,2022,4,true,,,
FFSU,MA,00002149580,MOUNJARO 5,2022,4,false,204.000,96,94584.94
MCOU,MA,00002149580,MOUNJARO 5,2022,4,false,66.000,31,29765.47
MCOU,MA,00002150680,MOUNJARO 2,2022,4,false,31.000,16,15090.81
FFSU,MA,00002150680,MOUNJARO 2,2022,4,false,170.000,79,79550.71
MCOU,MA,00002148480,MOUNJARO 7,2022,3,true,,,
MCOU,MA,00002149580,MOUNJARO 5,2022,3,true,,,
FFSU,MA,00002149580,MOUNJARO 5,2022,3,true,,,
FFSU,MA,00002150680,MOUNJARO 2,2022,3,true,,,
MCOU,MA,00002150680,MOUNJARO 2,2022,3,true,,,
MCOU,MD,00002145780,MOUNJARO 1,2022,4,true,,,
MCOU,MD,00002146080,MOUNJARO 1,2022,4,false,24.000,12,11284.15
MCOU,MD,00002147101,MOUNJARO 1,2022,4,true,,,
MCOU,MD,00002147180,MOUNJARO 1,2022,4,false,64.000,32,29973.61
FFSU,MD,00002147180,MOUNJARO 1,2022,4,true,,,
FFSU,MD,00002148480,MOUNJARO 7,2022,4,true,,,
MCOU,MD,00002148480,MOUNJARO 7,2022,4,false,84.000,42,39464.22
MCOU,MD,00002149580,MOUNJARO 5,2022,4,false,256.000,128,120007.89
FFSU,MD,00002149580,MOUNJARO 5,2022,4,true,,,
MCOU,MD,00002150601,MOUNJARO 2,2022,4,true,,,
MCOU,MD,00002150680,MOUNJARO 2,2022,4,false,181.500,91,85158.96
MCOU,MD,00002145780,MOUNJARO 1,2022,3,true,,,
MCOU,MD,00002147180,MOUNJARO 1,2022,3,true,,,
MCOU,MD,00002148480,MOUNJARO 7,2022,3,false,27.000,14,12695.52
MCOU,MD,00002149501,MOUNJARO 5,2022,3,true,,,
MCOU,MD,00002149580,MOUNJARO 5,2022,3,false,68.000,33,31875.07
MCOU,MD,00002150680,MOUNJARO 2,2022,3,false,46.500,24,21976.96
MCOU,MD,00002150680,MOUNJARO 2,2022,2,true,,,
FFSU,ME,00002146080,MOUNJARO  ,2022,4,true,,,
FFSU,ME,00002147180,MOUNJARO  ,2022,4,true,,,
FFSU,ME,00002148480,MOUNJARO  ,2022,4,true,,,
FFSU,ME,00002149580,MOUNJARO  ,2022,4,true,,,
FFSU,ME,00002150680,MOUNJARO  ,2022,4,false,36.000,18,17039.16
FFSU,ME,00002148480,MOUNJARO  ,2022,3,true,,,
FFSU,ME,00002149580,MOUNJARO  ,2022,3,true,,,
MCOU,MI,00002145780,MOUNJARO  ,2022,4,true,,,
FFSU,MI,00002145780,MOUNJARO  ,2022,4,true,,,
FFSU,MI,00002146080,MOUNJARO  ,2022,4,true,,,
MCOU,MI,00002146080,MOUNJARO  ,2022,4,true,,,
MCOU,MI,00002147180,MOUNJARO  ,2022,4,true,,,
FFSU,MI,00002147180,MOUNJARO  ,2022,4,true,,,
MCOU,MI,00002148480,MOUNJARO  ,2022,4,true,,,
FFSU,MI,00002149580,MOUNJARO  ,2022,4,true,,,
MCOU,MI,00002149580,MOUNJARO  ,2022,4,false,34.000,17,16171.75
MCOU,MI,00002150680,MOUNJARO  ,2022,4,false,29.000,15,11170.45
FFSU,MI,00002150680,MOUNJARO  ,2022,4,true,,,
MCOU,MI,00002147180,MOUNJARO  ,2022,3,true,,,
MCOU,MI,00002149580,MOUNJARO  ,2022,3,true,,,
MCOU,MI,00002150680,MOUNJARO  ,2022,3,true,,,
FFSU,MI,00002150680,MOUNJARO  ,2022,3,true,,,
MCOU,MI,00002150680,MOUNJARO  ,2022,2,true,,,
MCOU,MN,00002145780,MOUNJARO  ,2022,4,true,,,
MCOU,MN,00002146080,MOUNJARO  ,2022,4,true,,,
MCOU,MN,00002147180,MOUNJARO  ,2022,4,false,61.000,31,29617.05
FFSU,MN,00002148480,MOUNJARO  ,2022,4,true,,,
MCOU,MN,00002148480,MOUNJARO  ,2022,4,false,62.000,31,29747.49
FFSU,MN,00002149580,MOUNJARO  ,2022,4,true,,,
MCOU,MN,00002149580,MOUNJARO  ,2022,4,false,216.000,108,103714.31
FFSU,MN,00002150680,MOUNJARO  ,2022,4,true,,,
MCOU,MN,00002150680,MOUNJARO  ,2022,4,false,202.000,101,98037.13
MCOU,MN,00002145780,MOUNJARO  ,2022,3,true,,,
MCOU,MN,00002146080,MOUNJARO  ,2022,3,true,,,
MCOU,MN,00002147180,MOUNJARO  ,2022,3,true,,,
MCOU,MN,00002148480,MOUNJARO  ,2022,3,true,,,
MCOU,MN,00002149580,MOUNJARO  ,2022,3,false,58.000,29,27873.41
FFSU,MN,00002150680,MOUNJARO  ,2022,3,true,,,
MCOU,MN,00002150680,MOUNJARO  ,2022,3,false,103.000,52,49426.98
MCOU,MN,00002149580,MOUNJARO  ,2022,2,true,,,
MCOU,MN,00002150680,MOUNJARO  ,2022,2,true,,,
FFSU,MO,00002145780,MOUNJARO  ,2022,4,true,,,
FFSU,MO,00002146080,MOUNJARO  ,2022,4,true,,,
FFSU,MO,00002147180,MOUNJARO  ,2022,4,true,,,
FFSU,MO,00002148480,MOUNJARO  ,2022,4,true,,,
FFSU,MO,00002149580,MOUNJARO  ,2022,4,false,50.000,25,17324.84
FFSU,MO,00002150680,MOUNJARO  ,2022,4,false,68.000,35,20513.54
FFSU,MO,00002147180,MOUNJARO  ,2022,3,true,,,
FFSU,MO,00002149580,MOUNJARO  ,2022,3,true,,,
FFSU,MO,00002150680,MOUNJARO  ,2022,3,true,,,
MCOU,MS,00002145780,MOUNJARO  ,2022,4,true,,,
MCOU,MS,00002147180,MOUNJARO  ,2022,4,true,,,
MCOU,MS,00002148480,MOUNJARO  ,2022,4,true,,,
FFSU,MS,00002148480,MOUNJARO 7,2022,4,true,,,
FFSU,MS,00002149580,MOUNJARO 5,2022,4,true,,,
MCOU,MS,00002149580,MOUNJARO  ,2022,4,false,36.000,18,17445.52
MCOU,MS,00002150680,MOUNJARO  ,2022,4,true,,,
FFSU,MS,00002150680,MOUNJARO 2,2022,4,true,,,
FFSU,MS,00002149580,MOUNJARO 5,2022,3,true,,,
MCOU,MS,00002149580,MOUNJARO 5,2022,3,true,,,
MCOU,MS,00002150680,MOUNJARO  ,2022,3,true,,,
FFSU,MS,00002150680,MOUNJARO 2,2022,3,true,,,
MCOU,MS,00002150680,MOUNJARO 2,2022,2,true,,,
FFSU,MT,00002146080,MOUNJARO 1,2022,4,true,,,
FFSU,MT,00002147180,MOUNJARO 1,2022,4,true,,,
FFSU,MT,00002148480,MOUNJARO 7,2022,4,true,,,
FFSU,MT,00002149580,MOUNJARO 5,2022,4,false,34.000,17,16430.98
FFSU,MT,00002150680,MOUNJARO 2,2022,4,false,22.000,11,10652.29
FFSU,MT,00002147180,MOUNJARO 1,2022,3,true,,,
FFSU,MT,00002148480,MOUNJARO 7,2022,3,true,,,
FFSU,MT,00002149580,MOUNJARO 5,2022,3,true,,,
FFSU,MT,00002150680,MOUNJARO 2,2022,3,true,,,
MCOU,XX,00002145701,MOUNJARO 1,2022,4,true,,,
FFSU,XX,00002145780,MOUNJARO 1,2022,4,false,468.500,192,220525.50
MCOU,XX,00002145780,MOUNJARO 1,2022,4,false,645.000,283,296133.18
FFSU,XX,00002146080,MOUNJARO 1,2022,4,false,541.000,250,261796.98
MCOU,XX,00002146080,MOUNJARO 1,2022,4,false,821.000,406,383257.04
MCOU,XX,00002147101,MOUNJARO 1,2022,4,true,,,
FFSU,XX,00002147180,MOUNJARO 1,2022,4,false,1931.500,874,911255.56
MCOU,XX,00002147180,MOUNJARO 1,2022,4,false,3425.000,1682,1622961.00
MCOU,XX,00002148401,MOUNJARO 7,2022,4,true,,,
FFSU,XX,00002148480,MOUNJARO 7,2022,4,false,2089.500,955,989508.20
MCOU,XX,00002148480,MOUNJARO 7,2022,4,false,4110.500,2010,1936195.31
MCOU,XX,00002149501,MOUNJARO 5,2022,4,false,56.000,28,27628.27
FFSU,XX,00002149580,MOUNJARO 5,2022,4,false,7244.500,3227,3409404.82
MCOU,XX,00002149580,MOUNJARO 5,2022,4,false,16653.000,8069,7864936.82
MCOU,XX,00002150601,MOUNJARO 2,2022,4,false,38.500,20,18196.42
FFSU,XX,00002150680,MOUNJARO 2,2022,4,false,5892.000,2796,2762180.49
MCOU,XX,00002150680,MOUNJARO 2,2022,4,false,14871.500,7375,7059861.39
FFSU,XX,00002145780,MOUNJARO 1,2022,3,false,54.000,25,26584.38
MCOU,XX,00002145780,MOUNJARO 1,2022,3,false,62.000,27,29558.47
MCOU,XX,00002146001,MOUNJARO 1,2022,3,true,,,
FFSU,XX,00002146080,MOUNJARO 1,2022,3,true,,,
MCOU,XX,00002146080,MOUNJARO 1,2022,3,false,34.000,18,16451.72
MCOU,XX,00002147101,MOUNJARO 1,2022,3,true,,,
FFSU,XX,00002147180,MOUNJARO 1,2022,3,false,231.500,101,112623.22
MCOU,XX,00002147180,MOUNJARO 1,2022,3,false,319.500,154,149059.39
MCOU,XX,00002148401,MOUNJARO 7,2022,3,true,,,
FFSU,XX,00002148480,MOUNJARO 7,2022,3,false,464.000,195,228432.51
MCOU,XX,00002148480,MOUNJARO 7,2022,3,false,634.000,317,301595.58
FFSU,XX,00002149501,MOUNJARO 5,2022,3,true,,,
MCOU,XX,00002149501,MOUNJARO 5,2022,3,true,,,
FFSU,XX,00002149580,MOUNJARO 5,2022,3,false,2267.000,947,1090283.45
MCOU,XX,00002149580,MOUNJARO 5,2022,3,false,3009.500,1437,1416515.03
MCOU,XX,00002150601,MOUNJARO 2,2022,3,false,28.000,14,13523.02
FFSU,XX,00002150680,MOUNJARO 2,2022,3,false,2796.500,1274,1344006.47
MCOU,XX,00002150680,MOUNJARO 2,2022,3,false,3166.000,1581,1488491.30
FFSU,XX,00002147180,MOUNJARO 1,2022,2,true,,,
MCOU,XX,00002147180,MOUNJARO 1,2022,2,true,,,
MCOU,XX,00002148480,MOUNJARO 7,2022,2,true,,,
FFSU,XX,00002149580,MOUNJARO 5,2022,2,true,,,
MCOU,XX,00002149580,MOUNJARO 5,2022,2,false,60.000,25,28778.95
FFSU,XX,00002150680,MOUNJARO 2,2022,2,true,,,
MCOU,XX,00002150680,MOUNJARO 2,2022,2,false,113.000,55,54106.38
MCOU,NC,00002145780,MOUNJARO  ,2022,4,true,,,
MCOU,NC,00002146080,MOUNJARO  ,2022,4,true,,,
FFSU,NC,00002146080,MOUNJARO  ,2022,4,true,,,
MCOU,NC,00002147180,MOUNJARO  ,2022,4,false,54.000,24,27292.47
FFSU,NC,00002147180,MOUNJARO  ,2022,4,true,,,
FFSU,NC,00002148480,MOUNJARO  ,2022,4,true,,,
MCOU,NC,00002148480,MOUNJARO  ,2022,4,false,92.000,39,43249.35
MCOU,NC,00002149580,MOUNJARO  ,2022,4,false,394.000,183,180284.06
FFSU,NC,00002149580,MOUNJARO  ,2022,4,false,54.000,23,25232.88
MCOU,NC,00002150680,MOUNJARO  ,2022,4,false,320.000,162,146205.00
FFSU,NC,00002150680,MOUNJARO  ,2022,4,false,48.000,24,22440.06
FFSU,NC,00002148480,MOUNJARO  ,2022,3,true,,,
MCOU,NC,00002148480,MOUNJARO  ,2022,3,true,,,
FFSU,NC,00002149580,MOUNJARO  ,2022,3,true,,,
MCOU,NC,00002149580,MOUNJARO  ,2022,3,false,41.000,17,19360.74
FFSU,NC,00002150680,MOUNJARO  ,2022,3,true,,,
MCOU,NC,00002150680,MOUNJARO  ,2022,3,false,37.000,19,17406.59
MCOU,NC,00002149580,MOUNJARO  ,2022,2,true,,,
FFSU,ND,00002150680,MOUNJARO 2,2022,3,true,,,
MCOU,NE,00002145780,MOUNJARO 1,2022,4,true,,,
MCOU,NE,00002146080,MOUNJARO 1,2022,4,true,,,
MCOU,NE,00002147180,MOUNJARO 1,2022,4,true,,,
MCOU,NE,00002148480,MOUNJARO 7,2022,4,true,,,
MCOU,NE,00002149580,MOUNJARO 5,2022,4,false,100.000,50,44609.73
MCOU,NE,00002150601,MOUNJARO 2,2022,4,true,,,
MCOU,NE,00002150680,MOUNJARO 2,2022,4,false,54.000,27,25906.08
MCOU,NE,00002146080,MOUNJARO 1,2022,3,true,,,
MCOU,NE,00002148480,MOUNJARO 7,2022,3,true,,,
MCOU,NE,00002149580,MOUNJARO 5,2022,3,true,,,
MCOU,NE,00002150680,MOUNJARO 2,2022,3,true,,,
MCOU,NE,00002150680,MOUNJARO 2,2022,2,true,,,
MCOU,NH,00002146080,MOUNJARO  ,2022,4,true,,,
MCOU,NH,00002147180,MOUNJARO  ,2022,4,true,,,
MCOU,NH,00002148480,MOUNJARO  ,2022,4,true,,,
MCOU,NH,00002149580,MOUNJARO  ,2022,4,true,,,
MCOU,NH,00002150680,MOUNJARO  ,2022,4,false,26.000,13,8510.65
MCOU,NH,00002149580,MOUNJARO  ,2022,3,true,,,
MCOU,NH,00002150680,MOUNJARO  ,2022,3,true,,,
MCOU,NJ,00002145780,MOUNJARO 1,2022,4,true,,,
MCOU,NJ,00002146080,MOUNJARO 1,2022,4,true,,,
MCOU,NJ,00002147180,MOUNJARO 1,2022,4,false,62.000,29,27109.20
MCOU,NJ,00002148480,MOUNJARO 7,2022,4,false,76.000,36,35810.89
MCOU,NJ,00002149580,MOUNJARO 5,2022,4,false,234.500,115,109173.82
MCOU,NJ,00002150601,MOUNJARO 2,2022,4,true,,,
MCOU,NJ,00002150680,MOUNJARO 2,2022,4,false,252.000,118,117315.45
MCOU,NJ,00002147180,MOUNJARO 1,2022,3,true,,,
MCOU,NJ,00002148480,MOUNJARO 7,2022,3,true,,,
MCOU,NJ,00002149580,MOUNJARO 5,2022,3,false,32.000,16,15297.98
FFSU,NJ,00002149580,MOUNJARO 5,2022,3,true,,,
MCOU,NJ,00002150680,MOUNJARO 2,2022,3,false,46.000,23,22399.68
MCOU,NJ,00002149580,MOUNJARO 5,2022,2,true,,,
FFSU,NM,00002145780,MOUNJARO 1,2022,4,true,,,
MCOU,NM,00002146080,MOUNJARO 1,2022,4,true,,,
MCOU,NM,00002147101,MOUNJARO 1,2022,4,true,,,
MCOU,NM,00002147180,MOUNJARO 1,2022,4,true,,,
FFSU,NM,00002148480,MOUNJARO 7,2022,4,true,,,
MCOU,NM,00002148480,MOUNJARO 7,2022,4,true,,,
FFSU,NM,00002149580,MOUNJARO 5,2022,4,true,,,
MCOU,NM,00002149580,MOUNJARO 5,2022,4,false,56.000,27,24570.29
FFSU,NM,00002150680,MOUNJARO 2,2022,4,false,26.000,13,12285.39
MCOU,NM,00002150680,MOUNJARO 2,2022,4,false,42.000,21,18551.40
MCOU,NM,00002149501,MOUNJARO 5,2022,3,true,,,
MCOU,NM,00002149580,MOUNJARO 5,2022,3,true,,,
FFSU,NM,00002149580,MOUNJARO 5,2022,3,true,,,
FFSU,NM,00002150680,MOUNJARO 2,2022,3,true,,,
MCOU,NM,00002150680,MOUNJARO 2,2022,3,true,,,
FFSU,NV,00002145780,MOUNJARO  ,2022,4,true,,,
FFSU,NV,00002147180,MOUNJARO  ,2022,4,true,,,
MCOU,NV,00002147180,MOUNJARO  ,2022,4,false,38.000,19,16972.68
FFSU,NV,00002148480,MOUNJARO  ,2022,4,true,,,
MCOU,NV,00002148480,MOUNJARO  ,2022,4,false,52.000,26,24409.90
MCOU,NV,00002149580,MOUNJARO  ,2022,4,false,226.500,114,103375.15
FFSU,NV,00002149580,MOUNJARO  ,2022,4,false,102.000,27,47899.38
MCOU,NV,00002150601,MOUNJARO  ,2022,4,true,,,
FFSU,NV,00002150680,MOUNJARO  ,2022,4,false,82.000,26,38588.35
MCOU,NV,00002150680,MOUNJARO  ,2022,4,false,110.000,55,49300.30
MCOU,NV,00002147180,MOUNJARO  ,2022,3,true,,,
FFSU,NV,00002148480,MOUNJARO  ,2022,3,true,,,
MCOU,NV,00002148480,MOUNJARO  ,2022,3,true,,,
MCOU,NV,00002149580,MOUNJARO  ,2022,3,false,45.000,23,18428.04
FFSU,NV,00002149580,MOUNJARO  ,2022,3,true,,,
MCOU,NV,00002150601,MOUNJARO  ,2022,3,true,,,
MCOU,NV,00002150680,MOUNJARO  ,2022,3,true,,,
FFSU,NV,00002150680,MOUNJARO  ,2022,3,true,,,
MCOU,NY,00002145701,MOUNJARO  ,2022,4,true,,,
MCOU,NY,00002145780,MOUNJARO  ,2022,4,false,48.000,23,19516.42
MCOU,NY,00002146080,MOUNJARO  ,2022,4,false,71.000,36,33342.59
FFSU,NY,00002146080,MOUNJARO  ,2022,4,true,,,
FFSU,NY,00002147180,MOUNJARO  ,2022,4,true,,,
MCOU,NY,00002147180,MOUNJARO  ,2022,4,false,163.000,82,75282.06
MCOU,NY,00002148401,MOUNJARO  ,2022,4,true,,,
FFSU,NY,00002148480,MOUNJARO  ,2022,4,true,,,
MCOU,NY,00002148480,MOUNJARO  ,2022,4,false,164.500,78,75204.51
MCOU,NY,00002149501,MOUNJARO  ,2022,4,true,,,
MCOU,NY,00002149580,MOUNJARO  ,2022,4,false,625.500,306,290504.21
FFSU,NY,00002149580,MOUNJARO  ,2022,4,false,58.000,29,26435.79
FFSU,NY,00002150680,MOUNJARO  ,2022,4,false,74.000,37,34646.38
MCOU,NY,00002150680,MOUNJARO  ,2022,4,false,448.000,221,208919.10
MCOU,NY,00002145780,MOUNJARO  ,2022,3,true,,,
MCOU,NY,00002147180,MOUNJARO  ,2022,3,true,,,
FFSU,NY,00002147180,MOUNJARO  ,2022,3,true,,,
FFSU,NY,00002148480,MOUNJARO  ,2022,3,true,,,
MCOU,NY,00002148480,MOUNJARO  ,2022,3,false,42.000,21,19849.07
MCOU,NY,00002149580,MOUNJARO  ,2022,3,false,200.000,97,92587.69
FFSU,NY,00002149580,MOUNJARO  ,2022,3,true,,,
MCOU,NY,00002150601,MOUNJARO  ,2022,3,true,,,
MCOU,NY,00002150680,MOUNJARO  ,2022,3,false,160.000,80,74111.96
FFSU,NY,00002150680,MOUNJARO  ,2022,3,true,,,
MCOU,NY,00002149580,MOUNJARO  ,2022,2,true,,,
MCOU,NY,00002150680,MOUNJARO  ,2022,2,true,,,
MCOU,OH,00002145780,MOUNJARO 1,2022,4,false,34.000,15,15107.08
MCOU,OH,00002146080,MOUNJARO 1,2022,4,false,130.000,64,61001.28
MCOU,OH,00002147180,MOUNJARO 1,2022,4,false,686.000,337,314263.71
FFSU,OH,00002147180,MOUNJARO 1,2022,4,true,,,
FFSU,OH,00002148480,MOUNJARO 7,2022,4,true,,,
MCOU,OH,00002148480,MOUNJARO 7,2022,4,false,871.000,434,395809.13
MCOU,OH,00002149501,MOUNJARO 5,2022,4,true,,,
FFSU,OH,00002149580,MOUNJARO 5,2022,4,true,,,
MCOU,OH,00002149580,MOUNJARO 5,2022,4,false,4306.500,2113,1983107.57
MCOU,OH,00002150601,MOUNJARO 2,2022,4,true,,,
MCOU,OH,00002150680,MOUNJARO 2,2022,4,false,5176.000,2555,2443334.08
FFSU,OH,00002150680,MOUNJARO 2,2022,4,true,,,
MCOU,OH,00002147180,MOUNJARO 1,2022,3,true,,,
MCOU,OH,00002148480,MOUNJARO 7,2022,3,true,,,
MCOU,OH,00002149580,MOUNJARO 5,2022,3,false,94.000,47,42236.66
FFSU,OH,00002149580,MOUNJARO 5,2022,3,true,,,
FFSU,OH,00002150680,MOUNJARO 2,2022,3,true,,,
MCOU,OH,00002150680,MOUNJARO 2,2022,3,false,109.000,56,50459.59
MCOU,OH,00002148480,MOUNJARO 7,2022,2,true,,,
MCOU,OH,00002149580,MOUNJARO 5,2022,2,true,,,
MCOU,OH,00002150680,MOUNJARO 2,2022,2,true,,,
FFSU,OK,00002145780,MOUNJARO 1,2022,4,true,,,
FFSU,OK,00002146080,MOUNJARO 1,2022,4,true,,,
FFSU,OK,00002147180,MOUNJARO 1,2022,4,false,69.000,35,30664.91
FFSU,OK,00002148480,MOUNJARO 7,2022,4,false,86.000,43,38699.02
FFSU,OK,00002149580,MOUNJARO 5,2022,4,false,494.500,248,229651.68
FFSU,OK,00002150680,MOUNJARO 2,2022,4,false,449.000,226,209809.37
FFSU,OK,00002148480,MOUNJARO 7,2022,3,true,,,
FFSU,OK,00002149580,MOUNJARO 5,2022,3,false,69.000,35,32957.64
FFSU,OK,00002150680,MOUNJARO 2,2022,3,false,64.000,32,30712.08
MCOU,OR,00002147180,MOUNJARO 1,2022,4,true,,,
MCOU,OR,00002148480,MOUNJARO 7,2022,4,true,,,
MCOU,OR,00002149580,MOUNJARO 5,2022,4,false,34.000,17,16171.04
FFSU,OR,00002149580,MOUNJARO 5,2022,4,true,,,
MCOU,OR,00002150680,MOUNJARO 2,2022,4,false,24.000,12,11483.08
FFSU,OR,00002150680,MOUNJARO 2,2022,4,true,,,
MCOU,OR,00002148480,MOUNJARO 7,2022,3,true,,,
MCOU,OR,00002149580,MOUNJARO 5,2022,3,true,,,
FFSU,OR,00002150680,MOUNJARO 2,2022,3,true,,,
MCOU,OR,00002150680,MOUNJARO  ,2022,3,true,,,
MCOU,PA,00002145780,MOUNJARO 1,2022,4,true,,,
MCOU,PA,00002146080,MOUNJARO 1,2022,4,false,34.000,15,13182.41
MCOU,PA,00002147180,MOUNJARO 1,2022,4,false,114.500,54,55182.43
FFSU,PA,00002147180,MOUNJARO 1,2022,4,true,,,
FFSU,PA,00002148480,MOUNJARO 7,2022,4,true,,,
MCOU,PA,00002148480,MOUNJARO 7,2022,4,false,122.000,59,59228.13
MCOU,PA,00002149580,MOUNJARO 5,2022,4,false,420.000,197,198148.32
FFSU,PA,00002149580,MOUNJARO 5,2022,4,false,52.000,22,24265.01
FFSU,PA,00002150680,MOUNJARO 2,2022,4,true,,,
MCOU,PA,00002150680,MOUNJARO 2,2022,4,false,303.500,147,141982.73
MCOU,PA,00002146080,MOUNJARO 1,2022,3,true,,,
MCOU,PA,00002147180,MOUNJARO 1,2022,3,true,,,
MCOU,PA,00002148480,MOUNJARO 7,2022,3,false,24.000,12,11458.14
MCOU,PA,00002149580,MOUNJARO 5,2022,3,false,118.000,54,54974.88
FFSU,PA,00002149580,MOUNJARO 5,2022,3,true,,,
FFSU,PA,00002150680,MOUNJARO 2,2022,3,true,,,
MCOU,PA,00002150680,MOUNJARO 2,2022,3,false,74.000,34,32648.32
MCOU,PA,00002149580,MOUNJARO 5,2022,2,true,,,
MCOU,PA,00002150680,MOUNJARO 2,2022,2,true,,,
MCOU,RI,00002147180,MOUNJARO 1,2022,4,true,,,
MCOU,RI,00002148480,MOUNJARO 7,2022,4,true,,,
MCOU,RI,00002149580,MOUNJARO 5,2022,4,false,68.500,35,32838.85
MCOU,RI,00002150680,MOUNJARO 2,2022,4,false,97.500,50,48597.14
MCOU,RI,00002148480,MOUNJARO 7,2022,3,true,,,
MCOU,RI,00002149580,MOUNJARO 5,2022,3,true,,,
MCOU,RI,00002150680,MOUNJARO 2,2022,3,false,24.000,12,11460.45
MCOU,SC,00002146080,MOUNJARO  ,2022,4,true,,,
MCOU,SC,00002147180,MOUNJARO  ,2022,4,true,,,
MCOU,SC,00002148401,MOUNJARO  ,2022,4,true,,,
MCOU,SC,00002148480,MOUNJARO  ,2022,4,true,,,
MCOU,SC,00002149580,MOUNJARO  ,2022,4,false,102.000,51,47202.07
MCOU,SC,00002150601,MOUNJARO  ,2022,4,true,,,
MCOU,SC,00002150680,MOUNJARO  ,2022,4,false,110.000,57,51744.35
FFSU,SC,00002150680,MOUNJARO  ,2022,4,true,,,
MCOU,SC,00002148480,MOUNJARO  ,2022,3,true,,,
MCOU,SC,00002149580,MOUNJARO  ,2022,3,true,,,
MCOU,SC,00002150680,MOUNJARO  ,2022,3,false,34.000,17,14778.50
FFSU,SC,00002150680,MOUNJARO  ,2022,3,true,,,
FFSU,SD,00002145780,MOUNJARO 1,2022,4,true,,,
FFSU,SD,00002146080,MOUNJARO 1,2022,4,true,,,
FFSU,SD,00002147180,MOUNJARO 1,2022,4,false,24.000,12,11341.20
FFSU,SD,00002148480,MOUNJARO 7,2022,4,true,,,
FFSU,SD,00002149580,MOUNJARO 5,2022,4,false,26.000,13,12281.62
FFSU,SD,00002150680,MOUNJARO 2,2022,4,false,38.000,19,17497.72
FFSU,SD,00002148480,MOUNJARO 7,2022,3,true,,,
FFSU,SD,00002149580,MOUNJARO 5,2022,3,true,,,
FFSU,SD,00002150680,MOUNJARO 2,2022,3,true,,,
FFSU,SD,00002150680,MOUNJARO 2,2022,2,true,,,
FFSU,TN,00002146080,MOUNJARO 1,2022,4,true,,,
FFSU,TN,00002147180,MOUNJARO 1,2022,4,false,100.000,50,47207.09
FFSU,TN,00002148480,MOUNJARO 7,2022,4,false,94.000,47,44379.88
FFSU,TN,00002149580,MOUNJARO 5,2022,4,false,471.000,236,222086.60
FFSU,TN,00002150680,MOUNJARO 2,2022,4,false,454.000,226,214299.15
FFSU,TN,00002147180,MOUNJARO 1,2022,3,true,,,
FFSU,TN,00002148480,MOUNJARO 7,2022,3,true,,,
FFSU,TN,00002149501,MOUNJARO 5,2022,3,true,,,
FFSU,TN,00002149580,MOUNJARO 5,2022,3,false,94.000,47,44471.39
FFSU,TN,00002150680,MOUNJARO 2,2022,3,false,109.000,55,51673.02
MCOU,UT,00002145780,MOUNJARO 1,2022,4,true,,,
MCOU,UT,00002146080,MOUNJARO 1,2022,4,true,,,
MCOU,UT,00002147180,MOUNJARO 1,2022,4,true,,,
MCOU,UT,00002148480,MOUNJARO 7,2022,4,true,,,
MCOU,UT,00002149580,MOUNJARO 5,2022,4,false,32.000,16,15308.92
MCOU,UT,00002150680,MOUNJARO 2,2022,4,true,,,
MCOU,UT,00002149580,MOUNJARO 5,2022,3,true,,,
MCOU,UT,00002150680,MOUNJARO 2,2022,3,true,,,
MCOU,VA,00002145780,MOUNJARO  ,2022,4,true,,,
MCOU,VA,00002146080,MOUNJARO  ,2022,4,false,48.000,24,23480.20
MCOU,VA,00002147180,MOUNJARO  ,2022,4,false,144.000,72,68955.72
MCOU,VA,00002148480,MOUNJARO  ,2022,4,false,164.000,82,77461.20
MCOU,VA,00002149580,MOUNJARO  ,2022,4,false,630.000,309,299478.40
FFSU,VA,00002149580,MOUNJARO  ,2022,4,true,,,
MCOU,VA,00002150601,MOUNJARO  ,2022,4,true,,,
FFSU,VA,00002150680,MOUNJARO  ,2022,4,true,,,
MCOU,VA,00002150680,MOUNJARO  ,2022,4,false,457.000,229,220468.12
MCOU,VA,00002145780,MOUNJARO  ,2022,3,true,,,
MCOU,VA,00002147180,MOUNJARO  ,2022,3,true,,,
MCOU,VA,00002148480,MOUNJARO  ,2022,3,false,53.000,27,24790.83
MCOU,VA,00002149580,MOUNJARO  ,2022,3,false,168.000,82,79059.26
MCOU,VA,00002150601,MOUNJARO  ,2022,3,true,,,
MCOU,VA,00002150680,MOUNJARO  ,2022,3,false,141.000,72,68966.92
FFSU,VA,00002150680,MOUNJARO  ,2022,3,true,,,
MCOU,VA,00002149580,MOUNJARO  ,2022,2,true,,,
FFSU,VT,00002145780,MOUNJARO 1,2022,4,true,,,
FFSU,VT,00002147180,MOUNJARO 1,2022,4,true,,,
FFSU,VT,00002148480,MOUNJARO 7,2022,4,true,,,
FFSU,VT,00002149580,MOUNJARO 5,2022,4,true,,,
FFSU,VT,00002150680,MOUNJARO 2,2022,4,true,,,
FFSU,VT,00002147180,MOUNJARO 1,2022,3,true,,,
FFSU,VT,00002148480,MOUNJARO 7,2022,3,true,,,
FFSU,VT,00002149580,MOUNJARO 5,2022,3,true,,,
FFSU,VT,00002150680,MOUNJARO 2,2022,3,true,,,
MCOU,WA,00002145780,MOUNJARO 1,2022,4,false,26.000,13,12024.55
MCOU,WA,00002146080,MOUNJARO 1,2022,4,true,,,
MCOU,WA,00002147180,MOUNJARO 1,2022,4,false,60.000,30,25845.44
MCOU,WA,00002148480,MOUNJARO 7,2022,4,false,90.000,46,40046.18
MCOU,WA,00002149580,MOUNJARO 5,2022,4,false,193.000,96,85075.02
FFSU,WA,00002150680,MOUNJARO 2,2022,4,true,,,
MCOU,WA,00002150680,MOUNJARO 2,2022,4,false,144.000,70,65040.78
MCOU,WA,00002145780,MOUNJARO 1,2022,3,true,,,
MCOU,WA,00002147180,MOUNJARO 1,2022,3,true,,,
MCOU,WA,00002148480,MOUNJARO 7,2022,3,false,22.000,11,10237.47
MCOU,WA,00002149580,MOUNJARO 5,2022,3,false,51.000,26,23933.58
MCOU,WA,00002150680,MOUNJARO 2,2022,3,false,82.500,42,38300.39
MCOU,WA,00002150680,MOUNJARO 2,2022,2,true,,,
FFSU,WI,00002145780,MOUNJARO 1,2022,4,true,,,
FFSU,WI,00002148480,MOUNJARO 7,2022,4,true,,,
FFSU,WI,00002149580,MOUNJARO 5,2022,4,true,,,
FFSU,WI,00002150680,MOUNJARO 2,2022,4,false,22.000,11,10413.18
FFSU,WI,00002145780,MOUNJARO 1,2022,3,true,,,
FFSU,WI,00002147180,MOUNJARO 1,2022,3,true,,,
FFSU,WI,00002149580,MOUNJARO 5,2022,3,true,,,
FFSU,WI,00002150680,MOUNJARO 2,2022,3,true,,,
FFSU,WV,00002147180,MOUNJARO 1,2022,4,true,,,
FFSU,WV,00002148480,MOUNJARO 7,2022,4,true,,,
FFSU,WV,00002149580,MOUNJARO 5,2022,4,false,36.000,14,16534.50
FFSU,WV,00002150680,MOUNJARO 2,2022,4,true,,,
FFSU,WV,00002149580,MOUNJARO 5,2022,3,true,,,
FFSU,WV,00002150680,MOUNJARO 2,2022,3,true,,,
FFSU,WY,00002147180,MOUNJARO 1,2022,4,true,,,
FFSU,WY,00002148480,MOUNJARO 7,2022,4,true,,,
FFSU,WY,00002149580,MOUNJARO 5,2022,4,true,,,
FFSU,WY,00002150680,MOUNJARO 2,2022,4,true,,,
FFSU,WY,00002149580,MOUNJARO 5,2022,3,true,,,
FFSU,WY,00002150680,MOUNJARO 2,2022,3,true,,,
FFSU,AK,00002143380,TRULICITY ,2022,4,false,473.000,198,201743.95
FFSU,AK,00002143401,TRULICITY ,2022,4,true,,,
FFSU,AK,00002143480,TRULICITY ,2022,4,false,646.000,231,275657.31
FFSU,AK,00002223680,TRULICITY ,2022,4,false,278.500,125,117517.01
FFSU,AK,00002318280,TRULICITY ,2022,4,false,120.000,45,51564.37
FFSU,AK,00002143380,TRULICITY ,2022,3,false,512.000,222,218191.43
FFSU,AK,00002143401,TRULICITY ,2022,3,true,,,
FFSU,AK,00002143480,TRULICITY ,2022,3,false,688.000,258,293213.71
FFSU,AK,00002223680,TRULICITY ,2022,3,false,327.000,137,138337.53
FFSU,AK,00002318280,TRULICITY ,2022,3,false,174.000,59,74567.86
FFSU,AK,00002143380,TRULICITY ,2022,2,false,507.000,221,216863.35
FFSU,AK,00002143401,TRULICITY ,2022,2,true,,,
FFSU,AK,00002143480,TRULICITY ,2022,2,false,704.000,277,300884.58
FFSU,AK,00002223680,TRULICITY ,2022,2,false,286.000,112,122299.72
FFSU,AK,00002318280,TRULICITY ,2022,2,false,100.000,36,42588.58
FFSU,AK,00002143380,TRULICITY ,2022,1,false,524.500,223,222331.68
FFSU,AK,00002143401,TRULICITY ,2022,1,true,,,
FFSU,AK,00002143480,TRULICITY ,2022,1,false,737.000,302,312015.16
FFSU,AK,00002223680,TRULICITY ,2022,1,false,224.000,84,94101.45
FFSU,AK,00002318280,TRULICITY ,2022,1,false,84.000,32,35320.10
FFSU,AL,00002143301,TRULICITY ,2022,4,true,,,
FFSU,AL,00002143380,TRULICITY ,2022,4,false,6622.500,3317,2888882.89
FFSU,AL,00002143401,TRULICITY ,2022,4,false,16.000,11,6949.90
FFSU,AL,00002143480,TRULICITY ,2022,4,false,7582.500,3797,3303285.34
FFSU,AL,00002223601,TRULICITY ,2022,4,false,38.000,19,17259.92
FFSU,AL,00002223680,TRULICITY ,2022,4,false,3081.500,1545,1386614.79
FFSU,AL,00002318201,TRULICITY ,2022,4,true,,,
FFSU,AL,00002318280,TRULICITY ,2022,4,false,1536.000,768,703203.64
FFSU,AL,00002143301,TRULICITY ,2022,3,true,,,
FFSU,AL,00002143380,TRULICITY ,2022,3,false,6358.000,3186,2770286.52
FFSU,AL,00002143401,TRULICITY ,2022,3,true,,,
FFSU,AL,00002143480,TRULICITY ,2022,3,false,6598.500,3306,2880366.81
FFSU,AL,00002223601,TRULICITY ,2022,3,true,,,
FFSU,AL,00002223680,TRULICITY ,2022,3,false,3128.000,1569,1381440.60
FFSU,AL,00002318201,TRULICITY ,2022,3,true,,,
FFSU,AL,00002318280,TRULICITY ,2022,3,false,1707.000,858,741871.11
FFSU,AL,00002143301,TRULICITY ,2022,2,true,,,
FFSU,AL,00002143380,TRULICITY ,2022,2,false,5925.000,2972,2573589.53
FFSU,AL,00002143401,TRULICITY ,2022,2,true,,,
FFSU,AL,00002143480,TRULICITY ,2022,2,false,6080.500,3049,2651140.77
FFSU,AL,00002223601,TRULICITY ,2022,2,true,,,
FFSU,AL,00002223680,TRULICITY ,2022,2,false,2763.500,1387,1204339.91
FFSU,AL,00002318201,TRULICITY ,2022,2,true,,,
FFSU,AL,00002318280,TRULICITY ,2022,2,false,1391.000,697,600409.20
FFSU,AL,00002143301,TRULICITY ,2022,1,false,27.000,16,11594.88
FFSU,AL,00002143380,TRULICITY ,2022,1,false,4790.500,2402,2067034.24
FFSU,AL,00002143401,TRULICITY ,2022,1,true,,,
FFSU,AL,00002143480,TRULICITY ,2022,1,false,5023.000,2521,2171452.07
FFSU,AL,00002223601,TRULICITY ,2022,1,true,,,
FFSU,AL,00002223680,TRULICITY ,2022,1,false,2121.500,1064,917810.90
FFSU,AL,00002318201,TRULICITY ,2022,1,true,,,
FFSU,AL,00002318280,TRULICITY ,2022,1,false,866.000,433,372829.21
MCOU,AR,00002143380,TRULICITY ,2022,4,false,24.000,12,10511.40
FFSU,AR,00002143380,TRULICITY ,2022,4,false,38.000,19,16346.27
FFSU,AR,00002143480,TRULICITY ,2022,4,false,66.000,33,28388.91
MCOU,AR,00002143480,TRULICITY ,2022,4,false,32.000,16,13849.52
MCOU,AR,00002223680,TRULICITY ,2022,4,false,22.000,11,9774.28
FFSU,AR,00002223680,TRULICITY ,2022,4,false,30.000,15,12915.60
MCOU,AR,00002318280,TRULICITY ,2022,4,true,,,
FFSU,AR,00002318280,TRULICITY ,2022,4,false,22.000,11,9473.09
FFSU,AR,00002143380,TRULICITY ,2022,3,false,40.000,20,17206.60
MCOU,AR,00002143380,TRULICITY ,2022,3,true,,,
MCOU,AR,00002143480,TRULICITY ,2022,3,false,38.000,19,16852.16
FFSU,AR,00002143480,TRULICITY ,2022,3,false,78.000,39,33550.53
MCOU,AR,00002223680,TRULICITY ,2022,3,false,22.000,11,9720.24
FFSU,AR,00002223680,TRULICITY ,2022,3,true,,,
FFSU,AR,00002318280,TRULICITY ,2022,3,false,24.000,12,10334.28
MCOU,AR,00002143380,TRULICITY ,2022,2,false,22.000,11,9651.07
FFSU,AR,00002143380,TRULICITY ,2022,2,false,32.000,16,13765.28
FFSU,AR,00002143480,TRULICITY ,2022,2,false,62.000,31,26668.37
MCOU,AR,00002143480,TRULICITY ,2022,2,false,30.000,15,13281.83
FFSU,AR,00002223680,TRULICITY ,2022,2,true,,,
MCOU,AR,00002223680,TRULICITY ,2022,2,true,,,
FFSU,AR,00002318280,TRULICITY ,2022,2,true,,,
FFSU,AR,00002143380,TRULICITY ,2022,1,false,36.000,18,15323.86
MCOU,AR,00002143380,TRULICITY ,2022,1,true,,,
FFSU,AR,00002143480,TRULICITY ,2022,1,false,52.000,26,22204.94
MCOU,AR,00002143480,TRULICITY ,2022,1,false,26.000,13,11521.34
MCOU,AR,00002223680,TRULICITY ,2022,1,true,,,
FFSU,AR,00002223680,TRULICITY ,2022,1,true,,,
MCOU,AZ,00002143301,TRULICITY ,2022,4,true,,,
MCOU,AZ,00002143380,TRULICITY ,2022,4,false,11292.500,5152,4805067.43
FFSU,AZ,00002143380,TRULICITY ,2022,4,false,218.500,110,86162.16
MCOU,AZ,00002143401,TRULICITY ,2022,4,true,,,
FFSU,AZ,00002143480,TRULICITY ,2022,4,false,230.000,114,89694.95
MCOU,AZ,00002143480,TRULICITY ,2022,4,false,12354.000,5342,5256011.06
MCOU,AZ,00002223680,TRULICITY ,2022,4,false,4001.000,1724,1703926.61
FFSU,AZ,00002223680,TRULICITY ,2022,4,false,38.000,18,15266.02
MCOU,AZ,00002318201,TRULICITY ,2022,4,true,,,
MCOU,AZ,00002318280,TRULICITY ,2022,4,false,2131.000,897,906333.73
FFSU,AZ,00002318280,TRULICITY ,2022,4,true,,,
MCOU,AZ,00002143380,TRULICITY ,2022,3,false,10129.500,4575,4294816.84
FFSU,AZ,00002143380,TRULICITY ,2022,3,false,124.000,61,45528.14
MCOU,AZ,00002143401,TRULICITY ,2022,3,true,,,
MCOU,AZ,00002143480,TRULICITY ,2022,3,false,11180.500,4815,4742926.74
FFSU,AZ,00002143480,TRULICITY ,2022,3,false,86.000,43,30964.37
MCOU,AZ,00002223680,TRULICITY ,2022,3,false,4261.500,1789,1807476.71
FFSU,AZ,00002223680,TRULICITY ,2022,3,false,28.000,14,11926.41
MCOU,AZ,00002318201,TRULICITY ,2022,3,true,,,
MCOU,AZ,00002318280,TRULICITY ,2022,3,false,2304.000,962,978842.77
MCOU,AZ,00002143301,TRULICITY ,2022,2,true,,,
MCOU,AZ,00002143380,TRULICITY ,2022,2,false,8910.000,4015,3777213.95
FFSU,AZ,00002143380,TRULICITY ,2022,2,false,142.000,71,47977.39
MCOU,AZ,00002143401,TRULICITY ,2022,2,true,,,
MCOU,AZ,00002143480,TRULICITY ,2022,2,false,9670.000,4070,4099567.64
FFSU,AZ,00002143480,TRULICITY ,2022,2,false,76.000,37,27726.19
MCOU,AZ,00002223680,TRULICITY ,2022,2,false,3508.000,1452,1487405.75
FFSU,AZ,00002223680,TRULICITY ,2022,2,true,,,
MCOU,AZ,00002318280,TRULICITY ,2022,2,false,1558.000,651,659351.25
FFSU,AZ,00002318280,TRULICITY ,2022,2,true,,,
MCOU,AZ,00002143301,TRULICITY ,2022,1,true,,,
FFSU,AZ,00002143380,TRULICITY ,2022,1,false,68.000,33,25505.24
MCOU,AZ,00002143380,TRULICITY ,2022,1,false,7430.500,3255,3153278.98
MCOU,AZ,00002143401,TRULICITY ,2022,1,true,,,
MCOU,AZ,00002143480,TRULICITY ,2022,1,false,8234.500,3408,3490186.88
FFSU,AZ,00002143480,TRULICITY ,2022,1,false,34.500,18,13583.16
MCOU,AZ,00002223680,TRULICITY ,2022,1,false,2584.000,1067,1095483.99
FFSU,AZ,00002223680,TRULICITY ,2022,1,true,,,
MCOU,AZ,00002318201,TRULICITY ,2022,1,true,,,
FFSU,AZ,00002318280,TRULICITY ,2022,1,true,,,
MCOU,AZ,00002318280,TRULICITY ,2022,1,false,976.000,394,413629.61
FFSU,CA,00002143301,TRULICITY ,2022,4,false,183.000,86,82157.79
FFSU,CA,00002143380,TRULICITY ,2022,4,false,51189.000,20196,22013871.90
MCOU,CA,00002143380,TRULICITY ,2022,4,false,559.000,279,256089.17
MCOU,CA,00002143401,TRULICITY ,2022,4,true,,,
FFSU,CA,00002143401,TRULICITY ,2022,4,false,170.500,99,76662.39
FFSU,CA,00002143480,TRULICITY ,2022,4,false,54409.000,20783,23385179.42
MCOU,CA,00002143480,TRULICITY ,2022,4,false,773.000,374,355386.20
MCOU,CA,00002223601,TRULICITY ,2022,4,true,,,
FFSU,CA,00002223601,TRULICITY ,2022,4,false,62.000,31,27883.11
FFSU,CA,00002223680,TRULICITY ,2022,4,false,20290.000,7784,8732809.60
MCOU,CA,00002223680,TRULICITY ,2022,4,false,261.500,131,119856.40
FFSU,CA,00002318201,TRULICITY ,2022,4,false,29.000,14,13030.47
MCOU,CA,00002318201,TRULICITY ,2022,4,true,,,
MCOU,CA,00002318280,TRULICITY ,2022,4,false,48.000,24,22004.34
FFSU,CA,00002318280,TRULICITY ,2022,4,false,9989.000,3717,4293863.63
FFSU,CA,00002143301,TRULICITY ,2022,3,false,237.000,121,106503.36
FFSU,CA,00002143380,TRULICITY ,2022,3,false,62204.500,24743,26757332.84
MCOU,CA,00002143380,TRULICITY ,2022,3,false,457.560,230,209619.34
FFSU,CA,00002143401,TRULICITY ,2022,3,false,176.000,94,79087.98
MCOU,CA,00002143401,TRULICITY ,2022,3,true,,,
FFSU,CA,00002143480,TRULICITY ,2022,3,false,64976.000,25029,27935578.78
MCOU,CA,00002143480,TRULICITY ,2022,3,false,544.500,268,248204.00
FFSU,CA,00002223601,TRULICITY ,2022,3,false,56.000,26,25157.43
FFSU,CA,00002223680,TRULICITY ,2022,3,false,23266.500,8959,10014735.01
MCOU,CA,00002223680,TRULICITY ,2022,3,false,172.000,86,79187.18
FFSU,CA,00002318201,TRULICITY ,2022,3,false,58.000,27,26063.49
MCOU,CA,00002318201,TRULICITY ,2022,3,true,,,
MCOU,CA,00002318280,TRULICITY ,2022,3,false,78.000,38,35842.77
FFSU,CA,00002318280,TRULICITY ,2022,3,false,14191.500,5165,6104826.34
FFSU,CA,00002143301,TRULICITY ,2022,2,false,183.500,97,82461.63
FFSU,CA,00002143380,TRULICITY ,2022,2,false,46662.500,19139,20079781.63
MCOU,CA,00002143380,TRULICITY ,2022,2,false,451.000,231,206217.09
MCOU,CA,00002143401,TRULICITY ,2022,2,true,,,
FFSU,CA,00002143401,TRULICITY ,2022,2,false,190.000,87,85236.15
FFSU,CA,00002143480,TRULICITY ,2022,2,false,49442.000,19825,21272928.52
MCOU,CA,00002143480,TRULICITY ,2022,2,false,465.500,233,209921.14
FFSU,CA,00002223601,TRULICITY ,2022,2,false,54.000,24,24235.02
MCOU,CA,00002223680,TRULICITY ,2022,2,false,147.000,74,68622.69
FFSU,CA,00002223680,TRULICITY ,2022,2,false,17765.000,6892,7647623.48
FFSU,CA,00002318201,TRULICITY ,2022,2,false,64.000,28,28739.52
MCOU,CA,00002318280,TRULICITY ,2022,2,false,63.000,32,29267.66
FFSU,CA,00002318280,TRULICITY ,2022,2,false,9214.000,3378,3965151.16
FFSU,CA,00002143301,TRULICITY ,2022,1,false,148.000,73,66215.04
MCOU,CA,00002143301,TRULICITY ,2022,1,true,,,
FFSU,CA,00002143380,TRULICITY ,2022,1,false,34840.500,14756,14842722.75
MCOU,CA,00002143380,TRULICITY ,2022,1,false,459.000,237,207891.34
FFSU,CA,00002143401,TRULICITY ,2022,1,false,197.500,78,87826.12
MCOU,CA,00002143480,TRULICITY ,2022,1,false,396.000,203,179349.91
FFSU,CA,00002143480,TRULICITY ,2022,1,false,38135.000,15780,16260091.03
FFSU,CA,00002223601,TRULICITY ,2022,1,false,48.000,20,21466.50
MCOU,CA,00002223680,TRULICITY ,2022,1,false,119.500,61,55751.84
FFSU,CA,00002223680,TRULICITY ,2022,1,false,12788.000,5176,5455123.65
FFSU,CA,00002318201,TRULICITY ,2022,1,false,30.000,13,13385.60
FFSU,CA,00002318280,TRULICITY ,2022,1,false,5993.500,2316,2556889.24
MCOU,CA,00002318280,TRULICITY ,2022,1,false,47.000,24,21867.04
FFSU,CO,00002143301,TRULICITY ,2022,4,true,,,
MCOU,CO,00002143380,TRULICITY ,2022,4,false,545.000,229,234879.81
FFSU,CO,00002143380,TRULICITY ,2022,4,false,8192.000,2890,3503303.38
MCOU,CO,00002143480,TRULICITY ,2022,4,false,861.000,356,371318.35
FFSU,CO,00002143480,TRULICITY ,2022,4,false,9504.500,3047,4086591.18
FFSU,CO,00002223601,TRULICITY ,2022,4,true,,,
FFSU,CO,00002223680,TRULICITY ,2022,4,false,3686.500,1244,1575208.70
MCOU,CO,00002223680,TRULICITY ,2022,4,false,304.000,157,134602.78
FFSU,CO,00002318201,TRULICITY ,2022,4,true,,,
MCOU,CO,00002318201,TRULICITY ,2022,4,true,,,
FFSU,CO,00002318280,TRULICITY ,2022,4,false,2365.500,749,1009363.64
MCOU,CO,00002318280,TRULICITY ,2022,4,false,162.500,81,69672.53
FFSU,CO,00002143380,TRULICITY ,2022,3,false,7768.000,2721,3337468.94
MCOU,CO,00002143380,TRULICITY ,2022,3,false,562.000,241,240960.17
FFSU,CO,00002143401,TRULICITY ,2022,3,true,,,
FFSU,CO,00002143480,TRULICITY ,2022,3,false,8742.500,2795,3747837.52
MCOU,CO,00002143480,TRULICITY ,2022,3,false,850.500,342,364722.26
FFSU,CO,00002223601,TRULICITY ,2022,3,true,,,
FFSU,CO,00002223680,TRULICITY ,2022,3,false,4283.500,1375,1833610.18
MCOU,CO,00002223680,TRULICITY ,2022,3,false,330.000,165,141842.30
FFSU,CO,00002318201,TRULICITY ,2022,3,true,,,
MCOU,CO,00002318201,TRULICITY ,2022,3,true,,,
FFSU,CO,00002318280,TRULICITY ,2022,3,false,2812.000,852,1202112.01
MCOU,CO,00002318280,TRULICITY ,2022,3,false,218.500,110,93817.27
FFSU,CO,00002143301,TRULICITY ,2022,2,true,,,
FFSU,CO,00002143380,TRULICITY ,2022,2,false,7233.500,2548,3104035.98
MCOU,CO,00002143380,TRULICITY ,2022,2,false,534.000,244,229658.87
FFSU,CO,00002143401,TRULICITY ,2022,2,true,,,
MCOU,CO,00002143480,TRULICITY ,2022,2,false,738.000,300,317006.16
FFSU,CO,00002143480,TRULICITY ,2022,2,false,7629.000,2508,3273574.63
FFSU,CO,00002223680,TRULICITY ,2022,2,false,3565.500,1144,1528339.74
MCOU,CO,00002223680,TRULICITY ,2022,2,false,312.000,156,134396.18
MCOU,CO,00002318280,TRULICITY ,2022,2,false,133.000,67,57271.31
FFSU,CO,00002318280,TRULICITY ,2022,2,false,2174.000,643,930322.69
FFSU,CO,00002143301,TRULICITY ,2022,1,true,,,
MCOU,CO,00002143380,TRULICITY ,2022,1,false,492.000,215,210633.78
FFSU,CO,00002143380,TRULICITY ,2022,1,false,6430.500,2257,2734174.47
MCOU,CO,00002143480,TRULICITY ,2022,1,false,662.500,269,282992.76
FFSU,CO,00002143480,TRULICITY ,2022,1,false,6626.000,2158,2812033.56
FFSU,CO,00002223680,TRULICITY ,2022,1,false,2870.000,944,1215347.31
MCOU,CO,00002223680,TRULICITY ,2022,1,false,220.000,109,94343.80
MCOU,CO,00002318280,TRULICITY ,2022,1,false,80.000,40,34366.64
FFSU,CO,00002318280,TRULICITY ,2022,1,false,1462.000,456,617497.91
FFSU,CT,00002143380,TRULICITY ,2022,4,false,8602.500,3318,3696832.49
FFSU,CT,00002143480,TRULICITY ,2022,4,false,10854.500,3909,4661388.77
FFSU,CT,00002223680,TRULICITY ,2022,4,false,4613.000,1647,1982616.63
FFSU,CT,00002318280,TRULICITY ,2022,4,false,2013.000,689,865007.02
FFSU,CT,00002143380,TRULICITY ,2022,3,false,9683.000,3821,4162063.69
FFSU,CT,00002143480,TRULICITY ,2022,3,false,11421.000,4128,4904779.29
FFSU,CT,00002223680,TRULICITY ,2022,3,false,5094.000,1729,2188403.83
FFSU,CT,00002318280,TRULICITY ,2022,3,false,2520.000,883,1083079.68
FFSU,CT,00002143380,TRULICITY ,2022,2,false,9288.500,3645,3992237.57
FFSU,CT,00002143480,TRULICITY ,2022,2,false,10103.500,3570,4338017.39
FFSU,CT,00002223680,TRULICITY ,2022,2,false,4476.000,1482,1922374.02
FFSU,CT,00002318280,TRULICITY ,2022,2,false,1974.000,672,848206.54
FFSU,CT,00002143380,TRULICITY ,2022,1,false,7977.000,3135,3378574.54
FFSU,CT,00002143480,TRULICITY ,2022,1,false,9139.000,3212,3866273.59
FFSU,CT,00002223680,TRULICITY ,2022,1,false,3754.500,1252,1591742.96
FFSU,CT,00002318280,TRULICITY ,2022,1,false,1368.500,445,581029.31
FFSU,DC,00002143301,TRULICITY ,2022,4,true,,,
MCOU,DC,00002143301,TRULICITY ,2022,4,false,50.000,25,22273.17
MCOU,DC,00002143380,TRULICITY ,2022,4,false,2765.000,1048,990286.60
FFSU,DC,00002143380,TRULICITY ,2022,4,false,72.000,35,31038.13
FFSU,DC,00002143401,TRULICITY ,2022,4,true,,,
MCOU,DC,00002143401,TRULICITY ,2022,4,false,57.000,29,24985.69
MCOU,DC,00002143480,TRULICITY ,2022,4,false,2693.500,1189,1088293.35
FFSU,DC,00002143480,TRULICITY ,2022,4,false,84.000,40,36199.34
MCOU,DC,00002223601,TRULICITY ,2022,4,false,78.000,39,33458.27
MCOU,DC,00002223680,TRULICITY ,2022,4,false,798.000,332,308058.54
FFSU,DC,00002223680,TRULICITY ,2022,4,false,24.000,12,10358.28
MCOU,DC,00002318201,TRULICITY ,2022,4,true,,,
MCOU,DC,00002318280,TRULICITY ,2022,4,false,283.000,109,99440.20
FFSU,DC,00002318280,TRULICITY ,2022,4,true,,,
MCOU,DC,00002143301,TRULICITY ,2022,3,false,50.000,25,22190.55
MCOU,DC,00002143380,TRULICITY ,2022,3,false,2225.500,1129,1091231.40
FFSU,DC,00002143380,TRULICITY ,2022,3,false,85.500,45,37747.43
MCOU,DC,00002143401,TRULICITY ,2022,3,false,60.000,31,26331.63
FFSU,DC,00002143401,TRULICITY ,2022,3,true,,,
MCOU,DC,00002143480,TRULICITY ,2022,3,false,2469.000,1236,1177098.89
FFSU,DC,00002143480,TRULICITY ,2022,3,false,72.000,36,32749.66
MCOU,DC,00002223601,TRULICITY ,2022,3,false,83.000,40,34978.20
MCOU,DC,00002223680,TRULICITY ,2022,3,false,961.000,387,368750.62
FFSU,DC,00002223680,TRULICITY ,2022,3,false,30.000,13,12925.56
MCOU,DC,00002318280,TRULICITY ,2022,3,false,368.000,151,140063.50
FFSU,DC,00002318280,TRULICITY ,2022,3,true,,,
MCOU,DC,00002143301,TRULICITY ,2022,2,false,42.000,21,18749.04
FFSU,DC,00002143380,TRULICITY ,2022,2,false,132.000,68,57797.31
MCOU,DC,00002143380,TRULICITY ,2022,2,false,2438.500,1227,1194389.50
MCOU,DC,00002143401,TRULICITY ,2022,2,false,62.000,29,27705.42
FFSU,DC,00002143401,TRULICITY ,2022,2,true,,,
FFSU,DC,00002143480,TRULICITY ,2022,2,false,34.000,68,58857.38
MCOU,DC,00002143480,TRULICITY ,2022,2,false,630.500,1262,1274326.15
MCOU,DC,00002223601,TRULICITY ,2022,2,false,83.500,41,36209.39
MCOU,DC,00002223680,TRULICITY ,2022,2,false,772.000,386,393858.02
FFSU,DC,00002223680,TRULICITY ,2022,2,false,38.000,19,16400.61
FFSU,DC,00002318280,TRULICITY ,2022,2,false,22.000,11,9496.74
MCOU,DC,00002318280,TRULICITY ,2022,2,false,278.000,139,144106.65
MCOU,DC,00002143301,TRULICITY ,2022,1,false,33.000,18,14655.81
MCOU,DC,00002143380,TRULICITY ,2022,1,false,2281.500,1006,968031.45
FFSU,DC,00002143380,TRULICITY ,2022,1,false,136.000,65,57966.86
MCOU,DC,00002143401,TRULICITY ,2022,1,false,50.000,25,22167.00
FFSU,DC,00002143401,TRULICITY ,2022,1,true,,,
FFSU,DC,00002143480,TRULICITY ,2022,1,false,128.000,61,54594.15
MCOU,DC,00002143480,TRULICITY ,2022,1,false,2538.500,1105,1071058.02
MCOU,DC,00002223601,TRULICITY ,2022,1,false,81.000,35,32726.05
FFSU,DC,00002223601,TRULICITY ,2022,1,true,,,
MCOU,DC,00002223680,TRULICITY ,2022,1,false,905.000,298,306754.10
FFSU,DC,00002223680,TRULICITY ,2022,1,false,30.000,15,12866.75
FFSU,DC,00002318280,TRULICITY ,2022,1,true,,,
MCOU,DC,00002318280,TRULICITY ,2022,1,false,216.000,87,90281.53
MCOU,DE,00002143301,TRULICITY ,2022,4,true,,,
FFSU,DE,00002143380,TRULICITY ,2022,4,true,,,
MCOU,DE,00002143380,TRULICITY ,2022,4,false,1285.500,641,550134.47
FFSU,DE,00002143480,TRULICITY ,2022,4,true,,,
MCOU,DE,00002143480,TRULICITY ,2022,4,false,1470.000,724,628982.75
MCOU,DE,00002223601,TRULICITY ,2022,4,true,,,
MCOU,DE,00002223680,TRULICITY ,2022,4,false,438.000,215,187356.77
FFSU,DE,00002223680,TRULICITY ,2022,4,true,,,
MCOU,DE,00002318280,TRULICITY ,2022,4,false,192.000,96,82117.25
MCOU,DE,00002143301,TRULICITY ,2022,3,true,,,
MCOU,DE,00002143380,TRULICITY ,2022,3,false,1057.000,523,452222.61
FFSU,DE,00002143380,TRULICITY ,2022,3,true,,,
MCOU,DE,00002143480,TRULICITY ,2022,3,false,1226.000,597,524417.48
MCOU,DE,00002223601,TRULICITY ,2022,3,true,,,
MCOU,DE,00002223680,TRULICITY ,2022,3,false,494.000,243,211387.65
FFSU,DE,00002223680,TRULICITY ,2022,3,true,,,
MCOU,DE,00002318280,TRULICITY ,2022,3,false,192.000,96,82134.99
MCOU,DE,00002143380,TRULICITY ,2022,2,false,964.000,477,412419.87
FFSU,DE,00002143380,TRULICITY ,2022,2,true,,,
MCOU,DE,00002143480,TRULICITY ,2022,2,false,1269.500,625,542875.02
FFSU,DE,00002143480,TRULICITY ,2022,2,true,,,
MCOU,DE,00002223601,TRULICITY ,2022,2,true,,,
MCOU,DE,00002223680,TRULICITY ,2022,2,false,358.000,177,153170.70
MCOU,DE,00002318280,TRULICITY ,2022,2,false,128.000,62,54710.91
MCOU,DE,00002143301,TRULICITY ,2022,1,true,,,
MCOU,DE,00002143380,TRULICITY ,2022,1,false,1020.000,504,430637.28
FFSU,DE,00002143380,TRULICITY ,2022,1,true,,,
MCOU,DE,00002143480,TRULICITY ,2022,1,false,1182.000,582,498755.36
MCOU,DE,00002223601,TRULICITY ,2022,1,true,,,
MCOU,DE,00002223680,TRULICITY ,2022,1,false,262.000,129,110261.12
MCOU,DE,00002318280,TRULICITY ,2022,1,false,98.000,47,41457.15
FFSU,FL,00002143301,TRULICITY ,2022,4,true,,,
MCOU,FL,00002143301,TRULICITY ,2022,4,false,29.000,15,12324.99
MCOU,FL,00002143380,TRULICITY ,2022,4,false,17209.500,8653,7351095.90
FFSU,FL,00002143380,TRULICITY ,2022,4,false,540.500,271,232353.70
FFSU,FL,00002143401,TRULICITY ,2022,4,true,,,
MCOU,FL,00002143401,TRULICITY ,2022,4,true,,,
FFSU,FL,00002143480,TRULICITY ,2022,4,false,669.500,340,277372.74
MCOU,FL,00002143480,TRULICITY ,2022,4,false,16874.500,8523,7215025.49
MCOU,FL,00002223601,TRULICITY ,2022,4,true,,,
FFSU,FL,00002223680,TRULICITY ,2022,4,false,223.500,112,92683.41
MCOU,FL,00002223680,TRULICITY ,2022,4,false,6096.500,3075,2600795.75
MCOU,FL,00002318201,TRULICITY ,2022,4,true,,,
MCOU,FL,00002318280,TRULICITY ,2022,4,false,2708.500,1359,1155685.53
FFSU,FL,00002318280,TRULICITY ,2022,4,false,92.000,46,38839.35
FFSU,FL,00002143301,TRULICITY ,2022,3,true,,,
MCOU,FL,00002143301,TRULICITY ,2022,3,true,,,
FFSU,FL,00002143380,TRULICITY ,2022,3,false,554.000,278,237815.06
MCOU,FL,00002143380,TRULICITY ,2022,3,false,15632.000,7806,6652013.45
FFSU,FL,00002143401,TRULICITY ,2022,3,true,,,
MCOU,FL,00002143401,TRULICITY ,2022,3,true,,,
FFSU,FL,00002143480,TRULICITY ,2022,3,false,626.500,325,255430.62
MCOU,FL,00002143480,TRULICITY ,2022,3,false,15143.500,7525,6447047.43
MCOU,FL,00002223601,TRULICITY ,2022,3,true,,,
MCOU,FL,00002223680,TRULICITY ,2022,3,false,6403.500,3225,2726449.17
FFSU,FL,00002223680,TRULICITY ,2022,3,false,226.500,114,91680.51
MCOU,FL,00002318201,TRULICITY ,2022,3,true,,,
MCOU,FL,00002318280,TRULICITY ,2022,3,false,2986.500,1500,1273609.52
FFSU,FL,00002318280,TRULICITY ,2022,3,false,86.000,43,37025.75
MCOU,FL,00002143301,TRULICITY ,2022,2,false,36.000,18,15076.70
MCOU,FL,00002143380,TRULICITY ,2022,2,false,14072.500,7024,5993329.63
FFSU,FL,00002143380,TRULICITY ,2022,2,false,541.000,271,231421.67
FFSU,FL,00002143401,TRULICITY ,2022,2,true,,,
MCOU,FL,00002143401,TRULICITY ,2022,2,false,22.000,11,9372.22
FFSU,FL,00002143480,TRULICITY ,2022,2,false,574.000,298,236070.00
MCOU,FL,00002143480,TRULICITY ,2022,2,false,13226.500,6599,5631714.42
MCOU,FL,00002223680,TRULICITY ,2022,2,false,5620.000,2826,2392574.01
FFSU,FL,00002223680,TRULICITY ,2022,2,false,192.500,97,80660.15
MCOU,FL,00002318201,TRULICITY ,2022,2,true,,,
FFSU,FL,00002318280,TRULICITY ,2022,2,false,57.000,29,24584.38
MCOU,FL,00002318280,TRULICITY ,2022,2,false,2243.000,1128,954082.14
MCOU,FL,00002143301,TRULICITY ,2022,1,false,40.000,20,17048.23
FFSU,FL,00002143301,TRULICITY ,2022,1,true,,,
MCOU,FL,00002143380,TRULICITY ,2022,1,false,12437.000,6224,5291902.62
FFSU,FL,00002143380,TRULICITY ,2022,1,false,570.500,292,237413.32
FFSU,FL,00002143401,TRULICITY ,2022,1,true,,,
MCOU,FL,00002143401,TRULICITY ,2022,1,true,,,
MCOU,FL,00002143480,TRULICITY ,2022,1,false,11939.500,5936,5081583.53
FFSU,FL,00002143480,TRULICITY ,2022,1,false,476.000,241,196369.73
MCOU,FL,00002223680,TRULICITY ,2022,1,false,4234.500,2133,1802151.56
FFSU,FL,00002223680,TRULICITY ,2022,1,false,156.000,78,65982.93
MCOU,FL,00002318201,TRULICITY ,2022,1,true,,,
MCOU,FL,00002318280,TRULICITY ,2022,1,false,1559.500,786,661784.05
FFSU,FL,00002318280,TRULICITY ,2022,1,false,38.000,20,16234.18
MCOU,GA,00002143301,TRULICITY ,2022,4,true,,,
MCOU,GA,00002143380,TRULICITY ,2022,4,false,1668.000,839,730932.53
FFSU,GA,00002143380,TRULICITY ,2022,4,false,417.500,209,179936.81
FFSU,GA,00002143401,TRULICITY ,2022,4,true,,,
MCOU,GA,00002143480,TRULICITY ,2022,4,false,1837.000,923,792942.96
FFSU,GA,00002143480,TRULICITY ,2022,4,false,524.000,263,224980.89
MCOU,GA,00002223601,TRULICITY ,2022,4,true,,,
MCOU,GA,00002223680,TRULICITY ,2022,4,false,530.000,272,236717.00
FFSU,GA,00002223680,TRULICITY ,2022,4,false,216.500,109,93392.00
MCOU,GA,00002318201,TRULICITY ,2022,4,true,,,
FFSU,GA,00002318201,TRULICITY ,2022,4,true,,,
MCOU,GA,00002318280,TRULICITY ,2022,4,false,284.000,144,122747.65
FFSU,GA,00002318280,TRULICITY ,2022,4,false,165.000,83,71177.34
FFSU,GA,00002143301,TRULICITY ,2022,3,true,,,
MCOU,GA,00002143380,TRULICITY ,2022,3,false,1499.000,751,661075.25
FFSU,GA,00002143380,TRULICITY ,2022,3,false,445.500,223,192004.25
FFSU,GA,00002143401,TRULICITY ,2022,3,true,,,
FFSU,GA,00002143480,TRULICITY ,2022,3,false,528.000,264,225847.80
MCOU,GA,00002143480,TRULICITY ,2022,3,false,1532.000,767,671719.74
MCOU,GA,00002223601,TRULICITY ,2022,3,true,,,
MCOU,GA,00002223680,TRULICITY ,2022,3,false,488.000,244,212719.05
FFSU,GA,00002223680,TRULICITY ,2022,3,false,269.000,135,115251.76
FFSU,GA,00002318280,TRULICITY ,2022,3,false,203.000,104,87581.57
MCOU,GA,00002318280,TRULICITY ,2022,3,false,280.000,141,121462.48
FFSU,GA,00002143380,TRULICITY ,2022,2,false,416.000,208,176494.14
MCOU,GA,00002143380,TRULICITY ,2022,2,false,1285.500,645,565213.46
MCOU,GA,00002143401,TRULICITY ,2022,2,true,,,
MCOU,GA,00002143480,TRULICITY ,2022,2,false,1168.000,585,516133.39
FFSU,GA,00002143480,TRULICITY ,2022,2,false,516.000,258,218731.01
MCOU,GA,00002223601,TRULICITY ,2022,2,true,,,
MCOU,GA,00002223680,TRULICITY ,2022,2,false,416.000,208,183000.44
FFSU,GA,00002223680,TRULICITY ,2022,2,false,256.000,130,110432.39
MCOU,GA,00002318280,TRULICITY ,2022,2,false,184.000,92,80767.91
FFSU,GA,00002318280,TRULICITY ,2022,2,false,142.000,71,61260.22
MCOU,GA,00002143380,TRULICITY ,2022,1,false,1030.000,518,455017.90
FFSU,GA,00002143380,TRULICITY ,2022,1,false,368.000,187,157274.14
MCOU,GA,00002143401,TRULICITY ,2022,1,true,,,
FFSU,GA,00002143480,TRULICITY ,2022,1,false,515.000,258,219216.42
MCOU,GA,00002143480,TRULICITY ,2022,1,false,996.000,499,440623.43
FFSU,GA,00002223601,TRULICITY ,2022,1,true,,,
FFSU,GA,00002223680,TRULICITY ,2022,1,false,197.000,100,83739.94
MCOU,GA,00002223680,TRULICITY ,2022,1,false,358.000,180,157125.69
FFSU,GA,00002318280,TRULICITY ,2022,1,false,92.000,46,39446.36
MCOU,GA,00002318280,TRULICITY ,2022,1,false,127.000,64,55326.37
MCOU,HI,00002143301,TRULICITY ,2022,4,true,,,
MCOU,HI,00002143380,TRULICITY ,2022,4,false,868.000,384,344338.04
FFSU,HI,00002143380,TRULICITY ,2022,4,true,,,
MCOU,HI,00002143480,TRULICITY ,2022,4,false,1894.000,693,677832.70
MCOU,HI,00002223680,TRULICITY ,2022,4,false,568.000,225,225134.19
FFSU,HI,00002223680,TRULICITY ,2022,4,true,,,
MCOU,HI,00002318280,TRULICITY ,2022,4,false,390.000,149,149671.62
MCOU,HI,00002143380,TRULICITY ,2022,3,false,1598.000,708,497912.70
MCOU,HI,00002143480,TRULICITY ,2022,3,false,4044.500,967,804751.18
FFSU,HI,00002143480,TRULICITY ,2022,3,true,,,
MCOU,HI,00002223680,TRULICITY ,2022,3,false,1409.000,529,365537.74
MCOU,HI,00002318280,TRULICITY ,2022,3,false,646.000,265,188757.74
FFSU,HI,00002143380,TRULICITY ,2022,2,true,,,
MCOU,HI,00002143380,TRULICITY ,2022,2,false,1807.000,758,501182.57
MCOU,HI,00002143480,TRULICITY ,2022,2,false,4464.000,967,762490.46
MCOU,HI,00002223680,TRULICITY ,2022,2,false,1345.500,500,358063.80
MCOU,HI,00002318280,TRULICITY ,2022,2,false,514.000,190,156686.79
MCOU,HI,00002143301,TRULICITY ,2022,1,true,,,
MCOU,HI,00002143380,TRULICITY ,2022,1,false,952.000,415,376791.74
MCOU,HI,00002143480,TRULICITY ,2022,1,false,1996.000,628,596684.94
MCOU,HI,00002223680,TRULICITY ,2022,1,false,720.000,286,279470.73
MCOU,HI,00002318280,TRULICITY ,2022,1,false,288.000,105,111791.82
MCOU,IA,00002143380,TRULICITY ,2022,4,false,5209.500,2339,2220493.78
FFSU,IA,00002143380,TRULICITY ,2022,4,false,30.000,15,12960.36
FFSU,IA,00002143480,TRULICITY ,2022,4,false,46.000,23,18247.00
MCOU,IA,00002143480,TRULICITY ,2022,4,false,6252.500,2719,2666802.75
FFSU,IA,00002223680,TRULICITY ,2022,4,true,,,
MCOU,IA,00002223680,TRULICITY ,2022,4,false,2861.500,1238,1221845.74
MCOU,IA,00002318201,TRULICITY ,2022,4,true,,,
FFSU,IA,00002318280,TRULICITY ,2022,4,true,,,
MCOU,IA,00002318280,TRULICITY ,2022,4,false,1575.500,679,672648.10
MCOU,IA,00002143301,TRULICITY ,2022,3,true,,,
FFSU,IA,00002143380,TRULICITY ,2022,3,false,46.000,23,19881.66
MCOU,IA,00002143380,TRULICITY ,2022,3,false,5248.500,2322,2239827.91
MCOU,IA,00002143401,TRULICITY ,2022,3,true,,,
MCOU,IA,00002143480,TRULICITY ,2022,3,false,5877.500,2485,2511054.77
FFSU,IA,00002143480,TRULICITY ,2022,3,false,54.000,27,19191.90
MCOU,IA,00002223601,TRULICITY ,2022,3,true,,,
FFSU,IA,00002223680,TRULICITY ,2022,3,true,,,
MCOU,IA,00002223680,TRULICITY ,2022,3,false,2982.500,1263,1273865.90
MCOU,IA,00002318201,TRULICITY ,2022,3,false,6.500,13,2775.11
FFSU,IA,00002318280,TRULICITY ,2022,3,true,,,
MCOU,IA,00002318280,TRULICITY ,2022,3,false,1855.000,769,790923.14
MCOU,IA,00002143301,TRULICITY ,2022,2,true,,,
FFSU,IA,00002143380,TRULICITY ,2022,2,false,50.000,24,17757.80
MCOU,IA,00002143380,TRULICITY ,2022,2,false,4827.500,2152,2068096.84
FFSU,IA,00002143480,TRULICITY ,2022,2,false,52.000,24,20001.70
MCOU,IA,00002143480,TRULICITY ,2022,2,false,5546.000,2329,2378119.14
MCOU,IA,00002223601,TRULICITY ,2022,2,true,,,
FFSU,IA,00002223680,TRULICITY ,2022,2,true,,,
MCOU,IA,00002223680,TRULICITY ,2022,2,false,2758.500,1183,1182643.50
MCOU,IA,00002318201,TRULICITY ,2022,2,true,,,
FFSU,IA,00002318280,TRULICITY ,2022,2,true,,,
MCOU,IA,00002318280,TRULICITY ,2022,2,false,1479.500,601,633643.60
MCOU,IA,00002143380,TRULICITY ,2022,1,false,4415.500,1940,1881872.10
FFSU,IA,00002143380,TRULICITY ,2022,1,false,30.000,15,12270.73
MCOU,IA,00002143480,TRULICITY ,2022,1,false,5167.000,2184,2208376.70
FFSU,IA,00002143480,TRULICITY ,2022,1,false,28.000,14,11905.68
MCOU,IA,00002223601,TRULICITY ,2022,1,true,,,
MCOU,IA,00002223680,TRULICITY ,2022,1,false,1892.500,813,809468.32
FFSU,IA,00002223680,TRULICITY ,2022,1,true,,,
FFSU,IA,00002318280,TRULICITY ,2022,1,true,,,
MCOU,IA,00002318280,TRULICITY ,2022,1,false,898.500,397,383670.02
FFSU,ID,00002143361,TRULICITY ,2022,4,true,,,
FFSU,ID,00002143380,TRULICITY ,2022,4,false,1721.500,840,737516.69
FFSU,ID,00002143480,TRULICITY ,2022,4,false,2195.500,1043,942038.05
FFSU,ID,00002223680,TRULICITY ,2022,4,false,981.000,474,421288.14
FFSU,ID,00002318280,TRULICITY ,2022,4,false,478.000,225,205832.79
FFSU,ID,00002143380,TRULICITY ,2022,3,false,1573.500,767,676100.18
FFSU,ID,00002143480,TRULICITY ,2022,3,false,2304.000,1099,989981.80
FFSU,ID,00002223680,TRULICITY ,2022,3,false,979.500,470,420900.90
FFSU,ID,00002318280,TRULICITY ,2022,3,false,599.500,274,257915.30
FFSU,ID,00002143380,TRULICITY ,2022,2,false,1599.500,786,686210.48
FFSU,ID,00002143480,TRULICITY ,2022,2,false,2148.000,1026,921841.94
FFSU,ID,00002223680,TRULICITY ,2022,2,false,825.500,393,354116.10
FFSU,ID,00002318280,TRULICITY ,2022,2,false,458.000,216,197730.76
FFSU,ID,00002143380,TRULICITY ,2022,1,false,1480.500,727,627268.84
FFSU,ID,00002143480,TRULICITY ,2022,1,false,1781.000,843,761515.71
FFSU,ID,00002223680,TRULICITY ,2022,1,false,630.000,304,268666.41
FFSU,ID,00002318280,TRULICITY ,2022,1,false,372.000,180,161157.61
MCOU,IL,00002143301,TRULICITY ,2022,4,false,60.500,24,37142.01
FFSU,IL,00002143380,TRULICITY ,2022,4,false,846.000,348,356118.00
MCOU,IL,00002143380,TRULICITY ,2022,4,false,28190.500,12409,13586214.47
FFSU,IL,00002143401,TRULICITY ,2022,4,true,,,
MCOU,IL,00002143401,TRULICITY ,2022,4,false,46.000,19,21365.75
MCOU,IL,00002143480,TRULICITY ,2022,4,false,29753.500,12373,14517277.90
FFSU,IL,00002143480,TRULICITY ,2022,4,false,876.000,330,373103.33
MCOU,IL,00002223680,TRULICITY ,2022,4,false,10742.500,4585,5989950.37
FFSU,IL,00002223680,TRULICITY ,2022,4,false,326.000,124,147223.84
FFSU,IL,00002318201,TRULICITY ,2022,4,true,,,
MCOU,IL,00002318201,TRULICITY ,2022,4,false,26.000,11,22468.66
FFSU,IL,00002318280,TRULICITY ,2022,4,false,172.500,67,91602.42
MCOU,IL,00002318280,TRULICITY ,2022,4,false,5044.500,2174,2941116.05
FFSU,IL,00002143301,TRULICITY ,2022,3,true,,,
MCOU,IL,00002143301,TRULICITY ,2022,3,false,26.500,14,21075.21
FFSU,IL,00002143380,TRULICITY ,2022,3,false,705.000,291,279741.61
MCOU,IL,00002143380,TRULICITY ,2022,3,false,24483.000,10770,11339765.13
MCOU,IL,00002143401,TRULICITY ,2022,3,false,28.500,13,17318.08
FFSU,IL,00002143401,TRULICITY ,2022,3,true,,,
MCOU,IL,00002143480,TRULICITY ,2022,3,false,24740.000,10347,12125577.56
FFSU,IL,00002143480,TRULICITY ,2022,3,false,799.000,306,345419.40
MCOU,IL,00002223601,TRULICITY ,2022,3,true,,,
FFSU,IL,00002223680,TRULICITY ,2022,3,false,330.000,127,143831.58
MCOU,IL,00002223680,TRULICITY ,2022,3,false,9991.000,4194,5089430.37
FFSU,IL,00002318201,TRULICITY ,2022,3,true,,,
MCOU,IL,00002318201,TRULICITY ,2022,3,true,,,
FFSU,IL,00002318280,TRULICITY ,2022,3,false,262.000,98,114534.49
MCOU,IL,00002318280,TRULICITY ,2022,3,false,4822.500,1990,2443795.09
MCOU,IL,00002143301,TRULICITY ,2022,2,false,20.000,12,9264.72
FFSU,IL,00002143380,TRULICITY ,2022,2,false,452.000,176,170852.23
MCOU,IL,00002143380,TRULICITY ,2022,2,false,18312.000,8050,8192884.90
MCOU,IL,00002143401,TRULICITY ,2022,2,false,28.500,26,17797.64
FFSU,IL,00002143480,TRULICITY ,2022,2,false,642.000,229,270379.90
MCOU,IL,00002143480,TRULICITY ,2022,2,false,17785.000,7436,8905164.20
MCOU,IL,00002223601,TRULICITY ,2022,2,true,,,
FFSU,IL,00002223680,TRULICITY ,2022,2,false,246.000,95,103563.20
MCOU,IL,00002223680,TRULICITY ,2022,2,false,6488.000,2687,3293457.25
MCOU,IL,00002318201,TRULICITY ,2022,2,true,,,
FFSU,IL,00002318280,TRULICITY ,2022,2,false,120.000,46,52212.87
MCOU,IL,00002318280,TRULICITY ,2022,2,false,2585.500,1067,1364952.32
MCOU,IL,00002143301,TRULICITY ,2022,1,false,25.000,17,15403.24
MCOU,IL,00002143380,TRULICITY ,2022,1,false,14108.500,6308,6848126.18
FFSU,IL,00002143380,TRULICITY ,2022,1,false,404.000,158,153860.83
MCOU,IL,00002143401,TRULICITY ,2022,1,true,,,
FFSU,IL,00002143480,TRULICITY ,2022,1,false,508.500,178,197569.57
MCOU,IL,00002143480,TRULICITY ,2022,1,false,12291.000,5159,6661971.00
FFSU,IL,00002223680,TRULICITY ,2022,1,false,184.000,80,83075.03
MCOU,IL,00002223680,TRULICITY ,2022,1,false,3807.000,1589,2288920.33
MCOU,IL,00002318280,TRULICITY ,2022,1,false,1439.000,614,857746.56
FFSU,IL,00002318280,TRULICITY ,2022,1,false,45.000,15,18826.48
FFSU,IN,00002143301,TRULICITY ,2022,4,true,,,
MCOU,IN,00002143380,TRULICITY ,2022,4,false,8836.000,3989,3683612.76
FFSU,IN,00002143380,TRULICITY ,2022,4,false,1110.000,505,475017.32
MCOU,IN,00002143401,TRULICITY ,2022,4,true,,,
FFSU,IN,00002143480,TRULICITY ,2022,4,false,1126.000,486,479291.73
MCOU,IN,00002143480,TRULICITY ,2022,4,false,11634.000,4899,4821791.21
FFSU,IN,00002223680,TRULICITY ,2022,4,false,496.500,229,211312.45
MCOU,IN,00002223680,TRULICITY ,2022,4,false,4915.000,2127,2041083.37
MCOU,IN,00002318201,TRULICITY ,2022,4,true,,,
MCOU,IN,00002318280,TRULICITY ,2022,4,false,2532.500,1066,1049695.64
FFSU,IN,00002318280,TRULICITY ,2022,4,false,303.500,129,127137.30
MCOU,IN,00002143301,TRULICITY ,2022,3,true,,,
FFSU,IN,00002143301,TRULICITY ,2022,3,true,,,
FFSU,IN,00002143380,TRULICITY ,2022,3,false,943.500,444,403921.91
MCOU,IN,00002143380,TRULICITY ,2022,3,false,8928.000,3987,3707873.15
MCOU,IN,00002143480,TRULICITY ,2022,3,false,11282.500,4757,4680379.99
FFSU,IN,00002143480,TRULICITY ,2022,3,false,1049.000,443,447068.23
FFSU,IN,00002223680,TRULICITY ,2022,3,false,499.500,238,212592.51
MCOU,IN,00002223680,TRULICITY ,2022,3,false,5694.000,2395,2370597.66
FFSU,IN,00002318201,TRULICITY ,2022,3,true,,,
FFSU,IN,00002318280,TRULICITY ,2022,3,false,300.500,151,127681.43
MCOU,IN,00002318280,TRULICITY ,2022,3,false,3252.000,1326,1353543.71
MCOU,IN,00002143301,TRULICITY ,2022,2,true,,,
FFSU,IN,00002143301,TRULICITY ,2022,2,true,,,
MCOU,IN,00002143380,TRULICITY ,2022,2,false,8631.000,3859,3581099.87
FFSU,IN,00002143380,TRULICITY ,2022,2,false,746.000,351,320920.84
FFSU,IN,00002143401,TRULICITY ,2022,2,true,,,
MCOU,IN,00002143480,TRULICITY ,2022,2,false,10749.000,4578,4468504.73
FFSU,IN,00002143480,TRULICITY ,2022,2,false,1028.500,464,436339.54
FFSU,IN,00002223680,TRULICITY ,2022,2,false,462.000,225,197224.92
MCOU,IN,00002223680,TRULICITY ,2022,2,false,4996.500,2103,2085538.08
FFSU,IN,00002318280,TRULICITY ,2022,2,false,231.000,100,96661.49
MCOU,IN,00002318280,TRULICITY ,2022,2,false,2604.000,1082,1082800.40
MCOU,IN,00002143301,TRULICITY ,2022,1,true,,,
FFSU,IN,00002143301,TRULICITY ,2022,1,true,,,
MCOU,IN,00002143380,TRULICITY ,2022,1,false,7606.000,3409,3153913.51
FFSU,IN,00002143380,TRULICITY ,2022,1,false,800.000,390,339517.03
MCOU,IN,00002143480,TRULICITY ,2022,1,false,9885.500,4209,4106721.70
FFSU,IN,00002143480,TRULICITY ,2022,1,false,885.000,426,374438.90
MCOU,IN,00002223680,TRULICITY ,2022,1,false,4149.000,1758,1721508.40
FFSU,IN,00002223680,TRULICITY ,2022,1,false,286.500,134,121051.22
FFSU,IN,00002318280,TRULICITY ,2022,1,false,184.000,85,76955.59
MCOU,IN,00002318280,TRULICITY ,2022,1,false,2034.500,854,845041.02
MCOU,KS,00002143380,TRULICITY ,2022,4,false,1300.500,655,560349.86
MCOU,KS,00002143480,TRULICITY ,2022,4,false,1746.000,881,752409.42
MCOU,KS,00002223680,TRULICITY ,2022,4,false,774.000,392,334081.46
MCOU,KS,00002318280,TRULICITY ,2022,4,false,484.000,252,208801.22
MCOU,KS,00002143380,TRULICITY ,2022,3,false,1368.000,687,589455.90
MCOU,KS,00002143480,TRULICITY ,2022,3,false,1674.000,840,721603.46
MCOU,KS,00002223680,TRULICITY ,2022,3,false,803.000,405,346294.08
MCOU,KS,00002318280,TRULICITY ,2022,3,false,576.000,287,248412.72
MCOU,KS,00002143380,TRULICITY ,2022,2,false,1268.000,634,546396.75
MCOU,KS,00002143480,TRULICITY ,2022,2,false,1534.000,763,660951.50
MCOU,KS,00002223601,TRULICITY ,2022,2,true,,,
MCOU,KS,00002223680,TRULICITY ,2022,2,false,702.500,353,303165.44
MCOU,KS,00002318280,TRULICITY ,2022,2,false,438.000,219,188929.11
MCOU,KS,00002143380,TRULICITY ,2022,1,false,1057.000,535,142764.82
MCOU,KS,00002143480,TRULICITY ,2022,1,false,1356.000,674,197438.03
MCOU,KS,00002223601,TRULICITY ,2022,1,true,,,
MCOU,KS,00002223680,TRULICITY ,2022,1,false,592.000,303,87112.40
MCOU,KS,00002318280,TRULICITY ,2022,1,false,284.000,142,39326.28
MCOU,KY,00002143301,TRULICITY ,2022,4,true,,,
FFSU,KY,00002143380,TRULICITY ,2022,4,false,140.500,86,60518.78
MCOU,KY,00002143380,TRULICITY ,2022,4,false,4051.500,1735,1827022.69
MCOU,KY,00002143401,TRULICITY ,2022,4,true,,,
FFSU,KY,00002143480,TRULICITY ,2022,4,false,174.000,104,74922.39
MCOU,KY,00002143480,TRULICITY ,2022,4,false,6712.000,2735,2982270.00
MCOU,KY,00002223601,TRULICITY ,2022,4,true,,,
MCOU,KY,00002223680,TRULICITY ,2022,4,false,3308.000,1357,1461884.04
FFSU,KY,00002223680,TRULICITY ,2022,4,false,70.000,33,30172.53
MCOU,KY,00002318201,TRULICITY ,2022,4,true,,,
FFSU,KY,00002318280,TRULICITY ,2022,4,false,40.000,20,17224.68
MCOU,KY,00002318280,TRULICITY ,2022,4,false,1786.000,736,784883.50
MCOU,KY,00002143301,TRULICITY ,2022,3,true,,,
MCOU,KY,00002143380,TRULICITY ,2022,3,false,4447.500,1913,1992676.28
FFSU,KY,00002143380,TRULICITY ,2022,3,false,118.000,67,50824.29
MCOU,KY,00002143401,TRULICITY ,2022,3,true,,,
MCOU,KY,00002143480,TRULICITY ,2022,3,false,7471.000,3058,3296945.42
FFSU,KY,00002143480,TRULICITY ,2022,3,false,175.000,90,75337.32
MCOU,KY,00002223601,TRULICITY ,2022,3,true,,,
MCOU,KY,00002223680,TRULICITY ,2022,3,false,4205.500,1685,1840742.66
FFSU,KY,00002223680,TRULICITY ,2022,3,false,72.000,36,31013.92
MCOU,KY,00002318201,TRULICITY ,2022,3,true,,,
FFSU,KY,00002318280,TRULICITY ,2022,3,false,40.000,20,17256.60
MCOU,KY,00002318280,TRULICITY ,2022,3,false,2318.000,931,1022925.25
MCOU,KY,00002143301,TRULICITY ,2022,2,true,,,
FFSU,KY,00002143380,TRULICITY ,2022,2,false,104.500,55,44971.43
MCOU,KY,00002143380,TRULICITY ,2022,2,false,4939.000,2168,2190823.53
MCOU,KY,00002143401,TRULICITY ,2022,2,true,,,
FFSU,KY,00002143480,TRULICITY ,2022,2,false,119.000,59,51257.05
MCOU,KY,00002143480,TRULICITY ,2022,2,false,7834.500,3265,3464297.11
MCOU,KY,00002223601,TRULICITY ,2022,2,true,,,
FFSU,KY,00002223680,TRULICITY ,2022,2,false,62.000,29,26700.53
MCOU,KY,00002223680,TRULICITY ,2022,2,false,4100.000,1654,1791769.69
MCOU,KY,00002318201,TRULICITY ,2022,2,true,,,
FFSU,KY,00002318280,TRULICITY ,2022,2,false,31.000,16,13347.27
MCOU,KY,00002318280,TRULICITY ,2022,2,false,1956.500,812,873118.33
MCOU,KY,00002143301,TRULICITY ,2022,1,true,,,
FFSU,KY,00002143301,TRULICITY ,2022,1,true,,,
FFSU,KY,00002143380,TRULICITY ,2022,1,false,195.500,104,82614.03
MCOU,KY,00002143380,TRULICITY ,2022,1,false,8276.000,3678,3559368.17
MCOU,KY,00002143401,TRULICITY ,2022,1,true,,,
FFSU,KY,00002143401,TRULICITY ,2022,1,true,,,
FFSU,KY,00002143480,TRULICITY ,2022,1,false,171.000,86,72499.21
MCOU,KY,00002143480,TRULICITY ,2022,1,false,10383.000,4367,4487945.34
MCOU,KY,00002223601,TRULICITY ,2022,1,true,,,
FFSU,KY,00002223680,TRULICITY ,2022,1,false,75.000,36,31877.86
MCOU,KY,00002223680,TRULICITY ,2022,1,false,4394.000,1831,1890109.26
MCOU,KY,00002318201,TRULICITY ,2022,1,true,,,
MCOU,KY,00002318280,TRULICITY ,2022,1,false,106.000,43,44719.90
FFSU,KY,00002318280,TRULICITY ,2022,1,true,,,
MCOU,LA,00002143301,TRULICITY ,2022,4,false,46.000,19,20495.90
FFSU,LA,00002143380,TRULICITY ,2022,4,false,133.500,73,57635.06
MCOU,LA,00002143380,TRULICITY ,2022,4,false,17827.000,8408,7791268.98
MCOU,LA,00002143401,TRULICITY ,2022,4,false,64.000,32,27993.25
FFSU,LA,00002143480,TRULICITY ,2022,4,false,194.000,105,83737.04
MCOU,LA,00002143480,TRULICITY ,2022,4,false,23051.000,10684,10065572.27
MCOU,LA,00002223601,TRULICITY ,2022,4,false,28.000,14,12359.98
FFSU,LA,00002223680,TRULICITY ,2022,4,false,127.500,65,54910.84
MCOU,LA,00002223680,TRULICITY ,2022,4,false,8802.500,4214,3834973.80
MCOU,LA,00002318201,TRULICITY ,2022,4,true,,,
FFSU,LA,00002318201,TRULICITY ,2022,4,true,,,
MCOU,LA,00002318280,TRULICITY ,2022,4,false,4481.000,2110,1956643.25
FFSU,LA,00002318280,TRULICITY ,2022,4,false,48.000,24,20718.62
MCOU,LA,00002143301,TRULICITY ,2022,3,false,30.500,16,15314.17
FFSU,LA,00002143380,TRULICITY ,2022,3,false,146.500,82,63228.20
MCOU,LA,00002143380,TRULICITY ,2022,3,false,17559.500,8232,7630021.63
MCOU,LA,00002143401,TRULICITY ,2022,3,false,44.000,21,19261.02
FFSU,LA,00002143401,TRULICITY ,2022,3,true,,,
FFSU,LA,00002143480,TRULICITY ,2022,3,false,183.000,96,78378.68
MCOU,LA,00002143480,TRULICITY ,2022,3,false,21756.500,10058,9438303.84
MCOU,LA,00002223601,TRULICITY ,2022,3,false,46.000,23,19982.57
FFSU,LA,00002223680,TRULICITY ,2022,3,false,127.500,66,54666.81
MCOU,LA,00002223680,TRULICITY ,2022,3,false,9499.000,4519,4122973.28
MCOU,LA,00002318201,TRULICITY ,2022,3,false,30.000,15,13086.68
FFSU,LA,00002318280,TRULICITY ,2022,3,false,45.000,21,19406.97
MCOU,LA,00002318280,TRULICITY ,2022,3,false,5140.000,2383,2229416.12
MCOU,LA,00002143301,TRULICITY ,2022,2,false,37.000,17,16438.27
FFSU,LA,00002143380,TRULICITY ,2022,2,false,115.500,58,49766.04
MCOU,LA,00002143380,TRULICITY ,2022,2,false,16587.000,7762,7207146.77
MCOU,LA,00002143401,TRULICITY ,2022,2,false,40.000,20,17470.05
MCOU,LA,00002143480,TRULICITY ,2022,2,false,20036.000,9293,8696106.44
FFSU,LA,00002143480,TRULICITY ,2022,2,false,135.000,68,58214.24
MCOU,LA,00002223601,TRULICITY ,2022,2,false,36.000,18,15777.98
MCOU,LA,00002223680,TRULICITY ,2022,2,false,7957.000,3765,3455122.58
FFSU,LA,00002223680,TRULICITY ,2022,2,false,93.500,47,39318.48
FFSU,LA,00002318201,TRULICITY ,2022,2,true,,,
MCOU,LA,00002318201,TRULICITY ,2022,2,true,,,
FFSU,LA,00002318280,TRULICITY ,2022,2,false,42.000,22,18139.78
MCOU,LA,00002318280,TRULICITY ,2022,2,false,3837.000,1781,1665164.53
MCOU,LA,00002143301,TRULICITY ,2022,1,false,36.000,15,15928.81
FFSU,LA,00002143380,TRULICITY ,2022,1,false,122.000,59,52050.98
MCOU,LA,00002143380,TRULICITY ,2022,1,false,13290.500,6273,5755667.97
MCOU,LA,00002143401,TRULICITY ,2022,1,false,28.000,14,12279.55
FFSU,LA,00002143480,TRULICITY ,2022,1,false,170.000,79,72111.62
MCOU,LA,00002143480,TRULICITY ,2022,1,false,16724.500,7754,7241013.90
MCOU,LA,00002223601,TRULICITY ,2022,1,false,36.000,18,15771.95
MCOU,LA,00002223680,TRULICITY ,2022,1,false,5913.500,2795,2555207.30
FFSU,LA,00002223680,TRULICITY ,2022,1,false,97.000,49,40957.11
MCOU,LA,00002318201,TRULICITY ,2022,1,true,,,
FFSU,LA,00002318201,TRULICITY ,2022,1,true,,,
MCOU,LA,00002318280,TRULICITY ,2022,1,false,2555.000,1176,1104664.86
FFSU,LA,00002318280,TRULICITY ,2022,1,false,36.000,19,15387.26
FFSU,MA,00002143301,TRULICITY ,2022,4,true,,,
MCOU,MA,00002143301,TRULICITY ,2022,4,true,,,
FFSU,MA,00002143380,TRULICITY ,2022,4,false,11162.000,5524,4777571.82
MCOU,MA,00002143380,TRULICITY ,2022,4,false,12418.000,5718,5418463.76
MCOU,MA,00002143401,TRULICITY ,2022,4,true,,,
FFSU,MA,00002143401,TRULICITY ,2022,4,true,,,
FFSU,MA,00002143480,TRULICITY ,2022,4,false,12244.000,5984,5243789.50
MCOU,MA,00002143480,TRULICITY ,2022,4,false,13942.000,6249,6074688.59
MCOU,MA,00002223601,TRULICITY ,2022,4,false,42.000,21,17862.98
FFSU,MA,00002223601,TRULICITY ,2022,4,true,,,
MCOU,MA,00002223680,TRULICITY ,2022,4,false,5836.500,2604,2536197.03
FFSU,MA,00002223680,TRULICITY ,2022,4,false,5640.000,2744,2421251.33
MCOU,MA,00002318201,TRULICITY ,2022,4,true,,,
FFSU,MA,00002318201,TRULICITY ,2022,4,false,24.000,12,10766.96
MCOU,MA,00002318280,TRULICITY ,2022,4,false,2388.000,1059,1032855.19
FFSU,MA,00002318280,TRULICITY ,2022,4,false,2342.000,1146,1007733.92
MCOU,MA,00002143301,TRULICITY ,2022,3,true,,,
FFSU,MA,00002143301,TRULICITY ,2022,3,true,,,
FFSU,MA,00002143380,TRULICITY ,2022,3,false,11222.000,4436,4792586.53
MCOU,MA,00002143380,TRULICITY ,2022,3,false,12472.000,5451,5405419.64
MCOU,MA,00002143401,TRULICITY ,2022,3,true,,,
FFSU,MA,00002143401,TRULICITY ,2022,3,true,,,
MCOU,MA,00002143480,TRULICITY ,2022,3,false,13136.000,5439,5680993.45
FFSU,MA,00002143480,TRULICITY ,2022,3,false,12328.000,4482,5268464.56
MCOU,MA,00002223601,TRULICITY ,2022,3,false,39.000,19,16385.47
FFSU,MA,00002223601,TRULICITY ,2022,3,true,,,
FFSU,MA,00002223680,TRULICITY ,2022,3,false,5570.500,2018,2383977.56
MCOU,MA,00002223680,TRULICITY ,2022,3,false,6205.500,2465,2679032.28
MCOU,MA,00002318201,TRULICITY ,2022,3,true,,,
FFSU,MA,00002318201,TRULICITY ,2022,3,true,,,
FFSU,MA,00002318280,TRULICITY ,2022,3,false,3192.000,1141,1356028.67
MCOU,MA,00002318280,TRULICITY ,2022,3,false,3450.000,1326,1486200.73
MCOU,MA,00002143301,TRULICITY ,2022,2,true,,,
FFSU,MA,00002143380,TRULICITY ,2022,2,false,10490.000,4146,4477982.92
MCOU,MA,00002143380,TRULICITY ,2022,2,false,11253.000,4982,4849635.90
FFSU,MA,00002143401,TRULICITY ,2022,2,false,28.000,13,12542.10
MCOU,MA,00002143401,TRULICITY ,2022,2,true,,,
FFSU,MA,00002143480,TRULICITY ,2022,2,false,11568.000,4234,4937245.32
MCOU,MA,00002143480,TRULICITY ,2022,2,false,12182.000,5027,5224687.05
MCOU,MA,00002223601,TRULICITY ,2022,2,false,27.500,16,11845.99
FFSU,MA,00002223601,TRULICITY ,2022,2,true,,,
MCOU,MA,00002223680,TRULICITY ,2022,2,false,5581.000,2203,2390229.72
FFSU,MA,00002223680,TRULICITY ,2022,2,false,5121.000,1860,2184298.00
MCOU,MA,00002318201,TRULICITY ,2022,2,true,,,
FFSU,MA,00002318201,TRULICITY ,2022,2,true,,,
MCOU,MA,00002318280,TRULICITY ,2022,2,false,2760.000,1077,1184148.94
FFSU,MA,00002318280,TRULICITY ,2022,2,false,2262.000,819,964313.14
MCOU,MA,00002143301,TRULICITY ,2022,1,true,,,
MCOU,MA,00002143380,TRULICITY ,2022,1,false,10370.500,4574,4382485.22
FFSU,MA,00002143380,TRULICITY ,2022,1,false,8190.000,3264,3478163.29
FFSU,MA,00002143401,TRULICITY ,2022,1,true,,,
MCOU,MA,00002143480,TRULICITY ,2022,1,false,11532.000,4814,4857257.86
FFSU,MA,00002143480,TRULICITY ,2022,1,false,9087.500,3295,3856776.47
MCOU,MA,00002223601,TRULICITY ,2022,1,false,23.000,13,9854.47
FFSU,MA,00002223601,TRULICITY ,2022,1,true,,,
FFSU,MA,00002223680,TRULICITY ,2022,1,false,3725.500,1346,1582885.52
MCOU,MA,00002223680,TRULICITY ,2022,1,false,4629.000,1866,1935244.18
MCOU,MA,00002318201,TRULICITY ,2022,1,true,,,
FFSU,MA,00002318201,TRULICITY ,2022,1,true,,,
FFSU,MA,00002318280,TRULICITY ,2022,1,false,1329.000,471,565091.88
MCOU,MA,00002318280,TRULICITY ,2022,1,false,2131.500,854,896169.38
FFSU,MD,00002143301,TRULICITY ,2022,4,false,8.500,12,3769.80
MCOU,MD,00002143301,TRULICITY ,2022,4,false,52.000,20,22202.91
FFSU,MD,00002143380,TRULICITY ,2022,4,false,351.500,209,151589.44
MCOU,MD,00002143380,TRULICITY ,2022,4,false,7756.500,3705,3479682.30
MCOU,MD,00002143401,TRULICITY ,2022,4,false,34.000,15,14458.73
FFSU,MD,00002143401,TRULICITY ,2022,4,false,17.000,13,7438.04
MCOU,MD,00002143480,TRULICITY ,2022,4,false,10411.000,4691,4469039.94
FFSU,MD,00002143480,TRULICITY ,2022,4,false,278.000,159,119833.73
MCOU,MD,00002223601,TRULICITY ,2022,4,false,24.000,12,10346.80
FFSU,MD,00002223601,TRULICITY ,2022,4,true,,,
FFSU,MD,00002223680,TRULICITY ,2022,4,false,101.000,55,43607.20
MCOU,MD,00002223680,TRULICITY ,2022,4,false,4614.000,2048,1983962.56
MCOU,MD,00002318201,TRULICITY ,2022,4,false,24.000,12,10423.33
FFSU,MD,00002318280,TRULICITY ,2022,4,false,43.000,25,18590.85
MCOU,MD,00002318280,TRULICITY ,2022,4,false,2270.000,1001,970434.59
FFSU,MD,00002143301,TRULICITY ,2022,3,false,8.500,11,3765.08
MCOU,MD,00002143301,TRULICITY ,2022,3,false,46.000,17,19654.00
MCOU,MD,00002143380,TRULICITY ,2022,3,false,7816.500,3564,3340003.69
FFSU,MD,00002143380,TRULICITY ,2022,3,false,305.000,181,132419.96
FFSU,MD,00002143401,TRULICITY ,2022,3,true,,,
MCOU,MD,00002143401,TRULICITY ,2022,3,false,37.500,19,16016.09
MCOU,MD,00002143480,TRULICITY ,2022,3,false,10050.500,4458,4288700.25
FFSU,MD,00002143480,TRULICITY ,2022,3,false,286.500,164,123591.28
FFSU,MD,00002223601,TRULICITY ,2022,3,true,,,
MCOU,MD,00002223601,TRULICITY ,2022,3,false,28.000,14,14515.26
MCOU,MD,00002223680,TRULICITY ,2022,3,false,4841.500,2160,2063773.60
FFSU,MD,00002223680,TRULICITY ,2022,3,false,115.000,69,52257.66
MCOU,MD,00002318201,TRULICITY ,2022,3,false,34.000,15,14574.22
FFSU,MD,00002318280,TRULICITY ,2022,3,false,39.000,21,18123.07
MCOU,MD,00002318280,TRULICITY ,2022,3,false,2541.500,1128,1083788.01
FFSU,MD,00002143301,TRULICITY ,2022,2,false,8.000,14,3576.10
MCOU,MD,00002143301,TRULICITY ,2022,2,false,48.500,23,20793.21
FFSU,MD,00002143380,TRULICITY ,2022,2,false,257.500,162,111051.75
MCOU,MD,00002143380,TRULICITY ,2022,2,false,7526.000,3518,3260654.14
MCOU,MD,00002143401,TRULICITY ,2022,2,false,52.500,23,22452.70
FFSU,MD,00002143401,TRULICITY ,2022,2,false,18.000,16,7905.58
MCOU,MD,00002143480,TRULICITY ,2022,2,false,9703.050,4357,4174266.53
FFSU,MD,00002143480,TRULICITY ,2022,2,false,263.500,149,113657.24
MCOU,MD,00002223601,TRULICITY ,2022,2,true,,,
FFSU,MD,00002223601,TRULICITY ,2022,2,true,,,
FFSU,MD,00002223680,TRULICITY ,2022,2,false,76.500,42,33009.68
MCOU,MD,00002223680,TRULICITY ,2022,2,false,4421.500,1952,1926683.25
MCOU,MD,00002318201,TRULICITY ,2022,2,false,38.000,16,16460.03
FFSU,MD,00002318280,TRULICITY ,2022,2,false,36.000,15,15501.47
MCOU,MD,00002318280,TRULICITY ,2022,2,false,1981.000,886,851479.10
FFSU,MD,00002143301,TRULICITY ,2022,1,true,,,
MCOU,MD,00002143301,TRULICITY ,2022,1,false,30.000,15,12919.74
MCOU,MD,00002143380,TRULICITY ,2022,1,false,7535.500,3436,3245771.45
FFSU,MD,00002143380,TRULICITY ,2022,1,false,206.000,121,89985.94
FFSU,MD,00002143401,TRULICITY ,2022,1,false,9.500,14,4222.37
MCOU,MD,00002143401,TRULICITY ,2022,1,false,68.000,30,28723.11
MCOU,MD,00002143480,TRULICITY ,2022,1,false,9523.000,4244,4106217.82
FFSU,MD,00002143480,TRULICITY ,2022,1,false,242.000,130,103184.14
FFSU,MD,00002223601,TRULICITY ,2022,1,true,,,
MCOU,MD,00002223601,TRULICITY ,2022,1,true,,,
FFSU,MD,00002223680,TRULICITY ,2022,1,false,56.000,29,23940.86
MCOU,MD,00002223680,TRULICITY ,2022,1,false,4024.500,1783,1730956.42
MCOU,MD,00002318201,TRULICITY ,2022,1,false,32.000,16,13809.84
MCOU,MD,00002318280,TRULICITY ,2022,1,false,1392.000,621,605019.50
FFSU,MD,00002318280,TRULICITY ,2022,1,true,,,
FFSU,ME,00002143380,TRULICITY ,2022,4,false,2997.000,1503,1291236.63
FFSU,ME,00002143401,TRULICITY ,2022,4,true,,,
FFSU,ME,00002143480,TRULICITY ,2022,4,false,3260.500,1585,1401754.50
FFSU,ME,00002223601,TRULICITY ,2022,4,true,,,
FFSU,ME,00002223680,TRULICITY ,2022,4,false,1467.000,711,631221.25
FFSU,ME,00002318201,TRULICITY ,2022,4,true,,,
FFSU,ME,00002318280,TRULICITY ,2022,4,false,764.000,378,328904.62
FFSU,ME,00002143301,TRULICITY ,2022,3,true,,,
FFSU,ME,00002143380,TRULICITY ,2022,3,false,2816.000,1410,1213398.41
FFSU,ME,00002143401,TRULICITY ,2022,3,true,,,
FFSU,ME,00002143480,TRULICITY ,2022,3,false,2971.500,1456,1275785.25
FFSU,ME,00002223601,TRULICITY ,2022,3,true,,,
FFSU,ME,00002223680,TRULICITY ,2022,3,false,1378.000,675,589804.09
FFSU,ME,00002318201,TRULICITY ,2022,3,true,,,
FFSU,ME,00002318280,TRULICITY ,2022,3,false,891.000,438,383200.68
FFSU,ME,00002143380,TRULICITY ,2022,2,false,2659.500,1330,1145571.44
FFSU,ME,00002143401,TRULICITY ,2022,2,true,,,
FFSU,ME,00002143480,TRULICITY ,2022,2,false,2826.500,1404,1213942.29
FFSU,ME,00002223601,TRULICITY ,2022,2,true,,,
FFSU,ME,00002223680,TRULICITY ,2022,2,false,1281.500,626,551014.09
FFSU,ME,00002318201,TRULICITY ,2022,2,true,,,
FFSU,ME,00002318280,TRULICITY ,2022,2,false,728.500,351,312904.03
FFSU,ME,00002143301,TRULICITY ,2022,1,true,,,
FFSU,ME,00002143380,TRULICITY ,2022,1,false,2270.000,1154,957501.17
FFSU,ME,00002143480,TRULICITY ,2022,1,false,2665.000,1312,1129746.02
FFSU,ME,00002223601,TRULICITY ,2022,1,true,,,
FFSU,ME,00002223680,TRULICITY ,2022,1,false,1126.000,546,477100.37
FFSU,ME,00002318201,TRULICITY ,2022,1,true,,,
FFSU,ME,00002318280,TRULICITY ,2022,1,false,518.000,247,219509.58
FFSU,MI,00002143301,TRULICITY ,2022,4,true,,,
MCOU,MI,00002143301,TRULICITY ,2022,4,false,31.000,15,13047.22
MCOU,MI,00002143380,TRULICITY ,2022,4,false,28902.500,12714,12341568.02
FFSU,MI,00002143380,TRULICITY ,2022,4,false,1409.000,662,560823.44
FFSU,MI,00002143401,TRULICITY ,2022,4,true,,,
MCOU,MI,00002143401,TRULICITY ,2022,4,false,38.500,20,16735.75
FFSU,MI,00002143480,TRULICITY ,2022,4,false,1613.000,692,612670.96
MCOU,MI,00002143480,TRULICITY ,2022,4,false,32116.500,13283,13743067.96
MCOU,MI,00002223601,TRULICITY ,2022,4,true,,,
MCOU,MI,00002223680,TRULICITY ,2022,4,false,11758.000,4932,5004795.48
FFSU,MI,00002223680,TRULICITY ,2022,4,false,772.000,355,302292.86
MCOU,MI,00002318201,TRULICITY ,2022,4,true,,,
MCOU,MI,00002318280,TRULICITY ,2022,4,false,6720.000,2789,2861669.14
FFSU,MI,00002318280,TRULICITY ,2022,4,false,412.500,170,153128.05
MCOU,MI,00002143301,TRULICITY ,2022,3,false,36.000,18,15123.92
FFSU,MI,00002143380,TRULICITY ,2022,3,false,1333.500,623,543020.27
MCOU,MI,00002143380,TRULICITY ,2022,3,false,26134.000,11407,11121605.32
MCOU,MI,00002143401,TRULICITY ,2022,3,false,24.000,12,10089.89
FFSU,MI,00002143401,TRULICITY ,2022,3,true,,,
MCOU,MI,00002143480,TRULICITY ,2022,3,false,26331.500,10906,11195151.17
FFSU,MI,00002143480,TRULICITY ,2022,3,false,1524.000,648,582533.64
MCOU,MI,00002223601,TRULICITY ,2022,3,true,,,
FFSU,MI,00002223680,TRULICITY ,2022,3,false,863.500,363,329993.38
MCOU,MI,00002223680,TRULICITY ,2022,3,false,12153.000,4924,5164684.26
MCOU,MI,00002318201,TRULICITY ,2022,3,true,,,
MCOU,MI,00002318280,TRULICITY ,2022,3,false,7415.000,2950,3152454.68
FFSU,MI,00002318280,TRULICITY ,2022,3,false,466.000,197,180019.58
MCOU,MI,00002143301,TRULICITY ,2022,2,true,,,
FFSU,MI,00002143301,TRULICITY ,2022,2,true,,,
MCOU,MI,00002143380,TRULICITY ,2022,2,false,22530.000,9840,9585232.60
FFSU,MI,00002143380,TRULICITY ,2022,2,false,1595.500,708,650168.19
MCOU,MI,00002143401,TRULICITY ,2022,2,true,,,
FFSU,MI,00002143401,TRULICITY ,2022,2,true,,,
MCOU,MI,00002143480,TRULICITY ,2022,2,false,22416.000,9292,9539060.82
FFSU,MI,00002143480,TRULICITY ,2022,2,false,1665.000,692,654581.37
FFSU,MI,00002223601,TRULICITY ,2022,2,true,,,
MCOU,MI,00002223601,TRULICITY ,2022,2,true,,,
FFSU,MI,00002223680,TRULICITY ,2022,2,false,856.500,331,330260.54
MCOU,MI,00002223680,TRULICITY ,2022,2,false,9894.500,4048,4204683.51
MCOU,MI,00002318201,TRULICITY ,2022,2,true,,,
MCOU,MI,00002318280,TRULICITY ,2022,2,false,5099.500,2065,2167177.73
FFSU,MI,00002318280,TRULICITY ,2022,2,false,350.500,149,142672.74
MCOU,MI,00002143301,TRULICITY ,2022,1,true,,,
FFSU,MI,00002143301,TRULICITY ,2022,1,true,,,
MCOU,MI,00002143380,TRULICITY ,2022,1,false,17951.500,7926,7618105.14
FFSU,MI,00002143380,TRULICITY ,2022,1,false,1290.500,570,524033.48
FFSU,MI,00002143401,TRULICITY ,2022,1,true,,,
MCOU,MI,00002143401,TRULICITY ,2022,1,false,34.000,17,14857.45
FFSU,MI,00002143480,TRULICITY ,2022,1,false,1396.500,564,550034.76
MCOU,MI,00002143480,TRULICITY ,2022,1,false,17426.000,7356,7401085.28
MCOU,MI,00002223601,TRULICITY ,2022,1,true,,,
MCOU,MI,00002223680,TRULICITY ,2022,1,false,7056.000,2924,2994937.44
FFSU,MI,00002223680,TRULICITY ,2022,1,false,545.500,236,218080.18
MCOU,MI,00002318201,TRULICITY ,2022,1,false,22.000,11,9112.26
MCOU,MI,00002318280,TRULICITY ,2022,1,false,3097.500,1256,1311056.89
FFSU,MI,00002318280,TRULICITY ,2022,1,false,260.000,105,100666.30
FFSU,MN,00002143380,TRULICITY ,2022,4,false,34.000,15,12904.19
MCOU,MN,00002143380,TRULICITY ,2022,4,false,669.000,330,297271.62
MCOU,MN,00002143401,TRULICITY ,2022,4,true,,,
MCOU,MN,00002143480,TRULICITY ,2022,4,false,1485.000,738,665768.67
FFSU,MN,00002143480,TRULICITY ,2022,4,false,80.000,39,33480.32
FFSU,MN,00002223680,TRULICITY ,2022,4,false,29.000,15,12720.56
MCOU,MN,00002223680,TRULICITY ,2022,4,false,708.500,348,308291.32
FFSU,MN,00002318280,TRULICITY ,2022,4,false,40.000,20,17527.00
MCOU,MN,00002318280,TRULICITY ,2022,4,false,472.000,232,206515.31
MCOU,MN,00002143380,TRULICITY ,2022,3,false,626.000,311,277165.42
FFSU,MN,00002143380,TRULICITY ,2022,3,false,26.000,13,9887.19
MCOU,MN,00002143401,TRULICITY ,2022,3,true,,,
FFSU,MN,00002143480,TRULICITY ,2022,3,false,66.000,33,27664.44
MCOU,MN,00002143480,TRULICITY ,2022,3,false,1383.500,699,608416.90
MCOU,MN,00002223680,TRULICITY ,2022,3,false,766.000,378,334397.79
FFSU,MN,00002223680,TRULICITY ,2022,3,false,48.000,24,21045.60
FFSU,MN,00002318280,TRULICITY ,2022,3,false,50.000,25,21909.50
MCOU,MN,00002318280,TRULICITY ,2022,3,false,475.000,235,207348.56
MCOU,MN,00002143380,TRULICITY ,2022,2,false,721.000,351,317485.63
FFSU,MN,00002143380,TRULICITY ,2022,2,true,,,
MCOU,MN,00002143401,TRULICITY ,2022,2,true,,,
FFSU,MN,00002143480,TRULICITY ,2022,2,false,50.000,25,20960.00
MCOU,MN,00002143480,TRULICITY ,2022,2,false,1462.500,728,642018.72
MCOU,MN,00002223680,TRULICITY ,2022,2,false,684.000,334,298694.01
FFSU,MN,00002223680,TRULICITY ,2022,2,false,58.000,29,25433.35
MCOU,MN,00002318280,TRULICITY ,2022,2,false,235.000,112,104607.07
FFSU,MN,00002318280,TRULICITY ,2022,2,true,,,
FFSU,MN,00002143380,TRULICITY ,2022,1,false,24.000,12,9151.56
MCOU,MN,00002143380,TRULICITY ,2022,1,false,375.000,187,165473.04
MCOU,MN,00002143401,TRULICITY ,2022,1,true,,,
FFSU,MN,00002143480,TRULICITY ,2022,1,false,86.000,43,35673.33
MCOU,MN,00002143480,TRULICITY ,2022,1,false,1319.000,639,578882.45
MCOU,MN,00002223680,TRULICITY ,2022,1,false,578.000,288,255507.01
FFSU,MN,00002223680,TRULICITY ,2022,1,false,42.000,21,18233.88
FFSU,MN,00002318280,TRULICITY ,2022,1,true,,,
MCOU,MN,00002318280,TRULICITY ,2022,1,false,160.000,77,70741.97
FFSU,MO,00002143301,TRULICITY ,2022,4,true,,,
FFSU,MO,00002143380,TRULICITY ,2022,4,false,10205.000,5122,4385896.88
FFSU,MO,00002143401,TRULICITY ,2022,4,true,,,
FFSU,MO,00002143480,TRULICITY ,2022,4,false,9703.500,4851,4155251.56
FFSU,MO,00002223601,TRULICITY ,2022,4,true,,,
FFSU,MO,00002223680,TRULICITY ,2022,4,false,3627.000,1822,1545185.36
FFSU,MO,00002318280,TRULICITY ,2022,4,false,2029.000,1023,870801.58
FFSU,MO,00002143301,TRULICITY ,2022,3,true,,,
FFSU,MO,00002143380,TRULICITY ,2022,3,false,8086.500,4048,3451407.03
FFSU,MO,00002143401,TRULICITY ,2022,3,true,,,
FFSU,MO,00002143480,TRULICITY ,2022,3,false,7112.500,3574,3032274.14
FFSU,MO,00002223680,TRULICITY ,2022,3,false,2732.500,1370,1170368.14
FFSU,MO,00002318201,TRULICITY ,2022,3,true,,,
FFSU,MO,00002318280,TRULICITY ,2022,3,false,1638.000,821,696696.18
FFSU,MO,00002143301,TRULICITY ,2022,2,true,,,
FFSU,MO,00002143380,TRULICITY ,2022,2,false,5510.500,2756,2351323.76
FFSU,MO,00002143401,TRULICITY ,2022,2,true,,,
FFSU,MO,00002143480,TRULICITY ,2022,2,false,4742.000,2389,2013077.96
FFSU,MO,00002223601,TRULICITY ,2022,2,true,,,
FFSU,MO,00002223680,TRULICITY ,2022,2,false,1881.000,942,801747.10
FFSU,MO,00002318280,TRULICITY ,2022,2,false,785.500,396,334382.41
FFSU,MO,00002143301,TRULICITY ,2022,1,true,,,
FFSU,MO,00002143380,TRULICITY ,2022,1,false,3427.000,1720,1436820.96
FFSU,MO,00002143401,TRULICITY ,2022,1,true,,,
FFSU,MO,00002143480,TRULICITY ,2022,1,false,2868.000,1437,1197190.73
FFSU,MO,00002223680,TRULICITY ,2022,1,false,984.000,495,412638.54
FFSU,MO,00002318280,TRULICITY ,2022,1,false,316.000,158,130241.41
MCOU,MS,00002143301,TRULICITY ,2022,4,true,,,
MCOU,MS,00002143380,TRULICITY ,2022,4,false,66.000,33,28717.46
FFSU,MS,00002143380,TRULICITY ,2022,4,false,52.000,26,22428.12
FFSU,MS,00002143480,TRULICITY ,2022,4,false,54.000,27,23424.12
MCOU,MS,00002143480,TRULICITY ,2022,4,false,178.000,87,74358.45
FFSU,MS,00002223680,TRULICITY ,2022,4,false,32.000,14,13790.71
MCOU,MS,00002223680,TRULICITY ,2022,4,false,48.000,24,20780.12
MCOU,MS,00002318201,TRULICITY ,2022,4,true,,,
MCOU,MS,00002318280,TRULICITY ,2022,4,false,64.000,32,27669.36
FFSU,MS,00002318280,TRULICITY ,2022,4,true,,,
FFSU,MS,00002143380,TRULICITY ,2022,3,false,40.000,20,17241.11
MCOU,MS,00002143380,TRULICITY ,2022,3,false,92.000,46,39730.52
MCOU,MS,00002143480,TRULICITY ,2022,3,false,184.000,90,79339.94
FFSU,MS,00002143480,TRULICITY ,2022,3,false,58.000,29,25002.95
FFSU,MS,00002223680,TRULICITY ,2022,3,false,54.000,27,23309.91
MCOU,MS,00002223680,TRULICITY ,2022,3,false,94.000,47,39727.47
MCOU,MS,00002318201,TRULICITY ,2022,3,true,,,
FFSU,MS,00002318280,TRULICITY ,2022,3,true,,,
MCOU,MS,00002318280,TRULICITY ,2022,3,false,96.000,48,41450.04
MCOU,MS,00002143380,TRULICITY ,2022,2,false,112.000,56,46745.30
FFSU,MS,00002143380,TRULICITY ,2022,2,false,34.500,18,14888.66
FFSU,MS,00002143480,TRULICITY ,2022,2,false,74.000,37,31874.20
MCOU,MS,00002143480,TRULICITY ,2022,2,false,154.000,77,64732.53
FFSU,MS,00002223680,TRULICITY ,2022,2,false,38.000,19,16403.27
MCOU,MS,00002223680,TRULICITY ,2022,2,false,78.000,39,33268.17
FFSU,MS,00002318280,TRULICITY ,2022,2,true,,,
MCOU,MS,00002318280,TRULICITY ,2022,2,false,102.000,49,40803.93
MCOU,MS,00002143380,TRULICITY ,2022,1,false,134.000,67,55905.40
FFSU,MS,00002143380,TRULICITY ,2022,1,true,,,
FFSU,MS,00002143480,TRULICITY ,2022,1,false,74.000,37,31671.60
MCOU,MS,00002143480,TRULICITY ,2022,1,false,146.000,69,61117.16
FFSU,MS,00002223680,TRULICITY ,2022,1,false,24.000,12,10359.96
MCOU,MS,00002223680,TRULICITY ,2022,1,false,88.000,44,37424.14
MCOU,MS,00002318201,TRULICITY ,2022,1,true,,,
FFSU,MS,00002318280,TRULICITY ,2022,1,true,,,
MCOU,MS,00002318280,TRULICITY ,2022,1,false,56.500,29,24187.05
FFSU,MT,00002143380,TRULICITY ,2022,4,false,1402.500,630,607017.78
FFSU,MT,00002143480,TRULICITY ,2022,4,false,1990.500,818,861113.97
FFSU,MT,00002223680,TRULICITY ,2022,4,false,1145.000,497,496189.42
FFSU,MT,00002318280,TRULICITY ,2022,4,false,498.000,217,213397.47
FFSU,MT,00002143380,TRULICITY ,2022,3,false,1440.500,633,622662.95
FFSU,MT,00002143480,TRULICITY ,2022,3,false,1958.000,799,846822.29
FFSU,MT,00002223601,TRULICITY ,2022,3,true,,,
FFSU,MT,00002223680,TRULICITY ,2022,3,false,1173.000,517,507835.29
FFSU,MT,00002318280,TRULICITY ,2022,3,false,622.000,239,268257.72
FFSU,MT,00002143380,TRULICITY ,2022,2,false,1503.500,673,650829.33
FFSU,MT,00002143480,TRULICITY ,2022,2,false,1892.000,782,819136.38
FFSU,MT,00002223601,TRULICITY ,2022,2,true,,,
FFSU,MT,00002223680,TRULICITY ,2022,2,false,1005.000,437,435477.48
FFSU,MT,00002318280,TRULICITY ,2022,2,false,450.000,178,194276.32
FFSU,MT,00002143380,TRULICITY ,2022,1,false,1447.500,644,620116.72
FFSU,MT,00002143480,TRULICITY ,2022,1,false,1698.000,697,726456.62
FFSU,MT,00002223680,TRULICITY ,2022,1,false,807.000,346,345506.21
FFSU,MT,00002318280,TRULICITY ,2022,1,false,316.000,123,135221.70
FFSU,XX,00002143301,TRULICITY ,2022,4,false,378.500,211,165641.10
MCOU,XX,00002143301,TRULICITY ,2022,4,false,807.800,408,356312.15
FFSU,XX,00002143380,TRULICITY ,2022,4,false,147632.000,62922,63387987.48
MCOU,XX,00002143380,TRULICITY ,2022,4,false,330347.500,152298,142817891.99
FFSU,XX,00002143401,TRULICITY ,2022,4,false,339.500,199,151413.76
MCOU,XX,00002143401,TRULICITY ,2022,4,false,752.500,409,324913.80
FFSU,XX,00002143480,TRULICITY ,2022,4,false,164477.500,67230,70534517.98
MCOU,XX,00002143480,TRULICITY ,2022,4,false,395512.500,176551,170644596.90
FFSU,XX,00002223601,TRULICITY ,2022,4,false,178.500,97,79535.82
MCOU,XX,00002223601,TRULICITY ,2022,4,false,537.500,268,226368.31
FFSU,XX,00002223680,TRULICITY ,2022,4,false,67860.000,28150,29199149.33
MCOU,XX,00002223680,TRULICITY ,2022,4,false,155220.000,70000,67647672.02
FFSU,XX,00002318201,TRULICITY ,2022,4,false,85.000,43,37806.01
MCOU,XX,00002318201,TRULICITY ,2022,4,false,322.500,174,144638.73
FFSU,XX,00002318280,TRULICITY ,2022,4,false,35104.000,14228,15142691.90
MCOU,XX,00002318280,TRULICITY ,2022,4,false,79187.500,35636,34707527.94
FFSU,XX,00002143301,TRULICITY ,2022,3,false,430.000,240,190742.14
MCOU,XX,00002143301,TRULICITY ,2022,3,false,722.500,372,317789.65
FFSU,XX,00002143380,TRULICITY ,2022,3,false,157082.500,64991,67444749.26
MCOU,XX,00002143380,TRULICITY ,2022,3,false,316924.060,146756,136579400.00
FFSU,XX,00002143401,TRULICITY ,2022,3,false,373.000,212,165456.33
MCOU,XX,00002143401,TRULICITY ,2022,3,false,763.500,403,331082.36
FFSU,XX,00002143480,TRULICITY ,2022,3,false,170198.500,66774,73020457.67
MCOU,XX,00002143480,TRULICITY ,2022,3,false,365462.000,163596,157108527.63
FFSU,XX,00002223601,TRULICITY ,2022,3,false,143.000,78,64191.79
MCOU,XX,00002223601,TRULICITY ,2022,3,false,573.500,287,247773.00
FFSU,XX,00002223680,TRULICITY ,2022,3,false,72606.500,28432,31218848.87
MCOU,XX,00002223680,TRULICITY ,2022,3,false,164904.000,74043,71143759.45
FFSU,XX,00002318201,TRULICITY ,2022,3,false,124.000,68,54986.86
MCOU,XX,00002318201,TRULICITY ,2022,3,false,355.000,190,160530.48
FFSU,XX,00002318280,TRULICITY ,2022,3,false,43414.500,16319,18658888.47
MCOU,XX,00002318280,TRULICITY ,2022,3,false,90586.500,40219,39043891.66
FFSU,XX,00002143301,TRULICITY ,2022,2,false,426.000,235,167978.97
MCOU,XX,00002143301,TRULICITY ,2022,2,false,666.000,358,283246.04
FFSU,XX,00002143380,TRULICITY ,2022,2,false,133078.000,55583,57132545.43
MCOU,XX,00002143380,TRULICITY ,2022,2,false,293500.000,136385,126500269.49
FFSU,XX,00002143401,TRULICITY ,2022,2,false,377.000,204,162826.90
MCOU,XX,00002143401,TRULICITY ,2022,2,false,741.000,401,325013.59
FFSU,XX,00002143480,TRULICITY ,2022,2,false,144183.000,57459,61855451.60
MCOU,XX,00002143480,TRULICITY ,2022,2,false,336278.050,151705,145729979.03
FFSU,XX,00002223601,TRULICITY ,2022,2,false,138.500,73,61281.89
MCOU,XX,00002223601,TRULICITY ,2022,2,false,532.000,260,221627.86
FFSU,XX,00002223680,TRULICITY ,2022,2,false,60149.000,23415,25815318.18
MCOU,XX,00002223680,TRULICITY ,2022,2,false,144675.000,64983,62639485.49
FFSU,XX,00002318201,TRULICITY ,2022,2,false,115.500,54,48691.01
MCOU,XX,00002318201,TRULICITY ,2022,2,false,322.000,156,140681.70
FFSU,XX,00002318280,TRULICITY ,2022,2,false,30880.000,11507,13291937.13
MCOU,XX,00002318280,TRULICITY ,2022,2,false,69577.000,31089,30170826.69
FFSU,XX,00002143301,TRULICITY ,2022,1,false,307.500,155,135760.10
MCOU,XX,00002143301,TRULICITY ,2022,1,false,720.000,364,289370.22
FFSU,XX,00002143380,TRULICITY ,2022,1,false,106333.500,45073,45203601.82
MCOU,XX,00002143380,TRULICITY ,2022,1,false,260082.500,121007,111547919.80
FFSU,XX,00002143401,TRULICITY ,2022,1,false,337.500,182,148628.57
MCOU,XX,00002143401,TRULICITY ,2022,1,false,830.000,423,354420.48
FFSU,XX,00002143480,TRULICITY ,2022,1,false,117846.000,47413,50084071.21
MCOU,XX,00002143480,TRULICITY ,2022,1,false,302943.500,136991,130035159.46
FFSU,XX,00002223601,TRULICITY ,2022,1,false,89.000,42,38627.06
MCOU,XX,00002223601,TRULICITY ,2022,1,false,570.000,270,233011.22
FFSU,XX,00002223680,TRULICITY ,2022,1,false,45702.000,18033,19444992.90
MCOU,XX,00002223680,TRULICITY ,2022,1,false,116101.500,51904,49464134.31
FFSU,XX,00002318201,TRULICITY ,2022,1,false,74.000,33,32324.87
MCOU,XX,00002318201,TRULICITY ,2022,1,false,285.000,135,117814.00
FFSU,XX,00002318280,TRULICITY ,2022,1,false,20404.000,7717,8701169.41
MCOU,XX,00002318280,TRULICITY ,2022,1,false,48353.500,21511,20512112.71
MCOU,NC,00002143301,TRULICITY ,2022,4,false,28.000,12,11829.30
FFSU,NC,00002143301,TRULICITY ,2022,4,false,18.500,16,8208.48
FFSU,NC,00002143380,TRULICITY ,2022,4,false,1515.000,675,644384.83
MCOU,NC,00002143380,TRULICITY ,2022,4,false,7314.000,3124,3120839.99
FFSU,NC,00002143401,TRULICITY ,2022,4,true,,,
MCOU,NC,00002143401,TRULICITY ,2022,4,true,,,
MCOU,NC,00002143480,TRULICITY ,2022,4,false,8797.500,3457,3764410.21
FFSU,NC,00002143480,TRULICITY ,2022,4,false,2147.000,946,914077.23
MCOU,NC,00002223601,TRULICITY ,2022,4,true,,,
MCOU,NC,00002223680,TRULICITY ,2022,4,false,3552.500,1467,1514019.20
FFSU,NC,00002223680,TRULICITY ,2022,4,false,901.000,389,384024.08
MCOU,NC,00002318201,TRULICITY ,2022,4,true,,,
MCOU,NC,00002318280,TRULICITY ,2022,4,false,1812.500,731,773860.57
FFSU,NC,00002318280,TRULICITY ,2022,4,false,405.000,166,172666.07
FFSU,NC,00002143301,TRULICITY ,2022,3,false,24.000,14,10656.50
MCOU,NC,00002143301,TRULICITY ,2022,3,true,,,
MCOU,NC,00002143380,TRULICITY ,2022,3,false,8274.500,3527,3532751.96
FFSU,NC,00002143380,TRULICITY ,2022,3,false,2327.000,1065,990407.67
FFSU,NC,00002143401,TRULICITY ,2022,3,true,,,
FFSU,NC,00002143480,TRULICITY ,2022,3,false,2656.500,1182,1128901.76
MCOU,NC,00002143480,TRULICITY ,2022,3,false,8294.000,3262,3541799.83
MCOU,NC,00002223601,TRULICITY ,2022,3,true,,,
MCOU,NC,00002223680,TRULICITY ,2022,3,false,3745.000,1498,1596336.62
FFSU,NC,00002223680,TRULICITY ,2022,3,false,1138.000,469,485134.04
MCOU,NC,00002318201,TRULICITY ,2022,3,true,,,
FFSU,NC,00002318201,TRULICITY ,2022,3,true,,,
MCOU,NC,00002318280,TRULICITY ,2022,3,false,1958.000,725,835358.28
FFSU,NC,00002318280,TRULICITY ,2022,3,false,513.500,175,218881.61
MCOU,NC,00002143301,TRULICITY ,2022,2,true,,,
FFSU,NC,00002143301,TRULICITY ,2022,2,true,,,
MCOU,NC,00002143380,TRULICITY ,2022,2,false,7225.500,3161,3093180.43
FFSU,NC,00002143380,TRULICITY ,2022,2,false,2283.500,1034,973071.24
MCOU,NC,00002143480,TRULICITY ,2022,2,false,7230.000,2839,3084582.57
FFSU,NC,00002143480,TRULICITY ,2022,2,false,2222.000,975,945716.39
MCOU,NC,00002223601,TRULICITY ,2022,2,true,,,
FFSU,NC,00002223680,TRULICITY ,2022,2,false,792.000,315,336853.53
MCOU,NC,00002223680,TRULICITY ,2022,2,false,3299.000,1320,1401430.10
MCOU,NC,00002318201,TRULICITY ,2022,2,true,,,
MCOU,NC,00002318280,TRULICITY ,2022,2,false,1560.000,574,666273.28
FFSU,NC,00002318280,TRULICITY ,2022,2,false,325.000,125,138663.57
MCOU,NC,00002143301,TRULICITY ,2022,1,true,,,
FFSU,NC,00002143301,TRULICITY ,2022,1,false,23.000,13,10122.90
FFSU,NC,00002143380,TRULICITY ,2022,1,false,2057.500,937,865759.57
MCOU,NC,00002143380,TRULICITY ,2022,1,false,5800.000,2473,2461336.58
MCOU,NC,00002143401,TRULICITY ,2022,1,true,,,
FFSU,NC,00002143480,TRULICITY ,2022,1,false,1949.000,858,819343.39
MCOU,NC,00002143480,TRULICITY ,2022,1,false,5806.000,2297,2461571.83
MCOU,NC,00002223601,TRULICITY ,2022,1,true,,,
FFSU,NC,00002223680,TRULICITY ,2022,1,false,655.500,277,275845.00
MCOU,NC,00002223680,TRULICITY ,2022,1,false,2491.000,995,1056499.10
MCOU,NC,00002318201,TRULICITY ,2022,1,true,,,
FFSU,NC,00002318280,TRULICITY ,2022,1,false,254.500,102,106948.36
MCOU,NC,00002318280,TRULICITY ,2022,1,false,1007.000,383,428651.69
FFSU,ND,00002143380,TRULICITY ,2022,4,false,34.000,17,14649.93
FFSU,ND,00002143480,TRULICITY ,2022,4,false,88.000,44,38004.12
FFSU,ND,00002223680,TRULICITY ,2022,4,false,78.000,39,33715.50
FFSU,ND,00002318280,TRULICITY ,2022,4,false,26.000,13,11240.45
FFSU,ND,00002143380,TRULICITY ,2022,3,false,52.000,26,22458.54
FFSU,ND,00002143480,TRULICITY ,2022,3,false,110.000,55,47505.15
FFSU,ND,00002223680,TRULICITY ,2022,3,false,60.000,30,25935.00
FFSU,ND,00002318280,TRULICITY ,2022,3,false,24.000,12,10375.80
FFSU,ND,00002143380,TRULICITY ,2022,2,false,52.000,24,22380.33
FFSU,ND,00002143480,TRULICITY ,2022,2,false,106.000,53,45766.35
FFSU,ND,00002223680,TRULICITY ,2022,2,false,54.000,27,23323.70
FFSU,ND,00002318280,TRULICITY ,2022,2,true,,,
FFSU,ND,00002143380,TRULICITY ,2022,1,false,56.000,28,23879.68
FFSU,ND,00002143480,TRULICITY ,2022,1,false,86.000,43,36756.64
FFSU,ND,00002223680,TRULICITY ,2022,1,false,26.000,13,11199.42
FFSU,ND,00002318280,TRULICITY ,2022,1,true,,,
MCOU,NE,00002143380,TRULICITY ,2022,4,false,2296.000,1106,979880.51
MCOU,NE,00002143401,TRULICITY ,2022,4,true,,,
MCOU,NE,00002143480,TRULICITY ,2022,4,false,3066.000,1434,1311091.78
MCOU,NE,00002223680,TRULICITY ,2022,4,false,1255.000,594,535697.80
MCOU,NE,00002318280,TRULICITY ,2022,4,false,694.000,338,299392.55
MCOU,NE,00002143301,TRULICITY ,2022,3,true,,,
MCOU,NE,00002143380,TRULICITY ,2022,3,false,2368.000,1135,1015187.65
MCOU,NE,00002143401,TRULICITY ,2022,3,true,,,
MCOU,NE,00002143480,TRULICITY ,2022,3,false,2842.000,1341,1210159.34
MCOU,NE,00002223680,TRULICITY ,2022,3,false,1264.000,603,538725.33
MCOU,NE,00002318280,TRULICITY ,2022,3,false,779.000,362,326989.80
MCOU,NE,00002143301,TRULICITY ,2022,2,true,,,
MCOU,NE,00002143380,TRULICITY ,2022,2,false,2436.000,1175,1028554.27
MCOU,NE,00002143401,TRULICITY ,2022,2,true,,,
MCOU,NE,00002143480,TRULICITY ,2022,2,false,2472.000,1164,1045427.17
MCOU,NE,00002223601,TRULICITY ,2022,2,true,,,
MCOU,NE,00002223680,TRULICITY ,2022,2,false,1122.000,520,473348.58
MCOU,NE,00002318280,TRULICITY ,2022,2,false,564.000,261,234695.34
MCOU,NE,00002143380,TRULICITY ,2022,1,false,2003.000,966,849294.25
MCOU,NE,00002143480,TRULICITY ,2022,1,false,2032.000,958,860568.79
MCOU,NE,00002223680,TRULICITY ,2022,1,false,764.000,351,324794.96
MCOU,NE,00002318280,TRULICITY ,2022,1,false,356.000,161,145882.55
FFSU,NH,00002143380,TRULICITY ,2022,4,true,,,
MCOU,NH,00002143380,TRULICITY ,2022,4,false,1478.000,697,599177.70
MCOU,NH,00002143480,TRULICITY ,2022,4,false,1218.000,539,487130.91
FFSU,NH,00002143480,TRULICITY ,2022,4,true,,,
MCOU,NH,00002223680,TRULICITY ,2022,4,false,440.000,202,180087.23
MCOU,NH,00002318280,TRULICITY ,2022,4,false,218.000,91,87143.56
MCOU,NH,00002143380,TRULICITY ,2022,3,false,1208.000,572,489599.32
FFSU,NH,00002143380,TRULICITY ,2022,3,true,,,
FFSU,NH,00002143480,TRULICITY ,2022,3,true,,,
MCOU,NH,00002143480,TRULICITY ,2022,3,false,988.000,440,389239.21
MCOU,NH,00002223680,TRULICITY ,2022,3,false,384.000,178,153167.20
MCOU,NH,00002318280,TRULICITY ,2022,3,false,298.000,115,115642.09
MCOU,NH,00002143380,TRULICITY ,2022,2,false,826.000,371,324663.30
FFSU,NH,00002143380,TRULICITY ,2022,2,true,,,
MCOU,NH,00002143480,TRULICITY ,2022,2,false,766.000,320,300743.07
MCOU,NH,00002223680,TRULICITY ,2022,2,false,308.000,125,121446.41
MCOU,NH,00002318280,TRULICITY ,2022,2,false,194.000,76,72762.32
MCOU,NH,00002143380,TRULICITY ,2022,1,false,623.500,277,248905.18
MCOU,NH,00002143480,TRULICITY ,2022,1,false,632.000,253,240467.00
MCOU,NH,00002223680,TRULICITY ,2022,1,false,228.000,95,86720.11
MCOU,NH,00002318280,TRULICITY ,2022,1,false,176.000,74,70058.68
MCOU,NJ,00002143301,TRULICITY ,2022,4,false,49.000,19,21286.42
FFSU,NJ,00002143380,TRULICITY ,2022,4,true,,,
MCOU,NJ,00002143380,TRULICITY ,2022,4,false,5071.000,2173,2231643.24
MCOU,NJ,00002143401,TRULICITY ,2022,4,true,,,
MCOU,NJ,00002143480,TRULICITY ,2022,4,false,7314.000,2935,3174201.68
FFSU,NJ,00002143480,TRULICITY ,2022,4,true,,,
MCOU,NJ,00002223601,TRULICITY ,2022,4,false,38.000,16,16030.75
MCOU,NJ,00002223680,TRULICITY ,2022,4,false,2933.000,1209,1285518.90
FFSU,NJ,00002223680,TRULICITY ,2022,4,true,,,
MCOU,NJ,00002318201,TRULICITY ,2022,4,false,32.000,16,13579.55
MCOU,NJ,00002318280,TRULICITY ,2022,4,false,1507.500,623,653030.31
MCOU,NJ,00002143301,TRULICITY ,2022,3,false,44.000,20,19374.35
MCOU,NJ,00002143380,TRULICITY ,2022,3,false,4994.000,2120,2184472.28
FFSU,NJ,00002143380,TRULICITY ,2022,3,true,,,
MCOU,NJ,00002143401,TRULICITY ,2022,3,false,29.500,13,12627.81
FFSU,NJ,00002143480,TRULICITY ,2022,3,true,,,
MCOU,NJ,00002143480,TRULICITY ,2022,3,false,7195.000,2892,3128041.75
MCOU,NJ,00002223601,TRULICITY ,2022,3,false,48.500,20,20487.19
FFSU,NJ,00002223680,TRULICITY ,2022,3,true,,,
MCOU,NJ,00002223680,TRULICITY ,2022,3,false,3137.500,1233,1362374.41
MCOU,NJ,00002318201,TRULICITY ,2022,3,true,,,
MCOU,NJ,00002318280,TRULICITY ,2022,3,false,1739.500,672,754429.65
FFSU,NJ,00002318280,TRULICITY ,2022,3,true,,,
MCOU,NJ,00002143301,TRULICITY ,2022,2,false,46.000,21,20259.63
MCOU,NJ,00002143380,TRULICITY ,2022,2,false,4518.000,1920,1984768.71
FFSU,NJ,00002143380,TRULICITY ,2022,2,false,30.500,20,13216.61
MCOU,NJ,00002143401,TRULICITY ,2022,2,false,23.000,12,9827.65
MCOU,NJ,00002143480,TRULICITY ,2022,2,false,6992.500,2755,3042715.86
FFSU,NJ,00002143480,TRULICITY ,2022,2,true,,,
MCOU,NJ,00002223601,TRULICITY ,2022,2,false,34.000,14,14246.26
MCOU,NJ,00002223680,TRULICITY ,2022,2,false,2738.500,1074,1189502.17
FFSU,NJ,00002223680,TRULICITY ,2022,2,true,,,
MCOU,NJ,00002318201,TRULICITY ,2022,2,false,62.000,21,25969.43
FFSU,NJ,00002318280,TRULICITY ,2022,2,true,,,
MCOU,NJ,00002318280,TRULICITY ,2022,2,false,1288.500,506,559001.24
MCOU,NJ,00002143301,TRULICITY ,2022,1,false,38.000,20,17404.60
FFSU,NJ,00002143380,TRULICITY ,2022,1,false,28.500,20,12322.15
MCOU,NJ,00002143380,TRULICITY ,2022,1,false,4180.000,1748,1837490.71
MCOU,NJ,00002143401,TRULICITY ,2022,1,false,50.000,23,21357.86
FFSU,NJ,00002143480,TRULICITY ,2022,1,false,31.000,12,13179.14
MCOU,NJ,00002143480,TRULICITY ,2022,1,false,6533.500,2563,2843662.87
MCOU,NJ,00002223601,TRULICITY ,2022,1,false,28.000,11,11645.83
FFSU,NJ,00002223680,TRULICITY ,2022,1,true,,,
MCOU,NJ,00002223680,TRULICITY ,2022,1,false,2099.000,829,905976.82
MCOU,NJ,00002318201,TRULICITY ,2022,1,false,36.000,14,15225.87
MCOU,NJ,00002318280,TRULICITY ,2022,1,false,1000.500,395,436138.16
FFSU,NM,00002143380,TRULICITY ,2022,4,false,162.000,72,62012.69
MCOU,NM,00002143380,TRULICITY ,2022,4,false,4694.500,1965,1987707.24
MCOU,NM,00002143401,TRULICITY ,2022,4,true,,,
MCOU,NM,00002143480,TRULICITY ,2022,4,false,6128.000,2336,2593862.59
FFSU,NM,00002143480,TRULICITY ,2022,4,false,224.000,95,88670.82
FFSU,NM,00002223680,TRULICITY ,2022,4,false,48.000,20,17319.88
MCOU,NM,00002223680,TRULICITY ,2022,4,false,2460.500,970,1039839.57
MCOU,NM,00002318280,TRULICITY ,2022,4,false,1067.500,457,451284.46
FFSU,NM,00002318280,TRULICITY ,2022,4,false,34.000,15,14641.73
MCOU,NM,00002143301,TRULICITY ,2022,3,true,,,
FFSU,NM,00002143380,TRULICITY ,2022,3,false,154.000,66,59945.72
MCOU,NM,00002143380,TRULICITY ,2022,3,false,4127.500,1731,1746862.16
MCOU,NM,00002143401,TRULICITY ,2022,3,true,,,
MCOU,NM,00002143480,TRULICITY ,2022,3,false,5310.500,2082,2254225.19
FFSU,NM,00002143480,TRULICITY ,2022,3,false,272.000,113,108305.40
MCOU,NM,00002223601,TRULICITY ,2022,3,true,,,
MCOU,NM,00002223680,TRULICITY ,2022,3,false,2391.500,941,1015539.74
FFSU,NM,00002223680,TRULICITY ,2022,3,false,62.000,26,24012.99
FFSU,NM,00002318280,TRULICITY ,2022,3,false,58.000,23,24950.41
MCOU,NM,00002318280,TRULICITY ,2022,3,false,1238.000,493,523681.00
MCOU,NM,00002143301,TRULICITY ,2022,2,true,,,
MCOU,NM,00002143380,TRULICITY ,2022,2,false,4417.500,1826,1876347.19
FFSU,NM,00002143380,TRULICITY ,2022,2,false,132.500,55,53199.46
MCOU,NM,00002143401,TRULICITY ,2022,2,true,,,
MCOU,NM,00002143480,TRULICITY ,2022,2,false,5684.000,2251,2420146.98
FFSU,NM,00002143480,TRULICITY ,2022,2,false,258.000,105,99513.73
MCOU,NM,00002223680,TRULICITY ,2022,2,false,2449.000,970,1037276.54
FFSU,NM,00002223680,TRULICITY ,2022,2,false,44.000,20,16949.83
MCOU,NM,00002318280,TRULICITY ,2022,2,false,1073.000,436,455975.38
FFSU,NM,00002318280,TRULICITY ,2022,2,false,54.000,23,23246.03
MCOU,NM,00002143301,TRULICITY ,2022,1,true,,,
FFSU,NM,00002143380,TRULICITY ,2022,1,false,152.000,68,62633.43
MCOU,NM,00002143380,TRULICITY ,2022,1,false,3765.000,1593,1616143.08
MCOU,NM,00002143401,TRULICITY ,2022,1,true,,,
FFSU,NM,00002143480,TRULICITY ,2022,1,false,216.000,82,89219.93
MCOU,NM,00002143480,TRULICITY ,2022,1,false,5338.000,2098,2256846.74
MCOU,NM,00002223601,TRULICITY ,2022,1,true,,,
FFSU,NM,00002223680,TRULICITY ,2022,1,false,44.000,16,18343.38
MCOU,NM,00002223680,TRULICITY ,2022,1,false,2003.000,826,846860.88
FFSU,NM,00002318280,TRULICITY ,2022,1,false,30.000,15,12937.35
MCOU,NM,00002318280,TRULICITY ,2022,1,false,832.000,341,347717.67
MCOU,NV,00002143301,TRULICITY ,2022,4,false,38.000,19,16120.12
FFSU,NV,00002143301,TRULICITY ,2022,4,false,11.000,11,4996.55
FFSU,NV,00002143361,TRULICITY ,2022,4,true,,,
MCOU,NV,00002143380,TRULICITY ,2022,4,false,3405.000,1637,1434283.13
FFSU,NV,00002143380,TRULICITY ,2022,4,false,1242.500,266,481654.11
FFSU,NV,00002143401,TRULICITY ,2022,4,true,,,
MCOU,NV,00002143401,TRULICITY ,2022,4,true,,,
FFSU,NV,00002143480,TRULICITY ,2022,4,false,1964.000,392,802631.20
MCOU,NV,00002143480,TRULICITY ,2022,4,false,4482.500,2096,1909359.02
MCOU,NV,00002223601,TRULICITY ,2022,4,true,,,
MCOU,NV,00002223680,TRULICITY ,2022,4,false,1420.000,689,611811.78
FFSU,NV,00002223680,TRULICITY ,2022,4,false,754.000,150,303712.86
MCOU,NV,00002318201,TRULICITY ,2022,4,true,,,
MCOU,NV,00002318280,TRULICITY ,2022,4,false,937.000,470,407220.82
FFSU,NV,00002318280,TRULICITY ,2022,4,false,437.000,91,176486.12
FFSU,NV,00002143301,TRULICITY ,2022,3,false,28.500,15,12777.68
MCOU,NV,00002143301,TRULICITY ,2022,3,false,46.500,27,19724.87
FFSU,NV,00002143380,TRULICITY ,2022,3,false,979.000,203,384149.87
MCOU,NV,00002143380,TRULICITY ,2022,3,false,3497.000,1678,1467922.52
MCOU,NV,00002143401,TRULICITY ,2022,3,false,32.000,16,14068.60
FFSU,NV,00002143401,TRULICITY ,2022,3,true,,,
FFSU,NV,00002143480,TRULICITY ,2022,3,false,1871.000,360,765603.07
MCOU,NV,00002143480,TRULICITY ,2022,3,false,4390.000,2071,1845644.28
MCOU,NV,00002223680,TRULICITY ,2022,3,false,1657.500,797,699829.51
FFSU,NV,00002223680,TRULICITY ,2022,3,false,768.500,155,312514.75
MCOU,NV,00002318201,TRULICITY ,2022,3,true,,,
FFSU,NV,00002318280,TRULICITY ,2022,3,false,511.500,103,210147.79
MCOU,NV,00002318280,TRULICITY ,2022,3,false,1265.000,633,542248.69
MCOU,NV,00002143301,TRULICITY ,2022,2,false,24.000,12,10442.60
FFSU,NV,00002143301,TRULICITY ,2022,2,false,88.500,36,17607.27
MCOU,NV,00002143380,TRULICITY ,2022,2,false,3195.000,1550,1382130.89
FFSU,NV,00002143380,TRULICITY ,2022,2,false,1495.000,421,618475.93
MCOU,NV,00002143401,TRULICITY ,2022,2,false,26.000,13,11502.25
FFSU,NV,00002143401,TRULICITY ,2022,2,true,,,
FFSU,NV,00002143480,TRULICITY ,2022,2,false,2371.000,591,974267.13
MCOU,NV,00002143480,TRULICITY ,2022,2,false,3944.000,1851,1701233.79
MCOU,NV,00002223601,TRULICITY ,2022,2,true,,,
FFSU,NV,00002223680,TRULICITY ,2022,2,false,843.500,249,358599.75
MCOU,NV,00002223680,TRULICITY ,2022,2,false,1501.000,714,647359.38
MCOU,NV,00002318201,TRULICITY ,2022,2,true,,,
FFSU,NV,00002318201,TRULICITY ,2022,2,true,,,
MCOU,NV,00002318280,TRULICITY ,2022,2,false,892.000,446,389517.95
FFSU,NV,00002318280,TRULICITY ,2022,2,false,567.500,134,251351.10
MCOU,NV,00002143301,TRULICITY ,2022,1,true,,,
FFSU,NV,00002143301,TRULICITY ,2022,1,true,,,
MCOU,NV,00002143380,TRULICITY ,2022,1,false,3755.000,1808,1624435.01
FFSU,NV,00002143380,TRULICITY ,2022,1,false,893.500,237,380117.25
FFSU,NV,00002143401,TRULICITY ,2022,1,true,,,
MCOU,NV,00002143401,TRULICITY ,2022,1,false,30.000,15,12952.62
MCOU,NV,00002143480,TRULICITY ,2022,1,false,4785.000,2270,2060949.86
FFSU,NV,00002143480,TRULICITY ,2022,1,false,1482.000,363,628862.77
MCOU,NV,00002223601,TRULICITY ,2022,1,true,,,
FFSU,NV,00002223601,TRULICITY ,2022,1,true,,,
FFSU,NV,00002223680,TRULICITY ,2022,1,false,602.000,147,254444.67
MCOU,NV,00002223680,TRULICITY ,2022,1,false,1634.500,266,236419.89
FFSU,NV,00002318201,TRULICITY ,2022,1,true,,,
MCOU,NV,00002318201,TRULICITY ,2022,1,true,,,
FFSU,NV,00002318280,TRULICITY ,2022,1,false,320.500,74,136099.14
MCOU,NV,00002318280,TRULICITY ,2022,1,false,850.000,132,115994.00
MCOU,NY,00002143301,TRULICITY ,2022,4,false,255.300,126,106907.69
FFSU,NY,00002143301,TRULICITY ,2022,4,false,44.000,15,19012.34
MCOU,NY,00002143380,TRULICITY ,2022,4,false,38492.000,18231,16197209.08
FFSU,NY,00002143380,TRULICITY ,2022,4,false,3721.500,1562,1595317.90
FFSU,NY,00002143401,TRULICITY ,2022,4,false,48.000,24,21676.83
MCOU,NY,00002143401,TRULICITY ,2022,4,false,273.000,137,114773.97
FFSU,NY,00002143480,TRULICITY ,2022,4,false,4205.000,1753,1805702.83
MCOU,NY,00002143480,TRULICITY ,2022,4,false,49914.500,23428,20996565.11
MCOU,NY,00002223601,TRULICITY ,2022,4,false,158.000,77,66069.86
FFSU,NY,00002223601,TRULICITY ,2022,4,true,,,
MCOU,NY,00002223680,TRULICITY ,2022,4,false,19890.500,9381,8354096.08
FFSU,NY,00002223680,TRULICITY ,2022,4,false,1567.000,648,673361.00
MCOU,NY,00002318201,TRULICITY ,2022,4,false,68.000,34,28527.84
FFSU,NY,00002318280,TRULICITY ,2022,4,false,692.500,289,297701.82
MCOU,NY,00002318280,TRULICITY ,2022,4,false,10100.000,4755,4242549.35
FFSU,NY,00002143301,TRULICITY ,2022,3,false,36.000,18,18184.77
MCOU,NY,00002143301,TRULICITY ,2022,3,false,252.000,116,105445.21
FFSU,NY,00002143380,TRULICITY ,2022,3,false,3865.000,1617,1660030.62
MCOU,NY,00002143380,TRULICITY ,2022,3,false,38678.000,18421,16299698.12
MCOU,NY,00002143401,TRULICITY ,2022,3,false,289.000,142,121673.47
FFSU,NY,00002143401,TRULICITY ,2022,3,false,52.500,21,25287.78
FFSU,NY,00002143480,TRULICITY ,2022,3,false,3947.500,1618,1690608.14
MCOU,NY,00002143480,TRULICITY ,2022,3,false,50050.000,23474,21073127.70
FFSU,NY,00002223601,TRULICITY ,2022,3,true,,,
MCOU,NY,00002223601,TRULICITY ,2022,3,false,176.000,86,73577.78
MCOU,NY,00002223680,TRULICITY ,2022,3,false,21438.000,10020,9018649.35
FFSU,NY,00002223680,TRULICITY ,2022,3,false,1495.000,592,643136.47
FFSU,NY,00002318201,TRULICITY ,2022,3,true,,,
MCOU,NY,00002318201,TRULICITY ,2022,3,false,82.000,39,34385.73
FFSU,NY,00002318280,TRULICITY ,2022,3,false,748.000,308,321442.16
MCOU,NY,00002318280,TRULICITY ,2022,3,false,11227.000,5208,4726358.72
MCOU,NY,00002143301,TRULICITY ,2022,2,false,222.000,109,93054.21
FFSU,NY,00002143301,TRULICITY ,2022,2,false,49.000,24,22959.40
FFSU,NY,00002143380,TRULICITY ,2022,2,false,3624.500,1534,1559344.34
MCOU,NY,00002143380,TRULICITY ,2022,2,false,38253.500,18184,16103611.97
FFSU,NY,00002143401,TRULICITY ,2022,2,false,45.500,23,23164.68
MCOU,NY,00002143401,TRULICITY ,2022,2,false,284.000,140,119318.66
FFSU,NY,00002143480,TRULICITY ,2022,2,false,3639.000,1514,1562624.26
MCOU,NY,00002143480,TRULICITY ,2022,2,false,49122.500,23110,20655773.16
MCOU,NY,00002223601,TRULICITY ,2022,2,false,198.000,97,82490.73
FFSU,NY,00002223601,TRULICITY ,2022,2,true,,,
MCOU,NY,00002223680,TRULICITY ,2022,2,false,20154.500,9401,8480011.01
FFSU,NY,00002223680,TRULICITY ,2022,2,false,1360.000,547,581662.85
FFSU,NY,00002318201,TRULICITY ,2022,2,true,,,
MCOU,NY,00002318201,TRULICITY ,2022,2,false,78.000,37,32670.87
MCOU,NY,00002318280,TRULICITY ,2022,2,false,9347.000,4362,3938047.48
FFSU,NY,00002318280,TRULICITY ,2022,2,false,632.000,248,271196.82
FFSU,NY,00002143301,TRULICITY ,2022,1,true,,,
MCOU,NY,00002143301,TRULICITY ,2022,1,false,286.000,141,119661.36
FFSU,NY,00002143380,TRULICITY ,2022,1,false,3066.500,1318,1301134.15
MCOU,NY,00002143380,TRULICITY ,2022,1,false,37272.000,17721,15684334.37
MCOU,NY,00002143401,TRULICITY ,2022,1,false,318.000,151,133467.49
FFSU,NY,00002143401,TRULICITY ,2022,1,false,29.000,15,12417.87
MCOU,NY,00002143480,TRULICITY ,2022,1,false,48351.000,22737,20335414.80
FFSU,NY,00002143480,TRULICITY ,2022,1,false,3420.500,1416,1448642.65
FFSU,NY,00002223601,TRULICITY ,2022,1,true,,,
MCOU,NY,00002223601,TRULICITY ,2022,1,false,204.000,100,85278.83
MCOU,NY,00002223680,TRULICITY ,2022,1,false,17696.000,8275,7447076.98
FFSU,NY,00002223680,TRULICITY ,2022,1,false,1138.500,457,483351.53
FFSU,NY,00002318201,TRULICITY ,2022,1,true,,,
MCOU,NY,00002318201,TRULICITY ,2022,1,false,80.000,40,33481.50
MCOU,NY,00002318280,TRULICITY ,2022,1,false,7057.000,3286,2978240.21
FFSU,NY,00002318280,TRULICITY ,2022,1,false,532.000,210,224571.53
FFSU,OH,00002143301,TRULICITY ,2022,4,false,34.500,30,12476.83
MCOU,OH,00002143301,TRULICITY ,2022,4,true,,,
FFSU,OH,00002143380,TRULICITY ,2022,4,false,3336.500,1625,1415721.18
MCOU,OH,00002143380,TRULICITY ,2022,4,false,36864.500,17047,15415907.89
FFSU,OH,00002143401,TRULICITY ,2022,4,false,21.000,20,9015.40
MCOU,OH,00002143401,TRULICITY ,2022,4,false,26.500,17,11386.36
FFSU,OH,00002143480,TRULICITY ,2022,4,false,3238.500,1598,1377281.56
MCOU,OH,00002143480,TRULICITY ,2022,4,false,46878.000,21003,19530312.70
FFSU,OH,00002223601,TRULICITY ,2022,4,false,13.500,17,5792.77
MCOU,OH,00002223601,TRULICITY ,2022,4,false,50.500,23,18304.65
MCOU,OH,00002223680,TRULICITY ,2022,4,false,18389.000,8262,7602813.72
FFSU,OH,00002223680,TRULICITY ,2022,4,false,1261.000,617,536979.86
MCOU,OH,00002318201,TRULICITY ,2022,4,false,24.000,11,7704.58
FFSU,OH,00002318280,TRULICITY ,2022,4,false,552.000,266,234563.20
MCOU,OH,00002318280,TRULICITY ,2022,4,false,9997.500,4522,4114557.46
MCOU,OH,00002143301,TRULICITY ,2022,3,true,,,
FFSU,OH,00002143301,TRULICITY ,2022,3,false,21.500,19,5764.55
FFSU,OH,00002143380,TRULICITY ,2022,3,false,2594.500,1346,1100708.06
MCOU,OH,00002143380,TRULICITY ,2022,3,false,36905.000,18084,15724195.62
MCOU,OH,00002143401,TRULICITY ,2022,3,false,41.000,28,17703.40
FFSU,OH,00002143401,TRULICITY ,2022,3,false,24.500,30,10562.65
MCOU,OH,00002143480,TRULICITY ,2022,3,false,40888.000,19823,17413282.62
FFSU,OH,00002143480,TRULICITY ,2022,3,false,2469.500,1272,1049295.22
MCOU,OH,00002223601,TRULICITY ,2022,3,false,30.000,20,13101.87
FFSU,OH,00002223601,TRULICITY ,2022,3,false,11.000,16,4736.02
FFSU,OH,00002223680,TRULICITY ,2022,3,false,990.000,499,420917.95
MCOU,OH,00002223680,TRULICITY ,2022,3,false,19111.000,9320,8123661.80
FFSU,OH,00002318201,TRULICITY ,2022,3,false,5.500,11,2368.45
MCOU,OH,00002318201,TRULICITY ,2022,3,false,28.000,14,12220.18
FFSU,OH,00002318280,TRULICITY ,2022,3,false,505.000,254,212111.04
MCOU,OH,00002318280,TRULICITY ,2022,3,false,11643.500,5624,4953301.38
MCOU,OH,00002143301,TRULICITY ,2022,2,true,,,
FFSU,OH,00002143301,TRULICITY ,2022,2,false,10.500,19,2963.05
MCOU,OH,00002143380,TRULICITY ,2022,2,false,35482.000,17396,15125368.94
FFSU,OH,00002143380,TRULICITY ,2022,2,false,1934.500,914,820021.10
MCOU,OH,00002143401,TRULICITY ,2022,2,false,28.000,14,12082.90
FFSU,OH,00002143401,TRULICITY ,2022,2,false,20.500,32,8767.98
FFSU,OH,00002143480,TRULICITY ,2022,2,false,1953.500,901,832560.11
MCOU,OH,00002143480,TRULICITY ,2022,2,false,39876.000,19349,16991882.09
MCOU,OH,00002223601,TRULICITY ,2022,2,false,26.000,13,11272.55
FFSU,OH,00002223601,TRULICITY ,2022,2,false,15.500,16,6653.11
FFSU,OH,00002223680,TRULICITY ,2022,2,false,734.000,346,314806.74
MCOU,OH,00002223680,TRULICITY ,2022,2,false,18007.500,8731,7657818.14
MCOU,OH,00002318201,TRULICITY ,2022,2,false,30.000,15,13033.70
FFSU,OH,00002318280,TRULICITY ,2022,2,false,326.500,162,135887.70
MCOU,OH,00002318280,TRULICITY ,2022,2,false,9657.500,4675,4102516.06
FFSU,OH,00002143301,TRULICITY ,2022,1,true,,,
MCOU,OH,00002143301,TRULICITY ,2022,1,true,,,
MCOU,OH,00002143380,TRULICITY ,2022,1,false,31201.500,15325,13291458.59
FFSU,OH,00002143380,TRULICITY ,2022,1,false,1309.500,634,550988.33
MCOU,OH,00002143401,TRULICITY ,2022,1,false,26.000,18,11136.53
FFSU,OH,00002143401,TRULICITY ,2022,1,false,32.000,43,13526.96
MCOU,OH,00002143480,TRULICITY ,2022,1,false,36476.500,17666,15535972.79
FFSU,OH,00002143480,TRULICITY ,2022,1,false,1570.000,698,662979.79
MCOU,OH,00002223601,TRULICITY ,2022,1,false,52.500,27,22751.28
FFSU,OH,00002223601,TRULICITY ,2022,1,true,,,
FFSU,OH,00002223680,TRULICITY ,2022,1,false,488.000,238,206533.20
MCOU,OH,00002223680,TRULICITY ,2022,1,false,14709.500,7132,6259272.56
MCOU,OH,00002318201,TRULICITY ,2022,1,true,,,
FFSU,OH,00002318280,TRULICITY ,2022,1,false,228.500,108,95098.36
MCOU,OH,00002318280,TRULICITY ,2022,1,false,7360.500,3560,3123877.40
FFSU,OK,00002143380,TRULICITY ,2022,4,false,6083.000,2447,2620372.35
FFSU,OK,00002143480,TRULICITY ,2022,4,false,6665.000,2437,2865565.40
FFSU,OK,00002223680,TRULICITY ,2022,4,false,2918.000,1084,1257051.48
FFSU,OK,00002318280,TRULICITY ,2022,4,false,1757.500,609,756694.85
FFSU,OK,00002143380,TRULICITY ,2022,3,false,5121.000,2029,2202929.60
FFSU,OK,00002143480,TRULICITY ,2022,3,false,5775.500,2063,2483740.15
FFSU,OK,00002223680,TRULICITY ,2022,3,false,2645.000,936,1137535.71
FFSU,OK,00002318280,TRULICITY ,2022,3,false,1580.000,498,681291.83
FFSU,OK,00002143380,TRULICITY ,2022,2,false,4371.000,1722,1880279.91
FFSU,OK,00002143480,TRULICITY ,2022,2,false,5075.500,1858,2182224.79
FFSU,OK,00002223680,TRULICITY ,2022,2,false,2132.500,710,916598.58
FFSU,OK,00002318280,TRULICITY ,2022,2,false,1233.000,393,529867.28
FFSU,OK,00002143380,TRULICITY ,2022,1,false,3367.500,1353,1434093.63
FFSU,OK,00002143480,TRULICITY ,2022,1,false,3722.500,1402,1587803.24
FFSU,OK,00002223680,TRULICITY ,2022,1,false,1538.500,538,654826.73
FFSU,OK,00002318280,TRULICITY ,2022,1,false,759.000,239,323275.89
FFSU,OR,00002143380,TRULICITY ,2022,4,false,86.000,43,25997.22
MCOU,OR,00002143380,TRULICITY ,2022,4,false,2903.500,1424,1252150.09
MCOU,OR,00002143480,TRULICITY ,2022,4,false,4428.000,2160,1904383.63
FFSU,OR,00002143480,TRULICITY ,2022,4,false,142.000,69,48257.73
MCOU,OR,00002223601,TRULICITY ,2022,4,true,,,
FFSU,OR,00002223680,TRULICITY ,2022,4,false,42.000,21,10981.68
MCOU,OR,00002223680,TRULICITY ,2022,4,false,2131.000,1025,915952.44
FFSU,OR,00002318280,TRULICITY ,2022,4,true,,,
MCOU,OR,00002318280,TRULICITY ,2022,4,false,1478.000,721,639188.64
FFSU,OR,00002143380,TRULICITY ,2022,3,false,142.000,67,51549.33
MCOU,OR,00002143380,TRULICITY ,2022,3,false,2870.500,1405,1233774.51
FFSU,OR,00002143480,TRULICITY ,2022,3,false,158.000,79,41771.75
MCOU,OR,00002143480,TRULICITY ,2022,3,false,4248.000,2078,1825761.65
MCOU,OR,00002223680,TRULICITY ,2022,3,false,2428.500,1189,1046147.93
FFSU,OR,00002223680,TRULICITY ,2022,3,false,80.000,40,21796.65
MCOU,OR,00002318280,TRULICITY ,2022,3,false,1963.500,961,847678.00
FFSU,OR,00002318280,TRULICITY ,2022,3,false,30.000,15,11337.88
MCOU,OR,00002143380,TRULICITY ,2022,2,false,2954.500,1454,1273337.89
FFSU,OR,00002143380,TRULICITY ,2022,2,false,132.500,69,49557.32
MCOU,OR,00002143480,TRULICITY ,2022,2,false,4540.000,2223,1952230.94
FFSU,OR,00002143480,TRULICITY ,2022,2,false,172.000,86,46939.37
MCOU,OR,00002223680,TRULICITY ,2022,2,false,2409.000,1177,1037584.56
FFSU,OR,00002223680,TRULICITY ,2022,2,false,86.000,46,26868.96
MCOU,OR,00002318201,TRULICITY ,2022,2,true,,,
MCOU,OR,00002318280,TRULICITY ,2022,2,false,1821.000,888,785298.38
FFSU,OR,00002318280,TRULICITY ,2022,2,false,22.000,11,7112.15
MCOU,OR,00002143380,TRULICITY ,2022,1,false,2862.500,1414,1234248.70
FFSU,OR,00002143380,TRULICITY ,2022,1,false,136.000,69,46773.92
MCOU,OR,00002143401,TRULICITY ,2022,1,true,,,
FFSU,OR,00002143480,TRULICITY ,2022,1,false,156.000,77,46279.37
MCOU,OR,00002143480,TRULICITY ,2022,1,false,4594.000,2250,1973785.00
FFSU,OR,00002223680,TRULICITY ,2022,1,false,70.000,38,21378.32
MCOU,OR,00002223680,TRULICITY ,2022,1,false,2083.500,1011,896801.46
MCOU,OR,00002318201,TRULICITY ,2022,1,true,,,
MCOU,OR,00002318280,TRULICITY ,2022,1,false,1454.000,708,626287.59
FFSU,OR,00002318280,TRULICITY ,2022,1,true,,,
MCOU,PA,00002143301,TRULICITY ,2022,4,false,68.500,55,30012.56
MCOU,PA,00002143380,TRULICITY ,2022,4,false,40225.000,18704,17550671.73
FFSU,PA,00002143380,TRULICITY ,2022,4,false,389.000,157,166699.12
MCOU,PA,00002143401,TRULICITY ,2022,4,false,52.000,49,23767.33
MCOU,PA,00002143480,TRULICITY ,2022,4,false,47058.000,21576,20479521.31
FFSU,PA,00002143480,TRULICITY ,2022,4,false,428.000,194,183084.78
MCOU,PA,00002223601,TRULICITY ,2022,4,false,51.500,28,23326.32
FFSU,PA,00002223680,TRULICITY ,2022,4,false,221.500,98,94858.00
MCOU,PA,00002223680,TRULICITY ,2022,4,false,19023.500,8767,8311569.43
MCOU,PA,00002318201,TRULICITY ,2022,4,false,29.000,25,15073.60
MCOU,PA,00002318280,TRULICITY ,2022,4,false,10000.500,4532,4521100.68
FFSU,PA,00002318280,TRULICITY ,2022,4,false,99.000,47,42348.66
MCOU,PA,00002143301,TRULICITY ,2022,3,false,57.500,46,25196.13
MCOU,PA,00002143380,TRULICITY ,2022,3,false,37902.500,17512,16602445.50
FFSU,PA,00002143380,TRULICITY ,2022,3,false,259.000,115,110882.81
MCOU,PA,00002143401,TRULICITY ,2022,3,false,66.000,46,29039.71
FFSU,PA,00002143480,TRULICITY ,2022,3,false,354.000,152,151282.79
MCOU,PA,00002143480,TRULICITY ,2022,3,false,43779.000,19903,19110283.15
MCOU,PA,00002223601,TRULICITY ,2022,3,false,36.000,21,17329.60
MCOU,PA,00002223680,TRULICITY ,2022,3,false,20707.000,9459,9101815.75
FFSU,PA,00002223680,TRULICITY ,2022,3,false,238.000,99,101860.36
MCOU,PA,00002318201,TRULICITY ,2022,3,false,41.500,29,17933.19
FFSU,PA,00002318280,TRULICITY ,2022,3,false,97.000,42,41408.47
MCOU,PA,00002318280,TRULICITY ,2022,3,false,11978.000,5333,5227162.85
MCOU,PA,00002143301,TRULICITY ,2022,2,false,54.500,49,23894.96
MCOU,PA,00002143380,TRULICITY ,2022,2,false,36601.500,16898,16390191.51
FFSU,PA,00002143380,TRULICITY ,2022,2,false,342.000,140,146284.07
MCOU,PA,00002143401,TRULICITY ,2022,2,false,80.500,59,36192.08
MCOU,PA,00002143480,TRULICITY ,2022,2,false,42345.500,19226,18993474.97
FFSU,PA,00002143480,TRULICITY ,2022,2,false,383.500,170,163987.04
MCOU,PA,00002223601,TRULICITY ,2022,2,false,30.000,15,7862.65
FFSU,PA,00002223680,TRULICITY ,2022,2,false,189.500,91,81058.55
MCOU,PA,00002223680,TRULICITY ,2022,2,false,18913.000,8616,8509839.98
MCOU,PA,00002318201,TRULICITY ,2022,2,false,33.500,22,14580.38
MCOU,PA,00002318280,TRULICITY ,2022,2,false,9678.000,4261,4324731.75
FFSU,PA,00002318280,TRULICITY ,2022,2,false,88.000,30,37549.36
MCOU,PA,00002143301,TRULICITY ,2022,1,false,56.500,50,23794.29
MCOU,PA,00002143380,TRULICITY ,2022,1,false,32044.000,14764,13808845.58
FFSU,PA,00002143380,TRULICITY ,2022,1,false,344.000,137,143097.72
MCOU,PA,00002143401,TRULICITY ,2022,1,false,97.000,64,38786.95
MCOU,PA,00002143480,TRULICITY ,2022,1,false,37858.500,17210,16314701.25
FFSU,PA,00002143480,TRULICITY ,2022,1,false,311.000,140,130757.16
MCOU,PA,00002223601,TRULICITY ,2022,1,false,42.000,22,11315.14
FFSU,PA,00002223680,TRULICITY ,2022,1,false,106.500,52,44558.30
MCOU,PA,00002223680,TRULICITY ,2022,1,false,15886.500,7231,6849669.53
MCOU,PA,00002318201,TRULICITY ,2022,1,true,,,
FFSU,PA,00002318280,TRULICITY ,2022,1,false,42.000,19,17495.96
MCOU,PA,00002318280,TRULICITY ,2022,1,false,7384.500,3265,3172788.78
MCOU,RI,00002143380,TRULICITY ,2022,4,false,2618.500,1228,1111121.13
FFSU,RI,00002143380,TRULICITY ,2022,4,false,52.000,26,22336.42
MCOU,RI,00002143480,TRULICITY ,2022,4,false,3062.000,1419,1303519.86
FFSU,RI,00002143480,TRULICITY ,2022,4,false,56.000,30,24027.98
FFSU,RI,00002223680,TRULICITY ,2022,4,false,26.000,13,10921.56
MCOU,RI,00002223680,TRULICITY ,2022,4,false,1255.000,581,543495.63
MCOU,RI,00002318280,TRULICITY ,2022,4,false,490.500,222,212636.00
FFSU,RI,00002318280,TRULICITY ,2022,4,true,,,
MCOU,RI,00002143380,TRULICITY ,2022,3,false,2858.000,1360,1214781.97
FFSU,RI,00002143380,TRULICITY ,2022,3,false,46.000,23,19737.79
MCOU,RI,00002143480,TRULICITY ,2022,3,false,2835.000,1290,1195077.14
FFSU,RI,00002143480,TRULICITY ,2022,3,false,56.500,32,24264.50
MCOU,RI,00002223680,TRULICITY ,2022,3,false,1398.500,643,594880.20
FFSU,RI,00002223680,TRULICITY ,2022,3,true,,,
FFSU,RI,00002318280,TRULICITY ,2022,3,true,,,
MCOU,RI,00002318280,TRULICITY ,2022,3,false,614.000,273,261970.39
FFSU,RI,00002143380,TRULICITY ,2022,2,false,69.000,36,29594.62
MCOU,RI,00002143380,TRULICITY ,2022,2,false,2588.500,1230,1107533.21
FFSU,RI,00002143480,TRULICITY ,2022,2,false,40.000,20,17120.94
MCOU,RI,00002143480,TRULICITY ,2022,2,false,2795.000,1300,1181499.55
FFSU,RI,00002223680,TRULICITY ,2022,2,false,22.000,11,9234.63
MCOU,RI,00002223680,TRULICITY ,2022,2,false,1250.000,570,534957.61
MCOU,RI,00002318280,TRULICITY ,2022,2,false,483.500,219,205598.78
FFSU,RI,00002318280,TRULICITY ,2022,2,true,,,
FFSU,RI,00002143380,TRULICITY ,2022,1,false,38.000,19,16024.31
MCOU,RI,00002143380,TRULICITY ,2022,1,false,2489.500,1193,1058176.92
MCOU,RI,00002143480,TRULICITY ,2022,1,false,2818.000,1322,1192751.90
FFSU,RI,00002143480,TRULICITY ,2022,1,false,44.500,23,18891.86
MCOU,RI,00002223680,TRULICITY ,2022,1,false,1034.000,474,441045.99
FFSU,RI,00002223680,TRULICITY ,2022,1,true,,,
MCOU,RI,00002318280,TRULICITY ,2022,1,false,319.500,148,131385.35
MCOU,SC,00002143301,TRULICITY ,2022,4,true,,,
FFSU,SC,00002143301,TRULICITY ,2022,4,true,,,
MCOU,SC,00002143380,TRULICITY ,2022,4,false,2083.000,1055,896513.95
FFSU,SC,00002143380,TRULICITY ,2022,4,false,313.000,169,133670.29
MCOU,SC,00002143401,TRULICITY ,2022,4,true,,,
FFSU,SC,00002143480,TRULICITY ,2022,4,false,333.500,167,142902.57
MCOU,SC,00002143480,TRULICITY ,2022,4,false,2762.000,1410,1200489.69
MCOU,SC,00002223601,TRULICITY ,2022,4,true,,,
MCOU,SC,00002223680,TRULICITY ,2022,4,false,1287.500,646,554838.21
FFSU,SC,00002223680,TRULICITY ,2022,4,false,181.000,94,77992.43
MCOU,SC,00002318201,TRULICITY ,2022,4,true,,,
FFSU,SC,00002318280,TRULICITY ,2022,4,false,91.000,53,39248.01
MCOU,SC,00002318280,TRULICITY ,2022,4,false,657.000,339,288564.55
FFSU,SC,00002143301,TRULICITY ,2022,3,true,,,
MCOU,SC,00002143301,TRULICITY ,2022,3,true,,,
MCOU,SC,00002143380,TRULICITY ,2022,3,false,1978.500,1006,836382.81
FFSU,SC,00002143380,TRULICITY ,2022,3,false,292.000,159,128842.30
FFSU,SC,00002143401,TRULICITY ,2022,3,true,,,
MCOU,SC,00002143480,TRULICITY ,2022,3,false,2564.000,1331,1115506.07
FFSU,SC,00002143480,TRULICITY ,2022,3,false,296.500,158,134357.31
MCOU,SC,00002223601,TRULICITY ,2022,3,true,,,
FFSU,SC,00002223680,TRULICITY ,2022,3,false,158.000,90,71719.80
MCOU,SC,00002223680,TRULICITY ,2022,3,false,1339.500,685,577643.15
MCOU,SC,00002318201,TRULICITY ,2022,3,true,,,
FFSU,SC,00002318280,TRULICITY ,2022,3,false,91.500,55,39437.15
MCOU,SC,00002318280,TRULICITY ,2022,3,false,770.000,392,325287.51
MCOU,SC,00002143301,TRULICITY ,2022,2,true,,,
FFSU,SC,00002143380,TRULICITY ,2022,2,false,232.500,128,100401.68
MCOU,SC,00002143380,TRULICITY ,2022,2,false,1743.000,888,745866.12
MCOU,SC,00002143480,TRULICITY ,2022,2,false,2399.000,1238,1034080.37
FFSU,SC,00002143480,TRULICITY ,2022,2,false,252.500,140,109039.13
FFSU,SC,00002223680,TRULICITY ,2022,2,false,149.500,81,64418.71
MCOU,SC,00002223680,TRULICITY ,2022,2,false,1166.000,593,504547.37
MCOU,SC,00002318201,TRULICITY ,2022,2,true,,,
FFSU,SC,00002318201,TRULICITY ,2022,2,true,,,
MCOU,SC,00002318280,TRULICITY ,2022,2,false,640.000,324,270333.35
FFSU,SC,00002318280,TRULICITY ,2022,2,false,61.500,39,26526.28
MCOU,SC,00002143301,TRULICITY ,2022,1,true,,,
MCOU,SC,00002143380,TRULICITY ,2022,1,false,1626.000,844,704877.02
FFSU,SC,00002143380,TRULICITY ,2022,1,false,178.000,89,75260.11
MCOU,SC,00002143401,TRULICITY ,2022,1,true,,,
FFSU,SC,00002143480,TRULICITY ,2022,1,false,196.000,98,82070.99
MCOU,SC,00002143480,TRULICITY ,2022,1,false,2340.000,1210,1020849.46
FFSU,SC,00002223680,TRULICITY ,2022,1,false,84.000,42,35670.89
MCOU,SC,00002223680,TRULICITY ,2022,1,false,991.500,502,423219.36
MCOU,SC,00002318201,TRULICITY ,2022,1,true,,,
FFSU,SC,00002318280,TRULICITY ,2022,1,false,38.000,18,16125.86
MCOU,SC,00002318280,TRULICITY ,2022,1,false,445.500,231,191735.08
FFSU,SD,00002143380,TRULICITY ,2022,4,false,114.000,57,49127.16
FFSU,SD,00002143480,TRULICITY ,2022,4,false,188.000,89,80958.33
FFSU,SD,00002223680,TRULICITY ,2022,4,false,96.000,48,41404.32
FFSU,SD,00002318280,TRULICITY ,2022,4,false,72.000,36,31058.64
FFSU,SD,00002143380,TRULICITY ,2022,3,false,126.000,62,54201.63
FFSU,SD,00002143401,TRULICITY ,2022,3,true,,,
FFSU,SD,00002143480,TRULICITY ,2022,3,false,190.000,91,81830.70
FFSU,SD,00002223680,TRULICITY ,2022,3,false,130.000,65,56068.35
FFSU,SD,00002318280,TRULICITY ,2022,3,false,82.000,41,35372.34
FFSU,SD,00002143380,TRULICITY ,2022,2,false,140.000,69,59877.29
FFSU,SD,00002143480,TRULICITY ,2022,2,false,189.000,93,81426.16
FFSU,SD,00002223680,TRULICITY ,2022,2,false,106.000,53,45717.27
FFSU,SD,00002318280,TRULICITY ,2022,2,false,100.000,50,43137.00
FFSU,SD,00002143380,TRULICITY ,2022,1,false,144.000,72,61569.12
FFSU,SD,00002143480,TRULICITY ,2022,1,false,212.000,105,90775.09
FFSU,SD,00002223680,TRULICITY ,2022,1,false,104.000,52,44530.28
FFSU,SD,00002318280,TRULICITY ,2022,1,false,74.000,37,31678.02
FFSU,TN,00002143380,TRULICITY ,2022,4,false,1702.500,857,731982.27
FFSU,TN,00002143401,TRULICITY ,2022,4,true,,,
FFSU,TN,00002143480,TRULICITY ,2022,4,false,2215.000,1109,952322.88
FFSU,TN,00002223601,TRULICITY ,2022,4,true,,,
FFSU,TN,00002223680,TRULICITY ,2022,4,false,1091.000,553,469447.52
FFSU,TN,00002318280,TRULICITY ,2022,4,false,608.000,304,261902.65
FFSU,TN,00002143301,TRULICITY ,2022,3,true,,,
FFSU,TN,00002143380,TRULICITY ,2022,3,false,1924.500,971,826825.96
FFSU,TN,00002143480,TRULICITY ,2022,3,false,2306.000,1156,990715.70
FFSU,TN,00002223680,TRULICITY ,2022,3,false,1295.500,653,557039.32
FFSU,TN,00002318201,TRULICITY ,2022,3,true,,,
FFSU,TN,00002318280,TRULICITY ,2022,3,false,698.000,349,300631.46
FFSU,TN,00002143301,TRULICITY ,2022,2,true,,,
FFSU,TN,00002143380,TRULICITY ,2022,2,false,1651.500,830,709799.51
FFSU,TN,00002143480,TRULICITY ,2022,2,false,2310.000,1158,993249.88
FFSU,TN,00002223680,TRULICITY ,2022,2,false,1084.500,543,466242.81
FFSU,TN,00002318280,TRULICITY ,2022,2,false,612.000,306,263560.11
FFSU,TN,00002143380,TRULICITY ,2022,1,false,1536.000,770,652692.05
FFSU,TN,00002143480,TRULICITY ,2022,1,false,2363.000,1186,1004062.51
FFSU,TN,00002223680,TRULICITY ,2022,1,false,968.000,484,411014.77
FFSU,TN,00002318280,TRULICITY ,2022,1,false,483.000,242,205527.05
MCOU,TX,00002143380,TRULICITY ,2022,4,false,11714.000,5165,5000510.58
FFSU,TX,00002143380,TRULICITY ,2022,4,true,,,
FFSU,TX,00002143480,TRULICITY ,2022,4,false,30.500,17,13347.83
MCOU,TX,00002143480,TRULICITY ,2022,4,false,12186.000,5137,5204409.02
MCOU,TX,00002223601,TRULICITY ,2022,4,true,,,
MCOU,TX,00002223680,TRULICITY ,2022,4,false,5272.000,2268,2244459.38
FFSU,TX,00002223680,TRULICITY ,2022,4,true,,,
MCOU,TX,00002318201,TRULICITY ,2022,4,true,,,
FFSU,TX,00002318280,TRULICITY ,2022,4,true,,,
MCOU,TX,00002318280,TRULICITY ,2022,4,false,2349.000,999,998788.35
FFSU,TX,00002143380,TRULICITY ,2022,3,false,30.000,15,13146.45
MCOU,TX,00002143380,TRULICITY ,2022,3,false,10473.000,4640,4479608.43
MCOU,TX,00002143480,TRULICITY ,2022,3,false,11560.000,4884,4943019.35
FFSU,TX,00002143480,TRULICITY ,2022,3,true,,,
MCOU,TX,00002223601,TRULICITY ,2022,3,true,,,
FFSU,TX,00002223680,TRULICITY ,2022,3,true,,,
MCOU,TX,00002223680,TRULICITY ,2022,3,false,5584.000,2388,2381163.66
FFSU,TX,00002318280,TRULICITY ,2022,3,true,,,
MCOU,TX,00002318280,TRULICITY ,2022,3,false,1980.000,837,845689.59
MCOU,TX,00002143380,TRULICITY ,2022,2,false,9555.000,4343,4083330.54
FFSU,TX,00002143380,TRULICITY ,2022,2,false,36.000,18,15775.89
MCOU,TX,00002143480,TRULICITY ,2022,2,false,10284.500,4520,4394646.88
FFSU,TX,00002143480,TRULICITY ,2022,2,false,52.000,26,22785.81
MCOU,TX,00002223680,TRULICITY ,2022,2,false,4511.500,1970,1926835.75
FFSU,TX,00002223680,TRULICITY ,2022,2,true,,,
MCOU,TX,00002318201,TRULICITY ,2022,2,true,,,
MCOU,TX,00002318280,TRULICITY ,2022,2,false,1328.500,584,567550.12
FFSU,TX,00002318280,TRULICITY ,2022,2,true,,,
MCOU,TX,00002143301,TRULICITY ,2022,1,true,,,
MCOU,TX,00002143380,TRULICITY ,2022,1,false,7485.500,3577,3198562.35
FFSU,TX,00002143380,TRULICITY ,2022,1,false,44.000,22,19033.87
FFSU,TX,00002143480,TRULICITY ,2022,1,false,42.000,21,18101.44
MCOU,TX,00002143480,TRULICITY ,2022,1,false,8280.500,3882,3537634.65
MCOU,TX,00002223601,TRULICITY ,2022,1,true,,,
FFSU,TX,00002223680,TRULICITY ,2022,1,true,,,
MCOU,TX,00002223680,TRULICITY ,2022,1,false,3149.000,1444,1348023.00
MCOU,TX,00002318201,TRULICITY ,2022,1,true,,,
MCOU,TX,00002318280,TRULICITY ,2022,1,false,698.000,327,299478.86
MCOU,UT,00002143301,TRULICITY ,2022,4,true,,,
FFSU,UT,00002143301,TRULICITY ,2022,4,true,,,
MCOU,UT,00002143380,TRULICITY ,2022,4,false,1100.500,534,507160.80
FFSU,UT,00002143380,TRULICITY ,2022,4,false,449.000,225,192668.12
MCOU,UT,00002143480,TRULICITY ,2022,4,false,1568.000,742,716488.49
FFSU,UT,00002143480,TRULICITY ,2022,4,false,587.000,287,251419.55
MCOU,UT,00002223601,TRULICITY ,2022,4,true,,,
MCOU,UT,00002223680,TRULICITY ,2022,4,false,856.000,416,401967.41
FFSU,UT,00002223680,TRULICITY ,2022,4,false,178.000,89,76584.56
MCOU,UT,00002318201,TRULICITY ,2022,4,true,,,
MCOU,UT,00002318280,TRULICITY ,2022,4,false,526.000,256,263946.26
FFSU,UT,00002318280,TRULICITY ,2022,4,false,109.000,59,46870.74
MCOU,UT,00002143301,TRULICITY ,2022,3,true,,,
FFSU,UT,00002143301,TRULICITY ,2022,3,true,,,
MCOU,UT,00002143380,TRULICITY ,2022,3,false,1064.500,513,500793.52
FFSU,UT,00002143380,TRULICITY ,2022,3,false,385.000,197,164983.28
FFSU,UT,00002143480,TRULICITY ,2022,3,false,483.000,244,207481.61
MCOU,UT,00002143480,TRULICITY ,2022,3,false,1754.000,840,802154.62
MCOU,UT,00002223601,TRULICITY ,2022,3,true,,,
FFSU,UT,00002223680,TRULICITY ,2022,3,false,164.000,81,70482.41
MCOU,UT,00002223680,TRULICITY ,2022,3,false,1042.500,496,483414.30
MCOU,UT,00002318280,TRULICITY ,2022,3,false,586.000,289,272002.48
FFSU,UT,00002318280,TRULICITY ,2022,3,false,104.000,53,44749.57
FFSU,UT,00002143301,TRULICITY ,2022,2,true,,,
FFSU,UT,00002143380,TRULICITY ,2022,2,false,330.500,162,141981.14
MCOU,UT,00002143380,TRULICITY ,2022,2,false,946.000,459,568758.31
FFSU,UT,00002143480,TRULICITY ,2022,2,false,440.500,215,188128.73
MCOU,UT,00002143480,TRULICITY ,2022,2,false,1618.000,780,869010.31
MCOU,UT,00002223680,TRULICITY ,2022,2,false,958.000,467,527551.18
FFSU,UT,00002223680,TRULICITY ,2022,2,false,146.000,73,62810.22
MCOU,UT,00002318280,TRULICITY ,2022,2,false,444.000,220,267102.81
FFSU,UT,00002318280,TRULICITY ,2022,2,false,80.000,40,34406.76
MCOU,UT,00002143301,TRULICITY ,2022,1,true,,,
MCOU,UT,00002143380,TRULICITY ,2022,1,false,980.500,477,563067.69
FFSU,UT,00002143380,TRULICITY ,2022,1,false,306.000,149,128928.57
FFSU,UT,00002143480,TRULICITY ,2022,1,false,335.000,168,142624.02
MCOU,UT,00002143480,TRULICITY ,2022,1,false,1618.000,788,825622.47
MCOU,UT,00002223680,TRULICITY ,2022,1,false,796.000,389,418819.50
FFSU,UT,00002223680,TRULICITY ,2022,1,false,106.000,53,45112.46
FFSU,UT,00002318201,TRULICITY ,2022,1,true,,,
MCOU,UT,00002318280,TRULICITY ,2022,1,false,326.000,163,174010.72
FFSU,UT,00002318280,TRULICITY ,2022,1,false,56.000,28,23831.10
MCOU,VA,00002143301,TRULICITY ,2022,4,false,50.500,34,21530.98
FFSU,VA,00002143380,TRULICITY ,2022,4,false,63.000,39,27200.29
MCOU,VA,00002143380,TRULICITY ,2022,4,false,17690.000,8502,7635604.98
MCOU,VA,00002143401,TRULICITY ,2022,4,false,37.000,30,15978.93
FFSU,VA,00002143480,TRULICITY ,2022,4,false,41.000,21,17653.38
MCOU,VA,00002143480,TRULICITY ,2022,4,false,19360.000,8862,8338158.92
MCOU,VA,00002223601,TRULICITY ,2022,4,true,,,
FFSU,VA,00002223680,TRULICITY ,2022,4,true,,,
MCOU,VA,00002223680,TRULICITY ,2022,4,false,7063.000,3223,3039109.15
MCOU,VA,00002318201,TRULICITY ,2022,4,true,,,
MCOU,VA,00002318280,TRULICITY ,2022,4,false,2964.000,1408,1277411.28
FFSU,VA,00002318280,TRULICITY ,2022,4,false,12.500,13,5411.41
MCOU,VA,00002143301,TRULICITY ,2022,3,false,33.000,22,13951.06
MCOU,VA,00002143380,TRULICITY ,2022,3,false,16494.500,7985,7102473.82
FFSU,VA,00002143380,TRULICITY ,2022,3,false,80.000,42,34447.27
MCOU,VA,00002143401,TRULICITY ,2022,3,false,45.000,28,19274.40
MCOU,VA,00002143480,TRULICITY ,2022,3,false,16539.000,7636,7102797.63
FFSU,VA,00002143480,TRULICITY ,2022,3,false,30.000,15,12907.50
MCOU,VA,00002223601,TRULICITY ,2022,3,true,,,
MCOU,VA,00002223680,TRULICITY ,2022,3,false,6827.000,3162,2928014.91
FFSU,VA,00002223680,TRULICITY ,2022,3,false,15.500,13,6656.56
MCOU,VA,00002318201,TRULICITY ,2022,3,true,,,
MCOU,VA,00002318280,TRULICITY ,2022,3,false,3061.000,1440,1314992.94
FFSU,VA,00002318280,TRULICITY ,2022,3,true,,,
MCOU,VA,00002143301,TRULICITY ,2022,2,false,38.500,22,16336.19
MCOU,VA,00002143380,TRULICITY ,2022,2,false,14662.000,7108,6307842.34
FFSU,VA,00002143380,TRULICITY ,2022,2,false,39.500,21,17037.42
MCOU,VA,00002143401,TRULICITY ,2022,2,false,42.500,22,18175.71
MCOU,VA,00002143480,TRULICITY ,2022,2,false,13941.000,6433,5984865.20
FFSU,VA,00002143480,TRULICITY ,2022,2,false,32.500,17,14014.19
MCOU,VA,00002223601,TRULICITY ,2022,2,true,,,
FFSU,VA,00002223680,TRULICITY ,2022,2,false,26.500,20,11459.93
MCOU,VA,00002223680,TRULICITY ,2022,2,false,5194.000,2362,2225226.60
MCOU,VA,00002318201,TRULICITY ,2022,2,true,,,
FFSU,VA,00002318280,TRULICITY ,2022,2,true,,,
MCOU,VA,00002318280,TRULICITY ,2022,2,false,2050.000,961,880319.35
MCOU,VA,00002143301,TRULICITY ,2022,1,false,36.500,21,15508.46
FFSU,VA,00002143380,TRULICITY ,2022,1,false,52.000,29,22341.08
MCOU,VA,00002143380,TRULICITY ,2022,1,false,11848.000,5696,5087274.17
MCOU,VA,00002143401,TRULICITY ,2022,1,false,37.000,19,15863.24
FFSU,VA,00002143480,TRULICITY ,2022,1,false,32.000,19,13669.17
MCOU,VA,00002143480,TRULICITY ,2022,1,false,10622.500,4857,4549528.49
MCOU,VA,00002223601,TRULICITY ,2022,1,true,,,
FFSU,VA,00002223680,TRULICITY ,2022,1,true,,,
MCOU,VA,00002223680,TRULICITY ,2022,1,false,3518.500,1590,1512673.27
MCOU,VA,00002318201,TRULICITY ,2022,1,true,,,
FFSU,VA,00002318280,TRULICITY ,2022,1,true,,,
MCOU,VA,00002318280,TRULICITY ,2022,1,false,1243.000,586,532284.49
FFSU,VT,00002143380,TRULICITY ,2022,4,false,1922.000,776,819544.33
FFSU,VT,00002143480,TRULICITY ,2022,4,false,2304.000,841,975513.27
FFSU,VT,00002223680,TRULICITY ,2022,4,false,1067.000,367,455085.68
FFSU,VT,00002318280,TRULICITY ,2022,4,false,570.000,228,244558.11
FFSU,VT,00002143301,TRULICITY ,2022,3,true,,,
FFSU,VT,00002143380,TRULICITY ,2022,3,false,1861.000,757,781052.42
FFSU,VT,00002143401,TRULICITY ,2022,3,true,,,
FFSU,VT,00002143480,TRULICITY ,2022,3,false,2319.000,827,992261.00
FFSU,VT,00002223680,TRULICITY ,2022,3,false,1086.000,385,463338.36
FFSU,VT,00002318280,TRULICITY ,2022,3,false,646.000,254,276499.07
FFSU,VT,00002143380,TRULICITY ,2022,2,false,1769.500,708,750078.49
FFSU,VT,00002143401,TRULICITY ,2022,2,true,,,
FFSU,VT,00002143480,TRULICITY ,2022,2,false,1913.500,686,815096.74
FFSU,VT,00002223680,TRULICITY ,2022,2,false,832.000,301,346113.17
FFSU,VT,00002318280,TRULICITY ,2022,2,false,446.000,171,187252.00
FFSU,VT,00002143301,TRULICITY ,2022,1,true,,,
FFSU,VT,00002143380,TRULICITY ,2022,1,false,1218.000,504,509912.04
FFSU,VT,00002143480,TRULICITY ,2022,1,false,1495.000,541,632453.37
FFSU,VT,00002223680,TRULICITY ,2022,1,false,623.000,220,254044.91
FFSU,VT,00002318280,TRULICITY ,2022,1,false,308.000,109,130423.50
MCOU,WA,00002143380,TRULICITY ,2022,4,false,954.500,434,389508.90
FFSU,WA,00002143380,TRULICITY ,2022,4,true,,,
FFSU,WA,00002143480,TRULICITY ,2022,4,false,24.000,12,7774.59
MCOU,WA,00002143480,TRULICITY ,2022,4,false,1219.500,538,498002.44
MCOU,WA,00002223680,TRULICITY ,2022,4,false,604.000,289,248328.48
FFSU,WA,00002223680,TRULICITY ,2022,4,true,,,
MCOU,WA,00002318280,TRULICITY ,2022,4,false,368.000,181,154509.45
FFSU,WA,00002318280,TRULICITY ,2022,4,true,,,
FFSU,WA,00002143380,TRULICITY ,2022,3,true,,,
MCOU,WA,00002143380,TRULICITY ,2022,3,false,883.000,408,359806.28
FFSU,WA,00002143480,TRULICITY ,2022,3,false,34.000,17,12882.65
MCOU,WA,00002143480,TRULICITY ,2022,3,false,1310.000,576,534201.47
FFSU,WA,00002223680,TRULICITY ,2022,3,true,,,
MCOU,WA,00002223680,TRULICITY ,2022,3,false,672.500,317,273805.58
FFSU,WA,00002318280,TRULICITY ,2022,3,true,,,
MCOU,WA,00002318280,TRULICITY ,2022,3,false,472.000,226,196309.20
FFSU,WA,00002143380,TRULICITY ,2022,2,true,,,
MCOU,WA,00002143380,TRULICITY ,2022,2,false,905.000,418,369305.63
MCOU,WA,00002143480,TRULICITY ,2022,2,false,1204.000,545,492441.14
FFSU,WA,00002143480,TRULICITY ,2022,2,false,30.000,13,10332.64
MCOU,WA,00002223680,TRULICITY ,2022,2,false,544.000,268,224012.82
FFSU,WA,00002223680,TRULICITY ,2022,2,true,,,
MCOU,WA,00002318280,TRULICITY ,2022,2,false,377.000,184,158033.42
FFSU,WA,00002318280,TRULICITY ,2022,2,true,,,
MCOU,WA,00002143301,TRULICITY ,2022,1,true,,,
MCOU,WA,00002143380,TRULICITY ,2022,1,false,904.500,414,367057.81
FFSU,WA,00002143380,TRULICITY ,2022,1,true,,,
FFSU,WA,00002143480,TRULICITY ,2022,1,false,40.000,15,15346.94
MCOU,WA,00002143480,TRULICITY ,2022,1,false,1134.000,518,464048.15
MCOU,WA,00002223680,TRULICITY ,2022,1,false,481.000,232,198174.14
FFSU,WA,00002223680,TRULICITY ,2022,1,true,,,
MCOU,WA,00002318280,TRULICITY ,2022,1,false,298.000,141,124733.84
FFSU,WA,00002318280,TRULICITY ,2022,1,true,,,
FFSU,WI,00002143301,TRULICITY ,2022,4,true,,,
FFSU,WI,00002143380,TRULICITY ,2022,4,false,14279.500,5885,6222101.42
FFSU,WI,00002143480,TRULICITY ,2022,4,false,17456.000,6746,7561656.27
FFSU,WI,00002223601,TRULICITY ,2022,4,true,,,
FFSU,WI,00002223680,TRULICITY ,2022,4,false,8494.000,3352,3703276.09
FFSU,WI,00002318201,TRULICITY ,2022,4,true,,,
FFSU,WI,00002318280,TRULICITY ,2022,4,false,5397.500,2103,2365669.12
FFSU,WI,00002143301,TRULICITY ,2022,3,false,22.500,14,10131.30
FFSU,WI,00002143380,TRULICITY ,2022,3,false,16471.500,6194,7158008.93
FFSU,WI,00002143480,TRULICITY ,2022,3,false,19159.500,6574,8323697.93
FFSU,WI,00002223601,TRULICITY ,2022,3,true,,,
FFSU,WI,00002223680,TRULICITY ,2022,3,false,10298.000,3567,4495604.91
FFSU,WI,00002318280,TRULICITY ,2022,3,false,7213.500,2381,3150969.59
FFSU,WI,00002143301,TRULICITY ,2022,2,false,24.000,11,10785.41
FFSU,WI,00002143380,TRULICITY ,2022,2,false,14784.500,5650,6431808.67
FFSU,WI,00002143480,TRULICITY ,2022,2,false,17391.500,6092,7531135.20
FFSU,WI,00002223601,TRULICITY ,2022,2,true,,,
FFSU,WI,00002223680,TRULICITY ,2022,2,false,8962.500,3033,3892594.08
FFSU,WI,00002318280,TRULICITY ,2022,2,false,5209.500,1653,2281744.01
FFSU,WI,00002143301,TRULICITY ,2022,1,true,,,
FFSU,WI,00002143380,TRULICITY ,2022,1,false,12351.500,4775,5336943.56
FFSU,WI,00002143480,TRULICITY ,2022,1,false,14819.000,5260,6378411.15
FFSU,WI,00002223601,TRULICITY ,2022,1,true,,,
FFSU,WI,00002223680,TRULICITY ,2022,1,false,7378.000,2543,3172665.80
FFSU,WI,00002318280,TRULICITY ,2022,1,false,3599.500,1166,1566088.75
FFSU,WV,00002143301,TRULICITY ,2022,4,true,,,
FFSU,WV,00002143380,TRULICITY ,2022,4,false,4123.500,1863,1768629.48
FFSU,WV,00002143480,TRULICITY ,2022,4,false,3628.000,1534,1549756.69
FFSU,WV,00002223601,TRULICITY ,2022,4,true,,,
FFSU,WV,00002223680,TRULICITY ,2022,4,false,1549.000,777,665462.10
FFSU,WV,00002318201,TRULICITY ,2022,4,true,,,
FFSU,WV,00002318280,TRULICITY ,2022,4,false,658.000,329,282393.50
FFSU,WV,00002143301,TRULICITY ,2022,3,true,,,
FFSU,WV,00002143380,TRULICITY ,2022,3,false,3714.500,1646,1593873.02
FFSU,WV,00002143480,TRULICITY ,2022,3,false,2933.000,1259,1257529.87
FFSU,WV,00002223601,TRULICITY ,2022,3,true,,,
FFSU,WV,00002223680,TRULICITY ,2022,3,false,1291.500,641,554593.67
FFSU,WV,00002318201,TRULICITY ,2022,3,true,,,
FFSU,WV,00002318280,TRULICITY ,2022,3,false,543.000,278,233318.02
FFSU,WV,00002143380,TRULICITY ,2022,2,false,3571.000,1597,1532097.77
FFSU,WV,00002143401,TRULICITY ,2022,2,true,,,
FFSU,WV,00002143480,TRULICITY ,2022,2,false,2848.500,1209,1221579.50
FFSU,WV,00002223601,TRULICITY ,2022,2,true,,,
FFSU,WV,00002223680,TRULICITY ,2022,2,false,1119.500,555,480432.77
FFSU,WV,00002318280,TRULICITY ,2022,2,false,440.500,222,189105.83
FFSU,WV,00002143380,TRULICITY ,2022,1,false,3396.500,1524,1426202.44
FFSU,WV,00002143480,TRULICITY ,2022,1,false,2733.500,1141,1150197.34
FFSU,WV,00002223680,TRULICITY ,2022,1,false,891.500,442,375721.64
FFSU,WV,00002318280,TRULICITY ,2022,1,false,291.000,148,122709.50
FFSU,WY,00002143380,TRULICITY ,2022,4,false,26.000,13,9964.28
FFSU,WY,00002143480,TRULICITY ,2022,4,false,80.000,36,31309.60
FFSU,WY,00002223680,TRULICITY ,2022,4,false,30.000,15,10428.48
FFSU,WY,00002318280,TRULICITY ,2022,4,false,22.000,11,8619.20
FFSU,WY,00002143301,TRULICITY ,2022,3,true,,,
FFSU,WY,00002143380,TRULICITY ,2022,3,true,,,
FFSU,WY,00002143480,TRULICITY ,2022,3,false,50.000,21,19558.00
FFSU,WY,00002223680,TRULICITY ,2022,3,false,40.000,18,16351.42
FFSU,WY,00002318280,TRULICITY ,2022,3,false,24.000,12,7789.06
FFSU,WY,00002143380,TRULICITY ,2022,2,false,26.000,13,9956.98
FFSU,WY,00002143480,TRULICITY ,2022,2,false,48.000,22,18788.56
FFSU,WY,00002223680,TRULICITY ,2022,2,false,36.000,16,13774.30
FFSU,WY,00002318280,TRULICITY ,2022,2,true,,,
FFSU,WY,00002143380,TRULICITY ,2022,1,true,,,
FFSU,WY,00002143480,TRULICITY ,2022,1,false,64.000,27,25035.08
FFSU,WY,00002223680,TRULICITY ,2022,1,false,44.000,20,17088.71
FFSU,WY,00002318280,TRULICITY ,2022,1,true,,,
FFSU,AK,00169406012,VICTOZA 2-,2022,4,false,648.000,87,73025.79
FFSU,AK,00169406013,VICTOZA 3-,2022,4,false,2004.000,199,220967.48
FFSU,AK,00169406012,VICTOZA 2-,2022,3,false,822.000,97,92875.56
FFSU,AK,00169406013,VICTOZA 3-,2022,3,false,2097.000,199,232468.31
FFSU,AK,00169406012,VICTOZA 2-,2022,2,false,948.000,117,107247.38
FFSU,AK,00169406013,VICTOZA 3-,2022,2,false,2349.000,221,260519.59
FFSU,AK,00169406012,VICTOZA 2-,2022,1,false,1125.000,145,121181.21
FFSU,AK,00169406013,VICTOZA 3-,2022,1,false,2622.000,260,280129.18
FFSU,AL,00169406012,VICTOZA 6M,2022,4,false,2601.000,425,309638.10
FFSU,AL,00169406013,VICTOZA 6M,2022,4,false,5673.000,644,665315.69
FFSU,AL,00169406012,VICTOZA 6M,2022,3,false,2888.000,465,341725.18
FFSU,AL,00169406013,VICTOZA 6M,2022,3,false,6006.000,679,702267.07
FFSU,AL,00169406012,VICTOZA 6M,2022,2,false,2763.000,453,326634.58
FFSU,AL,00169406013,VICTOZA 6M,2022,2,false,6330.000,723,736197.11
FFSU,AL,00169406012,VICTOZA 6M,2022,1,false,2448.000,400,284700.72
FFSU,AL,00169406013,VICTOZA 6M,2022,1,false,5934.000,671,690069.30
MCOU,AR,00169406012,VICTOZA 2-,2022,4,false,762.000,126,88617.35
FFSU,AR,00169406012,VICTOZA 2-,2022,4,false,5934.000,989,684407.78
FFSU,AR,00169406013,VICTOZA 3-,2022,4,false,10770.000,1230,1234493.86
MCOU,AR,00169406013,VICTOZA 3-,2022,4,false,1989.000,223,230880.87
MCOU,AR,00169406012,VICTOZA 2-,2022,3,false,753.000,122,88074.90
FFSU,AR,00169406012,VICTOZA 2-,2022,3,false,5223.000,868,602356.16
FFSU,AR,00169406013,VICTOZA 3-,2022,3,false,9453.000,1077,1083987.03
MCOU,AR,00169406013,VICTOZA 3-,2022,3,false,2043.000,230,239170.87
FFSU,AR,00169406012,VICTOZA 2-,2022,2,false,5280.000,893,609072.10
MCOU,AR,00169406012,VICTOZA 2-,2022,2,false,675.000,112,78996.26
MCOU,AR,00169406013,VICTOZA 3-,2022,2,false,1908.000,215,223294.41
FFSU,AR,00169406013,VICTOZA 3-,2022,2,false,8811.000,1007,1010324.13
MCOU,AR,00169406012,VICTOZA 2-,2022,1,false,711.000,116,82748.98
FFSU,AR,00169406012,VICTOZA 2-,2022,1,false,4758.000,796,543578.81
MCOU,AR,00169406013,VICTOZA 3-,2022,1,false,1419.000,159,165202.33
FFSU,AR,00169406013,VICTOZA 3-,2022,1,false,7680.000,886,872236.18
FFSU,AZ,00169406012,VICTOZA 2-,2022,4,false,129.000,21,14551.88
MCOU,AZ,00169406012,VICTOZA 2-,2022,4,false,9933.000,1528,1129072.27
MCOU,AZ,00169406013,VICTOZA 3-,2022,4,false,21026.000,2120,2382371.14
FFSU,AZ,00169406013,VICTOZA 3-,2022,4,false,849.000,93,70898.96
MCOU,AZ,00169406012,VICTOZA 2-,2022,3,false,10322.000,1557,1171284.77
FFSU,AZ,00169406012,VICTOZA 2-,2022,3,false,90.000,15,10566.26
FFSU,AZ,00169406013,VICTOZA 3-,2022,3,false,945.000,105,80651.61
MCOU,AZ,00169406013,VICTOZA 3-,2022,3,false,22788.000,2272,2574766.05
FFSU,AZ,00169406012,VICTOZA 2-,2022,2,false,165.000,29,19340.49
MCOU,AZ,00169406012,VICTOZA 2-,2022,2,false,10779.000,1607,1220649.27
FFSU,AZ,00169406013,VICTOZA 3-,2022,2,false,840.000,92,73218.87
MCOU,AZ,00169406013,VICTOZA 3-,2022,2,false,22833.000,2258,2580568.12
MCOU,AZ,00169406012,VICTOZA 2-,2022,1,false,10993.000,1657,1241489.08
FFSU,AZ,00169406012,VICTOZA 2-,2022,1,false,288.000,54,32346.01
FFSU,AZ,00169406013,VICTOZA 3-,2022,1,false,513.000,56,54851.24
MCOU,AZ,00169406013,VICTOZA 3-,2022,1,false,24015.000,2365,2710700.62
FFSU,CA,00169406012,VICTOZA 6M,2022,4,false,29938.000,3893,3432190.97
MCOU,CA,00169406012,VICTOZA 6M,2022,4,false,52.000,13,5966.83
MCOU,CA,00169406013,VICTOZA 6M,2022,4,false,401.400,51,48932.80
FFSU,CA,00169406013,VICTOZA 6M,2022,4,false,52158.000,4520,5956912.98
FFSU,CA,00169406012,VICTOZA 6M,2022,3,false,34630.000,4585,3977848.18
MCOU,CA,00169406012,VICTOZA 6M,2022,3,true,,,
FFSU,CA,00169406013,VICTOZA 6M,2022,3,false,64335.000,5778,7353735.88
MCOU,CA,00169406013,VICTOZA 6M,2022,3,false,405.000,49,49726.40
MCOU,CA,00169406012,VICTOZA 6M,2022,2,false,144.000,23,20189.73
FFSU,CA,00169406012,VICTOZA 6M,2022,2,false,27379.000,3757,3147104.39
MCOU,CA,00169406013,VICTOZA 6M,2022,2,false,490.000,58,58320.05
FFSU,CA,00169406013,VICTOZA 6M,2022,2,false,53730.000,4923,6150180.95
MCOU,CA,00169406012,VICTOZA 6M,2022,1,false,287.000,41,25606.13
FFSU,CA,00169406012,VICTOZA 6M,2022,1,false,23031.000,3184,2624075.80
FFSU,CA,00169406013,VICTOZA 6M,2022,1,false,45573.000,4388,5173639.94
MCOU,CA,00169406013,VICTOZA 6M,2022,1,false,474.000,58,58092.87
FFSU,CO,00169406012,VICTOZA 2-,2022,4,false,6165.000,690,696817.78
MCOU,CO,00169406012,VICTOZA 2-,2022,4,false,507.000,80,58267.42
MCOU,CO,00169406013,VICTOZA 3-,2022,4,false,309.000,30,35366.04
FFSU,CO,00169406013,VICTOZA 3-,2022,4,false,10680.000,823,1207892.24
FFSU,CO,00169406012,VICTOZA 2-,2022,3,false,5877.000,667,668469.36
MCOU,CO,00169406012,VICTOZA 2-,2022,3,false,495.000,74,56894.77
MCOU,CO,00169406013,VICTOZA 3-,2022,3,false,225.000,23,25759.19
FFSU,CO,00169406013,VICTOZA 3-,2022,3,false,10776.000,860,1225539.34
FFSU,CO,00169406012,VICTOZA 2-,2022,2,false,6023.000,657,688016.32
MCOU,CO,00169406012,VICTOZA 2-,2022,2,false,456.000,65,52412.25
MCOU,CO,00169406013,VICTOZA 3-,2022,2,false,171.000,19,19606.78
FFSU,CO,00169406013,VICTOZA 3-,2022,2,false,11751.000,909,1334028.74
FFSU,CO,00169406012,VICTOZA 2-,2022,1,false,6237.000,720,704534.13
MCOU,CO,00169406012,VICTOZA 2-,2022,1,false,513.000,81,58759.95
FFSU,CO,00169406013,VICTOZA 3-,2022,1,false,12552.000,948,1412080.81
MCOU,CO,00169406013,VICTOZA 3-,2022,1,false,234.000,22,26590.38
FFSU,CT,00169406012,VICTOZA 6M,2022,4,false,4968.000,682,571533.31
FFSU,CT,00169406013,VICTOZA 6M,2022,4,false,13722.000,1071,1569101.05
FFSU,CT,00169406012,VICTOZA 6M,2022,3,false,5934.000,808,682548.03
FFSU,CT,00169406013,VICTOZA 6M,2022,3,false,16224.000,1237,1854807.06
FFSU,CT,00169406012,VICTOZA 6M,2022,2,false,6422.000,852,738348.67
FFSU,CT,00169406013,VICTOZA 6M,2022,2,false,16110.000,1219,1841519.17
FFSU,CT,00169406012,VICTOZA 6M,2022,1,false,6681.000,859,758125.37
FFSU,CT,00169406013,VICTOZA 6M,2022,1,false,17670.000,1331,1991001.12
FFSU,DC,00169406012,VICTOZA 2-,2022,4,false,108.000,18,12468.06
MCOU,DC,00169406012,VICTOZA 2-,2022,4,false,402.000,60,45397.52
MCOU,DC,00169406013,VICTOZA 3-,2022,4,false,1242.000,115,141404.90
FFSU,DC,00169406013,VICTOZA 3-,2022,4,false,153.000,15,17535.29
MCOU,DC,00169406012,VICTOZA 2-,2022,3,false,494.000,67,51602.26
FFSU,DC,00169406012,VICTOZA 2-,2022,3,false,108.000,19,12479.21
MCOU,DC,00169406013,VICTOZA 3-,2022,3,false,1353.000,127,159038.69
FFSU,DC,00169406013,VICTOZA 3-,2022,3,false,195.000,22,22381.05
MCOU,DC,00169406012,VICTOZA 2-,2022,2,false,593.000,75,67072.10
FFSU,DC,00169406012,VICTOZA 2-,2022,2,false,141.000,20,16238.72
FFSU,DC,00169406013,VICTOZA 3-,2022,2,false,240.000,27,27545.05
MCOU,DC,00169406013,VICTOZA 3-,2022,2,false,1662.000,147,194891.82
FFSU,DC,00169406012,VICTOZA 2-,2022,1,false,132.000,19,15143.37
MCOU,DC,00169406012,VICTOZA 2-,2022,1,false,546.000,76,60510.49
MCOU,DC,00169406013,VICTOZA 3-,2022,1,false,1338.000,135,155825.01
FFSU,DC,00169406013,VICTOZA 3-,2022,1,false,225.000,25,25541.54
MCOU,DE,00169406012,VICTOZA 6M,2022,4,false,765.000,98,87238.73
MCOU,DE,00169406013,VICTOZA 6M,2022,4,false,1599.000,182,182327.17
MCOU,DE,00169406012,VICTOZA 6M,2022,3,false,648.000,93,74038.75
MCOU,DE,00169406013,VICTOZA 6M,2022,3,false,1587.000,183,180816.97
MCOU,DE,00169406012,VICTOZA 6M,2022,2,false,663.000,96,75661.96
MCOU,DE,00169406013,VICTOZA 6M,2022,2,false,1842.000,210,209813.34
MCOU,DE,00169406012,VICTOZA 6M,2022,1,false,639.000,94,71949.91
MCOU,DE,00169406013,VICTOZA 6M,2022,1,false,2154.000,246,242130.90
FFSU,DE,00169406013,VICTOZA 6M,2022,1,true,,,
FFSU,FL,00169406012,VICTOZA 2-,2022,4,true,,,
MCOU,FL,00169406012,VICTOZA 2-,2022,4,false,735.000,125,81349.69
MCOU,FL,00169406013,VICTOZA 3-,2022,4,false,2058.000,229,232896.32
FFSU,FL,00169406013,VICTOZA 3-,2022,4,true,,,
FFSU,FL,00169406012,VICTOZA 2-,2022,3,true,,,
MCOU,FL,00169406012,VICTOZA 2-,2022,3,false,801.000,127,90052.20
MCOU,FL,00169406013,VICTOZA 3-,2022,3,false,2142.000,235,243911.42
FFSU,FL,00169406013,VICTOZA 3-,2022,3,true,,,
FFSU,FL,00169406012,VICTOZA 2-,2022,2,true,,,
MCOU,FL,00169406012,VICTOZA 2-,2022,2,false,693.000,115,78735.14
MCOU,FL,00169406013,VICTOZA 3-,2022,2,false,2478.000,276,281776.41
FFSU,FL,00169406013,VICTOZA 3-,2022,2,true,,,
FFSU,FL,00169406012,VICTOZA 2-,2022,1,true,,,
MCOU,FL,00169406012,VICTOZA 2-,2022,1,false,930.000,153,105420.07
MCOU,FL,00169406013,VICTOZA 3-,2022,1,false,2757.000,302,311404.02
FFSU,FL,00169406013,VICTOZA 3-,2022,1,true,,,
FFSU,GA,00169406012,VICTOZA 2-,2022,4,false,10392.000,1778,1198680.31
MCOU,GA,00169406012,VICTOZA 2-,2022,4,false,1236.000,203,141422.50
MCOU,GA,00169406013,VICTOZA 3-,2022,4,false,2445.000,273,276930.61
FFSU,GA,00169406013,VICTOZA 3-,2022,4,false,17271.000,1976,1981412.35
FFSU,GA,00169406012,VICTOZA 2-,2022,3,false,10725.000,1808,1236867.64
MCOU,GA,00169406012,VICTOZA 2-,2022,3,false,1263.000,208,144218.53
FFSU,GA,00169406013,VICTOZA 3-,2022,3,false,16533.000,1893,1896678.13
MCOU,GA,00169406013,VICTOZA 3-,2022,3,false,2331.000,260,264965.25
MCOU,GA,00169406012,VICTOZA 2-,2022,2,false,993.000,164,116293.82
FFSU,GA,00169406012,VICTOZA 2-,2022,2,false,9168.000,1547,1057208.87
MCOU,GA,00169406013,VICTOZA 3-,2022,2,false,2121.000,237,242238.11
FFSU,GA,00169406013,VICTOZA 3-,2022,2,false,14706.000,1688,1687034.29
MCOU,GA,00169406012,VICTOZA 2-,2022,1,false,1437.000,239,167646.33
FFSU,GA,00169406012,VICTOZA 2-,2022,1,false,6957.000,1179,797373.49
FFSU,GA,00169406013,VICTOZA 3-,2022,1,false,11937.000,1385,1360319.04
MCOU,GA,00169406013,VICTOZA 3-,2022,1,false,2424.000,273,276820.52
MCOU,HI,00169406012,VICTOZA 2-,2022,4,false,570.000,83,62544.11
MCOU,HI,00169406013,VICTOZA 3-,2022,4,false,1983.000,127,180697.87
MCOU,HI,00169406012,VICTOZA 2-,2022,3,false,891.000,124,76143.17
MCOU,HI,00169406013,VICTOZA 3-,2022,3,false,2847.000,210,193932.44
MCOU,HI,00169406012,VICTOZA 2-,2022,2,false,936.000,130,84114.94
FFSU,HI,00169406012,VICTOZA 2-,2022,2,true,,,
MCOU,HI,00169406013,VICTOZA 3-,2022,2,false,2703.000,199,226722.42
MCOU,HI,00169406012,VICTOZA 2-,2022,1,false,708.000,100,75923.70
MCOU,HI,00169406013,VICTOZA 3-,2022,1,false,2526.000,178,246081.20
MCOU,IA,00169406012,VICTOZA 6M,2022,4,false,3220.000,471,376263.48
FFSU,IA,00169406012,VICTOZA 6M,2022,4,true,,,
MCOU,IA,00169406013,VICTOZA 6M,2022,4,false,8634.000,864,984108.28
FFSU,IA,00169406013,VICTOZA 6M,2022,4,true,,,
FFSU,IA,00169406012,VICTOZA 6M,2022,3,true,,,
MCOU,IA,00169406012,VICTOZA 6M,2022,3,false,3275.000,488,373286.04
FFSU,IA,00169406013,VICTOZA 6M,2022,3,true,,,
MCOU,IA,00169406013,VICTOZA 6M,2022,3,false,9096.000,904,1036959.63
MCOU,IA,00169406012,VICTOZA 6M,2022,2,false,3666.000,535,417671.60
FFSU,IA,00169406012,VICTOZA 6M,2022,2,true,,,
FFSU,IA,00169406013,VICTOZA 6M,2022,2,true,,,
MCOU,IA,00169406013,VICTOZA 6M,2022,2,false,9450.000,948,1077343.76
MCOU,IA,00169406012,VICTOZA 6M,2022,1,false,3609.000,539,409585.49
FFSU,IA,00169406012,VICTOZA 6M,2022,1,true,,,
FFSU,IA,00169406013,VICTOZA 6M,2022,1,true,,,
MCOU,IA,00169406013,VICTOZA 6M,2022,1,false,9375.000,943,1063132.66
FFSU,ID,00169406012,VICTOZA 2-,2022,4,false,1826.000,298,207538.66
FFSU,ID,00169406013,VICTOZA 3-,2022,4,false,3486.000,382,398451.09
FFSU,ID,00169406012,VICTOZA 2-,2022,3,false,1937.000,311,220711.35
FFSU,ID,00169406013,VICTOZA 3-,2022,3,false,3990.000,441,456316.89
FFSU,ID,00169406012,VICTOZA 2-,2022,2,false,2238.000,364,254997.90
FFSU,ID,00169406013,VICTOZA 3-,2022,2,false,4320.000,473,494844.61
FFSU,ID,00169406012,VICTOZA 2-,2022,1,false,2364.000,379,268373.78
FFSU,ID,00169406013,VICTOZA 3-,2022,1,false,4545.000,500,517281.57
MCOU,IL,00169406012,VICTOZA 6M,2022,4,false,40035.000,5627,5402999.02
FFSU,IL,00169406012,VICTOZA 6M,2022,4,false,939.000,141,119269.87
FFSU,IL,00169406013,VICTOZA 6M,2022,4,false,2376.000,200,285853.55
MCOU,IL,00169406013,VICTOZA 6M,2022,4,false,84953.000,8352,10849911.97
MCOU,IL,00169406012,VICTOZA 6M,2022,3,false,41625.000,5908,5417364.54
FFSU,IL,00169406012,VICTOZA 6M,2022,3,false,1113.000,148,136408.93
FFSU,IL,00169406013,VICTOZA 6M,2022,3,false,2844.000,245,337807.30
MCOU,IL,00169406013,VICTOZA 6M,2022,3,false,90852.000,9026,11793074.81
MCOU,IL,00169406012,VICTOZA 6M,2022,2,false,40692.000,5740,5300776.12
FFSU,IL,00169406012,VICTOZA 6M,2022,2,false,1104.000,162,130302.53
FFSU,IL,00169406013,VICTOZA 6M,2022,2,false,2565.000,213,304203.61
MCOU,IL,00169406013,VICTOZA 6M,2022,2,false,89037.000,8814,11460218.58
FFSU,IL,00169406012,VICTOZA 6M,2022,1,false,1284.000,172,151248.69
MCOU,IL,00169406012,VICTOZA 6M,2022,1,false,48374.000,6811,6754779.92
FFSU,IL,00169406013,VICTOZA 6M,2022,1,false,2787.000,246,327298.88
MCOU,IL,00169406013,VICTOZA 6M,2022,1,false,103440.000,9850,14083378.33
MCOU,IN,00169406012,VICTOZA 6M,2022,4,false,3133.000,495,348222.68
FFSU,IN,00169406012,VICTOZA 6M,2022,4,false,843.000,132,97011.16
MCOU,IN,00169406013,VICTOZA 6M,2022,4,false,12771.000,1343,1407844.80
FFSU,IN,00169406013,VICTOZA 6M,2022,4,false,1377.000,124,157601.33
FFSU,IN,00169406012,VICTOZA 6M,2022,3,false,768.000,125,88408.32
MCOU,IN,00169406012,VICTOZA 6M,2022,3,false,3348.000,529,376539.29
FFSU,IN,00169406013,VICTOZA 6M,2022,3,false,1722.000,147,193970.64
MCOU,IN,00169406013,VICTOZA 6M,2022,3,false,14277.000,1500,1578187.16
FFSU,IN,00169406012,VICTOZA 6M,2022,2,false,747.000,112,85928.68
MCOU,IN,00169406012,VICTOZA 6M,2022,2,false,3489.000,549,390308.94
MCOU,IN,00169406013,VICTOZA 6M,2022,2,false,14556.000,1525,1604078.57
FFSU,IN,00169406013,VICTOZA 6M,2022,2,false,1656.000,156,185667.29
MCOU,IN,00169406012,VICTOZA 6M,2022,1,false,5226.000,811,579427.45
FFSU,IN,00169406012,VICTOZA 6M,2022,1,false,861.000,142,98297.68
FFSU,IN,00169406013,VICTOZA 6M,2022,1,false,2271.000,212,250840.17
MCOU,IN,00169406013,VICTOZA 6M,2022,1,false,20904.000,2140,2320973.63
MCOU,KS,00169406012,VICTOZA 6M,2022,4,false,1092.000,190,125958.14
MCOU,KS,00169406013,VICTOZA 6M,2022,4,false,3195.000,361,366402.72
MCOU,KS,00169406012,VICTOZA 6M,2022,3,false,1392.000,238,160580.14
MCOU,KS,00169406013,VICTOZA 6M,2022,3,false,3576.000,411,410198.60
MCOU,KS,00169406012,VICTOZA 6M,2022,2,false,1710.000,274,197099.70
MCOU,KS,00169406013,VICTOZA 6M,2022,2,false,4011.000,453,460029.85
MCOU,KS,00169406012,VICTOZA 6M,2022,1,false,1587.000,258,60845.85
MCOU,KS,00169406013,VICTOZA 6M,2022,1,false,4005.000,455,139063.83
FFSU,KY,00169406012,VICTOZA 2-,2022,4,false,234.000,47,26983.60
MCOU,KY,00169406012,VICTOZA 2-,2022,4,false,6952.000,1000,806266.45
MCOU,KY,00169406013,VICTOZA 3-,2022,4,false,15627.000,1501,1821857.34
FFSU,KY,00169406013,VICTOZA 3-,2022,4,false,471.000,51,53977.04
MCOU,KY,00169406012,VICTOZA 2-,2022,3,false,963.000,122,109383.97
FFSU,KY,00169406012,VICTOZA 2-,2022,3,false,261.000,52,30071.72
FFSU,KY,00169406013,VICTOZA 3-,2022,3,false,498.000,49,57052.62
MCOU,KY,00169406013,VICTOZA 3-,2022,3,false,1014.000,100,117780.86
FFSU,KY,00169406012,VICTOZA 2-,2022,2,false,333.000,66,38356.36
MCOU,KY,00169406012,VICTOZA 2-,2022,2,false,1767.000,260,200707.64
FFSU,KY,00169406013,VICTOZA 3-,2022,2,false,510.000,52,58393.54
MCOU,KY,00169406013,VICTOZA 3-,2022,2,false,19542.000,1895,2276061.17
MCOU,KY,00169406012,VICTOZA 2-,2022,1,false,222.000,34,26129.02
FFSU,KY,00169406012,VICTOZA 2-,2022,1,false,291.000,50,33225.84
MCOU,KY,00169406013,VICTOZA 3-,2022,1,false,600.000,61,71165.52
FFSU,KY,00169406013,VICTOZA 3-,2022,1,false,438.000,50,49420.75
FFSU,LA,00169406012,VICTOZA 2-,2022,4,false,234.000,36,26978.02
MCOU,LA,00169406012,VICTOZA 2-,2022,4,false,13589.000,2027,1583112.45
MCOU,LA,00169406013,VICTOZA 3-,2022,4,false,25260.000,2481,2920117.84
FFSU,LA,00169406013,VICTOZA 3-,2022,4,false,609.000,74,69952.11
FFSU,LA,00169406012,VICTOZA 2-,2022,3,false,351.000,56,40427.34
MCOU,LA,00169406012,VICTOZA 2-,2022,3,false,14358.000,2165,1662752.87
FFSU,LA,00169406013,VICTOZA 3-,2022,3,false,744.000,92,85476.18
MCOU,LA,00169406013,VICTOZA 3-,2022,3,false,29352.000,2841,3380071.85
MCOU,LA,00169406012,VICTOZA 2-,2022,2,false,16665.000,2507,1934268.66
FFSU,LA,00169406012,VICTOZA 2-,2022,2,false,234.000,40,27022.68
FFSU,LA,00169406013,VICTOZA 3-,2022,2,false,705.000,88,80988.96
MCOU,LA,00169406013,VICTOZA 3-,2022,2,false,33030.000,3247,3808795.66
MCOU,LA,00169406012,VICTOZA 2-,2022,1,false,18382.000,2776,2128814.66
FFSU,LA,00169406012,VICTOZA 2-,2022,1,false,183.000,33,20873.69
FFSU,LA,00169406013,VICTOZA 3-,2022,1,false,879.000,104,99931.97
MCOU,LA,00169406013,VICTOZA 3-,2022,1,false,34914.000,3447,4013178.13
MCOU,MA,00169406012,VICTOZA 2-,2022,4,false,2631.000,419,309139.90
FFSU,MA,00169406012,VICTOZA 2-,2022,4,false,2550.000,407,293655.80
MCOU,MA,00169406013,VICTOZA 3-,2022,4,false,8499.000,880,990442.02
FFSU,MA,00169406013,VICTOZA 3-,2022,4,false,5469.000,604,625263.96
MCOU,MA,00169406012,VICTOZA 2-,2022,3,false,2367.000,346,275853.73
FFSU,MA,00169406012,VICTOZA 2-,2022,3,false,2214.000,302,253704.53
MCOU,MA,00169406013,VICTOZA 3-,2022,3,false,8517.000,832,983194.59
FFSU,MA,00169406013,VICTOZA 3-,2022,3,false,5706.000,494,637192.23
FFSU,MA,00169406012,VICTOZA 2-,2022,2,false,2037.000,264,232663.19
MCOU,MA,00169406012,VICTOZA 2-,2022,2,false,2486.000,367,288193.57
MCOU,MA,00169406013,VICTOZA 3-,2022,2,false,8961.000,871,1027693.89
FFSU,MA,00169406013,VICTOZA 3-,2022,2,false,5604.000,478,631208.70
MCOU,MA,00169406012,VICTOZA 2-,2022,1,false,2484.000,357,278199.60
FFSU,MA,00169406012,VICTOZA 2-,2022,1,false,1605.000,217,182595.72
MCOU,MA,00169406013,VICTOZA 3-,2022,1,false,9033.000,894,1025117.14
FFSU,MA,00169406013,VICTOZA 3-,2022,1,false,4995.000,420,564349.92
FFSU,MD,00169406012,VICTOZA 2-,2022,4,false,117.000,23,13532.38
MCOU,MD,00169406012,VICTOZA 2-,2022,4,false,2334.000,345,266188.49
MCOU,MD,00169406013,VICTOZA 3-,2022,4,false,5322.000,561,298171.36
FFSU,MD,00169406013,VICTOZA 3-,2022,4,false,267.000,31,30640.72
FFSU,MD,00169406012,VICTOZA 2-,2022,3,false,90.000,18,10420.86
MCOU,MD,00169406012,VICTOZA 2-,2022,3,false,2613.000,390,297609.71
FFSU,MD,00169406013,VICTOZA 3-,2022,3,false,354.000,37,40579.69
MCOU,MD,00169406013,VICTOZA 3-,2022,3,false,5778.000,601,651890.00
MCOU,MD,00169406012,VICTOZA 2-,2022,2,false,2574.000,383,298007.87
FFSU,MD,00169406012,VICTOZA 2-,2022,2,false,159.000,33,18417.39
MCOU,MD,00169406013,VICTOZA 3-,2022,2,false,6156.000,644,710086.02
FFSU,MD,00169406013,VICTOZA 3-,2022,2,false,330.000,36,37813.68
MCOU,MD,00169406012,VICTOZA 2-,2022,1,false,2859.000,430,327051.23
FFSU,MD,00169406012,VICTOZA 2-,2022,1,false,174.000,31,19970.15
FFSU,MD,00169406013,VICTOZA 3-,2022,1,false,303.000,34,34513.79
MCOU,MD,00169406013,VICTOZA 3-,2022,1,false,6981.000,719,795345.59
FFSU,ME,00169406012,VICTOZA   ,2022,4,false,3069.000,476,352954.79
FFSU,ME,00169406013,VICTOZA   ,2022,4,false,5988.000,660,684839.92
FFSU,ME,00169406012,VICTOZA   ,2022,3,false,2691.000,415,309540.82
FFSU,ME,00169406013,VICTOZA   ,2022,3,false,5508.000,599,630852.92
FFSU,ME,00169406012,VICTOZA   ,2022,2,false,2661.000,403,305180.12
FFSU,ME,00169406013,VICTOZA   ,2022,2,false,5691.000,624,652216.56
FFSU,ME,00169406012,VICTOZA   ,2022,1,false,2541.000,379,287276.46
FFSU,ME,00169406013,VICTOZA   ,2022,1,false,6024.000,667,680263.88
MCOU,MI,00169406012,VICTOZA 2-,2022,4,false,19806.000,2736,2255976.02
FFSU,MI,00169406012,VICTOZA 2-,2022,4,false,1218.000,226,130775.36
FFSU,MI,00169406013,VICTOZA 3-,2022,4,false,3435.000,347,346636.28
MCOU,MI,00169406013,VICTOZA 3-,2022,4,false,55536.000,5112,6293737.15
MCOU,MI,00169406012,VICTOZA 2-,2022,3,false,20548.000,2882,2338758.19
FFSU,MI,00169406012,VICTOZA 2-,2022,3,false,1272.000,223,134114.46
FFSU,MI,00169406013,VICTOZA 3-,2022,3,false,3507.000,353,363211.15
MCOU,MI,00169406013,VICTOZA 3-,2022,3,false,59952.000,5500,6792121.75
MCOU,MI,00169406012,VICTOZA 2-,2022,2,false,22974.000,3236,2614190.87
FFSU,MI,00169406012,VICTOZA 2-,2022,2,false,1695.000,288,186915.90
FFSU,MI,00169406013,VICTOZA 3-,2022,2,false,4407.000,441,451473.88
MCOU,MI,00169406013,VICTOZA 3-,2022,2,false,63668.000,5861,7212061.75
FFSU,MI,00169406012,VICTOZA 2-,2022,1,false,1716.000,291,185064.23
MCOU,MI,00169406012,VICTOZA 2-,2022,1,false,24606.000,3504,2784080.99
MCOU,MI,00169406013,VICTOZA 3-,2022,1,false,65712.000,6233,7402889.86
FFSU,MI,00169406013,VICTOZA 3-,2022,1,false,4014.000,414,421638.58
MCOU,MN,00169406012,VICTOZA 2-,2022,4,false,22750.000,3831,2678543.47
FFSU,MN,00169406012,VICTOZA 2-,2022,4,false,1422.000,250,165039.41
FFSU,MN,00169406013,VICTOZA 3-,2022,4,false,4347.000,493,500896.01
MCOU,MN,00169406013,VICTOZA 3-,2022,4,false,24144.000,2697,2833407.38
FFSU,MN,00169406012,VICTOZA 2-,2022,3,false,1692.000,301,196666.65
MCOU,MN,00169406012,VICTOZA 2-,2022,3,false,22500.000,3798,2645767.66
FFSU,MN,00169406013,VICTOZA 3-,2022,3,false,5064.000,569,584184.19
MCOU,MN,00169406013,VICTOZA 3-,2022,3,false,22922.000,2571,2690899.51
FFSU,MN,00169406012,VICTOZA 2-,2022,2,false,1677.000,287,194473.84
MCOU,MN,00169406012,VICTOZA 2-,2022,2,false,10255.000,1729,1206048.35
MCOU,MN,00169406013,VICTOZA 3-,2022,2,false,22182.000,2469,2607710.22
FFSU,MN,00169406013,VICTOZA 3-,2022,2,false,4068.000,458,457191.52
FFSU,MN,00169406012,VICTOZA 2-,2022,1,false,2073.000,352,237611.93
MCOU,MN,00169406012,VICTOZA 2-,2022,1,false,9171.000,1542,1080680.66
MCOU,MN,00169406013,VICTOZA 3-,2022,1,false,43356.000,4859,5085601.47
FFSU,MN,00169406013,VICTOZA 3-,2022,1,false,4533.000,511,512123.26
FFSU,MO,00169406012,VICTOZA 2-,2022,4,false,15159.000,2192,1736341.10
FFSU,MO,00169406013,VICTOZA 3-,2022,4,false,28839.000,3006,3292503.40
FFSU,MO,00169406012,VICTOZA 2-,2022,3,false,14919.000,2211,1712217.41
FFSU,MO,00169406013,VICTOZA 3-,2022,3,false,32109.000,3354,3648837.57
FFSU,MO,00169406012,VICTOZA 2-,2022,2,false,15087.000,2226,1732613.90
FFSU,MO,00169406013,VICTOZA 3-,2022,2,false,31671.000,3315,3600950.13
FFSU,MO,00169406012,VICTOZA 2-,2022,1,false,16020.000,2352,1805358.75
FFSU,MO,00169406013,VICTOZA 3-,2022,1,false,31590.000,3352,3535545.88
MCOU,MS,00169406012,VICTOZA 2-,2022,4,false,6453.000,1045,658063.17
FFSU,MS,00169406012,VICTOZA 6M,2022,4,false,2166.000,382,253705.83
FFSU,MS,00169406013,VICTOZA 6M,2022,4,false,4422.000,510,505098.31
MCOU,MS,00169406013,VICTOZA 3-,2022,4,false,13593.000,1416,1385754.85
MCOU,MS,00169406012,VICTOZA 6M,2022,3,false,6993.000,1142,750106.46
FFSU,MS,00169406012,VICTOZA 6M,2022,3,false,2697.000,463,311412.25
FFSU,MS,00169406013,VICTOZA 6M,2022,3,false,5499.000,633,631260.57
MCOU,MS,00169406013,VICTOZA 6M,2022,3,false,14289.000,1510,1550776.19
MCOU,MS,00169406012,VICTOZA 2-,2022,2,false,6852.000,1140,738483.81
FFSU,MS,00169406012,VICTOZA 2-,2022,2,false,2016.000,350,232942.22
FFSU,MS,00169406013,VICTOZA 3-,2022,2,false,4119.000,480,472994.35
MCOU,MS,00169406013,VICTOZA 3-,2022,2,false,12758.000,1391,1389464.14
MCOU,MS,00169406012,VICTOZA 2-,2022,1,false,6576.000,1097,730096.34
FFSU,MS,00169406012,VICTOZA 2-,2022,1,false,1553.400,280,183042.25
FFSU,MS,00169406013,VICTOZA 3-,2022,1,false,3618.000,425,417608.31
MCOU,MS,00169406013,VICTOZA 3-,2022,1,false,11991.000,1352,1324025.00
FFSU,MT,00169406012,VICTOZA 2-,2022,4,false,2367.000,335,273706.84
FFSU,MT,00169406013,VICTOZA 3-,2022,4,false,6450.000,592,744387.08
FFSU,MT,00169406012,VICTOZA 2-,2022,3,false,2409.000,344,278533.07
FFSU,MT,00169406013,VICTOZA 3-,2022,3,false,6351.000,584,730185.83
FFSU,MT,00169406012,VICTOZA 2-,2022,2,false,2688.000,395,311613.90
FFSU,MT,00169406013,VICTOZA 3-,2022,2,false,7026.000,650,806839.38
FFSU,MT,00169406012,VICTOZA 2-,2022,1,false,3180.000,459,364451.90
FFSU,MT,00169406013,VICTOZA 3-,2022,1,false,7698.000,706,875337.26
FFSU,XX,00169406012,VICTOZA 6M,2022,4,false,126636.000,18534,14542928.83
MCOU,XX,00169406012,VICTOZA 6M,2022,4,false,277640.000,42753,32534240.05
FFSU,XX,00169406013,VICTOZA 6M,2022,4,false,258696.000,25407,29507927.38
MCOU,XX,00169406013,VICTOZA 6M,2022,4,false,645637.300,65559,74307492.78
FFSU,XX,00169406012,VICTOZA 6M,2022,3,false,135239.000,19626,15541742.99
MCOU,XX,00169406012,VICTOZA 6M,2022,3,false,280356.000,43407,32680358.34
FFSU,XX,00169406013,VICTOZA 6M,2022,3,false,287139.000,27877,32733858.68
MCOU,XX,00169406013,VICTOZA 6M,2022,3,false,659871.350,67404,76488993.38
FFSU,XX,00169406012,VICTOZA 6M,2022,2,false,127818.000,18623,14684300.73
MCOU,XX,00169406012,VICTOZA 6M,2022,2,false,273981.000,42068,31995522.60
FFSU,XX,00169406013,VICTOZA 6M,2022,2,false,274236.000,26765,31245534.95
MCOU,XX,00169406013,VICTOZA 6M,2022,2,false,689980.900,70364,79995108.67
FFSU,XX,00169406012,VICTOZA 6M,2022,1,false,122117.400,17781,13871780.83
MCOU,XX,00169406012,VICTOZA 6M,2022,1,false,285345.000,43788,33622766.64
FFSU,XX,00169406013,VICTOZA 6M,2022,1,false,263787.000,26016,29808641.66
MCOU,XX,00169406013,VICTOZA 6M,2022,1,false,717165.000,73238,83510249.06
MCOU,NC,00169406012,VICTOZA 2-,2022,4,false,6858.000,895,784428.78
FFSU,NC,00169406012,VICTOZA 2-,2022,4,false,1566.000,240,177936.29
MCOU,NC,00169406013,VICTOZA 3-,2022,4,false,17859.000,1616,2032889.55
FFSU,NC,00169406013,VICTOZA 3-,2022,4,false,4125.000,433,465537.13
MCOU,NC,00169406012,VICTOZA 2-,2022,3,false,7791.000,1049,891036.23
FFSU,NC,00169406012,VICTOZA 2-,2022,3,false,2484.000,372,279735.44
FFSU,NC,00169406013,VICTOZA 3-,2022,3,false,6801.000,698,771574.57
MCOU,NC,00169406013,VICTOZA 3-,2022,3,false,20592.000,1853,2342543.91
FFSU,NC,00169406012,VICTOZA 2-,2022,2,false,2697.000,370,304750.58
MCOU,NC,00169406012,VICTOZA 2-,2022,2,false,8376.000,1110,954805.05
FFSU,NC,00169406013,VICTOZA 3-,2022,2,false,6699.000,681,758281.38
MCOU,NC,00169406013,VICTOZA 3-,2022,2,false,21972.000,1996,2507808.97
FFSU,NC,00169406012,VICTOZA 2-,2022,1,false,2997.000,428,335513.64
MCOU,NC,00169406012,VICTOZA 2-,2022,1,false,8871.000,1159,1003757.27
FFSU,NC,00169406013,VICTOZA 3-,2022,1,false,8754.000,881,976067.44
MCOU,NC,00169406013,VICTOZA 3-,2022,1,false,23817.000,2143,2696669.76
FFSU,ND,00169406012,VICTOZA 2-,2022,4,false,3246.000,541,374061.06
FFSU,ND,00169406013,VICTOZA 3-,2022,4,false,6768.000,750,776775.61
MCOU,ND,00169406012,VICTOZA 2-,2022,3,true,,,
FFSU,ND,00169406012,VICTOZA 2-,2022,3,false,2880.000,480,333036.11
FFSU,ND,00169406013,VICTOZA 3-,2022,3,false,6174.000,686,708537.13
FFSU,ND,00169406012,VICTOZA 2-,2022,2,false,2832.000,472,327526.82
FFSU,ND,00169406013,VICTOZA 3-,2022,2,false,6282.000,698,721453.19
MCOU,ND,00169406012,VICTOZA 2-,2022,1,true,,,
FFSU,ND,00169406012,VICTOZA 2-,2022,1,false,2538.000,423,290995.07
FFSU,ND,00169406013,VICTOZA 3-,2022,1,false,5949.000,661,677231.33
MCOU,NE,00169406012,VICTOZA 6M,2022,4,false,2295.000,382,264041.43
MCOU,NE,00169406013,VICTOZA 6M,2022,4,false,4248.000,441,487135.00
MCOU,NE,00169406012,VICTOZA 6M,2022,3,false,2757.000,433,307788.51
MCOU,NE,00169406013,VICTOZA 6M,2022,3,false,4653.000,486,525060.64
MCOU,NE,00169406012,VICTOZA 6M,2022,2,false,3072.000,478,355096.71
MCOU,NE,00169406013,VICTOZA 6M,2022,2,false,5517.000,582,619709.78
MCOU,NE,00169406012,VICTOZA 6M,2022,1,false,3246.000,509,370823.69
MCOU,NE,00169406013,VICTOZA 6M,2022,1,false,5595.000,601,638612.62
MCOU,NH,00169406012,VICTOZA 2-,2022,4,false,2463.000,374,266283.96
MCOU,NH,00169406013,VICTOZA 3-,2022,4,false,5772.000,605,626316.38
MCOU,NH,00169406012,VICTOZA 2-,2022,3,false,2616.000,394,287671.25
MCOU,NH,00169406013,VICTOZA 3-,2022,3,false,6351.000,647,680163.49
MCOU,NH,00169406012,VICTOZA 2-,2022,2,false,2538.000,373,273477.21
MCOU,NH,00169406013,VICTOZA 3-,2022,2,false,6738.800,697,733056.62
MCOU,NH,00169406012,VICTOZA 2-,2022,1,false,2589.000,384,284866.86
MCOU,NH,00169406013,VICTOZA 3-,2022,1,false,6960.000,698,744538.22
MCOU,NJ,00169406012,VICTOZA 6M,2022,4,false,14466.000,2458,1761271.78
FFSU,NJ,00169406012,VICTOZA 6M,2022,4,true,,,
FFSU,NJ,00169406013,VICTOZA 6M,2022,4,true,,,
MCOU,NJ,00169406013,VICTOZA 6M,2022,4,false,38190.900,4358,4646269.59
MCOU,NJ,00169406012,VICTOZA 6M,2022,3,false,14414.000,2433,1760239.04
FFSU,NJ,00169406012,VICTOZA 6M,2022,3,true,,,
MCOU,NJ,00169406013,VICTOZA 6M,2022,3,false,37692.350,4272,4570553.60
FFSU,NJ,00169406013,VICTOZA 6M,2022,3,true,,,
MCOU,NJ,00169406012,VICTOZA 6M,2022,2,false,13661.000,2279,1654041.96
FFSU,NJ,00169406012,VICTOZA 6M,2022,2,false,45.000,12,5242.08
FFSU,NJ,00169406013,VICTOZA 6M,2022,2,true,,,
MCOU,NJ,00169406013,VICTOZA 6M,2022,2,false,36720.100,4134,4438483.65
MCOU,NJ,00169406012,VICTOZA 6M,2022,1,false,13707.000,2275,1658583.65
FFSU,NJ,00169406012,VICTOZA 6M,2022,1,false,42.000,12,4839.76
MCOU,NJ,00169406013,VICTOZA 6M,2022,1,false,36147.000,4087,4368718.37
FFSU,NJ,00169406013,VICTOZA 6M,2022,1,true,,,
MCOU,NM,00169406012,VICTOZA 2-,2022,4,false,1134.000,137,116967.69
FFSU,NM,00169406012,VICTOZA 2-,2022,4,false,414.000,58,42645.96
FFSU,NM,00169406013,VICTOZA 3-,2022,4,false,702.000,71,49989.20
MCOU,NM,00169406013,VICTOZA 3-,2022,4,false,1713.000,164,175739.84
MCOU,NM,00169406012,VICTOZA 2-,2022,3,false,1143.000,143,120685.34
FFSU,NM,00169406012,VICTOZA 2-,2022,3,false,561.000,76,55054.76
MCOU,NM,00169406013,VICTOZA 3-,2022,3,false,1668.000,161,171189.82
FFSU,NM,00169406013,VICTOZA 3-,2022,3,false,921.000,86,63386.64
FFSU,NM,00169406012,VICTOZA 2-,2022,2,false,588.000,78,56727.34
MCOU,NM,00169406012,VICTOZA 2-,2022,2,false,1296.000,158,134622.44
MCOU,NM,00169406013,VICTOZA 3-,2022,2,false,1806.000,186,185202.74
FFSU,NM,00169406013,VICTOZA 3-,2022,2,false,858.000,89,67812.54
MCOU,NM,00169406012,VICTOZA 2-,2022,1,false,1245.000,158,123649.64
FFSU,NM,00169406012,VICTOZA 2-,2022,1,false,666.000,96,68452.63
FFSU,NM,00169406013,VICTOZA 3-,2022,1,false,885.000,85,79663.05
MCOU,NM,00169406013,VICTOZA 3-,2022,1,false,1968.000,201,196360.00
MCOU,NV,00169406012,VICTOZA 2-,2022,4,false,1443.000,232,162593.04
FFSU,NV,00169406012,VICTOZA 2-,2022,4,false,339.000,26,36044.46
FFSU,NV,00169406013,VICTOZA 3-,2022,4,false,1431.000,69,148507.34
MCOU,NV,00169406013,VICTOZA 3-,2022,4,false,1887.000,197,204235.94
FFSU,NV,00169406012,VICTOZA 2-,2022,3,false,306.000,27,35032.11
MCOU,NV,00169406012,VICTOZA 2-,2022,3,false,1497.000,241,165929.66
MCOU,NV,00169406013,VICTOZA 3-,2022,3,false,2037.000,214,211394.36
FFSU,NV,00169406013,VICTOZA 3-,2022,3,false,1617.000,74,171035.11
FFSU,NV,00169406012,VICTOZA 2-,2022,2,false,702.000,73,83138.49
MCOU,NV,00169406012,VICTOZA 2-,2022,2,false,1692.000,257,197793.31
FFSU,NV,00169406013,VICTOZA 3-,2022,2,false,2343.000,145,248483.55
MCOU,NV,00169406013,VICTOZA 3-,2022,2,false,1791.000,184,201152.72
FFSU,NV,00169406012,VICTOZA 6M,2022,1,false,354.000,30,40267.43
MCOU,NV,00169406012,VICTOZA 6M,2022,1,false,3393.000,539,394267.07
MCOU,NV,00169406013,VICTOZA 6M,2022,1,false,2682.000,283,302630.76
FFSU,NV,00169406013,VICTOZA 6M,2022,1,false,1683.000,101,191933.93
FFSU,NY,00169406012,VICTOZA 2-,2022,4,false,1158.000,163,132960.56
MCOU,NY,00169406012,VICTOZA 2-,2022,4,false,11003.000,1739,1254230.22
MCOU,NY,00169406013,VICTOZA 3-,2022,4,false,25329.000,2591,2883878.90
FFSU,NY,00169406013,VICTOZA 3-,2022,4,false,3534.000,332,402816.17
MCOU,NY,00169406012,VICTOZA 2-,2022,3,false,11451.000,1821,1305057.07
FFSU,NY,00169406012,VICTOZA 2-,2022,3,false,1095.000,171,125894.61
FFSU,NY,00169406013,VICTOZA 3-,2022,3,false,4266.000,404,487306.42
MCOU,NY,00169406013,VICTOZA 3-,2022,3,false,27816.000,2863,3167836.35
FFSU,NY,00169406012,VICTOZA 2-,2022,2,false,1352.000,200,155360.55
MCOU,NY,00169406012,VICTOZA 2-,2022,2,false,11310.000,1801,1285838.21
MCOU,NY,00169406013,VICTOZA 3-,2022,2,false,29051.000,3011,3291746.59
FFSU,NY,00169406013,VICTOZA 3-,2022,2,false,4923.000,478,561771.36
FFSU,NY,00169406012,VICTOZA 2-,2022,1,false,1562.000,231,177346.98
MCOU,NY,00169406012,VICTOZA 2-,2022,1,false,12483.000,1985,1418300.68
MCOU,NY,00169406013,VICTOZA 3-,2022,1,false,29802.000,3112,3373664.32
FFSU,NY,00169406013,VICTOZA 3-,2022,1,false,5220.000,509,588547.46
MCOU,OH,00169406012,VICTOZA 6M,2022,4,false,19224.000,3003,2146933.94
FFSU,OH,00169406012,VICTOZA 6M,2022,4,false,1830.000,322,206133.19
MCOU,OH,00169406013,VICTOZA 6M,2022,4,false,54675.000,5616,6115227.11
FFSU,OH,00169406013,VICTOZA 6M,2022,4,false,4320.000,514,491843.31
MCOU,OH,00169406012,VICTOZA 6M,2022,3,false,21209.000,3487,2409722.69
FFSU,OH,00169406012,VICTOZA 6M,2022,3,false,1740.000,318,196309.69
FFSU,OH,00169406013,VICTOZA 6M,2022,3,false,4404.000,501,496782.15
MCOU,OH,00169406013,VICTOZA 6M,2022,3,false,54526.000,6049,6192834.30
MCOU,OH,00169406012,VICTOZA 6M,2022,2,false,21576.000,3545,2455490.70
FFSU,OH,00169406012,VICTOZA 6M,2022,2,false,1560.000,271,176234.87
FFSU,OH,00169406013,VICTOZA 6M,2022,2,false,3876.000,444,440319.86
MCOU,OH,00169406013,VICTOZA 6M,2022,2,false,58278.000,6445,6626068.21
MCOU,OH,00169406012,VICTOZA 6M,2022,1,false,20874.000,3435,2370215.91
FFSU,OH,00169406012,VICTOZA 6M,2022,1,false,1392.000,244,155088.24
FFSU,OH,00169406013,VICTOZA 6M,2022,1,false,3996.000,474,439605.98
MCOU,OH,00169406013,VICTOZA 6M,2022,1,false,58632.000,6506,6640277.41
FFSU,OK,00169406012,VICTOZA 6M,2022,4,false,2178.000,329,247751.15
FFSU,OK,00169406013,VICTOZA 6M,2022,4,false,9369.000,851,1048615.08
FFSU,OK,00169406012,VICTOZA 6M,2022,3,false,2070.000,299,237182.79
FFSU,OK,00169406013,VICTOZA 6M,2022,3,false,9318.000,844,1045353.56
FFSU,OK,00169406012,VICTOZA 6M,2022,2,false,2499.000,357,286776.83
FFSU,OK,00169406013,VICTOZA 6M,2022,2,false,9204.000,831,1031971.93
FFSU,OK,00169406012,VICTOZA 6M,2022,1,false,2253.000,336,255037.96
FFSU,OK,00169406013,VICTOZA 6M,2022,1,false,8541.000,768,950616.71
MCOU,OR,00169406012,VICTOZA 6M,2022,4,false,3219.000,514,368379.27
FFSU,OR,00169406012,VICTOZA 6M,2022,4,false,153.000,21,17475.49
FFSU,OR,00169406013,VICTOZA 6M,2022,4,false,324.000,31,20957.94
MCOU,OR,00169406013,VICTOZA 6M,2022,4,false,9096.000,953,1035692.57
FFSU,OR,00169406012,VICTOZA 6M,2022,3,false,168.000,25,19232.12
MCOU,OR,00169406012,VICTOZA 6M,2022,3,false,3252.000,528,371742.57
MCOU,OR,00169406013,VICTOZA 6M,2022,3,false,10305.000,1085,1175242.71
FFSU,OR,00169406013,VICTOZA 6M,2022,3,false,360.000,32,25227.14
FFSU,OR,00169406012,VICTOZA 6M,2022,2,false,114.000,17,13089.10
MCOU,OR,00169406012,VICTOZA 6M,2022,2,false,3282.000,526,375674.54
FFSU,OR,00169406013,VICTOZA 6M,2022,2,false,342.000,31,20235.73
MCOU,OR,00169406013,VICTOZA 6M,2022,2,false,10350.000,1097,1179421.96
MCOU,OR,00169406012,VICTOZA 6M,2022,1,false,3441.000,555,393220.98
FFSU,OR,00169406012,VICTOZA 6M,2022,1,false,102.000,13,11526.50
MCOU,OR,00169406013,VICTOZA 6M,2022,1,false,10938.000,1169,1240801.29
FFSU,OR,00169406013,VICTOZA 6M,2022,1,false,360.000,32,17886.45
FFSU,PA,00169406012,VICTOZA 6M,2022,4,false,180.000,23,20542.60
MCOU,PA,00169406012,VICTOZA 6M,2022,4,false,14499.000,2317,1692536.19
MCOU,PA,00169406013,VICTOZA 6M,2022,4,false,41964.000,4112,4852562.04
FFSU,PA,00169406013,VICTOZA 6M,2022,4,false,513.000,46,58314.00
FFSU,PA,00169406012,VICTOZA 6M,2022,3,false,150.000,23,17087.50
MCOU,PA,00169406012,VICTOZA 6M,2022,3,false,13548.000,2169,1577974.57
MCOU,PA,00169406013,VICTOZA 6M,2022,3,false,40527.000,3915,4694170.51
FFSU,PA,00169406013,VICTOZA 6M,2022,3,false,603.000,53,68533.99
MCOU,PA,00169406012,VICTOZA 6M,2022,2,false,13462.000,2142,1595911.15
FFSU,PA,00169406012,VICTOZA 6M,2022,2,false,234.000,28,26669.28
FFSU,PA,00169406013,VICTOZA 6M,2022,2,false,555.000,50,63083.70
MCOU,PA,00169406013,VICTOZA 6M,2022,2,false,41838.000,3982,4889597.28
MCOU,PA,00169406012,VICTOZA 6M,2022,1,false,12619.000,2001,1444244.67
FFSU,PA,00169406012,VICTOZA 6M,2022,1,false,180.000,20,20060.16
MCOU,PA,00169406013,VICTOZA 6M,2022,1,false,41283.000,3940,4708794.20
FFSU,PA,00169406013,VICTOZA 6M,2022,1,false,558.000,46,61676.55
MCOU,RI,00169406012,VICTOZA 6M,2022,4,false,912.000,147,103996.36
FFSU,RI,00169406012,VICTOZA 6M,2022,4,true,,,
MCOU,RI,00169406013,VICTOZA 6M,2022,4,false,882.000,84,102579.01
FFSU,RI,00169406012,VICTOZA 6M,2022,3,true,,,
MCOU,RI,00169406012,VICTOZA 6M,2022,3,false,885.000,135,97927.29
MCOU,RI,00169406013,VICTOZA 6M,2022,3,false,657.000,62,73722.05
FFSU,RI,00169406013,VICTOZA 6M,2022,3,true,,,
MCOU,RI,00169406012,VICTOZA 6M,2022,2,false,1092.000,179,121709.57
MCOU,RI,00169406013,VICTOZA 6M,2022,2,false,1281.000,130,138161.14
FFSU,RI,00169406012,VICTOZA 6M,2022,1,true,,,
MCOU,RI,00169406012,VICTOZA 6M,2022,1,false,1164.000,196,128819.87
MCOU,RI,00169406013,VICTOZA 6M,2022,1,false,1422.000,152,158836.51
FFSU,SC,00169406012,VICTOZA 2-,2022,4,false,168.000,26,20072.22
MCOU,SC,00169406012,VICTOZA 2-,2022,4,false,1518.000,259,182757.96
FFSU,SC,00169406013,VICTOZA 3-,2022,4,false,477.000,58,57896.55
MCOU,SC,00169406013,VICTOZA 3-,2022,4,false,3444.000,394,401686.76
MCOU,SC,00169406012,VICTOZA 2-,2022,3,false,1653.000,285,193139.31
FFSU,SC,00169406012,VICTOZA 2-,2022,3,false,231.000,38,27702.99
FFSU,SC,00169406013,VICTOZA 3-,2022,3,false,606.000,73,72217.44
MCOU,SC,00169406013,VICTOZA 3-,2022,3,false,3840.000,438,443307.81
FFSU,SC,00169406012,VICTOZA 2-,2022,2,false,225.000,37,26906.03
MCOU,SC,00169406012,VICTOZA 2-,2022,2,false,1887.000,326,225976.63
MCOU,SC,00169406013,VICTOZA 3-,2022,2,false,3897.000,444,444096.42
FFSU,SC,00169406013,VICTOZA 3-,2022,2,false,537.000,66,63993.04
FFSU,SC,00169406012,VICTOZA 2-,2022,1,false,219.000,36,25929.61
MCOU,SC,00169406012,VICTOZA 2-,2022,1,false,1959.000,332,228679.35
MCOU,SC,00169406013,VICTOZA 3-,2022,1,false,3981.000,455,448783.42
FFSU,SC,00169406013,VICTOZA 3-,2022,1,false,627.000,75,74038.96
FFSU,SD,00169406012,VICTOZA 6M,2022,4,false,141.000,25,16279.47
FFSU,SD,00169406013,VICTOZA 6M,2022,4,false,120.000,44,41330.20
FFSU,SD,00169406012,VICTOZA 6M,2022,3,false,186.000,32,21360.58
FFSU,SD,00169406013,VICTOZA 6M,2022,3,false,156.000,52,53674.40
FFSU,SD,00169406012,VICTOZA 6M,2022,2,false,201.000,33,22237.20
FFSU,SD,00169406013,VICTOZA 6M,2022,2,false,144.000,48,48761.20
FFSU,SD,00169406012,VICTOZA 6M,2022,1,false,178.000,30,21649.13
FFSU,SD,00169406013,VICTOZA 6M,2022,1,false,183.000,61,62685.74
FFSU,TN,00169406012,VICTOZA 6M,2022,4,false,6822.000,1124,784973.14
FFSU,TN,00169406013,VICTOZA 6M,2022,4,false,16449.000,1861,1883708.54
FFSU,TN,00169406012,VICTOZA 6M,2022,3,false,8673.000,1421,997912.41
FFSU,TN,00169406013,VICTOZA 6M,2022,3,false,18711.000,2109,2143387.02
FFSU,TN,00169406012,VICTOZA 6M,2022,2,false,8742.000,1410,1005026.59
FFSU,TN,00169406013,VICTOZA 6M,2022,2,false,19029.000,2157,2179380.15
FFSU,TN,00169406012,VICTOZA 6M,2022,1,false,9975.000,1574,1132323.25
FFSU,TN,00169406013,VICTOZA 6M,2022,1,false,18633.000,2117,2111420.70
MCOU,TX,00169406012,VICTOZA 2-,2022,4,false,11682.000,1874,1330352.18
FFSU,TX,00169406012,VICTOZA 2-,2022,4,true,,,
FFSU,TX,00169406013,VICTOZA 3-,2022,4,true,,,
MCOU,TX,00169406013,VICTOZA 3-,2022,4,false,30495.000,3305,3461725.38
MCOU,TX,00169406012,VICTOZA 2-,2022,3,false,13374.000,2141,1522914.94
FFSU,TX,00169406012,VICTOZA 2-,2022,3,true,,,
FFSU,TX,00169406013,VICTOZA 3-,2022,3,true,,,
MCOU,TX,00169406013,VICTOZA 3-,2022,3,false,32538.000,3537,3697188.87
FFSU,TX,00169406012,VICTOZA 2-,2022,2,true,,,
MCOU,TX,00169406012,VICTOZA 2-,2022,2,false,14054.000,2258,1598106.57
MCOU,TX,00169406013,VICTOZA 3-,2022,2,false,33813.000,3655,3843325.61
FFSU,TX,00169406013,VICTOZA 3-,2022,2,true,,,
MCOU,TX,00169406012,VICTOZA 2-,2022,1,false,14294.000,2307,1622377.16
FFSU,TX,00169406012,VICTOZA 2-,2022,1,true,,,
MCOU,TX,00169406013,VICTOZA 3-,2022,1,false,32442.000,3518,3678833.49
FFSU,TX,00169406013,VICTOZA 3-,2022,1,true,,,
MCOU,UT,00169406012,VICTOZA 6M,2022,4,false,342.000,55,43413.07
FFSU,UT,00169406012,VICTOZA 6M,2022,4,false,351.000,65,40336.47
FFSU,UT,00169406013,VICTOZA 6M,2022,4,false,531.000,55,60766.16
MCOU,UT,00169406013,VICTOZA 6M,2022,4,false,1326.000,150,159352.56
MCOU,UT,00169406012,VICTOZA 6M,2022,3,false,429.000,72,48268.79
FFSU,UT,00169406012,VICTOZA 6M,2022,3,false,312.000,60,35836.95
MCOU,UT,00169406013,VICTOZA 6M,2022,3,false,1527.000,173,192995.54
FFSU,UT,00169406013,VICTOZA 6M,2022,3,false,486.000,53,55612.71
FFSU,UT,00169406012,VICTOZA 6M,2022,2,false,420.000,73,48219.95
MCOU,UT,00169406012,VICTOZA 6M,2022,2,false,420.000,68,86983.10
MCOU,UT,00169406013,VICTOZA 6M,2022,2,false,1521.000,170,232380.86
FFSU,UT,00169406013,VICTOZA 6M,2022,2,false,570.000,63,65265.60
FFSU,UT,00169406012,VICTOZA 6M,2022,1,false,447.000,75,50806.59
MCOU,UT,00169406012,VICTOZA 6M,2022,1,false,552.000,91,85605.84
FFSU,UT,00169406013,VICTOZA 6M,2022,1,false,513.000,57,57996.29
MCOU,UT,00169406013,VICTOZA 6M,2022,1,false,1692.000,191,240341.46
MCOU,VA,00169406012,VICTOZA 2-,2022,4,false,14477.000,2293,1674046.00
FFSU,VA,00169406012,VICTOZA 2-,2022,4,false,54.000,12,6240.18
FFSU,VA,00169406013,VICTOZA 3-,2022,4,true,,,
MCOU,VA,00169406013,VICTOZA 3-,2022,4,false,42492.000,4262,4869191.74
FFSU,VA,00169406012,VICTOZA 2-,2022,3,true,,,
MCOU,VA,00169406012,VICTOZA 2-,2022,3,false,15646.000,2438,1820217.74
MCOU,VA,00169406013,VICTOZA 3-,2022,3,false,45045.000,4577,5153848.25
FFSU,VA,00169406013,VICTOZA 3-,2022,3,true,,,
FFSU,VA,00169406012,VICTOZA 2-,2022,2,true,,,
MCOU,VA,00169406012,VICTOZA 2-,2022,2,false,16367.000,2578,1898885.86
FFSU,VA,00169406013,VICTOZA 3-,2022,2,true,,,
MCOU,VA,00169406013,VICTOZA 3-,2022,2,false,46212.000,4690,5282140.74
FFSU,VA,00169406012,VICTOZA 2-,2022,1,true,,,
MCOU,VA,00169406012,VICTOZA 2-,2022,1,false,16349.000,2537,1874843.59
MCOU,VA,00169406013,VICTOZA 3-,2022,1,false,47553.000,4790,5417760.53
FFSU,VA,00169406013,VICTOZA 3-,2022,1,true,,,
FFSU,VT,00169406012,VICTOZA 6M,2022,4,false,984.000,125,110969.62
FFSU,VT,00169406013,VICTOZA 6M,2022,4,false,3804.000,278,429058.24
FFSU,VT,00169406012,VICTOZA 6M,2022,3,false,1161.000,143,132484.54
FFSU,VT,00169406013,VICTOZA 6M,2022,3,false,4164.000,297,465166.96
FFSU,VT,00169406012,VICTOZA 6M,2022,2,false,1106.000,138,126748.79
FFSU,VT,00169406013,VICTOZA 6M,2022,2,false,4059.000,278,452028.80
FFSU,VT,00169406012,VICTOZA 6M,2022,1,false,1299.000,159,142948.48
FFSU,VT,00169406013,VICTOZA 6M,2022,1,false,3555.000,253,393093.08
FFSU,WA,00169406012,VICTOZA 6M,2022,4,false,678.000,110,77362.56
MCOU,WA,00169406012,VICTOZA 6M,2022,4,false,35148.000,5572,3871398.49
FFSU,WA,00169406013,VICTOZA 6M,2022,4,false,1287.000,145,146007.08
MCOU,WA,00169406013,VICTOZA 6M,2022,4,false,75678.000,7793,8389446.98
MCOU,WA,00169406012,VICTOZA 6M,2022,3,false,33003.000,5249,3634875.93
FFSU,WA,00169406012,VICTOZA 6M,2022,3,false,585.000,97,66749.37
MCOU,WA,00169406013,VICTOZA 6M,2022,3,false,74751.000,7687,8279698.94
FFSU,WA,00169406013,VICTOZA 6M,2022,3,false,1410.000,155,160615.24
FFSU,WA,00169406012,VICTOZA 6M,2022,2,false,543.000,82,62025.24
MCOU,WA,00169406012,VICTOZA 6M,2022,2,false,30834.000,4883,3401226.99
FFSU,WA,00169406013,VICTOZA 6M,2022,2,false,1479.000,167,168599.86
MCOU,WA,00169406013,VICTOZA 6M,2022,2,false,69636.000,7224,7711980.31
FFSU,WA,00169406012,VICTOZA 6M,2022,1,false,552.000,90,62523.12
MCOU,WA,00169406012,VICTOZA 6M,2022,1,false,28698.000,4608,3170509.59
FFSU,WA,00169406013,VICTOZA 6M,2022,1,false,1347.000,154,151323.18
MCOU,WA,00169406013,VICTOZA 6M,2022,1,false,64599.000,6701,7137907.69
FFSU,WI,00169406012,VICTOZA 6M,2022,4,false,10695.000,1383,1236156.47
FFSU,WI,00169406013,VICTOZA 6M,2022,4,false,18840.000,1716,2208915.11
FFSU,WI,00169406012,VICTOZA 6M,2022,3,false,11319.000,1348,1313953.16
FFSU,WI,00169406013,VICTOZA 6M,2022,3,false,20961.000,1757,2449280.74
FFSU,WI,00169406012,VICTOZA 6M,2022,2,false,10134.000,1223,1169957.07
FFSU,WI,00169406013,VICTOZA 6M,2022,2,false,20112.000,1724,2358578.50
FFSU,WI,00169406012,VICTOZA 6M,2022,1,false,8997.000,1058,1037194.06
FFSU,WI,00169406013,VICTOZA 6M,2022,1,false,18615.000,1584,2164463.23
FFSU,WV,00169406012,VICTOZA 2-,2022,4,false,1989.000,310,227985.25
FFSU,WV,00169406013,VICTOZA 3-,2022,4,false,3759.000,358,429045.38
FFSU,WV,00169406012,VICTOZA 2-,2022,3,false,1869.000,279,214527.54
FFSU,WV,00169406013,VICTOZA 3-,2022,3,false,4266.000,406,487056.48
FFSU,WV,00169406012,VICTOZA 2-,2022,2,false,2130.000,321,243846.53
FFSU,WV,00169406013,VICTOZA 3-,2022,2,false,4215.000,398,479713.71
FFSU,WV,00169406012,VICTOZA 2-,2022,1,false,2181.000,328,244154.90
FFSU,WV,00169406013,VICTOZA 3-,2022,1,false,4521.000,421,504504.87
FFSU,WY,00169406012,VICTOZA 6M,2022,4,false,564.000,88,64715.38
FFSU,WY,00169406013,VICTOZA 6M,2022,4,false,1251.000,125,140963.89
FFSU,WY,00169406012,VICTOZA 6M,2022,3,false,633.000,97,72086.12
FFSU,WY,00169406013,VICTOZA 6M,2022,3,false,1206.000,126,136794.47
FFSU,WY,00169406012,VICTOZA 6M,2022,2,false,648.000,99,73800.27
FFSU,WY,00169406013,VICTOZA 6M,2022,2,false,1140.000,115,130246.30
FFSU,WY,00169406012,VICTOZA 6M,2022,1,false,486.000,76,55285.32
FFSU,WY,00169406013,VICTOZA 6M,2022,1,false,1134.000,114,128548.63
FFSU,AK,00169280015,SAXENDA   ,2022,4,true,,,
FFSU,AK,00169280015,SAXENDA   ,2022,3,true,,,
FFSU,AK,00169280015,SAXENDA   ,2022,2,true,,,
MCOU,AZ,00169280015,SAXENDA   ,2022,4,false,7473.000,531,646670.75
MCOU,AZ,00169280015,SAXENDA   ,2022,3,false,7320.000,505,633113.57
MCOU,AZ,00169280015,SAXENDA   ,2022,2,false,5664.000,383,489303.12
MCOU,AZ,00169280015,SAXENDA   ,2022,1,false,4881.000,326,421898.07
MCOU,CA,00169280015,SAXENDA   ,2022,4,false,375.000,30,33300.68
FFSU,CA,00169280015,SAXENDA   ,2022,4,false,156640.000,10476,13628036.39
MCOU,CA,00169280015,SAXENDA   ,2022,3,false,381.000,26,30469.64
FFSU,CA,00169280015,SAXENDA   ,2022,3,false,119250.000,7943,10385355.60
FFSU,CA,00169280015,SAXENDA   ,2022,2,false,51048.000,3412,4448399.04
MCOU,CA,00169280015,SAXENDA   ,2022,2,false,330.000,20,25890.59
FFSU,CA,00169280015,SAXENDA   ,2022,1,false,27968.000,1844,2435987.33
MCOU,CA,00169280015,SAXENDA   ,2022,1,false,585.000,31,44257.82
MCOU,DC,00169280015,SAXENDA 18,2022,3,true,,,
MCOU,DE,00169280015,SAXENDA   ,2022,4,false,5916.000,460,24207.45
MCOU,DE,00169280015,SAXENDA   ,2022,3,false,4896.000,382,17047.18
MCOU,DE,00169280015,SAXENDA   ,2022,2,false,3141.000,240,15469.28
MCOU,DE,00169280015,SAXENDA   ,2022,1,false,2511.000,195,9625.24
MCOU,FL,00169280015,SAXENDA   ,2022,4,false,216.000,16,18937.01
MCOU,FL,00169280015,SAXENDA   ,2022,3,true,,,
MCOU,FL,00169280015,SAXENDA   ,2022,2,false,264.000,19,22993.44
MCOU,FL,00169280015,SAXENDA   ,2022,1,false,363.000,25,31497.33
MCOU,GA,00169280015,SAXENDA   ,2022,4,true,,,
FFSU,GA,00169280015,SAXENDA   ,2022,4,true,,,
FFSU,GA,00169280015,SAXENDA   ,2022,3,true,,,
MCOU,GA,00169280015,SAXENDA   ,2022,2,true,,,
FFSU,GA,00169280015,SAXENDA   ,2022,2,true,,,
FFSU,GA,00169280015,SAXENDA   ,2022,1,true,,,
MCOU,HI,00169280015,SAXENDA 18,2022,4,false,480.000,30,45904.15
MCOU,HI,00169280015,SAXENDA 18,2022,3,false,936.000,62,49246.56
MCOU,HI,00169280015,SAXENDA 18,2022,2,false,1224.000,84,28132.54
MCOU,HI,00169280015,SAXENDA 18,2022,1,true,,,
MCOU,IL,00169280015,SAXENDA   ,2022,1,true,,,
MCOU,KS,00169280015,SAXENDA   ,2022,4,false,15729.000,1206,1368518.69
MCOU,KS,00169280015,SAXENDA   ,2022,3,false,12936.000,964,1126368.68
MCOU,KS,00169280015,SAXENDA   ,2022,2,false,11109.000,804,967853.70
MCOU,KS,00169280015,SAXENDA   ,2022,1,false,8565.000,620,240357.59
MCOU,LA,00169280015,SAXENDA   ,2022,4,true,,,
MCOU,LA,00169280015,SAXENDA   ,2022,3,true,,,
MCOU,MA,00169280015,SAXENDA 18,2022,4,true,,,
MCOU,MA,00169280015,SAXENDA 18,2022,3,true,,,
MCOU,MA,00169280015,SAXENDA 18,2022,2,true,,,
MCOU,MA,00169280015,SAXENDA 18,2022,1,true,,,
MCOU,MD,00169280015,SAXENDA 18,2022,2,true,,,
MCOU,MD,00169280015,SAXENDA 18,2022,1,true,,,
FFSU,MI,00169280015,SAXENDA   ,2022,4,false,13389.000,924,1081522.35
MCOU,MI,00169280015,SAXENDA   ,2022,4,false,110664.000,8037,9606550.56
FFSU,MI,00169280015,SAXENDA   ,2022,3,false,8937.000,607,725425.79
MCOU,MI,00169280015,SAXENDA   ,2022,3,false,80184.000,5794,6953112.41
FFSU,MI,00169280015,SAXENDA   ,2022,2,false,4641.000,308,376515.30
MCOU,MI,00169280015,SAXENDA   ,2022,2,false,40026.000,2894,3472485.78
MCOU,MI,00169280015,SAXENDA   ,2022,1,false,7233.000,516,627187.51
FFSU,MI,00169280015,SAXENDA   ,2022,1,false,915.000,62,71360.55
FFSU,MN,00169280015,SAXENDA   ,2022,4,false,297.000,21,26299.99
MCOU,MN,00169280015,SAXENDA   ,2022,4,false,10521.000,744,932063.16
MCOU,MN,00169280015,SAXENDA   ,2022,3,false,10614.000,775,941212.74
FFSU,MN,00169280015,SAXENDA   ,2022,3,false,459.000,33,40637.57
MCOU,MN,00169280015,SAXENDA   ,2022,2,false,6357.000,469,565323.77
FFSU,MN,00169280015,SAXENDA   ,2022,2,false,324.000,25,28755.33
MCOU,MN,00169280015,SAXENDA   ,2022,1,false,2448.000,182,218324.30
FFSU,MN,00169280015,SAXENDA   ,2022,1,false,372.000,27,32995.58
MCOU,MS,00169280015,SAXENDA   ,2022,4,false,366.000,26,31856.90
MCOU,MS,00169280015,SAXENDA   ,2022,3,true,,,
FFSU,MS,00169280015,SAXENDA   ,2022,3,true,,,
FFSU,XX,00169280015,SAXENDA   ,2022,4,false,223439.000,15247,19567789.10
MCOU,XX,00169280015,SAXENDA   ,2022,4,false,178065.000,12958,15010036.88
FFSU,XX,00169280015,SAXENDA   ,2022,3,false,175203.000,11825,15371066.55
MCOU,XX,00169280015,SAXENDA   ,2022,3,false,138840.000,10025,11637817.80
FFSU,XX,00169280015,SAXENDA   ,2022,2,false,84519.000,5735,7436047.60
MCOU,XX,00169280015,SAXENDA   ,2022,2,false,82641.000,5920,6854962.22
FFSU,XX,00169280015,SAXENDA   ,2022,1,false,47933.000,3201,4224744.77
MCOU,XX,00169280015,SAXENDA   ,2022,1,false,39495.000,2776,2727416.38
FFSU,NC,00169280015,SAXENDA   ,2022,4,true,,,
MCOU,NC,00169280015,SAXENDA   ,2022,4,true,,,
MCOU,NC,00169280015,SAXENDA   ,2022,3,false,240.000,12,20819.44
MCOU,NC,00169280015,SAXENDA   ,2022,2,false,210.000,12,18259.61
MCOU,NC,00169280015,SAXENDA   ,2022,1,false,183.000,13,15934.98
FFSU,NH,00169280015,SAXENDA   ,2022,4,true,,,
MCOU,NH,00169280015,SAXENDA   ,2022,4,false,4362.000,320,360237.54
MCOU,NH,00169280015,SAXENDA   ,2022,3,false,2556.000,185,207869.56
FFSU,NH,00169280015,SAXENDA   ,2022,3,true,,,
MCOU,NH,00169280015,SAXENDA   ,2022,2,false,1878.000,128,156365.55
MCOU,NH,00169280015,SAXENDA   ,2022,1,false,1902.000,130,159742.95
MCOU,NJ,00169280015,SAXENDA   ,2022,4,false,129.000,13,11174.49
MCOU,NJ,00169280015,SAXENDA   ,2022,3,false,144.000,16,12431.59
MCOU,NJ,00169280015,SAXENDA   ,2022,2,true,,,
MCOU,NJ,00169280015,SAXENDA   ,2022,1,false,198.000,12,17309.68
FFSU,NM,00169280015,SAXENDA 18,2022,4,true,,,
FFSU,NM,00169280015,SAXENDA 18,2022,3,true,,,
FFSU,NM,00169280015,SAXENDA 18,2022,2,true,,,
FFSU,NM,00169280015,SAXENDA 18,2022,1,true,,,
FFSU,NV,00169280015,SAXENDA   ,2022,2,true,,,
FFSU,NV,00169280015,SAXENDA   ,2022,1,true,,,
MCOU,NY,00169280015,SAXENDA   ,2022,4,true,,,
MCOU,NY,00169280015,SAXENDA   ,2022,3,true,,,
MCOU,NY,00169280015,SAXENDA   ,2022,2,true,,,
MCOU,NY,00169280015,SAXENDA   ,2022,1,true,,,
MCOU,OH,00169280015,SAXENDA   ,2022,4,true,,,
MCOU,OH,00169280015,SAXENDA   ,2022,2,true,,,
MCOU,OH,00169280015,SAXENDA   ,2022,1,true,,,
MCOU,OR,00169280015,SAXENDA   ,2022,4,true,,,
MCOU,PA,00169280015,SAXENDA   ,2022,4,false,540.000,36,47480.11
MCOU,PA,00169280015,SAXENDA   ,2022,3,false,564.000,41,49513.54
MCOU,PA,00169280015,SAXENDA   ,2022,2,false,519.000,31,45221.86
MCOU,PA,00169280015,SAXENDA   ,2022,1,false,459.000,28,39949.84
FFSU,RI,00169280015,SAXENDA   ,2022,4,true,,,
MCOU,RI,00169280015,SAXENDA   ,2022,4,false,5106.000,363,444655.16
MCOU,RI,00169280015,SAXENDA   ,2022,3,false,3543.000,257,308990.38
FFSU,RI,00169280015,SAXENDA   ,2022,3,true,,,
MCOU,RI,00169280015,SAXENDA   ,2022,2,false,1593.000,114,137724.75
FFSU,RI,00169280015,SAXENDA   ,2022,2,true,,,
MCOU,RI,00169280015,SAXENDA   ,2022,1,false,1635.000,115,142639.75
FFSU,RI,00169280015,SAXENDA   ,2022,1,true,,,
MCOU,SC,00169280015,SAXENDA   ,2022,3,true,,,
MCOU,SC,00169280015,SAXENDA   ,2022,2,true,,,
FFSU,TN,00169280015,SAXENDA   ,2022,4,false,6357.000,469,552594.49
FFSU,TN,00169280015,SAXENDA   ,2022,3,false,5334.000,386,463975.62
FFSU,TN,00169280015,SAXENDA   ,2022,2,false,3642.000,267,316990.37
FFSU,TN,00169280015,SAXENDA   ,2022,1,false,3177.000,223,276397.19
MCOU,TX,00169280015,SAXENDA 18,2022,4,false,174.000,14,15041.18
MCOU,TX,00169280015,SAXENDA 18,2022,3,false,228.000,16,19707.62
MCOU,TX,00169280015,SAXENDA 18,2022,2,false,159.000,11,13743.37
MCOU,TX,00169280015,SAXENDA 18,2022,1,true,,,
MCOU,UT,00169280015,SAXENDA   ,2022,4,true,,,
MCOU,UT,00169280015,SAXENDA   ,2022,3,true,,,
FFSU,VA,00169280015,SAXENDA   ,2022,4,true,,,
MCOU,VA,00169280015,SAXENDA   ,2022,4,false,15528.000,1097,1387735.41
FFSU,VA,00169280015,SAXENDA   ,2022,3,true,,,
MCOU,VA,00169280015,SAXENDA   ,2022,3,false,13623.000,950,1218122.14
FFSU,VA,00169280015,SAXENDA   ,2022,2,true,,,
MCOU,VA,00169280015,SAXENDA   ,2022,2,false,9741.000,681,862986.79
MCOU,VA,00169280015,SAXENDA   ,2022,1,false,7962.000,543,708034.85
MCOU,WA,00169280015,SAXENDA   ,2022,3,true,,,
MCOU,WA,00169280015,SAXENDA   ,2022,2,true,,,
MCOU,WA,00169280015,SAXENDA   ,2022,1,true,,,
FFSU,WI,00169280015,SAXENDA   ,2022,4,false,46372.000,3331,4247348.04
FFSU,WI,00169280015,SAXENDA   ,2022,3,false,40854.000,2829,3724902.60
FFSU,WI,00169280015,SAXENDA   ,2022,2,false,24633.000,1704,2245134.77
FFSU,WI,00169280015,SAXENDA   ,2022,1,false,15255.000,1030,1387499.74
FFSU,WV,00169280015,SAXENDA 18,2022,4,true,,,
FFSU,WV,00169280015,SAXENDA 18,2022,3,true,,,
FFSU,WV,00169280015,SAXENDA 18,2022,2,true,,,
FFSU,WV,00169280015,SAXENDA 18,2022,1,true,,,
FFSU,AK,00310652401,BYETTA    ,2022,3,true,,,
FFSU,AK,00310652401,BYETTA    ,2022,2,true,,,
FFSU,AK,00310652401,BYETTA    ,2022,1,true,,,
FFSU,AL,00310651201,BYETTA 250,2022,4,true,,,
FFSU,AL,00310652401,BYETTA 250,2022,4,true,,,
FFSU,AL,00310651201,BYETTA 250,2022,3,true,,,
FFSU,AL,00310652401,BYETTA 250,2022,3,true,,,
FFSU,AL,00310651201,BYETTA 250,2022,2,true,,,
FFSU,AL,00310652401,BYETTA 250,2022,2,true,,,
FFSU,AL,00310651201,BYETTA 250,2022,1,true,,,
FFSU,AL,00310652401,BYETTA 250,2022,1,true,,,
MCOU,AR,00310651201,BYETTA    ,2022,4,true,,,
FFSU,AR,00310651201,BYETTA    ,2022,4,false,39.600,33,25740.66
MCOU,AR,00310652401,BYETTA    ,2022,4,true,,,
FFSU,AR,00310652401,BYETTA    ,2022,4,true,,,
FFSU,AR,00310651201,BYETTA    ,2022,3,false,24.000,20,15600.40
FFSU,AR,00310652401,BYETTA    ,2022,3,true,,,
MCOU,AR,00310652401,BYETTA    ,2022,3,true,,,
MCOU,AR,00310651201,BYETTA    ,2022,2,true,,,
FFSU,AR,00310651201,BYETTA    ,2022,2,true,,,
FFSU,AR,00310652401,BYETTA    ,2022,2,true,,,
MCOU,AR,00310652401,BYETTA    ,2022,2,true,,,
FFSU,AR,00310651201,BYETTA    ,2022,1,true,,,
MCOU,AR,00310651201,BYETTA    ,2022,1,true,,,
FFSU,AR,00310652401,BYETTA    ,2022,1,true,,,
MCOU,AR,00310652401,BYETTA    ,2022,1,true,,,
MCOU,AZ,00310651201,BYETTA    ,2022,4,false,46.800,35,30082.92
MCOU,AZ,00310652401,BYETTA    ,2022,4,false,62.400,24,19966.16
MCOU,AZ,00310651201,BYETTA    ,2022,3,false,39.600,33,25335.36
MCOU,AZ,00310652401,BYETTA    ,2022,3,false,72.000,28,23152.01
MCOU,AZ,00310651201,BYETTA    ,2022,2,false,21.600,18,13794.14
MCOU,AZ,00310652401,BYETTA    ,2022,2,false,60.000,23,19252.81
MCOU,AZ,00310651201,BYETTA    ,2022,1,false,48.000,32,30726.06
MCOU,AZ,00310652401,BYETTA    ,2022,1,false,129.600,46,41502.54
FFSU,CA,00310651201,BYETTA 250,2022,4,false,61.200,39,39697.31
FFSU,CA,00310652401,BYETTA 250,2022,4,false,177.600,68,57782.18
FFSU,CA,00310651201,BYETTA 250,2022,3,false,103.200,73,66896.91
FFSU,CA,00310652401,BYETTA 250,2022,3,false,267.600,95,84640.09
FFSU,CA,00310651201,BYETTA 250,2022,2,false,79.200,52,51326.81
FFSU,CA,00310652401,BYETTA 250,2022,2,false,196.800,76,61697.03
FFSU,CA,00310651201,BYETTA 250,2022,1,false,94.800,67,61079.49
FFSU,CA,00310652401,BYETTA 250,2022,1,false,216.000,82,69629.04
FFSU,CO,00310651201,BYETTA    ,2022,4,false,78.000,45,50263.46
MCOU,CO,00310651201,BYETTA    ,2022,4,true,,,
MCOU,CO,00310652401,BYETTA    ,2022,4,true,,,
FFSU,CO,00310652401,BYETTA    ,2022,4,false,194.400,61,63005.56
FFSU,CO,00310651201,BYETTA    ,2022,3,false,99.600,62,64125.27
MCOU,CO,00310651201,BYETTA    ,2022,3,true,,,
FFSU,CO,00310652401,BYETTA    ,2022,3,false,266.400,81,86309.43
FFSU,CO,00310651201,BYETTA    ,2022,2,false,87.600,53,56335.57
FFSU,CO,00310652401,BYETTA    ,2022,2,false,235.200,76,76154.81
MCOU,CO,00310652401,BYETTA    ,2022,2,true,,,
FFSU,CO,00310651201,BYETTA    ,2022,1,false,81.600,51,52176.03
FFSU,CO,00310652401,BYETTA    ,2022,1,false,343.200,102,110005.33
MCOU,CO,00310652401,BYETTA    ,2022,1,true,,,
FFSU,CT,00310651201,BYETTA 250,2022,4,true,,,
FFSU,CT,00310652401,BYETTA 250,2022,4,true,,,
FFSU,CT,00310651201,BYETTA 250,2022,3,true,,,
FFSU,CT,00310652401,BYETTA 250,2022,3,false,36.000,11,11671.27
FFSU,CT,00310651201,BYETTA 250,2022,2,true,,,
FFSU,CT,00310652401,BYETTA 250,2022,2,false,43.200,14,14014.12
FFSU,CT,00310651201,BYETTA 250,2022,1,true,,,
FFSU,CT,00310652401,BYETTA 250,2022,1,false,40.800,17,13186.39
MCOU,DC,00310651201,BYETTA 5 M,2022,4,false,25.200,21,16444.56
MCOU,DC,00310652401,BYETTA 10 ,2022,4,false,381.600,11,8638.88
MCOU,DC,00310651201,BYETTA 5 M,2022,3,false,25.200,19,16687.71
MCOU,DC,00310652401,BYETTA 10 ,2022,3,true,,,
MCOU,DC,00310651201,BYETTA 5 M,2022,2,false,37.200,29,24614.24
MCOU,DC,00310652401,BYETTA 10 ,2022,2,true,,,
MCOU,DC,00310651201,BYETTA 5 M,2022,1,false,40.400,34,26789.35
MCOU,DC,00310652401,BYETTA 10 ,2022,1,false,220.800,12,9450.15
FFSU,FL,00310651201,BYETTA    ,2022,4,false,30.000,25,19494.00
MCOU,FL,00310651201,BYETTA    ,2022,4,false,274.800,228,175979.72
MCOU,FL,00310652401,BYETTA    ,2022,4,false,504.000,208,162223.56
FFSU,FL,00310652401,BYETTA    ,2022,4,true,,,
FFSU,FL,00310651201,BYETTA    ,2022,3,false,31.200,26,20273.76
MCOU,FL,00310651201,BYETTA    ,2022,3,false,264.000,218,168751.15
FFSU,FL,00310652401,BYETTA    ,2022,3,true,,,
MCOU,FL,00310652401,BYETTA    ,2022,3,false,578.400,239,185416.39
FFSU,FL,00310651201,BYETTA    ,2022,2,false,14.400,12,9357.12
MCOU,FL,00310651201,BYETTA    ,2022,2,false,204.000,168,130888.89
MCOU,FL,00310652401,BYETTA    ,2022,2,false,487.200,199,156284.89
FFSU,FL,00310652401,BYETTA    ,2022,2,true,,,
FFSU,FL,00310651201,BYETTA    ,2022,1,false,22.800,19,14703.34
MCOU,FL,00310651201,BYETTA    ,2022,1,false,314.400,258,202158.53
MCOU,FL,00310652401,BYETTA    ,2022,1,false,691.200,286,221962.97
FFSU,FL,00310652401,BYETTA    ,2022,1,true,,,
MCOU,GA,00310651201,BYETTA    ,2022,4,true,,,
FFSU,GA,00310651201,BYETTA    ,2022,4,false,135.600,113,88156.95
FFSU,GA,00310652401,BYETTA    ,2022,4,false,96.000,40,31233.20
MCOU,GA,00310651201,BYETTA    ,2022,3,false,15.600,13,9925.19
FFSU,GA,00310651201,BYETTA    ,2022,3,false,128.400,107,83476.05
FFSU,GA,00310652401,BYETTA    ,2022,3,false,69.600,29,22644.07
MCOU,GA,00310652401,BYETTA    ,2022,3,true,,,
FFSU,GA,00310651201,BYETTA    ,2022,2,false,76.800,64,49929.60
MCOU,GA,00310651201,BYETTA    ,2022,2,true,,,
FFSU,GA,00310652401,BYETTA    ,2022,2,false,45.600,19,14835.77
MCOU,GA,00310651201,BYETTA    ,2022,1,true,,,
FFSU,GA,00310651201,BYETTA    ,2022,1,false,79.200,66,51288.12
FFSU,GA,00310652401,BYETTA    ,2022,1,false,40.800,17,13206.79
MCOU,IA,00310651201,BYETTA 250,2022,4,true,,,
MCOU,IA,00310652401,BYETTA 250,2022,4,false,67.200,26,21516.57
MCOU,IA,00310651201,BYETTA 250,2022,3,true,,,
MCOU,IA,00310652401,BYETTA 250,2022,3,false,93.600,34,29946.51
MCOU,IA,00310651201,BYETTA 250,2022,2,false,21.600,13,13879.25
MCOU,IA,00310652401,BYETTA 250,2022,2,false,81.600,32,26284.05
MCOU,IA,00310651201,BYETTA 250,2022,1,false,19.200,15,12292.18
MCOU,IA,00310652401,BYETTA 250,2022,1,false,86.400,34,27807.65
FFSU,ID,00310652401,BYETTA    ,2022,4,true,,,
FFSU,ID,00310651201,BYETTA    ,2022,3,true,,,
FFSU,ID,00310652401,BYETTA    ,2022,3,true,,,
FFSU,ID,00310651201,BYETTA    ,2022,2,true,,,
FFSU,ID,00310652401,BYETTA    ,2022,2,true,,,
FFSU,ID,00310652401,BYETTA    ,2022,1,true,,,
MCOU,IL,00310651201,BYETTA 250,2022,4,false,22.800,17,14650.45
MCOU,IL,00310652401,BYETTA 250,2022,4,false,105.600,34,33802.16
MCOU,IL,00310651201,BYETTA 250,2022,3,false,26.400,20,18468.17
MCOU,IL,00310652401,BYETTA 250,2022,3,false,88.800,31,28414.24
FFSU,IL,00310651201,BYETTA 250,2022,2,true,,,
MCOU,IL,00310651201,BYETTA 250,2022,2,false,30.000,23,25503.59
MCOU,IL,00310652401,BYETTA 250,2022,2,false,98.400,36,45384.38
FFSU,IL,00310652401,BYETTA 250,2022,2,true,,,
MCOU,IL,00310651201,BYETTA 250,2022,1,false,123.600,89,137717.71
FFSU,IL,00310651201,BYETTA 250,2022,1,true,,,
MCOU,IL,00310652401,BYETTA 250,2022,1,false,487.200,180,216941.30
MCOU,IN,00310651201,BYETTA 250,2022,4,false,76.800,64,48490.42
FFSU,IN,00310651201,BYETTA 250,2022,4,true,,,
MCOU,IN,00310652401,BYETTA 250,2022,4,false,57.600,24,18239.08
MCOU,IN,00310651201,BYETTA 250,2022,3,false,43.200,36,27276.39
FFSU,IN,00310651201,BYETTA 250,2022,3,true,,,
MCOU,IN,00310652401,BYETTA 250,2022,3,false,48.000,20,15235.85
FFSU,IN,00310652401,BYETTA 250,2022,3,true,,,
MCOU,IN,00310651201,BYETTA 250,2022,2,false,20.400,17,13073.56
FFSU,IN,00310651201,BYETTA 250,2022,2,true,,,
FFSU,IN,00310652401,BYETTA 250,2022,2,true,,,
MCOU,IN,00310652401,BYETTA 250,2022,2,false,38.400,16,12209.87
MCOU,IN,00310651201,BYETTA 250,2022,1,false,30.000,25,19318.78
FFSU,IN,00310651201,BYETTA 250,2022,1,false,16.800,11,10777.92
MCOU,IN,00310652401,BYETTA 250,2022,1,true,,,
FFSU,IN,00310652401,BYETTA 250,2022,1,true,,,
MCOU,KS,00310651201,BYETTA 250,2022,3,true,,,
MCOU,KS,00310651201,BYETTA 250,2022,2,true,,,
MCOU,KS,00310652401,BYETTA 250,2022,2,true,,,
MCOU,KS,00310651201,BYETTA 250,2022,1,true,,,
MCOU,KS,00310652401,BYETTA 250,2022,1,true,,,
MCOU,KY,00310651201,BYETTA    ,2022,4,false,31.200,26,20007.52
FFSU,KY,00310651201,BYETTA    ,2022,4,true,,,
FFSU,KY,00310652401,BYETTA    ,2022,4,true,,,
MCOU,KY,00310652401,BYETTA    ,2022,4,false,38.400,16,12323.20
FFSU,KY,00310651201,BYETTA    ,2022,3,true,,,
MCOU,KY,00310651201,BYETTA    ,2022,3,false,28.800,24,18468.48
MCOU,KY,00310652401,BYETTA    ,2022,3,false,62.400,26,20025.20
FFSU,KY,00310652401,BYETTA    ,2022,3,true,,,
MCOU,KY,00310651201,BYETTA    ,2022,2,false,45.600,35,29241.76
FFSU,KY,00310651201,BYETTA    ,2022,2,true,,,
MCOU,KY,00310652401,BYETTA    ,2022,2,false,52.800,22,16944.40
FFSU,KY,00310652401,BYETTA    ,2022,2,true,,,
MCOU,KY,00310651201,BYETTA    ,2022,1,true,,,
FFSU,KY,00310651201,BYETTA    ,2022,1,true,,,
FFSU,KY,00310652401,BYETTA    ,2022,1,true,,,
MCOU,KY,00310652401,BYETTA    ,2022,1,false,86.400,36,27615.00
FFSU,LA,00310651201,BYETTA    ,2022,4,true,,,
MCOU,LA,00310651201,BYETTA    ,2022,4,false,48.000,19,31656.53
MCOU,LA,00310652401,BYETTA    ,2022,4,false,62.400,26,20568.64
MCOU,LA,00310651201,BYETTA    ,2022,3,false,26.400,22,17269.85
FFSU,LA,00310651201,BYETTA    ,2022,3,true,,,
MCOU,LA,00310652401,BYETTA    ,2022,3,false,50.400,21,16507.99
MCOU,LA,00310651201,BYETTA    ,2022,2,false,33.600,28,21953.47
FFSU,LA,00310651201,BYETTA    ,2022,2,true,,,
MCOU,LA,00310652401,BYETTA    ,2022,2,false,52.800,22,17255.90
MCOU,LA,00310651201,BYETTA    ,2022,1,false,36.000,28,23520.39
FFSU,LA,00310651201,BYETTA    ,2022,1,true,,,
MCOU,LA,00310652401,BYETTA    ,2022,1,false,69.600,29,22790.77
MCOU,MA,00310651201,BYETTA 5 M,2022,4,false,26.400,18,17280.17
FFSU,MA,00310651201,BYETTA 5 M,2022,4,true,,,
FFSU,MA,00310652401,BYETTA 10 ,2022,4,false,60.000,25,19505.50
MCOU,MA,00310652401,BYETTA 10 ,2022,4,true,,,
MCOU,MA,00310651201,BYETTA 5 M,2022,3,false,13.200,11,8698.41
FFSU,MA,00310651201,BYETTA 5 M,2022,3,true,,,
MCOU,MA,00310652401,BYETTA 10 ,2022,3,true,,,
FFSU,MA,00310652401,BYETTA 10 ,2022,3,false,69.600,23,21881.81
FFSU,MA,00310651201,BYETTA 5 M,2022,2,false,13.200,11,8552.42
MCOU,MA,00310651201,BYETTA 5 M,2022,2,true,,,
FFSU,MA,00310652401,BYETTA 10 ,2022,2,false,62.400,21,19971.67
MCOU,MA,00310652401,BYETTA 10 ,2022,2,true,,,
FFSU,MA,00310651201,BYETTA 5 M,2022,1,false,16.800,12,10826.26
MCOU,MA,00310651201,BYETTA 5 M,2022,1,true,,,
FFSU,MA,00310652401,BYETTA 10 ,2022,1,false,84.000,28,27057.43
MCOU,MA,00310652401,BYETTA 10 ,2022,1,true,,,
MCOU,MD,00310651201,BYETTA 5 M,2022,4,true,,,
FFSU,MD,00310652401,BYETTA 10 ,2022,4,true,,,
MCOU,MD,00310651201,BYETTA 5 M,2022,3,true,,,
FFSU,MD,00310652401,BYETTA 10 ,2022,3,true,,,
FFSU,MD,00310652401,BYETTA 10 ,2022,2,true,,,
FFSU,MD,00310652401,BYETTA 10 ,2022,1,true,,,
MCOU,MD,00310652401,BYETTA 10 ,2022,1,true,,,
FFSU,ME,00310651201,BYETTA    ,2022,4,false,15.600,13,10158.33
FFSU,ME,00310652401,BYETTA    ,2022,4,true,,,
FFSU,ME,00310651201,BYETTA    ,2022,3,true,,,
FFSU,ME,00310652401,BYETTA    ,2022,3,true,,,
FFSU,ME,00310651201,BYETTA    ,2022,2,false,14.400,12,9376.92
FFSU,ME,00310652401,BYETTA    ,2022,2,true,,,
FFSU,ME,00310651201,BYETTA    ,2022,1,false,13.200,11,8550.67
FFSU,ME,00310652401,BYETTA    ,2022,1,false,26.400,11,8513.23
FFSU,MI,00310651201,BYETTA    ,2022,4,true,,,
MCOU,MI,00310651201,BYETTA    ,2022,4,false,60.000,43,37048.61
MCOU,MI,00310652401,BYETTA    ,2022,4,false,144.000,48,46187.87
FFSU,MI,00310652401,BYETTA    ,2022,4,true,,,
FFSU,MI,00310651201,BYETTA    ,2022,3,true,,,
MCOU,MI,00310651201,BYETTA    ,2022,3,false,61.200,43,39058.22
MCOU,MI,00310652401,BYETTA    ,2022,3,false,151.200,56,48405.05
FFSU,MI,00310652401,BYETTA    ,2022,3,true,,,
FFSU,MI,00310651201,BYETTA    ,2022,2,true,,,
MCOU,MI,00310651201,BYETTA    ,2022,2,false,62.400,46,39822.91
MCOU,MI,00310652401,BYETTA    ,2022,2,false,144.000,51,46181.83
FFSU,MI,00310652401,BYETTA    ,2022,2,true,,,
MCOU,MI,00310651201,BYETTA    ,2022,1,false,84.000,50,53674.01
FFSU,MI,00310651201,BYETTA    ,2022,1,true,,,
FFSU,MI,00310652401,BYETTA    ,2022,1,true,,,
MCOU,MI,00310652401,BYETTA    ,2022,1,false,220.800,77,71370.71
MCOU,MN,00310651201,BYETTA    ,2022,4,false,70.800,59,47730.89
FFSU,MN,00310651201,BYETTA    ,2022,4,true,,,
FFSU,MN,00310652401,BYETTA    ,2022,4,false,48.000,20,15215.00
MCOU,MN,00310652401,BYETTA    ,2022,4,false,105.600,44,35661.11
FFSU,MN,00310651201,BYETTA    ,2022,3,true,,,
MCOU,MN,00310651201,BYETTA    ,2022,3,false,62.400,52,41855.84
MCOU,MN,00310652401,BYETTA    ,2022,3,false,91.200,38,30695.68
FFSU,MN,00310652401,BYETTA    ,2022,3,false,52.800,22,16736.50
FFSU,MN,00310651201,BYETTA    ,2022,2,true,,,
MCOU,MN,00310651201,BYETTA    ,2022,2,false,50.400,42,33489.08
FFSU,MN,00310652401,BYETTA    ,2022,2,false,38.400,16,12172.00
MCOU,MN,00310652401,BYETTA    ,2022,2,false,93.600,39,31705.77
FFSU,MN,00310651201,BYETTA    ,2022,1,false,13.200,11,8018.35
MCOU,MN,00310651201,BYETTA    ,2022,1,false,80.400,67,52765.84
FFSU,MN,00310652401,BYETTA    ,2022,1,false,74.400,31,23231.79
MCOU,MN,00310652401,BYETTA    ,2022,1,false,122.400,51,40995.98
FFSU,MO,00310651201,BYETTA    ,2022,4,false,99.600,83,64887.06
FFSU,MO,00310652401,BYETTA    ,2022,4,false,165.600,69,51912.73
FFSU,MO,00310651201,BYETTA    ,2022,3,false,124.800,103,81285.21
FFSU,MO,00310652401,BYETTA    ,2022,3,false,206.400,86,65175.85
FFSU,MO,00310651201,BYETTA    ,2022,2,false,133.200,111,86769.21
FFSU,MO,00310652401,BYETTA    ,2022,2,false,187.200,78,58870.35
FFSU,MO,00310651201,BYETTA    ,2022,1,false,170.400,142,109842.31
FFSU,MO,00310652401,BYETTA    ,2022,1,false,249.600,104,79211.43
FFSU,MS,00310651201,BYETTA 250,2022,4,false,22.800,19,14824.10
MCOU,MS,00310651201,BYETTA    ,2022,4,false,91.200,73,55500.09
FFSU,MS,00310652401,BYETTA 250,2022,4,true,,,
MCOU,MS,00310652401,BYETTA    ,2022,4,false,60.000,24,19530.97
MCOU,MS,00310651201,BYETTA 250,2022,3,false,114.000,95,74194.95
FFSU,MS,00310651201,BYETTA 250,2022,3,false,20.400,17,13262.48
MCOU,MS,00310652401,BYETTA 250,2022,3,false,60.000,25,19535.25
FFSU,MS,00310652401,BYETTA 250,2022,3,true,,,
FFSU,MS,00310651201,BYETTA 5 M,2022,2,false,14.400,12,9369.72
MCOU,MS,00310651201,BYETTA 5 M,2022,2,false,97.200,77,56760.87
FFSU,MS,00310652401,BYETTA 10 ,2022,2,true,,,
MCOU,MS,00310652401,BYETTA 10 ,2022,2,false,96.000,37,26982.57
MCOU,MS,00310651201,BYETTA 5 M,2022,1,false,100.800,84,64260.42
FFSU,MS,00310651201,BYETTA 5 M,2022,1,false,16.800,15,11666.84
FFSU,MS,00310652401,BYETTA 10 ,2022,1,true,,,
MCOU,MS,00310652401,BYETTA 10 ,2022,1,false,76.800,32,24591.01
FFSU,MT,00310651201,BYETTA 5 M,2022,4,true,,,
FFSU,MT,00310652401,BYETTA 10 ,2022,4,false,38.400,14,12543.50
FFSU,MT,00310651201,BYETTA 5 M,2022,3,true,,,
FFSU,MT,00310652401,BYETTA 10 ,2022,3,false,55.200,21,18011.81
FFSU,MT,00310651201,BYETTA 5 M,2022,2,false,20.400,15,13473.89
FFSU,MT,00310652401,BYETTA 10 ,2022,2,false,60.000,25,19578.28
FFSU,MT,00310651201,BYETTA 5 M,2022,1,false,19.200,14,12575.72
FFSU,MT,00310652401,BYETTA 10 ,2022,1,false,79.200,31,25695.67
FFSU,XX,00310651201,Byetta 250,2022,4,false,681.600,519,443088.74
MCOU,XX,00310651201,Byetta 250,2022,4,false,1302.000,998,824527.50
FFSU,XX,00310652401,Byetta 250,2022,4,false,1200.000,455,389040.22
MCOU,XX,00310652401,Byetta 250,2022,4,false,2664.400,881,732197.67
FFSU,XX,00310651201,Byetta 250,2022,3,false,727.200,558,472293.18
MCOU,XX,00310651201,Byetta 250,2022,3,false,1205.600,964,770595.07
FFSU,XX,00310652401,Byetta 250,2022,3,false,1455.600,524,469104.26
MCOU,XX,00310652401,Byetta 250,2022,3,false,2778.000,945,769208.37
FFSU,XX,00310651201,Byetta 250,2022,2,false,621.600,470,403312.72
MCOU,XX,00310651201,Byetta 250,2022,2,false,1129.000,900,729835.82
FFSU,XX,00310652401,Byetta 250,2022,2,false,1370.400,507,439199.42
MCOU,XX,00310652401,Byetta 250,2022,2,false,2196.200,849,707440.94
FFSU,XX,00310651201,Byetta 250,2022,1,false,742.800,550,475724.57
MCOU,XX,00310651201,Byetta 250,2022,1,false,1557.600,1223,1042729.93
FFSU,XX,00310652401,Byetta 250,2022,1,false,1747.200,644,560544.93
MCOU,XX,00310652401,Byetta 250,2022,1,false,3571.600,1321,1134731.19
FFSU,NC,00310651201,BYETTA    ,2022,4,true,,,
MCOU,NC,00310651201,BYETTA    ,2022,4,false,42.000,28,27137.68
FFSU,NC,00310652401,BYETTA    ,2022,4,false,31.200,12,10004.41
MCOU,NC,00310652401,BYETTA    ,2022,4,false,112.800,33,36415.15
FFSU,NC,00310651201,BYETTA    ,2022,3,true,,,
MCOU,NC,00310651201,BYETTA    ,2022,3,false,43.200,30,27909.03
FFSU,NC,00310652401,BYETTA    ,2022,3,false,64.800,23,20790.00
MCOU,NC,00310652401,BYETTA    ,2022,3,false,134.400,44,43419.58
FFSU,NC,00310651201,BYETTA    ,2022,2,true,,,
MCOU,NC,00310651201,BYETTA    ,2022,2,false,50.400,40,32604.55
MCOU,NC,00310652401,BYETTA    ,2022,2,false,91.200,31,29489.60
FFSU,NC,00310652401,BYETTA    ,2022,2,false,57.600,20,18506.44
MCOU,NC,00310651201,BYETTA    ,2022,1,false,63.600,51,41028.44
FFSU,NC,00310651201,BYETTA    ,2022,1,false,26.400,14,14558.40
FFSU,NC,00310652401,BYETTA    ,2022,1,false,112.800,42,35966.60
MCOU,NC,00310652401,BYETTA    ,2022,1,false,129.600,45,41664.33
FFSU,ND,00310652401,BYETTA 10 ,2022,4,true,,,
FFSU,ND,00310652401,BYETTA 10 ,2022,3,true,,,
FFSU,ND,00310652401,BYETTA 10 ,2022,2,true,,,
FFSU,ND,00310652401,BYETTA 10 ,2022,1,true,,,
MCOU,NE,00310652401,BYETTA 250,2022,4,true,,,
MCOU,NE,00310651201,BYETTA 250,2022,3,true,,,
MCOU,NE,00310652401,BYETTA 250,2022,3,true,,,
MCOU,NE,00310651201,BYETTA 250,2022,2,true,,,
MCOU,NE,00310652401,BYETTA 250,2022,2,false,29.000,12,10282.43
MCOU,NE,00310651201,BYETTA 250,2022,1,true,,,
MCOU,NE,00310652401,BYETTA 250,2022,1,false,22.000,11,8675.13
MCOU,NH,00310651201,BYETTA    ,2022,4,true,,,
MCOU,NH,00310652401,BYETTA    ,2022,4,false,40.800,15,13126.90
MCOU,NH,00310651201,BYETTA    ,2022,3,true,,,
MCOU,NH,00310652401,BYETTA    ,2022,3,true,,,
MCOU,NH,00310651201,BYETTA    ,2022,2,true,,,
MCOU,NH,00310652401,BYETTA    ,2022,2,true,,,
MCOU,NH,00310651201,BYETTA    ,2022,1,true,,,
MCOU,NH,00310652401,BYETTA    ,2022,1,false,36.000,15,11489.70
MCOU,NJ,00310651201,BYETTA 250,2022,4,true,,,
MCOU,NJ,00310652401,BYETTA 250,2022,4,true,,,
MCOU,NJ,00310651201,BYETTA 250,2022,3,true,,,
MCOU,NJ,00310652401,BYETTA 250,2022,3,true,,,
MCOU,NJ,00310651201,BYETTA 250,2022,2,true,,,
MCOU,NJ,00310652401,BYETTA 250,2022,2,true,,,
MCOU,NJ,00310651201,BYETTA 250,2022,1,true,,,
MCOU,NM,00310652401,BYETTA 10 ,2022,4,true,,,
MCOU,NM,00310651201,BYETTA 5 M,2022,3,true,,,
MCOU,NM,00310652401,BYETTA 10 ,2022,3,true,,,
MCOU,NM,00310651201,BYETTA 5 M,2022,2,true,,,
MCOU,NM,00310652401,BYETTA 10 ,2022,2,true,,,
MCOU,NM,00310651201,BYETTA 5 M,2022,1,true,,,
MCOU,NM,00310652401,BYETTA 10 ,2022,1,true,,,
FFSU,NV,00310651201,BYETTA    ,2022,4,true,,,
MCOU,NV,00310651201,BYETTA    ,2022,4,true,,,
MCOU,NV,00310651201,BYETTA    ,2022,3,true,,,
FFSU,NV,00310651201,BYETTA    ,2022,3,true,,,
MCOU,NV,00310651201,BYETTA    ,2022,2,true,,,
FFSU,NV,00310651201,BYETTA    ,2022,2,true,,,
FFSU,NV,00310651201,BYETTA 250,2022,1,true,,,
MCOU,NY,00310651201,BYETTA    ,2022,4,false,20.400,17,13256.27
FFSU,NY,00310652401,BYETTA    ,2022,4,true,,,
MCOU,NY,00310652401,BYETTA    ,2022,4,false,36.000,15,11617.81
MCOU,NY,00310651201,BYETTA    ,2022,3,false,25.200,20,16053.36
MCOU,NY,00310652401,BYETTA    ,2022,3,false,48.000,20,15464.99
FFSU,NY,00310652401,BYETTA    ,2022,3,true,,,
MCOU,NY,00310651201,BYETTA    ,2022,2,false,18.000,15,11608.39
MCOU,NY,00310652401,BYETTA    ,2022,2,false,45.600,19,14757.86
FFSU,NY,00310652401,BYETTA    ,2022,2,true,,,
MCOU,NY,00310651201,BYETTA    ,2022,1,false,22.800,19,14819.01
FFSU,NY,00310651201,BYETTA    ,2022,1,true,,,
FFSU,NY,00310652401,BYETTA    ,2022,1,true,,,
MCOU,NY,00310652401,BYETTA    ,2022,1,false,50.400,21,16201.68
FFSU,OH,00310651201,BYETTA 250,2022,4,true,,,
MCOU,OH,00310651201,BYETTA 250,2022,4,false,56.400,36,36485.96
FFSU,OH,00310652401,BYETTA 250,2022,4,true,,,
MCOU,OH,00310652401,BYETTA 250,2022,4,false,76.800,30,23063.36
FFSU,OH,00310651201,BYETTA 250,2022,3,true,,,
MCOU,OH,00310651201,BYETTA 250,2022,3,false,38.400,31,24665.74
FFSU,OH,00310652401,BYETTA 250,2022,3,true,,,
MCOU,OH,00310652401,BYETTA 250,2022,3,false,62.400,25,20216.67
MCOU,OH,00310651201,BYETTA 250,2022,2,false,42.000,33,27022.34
FFSU,OH,00310651201,BYETTA 250,2022,2,true,,,
FFSU,OH,00310652401,BYETTA 250,2022,2,true,,,
MCOU,OH,00310652401,BYETTA 250,2022,2,false,60.000,23,19488.27
MCOU,OH,00310651201,BYETTA 250,2022,1,false,31.200,23,20041.10
FFSU,OH,00310651201,BYETTA 250,2022,1,true,,,
MCOU,OH,00310652401,BYETTA 250,2022,1,false,81.600,30,26440.58
FFSU,OH,00310652401,BYETTA 250,2022,1,true,,,
FFSU,OK,00310651201,BYETTA 250,2022,4,true,,,
FFSU,OK,00310652401,BYETTA 250,2022,4,true,,,
FFSU,OK,00310651201,BYETTA 250,2022,3,true,,,
FFSU,OK,00310652401,BYETTA 250,2022,3,true,,,
FFSU,OK,00310651201,BYETTA 250,2022,2,true,,,
FFSU,OK,00310652401,BYETTA 250,2022,2,true,,,
FFSU,OK,00310651201,BYETTA 250,2022,1,true,,,
FFSU,OK,00310652401,BYETTA 250,2022,1,true,,,
FFSU,OR,00310651201,BYETTA 250,2022,4,true,,,
MCOU,OR,00310651201,BYETTA 250,2022,4,false,13.200,11,8495.62
MCOU,OR,00310652401,BYETTA 250,2022,4,true,,,
MCOU,OR,00310651201,BYETTA 250,2022,3,true,,,
MCOU,OR,00310652401,BYETTA 250,2022,3,true,,,
MCOU,OR,00310651201,BYETTA 250,2022,2,true,,,
FFSU,OR,00310651201,BYETTA 250,2022,2,true,,,
MCOU,OR,00310652401,BYETTA 250,2022,2,false,33.600,12,10812.26
FFSU,OR,00310651201,BYETTA 250,2022,1,true,,,
MCOU,OR,00310651201,BYETTA 250,2022,1,true,,,
MCOU,OR,00310652401,BYETTA 250,2022,1,false,33.600,14,10994.90
MCOU,PA,00310651201,BYETTA 250,2022,4,true,,,
MCOU,PA,00310652401,BYETTA 250,2022,4,false,36.000,15,11845.68
MCOU,PA,00310651201,BYETTA 250,2022,3,true,,,
MCOU,PA,00310652401,BYETTA 250,2022,3,false,48.000,20,15767.74
MCOU,PA,00310651201,BYETTA 250,2022,2,true,,,
MCOU,PA,00310652401,BYETTA 250,2022,2,false,40.800,17,13379.74
MCOU,PA,00310651201,BYETTA 250,2022,1,true,,,
MCOU,PA,00310652401,BYETTA 250,2022,1,false,45.600,19,14971.89
MCOU,RI,00310652401,BYETTA 250,2022,4,true,,,
MCOU,RI,00310652401,BYETTA 250,2022,3,true,,,
MCOU,RI,00310652401,BYETTA 250,2022,2,true,,,
MCOU,RI,00310652401,BYETTA 250,2022,1,true,,,
MCOU,SC,00310651201,BYETTA    ,2022,4,true,,,
MCOU,SC,00310652401,BYETTA    ,2022,4,true,,,
MCOU,SC,00310652401,BYETTA    ,2022,3,false,28.800,12,9193.59
MCOU,SC,00310652401,BYETTA    ,2022,2,true,,,
MCOU,SC,00310651201,BYETTA    ,2022,1,true,,,
MCOU,SC,00310652401,BYETTA    ,2022,1,false,31.200,13,9905.48
FFSU,SD,00310652401,BYETTA 250,2022,4,true,,,
FFSU,SD,00310652401,BYETTA 250,2022,3,true,,,
FFSU,SD,00310652401,BYETTA 250,2022,2,true,,,
FFSU,SD,00310652401,BYETTA 250,2022,1,true,,,
FFSU,TN,00310651201,BYETTA 250,2022,4,false,14.400,12,9352.73
FFSU,TN,00310652401,BYETTA 250,2022,4,false,62.400,26,20179.14
FFSU,TN,00310651201,BYETTA 250,2022,3,false,19.200,16,12467.90
FFSU,TN,00310652401,BYETTA 250,2022,3,false,81.600,34,26390.47
FFSU,TN,00310651201,BYETTA 250,2022,2,false,24.000,20,15411.11
FFSU,TN,00310652401,BYETTA 250,2022,2,false,79.200,33,25690.86
FFSU,TN,00310651201,BYETTA 250,2022,1,false,32.400,27,20619.19
FFSU,TN,00310652401,BYETTA 250,2022,1,false,103.200,43,33252.55
MCOU,TX,00310651201,BYETTA 5 M,2022,4,false,70.800,55,45547.73
MCOU,TX,00310652401,BYETTA 10 ,2022,4,false,103.200,39,33220.78
MCOU,TX,00310651201,BYETTA 5 M,2022,3,false,63.600,51,41035.99
MCOU,TX,00310652401,BYETTA 10 ,2022,3,false,141.600,57,45269.38
MCOU,TX,00310651201,BYETTA 5 M,2022,2,false,67.200,52,43342.68
MCOU,TX,00310652401,BYETTA 10 ,2022,2,false,112.800,47,35968.58
FFSU,TX,00310651201,BYETTA 5 M,2022,1,true,,,
MCOU,TX,00310651201,BYETTA 5 M,2022,1,false,81.600,63,52499.26
MCOU,TX,00310652401,BYETTA 10 ,2022,1,false,196.800,82,62887.23
MCOU,VA,00310651201,BYETTA    ,2022,4,false,80.400,65,52486.18
MCOU,VA,00310652401,BYETTA    ,2022,4,false,146.400,50,47637.46
MCOU,VA,00310651201,BYETTA    ,2022,3,false,83.600,65,55418.63
MCOU,VA,00310652401,BYETTA    ,2022,3,false,134.400,50,43451.22
MCOU,VA,00310651201,BYETTA    ,2022,2,false,87.200,71,68268.92
MCOU,VA,00310652401,BYETTA    ,2022,2,false,139.200,52,45011.84
MCOU,VA,00310651201,BYETTA    ,2022,1,false,116.400,94,75687.08
MCOU,VA,00310652401,BYETTA    ,2022,1,false,211.200,83,68531.86
FFSU,VT,00310651201,BYETTA 250,2022,4,true,,,
FFSU,VT,00310652401,BYETTA 250,2022,4,true,,,
FFSU,VT,00310652401,BYETTA 250,2022,3,true,,,
FFSU,VT,00310652401,BYETTA 250,2022,2,true,,,
FFSU,VT,00310651201,BYETTA 250,2022,1,true,,,
FFSU,VT,00310652401,BYETTA 250,2022,1,true,,,
MCOU,WA,00310651201,BYETTA 250,2022,4,false,188.400,144,109991.55
MCOU,WA,00310652401,BYETTA 250,2022,4,false,429.600,165,125383.84
MCOU,WA,00310651201,BYETTA 250,2022,3,false,187.200,149,109486.13
MCOU,WA,00310652401,BYETTA 250,2022,3,false,393.600,147,114562.53
MCOU,WA,00310651201,BYETTA 250,2022,2,false,193.200,156,113153.39
FFSU,WA,00310651201,BYETTA 250,2022,2,true,,,
FFSU,WA,00310652401,BYETTA 250,2022,2,true,,,
MCOU,WA,00310652401,BYETTA 250,2022,2,false,312.000,114,91133.35
MCOU,WA,00310651201,BYETTA 250,2022,1,false,289.200,231,169121.44
FFSU,WA,00310651201,BYETTA 250,2022,1,true,,,
MCOU,WA,00310652401,BYETTA 250,2022,1,false,448.800,170,131118.61
FFSU,WA,00310652401,BYETTA 250,2022,1,true,,,
FFSU,WI,00310651201,BYETTA 250,2022,4,false,57.600,41,39055.88
FFSU,WI,00310652401,BYETTA 250,2022,4,false,110.400,40,37544.03
FFSU,WI,00310651201,BYETTA 250,2022,3,false,45.600,36,31213.50
FFSU,WI,00310652401,BYETTA 250,2022,3,false,117.600,35,40297.17
FFSU,WI,00310651201,BYETTA 250,2022,2,false,51.600,33,35003.98
FFSU,WI,00310652401,BYETTA 250,2022,2,false,175.200,53,56374.36
FFSU,WI,00310651201,BYETTA 250,2022,1,false,49.200,28,31498.64
FFSU,WI,00310652401,BYETTA 250,2022,1,false,148.800,49,48346.65
FFSU,WV,00310652401,BYETTA 10 ,2022,4,true,,,
FFSU,WV,00310652401,BYETTA 10 ,2022,3,true,,,
FFSU,WV,00310651201,BYETTA 5 M,2022,2,true,,,
FFSU,WV,00310652401,BYETTA 10 ,2022,2,true,,,
FFSU,WV,00310651201,BYETTA 5 M,2022,1,true,,,
FFSU,WV,00310652401,BYETTA 10 ,2022,1,true,,,
FFSU,WY,00310651201,BYETTA 250,2022,4,false,16.800,14,10893.18
FFSU,WY,00310652401,BYETTA 250,2022,4,true,,,
FFSU,WY,00310651201,BYETTA 250,2022,3,false,15.600,13,10120.31
FFSU,WY,00310652401,BYETTA 250,2022,3,true,,,
FFSU,WY,00310651201,BYETTA 250,2022,2,false,14.400,12,9336.49
FFSU,WY,00310652401,BYETTA 250,2022,2,true,,,
FFSU,WY,00310651201,BYETTA 250,2022,1,true,,,
FFSU,WY,00310652401,BYETTA 250,2022,1,true,,,
FFSU,AK,00310654004,BYDUREON B,2022,4,false,105.400,27,23399.95
FFSU,AK,00310654004,BYDUREON B,2022,3,false,174.600,41,38739.09
FFSU,AK,00310654004,BYDUREON B,2022,2,false,180.200,46,40154.76
FFSU,AK,00310654004,BYDUREON B,2022,1,false,231.200,57,50060.45
FFSU,AL,00310654004,BYDUREON B,2022,4,false,251.600,74,57669.23
FFSU,AL,00310654004,BYDUREON B,2022,3,false,281.350,83,62988.65
FFSU,AL,00310654004,BYDUREON B,2022,2,false,340.850,102,76962.83
FFSU,AL,00310653004,BYDUREON P,2022,1,true,,,
FFSU,AL,00310654004,BYDUREON B,2022,1,false,333.200,98,74793.96
FFSU,AR,00310654004,BYDUREON B,2022,4,true,,,
MCOU,AR,00310654004,BYDUREON B,2022,4,false,95.200,28,21541.11
MCOU,AR,00310654004,BYDUREON B,2022,3,false,91.800,27,20825.17
MCOU,AR,00310654004,BYDUREON B,2022,2,false,71.400,21,16208.22
MCOU,AR,00310654004,BYDUREON B,2022,1,false,68.000,20,14812.97
MCOU,AZ,00310654004,BYDUREON B,2022,4,false,467.600,124,102270.25
FFSU,AZ,00310654004,BYDUREON B,2022,4,true,,,
MCOU,AZ,00310653004,BYDUREON P,2022,3,true,,,
FFSU,AZ,00310654004,BYDUREON B,2022,3,true,,,
MCOU,AZ,00310654004,BYDUREON B,2022,3,false,518.600,140,113596.98
MCOU,AZ,00310653004,BYDUREON P,2022,2,true,,,
FFSU,AZ,00310654004,BYDUREON B,2022,2,true,,,
MCOU,AZ,00310654004,BYDUREON B,2022,2,false,527.000,144,115471.19
MCOU,AZ,00310653004,BYDUREON P,2022,1,true,,,
FFSU,AZ,00310654004,BYDUREON B,2022,1,true,,,
MCOU,AZ,00310654004,BYDUREON B,2022,1,false,598.400,166,130842.83
FFSU,CA,00310653004,BYDUREON P,2022,4,true,,,
MCOU,CA,00310654004,BYDUREON B,2022,4,false,44.200,13,10346.71
FFSU,CA,00310654004,BYDUREON B,2022,4,false,7859.750,1905,1749755.54
FFSU,CA,00310653004,BYDUREON P,2022,3,true,,,
MCOU,CA,00310654004,BYDUREON B,2022,3,false,41.650,12,9751.07
FFSU,CA,00310654004,BYDUREON B,2022,3,false,11565.150,2814,2576220.61
FFSU,CA,00310653004,BYDUREON P,2022,2,false,56.000,14,10342.99
FFSU,CA,00310654004,BYDUREON B,2022,2,false,10320.100,2530,2299625.75
MCOU,CA,00310654004,BYDUREON B,2022,2,false,37.400,11,8850.57
FFSU,CA,00310653004,BYDUREON P,2022,1,false,60.000,13,11115.10
MCOU,CA,00310654004,BYDUREON B,2022,1,false,82.150,22,19144.71
FFSU,CA,00310654004,BYDUREON B,2022,1,false,8948.100,2213,1983242.28
FFSU,CO,00310653004,BYDUREON P,2022,4,true,,,
FFSU,CO,00310654004,BYDUREON B,2022,4,false,319.600,71,70752.33
MCOU,CO,00310654004,BYDUREON B,2022,4,true,,,
FFSU,CO,00310653004,BYDUREON P,2022,3,true,,,
FFSU,CO,00310654004,BYDUREON B,2022,3,false,442.000,96,98146.10
MCOU,CO,00310654004,BYDUREON B,2022,3,true,,,
FFSU,CO,00310653004,BYDUREON P,2022,2,true,,,
FFSU,CO,00310654004,BYDUREON B,2022,2,false,557.000,112,124262.08
FFSU,CO,00310653004,BYDUREON P,2022,1,true,,,
FFSU,CO,00310654004,BYDUREON B,2022,1,false,642.600,133,142018.55
FFSU,CT,00310653004,BYDUREON P,2022,4,true,,,
FFSU,CT,00310654004,BYDUREON B,2022,4,false,437.750,99,97478.86
FFSU,CT,00310654004,BYDUREON B,2022,3,false,527.000,124,117383.41
FFSU,CT,00310654004,BYDUREON B,2022,2,false,544.850,124,121336.40
FFSU,CT,00310653004,BYDUREON P,2022,1,true,,,
FFSU,CT,00310654004,BYDUREON B,2022,1,false,649.400,141,143597.65
MCOU,DC,00310654004,BYDUREON B,2022,4,false,180.200,42,32708.94
FFSU,DC,00310654004,BYDUREON B,2022,4,true,,,
MCOU,DC,00310654004,BYDUREON B,2022,3,false,193.600,43,35643.77
FFSU,DC,00310654004,BYDUREON B,2022,3,true,,,
FFSU,DC,00310654004,BYDUREON B,2022,2,false,38.000,11,8492.15
MCOU,DC,00310654004,BYDUREON B,2022,2,false,245.850,55,54233.96
FFSU,DC,00310653004,BYDUREON 2,2022,1,true,,,
MCOU,DC,00310653004,BYDUREON 2,2022,1,true,,,
MCOU,DC,00310654004,BYDUREON B,2022,1,false,182.000,41,40810.75
FFSU,DC,00310654004,BYDUREON B,2022,1,true,,,
MCOU,DE,00310654004,BYDUREON B,2022,4,false,241.400,71,53417.10
MCOU,DE,00310653004,BYDUREON P,2022,3,true,,,
MCOU,DE,00310654004,BYDUREON B,2022,3,false,248.200,73,54937.30
MCOU,DE,00310653004,BYDUREON P,2022,2,true,,,
MCOU,DE,00310654004,BYDUREON B,2022,2,false,333.200,92,73754.53
MCOU,DE,00310653004,BYDUREON P,2022,1,true,,,
MCOU,DE,00310654004,BYDUREON B,2022,1,false,316.200,93,69525.68
MCOU,FL,00310654001,BYDUREON B,2022,4,true,,,
MCOU,FL,00310654004,BYDUREON B,2022,4,false,987.700,286,217727.25
FFSU,FL,00310654004,BYDUREON B,2022,4,false,51.000,15,11386.35
MCOU,FL,00310653004,BYDUREON P,2022,3,true,,,
FFSU,FL,00310654004,BYDUREON B,2022,3,false,57.800,17,12904.53
MCOU,FL,00310654004,BYDUREON B,2022,3,false,1137.400,326,249933.91
MCOU,FL,00310653004,BYDUREON P,2022,2,true,,,
MCOU,FL,00310654001,BYDUREON B,2022,2,true,,,
MCOU,FL,00310654004,BYDUREON B,2022,2,false,1369.450,395,300861.55
FFSU,FL,00310654004,BYDUREON B,2022,2,false,85.850,26,19077.25
MCOU,FL,00310653004,BYDUREON P,2022,1,true,,,
MCOU,FL,00310654004,BYDUREON B,2022,1,false,1566.400,451,343937.35
FFSU,FL,00310654004,BYDUREON B,2022,1,false,91.800,27,18922.39
MCOU,GA,00310654001,BYDUREON B,2022,4,true,,,
MCOU,GA,00310654004,BYDUREON B,2022,4,false,1160.250,342,257391.41
FFSU,GA,00310654004,BYDUREON B,2022,4,false,68.000,20,15189.60
FFSU,GA,00310654004,BYDUREON B,2022,3,false,119.000,35,26509.06
MCOU,GA,00310654004,BYDUREON B,2022,3,false,1247.800,367,274282.90
FFSU,GA,00310654004,BYDUREON B,2022,2,false,112.200,33,25062.84
MCOU,GA,00310654004,BYDUREON B,2022,2,false,687.650,203,151784.78
FFSU,GA,00310653004,BYDUREON P,2022,1,true,,,
MCOU,GA,00310653004,BYDUREON P,2022,1,true,,,
MCOU,GA,00310654004,BYDUREON B,2022,1,false,918.000,270,201354.98
FFSU,GA,00310654004,BYDUREON B,2022,1,false,114.750,36,25505.49
MCOU,HI,00310654004,BYDUREON B,2022,4,false,455.600,134,103175.68
MCOU,HI,00310654004,BYDUREON B,2022,3,false,605.200,164,115859.57
MCOU,HI,00310654004,BYDUREON B,2022,2,false,737.800,163,105802.89
MCOU,HI,00310654004,BYDUREON B,2022,1,false,452.200,129,100839.46
MCOU,IA,00310654001,BYDUREON B,2022,4,true,,,
MCOU,IA,00310654004,BYDUREON B,2022,4,false,727.600,184,160758.38
MCOU,IA,00310654004,BYDUREON B,2022,3,false,686.800,179,151836.32
MCOU,IA,00310654004,BYDUREON B,2022,2,false,963.050,242,212663.18
MCOU,IA,00310654004,BYDUREON B,2022,1,false,1074.600,264,235770.87
FFSU,IA,00310654004,BYDUREON B,2022,1,true,,,
FFSU,ID,00310654004,BYDUREON B,2022,4,false,419.050,122,93384.65
FFSU,ID,00310654004,BYDUREON B,2022,3,false,601.800,175,133885.81
FFSU,ID,00310654004,BYDUREON B,2022,2,false,663.000,193,147524.39
FFSU,ID,00310654004,BYDUREON B,2022,1,false,659.600,192,146355.89
FFSU,IL,00310654004,BYDUREON B,2022,4,false,47.600,13,11586.48
MCOU,IL,00310654004,BYDUREON B,2022,4,false,1100.000,239,278967.86
MCOU,IL,00310654001,BYDUREON B,2022,3,true,,,
FFSU,IL,00310654004,BYDUREON B,2022,3,false,57.800,17,14457.20
MCOU,IL,00310654004,BYDUREON B,2022,3,false,1340.800,284,374032.69
MCOU,IL,00310653004,BYDUREON P,2022,2,true,,,
MCOU,IL,00310654004,BYDUREON B,2022,2,false,1370.200,295,408449.63
FFSU,IL,00310654004,BYDUREON B,2022,2,true,,,
MCOU,IL,00310653004,BYDUREON P,2022,1,true,,,
FFSU,IL,00310654004,BYDUREON B,2022,1,true,,,
MCOU,IL,00310654004,BYDUREON B,2022,1,false,1558.050,353,584065.93
MCOU,IN,00310653004,BYDUREON P,2022,4,true,,,
MCOU,IN,00310654001,BYDUREON B,2022,4,true,,,
FFSU,IN,00310654004,BYDUREON B,2022,4,false,40.800,12,9111.96
MCOU,IN,00310654004,BYDUREON B,2022,4,false,7960.600,2321,1704377.25
MCOU,IN,00310653004,BYDUREON P,2022,3,true,,,
FFSU,IN,00310653004,BYDUREON P,2022,3,true,,,
FFSU,IN,00310654004,BYDUREON B,2022,3,false,47.600,14,10630.62
MCOU,IN,00310654004,BYDUREON B,2022,3,false,6916.450,2018,1480989.46
MCOU,IN,00310653004,BYDUREON P,2022,2,true,,,
MCOU,IN,00310654004,BYDUREON B,2022,2,false,6358.850,1847,1363031.37
FFSU,IN,00310654004,BYDUREON B,2022,2,true,,,
MCOU,IN,00310653004,BYDUREON P,2022,1,true,,,
FFSU,IN,00310654004,BYDUREON B,2022,1,false,40.800,12,9046.53
MCOU,IN,00310654004,BYDUREON B,2022,1,false,5295.500,1534,1143321.21
MCOU,KS,00310654004,BYDUREON B,2022,4,false,88.400,27,19743.10
MCOU,KS,00310654004,BYDUREON B,2022,3,false,102.000,30,22780.50
MCOU,KS,00310653004,BYDUREON P,2022,2,true,,,
MCOU,KS,00310654004,BYDUREON B,2022,2,false,112.200,33,25058.55
MCOU,KS,00310654004,BYDUREON B,2022,1,false,102.000,30,6074.80
FFSU,KY,00310654004,BYDUREON B,2022,4,false,81.600,24,18217.12
MCOU,KY,00310654004,BYDUREON B,2022,4,false,2383.750,611,536805.78
MCOU,KY,00310654001,BYDUREON B,2022,3,true,,,
MCOU,KY,00310654004,BYDUREON B,2022,3,false,2573.400,680,579494.62
FFSU,KY,00310654004,BYDUREON B,2022,3,false,102.850,34,22971.90
MCOU,KY,00310654001,BYDUREON B,2022,2,true,,,
MCOU,KY,00310654004,BYDUREON B,2022,2,false,1672.800,445,372318.12
FFSU,KY,00310654004,BYDUREON B,2022,2,false,102.000,30,22763.42
MCOU,KY,00310653004,BYDUREON P,2022,1,true,,,
MCOU,KY,00310654001,BYDUREON B,2022,1,true,,,
FFSU,KY,00310654004,BYDUREON B,2022,1,false,108.800,32,24119.09
MCOU,KY,00310654004,BYDUREON B,2022,1,false,3440.800,902,766255.46
FFSU,LA,00310654004,BYDUREON B,2022,4,true,,,
MCOU,LA,00310654004,BYDUREON B,2022,4,false,1186.600,332,267708.12
MCOU,LA,00310653004,BYDUREON P,2022,3,true,,,
MCOU,LA,00310654001,BYDUREON B,2022,3,true,,,
FFSU,LA,00310654004,BYDUREON B,2022,3,false,37.400,11,8359.34
MCOU,LA,00310654004,BYDUREON B,2022,3,false,1448.400,401,325552.17
FFSU,LA,00310653004,BYDUREON P,2022,2,true,,,
MCOU,LA,00310653004,BYDUREON P,2022,2,true,,,
MCOU,LA,00310654004,BYDUREON B,2022,2,false,1783.300,494,400051.77
FFSU,LA,00310654004,BYDUREON B,2022,2,true,,,
FFSU,LA,00310653004,BYDUREON P,2022,1,true,,,
MCOU,LA,00310653004,BYDUREON P,2022,1,true,,,
MCOU,LA,00310654001,BYDUREON B,2022,1,true,,,
MCOU,LA,00310654004,BYDUREON B,2022,1,false,2111.400,585,470961.64
FFSU,LA,00310654004,BYDUREON B,2022,1,false,37.400,11,8315.72
MCOU,MA,00310653004,BYDUREON 2,2022,4,true,,,
FFSU,MA,00310653004,BYDUREON 2,2022,4,true,,,
MCOU,MA,00310654004,BYDUREON B,2022,4,false,132.600,35,29753.57
FFSU,MA,00310654004,BYDUREON B,2022,4,false,129.200,38,28399.57
MCOU,MA,00310653004,BYDUREON 2,2022,3,true,,,
MCOU,MA,00310654004,BYDUREON B,2022,3,false,125.800,31,28595.79
FFSU,MA,00310654004,BYDUREON B,2022,3,false,170.000,42,37464.33
FFSU,MA,00310653004,BYDUREON 2,2022,2,true,,,
FFSU,MA,00310654004,BYDUREON B,2022,2,false,173.400,46,38251.44
MCOU,MA,00310654004,BYDUREON B,2022,2,false,132.600,30,29538.17
MCOU,MA,00310653004,BYDUREON 2,2022,1,true,,,
FFSU,MA,00310654004,BYDUREON B,2022,1,false,159.800,39,35192.78
MCOU,MA,00310654004,BYDUREON B,2022,1,false,122.400,26,25440.67
FFSU,MD,00310653004,BYDUREON 2,2022,4,true,,,
FFSU,MD,00310654004,BYDUREON B,2022,4,true,,,
MCOU,MD,00310654004,BYDUREON B,2022,4,false,269.800,77,62265.89
FFSU,MD,00310653004,BYDUREON 2,2022,3,true,,,
FFSU,MD,00310654004,BYDUREON B,2022,3,true,,,
MCOU,MD,00310654004,BYDUREON B,2022,3,false,248.200,73,57693.33
FFSU,MD,00310653004,BYDUREON 2,2022,2,true,,,
FFSU,MD,00310654004,BYDUREON B,2022,2,false,44.200,13,9861.76
MCOU,MD,00310654004,BYDUREON B,2022,2,false,258.400,76,60639.07
FFSU,MD,00310653004,BYDUREON 2,2022,1,true,,,
MCOU,MD,00310653004,BYDUREON 2,2022,1,true,,,
FFSU,MD,00310654004,BYDUREON B,2022,1,true,,,
MCOU,MD,00310654004,BYDUREON B,2022,1,false,170.000,50,39070.40
FFSU,ME,00310654004,BYDUREON B,2022,4,false,268.600,79,59887.30
FFSU,ME,00310654004,BYDUREON B,2022,3,false,306.000,90,68361.02
FFSU,ME,00310653004,BYDUREON P,2022,2,true,,,
FFSU,ME,00310654001,BYDUREON B,2022,2,true,,,
FFSU,ME,00310654004,BYDUREON B,2022,2,false,323.850,94,71675.33
FFSU,ME,00310654004,BYDUREON B,2022,1,false,368.900,109,81056.22
MCOU,MI,00310653004,BYDUREON P,2022,4,true,,,
FFSU,MI,00310654004,BYDUREON B,2022,4,false,61.200,16,13283.69
MCOU,MI,00310654004,BYDUREON B,2022,4,false,512.400,131,113130.36
FFSU,MI,00310652004,BYDUREON  ,2022,3,true,,,
MCOU,MI,00310653004,BYDUREON P,2022,3,true,,,
FFSU,MI,00310654004,BYDUREON B,2022,3,false,64.600,17,14012.24
MCOU,MI,00310654004,BYDUREON B,2022,3,false,584.800,146,129267.22
FFSU,MI,00310653004,BYDUREON P,2022,2,true,,,
MCOU,MI,00310653004,BYDUREON P,2022,2,true,,,
FFSU,MI,00310654004,BYDUREON B,2022,2,false,110.500,27,24045.24
MCOU,MI,00310654004,BYDUREON B,2022,2,false,673.200,171,148208.73
MCOU,MI,00310653004,BYDUREON P,2022,1,true,,,
MCOU,MI,00310654004,BYDUREON B,2022,1,false,948.600,256,207536.79
FFSU,MI,00310654004,BYDUREON B,2022,1,false,132.600,34,28764.54
MCOU,MN,00310653004,BYDUREON P,2022,4,true,,,
MCOU,MN,00310654001,BYDUREON B,2022,4,true,,,
MCOU,MN,00310654004,BYDUREON B,2022,4,false,12721.100,3690,2903346.84
FFSU,MN,00310654004,BYDUREON B,2022,4,false,829.600,244,188636.40
MCOU,MN,00310653004,BYDUREON P,2022,3,true,,,
FFSU,MN,00310653004,BYDUREON P,2022,3,true,,,
MCOU,MN,00310654001,BYDUREON B,2022,3,true,,,
FFSU,MN,00310654004,BYDUREON B,2022,3,false,979.200,288,222652.80
MCOU,MN,00310654004,BYDUREON B,2022,3,false,11900.600,3479,2720055.27
MCOU,MN,00310654001,BYDUREON B,2022,2,true,,,
FFSU,MN,00310654004,BYDUREON B,2022,2,false,659.600,194,149504.33
MCOU,MN,00310654004,BYDUREON B,2022,2,false,10469.450,3069,2395856.28
MCOU,MN,00310653004,BYDUREON P,2022,1,true,,,
FFSU,MN,00310653004,BYDUREON P,2022,1,true,,,
MCOU,MN,00310654001,BYDUREON B,2022,1,true,,,
FFSU,MN,00310654004,BYDUREON B,2022,1,false,567.800,167,128301.54
MCOU,MN,00310654004,BYDUREON B,2022,1,false,8176.150,2379,1869199.54
FFSU,MO,00310653004,BYDUREON P,2022,4,true,,,
FFSU,MO,00310654004,BYDUREON B,2022,4,false,498.950,150,110357.69
FFSU,MO,00310653004,BYDUREON P,2022,3,true,,,
FFSU,MO,00310654004,BYDUREON B,2022,3,false,576.300,177,125530.07
FFSU,MO,00310653004,BYDUREON P,2022,2,true,,,
FFSU,MO,00310654004,BYDUREON B,2022,2,false,793.900,242,174871.39
FFSU,MO,00310653004,BYDUREON P,2022,1,true,,,
FFSU,MO,00310654004,BYDUREON B,2022,1,false,1112.650,326,243179.93
MCOU,MS,00310654004,BYDUREON B,2022,4,false,142.800,42,31952.88
FFSU,MS,00310654004,BYDUREON B,2022,4,true,,,
FFSU,MS,00310654004,BYDUREON B,2022,3,true,,,
MCOU,MS,00310654004,BYDUREON B,2022,3,false,204.000,60,45644.40
FFSU,MS,00310654004,BYDUREON B,2022,2,true,,,
MCOU,MS,00310654004,BYDUREON B,2022,2,false,217.600,64,48447.71
MCOU,MS,00310653004,BYDUREON 2,2022,1,true,,,
FFSU,MS,00310653004,BYDUREON 2,2022,1,true,,,
MCOU,MS,00310654004,BYDUREON B,2022,1,false,275.400,81,61236.59
FFSU,MS,00310654004,BYDUREON B,2022,1,true,,,
FFSU,MT,00310654004,BYDUREON B,2022,4,false,85.600,24,18380.00
FFSU,MT,00310654004,BYDUREON B,2022,3,false,88.400,24,19856.03
FFSU,MT,00310654004,BYDUREON B,2022,2,false,98.600,23,22083.59
FFSU,MT,00310654004,BYDUREON B,2022,1,false,173.400,47,38357.59
MCOU,XX,00310653001,Bydureon P,2022,4,true,,,
FFSU,XX,00310653004,Bydureon P,2022,4,false,112.000,28,20615.99
MCOU,XX,00310653004,Bydureon P,2022,4,false,116.000,29,21020.05
FFSU,XX,00310654001,BYDUREON B,2022,4,true,,,
MCOU,XX,00310654001,BYDUREON B,2022,4,false,122.250,38,28525.16
FFSU,XX,00310654004,BYDUREON B,2022,4,false,17580.100,4671,3912959.38
MCOU,XX,00310654004,BYDUREON B,2022,4,false,75257.900,21333,16988011.87
FFSU,XX,00310652004,Bydureon 2,2022,3,true,,,
MCOU,XX,00310653001,Bydureon P,2022,3,true,,,
FFSU,XX,00310653004,Bydureon P,2022,3,false,148.000,35,27181.14
MCOU,XX,00310653004,Bydureon P,2022,3,false,214.200,50,38834.63
FFSU,XX,00310654001,BYDUREON B,2022,3,true,,,
MCOU,XX,00310654001,BYDUREON B,2022,3,false,99.800,30,22483.61
FFSU,XX,00310654004,BYDUREON B,2022,3,false,23401.750,6182,5208214.10
MCOU,XX,00310654004,BYDUREON B,2022,3,false,76033.050,21537,17179131.41
MCOU,XX,00310653001,Bydureon P,2022,2,true,,,
FFSU,XX,00310653004,Bydureon P,2022,2,false,2068.000,516,347614.89
MCOU,XX,00310653004,Bydureon P,2022,2,false,196.000,49,35594.10
FFSU,XX,00310654001,BYDUREON B,2022,2,true,,,
MCOU,XX,00310654001,BYDUREON B,2022,2,false,68.850,23,15397.26
FFSU,XX,00310654004,BYDUREON B,2022,2,false,23282.600,6181,5181300.23
MCOU,XX,00310654004,BYDUREON B,2022,2,false,74485.250,21027,16824870.64
MCOU,XX,00310653001,Bydureon P,2022,1,true,,,
FFSU,XX,00310653004,Bydureon P,2022,1,false,308.000,75,56658.79
MCOU,XX,00310653004,Bydureon P,2022,1,false,520.000,127,94459.87
FFSU,XX,00310654001,BYDUREON B,2022,1,true,,,
MCOU,XX,00310654001,BYDUREON B,2022,1,false,99.450,30,22672.00
FFSU,XX,00310654004,BYDUREON B,2022,1,false,23268.900,6235,5133823.46
MCOU,XX,00310654004,BYDUREON B,2022,1,false,72937.400,20666,16641727.16
FFSU,NC,00310653004,BYDUREON P,2022,4,true,,,
MCOU,NC,00310653004,BYDUREON P,2022,4,true,,,
MCOU,NC,00310654001,BYDUREON B,2022,4,true,,,
FFSU,NC,00310654004,BYDUREON B,2022,4,false,303.450,79,66875.54
MCOU,NC,00310654004,BYDUREON B,2022,4,false,1738.100,410,385533.37
FFSU,NC,00310653004,BYDUREON P,2022,3,true,,,
MCOU,NC,00310654001,BYDUREON B,2022,3,true,,,
MCOU,NC,00310654004,BYDUREON B,2022,3,false,2010.350,462,444923.48
FFSU,NC,00310654004,BYDUREON B,2022,3,false,509.150,131,111251.77
MCOU,NC,00310653004,BYDUREON P,2022,2,true,,,
FFSU,NC,00310653004,BYDUREON P,2022,2,true,,,
MCOU,NC,00310654004,BYDUREON B,2022,2,false,2436.100,568,540542.04
FFSU,NC,00310654004,BYDUREON B,2022,2,false,644.300,157,141100.37
MCOU,NC,00310653004,BYDUREON P,2022,1,true,,,
FFSU,NC,00310653004,BYDUREON P,2022,1,true,,,
MCOU,NC,00310654004,BYDUREON B,2022,1,false,2823.700,680,624370.00
FFSU,NC,00310654004,BYDUREON B,2022,1,false,1239.300,317,271199.91
FFSU,ND,00310654004,BYDUREON B,2022,4,true,,,
MCOU,NE,00310653004,BYDUREON P,2022,4,true,,,
MCOU,NE,00310654004,BYDUREON B,2022,4,false,317.000,107,77397.95
MCOU,NE,00310654004,BYDUREON B,2022,3,false,405.000,137,101397.71
MCOU,NE,00310653004,BYDUREON P,2022,2,true,,,
MCOU,NE,00310654004,BYDUREON B,2022,2,false,527.000,176,131691.37
MCOU,NE,00310654004,BYDUREON B,2022,1,false,624.000,206,156241.52
MCOU,NH,00310654004,BYDUREON B,2022,4,false,384.200,106,81433.95
MCOU,NH,00310654004,BYDUREON B,2022,3,false,435.200,124,92917.88
MCOU,NH,00310654004,BYDUREON B,2022,2,false,506.600,141,107068.66
MCOU,NH,00310654004,BYDUREON B,2022,1,false,564.400,150,116146.07
MCOU,NJ,00310653004,BYDUREON P,2022,4,true,,,
MCOU,NJ,00310654001,BYDUREON B,2022,4,false,51.000,17,13479.53
MCOU,NJ,00310654004,BYDUREON B,2022,4,false,22792.500,6796,5345018.06
FFSU,NJ,00310654004,BYDUREON B,2022,4,true,,,
MCOU,NJ,00310653004,BYDUREON P,2022,3,true,,,
MCOU,NJ,00310654001,BYDUREON B,2022,3,false,37.400,12,8918.48
MCOU,NJ,00310654004,BYDUREON B,2022,3,false,22547.850,6706,5280137.22
FFSU,NJ,00310654004,BYDUREON B,2022,3,true,,,
MCOU,NJ,00310653004,BYDUREON P,2022,2,true,,,
MCOU,NJ,00310654001,BYDUREON B,2022,2,true,,,
FFSU,NJ,00310654004,BYDUREON B,2022,2,true,,,
MCOU,NJ,00310654004,BYDUREON B,2022,2,false,20978.000,6217,4896601.97
MCOU,NJ,00310653004,BYDUREON P,2022,1,true,,,
MCOU,NJ,00310654001,BYDUREON B,2022,1,false,47.600,14,11019.12
FFSU,NJ,00310654004,BYDUREON B,2022,1,true,,,
MCOU,NJ,00310654004,BYDUREON B,2022,1,false,18633.450,5533,4350949.30
MCOU,NM,00310654004,BYDUREON B,2022,4,true,,,
MCOU,NM,00310654004,BYDUREON B,2022,3,true,,,
MCOU,NM,00310654004,BYDUREON B,2022,2,true,,,
FFSU,NM,00310654004,BYDUREON B,2022,2,true,,,
MCOU,NM,00310654004,BYDUREON B,2022,1,false,105.400,27,28341.83
FFSU,NM,00310654004,BYDUREON B,2022,1,false,71.400,21,14421.41
MCOU,NV,00310654001,BYDUREON B,2022,4,true,,,
MCOU,NV,00310654004,BYDUREON B,2022,4,false,219.400,64,42332.17
FFSU,NV,00310654004,BYDUREON B,2022,4,false,122.400,14,27101.09
MCOU,NV,00310654001,BYDUREON B,2022,3,true,,,
MCOU,NV,00310654004,BYDUREON B,2022,3,false,234.600,69,45803.19
FFSU,NV,00310654004,BYDUREON B,2022,3,true,,,
FFSU,NV,00310653004,BYDUREON P,2022,2,true,,,
MCOU,NV,00310654004,BYDUREON B,2022,2,false,306.000,88,60461.09
FFSU,NV,00310654004,BYDUREON B,2022,2,false,229.500,41,51703.46
FFSU,NV,00310654004,BYDUREON B,2022,1,false,95.200,18,20911.00
MCOU,NV,00310654004,BYDUREON B,2022,1,false,153.000,62,48393.49
MCOU,NY,00310653004,BYDUREON P,2022,4,true,,,
MCOU,NY,00310654001,BYDUREON B,2022,4,true,,,
FFSU,NY,00310654004,BYDUREON B,2022,4,false,282.200,71,62538.02
MCOU,NY,00310654004,BYDUREON B,2022,4,false,9001.500,2393,1959713.68
MCOU,NY,00310653004,BYDUREON P,2022,3,true,,,
MCOU,NY,00310654001,BYDUREON B,2022,3,true,,,
FFSU,NY,00310654004,BYDUREON B,2022,3,false,355.300,90,78687.11
MCOU,NY,00310654004,BYDUREON B,2022,3,false,9421.400,2493,2048404.39
MCOU,NY,00310653004,BYDUREON P,2022,2,true,,,
MCOU,NY,00310654001,BYDUREON B,2022,2,true,,,
MCOU,NY,00310654004,BYDUREON B,2022,2,false,9175.500,2440,1994044.07
FFSU,NY,00310654004,BYDUREON B,2022,2,false,445.400,118,98973.19
MCOU,NY,00310653004,BYDUREON P,2022,1,false,56.000,14,9947.35
FFSU,NY,00310653004,BYDUREON P,2022,1,true,,,
MCOU,NY,00310654001,BYDUREON B,2022,1,true,,,
FFSU,NY,00310654004,BYDUREON B,2022,1,false,419.050,110,92883.60
MCOU,NY,00310654004,BYDUREON B,2022,1,false,8596.900,2310,1867973.98
FFSU,OH,00310653004,BYDUREON P,2022,4,true,,,
FFSU,OH,00310654001,BYDUREON B,2022,4,true,,,
MCOU,OH,00310654001,BYDUREON B,2022,4,true,,,
MCOU,OH,00310654004,BYDUREON B,2022,4,false,1180.650,314,254310.76
FFSU,OH,00310654004,BYDUREON B,2022,4,false,54.400,16,12099.18
FFSU,OH,00310653004,BYDUREON P,2022,3,true,,,
MCOU,OH,00310654001,BYDUREON B,2022,3,true,,,
FFSU,OH,00310654001,BYDUREON B,2022,3,true,,,
FFSU,OH,00310654004,BYDUREON B,2022,3,false,57.800,17,12838.52
MCOU,OH,00310654004,BYDUREON B,2022,3,false,899.300,263,198725.94
FFSU,OH,00310653004,BYDUREON P,2022,2,true,,,
FFSU,OH,00310654004,BYDUREON B,2022,2,false,71.400,19,15855.79
MCOU,OH,00310654004,BYDUREON B,2022,2,false,1149.200,336,253889.70
MCOU,OH,00310653004,BYDUREON P,2022,1,true,,,
MCOU,OH,00310654001,BYDUREON B,2022,1,true,,,
FFSU,OH,00310654004,BYDUREON B,2022,1,false,74.800,22,15830.96
MCOU,OH,00310654004,BYDUREON B,2022,1,false,1254.600,369,277686.83
FFSU,OK,00310654004,BYDUREON B,2022,4,false,37.400,11,8362.86
FFSU,OK,00310653004,BYDUREON P,2022,3,true,,,
FFSU,OK,00310654004,BYDUREON B,2022,3,false,74.800,22,16713.72
FFSU,OK,00310653004,BYDUREON P,2022,2,true,,,
FFSU,OK,00310654004,BYDUREON B,2022,2,false,71.400,21,15965.46
FFSU,OK,00310653004,BYDUREON P,2022,1,true,,,
FFSU,OK,00310654004,BYDUREON B,2022,1,true,,,
MCOU,OR,00310653001,BYDUREON P,2022,4,true,,,
MCOU,OR,00310654004,BYDUREON B,2022,4,false,1366.800,390,304201.44
FFSU,OR,00310654004,BYDUREON B,2022,4,false,61.200,18,11152.03
MCOU,OR,00310653001,BYDUREON P,2022,3,true,,,
FFSU,OR,00310654004,BYDUREON B,2022,3,false,74.800,22,16710.74
MCOU,OR,00310654004,BYDUREON B,2022,3,false,1349.800,392,300990.06
MCOU,OR,00310653001,BYDUREON P,2022,2,true,,,
MCOU,OR,00310654004,BYDUREON B,2022,2,false,1502.800,438,334866.97
FFSU,OR,00310654004,BYDUREON B,2022,2,false,68.000,20,14305.83
MCOU,OR,00310653001,BYDUREON P,2022,1,true,,,
MCOU,OR,00310653004,BYDUREON P,2022,1,true,,,
FFSU,OR,00310654004,BYDUREON B,2022,1,false,88.400,26,19533.11
MCOU,OR,00310654004,BYDUREON B,2022,1,false,1582.700,467,352499.61
MCOU,PA,00310653004,BYDUREON P,2022,4,true,,,
MCOU,PA,00310654004,BYDUREON B,2022,4,false,284.250,82,61428.28
FFSU,PA,00310654004,BYDUREON B,2022,4,true,,,
MCOU,PA,00310653004,BYDUREON P,2022,3,true,,,
MCOU,PA,00310654001,BYDUREON B,2022,3,true,,,
MCOU,PA,00310654004,BYDUREON B,2022,3,false,311.200,90,69919.94
FFSU,PA,00310654004,BYDUREON B,2022,3,true,,,
MCOU,PA,00310654001,BYDUREON B,2022,2,true,,,
FFSU,PA,00310654004,BYDUREON B,2022,2,true,,,
MCOU,PA,00310654004,BYDUREON B,2022,2,false,305.250,88,67685.95
MCOU,PA,00310653004,BYDUREON P,2022,1,true,,,
MCOU,PA,00310654001,BYDUREON B,2022,1,true,,,
FFSU,PA,00310654004,BYDUREON B,2022,1,true,,,
MCOU,PA,00310654004,BYDUREON B,2022,1,false,301.000,84,67538.14
MCOU,RI,00310654004,BYDUREON B,2022,4,true,,,
MCOU,RI,00310654004,BYDUREON B,2022,3,true,,,
MCOU,RI,00310654004,BYDUREON B,2022,2,false,74.800,22,16648.01
MCOU,RI,00310654004,BYDUREON B,2022,1,false,61.200,18,13622.14
MCOU,SC,00310654004,BYDUREON B,2022,4,false,965.600,280,208929.54
FFSU,SC,00310654004,BYDUREON B,2022,4,false,210.800,62,46984.06
MCOU,SC,00310653004,BYDUREON P,2022,3,true,,,
MCOU,SC,00310654004,BYDUREON B,2022,3,false,907.800,265,196312.91
FFSU,SC,00310654004,BYDUREON B,2022,3,false,241.400,71,53939.85
MCOU,SC,00310653004,BYDUREON P,2022,2,true,,,
MCOU,SC,00310654004,BYDUREON B,2022,2,false,979.200,286,210636.32
FFSU,SC,00310654004,BYDUREON B,2022,2,false,249.900,75,55763.89
MCOU,SC,00310653004,BYDUREON P,2022,1,true,,,
MCOU,SC,00310654001,BYDUREON B,2022,1,true,,,
MCOU,SC,00310654004,BYDUREON B,2022,1,false,901.000,263,192408.02
FFSU,SC,00310654004,BYDUREON B,2022,1,false,235.450,73,51871.87
FFSU,SD,00310654004,BYDUREON B,2022,4,false,108.800,32,24300.80
FFSU,SD,00310654004,BYDUREON B,2022,3,false,149.600,44,32936.00
FFSU,SD,00310654004,BYDUREON B,2022,2,false,153.000,45,33096.80
FFSU,SD,00310654004,BYDUREON B,2022,1,false,190.400,56,41721.65
FFSU,TN,00310654001,BYDUREON B,2022,4,true,,,
FFSU,TN,00310654004,BYDUREON B,2022,4,false,4541.550,1355,1011505.91
FFSU,TN,00310653004,BYDUREON P,2022,3,true,,,
FFSU,TN,00310654001,BYDUREON B,2022,3,true,,,
FFSU,TN,00310654004,BYDUREON B,2022,3,false,5338.850,1588,1187504.93
FFSU,TN,00310653004,BYDUREON P,2022,2,true,,,
FFSU,TN,00310654001,BYDUREON B,2022,2,true,,,
FFSU,TN,00310654004,BYDUREON B,2022,2,false,5751.100,1716,1278511.36
FFSU,TN,00310653004,BYDUREON P,2022,1,true,,,
FFSU,TN,00310654001,BYDUREON B,2022,1,true,,,
FFSU,TN,00310654004,BYDUREON B,2022,1,false,5975.500,1771,1318452.99
MCOU,TX,00310654004,BYDUREON B,2022,4,false,3690.200,974,813225.09
MCOU,TX,00310654004,BYDUREON B,2022,3,false,4360.000,1162,962903.88
MCOU,TX,00310654004,BYDUREON B,2022,2,false,5313.200,1462,1176726.75
MCOU,TX,00310653004,BYDUREON 2,2022,1,false,56.000,14,10205.51
MCOU,TX,00310654004,BYDUREON B,2022,1,false,6041.400,1758,1339752.81
FFSU,TX,00310654004,BYDUREON B,2022,1,true,,,
MCOU,UT,00310654004,BYDUREON B,2022,4,false,251.600,74,61987.46
FFSU,UT,00310654004,BYDUREON B,2022,4,true,,,
FFSU,UT,00310653004,BYDUREON P,2022,3,true,,,
MCOU,UT,00310654004,BYDUREON B,2022,3,false,301.750,91,68948.41
MCOU,UT,00310654004,BYDUREON B,2022,2,false,295.800,90,104056.76
MCOU,UT,00310653004,BYDUREON P,2022,1,true,,,
MCOU,UT,00310654004,BYDUREON B,2022,1,false,326.400,96,108291.40
MCOU,VA,00310653004,BYDUREON P,2022,4,true,,,
MCOU,VA,00310654004,BYDUREON B,2022,4,false,833.000,239,186197.83
MCOU,VA,00310653004,BYDUREON P,2022,3,true,,,
MCOU,VA,00310654004,BYDUREON B,2022,3,false,973.250,286,217185.68
FFSU,VA,00310654004,BYDUREON B,2022,3,true,,,
MCOU,VA,00310653004,BYDUREON P,2022,2,true,,,
MCOU,VA,00310654001,BYDUREON B,2022,2,true,,,
MCOU,VA,00310654004,BYDUREON B,2022,2,false,1146.400,334,255292.04
MCOU,VA,00310653004,BYDUREON P,2022,1,false,84.000,19,15252.02
MCOU,VA,00310654001,BYDUREON B,2022,1,true,,,
MCOU,VA,00310654004,BYDUREON B,2022,1,false,1459.800,423,325054.13
FFSU,VT,00310654004,BYDUREON B,2022,4,false,78.200,23,16680.56
FFSU,VT,00310654004,BYDUREON B,2022,3,false,74.800,22,16656.56
FFSU,VT,00310654004,BYDUREON B,2022,2,false,105.400,29,23456.13
FFSU,VT,00310654004,BYDUREON B,2022,1,false,112.200,33,24793.05
MCOU,WA,00310654004,BYDUREON B,2022,4,false,1303.900,360,283286.68
FFSU,WA,00310654004,BYDUREON B,2022,4,true,,,
FFSU,WA,00310654004,BYDUREON B,2022,3,true,,,
MCOU,WA,00310654004,BYDUREON B,2022,3,false,1588.650,445,343503.65
FFSU,WA,00310654004,BYDUREON B,2022,2,false,37.400,11,5371.63
MCOU,WA,00310654004,BYDUREON B,2022,2,false,1723.800,482,373161.38
MCOU,WA,00310653004,BYDUREON P,2022,1,false,44.000,11,7940.36
MCOU,WA,00310654004,BYDUREON B,2022,1,false,2050.200,568,442255.26
FFSU,WA,00310654004,BYDUREON B,2022,1,false,81.600,24,13662.00
FFSU,WI,00310653004,BYDUREON P,2022,4,true,,,
FFSU,WI,00310654004,BYDUREON B,2022,4,true,,,
FFSU,WI,00310653004,BYDUREON P,2022,3,true,,,
FFSU,WI,00310654004,BYDUREON B,2022,3,true,,,
FFSU,WI,00310653004,BYDUREON P,2022,2,false,1892.000,473,316041.45
FFSU,WI,00310654004,BYDUREON B,2022,2,true,,,
FFSU,WI,00310653004,BYDUREON P,2022,1,true,,,
FFSU,WI,00310654004,BYDUREON B,2022,1,true,,,
FFSU,WV,00310654004,BYDUREON B,2022,4,true,,,
FFSU,WV,00310654004,BYDUREON B,2022,3,false,40.800,12,9030.82
FFSU,WV,00310654004,BYDUREON B,2022,2,false,57.800,17,12630.37
FFSU,WV,00310653004,BYDUREON 2,2022,1,true,,,
FFSU,WV,00310654004,BYDUREON B,2022,1,false,54.400,16,11970.78
FFSU,WY,00310654004,BYDUREON B,2022,4,true,,,
FFSU,WY,00310654004,BYDUREON B,2022,3,true,,,
FFSU,WY,00310654004,BYDUREON B,2022,2,true,,,
FFSU,WY,00310654004,BYDUREON B,2022,1,true,,,
MCOU,CA,00024574702,ADLYXIN 20,2022,4,true,,,
FFSU,CA,00024574702,ADLYXIN 20,2022,4,false,192.000,29,22057.96
FFSU,CA,00024574502,ADLYXIN 10,2022,3,true,,,
MCOU,CA,00024574702,ADLYXIN 20,2022,3,true,,,
FFSU,CA,00024574702,ADLYXIN 20,2022,3,false,384.000,58,44087.56
FFSU,CA,00024574502,ADLYXIN 10,2022,2,true,,,
FFSU,CA,00024574702,ADLYXIN 20,2022,2,false,606.000,97,69648.13
MCOU,CA,00024574702,ADLYXIN 20,2022,2,true,,,
FFSU,CA,00024574502,ADLYXIN 10,2022,1,true,,,
MCOU,CA,00024574702,ADLYXIN 20,2022,1,true,,,
FFSU,CA,00024574702,ADLYXIN 20,2022,1,false,1113.000,178,127886.16
MCOU,CO,00024574702,ADLYXIN   ,2022,4,true,,,
MCOU,CO,00024574702,ADLYXIN   ,2022,3,true,,,
MCOU,IN,00024574702,ADLYXIN 20,2022,4,true,,,
MCOU,IN,00024574502,ADLYXIN 10,2022,3,true,,,
MCOU,MD,00024574702,ADLYXIN 20,2022,3,true,,,
MCOU,MD,00024574702,ADLYXIN 20,2022,1,true,,,
MCOU,MI,00024574502,ADLYXIN   ,2022,4,true,,,
MCOU,XX,00024574502,ADLYXIN 10,2022,4,true,,,
FFSU,XX,00024574702,ADLYXIN 20,2022,4,false,222.000,34,25426.89
MCOU,XX,00024574702,ADLYXIN 20,2022,4,false,115.000,20,12830.77
FFSU,XX,00024574502,ADLYXIN 10,2022,3,true,,,
MCOU,XX,00024574502,ADLYXIN 10,2022,3,true,,,
FFSU,XX,00024574702,ADLYXIN 20,2022,3,false,408.000,62,46839.20
MCOU,XX,00024574702,ADLYXIN 20,2022,3,false,207.000,31,22413.06
FFSU,XX,00024574502,ADLYXIN 10,2022,2,true,,,
MCOU,XX,00024574502,ADLYXIN 10,2022,2,true,,,
FFSU,XX,00024574702,ADLYXIN 20,2022,2,false,606.000,97,69648.13
MCOU,XX,00024574702,ADLYXIN 20,2022,2,false,210.000,33,22902.24
FFSU,XX,00024574502,ADLYXIN 10,2022,1,true,,,
MCOU,XX,00024574502,ADLYXIN 10,2022,1,true,,,
FFSU,XX,00024574702,ADLYXIN 20,2022,1,false,1125.000,180,129264.24
MCOU,XX,00024574702,ADLYXIN 20,2022,1,false,330.000,46,30583.09
MCOU,NJ,00024574502,ADLYXIN 10,2022,4,true,,,
MCOU,NJ,00024574702,ADLYXIN 20,2022,3,true,,,
MCOU,NJ,00024574702,ADLYXIN 20,2022,2,true,,,
MCOU,NJ,00024574702,ADLYXIN 20,2022,1,true,,,
MCOU,NV,00024574502,ADLYXIN   ,2022,4,true,,,
MCOU,NV,00024574702,ADLYXIN   ,2022,4,true,,,
MCOU,NV,00024574702,ADLYXIN   ,2022,3,true,,,
MCOU,NV,00024574502,ADLYXIN   ,2022,2,true,,,
MCOU,NV,00024574702,ADLYXIN   ,2022,2,true,,,
MCOU,NV,00024574702,ADLYXIN 20,2022,1,true,,,
MCOU,NY,00024574502,ADLYXIN   ,2022,4,true,,,
MCOU,NY,00024574702,ADLYXIN   ,2022,4,true,,,
MCOU,NY,00024574702,ADLYXIN   ,2022,3,true,,,
MCOU,NY,00024574502,ADLYXIN   ,2022,2,true,,,
MCOU,NY,00024574702,ADLYXIN   ,2022,2,true,,,
MCOU,NY,00024574502,ADLYXIN   ,2022,1,true,,,
MCOU,NY,00024574702,ADLYXIN   ,2022,1,false,72.000,12,7494.62
MCOU,OH,00024574702,ADLYXIN 20,2022,3,true,,,
MCOU,OH,00024574702,ADLYXIN 20,2022,2,true,,,
MCOU,OH,00024574702,ADLYXIN 20,2022,1,true,,,
MCOU,OR,00024574502,ADLYXIN 10,2022,4,true,,,
MCOU,OR,00024574702,ADLYXIN 20,2022,4,true,,,
FFSU,OR,00024574702,ADLYXIN 20,2022,4,true,,,
FFSU,OR,00024574702,ADLYXIN 20,2022,3,true,,,
MCOU,OR,00024574702,ADLYXIN 20,2022,3,true,,,
MCOU,OR,00024574502,ADLYXIN 10,2022,2,true,,,
MCOU,OR,00024574702,ADLYXIN 20,2022,2,true,,,
MCOU,OR,00024574702,ADLYXIN 20,2022,1,false,96.000,16,10565.88
FFSU,RI,00024574702,ADLYXIN 20,2022,3,true,,,
MCOU,RI,00024574702,ADLYXIN 20,2022,3,true,,,
MCOU,RI,00024574702,ADLYXIN 20,2022,2,true,,,
MCOU,RI,00024574702,ADLYXIN 20,2022,1,true,,,
FFSU,TN,00024574702,ADLYXIN 20,2022,4,true,,,
FFSU,TN,00024574502,ADLYXIN 10,2022,3,true,,,
MCOU,UT,00024574702,ADLYXIN 20,2022,4,true,,,
MCOU,UT,00024574702,ADLYXIN 20,2022,3,true,,,
MCOU,UT,00024574702,ADLYXIN 20,2022,2,true,,,
MCOU,UT,00024574702,ADLYXIN 20,2022,1,true,,,
FFSU,WI,00024574702,ADLYXIN 20,2022,1,true,,,
