utilization_type,state,ndc,product_name,year,quarter,suppression_used,units_reimbursed,number_of_prescriptions,total_amount_reimbursed
FFSU,AK,00169413212,OZEMPIC   ,2020,4,false,514.500,317,252500.39
FFSU,AK,00169413602,OZEMPIC   ,2020,4,false,789.000,231,194829.25
FFSU,AK,00169413212,OZEMPIC   ,2020,3,false,508.500,314,250464.73
FFSU,AK,00169413602,OZEMPIC   ,2020,3,false,600.000,183,148051.40
FFSU,AK,00169413212,OZEMPIC   ,2020,2,false,348.000,228,173759.11
FFSU,AK,00169413602,OZEMPIC   ,2020,2,false,465.000,140,116253.19
FFSU,AK,00169413212,OZEMPIC   ,2020,1,false,156.000,102,77796.89
FFSU,AK,00169413602,OZEMPIC   ,2020,1,false,178.500,60,43836.36
FFSU,AL,00169413212,OZEMPIC 0.,2020,4,false,883.500,591,476073.77
FFSU,AL,00169413602,OZEMPIC 1M,2020,4,false,876.000,292,235166.26
FFSU,AL,00169413212,OZEMPIC 0.,2020,3,false,754.500,503,412560.56
FFSU,AL,00169413602,OZEMPIC 1M,2020,3,false,706.500,236,189046.32
FFSU,AL,00169413211,OZEMPIC 0.,2020,2,true,,,
FFSU,AL,00169413212,OZEMPIC 0.,2020,2,false,738.000,492,404681.27
FFSU,AL,00169413602,OZEMPIC 1M,2020,2,false,646.500,216,175217.08
FFSU,AL,00169413211,OZEMPIC 0.,2020,1,true,,,
FFSU,AL,00169413212,OZEMPIC 0.,2020,1,false,580.500,387,315617.07
FFSU,AL,00169413602,OZEMPIC 1M,2020,1,false,429.000,143,119008.18
MCOU,AR,00169413212,OZEMPIC   ,2020,4,true,,,
FFSU,AR,00169413212,OZEMPIC   ,2020,4,true,,,
MCOU,AR,00169413602,OZEMPIC   ,2020,4,true,,,
FFSU,AR,00169413602,OZEMPIC   ,2020,4,true,,,
FFSU,AR,00169413212,OZEMPIC   ,2020,3,true,,,
MCOU,AR,00169413212,OZEMPIC   ,2020,3,true,,,
MCOU,AR,00169413602,OZEMPIC   ,2020,3,true,,,
FFSU,AR,00169413602,OZEMPIC   ,2020,3,true,,,
FFSU,AR,00169413212,OZEMPIC   ,2020,2,true,,,
FFSU,AR,00169413602,OZEMPIC   ,2020,2,true,,,
MCOU,AR,00169413602,OZEMPIC   ,2020,2,true,,,
MCOU,AR,00169413212,OZEMPIC   ,2020,1,true,,,
MCOU,AR,00169413602,OZEMPIC   ,2020,1,true,,,
FFSU,AR,00169413602,OZEMPIC   ,2020,1,true,,,
FFSU,AZ,00169413212,OZEMPIC   ,2020,4,true,,,
MCOU,AZ,00169413212,OZEMPIC   ,2020,4,false,130.500,70,68526.15
FFSU,AZ,00169413602,OZEMPIC   ,2020,4,true,,,
MCOU,AZ,00169413602,OZEMPIC   ,2020,4,false,333.000,89,87627.36
MCOU,AZ,00169413212,OZEMPIC   ,2020,3,false,123.000,68,64581.82
FFSU,AZ,00169413212,OZEMPIC   ,2020,3,true,,,
MCOU,AZ,00169413602,OZEMPIC   ,2020,3,false,240.000,72,63154.00
MCOU,AZ,00169413212,OZEMPIC   ,2020,2,false,133.500,77,69942.35
FFSU,AZ,00169413212,OZEMPIC   ,2020,2,true,,,
MCOU,AZ,00169413602,OZEMPIC   ,2020,2,false,226.500,64,59730.02
FFSU,AZ,00169413212,OZEMPIC   ,2020,1,true,,,
MCOU,AZ,00169413212,OZEMPIC   ,2020,1,false,105.000,63,50400.57
MCOU,AZ,00169413602,OZEMPIC   ,2020,1,false,145.500,43,38447.57
MCOU,CA,00169413211,OZEMPIC 0.,2020,4,true,,,
MCOU,CA,00169413212,OZEMPIC 0.,2020,4,false,16485.500,9501,8728004.21
FFSU,CA,00169413212,OZEMPIC 0.,2020,4,false,1467.000,898,780691.76
FFSU,CA,00169413602,OZEMPIC 1M,2020,4,false,2644.500,830,708802.96
MCOU,CA,00169413602,OZEMPIC 1M,2020,4,false,19580.500,5508,5156896.11
MCOU,CA,00169413611,OZEMPIC 1M,2020,4,true,,,
MCOU,CA,00169413211,OZEMPIC 0.,2020,3,true,,,
FFSU,CA,00169413211,OZEMPIC 0.,2020,3,true,,,
MCOU,CA,00169413212,OZEMPIC 0.,2020,3,false,15062.500,8680,8008250.03
FFSU,CA,00169413212,OZEMPIC 0.,2020,3,false,1212.000,762,645906.54
MCOU,CA,00169413602,OZEMPIC 1M,2020,3,false,17123.000,4867,4514236.48
FFSU,CA,00169413602,OZEMPIC 1M,2020,3,false,2076.000,675,552231.00
MCOU,CA,00169413611,OZEMPIC 1M,2020,3,true,,,
FFSU,CA,00169413211,OZEMPIC 0.,2020,2,true,,,
MCOU,CA,00169413211,OZEMPIC 0.,2020,2,true,,,
FFSU,CA,00169413212,OZEMPIC 0.,2020,2,false,1278.000,803,679715.93
MCOU,CA,00169413212,OZEMPIC 0.,2020,2,false,14264.000,8284,7555078.61
FFSU,CA,00169413602,OZEMPIC 1M,2020,2,false,1899.000,624,509451.62
MCOU,CA,00169413602,OZEMPIC 1M,2020,2,false,14611.000,4241,3861044.08
FFSU,CA,00169413611,OZEMPIC 1M,2020,2,true,,,
FFSU,CA,00169413211,OZEMPIC 0.,2020,1,true,,,
MCOU,CA,00169413211,OZEMPIC 0.,2020,1,false,21.000,14,10933.64
FFSU,CA,00169413212,OZEMPIC 0.,2020,1,false,1005.000,656,535167.90
MCOU,CA,00169413212,OZEMPIC 0.,2020,1,false,12921.500,7705,6809513.19
FFSU,CA,00169413602,OZEMPIC 1M,2020,1,false,1330.500,439,359159.41
MCOU,CA,00169413602,OZEMPIC 1M,2020,1,false,11606.000,3507,3064108.32
MCOU,CA,00169413611,OZEMPIC 1M,2020,1,true,,,
FFSU,CA,00169413611,OZEMPIC 1M,2020,1,true,,,
MCOU,CO,00169413212,OZEMPIC   ,2020,4,false,88.500,54,46415.70
FFSU,CO,00169413212,OZEMPIC   ,2020,4,false,145.500,70,76292.71
FFSU,CO,00169413602,OZEMPIC   ,2020,4,false,265.500,61,69517.80
MCOU,CO,00169413602,OZEMPIC   ,2020,4,false,60.000,16,15716.02
MCOU,CO,00169413212,OZEMPIC   ,2020,3,false,120.000,77,63841.88
FFSU,CO,00169413212,OZEMPIC   ,2020,3,false,127.500,71,67867.81
FFSU,CO,00169413602,OZEMPIC   ,2020,3,false,199.500,51,51822.74
MCOU,CO,00169413602,OZEMPIC   ,2020,3,false,63.000,20,16753.47
MCOU,CO,00169413212,OZEMPIC   ,2020,2,false,67.500,41,36031.40
FFSU,CO,00169413212,OZEMPIC   ,2020,2,false,97.500,54,52025.19
FFSU,CO,00169413602,OZEMPIC   ,2020,2,false,159.500,39,42434.84
MCOU,CO,00169413602,OZEMPIC   ,2020,2,false,39.000,13,10405.67
FFSU,CO,00169413212,OZEMPIC   ,2020,1,false,84.500,39,44823.71
MCOU,CO,00169413212,OZEMPIC   ,2020,1,false,72.000,41,38315.90
MCOU,CO,00169413602,OZEMPIC   ,2020,1,true,,,
FFSU,CO,00169413602,OZEMPIC   ,2020,1,false,108.000,30,28861.16
FFSU,CT,00169413212,OZEMPIC 0.,2020,4,false,4563.000,2148,2392077.92
FFSU,CT,00169413602,OZEMPIC 1M,2020,4,false,7134.000,1594,1868353.46
FFSU,CT,00169413212,OZEMPIC 0.,2020,3,false,4036.500,1888,2117909.14
FFSU,CT,00169413602,OZEMPIC 1M,2020,3,false,6064.500,1408,1590690.90
FFSU,CT,00169413212,OZEMPIC 0.,2020,2,false,3547.500,1686,1860800.77
FFSU,CT,00169413602,OZEMPIC 1M,2020,2,false,5554.500,1261,1456590.80
FFSU,CT,00169413212,OZEMPIC 0.,2020,1,false,2863.500,1426,1479544.22
FFSU,CT,00169413602,OZEMPIC 1M,2020,1,false,4306.500,993,1112081.30
MCOU,DC,00169413211,OZEMPIC 0.,2020,4,true,,,
MCOU,DC,00169413212,OZEMPIC 0.,2020,4,false,690.000,309,257120.39
FFSU,DC,00169413212,OZEMPIC 0.,2020,4,true,,,
MCOU,DC,00169413602,OZEMPIC 1 ,2020,4,false,979.500,266,223566.83
FFSU,DC,00169413602,OZEMPIC 1 ,2020,4,true,,,
MCOU,DC,00169413611,OZEMPIC 1 ,2020,4,true,,,
MCOU,DC,00169413212,OZEMPIC 0.,2020,3,false,471.500,293,238991.37
FFSU,DC,00169413212,OZEMPIC 0.,2020,3,false,45.000,29,23709.55
FFSU,DC,00169413602,OZEMPIC 1 ,2020,3,false,81.000,27,21347.55
MCOU,DC,00169413602,OZEMPIC 1 ,2020,3,false,690.000,226,178093.70
MCOU,DC,00169413611,OZEMPIC 1 ,2020,3,true,,,
FFSU,DC,00169413212,OZEMPIC 0.,2020,2,false,49.500,27,26025.87
MCOU,DC,00169413212,OZEMPIC 0.,2020,2,false,396.500,261,208890.27
MCOU,DC,00169413602,OZEMPIC 1 ,2020,2,false,654.000,221,171632.04
FFSU,DC,00169413602,OZEMPIC 1 ,2020,2,false,78.000,26,20556.90
MCOU,DC,00169413611,OZEMPIC 1 ,2020,2,true,,,
FFSU,DC,00169413212,OZEMPIC 0.,2020,1,false,39.000,22,20290.62
MCOU,DC,00169413212,OZEMPIC 0.,2020,1,false,363.000,243,190250.88
FFSU,DC,00169413602,OZEMPIC 1 ,2020,1,false,78.000,26,20259.94
MCOU,DC,00169413602,OZEMPIC 1 ,2020,1,false,572.000,193,147295.34
FFSU,DE,00169413212,OZEMPIC 0.,2020,4,true,,,
MCOU,DE,00169413212,OZEMPIC 0.,2020,4,false,1084.500,706,569399.60
MCOU,DE,00169413602,OZEMPIC 1M,2020,4,false,939.000,308,246506.52
FFSU,DE,00169413212,OZEMPIC 0.,2020,3,true,,,
MCOU,DE,00169413212,OZEMPIC 0.,2020,3,false,807.000,526,425359.69
MCOU,DE,00169413602,OZEMPIC 1M,2020,3,false,634.500,206,170114.91
FFSU,DE,00169413602,OZEMPIC 1M,2020,3,true,,,
MCOU,DE,00169413211,OZEMPIC 0.,2020,2,true,,,
FFSU,DE,00169413212,OZEMPIC 0.,2020,2,true,,,
MCOU,DE,00169413212,OZEMPIC 0.,2020,2,false,508.500,327,269596.08
MCOU,DE,00169413602,OZEMPIC 1M,2020,2,false,406.500,128,109937.14
FFSU,DE,00169413602,OZEMPIC 1M,2020,2,true,,,
MCOU,DE,00169413211,OZEMPIC 0.,2020,1,true,,,
FFSU,DE,00169413212,OZEMPIC 0.,2020,1,true,,,
MCOU,DE,00169413212,OZEMPIC 0.,2020,1,false,226.500,144,126036.92
MCOU,DE,00169413602,OZEMPIC 1M,2020,1,false,171.500,56,8172.71
MCOU,FL,00169413212,OZEMPIC   ,2020,4,false,522.000,338,264410.72
FFSU,FL,00169413212,OZEMPIC   ,2020,4,false,78.000,50,37507.22
FFSU,FL,00169413602,OZEMPIC   ,2020,4,false,105.000,35,26061.69
MCOU,FL,00169413602,OZEMPIC   ,2020,4,false,723.000,232,186507.18
MCOU,FL,00169413611,OZEMPIC   ,2020,4,true,,,
MCOU,FL,00169413212,OZEMPIC   ,2020,3,false,426.000,269,218021.60
FFSU,FL,00169413212,OZEMPIC   ,2020,3,false,90.000,60,40369.76
FFSU,FL,00169413602,OZEMPIC   ,2020,3,false,103.500,35,19685.19
MCOU,FL,00169413602,OZEMPIC   ,2020,3,false,627.000,202,162754.89
FFSU,FL,00169413212,OZEMPIC   ,2020,2,false,67.500,44,26989.51
MCOU,FL,00169413212,OZEMPIC   ,2020,2,false,403.500,256,205666.41
MCOU,FL,00169413602,OZEMPIC   ,2020,2,false,537.000,173,137465.82
FFSU,FL,00169413602,OZEMPIC   ,2020,2,false,81.000,27,15245.06
MCOU,FL,00169413611,OZEMPIC   ,2020,2,true,,,
FFSU,FL,00169413212,OZEMPIC   ,2020,1,false,28.500,19,10674.66
MCOU,FL,00169413212,OZEMPIC   ,2020,1,false,334.500,213,172719.08
FFSU,FL,00169413602,OZEMPIC   ,2020,1,false,69.000,23,13784.76
MCOU,FL,00169413602,OZEMPIC   ,2020,1,false,387.000,130,99430.99
MCOU,GA,00169413212,OZEMPIC   ,2020,4,false,688.500,449,369868.54
FFSU,GA,00169413212,OZEMPIC   ,2020,4,false,213.000,135,112000.49
MCOU,GA,00169413602,OZEMPIC   ,2020,4,false,633.000,196,171544.11
FFSU,GA,00169413602,OZEMPIC   ,2020,4,false,279.000,82,73267.04
FFSU,GA,00169413212,OZEMPIC   ,2020,3,false,160.500,101,83401.96
MCOU,GA,00169413212,OZEMPIC   ,2020,3,false,660.000,437,349161.88
MCOU,GA,00169413602,OZEMPIC   ,2020,3,false,561.000,180,147522.92
FFSU,GA,00169413602,OZEMPIC   ,2020,3,false,243.000,74,63926.12
MCOU,GA,00169413212,OZEMPIC   ,2020,2,false,520.500,360,283388.72
FFSU,GA,00169413212,OZEMPIC   ,2020,2,false,144.000,94,75733.06
FFSU,GA,00169413602,OZEMPIC   ,2020,2,false,142.500,46,37476.23
MCOU,GA,00169413602,OZEMPIC   ,2020,2,false,361.500,123,100242.03
MCOU,GA,00169413611,OZEMPIC   ,2020,2,true,,,
MCOU,GA,00169413212,OZEMPIC   ,2020,1,false,342.000,226,231043.40
FFSU,GA,00169413212,OZEMPIC   ,2020,1,false,144.000,96,74490.21
MCOU,GA,00169413602,OZEMPIC   ,2020,1,false,192.000,65,64526.95
FFSU,GA,00169413602,OZEMPIC   ,2020,1,false,135.000,45,35012.53
MCOU,HI,00169413212,OZEMPIC 0.,2020,4,false,1471.500,918,754945.45
MCOU,HI,00169413602,OZEMPIC 1 ,2020,4,false,2247.000,710,582067.75
MCOU,HI,00169413212,OZEMPIC 0.,2020,3,false,1177.500,757,593700.70
MCOU,HI,00169413602,OZEMPIC 1 ,2020,3,false,1842.000,590,471118.10
MCOU,HI,00169413212,OZEMPIC 0.,2020,2,false,942.000,614,482351.74
MCOU,HI,00169413602,OZEMPIC 1 ,2020,2,false,1611.000,530,408149.73
MCOU,HI,00169413212,OZEMPIC 0.,2020,1,false,841.500,557,428958.13
MCOU,HI,00169413602,OZEMPIC 1 ,2020,1,false,1302.000,434,332980.46
MCOU,IA,00169413212,OZEMPIC 0.,2020,4,false,3870.000,2346,2041671.53
FFSU,IA,00169413212,OZEMPIC 0.,2020,4,false,40.500,27,16712.08
MCOU,IA,00169413602,OZEMPIC 1M,2020,4,false,5740.500,1748,1518442.79
FFSU,IA,00169413602,OZEMPIC 1M,2020,4,false,66.000,22,15277.12
FFSU,IA,00169413212,OZEMPIC 0.,2020,3,false,54.000,35,21268.51
MCOU,IA,00169413212,OZEMPIC 0.,2020,3,false,3382.500,2111,1786342.26
FFSU,IA,00169413602,OZEMPIC 1M,2020,3,false,54.000,18,12785.71
MCOU,IA,00169413602,OZEMPIC 1M,2020,3,false,4687.500,1462,1243921.06
MCOU,IA,00169413212,OZEMPIC 0.,2020,2,false,3145.000,1970,1658762.56
FFSU,IA,00169413212,OZEMPIC 0.,2020,2,false,27.000,18,11940.52
MCOU,IA,00169413602,OZEMPIC 1M,2020,2,false,3760.500,1184,987921.30
FFSU,IA,00169413602,OZEMPIC 1M,2020,2,false,33.000,11,4157.36
MCOU,IA,00169413211,OZEMPIC 0.,2020,1,true,,,
FFSU,IA,00169413212,OZEMPIC 0.,2020,1,false,49.500,33,25202.19
MCOU,IA,00169413212,OZEMPIC 0.,2020,1,false,2296.500,1505,1199746.90
MCOU,IA,00169413602,OZEMPIC 1M,2020,1,false,2407.500,800,625633.91
FFSU,IA,00169413602,OZEMPIC 1M,2020,1,true,,,
FFSU,ID,00169413212,OZEMPIC   ,2020,4,false,1357.500,864,715297.71
FFSU,ID,00169413602,OZEMPIC   ,2020,4,false,1046.000,346,275869.62
FFSU,ID,00169413212,OZEMPIC   ,2020,3,false,676.500,438,356526.46
FFSU,ID,00169413602,OZEMPIC   ,2020,3,false,555.000,183,146462.61
FFSU,ID,00169413611,OZEMPIC   ,2020,3,true,,,
FFSU,ID,00169413212,OZEMPIC   ,2020,2,false,240.000,158,126410.27
FFSU,ID,00169413602,OZEMPIC   ,2020,2,false,361.500,118,95384.76
FFSU,ID,00169413211,OZEMPIC   ,2020,1,true,,,
FFSU,ID,00169413212,OZEMPIC   ,2020,1,false,154.500,101,80810.20
FFSU,ID,00169413602,OZEMPIC   ,2020,1,false,225.000,75,58880.46
FFSU,IL,00169413212,OZEMPIC 0.,2020,4,false,78.000,40,44182.33
MCOU,IL,00169413212,OZEMPIC 0.,2020,4,false,928.500,495,535642.19
MCOU,IL,00169413602,OZEMPIC 1M,2020,4,false,1767.000,467,484662.20
FFSU,IL,00169413602,OZEMPIC 1M,2020,4,false,84.000,24,26424.56
MCOU,IL,00169413211,OZEMPIC 0.,2020,3,true,,,
FFSU,IL,00169413212,OZEMPIC 0.,2020,3,false,75.000,44,41480.90
MCOU,IL,00169413212,OZEMPIC 0.,2020,3,false,844.500,446,465273.85
FFSU,IL,00169413602,OZEMPIC 1M,2020,3,false,129.000,32,42984.53
MCOU,IL,00169413602,OZEMPIC 1M,2020,3,false,1705.500,461,467071.14
MCOU,IL,00169413212,OZEMPIC 0.,2020,2,false,771.000,424,427516.33
FFSU,IL,00169413212,OZEMPIC 0.,2020,2,false,51.000,33,26653.01
FFSU,IL,00169413602,OZEMPIC 1M,2020,2,false,105.000,29,32032.86
MCOU,IL,00169413602,OZEMPIC 1M,2020,2,false,1352.000,376,370135.12
MCOU,IL,00169413212,OZEMPIC 0.,2020,1,false,721.500,403,430169.35
FFSU,IL,00169413212,OZEMPIC 0.,2020,1,false,69.000,37,39856.75
FFSU,IL,00169413602,OZEMPIC 1M,2020,1,false,99.000,23,25088.85
MCOU,IL,00169413602,OZEMPIC 1M,2020,1,false,1102.500,301,324683.34
MCOU,IL,00169413611,OZEMPIC 1M,2020,1,true,,,
MCOU,IN,00169413211,OZEMPIC 0.,2020,4,true,,,
FFSU,IN,00169413212,OZEMPIC 0.,2020,4,false,34.500,19,18104.24
MCOU,IN,00169413212,OZEMPIC 0.,2020,4,false,6559.000,4016,3396976.10
MCOU,IN,00169413602,OZEMPIC 1M,2020,4,false,10767.000,3225,2788812.82
FFSU,IN,00169413602,OZEMPIC 1M,2020,4,false,79.500,21,20845.22
MCOU,IN,00169413611,OZEMPIC 1M,2020,4,true,,,
MCOU,IN,00169413211,OZEMPIC 0.,2020,3,true,,,
MCOU,IN,00169413212,OZEMPIC 0.,2020,3,false,5749.500,3553,2930235.08
FFSU,IN,00169413212,OZEMPIC 0.,2020,3,false,33.000,20,17359.48
FFSU,IN,00169413602,OZEMPIC 1M,2020,3,false,69.000,21,18146.35
MCOU,IN,00169413602,OZEMPIC 1M,2020,3,false,9042.000,2744,2306407.69
MCOU,IN,00169413611,OZEMPIC 1M,2020,3,true,,,
MCOU,IN,00169413211,OZEMPIC 0.,2020,2,true,,,
FFSU,IN,00169413212,OZEMPIC 0.,2020,2,false,37.500,22,19719.06
MCOU,IN,00169413212,OZEMPIC 0.,2020,2,false,4916.000,3063,2515673.40
FFSU,IN,00169413602,OZEMPIC 1M,2020,2,false,69.000,19,18123.16
MCOU,IN,00169413602,OZEMPIC 1M,2020,2,false,7686.000,2304,1972676.44
MCOU,IN,00169413611,OZEMPIC 1M,2020,2,true,,,
MCOU,IN,00169413212,OZEMPIC 0.,2020,1,false,4217.500,2772,2161261.64
FFSU,IN,00169413212,OZEMPIC 0.,2020,1,false,22.500,13,11680.86
MCOU,IN,00169413602,OZEMPIC 1M,2020,1,false,6256.500,1899,1605080.37
FFSU,IN,00169413602,OZEMPIC 1M,2020,1,false,42.000,14,10983.25
MCOU,IN,00169413611,OZEMPIC 1M,2020,1,true,,,
MCOU,KS,00169413212,OZEMPIC 0.,2020,4,false,112.500,73,59465.62
MCOU,KS,00169413602,OZEMPIC 1M,2020,4,false,237.000,79,61775.31
MCOU,KS,00169413212,OZEMPIC 0.,2020,3,false,99.000,57,52491.16
MCOU,KS,00169413602,OZEMPIC 1M,2020,3,false,207.000,69,54693.00
MCOU,KS,00169413212,OZEMPIC 0.,2020,2,false,106.500,70,56274.34
MCOU,KS,00169413602,OZEMPIC 1M,2020,2,false,138.000,46,36466.00
MCOU,KS,00169413212,OZEMPIC 0.,2020,1,false,99.000,65,51915.64
MCOU,KS,00169413602,OZEMPIC 1M,2020,1,false,105.000,33,27368.34
MCOU,KY,00169413211,OZEMPIC   ,2020,4,true,,,
FFSU,KY,00169413212,OZEMPIC   ,2020,4,false,343.500,191,179378.03
MCOU,KY,00169413212,OZEMPIC   ,2020,4,false,4851.000,2979,2613863.51
FFSU,KY,00169413602,OZEMPIC   ,2020,4,false,726.000,202,190491.31
MCOU,KY,00169413602,OZEMPIC   ,2020,4,false,7733.000,2347,2094275.56
MCOU,KY,00169413211,OZEMPIC   ,2020,3,true,,,
MCOU,KY,00169413212,OZEMPIC   ,2020,3,false,4351.500,2681,2356577.79
FFSU,KY,00169413212,OZEMPIC   ,2020,3,false,294.000,159,154426.95
FFSU,KY,00169413602,OZEMPIC   ,2020,3,false,577.500,160,151756.15
MCOU,KY,00169413602,OZEMPIC   ,2020,3,false,6777.000,2112,1838770.27
MCOU,KY,00169413211,OZEMPIC   ,2020,2,true,,,
FFSU,KY,00169413212,OZEMPIC   ,2020,2,false,90.000,52,47325.68
MCOU,KY,00169413212,OZEMPIC   ,2020,2,false,3789.000,2384,2055073.93
FFSU,KY,00169413602,OZEMPIC   ,2020,2,false,136.500,43,35924.77
MCOU,KY,00169413602,OZEMPIC   ,2020,2,false,5588.000,1773,1525830.68
MCOU,KY,00169413211,OZEMPIC   ,2020,1,true,,,
FFSU,KY,00169413212,OZEMPIC   ,2020,1,false,34.500,23,17988.54
MCOU,KY,00169413212,OZEMPIC   ,2020,1,false,163.500,109,85744.16
MCOU,KY,00169413602,OZEMPIC   ,2020,1,false,252.000,85,65217.62
FFSU,KY,00169413602,OZEMPIC   ,2020,1,false,61.500,21,15858.47
MCOU,KY,00169413611,OZEMPIC   ,2020,1,true,,,
MCOU,LA,00169413212,OZEMPIC   ,2020,4,false,1131.000,697,601894.39
FFSU,LA,00169413212,OZEMPIC   ,2020,4,true,,,
MCOU,LA,00169413602,OZEMPIC   ,2020,4,false,1850.000,560,496151.01
FFSU,LA,00169413602,OZEMPIC   ,2020,4,true,,,
MCOU,LA,00169413212,OZEMPIC   ,2020,3,false,921.000,570,493815.07
FFSU,LA,00169413212,OZEMPIC   ,2020,3,true,,,
FFSU,LA,00169413602,OZEMPIC   ,2020,3,true,,,
MCOU,LA,00169413602,OZEMPIC   ,2020,3,false,1596.000,485,427956.76
MCOU,LA,00169413212,OZEMPIC   ,2020,2,false,770.250,492,412242.05
FFSU,LA,00169413212,OZEMPIC   ,2020,2,true,,,
FFSU,LA,00169413602,OZEMPIC   ,2020,2,true,,,
MCOU,LA,00169413602,OZEMPIC   ,2020,2,false,1306.500,397,350019.83
MCOU,LA,00169413212,OZEMPIC   ,2020,1,false,541.000,452,370419.88
FFSU,LA,00169413212,OZEMPIC   ,2020,1,true,,,
MCOU,LA,00169413602,OZEMPIC   ,2020,1,false,985.500,321,263950.63
FFSU,LA,00169413602,OZEMPIC   ,2020,1,true,,,
FFSU,MA,00169413212,OZEMPIC 0.,2020,4,false,504.000,262,263577.37
MCOU,MA,00169413212,OZEMPIC 0.,2020,4,false,1731.000,1117,931410.32
FFSU,MA,00169413602,OZEMPIC 1 ,2020,4,false,1587.000,413,413599.00
MCOU,MA,00169413602,OZEMPIC 1 ,2020,4,false,3396.500,1089,903669.95
FFSU,MA,00169413212,OZEMPIC 0.,2020,3,false,759.000,424,396595.32
MCOU,MA,00169413212,OZEMPIC 0.,2020,3,false,1764.000,1139,949868.02
MCOU,MA,00169413602,OZEMPIC 1 ,2020,3,false,3465.000,1110,935579.37
FFSU,MA,00169413602,OZEMPIC 1 ,2020,3,false,1800.000,486,470966.70
FFSU,MA,00169413211,OZEMPIC 0.,2020,2,true,,,
MCOU,MA,00169413212,OZEMPIC 0.,2020,2,false,1809.000,1175,975911.77
FFSU,MA,00169413212,OZEMPIC 0.,2020,2,false,718.500,413,376459.73
FFSU,MA,00169413602,OZEMPIC 1 ,2020,2,false,1515.000,434,395511.61
MCOU,MA,00169413602,OZEMPIC 1 ,2020,2,false,3117.000,1013,842243.17
MCOU,MA,00169413211,OZEMPIC 0.,2020,1,true,,,
FFSU,MA,00169413211,OZEMPIC 0.,2020,1,true,,,
FFSU,MA,00169413212,OZEMPIC 0.,2020,1,false,664.500,413,340257.02
MCOU,MA,00169413212,OZEMPIC 0.,2020,1,false,1813.500,1191,976083.28
MCOU,MA,00169413602,OZEMPIC 1 ,2020,1,false,2660.000,874,715383.77
FFSU,MA,00169413602,OZEMPIC 1 ,2020,1,false,1344.000,435,344945.14
MCOU,MD,00169413211,OZEMPIC 0.,2020,4,true,,,
FFSU,MD,00169413212,OZEMPIC 0.,2020,4,false,66.000,39,34650.23
MCOU,MD,00169413212,OZEMPIC 0.,2020,4,false,4503.000,2817,2338322.50
FFSU,MD,00169413602,OZEMPIC 1 ,2020,4,false,93.000,25,24386.01
MCOU,MD,00169413602,OZEMPIC 1 ,2020,4,false,6018.500,1914,1584640.37
MCOU,MD,00169413611,OZEMPIC 1 ,2020,4,true,,,
MCOU,MD,00169413211,OZEMPIC 0.,2020,3,true,,,
FFSU,MD,00169413212,OZEMPIC 0.,2020,3,false,55.500,32,29171.17
MCOU,MD,00169413212,OZEMPIC 0.,2020,3,false,4117.500,2567,2136904.77
MCOU,MD,00169413602,OZEMPIC 1 ,2020,3,false,5173.500,1629,1362467.04
FFSU,MD,00169413602,OZEMPIC 1 ,2020,3,false,72.000,16,18875.84
MCOU,MD,00169413611,OZEMPIC 1 ,2020,3,true,,,
MCOU,MD,00169413211,OZEMPIC 0.,2020,2,true,,,
FFSU,MD,00169413212,OZEMPIC 0.,2020,2,false,42.000,24,22070.39
MCOU,MD,00169413212,OZEMPIC 0.,2020,2,false,3649.000,2285,1885774.74
FFSU,MD,00169413602,OZEMPIC 1 ,2020,2,false,72.000,20,18919.80
MCOU,MD,00169413602,OZEMPIC 1 ,2020,2,false,4500.000,1432,1172770.18
MCOU,MD,00169413611,OZEMPIC 1 ,2020,2,true,,,
MCOU,MD,00169413211,OZEMPIC 0.,2020,1,true,,,
MCOU,MD,00169413212,OZEMPIC 0.,2020,1,false,3012.500,1895,1571548.73
FFSU,MD,00169413212,OZEMPIC 0.,2020,1,true,,,
FFSU,MD,00169413602,OZEMPIC 1 ,2020,1,false,40.500,11,10491.16
MCOU,MD,00169413602,OZEMPIC 1 ,2020,1,false,3466.500,1114,910675.78
MCOU,MD,00169413611,OZEMPIC 1 ,2020,1,true,,,
FFSU,MI,00169413212,OZEMPIC   ,2020,4,false,208.500,112,102710.95
MCOU,MI,00169413212,OZEMPIC   ,2020,4,false,1966.500,1235,1034383.19
FFSU,MI,00169413602,OZEMPIC   ,2020,4,false,339.000,88,80072.58
MCOU,MI,00169413602,OZEMPIC   ,2020,4,false,4005.000,1268,1051015.97
MCOU,MI,00169413211,OZEMPIC   ,2020,3,true,,,
MCOU,MI,00169413212,OZEMPIC   ,2020,3,false,2970.015,1913,1558804.71
FFSU,MI,00169413212,OZEMPIC   ,2020,3,false,180.000,90,88968.80
FFSU,MI,00169413602,OZEMPIC   ,2020,3,false,264.000,66,64471.03
MCOU,MI,00169413602,OZEMPIC   ,2020,3,false,5073.500,1624,1327028.39
MCOU,MI,00169413211,OZEMPIC   ,2020,2,true,,,
FFSU,MI,00169413212,OZEMPIC   ,2020,2,false,141.000,77,52100.17
MCOU,MI,00169413212,OZEMPIC   ,2020,2,false,3084.000,1991,1616359.40
FFSU,MI,00169413602,OZEMPIC   ,2020,2,false,298.500,83,52725.98
MCOU,MI,00169413602,OZEMPIC   ,2020,2,false,4600.500,1497,1203333.94
MCOU,MI,00169413211,OZEMPIC   ,2020,1,true,,,
FFSU,MI,00169413212,OZEMPIC   ,2020,1,false,130.500,74,49445.90
MCOU,MI,00169413212,OZEMPIC   ,2020,1,false,2844.000,1875,1485997.70
MCOU,MI,00169413602,OZEMPIC   ,2020,1,false,3909.000,1293,1019267.50
FFSU,MI,00169413602,OZEMPIC   ,2020,1,false,237.000,57,41269.71
MCOU,MN,00169413212,OZEMPIC   ,2020,4,false,555.000,334,300432.92
FFSU,MN,00169413212,OZEMPIC   ,2020,4,false,27.000,16,14435.05
FFSU,MN,00169413602,OZEMPIC   ,2020,4,true,,,
MCOU,MN,00169413602,OZEMPIC   ,2020,4,false,637.500,373,345086.71
FFSU,MN,00169413212,OZEMPIC   ,2020,3,false,28.500,17,15256.00
MCOU,MN,00169413212,OZEMPIC   ,2020,3,false,528.000,327,285835.44
MCOU,MN,00169413602,OZEMPIC   ,2020,3,false,550.500,323,298702.13
FFSU,MN,00169413602,OZEMPIC   ,2020,3,false,27.000,16,14398.65
MCOU,MN,00169413212,OZEMPIC   ,2020,2,false,475.500,302,255855.92
FFSU,MN,00169413212,OZEMPIC   ,2020,2,false,99.000,64,45258.20
MCOU,MN,00169413602,OZEMPIC   ,2020,2,false,438.750,279,237051.95
FFSU,MN,00169413602,OZEMPIC   ,2020,2,false,45.750,25,24306.96
FFSU,MN,00169413212,OZEMPIC   ,2020,1,false,48.000,32,25116.02
MCOU,MN,00169413212,OZEMPIC   ,2020,1,false,436.500,290,235536.33
FFSU,MN,00169413602,OZEMPIC   ,2020,1,false,36.000,24,19031.71
MCOU,MN,00169413602,OZEMPIC   ,2020,1,false,349.500,230,187868.17
FFSU,MO,00169413212,OZEMPIC   ,2020,4,false,322.500,189,161244.67
FFSU,MO,00169413602,OZEMPIC   ,2020,4,false,486.000,163,121403.28
FFSU,MO,00169413212,OZEMPIC   ,2020,3,false,250.500,155,127897.09
FFSU,MO,00169413602,OZEMPIC   ,2020,3,false,415.500,141,108660.09
FFSU,MO,00169413212,OZEMPIC   ,2020,2,false,214.500,130,106513.10
FFSU,MO,00169413602,OZEMPIC   ,2020,2,false,312.000,105,79643.91
FFSU,MO,00169413212,OZEMPIC   ,2020,1,false,189.000,116,93722.79
FFSU,MO,00169413602,OZEMPIC   ,2020,1,false,192.000,67,49103.51
FFSU,MS,00169413212,OZEMPIC 0.,2020,4,true,,,
MCOU,MS,00169413212,OZEMPIC 0.,2020,4,false,70.500,47,37124.21
MCOU,MS,00169413602,OZEMPIC 1 ,2020,4,false,238.500,81,62794.15
FFSU,MS,00169413602,OZEMPIC 1 ,2020,4,true,,,
MCOU,MS,00169413212,OZEMPIC 0.,2020,3,false,52.500,35,27679.05
FFSU,MS,00169413212,OZEMPIC 0.,2020,3,true,,,
MCOU,MS,00169413602,OZEMPIC 1 ,2020,3,false,259.500,86,68397.69
FFSU,MS,00169413602,OZEMPIC 1 ,2020,3,true,,,
MCOU,MS,00169413212,OZEMPIC 0.,2020,2,false,75.000,50,39541.50
FFSU,MS,00169413602,OZEMPIC 1 ,2020,2,true,,,
MCOU,MS,00169413602,OZEMPIC 1 ,2020,2,false,231.000,78,60902.12
MCOU,MS,00169413211,OZEMPIC 0.,2020,1,true,,,
MCOU,MS,00169413212,OZEMPIC 0.,2020,1,false,58.500,39,30545.41
FFSU,MS,00169413212,OZEMPIC 0.,2020,1,true,,,
MCOU,MS,00169413602,OZEMPIC 1 ,2020,1,false,192.000,65,50027.93
FFSU,MS,00169413602,OZEMPIC 1 ,2020,1,true,,,
FFSU,MT,00169413212,OZEMPIC 0.,2020,4,false,230.000,144,121626.86
FFSU,MT,00169413602,OZEMPIC 1 ,2020,4,false,412.000,132,109112.57
FFSU,MT,00169413212,OZEMPIC 0.,2020,3,false,175.500,108,91948.10
FFSU,MT,00169413602,OZEMPIC 1 ,2020,3,false,348.000,108,90986.73
FFSU,MT,00169413212,OZEMPIC 0.,2020,2,false,153.000,99,80415.51
FFSU,MT,00169413602,OZEMPIC 1 ,2020,2,false,240.000,79,62802.66
FFSU,MT,00169413212,OZEMPIC 0.,2020,1,false,132.000,88,68207.04
FFSU,MT,00169413602,OZEMPIC 1 ,2020,1,false,171.000,57,44125.68
FFSU,XX,00169413211,OZEMPIC 0.,2020,4,true,,,
MCOU,XX,00169413211,OZEMPIC 0.,2020,4,false,81.000,53,42545.47
FFSU,XX,00169413212,OZEMPIC 0.,2020,4,false,18330.500,10662,9580141.82
MCOU,XX,00169413212,OZEMPIC 0.,2020,4,false,72854.750,44612,38234133.61
FFSU,XX,00169413602,OZEMPIC 1M,2020,4,false,27166.500,7730,7105914.25
MCOU,XX,00169413602,OZEMPIC 1M,2020,4,false,107029.000,32834,28279675.81
MCOU,XX,00169413611,OZEMPIC 1M,2020,4,false,111.000,27,21277.08
FFSU,XX,00169413211,OZEMPIC 0.,2020,3,true,,,
MCOU,XX,00169413211,OZEMPIC 0.,2020,3,false,78.000,51,42698.88
FFSU,XX,00169413212,OZEMPIC 0.,2020,3,false,16971.000,9868,8869859.67
MCOU,XX,00169413212,OZEMPIC 0.,2020,3,false,66142.515,40787,34733650.72
FFSU,XX,00169413602,OZEMPIC 1M,2020,3,false,24268.500,6978,6346021.45
MCOU,XX,00169413602,OZEMPIC 1M,2020,3,false,94540.500,29379,25010044.13
FFSU,XX,00169413611,OZEMPIC 1M,2020,3,true,,,
MCOU,XX,00169413611,OZEMPIC 1M,2020,3,false,55.500,19,14423.07
FFSU,XX,00169413211,OZEMPIC 0.,2020,2,true,,,
MCOU,XX,00169413211,OZEMPIC 0.,2020,2,false,34.500,23,16509.11
FFSU,XX,00169413212,OZEMPIC 0.,2020,2,false,12560.520,7316,6551317.74
MCOU,XX,00169413212,OZEMPIC 0.,2020,2,false,61487.250,38095,31899131.79
FFSU,XX,00169413602,OZEMPIC 1M,2020,2,false,17644.250,5042,4602092.05
MCOU,XX,00169413602,OZEMPIC 1M,2020,2,false,81336.750,25602,21289907.29
FFSU,XX,00169413611,OZEMPIC 1M,2020,2,true,,,
MCOU,XX,00169413611,OZEMPIC 1M,2020,2,false,40.500,14,10509.90
FFSU,XX,00169413211,OZEMPIC 0.,2020,1,false,18.000,12,10282.51
MCOU,XX,00169413211,OZEMPIC 0.,2020,1,false,93.000,60,47890.86
FFSU,XX,00169413212,OZEMPIC 0.,2020,1,false,10461.340,6261,5393596.94
MCOU,XX,00169413212,OZEMPIC 0.,2020,1,false,51562.000,32711,26855881.08
FFSU,XX,00169413602,OZEMPIC 1M,2020,1,false,13388.500,3935,3448048.05
MCOU,XX,00169413602,OZEMPIC 1M,2020,1,false,61768.000,19921,16091385.30
FFSU,XX,00169413611,OZEMPIC 1M,2020,1,true,,,
MCOU,XX,00169413611,OZEMPIC 1M,2020,1,false,36.000,13,9369.68
FFSU,NC,00169413212,OZEMPIC   ,2020,4,false,1495.500,868,777375.10
FFSU,NC,00169413602,OZEMPIC   ,2020,4,false,2760.000,796,716088.58
FFSU,NC,00169413211,OZEMPIC   ,2020,3,true,,,
FFSU,NC,00169413212,OZEMPIC   ,2020,3,false,2601.000,1521,1352280.23
FFSU,NC,00169413602,OZEMPIC   ,2020,3,false,4318.500,1269,1123532.94
FFSU,NC,00169413212,OZEMPIC   ,2020,2,false,651.000,375,337951.98
FFSU,NC,00169413602,OZEMPIC   ,2020,2,false,994.500,292,258333.12
FFSU,NC,00169413211,OZEMPIC   ,2020,1,true,,,
FFSU,NC,00169413212,OZEMPIC   ,2020,1,false,732.000,472,372963.71
FFSU,NC,00169413602,OZEMPIC   ,2020,1,false,979.500,329,249851.39
FFSU,ND,00169413211,OZEMPIC 0.,2020,4,true,,,
FFSU,ND,00169413212,OZEMPIC 0.,2020,4,false,22.500,15,11712.12
FFSU,ND,00169413602,OZEMPIC 1 ,2020,4,false,46.500,17,12275.17
FFSU,ND,00169413212,OZEMPIC 0.,2020,3,false,19.500,13,10191.76
FFSU,ND,00169413602,OZEMPIC 1 ,2020,3,false,31.500,12,8327.37
FFSU,ND,00169413212,OZEMPIC 0.,2020,2,true,,,
FFSU,ND,00169413602,OZEMPIC 1 ,2020,2,false,34.500,13,9121.63
FFSU,ND,00169413212,OZEMPIC 0.,2020,1,true,,,
FFSU,ND,00169413602,OZEMPIC 1 ,2020,1,true,,,
MCOU,NE,00169413212,OZEMPIC 0.,2020,4,false,82.000,73,59622.93
MCOU,NE,00169413602,OZEMPIC 1M,2020,4,false,222.000,72,60170.91
MCOU,NE,00169413212,OZEMPIC 0.,2020,3,false,70.500,43,38576.23
MCOU,NE,00169413602,OZEMPIC 1M,2020,3,false,147.000,47,39006.82
MCOU,NE,00169413212,OZEMPIC 0.,2020,2,false,72.000,46,38957.36
MCOU,NE,00169413602,OZEMPIC 1M,2020,2,false,123.000,42,35542.04
MCOU,NE,00169413212,OZEMPIC 0.,2020,1,false,48.000,31,25235.96
MCOU,NE,00169413602,OZEMPIC 1M,2020,1,false,78.000,22,21080.54
MCOU,NH,00169413212,OZEMPIC   ,2020,4,false,117.000,74,53309.56
MCOU,NH,00169413602,OZEMPIC   ,2020,4,false,261.000,87,65593.30
MCOU,NH,00169413212,OZEMPIC   ,2020,3,false,90.000,59,44161.79
MCOU,NH,00169413602,OZEMPIC   ,2020,3,false,202.500,68,49977.81
MCOU,NH,00169413212,OZEMPIC   ,2020,2,false,69.000,46,32176.20
MCOU,NH,00169413602,OZEMPIC   ,2020,2,false,198.000,66,48873.43
MCOU,NH,00169413212,OZEMPIC   ,2020,1,false,90.000,55,41568.99
MCOU,NH,00169413602,OZEMPIC   ,2020,1,false,159.000,53,38698.05
MCOU,NJ,00169413211,OZEMPIC 0.,2020,4,true,,,
FFSU,NJ,00169413212,OZEMPIC 0.,2020,4,true,,,
MCOU,NJ,00169413212,OZEMPIC 0.,2020,4,false,1810.500,1068,876666.37
MCOU,NJ,00169413602,OZEMPIC 1M,2020,4,false,2161.500,640,532337.10
FFSU,NJ,00169413602,OZEMPIC 1M,2020,4,true,,,
MCOU,NJ,00169413211,OZEMPIC 0.,2020,3,true,,,
FFSU,NJ,00169413212,OZEMPIC 0.,2020,3,true,,,
MCOU,NJ,00169413212,OZEMPIC 0.,2020,3,false,1532.000,896,723190.30
MCOU,NJ,00169413602,OZEMPIC 1M,2020,3,false,1824.000,539,443818.50
FFSU,NJ,00169413602,OZEMPIC 1M,2020,3,true,,,
MCOU,NJ,00169413211,OZEMPIC 0.,2020,2,true,,,
MCOU,NJ,00169413212,OZEMPIC 0.,2020,2,false,1248.500,780,599431.16
FFSU,NJ,00169413212,OZEMPIC 0.,2020,2,false,19.500,13,10275.98
MCOU,NJ,00169413602,OZEMPIC 1M,2020,2,false,1453.500,457,358863.41
FFSU,NJ,00169413602,OZEMPIC 1M,2020,2,true,,,
MCOU,NJ,00169413211,OZEMPIC 0.,2020,1,true,,,
FFSU,NJ,00169413212,OZEMPIC 0.,2020,1,false,30.000,16,15431.44
MCOU,NJ,00169413212,OZEMPIC 0.,2020,1,false,1149.000,733,517397.57
FFSU,NJ,00169413602,OZEMPIC 1M,2020,1,true,,,
MCOU,NJ,00169413602,OZEMPIC 1M,2020,1,false,1308.000,422,302308.59
FFSU,NM,00169413212,OZEMPIC 0.,2020,4,false,142.500,89,74908.49
MCOU,NM,00169413212,OZEMPIC 0.,2020,4,false,154.500,103,80609.52
MCOU,NM,00169413602,OZEMPIC 1 ,2020,4,false,163.500,44,39312.10
FFSU,NM,00169413602,OZEMPIC 1 ,2020,4,false,147.000,45,30029.97
MCOU,NM,00169413212,OZEMPIC 0.,2020,3,false,144.000,92,73470.08
FFSU,NM,00169413212,OZEMPIC 0.,2020,3,false,132.000,82,68583.53
MCOU,NM,00169413602,OZEMPIC 1 ,2020,3,false,108.000,33,27253.23
FFSU,NM,00169413602,OZEMPIC 1 ,2020,3,false,81.000,25,16963.20
FFSU,NM,00169413211,OZEMPIC 0.,2020,2,true,,,
FFSU,NM,00169413212,OZEMPIC 0.,2020,2,false,102.000,62,53715.08
MCOU,NM,00169413212,OZEMPIC 0.,2020,2,false,109.500,68,56064.42
FFSU,NM,00169413602,OZEMPIC 1 ,2020,2,false,54.000,18,10196.32
MCOU,NM,00169413602,OZEMPIC 1 ,2020,2,false,60.000,18,14270.08
FFSU,NM,00169413212,OZEMPIC 0.,2020,1,false,69.000,40,35991.37
FFSU,NM,00169413602,OZEMPIC 1 ,2020,1,true,,,
MCOU,NM,00169413602,OZEMPIC 1 ,2020,1,true,,,
FFSU,NV,00169413212,OZEMPIC 0.,2020,4,false,136.500,67,71602.49
MCOU,NV,00169413212,OZEMPIC 0.,2020,4,false,165.000,106,85949.29
MCOU,NV,00169413602,OZEMPIC 1M,2020,4,false,120.000,36,25709.01
FFSU,NV,00169413602,OZEMPIC 1M,2020,4,false,330.000,78,87976.57
MCOU,NV,00169413212,OZEMPIC 0.,2020,3,false,73.500,44,25498.92
FFSU,NV,00169413212,OZEMPIC 0.,2020,3,false,144.000,75,71041.50
MCOU,NV,00169413602,OZEMPIC 1M,2020,3,false,1159.500,385,317315.73
FFSU,NV,00169413602,OZEMPIC 1M,2020,3,false,288.000,70,70926.49
FFSU,NV,00169413212,OZEMPIC 0.,2020,2,false,117.000,55,58446.55
MCOU,NV,00169413212,OZEMPIC 0.,2020,2,false,732.000,487,148972.20
FFSU,NV,00169413602,OZEMPIC 1M,2020,2,false,324.000,76,77406.20
MCOU,NV,00169413602,OZEMPIC 1M,2020,2,false,1189.500,394,108102.19
MCOU,NV,00169413211,OZEMPIC 0.,2020,1,true,,,
MCOU,NV,00169413212,OZEMPIC 0.,2020,1,false,52.500,35,21081.83
FFSU,NV,00169413212,OZEMPIC 0.,2020,1,false,91.500,46,46394.13
FFSU,NV,00169413602,OZEMPIC 1M,2020,1,false,222.000,54,53925.18
MCOU,NV,00169413602,OZEMPIC 1M,2020,1,false,987.000,328,144545.90
MCOU,NY,00169413211,OZEMPIC   ,2020,4,false,36.000,24,18951.39
FFSU,NY,00169413212,OZEMPIC   ,2020,4,false,507.000,276,264434.76
MCOU,NY,00169413212,OZEMPIC   ,2020,4,false,14326.000,9296,7526432.85
MCOU,NY,00169413602,OZEMPIC   ,2020,4,false,20308.000,6560,5325535.32
FFSU,NY,00169413602,OZEMPIC   ,2020,4,false,819.000,233,214377.11
MCOU,NY,00169413211,OZEMPIC   ,2020,3,false,33.000,22,17377.76
FFSU,NY,00169413212,OZEMPIC   ,2020,3,false,447.000,245,231798.86
MCOU,NY,00169413212,OZEMPIC   ,2020,3,false,12198.500,7948,6404536.71
MCOU,NY,00169413602,OZEMPIC   ,2020,3,false,16636.000,5396,4363744.39
FFSU,NY,00169413602,OZEMPIC   ,2020,3,false,679.500,195,176244.77
MCOU,NY,00169413611,OZEMPIC   ,2020,3,true,,,
MCOU,NY,00169413211,OZEMPIC   ,2020,2,true,,,
FFSU,NY,00169413212,OZEMPIC   ,2020,2,false,494.520,273,257049.71
MCOU,NY,00169413212,OZEMPIC   ,2020,2,false,10125.500,6607,5309907.12
MCOU,NY,00169413602,OZEMPIC   ,2020,2,false,13526.000,4423,3548562.20
FFSU,NY,00169413602,OZEMPIC   ,2020,2,false,540.000,155,141347.31
MCOU,NY,00169413611,OZEMPIC   ,2020,2,true,,,
MCOU,NY,00169413211,OZEMPIC   ,2020,1,false,24.000,16,12587.16
FFSU,NY,00169413212,OZEMPIC   ,2020,1,false,451.340,254,228477.31
MCOU,NY,00169413212,OZEMPIC   ,2020,1,false,9323.000,6133,4853808.99
MCOU,NY,00169413602,OZEMPIC   ,2020,1,false,11467.000,3806,2986416.09
FFSU,NY,00169413602,OZEMPIC   ,2020,1,false,459.000,133,118335.06
MCOU,NY,00169413611,OZEMPIC   ,2020,1,true,,,
MCOU,OH,00169413211,OZEMPIC 0.,2020,4,true,,,
FFSU,OH,00169413212,OZEMPIC 0.,2020,4,false,34.500,21,18111.32
MCOU,OH,00169413212,OZEMPIC 0.,2020,4,false,2214.000,1410,1162363.01
MCOU,OH,00169413602,OZEMPIC 1M,2020,4,false,4366.500,1405,1152208.69
FFSU,OH,00169413602,OZEMPIC 1M,2020,4,false,48.000,16,12601.79
MCOU,OH,00169413211,OZEMPIC 0.,2020,3,true,,,
FFSU,OH,00169413212,OZEMPIC 0.,2020,3,false,46.500,25,24394.55
MCOU,OH,00169413212,OZEMPIC 0.,2020,3,false,2421.000,1521,1271901.05
FFSU,OH,00169413602,OZEMPIC 1M,2020,3,false,48.000,16,12629.53
MCOU,OH,00169413602,OZEMPIC 1M,2020,3,false,4200.000,1354,1108161.20
FFSU,OH,00169413212,OZEMPIC 0.,2020,2,false,36.000,22,18896.11
MCOU,OH,00169413212,OZEMPIC 0.,2020,2,false,3166.500,1991,1659774.52
FFSU,OH,00169413602,OZEMPIC 1M,2020,2,false,52.500,18,13802.25
MCOU,OH,00169413602,OZEMPIC 1M,2020,2,false,4791.000,1530,1254885.72
FFSU,OH,00169413212,OZEMPIC 0.,2020,1,false,27.000,18,13699.52
MCOU,OH,00169413212,OZEMPIC 0.,2020,1,false,3794.500,2499,1980185.35
FFSU,OH,00169413602,OZEMPIC 1M,2020,1,false,40.500,14,10298.56
MCOU,OH,00169413602,OZEMPIC 1M,2020,1,false,4625.000,1545,1206660.64
FFSU,OK,00169413212,OZEMPIC 0.,2020,4,false,162.000,108,80538.98
FFSU,OK,00169413602,OZEMPIC 1M,2020,4,false,231.000,77,60824.57
FFSU,OK,00169413212,OZEMPIC 0.,2020,3,false,118.500,79,62257.55
FFSU,OK,00169413602,OZEMPIC 1M,2020,3,false,204.000,68,53781.88
FFSU,OK,00169413212,OZEMPIC 0.,2020,2,false,82.500,55,43331.70
FFSU,OK,00169413602,OZEMPIC 1M,2020,2,false,165.000,55,43016.08
FFSU,OK,00169413212,OZEMPIC 0.,2020,1,false,54.000,36,26634.48
FFSU,OK,00169413602,OZEMPIC 1M,2020,1,false,115.500,40,29935.89
MCOU,OR,00169413212,OZEMPIC 0.,2020,4,false,270.000,166,141121.18
FFSU,OR,00169413212,OZEMPIC 0.,2020,4,true,,,
FFSU,OR,00169413602,OZEMPIC 1M,2020,4,false,69.000,21,18140.90
MCOU,OR,00169413602,OZEMPIC 1M,2020,4,false,510.000,158,132184.75
MCOU,OR,00169413212,OZEMPIC 0.,2020,3,false,232.500,148,120665.99
FFSU,OR,00169413212,OZEMPIC 0.,2020,3,false,18.000,11,9447.33
MCOU,OR,00169413602,OZEMPIC 1M,2020,3,false,445.500,147,117623.57
FFSU,OR,00169413602,OZEMPIC 1M,2020,3,false,69.000,19,18067.40
FFSU,OR,00169413212,OZEMPIC 0.,2020,2,true,,,
MCOU,OR,00169413212,OZEMPIC 0.,2020,2,false,240.000,157,126110.33
FFSU,OR,00169413602,OZEMPIC 1M,2020,2,false,66.000,22,17310.28
MCOU,OR,00169413602,OZEMPIC 1M,2020,2,false,420.000,133,109528.42
MCOU,OR,00169413212,OZEMPIC 0.,2020,1,false,195.000,125,102099.08
FFSU,OR,00169413212,OZEMPIC 0.,2020,1,true,,,
MCOU,OR,00169413602,OZEMPIC 1M,2020,1,false,327.000,99,85625.75
FFSU,OR,00169413602,OZEMPIC 1M,2020,1,false,63.000,22,16418.16
MCOU,PA,00169413211,OZEMPIC 0.,2020,4,true,,,
FFSU,PA,00169413212,OZEMPIC 0.,2020,4,false,88.500,49,45991.04
MCOU,PA,00169413212,OZEMPIC 0.,2020,4,false,1479.750,880,770329.87
MCOU,PA,00169413602,OZEMPIC 1M,2020,4,false,3220.500,986,841490.01
FFSU,PA,00169413602,OZEMPIC 1M,2020,4,false,261.000,75,67807.64
MCOU,PA,00169413211,OZEMPIC 0.,2020,3,true,,,
FFSU,PA,00169413212,OZEMPIC 0.,2020,3,false,105.000,57,54624.80
MCOU,PA,00169413212,OZEMPIC 0.,2020,3,false,1518.500,912,790492.81
MCOU,PA,00169413602,OZEMPIC 1M,2020,3,false,3055.000,951,794741.91
FFSU,PA,00169413602,OZEMPIC 1M,2020,3,false,186.000,52,48364.50
MCOU,PA,00169413211,OZEMPIC 0.,2020,2,true,,,
MCOU,PA,00169413212,OZEMPIC 0.,2020,2,false,1804.000,1122,948658.25
FFSU,PA,00169413212,OZEMPIC 0.,2020,2,false,121.500,64,63241.24
MCOU,PA,00169413602,OZEMPIC 1M,2020,2,false,3193.500,1025,836150.59
FFSU,PA,00169413602,OZEMPIC 1M,2020,2,false,174.000,51,45246.00
MCOU,PA,00169413211,OZEMPIC 0.,2020,1,true,,,
FFSU,PA,00169413212,OZEMPIC 0.,2020,1,false,61.500,36,30690.32
MCOU,PA,00169413212,OZEMPIC 0.,2020,1,false,2001.000,1279,1049601.55
MCOU,PA,00169413602,OZEMPIC 1M,2020,1,false,2878.000,930,752954.49
FFSU,PA,00169413602,OZEMPIC 1M,2020,1,false,108.000,31,27047.64
FFSU,RI,00169413212,OZEMPIC 0.,2020,4,true,,,
MCOU,RI,00169413212,OZEMPIC 0.,2020,4,false,133.500,87,69150.65
MCOU,RI,00169413602,OZEMPIC 1M,2020,4,false,258.000,80,64144.89
MCOU,RI,00169413212,OZEMPIC 0.,2020,3,false,111.000,72,58455.63
FFSU,RI,00169413212,OZEMPIC 0.,2020,3,true,,,
MCOU,RI,00169413602,OZEMPIC 1M,2020,3,false,186.000,58,46518.69
FFSU,RI,00169413212,OZEMPIC 0.,2020,2,true,,,
MCOU,RI,00169413212,OZEMPIC 0.,2020,2,false,81.000,49,42397.01
MCOU,RI,00169413602,OZEMPIC 1M,2020,2,false,111.000,37,29602.27
MCOU,RI,00169413212,OZEMPIC 0.,2020,1,false,45.000,26,21461.73
MCOU,RI,00169413602,OZEMPIC 1M,2020,1,false,39.000,13,10405.70
FFSU,SC,00169413212,OZEMPIC   ,2020,4,false,43.500,27,22601.26
MCOU,SC,00169413212,OZEMPIC   ,2020,4,false,1474.500,975,760096.26
MCOU,SC,00169413602,OZEMPIC   ,2020,4,false,2140.500,713,554300.75
FFSU,SC,00169413602,OZEMPIC   ,2020,4,false,82.500,28,21708.63
MCOU,SC,00169413212,OZEMPIC   ,2020,3,false,1410.000,928,728153.77
FFSU,SC,00169413212,OZEMPIC   ,2020,3,false,31.500,21,16531.61
FFSU,SC,00169413602,OZEMPIC   ,2020,3,false,72.000,25,17632.70
MCOU,SC,00169413602,OZEMPIC   ,2020,3,false,1935.000,643,502912.72
FFSU,SC,00169413212,OZEMPIC   ,2020,2,false,40.500,25,19038.42
MCOU,SC,00169413212,OZEMPIC   ,2020,2,false,1610.000,852,662778.44
MCOU,SC,00169413602,OZEMPIC   ,2020,2,false,1641.500,547,419411.87
FFSU,SC,00169413602,OZEMPIC   ,2020,2,false,51.000,17,13943.18
MCOU,SC,00169413212,OZEMPIC   ,2020,1,false,1543.000,771,594175.58
FFSU,SC,00169413212,OZEMPIC   ,2020,1,false,33.000,22,17731.44
MCOU,SC,00169413602,OZEMPIC   ,2020,1,false,1309.000,441,333348.53
FFSU,SC,00169413602,OZEMPIC   ,2020,1,false,57.000,19,15506.40
FFSU,SD,00169413212,OZEMPIC 0.,2020,4,false,129.000,81,67806.50
FFSU,SD,00169413602,OZEMPIC 1M,2020,4,false,270.000,87,70967.34
FFSU,SD,00169413212,OZEMPIC 0.,2020,3,false,117.000,74,61581.12
FFSU,SD,00169413602,OZEMPIC 1M,2020,3,false,258.000,86,67940.00
FFSU,SD,00169413212,OZEMPIC 0.,2020,2,false,99.000,65,52132.14
FFSU,SD,00169413602,OZEMPIC 1M,2020,2,false,223.500,74,58849.75
FFSU,SD,00169413212,OZEMPIC 0.,2020,1,false,91.500,55,46367.51
FFSU,SD,00169413602,OZEMPIC 1M,2020,1,false,177.000,60,44292.01
FFSU,TN,00169413211,OZEMPIC 0.,2020,4,true,,,
FFSU,TN,00169413212,OZEMPIC 0.,2020,4,false,961.500,637,504982.88
FFSU,TN,00169413602,OZEMPIC 1M,2020,4,false,1620.000,543,425402.47
FFSU,TN,00169413212,OZEMPIC 0.,2020,3,false,822.000,548,432175.39
FFSU,TN,00169413602,OZEMPIC 1M,2020,3,false,1105.500,371,290643.43
FFSU,TN,00169413212,OZEMPIC 0.,2020,2,false,663.000,442,348518.28
FFSU,TN,00169413602,OZEMPIC 1M,2020,2,false,802.500,268,210914.43
FFSU,TN,00169413611,OZEMPIC 1M,2020,2,true,,,
FFSU,TN,00169413211,OZEMPIC 0.,2020,1,true,,,
FFSU,TN,00169413212,OZEMPIC 0.,2020,1,false,459.000,303,237937.61
FFSU,TN,00169413602,OZEMPIC 1M,2020,1,false,525.000,174,135436.55
FFSU,TX,00169413212,OZEMPIC 0.,2020,4,true,,,
MCOU,TX,00169413212,OZEMPIC 0.,2020,4,false,1527.000,927,803267.25
FFSU,TX,00169413602,OZEMPIC 1 ,2020,4,true,,,
MCOU,TX,00169413602,OZEMPIC 1 ,2020,4,false,2364.000,721,621716.86
FFSU,TX,00169413212,OZEMPIC 0.,2020,3,true,,,
MCOU,TX,00169413212,OZEMPIC 0.,2020,3,false,1302.000,794,685903.67
MCOU,TX,00169413602,OZEMPIC 1 ,2020,3,false,2079.000,639,548435.17
FFSU,TX,00169413602,OZEMPIC 1 ,2020,3,true,,,
FFSU,TX,00169413212,OZEMPIC 0.,2020,2,true,,,
MCOU,TX,00169413212,OZEMPIC 0.,2020,2,false,1236.000,769,651195.98
MCOU,TX,00169413602,OZEMPIC 1 ,2020,2,false,1744.500,551,460342.05
FFSU,TX,00169413602,OZEMPIC 1 ,2020,2,true,,,
MCOU,TX,00169413212,OZEMPIC 0.,2020,1,false,1141.500,741,604329.00
FFSU,TX,00169413212,OZEMPIC 0.,2020,1,false,21.000,11,11069.66
MCOU,TX,00169413602,OZEMPIC 1 ,2020,1,false,1242.000,408,329338.98
FFSU,TX,00169413602,OZEMPIC 1 ,2020,1,true,,,
MCOU,UT,00169413212,OZEMPIC 0.,2020,4,false,189.000,121,127263.55
FFSU,UT,00169413212,OZEMPIC 0.,2020,4,false,147.000,96,71893.58
MCOU,UT,00169413602,OZEMPIC 1M,2020,4,false,225.000,76,71822.13
FFSU,UT,00169413602,OZEMPIC 1M,2020,4,false,126.000,42,30894.62
FFSU,UT,00169413212,OZEMPIC 0.,2020,3,false,79.500,51,39887.55
MCOU,UT,00169413212,OZEMPIC 0.,2020,3,false,133.500,84,92337.27
FFSU,UT,00169413602,OZEMPIC 1M,2020,3,false,99.000,33,25064.12
MCOU,UT,00169413602,OZEMPIC 1M,2020,3,false,148.500,50,56851.96
FFSU,UT,00169413212,OZEMPIC 0.,2020,2,false,84.000,54,42833.81
MCOU,UT,00169413212,OZEMPIC 0.,2020,2,false,76.500,48,40172.36
FFSU,UT,00169413602,OZEMPIC 1M,2020,2,false,49.500,17,11767.06
MCOU,UT,00169413602,OZEMPIC 1M,2020,2,false,126.000,42,33446.42
MCOU,UT,00169413212,OZEMPIC 0.,2020,1,false,60.000,39,32062.85
FFSU,UT,00169413212,OZEMPIC 0.,2020,1,false,30.000,19,14822.62
MCOU,UT,00169413602,OZEMPIC 1M,2020,1,false,54.000,18,14205.64
FFSU,UT,00169413602,OZEMPIC 1M,2020,1,true,,,
FFSU,VA,00169413212,OZEMPIC   ,2020,4,true,,,
MCOU,VA,00169413212,OZEMPIC   ,2020,4,false,1165.500,633,612352.58
MCOU,VA,00169413602,OZEMPIC   ,2020,4,false,2067.000,547,542499.17
FFSU,VA,00169413602,OZEMPIC   ,2020,4,true,,,
MCOU,VA,00169413611,OZEMPIC   ,2020,4,true,,,
FFSU,VA,00169413212,OZEMPIC   ,2020,3,true,,,
MCOU,VA,00169413212,OZEMPIC   ,2020,3,false,999.000,560,525803.82
MCOU,VA,00169413602,OZEMPIC   ,2020,3,false,1506.000,420,392128.66
MCOU,VA,00169413212,OZEMPIC   ,2020,2,false,801.000,463,423928.10
FFSU,VA,00169413212,OZEMPIC   ,2020,2,true,,,
MCOU,VA,00169413602,OZEMPIC   ,2020,2,false,1164.000,332,304736.01
FFSU,VA,00169413602,OZEMPIC   ,2020,2,true,,,
FFSU,VA,00169413212,OZEMPIC   ,2020,1,true,,,
MCOU,VA,00169413212,OZEMPIC   ,2020,1,false,495.000,316,257321.01
MCOU,VA,00169413602,OZEMPIC   ,2020,1,false,808.500,253,211187.30
FFSU,VA,00169413602,OZEMPIC   ,2020,1,true,,,
FFSU,VT,00169413212,OZEMPIC 0.,2020,4,false,172.500,115,90503.97
FFSU,VT,00169413602,OZEMPIC 1M,2020,4,false,459.000,153,120380.55
FFSU,VT,00169413212,OZEMPIC 0.,2020,3,false,171.000,113,88291.04
FFSU,VT,00169413602,OZEMPIC 1M,2020,3,false,324.000,106,82773.15
FFSU,VT,00169413212,OZEMPIC 0.,2020,2,false,172.500,114,90573.92
FFSU,VT,00169413602,OZEMPIC 1M,2020,2,false,219.000,73,57496.99
FFSU,VT,00169413212,OZEMPIC 0.,2020,1,false,123.000,80,63384.84
FFSU,VT,00169413602,OZEMPIC 1M,2020,1,false,184.500,61,46785.11
MCOU,WA,00169413212,OZEMPIC 0.,2020,4,false,301.500,188,152513.06
FFSU,WA,00169413212,OZEMPIC 0.,2020,4,false,18.000,11,9389.60
FFSU,WA,00169413602,OZEMPIC 1M,2020,4,false,60.000,20,15655.17
MCOU,WA,00169413602,OZEMPIC 1M,2020,4,false,729.000,224,181670.95
FFSU,WA,00169413212,OZEMPIC 0.,2020,3,false,21.000,11,10960.20
MCOU,WA,00169413212,OZEMPIC 0.,2020,3,false,277.500,179,143963.08
FFSU,WA,00169413602,OZEMPIC 1M,2020,3,false,57.000,19,14891.06
MCOU,WA,00169413602,OZEMPIC 1M,2020,3,false,576.000,176,142793.81
MCOU,WA,00169413212,OZEMPIC 0.,2020,2,false,289.500,184,148676.82
FFSU,WA,00169413212,OZEMPIC 0.,2020,2,true,,,
FFSU,WA,00169413602,OZEMPIC 1M,2020,2,false,54.000,16,14098.84
MCOU,WA,00169413602,OZEMPIC 1M,2020,2,false,415.500,128,105616.38
FFSU,WA,00169413212,OZEMPIC 0.,2020,1,false,18.000,12,9256.88
MCOU,WA,00169413212,OZEMPIC 0.,2020,1,false,210.000,137,106972.45
MCOU,WA,00169413602,OZEMPIC 1M,2020,1,false,343.500,113,83334.94
FFSU,WA,00169413602,OZEMPIC 1M,2020,1,false,33.000,12,8588.26
FFSU,WI,00169413212,OZEMPIC 0.,2020,4,false,51.000,32,26815.46
FFSU,WI,00169413602,OZEMPIC 1M,2020,4,false,78.000,23,20477.75
FFSU,WI,00169413212,OZEMPIC 0.,2020,3,false,31.500,20,16568.54
FFSU,WI,00169413602,OZEMPIC 1M,2020,3,false,78.000,20,20388.48
FFSU,WI,00169413212,OZEMPIC 0.,2020,2,true,,,
FFSU,WI,00169413602,OZEMPIC 1M,2020,2,true,,,
FFSU,WI,00169413212,OZEMPIC 0.,2020,1,false,16.500,11,8542.07
FFSU,WI,00169413602,OZEMPIC 1M,2020,1,true,,,
FFSU,WV,00169413212,OZEMPIC 0.,2020,4,false,2943.000,1948,1541988.63
FFSU,WV,00169413602,OZEMPIC 1 ,2020,4,false,2449.500,818,642658.36
FFSU,WV,00169413212,OZEMPIC 0.,2020,3,false,2403.000,1588,1261769.33
FFSU,WV,00169413602,OZEMPIC 1 ,2020,3,false,1785.000,591,468191.26
FFSU,WV,00169413212,OZEMPIC 0.,2020,2,false,1656.000,1091,869424.65
FFSU,WV,00169413602,OZEMPIC 1 ,2020,2,false,1353.000,452,355069.50
FFSU,WV,00169413211,OZEMPIC 0.,2020,1,true,,,
FFSU,WV,00169413212,OZEMPIC 0.,2020,1,false,1624.500,1073,833008.18
FFSU,WV,00169413602,OZEMPIC 1 ,2020,1,false,1084.500,359,278065.38
FFSU,WY,00169413212,OZEMPIC 0.,2020,4,false,34.500,17,15068.50
FFSU,WY,00169413212,OZEMPIC 0.,2020,3,false,24.000,14,10350.07
FFSU,WY,00169413212,OZEMPIC 0.,2020,2,false,16.500,11,7911.75
FFSU,WY,00169413602,OZEMPIC 1M,2020,2,true,,,
FFSU,WY,00169413212,OZEMPIC 0.,2020,1,true,,,
FFSU,WY,00169413602,OZEMPIC 1M,2020,1,true,,,
FFSU,AK,00169430313,RYBELSUS  ,2020,4,true,,,
FFSU,AK,00169430713,RYBELSUS  ,2020,4,false,360.000,11,9550.49
FFSU,AK,00169431413,RYBELSUS  ,2020,4,false,330.000,11,8666.64
FFSU,AK,00169430313,RYBELSUS  ,2020,3,true,,,
FFSU,AK,00169430713,RYBELSUS  ,2020,3,true,,,
FFSU,AK,00169431413,RYBELSUS  ,2020,3,false,360.000,11,8947.05
FFSU,AK,00169430313,RYBELSUS  ,2020,2,true,,,
FFSU,AK,00169430713,RYBELSUS  ,2020,2,true,,,
FFSU,AK,00169431413,RYBELSUS  ,2020,2,true,,,
FFSU,AK,00169430313,RYBELSUS  ,2020,1,true,,,
FFSU,AK,00169430713,RYBELSUS  ,2020,1,true,,,
FFSU,AL,00169430313,RYBELSUS 3,2020,4,false,455.000,17,12977.10
FFSU,AL,00169430713,RYBELSUS 7,2020,4,false,1230.000,41,32758.99
FFSU,AL,00169431413,RYBELSUS 1,2020,4,true,,,
FFSU,AL,00169430313,RYBELSUS 3,2020,3,true,,,
FFSU,AL,00169430713,RYBELSUS 7,2020,3,false,780.000,26,19817.98
FFSU,AL,00169431413,RYBELSUS 1,2020,3,true,,,
FFSU,AL,00169430313,RYBELSUS 3,2020,2,true,,,
FFSU,AL,00169430713,RYBELSUS 7,2020,2,true,,,
FFSU,AL,00169430313,RYBELSUS 3,2020,1,true,,,
FFSU,AL,00169430713,RYBELSUS 7,2020,1,true,,,
MCOU,AR,00169430313,RYBELSUS  ,2020,4,true,,,
MCOU,AR,00169430713,RYBELSUS  ,2020,4,true,,,
MCOU,AR,00169430313,RYBELSUS  ,2020,3,true,,,
MCOU,AZ,00169430313,RYBELSUS  ,2020,4,true,,,
FFSU,AZ,00169430713,RYBELSUS  ,2020,4,true,,,
MCOU,AZ,00169430713,RYBELSUS  ,2020,4,true,,,
MCOU,AZ,00169431413,RYBELSUS  ,2020,4,true,,,
MCOU,AZ,00169430313,RYBELSUS  ,2020,3,true,,,
MCOU,AZ,00169430713,RYBELSUS  ,2020,3,false,450.000,15,11433.73
MCOU,AZ,00169431413,RYBELSUS  ,2020,3,true,,,
MCOU,AZ,00169430313,RYBELSUS  ,2020,2,true,,,
MCOU,AZ,00169430713,RYBELSUS  ,2020,2,true,,,
MCOU,AZ,00169431413,RYBELSUS  ,2020,2,true,,,
MCOU,AZ,00169430313,RYBELSUS  ,2020,1,true,,,
MCOU,AZ,00169430713,RYBELSUS  ,2020,1,true,,,
MCOU,CA,00169430313,RYBELSUS 3,2020,4,false,13270.000,397,351735.04
FFSU,CA,00169430313,RYBELSUS 3,2020,4,false,3120.000,95,84697.99
MCOU,CA,00169430713,RYBELSUS 7,2020,4,false,17781.000,520,469607.23
FFSU,CA,00169430713,RYBELSUS 7,2020,4,false,5010.000,136,136505.04
FFSU,CA,00169431413,RYBELSUS 1,2020,4,false,1650.000,49,44935.92
MCOU,CA,00169431413,RYBELSUS 1,2020,4,false,4260.000,98,112031.66
MCOU,CA,00169430313,RYBELSUS 3,2020,3,false,6830.000,207,170135.85
FFSU,CA,00169430313,RYBELSUS 3,2020,3,false,2430.000,73,62514.67
MCOU,CA,00169430713,RYBELSUS 7,2020,3,false,7200.000,203,180274.81
FFSU,CA,00169430713,RYBELSUS 7,2020,3,false,3060.000,80,78448.62
FFSU,CA,00169431413,RYBELSUS 1,2020,3,false,1140.000,32,29364.35
MCOU,CA,00169431413,RYBELSUS 1,2020,3,false,1590.000,41,39716.26
MCOU,CA,00169430313,RYBELSUS 3,2020,2,false,2100.000,64,52755.92
FFSU,CA,00169430313,RYBELSUS 3,2020,2,false,1950.000,57,49553.01
MCOU,CA,00169430713,RYBELSUS 7,2020,2,false,3180.000,89,79858.50
FFSU,CA,00169430713,RYBELSUS 7,2020,2,false,2190.000,61,56208.15
MCOU,CA,00169431413,RYBELSUS 1,2020,2,false,450.000,13,11373.32
FFSU,CA,00169431413,RYBELSUS 1,2020,2,false,540.000,16,13997.97
MCOU,CA,00169430313,RYBELSUS 3,2020,1,false,690.000,22,17440.71
FFSU,CA,00169430313,RYBELSUS 3,2020,1,false,930.000,31,23916.15
MCOU,CA,00169430713,RYBELSUS 7,2020,1,false,930.000,31,23561.14
FFSU,CA,00169430713,RYBELSUS 7,2020,1,false,812.000,26,21196.30
MCOU,CA,00169431413,RYBELSUS 1,2020,1,true,,,
MCOU,CO,00169430313,RYBELSUS  ,2020,4,true,,,
FFSU,CO,00169430313,RYBELSUS  ,2020,4,true,,,
FFSU,CO,00169430713,RYBELSUS  ,2020,4,true,,,
MCOU,CO,00169430713,RYBELSUS  ,2020,4,true,,,
FFSU,CO,00169431413,RYBELSUS  ,2020,4,true,,,
FFSU,CO,00169430313,RYBELSUS  ,2020,3,true,,,
MCOU,CO,00169430313,RYBELSUS  ,2020,3,true,,,
MCOU,CO,00169430713,RYBELSUS  ,2020,3,true,,,
FFSU,CO,00169430713,RYBELSUS  ,2020,3,true,,,
FFSU,CO,00169431413,RYBELSUS  ,2020,3,true,,,
MCOU,CO,00169430313,RYBELSUS  ,2020,2,true,,,
FFSU,CO,00169430713,RYBELSUS  ,2020,2,true,,,
MCOU,CO,00169430713,RYBELSUS  ,2020,2,true,,,
FFSU,CO,00169431413,RYBELSUS  ,2020,2,true,,,
FFSU,CO,00169430313,RYBELSUS  ,2020,1,true,,,
FFSU,CO,00169430713,RYBELSUS  ,2020,1,false,450.000,11,11712.82
FFSU,CO,00169431413,RYBELSUS  ,2020,1,true,,,
FFSU,CT,00169430313,RYBELSUS 3,2020,4,false,4005.000,115,104864.73
FFSU,CT,00169430713,RYBELSUS 7,2020,4,false,5780.000,126,150553.44
FFSU,CT,00169431413,RYBELSUS 1,2020,4,false,2520.000,52,65520.71
FFSU,CT,00169430313,RYBELSUS 3,2020,3,false,2066.000,60,51690.26
FFSU,CT,00169430713,RYBELSUS 7,2020,3,false,3130.000,82,78416.47
FFSU,CT,00169431413,RYBELSUS 1,2020,3,false,1560.000,34,38753.03
FFSU,CT,00169430313,RYBELSUS 3,2020,2,false,1404.000,40,35108.30
FFSU,CT,00169430713,RYBELSUS 7,2020,2,false,2070.000,59,51929.06
FFSU,CT,00169431413,RYBELSUS 1,2020,2,false,870.000,21,21634.17
FFSU,CT,00169430313,RYBELSUS 3,2020,1,false,1234.000,41,31345.74
FFSU,CT,00169430713,RYBELSUS 7,2020,1,false,960.000,29,24210.38
FFSU,CT,00169431413,RYBELSUS 1,2020,1,true,,,
MCOU,DC,00169430313,RYBELSUS 3,2020,4,true,,,
MCOU,DC,00169430713,RYBELSUS 7,2020,4,true,,,
MCOU,DC,00169431413,RYBELSUS 1,2020,4,true,,,
MCOU,DC,00169430313,RYBELSUS 3,2020,3,true,,,
MCOU,DC,00169430713,RYBELSUS 7,2020,3,true,,,
FFSU,DC,00169430713,RYBELSUS 7,2020,3,true,,,
MCOU,DC,00169431413,RYBELSUS 1,2020,3,true,,,
MCOU,DC,00169430313,RYBELSUS 3,2020,2,true,,,
MCOU,DC,00169430713,RYBELSUS 7,2020,2,true,,,
MCOU,DC,00169430313,RYBELSUS 3,2020,1,true,,,
MCOU,DC,00169430713,RYBELSUS 7,2020,1,true,,,
MCOU,DE,00169430313,RYBELSUS 3,2020,4,true,,,
MCOU,DE,00169430713,RYBELSUS 7,2020,4,true,,,
MCOU,DE,00169431413,RYBELSUS 1,2020,4,true,,,
MCOU,DE,00169430313,RYBELSUS 3,2020,3,true,,,
MCOU,DE,00169430713,RYBELSUS 7,2020,3,true,,,
MCOU,DE,00169431413,RYBELSUS 1,2020,3,true,,,
MCOU,DE,00169430313,RYBELSUS 3,2020,2,true,,,
MCOU,DE,00169430713,RYBELSUS 7,2020,2,true,,,
MCOU,DE,00169431413,RYBELSUS 1,2020,2,true,,,
MCOU,DE,00169430313,RYBELSUS 3,2020,1,true,,,
MCOU,DE,00169430713,RYBELSUS 7,2020,1,true,,,
MCOU,DE,00169431413,RYBELSUS 1,2020,1,true,,,
FFSU,FL,00169430313,RYBELSUS  ,2020,4,true,,,
MCOU,FL,00169430313,RYBELSUS  ,2020,4,false,450.000,15,11752.59
MCOU,FL,00169430713,RYBELSUS  ,2020,4,false,970.000,29,25272.52
MCOU,FL,00169431413,RYBELSUS  ,2020,4,false,330.000,11,8666.64
MCOU,FL,00169430313,RYBELSUS  ,2020,3,false,360.000,12,8863.73
FFSU,FL,00169430313,RYBELSUS  ,2020,3,true,,,
MCOU,FL,00169430713,RYBELSUS  ,2020,3,false,660.000,22,16285.66
FFSU,FL,00169430713,RYBELSUS  ,2020,3,true,,,
MCOU,FL,00169431413,RYBELSUS  ,2020,3,true,,,
MCOU,FL,00169430313,RYBELSUS  ,2020,2,true,,,
MCOU,FL,00169430713,RYBELSUS  ,2020,2,true,,,
FFSU,FL,00169430713,RYBELSUS  ,2020,2,true,,,
MCOU,FL,00169430313,RYBELSUS  ,2020,1,true,,,
FFSU,FL,00169430313,RYBELSUS  ,2020,1,true,,,
FFSU,FL,00169430713,RYBELSUS  ,2020,1,true,,,
MCOU,FL,00169430713,RYBELSUS  ,2020,1,true,,,
MCOU,FL,00169431413,RYBELSUS  ,2020,1,true,,,
MCOU,GA,00169430313,RYBELSUS  ,2020,4,false,390.000,13,10414.35
FFSU,GA,00169430313,RYBELSUS  ,2020,4,true,,,
FFSU,GA,00169430713,RYBELSUS  ,2020,4,false,480.000,14,12659.83
MCOU,GA,00169430713,RYBELSUS  ,2020,4,false,780.000,24,20677.87
FFSU,GA,00169431413,RYBELSUS  ,2020,4,true,,,
MCOU,GA,00169431413,RYBELSUS  ,2020,4,true,,,
MCOU,GA,00169430313,RYBELSUS  ,2020,3,true,,,
FFSU,GA,00169430313,RYBELSUS  ,2020,3,true,,,
FFSU,GA,00169430713,RYBELSUS  ,2020,3,true,,,
MCOU,GA,00169430713,RYBELSUS  ,2020,3,false,420.000,12,10646.47
MCOU,GA,00169431413,RYBELSUS  ,2020,3,true,,,
FFSU,GA,00169431413,RYBELSUS  ,2020,3,true,,,
FFSU,GA,00169430313,RYBELSUS  ,2020,2,true,,,
MCOU,GA,00169430313,RYBELSUS  ,2020,2,true,,,
FFSU,GA,00169430713,RYBELSUS  ,2020,2,true,,,
MCOU,GA,00169430713,RYBELSUS  ,2020,2,true,,,
FFSU,GA,00169431413,RYBELSUS  ,2020,2,true,,,
MCOU,GA,00169430313,RYBELSUS  ,2020,1,true,,,
MCOU,GA,00169430713,RYBELSUS  ,2020,1,true,,,
MCOU,HI,00169430313,RYBELSUS 3,2020,4,true,,,
MCOU,HI,00169430713,RYBELSUS 7,2020,4,true,,,
MCOU,HI,00169430313,RYBELSUS 3,2020,3,true,,,
MCOU,HI,00169430713,RYBELSUS 7,2020,3,true,,,
MCOU,HI,00169431413,RYBELSUS 1,2020,3,true,,,
MCOU,HI,00169430313,RYBELSUS 3,2020,2,true,,,
MCOU,HI,00169430713,RYBELSUS 7,2020,2,true,,,
MCOU,IA,00169430313,RYBELSUS 3,2020,4,true,,,
MCOU,IA,00169430713,RYBELSUS 7,2020,4,false,1170.000,29,33677.64
MCOU,IA,00169431413,RYBELSUS 1,2020,4,false,360.000,11,10927.61
MCOU,IA,00169430313,RYBELSUS 3,2020,3,true,,,
MCOU,IA,00169430713,RYBELSUS 7,2020,3,false,1110.000,33,27689.69
MCOU,IA,00169431413,RYBELSUS 1,2020,3,true,,,
MCOU,IA,00169430313,RYBELSUS 3,2020,2,true,,,
MCOU,IA,00169430713,RYBELSUS 7,2020,2,true,,,
MCOU,IA,00169430713,RYBELSUS 7,2020,1,true,,,
FFSU,ID,00169430313,RYBELSUS  ,2020,4,false,330.000,11,9135.41
FFSU,ID,00169430713,RYBELSUS  ,2020,4,false,510.000,17,14011.37
FFSU,ID,00169431413,RYBELSUS  ,2020,4,true,,,
FFSU,ID,00169430313,RYBELSUS  ,2020,3,true,,,
FFSU,ID,00169430713,RYBELSUS  ,2020,3,false,450.000,15,11765.22
FFSU,ID,00169431413,RYBELSUS  ,2020,3,true,,,
FFSU,ID,00169430313,RYBELSUS  ,2020,2,true,,,
FFSU,ID,00169430713,RYBELSUS  ,2020,2,true,,,
FFSU,ID,00169430313,RYBELSUS  ,2020,1,true,,,
FFSU,ID,00169430713,RYBELSUS  ,2020,1,true,,,
MCOU,IL,00169430313,RYBELSUS 3,2020,4,false,1002.000,32,28378.49
FFSU,IL,00169430313,RYBELSUS 3,2020,4,true,,,
MCOU,IL,00169430713,RYBELSUS 7,2020,4,false,750.000,17,23444.09
FFSU,IL,00169430713,RYBELSUS 7,2020,4,true,,,
MCOU,IL,00169430313,RYBELSUS 3,2020,3,false,390.000,13,9780.46
FFSU,IL,00169430313,RYBELSUS 3,2020,3,true,,,
MCOU,IL,00169430713,RYBELSUS 7,2020,3,true,,,
FFSU,IL,00169430713,RYBELSUS 7,2020,3,true,,,
MCOU,IL,00169430313,RYBELSUS 3,2020,2,true,,,
MCOU,IL,00169430713,RYBELSUS 7,2020,1,true,,,
FFSU,IN,00169430313,RYBELSUS 3,2020,4,true,,,
MCOU,IN,00169430313,RYBELSUS 3,2020,4,false,1897.000,60,50017.23
FFSU,IN,00169430713,RYBELSUS 7,2020,4,true,,,
MCOU,IN,00169430713,RYBELSUS 7,2020,4,false,5730.000,175,150584.42
MCOU,IN,00169431413,RYBELSUS 1,2020,4,false,1650.000,51,43835.25
MCOU,IN,00169430313,RYBELSUS 3,2020,3,false,1080.000,36,26753.16
MCOU,IN,00169430713,RYBELSUS 7,2020,3,false,3390.000,104,84384.81
FFSU,IN,00169430713,RYBELSUS 7,2020,3,true,,,
MCOU,IN,00169431413,RYBELSUS 1,2020,3,false,960.000,32,23360.34
MCOU,IN,00169430313,RYBELSUS 3,2020,2,false,480.000,16,11870.40
FFSU,IN,00169430713,RYBELSUS 7,2020,2,true,,,
MCOU,IN,00169430713,RYBELSUS 7,2020,2,false,900.000,28,22251.29
MCOU,IN,00169431413,RYBELSUS 1,2020,2,false,480.000,14,11867.78
MCOU,IN,00169430313,RYBELSUS 3,2020,1,true,,,
FFSU,IN,00169430313,RYBELSUS 3,2020,1,true,,,
MCOU,IN,00169430713,RYBELSUS 7,2020,1,false,690.000,17,17048.71
FFSU,IN,00169430713,RYBELSUS 7,2020,1,true,,,
MCOU,IN,00169431413,RYBELSUS 1,2020,1,true,,,
MCOU,KS,00169430313,RYBELSUS 3,2020,4,true,,,
MCOU,KS,00169430713,RYBELSUS 7,2020,4,true,,,
MCOU,KS,00169430313,RYBELSUS 3,2020,3,true,,,
MCOU,KS,00169430713,RYBELSUS 7,2020,3,true,,,
MCOU,KS,00169431413,RYBELSUS 1,2020,3,true,,,
MCOU,KS,00169430313,RYBELSUS 3,2020,2,true,,,
MCOU,KS,00169430713,RYBELSUS 7,2020,2,true,,,
MCOU,KS,00169430713,RYBELSUS 7,2020,1,true,,,
MCOU,KY,00169430313,RYBELSUS  ,2020,4,true,,,
FFSU,KY,00169430313,RYBELSUS  ,2020,4,false,630.000,19,16554.92
MCOU,KY,00169430713,RYBELSUS  ,2020,4,true,,,
FFSU,KY,00169430713,RYBELSUS  ,2020,4,false,1080.000,29,28348.70
FFSU,KY,00169431413,RYBELSUS  ,2020,4,false,420.000,14,11006.76
MCOU,KY,00169431413,RYBELSUS  ,2020,4,false,990.000,27,26655.87
MCOU,KY,00169430313,RYBELSUS  ,2020,3,false,630.000,19,16159.26
FFSU,KY,00169430313,RYBELSUS  ,2020,3,true,,,
MCOU,KY,00169430713,RYBELSUS  ,2020,3,false,1290.000,37,33134.49
FFSU,KY,00169430713,RYBELSUS  ,2020,3,false,450.000,13,11291.71
MCOU,KY,00169431413,RYBELSUS  ,2020,3,true,,,
FFSU,KY,00169431413,RYBELSUS  ,2020,3,true,,,
MCOU,KY,00169430313,RYBELSUS  ,2020,2,true,,,
MCOU,KY,00169430713,RYBELSUS  ,2020,2,false,330.000,11,8399.45
FFSU,KY,00169430713,RYBELSUS  ,2020,2,true,,,
MCOU,KY,00169431413,RYBELSUS  ,2020,2,true,,,
MCOU,KY,00169430313,RYBELSUS  ,2020,1,true,,,
FFSU,KY,00169430313,RYBELSUS  ,2020,1,true,,,
MCOU,KY,00169430713,RYBELSUS  ,2020,1,true,,,
FFSU,LA,00169430313,RYBELSUS  ,2020,4,true,,,
MCOU,LA,00169430313,RYBELSUS  ,2020,4,false,1950.000,63,52472.19
MCOU,LA,00169430713,RYBELSUS  ,2020,4,false,2846.000,89,76798.26
MCOU,LA,00169431413,RYBELSUS  ,2020,4,false,898.000,30,23783.07
MCOU,LA,00169430313,RYBELSUS  ,2020,3,false,990.000,31,25212.47
MCOU,LA,00169430713,RYBELSUS  ,2020,3,false,1074.000,36,27424.82
MCOU,LA,00169431413,RYBELSUS  ,2020,3,false,570.000,19,14410.37
MCOU,LA,00169430313,RYBELSUS  ,2020,2,false,448.000,15,11349.04
MCOU,LA,00169430713,RYBELSUS  ,2020,2,false,540.000,18,13789.01
MCOU,LA,00169431413,RYBELSUS  ,2020,2,true,,,
MCOU,LA,00169430313,RYBELSUS  ,2020,1,true,,,
MCOU,LA,00169430713,RYBELSUS  ,2020,1,true,,,
MCOU,LA,00169431413,RYBELSUS  ,2020,1,true,,,
FFSU,MA,00169430313,RYBELSUS 3,2020,4,true,,,
MCOU,MA,00169430313,RYBELSUS 3,2020,4,false,480.000,18,13172.01
MCOU,MA,00169430713,RYBELSUS 7,2020,4,false,510.000,16,13823.18
FFSU,MA,00169430713,RYBELSUS 7,2020,4,false,390.000,11,10083.51
MCOU,MA,00169431413,RYBELSUS 1,2020,4,true,,,
MCOU,MA,00169430313,RYBELSUS 3,2020,3,true,,,
FFSU,MA,00169430313,RYBELSUS 3,2020,3,true,,,
FFSU,MA,00169430713,RYBELSUS 7,2020,3,true,,,
MCOU,MA,00169430713,RYBELSUS 7,2020,3,true,,,
MCOU,MA,00169431413,RYBELSUS 1,2020,3,true,,,
MCOU,MA,00169430313,RYBELSUS 3,2020,2,false,456.000,12,11663.85
FFSU,MA,00169430313,RYBELSUS 3,2020,2,true,,,
FFSU,MA,00169430713,RYBELSUS 7,2020,2,true,,,
MCOU,MA,00169430713,RYBELSUS 7,2020,2,true,,,
FFSU,MA,00169431413,RYBELSUS 1,2020,2,true,,,
MCOU,MA,00169431413,RYBELSUS 1,2020,2,true,,,
MCOU,MA,00169430313,RYBELSUS 3,2020,1,true,,,
MCOU,MA,00169430713,RYBELSUS 7,2020,1,true,,,
FFSU,MA,00169430713,RYBELSUS 7,2020,1,true,,,
MCOU,MA,00169431413,RYBELSUS 1,2020,1,true,,,
MCOU,MD,00169430313,RYBELSUS 3,2020,4,false,884.000,30,23109.70
MCOU,MD,00169430713,RYBELSUS 7,2020,4,false,1530.000,51,40292.23
FFSU,MD,00169430713,RYBELSUS 7,2020,4,true,,,
MCOU,MD,00169431413,RYBELSUS 1,2020,4,true,,,
MCOU,MD,00169430313,RYBELSUS 3,2020,3,true,,,
MCOU,MD,00169430713,RYBELSUS 7,2020,3,false,510.000,17,12599.11
MCOU,MD,00169431413,RYBELSUS 1,2020,3,true,,,
MCOU,MD,00169430313,RYBELSUS 3,2020,2,true,,,
MCOU,MD,00169430713,RYBELSUS 7,2020,2,true,,,
FFSU,MD,00169431413,RYBELSUS 1,2020,2,true,,,
MCOU,MD,00169430313,RYBELSUS 3,2020,1,true,,,
MCOU,MD,00169430713,RYBELSUS 7,2020,1,true,,,
MCOU,MD,00169431413,RYBELSUS 1,2020,1,true,,,
FFSU,MI,00169430313,RYBELSUS  ,2020,4,true,,,
MCOU,MI,00169430313,RYBELSUS  ,2020,4,false,330.000,11,8890.91
MCOU,MI,00169430713,RYBELSUS  ,2020,4,true,,,
FFSU,MI,00169430713,RYBELSUS  ,2020,4,false,720.000,17,16093.09
FFSU,MI,00169431413,RYBELSUS  ,2020,4,true,,,
MCOU,MI,00169431413,RYBELSUS  ,2020,4,true,,,
MCOU,MI,00169430313,RYBELSUS  ,2020,3,true,,,
FFSU,MI,00169430713,RYBELSUS  ,2020,3,true,,,
MCOU,MI,00169430313,RYBELSUS  ,2020,2,true,,,
MCOU,MI,00169430713,RYBELSUS  ,2020,2,true,,,
MCOU,MI,00169430313,RYBELSUS  ,2020,1,true,,,
MCOU,MI,00169430713,RYBELSUS  ,2020,1,true,,,
MCOU,MN,00169430313,RYBELSUS  ,2020,4,false,1890.000,64,51596.41
FFSU,MN,00169430313,RYBELSUS  ,2020,4,true,,,
MCOU,MN,00169430713,RYBELSUS  ,2020,4,false,1890.000,51,51432.90
FFSU,MN,00169430713,RYBELSUS  ,2020,4,true,,,
MCOU,MN,00169431413,RYBELSUS  ,2020,4,false,1168.000,35,32207.33
MCOU,MN,00169430313,RYBELSUS  ,2020,3,false,1350.000,41,34939.92
MCOU,MN,00169430713,RYBELSUS  ,2020,3,false,1320.000,34,34129.24
FFSU,MN,00169430713,RYBELSUS  ,2020,3,true,,,
MCOU,MN,00169431413,RYBELSUS  ,2020,3,false,840.000,28,21790.28
MCOU,MN,00169430313,RYBELSUS  ,2020,2,false,810.000,27,20847.84
MCOU,MN,00169430713,RYBELSUS  ,2020,2,false,810.000,27,20735.87
FFSU,MN,00169430713,RYBELSUS  ,2020,2,true,,,
MCOU,MN,00169431413,RYBELSUS  ,2020,2,false,420.000,14,10822.67
FFSU,MN,00169430313,RYBELSUS  ,2020,1,true,,,
MCOU,MN,00169430313,RYBELSUS  ,2020,1,false,480.000,16,12318.84
MCOU,MN,00169430713,RYBELSUS  ,2020,1,false,450.000,15,11597.44
FFSU,MN,00169430713,RYBELSUS  ,2020,1,true,,,
MCOU,MN,00169431413,RYBELSUS  ,2020,1,true,,,
FFSU,MO,00169430313,RYBELSUS  ,2020,4,true,,,
FFSU,MO,00169430713,RYBELSUS  ,2020,4,true,,,
FFSU,MO,00169431413,RYBELSUS  ,2020,4,true,,,
FFSU,MO,00169430313,RYBELSUS  ,2020,3,true,,,
MCOU,MS,00169430313,RYBELSUS 3,2020,4,true,,,
FFSU,MS,00169430713,RYBELSUS 7,2020,4,true,,,
MCOU,MS,00169430713,RYBELSUS 7,2020,4,true,,,
MCOU,MS,00169431413,RYBELSUS 1,2020,4,true,,,
FFSU,MS,00169430313,RYBELSUS 3,2020,3,true,,,
MCOU,MS,00169430313,RYBELSUS 3,2020,3,true,,,
FFSU,MS,00169430713,RYBELSUS 7,2020,3,true,,,
MCOU,MS,00169430713,RYBELSUS 7,2020,3,true,,,
MCOU,MS,00169431413,RYBELSUS 1,2020,3,true,,,
MCOU,MS,00169430313,RYBELSUS 3,2020,2,true,,,
FFSU,MS,00169430713,RYBELSUS 7,2020,2,true,,,
MCOU,MS,00169430713,RYBELSUS 7,2020,2,true,,,
MCOU,MS,00169430313,RYBELSUS 3,2020,1,true,,,
MCOU,MS,00169430713,RYBELSUS 7,2020,1,true,,,
FFSU,MT,00169430313,RYBELSUS 3,2020,4,true,,,
FFSU,MT,00169430713,RYBELSUS 7,2020,4,true,,,
FFSU,MT,00169431413,RYBELSUS 1,2020,4,true,,,
FFSU,MT,00169430313,RYBELSUS 3,2020,3,true,,,
FFSU,MT,00169430713,RYBELSUS 7,2020,3,true,,,
FFSU,MT,00169430713,RYBELSUS 7,2020,2,true,,,
FFSU,XX,00169430313,RYBELSUS 3,2020,4,false,14524.000,442,384365.52
MCOU,XX,00169430313,RYBELSUS 3,2020,4,false,53253.000,1701,1408905.04
FFSU,XX,00169430713,RYBELSUS 7,2020,4,false,23786.000,654,624577.46
MCOU,XX,00169430713,RYBELSUS 7,2020,4,false,74891.000,2286,1981829.12
FFSU,XX,00169431413,RYBELSUS 1,2020,4,false,9102.000,238,238395.65
MCOU,XX,00169431413,RYBELSUS 1,2020,4,false,21617.000,616,567664.52
FFSU,XX,00169430313,RYBELSUS 3,2020,3,false,8966.000,278,226841.67
MCOU,XX,00169430313,RYBELSUS 3,2020,3,false,27189.000,863,678868.80
FFSU,XX,00169430713,RYBELSUS 7,2020,3,false,13774.000,391,347226.62
MCOU,XX,00169430713,RYBELSUS 7,2020,3,false,37684.000,1134,943408.66
FFSU,XX,00169431413,RYBELSUS 1,2020,3,false,5220.000,141,131065.31
MCOU,XX,00169431413,RYBELSUS 1,2020,3,false,9990.000,301,241999.22
FFSU,XX,00169430313,RYBELSUS 3,2020,2,false,4774.000,145,120419.40
MCOU,XX,00169430313,RYBELSUS 3,2020,2,false,11988.000,380,297170.56
FFSU,XX,00169430713,RYBELSUS 7,2020,2,false,7293.000,217,184741.94
MCOU,XX,00169430713,RYBELSUS 7,2020,2,false,15280.000,458,374785.45
FFSU,XX,00169431413,RYBELSUS 1,2020,2,false,2460.000,66,61690.78
MCOU,XX,00169431413,RYBELSUS 1,2020,2,false,3630.000,112,84642.38
FFSU,XX,00169430313,RYBELSUS 3,2020,1,false,3934.000,129,100025.51
MCOU,XX,00169430313,RYBELSUS 3,2020,1,false,5729.000,192,139900.39
FFSU,XX,00169430713,RYBELSUS 7,2020,1,false,3524.000,110,90019.60
MCOU,XX,00169430713,RYBELSUS 7,2020,1,false,5520.000,174,138707.74
FFSU,XX,00169431413,RYBELSUS 1,2020,1,true,,,
MCOU,XX,00169431413,RYBELSUS 1,2020,1,false,1200.000,40,28696.08
FFSU,NC,00169430313,RYBELSUS  ,2020,4,false,1364.000,44,35482.19
FFSU,NC,00169430713,RYBELSUS  ,2020,4,false,2340.000,72,61042.93
FFSU,NC,00169431413,RYBELSUS  ,2020,4,false,1020.000,26,26355.82
FFSU,NC,00169430313,RYBELSUS  ,2020,3,false,1200.000,38,29701.45
FFSU,NC,00169430713,RYBELSUS  ,2020,3,false,1860.000,57,46170.41
FFSU,NC,00169431413,RYBELSUS  ,2020,3,false,750.000,23,18521.68
FFSU,NC,00169430313,RYBELSUS  ,2020,2,true,,,
FFSU,NC,00169430713,RYBELSUS  ,2020,2,true,,,
FFSU,NC,00169431413,RYBELSUS  ,2020,2,true,,,
FFSU,NC,00169430313,RYBELSUS  ,2020,1,true,,,
FFSU,NC,00169430713,RYBELSUS  ,2020,1,true,,,
FFSU,NC,00169431413,RYBELSUS  ,2020,1,true,,,
MCOU,NE,00169430313,RYBELSUS 3,2020,4,true,,,
MCOU,NE,00169430713,RYBELSUS 7,2020,4,false,510.000,17,13652.26
MCOU,NE,00169431413,RYBELSUS 1,2020,4,true,,,
MCOU,NE,00169430313,RYBELSUS 3,2020,3,true,,,
MCOU,NE,00169430713,RYBELSUS 7,2020,3,true,,,
MCOU,NE,00169431413,RYBELSUS 1,2020,3,true,,,
MCOU,NE,00169430313,RYBELSUS 3,2020,2,true,,,
MCOU,NE,00169430713,RYBELSUS 7,2020,2,true,,,
MCOU,NH,00169430313,RYBELSUS  ,2020,4,true,,,
MCOU,NH,00169430713,RYBELSUS  ,2020,4,true,,,
MCOU,NH,00169431413,RYBELSUS  ,2020,4,true,,,
MCOU,NH,00169430313,RYBELSUS  ,2020,3,true,,,
MCOU,NH,00169430713,RYBELSUS  ,2020,3,true,,,
MCOU,NH,00169430313,RYBELSUS  ,2020,2,true,,,
MCOU,NH,00169430713,RYBELSUS  ,2020,1,true,,,
MCOU,NJ,00169430313,RYBELSUS 3,2020,4,false,1350.000,40,30332.78
FFSU,NJ,00169430713,RYBELSUS 7,2020,4,true,,,
MCOU,NJ,00169430713,RYBELSUS 7,2020,4,false,2610.000,79,67155.66
MCOU,NJ,00169431413,RYBELSUS 1,2020,4,true,,,
MCOU,NJ,00169430313,RYBELSUS 3,2020,3,false,360.000,12,9161.18
MCOU,NJ,00169430713,RYBELSUS 7,2020,3,false,960.000,26,24375.27
FFSU,NJ,00169430713,RYBELSUS 7,2020,3,true,,,
MCOU,NJ,00169431413,RYBELSUS 1,2020,3,true,,,
MCOU,NJ,00169430313,RYBELSUS 3,2020,2,true,,,
MCOU,NJ,00169430713,RYBELSUS 7,2020,2,false,510.000,11,12870.76
FFSU,NJ,00169431413,RYBELSUS 1,2020,2,true,,,
MCOU,NJ,00169430313,RYBELSUS 3,2020,1,true,,,
MCOU,NJ,00169430713,RYBELSUS 7,2020,1,true,,,
MCOU,NM,00169430313,RYBELSUS 3,2020,4,true,,,
MCOU,NM,00169430713,RYBELSUS 7,2020,4,true,,,
MCOU,NM,00169431413,RYBELSUS 1,2020,4,true,,,
MCOU,NM,00169430313,RYBELSUS 3,2020,3,true,,,
MCOU,NM,00169430713,RYBELSUS 7,2020,3,false,330.000,11,6462.55
MCOU,NM,00169430713,RYBELSUS 7,2020,2,true,,,
FFSU,NV,00169430313,RYBELSUS 3,2020,4,true,,,
MCOU,NV,00169430313,RYBELSUS 3,2020,4,true,,,
FFSU,NV,00169430713,RYBELSUS 7,2020,4,false,390.000,13,10324.81
MCOU,NV,00169430713,RYBELSUS 7,2020,4,false,540.000,18,14178.02
FFSU,NV,00169431413,RYBELSUS 1,2020,4,true,,,
MCOU,NV,00169431413,RYBELSUS 1,2020,4,true,,,
MCOU,NV,00169430313,RYBELSUS 3,2020,3,true,,,
FFSU,NV,00169430313,RYBELSUS 3,2020,3,true,,,
FFSU,NV,00169430713,RYBELSUS 7,2020,3,true,,,
MCOU,NV,00169430713,RYBELSUS 7,2020,3,true,,,
MCOU,NV,00169431413,RYBELSUS 1,2020,3,true,,,
FFSU,NV,00169431413,RYBELSUS 1,2020,3,true,,,
MCOU,NV,00169430313,RYBELSUS 3,2020,2,true,,,
MCOU,NV,00169430713,RYBELSUS 7,2020,2,true,,,
MCOU,NV,00169430313,RYBELSUS 3,2020,1,true,,,
MCOU,NV,00169430713,RYBELSUS 7,2020,1,true,,,
MCOU,NY,00169430313,RYBELSUS  ,2020,4,false,19109.000,629,504965.61
FFSU,NY,00169430313,RYBELSUS  ,2020,4,false,450.000,15,11916.45
FFSU,NY,00169430713,RYBELSUS  ,2020,4,false,600.000,16,15909.70
MCOU,NY,00169430713,RYBELSUS  ,2020,4,false,21730.000,709,573485.79
MCOU,NY,00169431413,RYBELSUS  ,2020,4,false,4425.000,143,116730.33
FFSU,NY,00169431413,RYBELSUS  ,2020,4,true,,,
FFSU,NY,00169430313,RYBELSUS  ,2020,3,true,,,
MCOU,NY,00169430313,RYBELSUS  ,2020,3,false,7040.000,229,176284.06
MCOU,NY,00169430713,RYBELSUS  ,2020,3,false,8490.000,273,211599.14
FFSU,NY,00169430713,RYBELSUS  ,2020,3,true,,,
MCOU,NY,00169431413,RYBELSUS  ,2020,3,false,1890.000,61,47284.76
FFSU,NY,00169430313,RYBELSUS  ,2020,2,true,,,
MCOU,NY,00169430313,RYBELSUS  ,2020,2,false,2114.000,69,52685.99
MCOU,NY,00169430713,RYBELSUS  ,2020,2,false,2190.000,73,54759.94
FFSU,NY,00169431413,RYBELSUS  ,2020,2,true,,,
MCOU,NY,00169431413,RYBELSUS  ,2020,2,false,750.000,25,18704.58
MCOU,NY,00169430313,RYBELSUS  ,2020,1,false,1184.000,41,29557.43
FFSU,NY,00169430313,RYBELSUS  ,2020,1,true,,,
FFSU,NY,00169430713,RYBELSUS  ,2020,1,true,,,
MCOU,NY,00169430713,RYBELSUS  ,2020,1,false,930.000,31,23265.31
MCOU,NY,00169431413,RYBELSUS  ,2020,1,true,,,
MCOU,OH,00169430313,RYBELSUS 3,2020,4,false,1858.000,62,49596.47
FFSU,OH,00169430313,RYBELSUS 3,2020,4,true,,,
MCOU,OH,00169430713,RYBELSUS 7,2020,4,false,3656.000,113,96811.73
FFSU,OH,00169430713,RYBELSUS 7,2020,4,true,,,
MCOU,OH,00169431413,RYBELSUS 1,2020,4,false,1680.000,42,41702.81
FFSU,OH,00169430313,RYBELSUS 3,2020,3,true,,,
MCOU,OH,00169430313,RYBELSUS 3,2020,3,false,720.000,22,17224.25
FFSU,OH,00169430713,RYBELSUS 7,2020,3,true,,,
MCOU,OH,00169430713,RYBELSUS 7,2020,3,false,1890.000,56,47597.20
MCOU,OH,00169431413,RYBELSUS 1,2020,3,false,690.000,21,14373.23
FFSU,OH,00169431413,RYBELSUS 1,2020,3,true,,,
MCOU,OH,00169430313,RYBELSUS 3,2020,2,false,780.000,24,19426.63
MCOU,OH,00169430713,RYBELSUS 7,2020,2,false,960.000,29,23816.93
MCOU,OH,00169431413,RYBELSUS 1,2020,2,false,390.000,13,7632.87
MCOU,OH,00169430313,RYBELSUS 3,2020,1,false,780.000,26,18776.66
MCOU,OH,00169430713,RYBELSUS 7,2020,1,false,600.000,20,14225.16
MCOU,OH,00169431413,RYBELSUS 1,2020,1,true,,,
FFSU,OK,00169430313,RYBELSUS 3,2020,4,false,480.000,16,12555.07
FFSU,OK,00169430713,RYBELSUS 7,2020,4,true,,,
FFSU,OK,00169431413,RYBELSUS 1,2020,4,true,,,
FFSU,OK,00169430313,RYBELSUS 3,2020,3,false,360.000,12,8999.56
FFSU,OK,00169430713,RYBELSUS 7,2020,3,true,,,
FFSU,OK,00169430313,RYBELSUS 3,2020,2,true,,,
FFSU,OK,00169430713,RYBELSUS 7,2020,2,true,,,
FFSU,OK,00169430313,RYBELSUS 3,2020,1,true,,,
MCOU,OR,00169430313,RYBELSUS 3,2020,4,false,570.000,19,15281.00
MCOU,OR,00169430713,RYBELSUS 7,2020,4,true,,,
MCOU,OR,00169431413,RYBELSUS 1,2020,4,true,,,
FFSU,OR,00169430313,RYBELSUS 3,2020,3,true,,,
MCOU,OR,00169430313,RYBELSUS 3,2020,3,true,,,
FFSU,OR,00169430713,RYBELSUS 7,2020,3,true,,,
MCOU,OR,00169430713,RYBELSUS 7,2020,3,true,,,
MCOU,OR,00169431413,RYBELSUS 1,2020,3,true,,,
MCOU,OR,00169430313,RYBELSUS 3,2020,2,true,,,
MCOU,OR,00169430713,RYBELSUS 7,2020,2,true,,,
MCOU,OR,00169430313,RYBELSUS 3,2020,1,true,,,
MCOU,OR,00169430713,RYBELSUS 7,2020,1,true,,,
MCOU,PA,00169430313,RYBELSUS 3,2020,4,false,1130.000,39,30223.65
FFSU,PA,00169430313,RYBELSUS 3,2020,4,true,,,
MCOU,PA,00169430713,RYBELSUS 7,2020,4,false,1508.000,46,39342.36
FFSU,PA,00169430713,RYBELSUS 7,2020,4,true,,,
MCOU,PA,00169431413,RYBELSUS 1,2020,4,false,1076.000,34,28575.11
FFSU,PA,00169431413,RYBELSUS 1,2020,4,true,,,
MCOU,PA,00169430313,RYBELSUS 3,2020,3,false,680.000,21,15034.93
FFSU,PA,00169430313,RYBELSUS 3,2020,3,true,,,
MCOU,PA,00169430713,RYBELSUS 7,2020,3,false,787.000,27,19910.53
MCOU,PA,00169431413,RYBELSUS 1,2020,3,false,660.000,18,16493.66
FFSU,PA,00169431413,RYBELSUS 1,2020,3,true,,,
MCOU,PA,00169430313,RYBELSUS 3,2020,2,false,510.000,17,12263.45
MCOU,PA,00169430713,RYBELSUS 7,2020,2,false,750.000,21,18893.33
MCOU,PA,00169431413,RYBELSUS 1,2020,2,true,,,
MCOU,PA,00169430313,RYBELSUS 3,2020,1,true,,,
MCOU,PA,00169430713,RYBELSUS 7,2020,1,true,,,
MCOU,PA,00169431413,RYBELSUS 1,2020,1,true,,,
MCOU,RI,00169430313,RYBELSUS 3,2020,4,false,360.000,12,9695.04
MCOU,RI,00169430713,RYBELSUS 7,2020,4,false,600.000,20,16156.64
MCOU,RI,00169431413,RYBELSUS 1,2020,4,true,,,
MCOU,RI,00169430313,RYBELSUS 3,2020,3,true,,,
MCOU,RI,00169430713,RYBELSUS 7,2020,3,true,,,
MCOU,RI,00169431413,RYBELSUS 1,2020,3,true,,,
MCOU,RI,00169430313,RYBELSUS 3,2020,2,true,,,
MCOU,RI,00169430713,RYBELSUS 7,2020,2,true,,,
MCOU,RI,00169431413,RYBELSUS 1,2020,2,true,,,
FFSU,RI,00169430313,RYBELSUS 3,2020,1,true,,,
MCOU,RI,00169430313,RYBELSUS 3,2020,1,true,,,
MCOU,SC,00169430313,RYBELSUS  ,2020,4,true,,,
MCOU,SC,00169430713,RYBELSUS  ,2020,4,false,480.000,14,10510.36
MCOU,SC,00169431413,RYBELSUS  ,2020,4,true,,,
FFSU,SC,00169431413,RYBELSUS  ,2020,4,true,,,
MCOU,SC,00169430313,RYBELSUS  ,2020,3,true,,,
FFSU,SC,00169430313,RYBELSUS  ,2020,3,true,,,
MCOU,SC,00169430713,RYBELSUS  ,2020,3,false,420.000,14,10489.62
MCOU,SC,00169430313,RYBELSUS  ,2020,2,true,,,
MCOU,SC,00169430713,RYBELSUS  ,2020,2,true,,,
MCOU,SC,00169430313,RYBELSUS  ,2020,1,true,,,
MCOU,SC,00169431413,RYBELSUS  ,2020,1,true,,,
FFSU,SD,00169430313,RYBELSUS 3,2020,4,true,,,
FFSU,SD,00169430713,RYBELSUS 7,2020,4,true,,,
FFSU,SD,00169430313,RYBELSUS 3,2020,3,true,,,
FFSU,SD,00169430713,RYBELSUS 7,2020,3,true,,,
FFSU,SD,00169431413,RYBELSUS 1,2020,3,true,,,
FFSU,SD,00169430313,RYBELSUS 3,2020,2,true,,,
FFSU,SD,00169430713,RYBELSUS 7,2020,2,true,,,
FFSU,TN,00169430313,RYBELSUS 3,2020,4,false,930.000,31,24275.57
FFSU,TN,00169430713,RYBELSUS 7,2020,4,false,1890.000,63,49549.61
FFSU,TN,00169431413,RYBELSUS 1,2020,4,false,660.000,22,16419.89
FFSU,TN,00169430313,RYBELSUS 3,2020,3,false,750.000,25,18746.97
FFSU,TN,00169430713,RYBELSUS 7,2020,3,false,1080.000,36,27076.70
FFSU,TN,00169431413,RYBELSUS 1,2020,3,false,360.000,12,8980.74
FFSU,TN,00169430313,RYBELSUS 3,2020,2,false,420.000,14,10495.66
FFSU,TN,00169430713,RYBELSUS 7,2020,2,false,780.000,26,19551.42
FFSU,TN,00169431413,RYBELSUS 1,2020,2,true,,,
FFSU,TN,00169430313,RYBELSUS 3,2020,1,false,750.000,25,18779.71
FFSU,TN,00169430713,RYBELSUS 7,2020,1,false,660.000,22,16567.48
FFSU,TN,00169431413,RYBELSUS 1,2020,1,true,,,
MCOU,TX,00169430313,RYBELSUS 3,2020,4,false,1923.000,61,50868.25
FFSU,TX,00169430313,RYBELSUS 3,2020,4,true,,,
MCOU,TX,00169430713,RYBELSUS 7,2020,4,false,3360.000,99,89255.40
MCOU,TX,00169431413,RYBELSUS 1,2020,4,false,1410.000,35,37148.71
MCOU,TX,00169430313,RYBELSUS 3,2020,3,false,2040.000,68,51290.87
MCOU,TX,00169430713,RYBELSUS 7,2020,3,false,2973.000,86,74520.42
MCOU,TX,00169431413,RYBELSUS 1,2020,3,false,450.000,15,11193.20
MCOU,TX,00169430313,RYBELSUS 3,2020,2,false,2070.000,64,51637.93
FFSU,TX,00169430713,RYBELSUS 7,2020,2,true,,,
MCOU,TX,00169430713,RYBELSUS 7,2020,2,false,1590.000,43,39949.36
MCOU,TX,00169431413,RYBELSUS 1,2020,2,true,,,
MCOU,UT,00169430313,RYBELSUS 3,2020,4,true,,,
MCOU,UT,00169430713,RYBELSUS 7,2020,4,true,,,
MCOU,UT,00169431413,RYBELSUS 1,2020,4,true,,,
MCOU,UT,00169430313,RYBELSUS 3,2020,3,true,,,
FFSU,VA,00169430313,RYBELSUS  ,2020,4,true,,,
MCOU,VA,00169430313,RYBELSUS  ,2020,4,false,1500.000,44,40091.32
MCOU,VA,00169430713,RYBELSUS  ,2020,4,false,2370.000,59,62755.25
FFSU,VA,00169430713,RYBELSUS  ,2020,4,true,,,
MCOU,VA,00169431413,RYBELSUS  ,2020,4,false,480.000,12,12679.79
MCOU,VA,00169430313,RYBELSUS  ,2020,3,false,1080.000,32,27549.30
MCOU,VA,00169430713,RYBELSUS  ,2020,3,false,1080.000,24,27100.46
MCOU,VA,00169431413,RYBELSUS  ,2020,3,true,,,
MCOU,VA,00169430313,RYBELSUS  ,2020,2,false,510.000,15,12933.14
MCOU,VA,00169430713,RYBELSUS  ,2020,2,false,510.000,11,12922.09
MCOU,VA,00169431413,RYBELSUS  ,2020,2,true,,,
MCOU,VA,00169430313,RYBELSUS  ,2020,1,true,,,
MCOU,VA,00169430713,RYBELSUS  ,2020,1,true,,,
FFSU,VT,00169430313,RYBELSUS 3,2020,4,true,,,
FFSU,VT,00169430713,RYBELSUS 7,2020,4,true,,,
FFSU,VT,00169431413,RYBELSUS 1,2020,4,true,,,
FFSU,VT,00169430313,RYBELSUS 3,2020,3,true,,,
FFSU,VT,00169430713,RYBELSUS 7,2020,3,true,,,
FFSU,VT,00169431413,RYBELSUS 1,2020,3,true,,,
FFSU,VT,00169430313,RYBELSUS 3,2020,2,true,,,
FFSU,VT,00169430713,RYBELSUS 7,2020,2,true,,,
FFSU,VT,00169431413,RYBELSUS 1,2020,2,true,,,
FFSU,VT,00169430713,RYBELSUS 7,2020,1,true,,,
MCOU,WA,00169430313,RYBELSUS 3,2020,4,false,420.000,14,10481.35
MCOU,WA,00169430713,RYBELSUS 7,2020,4,false,780.000,26,19252.87
FFSU,WA,00169430713,RYBELSUS 7,2020,4,true,,,
FFSU,WA,00169431413,RYBELSUS 1,2020,4,true,,,
MCOU,WA,00169431413,RYBELSUS 1,2020,4,true,,,
MCOU,WA,00169430313,RYBELSUS 3,2020,3,true,,,
MCOU,WA,00169430713,RYBELSUS 7,2020,3,false,570.000,19,12957.40
MCOU,WA,00169431413,RYBELSUS 1,2020,3,true,,,
MCOU,WA,00169430313,RYBELSUS 3,2020,2,true,,,
MCOU,WA,00169430713,RYBELSUS 7,2020,2,false,480.000,16,11192.87
MCOU,WA,00169431413,RYBELSUS 1,2020,2,true,,,
MCOU,WA,00169430313,RYBELSUS 3,2020,1,true,,,
MCOU,WA,00169430713,RYBELSUS 7,2020,1,true,,,
FFSU,WI,00169430313,RYBELSUS 3,2020,4,true,,,
FFSU,WI,00169430713,RYBELSUS 7,2020,4,true,,,
FFSU,WI,00169431413,RYBELSUS 1,2020,4,true,,,
FFSU,WI,00169430713,RYBELSUS 7,2020,3,true,,,
FFSU,WV,00169430313,RYBELSUS 3,2020,4,true,,,
FFSU,WV,00169430713,RYBELSUS 7,2020,4,true,,,
FFSU,AK,00002143380,TRULICITY ,2020,4,false,312.000,138,119031.37
FFSU,AK,00002143480,TRULICITY ,2020,4,false,418.000,170,158507.73
FFSU,AK,00002223680,TRULICITY ,2020,4,true,,,
FFSU,AK,00002143380,TRULICITY ,2020,3,false,382.000,171,145649.25
FFSU,AK,00002143480,TRULICITY ,2020,3,false,406.000,180,153716.03
FFSU,AK,00002143380,TRULICITY ,2020,2,false,358.000,160,135666.36
FFSU,AK,00002143480,TRULICITY ,2020,2,false,364.000,166,137995.33
FFSU,AK,00002143380,TRULICITY ,2020,1,false,237.000,119,88034.22
FFSU,AK,00002143480,TRULICITY ,2020,1,false,254.000,127,93730.81
FFSU,AL,00002143301,TRULICITY ,2020,4,true,,,
FFSU,AL,00002143380,TRULICITY ,2020,4,false,1791.000,896,710674.25
FFSU,AL,00002143401,TRULICITY ,2020,4,true,,,
FFSU,AL,00002143480,TRULICITY ,2020,4,false,2356.000,1175,926254.59
FFSU,AL,00002223680,TRULICITY ,2020,4,false,22.000,11,8887.34
FFSU,AL,00002143301,TRULICITY ,2020,3,true,,,
FFSU,AL,00002143380,TRULICITY ,2020,3,false,1694.000,847,667908.51
FFSU,AL,00002143401,TRULICITY ,2020,3,true,,,
FFSU,AL,00002143480,TRULICITY ,2020,3,false,2080.000,1040,821795.31
FFSU,AL,00002143301,TRULICITY ,2020,2,true,,,
FFSU,AL,00002143380,TRULICITY ,2020,2,false,1812.000,908,712693.57
FFSU,AL,00002143401,TRULICITY ,2020,2,true,,,
FFSU,AL,00002143480,TRULICITY ,2020,2,false,2154.000,1079,847931.86
FFSU,AL,00002143301,TRULICITY ,2020,1,true,,,
FFSU,AL,00002143380,TRULICITY ,2020,1,false,1665.000,834,641334.69
FFSU,AL,00002143480,TRULICITY ,2020,1,false,1834.500,920,705930.91
FFSU,AR,00002143380,TRULICITY ,2020,4,false,42.000,21,16192.36
MCOU,AR,00002143380,TRULICITY ,2020,4,false,22.000,11,8673.73
FFSU,AR,00002143480,TRULICITY ,2020,4,false,52.000,26,20058.30
MCOU,AR,00002143480,TRULICITY ,2020,4,true,,,
FFSU,AR,00002143380,TRULICITY ,2020,3,true,,,
MCOU,AR,00002143380,TRULICITY ,2020,3,false,28.000,14,11039.14
FFSU,AR,00002143480,TRULICITY ,2020,3,false,36.000,18,13889.88
MCOU,AR,00002143480,TRULICITY ,2020,3,true,,,
FFSU,AR,00002143380,TRULICITY ,2020,2,false,22.000,11,8481.66
MCOU,AR,00002143380,TRULICITY ,2020,2,false,24.000,12,9462.12
MCOU,AR,00002143480,TRULICITY ,2020,2,true,,,
FFSU,AR,00002143480,TRULICITY ,2020,2,false,28.000,14,10803.24
MCOU,AR,00002143380,TRULICITY ,2020,1,true,,,
FFSU,AR,00002143380,TRULICITY ,2020,1,false,22.000,11,8227.07
MCOU,AR,00002143480,TRULICITY ,2020,1,true,,,
FFSU,AR,00002143480,TRULICITY ,2020,1,true,,,
FFSU,AZ,00002143380,TRULICITY ,2020,4,false,68.000,23,22143.89
MCOU,AZ,00002143380,TRULICITY ,2020,4,false,354.000,146,136266.06
FFSU,AZ,00002143480,TRULICITY ,2020,4,false,104.000,32,37294.19
MCOU,AZ,00002143480,TRULICITY ,2020,4,false,680.000,277,262433.19
MCOU,AZ,00002223680,TRULICITY ,2020,4,false,50.000,15,19137.83
MCOU,AZ,00002318280,TRULICITY ,2020,4,true,,,
MCOU,AZ,00002143380,TRULICITY ,2020,3,false,326.500,149,125895.69
FFSU,AZ,00002143380,TRULICITY ,2020,3,false,66.000,22,24360.61
FFSU,AZ,00002143480,TRULICITY ,2020,3,false,82.000,23,30256.68
MCOU,AZ,00002143480,TRULICITY ,2020,3,false,694.000,290,267030.36
FFSU,AZ,00002143380,TRULICITY ,2020,2,false,102.000,40,37406.78
MCOU,AZ,00002143380,TRULICITY ,2020,2,false,364.000,165,141204.83
FFSU,AZ,00002143480,TRULICITY ,2020,2,false,166.000,61,58462.11
MCOU,AZ,00002143480,TRULICITY ,2020,2,false,628.000,280,242998.91
FFSU,AZ,00002143380,TRULICITY ,2020,1,false,84.000,42,31356.66
MCOU,AZ,00002143380,TRULICITY ,2020,1,false,304.000,140,110735.79
FFSU,AZ,00002143480,TRULICITY ,2020,1,false,90.000,44,31632.76
MCOU,AZ,00002143480,TRULICITY ,2020,1,false,501.500,231,191041.89
MCOU,CA,00002143301,TRULICITY ,2020,4,false,188.000,70,51624.31
FFSU,CA,00002143301,TRULICITY ,2020,4,false,39.000,21,16149.94
MCOU,CA,00002143380,TRULICITY ,2020,4,false,17286.000,7863,6589657.62
FFSU,CA,00002143380,TRULICITY ,2020,4,false,9839.000,4372,3910843.02
MCOU,CA,00002143401,TRULICITY ,2020,4,false,286.500,141,78491.17
FFSU,CA,00002143401,TRULICITY ,2020,4,false,45.000,30,18439.40
FFSU,CA,00002143480,TRULICITY ,2020,4,false,13130.500,5587,5249439.62
MCOU,CA,00002143480,TRULICITY ,2020,4,false,21492.000,9424,8202143.82
FFSU,CA,00002223680,TRULICITY ,2020,4,false,464.000,187,184953.73
MCOU,CA,00002223680,TRULICITY ,2020,4,false,801.000,290,305586.63
FFSU,CA,00002318280,TRULICITY ,2020,4,false,38.000,13,15777.99
MCOU,CA,00002318280,TRULICITY ,2020,4,false,48.000,14,18444.76
MCOU,CA,00002143301,TRULICITY ,2020,3,false,109.500,42,31416.39
FFSU,CA,00002143301,TRULICITY ,2020,3,false,33.500,20,13750.80
MCOU,CA,00002143380,TRULICITY ,2020,3,false,15562.000,7047,5927847.52
FFSU,CA,00002143380,TRULICITY ,2020,3,false,7487.000,3314,2972304.29
FFSU,CA,00002143401,TRULICITY ,2020,3,false,30.000,15,12326.80
MCOU,CA,00002143401,TRULICITY ,2020,3,false,242.500,110,69496.05
FFSU,CA,00002143480,TRULICITY ,2020,3,false,10296.000,4447,4104310.68
MCOU,CA,00002143480,TRULICITY ,2020,3,false,18977.500,8240,7175708.55
MCOU,CA,00002223680,TRULICITY ,2020,3,true,,,
FFSU,CA,00002143301,TRULICITY ,2020,2,true,,,
MCOU,CA,00002143301,TRULICITY ,2020,2,false,124.000,51,34924.28
MCOU,CA,00002143380,TRULICITY ,2020,2,false,13842.000,6287,5255947.53
FFSU,CA,00002143380,TRULICITY ,2020,2,false,6534.000,2997,2594204.67
FFSU,CA,00002143401,TRULICITY ,2020,2,false,32.000,16,13168.76
MCOU,CA,00002143401,TRULICITY ,2020,2,false,188.500,76,53476.46
FFSU,CA,00002143480,TRULICITY ,2020,2,false,9411.000,4200,3739630.93
MCOU,CA,00002143480,TRULICITY ,2020,2,false,16514.500,7332,6245239.58
MCOU,CA,00002143301,TRULICITY ,2020,1,false,82.000,36,25745.16
FFSU,CA,00002143301,TRULICITY ,2020,1,true,,,
FFSU,CA,00002143380,TRULICITY ,2020,1,false,4879.500,2336,1901904.38
MCOU,CA,00002143380,TRULICITY ,2020,1,false,12603.500,5718,4734474.65
FFSU,CA,00002143401,TRULICITY ,2020,1,true,,,
MCOU,CA,00002143401,TRULICITY ,2020,1,false,165.500,70,46941.97
FFSU,CA,00002143480,TRULICITY ,2020,1,false,7512.500,3487,2943355.99
MCOU,CA,00002143480,TRULICITY ,2020,1,false,14360.500,6446,5363067.05
FFSU,CO,00002143380,TRULICITY ,2020,4,false,294.000,106,113638.48
MCOU,CO,00002143380,TRULICITY ,2020,4,false,171.000,78,62590.01
FFSU,CO,00002143480,TRULICITY ,2020,4,false,639.000,204,246778.43
MCOU,CO,00002143480,TRULICITY ,2020,4,false,193.000,84,70068.42
MCOU,CO,00002223680,TRULICITY ,2020,4,true,,,
FFSU,CO,00002223680,TRULICITY ,2020,4,true,,,
FFSU,CO,00002143301,TRULICITY ,2020,3,true,,,
MCOU,CO,00002143380,TRULICITY ,2020,3,false,154.000,77,58823.38
FFSU,CO,00002143380,TRULICITY ,2020,3,false,244.000,98,95266.31
MCOU,CO,00002143480,TRULICITY ,2020,3,false,229.500,117,88867.14
FFSU,CO,00002143480,TRULICITY ,2020,3,false,550.000,169,214799.38
FFSU,CO,00002143301,TRULICITY ,2020,2,true,,,
MCOU,CO,00002143380,TRULICITY ,2020,2,false,160.000,80,62699.04
FFSU,CO,00002143380,TRULICITY ,2020,2,false,236.000,94,92263.69
MCOU,CO,00002143480,TRULICITY ,2020,2,false,234.000,115,91626.40
FFSU,CO,00002143480,TRULICITY ,2020,2,false,488.000,169,190768.05
FFSU,CO,00002143380,TRULICITY ,2020,1,false,234.000,90,88977.64
MCOU,CO,00002143380,TRULICITY ,2020,1,false,142.000,71,54364.40
MCOU,CO,00002143480,TRULICITY ,2020,1,false,198.000,99,75743.62
FFSU,CO,00002143480,TRULICITY ,2020,1,false,510.000,168,193437.64
FFSU,CT,00002143380,TRULICITY ,2020,4,false,3866.000,1539,1495124.15
FFSU,CT,00002143480,TRULICITY ,2020,4,false,5591.500,1967,2156891.10
FFSU,CT,00002223680,TRULICITY ,2020,4,false,156.000,51,62740.14
FFSU,CT,00002318280,TRULICITY ,2020,4,true,,,
FFSU,CT,00002143380,TRULICITY ,2020,3,false,3607.000,1416,1394128.47
FFSU,CT,00002143480,TRULICITY ,2020,3,false,5098.000,1813,1968733.70
FFSU,CT,00002143380,TRULICITY ,2020,2,false,3255.500,1308,1257279.95
FFSU,CT,00002143480,TRULICITY ,2020,2,false,4751.500,1706,1836906.05
FFSU,CT,00002143380,TRULICITY ,2020,1,false,2998.000,1223,1122111.52
FFSU,CT,00002143480,TRULICITY ,2020,1,false,3849.000,1361,1440531.74
MCOU,DC,00002143301,TRULICITY ,2020,4,true,,,
FFSU,DC,00002143380,TRULICITY ,2020,4,false,28.000,14,10867.02
MCOU,DC,00002143380,TRULICITY ,2020,4,false,1207.000,526,425547.82
MCOU,DC,00002143401,TRULICITY ,2020,4,false,26.000,13,10260.34
FFSU,DC,00002143480,TRULICITY ,2020,4,false,30.000,18,11682.50
MCOU,DC,00002143480,TRULICITY ,2020,4,false,1863.000,701,562028.32
MCOU,DC,00002223680,TRULICITY ,2020,4,true,,,
FFSU,DC,00002223680,TRULICITY ,2020,4,true,,,
MCOU,DC,00002143301,TRULICITY ,2020,3,true,,,
FFSU,DC,00002143301,TRULICITY ,2020,3,true,,,
FFSU,DC,00002143380,TRULICITY ,2020,3,false,156.000,71,60466.28
MCOU,DC,00002143380,TRULICITY ,2020,3,false,1025.500,506,399549.23
FFSU,DC,00002143401,TRULICITY ,2020,3,true,,,
MCOU,DC,00002143401,TRULICITY ,2020,3,true,,,
FFSU,DC,00002143480,TRULICITY ,2020,3,false,138.500,65,53746.73
MCOU,DC,00002143480,TRULICITY ,2020,3,false,1437.000,718,555198.14
MCOU,DC,00002143301,TRULICITY ,2020,2,true,,,
MCOU,DC,00002143380,TRULICITY ,2020,2,false,1001.000,496,388821.72
FFSU,DC,00002143380,TRULICITY ,2020,2,false,130.000,61,50409.01
MCOU,DC,00002143401,TRULICITY ,2020,2,true,,,
FFSU,DC,00002143401,TRULICITY ,2020,2,true,,,
FFSU,DC,00002143480,TRULICITY ,2020,2,false,110.000,52,42691.12
MCOU,DC,00002143480,TRULICITY ,2020,2,false,1328.000,662,513345.60
MCOU,DC,00002143301,TRULICITY ,2020,1,true,,,
MCOU,DC,00002143380,TRULICITY ,2020,1,false,1014.500,499,388573.96
FFSU,DC,00002143380,TRULICITY ,2020,1,false,126.000,61,47460.48
MCOU,DC,00002143401,TRULICITY ,2020,1,true,,,
FFSU,DC,00002143401,TRULICITY ,2020,1,true,,,
MCOU,DC,00002143480,TRULICITY ,2020,1,false,1321.500,658,500697.17
FFSU,DC,00002143480,TRULICITY ,2020,1,false,68.000,33,25526.80
MCOU,DE,00002143380,TRULICITY ,2020,4,false,147.000,70,56835.54
MCOU,DE,00002143480,TRULICITY ,2020,4,false,294.000,145,113807.92
MCOU,DE,00002223680,TRULICITY ,2020,4,true,,,
MCOU,DE,00002143380,TRULICITY ,2020,3,false,148.000,68,59174.11
MCOU,DE,00002143480,TRULICITY ,2020,3,false,316.000,150,124851.75
FFSU,DE,00002143480,TRULICITY ,2020,3,true,,,
MCOU,DE,00002143380,TRULICITY ,2020,2,false,140.000,66,6744.48
FFSU,DE,00002143480,TRULICITY ,2020,2,true,,,
MCOU,DE,00002143480,TRULICITY ,2020,2,false,280.000,134,123627.62
MCOU,DE,00002143380,TRULICITY ,2020,1,false,122.000,50,15107.49
MCOU,DE,00002143480,TRULICITY ,2020,1,false,264.000,128,101949.43
FFSU,DE,00002143480,TRULICITY ,2020,1,true,,,
MCOU,FL,00002143301,TRULICITY ,2020,4,true,,,
FFSU,FL,00002143380,TRULICITY ,2020,4,false,34.000,17,11004.28
MCOU,FL,00002143380,TRULICITY ,2020,4,false,748.500,366,290383.70
FFSU,FL,00002143401,TRULICITY ,2020,4,true,,,
MCOU,FL,00002143480,TRULICITY ,2020,4,false,1398.500,678,538356.09
FFSU,FL,00002143480,TRULICITY ,2020,4,false,100.000,50,35840.06
MCOU,FL,00002223680,TRULICITY ,2020,4,false,41.000,19,15630.50
MCOU,FL,00002318280,TRULICITY ,2020,4,true,,,
FFSU,FL,00002143301,TRULICITY ,2020,3,true,,,
MCOU,FL,00002143301,TRULICITY ,2020,3,true,,,
FFSU,FL,00002143380,TRULICITY ,2020,3,false,48.000,24,13634.46
MCOU,FL,00002143380,TRULICITY ,2020,3,false,658.500,322,250129.38
FFSU,FL,00002143480,TRULICITY ,2020,3,false,100.000,50,34519.30
MCOU,FL,00002143480,TRULICITY ,2020,3,false,1196.000,594,461111.90
MCOU,FL,00002143301,TRULICITY ,2020,2,true,,,
FFSU,FL,00002143301,TRULICITY ,2020,2,true,,,
MCOU,FL,00002143380,TRULICITY ,2020,2,false,570.000,287,216154.24
FFSU,FL,00002143380,TRULICITY ,2020,2,false,52.000,26,17462.69
MCOU,FL,00002143401,TRULICITY ,2020,2,true,,,
MCOU,FL,00002143480,TRULICITY ,2020,2,false,1117.000,552,425016.20
FFSU,FL,00002143480,TRULICITY ,2020,2,false,102.000,51,36788.66
MCOU,FL,00002143301,TRULICITY ,2020,1,true,,,
FFSU,FL,00002143380,TRULICITY ,2020,1,false,38.000,19,14295.68
MCOU,FL,00002143380,TRULICITY ,2020,1,false,457.500,227,171976.35
MCOU,FL,00002143480,TRULICITY ,2020,1,false,944.500,476,356090.29
FFSU,FL,00002143480,TRULICITY ,2020,1,false,98.000,49,34110.87
FFSU,GA,00002143301,TRULICITY ,2020,4,true,,,
MCOU,GA,00002143301,TRULICITY ,2020,4,true,,,
MCOU,GA,00002143380,TRULICITY ,2020,4,false,462.000,226,179131.35
FFSU,GA,00002143380,TRULICITY ,2020,4,false,240.000,113,92177.81
MCOU,GA,00002143480,TRULICITY ,2020,4,false,634.000,308,246317.09
FFSU,GA,00002143480,TRULICITY ,2020,4,false,460.000,193,179563.73
MCOU,GA,00002223680,TRULICITY ,2020,4,false,28.000,14,10822.19
MCOU,GA,00002318280,TRULICITY ,2020,4,true,,,
FFSU,GA,00002143380,TRULICITY ,2020,3,false,256.000,119,96914.73
MCOU,GA,00002143380,TRULICITY ,2020,3,false,342.000,172,135197.72
MCOU,GA,00002143480,TRULICITY ,2020,3,false,538.000,267,206063.57
FFSU,GA,00002143480,TRULICITY ,2020,3,false,388.000,178,150341.06
FFSU,GA,00002143380,TRULICITY ,2020,2,false,262.000,127,101549.76
MCOU,GA,00002143380,TRULICITY ,2020,2,false,286.000,142,110936.93
MCOU,GA,00002143480,TRULICITY ,2020,2,false,444.000,218,171192.37
FFSU,GA,00002143480,TRULICITY ,2020,2,false,422.000,193,163185.80
FFSU,GA,00002143380,TRULICITY ,2020,1,false,228.000,114,85440.69
MCOU,GA,00002143380,TRULICITY ,2020,1,false,240.000,120,103579.03
MCOU,GA,00002143480,TRULICITY ,2020,1,false,340.000,171,140332.32
FFSU,GA,00002143480,TRULICITY ,2020,1,false,308.000,154,115792.56
MCOU,HI,00002143380,TRULICITY ,2020,4,false,866.000,433,334832.39
MCOU,HI,00002143480,TRULICITY ,2020,4,false,1888.000,712,547229.93
MCOU,HI,00002223680,TRULICITY ,2020,4,false,61.000,29,24516.33
MCOU,HI,00002318280,TRULICITY ,2020,4,true,,,
MCOU,HI,00002143380,TRULICITY ,2020,3,false,708.000,354,266615.07
MCOU,HI,00002143480,TRULICITY ,2020,3,false,1864.000,681,505958.66
MCOU,HI,00002143380,TRULICITY ,2020,2,false,662.000,277,207568.97
MCOU,HI,00002143480,TRULICITY ,2020,2,false,1736.000,633,451546.12
MCOU,HI,00002143380,TRULICITY ,2020,1,false,674.000,295,214875.19
MCOU,HI,00002143480,TRULICITY ,2020,1,false,1526.000,648,451514.01
FFSU,IA,00002143380,TRULICITY ,2020,4,true,,,
MCOU,IA,00002143380,TRULICITY ,2020,4,false,299.500,140,121821.86
MCOU,IA,00002143480,TRULICITY ,2020,4,false,580.000,263,230273.66
MCOU,IA,00002223680,TRULICITY ,2020,4,true,,,
MCOU,IA,00002143301,TRULICITY ,2020,3,true,,,
MCOU,IA,00002143380,TRULICITY ,2020,3,false,299.500,148,120208.14
FFSU,IA,00002143380,TRULICITY ,2020,3,true,,,
MCOU,IA,00002143480,TRULICITY ,2020,3,false,484.000,225,193995.07
MCOU,IA,00002143301,TRULICITY ,2020,2,true,,,
FFSU,IA,00002143380,TRULICITY ,2020,2,true,,,
MCOU,IA,00002143380,TRULICITY ,2020,2,false,328.000,159,132854.43
MCOU,IA,00002143480,TRULICITY ,2020,2,false,158.000,73,60692.41
MCOU,IA,00002143301,TRULICITY ,2020,1,true,,,
MCOU,IA,00002143380,TRULICITY ,2020,1,false,343.500,170,132738.83
FFSU,IA,00002143480,TRULICITY ,2020,1,true,,,
MCOU,IA,00002143480,TRULICITY ,2020,1,false,420.000,208,158661.88
FFSU,ID,00002143301,TRULICITY ,2020,4,true,,,
FFSU,ID,00002143380,TRULICITY ,2020,4,false,530.000,259,205674.16
FFSU,ID,00002143480,TRULICITY ,2020,4,false,1295.000,612,501402.84
FFSU,ID,00002223680,TRULICITY ,2020,4,false,34.000,17,13749.06
FFSU,ID,00002318280,TRULICITY ,2020,4,true,,,
FFSU,ID,00002143301,TRULICITY ,2020,3,true,,,
FFSU,ID,00002143380,TRULICITY ,2020,3,false,590.000,293,228920.05
FFSU,ID,00002143401,TRULICITY ,2020,3,true,,,
FFSU,ID,00002143480,TRULICITY ,2020,3,false,1218.000,582,470793.58
FFSU,ID,00002143380,TRULICITY ,2020,2,false,511.000,252,198267.61
FFSU,ID,00002143401,TRULICITY ,2020,2,true,,,
FFSU,ID,00002143480,TRULICITY ,2020,2,false,966.000,472,374738.03
FFSU,ID,00002143380,TRULICITY ,2020,1,false,304.000,150,115755.11
FFSU,ID,00002143401,TRULICITY ,2020,1,true,,,
FFSU,ID,00002143480,TRULICITY ,2020,1,false,690.000,341,263180.62
MCOU,IL,00002143380,TRULICITY ,2020,4,false,1437.000,643,659081.63
FFSU,IL,00002143380,TRULICITY ,2020,4,false,54.000,27,25026.69
MCOU,IL,00002143480,TRULICITY ,2020,4,false,2978.000,1304,1282218.73
FFSU,IL,00002143480,TRULICITY ,2020,4,false,72.000,28,25905.83
MCOU,IL,00002223680,TRULICITY ,2020,4,false,144.000,65,58664.79
MCOU,IL,00002318280,TRULICITY ,2020,4,true,,,
MCOU,IL,00002143301,TRULICITY ,2020,3,true,,,
FFSU,IL,00002143380,TRULICITY ,2020,3,false,46.000,19,17065.72
MCOU,IL,00002143380,TRULICITY ,2020,3,false,1461.000,665,643966.11
MCOU,IL,00002143401,TRULICITY ,2020,3,true,,,
FFSU,IL,00002143480,TRULICITY ,2020,3,false,82.000,31,29975.50
MCOU,IL,00002143480,TRULICITY ,2020,3,false,3141.000,1398,1349296.25
MCOU,IL,00002143380,TRULICITY ,2020,2,false,1338.000,622,558184.23
FFSU,IL,00002143380,TRULICITY ,2020,2,false,32.000,16,12020.14
FFSU,IL,00002143480,TRULICITY ,2020,2,false,98.000,38,45550.68
MCOU,IL,00002143480,TRULICITY ,2020,2,false,2971.500,1345,1278980.00
MCOU,IL,00002143301,TRULICITY ,2020,1,true,,,
FFSU,IL,00002143380,TRULICITY ,2020,1,false,48.000,22,17902.24
MCOU,IL,00002143380,TRULICITY ,2020,1,false,1531.500,713,701390.48
MCOU,IL,00002143480,TRULICITY ,2020,1,false,2905.500,1335,1233217.43
FFSU,IL,00002143480,TRULICITY ,2020,1,false,106.000,42,40485.83
MCOU,IN,00002143301,TRULICITY ,2020,4,true,,,
FFSU,IN,00002143380,TRULICITY ,2020,4,false,24.000,12,9306.56
MCOU,IN,00002143380,TRULICITY ,2020,4,false,3514.500,1652,1347082.10
MCOU,IN,00002143401,TRULICITY ,2020,4,true,,,
FFSU,IN,00002143480,TRULICITY ,2020,4,false,76.000,23,29325.88
MCOU,IN,00002143480,TRULICITY ,2020,4,false,6600.500,2969,2523232.55
MCOU,IN,00002223680,TRULICITY ,2020,4,false,257.000,105,97923.24
FFSU,IN,00002223680,TRULICITY ,2020,4,true,,,
MCOU,IN,00002318280,TRULICITY ,2020,4,true,,,
MCOU,IN,00002143301,TRULICITY ,2020,3,true,,,
FFSU,IN,00002143380,TRULICITY ,2020,3,true,,,
MCOU,IN,00002143380,TRULICITY ,2020,3,false,3060.500,1434,1161385.30
MCOU,IN,00002143401,TRULICITY ,2020,3,true,,,
FFSU,IN,00002143480,TRULICITY ,2020,3,false,46.000,16,17777.89
MCOU,IN,00002143480,TRULICITY ,2020,3,false,5955.000,2681,2264461.76
MCOU,IN,00002143301,TRULICITY ,2020,2,true,,,
MCOU,IN,00002143380,TRULICITY ,2020,2,false,2708.000,1262,1032827.78
FFSU,IN,00002143380,TRULICITY ,2020,2,false,26.000,11,10061.05
MCOU,IN,00002143401,TRULICITY ,2020,2,true,,,
MCOU,IN,00002143480,TRULICITY ,2020,2,false,5164.500,2343,1963369.78
FFSU,IN,00002143480,TRULICITY ,2020,2,false,58.000,21,22424.26
MCOU,IN,00002143301,TRULICITY ,2020,1,true,,,
MCOU,IN,00002143380,TRULICITY ,2020,1,false,2562.500,1207,956646.07
FFSU,IN,00002143380,TRULICITY ,2020,1,false,42.000,17,15844.33
MCOU,IN,00002143401,TRULICITY ,2020,1,true,,,
MCOU,IN,00002143480,TRULICITY ,2020,1,false,4640.500,2134,1737046.79
FFSU,IN,00002143480,TRULICITY ,2020,1,false,42.000,13,15741.94
MCOU,KS,00002143301,TRULICITY ,2020,4,true,,,
MCOU,KS,00002143380,TRULICITY ,2020,4,false,689.000,342,268039.69
MCOU,KS,00002143480,TRULICITY ,2020,4,false,509.000,250,195978.18
MCOU,KS,00002223680,TRULICITY ,2020,4,false,42.000,21,17235.21
MCOU,KS,00002318280,TRULICITY ,2020,4,true,,,
MCOU,KS,00002143301,TRULICITY ,2020,3,true,,,
MCOU,KS,00002143380,TRULICITY ,2020,3,false,436.500,221,170589.02
MCOU,KS,00002143480,TRULICITY ,2020,3,false,336.000,161,130886.02
MCOU,KS,00002223680,TRULICITY ,2020,3,true,,,
MCOU,KS,00002143380,TRULICITY ,2020,2,false,134.000,73,52113.44
MCOU,KS,00002143480,TRULICITY ,2020,2,false,184.000,90,71702.23
MCOU,KS,00002143380,TRULICITY ,2020,1,false,122.000,59,46269.05
MCOU,KS,00002143480,TRULICITY ,2020,1,false,184.000,86,69567.18
MCOU,KY,00002143301,TRULICITY ,2020,4,true,,,
FFSU,KY,00002143380,TRULICITY ,2020,4,false,529.500,226,204892.24
MCOU,KY,00002143380,TRULICITY ,2020,4,false,78.000,39,30824.82
MCOU,KY,00002143401,TRULICITY ,2020,4,true,,,
FFSU,KY,00002143480,TRULICITY ,2020,4,false,763.500,306,296194.08
MCOU,KY,00002143480,TRULICITY ,2020,4,false,6150.000,2652,2459009.73
MCOU,KY,00002223601,TRULICITY ,2020,4,true,,,
FFSU,KY,00002223680,TRULICITY ,2020,4,true,,,
MCOU,KY,00002223680,TRULICITY ,2020,4,false,222.000,103,87632.24
MCOU,KY,00002318280,TRULICITY ,2020,4,true,,,
MCOU,KY,00002143301,TRULICITY ,2020,3,true,,,
FFSU,KY,00002143380,TRULICITY ,2020,3,false,419.000,181,162205.74
MCOU,KY,00002143380,TRULICITY ,2020,3,false,324.500,155,132547.04
MCOU,KY,00002143401,TRULICITY ,2020,3,true,,,
FFSU,KY,00002143480,TRULICITY ,2020,3,false,615.000,252,238122.03
MCOU,KY,00002143480,TRULICITY ,2020,3,false,5993.500,2618,2402065.78
MCOU,KY,00002223680,TRULICITY ,2020,3,true,,,
MCOU,KY,00002143301,TRULICITY ,2020,2,true,,,
MCOU,KY,00002143380,TRULICITY ,2020,2,false,3480.500,1618,1389305.89
FFSU,KY,00002143380,TRULICITY ,2020,2,false,105.000,41,40592.63
FFSU,KY,00002143401,TRULICITY ,2020,2,true,,,
MCOU,KY,00002143401,TRULICITY ,2020,2,true,,,
MCOU,KY,00002143480,TRULICITY ,2020,2,false,398.000,187,164991.84
FFSU,KY,00002143480,TRULICITY ,2020,2,false,163.000,79,63241.87
MCOU,KY,00002143301,TRULICITY ,2020,1,true,,,
MCOU,KY,00002143380,TRULICITY ,2020,1,false,592.500,297,239864.56
FFSU,KY,00002143380,TRULICITY ,2020,1,false,58.000,25,21687.02
MCOU,KY,00002143401,TRULICITY ,2020,1,true,,,
FFSU,KY,00002143480,TRULICITY ,2020,1,false,88.500,51,33346.78
MCOU,KY,00002143480,TRULICITY ,2020,1,false,372.000,184,158347.50
MCOU,LA,00002143301,TRULICITY ,2020,4,true,,,
FFSU,LA,00002143380,TRULICITY ,2020,4,false,48.000,19,18571.88
MCOU,LA,00002143380,TRULICITY ,2020,4,false,1644.000,781,641812.05
MCOU,LA,00002143401,TRULICITY ,2020,4,true,,,
FFSU,LA,00002143480,TRULICITY ,2020,4,false,96.000,46,37253.87
MCOU,LA,00002143480,TRULICITY ,2020,4,false,3690.000,1700,1455175.57
FFSU,LA,00002223680,TRULICITY ,2020,4,true,,,
MCOU,LA,00002223680,TRULICITY ,2020,4,false,174.000,83,69550.74
MCOU,LA,00002318280,TRULICITY ,2020,4,true,,,
MCOU,LA,00002143301,TRULICITY ,2020,3,true,,,
MCOU,LA,00002143380,TRULICITY ,2020,3,false,1515.000,724,594501.83
FFSU,LA,00002143380,TRULICITY ,2020,3,false,33.000,15,12789.53
MCOU,LA,00002143401,TRULICITY ,2020,3,true,,,
MCOU,LA,00002143480,TRULICITY ,2020,3,false,3530.500,1648,1392065.06
FFSU,LA,00002143480,TRULICITY ,2020,3,false,92.000,43,36462.71
MCOU,LA,00002143301,TRULICITY ,2020,2,true,,,
FFSU,LA,00002143380,TRULICITY ,2020,2,false,40.000,16,15477.42
MCOU,LA,00002143380,TRULICITY ,2020,2,false,1356.000,664,536613.64
MCOU,LA,00002143401,TRULICITY ,2020,2,true,,,
MCOU,LA,00002143480,TRULICITY ,2020,2,false,3376.000,1575,1333446.61
FFSU,LA,00002143480,TRULICITY ,2020,2,false,111.000,54,45337.59
MCOU,LA,00002143301,TRULICITY ,2020,1,true,,,
MCOU,LA,00002143380,TRULICITY ,2020,1,false,1184.000,567,456992.06
FFSU,LA,00002143380,TRULICITY ,2020,1,false,30.000,13,11144.55
MCOU,LA,00002143401,TRULICITY ,2020,1,true,,,
FFSU,LA,00002143480,TRULICITY ,2020,1,false,106.000,50,41211.91
MCOU,LA,00002143480,TRULICITY ,2020,1,false,2926.500,1396,1131602.52
FFSU,MA,00002143301,TRULICITY ,2020,4,false,23.000,11,9279.40
MCOU,MA,00002143380,TRULICITY ,2020,4,false,6388.000,2916,2519644.91
FFSU,MA,00002143380,TRULICITY ,2020,4,false,5272.000,2192,2028970.29
FFSU,MA,00002143401,TRULICITY ,2020,4,true,,,
MCOU,MA,00002143401,TRULICITY ,2020,4,true,,,
FFSU,MA,00002143480,TRULICITY ,2020,4,false,7328.000,2899,2823932.54
MCOU,MA,00002143480,TRULICITY ,2020,4,false,7816.000,3498,3066397.41
FFSU,MA,00002223680,TRULICITY ,2020,4,false,38.000,12,15193.55
MCOU,MA,00002223680,TRULICITY ,2020,4,false,198.000,89,78348.99
MCOU,MA,00002318280,TRULICITY ,2020,4,true,,,
MCOU,MA,00002143301,TRULICITY ,2020,3,true,,,
FFSU,MA,00002143301,TRULICITY ,2020,3,false,28.500,17,11532.15
MCOU,MA,00002143380,TRULICITY ,2020,3,false,5762.000,2639,2297409.87
FFSU,MA,00002143380,TRULICITY ,2020,3,false,4364.000,1858,1671034.52
MCOU,MA,00002143401,TRULICITY ,2020,3,true,,,
FFSU,MA,00002143401,TRULICITY ,2020,3,true,,,
FFSU,MA,00002143480,TRULICITY ,2020,3,false,6487.500,2638,2502439.40
MCOU,MA,00002143480,TRULICITY ,2020,3,false,6810.500,3068,2710309.71
FFSU,MA,00002143301,TRULICITY ,2020,2,true,,,
MCOU,MA,00002143301,TRULICITY ,2020,2,true,,,
MCOU,MA,00002143380,TRULICITY ,2020,2,false,4722.000,2204,1878869.64
FFSU,MA,00002143380,TRULICITY ,2020,2,false,3916.000,1711,1491544.33
MCOU,MA,00002143401,TRULICITY ,2020,2,true,,,
FFSU,MA,00002143401,TRULICITY ,2020,2,true,,,
MCOU,MA,00002143480,TRULICITY ,2020,2,false,5920.000,2727,2365047.37
FFSU,MA,00002143480,TRULICITY ,2020,2,false,6097.000,2601,2352467.32
FFSU,MA,00002143301,TRULICITY ,2020,1,true,,,
FFSU,MA,00002143380,TRULICITY ,2020,1,false,3490.000,1718,1294616.00
MCOU,MA,00002143380,TRULICITY ,2020,1,false,4084.000,1962,1602064.38
MCOU,MA,00002143401,TRULICITY ,2020,1,true,,,
FFSU,MA,00002143401,TRULICITY ,2020,1,true,,,
MCOU,MA,00002143480,TRULICITY ,2020,1,false,5234.000,2515,2063355.64
FFSU,MA,00002143480,TRULICITY ,2020,1,false,5512.000,2705,2051511.93
FFSU,MD,00002143301,TRULICITY ,2020,4,true,,,
MCOU,MD,00002143301,TRULICITY ,2020,4,false,28.000,15,11545.33
MCOU,MD,00002143380,TRULICITY ,2020,4,false,5729.500,2461,2180005.52
FFSU,MD,00002143380,TRULICITY ,2020,4,false,94.000,54,36437.33
MCOU,MD,00002143401,TRULICITY ,2020,4,false,72.500,32,27050.42
FFSU,MD,00002143401,TRULICITY ,2020,4,true,,,
MCOU,MD,00002143480,TRULICITY ,2020,4,false,8795.500,3642,3348072.32
FFSU,MD,00002143480,TRULICITY ,2020,4,false,150.000,69,58108.06
FFSU,MD,00002223680,TRULICITY ,2020,4,true,,,
MCOU,MD,00002223680,TRULICITY ,2020,4,false,306.500,113,116590.48
MCOU,MD,00002318280,TRULICITY ,2020,4,true,,,
MCOU,MD,00002143301,TRULICITY ,2020,3,false,24.000,12,9230.71
FFSU,MD,00002143301,TRULICITY ,2020,3,true,,,
MCOU,MD,00002143380,TRULICITY ,2020,3,false,5428.000,2403,2091646.59
FFSU,MD,00002143380,TRULICITY ,2020,3,false,105.000,55,40716.07
FFSU,MD,00002143401,TRULICITY ,2020,3,true,,,
MCOU,MD,00002143401,TRULICITY ,2020,3,false,64.500,29,23657.05
MCOU,MD,00002143480,TRULICITY ,2020,3,false,8081.500,3390,3064765.70
FFSU,MD,00002143480,TRULICITY ,2020,3,false,183.000,81,70905.19
MCOU,MD,00002143301,TRULICITY ,2020,2,false,42.000,18,16112.41
MCOU,MD,00002143380,TRULICITY ,2020,2,false,5171.500,2300,1989807.28
FFSU,MD,00002143380,TRULICITY ,2020,2,false,93.000,39,35949.97
MCOU,MD,00002143401,TRULICITY ,2020,2,false,48.000,21,18415.22
FFSU,MD,00002143401,TRULICITY ,2020,2,true,,,
FFSU,MD,00002143480,TRULICITY ,2020,2,false,107.500,49,41663.21
MCOU,MD,00002143480,TRULICITY ,2020,2,false,7363.000,3162,2836376.01
MCOU,MD,00002143301,TRULICITY ,2020,1,false,34.000,16,12861.44
FFSU,MD,00002143380,TRULICITY ,2020,1,false,48.000,24,18094.53
MCOU,MD,00002143380,TRULICITY ,2020,1,false,4695.500,2085,1790158.91
MCOU,MD,00002143401,TRULICITY ,2020,1,false,60.000,26,22688.36
FFSU,MD,00002143480,TRULICITY ,2020,1,false,74.000,29,27870.39
MCOU,MD,00002143480,TRULICITY ,2020,1,false,6375.000,2757,2415410.65
MCOU,MI,00002143301,TRULICITY ,2020,4,true,,,
FFSU,MI,00002143380,TRULICITY ,2020,4,false,199.500,96,68962.29
MCOU,MI,00002143380,TRULICITY ,2020,4,false,1069.000,505,414265.71
FFSU,MI,00002143401,TRULICITY ,2020,4,true,,,
MCOU,MI,00002143480,TRULICITY ,2020,4,false,1755.000,831,677994.77
FFSU,MI,00002143480,TRULICITY ,2020,4,false,351.500,173,125006.99
MCOU,MI,00002223680,TRULICITY ,2020,4,false,84.000,38,32681.22
FFSU,MI,00002223680,TRULICITY ,2020,4,true,,,
MCOU,MI,00002318280,TRULICITY ,2020,4,true,,,
MCOU,MI,00002143301,TRULICITY ,2020,3,true,,,
MCOU,MI,00002143380,TRULICITY ,2020,3,false,1680.000,815,651131.73
FFSU,MI,00002143380,TRULICITY ,2020,3,false,172.500,82,60747.55
FFSU,MI,00002143401,TRULICITY ,2020,3,true,,,
MCOU,MI,00002143480,TRULICITY ,2020,3,false,2107.000,1017,813806.42
FFSU,MI,00002143480,TRULICITY ,2020,3,false,328.500,150,109876.37
FFSU,MI,00002143380,TRULICITY ,2020,2,false,185.500,77,46175.57
MCOU,MI,00002143380,TRULICITY ,2020,2,false,1258.000,607,486476.72
FFSU,MI,00002143401,TRULICITY ,2020,2,true,,,
FFSU,MI,00002143480,TRULICITY ,2020,2,false,319.000,133,74487.45
MCOU,MI,00002143480,TRULICITY ,2020,2,false,1618.000,789,624458.33
MCOU,MI,00002143380,TRULICITY ,2020,1,false,861.000,425,330275.56
FFSU,MI,00002143380,TRULICITY ,2020,1,false,171.500,76,45269.31
FFSU,MI,00002143480,TRULICITY ,2020,1,false,292.000,128,67422.27
MCOU,MI,00002143480,TRULICITY ,2020,1,false,1229.000,605,468630.05
FFSU,MN,00002143380,TRULICITY ,2020,4,false,52.000,18,19737.08
MCOU,MN,00002143380,TRULICITY ,2020,4,false,694.000,303,278022.27
FFSU,MN,00002143480,TRULICITY ,2020,4,false,118.000,49,43891.60
MCOU,MN,00002143480,TRULICITY ,2020,4,false,1571.000,667,628314.68
FFSU,MN,00002223680,TRULICITY ,2020,4,true,,,
MCOU,MN,00002223680,TRULICITY ,2020,4,false,98.000,43,39020.03
MCOU,MN,00002318280,TRULICITY ,2020,4,true,,,
MCOU,MN,00002143380,TRULICITY ,2020,3,false,690.000,308,276384.06
FFSU,MN,00002143380,TRULICITY ,2020,3,false,70.000,26,26587.67
FFSU,MN,00002143401,TRULICITY ,2020,3,true,,,
FFSU,MN,00002143480,TRULICITY ,2020,3,false,116.000,50,44131.96
MCOU,MN,00002143480,TRULICITY ,2020,3,false,1542.500,672,617261.71
FFSU,MN,00002143380,TRULICITY ,2020,2,false,48.000,20,18254.28
MCOU,MN,00002143380,TRULICITY ,2020,2,false,670.000,318,266533.47
FFSU,MN,00002143480,TRULICITY ,2020,2,false,84.000,35,31944.99
MCOU,MN,00002143480,TRULICITY ,2020,2,false,1530.000,711,610400.33
FFSU,MN,00002143301,TRULICITY ,2020,1,true,,,
FFSU,MN,00002143380,TRULICITY ,2020,1,false,32.000,16,12066.79
MCOU,MN,00002143380,TRULICITY ,2020,1,false,626.000,309,245479.24
MCOU,MN,00002143480,TRULICITY ,2020,1,false,1429.500,717,559671.98
FFSU,MN,00002143480,TRULICITY ,2020,1,false,114.000,57,43084.05
FFSU,MO,00002143380,TRULICITY ,2020,4,false,226.000,112,84055.41
FFSU,MO,00002143480,TRULICITY ,2020,4,false,516.000,256,196539.41
FFSU,MO,00002223680,TRULICITY ,2020,4,true,,,
FFSU,MO,00002318280,TRULICITY ,2020,4,true,,,
FFSU,MO,00002143380,TRULICITY ,2020,3,false,240.000,120,83701.09
FFSU,MO,00002143480,TRULICITY ,2020,3,false,568.000,279,218487.86
FFSU,MO,00002143380,TRULICITY ,2020,2,false,246.000,123,91423.52
FFSU,MO,00002143480,TRULICITY ,2020,2,false,485.000,242,185713.06
FFSU,MO,00002143380,TRULICITY ,2020,1,false,250.000,121,90484.64
FFSU,MO,00002143480,TRULICITY ,2020,1,false,445.000,219,165600.34
FFSU,MS,00002143380,TRULICITY ,2020,4,true,,,
MCOU,MS,00002143380,TRULICITY ,2020,4,false,96.000,48,37265.35
MCOU,MS,00002143401,TRULICITY ,2020,4,true,,,
FFSU,MS,00002143480,TRULICITY ,2020,4,false,26.000,13,10097.65
MCOU,MS,00002143480,TRULICITY ,2020,4,false,164.000,82,63691.00
MCOU,MS,00002223680,TRULICITY ,2020,4,true,,,
MCOU,MS,00002143380,TRULICITY ,2020,3,false,100.000,50,38817.50
FFSU,MS,00002143380,TRULICITY ,2020,3,true,,,
MCOU,MS,00002143480,TRULICITY ,2020,3,false,192.000,96,74539.11
FFSU,MS,00002143480,TRULICITY ,2020,3,false,28.000,14,10877.30
MCOU,MS,00002143380,TRULICITY ,2020,2,false,98.000,49,38041.15
FFSU,MS,00002143380,TRULICITY ,2020,2,true,,,
FFSU,MS,00002143480,TRULICITY ,2020,2,false,24.000,12,9323.40
MCOU,MS,00002143480,TRULICITY ,2020,2,false,216.000,106,83888.03
FFSU,MS,00002143380,TRULICITY ,2020,1,true,,,
MCOU,MS,00002143380,TRULICITY ,2020,1,false,108.000,53,40929.61
MCOU,MS,00002143480,TRULICITY ,2020,1,false,204.000,98,77347.84
FFSU,MS,00002143480,TRULICITY ,2020,1,true,,,
FFSU,MT,00002143380,TRULICITY ,2020,4,false,192.000,77,74530.85
FFSU,MT,00002143480,TRULICITY ,2020,4,false,442.000,184,171098.06
FFSU,MT,00002223680,TRULICITY ,2020,4,true,,,
FFSU,MT,00002143380,TRULICITY ,2020,3,false,184.000,80,70710.27
FFSU,MT,00002143401,TRULICITY ,2020,3,true,,,
FFSU,MT,00002143480,TRULICITY ,2020,3,false,464.000,217,179072.12
FFSU,MT,00002143380,TRULICITY ,2020,2,false,170.000,84,65473.61
FFSU,MT,00002143480,TRULICITY ,2020,2,false,414.000,204,159862.23
FFSU,MT,00002143380,TRULICITY ,2020,1,false,186.000,92,69742.40
FFSU,MT,00002143480,TRULICITY ,2020,1,false,326.500,164,122987.68
FFSU,XX,00002143301,TRULICITY ,2020,4,false,183.000,86,72270.90
MCOU,XX,00002143301,TRULICITY ,2020,4,false,1077.000,506,398996.58
FFSU,XX,00002143380,TRULICITY ,2020,4,false,41257.000,17895,16067319.55
MCOU,XX,00002143380,TRULICITY ,2020,4,false,137562.000,64319,53317373.81
FFSU,XX,00002143401,TRULICITY ,2020,4,false,115.000,63,48453.07
MCOU,XX,00002143401,TRULICITY ,2020,4,false,993.000,484,349398.38
FFSU,XX,00002143480,TRULICITY ,2020,4,false,58748.000,24359,22886075.69
MCOU,XX,00002143480,TRULICITY ,2020,4,false,209900.000,95780,81111377.18
MCOU,XX,00002223601,TRULICITY ,2020,4,false,48.000,22,18709.67
FFSU,XX,00002223680,TRULICITY ,2020,4,false,1757.500,686,706935.80
MCOU,XX,00002223680,TRULICITY ,2020,4,false,7497.000,3147,2904629.72
FFSU,XX,00002318201,TRULICITY ,2020,4,true,,,
MCOU,XX,00002318201,TRULICITY ,2020,4,true,,,
FFSU,XX,00002318280,TRULICITY ,2020,4,false,72.000,30,29445.35
MCOU,XX,00002318280,TRULICITY ,2020,4,false,490.000,203,189480.91
FFSU,XX,00002143301,TRULICITY ,2020,3,false,171.500,89,68044.19
MCOU,XX,00002143301,TRULICITY ,2020,3,false,892.000,420,319814.13
FFSU,XX,00002143380,TRULICITY ,2020,3,false,36047.000,15805,13979826.65
MCOU,XX,00002143380,TRULICITY ,2020,3,false,127113.000,59663,49388506.51
FFSU,XX,00002143401,TRULICITY ,2020,3,false,129.000,57,55471.74
MCOU,XX,00002143401,TRULICITY ,2020,3,false,909.000,432,323438.76
FFSU,XX,00002143480,TRULICITY ,2020,3,false,52149.000,22013,20200555.93
MCOU,XX,00002143480,TRULICITY ,2020,3,false,190656.000,87456,73756227.43
MCOU,XX,00002223680,TRULICITY ,2020,3,true,,,
MCOU,XX,00002318280,TRULICITY ,2020,3,true,,,
FFSU,XX,00002143301,TRULICITY ,2020,2,false,144.000,58,57501.09
MCOU,XX,00002143301,TRULICITY ,2020,2,false,856.000,394,308348.63
FFSU,XX,00002143380,TRULICITY ,2020,2,false,30375.500,13562,11735897.94
MCOU,XX,00002143380,TRULICITY ,2020,2,false,118319.500,55641,45703388.07
FFSU,XX,00002143401,TRULICITY ,2020,2,false,156.500,72,63283.86
MCOU,XX,00002143401,TRULICITY ,2020,2,false,838.000,393,301379.33
FFSU,XX,00002143480,TRULICITY ,2020,2,false,44693.500,19333,17280740.14
MCOU,XX,00002143480,TRULICITY ,2020,2,false,168134.000,78057,64904985.23
FFSU,XX,00002143301,TRULICITY ,2020,1,false,100.000,39,39036.49
MCOU,XX,00002143301,TRULICITY ,2020,1,false,769.500,373,285744.43
FFSU,XX,00002143380,TRULICITY ,2020,1,false,25521.500,12026,9606049.06
MCOU,XX,00002143380,TRULICITY ,2020,1,false,105290.500,49954,40160086.96
FFSU,XX,00002143401,TRULICITY ,2020,1,false,108.500,49,42118.44
MCOU,XX,00002143401,TRULICITY ,2020,1,false,766.500,361,274578.64
FFSU,XX,00002143480,TRULICITY ,2020,1,false,37234.500,16954,13978139.69
MCOU,XX,00002143480,TRULICITY ,2020,1,false,145839.500,68841,55479544.94
FFSU,NC,00002143301,TRULICITY ,2020,4,true,,,
FFSU,NC,00002143380,TRULICITY ,2020,4,false,1216.000,530,464726.73
FFSU,NC,00002143480,TRULICITY ,2020,4,false,2031.500,880,777093.08
FFSU,NC,00002223680,TRULICITY ,2020,4,false,56.000,24,22361.72
FFSU,NC,00002318280,TRULICITY ,2020,4,true,,,
FFSU,NC,00002143301,TRULICITY ,2020,3,false,21.000,12,8404.66
FFSU,NC,00002143380,TRULICITY ,2020,3,false,2445.000,1119,936336.41
FFSU,NC,00002143480,TRULICITY ,2020,3,false,3499.000,1603,1341391.83
FFSU,NC,00002143301,TRULICITY ,2020,2,true,,,
FFSU,NC,00002143380,TRULICITY ,2020,2,false,705.000,324,269393.42
FFSU,NC,00002143480,TRULICITY ,2020,2,false,895.000,421,342756.32
FFSU,NC,00002143301,TRULICITY ,2020,1,true,,,
FFSU,NC,00002143380,TRULICITY ,2020,1,false,795.500,406,291552.76
FFSU,NC,00002143480,TRULICITY ,2020,1,false,1233.500,624,453748.88
FFSU,ND,00002143380,TRULICITY ,2020,4,true,,,
FFSU,ND,00002143480,TRULICITY ,2020,4,false,24.000,12,9329.07
FFSU,ND,00002143380,TRULICITY ,2020,3,true,,,
FFSU,ND,00002143480,TRULICITY ,2020,3,true,,,
FFSU,ND,00002143480,TRULICITY ,2020,2,true,,,
MCOU,NE,00002143380,TRULICITY ,2020,4,false,196.000,98,72909.29
MCOU,NE,00002143480,TRULICITY ,2020,4,false,266.000,127,103619.25
MCOU,NE,00002223680,TRULICITY ,2020,4,true,,,
MCOU,NE,00002143380,TRULICITY ,2020,3,false,96.000,48,36748.89
MCOU,NE,00002143480,TRULICITY ,2020,3,false,194.000,95,75311.83
MCOU,NE,00002143380,TRULICITY ,2020,2,false,112.000,56,43709.25
MCOU,NE,00002143480,TRULICITY ,2020,2,false,210.000,99,82287.07
MCOU,NE,00002143380,TRULICITY ,2020,1,false,140.000,70,53635.06
MCOU,NE,00002143480,TRULICITY ,2020,1,false,180.000,89,68602.11
MCOU,NH,00002143380,TRULICITY ,2020,4,false,254.000,125,91043.19
MCOU,NH,00002143480,TRULICITY ,2020,4,false,422.000,205,151606.79
MCOU,NH,00002223680,TRULICITY ,2020,4,true,,,
MCOU,NH,00002143380,TRULICITY ,2020,3,false,216.000,108,79948.54
FFSU,NH,00002143480,TRULICITY ,2020,3,true,,,
MCOU,NH,00002143480,TRULICITY ,2020,3,false,472.000,228,166990.81
MCOU,NH,00002143380,TRULICITY ,2020,2,false,201.000,103,75897.58
MCOU,NH,00002143480,TRULICITY ,2020,2,false,458.000,222,162872.96
FFSU,NH,00002143480,TRULICITY ,2020,2,true,,,
MCOU,NH,00002143380,TRULICITY ,2020,1,false,199.000,107,75149.60
MCOU,NH,00002143480,TRULICITY ,2020,1,false,431.000,215,152680.36
FFSU,NJ,00002143301,TRULICITY ,2020,4,true,,,
MCOU,NJ,00002143301,TRULICITY ,2020,4,true,,,
MCOU,NJ,00002143380,TRULICITY ,2020,4,false,3214.500,1344,1138619.88
FFSU,NJ,00002143380,TRULICITY ,2020,4,false,45.000,23,17465.14
MCOU,NJ,00002143401,TRULICITY ,2020,4,false,50.000,21,16913.82
MCOU,NJ,00002143480,TRULICITY ,2020,4,false,5107.000,2044,1811504.57
FFSU,NJ,00002143480,TRULICITY ,2020,4,false,68.500,35,26602.48
MCOU,NJ,00002223680,TRULICITY ,2020,4,false,219.500,87,79162.02
MCOU,NJ,00002318280,TRULICITY ,2020,4,true,,,
MCOU,NJ,00002143301,TRULICITY ,2020,3,false,26.500,14,8699.86
FFSU,NJ,00002143380,TRULICITY ,2020,3,false,35.000,18,13585.10
MCOU,NJ,00002143380,TRULICITY ,2020,3,false,3141.500,1324,1132296.90
MCOU,NJ,00002143401,TRULICITY ,2020,3,false,66.000,28,21672.60
MCOU,NJ,00002143480,TRULICITY ,2020,3,false,4998.000,2015,1783614.33
FFSU,NJ,00002143480,TRULICITY ,2020,3,false,53.000,25,20575.76
MCOU,NJ,00002143301,TRULICITY ,2020,2,true,,,
FFSU,NJ,00002143380,TRULICITY ,2020,2,false,82.000,38,31747.44
MCOU,NJ,00002143380,TRULICITY ,2020,2,false,2983.500,1278,1065601.16
MCOU,NJ,00002143401,TRULICITY ,2020,2,false,52.000,23,16337.28
MCOU,NJ,00002143480,TRULICITY ,2020,2,false,4704.000,1906,1704651.79
FFSU,NJ,00002143480,TRULICITY ,2020,2,false,101.000,60,39040.95
FFSU,NJ,00002143301,TRULICITY ,2020,1,true,,,
MCOU,NJ,00002143301,TRULICITY ,2020,1,false,22.000,11,8312.99
MCOU,NJ,00002143380,TRULICITY ,2020,1,false,3077.000,1292,1072198.25
FFSU,NJ,00002143380,TRULICITY ,2020,1,false,36.500,20,13944.29
MCOU,NJ,00002143401,TRULICITY ,2020,1,false,47.000,22,14887.77
FFSU,NJ,00002143480,TRULICITY ,2020,1,false,73.500,43,27879.65
MCOU,NJ,00002143480,TRULICITY ,2020,1,false,4640.000,1939,1615012.27
MCOU,NM,00002143301,TRULICITY ,2020,4,true,,,
MCOU,NM,00002143380,TRULICITY ,2020,4,false,3706.000,1553,1438507.10
FFSU,NM,00002143380,TRULICITY ,2020,4,false,316.000,134,122261.06
MCOU,NM,00002143401,TRULICITY ,2020,4,true,,,
MCOU,NM,00002143480,TRULICITY ,2020,4,false,5215.500,2162,2034688.65
FFSU,NM,00002143480,TRULICITY ,2020,4,false,256.000,105,99059.08
FFSU,NM,00002223680,TRULICITY ,2020,4,true,,,
MCOU,NM,00002223680,TRULICITY ,2020,4,false,170.000,69,66287.34
MCOU,NM,00002318280,TRULICITY ,2020,4,true,,,
MCOU,NM,00002143301,TRULICITY ,2020,3,true,,,
FFSU,NM,00002143380,TRULICITY ,2020,3,false,343.000,142,132617.74
MCOU,NM,00002143380,TRULICITY ,2020,3,false,3533.500,1524,1377543.93
MCOU,NM,00002143401,TRULICITY ,2020,3,true,,,
MCOU,NM,00002143480,TRULICITY ,2020,3,false,5106.000,2130,2000390.99
FFSU,NM,00002143480,TRULICITY ,2020,3,false,188.000,80,72796.14
FFSU,NM,00002143380,TRULICITY ,2020,2,false,270.000,117,104488.05
MCOU,NM,00002143380,TRULICITY ,2020,2,false,3404.000,1534,1326434.20
MCOU,NM,00002143480,TRULICITY ,2020,2,false,4780.000,2071,1870743.79
FFSU,NM,00002143480,TRULICITY ,2020,2,false,166.000,69,64260.58
FFSU,NM,00002143380,TRULICITY ,2020,1,false,211.500,97,79733.52
MCOU,NM,00002143380,TRULICITY ,2020,1,false,2918.500,1359,1102808.05
MCOU,NM,00002143480,TRULICITY ,2020,1,false,3696.000,1668,1402409.45
FFSU,NM,00002143480,TRULICITY ,2020,1,false,169.500,71,64210.88
FFSU,NV,00002143301,TRULICITY ,2020,4,false,53.500,17,21501.20
MCOU,NV,00002143301,TRULICITY ,2020,4,false,82.000,41,32393.86
MCOU,NV,00002143380,TRULICITY ,2020,4,false,2096.500,1003,825938.85
FFSU,NV,00002143380,TRULICITY ,2020,4,false,1030.500,244,399552.51
FFSU,NV,00002143401,TRULICITY ,2020,4,true,,,
MCOU,NV,00002143401,TRULICITY ,2020,4,false,30.000,15,12056.40
FFSU,NV,00002143480,TRULICITY ,2020,4,false,1887.500,455,743813.88
MCOU,NV,00002143480,TRULICITY ,2020,4,false,3195.000,1483,1250633.75
MCOU,NV,00002223680,TRULICITY ,2020,4,false,109.000,55,41144.82
FFSU,NV,00002223680,TRULICITY ,2020,4,false,92.000,24,39311.78
FFSU,NV,00002318201,TRULICITY ,2020,4,true,,,
MCOU,NV,00002318280,TRULICITY ,2020,4,true,,,
FFSU,NV,00002318280,TRULICITY ,2020,4,true,,,
FFSU,NV,00002143301,TRULICITY ,2020,3,false,34.500,13,13885.98
MCOU,NV,00002143301,TRULICITY ,2020,3,false,58.000,29,23309.04
MCOU,NV,00002143380,TRULICITY ,2020,3,false,1644.000,810,648469.51
FFSU,NV,00002143380,TRULICITY ,2020,3,false,872.000,204,331786.91
MCOU,NV,00002143401,TRULICITY ,2020,3,false,24.000,12,9645.12
FFSU,NV,00002143401,TRULICITY ,2020,3,true,,,
MCOU,NV,00002143480,TRULICITY ,2020,3,false,218.000,107,85476.60
FFSU,NV,00002143480,TRULICITY ,2020,3,false,1820.500,432,698424.35
MCOU,NV,00002143301,TRULICITY ,2020,2,false,62.000,31,23222.84
FFSU,NV,00002143301,TRULICITY ,2020,2,true,,,
MCOU,NV,00002143380,TRULICITY ,2020,2,false,1782.000,875,668209.41
FFSU,NV,00002143380,TRULICITY ,2020,2,false,867.500,208,329054.84
MCOU,NV,00002143401,TRULICITY ,2020,2,true,,,
FFSU,NV,00002143401,TRULICITY ,2020,2,true,,,
FFSU,NV,00002143480,TRULICITY ,2020,2,false,1760.000,416,673025.37
MCOU,NV,00002143480,TRULICITY ,2020,2,false,2551.500,1222,962709.22
MCOU,NV,00002143301,TRULICITY ,2020,1,false,56.000,28,21352.82
FFSU,NV,00002143301,TRULICITY ,2020,1,true,,,
FFSU,NV,00002143380,TRULICITY ,2020,1,false,755.000,192,281629.14
MCOU,NV,00002143380,TRULICITY ,2020,1,false,1294.000,643,500630.21
MCOU,NV,00002143401,TRULICITY ,2020,1,true,,,
FFSU,NV,00002143401,TRULICITY ,2020,1,true,,,
FFSU,NV,00002143480,TRULICITY ,2020,1,false,1484.000,370,548795.00
MCOU,NV,00002143480,TRULICITY ,2020,1,false,2144.000,1047,807333.73
FFSU,NY,00002143301,TRULICITY ,2020,4,false,40.000,23,15651.03
MCOU,NY,00002143301,TRULICITY ,2020,4,false,528.000,256,204059.28
FFSU,NY,00002143380,TRULICITY ,2020,4,false,1637.000,739,633074.73
MCOU,NY,00002143380,TRULICITY ,2020,4,false,27607.500,13162,10701259.67
MCOU,NY,00002143401,TRULICITY ,2020,4,false,342.500,171,131894.60
FFSU,NY,00002143401,TRULICITY ,2020,4,true,,,
FFSU,NY,00002143480,TRULICITY ,2020,4,false,2385.500,1059,921530.44
MCOU,NY,00002143480,TRULICITY ,2020,4,false,42297.000,20000,16393762.75
MCOU,NY,00002223601,TRULICITY ,2020,4,false,26.000,11,10079.42
FFSU,NY,00002223680,TRULICITY ,2020,4,false,58.000,19,22533.01
MCOU,NY,00002223680,TRULICITY ,2020,4,false,1261.000,538,490285.00
MCOU,NY,00002318201,TRULICITY ,2020,4,true,,,
MCOU,NY,00002318280,TRULICITY ,2020,4,false,82.000,31,31017.99
FFSU,NY,00002318280,TRULICITY ,2020,4,true,,,
FFSU,NY,00002143301,TRULICITY ,2020,3,true,,,
MCOU,NY,00002143301,TRULICITY ,2020,3,false,443.000,221,170921.88
MCOU,NY,00002143380,TRULICITY ,2020,3,false,25557.500,12223,9893223.22
FFSU,NY,00002143380,TRULICITY ,2020,3,false,1071.000,495,413410.99
FFSU,NY,00002143401,TRULICITY ,2020,3,true,,,
MCOU,NY,00002143401,TRULICITY ,2020,3,false,312.000,152,120619.87
MCOU,NY,00002143480,TRULICITY ,2020,3,false,38546.500,18345,14927342.63
FFSU,NY,00002143480,TRULICITY ,2020,3,false,1826.500,808,703365.91
MCOU,NY,00002223680,TRULICITY ,2020,3,true,,,
MCOU,NY,00002143301,TRULICITY ,2020,2,false,410.000,198,158200.87
FFSU,NY,00002143301,TRULICITY ,2020,2,false,44.000,19,17127.30
FFSU,NY,00002143380,TRULICITY ,2020,2,false,1201.500,550,463238.96
MCOU,NY,00002143380,TRULICITY ,2020,2,false,22875.500,10940,8856001.29
FFSU,NY,00002143401,TRULICITY ,2020,2,false,26.000,11,10131.01
MCOU,NY,00002143401,TRULICITY ,2020,2,false,314.500,154,121804.35
MCOU,NY,00002143480,TRULICITY ,2020,2,false,34162.000,16283,13240064.33
FFSU,NY,00002143480,TRULICITY ,2020,2,false,1896.000,826,733506.54
MCOU,NY,00002143301,TRULICITY ,2020,1,false,441.000,215,167607.95
FFSU,NY,00002143301,TRULICITY ,2020,1,false,26.000,12,9924.07
MCOU,NY,00002143380,TRULICITY ,2020,1,false,21957.500,10620,8372002.95
FFSU,NY,00002143380,TRULICITY ,2020,1,false,1216.500,583,454584.61
MCOU,NY,00002143401,TRULICITY ,2020,1,false,316.000,156,120486.43
FFSU,NY,00002143401,TRULICITY ,2020,1,false,32.000,12,12228.10
FFSU,NY,00002143480,TRULICITY ,2020,1,false,1791.500,778,667616.57
MCOU,NY,00002143480,TRULICITY ,2020,1,false,31335.500,15061,11943143.12
FFSU,OH,00002143301,TRULICITY ,2020,4,true,,,
MCOU,OH,00002143301,TRULICITY ,2020,4,false,62.000,27,24344.49
FFSU,OH,00002143380,TRULICITY ,2020,4,false,904.000,448,346451.38
MCOU,OH,00002143380,TRULICITY ,2020,4,false,21661.500,10523,8444235.45
MCOU,OH,00002143401,TRULICITY ,2020,4,false,32.500,20,12842.52
FFSU,OH,00002143401,TRULICITY ,2020,4,true,,,
FFSU,OH,00002143480,TRULICITY ,2020,4,false,988.000,474,377378.56
MCOU,OH,00002143480,TRULICITY ,2020,4,false,29743.500,14246,11589469.44
MCOU,OH,00002223601,TRULICITY ,2020,4,true,,,
FFSU,OH,00002223680,TRULICITY ,2020,4,true,,,
MCOU,OH,00002223680,TRULICITY ,2020,4,false,1090.500,469,425325.62
MCOU,OH,00002318280,TRULICITY ,2020,4,false,98.000,35,38125.62
FFSU,OH,00002143301,TRULICITY ,2020,3,true,,,
MCOU,OH,00002143301,TRULICITY ,2020,3,false,36.500,21,13101.93
FFSU,OH,00002143380,TRULICITY ,2020,3,false,777.000,393,296009.44
MCOU,OH,00002143380,TRULICITY ,2020,3,false,19374.000,9351,7539778.54
MCOU,OH,00002143401,TRULICITY ,2020,3,false,36.000,18,14147.01
FFSU,OH,00002143480,TRULICITY ,2020,3,false,801.500,394,307868.69
MCOU,OH,00002143480,TRULICITY ,2020,3,false,26506.500,12512,10325772.44
MCOU,OH,00002223680,TRULICITY ,2020,3,true,,,
MCOU,OH,00002318280,TRULICITY ,2020,3,true,,,
MCOU,OH,00002143301,TRULICITY ,2020,2,false,28.000,11,10253.46
FFSU,OH,00002143380,TRULICITY ,2020,2,false,785.500,386,297675.90
MCOU,OH,00002143380,TRULICITY ,2020,2,false,16987.000,8083,6571322.99
MCOU,OH,00002143401,TRULICITY ,2020,2,false,46.000,23,18015.46
FFSU,OH,00002143480,TRULICITY ,2020,2,false,635.000,316,244191.89
MCOU,OH,00002143480,TRULICITY ,2020,2,false,22938.500,10792,8870563.80
MCOU,OH,00002143301,TRULICITY ,2020,1,true,,,
FFSU,OH,00002143301,TRULICITY ,2020,1,true,,,
MCOU,OH,00002143380,TRULICITY ,2020,1,false,14945.500,7265,5708414.16
FFSU,OH,00002143380,TRULICITY ,2020,1,false,484.000,236,175932.56
MCOU,OH,00002143401,TRULICITY ,2020,1,false,66.000,31,25572.22
FFSU,OH,00002143480,TRULICITY ,2020,1,false,405.000,193,148554.82
MCOU,OH,00002143480,TRULICITY ,2020,1,false,18420.500,8907,7040089.93
FFSU,OK,00002143380,TRULICITY ,2020,4,false,400.000,200,150523.26
FFSU,OK,00002143480,TRULICITY ,2020,4,false,906.500,458,350540.56
FFSU,OK,00002223680,TRULICITY ,2020,4,false,23.000,13,9317.29
FFSU,OK,00002318280,TRULICITY ,2020,4,true,,,
FFSU,OK,00002143380,TRULICITY ,2020,3,false,370.000,186,140106.24
FFSU,OK,00002143480,TRULICITY ,2020,3,false,856.000,430,331273.59
FFSU,OK,00002143380,TRULICITY ,2020,2,false,344.000,172,132290.67
FFSU,OK,00002143480,TRULICITY ,2020,2,false,717.000,363,274619.80
FFSU,OK,00002143380,TRULICITY ,2020,1,false,302.000,151,112739.33
FFSU,OK,00002143480,TRULICITY ,2020,1,false,669.000,344,249575.54
MCOU,OR,00002143301,TRULICITY ,2020,4,true,,,
MCOU,OR,00002143380,TRULICITY ,2020,4,false,2516.500,1240,976894.78
FFSU,OR,00002143380,TRULICITY ,2020,4,false,68.000,34,25344.39
FFSU,OR,00002143480,TRULICITY ,2020,4,false,164.000,82,63429.64
MCOU,OR,00002143480,TRULICITY ,2020,4,false,4608.000,2245,1792054.17
MCOU,OR,00002223601,TRULICITY ,2020,4,true,,,
MCOU,OR,00002223680,TRULICITY ,2020,4,false,227.000,112,87612.63
FFSU,OR,00002223680,TRULICITY ,2020,4,true,,,
MCOU,OR,00002318280,TRULICITY ,2020,4,true,,,
FFSU,OR,00002318280,TRULICITY ,2020,4,true,,,
MCOU,OR,00002143301,TRULICITY ,2020,3,true,,,
FFSU,OR,00002143380,TRULICITY ,2020,3,false,65.000,32,25168.25
MCOU,OR,00002143380,TRULICITY ,2020,3,false,2267.500,1110,878186.64
MCOU,OR,00002143401,TRULICITY ,2020,3,true,,,
MCOU,OR,00002143480,TRULICITY ,2020,3,false,4238.000,2067,1649451.75
FFSU,OR,00002143480,TRULICITY ,2020,3,false,136.000,68,52115.58
MCOU,OR,00002223680,TRULICITY ,2020,3,true,,,
MCOU,OR,00002143301,TRULICITY ,2020,2,true,,,
MCOU,OR,00002143380,TRULICITY ,2020,2,false,2105.500,1040,819440.89
FFSU,OR,00002143380,TRULICITY ,2020,2,false,78.000,39,29246.98
MCOU,OR,00002143480,TRULICITY ,2020,2,false,3676.000,1809,1431026.58
FFSU,OR,00002143480,TRULICITY ,2020,2,false,114.000,56,29508.61
MCOU,OR,00002143301,TRULICITY ,2020,1,true,,,
MCOU,OR,00002143380,TRULICITY ,2020,1,false,1845.000,923,707151.55
FFSU,OR,00002143380,TRULICITY ,2020,1,false,54.000,27,19641.01
MCOU,OR,00002143401,TRULICITY ,2020,1,true,,,
FFSU,OR,00002143480,TRULICITY ,2020,1,false,108.000,54,40931.96
MCOU,OR,00002143480,TRULICITY ,2020,1,false,3044.500,1511,1170299.60
MCOU,PA,00002143301,TRULICITY ,2020,4,false,73.000,43,28622.42
FFSU,PA,00002143380,TRULICITY ,2020,4,false,201.000,93,77352.69
MCOU,PA,00002143380,TRULICITY ,2020,4,false,25888.000,12228,10096950.15
MCOU,PA,00002143401,TRULICITY ,2020,4,false,91.000,45,35672.87
MCOU,PA,00002143480,TRULICITY ,2020,4,false,36587.500,17028,14277842.74
FFSU,PA,00002143480,TRULICITY ,2020,4,false,240.000,103,92084.17
MCOU,PA,00002223601,TRULICITY ,2020,4,true,,,
FFSU,PA,00002223680,TRULICITY ,2020,4,true,,,
MCOU,PA,00002223680,TRULICITY ,2020,4,false,1513.500,622,588090.28
MCOU,PA,00002318201,TRULICITY ,2020,4,true,,,
MCOU,PA,00002318280,TRULICITY ,2020,4,false,54.000,27,21120.43
MCOU,PA,00002143301,TRULICITY ,2020,3,false,90.000,45,35354.02
FFSU,PA,00002143380,TRULICITY ,2020,3,false,176.000,76,67543.72
MCOU,PA,00002143380,TRULICITY ,2020,3,false,24159.000,11423,9428556.81
MCOU,PA,00002143401,TRULICITY ,2020,3,false,103.500,54,40658.89
MCOU,PA,00002143480,TRULICITY ,2020,3,false,34271.500,16063,13359902.00
FFSU,PA,00002143480,TRULICITY ,2020,3,false,224.000,96,86029.99
MCOU,PA,00002223680,TRULICITY ,2020,3,true,,,
MCOU,PA,00002143301,TRULICITY ,2020,2,false,76.000,37,29809.36
MCOU,PA,00002143380,TRULICITY ,2020,2,false,22525.000,10706,8801242.95
FFSU,PA,00002143380,TRULICITY ,2020,2,false,206.000,92,78891.53
MCOU,PA,00002143401,TRULICITY ,2020,2,false,131.000,67,50362.70
FFSU,PA,00002143480,TRULICITY ,2020,2,false,270.000,119,103218.08
MCOU,PA,00002143480,TRULICITY ,2020,2,false,31673.000,15055,12362365.59
MCOU,PA,00002143301,TRULICITY ,2020,1,false,71.000,33,27436.99
MCOU,PA,00002143380,TRULICITY ,2020,1,false,20478.000,9694,7880703.06
FFSU,PA,00002143380,TRULICITY ,2020,1,false,136.500,67,50040.22
MCOU,PA,00002143401,TRULICITY ,2020,1,false,62.000,31,23884.24
FFSU,PA,00002143480,TRULICITY ,2020,1,false,133.500,55,48838.63
MCOU,PA,00002143480,TRULICITY ,2020,1,false,26687.500,12700,10266505.37
FFSU,RI,00002143380,TRULICITY ,2020,4,true,,,
MCOU,RI,00002143380,TRULICITY ,2020,4,false,1600.000,755,624279.23
MCOU,RI,00002143480,TRULICITY ,2020,4,false,2233.000,1051,868582.46
FFSU,RI,00002143480,TRULICITY ,2020,4,true,,,
MCOU,RI,00002223680,TRULICITY ,2020,4,false,46.500,22,18339.62
FFSU,RI,00002143380,TRULICITY ,2020,3,false,22.000,11,8505.26
MCOU,RI,00002143380,TRULICITY ,2020,3,false,1692.000,806,658305.78
MCOU,RI,00002143401,TRULICITY ,2020,3,true,,,
FFSU,RI,00002143480,TRULICITY ,2020,3,true,,,
MCOU,RI,00002143480,TRULICITY ,2020,3,false,2096.000,980,808912.49
MCOU,RI,00002143301,TRULICITY ,2020,2,true,,,
MCOU,RI,00002143380,TRULICITY ,2020,2,false,1572.000,746,614827.46
FFSU,RI,00002143380,TRULICITY ,2020,2,false,26.000,13,10023.24
MCOU,RI,00002143401,TRULICITY ,2020,2,true,,,
MCOU,RI,00002143480,TRULICITY ,2020,2,false,1792.000,856,687480.28
FFSU,RI,00002143480,TRULICITY ,2020,2,true,,,
MCOU,RI,00002143301,TRULICITY ,2020,1,true,,,
FFSU,RI,00002143380,TRULICITY ,2020,1,true,,,
MCOU,RI,00002143380,TRULICITY ,2020,1,false,1434.000,691,554771.65
FFSU,RI,00002143480,TRULICITY ,2020,1,true,,,
MCOU,RI,00002143480,TRULICITY ,2020,1,false,1600.000,761,609776.12
MCOU,SC,00002143301,TRULICITY ,2020,4,true,,,
MCOU,SC,00002143380,TRULICITY ,2020,4,false,966.000,481,365936.50
FFSU,SC,00002143380,TRULICITY ,2020,4,false,59.000,39,22875.41
MCOU,SC,00002143401,TRULICITY ,2020,4,true,,,
FFSU,SC,00002143480,TRULICITY ,2020,4,false,117.000,59,45386.98
MCOU,SC,00002143480,TRULICITY ,2020,4,false,1737.000,859,660753.72
MCOU,SC,00002223680,TRULICITY ,2020,4,false,70.000,35,25886.48
FFSU,SC,00002223680,TRULICITY ,2020,4,true,,,
MCOU,SC,00002318280,TRULICITY ,2020,4,true,,,
MCOU,SC,00002143301,TRULICITY ,2020,3,true,,,
FFSU,SC,00002143380,TRULICITY ,2020,3,false,44.000,28,17267.10
MCOU,SC,00002143380,TRULICITY ,2020,3,false,1122.000,556,422635.18
MCOU,SC,00002143401,TRULICITY ,2020,3,true,,,
FFSU,SC,00002143480,TRULICITY ,2020,3,false,131.000,74,51292.64
MCOU,SC,00002143480,TRULICITY ,2020,3,false,1802.500,895,692739.31
MCOU,SC,00002223680,TRULICITY ,2020,3,true,,,
MCOU,SC,00002143301,TRULICITY ,2020,2,true,,,
FFSU,SC,00002143380,TRULICITY ,2020,2,false,63.500,43,25606.84
MCOU,SC,00002143380,TRULICITY ,2020,2,false,1072.000,533,399647.08
MCOU,SC,00002143401,TRULICITY ,2020,2,true,,,
MCOU,SC,00002143480,TRULICITY ,2020,2,false,1656.000,820,631596.86
FFSU,SC,00002143480,TRULICITY ,2020,2,false,107.000,63,43128.88
FFSU,SC,00002143380,TRULICITY ,2020,1,false,50.000,39,19607.65
MCOU,SC,00002143380,TRULICITY ,2020,1,false,946.000,470,353079.59
MCOU,SC,00002143401,TRULICITY ,2020,1,true,,,
FFSU,SC,00002143480,TRULICITY ,2020,1,false,109.500,66,42905.07
MCOU,SC,00002143480,TRULICITY ,2020,1,false,1466.000,723,547625.65
FFSU,SD,00002143380,TRULICITY ,2020,4,false,132.000,64,51166.56
FFSU,SD,00002143480,TRULICITY ,2020,4,false,271.000,135,105133.11
FFSU,SD,00002223680,TRULICITY ,2020,4,true,,,
FFSU,SD,00002143380,TRULICITY ,2020,3,false,157.500,81,61098.91
FFSU,SD,00002143480,TRULICITY ,2020,3,false,274.000,136,106323.42
FFSU,SD,00002143380,TRULICITY ,2020,2,false,164.000,83,63185.82
FFSU,SD,00002143480,TRULICITY ,2020,2,false,212.000,103,82241.46
FFSU,SD,00002143380,TRULICITY ,2020,1,false,142.000,70,53672.19
FFSU,SD,00002143480,TRULICITY ,2020,1,false,210.000,105,79058.00
FFSU,TN,00002143380,TRULICITY ,2020,4,false,1076.500,539,416052.46
FFSU,TN,00002143401,TRULICITY ,2020,4,true,,,
FFSU,TN,00002143480,TRULICITY ,2020,4,false,1815.500,913,703376.10
FFSU,TN,00002223680,TRULICITY ,2020,4,false,78.000,39,30517.13
FFSU,TN,00002318201,TRULICITY ,2020,4,true,,,
FFSU,TN,00002318280,TRULICITY ,2020,4,true,,,
FFSU,TN,00002143380,TRULICITY ,2020,3,false,976.000,488,377755.13
FFSU,TN,00002143401,TRULICITY ,2020,3,true,,,
FFSU,TN,00002143480,TRULICITY ,2020,3,false,1591.500,807,616801.15
FFSU,TN,00002143380,TRULICITY ,2020,2,false,891.000,447,344815.99
FFSU,TN,00002143401,TRULICITY ,2020,2,true,,,
FFSU,TN,00002143480,TRULICITY ,2020,2,false,1300.000,657,503595.82
FFSU,TN,00002143380,TRULICITY ,2020,1,false,629.000,310,236459.08
FFSU,TN,00002143401,TRULICITY ,2020,1,false,22.000,11,8325.34
FFSU,TN,00002143480,TRULICITY ,2020,1,false,969.500,483,364625.85
FFSU,TX,00002143301,TRULICITY ,2020,4,true,,,
FFSU,TX,00002143380,TRULICITY ,2020,4,true,,,
MCOU,TX,00002143380,TRULICITY ,2020,4,false,2069.500,932,805216.24
MCOU,TX,00002143480,TRULICITY ,2020,4,false,3938.000,1743,1529784.85
FFSU,TX,00002143480,TRULICITY ,2020,4,true,,,
MCOU,TX,00002143301,TRULICITY ,2020,3,true,,,
FFSU,TX,00002143301,TRULICITY ,2020,3,true,,,
MCOU,TX,00002143380,TRULICITY ,2020,3,false,1939.000,873,754815.75
FFSU,TX,00002143380,TRULICITY ,2020,3,true,,,
FFSU,TX,00002143480,TRULICITY ,2020,3,true,,,
MCOU,TX,00002143480,TRULICITY ,2020,3,false,3828.500,1738,1487459.86
MCOU,TX,00002143301,TRULICITY ,2020,2,true,,,
FFSU,TX,00002143380,TRULICITY ,2020,2,true,,,
MCOU,TX,00002143380,TRULICITY ,2020,2,false,1889.500,878,734928.38
MCOU,TX,00002143480,TRULICITY ,2020,2,false,3601.500,1673,1399512.03
FFSU,TX,00002143480,TRULICITY ,2020,2,false,22.000,11,8679.55
FFSU,TX,00002143380,TRULICITY ,2020,1,false,24.000,12,9021.12
MCOU,TX,00002143380,TRULICITY ,2020,1,false,1662.000,801,639955.46
FFSU,TX,00002143480,TRULICITY ,2020,1,false,26.000,13,9961.21
MCOU,TX,00002143480,TRULICITY ,2020,1,false,3097.500,1518,1196037.46
FFSU,UT,00002143380,TRULICITY ,2020,4,false,22.000,11,8478.63
MCOU,UT,00002143380,TRULICITY ,2020,4,false,503.000,245,230893.90
FFSU,UT,00002143480,TRULICITY ,2020,4,false,34.000,17,13146.20
MCOU,UT,00002143480,TRULICITY ,2020,4,false,1322.000,647,581691.20
MCOU,UT,00002223680,TRULICITY ,2020,4,true,,,
FFSU,UT,00002143380,TRULICITY ,2020,3,true,,,
MCOU,UT,00002143380,TRULICITY ,2020,3,false,484.500,241,287431.27
FFSU,UT,00002143480,TRULICITY ,2020,3,false,40.000,20,15465.25
MCOU,UT,00002143480,TRULICITY ,2020,3,false,1219.500,607,566542.82
MCOU,UT,00002143380,TRULICITY ,2020,2,false,494.000,243,195539.26
FFSU,UT,00002143380,TRULICITY ,2020,2,true,,,
FFSU,UT,00002143480,TRULICITY ,2020,2,false,34.000,17,13151.67
MCOU,UT,00002143480,TRULICITY ,2020,2,false,1164.000,580,459582.04
FFSU,UT,00002143380,TRULICITY ,2020,1,true,,,
MCOU,UT,00002143380,TRULICITY ,2020,1,false,344.000,172,133305.31
MCOU,UT,00002143480,TRULICITY ,2020,1,false,786.000,391,298544.43
FFSU,UT,00002143480,TRULICITY ,2020,1,true,,,
MCOU,VA,00002143301,TRULICITY ,2020,4,true,,,
MCOU,VA,00002143380,TRULICITY ,2020,4,false,1855.500,836,725835.50
FFSU,VA,00002143380,TRULICITY ,2020,4,true,,,
MCOU,VA,00002143401,TRULICITY ,2020,4,true,,,
FFSU,VA,00002143480,TRULICITY ,2020,4,false,24.000,13,9292.28
MCOU,VA,00002143480,TRULICITY ,2020,4,false,3159.000,1279,1210287.53
MCOU,VA,00002223680,TRULICITY ,2020,4,false,109.000,36,40990.71
MCOU,VA,00002318280,TRULICITY ,2020,4,true,,,
MCOU,VA,00002143301,TRULICITY ,2020,3,true,,,
FFSU,VA,00002143301,TRULICITY ,2020,3,true,,,
FFSU,VA,00002143380,TRULICITY ,2020,3,true,,,
MCOU,VA,00002143380,TRULICITY ,2020,3,false,1735.000,794,672499.53
MCOU,VA,00002143401,TRULICITY ,2020,3,true,,,
FFSU,VA,00002143480,TRULICITY ,2020,3,true,,,
MCOU,VA,00002143480,TRULICITY ,2020,3,false,2723.500,1150,1048746.14
FFSU,VA,00002143301,TRULICITY ,2020,2,true,,,
MCOU,VA,00002143301,TRULICITY ,2020,2,true,,,
MCOU,VA,00002143380,TRULICITY ,2020,2,false,1531.500,709,592642.90
FFSU,VA,00002143380,TRULICITY ,2020,2,true,,,
MCOU,VA,00002143480,TRULICITY ,2020,2,false,2607.000,1155,1018051.53
FFSU,VA,00002143480,TRULICITY ,2020,2,true,,,
MCOU,VA,00002143380,TRULICITY ,2020,1,false,1336.000,659,508932.57
FFSU,VA,00002143380,TRULICITY ,2020,1,true,,,
FFSU,VA,00002143480,TRULICITY ,2020,1,false,34.000,15,12650.13
MCOU,VA,00002143480,TRULICITY ,2020,1,false,2041.000,981,780263.72
FFSU,VT,00002143380,TRULICITY ,2020,4,false,546.000,233,207833.40
FFSU,VT,00002143480,TRULICITY ,2020,4,false,612.000,250,232526.59
FFSU,VT,00002223680,TRULICITY ,2020,4,false,32.000,12,12497.22
FFSU,VT,00002143380,TRULICITY ,2020,3,false,349.000,154,131288.49
FFSU,VT,00002143480,TRULICITY ,2020,3,false,432.000,180,164593.77
FFSU,VT,00002143380,TRULICITY ,2020,2,false,190.000,91,71132.21
FFSU,VT,00002143401,TRULICITY ,2020,2,true,,,
FFSU,VT,00002143480,TRULICITY ,2020,2,false,330.000,157,125389.98
FFSU,VT,00002143380,TRULICITY ,2020,1,false,167.000,83,62779.41
FFSU,VT,00002143401,TRULICITY ,2020,1,true,,,
FFSU,VT,00002143480,TRULICITY ,2020,1,false,260.000,128,95606.17
MCOU,WA,00002143301,TRULICITY ,2020,4,true,,,
FFSU,WA,00002143380,TRULICITY ,2020,4,true,,,
MCOU,WA,00002143380,TRULICITY ,2020,4,false,525.500,245,197069.95
FFSU,WA,00002143480,TRULICITY ,2020,4,false,30.000,15,10075.46
MCOU,WA,00002143480,TRULICITY ,2020,4,false,998.000,464,374462.31
MCOU,WA,00002223680,TRULICITY ,2020,4,false,46.000,19,17884.45
MCOU,WA,00002143301,TRULICITY ,2020,3,true,,,
FFSU,WA,00002143380,TRULICITY ,2020,3,true,,,
MCOU,WA,00002143380,TRULICITY ,2020,3,false,442.000,201,165207.59
MCOU,WA,00002143480,TRULICITY ,2020,3,false,998.000,487,374595.99
FFSU,WA,00002143480,TRULICITY ,2020,3,false,32.000,16,10113.70
MCOU,WA,00002143380,TRULICITY ,2020,2,false,472.000,229,176775.74
FFSU,WA,00002143380,TRULICITY ,2020,2,true,,,
MCOU,WA,00002143401,TRULICITY ,2020,2,true,,,
MCOU,WA,00002143480,TRULICITY ,2020,2,false,962.000,471,356429.45
FFSU,WA,00002143480,TRULICITY ,2020,2,false,46.000,23,14768.10
FFSU,WA,00002143380,TRULICITY ,2020,1,true,,,
MCOU,WA,00002143380,TRULICITY ,2020,1,false,428.000,212,153869.67
FFSU,WA,00002143480,TRULICITY ,2020,1,false,32.500,17,10008.16
MCOU,WA,00002143480,TRULICITY ,2020,1,false,886.000,434,324844.84
FFSU,WI,00002143380,TRULICITY ,2020,4,false,7371.500,3036,2882168.35
FFSU,WI,00002143480,TRULICITY ,2020,4,false,10513.000,4146,4092086.93
FFSU,WI,00002223680,TRULICITY ,2020,4,false,506.000,192,204489.51
FFSU,WI,00002318280,TRULICITY ,2020,4,true,,,
FFSU,WI,00002143380,TRULICITY ,2020,3,false,6397.000,2727,2494593.16
FFSU,WI,00002143480,TRULICITY ,2020,3,false,9131.500,3707,3488077.66
FFSU,WI,00002143301,TRULICITY ,2020,2,true,,,
FFSU,WI,00002143380,TRULICITY ,2020,2,false,5405.500,2376,2087212.22
FFSU,WI,00002143480,TRULICITY ,2020,2,false,7947.000,3458,3044889.88
FFSU,WI,00002143380,TRULICITY ,2020,1,false,4734.000,2316,1774476.09
FFSU,WI,00002143480,TRULICITY ,2020,1,false,6401.500,3073,2357403.81
FFSU,WV,00002143380,TRULICITY ,2020,4,false,1165.000,541,448739.99
FFSU,WV,00002143480,TRULICITY ,2020,4,false,658.000,283,252331.35
FFSU,WV,00002223680,TRULICITY ,2020,4,true,,,
FFSU,WV,00002143380,TRULICITY ,2020,3,false,510.000,210,195999.96
FFSU,WV,00002143480,TRULICITY ,2020,3,false,253.500,97,96364.34
FFSU,WV,00002143380,TRULICITY ,2020,2,false,50.000,17,18877.14
FFSU,WV,00002143480,TRULICITY ,2020,2,false,104.000,32,38705.80
FFSU,WV,00002143380,TRULICITY ,2020,1,false,56.000,18,20352.96
FFSU,WV,00002143480,TRULICITY ,2020,1,false,100.000,34,36338.11
FFSU,WY,00002143380,TRULICITY ,2020,4,true,,,
FFSU,WY,00002143480,TRULICITY ,2020,4,false,38.000,17,13944.61
FFSU,WY,00002223680,TRULICITY ,2020,4,true,,,
FFSU,WY,00002143380,TRULICITY ,2020,3,true,,,
FFSU,WY,00002143480,TRULICITY ,2020,3,false,46.000,21,16885.38
FFSU,WY,00002143380,TRULICITY ,2020,2,true,,,
FFSU,WY,00002143480,TRULICITY ,2020,2,false,42.000,19,15416.82
FFSU,WY,00002143380,TRULICITY ,2020,1,true,,,
FFSU,WY,00002143480,TRULICITY ,2020,1,false,50.000,23,18342.99
FFSU,AK,00169406012,VICTOZA 2-,2020,4,false,1242.000,175,123979.16
FFSU,AK,00169406013,VICTOZA 3-,2020,4,false,2934.000,302,288770.39
FFSU,AK,00169406012,VICTOZA 2-,2020,3,false,1443.000,212,143665.08
FFSU,AK,00169406013,VICTOZA 3-,2020,3,false,4113.000,421,402758.06
FFSU,AK,00169406012,VICTOZA 2-,2020,2,false,1590.000,235,154950.36
FFSU,AK,00169406013,VICTOZA 3-,2020,2,false,4536.000,475,441637.44
FFSU,AK,00169406012,VICTOZA 2-,2020,1,false,1362.000,210,131765.64
FFSU,AK,00169406013,VICTOZA 3-,2020,1,false,3600.000,406,346594.28
FFSU,AL,00169406012,Victoza 6M,2020,4,false,3594.000,586,388562.42
FFSU,AL,00169406013,Victoza 6M,2020,4,false,6828.000,768,739990.10
FFSU,AL,00169406012,Victoza 6M,2020,3,false,3165.000,508,340840.35
FFSU,AL,00169406013,Victoza 6M,2020,3,false,5556.000,628,589332.07
FFSU,AL,00169406012,Victoza 6M,2020,2,false,2678.000,432,289440.20
FFSU,AL,00169406013,Victoza 6M,2020,2,false,5547.000,629,590423.44
FFSU,AL,00169406012,Victoza 6M,2020,1,false,2322.000,371,245636.23
FFSU,AL,00169406013,Victoza 6M,2020,1,false,5016.000,573,528734.24
FFSU,AR,00169406012,VICTOZA 2-,2020,4,false,2640.000,438,275997.09
MCOU,AR,00169406012,VICTOZA 2-,2020,4,false,462.000,77,49166.25
MCOU,AR,00169406013,VICTOZA 3-,2020,4,false,678.000,76,72459.03
FFSU,AR,00169406013,VICTOZA 3-,2020,4,false,4413.000,518,459553.36
FFSU,AR,00169406012,VICTOZA 2-,2020,3,false,2157.000,363,225894.50
MCOU,AR,00169406012,VICTOZA 2-,2020,3,false,402.000,66,42866.77
MCOU,AR,00169406013,VICTOZA 3-,2020,3,false,624.000,70,66747.12
FFSU,AR,00169406013,VICTOZA 3-,2020,3,false,3927.000,452,409395.49
FFSU,AR,00169406012,VICTOZA 2-,2020,2,false,2070.000,348,216759.95
MCOU,AR,00169406012,VICTOZA 2-,2020,2,false,336.000,56,35964.21
FFSU,AR,00169406013,VICTOZA 3-,2020,2,false,3945.000,457,411271.88
MCOU,AR,00169406013,VICTOZA 3-,2020,2,false,513.000,59,54855.34
FFSU,AR,00169406012,VICTOZA 2-,2020,1,false,1944.000,325,200384.84
MCOU,AR,00169406012,VICTOZA 2-,2020,1,false,258.000,43,27437.16
FFSU,AR,00169406013,VICTOZA 3-,2020,1,false,3621.000,419,371430.19
MCOU,AR,00169406013,VICTOZA 3-,2020,1,false,522.000,60,55384.97
MCOU,AZ,00169406012,VICTOZA 2-,2020,4,false,14202.000,2237,1481572.95
FFSU,AZ,00169406012,VICTOZA 2-,2020,4,false,294.000,46,25530.62
FFSU,AZ,00169406013,VICTOZA 3-,2020,4,false,3081.000,341,207813.25
MCOU,AZ,00169406013,VICTOZA 3-,2020,4,false,26712.000,2639,2777193.21
MCOU,AZ,00169406012,VICTOZA 2-,2020,3,false,14808.000,2327,1542491.50
FFSU,AZ,00169406012,VICTOZA 2-,2020,3,false,306.000,44,26857.49
FFSU,AZ,00169406013,VICTOZA 3-,2020,3,false,2370.000,260,171142.81
MCOU,AZ,00169406013,VICTOZA 3-,2020,3,false,24414.000,2500,2537828.89
MCOU,AZ,00169406012,VICTOZA 2-,2020,2,false,15468.000,2468,1611065.42
FFSU,AZ,00169406012,VICTOZA 2-,2020,2,false,249.000,35,21249.32
MCOU,AZ,00169406013,VICTOZA 3-,2020,2,false,24576.000,2568,2554307.02
FFSU,AZ,00169406013,VICTOZA 3-,2020,2,false,2493.000,277,184425.32
FFSU,AZ,00169406012,VICTOZA 2-,2020,1,false,183.000,25,17386.35
MCOU,AZ,00169406012,VICTOZA 2-,2020,1,false,13842.000,2288,1431562.81
MCOU,AZ,00169406013,VICTOZA 3-,2020,1,false,21081.000,2283,2174833.86
FFSU,AZ,00169406013,VICTOZA 3-,2020,1,false,960.000,117,80508.87
MCOU,CA,00169406012,VICTOZA 6M,2020,4,false,17626.000,2563,1441408.40
FFSU,CA,00169406012,VICTOZA 6M,2020,4,false,7038.000,1140,743397.50
MCOU,CA,00169406013,VICTOZA 6M,2020,4,false,40247.000,4107,3912292.10
FFSU,CA,00169406013,VICTOZA 6M,2020,4,false,16053.000,1693,1685882.47
FFSU,CA,00169406012,VICTOZA 6M,2020,3,false,6110.000,983,646800.49
MCOU,CA,00169406012,VICTOZA 6M,2020,3,false,17741.000,2672,1511390.51
FFSU,CA,00169406013,VICTOZA 6M,2020,3,false,14298.000,1555,1512031.15
MCOU,CA,00169406013,VICTOZA 6M,2020,3,false,40050.000,4196,3997576.35
FFSU,CA,00169406012,VICTOZA 6M,2020,2,false,6579.000,1088,697832.46
MCOU,CA,00169406012,VICTOZA 6M,2020,2,false,17988.000,2759,1650709.65
MCOU,CA,00169406013,VICTOZA 6M,2020,2,false,38975.000,4207,3960031.95
FFSU,CA,00169406013,VICTOZA 6M,2020,2,false,15504.000,1706,1636371.09
FFSU,CA,00169406012,VICTOZA 6M,2020,1,false,5757.000,971,607914.23
MCOU,CA,00169406012,VICTOZA 6M,2020,1,false,16312.000,2621,1607684.92
MCOU,CA,00169406013,VICTOZA 6M,2020,1,false,38812.000,4230,3973969.80
FFSU,CA,00169406013,VICTOZA 6M,2020,1,false,14448.000,1606,1513884.88
MCOU,CO,00169406012,VICTOZA 2-,2020,4,false,435.000,69,41189.90
FFSU,CO,00169406012,VICTOZA 2-,2020,4,false,5378.000,690,556603.95
FFSU,CO,00169406013,VICTOZA 3-,2020,4,false,12648.000,989,1293491.12
MCOU,CO,00169406013,VICTOZA 3-,2020,4,false,846.000,71,55486.09
FFSU,CO,00169406012,VICTOZA 2-,2020,3,false,4740.000,625,495189.64
MCOU,CO,00169406012,VICTOZA 2-,2020,3,false,558.000,94,53413.72
FFSU,CO,00169406013,VICTOZA 3-,2020,3,false,10647.000,812,1096604.56
MCOU,CO,00169406013,VICTOZA 3-,2020,3,false,1245.000,106,70910.98
FFSU,CO,00169406012,VICTOZA 2-,2020,2,false,3417.000,446,358456.66
MCOU,CO,00169406012,VICTOZA 2-,2020,2,false,558.000,93,48365.23
MCOU,CO,00169406013,VICTOZA 3-,2020,2,false,882.000,95,71463.23
FFSU,CO,00169406013,VICTOZA 3-,2020,2,false,9324.000,720,963206.59
MCOU,CO,00169406012,VICTOZA 2-,2020,1,false,390.000,68,40909.51
FFSU,CO,00169406012,VICTOZA 2-,2020,1,false,3045.000,402,316783.99
FFSU,CO,00169406013,VICTOZA 3-,2020,1,false,7920.000,634,820946.30
MCOU,CO,00169406013,VICTOZA 3-,2020,1,false,615.000,70,63998.65
FFSU,CT,00169406012,VICTOZA 6M,2020,4,false,8006.000,1095,838653.44
FFSU,CT,00169406013,VICTOZA 6M,2020,4,false,23229.000,1757,2416869.88
FFSU,CT,00169406012,VICTOZA 6M,2020,3,false,7782.000,1078,816546.84
FFSU,CT,00169406013,VICTOZA 6M,2020,3,false,23961.000,1826,2496540.18
FFSU,CT,00169406012,VICTOZA 6M,2020,2,false,8418.000,1151,883090.96
FFSU,CT,00169406013,VICTOZA 6M,2020,2,false,25521.000,1975,2659092.41
FFSU,CT,00169406012,VICTOZA 6M,2020,1,false,8538.000,1190,881758.44
FFSU,CT,00169406013,VICTOZA 6M,2020,1,false,24894.000,1933,2544092.65
MCOU,DC,00169406012,VICTOZA 2-,2020,4,false,894.000,124,79887.28
FFSU,DC,00169406012,VICTOZA 2-,2020,4,false,96.000,14,10072.47
FFSU,DC,00169406013,VICTOZA 3-,2020,4,false,501.000,59,52392.84
MCOU,DC,00169406013,VICTOZA 3-,2020,4,false,2286.000,250,230159.34
FFSU,DC,00169406012,VICTOZA 2-,2020,3,false,653.000,104,68711.30
MCOU,DC,00169406012,VICTOZA 2-,2020,3,false,534.000,84,53643.86
FFSU,DC,00169406013,VICTOZA 3-,2020,3,false,1599.000,180,167315.10
MCOU,DC,00169406013,VICTOZA 3-,2020,3,false,1437.000,165,147212.64
FFSU,DC,00169406012,VICTOZA 2-,2020,2,false,741.000,115,77937.39
MCOU,DC,00169406012,VICTOZA 2-,2020,2,false,675.000,111,70946.25
MCOU,DC,00169406013,VICTOZA 3-,2020,2,false,1557.000,177,163091.84
FFSU,DC,00169406013,VICTOZA 3-,2020,2,false,1437.000,166,150411.13
FFSU,DC,00169406012,VICTOZA 2-,2020,1,false,681.000,113,70422.79
MCOU,DC,00169406012,VICTOZA 2-,2020,1,false,729.000,123,76182.22
MCOU,DC,00169406013,VICTOZA 3-,2020,1,false,1521.000,175,158922.65
FFSU,DC,00169406013,VICTOZA 3-,2020,1,false,1365.000,164,140892.76
MCOU,DE,00169406012,Victoza 6M,2020,4,false,804.000,123,84205.08
MCOU,DE,00169406013,Victoza 6M,2020,4,false,2325.000,269,242584.88
MCOU,DE,00169406012,Victoza 6M,2020,3,false,933.000,149,98487.48
MCOU,DE,00169406013,Victoza 6M,2020,3,false,2424.000,286,254758.00
MCOU,DE,00169406012,Victoza 6M,2020,2,false,978.000,156,0.00
MCOU,DE,00169406013,Victoza 6M,2020,2,false,2424.000,285,257630.04
FFSU,DE,00169406013,Victoza 6M,2020,2,true,,,
MCOU,DE,00169406012,Victoza 6M,2020,1,false,942.000,153,377.55
FFSU,DE,00169406013,Victoza 6M,2020,1,true,,,
MCOU,DE,00169406013,Victoza 6M,2020,1,false,2442.000,290,2422.57
FFSU,FL,00169406012,VICTOZA 2-,2020,4,true,,,
MCOU,FL,00169406012,VICTOZA 2-,2020,4,false,918.000,150,93944.47
MCOU,FL,00169406013,VICTOZA 3-,2020,4,false,2655.000,295,273138.72
FFSU,FL,00169406013,VICTOZA 3-,2020,4,false,117.000,13,12211.84
MCOU,FL,00169406012,VICTOZA 2-,2020,3,false,851.000,144,86263.09
FFSU,FL,00169406012,VICTOZA 2-,2020,3,true,,,
MCOU,FL,00169406013,VICTOZA 3-,2020,3,false,2358.000,262,240490.34
FFSU,FL,00169406013,VICTOZA 3-,2020,3,false,126.000,14,13169.52
FFSU,FL,00169406012,VICTOZA 2-,2020,2,true,,,
MCOU,FL,00169406012,VICTOZA 2-,2020,2,false,800.000,141,80742.48
FFSU,FL,00169406013,VICTOZA 3-,2020,2,false,159.000,18,16622.09
MCOU,FL,00169406013,VICTOZA 3-,2020,2,false,2637.000,297,271317.23
FFSU,FL,00169406012,VICTOZA 2-,2020,1,true,,,
MCOU,FL,00169406012,VICTOZA 2-,2020,1,false,693.000,117,70949.78
MCOU,FL,00169406013,VICTOZA 3-,2020,1,false,2544.000,289,260581.85
FFSU,FL,00169406013,VICTOZA 3-,2020,1,false,237.000,24,24243.42
MCOU,GA,00169406012,VICTOZA 2-,2020,4,false,1662.000,276,171185.01
FFSU,GA,00169406012,VICTOZA 2-,2020,4,false,3009.000,476,315680.33
MCOU,GA,00169406013,VICTOZA 3-,2020,4,false,3678.000,403,377848.21
FFSU,GA,00169406013,VICTOZA 3-,2020,4,false,6396.000,660,667311.80
MCOU,GA,00169406012,VICTOZA 2-,2020,3,false,1566.000,260,163345.89
FFSU,GA,00169406012,VICTOZA 2-,2020,3,false,2817.000,450,295510.19
MCOU,GA,00169406013,VICTOZA 3-,2020,3,false,3609.000,402,377220.42
FFSU,GA,00169406013,VICTOZA 3-,2020,3,false,6207.000,646,648486.17
FFSU,GA,00169406012,VICTOZA 2-,2020,2,false,2949.000,463,309807.08
MCOU,GA,00169406012,VICTOZA 2-,2020,2,false,1491.000,249,158318.07
FFSU,GA,00169406013,VICTOZA 3-,2020,2,false,5763.000,631,602210.85
MCOU,GA,00169406013,VICTOZA 3-,2020,2,false,3138.000,359,335624.78
FFSU,GA,00169406012,VICTOZA 2-,2020,1,false,2583.000,423,267942.36
MCOU,GA,00169406012,VICTOZA 2-,2020,1,false,1221.000,206,146861.00
FFSU,GA,00169406013,VICTOZA 3-,2020,1,false,5115.000,590,527098.57
MCOU,GA,00169406013,VICTOZA 3-,2020,1,false,2586.000,293,298852.79
MCOU,HI,00169406012,VICTOZA 2-,2020,4,false,1842.000,263,192188.54
MCOU,HI,00169406013,VICTOZA 3-,2020,4,false,6615.000,620,650180.39
MCOU,HI,00169406012,VICTOZA 2-,2020,3,false,1482.000,228,154112.46
MCOU,HI,00169406013,VICTOZA 3-,2020,3,false,6357.000,623,649435.45
MCOU,HI,00169406012,VICTOZA 2-,2020,2,false,1734.000,279,177989.84
MCOU,HI,00169406013,VICTOZA 3-,2020,2,false,6879.000,691,700236.52
MCOU,HI,00169406012,VICTOZA 2-,2020,1,false,1908.000,290,197017.88
MCOU,HI,00169406013,VICTOZA 3-,2020,1,false,6900.000,743,693252.82
MCOU,IA,00169406012,Victoza 6M,2020,4,false,3501.000,560,365772.76
FFSU,IA,00169406012,Victoza 6M,2020,4,true,,,
FFSU,IA,00169406013,Victoza 6M,2020,4,false,108.000,12,6048.51
MCOU,IA,00169406013,Victoza 6M,2020,4,false,8154.000,877,851832.21
FFSU,IA,00169406012,Victoza 6M,2020,3,true,,,
MCOU,IA,00169406012,Victoza 6M,2020,3,false,3699.000,601,390238.96
MCOU,IA,00169406013,Victoza 6M,2020,3,false,7809.000,856,821582.19
FFSU,IA,00169406013,Victoza 6M,2020,3,true,,,
FFSU,IA,00169406012,Victoza 6M,2020,2,true,,,
MCOU,IA,00169406012,Victoza 6M,2020,2,false,4029.000,660,421269.18
MCOU,IA,00169406013,Victoza 6M,2020,2,false,8295.000,935,862216.23
FFSU,IA,00169406013,Victoza 6M,2020,2,true,,,
FFSU,IA,00169406012,Victoza 6M,2020,1,true,,,
MCOU,IA,00169406012,Victoza 6M,2020,1,false,3673.000,611,379530.78
MCOU,IA,00169406013,Victoza 6M,2020,1,false,7131.000,820,729894.99
FFSU,IA,00169406013,Victoza 6M,2020,1,false,117.000,13,7796.53
FFSU,ID,00169406012,VICTOZA 2-,2020,4,false,2938.000,483,308612.69
FFSU,ID,00169406013,VICTOZA 3-,2020,4,false,5554.800,603,580333.03
FFSU,ID,00169406012,VICTOZA 2-,2020,3,false,3513.000,571,369299.85
FFSU,ID,00169406013,VICTOZA 3-,2020,3,false,5025.000,552,525045.97
FFSU,ID,00169406012,VICTOZA 2-,2020,2,false,3252.000,537,341637.87
FFSU,ID,00169406013,VICTOZA 3-,2020,2,false,4461.000,486,465831.59
FFSU,ID,00169406012,VICTOZA 2-,2020,1,false,2610.000,442,271613.17
FFSU,ID,00169406013,VICTOZA 3-,2020,1,false,3135.000,356,324471.12
MCOU,IL,00169406012,Victoza 6M,2020,4,false,28301.000,4194,3324491.24
FFSU,IL,00169406012,Victoza 6M,2020,4,false,882.000,123,94879.03
MCOU,IL,00169406013,Victoza 6M,2020,4,false,62085.000,6152,6999223.17
FFSU,IL,00169406013,Victoza 6M,2020,4,false,1599.000,154,165180.24
FFSU,IL,00169406012,Victoza 6M,2020,3,false,984.000,142,106671.24
MCOU,IL,00169406012,Victoza 6M,2020,3,false,26624.000,4049,3148172.63
MCOU,IL,00169406013,Victoza 6M,2020,3,false,54543.000,5497,6284986.84
FFSU,IL,00169406013,Victoza 6M,2020,3,false,1908.000,174,200128.36
FFSU,IL,00169406012,Victoza 6M,2020,2,false,1500.000,212,162020.11
MCOU,IL,00169406012,Victoza 6M,2020,2,false,21370.000,3295,2631017.50
FFSU,IL,00169406013,Victoza 6M,2020,2,false,2439.000,244,250220.75
MCOU,IL,00169406013,Victoza 6M,2020,2,false,42399.000,4419,4995468.03
FFSU,IL,00169406012,Victoza 6M,2020,1,false,924.000,139,98798.84
MCOU,IL,00169406012,Victoza 6M,2020,1,false,17447.000,2788,2037309.64
FFSU,IL,00169406013,Victoza 6M,2020,1,false,1689.000,155,171424.33
MCOU,IL,00169406013,Victoza 6M,2020,1,false,32301.000,3481,3756161.77
MCOU,IN,00169406012,Victoza 6M,2020,4,false,8658.000,1352,891714.60
FFSU,IN,00169406012,Victoza 6M,2020,4,false,1320.000,221,138365.17
FFSU,IN,00169406013,Victoza 6M,2020,4,false,3309.000,318,339457.85
MCOU,IN,00169406013,Victoza 6M,2020,4,false,37413.000,3771,3864181.06
FFSU,IN,00169406012,Victoza 6M,2020,3,false,1362.000,216,142502.85
MCOU,IN,00169406012,Victoza 6M,2020,3,false,8880.000,1394,907495.32
FFSU,IN,00169406013,Victoza 6M,2020,3,false,2964.000,297,304184.50
MCOU,IN,00169406013,Victoza 6M,2020,3,false,38223.000,3921,3896353.01
FFSU,IN,00169406012,Victoza 6M,2020,2,false,1179.000,198,123651.66
MCOU,IN,00169406012,Victoza 6M,2020,2,false,8430.000,1361,860462.15
FFSU,IN,00169406013,Victoza 6M,2020,2,false,2649.000,269,274512.96
MCOU,IN,00169406013,Victoza 6M,2020,2,false,36897.000,3826,3772533.82
MCOU,IN,00169406012,Victoza 6M,2020,1,false,8160.000,1324,836711.90
FFSU,IN,00169406012,Victoza 6M,2020,1,false,1062.000,198,108353.88
FFSU,IN,00169406013,Victoza 6M,2020,1,false,2094.000,211,216282.75
MCOU,IN,00169406013,Victoza 6M,2020,1,false,35554.000,3760,3625901.98
MCOU,KS,00169406012,Victoza 6M,2020,4,false,2292.000,390,241549.63
MCOU,KS,00169406013,Victoza 6M,2020,4,false,6450.000,729,672707.87
MCOU,KS,00169406012,Victoza 6M,2020,3,false,2398.000,402,253207.04
FFSU,KS,00169406013,Victoza 6M,2020,3,true,,,
MCOU,KS,00169406013,Victoza 6M,2020,3,false,6450.000,734,673667.44
MCOU,KS,00169406012,Victoza 6M,2020,2,false,2592.000,435,273689.31
FFSU,KS,00169406012,Victoza 6M,2020,2,true,,,
FFSU,KS,00169406013,Victoza 6M,2020,2,true,,,
MCOU,KS,00169406013,Victoza 6M,2020,2,false,6069.000,685,634596.55
MCOU,KS,00169406012,Victoza 6M,2020,1,false,2571.000,436,267359.58
MCOU,KS,00169406013,Victoza 6M,2020,1,false,5427.000,615,560427.80
FFSU,KY,00169406012,VICTOZA 2-,2020,4,false,1181.000,178,123846.19
MCOU,KY,00169406012,VICTOZA 2-,2020,4,false,9227.000,1441,998699.48
FFSU,KY,00169406013,VICTOZA 3-,2020,4,false,2631.000,272,274356.86
MCOU,KY,00169406013,VICTOZA 3-,2020,4,false,19608.000,2055,2130617.35
FFSU,KY,00169406012,VICTOZA 2-,2020,3,false,1191.000,180,125021.99
MCOU,KY,00169406012,VICTOZA 2-,2020,3,false,9572.000,1520,1034045.75
MCOU,KY,00169406013,VICTOZA 3-,2020,3,false,19164.000,2057,2075195.54
FFSU,KY,00169406013,VICTOZA 3-,2020,3,false,2469.000,245,257632.30
MCOU,KY,00169406012,VICTOZA 2-,2020,2,false,9766.000,1539,1057477.40
FFSU,KY,00169406012,VICTOZA 2-,2020,2,false,615.000,100,64684.57
FFSU,KY,00169406013,VICTOZA 3-,2020,2,false,693.000,86,72558.94
MCOU,KY,00169406013,VICTOZA 3-,2020,2,false,18612.000,2024,2027513.10
FFSU,KY,00169406012,VICTOZA 2-,2020,1,false,321.000,58,33118.27
MCOU,KY,00169406012,VICTOZA 2-,2020,1,false,5322.000,863,576256.79
FFSU,KY,00169406013,VICTOZA 3-,2020,1,false,423.000,68,43317.79
MCOU,KY,00169406013,VICTOZA 3-,2020,1,false,11643.000,1299,1255973.59
FFSU,LA,00169406012,VICTOZA 2-,2020,4,false,239.000,41,25136.73
MCOU,LA,00169406012,VICTOZA 2-,2020,4,false,23918.000,3750,2559056.50
MCOU,LA,00169406013,VICTOZA 3-,2020,4,false,43245.000,4435,4593893.88
FFSU,LA,00169406013,VICTOZA 3-,2020,4,false,750.000,93,78491.35
FFSU,LA,00169406012,VICTOZA 2-,2020,3,false,225.000,40,23719.25
MCOU,LA,00169406012,VICTOZA 2-,2020,3,false,23175.000,3693,2473605.33
MCOU,LA,00169406013,VICTOZA 3-,2020,3,false,40689.000,4279,4319941.63
FFSU,LA,00169406013,VICTOZA 3-,2020,3,false,768.000,103,79600.23
FFSU,LA,00169406012,VICTOZA 2-,2020,2,false,195.000,37,20548.56
MCOU,LA,00169406012,VICTOZA 2-,2020,2,false,21618.000,3437,2311973.48
FFSU,LA,00169406013,VICTOZA 3-,2020,2,false,921.000,125,95600.44
MCOU,LA,00169406013,VICTOZA 3-,2020,2,false,39129.000,4130,4160036.03
FFSU,LA,00169406012,VICTOZA 2-,2020,1,false,255.000,44,26315.66
MCOU,LA,00169406012,VICTOZA 2-,2020,1,false,22017.000,3585,2339680.34
MCOU,LA,00169406013,VICTOZA 3-,2020,1,false,37401.000,4070,3951350.92
FFSU,LA,00169406013,VICTOZA 3-,2020,1,false,732.000,96,75751.65
MCOU,MA,00169406012,VICTOZA 2-,2020,4,false,2616.000,402,281250.60
FFSU,MA,00169406012,VICTOZA 2-,2020,4,false,1437.000,211,149748.14
FFSU,MA,00169406013,VICTOZA 3-,2020,4,false,6594.000,572,684684.50
MCOU,MA,00169406013,VICTOZA 3-,2020,4,false,9798.000,1054,1046866.96
MCOU,MA,00169406012,VICTOZA 2-,2020,3,false,2628.000,397,282580.20
FFSU,MA,00169406012,VICTOZA 2-,2020,3,false,1248.000,189,130354.66
FFSU,MA,00169406013,VICTOZA 3-,2020,3,false,6000.000,550,624510.25
MCOU,MA,00169406013,VICTOZA 3-,2020,3,false,10080.000,1077,1081489.80
MCOU,MA,00169406012,VICTOZA 2-,2020,2,false,2652.000,426,285901.06
FFSU,MA,00169406012,VICTOZA 2-,2020,2,false,1374.000,216,143467.00
MCOU,MA,00169406013,VICTOZA 3-,2020,2,false,10002.000,1066,1074840.70
FFSU,MA,00169406013,VICTOZA 3-,2020,2,false,6195.000,612,645402.72
MCOU,MA,00169406012,VICTOZA 2-,2020,1,false,3096.000,514,332779.09
FFSU,MA,00169406012,VICTOZA 2-,2020,1,false,1641.000,293,167911.04
MCOU,MA,00169406013,VICTOZA 3-,2020,1,false,9690.000,1088,1036167.31
FFSU,MA,00169406013,VICTOZA 3-,2020,1,false,6513.000,737,664425.15
FFSU,MD,00169406012,VICTOZA 2-,2020,4,false,156.000,24,16363.62
MCOU,MD,00169406012,VICTOZA 2-,2020,4,false,4364.000,673,447846.75
MCOU,MD,00169406013,VICTOZA 3-,2020,4,false,12624.000,1332,1300744.67
FFSU,MD,00169406013,VICTOZA 3-,2020,4,false,237.000,35,24772.72
MCOU,MD,00169406012,VICTOZA 2-,2020,3,false,4128.000,654,425503.66
FFSU,MD,00169406012,VICTOZA 2-,2020,3,false,114.000,19,11992.42
FFSU,MD,00169406013,VICTOZA 3-,2020,3,false,180.000,32,18836.15
MCOU,MD,00169406013,VICTOZA 3-,2020,3,false,13182.000,1397,1351232.52
FFSU,MD,00169406012,VICTOZA 2-,2020,2,false,111.000,18,11671.58
MCOU,MD,00169406012,VICTOZA 2-,2020,2,false,4086.000,640,420456.15
MCOU,MD,00169406013,VICTOZA 3-,2020,2,false,13287.000,1417,1365773.11
FFSU,MD,00169406013,VICTOZA 3-,2020,2,false,276.000,43,28847.93
MCOU,MD,00169406012,VICTOZA 2-,2020,1,false,4191.000,642,439581.18
FFSU,MD,00169406012,VICTOZA 2-,2020,1,false,117.000,19,12115.97
FFSU,MD,00169406013,VICTOZA 3-,2020,1,false,252.000,33,25941.52
MCOU,MD,00169406013,VICTOZA 3-,2020,1,false,12573.000,1364,1313463.15
FFSU,MI,00169406012,VICTOZA 2-,2020,4,false,1104.000,184,113115.21
MCOU,MI,00169406012,VICTOZA 2-,2020,4,false,18426.000,2936,1918991.57
FFSU,MI,00169406013,VICTOZA 3-,2020,4,false,3036.000,270,311086.81
MCOU,MI,00169406013,VICTOZA 3-,2020,4,false,43632.000,4660,4541674.36
FFSU,MI,00169406012,VICTOZA 2-,2020,3,false,1017.000,159,105768.30
MCOU,MI,00169406012,VICTOZA 2-,2020,3,false,8520.000,1407,885964.77
FFSU,MI,00169406013,VICTOZA 3-,2020,3,false,2607.000,254,263903.25
MCOU,MI,00169406013,VICTOZA 3-,2020,3,false,27324.000,3011,2843635.23
FFSU,MI,00169406012,VICTOZA 2-,2020,2,false,1125.000,169,95275.14
MCOU,MI,00169406012,VICTOZA 2-,2020,2,false,7996.000,1318,834175.98
FFSU,MI,00169406013,VICTOZA 3-,2020,2,false,2931.000,285,265164.13
MCOU,MI,00169406013,VICTOZA 3-,2020,2,false,27273.000,3042,2840190.10
MCOU,MI,00169406012,VICTOZA 2-,2020,1,false,9457.000,1560,980658.35
FFSU,MI,00169406012,VICTOZA 2-,2020,1,false,912.000,151,77217.98
MCOU,MI,00169406013,VICTOZA 3-,2020,1,false,27891.000,3138,2891016.63
FFSU,MI,00169406013,VICTOZA 3-,2020,1,false,2682.000,270,241821.64
FFSU,MN,00169406012,VICTOZA 2-,2020,4,false,1275.000,193,130171.57
MCOU,MN,00169406012,VICTOZA 2-,2020,4,false,12528.000,1954,1346074.18
MCOU,MN,00169406013,VICTOZA 3-,2020,4,false,37341.000,3583,4017070.93
FFSU,MN,00169406013,VICTOZA 3-,2020,4,false,3153.000,308,317881.40
FFSU,MN,00169406012,VICTOZA 2-,2020,3,false,1659.000,259,170093.35
MCOU,MN,00169406012,VICTOZA 2-,2020,3,false,13132.000,2085,1413275.41
MCOU,MN,00169406013,VICTOZA 3-,2020,3,false,34182.000,3434,3674079.21
FFSU,MN,00169406013,VICTOZA 3-,2020,3,false,3228.000,324,328456.77
MCOU,MN,00169406012,VICTOZA 2-,2020,2,false,12552.000,2051,1347282.57
FFSU,MN,00169406012,VICTOZA 2-,2020,2,false,1545.000,249,157722.91
FFSU,MN,00169406013,VICTOZA 3-,2020,2,false,2577.000,275,259530.26
MCOU,MN,00169406013,VICTOZA 3-,2020,2,false,30540.000,3235,3272602.03
MCOU,MN,00169406012,VICTOZA 2-,2020,1,false,12098.000,2058,1291515.99
FFSU,MN,00169406012,VICTOZA 2-,2020,1,false,1674.000,302,171670.44
MCOU,MN,00169406013,VICTOZA 3-,2020,1,false,26277.000,3016,2808326.50
FFSU,MN,00169406013,VICTOZA 3-,2020,1,false,3417.000,410,345200.04
FFSU,MO,00169406012,VICTOZA 2-,2020,4,false,10749.000,1685,1132901.19
FFSU,MO,00169406013,VICTOZA 3-,2020,4,false,23247.000,2504,2431125.09
FFSU,MO,00169406012,VICTOZA 2-,2020,3,false,9996.000,1603,1056088.15
FFSU,MO,00169406013,VICTOZA 3-,2020,3,false,23646.000,2501,2473314.53
FFSU,MO,00169406012,VICTOZA 2-,2020,2,false,8133.000,1284,858594.53
FFSU,MO,00169406013,VICTOZA 3-,2020,2,false,19446.000,2081,2033680.22
FFSU,MO,00169406012,VICTOZA 2-,2020,1,false,7758.000,1247,802486.78
FFSU,MO,00169406013,VICTOZA 3-,2020,1,false,18750.000,2014,1923867.71
FFSU,MS,00169406012,VICTOZA 2-,2020,4,false,627.000,110,65939.01
MCOU,MS,00169406012,VICTOZA 2-,2020,4,false,3983.000,675,418831.46
MCOU,MS,00169406013,VICTOZA 3-,2020,4,false,8694.000,976,908620.13
FFSU,MS,00169406013,VICTOZA 3-,2020,4,false,1608.000,186,168048.12
MCOU,MS,00169406012,VICTOZA 2-,2020,3,false,3764.000,633,396525.95
FFSU,MS,00169406012,VICTOZA 2-,2020,3,false,612.000,106,64466.37
MCOU,MS,00169406013,VICTOZA 3-,2020,3,false,8316.000,932,870248.82
FFSU,MS,00169406013,VICTOZA 3-,2020,3,false,1341.000,158,139421.30
FFSU,MS,00169406012,VICTOZA 2-,2020,2,false,576.000,101,60670.03
MCOU,MS,00169406012,VICTOZA 2-,2020,2,false,3564.000,605,375520.13
FFSU,MS,00169406013,VICTOZA 3-,2020,2,false,1329.000,153,137317.89
MCOU,MS,00169406013,VICTOZA 3-,2020,2,false,8358.000,934,870224.29
FFSU,MS,00169406012,VICTOZA 2-,2020,1,false,678.000,115,70388.96
MCOU,MS,00169406012,VICTOZA 2-,2020,1,false,3276.000,556,341206.00
MCOU,MS,00169406013,VICTOZA 3-,2020,1,false,7608.000,856,785199.24
FFSU,MS,00169406013,VICTOZA 3-,2020,1,false,1173.000,138,118846.41
FFSU,MT,00169406012,VICTOZA 2-,2020,4,false,3256.000,504,343178.77
FFSU,MT,00169406013,VICTOZA 3-,2020,4,false,7392.000,752,770923.65
FFSU,MT,00169406012,VICTOZA 2-,2020,3,false,3092.000,486,322379.37
FFSU,MT,00169406013,VICTOZA 3-,2020,3,false,7437.000,791,771436.06
FFSU,MT,00169406012,VICTOZA 2-,2020,2,false,3382.000,543,355533.64
FFSU,MT,00169406013,VICTOZA 3-,2020,2,false,6519.000,728,675427.56
FFSU,MT,00169406012,VICTOZA 2-,2020,1,false,3380.000,556,350150.38
FFSU,MT,00169406013,VICTOZA 3-,2020,1,false,5613.000,634,573317.68
FFSU,XX,00169406012,VICTOZA 6M,2020,4,false,101319.000,15359,10599996.19
MCOU,XX,00169406012,VICTOZA 6M,2020,4,false,290285.200,45654,30457439.36
FFSU,XX,00169406013,VICTOZA 6M,2020,4,false,246861.800,24368,25612803.68
MCOU,XX,00169406013,VICTOZA 6M,2020,4,false,768584.000,80004,80701500.16
FFSU,XX,00169406012,VICTOZA 6M,2020,3,false,107138.000,16474,11217327.58
MCOU,XX,00169406012,VICTOZA 6M,2020,3,false,281476.200,44834,29624320.23
FFSU,XX,00169406013,VICTOZA 6M,2020,3,false,262674.090,26417,27305402.71
MCOU,XX,00169406013,VICTOZA 6M,2020,3,false,734970.000,77815,77338579.79
FFSU,XX,00169406012,VICTOZA 6M,2020,2,false,90344.000,14028,9450659.12
MCOU,XX,00169406012,VICTOZA 6M,2020,2,false,272644.000,43657,28547031.09
FFSU,XX,00169406013,VICTOZA 6M,2020,2,false,220099.000,22445,22855603.45
MCOU,XX,00169406013,VICTOZA 6M,2020,2,false,703121.000,75534,73798775.38
FFSU,XX,00169406012,VICTOZA 6M,2020,1,false,87247.000,14002,8995205.88
MCOU,XX,00169406012,VICTOZA 6M,2020,1,false,264769.000,43585,27656370.64
FFSU,XX,00169406013,VICTOZA 6M,2020,1,false,208476.000,21923,21329486.04
MCOU,XX,00169406013,VICTOZA 6M,2020,1,false,657599.000,72505,68390422.26
FFSU,NC,00169406012,VICTOZA 2-,2020,4,false,11046.000,1607,1138435.90
FFSU,NC,00169406013,VICTOZA 3-,2020,4,false,28728.000,2789,2962255.03
FFSU,NC,00169406012,VICTOZA 2-,2020,3,false,19218.000,2950,1989551.70
FFSU,NC,00169406013,VICTOZA 3-,2020,3,false,48276.000,4971,4994462.80
FFSU,NC,00169406012,VICTOZA 2-,2020,2,false,4755.000,732,489541.41
FFSU,NC,00169406013,VICTOZA 3-,2020,2,false,12117.000,1264,1251210.53
FFSU,NC,00169406012,VICTOZA 2-,2020,1,false,6756.000,1117,685039.12
FFSU,NC,00169406013,VICTOZA 3-,2020,1,false,15285.000,1757,1550404.65
FFSU,ND,00169406012,VICTOZA 2-,2020,4,false,1404.000,234,147803.28
FFSU,ND,00169406013,VICTOZA 3-,2020,4,false,3699.000,411,387144.69
FFSU,ND,00169406012,VICTOZA 2-,2020,3,false,1206.000,201,127144.85
FFSU,ND,00169406013,VICTOZA 3-,2020,3,false,3366.000,372,352293.72
FFSU,ND,00169406012,VICTOZA 2-,2020,2,false,1068.000,178,112567.98
FFSU,ND,00169406013,VICTOZA 3-,2020,2,false,3384.000,375,354069.55
FFSU,ND,00169406012,VICTOZA 2-,2020,1,false,1104.000,184,115258.50
FFSU,ND,00169406013,VICTOZA 3-,2020,1,false,2961.000,329,305915.91
MCOU,NE,00169406012,Victoza 6M,2020,4,false,2058.000,341,223430.10
MCOU,NE,00169406013,Victoza 6M,2020,4,false,3396.000,366,368067.62
MCOU,NE,00169406012,Victoza 6M,2020,3,false,1569.000,255,169924.49
MCOU,NE,00169406013,Victoza 6M,2020,3,false,2829.000,312,309440.08
MCOU,NE,00169406012,Victoza 6M,2020,2,false,1428.000,228,154184.74
MCOU,NE,00169406013,Victoza 6M,2020,2,false,2565.000,281,277828.69
MCOU,NE,00169406012,Victoza 6M,2020,1,false,1422.000,221,152636.71
MCOU,NE,00169406013,Victoza 6M,2020,1,false,2457.000,268,261427.44
FFSU,NH,00169406012,VICTOZA 2-,2020,4,true,,,
MCOU,NH,00169406012,VICTOZA 2-,2020,4,false,1488.000,237,154102.86
MCOU,NH,00169406013,VICTOZA 3-,2020,4,false,4296.000,474,441417.97
MCOU,NH,00169406012,VICTOZA 2-,2020,3,false,1320.000,211,136253.42
MCOU,NH,00169406013,VICTOZA 3-,2020,3,false,4098.000,454,418701.29
MCOU,NH,00169406012,VICTOZA 2-,2020,2,false,1467.000,233,151392.71
FFSU,NH,00169406013,VICTOZA 3-,2020,2,true,,,
MCOU,NH,00169406013,VICTOZA 3-,2020,2,false,3327.000,370,334535.41
MCOU,NH,00169406012,VICTOZA 2-,2020,1,false,1287.000,207,133159.40
MCOU,NH,00169406013,VICTOZA 3-,2020,1,false,3027.000,343,300119.09
FFSU,NJ,00169406012,Victoza 6M,2020,4,false,39.000,11,4148.07
MCOU,NJ,00169406012,Victoza 6M,2020,4,false,10956.000,1824,1169012.61
MCOU,NJ,00169406013,Victoza 6M,2020,4,false,38019.000,4210,3996210.44
FFSU,NJ,00169406013,Victoza 6M,2020,4,false,84.000,16,8845.81
FFSU,NJ,00169406012,Victoza 6M,2020,3,false,72.000,17,7633.86
MCOU,NJ,00169406012,Victoza 6M,2020,3,false,10344.000,1721,1097344.16
MCOU,NJ,00169406013,Victoza 6M,2020,3,false,37386.000,4146,3929423.33
FFSU,NJ,00169406013,Victoza 6M,2020,3,false,198.000,24,20731.77
FFSU,NJ,00169406012,Victoza 6M,2020,2,false,108.000,21,11253.95
MCOU,NJ,00169406012,Victoza 6M,2020,2,false,10233.000,1690,1087557.84
MCOU,NJ,00169406013,Victoza 6M,2020,2,false,35718.000,3980,3760227.38
FFSU,NJ,00169406013,Victoza 6M,2020,2,false,267.000,35,28035.74
FFSU,NJ,00169406012,Victoza 6M,2020,1,false,96.000,19,9842.97
MCOU,NJ,00169406012,Victoza 6M,2020,1,false,10389.000,1750,1084227.75
FFSU,NJ,00169406013,Victoza 6M,2020,1,false,462.000,58,47082.22
MCOU,NJ,00169406013,Victoza 6M,2020,1,false,35853.000,4013,3726261.53
MCOU,NM,00169406012,VICTOZA 2-,2020,4,false,1629.000,218,171199.17
FFSU,NM,00169406012,VICTOZA 2-,2020,4,false,816.000,97,85280.15
FFSU,NM,00169406013,VICTOZA 3-,2020,4,false,1449.000,131,152125.96
MCOU,NM,00169406013,VICTOZA 3-,2020,4,false,3543.000,352,372851.72
MCOU,NM,00169406012,VICTOZA 2-,2020,3,false,2259.000,309,237874.72
FFSU,NM,00169406012,VICTOZA 2-,2020,3,false,882.000,118,91906.52
FFSU,NM,00169406013,VICTOZA 3-,2020,3,false,1425.000,134,149552.86
MCOU,NM,00169406013,VICTOZA 3-,2020,3,false,4713.000,468,494009.98
MCOU,NM,00169406012,VICTOZA 2-,2020,2,false,2349.000,348,247380.28
FFSU,NM,00169406012,VICTOZA 2-,2020,2,false,996.000,127,104466.48
FFSU,NM,00169406013,VICTOZA 3-,2020,2,false,1458.000,140,152814.71
MCOU,NM,00169406013,VICTOZA 3-,2020,2,false,5499.000,548,576685.99
FFSU,NM,00169406012,VICTOZA 2-,2020,1,false,825.000,111,86583.73
MCOU,NM,00169406012,VICTOZA 2-,2020,1,false,2349.000,353,245089.80
MCOU,NM,00169406013,VICTOZA 3-,2020,1,false,4800.000,520,498553.33
FFSU,NM,00169406013,VICTOZA 3-,2020,1,false,1287.000,141,134695.32
MCOU,NV,00169406012,Victoza 6M,2020,4,false,1302.000,214,135322.58
FFSU,NV,00169406012,Victoza 6M,2020,4,false,582.000,52,61262.61
MCOU,NV,00169406013,Victoza 6M,2020,4,false,4080.000,431,436229.69
FFSU,NV,00169406013,Victoza 6M,2020,4,false,2301.000,130,241419.52
FFSU,NV,00169406012,Victoza 6M,2020,3,false,552.000,54,57652.38
MCOU,NV,00169406012,Victoza 6M,2020,3,false,2460.000,406,259757.58
MCOU,NV,00169406013,Victoza 6M,2020,3,false,3942.000,412,426153.49
FFSU,NV,00169406013,Victoza 6M,2020,3,false,2589.000,153,267449.53
MCOU,NV,00169406012,Victoza 6M,2020,2,true,,,
FFSU,NV,00169406012,Victoza 6M,2020,2,false,501.000,51,50901.98
FFSU,NV,00169406013,Victoza 6M,2020,2,false,2625.000,146,273109.36
MCOU,NV,00169406013,Victoza 6M,2020,2,false,3915.000,420,203542.76
FFSU,NV,00169406012,Victoza 6M,2020,1,false,615.000,61,63620.25
MCOU,NV,00169406012,Victoza 6M,2020,1,false,2349.000,397,186525.59
FFSU,NV,00169406013,Victoza 6M,2020,1,false,2577.000,136,251766.79
MCOU,NV,00169406013,Victoza 6M,2020,1,false,3891.000,411,273020.37
MCOU,NY,00169406012,VICTOZA 2-,2020,4,false,26093.200,4226,2719574.04
FFSU,NY,00169406012,VICTOZA 2-,2020,4,false,2660.000,404,278633.30
FFSU,NY,00169406013,VICTOZA 3-,2020,4,false,6747.000,686,702327.31
MCOU,NY,00169406013,VICTOZA 3-,2020,4,false,76950.000,8453,8033510.20
MCOU,NY,00169406012,VICTOZA 2-,2020,3,false,26813.200,4390,2797179.84
FFSU,NY,00169406012,VICTOZA 2-,2020,3,false,2823.000,407,295987.25
FFSU,NY,00169406013,VICTOZA 3-,2020,3,false,6756.000,685,701652.94
MCOU,NY,00169406013,VICTOZA 3-,2020,3,false,81012.000,8925,8456849.37
FFSU,NY,00169406012,VICTOZA 2-,2020,2,false,2878.000,425,301912.07
MCOU,NY,00169406012,VICTOZA 2-,2020,2,false,26176.000,4269,2733287.23
MCOU,NY,00169406013,VICTOZA 3-,2020,2,false,78744.000,8674,8222723.50
FFSU,NY,00169406013,VICTOZA 3-,2020,2,false,7182.000,735,744736.23
FFSU,NY,00169406012,VICTOZA 2-,2020,1,false,2271.000,365,234633.17
MCOU,NY,00169406012,VICTOZA 2-,2020,1,false,26986.000,4445,2797340.34
MCOU,NY,00169406013,VICTOZA 3-,2020,1,false,80886.000,8964,8381418.79
FFSU,NY,00169406013,VICTOZA 3-,2020,1,false,6852.000,734,700129.73
MCOU,OH,00169406012,Victoza 6M,2020,4,false,21672.000,3535,2278079.20
FFSU,OH,00169406012,Victoza 6M,2020,4,false,1746.000,310,182516.00
FFSU,OH,00169406013,Victoza 6M,2020,4,false,4851.000,616,497682.84
MCOU,OH,00169406013,Victoza 6M,2020,4,false,71526.000,7823,7502633.28
MCOU,OH,00169406012,Victoza 6M,2020,3,false,22691.000,3701,2380660.16
FFSU,OH,00169406012,Victoza 6M,2020,3,false,1761.000,313,184469.17
MCOU,OH,00169406013,Victoza 6M,2020,3,false,73062.000,8000,7650924.89
FFSU,OH,00169406013,Victoza 6M,2020,3,false,4227.000,527,435727.70
FFSU,OH,00169406012,Victoza 6M,2020,2,false,1923.000,352,200279.11
MCOU,OH,00169406012,Victoza 6M,2020,2,false,24167.000,3950,2517068.84
MCOU,OH,00169406013,Victoza 6M,2020,2,false,74874.000,8178,7792523.14
FFSU,OH,00169406013,Victoza 6M,2020,2,false,4557.000,546,470549.83
MCOU,OH,00169406012,Victoza 6M,2020,1,false,25977.000,4360,2701154.35
FFSU,OH,00169406012,Victoza 6M,2020,1,false,1977.000,366,201263.47
MCOU,OH,00169406013,Victoza 6M,2020,1,false,71994.000,8135,7469825.93
FFSU,OH,00169406013,Victoza 6M,2020,1,false,4824.000,590,487075.22
FFSU,OK,00169406012,Victoza 6M,2020,4,false,2250.000,351,233681.53
FFSU,OK,00169406013,Victoza 6M,2020,4,false,8139.000,768,841739.75
FFSU,OK,00169406012,Victoza 6M,2020,3,false,2286.000,362,239088.52
FFSU,OK,00169406013,Victoza 6M,2020,3,false,8250.000,809,855296.32
FFSU,OK,00169406012,Victoza 6M,2020,2,false,2145.000,345,222834.76
FFSU,OK,00169406013,Victoza 6M,2020,2,false,7110.000,723,734313.00
FFSU,OK,00169406012,Victoza 6M,2020,1,false,1932.000,326,198903.16
FFSU,OK,00169406013,Victoza 6M,2020,1,false,6939.000,716,701903.22
FFSU,OR,00169406012,Victoza 6M,2020,4,false,207.000,31,21706.73
MCOU,OR,00169406012,Victoza 6M,2020,4,false,4671.000,734,489917.54
MCOU,OR,00169406013,Victoza 6M,2020,4,false,11931.000,1254,1241543.12
FFSU,OR,00169406013,Victoza 6M,2020,4,false,429.000,46,44511.35
MCOU,OR,00169406012,Victoza 6M,2020,3,false,4707.000,734,493789.92
FFSU,OR,00169406012,Victoza 6M,2020,3,false,168.000,25,17576.87
MCOU,OR,00169406013,Victoza 6M,2020,3,false,12093.000,1288,1261525.74
FFSU,OR,00169406013,Victoza 6M,2020,3,false,429.090,45,43783.60
FFSU,OR,00169406012,Victoza 6M,2020,2,false,225.000,32,23522.50
MCOU,OR,00169406012,Victoza 6M,2020,2,false,4428.000,716,464319.45
MCOU,OR,00169406013,Victoza 6M,2020,2,false,12216.000,1322,1276132.45
FFSU,OR,00169406013,Victoza 6M,2020,2,false,387.000,41,39096.25
FFSU,OR,00169406012,Victoza 6M,2020,1,false,186.000,28,19131.25
MCOU,OR,00169406012,Victoza 6M,2020,1,false,4824.000,786,504034.17
MCOU,OR,00169406013,Victoza 6M,2020,1,false,12198.000,1344,1267067.11
FFSU,OR,00169406013,Victoza 6M,2020,1,false,399.000,46,40732.69
MCOU,PA,00169406012,Victoza 6M,2020,4,false,14865.000,2373,1562884.75
FFSU,PA,00169406012,Victoza 6M,2020,4,false,135.000,20,14059.92
MCOU,PA,00169406013,Victoza 6M,2020,4,false,51786.000,5059,5418070.52
FFSU,PA,00169406013,Victoza 6M,2020,4,false,783.000,61,81034.90
MCOU,PA,00169406012,Victoza 6M,2020,3,false,15285.000,2449,1604098.53
FFSU,PA,00169406012,Victoza 6M,2020,3,false,72.000,12,7473.28
FFSU,PA,00169406013,Victoza 6M,2020,3,false,771.000,57,79793.04
MCOU,PA,00169406013,Victoza 6M,2020,3,false,51522.000,5046,5385887.80
FFSU,PA,00169406012,Victoza 6M,2020,2,false,141.000,21,14681.16
MCOU,PA,00169406012,Victoza 6M,2020,2,false,14883.000,2398,1564356.37
FFSU,PA,00169406013,Victoza 6M,2020,2,false,900.000,80,93235.89
MCOU,PA,00169406013,Victoza 6M,2020,2,false,50847.000,4991,5299995.97
MCOU,PA,00169406012,Victoza 6M,2020,1,false,15132.000,2478,1585948.91
FFSU,PA,00169406012,Victoza 6M,2020,1,false,270.000,47,26901.14
FFSU,PA,00169406013,Victoza 6M,2020,1,false,750.000,67,74847.57
MCOU,PA,00169406013,Victoza 6M,2020,1,false,46998.000,4673,4878024.90
FFSU,RI,00169406012,Victoza 6M,2020,4,true,,,
MCOU,RI,00169406012,Victoza 6M,2020,4,false,1167.000,192,123485.90
MCOU,RI,00169406013,Victoza 6M,2020,4,false,1131.000,124,119126.40
MCOU,RI,00169406012,Victoza 6M,2020,3,false,1230.000,213,129658.28
MCOU,RI,00169406013,Victoza 6M,2020,3,false,1275.000,141,131519.40
FFSU,RI,00169406012,Victoza 6M,2020,2,true,,,
MCOU,RI,00169406012,Victoza 6M,2020,2,false,1176.000,199,124228.73
MCOU,RI,00169406013,Victoza 6M,2020,2,false,1461.000,162,149309.96
FFSU,RI,00169406013,Victoza 6M,2020,2,true,,,
FFSU,RI,00169406012,Victoza 6M,2020,1,true,,,
MCOU,RI,00169406012,Victoza 6M,2020,1,false,1263.000,210,133922.37
MCOU,RI,00169406013,Victoza 6M,2020,1,false,1323.000,152,132615.61
FFSU,RI,00169406013,Victoza 6M,2020,1,true,,,
FFSU,SC,00169406012,VICTOZA 2-,2020,4,false,330.000,59,35149.89
MCOU,SC,00169406012,VICTOZA 2-,2020,4,false,2750.000,454,283098.94
FFSU,SC,00169406013,VICTOZA 3-,2020,4,false,438.000,54,46343.35
MCOU,SC,00169406013,VICTOZA 3-,2020,4,false,7947.000,891,820535.35
FFSU,SC,00169406012,VICTOZA 2-,2020,3,false,300.000,51,31906.91
MCOU,SC,00169406012,VICTOZA 2-,2020,3,false,2943.000,487,302523.48
MCOU,SC,00169406013,VICTOZA 3-,2020,3,false,8769.000,988,908314.80
FFSU,SC,00169406013,VICTOZA 3-,2020,3,false,435.000,50,46802.23
MCOU,SC,00169406012,VICTOZA 2-,2020,2,false,3228.000,533,327890.07
FFSU,SC,00169406012,VICTOZA 2-,2020,2,false,270.000,48,29394.00
FFSU,SC,00169406013,VICTOZA 3-,2020,2,false,471.000,56,51191.40
MCOU,SC,00169406013,VICTOZA 3-,2020,2,false,8562.000,975,887303.90
MCOU,SC,00169406012,VICTOZA 2-,2020,1,false,3177.000,531,324421.41
FFSU,SC,00169406012,VICTOZA 2-,2020,1,false,252.000,41,26966.38
MCOU,SC,00169406013,VICTOZA 3-,2020,1,false,8199.000,940,843724.33
FFSU,SC,00169406013,VICTOZA 3-,2020,1,false,525.000,61,56242.40
FFSU,SD,00169406012,Victoza 6M,2020,4,false,249.000,40,26128.10
FFSU,SD,00169406013,Victoza 6M,2020,4,false,175.000,59,54827.17
FFSU,SD,00169406012,Victoza 6M,2020,3,false,248.000,45,28265.43
FFSU,SD,00169406013,Victoza 6M,2020,3,false,213.000,68,66775.21
FFSU,SD,00169406012,Victoza 6M,2020,2,false,259.000,40,28281.95
FFSU,SD,00169406013,Victoza 6M,2020,2,false,204.000,68,63983.92
FFSU,SD,00169406012,Victoza 6M,2020,1,false,228.000,36,23580.03
FFSU,SD,00169406013,Victoza 6M,2020,1,false,711.000,79,72829.42
FFSU,TN,00169406012,Victoza 6M,2020,4,false,9048.000,1445,947379.49
FFSU,TN,00169406013,Victoza 6M,2020,4,false,19866.000,2250,2072035.86
FFSU,TN,00169406012,Victoza 6M,2020,3,false,9447.000,1527,991279.74
FFSU,TN,00169406013,Victoza 6M,2020,3,false,21093.000,2391,2202476.08
FFSU,TN,00169406012,Victoza 6M,2020,2,false,9909.000,1615,1039399.25
FFSU,TN,00169406013,Victoza 6M,2020,2,false,21753.000,2475,2271016.43
FFSU,TN,00169406012,Victoza 6M,2020,1,false,9203.000,1482,948806.16
FFSU,TN,00169406013,Victoza 6M,2020,1,false,19293.000,2201,1982231.42
FFSU,TX,00169406012,VICTOZA 2-,2020,4,false,141.000,22,15035.24
MCOU,TX,00169406012,VICTOZA 2-,2020,4,false,13124.000,2065,1370901.89
MCOU,TX,00169406013,VICTOZA 3-,2020,4,false,31086.000,3269,3244404.88
FFSU,TX,00169406013,VICTOZA 3-,2020,4,false,288.000,26,30535.28
FFSU,TX,00169406012,VICTOZA 2-,2020,3,true,,,
MCOU,TX,00169406012,VICTOZA 2-,2020,3,false,12711.000,2025,1327586.60
MCOU,TX,00169406013,VICTOZA 3-,2020,3,false,31665.000,3343,3304723.50
FFSU,TX,00169406013,VICTOZA 3-,2020,3,false,156.000,16,16572.03
MCOU,TX,00169406012,VICTOZA 2-,2020,2,false,12605.000,2031,1317438.85
FFSU,TX,00169406012,VICTOZA 2-,2020,2,false,75.000,13,8019.12
FFSU,TX,00169406013,VICTOZA 3-,2020,2,false,300.000,27,31845.02
MCOU,TX,00169406013,VICTOZA 3-,2020,2,false,30954.000,3326,3234761.95
MCOU,TX,00169406012,VICTOZA 2-,2020,1,false,12357.000,2015,1298041.44
FFSU,TX,00169406012,VICTOZA 2-,2020,1,false,60.000,11,6329.52
MCOU,TX,00169406013,VICTOZA 3-,2020,1,false,30312.000,3370,3184629.82
FFSU,TX,00169406013,VICTOZA 3-,2020,1,false,144.000,21,14994.33
FFSU,UT,00169406012,Victoza 6M,2020,4,false,600.000,107,62735.76
MCOU,UT,00169406012,Victoza 6M,2020,4,false,708.000,118,108551.08
MCOU,UT,00169406013,Victoza 6M,2020,4,false,3171.000,342,401533.25
FFSU,UT,00169406013,Victoza 6M,2020,4,false,552.000,62,57562.05
MCOU,UT,00169406012,Victoza 6M,2020,3,false,744.000,121,130679.38
FFSU,UT,00169406012,Victoza 6M,2020,3,false,624.000,112,65246.90
FFSU,UT,00169406013,Victoza 6M,2020,3,false,735.000,82,76710.92
MCOU,UT,00169406013,Victoza 6M,2020,3,false,3456.000,370,429595.64
FFSU,UT,00169406012,Victoza 6M,2020,2,false,516.000,97,54120.28
MCOU,UT,00169406012,Victoza 6M,2020,2,false,873.000,144,92763.41
MCOU,UT,00169406013,Victoza 6M,2020,2,false,3771.000,413,401178.68
FFSU,UT,00169406013,Victoza 6M,2020,2,false,591.000,66,61682.43
FFSU,UT,00169406012,Victoza 6M,2020,1,false,498.000,85,51487.10
MCOU,UT,00169406012,Victoza 6M,2020,1,false,744.000,120,78440.83
MCOU,UT,00169406013,Victoza 6M,2020,1,false,3777.000,431,399735.89
FFSU,UT,00169406013,Victoza 6M,2020,1,false,792.000,88,80913.11
FFSU,VA,00169406012,VICTOZA 2-,2020,4,false,75.000,12,7864.36
MCOU,VA,00169406012,VICTOZA 2-,2020,4,false,14325.000,2189,1514400.72
MCOU,VA,00169406013,VICTOZA 3-,2020,4,false,45624.000,4396,4785609.77
FFSU,VA,00169406013,VICTOZA 3-,2020,4,false,180.000,21,18810.92
MCOU,VA,00169406012,VICTOZA 2-,2020,3,false,14793.000,2295,1568879.35
FFSU,VA,00169406012,VICTOZA 2-,2020,3,false,111.000,18,11674.46
MCOU,VA,00169406013,VICTOZA 3-,2020,3,false,41028.000,4231,4327190.78
FFSU,VA,00169406013,VICTOZA 3-,2020,3,false,162.000,23,16950.29
FFSU,VA,00169406012,VICTOZA 2-,2020,2,false,117.000,20,12305.79
MCOU,VA,00169406012,VICTOZA 2-,2020,2,false,14499.000,2295,1540913.73
MCOU,VA,00169406013,VICTOZA 3-,2020,2,false,36507.000,3921,3864968.64
FFSU,VA,00169406013,VICTOZA 3-,2020,2,false,138.000,17,14437.15
MCOU,VA,00169406012,VICTOZA 2-,2020,1,false,14510.000,2443,1532984.03
FFSU,VA,00169406012,VICTOZA 2-,2020,1,false,171.000,31,17469.37
FFSU,VA,00169406013,VICTOZA 3-,2020,1,false,225.000,26,23114.50
MCOU,VA,00169406013,VICTOZA 3-,2020,1,false,31980.000,3668,3367172.41
FFSU,VT,00169406012,Victoza 6M,2020,4,false,1029.000,143,107456.01
FFSU,VT,00169406013,Victoza 6M,2020,4,false,4623.000,329,475550.85
FFSU,VT,00169406012,Victoza 6M,2020,3,false,1227.000,176,127969.99
FFSU,VT,00169406013,Victoza 6M,2020,3,false,4590.000,337,471755.84
FFSU,VT,00169406012,Victoza 6M,2020,2,false,1350.000,187,140553.52
FFSU,VT,00169406013,Victoza 6M,2020,2,false,4857.000,365,502375.12
FFSU,VT,00169406012,Victoza 6M,2020,1,false,1206.000,171,122596.29
FFSU,VT,00169406013,Victoza 6M,2020,1,false,4824.000,364,492754.18
FFSU,WA,00169406012,Victoza 6M,2020,4,false,501.000,73,52046.64
MCOU,WA,00169406012,Victoza 6M,2020,4,false,16818.000,2725,1724451.33
MCOU,WA,00169406013,Victoza 6M,2020,4,false,39012.000,4206,4000981.39
FFSU,WA,00169406013,Victoza 6M,2020,4,false,849.000,97,88077.46
FFSU,WA,00169406012,Victoza 6M,2020,3,false,429.000,69,44674.20
MCOU,WA,00169406012,Victoza 6M,2020,3,false,16212.000,2658,1671480.02
MCOU,WA,00169406013,Victoza 6M,2020,3,false,35640.000,3886,3669727.28
FFSU,WA,00169406013,Victoza 6M,2020,3,false,774.000,89,80399.19
MCOU,WA,00169406012,Victoza 6M,2020,2,false,15234.000,2543,1570279.12
FFSU,WA,00169406012,Victoza 6M,2020,2,false,387.000,63,40297.46
FFSU,WA,00169406013,Victoza 6M,2020,2,false,792.000,92,82273.12
MCOU,WA,00169406013,Victoza 6M,2020,2,false,31719.000,3522,3272505.02
FFSU,WA,00169406012,Victoza 6M,2020,1,false,405.000,67,40899.84
MCOU,WA,00169406012,Victoza 6M,2020,1,false,14400.000,2423,1476871.07
MCOU,WA,00169406013,Victoza 6M,2020,1,false,29385.000,3333,3010721.87
FFSU,WA,00169406013,Victoza 6M,2020,1,false,681.000,78,69805.30
FFSU,WI,00169406012,Victoza 6M,2020,4,false,6849.000,924,722938.60
FFSU,WI,00169406013,Victoza 6M,2020,4,false,17691.000,1625,1875488.55
FFSU,WI,00169406012,Victoza 6M,2020,3,false,6912.000,953,729991.95
FFSU,WI,00169406013,Victoza 6M,2020,3,false,17319.000,1674,1844784.46
FFSU,WI,00169406012,Victoza 6M,2020,2,false,6768.000,1000,718462.17
FFSU,WI,00169406013,Victoza 6M,2020,2,false,16497.000,1676,1759316.45
FFSU,WI,00169406012,Victoza 6M,2020,1,false,6816.000,1106,714972.51
FFSU,WI,00169406013,Victoza 6M,2020,1,false,14949.000,1679,1573451.55
FFSU,WV,00169406012,VICTOZA 2-,2020,4,false,2583.000,400,268244.44
FFSU,WV,00169406013,VICTOZA 3-,2020,4,false,3814.000,385,396630.51
FFSU,WV,00169406012,VICTOZA 2-,2020,3,false,2076.000,338,217539.58
FFSU,WV,00169406013,VICTOZA 3-,2020,3,false,4122.000,423,428752.78
FFSU,WV,00169406012,VICTOZA 2-,2020,2,false,1950.000,317,204099.06
FFSU,WV,00169406013,VICTOZA 3-,2020,2,false,3966.000,418,412908.01
FFSU,WV,00169406012,VICTOZA 2-,2020,1,false,2205.000,366,225421.23
FFSU,WV,00169406013,VICTOZA 3-,2020,1,false,4266.000,484,431585.14
FFSU,WY,00169406012,Victoza 6M,2020,4,false,330.000,51,34443.96
FFSU,WY,00169406013,Victoza 6M,2020,4,false,717.000,69,74403.62
FFSU,WY,00169406012,Victoza 6M,2020,3,false,264.000,44,27629.31
FFSU,WY,00169406013,Victoza 6M,2020,3,false,693.000,70,72163.04
FFSU,WY,00169406012,Victoza 6M,2020,2,false,258.000,42,26983.67
FFSU,WY,00169406013,Victoza 6M,2020,2,false,448.000,46,46526.83
FFSU,WY,00169406012,Victoza 6M,2020,1,false,246.000,41,25328.89
FFSU,WY,00169406013,Victoza 6M,2020,1,false,684.000,65,69993.03
MCOU,AZ,00169280015,SAXENDA   ,2020,4,false,1584.000,104,131780.85
MCOU,AZ,00169280015,SAXENDA   ,2020,3,false,1047.000,72,87150.34
MCOU,AZ,00169280015,SAXENDA   ,2020,2,false,786.000,56,65331.91
MCOU,AZ,00169280015,SAXENDA   ,2020,1,false,582.000,41,48406.19
FFSU,CA,00169280015,SAXENDA   ,2020,4,false,3603.000,245,312118.45
MCOU,CA,00169280015,SAXENDA   ,2020,4,false,19740.000,1326,1594325.75
MCOU,CA,00169280015,SAXENDA   ,2020,3,false,18807.000,1277,1517950.19
FFSU,CA,00169280015,SAXENDA   ,2020,3,false,2772.000,187,239098.90
MCOU,CA,00169280015,SAXENDA   ,2020,2,false,19353.000,1337,1571285.37
FFSU,CA,00169280015,SAXENDA   ,2020,2,false,2889.000,197,249822.91
FFSU,CA,00169280015,SAXENDA   ,2020,1,false,2682.000,182,230740.30
MCOU,CA,00169280015,SAXENDA   ,2020,1,false,19056.000,1327,1523458.70
MCOU,DE,00169280015,SAXENDA   ,2020,4,false,1617.000,117,4831.01
MCOU,DE,00169280015,SAXENDA   ,2020,3,false,1584.000,114,6657.92
MCOU,DE,00169280015,SAXENDA   ,2020,2,false,1596.000,115,8746.75
MCOU,DE,00169280015,SAXENDA   ,2020,1,false,1593.000,114,5957.32
MCOU,IN,00169280015,SAXENDA   ,2020,4,true,,,
MCOU,IN,00169280015,SAXENDA   ,2020,3,true,,,
MCOU,IN,00169280015,SAXENDA   ,2020,2,true,,,
MCOU,IN,00169280015,SAXENDA   ,2020,1,true,,,
MCOU,KS,00169280015,SAXENDA   ,2020,4,false,5175.000,365,433063.98
MCOU,KS,00169280015,SAXENDA   ,2020,3,false,5265.000,388,438832.18
FFSU,KS,00169280015,SAXENDA   ,2020,3,true,,,
MCOU,KS,00169280015,SAXENDA   ,2020,2,false,5088.000,361,426323.57
MCOU,KS,00169280015,SAXENDA   ,2020,1,false,5334.000,379,441715.36
MCOU,KY,00169280015,SAXENDA   ,2020,4,true,,,
MCOU,KY,00169280015,SAXENDA   ,2020,3,true,,,
MCOU,KY,00169280015,SAXENDA   ,2020,2,true,,,
MCOU,KY,00169280015,SAXENDA   ,2020,1,true,,,
MCOU,MA,00169280015,SAXENDA 18,2020,1,true,,,
MCOU,MD,00169280015,SAXENDA 18,2020,4,false,195.000,13,16142.79
MCOU,MD,00169280015,SAXENDA 18,2020,3,true,,,
MCOU,MD,00169280015,SAXENDA 18,2020,2,false,183.000,13,15296.63
MCOU,MD,00169280015,SAXENDA 18,2020,1,true,,,
FFSU,MI,00169280015,SAXENDA   ,2020,4,true,,,
FFSU,MI,00169280015,SAXENDA   ,2020,3,true,,,
FFSU,MI,00169280015,SAXENDA   ,2020,2,true,,,
FFSU,MI,00169280015,SAXENDA   ,2020,1,true,,,
FFSU,XX,00169280015,SAXENDA   ,2020,4,false,11133.000,778,967937.29
MCOU,XX,00169280015,SAXENDA   ,2020,4,false,34449.000,2338,2697306.64
FFSU,XX,00169280015,SAXENDA   ,2020,3,false,9981.000,678,870116.22
MCOU,XX,00169280015,SAXENDA   ,2020,3,false,32868.000,2270,2559698.37
FFSU,XX,00169280015,SAXENDA   ,2020,2,false,9714.000,692,847203.02
MCOU,XX,00169280015,SAXENDA   ,2020,2,false,32874.000,2289,2577143.35
FFSU,XX,00169280015,SAXENDA   ,2020,1,false,8784.000,652,755386.91
MCOU,XX,00169280015,SAXENDA   ,2020,1,false,30837.000,2177,2383085.13
MCOU,NE,00169280015,SAXENDA   ,2020,4,true,,,
MCOU,NE,00169280015,SAXENDA   ,2020,3,true,,,
MCOU,NE,00169280015,SAXENDA   ,2020,2,true,,,
MCOU,NE,00169280015,SAXENDA   ,2020,1,true,,,
MCOU,NH,00169280015,SAXENDA   ,2020,4,false,309.000,23,25166.42
FFSU,NH,00169280015,SAXENDA   ,2020,4,true,,,
MCOU,NH,00169280015,SAXENDA   ,2020,3,false,441.000,31,35858.83
FFSU,NH,00169280015,SAXENDA   ,2020,3,true,,,
MCOU,NH,00169280015,SAXENDA   ,2020,2,false,342.000,30,28569.37
MCOU,NH,00169280015,SAXENDA   ,2020,1,false,201.000,16,16378.26
MCOU,NJ,00169280015,SAXENDA   ,2020,4,true,,,
MCOU,NJ,00169280015,SAXENDA   ,2020,3,true,,,
MCOU,NJ,00169280015,SAXENDA   ,2020,2,true,,,
MCOU,NJ,00169280015,SAXENDA   ,2020,1,true,,,
FFSU,NM,00169280015,SAXENDA 18,2020,4,true,,,
FFSU,NM,00169280015,SAXENDA 18,2020,2,true,,,
FFSU,NM,00169280015,SAXENDA 18,2020,1,true,,,
MCOU,NV,00169280015,SAXENDA   ,2020,3,true,,,
MCOU,NY,00169280015,SAXENDA   ,2020,4,true,,,
MCOU,NY,00169280015,SAXENDA   ,2020,3,true,,,
MCOU,NY,00169280015,SAXENDA   ,2020,2,true,,,
MCOU,NY,00169280015,SAXENDA   ,2020,1,true,,,
MCOU,OH,00169280015,SAXENDA   ,2020,4,true,,,
MCOU,OH,00169280015,SAXENDA   ,2020,3,true,,,
MCOU,OH,00169280015,SAXENDA   ,2020,2,true,,,
MCOU,OH,00169280015,SAXENDA   ,2020,1,true,,,
MCOU,OR,00169280015,SAXENDA   ,2020,4,true,,,
MCOU,OR,00169280015,SAXENDA   ,2020,1,true,,,
MCOU,PA,00169280015,SAXENDA   ,2020,4,true,,,
MCOU,PA,00169280015,SAXENDA   ,2020,3,true,,,
MCOU,PA,00169280015,SAXENDA   ,2020,2,true,,,
MCOU,PA,00169280015,SAXENDA   ,2020,1,true,,,
MCOU,RI,00169280015,SAXENDA   ,2020,4,false,390.000,26,33301.32
MCOU,RI,00169280015,SAXENDA   ,2020,3,false,480.000,34,40987.34
MCOU,RI,00169280015,SAXENDA   ,2020,2,false,636.000,41,54306.01
FFSU,RI,00169280015,SAXENDA   ,2020,1,true,,,
MCOU,RI,00169280015,SAXENDA   ,2020,1,false,414.000,31,35303.25
MCOU,SC,00169280015,SAXENDA   ,2020,4,false,198.000,16,15527.12
MCOU,SC,00169280015,SAXENDA   ,2020,3,false,222.000,16,18377.90
MCOU,SC,00169280015,SAXENDA   ,2020,2,false,171.000,13,13286.76
MCOU,SC,00169280015,SAXENDA   ,2020,1,true,,,
FFSU,TN,00169280015,SAXENDA   ,2020,4,false,234.000,20,19583.69
FFSU,TN,00169280015,SAXENDA   ,2020,3,false,171.000,14,14287.92
FFSU,TN,00169280015,SAXENDA   ,2020,2,true,,,
FFSU,TN,00169280015,SAXENDA   ,2020,1,true,,,
MCOU,VA,00169280015,SAXENDA   ,2020,4,false,4806.000,317,405777.30
FFSU,VA,00169280015,SAXENDA   ,2020,3,true,,,
MCOU,VA,00169280015,SAXENDA   ,2020,3,false,4431.000,303,366949.88
MCOU,VA,00169280015,SAXENDA   ,2020,2,false,4155.000,294,353186.15
FFSU,VA,00169280015,SAXENDA   ,2020,2,true,,,
MCOU,VA,00169280015,SAXENDA   ,2020,1,false,3051.000,222,260131.30
MCOU,WA,00169280015,SAXENDA   ,2020,4,true,,,
MCOU,WA,00169280015,SAXENDA   ,2020,3,true,,,
MCOU,WA,00169280015,SAXENDA   ,2020,1,true,,,
FFSU,WI,00169280015,SAXENDA   ,2020,4,false,7200.000,505,628192.09
FFSU,WI,00169280015,SAXENDA   ,2020,3,false,6912.000,467,606337.83
FFSU,WI,00169280015,SAXENDA   ,2020,2,false,6627.000,481,580997.52
FFSU,WI,00169280015,SAXENDA   ,2020,1,false,5916.000,456,513345.07
FFSU,AK,00310651201,BYETTA    ,2020,4,true,,,
FFSU,AK,00310652401,BYETTA    ,2020,4,false,33.600,14,10218.98
FFSU,AK,00310651201,BYETTA    ,2020,3,false,16.800,14,10141.18
FFSU,AK,00310652401,BYETTA    ,2020,3,false,45.600,19,13745.49
FFSU,AK,00310651201,BYETTA    ,2020,2,false,22.800,18,13487.47
FFSU,AK,00310652401,BYETTA    ,2020,2,false,48.000,19,14072.29
FFSU,AK,00310651201,BYETTA    ,2020,1,false,19.200,15,11382.84
FFSU,AK,00310652401,BYETTA    ,2020,1,false,36.000,15,10585.09
FFSU,AL,00310651201,Byetta 250,2020,4,false,24.000,20,14787.00
FFSU,AL,00310652401,Byetta 250,2020,4,false,36.000,15,11106.00
FFSU,AL,00310651201,Byetta 250,2020,3,false,21.600,18,13223.42
FFSU,AL,00310652401,Byetta 250,2020,3,false,28.800,12,8821.02
FFSU,AL,00310651201,Byetta 250,2020,2,false,16.800,14,10006.75
FFSU,AL,00310652401,Byetta 250,2020,2,false,31.200,13,9378.70
FFSU,AL,00310651201,Byetta 250,2020,1,true,,,
FFSU,AL,00310652401,Byetta 250,2020,1,false,33.600,14,10836.90
MCOU,AR,00310651201,BYETTA    ,2020,4,true,,,
FFSU,AR,00310651201,BYETTA    ,2020,4,true,,,
FFSU,AR,00310651201,BYETTA    ,2020,3,true,,,
MCOU,AR,00310651201,BYETTA    ,2020,3,true,,,
FFSU,AR,00310651201,BYETTA    ,2020,2,true,,,
MCOU,AR,00310651201,BYETTA    ,2020,2,true,,,
FFSU,AR,00310651201,BYETTA    ,2020,1,true,,,
FFSU,AR,00310652401,BYETTA    ,2020,1,true,,,
MCOU,AZ,00310651201,BYETTA    ,2020,4,false,72.000,49,43417.49
MCOU,AZ,00310652401,BYETTA    ,2020,4,false,144.000,59,43703.35
MCOU,AZ,00310651201,BYETTA    ,2020,3,false,81.600,60,49451.19
MCOU,AZ,00310652401,BYETTA    ,2020,3,false,182.400,69,55231.01
MCOU,AZ,00310651201,BYETTA    ,2020,2,false,80.400,60,47199.46
MCOU,AZ,00310652401,BYETTA    ,2020,2,false,189.600,75,55815.21
MCOU,AZ,00310651201,BYETTA    ,2020,1,false,73.200,59,43139.59
MCOU,AZ,00310652401,BYETTA    ,2020,1,false,177.600,78,52716.96
FFSU,CA,00310651201,BYETTA 250,2020,4,false,61.200,47,37850.92
MCOU,CA,00310651201,BYETTA 250,2020,4,false,98.400,74,58204.53
MCOU,CA,00310652401,BYETTA 250,2020,4,false,256.800,107,75460.88
FFSU,CA,00310652401,BYETTA 250,2020,4,false,206.400,86,65599.65
FFSU,CA,00310651201,BYETTA 250,2020,3,false,68.400,55,42041.29
MCOU,CA,00310651201,BYETTA 250,2020,3,false,99.600,71,58855.26
MCOU,CA,00310652401,BYETTA 250,2020,3,false,291.400,121,89371.83
FFSU,CA,00310652401,BYETTA 250,2020,3,false,204.000,80,64583.16
MCOU,CA,00310651201,BYETTA 250,2020,2,false,105.600,80,62743.76
FFSU,CA,00310651201,BYETTA 250,2020,2,false,85.200,70,51357.36
FFSU,CA,00310652401,BYETTA 250,2020,2,false,187.200,77,57542.21
MCOU,CA,00310652401,BYETTA 250,2020,2,false,332.800,137,100417.28
MCOU,CA,00310651201,BYETTA 250,2020,1,false,116.400,91,66304.68
FFSU,CA,00310651201,BYETTA 250,2020,1,false,93.600,75,56888.76
MCOU,CA,00310652401,BYETTA 250,2020,1,false,360.200,153,109110.73
FFSU,CA,00310652401,BYETTA 250,2020,1,false,182.400,72,56095.54
FFSU,CO,00310651201,BYETTA    ,2020,4,false,202.800,109,118577.22
MCOU,CO,00310651201,BYETTA    ,2020,4,true,,,
MCOU,CO,00310652401,BYETTA    ,2020,4,false,81.600,16,6636.12
FFSU,CO,00310652401,BYETTA    ,2020,4,false,726.400,186,212054.11
MCOU,CO,00310651201,BYETTA    ,2020,3,true,,,
FFSU,CO,00310651201,BYETTA    ,2020,3,false,184.800,105,109294.83
MCOU,CO,00310652401,BYETTA    ,2020,3,false,79.200,21,8808.09
FFSU,CO,00310652401,BYETTA    ,2020,3,false,709.200,201,205599.96
MCOU,CO,00310651201,BYETTA    ,2020,2,true,,,
FFSU,CO,00310651201,BYETTA    ,2020,2,false,214.800,130,126021.78
FFSU,CO,00310652401,BYETTA    ,2020,2,false,758.800,219,215060.15
MCOU,CO,00310652401,BYETTA    ,2020,2,false,69.600,21,10698.27
FFSU,CO,00310651201,BYETTA    ,2020,1,false,225.600,141,133246.59
MCOU,CO,00310651201,BYETTA    ,2020,1,true,,,
FFSU,CO,00310652401,BYETTA    ,2020,1,false,769.600,226,226561.35
MCOU,CO,00310652401,BYETTA    ,2020,1,false,36.000,15,10638.09
FFSU,CT,00310651201,Byetta 250,2020,4,false,16.800,14,10249.82
FFSU,CT,00310652401,Byetta 250,2020,4,false,62.400,25,18979.47
FFSU,CT,00310651201,Byetta 250,2020,3,false,14.400,12,8701.52
FFSU,CT,00310652401,BYETTA 250,2020,3,false,52.800,19,15854.49
FFSU,CT,00310651201,Byetta 250,2020,2,true,,,
FFSU,CT,00310652401,Byetta 250,2020,2,false,67.200,20,19800.67
FFSU,CT,00310651201,Byetta 250,2020,1,false,16.800,12,9965.63
FFSU,CT,00310652401,Byetta 250,2020,1,false,57.600,17,16970.47
MCOU,DC,00310651201,BYETTA 5 M,2020,4,true,,,
MCOU,DC,00310652401,BYETTA 10 ,2020,4,true,,,
FFSU,DC,00310651201,BYETTA 5 M,2020,3,true,,,
FFSU,DC,00310652401,BYETTA 10 ,2020,3,true,,,
MCOU,DC,00310652401,BYETTA 10 ,2020,3,true,,,
MCOU,DC,00310651201,BYETTA 5 M,2020,2,true,,,
FFSU,DC,00310651201,BYETTA 5 M,2020,2,true,,,
FFSU,DC,00310652401,BYETTA 10 ,2020,2,true,,,
FFSU,DC,00310651201,BYETTA 5 M,2020,1,true,,,
MCOU,DC,00310651201,BYETTA 5 M,2020,1,true,,,
FFSU,DC,00310652401,BYETTA 10 ,2020,1,true,,,
MCOU,DE,00310651201,Byetta 250,2020,4,true,,,
MCOU,DE,00310651201,Byetta 250,2020,3,true,,,
MCOU,DE,00310651201,Byetta 250,2020,2,true,,,
MCOU,DE,00310651201,Byetta 250,2020,1,true,,,
MCOU,FL,00310651201,BYETTA    ,2020,4,false,555.600,455,331983.92
FFSU,FL,00310651201,BYETTA    ,2020,4,false,45.600,38,27801.56
FFSU,FL,00310652401,BYETTA    ,2020,4,false,48.000,20,14614.20
MCOU,FL,00310652401,BYETTA    ,2020,4,false,979.200,403,294160.46
FFSU,FL,00310651201,BYETTA    ,2020,3,false,56.200,47,34013.79
MCOU,FL,00310651201,BYETTA    ,2020,3,false,573.600,468,342591.52
FFSU,FL,00310652401,BYETTA    ,2020,3,false,57.600,24,17432.14
MCOU,FL,00310652401,BYETTA    ,2020,3,false,1056.000,438,315356.89
MCOU,FL,00310651201,BYETTA    ,2020,2,false,549.600,445,320197.82
FFSU,FL,00310651201,BYETTA    ,2020,2,false,54.000,45,31977.45
FFSU,FL,00310652401,BYETTA    ,2020,2,false,93.200,39,27562.89
MCOU,FL,00310652401,BYETTA    ,2020,2,false,1008.000,416,294290.59
MCOU,FL,00310651201,BYETTA    ,2020,1,false,578.000,461,337096.10
FFSU,FL,00310651201,BYETTA    ,2020,1,false,48.000,40,28503.00
FFSU,FL,00310652401,BYETTA    ,2020,1,false,88.800,37,26260.01
MCOU,FL,00310652401,BYETTA    ,2020,1,false,1036.800,427,303924.34
MCOU,GA,00310651201,BYETTA    ,2020,4,true,,,
FFSU,GA,00310651201,BYETTA    ,2020,4,true,,,
MCOU,GA,00310652401,BYETTA    ,2020,4,true,,,
FFSU,GA,00310652401,BYETTA    ,2020,4,true,,,
FFSU,GA,00310651201,BYETTA    ,2020,3,false,13.200,11,7989.08
MCOU,GA,00310651201,BYETTA    ,2020,3,true,,,
FFSU,GA,00310652401,BYETTA    ,2020,3,true,,,
FFSU,GA,00310651201,BYETTA    ,2020,2,true,,,
MCOU,GA,00310651201,BYETTA    ,2020,2,true,,,
FFSU,GA,00310652401,BYETTA    ,2020,2,true,,,
MCOU,GA,00310651201,BYETTA    ,2020,1,true,,,
FFSU,GA,00310651201,BYETTA    ,2020,1,true,,,
FFSU,GA,00310652401,BYETTA    ,2020,1,true,,,
MCOU,HI,00310652401,BYETTA 10 ,2020,4,true,,,
MCOU,HI,00310652401,BYETTA 10 ,2020,3,true,,,
MCOU,HI,00310652401,BYETTA 10 ,2020,2,true,,,
MCOU,HI,00310652401,BYETTA 10 ,2020,1,true,,,
MCOU,IA,00310651201,Byetta 250,2020,4,false,36.000,25,21942.33
MCOU,IA,00310652401,Byetta 250,2020,4,false,100.800,41,30479.12
MCOU,IA,00310651201,Byetta 250,2020,3,false,45.600,37,27794.25
MCOU,IA,00310652401,Byetta 250,2020,3,false,103.200,41,31259.88
MCOU,IA,00310651201,Byetta 250,2020,2,false,25.200,20,14770.98
MCOU,IA,00310652401,Byetta 250,2020,2,true,,,
MCOU,IA,00310651201,Byetta 250,2020,1,false,46.800,39,26738.47
MCOU,IA,00310652401,Byetta 250,2020,1,false,120.000,50,35129.00
FFSU,ID,00310651201,BYETTA    ,2020,4,false,19.200,13,11682.49
FFSU,ID,00310652401,BYETTA    ,2020,4,false,50.400,21,15385.75
FFSU,ID,00310651201,BYETTA    ,2020,3,false,20.400,15,12340.22
FFSU,ID,00310652401,BYETTA    ,2020,3,false,74.400,31,22643.94
FFSU,ID,00310651201,BYETTA    ,2020,2,false,26.400,20,15633.66
FFSU,ID,00310652401,BYETTA    ,2020,2,false,86.400,36,25629.36
FFSU,ID,00310651201,BYETTA    ,2020,1,false,24.000,20,14236.16
FFSU,ID,00310652401,BYETTA    ,2020,1,false,91.200,38,27052.68
FFSU,IL,00310651201,Byetta 250,2020,4,true,,,
MCOU,IL,00310651201,Byetta 250,2020,4,false,566.400,417,406645.19
FFSU,IL,00310652401,Byetta 250,2020,4,false,38.400,12,11592.57
MCOU,IL,00310652401,Byetta 250,2020,4,false,1483.200,504,522317.58
MCOU,IL,00310651201,Byetta 250,2020,3,false,633.600,473,466900.41
FFSU,IL,00310651201,Byetta 250,2020,3,true,,,
FFSU,IL,00310652401,Byetta 250,2020,3,true,,,
MCOU,IL,00310652401,Byetta 250,2020,3,false,1718.400,598,646434.49
FFSU,IL,00310651201,Byetta 250,2020,2,false,36.000,28,21173.69
MCOU,IL,00310651201,Byetta 250,2020,2,false,693.600,500,547246.36
FFSU,IL,00310652401,Byetta 250,2020,2,false,52.800,18,15504.94
MCOU,IL,00310652401,Byetta 250,2020,2,false,1828.800,647,626093.81
FFSU,IL,00310651201,Byetta 250,2020,1,false,20.400,17,12006.91
MCOU,IL,00310651201,Byetta 250,2020,1,false,816.000,597,574522.03
MCOU,IL,00310652401,Byetta 250,2020,1,false,1948.800,693,692399.21
FFSU,IL,00310652401,Byetta 250,2020,1,false,38.400,14,12255.05
MCOU,IN,00310651201,Byetta 250,2020,4,true,,,
FFSU,IN,00310651201,Byetta 250,2020,4,true,,,
FFSU,IN,00310652401,Byetta 250,2020,4,true,,,
MCOU,IN,00310652401,Byetta 250,2020,4,false,52.800,18,14445.01
FFSU,IN,00310651201,Byetta 250,2020,3,true,,,
MCOU,IN,00310651201,Byetta 250,2020,3,false,20.400,14,12200.52
FFSU,IN,00310652401,Byetta 250,2020,3,true,,,
MCOU,IN,00310652401,Byetta 250,2020,3,false,33.600,14,10087.44
FFSU,IN,00310651201,Byetta 250,2020,2,true,,,
MCOU,IN,00310651201,Byetta 250,2020,2,false,24.000,17,13957.68
FFSU,IN,00310652401,Byetta 250,2020,2,true,,,
MCOU,IN,00310652401,Byetta 250,2020,2,false,38.400,12,11222.31
MCOU,IN,00310651201,Byetta 250,2020,1,false,19.200,16,11167.24
FFSU,IN,00310651201,Byetta 250,2020,1,true,,,
MCOU,IN,00310652401,Byetta 250,2020,1,false,43.200,16,12573.31
MCOU,KS,00310651201,Byetta 250,2020,4,true,,,
MCOU,KS,00310652401,Byetta 250,2020,4,true,,,
MCOU,KS,00310651201,Byetta 250,2020,3,true,,,
MCOU,KS,00310652401,Byetta 250,2020,3,true,,,
MCOU,KS,00310651201,Byetta 250,2020,2,true,,,
MCOU,KS,00310652401,Byetta 250,2020,2,false,26.400,11,7821.77
MCOU,KS,00310651201,Byetta 250,2020,1,false,13.200,11,7862.67
MCOU,KS,00310652401,Byetta 250,2020,1,true,,,
FFSU,KY,00310651201,BYETTA    ,2020,4,true,,,
MCOU,KY,00310651201,BYETTA    ,2020,4,true,,,
FFSU,KY,00310652401,BYETTA    ,2020,4,false,31.200,11,9483.16
MCOU,KY,00310652401,BYETTA    ,2020,4,false,79.200,33,24913.32
MCOU,KY,00310651201,BYETTA    ,2020,3,false,18.000,15,11336.55
FFSU,KY,00310651201,BYETTA    ,2020,3,true,,,
MCOU,KY,00310652401,BYETTA    ,2020,3,false,86.400,36,27215.20
FFSU,KY,00310652401,BYETTA    ,2020,3,false,45.600,17,13806.88
FFSU,KY,00310651201,BYETTA    ,2020,2,true,,,
MCOU,KY,00310651201,BYETTA    ,2020,2,false,30.000,25,18199.26
MCOU,KY,00310652401,BYETTA    ,2020,2,false,100.800,42,30755.84
FFSU,KY,00310652401,BYETTA    ,2020,2,false,28.800,12,8521.56
FFSU,KY,00310651201,BYETTA    ,2020,1,true,,,
MCOU,KY,00310651201,BYETTA    ,2020,1,false,21.600,18,13128.96
FFSU,KY,00310652401,BYETTA    ,2020,1,false,40.800,17,12061.57
MCOU,KY,00310652401,BYETTA    ,2020,1,false,115.200,48,35196.19
FFSU,LA,00310651201,BYETTA    ,2020,4,true,,,
MCOU,LA,00310651201,BYETTA    ,2020,4,false,21.600,18,13545.93
MCOU,LA,00310652401,BYETTA    ,2020,4,false,93.600,33,29139.85
FFSU,LA,00310651201,BYETTA    ,2020,3,true,,,
MCOU,LA,00310651201,BYETTA    ,2020,3,false,22.800,17,14094.32
MCOU,LA,00310652401,BYETTA    ,2020,3,false,62.400,19,19350.50
MCOU,LA,00310651201,BYETTA    ,2020,2,false,39.600,27,23856.80
FFSU,LA,00310651201,BYETTA    ,2020,2,true,,,
MCOU,LA,00310652401,BYETTA    ,2020,2,false,74.400,25,22526.24
FFSU,LA,00310651201,BYETTA    ,2020,1,true,,,
MCOU,LA,00310651201,BYETTA    ,2020,1,false,19.600,19,13751.44
MCOU,LA,00310652401,BYETTA    ,2020,1,false,54.600,23,18082.78
MCOU,MA,00310651201,BYETTA 5 M,2020,4,true,,,
FFSU,MA,00310651201,BYETTA 5 M,2020,4,false,42.000,25,25349.71
FFSU,MA,00310652401,BYETTA 10 ,2020,4,false,103.200,30,31280.87
MCOU,MA,00310652401,BYETTA 10 ,2020,4,false,28.800,12,9061.45
FFSU,MA,00310651201,BYETTA 5 M,2020,3,false,37.200,27,22423.23
MCOU,MA,00310651201,BYETTA 5 M,2020,3,true,,,
FFSU,MA,00310652401,BYETTA 10 ,2020,3,false,81.600,30,24649.74
MCOU,MA,00310652401,BYETTA 10 ,2020,3,false,31.200,13,9809.78
MCOU,MA,00310651201,BYETTA 5 M,2020,2,true,,,
FFSU,MA,00310651201,BYETTA 5 M,2020,2,false,37.200,28,21884.14
FFSU,MA,00310652401,BYETTA 10 ,2020,2,false,124.800,45,36810.97
MCOU,MA,00310652401,BYETTA 10 ,2020,2,true,,,
FFSU,MA,00310651201,BYETTA 5 M,2020,1,false,40.800,31,24124.33
MCOU,MA,00310651201,BYETTA 5 M,2020,1,true,,,
FFSU,MA,00310652401,BYETTA 10 ,2020,1,false,136.800,57,40411.51
MCOU,MA,00310652401,BYETTA 10 ,2020,1,true,,,
MCOU,MD,00310651201,BYETTA 5 M,2020,4,true,,,
FFSU,MD,00310652401,BYETTA 10 ,2020,4,true,,,
MCOU,MD,00310651201,BYETTA 5 M,2020,3,true,,,
FFSU,MD,00310652401,BYETTA 10 ,2020,3,true,,,
MCOU,MD,00310652401,BYETTA 10 ,2020,3,true,,,
MCOU,MD,00310651201,BYETTA 5 M,2020,2,true,,,
MCOU,MD,00310652401,BYETTA 10 ,2020,2,true,,,
FFSU,MD,00310652401,BYETTA 10 ,2020,2,true,,,
FFSU,MD,00310651201,BYETTA 5 M,2020,1,true,,,
MCOU,MD,00310652401,BYETTA 10 ,2020,1,true,,,
FFSU,MD,00310652401,BYETTA 10 ,2020,1,true,,,
FFSU,MI,00310651201,BYETTA    ,2020,4,false,15.600,11,9494.35
MCOU,MI,00310651201,BYETTA    ,2020,4,false,54.000,41,32807.34
FFSU,MI,00310652401,BYETTA    ,2020,4,true,,,
MCOU,MI,00310652401,BYETTA    ,2020,4,false,88.800,36,26752.97
MCOU,MI,00310651201,BYETTA    ,2020,3,true,,,
FFSU,MI,00310651201,BYETTA    ,2020,3,false,14.400,11,8754.35
FFSU,MI,00310652401,BYETTA    ,2020,3,true,,,
MCOU,MI,00310652401,BYETTA    ,2020,3,true,,,
FFSU,MI,00310651201,BYETTA    ,2020,2,true,,,
FFSU,MI,00310652401,BYETTA    ,2020,2,true,,,
MCOU,MI,00310652401,BYETTA    ,2020,2,false,31.200,13,9180.27
FFSU,MI,00310651201,BYETTA    ,2020,1,true,,,
FFSU,MI,00310652401,BYETTA    ,2020,1,true,,,
MCOU,MI,00310652401,BYETTA    ,2020,1,false,50.400,21,14826.76
MCOU,MN,00310651201,BYETTA    ,2020,4,false,45.600,37,28487.94
FFSU,MN,00310651201,BYETTA    ,2020,4,false,42.000,29,25192.91
MCOU,MN,00310652401,BYETTA    ,2020,4,false,151.200,51,48152.95
FFSU,MN,00310652401,BYETTA    ,2020,4,false,115.200,42,34665.99
MCOU,MN,00310651201,BYETTA    ,2020,3,false,54.000,40,33979.99
FFSU,MN,00310651201,BYETTA    ,2020,3,false,39.600,29,23969.26
FFSU,MN,00310652401,BYETTA    ,2020,3,false,160.800,59,48342.84
MCOU,MN,00310652401,BYETTA    ,2020,3,false,117.600,44,37250.98
MCOU,MN,00310651201,BYETTA    ,2020,2,false,54.000,42,32531.97
FFSU,MN,00310651201,BYETTA    ,2020,2,false,40.800,28,24534.73
FFSU,MN,00310652401,BYETTA    ,2020,2,false,132.000,55,39497.24
MCOU,MN,00310652401,BYETTA    ,2020,2,false,139.200,56,42679.72
MCOU,MN,00310651201,BYETTA    ,2020,1,false,56.400,47,34233.17
FFSU,MN,00310651201,BYETTA    ,2020,1,false,43.200,36,26100.42
FFSU,MN,00310652401,BYETTA    ,2020,1,false,177.600,74,52934.32
MCOU,MN,00310652401,BYETTA    ,2020,1,false,100.800,42,30396.25
FFSU,MO,00310651201,BYETTA    ,2020,4,false,61.200,51,37523.25
FFSU,MO,00310652401,BYETTA    ,2020,4,false,134.400,57,41136.58
FFSU,MO,00310651201,BYETTA    ,2020,3,false,80.400,67,48833.03
FFSU,MO,00310652401,BYETTA    ,2020,3,false,144.000,60,43635.36
FFSU,MO,00310651201,BYETTA    ,2020,2,false,56.400,47,33592.78
FFSU,MO,00310652401,BYETTA    ,2020,2,false,129.600,54,38543.62
FFSU,MO,00310651201,BYETTA    ,2020,1,false,55.200,41,32895.28
FFSU,MO,00310652401,BYETTA    ,2020,1,false,127.200,53,37834.58
MCOU,MS,00310651201,BYETTA 5 M,2020,4,true,,,
FFSU,MS,00310651201,BYETTA 5 M,2020,4,true,,,
MCOU,MS,00310652401,BYETTA 10 ,2020,4,true,,,
FFSU,MS,00310651201,BYETTA 5 M,2020,3,true,,,
MCOU,MS,00310651201,BYETTA 5 M,2020,3,true,,,
MCOU,MS,00310652401,BYETTA 10 ,2020,3,true,,,
MCOU,MS,00310651201,BYETTA 5 M,2020,2,false,15.600,13,9251.58
MCOU,MS,00310652401,BYETTA 10 ,2020,2,true,,,
MCOU,MS,00310651201,BYETTA 5 M,2020,1,true,,,
MCOU,MS,00310652401,BYETTA 10 ,2020,1,true,,,
FFSU,MT,00310651201,BYETTA 5 M,2020,4,false,21.600,18,13400.99
FFSU,MT,00310652401,BYETTA 10 ,2020,4,false,127.200,47,39011.20
FFSU,MT,00310651201,BYETTA 5 M,2020,3,false,28.800,24,17711.53
FFSU,MT,00310652401,BYETTA 10 ,2020,3,false,141.600,53,43225.71
FFSU,MT,00310651201,BYETTA 5 M,2020,2,false,28.800,24,17317.89
FFSU,MT,00310652401,BYETTA 10 ,2020,2,false,136.800,57,40368.45
FFSU,MT,00310651201,BYETTA 5 M,2020,1,false,27.600,23,16576.52
FFSU,MT,00310652401,BYETTA 10 ,2020,1,false,146.400,61,43174.16
FFSU,XX,00310651201,Byetta 250,2020,4,false,853.200,595,514344.44
MCOU,XX,00310651201,Byetta 250,2020,4,false,1966.600,1519,1249450.59
FFSU,XX,00310652401,Byetta 250,2020,4,false,2569.600,888,773212.56
MCOU,XX,00310652401,Byetta 250,2020,4,false,4844.400,1829,1517042.28
FFSU,XX,00310651201,Byetta 250,2020,3,false,1018.600,756,611765.16
MCOU,XX,00310651201,Byetta 250,2020,3,false,2056.800,1582,1320091.46
FFSU,XX,00310652401,Byetta 250,2020,3,false,3104.400,1136,925283.56
MCOU,XX,00310652401,Byetta 250,2020,3,false,5223.400,1986,1689449.71
FFSU,XX,00310651201,Byetta 250,2020,2,false,934.800,680,552983.38
MCOU,XX,00310651201,Byetta 250,2020,2,false,2141.600,1640,1393762.47
FFSU,XX,00310652401,Byetta 250,2020,2,false,2743.200,1005,800078.83
MCOU,XX,00310652401,Byetta 250,2020,2,false,5284.600,2031,1636348.07
FFSU,XX,66780021007,BYETTA (EX,2020,2,true,,,
FFSU,XX,66780021201,BYETTA (EX,2020,2,true,,,
FFSU,XX,00310651201,Byetta 250,2020,1,false,953.400,715,564796.05
MCOU,XX,00310651201,Byetta 250,2020,1,false,2283.000,1770,1437505.29
FFSU,XX,00310652401,Byetta 250,2020,1,false,2941.600,1103,868286.79
MCOU,XX,00310652401,Byetta 250,2020,1,false,5625.200,2196,1779460.02
FFSU,NC,00310651201,BYETTA    ,2020,4,false,97.200,77,58529.94
FFSU,NC,00310652401,BYETTA    ,2020,4,false,326.400,123,96718.86
FFSU,NC,00310651201,BYETTA    ,2020,3,false,235.200,180,139393.96
FFSU,NC,00310652401,BYETTA    ,2020,3,false,645.600,260,189282.33
FFSU,NC,00310651201,BYETTA    ,2020,2,false,69.600,52,40548.00
FFSU,NC,00310652401,BYETTA    ,2020,2,false,180.000,69,49911.23
FFSU,NC,66780021007,BYETTA    ,2020,2,true,,,
FFSU,NC,66780021201,BYETTA    ,2020,2,true,,,
FFSU,NC,00310651201,BYETTA    ,2020,1,false,87.600,70,51356.75
FFSU,NC,00310652401,BYETTA    ,2020,1,false,338.400,136,96684.36
FFSU,ND,00310651201,BYETTA 5 M,2020,4,true,,,
FFSU,ND,00310652401,BYETTA 10 ,2020,4,true,,,
FFSU,ND,00310651201,BYETTA 5 M,2020,3,true,,,
FFSU,ND,00310652401,BYETTA 10 ,2020,3,true,,,
FFSU,ND,00310651201,BYETTA 5 M,2020,2,true,,,
FFSU,ND,00310652401,BYETTA 10 ,2020,2,false,26.400,11,7831.45
FFSU,ND,00310651201,BYETTA 5 M,2020,1,true,,,
FFSU,ND,00310652401,BYETTA 10 ,2020,1,true,,,
MCOU,NE,00310651201,Byetta 250,2020,4,true,,,
MCOU,NE,00310652401,Byetta 250,2020,4,true,,,
MCOU,NE,00310651201,Byetta 250,2020,3,true,,,
MCOU,NE,00310652401,Byetta 250,2020,3,true,,,
MCOU,NE,00310651201,Byetta 250,2020,2,true,,,
MCOU,NE,00310652401,Byetta 250,2020,2,true,,,
MCOU,NE,00310651201,Byetta 250,2020,1,true,,,
MCOU,NE,00310652401,Byetta 250,2020,1,true,,,
MCOU,NH,00310651201,BYETTA    ,2020,4,true,,,
MCOU,NH,00310652401,BYETTA    ,2020,4,true,,,
FFSU,NH,00310652401,BYETTA    ,2020,4,true,,,
MCOU,NH,00310651201,BYETTA    ,2020,3,true,,,
MCOU,NH,00310652401,BYETTA    ,2020,3,true,,,
FFSU,NH,00310652401,BYETTA    ,2020,3,true,,,
MCOU,NH,00310651201,BYETTA    ,2020,2,true,,,
FFSU,NH,00310652401,BYETTA    ,2020,2,true,,,
MCOU,NH,00310652401,BYETTA    ,2020,2,true,,,
MCOU,NH,00310651201,BYETTA    ,2020,1,true,,,
MCOU,NH,00310652401,BYETTA    ,2020,1,true,,,
MCOU,NJ,00310651201,Byetta 250,2020,4,true,,,
MCOU,NJ,00310652401,Byetta 250,2020,4,true,,,
MCOU,NJ,00310651201,Byetta 250,2020,3,true,,,
MCOU,NJ,00310652401,Byetta 250,2020,3,true,,,
MCOU,NJ,00310651201,Byetta 250,2020,2,true,,,
MCOU,NJ,00310652401,Byetta 250,2020,2,true,,,
MCOU,NJ,00310651201,Byetta 250,2020,1,true,,,
MCOU,NJ,00310652401,Byetta 250,2020,1,true,,,
MCOU,NM,00310651201,BYETTA 5 M,2020,4,true,,,
MCOU,NM,00310652401,BYETTA 10 ,2020,4,true,,,
FFSU,NM,00310651201,BYETTA 5 M,2020,3,true,,,
MCOU,NM,00310651201,BYETTA 5 M,2020,3,true,,,
MCOU,NM,00310652401,BYETTA 10 ,2020,3,true,,,
FFSU,NM,00310651201,BYETTA 5 M,2020,2,true,,,
MCOU,NM,00310651201,BYETTA 5 M,2020,2,true,,,
MCOU,NM,00310652401,BYETTA 10 ,2020,2,true,,,
FFSU,NM,00310652401,BYETTA 10 ,2020,2,true,,,
FFSU,NM,00310651201,BYETTA 5 M,2020,1,true,,,
FFSU,NM,00310652401,BYETTA 10 ,2020,1,true,,,
FFSU,NV,00310651201,Byetta 250,2020,4,true,,,
MCOU,NV,00310652401,Byetta 250,2020,4,true,,,
FFSU,NV,00310652401,Byetta 250,2020,4,true,,,
MCOU,NV,00310652401,Byetta 250,2020,3,true,,,
FFSU,NV,00310651201,Byetta 250,2020,2,true,,,
MCOU,NV,00310652401,Byetta 250,2020,2,true,,,
FFSU,NV,00310651201,Byetta 250,2020,1,true,,,
MCOU,NV,00310652401,Byetta 250,2020,1,true,,,
MCOU,NY,00310651201,BYETTA    ,2020,4,false,16.800,14,10052.32
FFSU,NY,00310652401,BYETTA    ,2020,4,false,55.200,23,16797.27
MCOU,NY,00310652401,BYETTA    ,2020,4,false,88.800,37,26973.26
MCOU,NY,00310651201,BYETTA    ,2020,3,false,15.600,13,9336.41
FFSU,NY,00310651201,BYETTA    ,2020,3,true,,,
MCOU,NY,00310652401,BYETTA    ,2020,3,false,98.400,41,29945.55
FFSU,NY,00310652401,BYETTA    ,2020,3,false,45.600,19,13796.53
MCOU,NY,00310651201,BYETTA    ,2020,2,false,24.000,20,13971.68
FFSU,NY,00310651201,BYETTA    ,2020,2,true,,,
MCOU,NY,00310652401,BYETTA    ,2020,2,false,105.600,44,31100.09
FFSU,NY,00310652401,BYETTA    ,2020,2,false,62.400,24,18428.65
FFSU,NY,00310651201,BYETTA    ,2020,1,true,,,
MCOU,NY,00310651201,BYETTA    ,2020,1,false,25.200,16,14558.28
MCOU,NY,00310652401,BYETTA    ,2020,1,false,117.600,48,34523.57
FFSU,NY,00310652401,BYETTA    ,2020,1,false,40.800,15,12042.52
FFSU,OH,00310651201,Byetta 250,2020,4,true,,,
MCOU,OH,00310651201,Byetta 250,2020,4,false,26.400,22,16435.02
FFSU,OH,00310652401,Byetta 250,2020,4,true,,,
MCOU,OH,00310652401,Byetta 250,2020,4,false,84.000,33,25866.29
MCOU,OH,00310651201,Byetta 250,2020,3,false,28.800,20,17625.43
FFSU,OH,00310651201,Byetta 250,2020,3,true,,,
FFSU,OH,00310652401,Byetta 250,2020,3,true,,,
MCOU,OH,00310652401,Byetta 250,2020,3,false,117.600,45,35902.27
FFSU,OH,00310651201,Byetta 250,2020,2,true,,,
MCOU,OH,00310651201,Byetta 250,2020,2,false,33.600,27,19979.77
MCOU,OH,00310652401,Byetta 250,2020,2,false,156.000,63,46273.49
FFSU,OH,00310652401,Byetta 250,2020,2,true,,,
FFSU,OH,00310651201,Byetta 250,2020,1,true,,,
MCOU,OH,00310651201,Byetta 250,2020,1,false,55.200,43,32520.43
MCOU,OH,00310652401,Byetta 250,2020,1,false,223.200,91,66128.29
FFSU,OH,00310652401,Byetta 250,2020,1,true,,,
FFSU,OK,00310651201,Byetta 250,2020,4,false,15.600,11,9503.46
FFSU,OK,00310652401,Byetta 250,2020,4,true,,,
FFSU,OK,00310651201,Byetta 250,2020,3,true,,,
FFSU,OK,00310652401,Byetta 250,2020,3,true,,,
FFSU,OK,00310651201,Byetta 250,2020,2,true,,,
FFSU,OK,00310652401,Byetta 250,2020,2,true,,,
FFSU,OK,00310651201,Byetta 250,2020,1,true,,,
FFSU,OK,00310652401,Byetta 250,2020,1,true,,,
MCOU,OR,00310651201,Byetta 250,2020,4,false,40.800,32,24733.03
MCOU,OR,00310652401,Byetta 250,2020,4,false,45.600,19,13978.15
MCOU,OR,00310651201,Byetta 250,2020,3,false,39.600,31,24004.26
FFSU,OR,00310651201,Byetta 250,2020,3,true,,,
MCOU,OR,00310652401,Byetta 250,2020,3,false,84.000,33,25750.00
MCOU,OR,00310651201,Byetta 250,2020,2,false,39.600,31,23344.39
MCOU,OR,00310652401,Byetta 250,2020,2,false,72.000,30,21635.85
MCOU,OR,00310651201,Byetta 250,2020,1,false,46.800,34,27460.86
FFSU,OR,00310651201,Byetta 250,2020,1,true,,,
MCOU,OR,00310652401,Byetta 250,2020,1,false,81.600,34,24301.40
MCOU,PA,00310651201,Byetta 250,2020,4,false,33.600,24,20405.03
MCOU,PA,00310652401,Byetta 250,2020,4,false,124.800,48,37881.35
MCOU,PA,00310651201,Byetta 250,2020,3,false,45.600,30,27646.89
MCOU,PA,00310652401,Byetta 250,2020,3,false,124.800,44,38057.64
MCOU,PA,00310651201,Byetta 250,2020,2,false,31.200,24,18333.78
MCOU,PA,00310652401,Byetta 250,2020,2,false,129.600,44,38319.85
MCOU,PA,00310651201,Byetta 250,2020,1,false,28.800,24,17141.87
MCOU,PA,00310652401,Byetta 250,2020,1,false,122.400,41,36162.89
MCOU,RI,00310651201,Byetta 250,2020,4,true,,,
MCOU,RI,00310652401,Byetta 250,2020,4,true,,,
MCOU,RI,00310651201,Byetta 250,2020,3,true,,,
MCOU,RI,00310652401,Byetta 250,2020,3,true,,,
MCOU,RI,00310651201,Byetta 250,2020,2,true,,,
MCOU,RI,00310652401,Byetta 250,2020,2,true,,,
MCOU,RI,00310652401,Byetta 250,2020,1,true,,,
MCOU,SC,00310651201,BYETTA    ,2020,4,true,,,
FFSU,SC,00310651201,BYETTA    ,2020,4,true,,,
MCOU,SC,00310652401,BYETTA    ,2020,4,true,,,
MCOU,SC,00310651201,BYETTA    ,2020,3,true,,,
FFSU,SC,00310651201,BYETTA    ,2020,3,true,,,
MCOU,SC,00310652401,BYETTA    ,2020,3,false,28.800,12,8760.33
FFSU,SC,00310651201,BYETTA    ,2020,2,true,,,
MCOU,SC,00310651201,BYETTA    ,2020,2,true,,,
MCOU,SC,00310652401,BYETTA    ,2020,2,false,34.200,13,9185.41
MCOU,SC,00310651201,BYETTA    ,2020,1,true,,,
FFSU,SC,00310651201,BYETTA    ,2020,1,true,,,
MCOU,SC,00310652401,BYETTA    ,2020,1,false,45.600,17,12043.10
FFSU,SD,00310652401,Byetta 250,2020,4,true,,,
FFSU,SD,00310652401,Byetta 250,2020,3,true,,,
FFSU,SD,00310651201,Byetta 250,2020,2,true,,,
FFSU,SD,00310652401,Byetta 250,2020,2,true,,,
FFSU,SD,00310651201,Byetta 250,2020,1,true,,,
FFSU,SD,00310652401,Byetta 250,2020,1,true,,,
FFSU,TN,00310651201,Byetta 250,2020,4,false,22.800,19,13890.52
FFSU,TN,00310652401,Byetta 250,2020,4,false,124.800,52,37950.22
FFSU,TN,00310651201,Byetta 250,2020,3,false,24.000,20,14494.21
FFSU,TN,00310652401,Byetta 250,2020,3,false,175.200,73,52815.96
FFSU,TN,00310651201,Byetta 250,2020,2,false,37.200,30,21992.59
FFSU,TN,00310652401,Byetta 250,2020,2,false,189.600,79,55997.60
FFSU,TN,00310651201,Byetta 250,2020,1,false,40.800,34,24174.54
FFSU,TN,00310652401,Byetta 250,2020,1,false,189.600,79,55964.14
MCOU,TX,00310651201,BYETTA 5 M,2020,4,false,93.600,70,56901.70
MCOU,TX,00310652401,BYETTA 10 ,2020,4,false,192.000,80,58433.64
MCOU,TX,00310651201,BYETTA 5 M,2020,3,false,100.800,76,61220.43
MCOU,TX,00310652401,BYETTA 10 ,2020,3,false,225.600,92,68665.54
FFSU,TX,00310651201,BYETTA 5 M,2020,2,true,,,
MCOU,TX,00310651201,BYETTA 5 M,2020,2,false,107.600,85,63000.19
MCOU,TX,00310652401,BYETTA 10 ,2020,2,false,235.200,98,69570.37
MCOU,TX,00310651201,BYETTA 5 M,2020,1,false,117.600,92,70317.66
MCOU,TX,00310652401,BYETTA 10 ,2020,1,false,228.000,93,68146.24
MCOU,VA,00310651201,BYETTA    ,2020,4,false,121.000,93,74305.31
FFSU,VA,00310651201,BYETTA    ,2020,4,true,,,
MCOU,VA,00310652401,BYETTA    ,2020,4,false,206.400,76,63737.62
MCOU,VA,00310651201,BYETTA    ,2020,3,false,110.400,82,68112.42
MCOU,VA,00310652401,BYETTA    ,2020,3,false,201.600,73,62167.24
MCOU,VA,00310651201,BYETTA    ,2020,2,false,105.600,80,63423.81
MCOU,VA,00310652401,BYETTA    ,2020,2,false,199.200,76,59893.41
FFSU,VA,00310651201,BYETTA    ,2020,1,true,,,
MCOU,VA,00310651201,BYETTA    ,2020,1,false,103.000,84,63546.82
MCOU,VA,00310652401,BYETTA    ,2020,1,false,228.000,85,68057.15
FFSU,VA,00310652401,BYETTA    ,2020,1,true,,,
FFSU,VT,00310652401,Byetta 250,2020,4,true,,,
FFSU,VT,00310651201,Byetta 250,2020,3,true,,,
FFSU,VT,00310652401,Byetta 250,2020,3,false,52.800,16,15854.55
FFSU,VT,00310651201,Byetta 250,2020,2,true,,,
FFSU,VT,00310652401,Byetta 250,2020,2,true,,,
FFSU,VT,00310651201,Byetta 250,2020,1,true,,,
FFSU,VT,00310652401,Byetta 250,2020,1,false,48.000,14,14103.59
FFSU,WA,00310651201,Byetta 250,2020,4,true,,,
MCOU,WA,00310651201,Byetta 250,2020,4,false,75.600,63,44283.48
MCOU,WA,00310652401,Byetta 250,2020,4,false,398.400,160,116415.70
FFSU,WA,00310652401,Byetta 250,2020,4,true,,,
FFSU,WA,00310651201,Byetta 250,2020,3,true,,,
MCOU,WA,00310651201,Byetta 250,2020,3,false,78.000,65,45687.55
MCOU,WA,00310652401,Byetta 250,2020,3,false,408.000,164,119222.14
FFSU,WA,00310652401,Byetta 250,2020,3,true,,,
MCOU,WA,00310651201,Byetta 250,2020,2,false,98.400,80,56773.42
FFSU,WA,00310651201,Byetta 250,2020,2,true,,,
FFSU,WA,00310652401,Byetta 250,2020,2,true,,,
MCOU,WA,00310652401,Byetta 250,2020,2,false,355.200,144,103661.77
MCOU,WA,00310651201,Byetta 250,2020,1,false,85.200,71,49824.69
FFSU,WA,00310651201,Byetta 250,2020,1,true,,,
FFSU,WA,00310652401,Byetta 250,2020,1,true,,,
MCOU,WA,00310652401,Byetta 250,2020,1,false,393.600,164,114815.62
FFSU,WI,00310651201,Byetta 250,2020,4,false,44.400,24,27046.08
FFSU,WI,00310652401,Byetta 250,2020,4,false,206.400,70,62927.51
FFSU,WI,00310651201,Byetta 250,2020,3,false,46.800,32,28204.41
FFSU,WI,00310652401,Byetta 250,2020,3,false,223.200,85,67520.49
FFSU,WI,00310651201,Byetta 250,2020,2,false,61.200,40,36154.81
FFSU,WI,00310652401,Byetta 250,2020,2,false,208.800,81,62879.93
FFSU,WI,00310651201,Byetta 250,2020,1,false,64.800,50,38182.04
FFSU,WI,00310652401,Byetta 250,2020,1,false,216.000,90,64682.55
FFSU,WV,00310651201,BYETTA 5 M,2020,4,true,,,
FFSU,WV,00310651201,BYETTA 5 M,2020,3,true,,,
FFSU,WV,00310652401,BYETTA 10 ,2020,3,true,,,
FFSU,WV,00310651201,BYETTA 5 M,2020,2,true,,,
FFSU,WV,00310652401,BYETTA 10 ,2020,2,true,,,
FFSU,WV,00310651201,BYETTA 5 M,2020,1,true,,,
FFSU,WV,00310652401,BYETTA 10 ,2020,1,true,,,
FFSU,WY,00310652401,Byetta 250,2020,4,true,,,
FFSU,WY,00310651201,Byetta 250,2020,3,true,,,
FFSU,WY,00310652401,Byetta 250,2020,3,true,,,
FFSU,WY,00310652401,Byetta 250,2020,2,true,,,
FFSU,WY,00310652401,Byetta 250,2020,1,true,,,
FFSU,AK,00310653004,BYDUREON P,2020,4,false,156.000,34,27565.22
FFSU,AK,00310654004,BYDUREON B,2020,4,false,187.000,48,38423.48
FFSU,AK,00310653004,BYDUREON P,2020,3,false,216.000,52,38355.27
FFSU,AK,00310654004,BYDUREON B,2020,3,false,190.400,51,38060.39
FFSU,AK,00310653004,BYDUREON P,2020,2,false,152.000,37,26325.53
FFSU,AK,00310654004,BYDUREON B,2020,2,false,153.000,41,30032.17
FFSU,AK,00310653004,BYDUREON P,2020,1,false,144.000,36,24849.83
FFSU,AK,00310654004,BYDUREON B,2020,1,false,95.200,27,18244.73
FFSU,AL,00310653004,Bydureon P,2020,4,false,308.000,77,55615.63
FFSU,AL,00310654001,BYDUREON B,2020,4,true,,,
FFSU,AL,00310654004,BYDUREON B,2020,4,false,615.400,181,131925.46
FFSU,AL,00310653004,Bydureon P,2020,3,false,308.000,77,56093.50
FFSU,AL,00310654001,BYDUREON B,2020,3,true,,,
FFSU,AL,00310654004,BYDUREON B,2020,3,false,499.800,147,106544.38
FFSU,AL,00310653004,Bydureon P,2020,2,false,388.000,97,69382.42
FFSU,AL,00310654004,BYDUREON B,2020,2,false,513.400,151,109880.93
FFSU,AL,00310653004,Bydureon P,2020,1,false,414.000,104,72701.46
FFSU,AL,00310654004,BYDUREON B,2020,1,false,536.350,158,113019.56
MCOU,AR,00310653004,BYDUREON P,2020,4,false,60.000,15,10908.60
FFSU,AR,00310653004,BYDUREON P,2020,4,false,952.000,238,169746.66
FFSU,AR,00310654004,BYDUREON B,2020,4,true,,,
MCOU,AR,00310654004,BYDUREON B,2020,4,true,,,
FFSU,AR,00310653004,BYDUREON P,2020,3,false,804.000,201,142822.15
MCOU,AR,00310653004,BYDUREON P,2020,3,false,84.000,21,15257.78
FFSU,AR,00310654004,BYDUREON B,2020,3,true,,,
MCOU,AR,00310654004,BYDUREON B,2020,3,true,,,
FFSU,AR,00310653004,BYDUREON P,2020,2,false,776.000,194,135680.62
MCOU,AR,00310653004,BYDUREON P,2020,2,false,88.000,22,15685.56
MCOU,AR,00310654004,BYDUREON B,2020,2,true,,,
FFSU,AR,00310654004,BYDUREON B,2020,2,true,,,
FFSU,AR,00310653004,BYDUREON P,2020,1,false,657.000,165,113908.91
MCOU,AR,00310653004,BYDUREON P,2020,1,false,96.000,24,17090.77
MCOU,AR,00310654004,BYDUREON B,2020,1,true,,,
FFSU,AR,00310654004,BYDUREON B,2020,1,true,,,
MCOU,AZ,00310653004,BYDUREON P,2020,4,false,9388.000,2111,1668524.89
FFSU,AZ,00310653004,BYDUREON P,2020,4,false,52.000,13,9084.32
FFSU,AZ,00310654004,BYDUREON B,2020,4,true,,,
MCOU,AZ,00310654004,BYDUREON B,2020,4,false,533.800,133,111330.57
MCOU,AZ,00310652004,BYDUREON  ,2020,3,true,,,
MCOU,AZ,00310653001,BYDUREON P,2020,3,true,,,
FFSU,AZ,00310653004,BYDUREON P,2020,3,true,,,
MCOU,AZ,00310653004,BYDUREON P,2020,3,false,8874.000,2027,1576852.96
MCOU,AZ,00310654004,BYDUREON B,2020,3,false,510.000,130,106461.46
FFSU,AZ,00310654004,BYDUREON B,2020,3,true,,,
MCOU,AZ,00310652004,BYDUREON  ,2020,2,true,,,
MCOU,AZ,00310653001,BYDUREON P,2020,2,true,,,
FFSU,AZ,00310653004,BYDUREON P,2020,2,true,,,
MCOU,AZ,00310653004,BYDUREON P,2020,2,false,8506.000,1974,1482028.52
MCOU,AZ,00310654004,BYDUREON B,2020,2,false,527.000,132,108063.62
FFSU,AZ,00310654004,BYDUREON B,2020,2,true,,,
MCOU,AZ,00310652004,BYDUREON  ,2020,1,true,,,
FFSU,AZ,00310653004,BYDUREON P,2020,1,false,52.000,13,9173.58
MCOU,AZ,00310653004,BYDUREON P,2020,1,false,7242.000,1733,1266890.03
FFSU,AZ,00310654004,BYDUREON B,2020,1,true,,,
MCOU,AZ,00310654004,BYDUREON B,2020,1,false,516.800,146,105579.83
FFSU,CA,00310652004,BYDUREON 2,2020,4,true,,,
MCOU,CA,00310652004,BYDUREON 2,2020,4,true,,,
MCOU,CA,00310653004,BYDUREON P,2020,4,false,5368.000,1307,926594.02
FFSU,CA,00310653004,BYDUREON P,2020,4,false,6383.000,1270,1178323.82
FFSU,CA,00310654001,BYDUREON B,2020,4,true,,,
MCOU,CA,00310654001,BYDUREON B,2020,4,false,84.400,22,16768.37
FFSU,CA,00310654004,BYDUREON B,2020,4,false,6264.500,1455,1408958.90
MCOU,CA,00310654004,BYDUREON B,2020,4,false,5939.100,1675,1225799.13
FFSU,CA,00310653004,BYDUREON P,2020,3,false,6224.000,1270,1149992.35
MCOU,CA,00310653004,BYDUREON P,2020,3,false,5629.000,1358,969846.71
MCOU,CA,00310654001,BYDUREON B,2020,3,false,86.800,22,17131.82
FFSU,CA,00310654001,BYDUREON B,2020,3,true,,,
FFSU,CA,00310654004,BYDUREON B,2020,3,false,5832.900,1414,1307540.31
MCOU,CA,00310654004,BYDUREON B,2020,3,false,6321.800,1795,1317674.48
FFSU,CA,00310652004,BYDUREON 2,2020,2,true,,,
MCOU,CA,00310652004,BYDUREON 2,2020,2,true,,,
MCOU,CA,00310653004,BYDUREON P,2020,2,false,6305.000,1509,1027789.96
FFSU,CA,00310653004,BYDUREON P,2020,2,false,6605.000,1377,1197031.34
MCOU,CA,00310654001,BYDUREON B,2020,2,false,132.200,35,25935.12
FFSU,CA,00310654001,BYDUREON B,2020,2,true,,,
FFSU,CA,00310654004,BYDUREON B,2020,2,false,6345.350,1612,1400556.87
MCOU,CA,00310654004,BYDUREON B,2020,2,false,6307.750,1814,1283968.35
FFSU,CA,00310652004,BYDUREON 2,2020,1,true,,,
MCOU,CA,00310652004,BYDUREON 2,2020,1,true,,,
MCOU,CA,00310653001,BYDUREON P,2020,1,true,,,
MCOU,CA,00310653004,BYDUREON P,2020,1,false,7349.000,1743,1159127.86
FFSU,CA,00310653004,BYDUREON P,2020,1,false,6606.000,1382,1188379.97
FFSU,CA,00310654001,BYDUREON B,2020,1,true,,,
MCOU,CA,00310654001,BYDUREON B,2020,1,false,94.000,25,17521.35
FFSU,CA,00310654004,BYDUREON B,2020,1,false,5862.900,1590,1286881.54
MCOU,CA,00310654004,BYDUREON B,2020,1,false,6370.150,1800,1237076.59
FFSU,CO,00310653004,BYDUREON P,2020,4,false,10300.000,1884,1830397.34
MCOU,CO,00310653004,BYDUREON P,2020,4,false,156.000,33,27832.49
MCOU,CO,00310654004,BYDUREON B,2020,4,false,61.200,18,12868.19
FFSU,CO,00310654004,BYDUREON B,2020,4,false,221.000,53,46421.51
MCOU,CO,00310653004,BYDUREON P,2020,3,false,232.000,56,41559.79
FFSU,CO,00310653004,BYDUREON P,2020,3,false,9840.000,1828,1753436.62
FFSU,CO,00310654004,BYDUREON B,2020,3,false,210.800,52,44489.72
MCOU,CO,00310654004,BYDUREON B,2020,3,false,91.800,27,19411.95
MCOU,CO,00310653004,BYDUREON P,2020,2,false,256.000,62,43282.57
FFSU,CO,00310653004,BYDUREON P,2020,2,false,9356.000,1774,1643992.71
MCOU,CO,00310654004,BYDUREON B,2020,2,false,105.400,31,22025.61
FFSU,CO,00310654004,BYDUREON B,2020,2,false,166.600,41,34799.37
FFSU,CO,00310652004,BYDUREON  ,2020,1,true,,,
FFSU,CO,00310653004,BYDUREON P,2020,1,false,9118.000,1718,1593186.44
MCOU,CO,00310653004,BYDUREON P,2020,1,false,252.000,63,44365.28
MCOU,CO,00310654004,BYDUREON B,2020,1,false,85.000,25,17793.70
FFSU,CO,00310654004,BYDUREON B,2020,1,false,166.600,40,34759.62
FFSU,CT,00310653004,BYDUREON P,2020,4,false,1549.154,320,276652.75
FFSU,CT,00310654004,BYDUREON B,2020,4,false,440.300,91,92225.23
FFSU,CT,00310652004,Bydureon 2,2020,3,true,,,
FFSU,CT,00310653004,BYDUREON P,2020,3,false,1688.308,335,299975.60
FFSU,CT,00310654004,BYDUREON B,2020,3,false,452.200,91,94252.87
FFSU,CT,00310652004,Bydureon 2,2020,2,true,,,
FFSU,CT,00310653004,BYDUREON P,2020,2,false,1492.000,310,261336.69
FFSU,CT,00310654004,BYDUREON B,2020,2,false,423.300,89,87039.45
FFSU,CT,00310653004,BYDUREON P,2020,1,false,1786.000,374,310176.23
FFSU,CT,00310654004,BYDUREON B,2020,1,false,418.200,100,85170.92
FFSU,DC,00310653004,BYDUREON 2,2020,4,false,292.000,66,52242.48
MCOU,DC,00310653004,BYDUREON 2,2020,4,false,917.000,214,161658.19
MCOU,DC,00310654004,BYDUREON B,2020,4,false,69.100,18,12570.98
FFSU,DC,00310654004,BYDUREON B,2020,4,true,,,
MCOU,DC,00310652004,BYDUREON 2,2020,3,true,,,
FFSU,DC,00310653004,BYDUREON 2,2020,3,false,1272.000,304,226888.87
MCOU,DC,00310653004,BYDUREON 2,2020,3,false,188.000,47,34046.93
MCOU,DC,00310654004,BYDUREON B,2020,3,true,,,
FFSU,DC,00310654004,BYDUREON B,2020,3,true,,,
MCOU,DC,00310653001,BYDUREON 2,2020,2,true,,,
FFSU,DC,00310653004,BYDUREON 2,2020,2,false,1340.000,329,235397.87
MCOU,DC,00310653004,BYDUREON 2,2020,2,false,192.000,48,34125.72
MCOU,DC,00310654001,BYDUREON B,2020,2,true,,,
MCOU,DC,00310654004,BYDUREON B,2020,2,true,,,
FFSU,DC,00310654004,BYDUREON B,2020,2,true,,,
MCOU,DC,00310653001,BYDUREON 2,2020,1,true,,,
FFSU,DC,00310653004,BYDUREON 2,2020,1,false,1319.000,329,230663.10
MCOU,DC,00310653004,BYDUREON 2,2020,1,false,136.000,34,24090.03
FFSU,DC,00310654004,BYDUREON B,2020,1,false,37.400,11,7669.83
MCOU,DC,00310654004,BYDUREON B,2020,1,true,,,
MCOU,DE,00310653004,Bydureon P,2020,4,false,2038.000,509,364179.65
MCOU,DE,00310654004,BYDUREON B,2020,4,false,750.600,219,157787.91
MCOU,DE,00310653004,BYDUREON P,2020,3,false,2072.000,518,370227.15
FFSU,DE,00310653004,Bydureon P,2020,3,true,,,
MCOU,DE,00310654004,BYDUREON B,2020,3,false,810.450,235,169859.82
FFSU,DE,00310653004,Bydureon P,2020,2,true,,,
MCOU,DE,00310653004,BYDUREON P,2020,2,false,2300.000,575,405133.17
MCOU,DE,00310654004,BYDUREON B,2020,2,false,989.000,289,203746.26
MCOU,DE,00310652004,Bydureon 2,2020,1,true,,,
FFSU,DE,00310653004,Bydureon P,2020,1,true,,,
MCOU,DE,00310653004,BYDUREON P,2020,1,false,2287.000,571,399356.27
MCOU,DE,00310654004,BYDUREON B,2020,1,false,1054.600,308,216113.88
MCOU,FL,00310652004,BYDUREON  ,2020,4,true,,,
MCOU,FL,00310653001,BYDUREON P,2020,4,true,,,
FFSU,FL,00310653004,BYDUREON P,2020,4,false,1248.000,314,223353.18
MCOU,FL,00310653004,BYDUREON P,2020,4,false,20531.000,5067,3612070.17
FFSU,FL,00310654004,BYDUREON B,2020,4,true,,,
MCOU,FL,00310654004,BYDUREON B,2020,4,false,686.800,188,142521.56
MCOU,FL,00310652004,BYDUREON  ,2020,3,true,,,
MCOU,FL,00310653001,BYDUREON P,2020,3,true,,,
MCOU,FL,00310653004,BYDUREON P,2020,3,false,18464.000,4553,3251193.25
FFSU,FL,00310653004,BYDUREON P,2020,3,false,1296.000,325,229997.51
FFSU,FL,00310654004,BYDUREON B,2020,3,true,,,
MCOU,FL,00310654004,BYDUREON B,2020,3,false,615.400,177,127223.03
MCOU,FL,00310652004,BYDUREON  ,2020,2,true,,,
MCOU,FL,00310653001,BYDUREON P,2020,2,true,,,
MCOU,FL,00310653004,BYDUREON P,2020,2,false,16407.000,4011,2830738.53
FFSU,FL,00310653004,BYDUREON P,2020,2,false,1272.000,318,221952.59
MCOU,FL,00310654004,BYDUREON B,2020,2,false,575.200,170,115591.61
FFSU,FL,00310654004,BYDUREON B,2020,2,false,37.500,11,7740.58
MCOU,FL,00310652004,BYDUREON  ,2020,1,true,,,
MCOU,FL,00310653001,BYDUREON P,2020,1,true,,,
MCOU,FL,00310653004,BYDUREON P,2020,1,false,14560.000,3628,2522704.19
FFSU,FL,00310653004,BYDUREON P,2020,1,false,999.000,249,173797.95
MCOU,FL,00310654004,BYDUREON B,2020,1,false,537.300,159,107854.05
FFSU,FL,00310654004,BYDUREON B,2020,1,false,57.900,17,11810.64
FFSU,GA,00310653004,BYDUREON P,2020,4,false,2756.000,649,492932.64
MCOU,GA,00310653004,BYDUREON P,2020,4,false,704.000,174,126353.81
FFSU,GA,00310654004,BYDUREON B,2020,4,false,122.400,34,25757.26
MCOU,GA,00310654004,BYDUREON B,2020,4,false,626.450,185,131483.28
FFSU,GA,00310653001,BYDUREON P,2020,3,true,,,
MCOU,GA,00310653004,BYDUREON P,2020,3,false,632.000,158,112030.13
FFSU,GA,00310653004,BYDUREON P,2020,3,false,2498.000,600,445822.04
FFSU,GA,00310654004,BYDUREON B,2020,3,false,173.400,47,36352.49
MCOU,GA,00310654004,BYDUREON B,2020,3,false,625.600,184,129616.00
FFSU,GA,00310652004,BYDUREON  ,2020,2,true,,,
MCOU,GA,00310652004,BYDUREON  ,2020,2,true,,,
FFSU,GA,00310653004,BYDUREON P,2020,2,false,2437.000,599,427674.17
MCOU,GA,00310653004,BYDUREON P,2020,2,false,660.000,165,114117.33
MCOU,GA,00310654004,BYDUREON B,2020,2,false,530.400,154,106902.19
FFSU,GA,00310654004,BYDUREON B,2020,2,false,125.800,35,25889.80
FFSU,GA,00310652004,BYDUREON  ,2020,1,true,,,
FFSU,GA,00310653004,BYDUREON P,2020,1,false,2154.000,539,375661.07
MCOU,GA,00310653004,BYDUREON P,2020,1,false,604.000,151,110846.25
FFSU,GA,00310654004,BYDUREON B,2020,1,false,105.400,31,21667.25
MCOU,GA,00310654004,BYDUREON B,2020,1,false,506.600,149,105864.05
MCOU,HI,00310653004,BYDUREON 2,2020,4,false,204.000,51,36916.31
MCOU,HI,00310654004,BYDUREON B,2020,4,false,180.200,53,37556.27
MCOU,HI,00310653004,BYDUREON 2,2020,3,false,140.000,35,25169.32
MCOU,HI,00310654004,BYDUREON B,2020,3,false,136.000,40,28544.84
MCOU,HI,00310653004,BYDUREON 2,2020,2,false,168.000,42,28954.01
MCOU,HI,00310654004,BYDUREON B,2020,2,false,153.000,45,32070.87
MCOU,HI,00310653004,BYDUREON 2,2020,1,false,144.000,36,25318.51
MCOU,HI,00310654004,BYDUREON B,2020,1,false,142.800,42,29907.51
MCOU,IA,00310653004,Bydureon P,2020,4,false,2917.000,663,518919.35
FFSU,IA,00310653004,Bydureon P,2020,4,true,,,
MCOU,IA,00310654004,BYDUREON B,2020,4,false,729.650,192,152998.24
MCOU,IA,00310653004,Bydureon P,2020,3,false,2971.000,691,529855.48
FFSU,IA,00310653004,Bydureon P,2020,3,true,,,
MCOU,IA,00310654004,BYDUREON B,2020,3,false,629.000,176,131515.34
MCOU,IA,00310653004,Bydureon P,2020,2,false,1128.000,265,194345.22
FFSU,IA,00310653004,Bydureon P,2020,2,true,,,
MCOU,IA,00310654004,BYDUREON B,2020,2,false,341.200,92,69549.02
FFSU,IA,00310653004,Bydureon P,2020,1,true,,,
MCOU,IA,00310653004,Bydureon P,2020,1,false,2730.000,677,476798.00
FFSU,IA,00310654004,BYDUREON B,2020,1,true,,,
MCOU,IA,00310654004,BYDUREON B,2020,1,false,649.400,189,132271.31
FFSU,ID,00310653004,BYDUREON P,2020,4,false,1705.000,421,305427.59
FFSU,ID,00310654004,BYDUREON B,2020,4,false,377.400,109,79524.93
FFSU,ID,00310653004,BYDUREON P,2020,3,false,1977.000,489,353318.86
FFSU,ID,00310654004,BYDUREON B,2020,3,false,391.000,115,82241.59
FFSU,ID,00310653004,BYDUREON P,2020,2,false,2130.000,519,374118.71
FFSU,ID,00310654004,BYDUREON B,2020,2,false,319.600,94,66159.36
FFSU,ID,00310653004,BYDUREON P,2020,1,false,1776.000,442,310679.91
FFSU,ID,00310654004,BYDUREON B,2020,1,false,245.650,73,50621.64
MCOU,IL,00310653004,Bydureon P,2020,4,false,1197.000,250,222332.11
FFSU,IL,00310653004,Bydureon P,2020,4,true,,,
FFSU,IL,00310654004,BYDUREON B,2020,4,true,,,
MCOU,IL,00310654004,BYDUREON B,2020,4,false,979.200,249,221447.81
MCOU,IL,00310653004,Bydureon P,2020,3,false,1568.000,330,293730.40
FFSU,IL,00310653004,Bydureon P,2020,3,true,,,
MCOU,IL,00310654004,BYDUREON B,2020,3,false,1128.800,284,255556.96
FFSU,IL,00310654004,BYDUREON B,2020,3,true,,,
FFSU,IL,00310653004,Bydureon P,2020,2,true,,,
MCOU,IL,00310653004,Bydureon P,2020,2,false,1612.000,348,301755.04
FFSU,IL,00310654004,BYDUREON B,2020,2,true,,,
MCOU,IL,00310654004,BYDUREON B,2020,2,false,1116.500,293,252028.68
MCOU,IL,00310652004,Bydureon 2,2020,1,true,,,
MCOU,IL,00310653004,Bydureon P,2020,1,false,1854.000,414,352274.79
FFSU,IL,00310653004,Bydureon P,2020,1,true,,,
MCOU,IL,00310654001,BYDUREON B,2020,1,true,,,
MCOU,IL,00310654004,BYDUREON B,2020,1,false,1201.400,312,288081.21
FFSU,IL,00310654004,BYDUREON B,2020,1,true,,,
MCOU,IN,00310653004,Bydureon P,2020,4,false,1888.000,459,333264.17
FFSU,IN,00310653004,Bydureon P,2020,4,false,946.000,214,169099.43
MCOU,IN,00310654001,BYDUREON B,2020,4,true,,,
MCOU,IN,00310654004,BYDUREON B,2020,4,false,2689.500,766,557539.71
FFSU,IN,00310654004,BYDUREON B,2020,4,false,44.200,13,9306.96
MCOU,IN,00310652004,Bydureon 2,2020,3,true,,,
MCOU,IN,00310653004,Bydureon P,2020,3,false,1950.000,474,339177.42
FFSU,IN,00310653004,Bydureon P,2020,3,false,1007.000,236,179550.07
MCOU,IN,00310654004,BYDUREON B,2020,3,false,2686.000,767,550591.65
FFSU,IN,00310654004,BYDUREON B,2020,3,false,40.800,12,8577.20
FFSU,IN,00310653004,Bydureon P,2020,2,false,949.000,211,165029.18
MCOU,IN,00310653004,Bydureon P,2020,2,false,1948.000,478,333046.40
FFSU,IN,00310654004,BYDUREON B,2020,2,false,40.800,12,8424.96
MCOU,IN,00310654004,BYDUREON B,2020,2,false,2401.850,694,485887.44
MCOU,IN,00310653004,Bydureon P,2020,1,false,1936.000,479,331289.59
FFSU,IN,00310653004,Bydureon P,2020,1,false,800.000,190,137584.37
FFSU,IN,00310654004,BYDUREON B,2020,1,false,47.600,14,9768.70
MCOU,IN,00310654004,BYDUREON B,2020,1,false,2168.700,623,439673.74
MCOU,KS,00310653004,Bydureon P,2020,4,false,988.000,243,177444.27
MCOU,KS,00310654004,BYDUREON B,2020,4,false,85.000,25,17931.50
MCOU,KS,00310653004,Bydureon P,2020,3,false,1116.000,273,200070.14
MCOU,KS,00310654004,BYDUREON B,2020,3,false,88.400,26,18613.76
MCOU,KS,00310653004,Bydureon P,2020,2,false,992.000,246,174717.03
MCOU,KS,00310654004,BYDUREON B,2020,2,false,85.000,25,17579.50
MCOU,KS,00310653004,Bydureon P,2020,1,false,1015.400,254,177967.06
MCOU,KS,00310654004,BYDUREON B,2020,1,false,82.450,25,16983.24
FFSU,KY,00310653004,BYDUREON P,2020,4,false,977.400,227,174736.09
MCOU,KY,00310653004,BYDUREON P,2020,4,false,2104.000,524,393060.33
MCOU,KY,00310654001,BYDUREON B,2020,4,true,,,
FFSU,KY,00310654004,BYDUREON B,2020,4,false,268.600,74,56460.84
MCOU,KY,00310654004,BYDUREON B,2020,4,false,5491.850,1608,1207562.30
MCOU,KY,00310652004,BYDUREON  ,2020,3,true,,,
MCOU,KY,00310653004,BYDUREON P,2020,3,false,2252.000,563,418111.03
FFSU,KY,00310653004,BYDUREON P,2020,3,false,984.000,221,173077.29
MCOU,KY,00310654001,BYDUREON B,2020,3,true,,,
MCOU,KY,00310654004,BYDUREON B,2020,3,false,4926.600,1451,1078064.51
FFSU,KY,00310654004,BYDUREON B,2020,3,false,205.700,71,43247.32
MCOU,KY,00310652004,BYDUREON  ,2020,2,true,,,
FFSU,KY,00310653004,BYDUREON P,2020,2,false,466.000,114,81799.47
MCOU,KY,00310653004,BYDUREON P,2020,2,false,1924.000,483,352464.30
MCOU,KY,00310654001,BYDUREON B,2020,2,true,,,
FFSU,KY,00310654004,BYDUREON B,2020,2,false,95.200,37,19758.48
MCOU,KY,00310654004,BYDUREON B,2020,2,false,1762.900,520,379439.31
MCOU,KY,00310652004,BYDUREON  ,2020,1,true,,,
FFSU,KY,00310653004,BYDUREON P,2020,1,false,434.000,108,75337.86
MCOU,KY,00310653004,BYDUREON P,2020,1,false,2496.000,627,457028.64
MCOU,KY,00310654001,BYDUREON B,2020,1,true,,,
FFSU,KY,00310654004,BYDUREON B,2020,1,false,104.550,42,21338.02
MCOU,KY,00310654004,BYDUREON B,2020,1,false,2332.400,687,501719.31
MCOU,LA,00310653001,BYDUREON P,2020,4,true,,,
FFSU,LA,00310653004,BYDUREON P,2020,4,false,120.000,30,21485.96
MCOU,LA,00310653004,BYDUREON P,2020,4,false,11598.200,2727,2114625.27
FFSU,LA,00310654004,BYDUREON B,2020,4,true,,,
MCOU,LA,00310654004,BYDUREON B,2020,4,false,914.600,267,194466.41
MCOU,LA,00310652004,BYDUREON  ,2020,3,true,,,
MCOU,LA,00310653001,BYDUREON P,2020,3,true,,,
FFSU,LA,00310653004,BYDUREON P,2020,3,false,152.000,36,27127.55
MCOU,LA,00310653004,BYDUREON P,2020,3,false,10602.000,2506,1928358.00
FFSU,LA,00310654004,BYDUREON B,2020,3,true,,,
MCOU,LA,00310654004,BYDUREON B,2020,3,false,724.200,211,153458.60
MCOU,LA,00310652004,BYDUREON  ,2020,2,true,,,
FFSU,LA,00310653004,BYDUREON P,2020,2,false,180.000,45,31564.99
MCOU,LA,00310653004,BYDUREON P,2020,2,false,9908.000,2378,1770288.54
MCOU,LA,00310654001,BYDUREON B,2020,2,true,,,
MCOU,LA,00310654004,BYDUREON B,2020,2,false,703.800,205,144884.55
FFSU,LA,00310654004,BYDUREON B,2020,2,true,,,
MCOU,LA,00310652004,BYDUREON  ,2020,1,true,,,
MCOU,LA,00310653001,BYDUREON P,2020,1,true,,,
MCOU,LA,00310653004,BYDUREON P,2020,1,false,9420.000,2277,1684863.39
FFSU,LA,00310653004,BYDUREON P,2020,1,false,148.000,37,25761.84
MCOU,LA,00310654001,BYDUREON B,2020,1,true,,,
FFSU,LA,00310654004,BYDUREON B,2020,1,true,,,
MCOU,LA,00310654004,BYDUREON B,2020,1,false,690.200,199,144540.99
FFSU,MA,00310653004,BYDUREON 2,2020,4,false,1008.000,221,179821.51
MCOU,MA,00310653004,BYDUREON 2,2020,4,false,172.000,43,31971.05
MCOU,MA,00310654004,BYDUREON B,2020,4,false,81.600,24,17778.04
FFSU,MA,00310654004,BYDUREON B,2020,4,false,105.400,31,22104.14
MCOU,MA,00310653004,BYDUREON 2,2020,3,false,272.000,63,50341.04
FFSU,MA,00310653004,BYDUREON 2,2020,3,false,1132.000,256,201119.94
MCOU,MA,00310654004,BYDUREON B,2020,3,false,102.000,30,22318.06
FFSU,MA,00310654004,BYDUREON B,2020,3,false,273.700,79,57166.47
FFSU,MA,00310652004,BYDUREON 2,2020,2,true,,,
FFSU,MA,00310653004,BYDUREON 2,2020,2,false,1263.000,290,221046.90
MCOU,MA,00310653004,BYDUREON 2,2020,2,false,252.000,60,45795.46
FFSU,MA,00310654004,BYDUREON B,2020,2,false,314.500,93,64727.54
MCOU,MA,00310654004,BYDUREON B,2020,2,false,74.800,22,16130.80
FFSU,MA,00310652004,BYDUREON 2,2020,1,true,,,
MCOU,MA,00310653004,BYDUREON 2,2020,1,false,244.000,59,44134.45
FFSU,MA,00310653004,BYDUREON 2,2020,1,false,1504.000,378,260467.24
MCOU,MA,00310654004,BYDUREON B,2020,1,false,112.200,33,24040.79
FFSU,MA,00310654004,BYDUREON B,2020,1,false,282.200,83,57409.74
FFSU,MD,00310653004,BYDUREON 2,2020,4,false,43.000,13,7721.24
MCOU,MD,00310653004,BYDUREON 2,2020,4,false,122.000,30,22234.58
MCOU,MD,00310654004,BYDUREON B,2020,4,false,142.800,42,30644.72
FFSU,MD,00310654004,BYDUREON B,2020,4,true,,,
MCOU,MD,00310653004,BYDUREON 2,2020,3,false,120.000,30,22019.75
FFSU,MD,00310653004,BYDUREON 2,2020,3,false,80.000,18,14245.85
MCOU,MD,00310654004,BYDUREON B,2020,3,false,95.200,28,20146.90
FFSU,MD,00310654004,BYDUREON B,2020,3,true,,,
MCOU,MD,00310653004,BYDUREON 2,2020,2,false,120.000,30,21059.88
FFSU,MD,00310653004,BYDUREON 2,2020,2,false,88.000,20,15419.36
MCOU,MD,00310654004,BYDUREON B,2020,2,false,115.600,34,24114.76
MCOU,MD,00310653004,BYDUREON 2,2020,1,false,152.000,34,27115.30
FFSU,MD,00310653004,BYDUREON 2,2020,1,false,110.000,33,19208.59
MCOU,MD,00310654004,BYDUREON B,2020,1,false,129.200,38,26827.45
FFSU,MD,00310654004,BYDUREON B,2020,1,true,,,
MCOU,MI,00310653001,BYDUREON P,2020,4,true,,,
FFSU,MI,00310653004,BYDUREON P,2020,4,false,440.000,98,78342.80
MCOU,MI,00310653004,BYDUREON P,2020,4,false,5710.000,1395,1015283.93
FFSU,MI,00310654004,BYDUREON B,2020,4,true,,,
MCOU,MI,00310654004,BYDUREON B,2020,4,false,132.600,38,28122.10
MCOU,MI,00310653004,BYDUREON P,2020,3,false,432.000,108,76360.31
FFSU,MI,00310653004,BYDUREON P,2020,3,false,448.000,94,79442.46
MCOU,MI,00310654004,BYDUREON B,2020,3,false,74.800,22,15773.01
FFSU,MI,00310654004,BYDUREON B,2020,3,true,,,
MCOU,MI,00310653004,BYDUREON P,2020,2,false,288.000,72,50234.74
FFSU,MI,00310653004,BYDUREON P,2020,2,false,470.000,104,79433.52
MCOU,MI,00310654004,BYDUREON B,2020,2,false,54.400,16,11255.46
FFSU,MI,00310654004,BYDUREON B,2020,2,true,,,
MCOU,MI,00310653004,BYDUREON P,2020,1,false,324.000,81,56361.09
FFSU,MI,00310653004,BYDUREON P,2020,1,false,450.000,97,75021.69
MCOU,MI,00310654004,BYDUREON B,2020,1,false,61.200,18,12624.27
FFSU,MI,00310654004,BYDUREON B,2020,1,true,,,
MCOU,MN,00310652004,BYDUREON  ,2020,4,true,,,
FFSU,MN,00310653004,BYDUREON P,2020,4,false,448.000,112,81620.00
MCOU,MN,00310653004,BYDUREON P,2020,4,false,8321.000,1845,1534303.03
MCOU,MN,00310654004,BYDUREON B,2020,4,false,435.200,107,95713.07
FFSU,MN,00310654004,BYDUREON B,2020,4,true,,,
MCOU,MN,00310652004,BYDUREON  ,2020,3,true,,,
FFSU,MN,00310653004,BYDUREON P,2020,3,false,436.000,109,78055.67
MCOU,MN,00310653004,BYDUREON P,2020,3,false,7420.000,1687,1369126.25
MCOU,MN,00310654004,BYDUREON B,2020,3,false,350.200,93,77021.40
FFSU,MN,00310654004,BYDUREON B,2020,3,true,,,
MCOU,MN,00310652004,BYDUREON  ,2020,2,true,,,
MCOU,MN,00310653004,BYDUREON P,2020,2,false,6413.000,1543,1152682.18
FFSU,MN,00310653004,BYDUREON P,2020,2,false,412.000,103,70897.22
FFSU,MN,00310654004,BYDUREON B,2020,2,true,,,
MCOU,MN,00310654004,BYDUREON B,2020,2,false,360.400,98,77056.34
MCOU,MN,00310652004,BYDUREON  ,2020,1,true,,,
FFSU,MN,00310652004,BYDUREON  ,2020,1,true,,,
FFSU,MN,00310653004,BYDUREON P,2020,1,false,600.000,150,102260.39
MCOU,MN,00310653004,BYDUREON P,2020,1,false,6048.000,1510,1084052.54
FFSU,MN,00310654004,BYDUREON B,2020,1,true,,,
MCOU,MN,00310654004,BYDUREON B,2020,1,false,360.400,106,76187.44
FFSU,MO,00310653004,BYDUREON P,2020,4,false,7524.000,1877,1353055.22
FFSU,MO,00310654004,BYDUREON B,2020,4,false,333.200,98,69171.40
FFSU,MO,00310652004,BYDUREON  ,2020,3,true,,,
FFSU,MO,00310653004,BYDUREON P,2020,3,false,7684.000,1921,1374717.93
FFSU,MO,00310654004,BYDUREON B,2020,3,false,358.700,107,74097.39
FFSU,MO,00310652004,BYDUREON  ,2020,2,true,,,
FFSU,MO,00310653004,BYDUREON P,2020,2,false,6492.000,1623,1144990.52
FFSU,MO,00310654004,BYDUREON B,2020,2,false,275.400,81,55183.12
FFSU,MO,00310652004,BYDUREON  ,2020,1,true,,,
FFSU,MO,00310653004,BYDUREON P,2020,1,false,5940.000,1486,1036924.83
FFSU,MO,00310654004,BYDUREON B,2020,1,false,292.400,86,58690.79
MCOU,MS,00310652004,BYDUREON 2,2020,4,true,,,
MCOU,MS,00310653004,BYDUREON 2,2020,4,false,3064.000,766,549114.76
FFSU,MS,00310653004,BYDUREON 2,2020,4,false,616.000,154,110373.86
MCOU,MS,00310654004,BYDUREON B,2020,4,false,207.400,59,43697.95
FFSU,MS,00310654004,BYDUREON B,2020,4,true,,,
MCOU,MS,00310652004,BYDUREON 2,2020,3,true,,,
FFSU,MS,00310653004,BYDUREON 2,2020,3,false,580.000,145,103217.89
MCOU,MS,00310653004,BYDUREON 2,2020,3,false,2972.000,743,532272.66
MCOU,MS,00310654004,BYDUREON B,2020,3,false,156.400,46,32941.90
FFSU,MS,00310654004,BYDUREON B,2020,3,true,,,
MCOU,MS,00310652004,BYDUREON 2,2020,2,true,,,
MCOU,MS,00310653004,BYDUREON 2,2020,2,false,2822.000,704,495397.92
FFSU,MS,00310653004,BYDUREON 2,2020,2,false,568.000,142,100138.55
FFSU,MS,00310654004,BYDUREON B,2020,2,true,,,
MCOU,MS,00310654004,BYDUREON B,2020,2,false,234.600,69,48499.41
MCOU,MS,00310652004,BYDUREON 2,2020,1,true,,,
MCOU,MS,00310653004,BYDUREON 2,2020,1,false,2704.000,676,470718.13
FFSU,MS,00310653004,BYDUREON 2,2020,1,false,595.000,150,104629.00
FFSU,MS,00310654004,BYDUREON B,2020,1,true,,,
MCOU,MS,00310654004,BYDUREON B,2020,1,false,221.000,65,45486.45
FFSU,MT,00310653004,BYDUREON 2,2020,4,false,3397.000,790,608406.09
FFSU,MT,00310654004,BYDUREON B,2020,4,false,140.600,41,29411.70
FFSU,MT,00310652004,BYDUREON 2,2020,3,true,,,
FFSU,MT,00310653004,BYDUREON 2,2020,3,false,3328.000,802,593337.61
FFSU,MT,00310654004,BYDUREON B,2020,3,false,57.800,17,12013.11
FFSU,MT,00310652004,BYDUREON 2,2020,2,true,,,
FFSU,MT,00310653004,BYDUREON 2,2020,2,false,3334.000,823,583859.10
FFSU,MT,00310654004,BYDUREON B,2020,2,false,37.400,11,7690.50
FFSU,MT,00310652004,BYDUREON 2,2020,1,true,,,
FFSU,MT,00310653004,BYDUREON 2,2020,1,false,3132.000,783,543341.71
FFSU,MT,00310654004,BYDUREON B,2020,1,false,62.400,18,12704.34
FFSU,XX,00310652004,Bydureon 2,2020,4,true,,,
MCOU,XX,00310652004,Bydureon 2,2020,4,true,,,
MCOU,XX,00310653001,Bydureon P,2020,4,false,51.000,18,7986.20
FFSU,XX,00310653004,Bydureon P,2020,4,false,69609.754,15504,12459734.42
MCOU,XX,00310653004,Bydureon P,2020,4,false,124686.600,29436,22323759.94
FFSU,XX,00310654001,BYDUREON B,2020,4,true,,,
MCOU,XX,00310654001,BYDUREON B,2020,4,false,167.400,55,30348.36
FFSU,XX,00310654004,BYDUREON B,2020,4,false,13935.000,3536,3011832.43
MCOU,XX,00310654004,BYDUREON B,2020,4,false,44537.050,12593,9406804.27
FFSU,XX,00310652004,Bydureon 2,2020,3,false,60.000,15,9878.67
MCOU,XX,00310652004,Bydureon 2,2020,3,false,76.000,19,12304.55
FFSU,XX,00310653001,Bydureon P,2020,3,true,,,
MCOU,XX,00310653001,Bydureon P,2020,3,false,46.000,19,6737.34
FFSU,XX,00310653004,Bydureon P,2020,3,false,81808.508,18692,14558863.20
MCOU,XX,00310653004,Bydureon P,2020,3,false,112215.462,26632,20099675.20
FFSU,XX,00310654001,BYDUREON B,2020,3,true,,,
MCOU,XX,00310654001,BYDUREON B,2020,3,false,168.200,52,30721.63
FFSU,XX,00310654004,BYDUREON B,2020,3,false,15313.350,4024,3276623.10
MCOU,XX,00310654004,BYDUREON B,2020,3,false,43274.450,12298,9119543.95
FFSU,XX,00310652004,Bydureon 2,2020,2,false,68.000,17,11190.42
MCOU,XX,00310652004,Bydureon 2,2020,2,false,112.000,28,18681.79
MCOU,XX,00310653001,Bydureon P,2020,2,false,27.000,15,2940.93
FFSU,XX,00310653004,Bydureon P,2020,2,false,67021.400,15425,11765259.70
MCOU,XX,00310653004,Bydureon P,2020,2,false,104063.400,24898,18205179.08
FFSU,XX,00310654001,BYDUREON B,2020,2,true,,,
MCOU,XX,00310654001,BYDUREON B,2020,2,false,272.000,89,50666.43
FFSU,XX,00310654004,BYDUREON B,2020,2,false,12552.750,3349,2676601.13
MCOU,XX,00310654004,BYDUREON B,2020,2,false,41236.250,11804,8471729.14
FFSU,XX,66780021904,BYDUREON  ,2020,2,true,,,
FFSU,XX,00310652004,Bydureon 2,2020,1,false,124.000,31,20374.91
MCOU,XX,00310652004,Bydureon 2,2020,1,false,155.000,40,24585.38
MCOU,XX,00310653001,Bydureon P,2020,1,false,26.000,14,3262.99
FFSU,XX,00310653004,Bydureon P,2020,1,false,67653.000,15862,11800693.30
MCOU,XX,00310653004,Bydureon P,2020,1,false,102042.000,24851,17836763.39
FFSU,XX,00310654001,BYDUREON B,2020,1,true,,,
MCOU,XX,00310654001,BYDUREON B,2020,1,false,307.300,103,54379.33
FFSU,XX,00310654004,BYDUREON B,2020,1,false,11938.050,3319,2527169.84
MCOU,XX,00310654004,BYDUREON B,2020,1,false,41130.900,11841,8412776.95
FFSU,NC,00310652004,BYDUREON  ,2020,4,true,,,
FFSU,NC,00310653004,BYDUREON P,2020,4,false,10116.000,2258,1783781.70
FFSU,NC,00310654004,BYDUREON B,2020,4,false,1885.300,496,391632.47
FFSU,NC,00310652004,BYDUREON  ,2020,3,true,,,
FFSU,NC,00310653004,BYDUREON P,2020,3,false,19288.000,4508,3371272.64
FFSU,NC,00310654004,BYDUREON B,2020,3,false,3800.350,1025,781769.14
FFSU,NC,00310652004,BYDUREON  ,2020,2,true,,,
FFSU,NC,00310653004,BYDUREON P,2020,2,false,4904.000,1146,847530.22
FFSU,NC,00310654004,BYDUREON B,2020,2,false,875.500,245,177913.21
FFSU,NC,66780021904,BYDUREON  ,2020,2,true,,,
FFSU,NC,00310652004,BYDUREON  ,2020,1,true,,,
FFSU,NC,00310653004,BYDUREON P,2020,1,false,7364.000,1833,1262190.43
FFSU,NC,00310654004,BYDUREON B,2020,1,false,1287.750,388,260262.08
FFSU,ND,00310653004,BYDUREON 2,2020,4,false,912.000,228,163770.79
FFSU,ND,00310654004,BYDUREON B,2020,4,true,,,
FFSU,ND,00310653004,BYDUREON 2,2020,3,false,940.000,235,168375.49
FFSU,ND,00310654004,BYDUREON B,2020,3,true,,,
FFSU,ND,00310653004,BYDUREON 2,2020,2,false,864.000,216,152145.82
FFSU,ND,00310654004,BYDUREON B,2020,2,true,,,
FFSU,ND,00310653004,BYDUREON 2,2020,1,false,816.000,204,143024.97
FFSU,ND,00310654004,BYDUREON B,2020,1,true,,,
MCOU,NE,00310652004,Bydureon 2,2020,4,true,,,
MCOU,NE,00310653004,Bydureon P,2020,4,false,2300.000,548,427266.57
MCOU,NE,00310654001,BYDUREON B,2020,4,true,,,
MCOU,NE,00310654004,BYDUREON B,2020,4,false,149.400,46,35455.84
MCOU,NE,00310652004,Bydureon 2,2020,3,true,,,
MCOU,NE,00310653004,Bydureon P,2020,3,false,1804.000,430,333359.36
MCOU,NE,00310654001,BYDUREON B,2020,3,true,,,
MCOU,NE,00310654004,BYDUREON B,2020,3,false,112.200,31,24088.22
MCOU,NE,00310653004,Bydureon P,2020,2,false,1724.000,409,311290.18
MCOU,NE,00310654004,BYDUREON B,2020,2,false,122.400,36,25953.62
FFSU,NE,00310653004,Bydureon P,2020,1,true,,,
MCOU,NE,00310653004,Bydureon P,2020,1,false,1555.000,373,281234.02
MCOU,NE,00310654004,BYDUREON B,2020,1,false,150.200,42,29774.54
MCOU,NH,00310653004,BYDUREON P,2020,4,false,592.000,144,105371.97
MCOU,NH,00310654004,BYDUREON B,2020,4,false,404.600,117,82787.05
MCOU,NH,00310653004,BYDUREON P,2020,3,false,544.000,134,96810.58
MCOU,NH,00310654004,BYDUREON B,2020,3,false,404.600,113,80639.51
MCOU,NH,00310652004,BYDUREON  ,2020,2,true,,,
MCOU,NH,00310653004,BYDUREON P,2020,2,false,460.000,111,79548.02
MCOU,NH,00310654004,BYDUREON B,2020,2,false,370.600,109,75448.27
MCOU,NH,00310653004,BYDUREON P,2020,1,false,532.000,133,92928.32
MCOU,NH,00310654004,BYDUREON B,2020,1,false,353.600,104,70715.26
MCOU,NJ,00310653001,Bydureon P,2020,4,true,,,
MCOU,NJ,00310653004,Bydureon P,2020,4,false,4841.600,1211,880490.25
MCOU,NJ,00310654001,BYDUREON B,2020,4,true,,,
FFSU,NJ,00310654004,BYDUREON B,2020,4,true,,,
MCOU,NJ,00310654004,BYDUREON B,2020,4,false,8708.000,2556,1855227.08
MCOU,NJ,00310653001,Bydureon P,2020,3,true,,,
MCOU,NJ,00310653004,Bydureon P,2020,3,false,4782.600,1189,869643.74
MCOU,NJ,00310654001,BYDUREON B,2020,3,true,,,
FFSU,NJ,00310654004,BYDUREON B,2020,3,true,,,
MCOU,NJ,00310654004,BYDUREON B,2020,3,false,7487.650,2197,1588893.58
MCOU,NJ,00310653001,Bydureon P,2020,2,true,,,
MCOU,NJ,00310653004,Bydureon P,2020,2,false,4791.200,1194,854195.99
FFSU,NJ,00310653004,Bydureon P,2020,2,true,,,
MCOU,NJ,00310654001,BYDUREON B,2020,2,true,,,
FFSU,NJ,00310654004,BYDUREON B,2020,2,true,,,
MCOU,NJ,00310654004,BYDUREON B,2020,2,false,6597.700,1937,1366542.33
MCOU,NJ,00310653004,Bydureon P,2020,1,false,4875.400,1214,857609.88
FFSU,NJ,00310653004,Bydureon P,2020,1,true,,,
MCOU,NJ,00310654001,BYDUREON B,2020,1,true,,,
FFSU,NJ,00310654004,BYDUREON B,2020,1,false,37.400,11,7606.88
MCOU,NJ,00310654004,BYDUREON B,2020,1,false,6371.100,1857,1313120.45
MCOU,NM,00310653004,BYDUREON 2,2020,4,false,64.000,12,11929.05
FFSU,NM,00310653004,BYDUREON 2,2020,4,true,,,
MCOU,NM,00310654004,BYDUREON B,2020,4,true,,,
FFSU,NM,00310654004,BYDUREON B,2020,4,true,,,
MCOU,NM,00310653004,BYDUREON 2,2020,3,true,,,
FFSU,NM,00310653004,BYDUREON 2,2020,3,true,,,
MCOU,NM,00310654004,BYDUREON B,2020,3,true,,,
FFSU,NM,00310654004,BYDUREON B,2020,3,true,,,
FFSU,NM,00310653004,BYDUREON 2,2020,2,false,56.000,11,9797.50
MCOU,NM,00310653004,BYDUREON 2,2020,2,true,,,
MCOU,NM,00310654004,BYDUREON B,2020,2,true,,,
FFSU,NM,00310654004,BYDUREON B,2020,2,true,,,
FFSU,NM,00310653004,BYDUREON 2,2020,1,true,,,
FFSU,NM,00310654004,BYDUREON B,2020,1,true,,,
FFSU,NV,00310653004,Bydureon P,2020,4,false,300.000,29,53212.46
MCOU,NV,00310653004,Bydureon P,2020,4,false,140.000,30,24981.91
FFSU,NV,00310654004,BYDUREON B,2020,4,false,136.000,21,28431.17
MCOU,NV,00310654004,BYDUREON B,2020,4,false,377.400,109,68849.15
MCOU,NV,00310653004,Bydureon P,2020,3,false,136.000,32,24277.72
FFSU,NV,00310653004,Bydureon P,2020,3,false,292.000,32,51707.29
MCOU,NV,00310654004,BYDUREON B,2020,3,false,414.800,120,74510.01
FFSU,NV,00310654004,BYDUREON B,2020,3,false,71.400,13,14932.61
MCOU,NV,00310653004,Bydureon P,2020,2,false,136.000,32,14689.42
FFSU,NV,00310653004,Bydureon P,2020,2,false,296.000,35,51543.77
MCOU,NV,00310654004,BYDUREON B,2020,2,false,380.800,112,55526.54
FFSU,NV,00310654004,BYDUREON B,2020,2,false,146.200,25,29993.05
MCOU,NV,00310653004,Bydureon P,2020,1,false,176.000,42,29529.22
FFSU,NV,00310653004,Bydureon P,2020,1,false,312.000,40,53448.19
FFSU,NV,00310654004,BYDUREON B,2020,1,false,187.000,29,37520.48
MCOU,NV,00310654004,BYDUREON B,2020,1,false,319.600,94,50436.71
MCOU,NY,00310653001,BYDUREON P,2020,4,true,,,
FFSU,NY,00310653004,BYDUREON P,2020,4,false,929.400,216,166113.04
MCOU,NY,00310653004,BYDUREON P,2020,4,false,3266.000,730,566927.59
MCOU,NY,00310654001,BYDUREON B,2020,4,true,,,
FFSU,NY,00310654004,BYDUREON B,2020,4,false,336.600,87,70681.09
MCOU,NY,00310654004,BYDUREON B,2020,4,false,5176.500,1410,1056892.73
FFSU,NY,00310653004,BYDUREON P,2020,3,false,973.000,233,173379.37
MCOU,NY,00310653004,BYDUREON P,2020,3,false,3268.000,746,568850.16
MCOU,NY,00310654001,BYDUREON B,2020,3,true,,,
MCOU,NY,00310654004,BYDUREON B,2020,3,false,4758.300,1324,976297.00
FFSU,NY,00310654004,BYDUREON B,2020,3,false,285.600,73,59827.91
MCOU,NY,00310652004,BYDUREON  ,2020,2,true,,,
FFSU,NY,00310653004,BYDUREON P,2020,2,false,1123.400,265,196915.82
MCOU,NY,00310653004,BYDUREON P,2020,2,false,3458.000,793,591314.78
MCOU,NY,00310654001,BYDUREON B,2020,2,true,,,
MCOU,NY,00310654004,BYDUREON B,2020,2,false,4471.000,1221,901422.92
FFSU,NY,00310654004,BYDUREON B,2020,2,false,248.200,68,50824.44
MCOU,NY,00310652004,BYDUREON  ,2020,1,true,,,
FFSU,NY,00310652004,BYDUREON  ,2020,1,true,,,
MCOU,NY,00310653004,BYDUREON P,2020,1,false,3422.000,790,584650.54
FFSU,NY,00310653004,BYDUREON P,2020,1,false,1142.000,272,196583.96
MCOU,NY,00310654001,BYDUREON B,2020,1,false,73.900,22,14040.22
FFSU,NY,00310654004,BYDUREON B,2020,1,false,383.350,101,78749.82
MCOU,NY,00310654004,BYDUREON B,2020,1,false,4184.550,1152,843355.96
FFSU,OH,00310652004,Bydureon 2,2020,4,true,,,
MCOU,OH,00310653004,Bydureon P,2020,4,false,1686.000,407,304494.18
FFSU,OH,00310653004,Bydureon P,2020,4,false,278.000,67,47748.39
FFSU,OH,00310654004,BYDUREON B,2020,4,true,,,
MCOU,OH,00310654004,BYDUREON B,2020,4,false,1331.100,363,280532.19
FFSU,OH,00310653004,Bydureon P,2020,3,false,312.000,72,55196.01
MCOU,OH,00310653004,Bydureon P,2020,3,false,2016.000,488,363868.32
MCOU,OH,00310654001,BYDUREON B,2020,3,true,,,
FFSU,OH,00310654004,BYDUREON B,2020,3,true,,,
MCOU,OH,00310654004,BYDUREON B,2020,3,false,1520.650,434,322907.58
MCOU,OH,00310652004,Bydureon 2,2020,2,true,,,
MCOU,OH,00310653004,Bydureon P,2020,2,false,2392.000,586,419433.73
FFSU,OH,00310653004,Bydureon P,2020,2,false,377.000,98,65917.84
MCOU,OH,00310654001,BYDUREON B,2020,2,true,,,
MCOU,OH,00310654004,BYDUREON B,2020,2,false,1692.100,494,348377.55
FFSU,OH,00310654004,BYDUREON B,2020,2,false,47.600,14,9832.64
MCOU,OH,00310652004,Bydureon 2,2020,1,true,,,
MCOU,OH,00310653004,Bydureon P,2020,1,false,3004.000,751,529281.89
FFSU,OH,00310653004,Bydureon P,2020,1,false,648.000,152,109959.80
MCOU,OH,00310654001,BYDUREON B,2020,1,true,,,
FFSU,OH,00310654001,BYDUREON B,2020,1,true,,,
FFSU,OH,00310654004,BYDUREON B,2020,1,false,57.800,17,11748.02
MCOU,OH,00310654004,BYDUREON B,2020,1,false,2168.350,647,447686.93
FFSU,OK,00310653004,Bydureon P,2020,4,false,927.000,206,164826.18
FFSU,OK,00310654004,BYDUREON B,2020,4,true,,,
FFSU,OK,00310653004,Bydureon P,2020,3,false,888.000,208,157832.41
FFSU,OK,00310654004,BYDUREON B,2020,3,true,,,
FFSU,OK,00310653004,Bydureon P,2020,2,false,856.000,212,149308.73
FFSU,OK,00310654004,BYDUREON B,2020,2,true,,,
FFSU,OK,00310653004,Bydureon P,2020,1,false,728.000,178,126514.44
FFSU,OK,00310654004,BYDUREON B,2020,1,true,,,
MCOU,OR,00310653001,Bydureon P,2020,4,true,,,
FFSU,OR,00310653004,Bydureon P,2020,4,false,48.000,12,8579.40
MCOU,OR,00310653004,Bydureon P,2020,4,false,1496.000,369,268453.33
MCOU,OR,00310654001,BYDUREON B,2020,4,false,12.000,11,0.00
MCOU,OR,00310654004,BYDUREON B,2020,4,false,1139.000,333,240441.92
FFSU,OR,00310654004,BYDUREON B,2020,4,true,,,
MCOU,OR,00310653001,Bydureon P,2020,3,true,,,
MCOU,OR,00310653004,Bydureon P,2020,3,false,1661.462,403,297821.96
FFSU,OR,00310653004,Bydureon P,2020,3,false,48.000,12,8554.39
MCOU,OR,00310654001,BYDUREON B,2020,3,true,,,
FFSU,OR,00310654004,BYDUREON B,2020,3,true,,,
MCOU,OR,00310654004,BYDUREON B,2020,3,false,1115.500,327,234927.39
MCOU,OR,00310653001,Bydureon P,2020,2,false,11.000,11,96.25
FFSU,OR,00310653004,Bydureon P,2020,2,false,88.000,22,15400.44
MCOU,OR,00310653004,Bydureon P,2020,2,false,1496.000,371,262998.32
MCOU,OR,00310654001,BYDUREON B,2020,2,false,11.000,11,0.00
FFSU,OR,00310654004,BYDUREON B,2020,2,true,,,
MCOU,OR,00310654004,BYDUREON B,2020,2,false,1146.400,338,237824.90
MCOU,OR,00310653001,Bydureon P,2020,1,true,,,
FFSU,OR,00310653004,Bydureon P,2020,1,false,52.000,13,9032.39
MCOU,OR,00310653004,Bydureon P,2020,1,false,1742.000,435,306852.92
MCOU,OR,00310654001,BYDUREON B,2020,1,false,12.000,12,0.00
MCOU,OR,00310654004,BYDUREON B,2020,1,false,1386.700,409,287656.38
FFSU,OR,00310654004,BYDUREON B,2020,1,true,,,
FFSU,PA,00310653004,Bydureon P,2020,4,true,,,
MCOU,PA,00310653004,Bydureon P,2020,4,false,2105.000,482,378645.41
FFSU,PA,00310654004,BYDUREON B,2020,4,true,,,
MCOU,PA,00310654004,BYDUREON B,2020,4,false,173.400,47,36651.18
MCOU,PA,00310653004,Bydureon P,2020,3,false,2201.000,512,396431.76
FFSU,PA,00310653004,Bydureon P,2020,3,false,14.000,11,2504.87
MCOU,PA,00310654004,BYDUREON B,2020,3,false,210.800,54,44374.37
FFSU,PA,00310654004,BYDUREON B,2020,3,true,,,
MCOU,PA,00310652004,Bydureon 2,2020,2,true,,,
MCOU,PA,00310653004,Bydureon P,2020,2,false,2098.000,497,370890.67
FFSU,PA,00310653004,Bydureon P,2020,2,false,39.000,12,6829.32
MCOU,PA,00310654004,BYDUREON B,2020,2,false,215.050,60,44285.94
FFSU,PA,00310654004,BYDUREON B,2020,2,true,,,
FFSU,PA,00310653004,Bydureon P,2020,1,false,92.000,23,15676.34
MCOU,PA,00310653004,Bydureon P,2020,1,false,1858.000,422,327500.56
MCOU,PA,00310654004,BYDUREON B,2020,1,false,214.200,65,44368.55
FFSU,RI,00310653004,Bydureon P,2020,4,true,,,
MCOU,RI,00310653004,Bydureon P,2020,4,false,96.000,24,14699.72
FFSU,RI,00310654004,BYDUREON B,2020,4,true,,,
MCOU,RI,00310654004,BYDUREON B,2020,4,true,,,
FFSU,RI,00310653004,Bydureon P,2020,3,true,,,
MCOU,RI,00310653004,Bydureon P,2020,3,false,100.000,25,16106.62
MCOU,RI,00310654004,BYDUREON B,2020,3,true,,,
FFSU,RI,00310653004,Bydureon P,2020,2,true,,,
MCOU,RI,00310653004,Bydureon P,2020,2,false,76.000,19,11522.00
MCOU,RI,00310654004,BYDUREON B,2020,2,false,40.800,12,8541.82
FFSU,RI,00310652004,Bydureon 2,2020,1,true,,,
FFSU,RI,00310653004,Bydureon P,2020,1,true,,,
MCOU,RI,00310653004,Bydureon P,2020,1,false,56.000,14,7971.47
MCOU,RI,00310654004,BYDUREON B,2020,1,false,37.400,11,7128.35
FFSU,SC,00310652004,BYDUREON  ,2020,4,true,,,
FFSU,SC,00310653004,BYDUREON P,2020,4,false,88.000,22,15738.89
MCOU,SC,00310653004,BYDUREON P,2020,4,false,536.000,134,94754.96
MCOU,SC,00310654001,BYDUREON B,2020,4,true,,,
MCOU,SC,00310654004,BYDUREON B,2020,4,false,765.000,225,159080.27
FFSU,SC,00310654004,BYDUREON B,2020,4,false,132.600,39,27992.44
MCOU,SC,00310653004,BYDUREON P,2020,3,false,509.000,128,90319.36
FFSU,SC,00310653004,BYDUREON P,2020,3,false,116.000,29,20248.45
MCOU,SC,00310654004,BYDUREON B,2020,3,false,792.200,233,165682.78
FFSU,SC,00310654004,BYDUREON B,2020,3,false,98.600,29,21160.64
MCOU,SC,00310653004,BYDUREON P,2020,2,false,560.000,140,95942.14
FFSU,SC,00310653004,BYDUREON P,2020,2,false,100.000,25,18223.25
MCOU,SC,00310654004,BYDUREON B,2020,2,false,754.800,222,152060.49
FFSU,SC,00310654004,BYDUREON B,2020,2,false,108.800,32,23717.59
FFSU,SC,00310653004,BYDUREON P,2020,1,false,120.000,30,21680.46
MCOU,SC,00310653004,BYDUREON P,2020,1,false,586.000,147,100047.45
MCOU,SC,00310654001,BYDUREON B,2020,1,true,,,
MCOU,SC,00310654004,BYDUREON B,2020,1,false,690.200,201,137494.27
FFSU,SC,00310654004,BYDUREON B,2020,1,false,102.000,30,21868.46
FFSU,SD,00310653004,Bydureon P,2020,4,false,92.000,22,16459.11
FFSU,SD,00310654004,BYDUREON B,2020,4,false,156.400,45,32922.74
FFSU,SD,00310653004,Bydureon P,2020,3,false,124.000,31,22142.81
FFSU,SD,00310654004,BYDUREON B,2020,3,false,144.800,44,30306.92
FFSU,SD,00310653004,Bydureon P,2020,2,false,116.000,29,20364.67
FFSU,SD,00310654004,BYDUREON B,2020,2,false,119.000,35,24573.50
FFSU,SD,00310653004,Bydureon P,2020,1,false,104.000,26,18137.08
FFSU,SD,00310654004,BYDUREON B,2020,1,false,122.400,36,25154.76
FFSU,TN,00310653004,Bydureon P,2020,4,false,6667.000,1669,1191423.53
FFSU,TN,00310654004,BYDUREON B,2020,4,false,1637.100,480,344069.62
FFSU,TN,00310653004,Bydureon P,2020,3,false,7718.000,1930,1372152.71
FFSU,TN,00310654004,BYDUREON B,2020,3,false,1628.600,477,340565.36
FFSU,TN,00310653004,Bydureon P,2020,2,false,8503.000,2127,1489450.07
MCOU,TN,00310654001,BYDUREON B,2020,2,true,,,
FFSU,TN,00310654004,BYDUREON B,2020,2,false,1489.200,438,306790.14
FFSU,TN,00310652004,Bydureon 2,2020,1,true,,,
FFSU,TN,00310653004,Bydureon P,2020,1,false,8168.000,2038,1418673.85
FFSU,TN,00310654001,BYDUREON B,2020,1,true,,,
MCOU,TN,00310654001,BYDUREON B,2020,1,true,,,
FFSU,TN,00310654004,BYDUREON B,2020,1,false,863.600,254,177273.06
FFSU,TX,00310653004,BYDUREON 2,2020,4,true,,,
MCOU,TX,00310653004,BYDUREON 2,2020,4,false,10507.000,2420,1877157.34
FFSU,TX,00310654004,BYDUREON B,2020,4,true,,,
MCOU,TX,00310654004,BYDUREON B,2020,4,false,3349.850,925,704077.93
FFSU,TX,00310653004,BYDUREON 2,2020,3,true,,,
MCOU,TX,00310653004,BYDUREON 2,2020,3,false,9865.000,2281,1761671.02
FFSU,TX,00310654004,BYDUREON B,2020,3,true,,,
MCOU,TX,00310654004,BYDUREON B,2020,3,false,3289.500,911,691560.44
FFSU,TX,00310653004,BYDUREON 2,2020,2,true,,,
MCOU,TX,00310653004,BYDUREON 2,2020,2,false,10282.000,2384,1802370.21
MCOU,TX,00310654004,BYDUREON B,2020,2,false,3062.000,869,631458.27
FFSU,TX,00310654004,BYDUREON B,2020,2,true,,,
MCOU,TX,00310653004,BYDUREON 2,2020,1,false,9860.000,2333,1743743.21
FFSU,TX,00310653004,BYDUREON 2,2020,1,true,,,
MCOU,TX,00310654004,BYDUREON B,2020,1,false,2900.800,839,605726.92
FFSU,TX,00310654004,BYDUREON B,2020,1,true,,,
FFSU,UT,00310653004,Bydureon P,2020,4,false,184.000,46,32861.70
MCOU,UT,00310653004,Bydureon P,2020,4,false,404.000,101,100967.80
MCOU,UT,00310654004,BYDUREON B,2020,4,false,156.400,47,53497.32
FFSU,UT,00310654004,BYDUREON B,2020,4,false,89.000,26,18662.26
FFSU,UT,00310653004,Bydureon P,2020,3,false,192.000,48,34157.50
MCOU,UT,00310653004,Bydureon P,2020,3,false,468.000,117,110461.79
MCOU,UT,00310654004,BYDUREON B,2020,3,false,104.550,31,34055.51
FFSU,UT,00310654004,BYDUREON B,2020,3,false,59.600,17,12451.45
FFSU,UT,00310652004,Bydureon 2,2020,2,true,,,
MCOU,UT,00310653004,Bydureon P,2020,2,false,548.000,133,97872.78
FFSU,UT,00310653004,Bydureon P,2020,2,false,224.000,56,39248.89
FFSU,UT,00310654004,BYDUREON B,2020,2,false,48.200,14,9925.59
MCOU,UT,00310654004,BYDUREON B,2020,2,false,150.200,44,40161.02
FFSU,UT,00310652004,Bydureon 2,2020,1,true,,,
FFSU,UT,00310653004,Bydureon P,2020,1,false,232.000,58,40224.39
MCOU,UT,00310653004,Bydureon P,2020,1,false,444.000,111,79394.51
MCOU,UT,00310654004,BYDUREON B,2020,1,false,97.000,28,20438.38
FFSU,UT,00310654004,BYDUREON B,2020,1,true,,,
FFSU,VA,00310653004,BYDUREON P,2020,4,true,,,
MCOU,VA,00310653004,BYDUREON P,2020,4,false,9975.400,2157,1796141.37
MCOU,VA,00310654004,BYDUREON B,2020,4,false,812.600,201,172824.23
MCOU,VA,00310653004,BYDUREON P,2020,3,false,9304.000,2065,1681297.31
FFSU,VA,00310653004,BYDUREON P,2020,3,true,,,
MCOU,VA,00310654004,BYDUREON B,2020,3,false,1024.400,248,217624.98
MCOU,VA,00310652004,BYDUREON  ,2020,2,true,,,
FFSU,VA,00310653004,BYDUREON P,2020,2,false,48.000,12,8428.56
MCOU,VA,00310653004,BYDUREON P,2020,2,false,8595.000,1944,1526376.19
MCOU,VA,00310654004,BYDUREON B,2020,2,false,1060.800,281,222060.50
FFSU,VA,00310654004,BYDUREON B,2020,2,true,,,
MCOU,VA,00310652004,BYDUREON  ,2020,1,true,,,
FFSU,VA,00310653004,BYDUREON P,2020,1,true,,,
MCOU,VA,00310653004,BYDUREON P,2020,1,false,7676.000,1850,1359688.75
FFSU,VA,00310654004,BYDUREON B,2020,1,true,,,
MCOU,VA,00310654004,BYDUREON B,2020,1,false,921.400,257,190449.57
FFSU,VT,00310653004,Bydureon P,2020,4,false,540.000,107,96130.73
FFSU,VT,00310654004,BYDUREON B,2020,4,true,,,
FFSU,VT,00310653004,Bydureon P,2020,3,false,648.000,136,114752.57
FFSU,VT,00310654004,BYDUREON B,2020,3,true,,,
FFSU,VT,00310653004,Bydureon P,2020,2,false,652.000,142,113918.34
FFSU,VT,00310652004,Bydureon 2,2020,1,true,,,
FFSU,VT,00310653004,Bydureon P,2020,1,false,604.000,122,104461.65
MCOU,WA,00310653004,Bydureon P,2020,4,false,9230.400,2241,1623887.51
FFSU,WA,00310653004,Bydureon P,2020,4,false,223.800,57,39720.98
MCOU,WA,00310654004,BYDUREON B,2020,4,false,1189.150,332,246380.09
FFSU,WA,00310654004,BYDUREON B,2020,4,false,44.200,13,5827.44
MCOU,WA,00310653004,Bydureon P,2020,3,false,7514.400,1832,1323590.14
FFSU,WA,00310653004,Bydureon P,2020,3,false,173.200,44,30672.16
FFSU,WA,00310654004,BYDUREON B,2020,3,false,61.200,18,11900.80
MCOU,WA,00310654004,BYDUREON B,2020,3,false,1894.650,534,393819.89
FFSU,WA,00310653004,Bydureon P,2020,2,false,121.000,31,21038.04
MCOU,WA,00310653004,Bydureon P,2020,2,false,5114.200,1261,884991.60
MCOU,WA,00310654001,BYDUREON B,2020,2,true,,,
FFSU,WA,00310654004,BYDUREON B,2020,2,false,207.400,61,40270.80
MCOU,WA,00310654004,BYDUREON B,2020,2,false,4675.000,1355,951212.75
FFSU,WA,00310653004,Bydureon P,2020,1,false,100.000,25,17278.35
MCOU,WA,00310653004,Bydureon P,2020,1,false,4662.200,1165,803938.48
MCOU,WA,00310654001,BYDUREON B,2020,1,true,,,
MCOU,WA,00310654004,BYDUREON B,2020,1,false,4100.400,1207,832952.71
FFSU,WA,00310654004,BYDUREON B,2020,1,false,204.000,60,38743.08
FFSU,WI,00310653004,BYDUREON P,2020,4,false,5353.000,1121,965674.18
FFSU,WI,00310654004,BYDUREON B,2020,4,true,,,
FFSU,WI,00310653004,BYDUREON P,2020,3,false,5802.000,1281,1043818.79
FFSU,WI,00310654004,BYDUREON B,2020,3,true,,,
FFSU,WI,00310653004,BYDUREON P,2020,2,false,6059.000,1359,1046772.10
FFSU,WI,00310654004,BYDUREON B,2020,2,true,,,
FFSU,WI,00310652004,Bydureon 2,2020,1,true,,,
FFSU,WI,00310653004,Bydureon P,2020,1,false,5840.000,1437,1033360.39
FFSU,WI,00310654004,BYDUREON B,2020,1,true,,,
FFSU,WV,00310653004,BYDUREON 2,2020,4,false,400.000,92,71381.04
FFSU,WV,00310653004,BYDUREON 2,2020,3,false,772.000,179,136482.37
FFSU,WV,00310654004,BYDUREON B,2020,3,true,,,
FFSU,WV,00310653004,BYDUREON 2,2020,2,false,1051.000,257,183985.96
FFSU,WV,00310653004,BYDUREON 2,2020,1,false,1035.000,264,176956.06
FFSU,WV,00310654004,BYDUREON B,2020,1,true,,,
FFSU,WY,00310653004,Bydureon P,2020,4,false,240.000,56,42729.83
FFSU,WY,00310653004,Bydureon P,2020,3,false,248.000,60,44072.86
FFSU,WY,00310653004,Bydureon P,2020,2,false,212.000,53,37047.29
FFSU,WY,00310653004,Bydureon P,2020,1,false,180.000,41,31211.44
MCOU,CA,00024574502,ADLYXIN 10,2020,4,false,228.000,40,25461.01
MCOU,CA,00024574702,ADLYXIN 20,2020,4,false,771.000,128,83133.93
MCOU,CA,00024574502,ADLYXIN 10,2020,3,false,126.000,22,13830.94
MCOU,CA,00024574702,ADLYXIN 20,2020,3,false,552.000,89,58473.11
MCOU,CA,00024574502,ADLYXIN 10,2020,2,false,102.000,17,10957.42
MCOU,CA,00024574702,ADLYXIN 20,2020,2,false,564.000,94,59923.93
MCOU,CA,00024574502,ADLYXIN 10,2020,1,false,123.000,21,13083.77
MCOU,CA,00024574702,ADLYXIN 20,2020,1,false,516.000,86,54414.41
FFSU,IN,00024574702,ADLYXIN 20,2020,4,true,,,
FFSU,IN,00024574702,ADLYXIN 20,2020,3,true,,,
FFSU,IN,00024574702,ADLYXIN 20,2020,2,true,,,
FFSU,IN,00024574502,ADLYXIN 10,2020,1,true,,,
FFSU,IN,00024574702,ADLYXIN 20,2020,1,true,,,
MCOU,MD,00024574702,ADLYXIN 20,2020,4,true,,,
MCOU,MD,00024574702,ADLYXIN 20,2020,3,true,,,
MCOU,MD,00024574702,ADLYXIN 20,2020,2,true,,,
MCOU,MD,00024574702,ADLYXIN 20,2020,1,true,,,
MCOU,XX,00024574502,ADLYXIN 10,2020,4,false,282.000,49,31216.10
FFSU,XX,00024574702,ADLYXIN 20,2020,4,true,,,
MCOU,XX,00024574702,ADLYXIN 20,2020,4,false,1353.000,215,144537.77
MCOU,XX,00024574502,ADLYXIN 10,2020,3,false,177.000,31,19207.55
FFSU,XX,00024574702,ADLYXIN 20,2020,3,true,,,
MCOU,XX,00024574702,ADLYXIN 20,2020,3,false,1260.000,191,132337.08
MCOU,XX,00024574502,ADLYXIN 10,2020,2,false,144.000,24,15408.16
FFSU,XX,00024574702,ADLYXIN 20,2020,2,true,,,
MCOU,XX,00024574702,ADLYXIN 20,2020,2,false,1437.000,227,150733.90
FFSU,XX,00024574502,ADLYXIN 10,2020,1,true,,,
MCOU,XX,00024574502,ADLYXIN 10,2020,1,false,219.000,37,23279.79
FFSU,XX,00024574702,ADLYXIN 20,2020,1,true,,,
MCOU,XX,00024574702,ADLYXIN 20,2020,1,false,1473.000,231,154790.59
MCOU,NJ,00024574502,ADLYXIN 10,2020,4,true,,,
MCOU,NJ,00024574702,ADLYXIN 20,2020,4,false,102.000,15,10646.85
MCOU,NJ,00024574702,ADLYXIN 20,2020,3,false,147.000,20,15182.94
MCOU,NJ,00024574702,ADLYXIN 20,2020,2,false,144.000,22,14958.37
MCOU,NJ,00024574502,ADLYXIN 10,2020,1,true,,,
MCOU,NJ,00024574702,ADLYXIN 20,2020,1,false,144.000,20,14936.13
MCOU,NV,00024574502,ADLYXIN 10,2020,4,true,,,
MCOU,NV,00024574702,ADLYXIN 20,2020,4,false,102.000,17,11004.27
MCOU,NV,00024574502,ADLYXIN 10,2020,3,true,,,
MCOU,NV,00024574702,ADLYXIN 20,2020,3,false,102.000,17,11004.27
MCOU,NV,00024574502,ADLYXIN 10,2020,2,true,,,
MCOU,NV,00024574702,ADLYXIN 20,2020,2,false,144.000,24,15530.48
MCOU,NV,00024574502,ADLYXIN 10,2020,1,true,,,
MCOU,NV,00024574702,ADLYXIN 20,2020,1,false,162.000,27,17451.76
MCOU,NY,00024574502,ADLYXIN   ,2020,4,true,,,
MCOU,NY,00024574702,ADLYXIN   ,2020,4,false,126.000,19,13185.98
MCOU,NY,00024574702,ADLYXIN   ,2020,3,false,120.000,18,12353.92
MCOU,NY,00024574502,ADLYXIN   ,2020,2,true,,,
FFSU,NY,00024574702,ADLYXIN   ,2020,2,true,,,
MCOU,NY,00024574702,ADLYXIN   ,2020,2,false,228.000,31,24164.77
MCOU,NY,00024574502,ADLYXIN   ,2020,1,true,,,
MCOU,NY,00024574702,ADLYXIN   ,2020,1,false,186.000,29,19099.13
MCOU,OH,00024574702,ADLYXIN 20,2020,4,false,78.000,11,8349.93
MCOU,OH,00024574502,ADLYXIN 10,2020,3,true,,,
MCOU,OH,00024574702,ADLYXIN 20,2020,3,false,144.000,20,15408.83
MCOU,OH,00024574502,ADLYXIN 10,2020,2,true,,,
MCOU,OH,00024574702,ADLYXIN 20,2020,2,false,126.000,19,13448.40
MCOU,OH,00024574502,ADLYXIN 10,2020,1,true,,,
MCOU,OH,00024574702,ADLYXIN 20,2020,1,false,267.000,36,28565.63
MCOU,OR,00024574502,ADLYXIN 10,2020,4,true,,,
MCOU,OR,00024574702,ADLYXIN 20,2020,4,false,102.000,17,10617.76
MCOU,OR,00024574502,ADLYXIN 10,2020,3,true,,,
MCOU,OR,00024574702,ADLYXIN 20,2020,3,false,93.000,16,9696.81
MCOU,OR,00024574502,ADLYXIN 10,2020,2,true,,,
MCOU,OR,00024574702,ADLYXIN 20,2020,2,false,96.000,16,10040.86
MCOU,OR,00024574502,ADLYXIN 10,2020,1,true,,,
MCOU,OR,00024574702,ADLYXIN 20,2020,1,false,78.000,13,8145.64
MCOU,PA,00024574702,ADLYXIN 20,2020,4,true,,,
MCOU,PA,00024574702,ADLYXIN 20,2020,3,true,,,
MCOU,PA,00024574702,ADLYXIN 20,2020,2,true,,,
MCOU,PA,00024574702,ADLYXIN 20,2020,1,true,,,
MCOU,RI,00024574702,ADLYXIN 20,2020,4,true,,,
MCOU,RI,00024574502,ADLYXIN 10,2020,3,true,,,
MCOU,RI,00024574702,ADLYXIN 20,2020,3,true,,,
MCOU,RI,00024574702,ADLYXIN 20,2020,2,true,,,
MCOU,RI,00024574702,ADLYXIN 20,2020,1,false,78.000,13,8249.87
FFSU,TN,00024574702,ADLYXIN 20,2020,3,true,,,
FFSU,TN,00024574702,ADLYXIN 20,2020,2,true,,,
FFSU,TN,00024574702,ADLYXIN 20,2020,1,true,,,
MCOU,VA,00024574702,ADLYXIN   ,2020,4,true,,,
FFSU,WI,00024574702,ADLYXIN 20,2020,4,true,,,
FFSU,WI,00024574702,ADLYXIN 20,2020,3,true,,,
FFSU,WI,00024574702,ADLYXIN 20,2020,2,true,,,
FFSU,WI,00024574702,ADLYXIN 20,2020,1,true,,,
MCOU,MD,00173086601,TANZEUM 30,2020,1,true,,,
FFSU,XX,00173086635,TANZEUM (A,2020,2,true,,,
FFSU,XX,00173086735,TANZEUM (A,2020,2,true,,,
MCOU,XX,00173086735,TANZEUM (A,2020,2,true,,,
MCOU,XX,00173086601,TANZEUM (A,2020,1,true,,,
MCOU,XX,00173086635,TANZEUM (A,2020,1,true,,,
MCOU,XX,00173086735,TANZEUM (A,2020,1,true,,,
FFSU,NC,00173086635,TANZEUM   ,2020,2,true,,,
FFSU,NC,00173086735,TANZEUM   ,2020,2,true,,,
MCOU,NY,00173086735,TANZEUM   ,2020,2,true,,,
MCOU,NY,00173086635,TANZEUM   ,2020,1,true,,,
MCOU,NY,00173086735,TANZEUM   ,2020,1,true,,,
